ticker,date,window_start,window_end,n_days,mu,sigma
AAPL,2018-01-02,2017-07-03,2018-01-02,127,0.37018290720647634,0.1815178355504941
AAPL,2018-01-03,2017-07-05,2018-01-03,127,0.3770134846567038,0.18138966255593866
AAPL,2018-01-04,2017-07-05,2018-01-04,128,0.3831917962970105,0.1807277673215315
AAPL,2018-01-05,2017-07-06,2018-01-05,128,0.3974026882835608,0.1812155296138951
AAPL,2018-01-08,2017-07-10,2018-01-08,127,0.3919094862402773,0.1810123709699381
AAPL,2018-01-09,2017-07-10,2018-01-09,128,0.3886219872526565,0.18031353845646472
AAPL,2018-01-10,2017-07-11,2018-01-10,128,0.3761905101057677,0.18021552071562316
AAPL,2018-01-11,2017-07-12,2018-01-11,128,0.38097309180573374,0.1802943325508601
AAPL,2018-01-12,2017-07-13,2018-01-12,128,0.39835934902047854,0.18071289247751143
AAPL,2018-01-16,2017-07-17,2018-01-16,127,0.34695788467389616,0.18054734327786556
AAPL,2018-01-17,2017-07-18,2018-01-17,127,0.3725517638023369,0.18175843865517338
AAPL,2018-01-18,2017-07-19,2018-01-18,127,0.36743746333158545,0.18173819818970366
AAPL,2018-01-19,2017-07-20,2018-01-19,127,0.34617218053750914,0.18180073109150235
AAPL,2018-01-22,2017-07-24,2018-01-22,126,0.3424478553816499,0.18282375984970162
AAPL,2018-01-23,2017-07-24,2018-01-23,127,0.34020001645754583,0.1821038153940924
AAPL,2018-01-24,2017-07-25,2018-01-24,127,0.2844511123711646,0.1831034566123582
AAPL,2018-01-25,2017-07-26,2018-01-25,127,0.24024743755639974,0.1850192933436987
AAPL,2018-01-26,2017-07-27,2018-01-26,127,0.2355487485746455,0.18495337873391607
AAPL,2018-01-29,2017-07-31,2018-01-29,126,0.24787448157029335,0.18576014681093805
AAPL,2018-01-30,2017-07-31,2018-01-30,127,0.23419257509229263,0.1852763031638534
AAPL,2018-01-31,2017-08-01,2018-01-31,127,0.24989764562698807,0.1850910757534024
AAPL,2018-02-01,2017-08-02,2018-02-01,127,0.23650875564958784,0.18476290683397895
AAPL,2018-02-02,2017-08-03,2018-02-02,127,0.05687764163952391,0.18444672291552275
AAPL,2018-02-05,2017-08-07,2018-02-05,126,0.016294833541250497,0.18797956751424244
AAPL,2018-02-06,2017-08-07,2018-02-06,127,0.09740480596209089,0.19588616875124426
AAPL,2018-02-07,2017-08-08,2018-02-07,127,0.02399742778034333,0.1971597630411133
AAPL,2018-02-08,2017-08-09,2018-02-08,127,-0.04717237656208326,0.20073757602779072
AAPL,2018-02-09,2017-08-10,2018-02-09,127,-0.035159814851094505,0.20129736255682204
AAPL,2018-02-12,2017-08-14,2018-02-12,126,0.0806574262840547,0.2036433330464353
AAPL,2018-02-13,2017-08-14,2018-02-13,127,0.09980080247094825,0.2032883763507347
AAPL,2018-02-14,2017-08-15,2018-02-14,127,0.1064120363203407,0.20381852157677302
AAPL,2018-02-15,2017-08-16,2018-02-15,127,0.15034026689116395,0.2084258114798924
AAPL,2018-02-16,2017-08-17,2018-02-16,127,0.151904018934279,0.20839377370006595
AAPL,2018-02-20,2017-08-21,2018-02-20,126,0.18970743199836537,0.20731442507420134
AAPL,2018-02-21,2017-08-22,2018-02-21,126,0.1842951353823672,0.20741803387416796
AAPL,2018-02-22,2017-08-23,2018-02-22,126,0.16851365910849392,0.2065287995662037
AAPL,2018-02-23,2017-08-24,2018-02-23,126,0.20049516964556613,0.20785354823278968
AAPL,2018-02-26,2017-08-28,2018-02-26,125,0.24308356003189668,0.21021012583171006
AAPL,2018-02-27,2017-08-28,2018-02-27,126,0.2346626755744463,0.20945225296875847
AAPL,2018-02-28,2017-08-29,2018-02-28,126,0.21159086890653533,0.20907798947461062
AAPL,2018-03-01,2017-09-05,2018-03-01,123,0.14806936419065542,0.2128819604404598
AAPL,2018-03-02,2017-09-05,2018-03-02,124,0.16087878065759226,0.2122051424279261
AAPL,2018-03-05,2017-09-06,2018-03-05,124,0.19245274571450685,0.21145174108872067
AAPL,2018-03-06,2017-09-07,2018-03-06,124,0.19286183732773174,0.21144839867935558
AAPL,2018-03-07,2017-09-08,2018-03-07,124,0.18208336981718462,0.21182926917491215
AAPL,2018-03-08,2017-09-11,2018-03-08,124,0.2375576028477264,0.2108693063237264
AAPL,2018-03-09,2017-09-11,2018-03-09,125,0.27000010612962366,0.21125659759624127
AAPL,2018-03-12,2017-09-13,2018-03-12,124,0.26335985259802125,0.21096768238411612
AAPL,2018-03-13,2017-09-14,2018-03-13,124,0.2590391006902709,0.21116683850291484
AAPL,2018-03-14,2017-09-15,2018-03-14,124,0.2592018988246273,0.21115937226342835
AAPL,2018-03-15,2017-09-18,2018-03-15,124,0.24115309173743735,0.21076051259798945
AAPL,2018-03-16,2017-09-18,2018-03-16,125,0.23210188291316594,0.2100057261338343
AAPL,2018-03-19,2017-09-20,2018-03-19,124,0.21735307846013896,0.21179330695371662
AAPL,2018-03-20,2017-09-21,2018-03-20,124,0.251002288387698,0.21025806098789462
AAPL,2018-03-21,2017-09-22,2018-03-21,124,0.239632837360324,0.21140470424294458
AAPL,2018-03-22,2017-09-25,2018-03-22,124,0.23068491351334036,0.21195706932995695
AAPL,2018-03-23,2017-09-25,2018-03-23,125,0.1816065085437581,0.2139118534129367
AAPL,2018-03-26,2017-09-27,2018-03-26,124,0.2606697189311738,0.2228037623751597
AAPL,2018-03-27,2017-09-28,2018-03-27,124,0.19346737005228629,0.22592674068460353
AAPL,2018-03-28,2017-09-29,2018-03-28,124,0.18344440688910577,0.22634642267844474
AAPL,2018-03-29,2017-10-02,2018-03-29,124,0.18814462592281472,0.22646957507062393
AAPL,2018-04-02,2017-10-03,2018-04-02,124,0.17886865274548983,0.22667692821850766
AAPL,2018-04-03,2017-10-04,2018-04-03,124,0.1907786416795738,0.22702326019481456
AAPL,2018-04-04,2017-10-05,2018-04-04,124,0.24247174222178305,0.2282512613976388
AAPL,2018-04-05,2017-10-06,2018-04-05,124,0.23138122732424637,0.22782474806230016
AAPL,2018-04-06,2017-10-09,2018-04-06,124,0.17989921988688112,0.23100591674248505
AAPL,2018-04-09,2017-10-10,2018-04-09,124,0.19290208872944756,0.23134219755579694
AAPL,2018-04-10,2017-10-11,2018-04-10,124,0.23000703069634046,0.23274067863042217
AAPL,2018-04-11,2017-10-12,2018-04-11,124,0.21202787248582505,0.23282942195398376
AAPL,2018-04-12,2017-10-13,2018-04-12,124,0.23911738040861108,0.23309321350310658
AAPL,2018-04-13,2017-10-16,2018-04-13,124,0.2331355470176777,0.2329918551886303
AAPL,2018-04-16,2017-10-17,2018-04-16,124,0.20870226246260729,0.23178842555990814
AAPL,2018-04-17,2017-10-18,2018-04-17,124,0.22899749255918037,0.2324766594676075
AAPL,2018-04-18,2017-10-19,2018-04-18,124,0.23344325601778115,0.23239455096566056
AAPL,2018-04-19,2017-10-20,2018-04-19,124,0.22367936106323258,0.23354606238060024
AAPL,2018-04-20,2017-10-23,2018-04-20,124,0.1351451789902061,0.24135132782753507
AAPL,2018-04-23,2017-10-24,2018-04-23,124,0.1302906411675039,0.24139660512646993
AAPL,2018-04-24,2017-10-25,2018-04-24,124,0.0897379404429748,0.24215352085975428
AAPL,2018-04-25,2017-10-26,2018-04-25,124,0.10751884020388736,0.24212253958733204
AAPL,2018-04-26,2017-10-27,2018-04-26,124,0.10163427460634078,0.24201200420079597
AAPL,2018-04-27,2017-10-30,2018-04-27,124,0.006441960224793353,0.23738045155824022
AAPL,2018-04-30,2017-10-31,2018-04-30,124,-0.0023137360214321406,0.2366319966011637
AAPL,2018-05-01,2017-11-02,2018-05-01,123,0.042640474112729324,0.2383346229234377
AAPL,2018-05-02,2017-11-03,2018-05-02,123,0.11628132933298747,0.2459811149334555
AAPL,2018-05-03,2017-11-06,2018-05-03,123,0.06717507128893607,0.24326290959932736
AAPL,2018-05-04,2017-11-06,2018-05-04,124,0.14484155779278812,0.24832216680719713
AAPL,2018-05-07,2017-11-08,2018-05-07,123,0.13353557440144287,0.2491149479819384
AAPL,2018-05-08,2017-11-09,2018-05-08,123,0.12666803524250592,0.2489493848966241
AAPL,2018-05-09,2017-11-10,2018-05-09,123,0.14523326359016636,0.24909566998469007
AAPL,2018-05-10,2017-11-13,2018-05-10,123,0.18112270553666443,0.2497913989959773
AAPL,2018-05-11,2017-11-13,2018-05-11,124,0.17191772374558673,0.24885769813291087
AAPL,2018-05-14,2017-11-15,2018-05-14,123,0.2079665828302112,0.24876213089366764
AAPL,2018-05-15,2017-11-16,2018-05-15,123,0.21646404623618418,0.2483469333247711
AAPL,2018-05-16,2017-11-17,2018-05-16,123,0.21116408926527516,0.24813740241577614
AAPL,2018-05-17,2017-11-20,2018-05-17,123,0.20957433573665038,0.248181261598589
AAPL,2018-05-18,2017-11-20,2018-05-18,124,0.20048095423321205,0.2472526307386035
AAPL,2018-05-21,2017-11-22,2018-05-21,123,0.1808847800142699,0.2471158063351003
AAPL,2018-05-22,2017-11-24,2018-05-22,123,0.15432223476402016,0.2467568982155441
AAPL,2018-05-23,2017-11-24,2018-05-23,124,0.16606623573823556,0.24588981420609218
AAPL,2018-05-24,2017-11-27,2018-05-24,124,0.1636830320732539,0.2459013781287607
AAPL,2018-05-25,2017-11-27,2018-05-25,125,0.1669754292308911,0.2449188103420899
AAPL,2018-05-29,2017-11-30,2018-05-29,123,0.22760398981684538,0.24468399312486455
AAPL,2018-05-30,2017-12-01,2018-05-30,123,0.19478649701139625,0.24400154157538212
AAPL,2018-05-31,2017-12-01,2018-05-31,124,0.1863751046333894,0.24307926257808174
AAPL,2018-06-01,2017-12-04,2018-06-01,124,0.2321810378869072,0.24417357567005088
AAPL,2018-06-04,2017-12-05,2018-06-04,124,0.2640024622515328,0.24410914708639914
AAPL,2018-06-05,2017-12-06,2018-06-05,124,0.28153710247383257,0.2442748500482562
AAPL,2018-06-06,2017-12-07,2018-06-06,124,0.29612991718255643,0.2441979505830256
AAPL,2018-06-07,2017-12-08,2018-06-07,124,0.2869497503312043,0.2442579209771375
AAPL,2018-06-08,2017-12-11,2018-06-08,124,0.26777762819814116,0.24469454665928855
AAPL,2018-06-11,2017-12-12,2018-06-11,124,0.22357327002681943,0.24333467198340322
AAPL,2018-06-12,2017-12-13,2018-06-12,124,0.2461497263449158,0.24324010484366126
AAPL,2018-06-13,2017-12-14,2018-06-13,124,0.2226457082839606,0.243570947625234
AAPL,2018-06-14,2017-12-15,2018-06-14,124,0.22430187489447248,0.24356567118124203
AAPL,2018-06-15,2017-12-18,2018-06-15,124,0.18277030175909992,0.24372303870528914
AAPL,2018-06-18,2017-12-19,2018-06-18,124,0.15327446404367912,0.24298245496845736
AAPL,2018-06-19,2017-12-20,2018-06-19,124,0.14193704758624864,0.2436442568733615
AAPL,2018-06-20,2017-12-21,2018-06-20,124,0.15299644255669032,0.24369214051517465
AAPL,2018-06-21,2017-12-22,2018-06-21,124,0.13395360175712898,0.2438084116213434
AAPL,2018-06-22,2017-12-26,2018-06-22,124,0.12802817948606152,0.2438568615166774
AAPL,2018-06-25,2017-12-26,2018-06-25,125,0.09679809562688298,0.2438655198861092
AAPL,2018-06-26,2017-12-27,2018-06-26,125,0.1734599392314144,0.2415666229448947
AAPL,2018-06-27,2017-12-28,2018-06-27,125,0.17015215852082805,0.2415849292838598
AAPL,2018-06-28,2017-12-29,2018-06-28,125,0.17910371909632272,0.24174687025574895
AAPL,2018-06-29,2018-01-02,2018-06-29,125,0.19678025165722038,0.24121304785286507
AAPL,2018-07-02,2018-01-03,2018-07-02,125,0.18342214762300035,0.24044820367367523
AAPL,2018-07-03,2018-01-04,2018-07-03,125,0.14835276431925415,0.24184536544601787
AAPL,2018-07-05,2018-01-08,2018-07-05,124,0.13341211961379595,0.24250212563827706
AAPL,2018-07-06,2018-01-08,2018-07-06,125,0.1600987564469366,0.24225253531927282
AAPL,2018-07-09,2018-01-10,2018-07-09,124,0.1972096699345971,0.243869620830103
AAPL,2018-07-10,2018-01-11,2018-07-10,124,0.19522175776890688,0.24388192440137965
AAPL,2018-07-11,2018-01-12,2018-07-11,124,0.15716728299190927,0.24457272000978256
AAPL,2018-07-12,2018-01-16,2018-07-12,124,0.17007898959052162,0.24525305799608932
AAPL,2018-07-13,2018-01-16,2018-07-13,125,0.17188250260170526,0.2442654351199124
AAPL,2018-07-16,2018-01-17,2018-07-16,125,0.17772471409562754,0.24416077224462346
AAPL,2018-07-17,2018-01-18,2018-07-17,125,0.1503937207703374,0.2431485293896554
AAPL,2018-07-18,2018-01-19,2018-07-18,125,0.13750618531572947,0.2433020609141861
AAPL,2018-07-19,2018-01-22,2018-07-19,125,0.16213320328215963,0.2434082006212799
AAPL,2018-07-20,2018-01-22,2018-07-20,126,0.15625517507152598,0.24246823981807236
AAPL,2018-07-23,2018-01-24,2018-07-23,125,0.17539966708185528,0.24311460220075615
AAPL,2018-07-24,2018-01-25,2018-07-24,125,0.22234228852601026,0.24209962244767833
AAPL,2018-07-25,2018-01-26,2018-07-25,125,0.2775771659361113,0.24087645203330088
AAPL,2018-07-26,2018-01-29,2018-07-26,125,0.266547579436078,0.24094477885936383
AAPL,2018-07-27,2018-01-29,2018-07-27,126,0.2308894123334868,0.24130002861265726
AAPL,2018-07-30,2018-01-31,2018-07-30,125,0.275493332158467,0.24023055826323447
AAPL,2018-07-31,2018-02-01,2018-07-31,125,0.27397674916238635,0.24022238243318794
AAPL,2018-08-01,2018-02-02,2018-08-01,125,0.385163730696716,0.25310751431180767
AAPL,2018-08-02,2018-02-05,2018-08-02,125,0.5326771849912759,0.2474060701290062
AAPL,2018-08-03,2018-02-05,2018-08-03,126,0.5342276187232926,0.24641689745381504
AAPL,2018-08-06,2018-02-07,2018-08-06,125,0.5174118176692937,0.2379871863336182
AAPL,2018-08-07,2018-02-08,2018-08-07,125,0.5420481610974964,0.23614011611369892
AAPL,2018-08-08,2018-02-09,2018-08-08,125,0.5996612832513915,0.23220198111936421
AAPL,2018-08-09,2018-02-12,2018-08-09,125,0.5909458784275567,0.231912980149753
AAPL,2018-08-10,2018-02-12,2018-08-10,126,0.5802895975104994,0.23110633803627245
AAPL,2018-08-13,2018-02-14,2018-08-13,125,0.49820229117398,0.22565233925640654
AAPL,2018-08-14,2018-02-15,2018-08-14,125,0.46984726671444865,0.22446916940617856
AAPL,2018-08-15,2018-02-16,2018-08-15,125,0.40796918361460716,0.2199954778484326
AAPL,2018-08-16,2018-02-20,2018-08-16,125,0.4438263723549217,0.2206452620041706
AAPL,2018-08-17,2018-02-20,2018-08-17,126,0.4798502005951555,0.2212322650344449
AAPL,2018-08-20,2018-02-21,2018-08-20,126,0.46700591906016165,0.22172674699433476
AAPL,2018-08-21,2018-02-22,2018-08-21,126,0.4722012791992034,0.22160593160217962
AAPL,2018-08-22,2018-02-23,2018-08-22,126,0.45564582569346346,0.22142930765555585
AAPL,2018-08-23,2018-02-26,2018-08-23,126,0.4252499527624849,0.22033417480584636
AAPL,2018-08-24,2018-02-26,2018-08-24,127,0.4280614895153729,0.21946716723642906
AAPL,2018-08-27,2018-02-28,2018-08-27,126,0.4151941747152872,0.21895641635825192
AAPL,2018-08-28,2018-03-01,2018-08-28,126,0.43431048214505186,0.21909530690820295
AAPL,2018-08-29,2018-03-01,2018-08-29,127,0.4602950279878111,0.21900241308717144
AAPL,2018-08-30,2018-03-01,2018-08-30,128,0.47471664301132044,0.21838050529953432
AAPL,2018-08-31,2018-03-01,2018-08-31,129,0.49347785186310644,0.2179395521002805
AAPL,2018-09-04,2018-03-05,2018-09-04,128,0.5248618948876856,0.21692834512841289
AAPL,2018-09-05,2018-03-06,2018-09-05,128,0.5051709240213396,0.21725645319836911
AAPL,2018-09-06,2018-03-07,2018-09-06,128,0.47385103013813235,0.2188121306631922
AAPL,2018-09-07,2018-03-08,2018-09-07,128,0.4762633227100468,0.21869433454616047
AAPL,2018-09-10,2018-03-12,2018-09-10,127,0.3978653862537657,0.21917386915958142
AAPL,2018-09-11,2018-03-12,2018-09-11,128,0.4439137190227446,0.22076229933378497
AAPL,2018-09-12,2018-03-13,2018-09-12,128,0.4003692431904402,0.22138027805710667
AAPL,2018-09-13,2018-03-14,2018-09-13,128,0.4664103808051452,0.22299072075252388
AAPL,2018-09-14,2018-03-15,2018-09-14,128,0.46074393978222716,0.22329315367610258
AAPL,2018-09-17,2018-03-19,2018-09-17,127,0.4154986341092012,0.22770515732245578
AAPL,2018-09-18,2018-03-19,2018-09-18,128,0.41550246677657543,0.2268069086409814
AAPL,2018-09-19,2018-03-20,2018-09-19,128,0.44698858470562397,0.2255283536391709
AAPL,2018-09-20,2018-03-21,2018-09-20,128,0.4625718605690958,0.22565441134697434
AAPL,2018-09-21,2018-03-22,2018-09-21,128,0.4863656935976817,0.22365234066595902
AAPL,2018-09-24,2018-03-26,2018-09-24,127,0.5932512546796106,0.22106134929070187
AAPL,2018-09-25,2018-03-26,2018-09-25,128,0.601060793601596,0.22025964290025427
AAPL,2018-09-26,2018-03-27,2018-09-26,128,0.49400531767685263,0.21175901924684565
AAPL,2018-09-27,2018-03-28,2018-09-27,128,0.5851950958301116,0.20959642272609574
AAPL,2018-09-28,2018-03-29,2018-09-28,128,0.6139708457017481,0.2087392891631108
AAPL,2018-10-01,2018-04-02,2018-10-01,128,0.6118694200413313,0.20869045714953038
AAPL,2018-10-02,2018-04-03,2018-10-02,128,0.6422422587543202,0.2084919714320875
AAPL,2018-10-03,2018-04-04,2018-10-03,128,0.6459589013122025,0.20864633820464987
AAPL,2018-10-04,2018-04-05,2018-10-04,128,0.573746837978221,0.20927946928753743
AAPL,2018-10-05,2018-04-06,2018-10-05,128,0.5279288227124157,0.2107990336635287
AAPL,2018-10-08,2018-04-09,2018-10-08,128,0.5743736338114058,0.20714701664540347
AAPL,2018-10-09,2018-04-10,2018-10-09,128,0.5820301981954393,0.20750133614265268
AAPL,2018-10-10,2018-04-11,2018-10-10,128,0.4519419730365167,0.21764540513809374
AAPL,2018-10-11,2018-04-12,2018-10-11,128,0.44371058216514075,0.21797121218787424
AAPL,2018-10-12,2018-04-13,2018-10-12,128,0.4934921470588957,0.22266109201737702
AAPL,2018-10-15,2018-04-16,2018-10-15,128,0.44427326050094906,0.22509368829062926
AAPL,2018-10-16,2018-04-17,2018-10-16,128,0.47494400957595295,0.22676083539206232
AAPL,2018-10-17,2018-04-18,2018-10-17,128,0.4395045521138955,0.2263106427939271
AAPL,2018-10-18,2018-04-19,2018-10-18,128,0.3973655674743507,0.2290359008344805
AAPL,2018-10-19,2018-04-20,2018-10-19,128,0.4837233975186503,0.22575749995828073
AAPL,2018-10-22,2018-04-23,2018-10-22,128,0.5780788692903661,0.2171786754269668
AAPL,2018-10-23,2018-04-24,2018-10-23,128,0.6022619481309809,0.21727954315223114
AAPL,2018-10-24,2018-04-25,2018-10-24,128,0.5611412539076364,0.22232685549513295
AAPL,2018-10-25,2018-04-26,2018-10-25,128,0.5952284098884866,0.22397576221912427
AAPL,2018-10-26,2018-04-27,2018-10-26,128,0.5567799200523678,0.22545412949958177
AAPL,2018-10-29,2018-04-30,2018-10-29,128,0.5423865526345537,0.22657568948809473
AAPL,2018-10-30,2018-05-01,2018-10-30,128,0.5168551645069603,0.22550963766941584
AAPL,2018-10-31,2018-05-01,2018-10-31,129,0.5631166590411115,0.22705249563148985
AAPL,2018-11-01,2018-05-02,2018-11-01,129,0.5480063090908628,0.2259162780492044
AAPL,2018-11-02,2018-05-03,2018-11-02,129,0.3294892159001625,0.23958281267171144
AAPL,2018-11-05,2018-05-07,2018-11-05,128,0.1960367788551151,0.23840379537229028
AAPL,2018-11-06,2018-05-07,2018-11-06,129,0.21552867349604005,0.2378798552035858
AAPL,2018-11-07,2018-05-08,2018-11-07,129,0.25981165478099993,0.24115924302384328
AAPL,2018-11-08,2018-05-09,2018-11-08,129,0.2436161619368601,0.24118286243114795
AAPL,2018-11-09,2018-05-10,2018-11-09,129,0.1918756573665355,0.24271105181820818
AAPL,2018-11-12,2018-05-14,2018-11-12,128,0.07115662218677468,0.2537176644868946
AAPL,2018-11-13,2018-05-14,2018-11-13,129,0.05098887265961854,0.25313623426916704
AAPL,2018-11-14,2018-05-15,2018-11-14,129,-0.0004238072213293562,0.2563085048354332
AAPL,2018-11-15,2018-05-16,2018-11-15,129,0.06503591721544319,0.25823076836506786
AAPL,2018-11-16,2018-05-17,2018-11-16,129,0.06840647844925796,0.2583607979034169
AAPL,2018-11-19,2018-05-21,2018-11-19,128,0.00898853173183127,0.26539231612912123
AAPL,2018-11-20,2018-05-21,2018-11-20,129,-0.08671831490999711,0.2730783193563873
AAPL,2018-11-21,2018-05-22,2018-11-21,129,-0.10271834751195641,0.27288099275420347
AAPL,2018-11-23,2018-05-24,2018-11-23,128,-0.16181554797621558,0.2760578853223041
AAPL,2018-11-26,2018-05-29,2018-11-26,127,-0.13875068981820013,0.2778296645322433
AAPL,2018-11-27,2018-05-29,2018-11-27,128,-0.14195577347645036,0.27674311258293777
AAPL,2018-11-28,2018-05-29,2018-11-28,129,-0.06714676829672589,0.2808081794761115
AAPL,2018-11-29,2018-05-30,2018-11-29,129,-0.07515463916942502,0.2809627479435686
AAPL,2018-11-30,2018-05-31,2018-11-30,129,-0.0815736749806607,0.28104247398936705
AAPL,2018-12-03,2018-06-04,2018-12-03,128,-0.04315466533098332,0.28514991015189084
AAPL,2018-12-04,2018-06-05,2018-12-04,128,-0.14810664402088522,0.29173323826902875
AAPL,2018-12-06,2018-06-07,2018-12-06,127,-0.1936358537597558,0.29297023247667187
AAPL,2018-12-07,2018-06-08,2018-12-07,127,-0.26035434595328943,0.29720797330013343
AAPL,2018-12-10,2018-06-11,2018-12-10,127,-0.22919073692142936,0.29717467538477754
AAPL,2018-12-11,2018-06-12,2018-12-11,127,-0.23570110848931908,0.29724472502739463
AAPL,2018-12-12,2018-06-13,2018-12-12,127,-0.24104331095277973,0.2971527690916215
AAPL,2018-12-13,2018-06-14,2018-12-13,127,-0.20308114218292925,0.2974353979329683
AAPL,2018-12-14,2018-06-15,2018-12-14,127,-0.2686510873860924,0.3007635801847806
AAPL,2018-12-17,2018-06-18,2018-12-17,127,-0.26671366302515775,0.30070659570592917
AAPL,2018-12-18,2018-06-19,2018-12-18,127,-0.24004890395485684,0.301349003789813
AAPL,2018-12-19,2018-06-20,2018-12-19,127,-0.2705996537177475,0.3036878419717076
AAPL,2018-12-20,2018-06-21,2018-12-20,127,-0.3299510108079468,0.30553613332379015
AAPL,2018-12-21,2018-06-22,2018-12-21,127,-0.39757462567998164,0.310226979716054
AAPL,2018-12-24,2018-06-25,2018-12-24,127,-0.4438055869245347,0.31215798522645766
AAPL,2018-12-26,2018-06-27,2018-12-26,126,-0.30591541575425474,0.32744353856935393
AAPL,2018-12-27,2018-06-28,2018-12-27,126,-0.3160072295575578,0.3275290802500619
AAPL,2018-12-28,2018-06-29,2018-12-28,126,-0.32948271593811107,0.3273149352086191
AAPL,2018-12-31,2018-07-02,2018-12-31,126,-0.306036526055407,0.3276770685518512
AAPL,2019-01-02,2018-07-03,2019-01-02,126,-0.3259959213353225,0.3272233564334995
AAPL,2019-01-03,2018-07-05,2019-01-03,126,-0.5007051041323978,0.3578679863594386
AAPL,2019-01-04,2018-07-05,2019-01-04,127,-0.4138143724835282,0.3617430455861309
AAPL,2019-01-07,2018-07-09,2019-01-07,126,-0.4651180253563032,0.36225458895400864
AAPL,2019-01-08,2018-07-09,2019-01-08,127,-0.4239862275879769,0.36199380943027126
AAPL,2019-01-09,2018-07-10,2019-01-09,127,-0.4179351221254852,0.36227987289880825
AAPL,2019-01-10,2018-07-11,2019-01-10,127,-0.40920695531140094,0.3623438018646859
AAPL,2019-01-11,2018-07-12,2019-01-11,127,-0.40286796890304233,0.36217002869739007
AAPL,2019-01-14,2018-07-16,2019-01-14,126,-0.4727604080231744,0.36314917981242895
AAPL,2019-01-15,2018-07-16,2019-01-15,127,-0.42883698007169885,0.36304678890284486
AAPL,2019-01-16,2018-07-17,2019-01-16,127,-0.4003829127071509,0.36356920572136153
AAPL,2019-01-17,2018-07-18,2019-01-17,127,-0.39424032952865884,0.3636704970334944
AAPL,2019-01-18,2018-07-19,2019-01-18,127,-0.37114432701686795,0.3637881934506092
AAPL,2019-01-22,2018-07-23,2019-01-22,126,-0.43038697256333425,0.36622735376949284
AAPL,2019-01-23,2018-07-24,2019-01-23,126,-0.42409045618660013,0.36629939269340217
AAPL,2019-01-24,2018-07-25,2019-01-24,126,-0.4544617518675462,0.36618417138492765
AAPL,2019-01-25,2018-07-26,2019-01-25,126,-0.40803527707779175,0.3690743102895093
AAPL,2019-01-28,2018-07-30,2019-01-28,125,-0.38990898799302326,0.3700832284186074
AAPL,2019-01-29,2018-07-30,2019-01-29,126,-0.40765212071300905,0.3688133844757328
AAPL,2019-01-30,2018-07-31,2019-01-30,126,-0.26421363397755915,0.3809904442051405
AAPL,2019-01-31,2018-08-01,2019-01-31,126,-0.25386020448338087,0.3811442231588001
AAPL,2019-02-01,2018-08-02,2019-02-01,126,-0.36738015953572045,0.37199987579692917
AAPL,2019-02-04,2018-08-06,2019-02-04,125,-0.3777613087847604,0.37331441342117805
AAPL,2019-02-05,2018-08-06,2019-02-05,126,-0.3408341177050094,0.37273388734910384
AAPL,2019-02-06,2018-08-07,2019-02-06,126,-0.35050279333964607,0.3726257907089391
AAPL,2019-02-07,2018-08-08,2019-02-07,126,-0.36990723395632674,0.3732992092311744
AAPL,2019-02-08,2018-08-09,2019-02-08,126,-0.3689099625987442,0.37330564737102634
AAPL,2019-02-11,2018-08-13,2019-02-11,125,-0.39326766986161205,0.3746142361079557
AAPL,2019-02-12,2018-08-13,2019-02-12,126,-0.3729865154830998,0.3733882723105423
AAPL,2019-02-13,2018-08-14,2019-02-13,126,-0.3941854276083925,0.3732360935752074
AAPL,2019-02-14,2018-08-15,2019-02-14,126,-0.395320275500751,0.37321927620738893
AAPL,2019-02-15,2018-08-16,2019-02-15,126,-0.40444239887329303,0.3731788744371935
AAPL,2019-02-19,2018-08-20,2019-02-19,125,-0.4708361631086511,0.37276271384482385
AAPL,2019-02-20,2018-08-21,2019-02-20,125,-0.43816488038705637,0.37277289970167693
AAPL,2019-02-21,2018-08-22,2019-02-21,125,-0.4456302622645346,0.3728142719546613
AAPL,2019-02-22,2018-08-23,2019-02-22,125,-0.42333896350027234,0.37325397646351244
AAPL,2019-02-25,2018-08-27,2019-02-25,124,-0.42246583261456283,0.3748860573407214
AAPL,2019-02-26,2018-08-27,2019-02-26,125,-0.4179282639661369,0.3733850365675801
AAPL,2019-02-27,2018-08-28,2019-02-27,125,-0.4282278464646456,0.3731812835685705
AAPL,2019-02-28,2018-08-29,2019-02-28,125,-0.4643698667121387,0.3730982357031523
AAPL,2019-03-01,2018-09-04,2019-03-01,123,-0.5231442428508368,0.3749570251180778
AAPL,2019-03-04,2018-09-05,2019-03-04,123,-0.5194258659303674,0.37501878742254235
AAPL,2019-03-05,2018-09-06,2019-03-05,123,-0.5097460792373777,0.37496304321981133
AAPL,2019-03-06,2018-09-07,2019-03-06,123,-0.4872371068178402,0.3744006372656991
AAPL,2019-03-07,2018-09-10,2019-03-07,123,-0.4944920874343777,0.37455540228414075
AAPL,2019-03-08,2018-09-10,2019-03-08,124,-0.4856799602779537,0.37308092492937317
AAPL,2019-03-11,2018-09-12,2019-03-11,123,-0.4433279931729981,0.3758007470899744
AAPL,2019-03-12,2018-09-13,2019-03-12,123,-0.394834865578973,0.3759309510285666
AAPL,2019-03-13,2018-09-14,2019-03-13,123,-0.43469506336670993,0.3742396245514728
AAPL,2019-03-14,2018-09-17,2019-03-14,123,-0.38865657799770104,0.37441980276608244
AAPL,2019-03-15,2018-09-17,2019-03-15,124,-0.35925640916282386,0.373464531055664
AAPL,2019-03-18,2018-09-19,2019-03-18,123,-0.2894604867062156,0.37350700080449734
AAPL,2019-03-19,2018-09-20,2019-03-19,123,-0.306981179175653,0.37362506958780817
AAPL,2019-03-20,2018-09-21,2019-03-20,123,-0.304671101517816,0.37368335080755294
AAPL,2019-03-21,2018-09-24,2019-03-21,123,-0.20838297011447637,0.37722236112493635
AAPL,2019-03-22,2018-09-24,2019-03-22,124,-0.2492287364862482,0.3767768214003972
AAPL,2019-03-25,2018-09-26,2019-03-25,123,-0.31838018969152887,0.37785109114616977
AAPL,2019-03-26,2018-09-27,2019-03-26,123,-0.32327167695424236,0.3779544277451932
AAPL,2019-03-27,2018-09-28,2019-03-27,123,-0.3466056295977194,0.3769585984838209
AAPL,2019-03-28,2018-10-01,2019-03-28,123,-0.35107233212853656,0.37691320068784917
AAPL,2019-03-29,2018-10-01,2019-03-29,124,-0.3350385592777855,0.37554636618764076
AAPL,2019-04-01,2018-10-02,2019-04-01,124,-0.33492156595662165,0.3755489002534813
AAPL,2019-04-02,2018-10-03,2019-04-02,124,-0.32357669557156304,0.3759429955624652
AAPL,2019-04-03,2018-10-04,2019-04-03,124,-0.3342733275911312,0.3756339855486687
AAPL,2019-04-04,2018-10-05,2019-04-04,124,-0.29469204952263794,0.37491613693988
AAPL,2019-04-05,2018-10-08,2019-04-05,124,-0.24788116858643205,0.3744414832693905
AAPL,2019-04-08,2018-10-09,2019-04-08,124,-0.21143354592687266,0.375182394692922
AAPL,2019-04-09,2018-10-10,2019-04-09,124,-0.24549742768817626,0.37460676448296837
AAPL,2019-04-10,2018-10-11,2019-04-10,124,-0.137723211373647,0.3687140693957995
AAPL,2019-04-11,2018-10-12,2019-04-11,124,-0.13669097922777004,0.36869129629571407
AAPL,2019-04-12,2018-10-15,2019-04-12,124,-0.20883214519168794,0.365116865186197
AAPL,2019-04-15,2018-10-16,2019-04-15,124,-0.16122352663293782,0.3639093925753491
AAPL,2019-04-16,2018-10-17,2019-04-16,124,-0.20531820876880563,0.36248025740459555
AAPL,2019-04-17,2018-10-18,2019-04-17,124,-0.15732270739088036,0.36357279644023166
AAPL,2019-04-18,2018-10-19,2019-04-18,124,-0.10196825262921301,0.362109033919549
AAPL,2019-04-22,2018-10-23,2019-04-22,123,-0.13952277681608466,0.362816016629375
AAPL,2019-04-23,2018-10-24,2019-04-23,123,-0.12940615413037307,0.36316402436366596
AAPL,2019-04-24,2018-10-25,2019-04-24,123,-0.0610586425219377,0.359761984061558
AAPL,2019-04-25,2018-10-26,2019-04-25,123,-0.12411615845404413,0.3585866879491845
AAPL,2019-04-26,2018-10-29,2019-04-26,123,-0.10103363402508032,0.35793894035064205
AAPL,2019-04-29,2018-10-30,2019-04-29,123,-0.05910579200805435,0.3569457378455952
AAPL,2019-04-30,2018-10-31,2019-04-30,123,-0.10914950069704268,0.3579193115257254
AAPL,2019-05-01,2018-11-02,2019-05-01,122,-0.09568660207673191,0.36345030039874465
AAPL,2019-05-02,2018-11-05,2019-05-02,122,0.03259315825087155,0.34986724201951797
AAPL,2019-05-03,2018-11-05,2019-05-03,123,0.05764002117065563,0.3488695379844338
AAPL,2019-05-06,2018-11-07,2019-05-06,122,0.06323517449687367,0.34820885063922374
AAPL,2019-05-07,2018-11-08,2019-05-07,122,-0.054925149674483115,0.3477778740913868
AAPL,2019-05-08,2018-11-09,2019-05-08,122,-0.04729783740778803,0.34774589110224813
AAPL,2019-05-09,2018-11-12,2019-05-09,122,-0.02939486821053958,0.34696723054472106
AAPL,2019-05-10,2018-11-12,2019-05-10,123,-0.057736841655742235,0.3461091698844054
AAPL,2019-05-13,2018-11-14,2019-05-13,122,-0.05438469740028653,0.34996575115521766
AAPL,2019-05-14,2018-11-15,2019-05-14,122,0.037244784464745925,0.34826157737263813
AAPL,2019-05-15,2018-11-16,2019-05-15,122,0.011484811232819348,0.3469130577643441
AAPL,2019-05-16,2018-11-19,2019-05-16,122,-0.020375259647557206,0.3466054743940002
AAPL,2019-05-17,2018-11-19,2019-05-17,123,-0.03188357152710734,0.34527566203830035
AAPL,2019-05-20,2018-11-21,2019-05-20,122,0.08688719315765946,0.3374596126854765
AAPL,2019-05-21,2018-11-23,2019-05-21,122,0.12844682420715284,0.33851370765958055
AAPL,2019-05-22,2018-11-23,2019-05-22,123,0.08502556496631251,0.33848561713249103
AAPL,2019-05-23,2018-11-26,2019-05-23,123,0.10246010155116238,0.33734936013503497
AAPL,2019-05-24,2018-11-26,2019-05-24,124,0.09381348696345808,0.3360299671388288
AAPL,2019-05-28,2018-11-29,2019-05-28,122,-0.014391613958755219,0.3339199078222176
AAPL,2019-05-29,2018-11-30,2019-05-29,122,-0.00833682500811957,0.3338065221367532
AAPL,2019-05-30,2018-12-03,2019-05-30,122,0.01353771500141135,0.33379778092318146
AAPL,2019-05-31,2018-12-03,2019-05-31,123,-0.02402753825381748,0.3334613122175727
AAPL,2019-06-03,2018-12-04,2019-06-03,123,-0.11521304414247373,0.33003383343823733
AAPL,2019-06-04,2018-12-06,2019-06-04,123,0.050566593420109905,0.32779833108648054
AAPL,2019-06-05,2018-12-06,2019-06-05,124,0.08270405020048097,0.32724053163392913
AAPL,2019-06-06,2018-12-07,2019-06-06,124,0.13511048575649184,0.32744215533573373
AAPL,2019-06-07,2018-12-10,2019-06-07,124,0.26228328596864703,0.32516005115797175
AAPL,2019-06-10,2018-12-11,2019-06-10,124,0.2747455944071801,0.3254908955380752
AAPL,2019-06-11,2018-12-12,2019-06-11,124,0.3097994144677787,0.3256785516229783
AAPL,2019-06-12,2018-12-13,2019-06-12,124,0.29766466070009473,0.3257314154387848
AAPL,2019-06-13,2018-12-14,2019-06-13,124,0.27513357119263426,0.32543835377257857
AAPL,2019-06-14,2018-12-17,2019-06-14,124,0.32641131739405893,0.322069545260634
AAPL,2019-06-17,2018-12-18,2019-06-17,124,0.3575016128092898,0.3217718567507894
AAPL,2019-06-18,2018-12-19,2019-06-18,124,0.37850986978668133,0.32286375235092335
AAPL,2019-06-19,2018-12-20,2019-06-19,124,0.4369608820862663,0.3193908909761541
AAPL,2019-06-20,2018-12-21,2019-06-20,124,0.5051679312519527,0.3170904687798537
AAPL,2019-06-21,2018-12-24,2019-06-21,124,0.5788519697710027,0.3114902417690715
AAPL,2019-06-24,2018-12-26,2019-06-24,124,0.6300812666776702,0.30882446199420205
AAPL,2019-06-25,2018-12-26,2019-06-25,125,0.5942489728940938,0.30861026628738863
AAPL,2019-06-26,2018-12-27,2019-06-26,125,0.5001940632043131,0.2952472473695511
AAPL,2019-06-27,2018-12-28,2019-06-27,125,0.5127143084054847,0.2950156634859322
AAPL,2019-06-28,2018-12-31,2019-06-28,125,0.49322792744030275,0.29543594894976594
AAPL,2019-07-01,2019-01-02,2019-07-01,125,0.510476714589278,0.29613580202855094
AAPL,2019-07-02,2019-01-03,2019-07-02,125,0.5199455707283215,0.29618235830105677
AAPL,2019-07-03,2019-01-04,2019-07-03,125,0.748110415235073,0.25363672568265927
AAPL,2019-07-05,2019-01-07,2019-07-05,125,0.6620596997025975,0.24752209270886397
AAPL,2019-07-08,2019-01-09,2019-07-08,124,0.5912197529435755,0.24956521229090564
AAPL,2019-07-09,2019-01-10,2019-07-09,124,0.5693563707852854,0.24875511961446842
AAPL,2019-07-10,2019-01-11,2019-07-10,124,0.5828684214285492,0.24898660825587415
AAPL,2019-07-11,2019-01-14,2019-07-11,124,0.5880660194549501,0.24875688446623168
AAPL,2019-07-12,2019-01-14,2019-07-12,125,0.5987907559571982,0.2478669178603424
AAPL,2019-07-15,2019-01-16,2019-07-15,124,0.6122415839161847,0.24647877646798733
AAPL,2019-07-16,2019-01-17,2019-07-16,124,0.5805213746425378,0.24622283071170423
AAPL,2019-07-17,2019-01-18,2019-07-17,124,0.5570294197036848,0.24642634402769875
AAPL,2019-07-18,2019-01-22,2019-07-18,124,0.5675069971834565,0.24670423414654832
AAPL,2019-07-19,2019-01-22,2019-07-19,125,0.532645913268394,0.24693111115214117
AAPL,2019-07-22,2019-01-23,2019-07-22,125,0.6239673127441985,0.2460545715019566
AAPL,2019-07-23,2019-01-24,2019-07-23,125,0.63152997318096,0.24616052864251262
AAPL,2019-07-24,2019-01-25,2019-07-24,125,0.6459305281378483,0.24575206175294656
AAPL,2019-07-25,2019-01-28,2019-07-25,125,0.5642059583822189,0.24240061355609405
AAPL,2019-07-26,2019-01-28,2019-07-26,126,0.5666717906813288,0.24143536020478762
AAPL,2019-07-29,2019-01-30,2019-07-29,125,0.6296918855861401,0.2413485256806117
AAPL,2019-07-30,2019-01-31,2019-07-30,125,0.4877610265574806,0.22369971190665996
AAPL,2019-07-31,2019-02-01,2019-07-31,125,0.5140159614739644,0.2250796598956399
AAPL,2019-08-01,2019-02-04,2019-08-01,125,0.46894413017163156,0.22761856302753608
AAPL,2019-08-02,2019-02-04,2019-08-02,126,0.4224519779559541,0.22907747305587586
AAPL,2019-08-05,2019-02-06,2019-08-05,125,0.2267687760013457,0.23897613653893168
AAPL,2019-08-06,2019-02-07,2019-08-06,125,0.26388075293003804,0.24031486595184706
AAPL,2019-08-07,2019-02-08,2019-08-07,125,0.3231980206421123,0.2389238048487784
AAPL,2019-08-08,2019-02-11,2019-08-08,125,0.3648126381278158,0.24069589587526635
AAPL,2019-08-09,2019-02-11,2019-08-09,126,0.34536807800581126,0.24012514161585954
AAPL,2019-08-12,2019-02-13,2019-08-12,125,0.3373380619310652,0.24072131226507915
AAPL,2019-08-13,2019-02-14,2019-08-13,125,0.4293476133217039,0.24723552924462378
AAPL,2019-08-14,2019-02-15,2019-08-14,125,0.3610981661149439,0.25133629216789294
AAPL,2019-08-15,2019-02-19,2019-08-15,125,0.3555209506260999,0.25144884417405666
AAPL,2019-08-16,2019-02-19,2019-08-16,126,0.39934083202791193,0.2523505499689107
AAPL,2019-08-19,2019-02-20,2019-08-19,126,0.43030876104330673,0.2534717841564994
AAPL,2019-08-20,2019-02-21,2019-08-20,126,0.41757444896311924,0.25339333724915253
AAPL,2019-08-21,2019-02-22,2019-08-21,126,0.4504441675610664,0.2535032302206148
AAPL,2019-08-22,2019-02-25,2019-08-22,126,0.4265427358656728,0.25318099441507835
AAPL,2019-08-23,2019-02-25,2019-08-23,127,0.32928401835772614,0.2614556304426854
AAPL,2019-08-26,2019-02-27,2019-08-26,126,0.35387479037824043,0.2635325779398757
AAPL,2019-08-27,2019-02-28,2019-08-27,126,0.32499489729307385,0.2641366581606828
AAPL,2019-08-28,2019-03-01,2019-08-28,126,0.35813918950356616,0.26376280299508487
AAPL,2019-08-29,2019-03-01,2019-08-29,127,0.38863508655970924,0.26360454710101794
AAPL,2019-08-30,2019-03-01,2019-08-30,128,0.38305419615995734,0.2625948077723964
AAPL,2019-09-03,2019-03-04,2019-09-03,128,0.3335851445991779,0.263264015273398
AAPL,2019-09-04,2019-03-05,2019-09-04,128,0.3568305822938548,0.26411257031686863
AAPL,2019-09-05,2019-03-06,2019-09-05,128,0.39853810681872787,0.26526745231303667
AAPL,2019-09-06,2019-03-07,2019-09-06,128,0.40971381738888574,0.2650747797078427
AAPL,2019-09-09,2019-03-11,2019-09-09,127,0.43977907998474486,0.2654794679805448
AAPL,2019-09-10,2019-03-11,2019-09-10,128,0.4594641201630849,0.26480411294095535
AAPL,2019-09-11,2019-03-12,2019-09-11,128,0.45403852175726517,0.2641659575151383
AAPL,2019-09-12,2019-03-13,2019-09-12,128,0.42763503661402796,0.26389205104690294
AAPL,2019-09-13,2019-03-14,2019-09-13,128,0.3802706112150308,0.2655546336424133
AAPL,2019-09-16,2019-03-18,2019-09-16,127,0.3460873327835322,0.2658181270033747
AAPL,2019-09-17,2019-03-18,2019-09-17,128,0.35053303781214284,0.2647884880288732
AAPL,2019-09-18,2019-03-19,2019-09-18,128,0.3489163952893468,0.264737049963514
AAPL,2019-09-19,2019-03-20,2019-09-19,128,0.34851866775584345,0.2647513449957141
AAPL,2019-09-20,2019-03-21,2019-09-20,128,0.30239808016696434,0.2655059744980487
AAPL,2019-09-23,2019-03-25,2019-09-23,127,0.28353565233870465,0.26009438646670663
AAPL,2019-09-24,2019-03-25,2019-09-24,128,0.27193663134887053,0.2592002242914136
AAPL,2019-09-25,2019-03-26,2019-09-25,128,0.3259541178606941,0.25927740893663326
AAPL,2019-09-26,2019-03-27,2019-09-26,128,0.3362200014358813,0.2589143257507491
AAPL,2019-09-27,2019-03-28,2019-09-27,128,0.3089881352535652,0.2588339693452517
AAPL,2019-09-30,2019-04-01,2019-09-30,127,0.34205932394684346,0.2616065773640512
AAPL,2019-10-01,2019-04-02,2019-10-01,127,0.3341147924212648,0.2615017282507187
AAPL,2019-10-02,2019-04-03,2019-10-02,127,0.25510296418335676,0.26351821431287253
AAPL,2019-10-03,2019-04-04,2019-10-03,127,0.2583316826924471,0.2636000340723609
AAPL,2019-10-04,2019-04-05,2019-10-04,127,0.30973818579575224,0.2662532167048115
AAPL,2019-10-07,2019-04-08,2019-10-07,127,0.2969362455427109,0.2661445255398793
AAPL,2019-10-08,2019-04-09,2019-10-08,127,0.24257170705053394,0.2659706466599824
AAPL,2019-10-09,2019-04-10,2019-10-09,127,0.27165189687578717,0.2663345267086732
AAPL,2019-10-10,2019-04-11,2019-10-10,127,0.2871088460874108,0.2668245474220738
AAPL,2019-10-11,2019-04-12,2019-10-11,127,0.3557843235944356,0.2688070428307011
AAPL,2019-10-14,2019-04-15,2019-10-14,127,0.35372329268191877,0.26882504131541596
AAPL,2019-10-15,2019-04-16,2019-10-15,127,0.34550251907213714,0.26887590272996365
AAPL,2019-10-16,2019-04-17,2019-10-16,127,0.3372761411706707,0.26897848703058314
AAPL,2019-10-17,2019-04-18,2019-10-17,127,0.30669749857842976,0.26779531102873205
AAPL,2019-10-18,2019-04-22,2019-10-18,127,0.30908695105528766,0.2678219970890489
AAPL,2019-10-21,2019-04-22,2019-10-21,128,0.3405229586320232,0.26770465843358504
AAPL,2019-10-22,2019-04-23,2019-10-22,128,0.32955624819159457,0.26773907917001316
AAPL,2019-10-23,2019-04-24,2019-10-23,128,0.32760550544081574,0.26764711560939103
AAPL,2019-10-24,2019-04-25,2019-10-24,128,0.33388021512478006,0.26761728230323645
AAPL,2019-10-25,2019-04-26,2019-10-25,128,0.3759278370129745,0.26764166815495555
AAPL,2019-10-28,2019-04-29,2019-10-28,128,0.40497186687613973,0.2677555494510118
AAPL,2019-10-29,2019-04-30,2019-10-29,128,0.35591863895328324,0.2700448404014647
AAPL,2019-10-30,2019-05-01,2019-10-30,128,0.39395644562361776,0.2684399008174156
AAPL,2019-10-31,2019-05-01,2019-10-31,129,0.43457840036114986,0.2689641759039786
AAPL,2019-11-01,2019-05-02,2019-11-01,129,0.3956387268953803,0.26361380336640866
AAPL,2019-11-04,2019-05-06,2019-11-04,128,0.400147181478172,0.2640596955048217
AAPL,2019-11-05,2019-05-06,2019-11-05,129,0.39423614273299745,0.2630601882929426
AAPL,2019-11-06,2019-05-07,2019-11-06,129,0.4254741987550594,0.2619575591115965
AAPL,2019-11-07,2019-05-08,2019-11-07,129,0.5012739078454045,0.2590943596808054
AAPL,2019-11-08,2019-05-09,2019-11-08,129,0.5062276966164516,0.25908407184213883
AAPL,2019-11-11,2019-05-13,2019-11-11,128,0.5744428544600888,0.25859623975379226
AAPL,2019-11-12,2019-05-13,2019-11-12,129,0.5682008825635924,0.2576228300022815
AAPL,2019-11-13,2019-05-14,2019-11-13,129,0.7037976428773223,0.2424877823336055
AAPL,2019-11-14,2019-05-15,2019-11-14,129,0.6595518489928581,0.24217929374620556
AAPL,2019-11-15,2019-05-16,2019-11-15,129,0.6593591371477572,0.24217188212882673
AAPL,2019-11-18,2019-05-20,2019-11-18,128,0.6943111584619374,0.24265314406320465
AAPL,2019-11-19,2019-05-20,2019-11-19,129,0.6829958527007302,0.2418389678112874
AAPL,2019-11-20,2019-05-21,2019-11-20,129,0.7221823726907164,0.2377998750279002
AAPL,2019-11-21,2019-05-22,2019-11-21,129,0.67630770190545,0.2369286298193861
AAPL,2019-11-22,2019-05-23,2019-11-22,129,0.7149987775348889,0.23468941639323906
AAPL,2019-11-25,2019-05-28,2019-11-25,128,0.7962774557370924,0.2345622378172168
AAPL,2019-11-26,2019-05-28,2019-11-26,129,0.7747905952435832,0.2341494028332871
AAPL,2019-11-27,2019-05-28,2019-11-27,130,0.7946950541339755,0.23367780803997948
AAPL,2019-11-29,2019-05-30,2019-11-29,129,0.8139796422670437,0.23421832236665455
AAPL,2019-12-02,2019-06-03,2019-12-02,128,0.823250862659051,0.23409881613097785
AAPL,2019-12-03,2019-06-04,2019-12-03,128,0.80783647929223,0.23524494448423716
AAPL,2019-12-04,2019-06-05,2019-12-04,128,0.7543987345159616,0.23079345588673766
AAPL,2019-12-05,2019-06-06,2019-12-05,128,0.7515442054616948,0.2306400592945123
AAPL,2019-12-06,2019-06-07,2019-12-06,128,0.7605158739418649,0.2311825496925417
AAPL,2019-12-09,2019-06-10,2019-12-09,128,0.6810415385053878,0.23006257315464324
AAPL,2019-12-10,2019-06-11,2019-12-10,128,0.667513589223151,0.22967185383972097
AAPL,2019-12-11,2019-06-12,2019-12-11,128,0.6615689277345712,0.2294796091173086
AAPL,2019-12-12,2019-06-13,2019-12-12,128,0.672855230504828,0.22933238974230227
AAPL,2019-12-13,2019-06-14,2019-12-13,128,0.6998425214410304,0.22979734235480165
AAPL,2019-12-16,2019-06-17,2019-12-16,128,0.7476075894538168,0.23020970848774794
AAPL,2019-12-17,2019-06-18,2019-12-17,128,0.7397615952389301,0.23017518778524967
AAPL,2019-12-18,2019-06-19,2019-12-18,128,0.6892861562577837,0.22849112303660454
AAPL,2019-12-19,2019-06-20,2019-12-19,128,0.6970179349042135,0.22836442054986908
AAPL,2019-12-20,2019-06-21,2019-12-20,128,0.6771787154645039,0.2283435339472224
AAPL,2019-12-23,2019-06-24,2019-12-23,128,0.715769853175999,0.22895967983971954
AAPL,2019-12-24,2019-06-25,2019-12-24,128,0.7196220070136471,0.22891090222193186
AAPL,2019-12-26,2019-06-27,2019-12-26,127,0.7521181880532843,0.2281023614256466
AAPL,2019-12-27,2019-06-28,2019-12-27,127,0.7519615784079886,0.22810466176934643
AAPL,2019-12-30,2019-07-01,2019-12-30,127,0.7818661498931666,0.2274878691820975
AAPL,2019-12-31,2019-07-01,2019-12-31,128,0.7900903284503371,0.22666627432428366
MSFT,2018-01-02,2017-07-03,2018-01-02,127,0.45835805285108644,0.160490822007583
MSFT,2018-01-03,2017-07-05,2018-01-03,127,0.4895697820937664,0.15948747825372764
MSFT,2018-01-04,2017-07-05,2018-01-04,128,0.5029962733358744,0.1591462732668983
MSFT,2018-01-05,2017-07-06,2018-01-05,128,0.5011476310261315,0.15901979203687244
MSFT,2018-01-08,2017-07-10,2018-01-08,127,0.49623320340529337,0.15835132717140407
MSFT,2018-01-09,2017-07-10,2018-01-09,128,0.49101754102697015,0.1577704605191728
MSFT,2018-01-10,2017-07-11,2018-01-10,128,0.46738680217279516,0.1578375483668983
MSFT,2018-01-11,2017-07-12,2018-01-11,128,0.4729265064430598,0.15782635761621075
MSFT,2018-01-12,2017-07-13,2018-01-12,128,0.47424866882203354,0.15795206716580504
MSFT,2018-01-16,2017-07-17,2018-01-16,127,0.40516117997597284,0.15890432164179316
MSFT,2018-01-17,2017-07-18,2018-01-17,127,0.42948053719518486,0.16078652710081015
MSFT,2018-01-18,2017-07-19,2018-01-18,127,0.42995384312924595,0.16077979689059926
MSFT,2018-01-19,2017-07-20,2018-01-19,127,0.41264861435405253,0.16060848643694425
MSFT,2018-01-22,2017-07-24,2018-01-22,126,0.45328074102045335,0.16243204268658745
MSFT,2018-01-23,2017-07-24,2018-01-23,127,0.45598330707954265,0.16179756254018207
MSFT,2018-01-24,2017-07-25,2018-01-24,127,0.4593713248258116,0.16172280866014446
MSFT,2018-01-25,2017-07-26,2018-01-25,127,0.45451896440944883,0.16157308230879677
MSFT,2018-01-26,2017-07-27,2018-01-26,127,0.4951019923792807,0.16319868102560345
MSFT,2018-01-29,2017-07-31,2018-01-29,126,0.5235191768614751,0.16261349400099195
MSFT,2018-01-30,2017-07-31,2018-01-30,127,0.4943089029836998,0.16328897114392066
MSFT,2018-01-31,2017-08-01,2018-01-31,127,0.5515518709744445,0.16598159594148007
MSFT,2018-02-01,2017-08-02,2018-02-01,127,0.5391032438590181,0.1665063494852071
MSFT,2018-02-02,2017-08-03,2018-02-02,127,0.49496532606930466,0.17114222901770454
MSFT,2018-02-05,2017-08-07,2018-02-05,126,0.4031875959684932,0.1825234253142953
MSFT,2018-02-06,2017-08-07,2018-02-06,127,0.4737128815317786,0.188565752256849
MSFT,2018-02-07,2017-08-08,2018-02-07,127,0.4436462872453918,0.19068432851628467
MSFT,2018-02-08,2017-08-09,2018-02-08,127,0.3284214830625355,0.20545735206976867
MSFT,2018-02-09,2017-08-10,2018-02-09,127,0.4098095897527084,0.21122107363300746
MSFT,2018-02-12,2017-08-14,2018-02-12,126,0.4336648688232341,0.21030273132405733
MSFT,2018-02-13,2017-08-14,2018-02-13,127,0.4457727944257875,0.2096428192312214
MSFT,2018-02-14,2017-08-15,2018-02-14,127,0.4469925129259148,0.20972172779161974
MSFT,2018-02-15,2017-08-16,2018-02-15,127,0.48646897130129074,0.21130340356110203
MSFT,2018-02-16,2017-08-17,2018-02-16,127,0.460664421012788,0.21161403533124307
MSFT,2018-02-20,2017-08-21,2018-02-20,126,0.5116634371989957,0.21089286877578123
MSFT,2018-02-21,2017-08-22,2018-02-21,126,0.4943567858151106,0.21180282030835204
MSFT,2018-02-22,2017-08-23,2018-02-22,126,0.4717939854865154,0.2111205248428382
MSFT,2018-02-23,2017-08-24,2018-02-23,126,0.534024848739838,0.2133460965793524
MSFT,2018-02-26,2017-08-28,2018-02-26,125,0.5644668209544909,0.21487426294372666
MSFT,2018-02-27,2017-08-28,2018-02-27,126,0.5342507990131153,0.2150769287384999
MSFT,2018-02-28,2017-08-29,2018-02-28,126,0.5248264723413545,0.21526767494883098
MSFT,2018-03-01,2017-09-05,2018-03-01,123,0.4864363317398137,0.21683819624090162
MSFT,2018-03-02,2017-09-05,2018-03-02,124,0.48688624948181125,0.2159551718795948
MSFT,2018-03-05,2017-09-06,2018-03-05,124,0.5088219648004432,0.21584746028760665
MSFT,2018-03-06,2017-09-07,2018-03-06,124,0.5076706491431418,0.21587518927816934
MSFT,2018-03-07,2017-09-08,2018-03-07,124,0.49353611868812913,0.21539538376825404
MSFT,2018-03-08,2017-09-11,2018-03-08,124,0.5157057512746769,0.2152498076727679
MSFT,2018-03-09,2017-09-11,2018-03-09,125,0.5561316958057685,0.21626251182792686
MSFT,2018-03-12,2017-09-13,2018-03-12,124,0.5463129655519267,0.21676456679394043
MSFT,2018-03-13,2017-09-14,2018-03-13,124,0.48176444215125325,0.21999734367778323
MSFT,2018-03-14,2017-09-15,2018-03-14,124,0.4815979903318075,0.22000330826194608
MSFT,2018-03-15,2017-09-18,2018-03-15,124,0.4741073966680368,0.21988462012967405
MSFT,2018-03-16,2017-09-18,2018-03-16,125,0.4792851400428607,0.21902655323547449
MSFT,2018-03-19,2017-09-20,2018-03-19,124,0.4425738675210594,0.2216995967820888
MSFT,2018-03-20,2017-09-21,2018-03-20,124,0.46133185357987594,0.22137283151827966
MSFT,2018-03-21,2017-09-22,2018-03-21,124,0.46699191435821774,0.22110876716712524
MSFT,2018-03-22,2017-09-25,2018-03-22,124,0.401531995865873,0.22558127942086767
MSFT,2018-03-23,2017-09-25,2018-03-23,125,0.33885025548857345,0.22896603308286267
MSFT,2018-03-26,2017-09-27,2018-03-26,124,0.5215445129565467,0.2502808988205938
MSFT,2018-03-27,2017-09-28,2018-03-27,124,0.4096291229237924,0.25973189726013735
MSFT,2018-03-28,2017-09-29,2018-03-28,124,0.4072604641606923,0.25974966649381687
MSFT,2018-03-29,2017-10-02,2018-03-29,124,0.4325732455810193,0.26101582866346407
MSFT,2018-04-02,2017-10-03,2018-04-02,124,0.3671279784169001,0.26504887949053135
MSFT,2018-04-03,2017-10-04,2018-04-03,124,0.40382158196243323,0.2654388263955673
MSFT,2018-04-04,2017-10-05,2018-04-04,124,0.45059077333691816,0.2681928723602822
MSFT,2018-04-05,2017-10-06,2018-04-05,124,0.4171573279611619,0.2673059755631512
MSFT,2018-04-06,2017-10-09,2018-04-06,124,0.36849805641440664,0.26970584871897624
MSFT,2018-04-09,2017-10-10,2018-04-09,124,0.37288450846721055,0.26976186342051567
MSFT,2018-04-10,2017-10-11,2018-04-10,124,0.4195849111280379,0.2714871801388243
MSFT,2018-04-11,2017-10-12,2018-04-11,124,0.3936830507054877,0.2720908817423486
MSFT,2018-04-12,2017-10-13,2018-04-12,124,0.4128537004656914,0.2729584963949695
MSFT,2018-04-13,2017-10-16,2018-04-13,124,0.39223912614312706,0.27310182640248337
MSFT,2018-04-16,2017-10-17,2018-04-16,124,0.41170707552745806,0.27347938204648337
MSFT,2018-04-17,2017-10-18,2018-04-17,124,0.45387329485903916,0.27470206845701184
MSFT,2018-04-18,2017-10-19,2018-04-18,124,0.46116174711097674,0.27470836638694646
MSFT,2018-04-19,2017-10-20,2018-04-19,124,0.4463554514063778,0.27479450099908354
MSFT,2018-04-20,2017-10-23,2018-04-20,124,0.3994062240762854,0.27509466776194796
MSFT,2018-04-23,2017-10-24,2018-04-23,124,0.40636329115844566,0.27510402001277545
MSFT,2018-04-24,2017-10-25,2018-04-24,124,0.3574966880276215,0.2774502614852462
MSFT,2018-04-25,2017-10-26,2018-04-25,124,0.34567694213084793,0.2777603411846984
MSFT,2018-04-26,2017-10-27,2018-04-26,124,0.3848029958002266,0.2791526452950351
MSFT,2018-04-27,2017-10-30,2018-04-27,124,0.29186271930259006,0.2661144675985645
MSFT,2018-04-30,2017-10-31,2018-04-30,124,0.2405478626478562,0.2685772428021913
MSFT,2018-05-01,2017-11-02,2018-05-01,123,0.2920866709922575,0.2701427109492532
MSFT,2018-05-02,2017-11-03,2018-05-02,123,0.23838071550918952,0.2708941409170134
MSFT,2018-05-03,2017-11-06,2018-05-03,123,0.24842070639782096,0.2709895821848242
MSFT,2018-05-04,2017-11-06,2018-05-04,124,0.26983027931292425,0.2703032839380697
MSFT,2018-05-07,2017-11-08,2018-05-07,123,0.29155662011798933,0.2717103719289793
MSFT,2018-05-08,2017-11-09,2018-05-08,123,0.2757698237390373,0.27180074208795824
MSFT,2018-05-09,2017-11-10,2018-05-09,123,0.31121114985489057,0.27205186236732887
MSFT,2018-05-10,2017-11-13,2018-05-10,123,0.3369760851769947,0.27227924140680754
MSFT,2018-05-11,2017-11-13,2018-05-11,124,0.32989519675874046,0.27121564349283006
MSFT,2018-05-14,2017-11-15,2018-05-14,123,0.33509369237310566,0.2723394639200554
MSFT,2018-05-15,2017-11-16,2018-05-15,123,0.33618697266329317,0.2723035709451827
MSFT,2018-05-16,2017-11-17,2018-05-16,123,0.33604171660433696,0.27230288340454556
MSFT,2018-05-17,2017-11-20,2018-05-17,123,0.33527769332208335,0.27233450824035343
MSFT,2018-05-18,2017-11-20,2018-05-18,124,0.33637382123962595,0.27122628798712495
MSFT,2018-05-21,2017-11-22,2018-05-21,123,0.33274402530618596,0.27219343930858625
MSFT,2018-05-22,2017-11-24,2018-05-22,123,0.3456270473578352,0.2719301485179514
MSFT,2018-05-23,2017-11-24,2018-05-23,124,0.366875093119947,0.27123232696183136
MSFT,2018-05-24,2017-11-27,2018-05-24,124,0.355989084124757,0.2713257641312185
MSFT,2018-05-25,2017-11-27,2018-05-25,125,0.3541663377869418,0.27023254321044665
MSFT,2018-05-29,2017-11-30,2018-05-29,123,0.3506535469735565,0.27049688346731243
MSFT,2018-05-30,2017-12-01,2018-05-30,123,0.3499066221567317,0.27047367096739083
MSFT,2018-05-31,2017-12-01,2018-05-31,124,0.3448241667808214,0.2693955327583597
MSFT,2018-06-01,2017-12-04,2018-06-01,124,0.38235577252723085,0.27063706928424947
MSFT,2018-06-04,2017-12-05,2018-06-04,124,0.4782051601580735,0.26464510808635244
MSFT,2018-06-05,2017-12-06,2018-06-05,124,0.47583049636262675,0.26461079446974944
MSFT,2018-06-06,2017-12-07,2018-06-06,124,0.45236065339801795,0.2639963320408656
MSFT,2018-06-07,2017-12-08,2018-06-07,124,0.42731432529248004,0.2650860307756764
MSFT,2018-06-08,2017-12-11,2018-06-08,124,0.40163631884158585,0.2639037414019644
MSFT,2018-06-11,2017-12-12,2018-06-11,124,0.36432979284333267,0.26362774308691134
MSFT,2018-06-12,2017-12-13,2018-06-12,124,0.3612237083174702,0.2636052420334134
MSFT,2018-06-13,2017-12-14,2018-06-13,124,0.3574443607829291,0.2636781830775014
MSFT,2018-06-14,2017-12-15,2018-06-14,124,0.3846742627174883,0.263414059798816
MSFT,2018-06-15,2017-12-18,2018-06-15,124,0.3074775761548828,0.26198650268362106
MSFT,2018-06-18,2017-12-19,2018-06-18,124,0.33326706697689346,0.2619515104335775
MSFT,2018-06-19,2017-12-20,2018-06-19,124,0.34624827738370073,0.26172449806581
MSFT,2018-06-20,2017-12-21,2018-06-20,124,0.37385149966780123,0.2619098781751007
MSFT,2018-06-21,2017-12-22,2018-06-21,124,0.3597112855633346,0.2621910249187756
MSFT,2018-06-22,2017-12-26,2018-06-22,124,0.344752356340819,0.26247622465493303
MSFT,2018-06-25,2017-12-26,2018-06-25,125,0.3010234278450165,0.26322365969663963
MSFT,2018-06-26,2017-12-27,2018-06-26,125,0.31770672881920053,0.2633273415812628
MSFT,2018-06-27,2017-12-28,2018-06-27,125,0.2788213622157681,0.2643976362783464
MSFT,2018-06-28,2017-12-29,2018-06-28,125,0.3009904599727866,0.2647747083796887
MSFT,2018-06-29,2018-01-02,2018-06-29,125,0.30481842039093576,0.2647403932415763
MSFT,2018-07-02,2018-01-03,2018-07-02,125,0.3235998382411389,0.2653256582572932
MSFT,2018-07-03,2018-01-04,2018-07-03,125,0.2947944162051594,0.26573335275571963
MSFT,2018-07-05,2018-01-08,2018-07-05,124,0.26883771293448944,0.2662438370530658
MSFT,2018-07-06,2018-01-08,2018-07-06,125,0.29478220933881055,0.26579693112311026
MSFT,2018-07-09,2018-01-10,2018-07-09,124,0.31028350242574715,0.26698175917909045
MSFT,2018-07-10,2018-01-11,2018-07-10,124,0.32489908334045214,0.26685983280672104
MSFT,2018-07-11,2018-01-12,2018-07-11,124,0.3161029900489619,0.2668757719318303
MSFT,2018-07-12,2018-01-16,2018-07-12,124,0.3249022022703363,0.26747350152070515
MSFT,2018-07-13,2018-01-16,2018-07-13,125,0.3461539924378959,0.26681294736574684
MSFT,2018-07-16,2018-01-17,2018-07-16,125,0.3645092938809048,0.2660554950997498
MSFT,2018-07-17,2018-01-18,2018-07-17,125,0.34395916531806914,0.2649979177528172
MSFT,2018-07-18,2018-01-19,2018-07-18,125,0.3289983109360937,0.2653101531595008
MSFT,2018-07-19,2018-01-22,2018-07-19,125,0.31738175240515915,0.2655428417246212
MSFT,2018-07-20,2018-01-22,2018-07-20,126,0.3503697079243224,0.26550517770756354
MSFT,2018-07-23,2018-01-24,2018-07-23,125,0.3430503656169003,0.26634261983194163
MSFT,2018-07-24,2018-01-25,2018-07-24,125,0.33900950755601983,0.2663919627279972
MSFT,2018-07-25,2018-01-26,2018-07-25,125,0.38634619021239425,0.26921444483722445
MSFT,2018-07-26,2018-01-29,2018-07-26,125,0.32679051601704034,0.2686836011422856
MSFT,2018-07-27,2018-01-29,2018-07-27,126,0.2884849689254452,0.26897399125491245
MSFT,2018-07-30,2018-01-31,2018-07-30,125,0.2755662646449477,0.2712722211151088
MSFT,2018-07-31,2018-02-01,2018-07-31,125,0.24035285094346664,0.2693779513214287
MSFT,2018-08-01,2018-02-02,2018-08-01,125,0.26012812686856834,0.2690807482308336
MSFT,2018-08-02,2018-02-05,2018-08-02,125,0.33820200063164274,0.26658705890005785
MSFT,2018-08-03,2018-02-05,2018-08-03,126,0.34423749267796744,0.2655528653118238
MSFT,2018-08-06,2018-02-07,2018-08-06,125,0.3585788800237051,0.2542705715455846
MSFT,2018-08-07,2018-02-08,2018-08-07,125,0.41084281627643204,0.25269576660400156
MSFT,2018-08-08,2018-02-09,2018-08-08,125,0.5283447763034583,0.24048585725963034
MSFT,2018-08-09,2018-02-12,2018-08-09,125,0.45784803112540484,0.23535727109579932
MSFT,2018-08-10,2018-02-12,2018-08-10,126,0.4419584068195359,0.23468306453063695
MSFT,2018-08-13,2018-02-14,2018-08-13,125,0.39345552220352975,0.2354537104552234
MSFT,2018-08-14,2018-02-15,2018-08-14,125,0.3871281244554701,0.23511703919226118
MSFT,2018-08-15,2018-02-16,2018-08-15,125,0.318945111102799,0.23457378400358192
MSFT,2018-08-16,2018-02-20,2018-08-16,125,0.3329820937428929,0.23427434971933297
MSFT,2018-08-17,2018-02-20,2018-08-17,126,0.3292242609664431,0.2333504999405677
MSFT,2018-08-20,2018-02-21,2018-08-20,126,0.30038971520733604,0.23343296827157894
MSFT,2018-08-21,2018-02-22,2018-08-21,126,0.3103739293003578,0.23291198865789062
MSFT,2018-08-22,2018-02-23,2018-08-22,126,0.32541158853778995,0.2332448324976068
MSFT,2018-08-23,2018-02-26,2018-08-23,126,0.2845637291963481,0.2308206541900022
MSFT,2018-08-24,2018-02-26,2018-08-24,127,0.29775918527081785,0.23009363904692468
MSFT,2018-08-27,2018-02-28,2018-08-27,126,0.31916626949950455,0.22980793988823087
MSFT,2018-08-28,2018-03-01,2018-08-28,126,0.34032423009311863,0.22975278556541395
MSFT,2018-08-29,2018-03-01,2018-08-29,127,0.36906747275239293,0.2297471843496841
MSFT,2018-08-30,2018-03-01,2018-08-30,128,0.3649537919680938,0.228859660009821
MSFT,2018-08-31,2018-03-01,2018-08-31,129,0.36874454276096846,0.22798005753179978
MSFT,2018-09-04,2018-03-05,2018-09-04,128,0.37590350836788927,0.22852963370023735
MSFT,2018-09-05,2018-03-06,2018-09-05,128,0.30587674780062346,0.23245410597921617
MSFT,2018-09-06,2018-03-07,2018-09-06,128,0.3171481934897008,0.23236626919286077
MSFT,2018-09-07,2018-03-08,2018-09-07,128,0.2961693692778221,0.23243678211683724
MSFT,2018-09-10,2018-03-12,2018-09-10,127,0.2639776441867821,0.23175807326113543
MSFT,2018-09-11,2018-03-12,2018-09-11,128,0.295112229389378,0.23190785126267421
MSFT,2018-09-12,2018-03-13,2018-09-12,128,0.29872826032323574,0.23194115799050616
MSFT,2018-09-13,2018-03-14,2018-09-13,128,0.3683730854758668,0.22940755063933135
MSFT,2018-09-14,2018-03-15,2018-09-14,128,0.38808999220053764,0.2291958466811033
MSFT,2018-09-17,2018-03-19,2018-09-17,127,0.35370582021310937,0.2307122934544312
MSFT,2018-09-18,2018-03-19,2018-09-18,128,0.3696387546518664,0.2300825654227909
MSFT,2018-09-19,2018-03-20,2018-09-19,128,0.379115707698104,0.229362407944166
MSFT,2018-09-20,2018-03-21,2018-09-20,128,0.4067216955419263,0.23033472628534313
MSFT,2018-09-21,2018-03-22,2018-09-21,128,0.4324358254149521,0.23009398495821726
MSFT,2018-09-24,2018-03-26,2018-09-24,127,0.5600539834532691,0.22227301977128727
MSFT,2018-09-25,2018-03-26,2018-09-25,128,0.5518979687705134,0.22147249371807587
MSFT,2018-09-26,2018-03-27,2018-09-26,128,0.4001233639438181,0.19772249927111327
MSFT,2018-09-27,2018-03-28,2018-09-27,128,0.5001629012743456,0.18539120869972042
MSFT,2018-09-28,2018-03-29,2018-09-28,128,0.5012361763995581,0.18537598447677778
MSFT,2018-10-01,2018-04-02,2018-10-01,128,0.4814891207921788,0.18388314576244846
MSFT,2018-10-02,2018-04-03,2018-10-02,128,0.5338713548211773,0.17825443129757948
MSFT,2018-10-03,2018-04-04,2018-10-03,128,0.5079238400010663,0.1775640534728886
MSFT,2018-10-04,2018-04-05,2018-10-04,128,0.41013864940670364,0.17637726037160908
MSFT,2018-10-05,2018-04-06,2018-10-05,128,0.39751832593292286,0.17668465917001885
MSFT,2018-10-08,2018-04-09,2018-10-08,128,0.42127666199941116,0.17407142648167942
MSFT,2018-10-09,2018-04-10,2018-10-09,128,0.43441395449325254,0.1746489853370829
MSFT,2018-10-10,2018-04-11,2018-10-10,128,0.2791788735257803,0.18997700887323166
MSFT,2018-10-11,2018-04-12,2018-10-11,128,0.29627690042576477,0.1892643264004517
MSFT,2018-10-12,2018-04-13,2018-10-12,128,0.3266404271067356,0.1932685778419809
MSFT,2018-10-15,2018-04-16,2018-10-15,128,0.3014689505970358,0.19496711384172588
MSFT,2018-10-16,2018-04-17,2018-10-16,128,0.33979508765895594,0.19891025384747898
MSFT,2018-10-17,2018-04-18,2018-10-17,128,0.29531887207910057,0.19723107991541164
MSFT,2018-10-18,2018-04-19,2018-10-18,128,0.24805233894854117,0.1994499520128339
MSFT,2018-10-19,2018-04-20,2018-10-19,128,0.25770201472455756,0.19935335875822752
MSFT,2018-10-22,2018-04-23,2018-10-22,128,0.2980683836581674,0.19884914977483986
MSFT,2018-10-23,2018-04-24,2018-10-23,128,0.2631593815127575,0.19996111667618927
MSFT,2018-10-24,2018-04-25,2018-10-24,128,0.20156452869469477,0.21208355149122426
MSFT,2018-10-25,2018-04-26,2018-10-25,128,0.330590185180427,0.22573222078193134
MSFT,2018-10-26,2018-04-27,2018-10-26,128,0.2649230289492581,0.22483746682229241
MSFT,2018-10-29,2018-04-30,2018-10-29,128,0.1745143662708283,0.22782410279132012
MSFT,2018-10-30,2018-05-01,2018-10-30,128,0.22007106343706503,0.22508504228003715
MSFT,2018-10-31,2018-05-01,2018-10-31,129,0.2755244561755372,0.22768754220662268
MSFT,2018-11-01,2018-05-02,2018-11-01,129,0.22850559687249924,0.2271317918362736
MSFT,2018-11-02,2018-05-03,2018-11-02,129,0.26380889034327926,0.22591463218468005
MSFT,2018-11-05,2018-05-07,2018-11-05,128,0.2563113954806835,0.22680343986606805
MSFT,2018-11-06,2018-05-07,2018-11-06,129,0.2581366191976814,0.2259195261056271
MSFT,2018-11-07,2018-05-08,2018-11-07,129,0.3119139832462154,0.23153779445222325
MSFT,2018-11-08,2018-05-09,2018-11-08,129,0.31658817434665226,0.23144987108647533
MSFT,2018-11-09,2018-05-10,2018-11-09,129,0.25519842285222727,0.23281508671327916
MSFT,2018-11-12,2018-05-14,2018-11-12,128,0.19269637262095704,0.23616321368950713
MSFT,2018-11-13,2018-05-14,2018-11-13,129,0.19248201715867957,0.23523894227507508
MSFT,2018-11-14,2018-05-15,2018-11-14,129,0.15799333254318973,0.2361460043753245
MSFT,2018-11-15,2018-05-16,2018-11-15,129,0.21471635660739377,0.2377166801163501
MSFT,2018-11-16,2018-05-17,2018-11-16,129,0.22798828126925147,0.238003207675096
MSFT,2018-11-19,2018-05-21,2018-11-19,128,0.17796526529308956,0.24357015682820343
MSFT,2018-11-20,2018-05-21,2018-11-20,129,0.12147972198463976,0.2459598045684336
MSFT,2018-11-21,2018-05-22,2018-11-21,129,0.12320772807452841,0.2460500133550296
MSFT,2018-11-23,2018-05-24,2018-11-23,128,0.10214042343094248,0.24649022950374572
MSFT,2018-11-26,2018-05-29,2018-11-26,127,0.17338505082451877,0.251480146783586
MSFT,2018-11-27,2018-05-29,2018-11-27,128,0.18438070237831614,0.25061066493016426
MSFT,2018-11-28,2018-05-29,2018-11-28,129,0.25420373369181926,0.25457946188320335
MSFT,2018-11-29,2018-05-30,2018-11-29,129,0.24474941886622462,0.2548403696605923
MSFT,2018-11-30,2018-05-31,2018-11-30,129,0.23847312288215705,0.25466705811108625
MSFT,2018-12-03,2018-06-04,2018-12-03,128,0.22525377320604145,0.25468085990093653
MSFT,2018-12-04,2018-06-05,2018-12-04,128,0.14441570575926538,0.25867110598742965
MSFT,2018-12-06,2018-06-07,2018-12-06,127,0.14182640683480519,0.25971508884229916
MSFT,2018-12-07,2018-06-08,2018-12-07,127,0.09219723450656742,0.2652048485327978
MSFT,2018-12-10,2018-06-11,2018-12-10,127,0.12925523029543123,0.2674915214331639
MSFT,2018-12-11,2018-06-12,2018-12-11,127,0.15896947710878676,0.267625004001329
MSFT,2018-12-12,2018-06-13,2018-12-12,127,0.1628040607468403,0.26766684610910585
MSFT,2018-12-13,2018-06-14,2018-12-13,127,0.1785538390759497,0.26759212309610253
MSFT,2018-12-14,2018-06-15,2018-12-14,127,0.10437848536839493,0.2713697704826202
MSFT,2018-12-17,2018-06-18,2018-12-17,127,0.07012862035291453,0.27412613274478453
MSFT,2018-12-18,2018-06-19,2018-12-18,127,0.07643509627649087,0.27432460168137207
MSFT,2018-12-19,2018-06-20,2018-12-19,127,0.07108383551204253,0.27435686742882964
MSFT,2018-12-20,2018-06-21,2018-12-20,127,0.009150437313614226,0.27567367334955245
MSFT,2018-12-21,2018-06-22,2018-12-21,127,-0.04175346855419832,0.2793627965999513
MSFT,2018-12-24,2018-06-25,2018-12-24,127,-0.11197819994167361,0.28553617524566866
MSFT,2018-12-26,2018-06-27,2018-12-26,126,0.0459573489214673,0.30016086505165135
MSFT,2018-12-27,2018-06-28,2018-12-27,126,0.08958100965837801,0.29942334965676976
MSFT,2018-12-28,2018-06-29,2018-12-28,126,0.051677983333780375,0.2992501477865824
MSFT,2018-12-31,2018-07-02,2018-12-31,126,0.07545483680548415,0.2996894394534707
MSFT,2019-01-02,2018-07-03,2019-01-02,126,0.03837865023198539,0.2991148823313852
MSFT,2019-01-03,2018-07-05,2019-01-03,126,-0.017293787777944658,0.3035112243763193
MSFT,2019-01-04,2018-07-05,2019-01-04,127,0.07304628141741042,0.3090323768134806
MSFT,2019-01-07,2018-07-09,2019-01-07,126,0.034018164069681944,0.30950087982632757
MSFT,2019-01-08,2018-07-09,2019-01-08,127,0.04808571602351972,0.3084319755184663
MSFT,2019-01-09,2018-07-10,2019-01-09,127,0.06277010716228207,0.3089248037542746
MSFT,2019-01-10,2018-07-11,2019-01-10,127,0.044725742121673934,0.30904916453002945
MSFT,2019-01-11,2018-07-12,2019-01-11,127,0.032066316364218805,0.3092437458538294
MSFT,2019-01-14,2018-07-16,2019-01-14,126,-0.04886470583366709,0.30869175327913395
MSFT,2019-01-15,2018-07-16,2019-01-15,127,0.008254832707770415,0.3101267350347885
MSFT,2019-01-16,2018-07-17,2019-01-16,127,0.02504471242585931,0.31008419128428455
MSFT,2019-01-17,2018-07-18,2019-01-17,127,0.019356559865049364,0.30992989380404296
MSFT,2019-01-18,2018-07-19,2019-01-18,127,0.06447181791367533,0.31041914157177425
MSFT,2019-01-22,2018-07-23,2019-01-22,126,0.005168730355228135,0.31168375350840927
MSFT,2019-01-23,2018-07-24,2019-01-23,126,-0.007173709625641678,0.31117285643224707
MSFT,2019-01-24,2018-07-25,2019-01-24,126,-0.011004501450660342,0.3112199725051687
MSFT,2019-01-25,2018-07-26,2019-01-25,126,-0.050859425001750225,0.3087343725971379
MSFT,2019-01-28,2018-07-30,2019-01-28,125,-0.03284097811783723,0.30981781670786457
MSFT,2019-01-29,2018-07-30,2019-01-29,126,-0.07373203963970099,0.3099277696003108
MSFT,2019-01-30,2018-07-31,2019-01-30,126,0.03538278115331828,0.3119330131816791
MSFT,2019-01-31,2018-08-01,2019-01-31,126,-0.015049505237156424,0.31289837576505786
MSFT,2019-02-01,2018-08-02,2019-02-01,126,-0.050669796225745856,0.31368812057032014
MSFT,2019-02-04,2018-08-06,2019-02-04,125,-0.02694738876112811,0.31702535277197363
MSFT,2019-02-05,2018-08-06,2019-02-05,126,0.0010658576589808177,0.3163754173340426
MSFT,2019-02-06,2018-08-07,2019-02-06,126,-0.022921084028208583,0.316766530717181
MSFT,2019-02-07,2018-08-08,2019-02-07,126,-0.05113232477003926,0.31676597019842095
MSFT,2019-02-08,2018-08-09,2019-02-08,126,-0.05472135333377892,0.3167100060054874
MSFT,2019-02-11,2018-08-13,2019-02-11,125,-0.05414510786851812,0.3179070938809989
MSFT,2019-02-12,2018-08-13,2019-02-12,126,-0.022792225507194175,0.3174081010203188
MSFT,2019-02-13,2018-08-14,2019-02-13,126,-0.009741245620197958,0.3172444768514433
MSFT,2019-02-14,2018-08-15,2019-02-14,126,-0.03285316200497057,0.3167517102303653
MSFT,2019-02-15,2018-08-16,2019-02-15,126,0.018997772239901067,0.31664227287716695
MSFT,2019-02-19,2018-08-20,2019-02-19,125,0.01971650953680563,0.3179159144212648
MSFT,2019-02-20,2018-08-21,2019-02-20,125,0.022556902645683493,0.31786186173598907
MSFT,2019-02-21,2018-08-22,2019-02-21,125,0.08149506942476603,0.31899043489234913
MSFT,2019-02-22,2018-08-23,2019-02-22,125,0.08959680377581683,0.31929263099818483
MSFT,2019-02-25,2018-08-27,2019-02-25,124,0.07636356051362844,0.3204384579043809
MSFT,2019-02-26,2018-08-27,2019-02-26,125,0.08961564867605117,0.3192802003221616
MSFT,2019-02-27,2018-08-28,2019-02-27,125,0.06400934813379733,0.31892802712642865
MSFT,2019-02-28,2018-08-29,2019-02-28,125,0.049388035648663446,0.3188285360830998
MSFT,2019-03-01,2018-09-04,2019-03-01,123,0.021206917840800435,0.32066273667330963
MSFT,2019-03-04,2018-09-05,2019-03-04,123,0.02762545190369294,0.3205806851232044
MSFT,2019-03-05,2018-09-06,2019-03-05,123,0.07730268939510773,0.31786123680058015
MSFT,2019-03-06,2018-09-07,2019-03-06,123,0.07350385899280402,0.31784827830422446
MSFT,2019-03-07,2018-09-10,2019-03-07,123,0.058427762167535854,0.3182701169988426
MSFT,2019-03-08,2018-09-10,2019-03-08,124,0.060164274984875886,0.3169760362287556
MSFT,2019-03-11,2018-09-12,2019-03-11,123,0.04663979321877199,0.3183845022981901
MSFT,2019-03-12,2018-09-13,2019-03-12,123,0.0522971250599868,0.3184812349352073
MSFT,2019-03-13,2018-09-14,2019-03-13,123,0.04621205844076605,0.3183077318677248
MSFT,2019-03-14,2018-09-17,2019-03-14,123,0.03949278979441911,0.31825972164080096
MSFT,2019-03-15,2018-09-17,2019-03-15,124,0.062450796839061344,0.31737219872867706
MSFT,2019-03-18,2018-09-19,2019-03-18,123,0.09498476752110047,0.31861566338663844
MSFT,2019-03-19,2018-09-20,2019-03-19,123,0.12388906021359516,0.31799237116578666
MSFT,2019-03-20,2018-09-21,2019-03-20,123,0.08760875850969653,0.3171482413977629
MSFT,2019-03-21,2018-09-24,2019-03-21,123,0.12173712075384982,0.31866034459928966
MSFT,2019-03-22,2018-09-24,2019-03-22,124,0.0664494594492211,0.31972324577498473
MSFT,2019-03-25,2018-09-26,2019-03-25,123,0.07423457313571312,0.3210580885385859
MSFT,2019-03-26,2018-09-27,2019-03-26,123,0.08701349911523987,0.3210052638710438
MSFT,2019-03-27,2018-09-28,2019-03-27,123,0.05939394760067278,0.32128840435206674
MSFT,2019-03-28,2018-10-01,2019-03-28,123,0.06291590491215711,0.32129135780123413
MSFT,2019-03-29,2018-10-01,2019-03-29,124,0.0798870607245592,0.32020400941501226
MSFT,2019-04-01,2018-10-02,2019-04-01,124,0.07649757653084807,0.3201011296291764
MSFT,2019-04-02,2018-10-03,2019-04-02,124,0.08750023748397623,0.3200455071958991
MSFT,2019-04-03,2018-10-04,2019-04-03,124,0.10040315555096603,0.3201664199438438
MSFT,2019-04-04,2018-10-05,2019-04-04,124,0.1324801255844628,0.31880484978408974
MSFT,2019-04-05,2018-10-08,2019-04-05,124,0.1534114911261457,0.3187196933743077
MSFT,2019-04-08,2018-10-09,2019-04-08,124,0.1774218186303208,0.31824618378502945
MSFT,2019-04-09,2018-10-10,2019-04-09,124,0.14068987159811883,0.3179002463814965
MSFT,2019-04-10,2018-10-11,2019-04-10,124,0.2696776791622204,0.3075255643926724
MSFT,2019-04-11,2018-10-12,2019-04-11,124,0.27683552051992116,0.3074861125507402
MSFT,2019-04-12,2018-10-15,2019-04-12,124,0.2182363331749112,0.3038965711762768
MSFT,2019-04-15,2018-10-16,2019-04-15,124,0.2567869967823287,0.30266627486609704
MSFT,2019-04-16,2018-10-17,2019-04-16,124,0.1888583358246861,0.29959331615202345
MSFT,2019-04-17,2018-10-18,2019-04-17,124,0.210932434583145,0.29974346484483644
MSFT,2019-04-18,2018-10-19,2019-04-18,124,0.2784405251367153,0.29871405512436405
MSFT,2019-04-22,2018-10-23,2019-04-22,123,0.26594365381061086,0.29974017750861276
MSFT,2019-04-23,2018-10-24,2019-04-23,123,0.3223622048162737,0.29946435985055725
MSFT,2019-04-24,2018-10-25,2019-04-24,123,0.4279102072770191,0.28835588916412364
MSFT,2019-04-25,2018-10-26,2019-04-25,123,0.3782901829274861,0.2807805858365441
MSFT,2019-04-26,2018-10-29,2019-04-26,123,0.41550355796934363,0.28011927541786097
MSFT,2019-04-29,2018-10-30,2019-04-29,123,0.4740643760232931,0.27651706402280596
MSFT,2019-04-30,2018-10-31,2019-04-30,123,0.48949510170588545,0.2765563224791166
MSFT,2019-05-01,2018-11-02,2019-05-01,122,0.40687785027604145,0.27642960770246666
MSFT,2019-05-02,2018-11-05,2019-05-02,122,0.37505018974728427,0.27724015893110737
MSFT,2019-05-03,2018-11-05,2019-05-03,123,0.41520951353595303,0.2775234664843907
MSFT,2019-05-06,2018-11-07,2019-05-06,122,0.37642688784595174,0.2784146764997391
MSFT,2019-05-07,2018-11-08,2019-05-07,122,0.253850910843662,0.27498237401296705
MSFT,2019-05-08,2018-11-09,2019-05-08,122,0.2575640647888974,0.27495523518206244
MSFT,2019-05-09,2018-11-12,2019-05-09,122,0.2980921237378948,0.2733166448087381
MSFT,2019-05-10,2018-11-12,2019-05-10,123,0.32210729824343753,0.27271079083211447
MSFT,2019-05-13,2018-11-14,2019-05-13,122,0.3125837861670664,0.2749790728710666
MSFT,2019-05-14,2018-11-15,2019-05-14,122,0.3650666664566792,0.2744159681950817
MSFT,2019-05-15,2018-11-16,2019-05-15,122,0.34898888092605035,0.27344194552052525
MSFT,2019-05-16,2018-11-19,2019-05-16,122,0.3767880511695631,0.27494053289656684
MSFT,2019-05-17,2018-11-19,2019-05-17,123,0.3600130294522076,0.2740621066498916
MSFT,2019-05-20,2018-11-21,2019-05-20,122,0.46239334567456164,0.26777995326754506
MSFT,2019-05-21,2018-11-23,2019-05-21,122,0.44525380371913076,0.26728121930184073
MSFT,2019-05-22,2018-11-23,2019-05-22,123,0.45402784890992814,0.26625412302316065
MSFT,2019-05-23,2018-11-26,2019-05-23,123,0.43077102940178214,0.2669418140832546
MSFT,2019-05-24,2018-11-26,2019-05-24,124,0.42826325251531216,0.2658602901617761
MSFT,2019-05-28,2018-11-29,2019-05-28,122,0.27863909794418135,0.25930625412110936
MSFT,2019-05-29,2018-11-30,2019-05-29,122,0.2759276265298386,0.25941336217735234
MSFT,2019-05-30,2018-12-03,2019-05-30,122,0.2758669249050326,0.259412129921254
MSFT,2019-05-31,2018-12-03,2019-05-31,123,0.23994371938953887,0.25956296569834214
MSFT,2019-06-03,2018-12-04,2019-06-03,123,0.15327299033435074,0.26329594493769737
MSFT,2019-06-04,2018-12-06,2019-06-04,123,0.27557367011018513,0.2617123709948789
MSFT,2019-06-05,2018-12-06,2019-06-05,124,0.31693814870726006,0.2622564375281508
MSFT,2019-06-06,2018-12-07,2019-06-06,124,0.3363182372286934,0.2629726465316536
MSFT,2019-06-07,2018-12-10,2019-06-07,124,0.4754631358258165,0.25854984365205536
MSFT,2019-06-10,2018-12-11,2019-06-10,124,0.4409305289424526,0.256417816835128
MSFT,2019-06-11,2018-12-12,2019-06-11,124,0.4144509135423981,0.25630953881782786
MSFT,2019-06-12,2018-12-13,2019-06-12,124,0.39589509611661217,0.25643146435764225
MSFT,2019-06-13,2018-12-14,2019-06-13,124,0.40180149920222896,0.25650707446833265
MSFT,2019-06-14,2018-12-17,2019-06-14,124,0.46831321668132636,0.2519951861111558
MSFT,2019-06-17,2018-12-18,2019-06-17,124,0.5355343319549727,0.24778775562566097
MSFT,2019-06-18,2018-12-19,2019-06-18,124,0.5493465298326036,0.24844368223153693
MSFT,2019-06-19,2018-12-20,2019-06-19,124,0.5627798839460103,0.24835653693267135
MSFT,2019-06-20,2018-12-21,2019-06-20,124,0.6247470671520422,0.24624506406506802
MSFT,2019-06-21,2018-12-24,2019-06-21,124,0.6917942090049137,0.24098390793912294
MSFT,2019-06-24,2018-12-26,2019-06-24,124,0.790421192459572,0.23202480495945232
MSFT,2019-06-25,2018-12-26,2019-06-25,125,0.7194232708388388,0.2364354085515406
MSFT,2019-06-26,2018-12-27,2019-06-26,125,0.5937511116343752,0.21844202433310184
MSFT,2019-06-27,2018-12-28,2019-06-27,125,0.5846679812639382,0.21837680083941013
MSFT,2019-06-28,2018-12-31,2019-06-28,125,0.597612845328465,0.2179596812034365
MSFT,2019-07-01,2019-01-02,2019-07-01,125,0.5997754942438088,0.21805814157207365
MSFT,2019-07-02,2019-01-03,2019-07-02,125,0.6220554125802541,0.21792020704190848
MSFT,2019-07-03,2019-01-04,2019-07-03,125,0.7105657048237894,0.21034771322310564
MSFT,2019-07-05,2019-01-07,2019-07-05,125,0.6130430107468016,0.20144456644954972
MSFT,2019-07-08,2019-01-09,2019-07-08,124,0.5992316389555126,0.2021874480081056
MSFT,2019-07-09,2019-01-10,2019-07-09,124,0.5629438718624555,0.20165036448000156
MSFT,2019-07-10,2019-01-11,2019-07-10,124,0.5966407553107095,0.2015734254462036
MSFT,2019-07-11,2019-01-14,2019-07-11,124,0.6204867380050102,0.20105995060628384
MSFT,2019-07-12,2019-01-14,2019-07-12,125,0.622792943366027,0.2002541710496559
MSFT,2019-07-15,2019-01-16,2019-07-15,124,0.5845890775612619,0.19707869519484872
MSFT,2019-07-16,2019-01-17,2019-07-16,124,0.5506371543749878,0.1983059659554964
MSFT,2019-07-17,2019-01-18,2019-07-17,124,0.524371204334058,0.1985191451225477
MSFT,2019-07-18,2019-01-22,2019-07-18,124,0.4963842874803594,0.19767014677960293
MSFT,2019-07-19,2019-01-22,2019-07-19,125,0.49536572768784715,0.196872783231779
MSFT,2019-07-22,2019-01-23,2019-07-22,125,0.5602578216959595,0.1951953260117679
MSFT,2019-07-23,2019-01-24,2019-07-23,125,0.5531896399865643,0.19498579773510866
MSFT,2019-07-24,2019-01-25,2019-07-24,125,0.5834385411660068,0.19505711262713585
MSFT,2019-07-25,2019-01-28,2019-07-25,125,0.5575024419114263,0.1950040454804268
MSFT,2019-07-26,2019-01-28,2019-07-26,126,0.5694173555107493,0.19440511236781344
MSFT,2019-07-29,2019-01-30,2019-07-29,125,0.650730159070781,0.1899284288428779
MSFT,2019-07-30,2019-01-31,2019-07-30,125,0.5747174321806139,0.18519449299781318
MSFT,2019-07-31,2019-02-01,2019-07-31,125,0.5525400629757787,0.18833517710718248
MSFT,2019-08-01,2019-02-04,2019-08-01,125,0.6109568036296393,0.18716001595767115
MSFT,2019-08-02,2019-02-04,2019-08-02,126,0.5892325107221588,0.18704174146926278
MSFT,2019-08-05,2019-02-06,2019-08-05,125,0.43840925860998436,0.19062132119917902
MSFT,2019-08-06,2019-02-07,2019-08-06,125,0.4983758848073979,0.19120806728198336
MSFT,2019-08-07,2019-02-08,2019-08-07,125,0.521689318258645,0.19078536189703585
MSFT,2019-08-08,2019-02-11,2019-08-08,125,0.5671364251863421,0.19385918528898133
MSFT,2019-08-09,2019-02-11,2019-08-09,126,0.545570820826546,0.19368342803875077
MSFT,2019-08-12,2019-02-13,2019-08-12,125,0.49848807146727303,0.19469083316418068
MSFT,2019-08-13,2019-02-14,2019-08-13,125,0.5412903988104233,0.1964127362751806
MSFT,2019-08-14,2019-02-15,2019-08-14,125,0.47794837445260335,0.20182878430406104
MSFT,2019-08-15,2019-02-19,2019-08-15,125,0.4486883134310755,0.20136400901642018
MSFT,2019-08-16,2019-02-19,2019-08-16,126,0.4814500455243458,0.20189044048449456
MSFT,2019-08-19,2019-02-20,2019-08-19,126,0.5155943035302304,0.20292692937115345
MSFT,2019-08-20,2019-02-21,2019-08-20,126,0.509332744384583,0.20320081450133903
MSFT,2019-08-21,2019-02-22,2019-08-21,126,0.4897576786155309,0.2018371142542229
MSFT,2019-08-22,2019-02-25,2019-08-22,126,0.44683481501575706,0.20150058623846706
MSFT,2019-08-23,2019-02-25,2019-08-23,127,0.3790644858374891,0.20638526721849107
MSFT,2019-08-26,2019-02-27,2019-08-26,126,0.38782792000325017,0.20791562619842482
MSFT,2019-08-27,2019-02-28,2019-08-27,126,0.3954900835446953,0.20786617869991203
MSFT,2019-08-28,2019-03-01,2019-08-28,126,0.39533322895483636,0.2078683519436025
MSFT,2019-08-29,2019-03-01,2019-08-29,127,0.42934305625876473,0.2084448255553266
MSFT,2019-08-30,2019-03-01,2019-08-30,128,0.42227950270497727,0.20768357695279246
MSFT,2019-09-03,2019-03-04,2019-09-03,128,0.3873489328589806,0.20870236358190822
MSFT,2019-09-04,2019-03-05,2019-09-04,128,0.41495452695027846,0.20910418984409293
MSFT,2019-09-05,2019-03-06,2019-09-05,128,0.45911656230770814,0.2100557320302414
MSFT,2019-09-06,2019-03-07,2019-09-06,128,0.44483497326844906,0.21039623409939806
MSFT,2019-09-09,2019-03-11,2019-09-09,127,0.4478113719370229,0.2111214657285012
MSFT,2019-09-10,2019-03-11,2019-09-10,128,0.42358933524733455,0.2109960199754406
MSFT,2019-09-11,2019-03-12,2019-09-11,128,0.3832636499349533,0.2092680066425528
MSFT,2019-09-12,2019-03-13,2019-09-12,128,0.3896723258526016,0.20948615625521746
MSFT,2019-09-13,2019-03-14,2019-09-13,128,0.37161876989107157,0.2093454471563925
MSFT,2019-09-16,2019-03-18,2019-09-16,127,0.3359014852087691,0.21004730538387642
MSFT,2019-09-17,2019-03-18,2019-09-17,128,0.34852488334073184,0.2094120572414287
MSFT,2019-09-18,2019-03-19,2019-09-18,128,0.33665663890625197,0.2088488886421629
MSFT,2019-09-19,2019-03-20,2019-09-19,128,0.37123031008818486,0.21018875884172186
MSFT,2019-09-20,2019-03-21,2019-09-20,128,0.3505261889635246,0.21096130418079745
MSFT,2019-09-23,2019-03-25,2019-09-23,127,0.3569636248779354,0.20589499003421088
MSFT,2019-09-24,2019-03-25,2019-09-24,128,0.3291134368528653,0.2060410591801794
MSFT,2019-09-25,2019-03-26,2019-09-25,128,0.34705207689544526,0.20677789043894043
MSFT,2019-09-26,2019-03-27,2019-09-26,128,0.34541496006256983,0.20677523628495809
MSFT,2019-09-27,2019-03-28,2019-09-27,128,0.3388383604234648,0.20718333397659897
MSFT,2019-09-30,2019-04-01,2019-09-30,127,0.34036457563347383,0.20806225861336428
MSFT,2019-10-01,2019-04-02,2019-10-01,127,0.294104404596947,0.2089121626343418
MSFT,2019-10-02,2019-04-03,2019-10-02,127,0.25592677785428164,0.2106153124091886
MSFT,2019-10-03,2019-04-04,2019-10-03,127,0.2668598549650399,0.2110460352308926
MSFT,2019-10-04,2019-04-05,2019-10-04,127,0.3035866423101846,0.21157595225523135
MSFT,2019-10-07,2019-04-08,2019-10-07,127,0.28037686664996736,0.21186064571557423
MSFT,2019-10-08,2019-04-09,2019-10-08,127,0.25862043188759287,0.2125032967592282
MSFT,2019-10-09,2019-04-10,2019-10-09,127,0.30664045260513473,0.21376232794498623
MSFT,2019-10-10,2019-04-11,2019-10-10,127,0.3038651212540881,0.21368786009130164
MSFT,2019-10-11,2019-04-12,2019-10-11,127,0.3098121654500825,0.21372839457429707
MSFT,2019-10-14,2019-04-15,2019-10-14,127,0.2977664960066204,0.21367734411169997
MSFT,2019-10-15,2019-04-16,2019-10-15,127,0.32464310554398335,0.21448264404060247
MSFT,2019-10-16,2019-04-17,2019-10-16,127,0.31291280110887143,0.21484267188234446
MSFT,2019-10-17,2019-04-18,2019-10-17,127,0.28634923752695024,0.2147973701113919
MSFT,2019-10-18,2019-04-22,2019-10-18,127,0.22779270906353113,0.2155438429987511
MSFT,2019-10-21,2019-04-22,2019-10-21,128,0.24057319569470315,0.21488670262442716
MSFT,2019-10-22,2019-04-23,2019-10-22,128,0.20484214493081374,0.21602365029664541
MSFT,2019-10-23,2019-04-24,2019-10-23,128,0.19081664342074656,0.2154249728405326
MSFT,2019-10-24,2019-04-25,2019-10-24,128,0.23593360020208531,0.21693474856390701
MSFT,2019-10-25,2019-04-26,2019-10-25,128,0.18287322344409113,0.21238209399587493
MSFT,2019-10-28,2019-04-29,2019-10-28,128,0.21944283057170577,0.21483276077128313
MSFT,2019-10-29,2019-04-30,2019-10-29,128,0.20260572512853484,0.21530914785741334
MSFT,2019-10-30,2019-05-01,2019-10-30,128,0.21443669792854794,0.2157822899285752
MSFT,2019-10-31,2019-05-01,2019-10-31,129,0.1959512147000795,0.2153442722853103
MSFT,2019-11-01,2019-05-02,2019-11-01,129,0.241829798872074,0.2131488470925466
MSFT,2019-11-04,2019-05-06,2019-11-04,128,0.2394146974569943,0.21127471266293518
MSFT,2019-11-05,2019-05-06,2019-11-05,129,0.23634253974210306,0.21045928121821111
MSFT,2019-11-06,2019-05-07,2019-11-06,129,0.2423259644599998,0.21030869143666592
MSFT,2019-11-07,2019-05-08,2019-11-07,129,0.28554409396489244,0.20807632623824704
MSFT,2019-11-08,2019-05-09,2019-11-08,129,0.3085855410045861,0.20859339786260322
MSFT,2019-11-11,2019-05-13,2019-11-11,128,0.28776940762156067,0.20875364171009225
MSFT,2019-11-12,2019-05-13,2019-11-12,129,0.29833274951764127,0.2080739042590435
MSFT,2019-11-13,2019-05-14,2019-11-13,129,0.36048138254935286,0.20332859157643038
MSFT,2019-11-14,2019-05-15,2019-11-14,129,0.34866889949871566,0.20293621874246148
MSFT,2019-11-15,2019-05-16,2019-11-15,129,0.3463907904165556,0.2028001644623866
MSFT,2019-11-18,2019-05-20,2019-11-18,128,0.3221787200134518,0.20102060376623407
MSFT,2019-11-19,2019-05-20,2019-11-19,129,0.32033117412260737,0.20023819057051148
MSFT,2019-11-20,2019-05-21,2019-11-20,129,0.34536448290916555,0.19904217893712772
MSFT,2019-11-21,2019-05-22,2019-11-21,129,0.33303977495830595,0.1989877325527928
MSFT,2019-11-22,2019-05-23,2019-11-22,129,0.32265946820247027,0.19887774050723034
MSFT,2019-11-25,2019-05-28,2019-11-25,128,0.3688221436727904,0.1992520436456251
MSFT,2019-11-26,2019-05-28,2019-11-26,129,0.3762700704729932,0.19854371325507597
MSFT,2019-11-27,2019-05-28,2019-11-27,130,0.3770692951151088,0.19777349986922954
MSFT,2019-11-29,2019-05-30,2019-11-29,129,0.3881213465704654,0.198189978363502
MSFT,2019-12-02,2019-06-03,2019-12-02,128,0.38716332677264376,0.1981784541919897
MSFT,2019-12-03,2019-06-04,2019-12-03,128,0.4460961018506867,0.19263835360774975
MSFT,2019-12-04,2019-06-05,2019-12-04,128,0.3994040341243802,0.18923938872897492
MSFT,2019-12-05,2019-06-06,2019-12-05,128,0.3582302687223236,0.1871473446135461
MSFT,2019-12-06,2019-06-07,2019-12-06,128,0.3510926102181987,0.18666734823197068
MSFT,2019-12-09,2019-06-10,2019-12-09,128,0.291643581298617,0.18302076369429002
MSFT,2019-12-10,2019-06-11,2019-12-10,128,0.2707521401850873,0.18271341998504723
MSFT,2019-12-11,2019-06-12,2019-12-11,128,0.28560127964092874,0.18262243939151673
MSFT,2019-12-12,2019-06-13,2019-12-12,128,0.3145985496614556,0.18286953303095482
MSFT,2019-12-13,2019-06-14,2019-12-13,128,0.31871372998987957,0.1830074045040036
MSFT,2019-12-16,2019-06-17,2019-12-16,128,0.329479694142973,0.18315143982876414
MSFT,2019-12-17,2019-06-18,2019-12-17,128,0.3128808496429159,0.18337733821874852
MSFT,2019-12-18,2019-06-19,2019-12-18,128,0.2748655727103003,0.18203149968720486
MSFT,2019-12-19,2019-06-20,2019-12-19,128,0.28417719171789113,0.1822977931814
MSFT,2019-12-20,2019-06-21,2019-12-20,128,0.28735703274702595,0.18245449250495147
MSFT,2019-12-23,2019-06-24,2019-12-23,128,0.2870700564059416,0.1824561837265543
MSFT,2019-12-24,2019-06-25,2019-12-24,128,0.27508690281164405,0.18234115828723688
MSFT,2019-12-26,2019-06-27,2019-12-26,127,0.3496855148451865,0.1771302025657353
MSFT,2019-12-27,2019-06-28,2019-12-27,127,0.3500522045626377,0.17713092285061008
MSFT,2019-12-30,2019-07-01,2019-12-30,127,0.33568926526305093,0.17765300171421747
MSFT,2019-12-31,2019-07-01,2019-12-31,128,0.334440824073455,0.17695443513998854
SPY,2018-01-02,2017-07-03,2018-01-02,127,0.21008637071162575,0.06317627881340844
SPY,2018-01-03,2017-07-05,2018-01-03,127,0.21797605931865324,0.06361894940009209
SPY,2018-01-04,2017-07-05,2018-01-04,128,0.22459278314613956,0.0635432108693945
SPY,2018-01-05,2017-07-06,2018-01-05,128,0.23512134481334473,0.06410963980641117
SPY,2018-01-08,2017-07-10,2018-01-08,127,0.24557732353992018,0.06232986767392151
SPY,2018-01-09,2017-07-10,2018-01-09,128,0.24681379386596433,0.062090243344911616
SPY,2018-01-10,2017-07-11,2018-01-10,128,0.2428251279654463,0.062158832556799055
SPY,2018-01-11,2017-07-12,2018-01-11,128,0.25828954961943185,0.06269789075076361
SPY,2018-01-12,2017-07-13,2018-01-12,128,0.257034583484408,0.06257652204380959
SPY,2018-01-16,2017-07-17,2018-01-16,127,0.23908689597621427,0.06291750073004805
SPY,2018-01-17,2017-07-18,2018-01-17,127,0.257691123508823,0.06400494458818602
SPY,2018-01-18,2017-07-19,2018-01-18,127,0.2534437364845685,0.06410324558956594
SPY,2018-01-19,2017-07-20,2018-01-19,127,0.2513800295569756,0.06397632679171057
SPY,2018-01-22,2017-07-24,2018-01-22,126,0.2703517163737068,0.06494671901681882
SPY,2018-01-23,2017-07-24,2018-01-23,127,0.27259698503600144,0.06470811491226962
SPY,2018-01-24,2017-07-25,2018-01-24,127,0.27355089504183555,0.06468014119448241
SPY,2018-01-25,2017-07-26,2018-01-25,127,0.2689623735083564,0.0646315027422483
SPY,2018-01-26,2017-07-27,2018-01-26,127,0.29175939444180415,0.06635483818864578
SPY,2018-01-29,2017-07-31,2018-01-29,126,0.2850763322834524,0.06738926751546313
SPY,2018-01-30,2017-07-31,2018-01-30,127,0.2612455399775071,0.06922050372141961
SPY,2018-01-31,2017-08-01,2018-01-31,127,0.2636887314563519,0.06917956965613638
SPY,2018-02-01,2017-08-02,2018-02-01,127,0.25794958782382527,0.06918272492493509
SPY,2018-02-02,2017-08-03,2018-02-02,127,0.21425660816058933,0.07601826418973431
SPY,2018-02-05,2017-08-07,2018-02-05,126,0.13262623129999085,0.09716391625290041
SPY,2018-02-06,2017-08-07,2018-02-06,127,0.16603701722045047,0.09964170521968164
SPY,2018-02-07,2017-08-08,2018-02-07,127,0.15285989170959263,0.09994553131821762
SPY,2018-02-08,2017-08-09,2018-02-08,127,0.0819274371969878,0.11374814014318362
SPY,2018-02-09,2017-08-10,2018-02-09,127,0.11238520442765167,0.11563238201201828
SPY,2018-02-12,2017-08-14,2018-02-12,126,0.16658421073573315,0.11573180662069997
SPY,2018-02-13,2017-08-14,2018-02-13,127,0.17054394006677498,0.11530590881076408
SPY,2018-02-14,2017-08-15,2018-02-14,127,0.17761142502723365,0.11598930292983768
SPY,2018-02-15,2017-08-16,2018-02-15,127,0.20234297079596586,0.11710389874923088
SPY,2018-02-16,2017-08-17,2018-02-16,127,0.1998815609273696,0.1170980615145769
SPY,2018-02-20,2017-08-21,2018-02-20,126,0.22444498479388386,0.11558840707309032
SPY,2018-02-21,2017-08-22,2018-02-21,126,0.21113752807950803,0.11593714111391674
SPY,2018-02-22,2017-08-23,2018-02-22,126,0.19346746001123272,0.11521863012230596
SPY,2018-02-23,2017-08-24,2018-02-23,126,0.23198519917824534,0.11703302285684009
SPY,2018-02-26,2017-08-28,2018-02-26,125,0.2581308518520931,0.11842401341245516
SPY,2018-02-27,2017-08-28,2018-02-27,126,0.23087822192719543,0.11951320385632447
SPY,2018-02-28,2017-08-29,2018-02-28,126,0.20779822938573567,0.12069760521699936
SPY,2018-03-01,2017-09-05,2018-03-01,123,0.15789685335370662,0.12344023058064042
SPY,2018-03-02,2017-09-05,2018-03-02,124,0.1670440993487969,0.1231047540889238
SPY,2018-03-05,2017-09-06,2018-03-05,124,0.20462067918316046,0.12339847608639681
SPY,2018-03-06,2017-09-07,2018-03-06,124,0.20373193361860575,0.12338331446830718
SPY,2018-03-07,2017-09-08,2018-03-07,124,0.2028004885766399,0.12339086890030153
SPY,2018-03-08,2017-09-11,2018-03-08,124,0.21529627304163615,0.12347244532867592
SPY,2018-03-09,2017-09-11,2018-03-09,125,0.24821218992190575,0.12513962992391864
SPY,2018-03-12,2017-09-13,2018-03-12,124,0.2188889913683136,0.12484886134820973
SPY,2018-03-13,2017-09-14,2018-03-13,124,0.2045172817010471,0.1252666516920298
SPY,2018-03-14,2017-09-15,2018-03-14,124,0.19502799102635307,0.1255645534413899
SPY,2018-03-15,2017-09-18,2018-03-15,124,0.19963348028276634,0.12546713805685383
SPY,2018-03-16,2017-09-18,2018-03-16,125,0.19345946012624138,0.1250358312472854
SPY,2018-03-19,2017-09-20,2018-03-19,124,0.16067122910495807,0.12735810591042976
SPY,2018-03-20,2017-09-21,2018-03-20,124,0.16242957491906004,0.12736399851992794
SPY,2018-03-21,2017-09-22,2018-03-21,124,0.16501019604143544,0.12730212257918097
SPY,2018-03-22,2017-09-25,2018-03-22,124,0.11195154772296365,0.13262648696077814
SPY,2018-03-23,2017-09-25,2018-03-23,125,0.06835935113414712,0.13561169178212235
SPY,2018-03-26,2017-09-27,2018-03-26,124,0.127594357511106,0.14126204266470052
SPY,2018-03-27,2017-09-28,2018-03-27,124,0.08389442147778668,0.14345865147427703
SPY,2018-03-28,2017-09-29,2018-03-28,124,0.07545235400867481,0.14351736917084915
SPY,2018-03-29,2017-10-02,2018-03-29,124,0.09576867135408947,0.14470802782689043
SPY,2018-04-02,2017-10-03,2018-04-02,124,0.0420026181093229,0.14827013928195976
SPY,2018-04-03,2017-10-04,2018-04-03,124,0.06310411577399648,0.1492961406985826
SPY,2018-04-04,2017-10-05,2018-04-04,124,0.08395355172364535,0.1501589270296712
SPY,2018-04-05,2017-10-06,2018-04-05,124,0.08635353685255673,0.1502563062687588
SPY,2018-04-06,2017-10-09,2018-04-06,124,0.04292559076934952,0.15362998845214906
SPY,2018-04-09,2017-10-10,2018-04-09,124,0.05396422277768647,0.1536816257232794
SPY,2018-04-10,2017-10-11,2018-04-10,124,0.0829401180592494,0.1554200640956157
SPY,2018-04-11,2017-10-12,2018-04-11,124,0.06809031930173716,0.15562640918906048
SPY,2018-04-12,2017-10-13,2018-04-12,124,0.08828240619534693,0.15602571465013804
SPY,2018-04-13,2017-10-16,2018-04-13,124,0.08060550099994426,0.1560916327705492
SPY,2018-04-16,2017-10-17,2018-04-16,124,0.0934677869115384,0.15647196842880348
SPY,2018-04-17,2017-10-18,2018-04-17,124,0.11361738221785014,0.1571473661710641
SPY,2018-04-18,2017-10-19,2018-04-18,124,0.11371721609998013,0.15714759336694797
SPY,2018-04-19,2017-10-20,2018-04-19,124,0.10148556133587575,0.157384930594529
SPY,2018-04-20,2017-10-23,2018-04-20,124,0.07369312488639265,0.1577457318154682
SPY,2018-04-23,2017-10-24,2018-04-23,124,0.08183055679940386,0.1576283789918924
SPY,2018-04-24,2017-10-25,2018-04-24,124,0.05121333647029658,0.1588298674956903
SPY,2018-04-25,2017-10-26,2018-04-25,124,0.0644192158842833,0.15869170003431718
SPY,2018-04-26,2017-10-27,2018-04-26,124,0.08290138032082078,0.15933889689360578
SPY,2018-04-27,2017-10-30,2018-04-27,124,0.06896771842992874,0.1589607222802912
SPY,2018-04-30,2017-10-31,2018-04-30,124,0.05867718073063258,0.15934530132466942
SPY,2018-05-01,2017-11-02,2018-05-01,123,0.059119084284511104,0.1600161391739173
SPY,2018-05-02,2017-11-03,2018-05-02,123,0.043707129932416454,0.16037159448194444
SPY,2018-05-03,2017-11-06,2018-05-03,123,0.032809492207807704,0.1603469798642093
SPY,2018-05-04,2017-11-06,2018-05-04,124,0.058721464081086784,0.16072494053815484
SPY,2018-05-07,2017-11-08,2018-05-07,123,0.06393203794036338,0.1614396121727929
SPY,2018-05-08,2017-11-09,2018-05-08,123,0.06043365898677283,0.1614318285298314
SPY,2018-05-09,2017-11-10,2018-05-09,123,0.08758624522500495,0.16190837770655872
SPY,2018-05-10,2017-11-13,2018-05-10,123,0.10821592607620761,0.1624345269297319
SPY,2018-05-11,2017-11-13,2018-05-11,124,0.11149530831654325,0.16178923129988135
SPY,2018-05-14,2017-11-15,2018-05-14,123,0.1166663280780949,0.16240743117986003
SPY,2018-05-15,2017-11-16,2018-05-15,123,0.11358484365064041,0.16253177115307668
SPY,2018-05-16,2017-11-17,2018-05-16,123,0.10509641785158963,0.1622179965564141
SPY,2018-05-17,2017-11-20,2018-05-17,123,0.10916009310799375,0.16216794181502603
SPY,2018-05-18,2017-11-20,2018-05-18,124,0.10308648280631522,0.1615635617628397
SPY,2018-05-21,2017-11-22,2018-05-21,123,0.10299791470319121,0.16228996022501474
SPY,2018-05-22,2017-11-24,2018-05-22,123,0.09797817642211111,0.16236135678288283
SPY,2018-05-23,2017-11-24,2018-05-23,124,0.10379769197725448,0.1617515254681861
SPY,2018-05-24,2017-11-27,2018-05-24,124,0.09553051067590404,0.1617692661238452
SPY,2018-05-25,2017-11-27,2018-05-25,125,0.09023802869140553,0.1611587626765625
SPY,2018-05-29,2017-11-30,2018-05-29,123,0.04895732021743878,0.1627834572537645
SPY,2018-05-30,2017-12-01,2018-05-30,123,0.057683464182200446,0.1633447760607537
SPY,2018-05-31,2017-12-01,2018-05-31,124,0.0436819838431622,0.1629756356466223
SPY,2018-06-01,2017-12-04,2018-06-01,124,0.06977961542215864,0.1636537308998294
SPY,2018-06-04,2017-12-05,2018-06-04,124,0.08095698215217594,0.16375206986849675
SPY,2018-06-05,2017-12-06,2018-06-05,124,0.09000197520932218,0.16365164966329054
SPY,2018-06-06,2017-12-07,2018-06-06,124,0.10752268701123202,0.16406426339099217
SPY,2018-06-07,2017-12-08,2018-06-07,124,0.10017455304231825,0.16402537098549266
SPY,2018-06-08,2017-12-11,2018-06-08,124,0.09525245055379639,0.1639054670523565
SPY,2018-06-11,2017-12-12,2018-06-11,124,0.09095742465121105,0.16385907836625985
SPY,2018-06-12,2017-12-13,2018-06-12,124,0.09135694324065012,0.16386229855351978
SPY,2018-06-13,2017-12-14,2018-06-13,124,0.08413993913621855,0.16397556887617037
SPY,2018-06-14,2017-12-15,2018-06-14,124,0.0976505390173256,0.16389825224761176
SPY,2018-06-15,2017-12-18,2018-06-15,124,0.07878547286364654,0.16402667356939066
SPY,2018-06-18,2017-12-19,2018-06-18,124,0.06354210678187161,0.1638997526853015
SPY,2018-06-19,2017-12-20,2018-06-19,124,0.06198400117407018,0.16393664256279428
SPY,2018-06-20,2017-12-21,2018-06-20,124,0.06686163926829496,0.16394400568190157
SPY,2018-06-21,2017-12-22,2018-06-21,124,0.05010454910945245,0.16418799592754993
SPY,2018-06-22,2017-12-26,2018-06-22,124,0.05485402241522878,0.16420245493912045
SPY,2018-06-25,2017-12-26,2018-06-25,125,0.026595215606868665,0.1647456169896318
SPY,2018-06-26,2017-12-27,2018-06-26,125,0.03305652566472637,0.16476423540890425
SPY,2018-06-27,2017-12-28,2018-06-27,125,0.013920472411331816,0.16522961510212789
SPY,2018-06-28,2017-12-29,2018-06-28,125,0.022512754536134452,0.16544309789699987
SPY,2018-06-29,2018-01-02,2018-06-29,125,0.034514015510224226,0.1652766701487537
SPY,2018-07-02,2018-01-03,2018-07-02,125,0.024010814179215773,0.16491895293964928
SPY,2018-07-03,2018-01-04,2018-07-03,125,0.0011559363458373184,0.16482837835873626
SPY,2018-07-05,2018-01-08,2018-07-05,124,-0.0037391698212190594,0.16556360506189036
SPY,2018-07-06,2018-01-08,2018-07-06,125,0.013411502255353668,0.16533648696873662
SPY,2018-07-09,2018-01-10,2018-07-09,124,0.025263977157889413,0.1664739534685325
SPY,2018-07-10,2018-01-11,2018-07-10,124,0.0345651915001998,0.16653411284099595
SPY,2018-07-11,2018-01-12,2018-07-11,124,0.005730968432300049,0.16655038283618093
SPY,2018-07-12,2018-01-16,2018-07-12,124,0.009936257049262143,0.16674671729302915
SPY,2018-07-13,2018-01-16,2018-07-13,125,0.01201663118853446,0.16607945373645305
SPY,2018-07-16,2018-01-17,2018-07-16,125,0.017114394875327746,0.16600818562362143
SPY,2018-07-17,2018-01-18,2018-07-17,125,0.006256919134064277,0.1655715037863422
SPY,2018-07-18,2018-01-19,2018-07-18,125,0.013674652360581832,0.16558384449770386
SPY,2018-07-19,2018-01-22,2018-07-19,125,-0.0029353010162076034,0.1655587411236562
SPY,2018-07-20,2018-01-22,2018-07-20,126,-0.004739653083460027,0.16490011228480567
SPY,2018-07-23,2018-01-24,2018-07-23,125,-0.021732894863022295,0.16515204735310102
SPY,2018-07-24,2018-01-25,2018-07-24,125,-0.010925139337321069,0.16529626200082953
SPY,2018-07-25,2018-01-26,2018-07-25,125,0.006099007865897761,0.16579716949841702
SPY,2018-07-26,2018-01-29,2018-07-26,125,-0.02373215762879093,0.16499620312195631
SPY,2018-07-27,2018-01-29,2018-07-27,126,-0.03668858803159303,0.1645900714280661
SPY,2018-07-30,2018-01-31,2018-07-30,125,-0.013022341871661125,0.16446072640696333
SPY,2018-07-31,2018-02-01,2018-07-31,125,-0.0041798380547994046,0.16460884985115415
SPY,2018-08-01,2018-02-02,2018-08-01,125,-0.005388262681426624,0.1646142493515626
SPY,2018-08-02,2018-02-05,2018-08-02,125,0.0477179485805409,0.16190758201480282
SPY,2018-08-03,2018-02-05,2018-08-03,126,0.05683254462062415,0.16138739270294947
SPY,2018-08-06,2018-02-07,2018-08-06,125,0.1137634316797469,0.148614496718109
SPY,2018-08-07,2018-02-08,2018-08-07,125,0.1294670337339049,0.14844840662276862
SPY,2018-08-08,2018-02-09,2018-08-08,125,0.20567289339729494,0.1378217094548552
SPY,2018-08-09,2018-02-12,2018-08-09,125,0.17284630000187268,0.13632319719311234
SPY,2018-08-10,2018-02-12,2018-08-10,126,0.1578232201757963,0.13619173412486862
SPY,2018-08-13,2018-02-14,2018-08-13,125,0.11783655349838995,0.13554686872380958
SPY,2018-08-14,2018-02-15,2018-08-14,125,0.10346252448394719,0.13452079111333837
SPY,2018-08-15,2018-02-16,2018-08-15,125,0.06390384115942402,0.13391059828018287
SPY,2018-08-16,2018-02-20,2018-08-16,125,0.07943534706192766,0.13437990960964522
SPY,2018-08-17,2018-02-20,2018-08-17,126,0.0855674399723565,0.1339115294049542
SPY,2018-08-20,2018-02-21,2018-08-20,126,0.10202104210243768,0.1336595710752326
SPY,2018-08-21,2018-02-22,2018-08-21,126,0.1171535033392832,0.13341695991704436
SPY,2018-08-22,2018-02-23,2018-08-22,126,0.11431759350560533,0.1334195433619262
SPY,2018-08-23,2018-02-26,2018-08-23,126,0.07925440458822663,0.13161915695447815
SPY,2018-08-24,2018-02-26,2018-08-24,127,0.09084783069583306,0.13135391389876033
SPY,2018-08-27,2018-02-28,2018-08-27,126,0.10868671820428943,0.12999549706784624
SPY,2018-08-28,2018-03-01,2018-08-28,126,0.13126050655169053,0.12896801273849626
SPY,2018-08-29,2018-03-01,2018-08-29,127,0.14163254071292525,0.12866607485360354
SPY,2018-08-30,2018-03-01,2018-08-30,128,0.13212750340749332,0.12833742520603836
SPY,2018-08-31,2018-03-01,2018-08-31,129,0.1315602638491972,0.12783576838838254
SPY,2018-09-04,2018-03-05,2018-09-04,128,0.14542761368903293,0.12673566240371656
SPY,2018-09-05,2018-03-06,2018-09-05,128,0.11840211432228903,0.12597015920541815
SPY,2018-09-06,2018-03-07,2018-09-06,128,0.10652910921577932,0.126044430236418
SPY,2018-09-07,2018-03-08,2018-09-07,128,0.10314892718648702,0.12609009192368215
SPY,2018-09-10,2018-03-12,2018-09-10,127,0.06427401809873204,0.12419217212408365
SPY,2018-09-11,2018-03-12,2018-09-11,128,0.07121154836067331,0.12380103326129491
SPY,2018-09-12,2018-03-13,2018-09-12,128,0.07442104524455609,0.12378160114118382
SPY,2018-09-13,2018-03-14,2018-09-13,128,0.09766516296331368,0.12364144339978225
SPY,2018-09-14,2018-03-15,2018-09-14,128,0.10921148341597883,0.12336578863334964
SPY,2018-09-17,2018-03-19,2018-09-17,127,0.10500151561145483,0.12407253151138393
SPY,2018-09-18,2018-03-19,2018-09-18,128,0.11474208985008227,0.123777917785168
SPY,2018-09-19,2018-03-20,2018-09-19,128,0.14533407577897017,0.12201201857780321
SPY,2018-09-20,2018-03-21,2018-09-20,128,0.15776695372778018,0.12242758130437491
SPY,2018-09-21,2018-03-22,2018-09-21,128,0.15161290828775714,0.12262605067699507
SPY,2018-09-24,2018-03-26,2018-09-24,127,0.2383195968230633,0.11338091438490973
SPY,2018-09-25,2018-03-26,2018-09-25,128,0.234025484310603,0.11297511006915176
SPY,2018-09-26,2018-03-27,2018-09-26,128,0.17477467953565334,0.10703622608433032
SPY,2018-09-27,2018-03-28,2018-09-27,128,0.214874617263888,0.10396422274483916
SPY,2018-09-28,2018-03-29,2018-09-28,128,0.2203318164066694,0.10384626539591665
SPY,2018-10-01,2018-04-02,2018-10-01,128,0.20044567328129592,0.10232376514168753
SPY,2018-10-02,2018-04-03,2018-10-02,128,0.24416756118425328,0.09685475465419886
SPY,2018-10-03,2018-04-04,2018-10-03,128,0.22083244245223557,0.09545395757942998
SPY,2018-10-04,2018-04-05,2018-10-04,128,0.18237642567735665,0.09504671664432539
SPY,2018-10-05,2018-04-06,2018-10-05,128,0.1577432755304863,0.09503547919320326
SPY,2018-10-08,2018-04-09,2018-10-08,128,0.20054522383814913,0.08943365314957437
SPY,2018-10-09,2018-04-10,2018-10-09,128,0.19118458087248705,0.0893844250897481
SPY,2018-10-10,2018-04-11,2018-10-10,128,0.09279831671821048,0.09881794100479649
SPY,2018-10-11,2018-04-12,2018-10-11,128,0.06273088995609036,0.10285766317812602
SPY,2018-10-12,2018-04-13,2018-10-12,128,0.07426323863397863,0.10409235798852993
SPY,2018-10-15,2018-04-16,2018-10-15,128,0.06833329287749468,0.1043602533253312
SPY,2018-10-16,2018-04-17,2018-10-16,128,0.09427067717796403,0.10789704450176432
SPY,2018-10-17,2018-04-18,2018-10-17,128,0.07301853968788452,0.10692934323651387
SPY,2018-10-18,2018-04-19,2018-10-18,128,0.043050069214863346,0.10889173196112106
SPY,2018-10-19,2018-04-20,2018-10-19,128,0.053420481494877964,0.10858732388522765
SPY,2018-10-22,2018-04-23,2018-10-22,128,0.06176935348684348,0.10807253049905591
SPY,2018-10-23,2018-04-24,2018-10-23,128,0.050884822024414356,0.10836983694346497
SPY,2018-10-24,2018-04-25,2018-10-24,128,0.01565121801593397,0.11551019212553605
SPY,2018-10-25,2018-04-26,2018-10-25,128,0.048335393327549686,0.11832894889690006
SPY,2018-10-26,2018-04-27,2018-10-26,128,-0.006441905669648806,0.12001152853375861
SPY,2018-10-29,2018-04-30,2018-10-29,128,-0.02164805495008082,0.12034924749844007
SPY,2018-10-30,2018-05-01,2018-10-30,128,0.025199079488465975,0.1217969243057671
SPY,2018-10-31,2018-05-01,2018-10-31,129,0.04611308610234926,0.12223952404547901
SPY,2018-11-01,2018-05-02,2018-11-01,129,0.06168368481417366,0.123047754483723
SPY,2018-11-02,2018-05-03,2018-11-02,129,0.06359913410827975,0.12293819874193539
SPY,2018-11-05,2018-05-07,2018-11-05,128,0.05399316853889949,0.12231649607944468
SPY,2018-11-06,2018-05-07,2018-11-06,129,0.0658831045766582,0.12213438554518201
SPY,2018-11-07,2018-05-08,2018-11-07,129,0.10006153704496,0.12544027830391255
SPY,2018-11-08,2018-05-09,2018-11-08,129,0.09667005273909351,0.12548139268527753
SPY,2018-11-09,2018-05-10,2018-11-09,129,0.059959341226372795,0.12547324994711423
SPY,2018-11-12,2018-05-14,2018-11-12,128,-0.0013669474019046834,0.12834744144234186
SPY,2018-11-13,2018-05-14,2018-11-13,129,-0.004182072091561832,0.1278609663138005
SPY,2018-11-14,2018-05-15,2018-11-14,129,-0.020286119052761793,0.12825972193299895
SPY,2018-11-15,2018-05-16,2018-11-15,129,0.014144269250286124,0.12880696209241654
SPY,2018-11-16,2018-05-17,2018-11-16,129,0.010157871151299215,0.12870564221971545
SPY,2018-11-19,2018-05-21,2018-11-19,128,-0.01648566517553024,0.13127941925908146
SPY,2018-11-20,2018-05-21,2018-11-20,129,-0.05187915377275562,0.13319499113531183
SPY,2018-11-21,2018-05-22,2018-11-21,129,-0.06018392932384784,0.13285173112595614
SPY,2018-11-23,2018-05-24,2018-11-23,128,-0.07374012347851538,0.13351127992242953
SPY,2018-11-26,2018-05-29,2018-11-26,127,-0.0352367116231663,0.13580964568371262
SPY,2018-11-27,2018-05-29,2018-11-27,128,-0.028560118642968202,0.13535756979169863
SPY,2018-11-28,2018-05-29,2018-11-28,129,0.015968617640580253,0.13854076179461788
SPY,2018-11-29,2018-05-30,2018-11-29,129,0.03473619629015627,0.13760140879299837
SPY,2018-11-30,2018-05-31,2018-11-30,129,0.02602741172228967,0.1369367272742051
SPY,2018-12-03,2018-06-04,2018-12-03,128,0.03929887774339352,0.13713808119405638
SPY,2018-12-04,2018-06-05,2018-12-04,128,-0.033922060439096985,0.14454129089032614
SPY,2018-12-06,2018-06-07,2018-12-06,127,-0.055023027527652306,0.14459166166814538
SPY,2018-12-07,2018-06-08,2018-12-07,127,-0.10026486577133309,0.14821308442413114
SPY,2018-12-10,2018-06-11,2018-12-10,127,-0.1030099833549794,0.14815986255058508
SPY,2018-12-11,2018-06-12,2018-12-11,127,-0.10573852396653917,0.14814510229539363
SPY,2018-12-12,2018-06-13,2018-12-12,127,-0.09856195296908461,0.14833949608874078
SPY,2018-12-13,2018-06-14,2018-12-13,127,-0.09070421390240165,0.1482527733638573
SPY,2018-12-14,2018-06-15,2018-12-14,127,-0.1339882284805683,0.15050366475934818
SPY,2018-12-17,2018-06-18,2018-12-17,127,-0.16460459617182951,0.15304942164182278
SPY,2018-12-18,2018-06-19,2018-12-18,127,-0.1601221644281904,0.15303938579317747
SPY,2018-12-19,2018-06-20,2018-12-19,127,-0.18265808288273422,0.1543668512442728
SPY,2018-12-20,2018-06-21,2018-12-20,127,-0.21736098727603376,0.15577654988072595
SPY,2018-12-21,2018-06-22,2018-12-21,127,-0.2577882404235813,0.15978077964012222
SPY,2018-12-24,2018-06-25,2018-12-24,127,-0.3158472488123692,0.16398109974941139
SPY,2018-12-26,2018-06-27,2018-12-26,126,-0.19836448687407682,0.17797808468127968
SPY,2018-12-27,2018-06-28,2018-12-27,126,-0.1638829961016537,0.17811585448907924
SPY,2018-12-28,2018-06-29,2018-12-28,126,-0.1786071262575586,0.1778425906727557
SPY,2018-12-31,2018-07-02,2018-12-31,126,-0.16309114370071143,0.17831438300587507
SPY,2019-01-02,2018-07-03,2019-01-02,126,-0.16670793782431303,0.17825632404867414
SPY,2019-01-03,2018-07-05,2019-01-03,126,-0.20635790191982473,0.18139953713039095
SPY,2019-01-04,2018-07-05,2019-01-04,127,-0.13782667314090322,0.18711369984923062
SPY,2019-01-07,2018-07-09,2019-01-07,126,-0.15955888543592778,0.18725077872090856
SPY,2019-01-08,2018-07-09,2019-01-08,127,-0.13915203436887247,0.1870680353099087
SPY,2019-01-09,2018-07-10,2019-01-09,127,-0.14839198162375306,0.18670435399183388
SPY,2019-01-10,2018-07-11,2019-01-10,127,-0.1463667959297208,0.18675431710870535
SPY,2019-01-11,2018-07-12,2019-01-11,127,-0.13256612068284088,0.1865250333004344
SPY,2019-01-14,2018-07-16,2019-01-14,126,-0.16361854154640554,0.18689360572561223
SPY,2019-01-15,2018-07-16,2019-01-15,127,-0.14116576955461566,0.18683165636311233
SPY,2019-01-16,2018-07-17,2019-01-16,127,-0.1347694280405875,0.1868723234623978
SPY,2019-01-17,2018-07-18,2019-01-17,127,-0.12746938984995657,0.1871213179809487
SPY,2019-01-18,2018-07-19,2019-01-18,127,-0.10574016763525955,0.18806590812896984
SPY,2019-01-22,2018-07-23,2019-01-22,126,-0.12546138432503895,0.1897605580863648
SPY,2019-01-23,2018-07-24,2019-01-23,126,-0.12472766228983721,0.18977034497641113
SPY,2019-01-24,2018-07-25,2019-01-24,126,-0.1315236419597028,0.18963990700563452
SPY,2019-01-25,2018-07-26,2019-01-25,126,-0.13267551087144192,0.18958307556338266
SPY,2019-01-28,2018-07-30,2019-01-28,125,-0.13025339195377403,0.1904054654687417
SPY,2019-01-29,2018-07-30,2019-01-29,126,-0.1321109752341041,0.18964686303218128
SPY,2019-01-30,2018-07-31,2019-01-30,126,-0.08973152524247396,0.1908502239274831
SPY,2019-01-31,2018-08-01,2019-01-31,126,-0.08200070001727688,0.19114261850077272
SPY,2019-02-01,2018-08-02,2019-02-01,126,-0.07785830732710508,0.19114926913751185
SPY,2019-02-04,2018-08-06,2019-02-04,125,-0.08451448572273815,0.19189760102397735
SPY,2019-02-05,2018-08-06,2019-02-05,126,-0.07443957067968832,0.19126119240737227
SPY,2019-02-06,2018-08-07,2019-02-06,126,-0.08593022929218286,0.191196993882172
SPY,2019-02-07,2018-08-08,2019-02-07,126,-0.11005048496712178,0.19155554458846677
SPY,2019-02-08,2018-08-09,2019-02-08,126,-0.107597197949314,0.19156600465216186
SPY,2019-02-11,2018-08-13,2019-02-11,125,-0.09087239161272978,0.19212141988260498
SPY,2019-02-12,2018-08-13,2019-02-12,126,-0.06445593994241783,0.19226094069600175
SPY,2019-02-13,2018-08-14,2019-02-13,126,-0.05029013890472811,0.1922444246899838
SPY,2019-02-14,2018-08-15,2019-02-14,126,-0.06777290471947772,0.19203348970148473
SPY,2019-02-15,2018-08-16,2019-02-15,126,-0.03120273634739945,0.1924004605620873
SPY,2019-02-19,2018-08-20,2019-02-19,125,-0.05156247085639066,0.1927595842879247
SPY,2019-02-20,2018-08-21,2019-02-20,125,-0.052545681639997864,0.1927471618173123
SPY,2019-02-21,2018-08-22,2019-02-21,125,-0.06370501496594988,0.19277301556569124
SPY,2019-02-22,2018-08-23,2019-02-22,125,-0.05007165327145279,0.19300363438882792
SPY,2019-02-25,2018-08-27,2019-02-25,124,-0.05690038360237067,0.1935745353548313
SPY,2019-02-26,2018-08-27,2019-02-26,125,-0.05801166845919815,0.1927940015093084
SPY,2019-02-27,2018-08-28,2019-02-27,125,-0.07437101366983508,0.19245735181961562
SPY,2019-02-28,2018-08-29,2019-02-28,125,-0.0800136039235088,0.19248159752788888
SPY,2019-03-01,2018-09-04,2019-03-01,123,-0.07070575526012186,0.19404841083764626
SPY,2019-03-04,2018-09-05,2019-03-04,123,-0.0753885599589811,0.19410729193945497
SPY,2019-03-05,2018-09-06,2019-03-05,123,-0.07191920511755732,0.1940775537979365
SPY,2019-03-06,2018-09-07,2019-03-06,123,-0.07832482894280991,0.19423110591788234
SPY,2019-03-07,2018-09-10,2019-03-07,123,-0.09019497463664507,0.19452014853522656
SPY,2019-03-08,2018-09-10,2019-03-08,124,-0.09361127826930196,0.19374262409232787
SPY,2019-03-11,2018-09-12,2019-03-11,123,-0.07624386553992596,0.19558654056935496
SPY,2019-03-12,2018-09-13,2019-03-12,123,-0.07087325744355623,0.19564087681662828
SPY,2019-03-13,2018-09-14,2019-03-13,123,-0.06787703461073465,0.19574138524835838
SPY,2019-03-14,2018-09-17,2019-03-14,123,-0.06981704662007325,0.1957392154225163
SPY,2019-03-15,2018-09-17,2019-03-15,124,-0.06797803766326692,0.1949461719358714
SPY,2019-03-18,2018-09-19,2019-03-18,123,-0.06056521991044033,0.19551216644229302
SPY,2019-03-19,2018-09-20,2019-03-19,123,-0.0632998498568715,0.19550052934619266
SPY,2019-03-20,2018-09-21,2019-03-20,123,-0.08525821048853194,0.19518909507887952
SPY,2019-03-21,2018-09-24,2019-03-21,123,-0.05308162546706194,0.19572972009040523
SPY,2019-03-22,2018-09-24,2019-03-22,124,-0.09144185526288916,0.19678092868863917
SPY,2019-03-25,2018-09-26,2019-03-25,123,-0.0840033073270088,0.19752982374894376
SPY,2019-03-26,2018-09-27,2019-03-26,123,-0.06259723940812344,0.1977720417479799
SPY,2019-03-27,2018-09-28,2019-03-27,123,-0.0781190010255874,0.1978171952802607
SPY,2019-03-28,2018-10-01,2019-03-28,123,-0.07051199911995037,0.19790140374766568
SPY,2019-03-29,2018-10-01,2019-03-29,124,-0.056241717523998085,0.19734932358963014
SPY,2019-04-01,2018-10-02,2019-04-01,124,-0.040216704670458334,0.19798265921904584
SPY,2019-04-02,2018-10-03,2019-04-02,124,-0.03934838622110296,0.19798264908984367
SPY,2019-04-03,2018-10-04,2019-04-03,124,-0.036457084112098366,0.1980059830866381
SPY,2019-04-04,2018-10-05,2019-04-04,124,-0.015574936148117368,0.1977160626057463
SPY,2019-04-05,2018-10-08,2019-04-05,124,0.005071100440330166,0.19766997376047413
SPY,2019-04-08,2018-10-09,2019-04-08,124,0.008036824308591903,0.19767462822608872
SPY,2019-04-09,2018-10-10,2019-04-09,124,-0.0013992042656141505,0.197841461941504
SPY,2019-04-10,2018-10-11,2019-04-10,124,0.07363713082177077,0.19199771554295908
SPY,2019-04-11,2018-10-12,2019-04-11,124,0.11594304459354259,0.1895975360466509
SPY,2019-04-12,2018-10-15,2019-04-12,124,0.10067592146263123,0.1887834735659606
SPY,2019-04-15,2018-10-16,2019-04-15,124,0.11142673770116776,0.18857261784860938
SPY,2019-04-16,2018-10-17,2019-04-16,124,0.06923106355816758,0.18618242317692893
SPY,2019-04-17,2018-10-18,2019-04-17,124,0.06525417608682867,0.1862138157175943
SPY,2019-04-18,2018-10-19,2019-04-18,124,0.09772913815721923,0.185027649893992
SPY,2019-04-22,2018-10-23,2019-04-22,123,0.11011135856509023,0.1856610446598302
SPY,2019-04-23,2018-10-24,2019-04-23,123,0.1394280206412663,0.18584972889772286
SPY,2019-04-24,2018-10-25,2019-04-24,123,0.1991194776605785,0.18011770442585828
SPY,2019-04-25,2018-10-26,2019-04-25,123,0.160601985132439,0.1783152256974003
SPY,2019-04-26,2018-10-29,2019-04-26,123,0.20597733566840956,0.1764806484081953
SPY,2019-04-29,2018-10-30,2019-04-29,123,0.2217109388777496,0.17615904874730012
SPY,2019-04-30,2018-10-31,2019-04-30,123,0.1917017232990632,0.1748708600526555
SPY,2019-05-01,2018-11-02,2019-05-01,122,0.13372130690404402,0.17479462302127963
SPY,2019-05-02,2018-11-05,2019-05-02,122,0.1423004122953049,0.17456127173360406
SPY,2019-05-03,2018-11-05,2019-05-03,123,0.1609473198093481,0.17433182233028474
SPY,2019-05-06,2018-11-07,2019-05-06,122,0.12861492847524092,0.17485194921215105
SPY,2019-05-07,2018-11-08,2019-05-07,122,0.05101198550165943,0.17403717867671745
SPY,2019-05-08,2018-11-09,2019-05-08,122,0.05185857987506506,0.1740274375454542
SPY,2019-05-09,2018-11-12,2019-05-09,122,0.0650425028750332,0.17356099291975316
SPY,2019-05-10,2018-11-12,2019-05-10,123,0.07278153426514314,0.1729327565704123
SPY,2019-05-13,2018-11-14,2019-05-13,122,0.0670534328843843,0.17483257294323531
SPY,2019-05-14,2018-11-15,2019-05-14,122,0.0988504713642847,0.17484191798959972
SPY,2019-05-15,2018-11-16,2019-05-15,122,0.08890153827864694,0.17437964918358614
SPY,2019-05-16,2018-11-19,2019-05-16,122,0.10302598013501371,0.17481303088974703
SPY,2019-05-17,2018-11-19,2019-05-17,123,0.09043224990041814,0.1743172974206045
SPY,2019-05-20,2018-11-21,2019-05-20,122,0.14930699933467,0.17148430212317564
SPY,2019-05-21,2018-11-23,2019-05-21,122,0.16034903120880936,0.17181937474823414
SPY,2019-05-22,2018-11-23,2019-05-22,123,0.15328760763046262,0.17118485040483902
SPY,2019-05-23,2018-11-26,2019-05-23,123,0.1423569857722586,0.17181233212746186
SPY,2019-05-24,2018-11-26,2019-05-24,124,0.14422871745706747,0.17111751986407073
SPY,2019-05-28,2018-11-29,2019-05-28,122,0.04377597960987999,0.16851268054259635
SPY,2019-05-29,2018-11-30,2019-05-29,122,0.03359595399612076,0.16879085158739726
SPY,2019-05-30,2018-12-03,2019-05-30,122,0.0210604149040796,0.16840520539767895
SPY,2019-05-31,2018-12-03,2019-05-31,123,-0.005834244799657475,0.16876285727880921
SPY,2019-06-03,2018-12-04,2019-06-03,123,-0.03367566598039144,0.16807686915417003
SPY,2019-06-04,2018-12-06,2019-06-04,123,0.07670657610756866,0.16415050636394946
SPY,2019-06-05,2018-12-06,2019-06-05,124,0.09276216780876363,0.163869355468794
SPY,2019-06-06,2018-12-07,2019-06-06,124,0.10813999700115429,0.16407520686989677
SPY,2019-06-07,2018-12-10,2019-06-07,124,0.17686611896626794,0.16109575594632214
SPY,2019-06-10,2018-12-11,2019-06-10,124,0.18270767278198133,0.16118635728802702
SPY,2019-06-11,2018-12-12,2019-06-11,124,0.1827159181091033,0.16118630419069663
SPY,2019-06-12,2018-12-13,2019-06-12,124,0.1676640288397185,0.16109322390121544
SPY,2019-06-13,2018-12-14,2019-06-13,124,0.17659013246829183,0.16117664381628286
SPY,2019-06-14,2018-12-17,2019-06-14,124,0.21232025615989286,0.15869006640940306
SPY,2019-06-17,2018-12-18,2019-06-17,124,0.25653656348933374,0.15560393389802887
SPY,2019-06-18,2018-12-19,2019-06-18,124,0.27585714675796447,0.1560841618930443
SPY,2019-06-19,2018-12-20,2019-06-19,124,0.3130544280654428,0.15430623421676576
SPY,2019-06-20,2018-12-21,2019-06-20,124,0.36439990774492753,0.1527893898801509
SPY,2019-06-21,2018-12-24,2019-06-21,124,0.4062110379566633,0.1477754120981479
SPY,2019-06-24,2018-12-26,2019-06-24,124,0.4583467307826184,0.14186856859599625
SPY,2019-06-25,2018-12-26,2019-06-25,125,0.4354457619706789,0.14221295563827183
SPY,2019-06-26,2018-12-27,2019-06-26,125,0.3354222206850939,0.1256101350767556
SPY,2019-06-27,2018-12-28,2019-06-27,125,0.3260612695139396,0.12523596449492488
SPY,2019-06-28,2018-12-31,2019-06-28,125,0.33989079647193843,0.12535000467604188
SPY,2019-07-01,2019-01-02,2019-07-01,125,0.33804291612590615,0.1252493659074139
SPY,2019-07-02,2019-01-03,2019-07-02,125,0.3414170503044567,0.12527025768601047
SPY,2019-07-03,2019-01-04,2019-07-03,125,0.4072887755055896,0.11988359520712023
SPY,2019-07-05,2019-01-07,2019-07-05,125,0.33586508903108825,0.11081412740370229
SPY,2019-07-08,2019-01-09,2019-07-08,124,0.2949462504145009,0.11065182852939405
SPY,2019-07-09,2019-01-10,2019-07-09,124,0.28913847976025864,0.11055594867519723
SPY,2019-07-10,2019-01-11,2019-07-10,124,0.2891579256288584,0.11055654329523265
SPY,2019-07-11,2019-01-14,2019-07-11,124,0.2941137342007731,0.1105524628205256
SPY,2019-07-12,2019-01-14,2019-07-12,125,0.301239985947643,0.11022011596544143
SPY,2019-07-15,2019-01-16,2019-07-15,124,0.29279377909262444,0.10946676601105737
SPY,2019-07-16,2019-01-17,2019-07-16,124,0.2813754720331616,0.10964597193289718
SPY,2019-07-17,2019-01-18,2019-07-17,124,0.25256935044795564,0.10977817879160458
SPY,2019-07-18,2019-01-22,2019-07-18,124,0.23340470631885588,0.10846371597419305
SPY,2019-07-19,2019-01-22,2019-07-19,125,0.21913377769583947,0.10849205131714885
SPY,2019-07-22,2019-01-23,2019-07-22,125,0.2535069439508125,0.10635754349405796
SPY,2019-07-23,2019-01-24,2019-07-23,125,0.26285580349519216,0.10666654382851326
SPY,2019-07-24,2019-01-25,2019-07-24,125,0.26952689913454153,0.1067927490887038
SPY,2019-07-25,2019-01-28,2019-07-25,125,0.24184649582291493,0.10663876274681613
SPY,2019-07-26,2019-01-28,2019-07-26,126,0.254633545070277,0.10659552255436246
SPY,2019-07-29,2019-01-30,2019-07-29,125,0.27219762743087184,0.1062751348081914
SPY,2019-07-30,2019-01-31,2019-07-30,125,0.2359194267077046,0.10436248221272901
SPY,2019-07-31,2019-02-01,2019-07-31,125,0.1962553067075021,0.10510172486870362
SPY,2019-08-01,2019-02-04,2019-08-01,125,0.17618254526211585,0.10600166956905119
SPY,2019-08-02,2019-02-04,2019-08-02,126,0.16034899394444935,0.10616879858734156
SPY,2019-08-05,2019-02-06,2019-08-05,125,0.07776927951295977,0.11467730323432601
SPY,2019-08-06,2019-02-07,2019-08-06,125,0.10825640042757093,0.11602576760848045
SPY,2019-08-07,2019-02-08,2019-08-07,125,0.12847994886138067,0.11519784353723728
SPY,2019-08-08,2019-02-11,2019-08-08,125,0.1644073720355901,0.11809198962830682
SPY,2019-08-09,2019-02-11,2019-08-09,126,0.1501570345514942,0.11804951643044737
SPY,2019-08-12,2019-02-13,2019-08-12,125,0.10015863712255421,0.11852014876051138
SPY,2019-08-13,2019-02-14,2019-08-13,125,0.12348319463278767,0.12018139774362045
SPY,2019-08-14,2019-02-15,2019-08-14,125,0.06891212109696744,0.12739026487669525
SPY,2019-08-15,2019-02-19,2019-08-15,125,0.05234876203599256,0.12653397983134526
SPY,2019-08-16,2019-02-19,2019-08-16,126,0.08081288068571091,0.12762391740107434
SPY,2019-08-19,2019-02-20,2019-08-19,126,0.10179239222386904,0.12868759759177237
SPY,2019-08-20,2019-02-21,2019-08-20,126,0.08215744693423055,0.12919540184247869
SPY,2019-08-21,2019-02-22,2019-08-21,126,0.10549603491058868,0.12956287752575602
SPY,2019-08-22,2019-02-25,2019-08-22,126,0.09175318847354141,0.12928831522356618
SPY,2019-08-23,2019-02-25,2019-08-23,127,0.03902773100375228,0.1341037828710587
SPY,2019-08-26,2019-02-27,2019-08-26,126,0.060182522442291386,0.13549448853695018
SPY,2019-08-27,2019-02-28,2019-08-27,126,0.05456255320667225,0.13557893703606852
SPY,2019-08-28,2019-03-01,2019-08-28,126,0.0726906232564275,0.13581504525103147
SPY,2019-08-29,2019-03-01,2019-08-29,127,0.09738113670531359,0.13640587128707768
SPY,2019-08-30,2019-03-01,2019-08-30,128,0.09812914044996748,0.1358688248161723
SPY,2019-09-03,2019-03-04,2019-09-03,128,0.07110604633047046,0.13592986526481454
SPY,2019-09-04,2019-03-05,2019-09-04,128,0.10000766055382368,0.13660267644796653
SPY,2019-09-05,2019-03-06,2019-09-05,128,0.12796650679730467,0.13774332274995904
SPY,2019-09-06,2019-03-07,2019-09-06,128,0.14256540269487192,0.1373896319141227
SPY,2019-09-09,2019-03-11,2019-09-09,127,0.16342932783166336,0.13735672890613287
SPY,2019-09-10,2019-03-11,2019-09-10,128,0.1628903419636329,0.1368154249165557
SPY,2019-09-11,2019-03-12,2019-09-11,128,0.14853922047051668,0.1357276263708057
SPY,2019-09-12,2019-03-13,2019-09-12,128,0.14860473461938434,0.135728798245808
SPY,2019-09-13,2019-03-14,2019-09-13,128,0.13399905476384072,0.13543598356288877
SPY,2019-09-16,2019-03-18,2019-09-16,127,0.12870441953503783,0.1360606676636281
SPY,2019-09-17,2019-03-18,2019-09-17,128,0.1327550837063003,0.13555468154330894
SPY,2019-09-18,2019-03-19,2019-09-18,128,0.1261328176112383,0.13548011805921156
SPY,2019-09-19,2019-03-20,2019-09-19,128,0.12645598248572962,0.13547889908683408
SPY,2019-09-20,2019-03-21,2019-09-20,128,0.11352674742973923,0.13611849849744206
SPY,2019-09-23,2019-03-25,2019-09-23,127,0.13060132363257584,0.13302502105531497
SPY,2019-09-24,2019-03-25,2019-09-24,128,0.11308651291875046,0.13308696149330299
SPY,2019-09-25,2019-03-26,2019-09-25,128,0.1266872275067444,0.13331463465590576
SPY,2019-09-26,2019-03-27,2019-09-26,128,0.10792876007636337,0.1330417880031567
SPY,2019-09-27,2019-03-28,2019-09-27,128,0.10684143322017178,0.13308576923715065
SPY,2019-09-30,2019-04-01,2019-09-30,127,0.09697614563788266,0.13339271525444812
SPY,2019-10-01,2019-04-02,2019-10-01,127,0.049756227318736364,0.13363848031890133
SPY,2019-10-02,2019-04-03,2019-10-02,127,0.013790567147752687,0.13609400773245903
SPY,2019-10-03,2019-04-04,2019-10-03,127,0.025774383134704495,0.13654477052108463
SPY,2019-10-04,2019-04-05,2019-10-04,127,0.049191028483142774,0.13793119395829825
SPY,2019-10-07,2019-04-08,2019-10-07,127,0.031122283410483377,0.13794326263028886
SPY,2019-10-08,2019-04-09,2019-10-08,127,-0.002053232175006372,0.1397145679765579
SPY,2019-10-09,2019-04-10,2019-10-09,127,0.02800762895574885,0.14009285828868484
SPY,2019-10-10,2019-04-11,2019-10-10,127,0.0336922261172591,0.14029136424974378
SPY,2019-10-11,2019-04-12,2019-10-11,127,0.055346791618229634,0.1411177467518417
SPY,2019-10-14,2019-04-15,2019-10-14,127,0.03933617754880522,0.14083639668927284
SPY,2019-10-15,2019-04-16,2019-10-15,127,0.06018343615585577,0.1414989103528612
SPY,2019-10-16,2019-04-17,2019-10-16,127,0.05533987831288651,0.1415314849973309
SPY,2019-10-17,2019-04-18,2019-10-17,127,0.06525870943774813,0.14153788135647272
SPY,2019-10-18,2019-04-22,2019-10-18,127,0.05435043716377003,0.1416464383764433
SPY,2019-10-21,2019-04-22,2019-10-21,128,0.06745523191458305,0.1413964720658721
SPY,2019-10-22,2019-04-23,2019-10-22,128,0.058440536592370446,0.14149306197752015
SPY,2019-10-23,2019-04-24,2019-10-23,128,0.04670136919144591,0.1410201882709362
SPY,2019-10-24,2019-04-25,2019-10-24,128,0.05478628858031964,0.14100069131191237
SPY,2019-10-25,2019-04-26,2019-10-25,128,0.06353250751788686,0.14110184849356364
SPY,2019-10-28,2019-04-29,2019-10-28,128,0.06525285716077028,0.1411616597766866
SPY,2019-10-29,2019-04-30,2019-10-29,128,0.06143588779233469,0.14116457986157613
SPY,2019-10-30,2019-05-01,2019-10-30,128,0.06607032990223946,0.1412272216784131
SPY,2019-10-31,2019-05-01,2019-10-31,129,0.05977374829982708,0.14074658889899894
SPY,2019-11-01,2019-05-02,2019-11-01,129,0.09336406199304804,0.14093528049472562
SPY,2019-11-04,2019-05-06,2019-11-04,128,0.08646787138437667,0.14091690372600804
SPY,2019-11-05,2019-05-06,2019-11-05,129,0.08349436385631111,0.1403814894961627
SPY,2019-11-06,2019-05-07,2019-11-06,129,0.09357871890038158,0.14022497932197095
SPY,2019-11-07,2019-05-08,2019-11-07,129,0.13226524706652662,0.138220378274411
SPY,2019-11-08,2019-05-09,2019-11-08,129,0.14067587149773506,0.1382224731586123
SPY,2019-11-11,2019-05-13,2019-11-11,128,0.13522502207086823,0.13864949313704866
SPY,2019-11-12,2019-05-13,2019-11-12,129,0.13732787307871336,0.13811502657486643
SPY,2019-11-13,2019-05-14,2019-11-13,129,0.1863003635811717,0.13359751031780234
SPY,2019-11-14,2019-05-15,2019-11-14,129,0.17264340162385924,0.13319828393719887
SPY,2019-11-15,2019-05-16,2019-11-15,129,0.17617222171949454,0.13336430783262096
SPY,2019-11-18,2019-05-20,2019-11-18,128,0.17191753386102615,0.13305406294322297
SPY,2019-11-19,2019-05-20,2019-11-19,129,0.16954343067378952,0.1325441860791233
SPY,2019-11-20,2019-05-21,2019-11-20,129,0.17573953082431903,0.1322691208185268
SPY,2019-11-21,2019-05-22,2019-11-21,129,0.15627700948149928,0.13185129192820444
SPY,2019-11-22,2019-05-23,2019-11-22,129,0.16600519106209616,0.13177990099574746
SPY,2019-11-25,2019-05-28,2019-11-25,128,0.20260753367069761,0.13145550182700996
SPY,2019-11-26,2019-05-28,2019-11-26,129,0.20534986043521947,0.13095569624085363
SPY,2019-11-27,2019-05-28,2019-11-27,130,0.21204127223436875,0.13053563324367362
SPY,2019-11-29,2019-05-30,2019-11-29,129,0.23608181855361152,0.13010745960675385
SPY,2019-12-02,2019-06-03,2019-12-02,128,0.24229073678466984,0.12981059153387028
SPY,2019-12-03,2019-06-04,2019-12-03,128,0.23470792516516642,0.13014158904525047
SPY,2019-12-04,2019-06-05,2019-12-04,128,0.2056087134162148,0.12720143721723615
SPY,2019-12-05,2019-06-06,2019-12-05,128,0.19293607270359742,0.126779457868978
SPY,2019-12-06,2019-06-07,2019-12-06,128,0.19833875607284787,0.12707783053636956
SPY,2019-12-09,2019-06-10,2019-12-09,128,0.17165227844201147,0.1264474368291102
SPY,2019-12-10,2019-06-11,2019-12-10,128,0.16044551511430216,0.12634693478513462
SPY,2019-12-11,2019-06-12,2019-12-11,128,0.16675615159688068,0.12637969939029356
SPY,2019-12-12,2019-06-13,2019-12-12,128,0.187754940879833,0.12681603434312932
SPY,2019-12-13,2019-06-14,2019-12-13,128,0.1796129009055139,0.12671399978514844
SPY,2019-12-16,2019-06-17,2019-12-16,128,0.19653943816371036,0.1269929649903982
SPY,2019-12-17,2019-06-18,2019-12-17,128,0.19534970610650626,0.12699438739208468
SPY,2019-12-18,2019-06-19,2019-12-18,128,0.17565851953021044,0.1263810628650393
SPY,2019-12-19,2019-06-20,2019-12-19,128,0.17867131118367807,0.12645370397888359
SPY,2019-12-20,2019-06-21,2019-12-20,128,0.16016786415756823,0.1258467514013797
SPY,2019-12-23,2019-06-24,2019-12-23,128,0.1737951903766137,0.12549020159614654
SPY,2019-12-24,2019-06-25,2019-12-24,128,0.17695418830762688,0.1254489188388901
SPY,2019-12-26,2019-06-27,2019-12-26,127,0.21004744046509996,0.12522480517678838
SPY,2019-12-27,2019-06-28,2019-12-27,127,0.2022598371158337,0.1251505913718851
SPY,2019-12-30,2019-07-01,2019-12-30,127,0.17954614056336163,0.12527946401223364
SPY,2019-12-31,2019-07-01,2019-12-31,128,0.18407905737125435,0.12482707481808096
