ticker,date,window_start,window_end,n_days,mu,omega,alpha,beta,sigma0,lam,mu_j,sigma_j,kappa
AAPL,2019-01-02,2018-07-03,2019-01-02,126,0.11157421199047567,9.496643392691875e-06,0.049014585075801885,0.9376248711405406,0.027359673407176478,4.0,-0.005696090758017913,0.08900584672173895,-0.0017335660182598023
AAPL,2019-01-03,2018-07-05,2019-01-03,126,0.11157421199047567,7.621234840181351e-06,0.0707381568534069,0.9292604401792489,0.02869514728916327,6.0,-0.03877222196636362,0.08510647297627805,-0.03454005678073746
AAPL,2019-01-04,2018-07-05,2019-01-04,127,0.11157421199047567,7.775193996611623e-06,0.07206407935977283,0.9279348597310847,0.039653955816289464,5.952755905511811,-0.03877222196636362,0.08510647297627805,-0.03454005678073746
AAPL,2019-01-07,2018-07-09,2019-01-07,126,0.11157421199047567,7.395993310778288e-06,0.06943480283299655,0.9305641359978089,0.0395222787530775,6.0,-0.03877222196636362,0.08510647297627805,-0.03454005678073746
AAPL,2019-01-08,2018-07-09,2019-01-08,127,0.11157421199047567,7.177408674599451e-06,0.06752139421246481,0.9324775446661251,0.038020964233149074,5.952755905511811,-0.03877222196636362,0.08510647297627805,-0.03454005678073746
AAPL,2019-01-09,2018-07-10,2019-01-09,127,0.11157421199047567,7.035286460622794e-06,0.0662730777022931,0.9337258612203297,0.03700771364469574,5.952755905511811,-0.03877222196636362,0.08510647297627805,-0.03454005678073746
AAPL,2019-01-10,2018-07-11,2019-01-10,127,0.11157421199047567,6.759428932777726e-06,0.06504622811600437,0.9349527108083051,0.035983155994827105,5.952755905511811,-0.03877222196636362,0.08510647297627805,-0.03454005678073746
AAPL,2019-01-11,2018-07-12,2019-01-11,127,0.11157421199047567,6.625583272220014e-06,0.06384053552467403,0.936158403401293,0.034826277690082064,5.952755905511811,-0.03877222196636362,0.08510647297627805,-0.03454005678073746
AAPL,2019-01-14,2018-07-16,2019-01-14,126,0.02071108029014376,6.506999889728509e-06,0.061874471545899076,0.9381244760182051,0.03378308285905288,6.0,-0.03877222196636362,0.08510647297627805,-0.03454005678073746
AAPL,2019-01-15,2018-07-16,2019-01-15,127,0.02071108029014376,6.442254159031579e-06,0.0624574423610535,0.937541496681917,0.033025750627369795,5.952755905511811,-0.03877222196636362,0.08510647297627805,-0.03454005678073746
AAPL,2019-01-16,2018-07-17,2019-01-16,127,0.02071108029014376,6.44225415903159e-06,0.06363879142402196,0.9363601476578209,0.03246497252336375,5.952755905511811,-0.03877222196636362,0.08510647297627805,-0.03454005678073746
AAPL,2019-01-17,2018-07-18,2019-01-17,127,0.02071108029014376,6.4422541590316015e-06,0.06484093805831206,0.9351580010248183,0.03163826603946321,5.952755905511811,-0.03877222196636362,0.08510647297627805,-0.03454005678073746
AAPL,2019-01-18,2018-07-19,2019-01-18,127,0.02071108029014376,6.7725555928981565e-06,0.0666838262073201,0.9324437437319927,0.03053617260490006,5.952755905511811,-0.03877222196636362,0.08510647297627805,-0.03454005678073746
AAPL,2019-01-22,2018-07-23,2019-01-22,126,0.02071108029014376,8.439123930919792e-06,0.07318326286550945,0.9224508929321055,0.028877075425182912,4.0,-0.08677860646163249,0.025662146657642246,-0.08281798205959667
AAPL,2019-01-23,2018-07-24,2019-01-23,126,0.02071108029014376,1.0728229126638838e-05,0.07952659973760984,0.9105888781204616,0.02754554924498071,4.0,-0.08677860646163249,0.025662146657642246,-0.08281798205959667
AAPL,2019-01-24,2018-07-25,2019-01-24,126,0.02071108029014376,1.3913763130981964e-05,0.0903959815431119,0.8928052330337932,0.02515568926576273,4.0,-0.08677860646163249,0.025662146657642246,-0.08281798205959667
AAPL,2019-01-25,2018-07-26,2019-01-25,126,0.02071108029014376,1.3913763130981964e-05,0.09373895019995804,0.8906350392610954,0.024147210509808822,4.0,-0.08677860646163249,0.025662146657642246,-0.08281798205959667
AAPL,2019-01-28,2018-07-30,2019-01-28,125,0.02071108029014376,1.6657798806775714e-05,0.11518486464230261,0.864935276233823,0.023959735885999738,4.032,-0.08677860646163249,0.025662146657642246,-0.08281798205959667
AAPL,2019-01-29,2018-07-30,2019-01-29,126,0.02071108029014376,1.751186241481031e-05,0.1193241695773788,0.8586447736554775,0.022542802116650044,4.0,-0.08677860646163249,0.025662146657642246,-0.08281798205959667
AAPL,2019-01-30,2018-07-31,2019-01-30,126,0.02071108029014376,1.0103465699633902e-05,0.08636846821136722,0.9098480685217029,0.025238862516919505,4.0,-0.08677860646163249,0.025662146657642246,-0.08281798205959667
AAPL,2019-01-31,2018-08-01,2019-01-31,126,0.02071108029014376,1.1391625766377428e-05,0.08957717779410887,0.9037762949262398,0.03087584040799432,4.0,-0.08677860646163249,0.025662146657642246,-0.08281798205959667
AAPL,2019-02-01,2018-08-02,2019-02-01,126,0.02071108029014376,9.420408977970374e-06,0.09807322751226542,0.9019255706316088,0.030191449357458152,4.0,-0.08677860646163249,0.025662146657642246,-0.08281798205959667
AAPL,2019-02-04,2018-08-06,2019-02-04,125,-0.07015205141018814,9.726154509087646e-06,0.0934521651883932,0.9065467822132361,0.029107231971268882,4.032,-0.08677860646163249,0.025662146657642246,-0.08281798205959667
AAPL,2019-02-05,2018-08-06,2019-02-05,126,-0.07015205141018814,9.629377654740964e-06,0.0951601952969216,0.9048387438185376,0.0291301407422319,4.0,-0.08677860646163249,0.025662146657642246,-0.08281798205959667
AAPL,2019-02-06,2018-08-07,2019-02-06,126,-0.07015205141018814,9.533563746184264e-06,0.09260850017196048,0.9073904386562922,0.028463252545463457,4.0,-0.08677860646163249,0.025662146657642246,-0.08281798205959667
AAPL,2019-02-07,2018-08-08,2019-02-07,126,-0.07015205141018814,9.533563746184281e-06,0.09094166213647234,0.9090572767521296,0.02737500514578883,4.0,-0.08677860646163249,0.025662146657642246,-0.08281798205959667
AAPL,2019-02-08,2018-08-09,2019-02-08,126,-0.07015205141018814,1.0123086404518365e-05,0.08849201075055498,0.9095607436237891,0.026791117723572185,4.0,-0.08677860646163249,0.025662146657642246,-0.08281798205959667
AAPL,2019-02-11,2018-08-13,2019-02-11,125,-0.16101518311052004,1.1902621768420717e-05,0.07758966469591276,0.9154535627839668,0.025955513670884788,4.032,-0.08677860646163249,0.025662146657642246,-0.08281798205959667
AAPL,2019-02-12,2018-08-13,2019-02-12,126,-0.16101518311052004,1.2765659225005707e-05,0.08124425001643217,0.9088552734993391,0.024500502001442433,4.0,-0.08677860646163249,0.025662146657642246,-0.08281798205959667
AAPL,2019-02-13,2018-08-14,2019-02-13,126,-0.16101518311052004,1.4684003331664104e-05,0.07976395430597809,0.9056635840154017,0.023485161890466313,4.0,-0.08677860646163249,0.025662146657642246,-0.08281798205959667
AAPL,2019-02-14,2018-08-15,2019-02-14,126,-0.16101518311052004,1.689062429474543e-05,0.07976395430597809,0.9006726809997598,0.02236383119047626,4.0,-0.08677860646163249,0.025662146657642246,-0.08281798205959667
AAPL,2019-02-15,2018-08-16,2019-02-15,126,-0.16101518311052004,1.9044125713535535e-05,0.08050099787063011,0.8950298149340989,0.021320757222215738,4.0,-0.08677860646163249,0.025662146657642246,-0.08281798205959667
AAPL,2019-02-19,2018-08-20,2019-02-19,125,-0.23505311949151328,2.101314405471667e-05,0.084239714415903,0.8901927488151999,0.020679746833140746,4.032,-0.08677860646163249,0.025662146657642246,-0.08281798205959667
AAPL,2019-02-20,2018-08-21,2019-02-20,125,-0.23505311949151328,2.1870706731805777e-05,0.0873769096602727,0.8837168712326803,0.019567503719975603,4.032,-0.08677860646163249,0.025662146657642246,-0.08281798205959667
AAPL,2019-02-21,2018-08-22,2019-02-21,125,-0.23505311949151328,2.345651189967333e-05,0.09061936418284813,0.8773449180716411,0.018823311661557436,4.032,-0.08677860646163249,0.025662146657642246,-0.08281798205959667
AAPL,2019-02-22,2018-08-23,2019-02-22,125,-0.23505311949151328,2.4659152981926808e-05,0.09061936418284813,0.8747773198905575,0.018306711132672845,4.032,-0.08677860646163249,0.025662146657642246,-0.08281798205959667
AAPL,2019-02-25,2018-08-27,2019-02-25,124,-0.23505311949151328,2.7252578740003836e-05,0.08737690966027277,0.8725224051333089,0.018382517275692914,4.064516129032258,-0.08677860646163249,0.025662146657642246,-0.08281798205959667
AAPL,2019-02-26,2018-08-27,2019-02-26,125,-0.23505311949151328,2.5923454791014224e-05,0.10100490099080232,0.862405711406575,0.017296552189779997,6.048,-0.03581878276646474,0.0901109526010402,-0.0312597771206331
AAPL,2019-02-27,2018-08-28,2019-02-27,125,-0.23505311949151328,2.3930364872400177e-05,0.11243336337736744,0.8556869696565329,0.016143343857969866,6.048,-0.03581878276646474,0.0901109526010402,-0.0312597771206331
AAPL,2019-02-28,2018-08-29,2019-02-28,125,-0.23505311949151328,2.209051098870918e-05,0.12280450099863761,0.8502025561064002,0.015156892356899324,6.048,-0.03581878276646474,0.0901109526010402,-0.0312597771206331
AAPL,2019-03-01,2018-09-04,2019-03-01,123,-0.23505311949151328,2.2312524315120355e-05,0.12388565331279972,0.8494137815579178,0.015087657998454216,6.146341463414634,-0.03581878276646474,0.0901109526010402,-0.0312597771206331
AAPL,2019-03-04,2018-09-05,2019-03-04,123,-0.23505311949151328,1.7377011408915523e-05,0.14110280069764364,0.844041154236508,0.014139926710347906,6.146341463414634,-0.03581878276646474,0.0901109526010402,-0.0312597771206331
AAPL,2019-03-05,2018-09-06,2019-03-05,123,-0.23505311949151328,1.1303903960610345e-05,0.16298401976200735,0.8370138884665588,0.01238719920218567,8.195121951219512,-0.03872243040086465,0.07380411368921315,-0.035358651973595556
AAPL,2019-03-06,2018-09-07,2019-03-06,123,-0.23505311949151328,1.0126423030028375e-05,0.16573030285833895,0.8342686363311694,0.011411121674284822,8.195121951219512,-0.03872243040086465,0.07380411368921315,-0.035358651973595556
AAPL,2019-03-07,2018-09-10,2019-03-07,123,-0.23505311949151328,9.92590641937679e-06,0.16573030285833892,0.8342686361305102,0.011019459332568949,8.195121951219512,-0.03872243040086465,0.07380411368921315,-0.035358651973595556
AAPL,2019-03-08,2018-09-10,2019-03-08,124,-0.23505311949151328,8.12664483771794e-06,0.16435255469308696,0.8356463841950056,0.010966057939641671,8.129032258064516,-0.03872243040086465,0.07380411368921315,-0.035358651973595556
AAPL,2019-03-11,2018-09-12,2019-03-11,123,-0.23505311949151328,2.9819070821963698e-05,0.11546172017879697,0.84464232582165,0.01548657045572197,6.146341463414634,-0.03581878276646474,0.0901109526010402,-0.0312597771206331
AAPL,2019-03-12,2018-09-13,2019-03-12,123,-0.23505311949151328,2.9522366109839832e-05,0.11243336337736758,0.8471491251054893,0.019277934890449974,6.146341463414634,-0.03581878276646474,0.0901109526010402,-0.0312597771206331
AAPL,2019-03-13,2018-09-14,2019-03-13,123,-0.23505311949151328,2.725257874000403e-05,0.11343503051306698,0.8502251143790225,0.01879737993071442,6.146341463414634,-0.03581878276646474,0.0901109526010402,-0.0312597771206331
AAPL,2019-03-14,2018-09-17,2019-03-14,123,-0.23505311949151328,2.6447143315915958e-05,0.1104531849820283,0.8534318507209294,0.018112485360332345,6.146341463414634,-0.03581878276646474,0.0901109526010402,-0.0312597771206331
AAPL,2019-03-15,2018-09-17,2019-03-15,124,0.2025170138342849,2.399703111719953e-05,0.10428998782621654,0.8639603814256684,0.017418445653676905,4.064516129032258,-0.08677860646163249,0.025662146657642246,-0.08281798205959667
AAPL,2019-03-18,2018-09-19,2019-03-18,123,0.2025170138342849,1.984456406989125e-05,0.12126949612745322,0.8565478755051719,0.01662154341671989,4.097560975609756,-0.08677860646163249,0.025662146657642246,-0.08281798205959667
AAPL,2019-03-19,2018-09-20,2019-03-19,123,0.2025170138342849,1.725203520205922e-05,0.11502041912270113,0.8649125639636143,0.016059654392875506,4.097560975609756,-0.08677860646163249,0.025662146657642246,-0.08281798205959667
AAPL,2019-03-20,2018-09-21,2019-03-20,123,0.2025170138342849,1.4410111090498717e-05,0.11101156900220632,0.8720870138749517,0.015413944359406514,4.097560975609756,-0.08677860646163249,0.025662146657642246,-0.08281798205959667
AAPL,2019-03-21,2018-09-24,2019-03-21,123,0.2025170138342849,2.3056094068415005e-05,0.10061256258088744,0.868709325318649,0.016651475334842004,4.097560975609756,-0.08677860646163249,0.025662146657642246,-0.08281798205959667
AAPL,2019-03-22,2018-09-24,2019-03-22,124,0.2025170138342849,2.3287811666110868e-05,0.10061256258088744,0.8684106584652497,0.019769675604605075,4.064516129032258,-0.08677860646163249,0.025662146657642246,-0.08281798205959667
AAPL,2019-03-25,2018-09-26,2019-03-25,123,0.12847907745329165,2.2338677117364435e-05,0.08940290066391152,0.8795560244882527,0.020153935830676463,4.097560975609756,-0.08677860646163249,0.025662146657642246,-0.08281798205959667
AAPL,2019-03-26,2018-09-27,2019-03-26,123,0.12847907745329165,2.0011749499102523e-05,0.08699072740424522,0.8830653419598353,0.019451230047645186,4.097560975609756,-0.08677860646163249,0.025662146657642246,-0.08281798205959667
AAPL,2019-03-27,2018-09-28,2019-03-27,123,0.12847907745329165,1.828936193906568e-05,0.08541547374058747,0.886553700312005,0.01886220251381906,4.097560975609756,-0.08677860646163249,0.025662146657642246,-0.08281798205959667
AAPL,2019-03-28,2018-10-01,2019-03-28,123,0.12847907745329165,1.5585166180529868e-05,0.0831010560116954,0.8918872655149065,0.018051072004042375,4.097560975609756,-0.08677860646163249,0.025662146657642246,-0.08281798205959667
AAPL,2019-03-29,2018-10-01,2019-03-29,124,0.12847907745329165,1.3549092569102608e-05,0.0831010560116954,0.8948620496204842,0.017200132807224777,4.064516129032258,-0.08677860646163249,0.025662146657642246,-0.08281798205959667
AAPL,2019-04-01,2018-10-02,2019-04-01,124,0.12847907745329165,1.1317153414625254e-05,0.08158993639536793,0.8989697425988417,0.016394156879749038,4.064516129032258,-0.08677860646163249,0.025662146657642246,-0.08281798205959667
AAPL,2019-04-02,2018-10-03,2019-04-02,124,0.12847907745329165,1.0138292343208972e-05,0.08010389191990937,0.9017137452612235,0.015799840449418852,4.064516129032258,-0.08677860646163249,0.025662146657642246,-0.08281798205959667
AAPL,2019-04-03,2018-10-04,2019-04-03,124,0.12847907745329165,8.136170184664258e-06,0.07864259344963187,0.9056385842475156,0.0154479072942215,4.064516129032258,-0.08677860646163249,0.025662146657642246,-0.08281798205959667
AAPL,2019-04-04,2018-10-05,2019-04-04,124,0.12847907745329165,6.087999728803248e-06,0.0757929237950006,0.910735987120698,0.014652460249197792,4.064516129032258,-0.08677860646163249,0.025662146657642246,-0.08281798205959667
AAPL,2019-04-05,2018-10-08,2019-04-05,124,0.5660492107790899,4.09227702909115e-06,0.06944458356517798,0.9200727610829565,0.013630164470701677,4.064516129032258,-0.08677860646163249,0.025662146657642246,-0.08281798205959667
AAPL,2019-04-08,2018-10-09,2019-04-08,124,0.5660492107790899,2.7158406739834505e-06,0.07549028483261072,0.9152600659071096,0.012491651092059856,4.064516129032258,-0.08677860646163249,0.025662146657642246,-0.08281798205959667
AAPL,2019-04-09,2018-10-10,2019-04-09,124,0.5660492107790899,4.4003612461893823e-07,0.07009354389994796,0.923394838614432,0.011967920618298359,4.064516129032258,-0.08677860646163249,0.025662146657642246,-0.08281798205959667
AAPL,2019-04-10,2018-10-11,2019-04-10,124,0.5660492107790899,1.7491003079042977e-06,0.08126618769223382,0.912425952491474,0.011873487252934217,4.064516129032258,-0.08677860646163249,0.025662146657642246,-0.08281798205959667
AAPL,2019-04-11,2018-10-12,2019-04-11,124,0.5660492107790899,8.179954914795294e-07,0.07761069900674637,0.916767113240109,0.011196629217281744,4.064516129032258,-0.08677860646163249,0.025662146657642246,-0.08281798205959667
AAPL,2019-04-12,2018-10-15,2019-04-12,124,0.5660492107790899,2.4893633895400267e-11,0.0768979026788092,0.9187997187951928,0.010872405809385548,4.064516129032258,-0.08677860646163249,0.025662146657642246,-0.08281798205959667
AAPL,2019-04-15,2018-10-16,2019-04-15,124,0.5660492107790899,7.575750905391744e-16,0.07761069900674644,0.9174955847499509,0.010355162984794759,4.064516129032258,-0.08677860646163249,0.025662146657642246,-0.08281798205959667
AAPL,2019-04-16,2018-10-17,2019-04-16,124,0.5660492107790899,3.043248300840436e-17,0.07832954126028116,0.9160492190580268,0.009812733262507763,4.064516129032258,-0.08677860646163249,0.025662146657642246,-0.08281798205959667
AAPL,2019-04-17,2018-10-18,2019-04-17,124,0.5660492107790899,7.33696643505069e-17,0.07207420174094152,0.9217359996886154,0.00963824873259986,4.064516129032258,-0.08677860646163249,0.025662146657642246,-0.08281798205959667
AAPL,2019-04-18,2018-10-19,2019-04-18,124,0.5660492107790899,3.329844029709146e-17,0.07207420174094152,0.9210888160490524,0.010255760723401222,4.064516129032258,-0.08677860646163249,0.025662146657642246,-0.08281798205959667
AAPL,2019-04-22,2018-10-23,2019-04-22,123,0.5660492107790899,3.167445620057379e-17,0.07009354389994807,0.9211262404782944,0.009717095841199085,4.097560975609756,-0.08677860646163249,0.025662146657642246,-0.08281798205959667
AAPL,2019-04-23,2018-10-24,2019-04-23,123,0.5660492107790899,3.363309518571936e-17,0.06880118660003093,0.9220501046746846,0.00933906443740412,4.097560975609756,-0.08677860646163249,0.025662146657642246,-0.08281798205959667
AAPL,2019-04-24,2018-10-25,2019-04-24,123,0.5660492107790899,3.104725994551548e-17,0.06816331352763824,0.9222161811008076,0.00948261304165724,4.097560975609756,-0.08677860646163249,0.025662146657642246,-0.08281798205959667
AAPL,2019-04-25,2018-10-26,2019-04-25,123,0.5660492107790899,3.104725994551548e-17,0.06690398179286278,0.9231712580927782,0.009170628659851002,4.097560975609756,-0.08677860646163249,0.025662146657642246,-0.08281798205959667
AAPL,2019-04-26,2018-10-29,2019-04-26,123,0.5660492107790899,3.135929009547345e-17,0.06628244482404609,0.9230732982567647,0.009235905362629214,4.097560975609756,-0.08677860646163249,0.025662146657642246,-0.08281798205959667
AAPL,2019-04-29,2018-10-30,2019-04-29,123,0.5660492107790899,3.043248300840436e-17,0.06566627514033228,0.9226908777749766,0.008978068310901772,4.097560975609756,-0.08677860646163249,0.025662146657642246,-0.08281798205959667
AAPL,2019-04-30,2018-10-31,2019-04-30,123,0.5099271334660411,3.395609843505599e-08,0.05788563454868146,0.9319888226359441,0.009103168852368108,4.097560975609756,-0.08677860646163249,0.025662146657642246,-0.08281798205959667
AAPL,2019-05-01,2018-11-02,2019-05-01,122,0.9474972667918392,1.5334346147586884e-05,0.16190549862413073,0.821357208617682,0.014874017923915964,6.19672131147541,-0.03581878276646474,0.0901109526010402,-0.0312597771206331
AAPL,2019-05-02,2018-11-05,2019-05-02,122,0.9474972667918392,1.3600344981989832e-05,0.2084674124768125,0.7915310966622084,0.024501223851113352,4.131147540983607,-0.019411809879592123,0.12093318403759319,-0.0120264890557501
AAPL,2019-05-03,2018-11-05,2019-05-03,123,0.9474972667918392,1.3067067827524112e-05,0.20356169751461684,0.7964372410881384,0.022439424691606293,4.097560975609756,-0.019411809879592123,0.12093318403759319,-0.0120264890557501
AAPL,2019-05-06,2018-11-07,2019-05-06,122,0.9474972667918392,1.3198394042490883e-05,0.20682256553382095,0.7931763736978943,0.020757481605812304,4.131147540983607,-0.019411809879592123,0.12093318403759319,-0.0120264890557501
AAPL,2019-05-07,2018-11-08,2019-05-07,122,0.8566341350915073,1.3224025029139898e-05,0.2014014880810411,0.7985974592149956,0.0207299412715456,6.19672131147541,0.003031744557588626,0.0939337900228628,0.007471294893146574
AAPL,2019-05-08,2018-11-09,2019-05-08,122,0.8566341350915073,1.3626756548391986e-05,0.20791024096073896,0.7915735491057243,0.023495071026187062,4.131147540983607,-0.019411809879592123,0.12093318403759319,-0.0120264890557501
AAPL,2019-05-09,2018-11-12,2019-05-09,122,0.8566341350915073,1.3626756548391986e-05,0.1950462576464772,0.7978327996808323,0.020979878011092714,6.19672131147541,0.003031744557588626,0.0939337900228628,0.007471294893146574
AAPL,2019-05-10,2018-11-12,2019-05-10,123,0.8566341350915073,1.3491168055275876e-05,0.19192607700528064,0.7998610658090808,0.020048549588253337,6.146341463414634,0.003031744557588626,0.0939337900228628,0.007471294893146574
AAPL,2019-05-13,2018-11-14,2019-05-13,122,0.8566341350915073,1.615186064457058e-05,0.21457275133714468,0.7854260032358336,0.020357194134344506,6.19672131147541,-0.032900151226221176,0.08864662180582372,-0.028555402368433458
AAPL,2019-05-14,2018-11-15,2019-05-14,122,0.8566341350915073,1.5674501021021457e-05,0.20956144980341077,0.7904374887869932,0.0343809362255599,6.19672131147541,-0.032900151226221176,0.08864662180582372,-0.028555402368433458
AAPL,2019-05-15,2018-11-16,2019-05-15,122,0.8566341350915073,1.505989504497971e-05,0.20463665402357561,0.795362284576968,0.031159697394328265,6.19672131147541,-0.032900151226221176,0.08864662180582372,-0.028555402368433458
AAPL,2019-05-16,2018-11-19,2019-05-16,122,0.8566341350915073,1.4910046585562085e-05,0.207910240960739,0.792088698272083,0.02833056778095984,6.19672131147541,-0.032900151226221176,0.08864662180582372,-0.028555402368433458
AAPL,2019-05-17,2018-11-19,2019-05-17,123,0.8566341350915073,1.4761689143228096e-05,0.20791024096073904,0.7920886980203057,0.02574143944011405,6.146341463414634,-0.032900151226221176,0.08864662180582372,-0.028555402368433458
AAPL,2019-05-20,2018-11-21,2019-05-20,122,0.8566341350915073,1.536412510555062e-05,0.20301427038893607,0.7969846682149451,0.023755219577258593,6.19672131147541,-0.032900151226221176,0.08864662180582372,-0.028555402368433458
AAPL,2019-05-21,2018-11-23,2019-05-21,122,0.8566341350915073,1.5211249506451814e-05,0.2046366540235757,0.7953622850826289,0.026746036380840173,6.19672131147541,-0.032900151226221176,0.08864662180582372,-0.028555402368433458
AAPL,2019-05-22,2018-11-23,2019-05-22,123,0.8566341350915073,1.5059895044979736e-05,0.2046366540235757,0.7953622849581043,0.02516291555528294,6.146341463414634,-0.032900151226221176,0.08864662180582372,-0.028555402368433458
AAPL,2019-05-23,2018-11-26,2019-05-23,123,0.8566341350915073,1.5211249506451841e-05,0.2046366540235757,0.7953622849581043,0.02526047635262896,6.146341463414634,-0.032900151226221176,0.08864662180582372,-0.028555402368433458
AAPL,2019-05-24,2018-11-26,2019-05-24,124,0.8566341350915073,1.5211249506451841e-05,0.20626864313610055,0.7937302959707819,0.024672788006328553,6.096774193548387,-0.032900151226221176,0.08864662180582372,-0.028555402368433458
AAPL,2019-05-28,2018-11-29,2019-05-28,122,0.8566341350915073,1.551853712996349e-05,0.21457275133714482,0.7854261882826039,0.022410728857534225,6.19672131147541,-0.032900151226221176,0.08864662180582372,-0.028555402368433458
AAPL,2019-05-29,2018-11-30,2019-05-29,122,0.8566341350915073,1.536412510555065e-05,0.2179616735943249,0.7820372656486978,0.02042810402982257,6.19672131147541,-0.032900151226221176,0.08864662180582372,-0.028555402368433458
AAPL,2019-05-30,2018-12-03,2019-05-30,122,0.8566341350915073,1.551853712996349e-05,0.22485473175453877,0.7751442077623744,0.01865722523750811,6.19672131147541,-0.032900151226221176,0.08864662180582372,-0.028555402368433458
AAPL,2019-05-31,2018-12-03,2019-05-31,123,0.8566341350915073,1.5364125105550676e-05,0.22138901377248543,0.7786099249323497,0.01702968996195417,6.146341463414634,-0.032900151226221176,0.08864662180582372,-0.028555402368433458
AAPL,2019-06-03,2018-12-04,2019-06-03,123,0.8005120577784587,1.5562419475966127e-05,0.20391868886414274,0.7942291306961919,0.018802315743652792,6.146341463414634,-0.032900151226221176,0.08864662180582372,-0.028555402368433458
AAPL,2019-06-04,2018-12-06,2019-06-04,123,0.8005120577784587,1.6197533863086992e-05,0.21382930941330883,0.7861696347922239,0.018174829829396433,6.146341463414634,-0.032900151226221176,0.08864662180582372,-0.028555402368433458
AAPL,2019-06-05,2018-12-06,2019-06-05,124,0.8005120577784587,1.587680120343912e-05,0.2121535097676953,0.7878454290821165,0.022444610335930863,6.096774193548387,-0.032900151226221176,0.08864662180582372,-0.028555402368433458
AAPL,2019-06-06,2018-12-07,2019-06-06,124,0.8005120577784587,1.5718824391933497e-05,0.21048732273609183,0.7879024405304101,0.02107537544194955,6.096774193548387,-0.032900151226221176,0.08864662180582372,-0.028555402368433458
AAPL,2019-06-07,2018-12-10,2019-06-07,124,0.8005120577784587,1.7199133419731818e-05,0.21891436824404872,0.781084583176485,0.019960940804457417,6.096774193548387,-0.032900151226221176,0.08864662180582372,-0.028555402368433458
AAPL,2019-06-10,2018-12-11,2019-06-10,124,0.8005120577784587,1.636032178476251e-05,0.21891436824404872,0.7810845695021124,0.021007565906164677,6.096774193548387,-0.032900151226221176,0.08864662180582372,-0.028555402368433458
AAPL,2019-06-11,2018-12-12,2019-06-11,124,0.8005120577784587,1.5876801203439146e-05,0.21891436824404872,0.7809877645550298,0.01945549843084062,6.096774193548387,-0.032900151226221176,0.08864662180582372,-0.028555402368433458
AAPL,2019-06-12,2018-12-13,2019-06-12,124,0.8005120577784587,1.5718824391933524e-05,0.22062859761632034,0.7778761984203679,0.017946810414117005,6.096774193548387,-0.032900151226221176,0.08864662180582372,-0.028555402368433458
AAPL,2019-06-13,2018-12-14,2019-06-13,124,0.8005120577784587,1.5407570814915083e-05,0.22408584208624238,0.7739250759986008,0.01643403280050987,6.096774193548387,-0.032900151226221176,0.08864662180582372,-0.028555402368433458
AAPL,2019-06-14,2018-12-17,2019-06-14,124,0.8005120577784587,1.6197533863087023e-05,0.23468729132183347,0.7653116488191659,0.014972801510887859,6.096774193548387,-0.032900151226221176,0.08864662180582372,-0.028555402368433458
AAPL,2019-06-17,2018-12-18,2019-06-17,124,0.8005120577784587,1.5718824391933524e-05,0.23829739079665838,0.7617015335210094,0.01444550274932146,6.096774193548387,-0.032900151226221176,0.08864662180582372,-0.028555402368433458
AAPL,2019-06-18,2018-12-19,2019-06-18,124,1.2380821911042568,1.5450493891649803e-05,0.21988537679107967,0.7773266340940592,0.013674661967006304,6.096774193548387,-0.032900151226221176,0.08864662180582372,-0.028555402368433458
AAPL,2019-06-19,2018-12-20,2019-06-19,124,1.0910969820908762,1.3907173847859488e-05,0.22026306828431058,0.7797358601319614,0.015336810330746171,6.096774193548387,-0.032900151226221176,0.08864662180582372,-0.028555402368433458
AAPL,2019-06-20,2018-12-21,2019-06-20,124,1.0910969820908762,1.3768795155994067e-05,0.23430548140319327,0.7645011016274896,0.014138382468584993,6.096774193548387,-0.032900151226221176,0.08864662180582372,-0.028555402368433458
AAPL,2019-06-21,2018-12-24,2019-06-21,124,1.0910969820908762,1.4046943268699044e-05,0.2361037548015344,0.7638952089086077,0.013083134205459791,6.096774193548387,-0.032900151226221176,0.08864662180582372,-0.028555402368433458
AAPL,2019-06-24,2018-12-26,2019-06-24,124,1.017059045709883,1.4743381466242872e-05,0.17878610241293114,0.7960276254706347,0.012984990677993009,8.129032258064516,-0.007661984872286198,0.08824214338224155,-0.0037615545004969775
AAPL,2019-06-25,2018-12-26,2019-06-25,125,0.9430211093288897,1.6267735430018128e-05,0.1564232401194574,0.8076971576550055,0.01279242220831037,10.08,0.0034541827885610664,0.08036076666408423,0.006705491004495023
AAPL,2019-06-26,2018-12-27,2019-06-26,125,0.8128610956348478,1.782134557085696e-05,5.132860764178732e-06,0.9384503619473761,0.017017164658185924,6.048,-0.032900151226221176,0.08864662180582372,-0.028555402368433458
AAPL,2019-06-27,2018-12-28,2019-06-27,125,0.6827010819408058,1.4755414965789344e-05,2.7678840898355966e-09,0.9461633515346461,0.01655745331600642,6.048,-0.032900151226221176,0.08864662180582372,-0.028555402368433458
AAPL,2019-06-28,2018-12-31,2019-06-28,125,0.6086631455598126,1.319713272913024e-05,2.952054105000209e-09,0.9477975790861346,0.015903603688232404,6.048,-0.032900151226221176,0.08864662180582372,-0.028555402368433458
AAPL,2019-07-01,2019-01-02,2019-07-01,125,0.5346252091788194,1.3044792934257036e-05,2.952054105000209e-09,0.9474307133910894,0.01575641826477957,6.048,-0.032900151226221176,0.08864662180582372,-0.028555402368433458
AAPL,2019-07-02,2019-01-03,2019-07-02,125,0.5346252091788194,1.9853673346944765e-05,0.02388651543840936,0.8874508462148628,0.01464332433651348,8.064,-0.012695400061678352,0.0828959805029223,-0.009216790849191137
AAPL,2019-07-03,2019-01-04,2019-07-03,125,0.9721953425046175,3.3487459157230866e-05,0.13415336968580716,0.7413959612516487,0.013921603458000836,4.032,0.0031120153521957405,0.08907968491827749,0.007104730171282991
AAPL,2019-07-05,2019-01-07,2019-07-05,125,0.9721953425046175,2.825219108816407e-05,0.24882279231749613,0.6731291621353993,0.012278458150827117,4.032,0.0031120153521957405,0.08907968491827749,0.007104730171282991
AAPL,2019-07-08,2019-01-09,2019-07-08,124,0.9721953425046175,3.0300706080413438e-05,0.22708176332793745,0.6866682234692865,0.012044579319907137,4.064516129032258,0.0031120153521957405,0.08907968491827749,0.007104730171282991
AAPL,2019-07-09,2019-01-10,2019-07-09,124,0.9721953425046175,2.9999209017395736e-05,0.2184283504885295,0.6927933699902272,0.016255003442545907,4.064516129032258,0.0031120153521957405,0.08907968491827749,0.007104730171282991
AAPL,2019-07-10,2019-01-11,2019-07-10,124,0.9721953425046175,2.9112598400919845e-05,0.21167842898183506,0.6979788776993234,0.014526224782127325,4.064516129032258,0.0031120153521957405,0.08907968491827749,0.007104730171282991
AAPL,2019-07-11,2019-01-14,2019-07-11,124,0.9721953425046175,2.8822923206836993e-05,0.21167842898183506,0.6979779923006443,0.013528074232692078,4.064516129032258,0.0031120153521957405,0.08907968491827749,0.007104730171282991
AAPL,2019-07-12,2019-01-14,2019-07-12,125,0.9721953425046175,2.853613032909401e-05,0.21167842898183506,0.6971741200797856,0.01347171828469173,4.032,0.0031120153521957405,0.08907968491827749,0.007104730171282991
AAPL,2019-07-15,2019-01-16,2019-07-15,124,0.9721953425046175,2.825219108816412e-05,0.2133514934912271,0.695693614542198,0.012520155408565332,4.064516129032258,0.0031120153521957405,0.08907968491827749,0.007104730171282991
AAPL,2019-07-16,2019-01-17,2019-07-16,124,0.9721953425046175,2.7144406830421446e-05,0.21842835048852954,0.6943508226414618,0.01185464282716438,4.064516129032258,0.0031120153521957405,0.08907968491827749,0.007104730171282991
AAPL,2019-07-17,2019-01-18,2019-07-17,124,0.9721953425046175,2.582055848771502e-05,0.22359163383087508,0.6935375285984972,0.011523904563607182,4.064516129032258,0.0031120153521957405,0.08907968491827749,0.007104730171282991
AAPL,2019-07-18,2019-01-22,2019-07-18,124,0.9721953425046175,2.4561274990556172e-05,0.23061016936844617,0.6908635791626178,0.01159141182446825,4.064516129032258,0.0031120153521957405,0.08907968491827749,0.007104730171282991
AAPL,2019-07-19,2019-01-22,2019-07-19,125,0.9721953425046175,2.582055848771502e-05,0.22884118663731204,0.690305452373126,0.011556851452674094,4.032,0.0031120153521957405,0.08907968491827749,0.007104730171282991
AAPL,2019-07-22,2019-01-23,2019-07-22,125,0.9721953425046175,2.8822923206836943e-05,0.24882279231749613,0.6673446439831304,0.014447963742614657,4.032,0.0031120153521957405,0.08907968491827749,0.007104730171282991
AAPL,2019-07-23,2019-01-24,2019-07-23,125,0.9721953425046175,2.7417212654467757e-05,0.23061016936844617,0.6796349935002183,0.015649247515727008,4.032,0.0031120153521957405,0.08907968491827749,0.007104730171282991
AAPL,2019-07-24,2019-01-25,2019-07-24,125,0.9721953425046175,2.6342168369406033e-05,0.2184283504885295,0.686290035242631,0.013854684454896515,4.032,0.0031120153521957405,0.08907968491827749,0.007104730171282991
AAPL,2019-07-25,2019-01-28,2019-07-25,125,0.9721953425046175,2.825219108816402e-05,0.17584110289315952,0.7056828411607028,0.012836939305152877,4.032,0.0031120153521957405,0.08907968491827749,0.007104730171282991
AAPL,2019-07-26,2019-01-28,2019-07-26,126,0.9721953425046175,2.797107708988652e-05,0.1772947007719549,0.7044373474003878,0.012958305840707,4.0,0.0031120153521957405,0.08907968491827749,0.007104730171282991
AAPL,2019-07-29,2019-01-30,2019-07-29,125,0.9721953425046175,2.660691156287789e-05,0.1564668964906967,0.7081377031061352,0.01173108591039686,6.048,0.0180476280454472,0.06809414594616954,0.020574837165909354
AAPL,2019-07-30,2019-01-31,2019-07-30,125,0.9160732651915687,2.036860534934713e-05,0.14689564524359083,0.7628301957232655,0.011611141914868768,4.032,-0.0059789902437645814,0.07622306150886068,-0.003069292751484154
AAPL,2019-07-31,2019-02-01,2019-07-31,125,0.9160732651915687,2.016593433982351e-05,0.15457368609241862,0.7535353575495188,0.01132047673061557,4.032,-0.0059789902437645814,0.07622306150886068,-0.003069292751484154
AAPL,2019-08-01,2019-02-04,2019-08-01,125,0.8599511878785201,2.3731861413569456e-05,0.16608877403761035,0.7374382186935944,0.013045399773293397,4.032,-0.0059789902437645814,0.07622306150886068,-0.003069292751484154
AAPL,2019-08-02,2019-02-04,2019-08-02,126,0.8599511878785201,2.39703705859941e-05,0.189442134236131,0.7151144122059452,0.016325669682972752,4.0,-0.0059789902437645814,0.07622306150886068,-0.003069292751484154
AAPL,2019-08-05,2019-02-06,2019-08-05,125,0.7859132514975268,2.7528118288274817e-05,0.3048371328477425,0.6454922547733023,0.02083982649925793,2.016,-0.05987683391947929,0.0,-0.05811946582585392
AAPL,2019-08-06,2019-02-07,2019-08-06,125,0.7859132514975268,2.9230362056113798e-05,0.3112285692173549,0.625123593973974,0.03615730765670036,2.016,-0.05987683391947929,0.0,-0.05811946582585392
AAPL,2019-08-07,2019-02-08,2019-08-07,125,0.7859132514975268,2.6983025024798364e-05,0.30483713284774255,0.6426511152821932,0.030508647892016502,2.016,-0.05987683391947929,0.0,-0.05811946582585392
AAPL,2019-08-08,2019-02-11,2019-08-08,125,0.7859132514975268,2.9230362056113798e-05,0.30483713284774255,0.6315030539168519,0.024977026171295668,2.016,-0.05987683391947929,0.0,-0.05811946582585392
AAPL,2019-08-09,2019-02-11,2019-08-09,126,0.7859132514975268,3.198311046519221e-05,0.3069594349974913,0.6136142473620297,0.02250811247035652,2.0,-0.05987683391947929,0.0,-0.05811946582585392
AAPL,2019-08-12,2019-02-13,2019-08-12,125,0.7859132514975268,4.448748730621868e-05,0.34198747502195176,0.5314148465956654,0.017988989254505903,2.016,-0.05987683391947929,0.0,-0.05811946582585392
AAPL,2019-08-13,2019-02-14,2019-08-13,125,0.7859132514975268,2.698302502479808e-05,0.2661406312214131,0.6789320693023461,0.01825011028014957,2.016,-0.05987683391947929,0.0,-0.05811946582585392
AAPL,2019-08-14,2019-02-15,2019-08-14,125,0.7859132514975268,2.7254208934733583e-05,0.2680975751357951,0.679113734706387,0.025493821226374155,2.016,-0.05987683391947929,0.0,-0.05811946582585392
AAPL,2019-08-15,2019-02-19,2019-08-15,125,0.7859132514975268,2.836647430136114e-05,0.2526991847022652,0.6836757313162343,0.027173563064192573,2.016,-0.05987683391947929,0.0,-0.05811946582585392
AAPL,2019-08-16,2019-02-19,2019-08-16,126,0.7859132514975268,2.865156210767857e-05,0.25081606873309154,0.6830243517743227,0.02336837392925673,2.0,-0.05987683391947929,0.0,-0.05811946582585392
AAPL,2019-08-19,2019-02-20,2019-08-19,126,0.7859132514975268,3.042327576154726e-05,0.24154122178678394,0.6810439083275047,0.022153760393923576,2.0,-0.05987683391947929,0.0,-0.05811946582585392
AAPL,2019-08-20,2019-02-21,2019-08-20,126,0.7859132514975268,3.362291960425771e-05,0.23608964158685256,0.6699588290367016,0.020153889806088822,2.0,-0.05987683391947929,0.0,-0.05811946582585392
AAPL,2019-08-21,2019-02-22,2019-08-21,126,0.7859132514975268,3.606085635321913e-05,0.23608964158685256,0.6587110052274384,0.017298761278002266,2.0,-0.05987683391947929,0.0,-0.05811946582585392
AAPL,2019-08-22,2019-02-25,2019-08-22,126,0.7859132514975268,3.945686167007994e-05,0.243377354285894,0.6382027530175695,0.015400308494073008,2.0,-0.05987683391947929,0.0,-0.05811946582585392
AAPL,2019-08-23,2019-02-25,2019-08-23,127,0.7859132514975268,2.2313859005678707e-05,0.16880323833060173,0.7819245974052967,0.01702811346143756,3.968503937007874,-0.0568223060785944,0.0043197546992256195,-0.055229252292896214
AAPL,2019-08-26,2019-02-27,2019-08-26,126,0.7859132514975268,2.2313859005678707e-05,0.15392902888178342,0.7920059007628703,0.025434822688574898,6.0,-0.021908586241746224,0.06054943136701218,-0.019875298929514007
AAPL,2019-08-27,2019-02-28,2019-08-27,126,0.7859132514975268,2.2313859005678707e-05,0.14627746266720085,0.796557829600008,0.02365388762349523,6.0,-0.021908586241746224,0.06054943136701218,-0.019875298929514007
AAPL,2019-08-28,2019-03-01,2019-08-28,126,0.7859132514975268,2.299341718240112e-05,0.1389437082015064,0.7983652170779696,0.02205880102739055,6.0,-0.021908586241746224,0.06054943136701218,-0.019875298929514007
AAPL,2019-08-29,2019-03-01,2019-08-29,127,0.7859132514975268,2.3693670986689918e-05,0.1353938398111758,0.7974458932384881,0.020173241749498617,5.952755905511811,-0.021908586241746224,0.06054943136701218,-0.019875298929514007
AAPL,2019-08-30,2019-03-01,2019-08-30,128,0.7859132514975268,2.466062804311644e-05,0.13192075546257767,0.794833903693527,0.019131661399783118,5.90625,-0.021908586241746224,0.06054943136701218,-0.019875298929514007
AAPL,2019-09-03,2019-03-04,2019-09-03,128,0.7118753151165336,2.5625742746552284e-05,0.12734949608131002,0.7983898911325225,0.017972639971760202,5.90625,-0.021908586241746224,0.06054943136701218,-0.019875298929514007
AAPL,2019-09-04,2019-03-05,2019-09-04,128,0.7118753151165336,2.4868387592254715e-05,0.12405312153439167,0.7993332741798435,0.01776358878930683,5.90625,-0.021908586241746224,0.06054943136701218,-0.019875298929514007
AAPL,2019-09-05,2019-03-06,2019-09-05,128,0.7118753151165336,2.4868387592254715e-05,0.12514369647438425,0.7976360301823078,0.017313375343062844,5.90625,-0.021908586241746224,0.06054943136701218,-0.019875298929514007
AAPL,2019-09-06,2019-03-07,2019-09-06,128,0.7118753151165336,2.5370762345922998e-05,0.12624247553490558,0.7930443967371981,0.017148528254794283,7.875,-0.028262108716670342,0.05104532055539609,-0.02659913830562588
AAPL,2019-09-09,2019-03-11,2019-09-09,127,0.7118753151165336,2.562574274655224e-05,0.13650674504842789,0.781528758889171,0.01590652739900181,7.937007874015748,-0.028262108716670342,0.05104532055539609,-0.02659913830562588
AAPL,2019-09-10,2019-03-11,2019-09-10,128,0.7118753151165336,2.588328574281099e-05,0.13768957308402,0.778207655663316,0.014863531884171017,7.875,-0.028262108716670342,0.05104532055539609,-0.02659913830562588
AAPL,2019-09-11,2019-03-12,2019-09-11,128,0.7118753151165336,2.6939602672617938e-05,0.13650674504842789,0.7829986972733889,0.014810608423318104,7.875,-0.028262108716670342,0.05104532055539609,-0.02659913830562588
AAPL,2019-09-12,2019-03-13,2019-09-12,128,0.7118753151165336,2.6671549147294036e-05,0.13186073086488645,0.7864738784015844,0.017505600622768364,7.875,-0.028262108716670342,0.05104532055539609,-0.02659913830562588
AAPL,2019-09-13,2019-03-14,2019-09-13,128,0.7118753151165336,2.6939602672617938e-05,0.13186073086488645,0.7864729724710426,0.016502072234675078,5.90625,-0.021908586241746224,0.06054943136701218,-0.019875298929514007
AAPL,2019-09-16,2019-03-18,2019-09-16,127,0.7118753151165336,2.6406162799111232e-05,0.13186073086488645,0.7864720665415443,0.017469740370363987,7.937007874015748,-0.028262108716670342,0.05104532055539609,-0.02659913830562588
AAPL,2019-09-17,2019-03-18,2019-09-17,128,0.7118753151165336,2.6143417089213546e-05,0.1307203762172695,0.7867604097069161,0.01628250168961673,7.875,-0.028262108716670342,0.05104532055539609,-0.02659913830562588
AAPL,2019-09-18,2019-03-19,2019-09-18,128,0.7118753151165336,2.5883285742811038e-05,0.13533248158925126,0.7818393085718985,0.015201098378787935,7.875,-0.028262108716670342,0.05104532055539609,-0.02659913830562588
AAPL,2019-09-19,2019-03-20,2019-09-19,128,0.7118753151165336,2.5625742746552284e-05,0.14008105952862415,0.7775447020866765,0.014460966521888446,7.875,-0.028262108716670342,0.05104532055539609,-0.02659913830562588
AAPL,2019-09-20,2019-03-21,2019-09-20,128,0.6378373787355404,2.689625019772852e-05,0.14244316031400317,0.7747154224592714,0.01444618338072796,7.875,-0.028262108716670342,0.05104532055539609,-0.02659913830562588
AAPL,2019-09-23,2019-03-25,2019-09-23,127,0.6378373787355404,2.115733976375001e-05,0.15906954059445857,0.7830895271087979,0.015091542453556015,5.952755905511811,-0.021908586241746224,0.06054943136701218,-0.019875298929514007
AAPL,2019-09-24,2019-03-25,2019-09-24,128,0.6378373787355404,2.0738396367128027e-05,0.1604115134026471,0.7823743782639692,0.014081258974397045,5.90625,-0.021908586241746224,0.06054943136701218,-0.019875298929514007
AAPL,2019-09-25,2019-03-26,2019-09-25,128,0.6378373787355404,2.0532045875499457e-05,0.16449237920009233,0.7816727256511785,0.0136004768051961,5.90625,-0.021908586241746224,0.06054943136701218,-0.019875298929514007
AAPL,2019-09-26,2019-03-27,2019-09-26,128,0.6378373787355404,2.0532045875499457e-05,0.16587106655767153,0.7808825813249751,0.013850396338528758,5.90625,-0.021908586241746224,0.06054943136701218,-0.019875298929514007
AAPL,2019-09-27,2019-03-28,2019-09-27,128,0.6378373787355404,2.0532045875499457e-05,0.16587106655767153,0.7808816451596534,0.013422761742698136,5.90625,-0.021908586241746224,0.06054943136701218,-0.019875298929514007
AAPL,2019-09-30,2019-04-01,2019-09-30,127,0.6378373787355404,2.4336733583761765e-05,0.1449033201536849,0.7856187401435244,0.013516676180227042,5.952755905511811,-0.021908586241746224,0.06054943136701218,-0.019875298929514007
AAPL,2019-10-01,2019-04-02,2019-10-01,127,0.6378373787355404,2.4828368214027892e-05,0.13644496216097235,0.7894226159922871,0.015145479931902352,5.952755905511811,-0.021908586241746224,0.06054943136701218,-0.019875298929514007
AAPL,2019-10-02,2019-04-03,2019-10-02,127,0.5817153014224916,2.9512403298888004e-05,0.1203062656900967,0.7962086249918662,0.015024827038579418,5.952755905511811,-0.021908586241746224,0.06054943136701218,-0.019875298929514007
AAPL,2019-10-03,2019-04-04,2019-10-03,127,0.5255932241094429,3.1113268639170233e-05,0.10029727510684605,0.8054092428468622,0.017122181295270596,5.952755905511811,-0.021908586241746224,0.06054943136701218,-0.019875298929514007
AAPL,2019-10-04,2019-04-05,2019-10-04,127,0.5255932241094429,3.2383025219990496e-05,0.09501192322598945,0.8022218774032864,0.016368009508375164,5.952755905511811,-0.021908586241746224,0.06054943136701218,-0.019875298929514007
AAPL,2019-10-07,2019-04-08,2019-10-07,127,0.45155528772844966,3.3988554286622576e-05,0.07839014547274048,0.8132547720880254,0.01752988160906599,3.968503937007874,-0.0568223060785944,0.0043197546992256195,-0.055229252292896214
AAPL,2019-10-08,2019-04-09,2019-10-08,127,0.37751735134745645,3.567368442715955e-05,0.0681833166357777,0.8163977671579525,0.016880935874812805,3.968503937007874,-0.0568223060785944,0.0043197546992256195,-0.055229252292896214
AAPL,2019-10-09,2019-04-10,2019-10-09,127,0.37751735134745645,3.567368442715949e-05,0.05494444432896971,0.8238314684937089,0.016567994328908844,3.968503937007874,-0.0568223060785944,0.0043197546992256195,-0.055229252292896214
AAPL,2019-10-10,2019-04-11,2019-10-10,127,0.37751735134745645,3.567368442715949e-05,0.04903632280336591,0.8289808722211477,0.016382228429349218,3.968503937007874,-0.0568223060785944,0.0043197546992256195,-0.055229252292896214
AAPL,2019-10-11,2019-04-12,2019-10-11,127,0.37751735134745645,3.6032210916160313e-05,0.04209148030041441,0.8361011543889096,0.01644999482212896,3.968503937007874,-0.0568223060785944,0.0043197546992256195,-0.055229252292896214
AAPL,2019-10-14,2019-04-15,2019-10-14,127,0.37751735134745645,3.6394340656279705e-05,0.03574656240836979,0.8394819233655479,0.016900802673891057,3.968503937007874,-0.0568223060785944,0.0043197546992256195,-0.055229252292896214
AAPL,2019-10-15,2019-04-16,2019-10-15,127,0.37751735134745645,3.6760109860793436e-05,0.03341069794722735,0.8393206849033028,0.01659041716052315,3.968503937007874,-0.0568223060785944,0.0043197546992256195,-0.055229252292896214
AAPL,2019-10-16,2019-04-17,2019-10-16,127,0.37751735134745645,3.6394340656279705e-05,0.03341069794722735,0.8404208652099068,0.01636662857326695,3.968503937007874,-0.0568223060785944,0.0043197546992256195,-0.055229252292896214
AAPL,2019-10-17,2019-04-18,2019-10-17,127,0.37751735134745645,3.6032210916160313e-05,0.03751051106937267,0.836855329252848,0.016076880797781908,3.968503937007874,-0.0568223060785944,0.0043197546992256195,-0.055229252292896214
AAPL,2019-10-18,2019-04-22,2019-10-18,127,0.37751735134745645,3.567368442715949e-05,0.040507972268373243,0.8331552815753795,0.01571282838325701,3.968503937007874,-0.0568223060785944,0.0043197546992256195,-0.055229252292896214
AAPL,2019-10-21,2019-04-22,2019-10-21,128,0.37751735134745645,3.567368442715949e-05,0.040507972268373243,0.8331544132458285,0.015550300153146528,3.9375,-0.0568223060785944,0.0043197546992256195,-0.055229252292896214
AAPL,2019-10-22,2019-04-23,2019-10-22,128,0.37751735134745645,3.393385830746704e-05,0.04457812835136969,0.8339247884580165,0.01553083822544125,3.9375,-0.0568223060785944,0.0043197546992256195,-0.055229252292896214
AAPL,2019-10-23,2019-04-24,2019-10-23,128,0.37751735134745645,2.950067917845274e-05,0.04720443387145305,0.8456810359480866,0.015107194126475869,3.9375,-0.0568223060785944,0.0043197546992256195,-0.055229252292896214
AAPL,2019-10-24,2019-04-25,2019-10-24,128,0.37751735134745645,2.513882053220338e-05,0.055465986151330235,0.8508436422547005,0.014671570971722399,3.9375,-0.0568223060785944,0.0043197546992256195,-0.055229252292896214
AAPL,2019-10-25,2019-04-26,2019-10-25,128,0.37751735134745645,2.274654546282828e-05,0.05980901523587274,0.8534390513934795,0.014115180400599706,3.9375,-0.0568223060785944,0.0043197546992256195,-0.055229252292896214
AAPL,2019-10-28,2019-04-29,2019-10-28,128,0.37751735134745645,1.9578133115971538e-05,0.06882136305765386,0.8548731550437346,0.013668402512922558,3.9375,-0.0568223060785944,0.0043197546992256195,-0.055229252292896214
AAPL,2019-10-29,2019-04-30,2019-10-29,128,0.37751735134745645,1.9973637640136357e-05,0.0638684064291237,0.8587121211158759,0.013746402311563091,3.9375,-0.0568223060785944,0.0043197546992256195,-0.055229252292896214
AAPL,2019-10-30,2019-05-01,2019-10-30,128,0.37751735134745645,1.9578133115971538e-05,0.05759908362290199,0.863744131520573,0.014781124560349797,3.9375,-0.0568223060785944,0.0043197546992256195,-0.055229252292896214
AAPL,2019-10-31,2019-05-01,2019-10-31,129,0.37751735134745645,2.0997707940563548e-05,0.055465986151330283,0.8612532258065642,0.014580080219887064,3.906976744186047,-0.0568223060785944,0.0043197546992256195,-0.055229252292896214
AAPL,2019-11-01,2019-05-02,2019-11-01,129,0.37751735134745645,2.6164755260406033e-05,0.040898417259082914,0.8595881402186744,0.01557236629440469,3.906976744186047,-0.0568223060785944,0.0043197546992256195,-0.055229252292896214
AAPL,2019-11-04,2019-05-06,2019-11-04,128,0.37751735134745645,2.5646658393645906e-05,0.04587339413370974,0.8533398302913235,0.01609395771261949,3.9375,-0.0568223060785944,0.0043197546992256195,-0.055229252292896214
AAPL,2019-11-05,2019-05-06,2019-11-05,129,0.37751735134745645,2.539146987885084e-05,0.04500596234099757,0.8541147387305247,0.01568198967956925,3.906976744186047,-0.0568223060785944,0.0043197546992256195,-0.055229252292896214
AAPL,2019-11-06,2019-05-07,2019-11-06,129,0.37751735134745645,2.5138820532203288e-05,0.04331777310103163,0.8547163087806751,0.015254994930714385,3.906976744186047,-0.0568223060785944,0.0043197546992256195,-0.055229252292896214
AAPL,2019-11-07,2019-05-08,2019-11-07,129,0.37751735134745645,2.539146987885084e-05,0.028891445082403495,0.8657401050195801,0.015038933116517373,5.86046511627907,-0.0536557627662105,0.006277828444482257,-0.052223019652339
AAPL,2019-11-08,2019-05-09,2019-11-08,129,0.37751735134745645,2.4395856104154184e-05,0.040121098649750886,0.8557280140441701,0.014624119310573083,5.86046511627907,-0.0536557627662105,0.006277828444482257,-0.052223019652339
AAPL,2019-11-11,2019-05-13,2019-11-11,128,0.8150874846732545,2.280991377234807e-05,0.04482028669597309,0.8552763081467274,0.014011791217562495,5.90625,-0.0536557627662105,0.006277828444482257,-0.052223019652339
AAPL,2019-11-12,2019-05-13,2019-11-12,129,0.6849274709792126,2.329895382976773e-05,0.052441546698746656,0.847602147730033,0.013821368537672052,5.86046511627907,-0.0536557627662105,0.006277828444482257,-0.052223019652339
AAPL,2019-11-13,2019-05-14,2019-11-13,129,0.6849274709792126,2.238538878293839e-05,0.06822963617569171,0.8325959248478976,0.01305714299304427,3.906976744186047,-0.0505452271895761,0.004557375397709893,-0.04927919725582941
AAPL,2019-11-14,2019-05-15,2019-11-14,129,0.6849274709792126,2.2162650442958648e-05,0.0708167535110399,0.8302832778373241,0.012838612754216158,3.906976744186047,-0.0505452271895761,0.004557375397709893,-0.04927919725582941
AAPL,2019-11-15,2019-05-16,2019-11-15,129,0.6849274709792126,2.194212838649214e-05,0.07556315787120046,0.8260411754659485,0.012731785837487877,3.906976744186047,-0.0505452271895761,0.004557375397709893,-0.04927919725582941
AAPL,2019-11-18,2019-05-20,2019-11-18,128,0.6849274709792126,2.0871998157403686e-05,0.0875254892530263,0.816215641331373,0.012327606362722184,3.9375,-0.0505452271895761,0.004557375397709893,-0.04927919725582941
AAPL,2019-11-19,2019-05-20,2019-11-19,129,0.6849274709792126,2.045870490314814e-05,0.09160154111015617,0.8134225067320109,0.011921252399378836,3.906976744186047,-0.0505452271895761,0.004557375397709893,-0.04927919725582941
AAPL,2019-11-20,2019-05-21,2019-11-20,129,0.6849274709792126,2.0664318305750465e-05,0.08913585967974448,0.8164788984808897,0.011919169053955169,3.906976744186047,-0.0505452271895761,0.004557375397709893,-0.04927919725582941
AAPL,2019-11-21,2019-05-22,2019-11-21,129,0.6849274709792126,2.0255137388085112e-05,0.09077290838355423,0.815851773179543,0.012378553329755779,3.906976744186047,-0.0505452271895761,0.004557375397709893,-0.04927919725582941
AAPL,2019-11-22,2019-05-23,2019-11-22,129,0.6849274709792126,1.9075570014974877e-05,0.09327923142433406,0.818497078002304,0.012119991781105626,3.906976744186047,-0.0505452271895761,0.004557375397709893,-0.04927919725582941
AAPL,2019-11-25,2019-05-28,2019-11-25,128,0.6849274709792126,1.9267282680851116e-05,0.09327923142433406,0.818496175302039,0.011898303426195068,3.9375,-0.0505452271895761,0.004557375397709893,-0.04927919725582941
AAPL,2019-11-26,2019-05-28,2019-11-26,129,0.6849274709792126,1.8885764921996494e-05,0.09327923142433406,0.8200752981936592,0.012426165123434687,3.906976744186047,-0.0505452271895761,0.004557375397709893,-0.04927919725582941
AAPL,2019-11-27,2019-05-28,2019-11-27,130,0.6849274709792126,1.83276062161986e-05,0.09412837225426192,0.8216268344756836,0.012432518092657054,3.8769230769230765,-0.0505452271895761,0.004557375397709893,-0.04927919725582941
AAPL,2019-11-29,2019-05-30,2019-11-29,129,0.6849274709792126,1.6750170872354718e-05,0.09759454398809461,0.8236606903338043,0.01227716300905836,3.906976744186047,-0.0505452271895761,0.004557375397709893,-0.04927919725582941
AAPL,2019-12-02,2019-06-03,2019-12-02,128,0.6849274709792126,1.658350388744495e-05,0.09498443234658425,0.8260421283908189,0.011958581355376953,3.9375,-0.0505452271895761,0.004557375397709893,-0.04927919725582941
AAPL,2019-12-03,2019-06-04,2019-12-03,128,0.6849274709792126,1.7260289519914076e-05,0.09498443234658425,0.8245876254279574,0.012526553738039197,3.9375,-0.0505452271895761,0.004557375397709893,-0.04927919725582941
AAPL,2019-12-04,2019-06-05,2019-12-04,128,0.6849274709792126,1.658350388744498e-05,0.09671747665950717,0.8272891827664888,0.01369133645707393,3.9375,-0.0505452271895761,0.004557375397709893,-0.04927919725582941
AAPL,2019-12-05,2019-06-06,2019-12-05,128,0.6849274709792126,1.641849526674359e-05,0.09671747665950717,0.8279813779659376,0.013224708736773831,3.9375,-0.0505452271895761,0.004557375397709893,-0.04927919725582941
AAPL,2019-12-06,2019-06-07,2019-12-06,128,0.6849274709792126,1.658350388744498e-05,0.09759454398809454,0.8271765097459902,0.013256347152350533,3.9375,-0.0505452271895761,0.004557375397709893,-0.04927919725582941
AAPL,2019-12-09,2019-06-10,2019-12-09,128,0.6849274709792126,1.658350388744498e-05,0.10486963559944638,0.8231978453768007,0.013832639980330285,3.9375,-0.0505452271895761,0.004557375397709893,-0.04927919725582941
AAPL,2019-12-10,2019-06-11,2019-12-10,128,0.6849274709792126,1.6093387278155315e-05,0.10117408236188255,0.8279129057602425,0.014197903436252948,3.9375,-0.0505452271895761,0.004557375397709893,-0.04927919725582941
AAPL,2019-12-11,2019-06-12,2019-12-11,128,0.6849274709792126,1.5933255399198648e-05,0.09936997650799344,0.8295737552947211,0.013530848134103832,3.9375,-0.0505452271895761,0.004557375397709893,-0.04927919725582941
AAPL,2019-12-12,2019-06-13,2019-12-12,128,0.6849274709792126,1.577471685905966e-05,0.09847869678293014,0.8297358813510256,0.013025636142514615,3.9375,-0.0505452271895761,0.004557375397709893,-0.04927919725582941
AAPL,2019-12-13,2019-06-14,2019-12-13,128,0.6849274709792126,1.530850351886681e-05,0.09936997650799344,0.8308699648843719,0.012471450612500766,3.9375,-0.0505452271895761,0.004557375397709893,-0.04927919725582941
AAPL,2019-12-16,2019-06-17,2019-12-16,128,0.6849274709792126,1.546235653703999e-05,0.09936997650799344,0.8308690423413261,0.012530122307202044,3.9375,-0.0505452271895761,0.004557375397709893,-0.04927919725582941
AAPL,2019-12-17,2019-06-18,2019-12-17,128,0.6849274709792126,1.5005374839505019e-05,0.10026842457998204,0.8306794847964224,0.012802055232090872,3.9375,-0.0505452271895761,0.004557375397709893,-0.04927919725582941
AAPL,2019-12-18,2019-06-19,2019-12-18,128,0.6849274709792126,1.4708248510153393e-05,0.10486963559944638,0.8283092772005555,0.012248297063796548,3.9375,-0.0505452271895761,0.004557375397709893,-0.04927919725582941
AAPL,2019-12-19,2019-06-20,2019-12-19,128,0.6849274709792126,1.3851706798005824e-05,0.10771901885523297,0.8286886823141716,0.011772692649307697,3.9375,-0.0505452271895761,0.004557375397709893,-0.04927919725582941
AAPL,2019-12-20,2019-06-21,2019-12-20,128,0.6849274709792126,1.3176151085819698e-05,0.11063624227294618,0.8282931136801097,0.011226272076969617,3.9375,-0.0505452271895761,0.004557375397709893,-0.04927919725582941
AAPL,2019-12-23,2019-06-24,2019-12-23,128,0.6849274709792126,1.3308573605758425e-05,0.10965622905528546,0.8292049002234052,0.011013064038082887,3.9375,-0.0505452271895761,0.004557375397709893,-0.04927919725582941
AAPL,2019-12-24,2019-06-25,2019-12-24,128,0.6849274709792126,1.2786736970594039e-05,0.11261928652155447,0.8275696557844563,0.011439656383159113,3.9375,-0.0505452271895761,0.004557375397709893,-0.04927919725582941
AAPL,2019-12-26,2019-06-27,2019-12-26,127,0.6849274709792126,1.3442326994148245e-05,0.11162391470240351,0.8284970051527684,0.011207099857241146,3.968503937007874,-0.0505452271895761,0.004557375397709893,-0.04927919725582941
AAPL,2019-12-27,2019-06-28,2019-12-27,127,0.6849274709792126,1.3045046191969715e-05,0.10965622905528546,0.8303311305819421,0.012141149159374346,3.968503937007874,-0.0505452271895761,0.004557375397709893,-0.04927919725582941
AAPL,2019-12-30,2019-07-01,2019-12-30,127,0.6849274709792126,1.278673697059406e-05,0.11162391470240351,0.8290511700485689,0.011618538483942542,3.968503937007874,-0.0505452271895761,0.004557375397709893,-0.04927919725582941
AAPL,2019-12-31,2019-07-01,2019-12-31,128,0.6849274709792126,1.1686197675286485e-05,0.1136223977612121,0.8319670193033618,0.01107399211959856,3.9375,-0.0505452271895761,0.004557375397709893,-0.04927919725582941
AAPL,2020-01-02,2019-07-03,2020-01-02,127,0.6849274709792126,1.3176151085819722e-05,0.10676174085157801,0.8335866962103508,0.01111237935404799,3.968503937007874,-0.0505452271895761,0.004557375397709893,-0.04927919725582941
AAPL,2020-01-03,2019-07-05,2020-01-03,127,0.6849274709792126,1.3176151085819722e-05,0.10676174085157801,0.8335857629915957,0.012575515478878556,3.968503937007874,-0.0505452271895761,0.004557375397709893,-0.04927919725582941
AAPL,2020-01-06,2019-07-08,2020-01-06,127,0.6849274709792126,1.3045046191969738e-05,0.10581196003231552,0.8339114830423451,0.012665024965128027,3.968503937007874,-0.0505452271895761,0.004557375397709893,-0.04927919725582941
AAPL,2020-01-07,2019-07-08,2020-01-07,128,0.6849274709792126,1.2408831781772618e-05,0.10486963559944638,0.8370016786740887,0.012159589499398868,3.9375,-0.0505452271895761,0.004557375397709893,-0.04927919725582941
AAPL,2020-01-08,2019-07-09,2020-01-08,128,0.6849274709792126,1.291524581360986e-05,0.11875543504000699,0.8250776173041231,0.011968806366872217,3.9375,-0.0505452271895761,0.004557375397709893,-0.04927919725582941
AAPL,2020-01-09,2019-07-10,2020-01-09,128,1.1224976043050106,1.2822358815125463e-05,0.10826526477684296,0.8375585357299749,0.012204911360152868,3.9375,-0.0505452271895761,0.004557375397709893,-0.04927919725582941
AAPL,2020-01-10,2019-07-11,2020-01-10,128,0.9923375906109688,1.1850897854560016e-05,0.09419053372075996,0.8557467008972044,0.012997397510588354,3.9375,-0.0505452271895761,0.004557375397709893,-0.04927919725582941
AAPL,2020-01-13,2019-07-15,2020-01-13,127,0.9923375906109688,1.0830905122746292e-05,0.09765874743650775,0.8529382828813634,0.012229845129019878,3.968503937007874,-0.0505452271895761,0.004557375397709893,-0.04927919725582941
AAPL,2020-01-14,2019-07-15,2020-01-14,128,0.9182996542299756,1.1367894266730555e-05,0.09673534538922966,0.853843423565409,0.013159325427395858,3.9375,-0.0505452271895761,0.004557375397709893,-0.04927919725582941
AAPL,2020-01-15,2019-07-16,2020-01-15,128,0.9182996542299756,1.0389473081231056e-05,0.0907897893539659,0.8603948895144459,0.01345790782129398,3.9375,-0.0505452271895761,0.004557375397709893,-0.04927919725582941
AAPL,2020-01-16,2019-07-17,2020-01-16,128,0.9182996542299756,8.172648987497363e-06,0.07914539364827433,0.8799773669211036,0.012804419505774281,1.96875,-0.05376777823770951,0.0,-0.05234785359674121
AAPL,2020-01-17,2019-07-18,2020-01-17,128,0.9182996542299756,6.115295487952152e-06,0.06760956876894955,0.8988800050816541,0.012254547066973383,1.96875,-0.05376777823770951,0.0,-0.05234785359674121
AAPL,2020-01-21,2019-07-22,2020-01-21,127,0.9182996542299756,5.7591684029411165e-06,0.06273794079516508,0.9038988264077553,0.011915412346298677,1.984251968503937,-0.05376777823770951,0.0,-0.05234785359674121
AAPL,2020-01-22,2019-07-23,2020-01-22,127,0.9182996542299756,5.5333481798455705e-06,0.0621525255886514,0.9047829043796048,0.011793068261847825,3.968503937007874,-0.0505452271895761,0.004557375397709893,-0.04927919725582941
AAPL,2020-01-23,2019-07-24,2020-01-23,127,0.9182996542299756,3.5994933152602738e-06,0.04954866140332003,0.9244030047370463,0.011047026232866191,3.968503937007874,-0.0505452271895761,0.004557375397709893,-0.04927919725582941
AAPL,2020-01-24,2019-07-25,2020-01-24,127,0.9182996542299756,2.7753950288207807e-06,0.04504609584931627,0.9318946129446438,0.010543815357162967,3.968503937007874,-0.0505452271895761,0.004557375397709893,-0.04927919725582941
AAPL,2020-01-27,2019-07-29,2020-01-27,126,0.8442617178489823,5.69268801275705e-06,0.042107976592011286,0.9234829880992899,0.01139192509284903,4.0,-0.0505452271895761,0.004557375397709893,-0.04927919725582941
AAPL,2020-01-28,2019-07-29,2020-01-28,127,0.8442617178489823,7.236824799262222e-06,0.05496568854728334,0.9050616833260945,0.013687645244934986,1.984251968503937,-0.05376777823770951,0.0,-0.05234785359674121
AAPL,2020-01-29,2019-07-30,2020-01-29,127,0.8442617178489823,7.383018357746174e-06,0.05762129160692736,0.9013563641160742,0.014566584523086835,1.984251968503937,-0.05376777823770951,0.0,-0.05234785359674121
AAPL,2020-01-30,2019-07-31,2020-01-30,127,0.8442617178489823,7.093526067190246e-06,0.052425658859600134,0.9055285700426045,0.014376000875686756,3.968503937007874,-0.0505452271895761,0.004557375397709893,-0.04927919725582941
AAPL,2020-01-31,2019-08-01,2020-01-31,127,0.8442617178489823,1.0477001762145856e-05,0.09157493703507638,0.8632319142943818,0.015517050910435275,3.968503937007874,-0.0495597313670042,0.005951076955653107,-0.048334835203377446
AAPL,2020-02-03,2019-08-05,2020-02-03,126,0.8442617178489823,9.966032356698962e-06,0.0514410155103111,0.8956870777570657,0.01779426763507899,6.0,-0.048814046291817036,0.004401794765788541,-0.04763256583149278
AAPL,2020-02-04,2019-08-05,2020-02-04,127,0.8442617178489823,1.0167359565054285e-05,0.061541926188204234,0.8871273705892458,0.017908373405040583,5.952755905511811,-0.048814046291817036,0.004401794765788541,-0.04763256583149278
AAPL,2020-02-05,2019-08-06,2020-02-05,127,0.8442617178489823,1.112486336926659e-05,0.06270711819618696,0.8845515087558303,0.018848428818408595,3.968503937007874,-0.046337180318870796,0.0013937015579432136,-0.045279077652667254
AAPL,2020-02-06,2019-08-07,2020-02-06,127,0.8442617178489823,1.1236670104916257e-05,0.055487420170992285,0.8887998068283286,0.017594674361320835,3.968503937007874,-0.046337180318870796,0.0013937015579432136,-0.045279077652667254
AAPL,2020-02-07,2019-08-08,2020-02-07,127,0.8442617178489823,1.112486336926659e-05,0.057080709671115844,0.8872995576733678,0.017071931186064263,3.968503937007874,-0.046337180318870796,0.0013937015579432136,-0.045279077652667254
AAPL,2020-02-10,2019-08-12,2020-02-10,126,0.8442617178489823,1.112486336926657e-05,0.04813083859333926,0.8924652647365122,0.016349400306245803,4.0,-0.046337180318870796,0.0013937015579432136,-0.045279077652667254
AAPL,2020-02-11,2019-08-12,2020-02-11,127,0.8442617178489823,1.112486336926657e-05,0.04545545237444628,0.8944117674526209,0.015675792720596823,3.968503937007874,-0.046337180318870796,0.0013937015579432136,-0.045279077652667254
AAPL,2020-02-12,2019-08-13,2020-02-12,127,0.8442617178489823,1.1578877656150868e-05,0.05193113151910354,0.8854830825122985,0.015426465776901146,3.968503937007874,-0.046337180318870796,0.0013937015579432136,-0.045279077652667254
AAPL,2020-02-13,2019-08-14,2020-02-13,127,0.8442617178489823,1.1931506978873726e-05,0.030635373267811225,0.9029394971238766,0.014849229265701404,3.968503937007874,-0.046337180318870796,0.0013937015579432136,-0.045279077652667254
AAPL,2020-02-14,2019-08-15,2020-02-14,127,0.8442617178489823,1.2172539408385559e-05,0.011607073487224439,0.9193902647154474,0.013854922128840414,3.968503937007874,-0.046337180318870796,0.0013937015579432136,-0.045279077652667254
AAPL,2020-02-18,2019-08-19,2020-02-18,126,0.8442617178489823,1.2294875463278451e-05,0.01414053630746522,0.9163897717631204,0.013837814114161313,4.0,-0.046337180318870796,0.0013937015579432136,-0.045279077652667254
AAPL,2020-02-19,2019-08-20,2020-02-19,126,0.8442617178489823,1.2172539408385559e-05,0.011956330850549274,0.9184191352008682,0.01379242744520647,4.0,-0.046337180318870796,0.0013937015579432136,-0.045279077652667254
AAPL,2020-02-20,2019-08-21,2020-02-20,126,0.8442617178489823,1.2051420617577322e-05,0.016553418003632345,0.9141450617377507,0.013855085348077629,4.0,-0.046337180318870796,0.0013937015579432136,-0.045279077652667254
AAPL,2020-02-21,2019-08-22,2020-02-21,126,0.8442617178489823,1.2543248423098751e-05,0.027801163055831177,0.901097568364518,0.014134283595328912,4.0,-0.046337180318870796,0.0013937015579432136,-0.045279077652667254
AAPL,2020-02-24,2019-08-26,2020-02-24,125,0.8442617178489823,6.6139598663898355e-06,0.0783818200050727,0.8998007152250651,0.01739297473659389,2.016,-0.045351684496298894,0.0,-0.04433866854685842
AAPL,2020-02-25,2019-08-26,2020-02-25,126,0.8442617178489823,4.568489141173147e-06,0.08992485622783665,0.9028595600860153,0.02328764878682068,2.0,-0.045351684496298894,0.0,-0.04433866854685842
AAPL,2020-02-26,2019-08-27,2020-02-26,126,0.8442617178489823,4.568489141173147e-06,0.0851343193229591,0.9064480483178394,0.0245747043035866,2.0,-0.045351684496298894,0.0,-0.04433866854685842
AAPL,2020-02-27,2019-08-28,2020-02-27,126,0.8442617178489823,5.807687938968938e-06,0.13300950206224318,0.8669892529196734,0.026457772294529062,0.0,0.0,0.0,0.0
AAPL,2020-02-28,2019-08-29,2020-02-28,126,0.8442617178489823,5.099704243421073e-06,0.12189642625689234,0.8781024815668558,0.034810714392705194,0.0,0.0,0.0,0.0
AAPL,2020-03-02,2019-09-03,2020-03-02,125,0.8442617178489823,9.479983223218209e-06,0.1877517702699577,0.8122471733013298,0.03628192459172899,0.0,0.0,0.0,0.0
AAPL,2020-03-03,2019-09-04,2020-03-03,125,0.8442617178489823,9.292266978368807e-06,0.1847214688736385,0.8152774698836045,0.049302631039502894,0.0,0.0,0.0,0.0
AAPL,2020-03-04,2019-09-05,2020-03-04,125,0.8442617178489823,9.385655814092125e-06,0.1862318683758724,0.8137670707225998,0.04726851167326029,0.0,0.0,0.0,0.0
AAPL,2020-03-05,2019-09-06,2020-03-05,125,0.8442617178489823,9.292266978368839e-06,0.18472146887363852,0.8152774699982713,0.04636126827110352,0.0,0.0,0.0,0.0
AAPL,2020-03-06,2019-09-09,2020-03-06,125,0.8442617178489823,1.3724499858680558e-05,0.20347593337572573,0.7781839469587833,0.04387842194171848,2.016,-0.02984615490625231,0.0,-0.029405156682412836
AAPL,2020-03-09,2019-09-10,2020-03-09,125,0.8442617178489823,1.1236670104916198e-05,0.21169763518632906,0.7883007994222,0.0412428312872647,2.016,-0.02984615490625231,0.0,-0.029405156682412836
AAPL,2020-03-10,2019-09-11,2020-03-10,125,0.8442617178489823,1.2418441015963413e-05,0.22710196398904756,0.7728969761836516,0.054691758084467516,2.016,-0.02984615490625231,0.0,-0.029405156682412836
AAPL,2020-03-11,2019-09-12,2020-03-11,125,0.8442617178489823,1.2543248423098751e-05,0.22710196398904756,0.7728969749881635,0.057619324490836385,2.016,-0.02984615490625231,0.0,-0.029405156682412836
AAPL,2020-03-12,2019-09-13,2020-03-12,125,0.8442617178489823,1.4719638382057293e-05,0.25260020254809645,0.7473987384422852,0.05453454311944064,2.016,-0.02984615490625231,0.0,-0.029405156682412836
AAPL,2020-03-13,2019-09-16,2020-03-13,125,0.8442617178489823,1.7273655658412568e-05,0.2799231034488067,0.7200758377540328,0.07357996030864576,2.016,-0.02984615490625231,0.0,-0.029405156682412836
AAPL,2020-03-16,2019-09-17,2020-03-16,125,0.8442617178489823,1.947599237012642e-05,0.30472606706659344,0.6952728740013339,0.08728399248768713,2.016,-0.02984615490625231,0.0,-0.029405156682412836
AAPL,2020-03-17,2019-09-18,2020-03-17,125,0.8442617178489823,1.8159294922441273e-05,0.29010729057550455,0.7098916471006016,0.10518227719171593,2.016,-0.02984615490625231,0.0,-0.029405156682412836
AAPL,2020-03-18,2019-09-19,2020-03-18,125,0.8442617178489823,1.7101779912851743e-05,0.2799231034488067,0.720075834638716,0.0908896963297404,2.016,-0.02984615490625231,0.0,-0.029405156682412836
AAPL,2020-03-19,2019-09-20,2020-03-19,125,0.8442617178489823,1.6931614359533733e-05,0.27791266184437324,0.7220862769508213,0.07868773030688893,2.016,-0.02984615490625231,0.0,-0.029405156682412836
AAPL,2020-03-20,2019-09-23,2020-03-20,125,0.8442617178489823,1.6931614359533733e-05,0.27791266184437324,0.7220862771217016,0.06724432674639105,2.016,-0.02984615490625231,0.0,-0.029405156682412836
AAPL,2020-03-23,2019-09-24,2020-03-23,125,0.8442617178489823,1.7101779912851743e-05,0.2819424022155127,0.7180565370911736,0.06768595191252895,2.016,-0.02984615490625231,0.0,-0.029405156682412836
AAPL,2020-03-24,2019-09-25,2020-03-24,125,0.8442617178489823,1.626771626443985e-05,0.2739185157152207,0.7260804225678722,0.05950728574752622,2.016,-0.02984615490625231,0.0,-0.029405156682412836
AAPL,2020-03-25,2019-09-26,2020-03-25,125,0.8442617178489823,1.659634593215658e-05,0.27791266184437324,0.7220862774583741,0.07012092781751904,2.016,-0.02984615490625231,0.0,-0.029405156682412836
AAPL,2020-03-26,2019-09-27,2020-03-26,125,0.8442617178489823,1.7447258783933993e-05,0.2880530054831226,0.7119459343400588,0.05948269659985142,2.016,-0.02984615490625231,0.0,-0.029405156682412836
AAPL,2020-03-27,2019-09-30,2020-03-27,125,0.8442617178489823,1.8712327786228675e-05,0.3005071560212961,0.6994917840100808,0.05605537570089216,2.016,-0.02984615490625231,0.0,-0.029405156682412836
AAPL,2020-03-30,2019-10-01,2020-03-30,125,0.8442617178489823,1.9671729347576137e-05,0.3089780080653123,0.6891034457781033,0.05276886335948023,2.016,-0.02984615490625231,0.0,-0.029405156682412836
AAPL,2020-03-31,2019-10-01,2020-03-31,126,0.8442617178489823,2.131013000103114e-05,0.3132625081340153,0.6773027329324055,0.04504863562172629,2.0,-0.02984615490625231,0.0,-0.029405156682412836
AAPL,2020-04-01,2019-10-02,2020-04-01,126,0.8442617178489823,2.006912464104079e-05,0.3089780080653123,0.6879254507067923,0.03853179218793607,2.0,-0.02984615490625231,0.0,-0.029405156682412836
AAPL,2020-04-02,2019-10-03,2020-04-02,126,0.8442617178489823,2.006912464104079e-05,0.3111162184420111,0.6862766002905553,0.04538162010878326,2.0,-0.02984615490625231,0.0,-0.029405156682412836
AAPL,2020-04-03,2019-10-04,2020-04-03,126,0.8442617178489823,2.1959120078701388e-05,0.32192720020558546,0.6707895175172532,0.03777335443498479,2.0,-0.02984615490625231,0.0,-0.029405156682412836
AAPL,2020-04-06,2019-10-07,2020-04-06,126,0.8442617178489823,1.7978606918964968e-05,0.28805300548312257,0.7119457592692942,0.035179197765811104,2.0,-0.02984615490625231,0.0,-0.029405156682412836
AAPL,2020-04-07,2019-10-08,2020-04-07,126,0.8442617178489823,1.7978606918964968e-05,0.28805300548312257,0.7119459334805389,0.05249749842473024,2.0,-0.02984615490625231,0.0,-0.029405156682412836
AAPL,2020-04-08,2019-10-09,2020-04-08,126,0.8442617178489823,1.834179887054239e-05,0.29010729057550455,0.7098916485642742,0.045214850892962836,2.0,-0.02984615490625231,0.0,-0.029405156682412836
AAPL,2020-04-09,2019-10-10,2020-04-09,126,0.8442617178489823,1.852613701381554e-05,0.2921702053420558,0.7078287337984788,0.04006538808898727,2.0,-0.02984615490625231,0.0,-0.029405156682412836
AAPL,2020-04-13,2019-10-14,2020-04-13,125,0.8442617178489823,1.8900389807013923e-05,0.29424170048111564,0.705757238660175,0.03396946266738804,2.016,-0.02984615490625231,0.0,-0.029405156682412836
AAPL,2020-04-14,2019-10-15,2020-04-14,125,0.8442617178489823,1.710177991285165e-05,0.2759111191140255,0.7240878182627976,0.03101583923435694,2.016,-0.02984615490625231,0.0,-0.029405156682412836
AAPL,2020-04-15,2019-10-16,2020-04-15,125,0.8442617178489823,1.659634593215649e-05,0.2719348908549335,0.728064047776453,0.03603948659368291,2.016,-0.02984615490625231,0.0,-0.029405156682412836
AAPL,2020-04-16,2019-10-17,2020-04-16,125,0.8442617178489823,1.659634593215649e-05,0.27391851571522063,0.7260804234185295,0.03163331071925007,2.016,-0.02984615490625231,0.0,-0.029405156682412836
AAPL,2020-04-17,2019-10-18,2020-04-17,125,0.8442617178489823,1.6763141981761314e-05,0.2779126618443732,0.7220862774583741,0.02719568038204769,2.016,-0.02984615490625231,0.0,-0.029405156682412836
AAPL,2020-04-20,2019-10-21,2020-04-20,125,0.8442617178489823,1.6763141981761314e-05,0.27992310344880666,0.7200758356871996,0.02503675855447388,2.016,-0.02984615490625231,0.0,-0.029405156682412836
AAPL,2020-04-21,2019-10-22,2020-04-21,125,0.8442617178489823,1.676314198176134e-05,0.27791266184437324,0.7220862769508213,0.02523940269557159,2.016,-0.02984615490625231,0.0,-0.029405156682412836
AAPL,2020-04-22,2019-10-23,2020-04-22,125,0.8442617178489823,1.7101779912851682e-05,0.2819424022155127,0.7180565370911736,0.02848118167886388,2.016,-0.02984615490625231,0.0,-0.029405156682412836
AAPL,2020-04-23,2019-10-24,2020-04-23,125,0.8442617178489823,1.7622606649873184e-05,0.2880530054831226,0.7119459340014032,0.027836913101698595,2.016,-0.02984615490625231,0.0,-0.029405156682412836
AAPL,2020-04-24,2019-10-25,2020-04-24,125,0.8442617178489823,1.8341798870542454e-05,0.2942417004811157,0.705757239013113,0.024087400729497176,2.016,-0.02984615490625231,0.0,-0.029405156682412836
AAPL,2020-04-27,2019-10-28,2020-04-27,125,0.8442617178489823,1.8900389807013953e-05,0.3005071560212961,0.6994917834827301,0.024718692119891215,2.016,-0.02984615490625231,0.0,-0.029405156682412836
AAPL,2020-04-28,2019-10-29,2020-04-28,125,0.8442617178489823,1.9869433514353805e-05,0.3089780080653123,0.691020931634477,0.02104180156160485,2.016,-0.02984615490625231,0.0,-0.029405156682412836
AAPL,2020-04-29,2019-10-30,2020-04-29,125,0.8442617178489823,2.027082269691631e-05,0.3089780080653123,0.6910209308931448,0.02114109067093527,2.016,-0.02984615490625231,0.0,-0.029405156682412836
AAPL,2020-04-30,2019-10-31,2020-04-30,125,0.8442617178489823,2.109809066469412e-05,0.3132625081340153,0.6867364312029144,0.024299939786227017,2.016,-0.02984615490625231,0.0,-0.029405156682412836
AAPL,2020-05-01,2019-11-04,2020-05-01,124,0.8442617178489823,2.1740623183196448e-05,0.3132625081340153,0.686736430823337,0.02291027777442816,2.032258064516129,-0.02984615490625231,0.0,-0.029405156682412836
AAPL,2020-05-04,2019-11-05,2020-05-04,124,0.8442617178489823,2.1959120078701544e-05,0.3111162184420111,0.6888827203245617,0.022446853746394723,2.032258064516129,-0.02984615490625231,0.0,-0.029405156682412836
AAPL,2020-05-05,2019-11-06,2020-05-05,124,0.8442617178489823,2.1959120078701584e-05,0.3089780080653123,0.6910209307031278,0.020152323497255317,2.032258064516129,-0.02984615490625231,0.0,-0.029405156682412836
AAPL,2020-05-06,2019-11-07,2020-05-06,124,0.8442617178489823,2.1959120078701584e-05,0.3089780080653123,0.6910209308931448,0.018541642017164236,2.032258064516129,-0.02984615490625231,0.0,-0.029405156682412836
AAPL,2020-05-07,2019-11-08,2020-05-07,124,0.8442617178489823,2.217981290451384e-05,0.3089780080653123,0.6906795064493736,0.016568400469029868,2.032258064516129,-0.02984615490625231,0.0,-0.029405156682412836
AAPL,2020-05-08,2019-11-11,2020-05-08,124,0.8442617178489823,2.2179812904513877e-05,0.3026124541659679,0.6971836529576765,0.01522937938385998,0.0,0.0,0.0,0.0
AAPL,2020-05-11,2019-11-12,2020-05-11,124,1.2818318511747806,2.15842636944333e-05,0.28716645070716473,0.7111430494240701,0.01663942877488127,0.0,0.0,0.0,0.0
AAPL,2020-05-12,2019-11-13,2020-05-12,124,1.1348466421614,2.1471540438847386e-05,0.2835382708360946,0.7164606855695945,0.016274063162856577,0.0,0.0,0.0,0.0
AAPL,2020-05-13,2019-11-14,2020-05-13,124,1.0439835104610682,2.1299177399525073e-05,0.2930995645239533,0.7060904228719617,0.016747096201720272,2.032258064516129,-0.02984615490625231,0.0,-0.029405156682412836
AAPL,2020-05-14,2019-11-15,2020-05-14,124,1.0439835104610682,2.151323769114563e-05,0.29517489717747875,0.7013056042359266,0.01716214534623485,2.032258064516129,-0.02984615490625231,0.0,-0.029405156682412836
AAPL,2020-05-15,2019-11-18,2020-05-15,124,1.0439835104610682,2.151323769114563e-05,0.29517489717747875,0.7007787571136903,0.015123170622370249,2.032258064516129,-0.02984615490625231,0.0,-0.029405156682412836
AAPL,2020-05-18,2019-11-19,2020-05-18,124,1.0439835104610682,2.239120957670617e-05,0.29517489717747875,0.7005715542775252,0.014644987523029708,2.032258064516129,-0.02984615490625231,0.0,-0.029405156682412836
AAPL,2020-05-19,2019-11-20,2020-05-19,124,1.0439835104610682,2.194783392082091e-05,0.2889746225333727,0.704383921512655,0.01668290787265911,2.032258064516129,-0.02984615490625231,0.0,-0.029405156682412836
AAPL,2020-05-20,2019-11-21,2020-05-20,124,1.0439835104610682,2.194783392082091e-05,0.28897462253337264,0.7048891435459884,0.015715728686745496,2.032258064516129,-0.02984615490625231,0.0,-0.029405156682412836
AAPL,2020-05-21,2019-11-22,2020-05-21,124,1.0439835104610682,2.17294493244631e-05,0.28897462253337264,0.7048270196091895,0.016164757318927084,2.032258064516129,-0.02984615490625231,0.0,-0.029405156682412836
AAPL,2020-05-22,2019-11-25,2020-05-22,124,1.0439835104610682,2.1513237691145668e-05,0.28897462253337264,0.7035426738752496,0.015591833413864506,2.032258064516129,-0.02984615490625231,0.0,-0.029405156682412836
AAPL,2020-05-26,2019-11-27,2020-05-26,123,1.0439835104610682,2.216841331886073e-05,0.29309956452395325,0.6991598736909131,0.013936635156592577,2.048780487804878,-0.02984615490625231,0.0,-0.029405156682412836
AAPL,2020-05-27,2019-11-29,2020-05-27,123,1.0439835104610682,2.194783392082091e-05,0.2951748971774787,0.6964710996804232,0.013822530453572441,2.048780487804878,-0.02984615490625231,0.0,-0.029405156682412836
AAPL,2020-05-28,2019-11-29,2020-05-28,124,1.0439835104610682,2.108724704339384e-05,0.29725873649926965,0.695342929309982,0.012327523882080683,2.032258064516129,-0.02984615490625231,0.0,-0.029405156682412836
AAPL,2020-05-29,2019-12-02,2020-05-29,124,1.0439835104610682,2.10872470433938e-05,0.30567809293214915,0.6886148297389036,0.011324570990352088,2.032258064516129,-0.02984615490625231,0.0,-0.029405156682412836
AAPL,2020-06-01,2019-12-02,2020-06-01,125,1.0439835104610682,2.02604042600888e-05,0.30567809293214915,0.6895474989570664,0.010736127224996242,2.016,-0.02984615490625231,0.0,-0.029405156682412836
AAPL,2020-06-02,2019-12-03,2020-06-02,125,1.0439835104610682,1.9661618822090318e-05,0.31207923446937275,0.6858695971133827,0.010821516836000472,2.016,-0.02984615490625231,0.0,-0.029405156682412836
AAPL,2020-06-03,2019-12-04,2020-06-03,125,1.0439835104610682,1.8702710356889367e-05,0.31638702031026056,0.6836119174730666,0.009824852188244224,2.016,-0.02984615490625231,0.0,-0.029405156682412836
AAPL,2020-06-04,2019-12-05,2020-06-04,125,1.0439835104610682,2.0669691575626337e-05,0.32072650534549274,0.6792724339985414,0.009490556335518494,2.016,-0.02984615490625231,0.0,-0.029405156682412836
AAPL,2020-06-05,2019-12-06,2020-06-05,125,1.0439835104610682,2.524601830079002e-05,0.3317103991460743,0.6682885407964161,0.012110761458915141,2.016,-0.02984615490625231,0.0,-0.029405156682412836
AAPL,2020-06-08,2019-12-09,2020-06-08,125,1.0439835104610682,2.4994816221525618e-05,0.32729401230273997,0.6715986185263783,0.017628875213534814,2.016,-0.02984615490625231,0.0,-0.029405156682412836
AAPL,2020-06-09,2019-12-10,2020-06-09,125,1.4815536437868664,2.6349529582789823e-05,0.31978462209853775,0.6802143461122875,0.015140255686466715,0.0,0.0,0.0,0.0
AAPL,2020-06-10,2019-12-11,2020-06-10,125,1.3345684347734859,2.674143575572552e-05,0.3137710418371597,0.6862279063651949,0.019908772859350374,0.0,0.0,0.0,0.0
AAPL,2020-06-11,2019-12-12,2020-06-11,125,1.1875832257601053,3.281803148219851e-05,0.3317266744052208,0.668272275595785,0.02155090396513427,0.0,0.0,0.0,0.0
AAPL,2020-06-12,2019-12-13,2020-06-12,125,1.0967200940597734,3.127810084402214e-05,0.337650921102261,0.6623480269910815,0.03622275930216911,0.0,0.0,0.0,0.0
AAPL,2020-06-15,2019-12-16,2020-06-15,125,1.0967200940597734,3.2230660828177974e-05,0.34213587694270015,0.6578630624214723,0.030181846447665223,0.0,0.0,0.0,0.0
AAPL,2020-06-16,2019-12-17,2020-06-16,125,1.0967200940597734,3.223066082817803e-05,0.339889816246402,0.660109122494691,0.02558168724392952,0.0,0.0,0.0,0.0
AAPL,2020-06-17,2019-12-18,2020-06-17,125,1.0967200940597734,3.255458435473436e-05,0.3398898162464021,0.660109122703761,0.025035563502348878,0.0,0.0,0.0,0.0
AAPL,2020-06-18,2019-12-19,2020-06-18,125,1.0967200940597734,3.255458435473436e-05,0.34213587694270026,0.6578630622151885,0.021338407912690403,0.0,0.0,0.0,0.0
AAPL,2020-06-19,2019-12-20,2020-06-19,125,1.0967200940597734,3.321223058271404e-05,0.3466491802498377,0.6533497578936922,0.018289053047918433,0.0,0.0,0.0,0.0
AAPL,2020-06-22,2019-12-23,2020-06-22,125,1.0967200940597734,3.354601904930829e-05,0.3421358769427002,0.6577352987607491,0.017089086518286143,0.0,0.0,0.0,0.0
AAPL,2020-06-23,2019-12-24,2020-06-23,125,1.0967200940597734,3.3883162145762516e-05,0.3421358769427002,0.6574583485114008,0.019597132091616412,0.0,0.0,0.0,0.0
AAPL,2020-06-24,2019-12-26,2020-06-24,125,1.0967200940597734,3.4223693586667376e-05,0.3421358769427002,0.6578630555860966,0.01959776125089646,0.0,0.0,0.0,0.0
AAPL,2020-06-25,2019-12-26,2020-06-25,126,1.0967200940597734,3.3883162145762516e-05,0.3376509211022611,0.6596328481706214,0.02124607592550384,0.0,0.0,0.0,0.0
AAPL,2020-06-26,2019-12-27,2020-06-26,126,1.0405980167467248,3.680898400249793e-05,0.3255961757514483,0.674402741389276,0.019429088642727722,0.0,0.0,0.0,0.0
AAPL,2020-06-29,2019-12-30,2020-06-29,126,0.9497348850463929,3.438711878611858e-05,0.3226662554222881,0.6759346885620301,0.02608106846196245,0.0,0.0,0.0,0.0
AAPL,2020-06-30,2019-12-31,2020-06-30,126,0.9497348850463929,3.543436246275402e-05,0.3270506013120297,0.6681216574082108,0.02467564458255313,0.0,0.0,0.0,0.0
AAPL,2020-07-01,2020-01-02,2020-07-01,126,0.9497348850463929,3.579048372602566e-05,0.3226662554222881,0.6684433399920714,0.021118717856758548,0.0,0.0,0.0,0.0
AAPL,2020-07-02,2020-01-03,2020-07-02,126,0.9497348850463929,3.543436246275402e-05,0.32485459603743816,0.6665413003241439,0.01849067048083252,0.0,0.0,0.0,0.0
AAPL,2020-07-06,2020-01-07,2020-07-06,125,0.9497348850463929,3.6513499457497226e-05,0.31831284204881155,0.6720978815874793,0.01659771014860207,0.0,0.0,0.0,0.0
AAPL,2020-07-07,2020-01-08,2020-07-07,125,0.9497348850463929,3.579048372602573e-05,0.3161479030863777,0.673442377325894,0.019550724320564334,0.0,0.0,0.0,0.0
AAPL,2020-07-08,2020-01-09,2020-07-08,125,0.9497348850463929,3.579048372602573e-05,0.3118418856337884,0.6770445697559174,0.01760007977149657,0.0,0.0,0.0,0.0
AAPL,2020-07-09,2020-01-10,2020-07-09,125,0.9497348850463929,3.40449612373096e-05,0.30756810073104496,0.6817853450620517,0.01891064940625066,0.0,0.0,0.0,0.0
AAPL,2020-07-10,2020-01-13,2020-07-10,125,0.9497348850463929,3.111475177612739e-05,0.30332703289306573,0.6877020440803461,0.016522991890322507,0.0,0.0,0.0,0.0
AAPL,2020-07-13,2020-01-14,2020-07-13,125,0.9497348850463929,2.8153791659940852e-05,0.30121891371412857,0.6931289930324139,0.014678657148098193,0.0,0.0,0.0,0.0
AAPL,2020-07-14,2020-01-15,2020-07-14,125,0.9497348850463929,2.5474604153503176e-05,0.2991191462607133,0.6988043980955806,0.013949939784436769,0.0,0.0,0.0,0.0
AAPL,2020-07-15,2020-01-16,2020-07-15,125,0.9497348850463929,2.149202724103077e-05,0.2949448845743291,0.7050540516688241,0.014127375644177936,0.0,0.0,0.0,0.0
AAPL,2020-07-16,2020-01-17,2020-07-16,125,0.9497348850463929,2.1278177996915108e-05,0.29494488457432916,0.7050540543876525,0.012817591638599414,0.0,0.0,0.0,0.0
AAPL,2020-07-17,2020-01-21,2020-07-17,125,0.9497348850463929,1.906171818655207e-05,0.2928704961752369,0.7071284426071607,0.014387572631480954,0.0,0.0,0.0,0.0
AAPL,2020-07-20,2020-01-21,2020-07-20,126,0.9497348850463929,2.0240429010429337e-05,0.29494488457432916,0.7050540545672173,0.013362666945672572,0.0,0.0,0.0,0.0
AAPL,2020-07-21,2020-01-22,2020-07-21,126,0.9497348850463929,2.0240429010429337e-05,0.29702778536264096,0.7029711537796618,0.0152307235578483,0.0,0.0,0.0,0.0
AAPL,2020-07-22,2020-01-23,2020-07-22,126,0.9497348850463929,1.8872050921569375e-05,0.29702778536264096,0.7029711535988263,0.01647450740351945,0.0,0.0,0.0,0.0
AAPL,2020-07-23,2020-01-24,2020-07-23,126,0.9497348850463929,3.23845688849151e-05,0.30544344769221365,0.69103411888286,0.015777791545123182,2.0,-0.04658502781720131,0.0,-0.045516600520468575
AAPL,2020-07-24,2020-01-27,2020-07-24,126,0.9497348850463929,3.271003921315724e-05,0.29494488457432927,0.6942087741892402,0.030863091243890146,2.0,-0.04658502781720131,0.0,-0.045516600520468575
AAPL,2020-07-27,2020-01-28,2020-07-27,126,0.9497348850463929,3.23845688849151e-05,0.2908046711706625,0.6970374614887871,0.026463869976468043,2.0,-0.04658502781720131,0.0,-0.045516600520468575
AAPL,2020-07-28,2020-01-29,2020-07-28,126,0.9497348850463929,3.23845688849151e-05,0.2928704961752371,0.6945201636079635,0.025142885255071794,2.0,-0.04658502781720131,0.0,-0.045516600520468575
AAPL,2020-07-29,2020-01-30,2020-07-29,126,0.9497348850463929,3.271003921315724e-05,0.3012189137141289,0.686681516689126,0.024347225423417437,2.0,-0.04658502781720131,0.0,-0.045516600520468575
AAPL,2020-07-30,2020-01-31,2020-07-30,126,0.9497348850463929,3.3370825837590736e-05,0.3097009333544592,0.6774947897623379,0.02249304826407526,2.0,-0.04658502781720131,0.0,-0.045516600520468575
AAPL,2020-07-31,2020-02-03,2020-07-31,126,0.9497348850463929,4.415393452803677e-05,0.28669890900268186,0.7132996807379421,0.021861115988703085,2.0,0.09956360587595725,0.0,0.10468873319991201
AAPL,2020-08-03,2020-02-04,2020-08-03,126,0.9497348850463929,4.3279628045654996e-05,0.2806056932330492,0.7193932452095513,0.0544453288988774,2.0,0.09956360587595725,0.0,0.10468873319991201
AAPL,2020-08-04,2020-02-05,2020-08-04,126,0.9497348850463929,4.2422633991560884e-05,0.2765876887440615,0.7234112498804847,0.04779918265872108,2.0,0.09956360587595725,0.0,0.10468873319991201
AAPL,2020-08-05,2020-02-06,2020-08-05,126,0.9497348850463929,4.158260955670606e-05,0.27260538610710605,0.7273935525232955,0.04115755971499025,2.0,0.09956360587595725,0.0,0.10468873319991201
AAPL,2020-08-06,2020-02-07,2020-08-06,126,0.9497348850463929,4.0759218720116095e-05,0.26669955030385006,0.7332993881679257,0.03577281452651156,2.0,0.09956360587595725,0.0,0.10468873319991201
AAPL,2020-08-07,2020-02-10,2020-08-07,126,1.3873050183721911,3.8492522833511765e-05,0.25054043460691494,0.7492317792359784,0.03435867732826566,2.0,0.09956360587595725,0.0,0.10468873319991201
AAPL,2020-08-10,2020-02-11,2020-08-10,126,1.2964418866718592,3.818352366106462e-05,0.24432688079743983,0.7505479486379114,0.03334103056124599,2.0,0.09956360587595725,0.0,0.10468873319991201
AAPL,2020-08-11,2020-02-12,2020-08-11,126,1.2055787549715273,3.712699003321882e-05,0.2382183802321365,0.7563687886570816,0.03007765595312668,2.0,0.09956360587595725,0.0,0.10468873319991201
AAPL,2020-08-12,2020-02-13,2020-08-12,126,1.2055787549715273,3.787700498304976e-05,0.2382183802321365,0.7521668030456666,0.031559246500882564,2.0,0.09956360587595725,0.0,0.10468873319991201
AAPL,2020-08-13,2020-02-14,2020-08-13,126,1.2055787549715273,3.7500122486384835e-05,0.2275049015833981,0.7571623625872357,0.030922673812650226,2.0,0.09956360587595725,0.0,0.10468873319991201
AAPL,2020-08-14,2020-02-18,2020-08-14,126,1.2055787549715273,3.7877004983049695e-05,0.21544112454573466,0.7613271542331672,0.027993253824593237,2.0,0.09956360587595725,0.0,0.10468873319991201
AAPL,2020-08-17,2020-02-18,2020-08-17,127,1.2055787549715273,3.8257675211777207e-05,0.21713572676116333,0.7580541779650514,0.025170498466169172,1.984251968503937,0.09956360587595725,0.0,0.10468873319991201
AAPL,2020-08-18,2020-02-19,2020-08-18,127,1.2055787549715273,3.825767521177713e-05,0.21544112454573466,0.7563663442481123,0.022834680135260993,1.984251968503937,0.09956360587595725,0.0,0.10468873319991201
AAPL,2020-08-19,2020-02-20,2020-08-19,127,1.2055787549715273,3.787700498304956e-05,0.21713572676116333,0.7524796076555192,0.02058128372274049,3.968503937007874,0.02648928902937797,0.10334268994558116,0.03234110940211421
AAPL,2020-08-20,2020-02-21,2020-08-20,127,1.2055787549715273,3.8257675211777064e-05,0.21375613189903556,0.7523317948392901,0.018900995320092193,3.968503937007874,0.02648928902937797,0.10334268994558116,0.03234110940211421
AAPL,2020-08-21,2020-02-24,2020-08-21,127,1.2055787549715273,4.103166966039748e-05,0.18963350707321627,0.7704194826093427,0.020056342423875325,1.984251968503937,0.09956360587595725,0.0,0.10468873319991201
AAPL,2020-08-24,2020-02-25,2020-08-24,127,1.6431488882973255,3.95326206064387e-05,0.17268781000770583,0.7857905741470125,0.026302332587420388,1.984251968503937,0.09956360587595725,0.0,0.10468873319991201
AAPL,2020-08-25,2020-02-26,2020-08-25,127,1.587026810984277,4.3813847307099695e-05,0.16096062297255193,0.7867056513442743,0.024222656345372722,1.984251968503937,0.09956360587595725,0.0,0.10468873319991201
AAPL,2020-08-26,2020-02-27,2020-08-26,127,1.5129888746032836,4.41829678804535e-05,0.16775365043054696,0.7758159200495968,0.022959638268150957,1.984251968503937,0.09956360587595725,0.0,0.10468873319991201
AAPL,2020-08-27,2020-02-28,2020-08-27,127,1.5129888746032836,4.287716383850325e-05,0.16360773859360103,0.7775282312853348,0.02131983664851317,1.984251968503937,0.09956360587595725,0.0,0.10468873319991201
AAPL,2020-08-28,2020-03-02,2020-08-28,127,1.5129888746032836,4.3308086499175375e-05,0.16915413139246527,0.7695942650257132,0.0210022914824317,1.984251968503937,0.09956360587595725,0.0,0.10468873319991201
AAPL,2020-08-31,2020-03-02,2020-08-31,128,1.5129888746032836,4.374334000458768e-05,0.16775365043054694,0.7714564722647483,0.019923728043852878,1.96875,0.09956360587595725,0.0,0.10468873319991201
AAPL,2020-09-01,2020-03-02,2020-09-01,129,1.5129888746032836,4.462701408992633e-05,0.16915413139246527,0.7707175106194791,0.021910461488644593,1.9534883720930234,0.09956360587595725,0.0,0.10468873319991201
AAPL,2020-09-02,2020-03-03,2020-09-02,129,1.5129888746032836,4.6448277084830876e-05,0.19128734267070333,0.7558833717918688,0.025063049885113563,1.9534883720930234,0.09956360587595725,0.0,0.10468873319991201
AAPL,2020-09-03,2020-03-04,2020-09-03,129,1.4221257429029517,4.99128990440132e-05,0.2506505139670787,0.7321996554067404,0.0276562448186828,3.906976744186047,0.008057889067498714,0.12940862574519377,0.016566919607171604
AAPL,2020-09-04,2020-03-05,2020-09-04,129,1.4221257429029517,5.24719881013055e-05,0.23593074200409964,0.7309438088250761,0.049642502773119795,3.906976744186047,0.008057889067498714,0.12940862574519377,0.016566919607171604
AAPL,2020-09-08,2020-03-09,2020-09-08,128,1.3312626112026198,5.205076860966334e-05,0.23893882981584527,0.7320258315148758,0.04327513414926528,3.9375,0.008057889067498714,0.12940862574519377,0.016566919607171604
AAPL,2020-09-09,2020-03-10,2020-09-09,128,1.3312626112026198,5.363595050959295e-05,0.26336535469286204,0.7111119784431004,0.0540892118494875,3.9375,0.008057889067498714,0.12940862574519377,0.016566919607171604
AAPL,2020-09-10,2020-03-11,2020-09-10,128,1.3312626112026198,5.638592449738989e-05,0.25568164287532724,0.7108938274754091,0.04876464054955159,5.90625,-0.029287319997343353,0.11205931522600028,-0.02274599387640741
AAPL,2020-09-11,2020-03-12,2020-09-11,128,1.3312626112026198,6.04743653310331e-05,0.20449246514627817,0.7291740699879115,0.043139995673961984,5.90625,-0.029287319997343353,0.11205931522600028,-0.02274599387640741
AAPL,2020-09-14,2020-03-16,2020-09-14,127,1.2572246748216267,6.0377047139806335e-05,0.11316179899465026,0.7957877122333731,0.035080726800744304,5.952755905511811,-0.040530762351931315,0.12432162864484382,-0.032270650745075624
AAPL,2020-09-15,2020-03-16,2020-09-15,128,1.2572246748216267,5.800962925912786e-05,0.11018624218274092,0.797633847030012,0.03294730946538419,5.90625,-0.040530762351931315,0.12432162864484382,-0.032270650745075624
AAPL,2020-09-16,2020-03-17,2020-09-16,128,1.2572246748216267,5.629518561732552e-05,0.1825837038749297,0.7580977636941377,0.032404921810457725,3.9375,0.008057889067498714,0.12940862574519377,0.016566919607171604
AAPL,2020-09-17,2020-03-18,2020-09-17,128,1.2572246748216267,5.800962925912786e-05,0.17094812259593042,0.7612191079367976,0.032344241421467794,3.9375,0.008057889067498714,0.12940862574519377,0.016566919607171604
AAPL,2020-09-18,2020-03-19,2020-09-18,128,1.2572246748216267,5.800962925912786e-05,0.15724079030668936,0.7692403989946744,0.0302774697240088,3.9375,0.008057889067498714,0.12940862574519377,0.016566919607171604
AAPL,2020-09-21,2020-03-23,2020-09-21,127,1.2572246748216267,6.0377047139806234e-05,0.1302368664407612,0.7820502994945118,0.03042821242263933,5.952755905511811,0.03724049351300588,0.10453788507186577,0.04362953841003714
AAPL,2020-09-22,2020-03-23,2020-09-22,128,1.2572246748216267,6.221580197193851e-05,0.12687663263679658,0.7802053902709188,0.029149459875596168,5.90625,0.03724049351300588,0.10453788507186577,0.04362953841003714
AAPL,2020-09-23,2020-03-24,2020-09-23,128,1.2572246748216267,6.098384655160996e-05,0.11827680787531318,0.7887243054976324,0.02721483236197748,5.90625,0.03724049351300588,0.10453788507186577,0.04362953841003714
AAPL,2020-09-24,2020-03-25,2020-09-24,128,1.2572246748216267,6.347264454261103e-05,0.13251882503817072,0.7776076098556023,0.030865476935576286,3.9375,0.008057889067498714,0.12940862574519377,0.016566919607171604
AAPL,2020-09-25,2020-03-26,2020-09-25,128,1.2572246748216267,6.28410811770321e-05,0.13718435834372864,0.773424542931751,0.028381661355140128,3.9375,0.008057889067498714,0.12940862574519377,0.016566919607171604
AAPL,2020-09-28,2020-03-30,2020-09-28,127,1.2572246748216267,6.475487701741369e-05,0.10166778458741833,0.796580920998961,0.027914948966833514,3.968503937007874,0.008057889067498714,0.12940862574519377,0.016566919607171604
AAPL,2020-09-29,2020-03-30,2020-09-29,128,1.2572246748216267,6.60630123064332e-05,0.09896069598467368,0.7953041982436554,0.026667104205208896,3.9375,0.008057889067498714,0.12940862574519377,0.016566919607171604
AAPL,2020-09-30,2020-03-31,2020-09-30,128,1.2572246748216267,7.014812084184652e-05,0.09631795145824257,0.7868987128653018,0.02503062155113364,3.9375,0.008057889067498714,0.12940862574519377,0.016566919607171604
AAPL,2020-10-01,2020-04-02,2020-10-01,127,1.2572246748216267,7.014812084184652e-05,0.0698632822880818,0.8056845798224677,0.023821881072335915,5.952755905511811,0.03325194596572345,0.10137809288797442,0.03913714947419056
AAPL,2020-10-02,2020-04-03,2020-10-02,127,1.2572246748216267,7.085312117694749e-05,0.07664713272704281,0.7987334758052662,0.02288054697901332,5.952755905511811,0.03325194596572345,0.10137809288797442,0.03913714947419056
AAPL,2020-10-05,2020-04-06,2020-10-05,127,1.2572246748216267,7.085312117694749e-05,0.08250364072750627,0.791508509300027,0.024375708030230935,5.952755905511811,0.03325194596572345,0.10137809288797442,0.03913714947419056
AAPL,2020-10-06,2020-04-07,2020-10-06,127,1.2572246748216267,7.228444916980003e-05,0.10444033302985793,0.7767655558223804,0.024936199345608086,3.968503937007874,0.008057889067498714,0.12940862574519377,0.016566919607171604
AAPL,2020-10-07,2020-04-08,2020-10-07,127,1.2572246748216267,7.156520688321071e-05,0.10075820340166636,0.7799583913275459,0.025886289105818586,3.968503937007874,0.008057889067498714,0.12940862574519377,0.016566919607171604
AAPL,2020-10-08,2020-04-09,2020-10-08,127,1.2572246748216267,7.085312117694761e-05,0.09719178601956513,0.7820083309872431,0.024516300404904098,3.968503937007874,0.008057889067498714,0.12940862574519377,0.016566919607171604
AAPL,2020-10-09,2020-04-13,2020-10-09,127,1.2572246748216267,7.085312117694761e-05,0.10166778458741825,0.7760327340477974,0.02317733091552728,3.968503937007874,0.008057889067498714,0.12940862574519377,0.016566919607171604
AAPL,2020-10-12,2020-04-13,2020-10-12,128,1.2572246748216267,7.228444916980015e-05,0.09289244686767409,0.7898748224642674,0.023071292150134867,3.9375,0.008057889067498714,0.12940862574519377,0.016566919607171604
AAPL,2020-10-13,2020-04-14,2020-10-13,128,1.2572246748216267,7.085312117694773e-05,0.09896069598467352,0.7875982286198073,0.028388704828148002,3.9375,0.008057889067498714,0.12940862574519377,0.016566919607171604
AAPL,2020-10-14,2020-04-15,2020-10-14,128,1.1831867384406334,7.362601848161639e-05,0.09454642400345943,0.790527080179697,0.028425016993221124,3.9375,0.008057889067498714,0.12940862574519377,0.016566919607171604
AAPL,2020-10-15,2020-04-16,2020-10-15,128,1.1831867384406334,6.93383729550047e-05,0.09035237990187886,0.7961889937468396,0.026374207924364505,3.9375,0.008057889067498714,0.12940862574519377,0.016566919607171604
AAPL,2020-10-16,2020-04-17,2020-10-16,128,1.1831867384406334,6.864844461654022e-05,0.09035237990187886,0.7961881184749473,0.025031183512883033,3.9375,0.008057889067498714,0.12940862574519377,0.016566919607171604
AAPL,2020-10-19,2020-04-20,2020-10-19,128,1.1831867384406334,6.93383729550047e-05,0.09200951158045077,0.794736804018473,0.02455285240091013,3.9375,0.008057889067498714,0.12940862574519377,0.016566919607171604
AAPL,2020-10-20,2020-04-21,2020-10-20,128,1.1831867384406334,6.864844461654022e-05,0.08872217437669287,0.7976132362714008,0.025091808150071893,3.9375,0.008057889067498714,0.12940862574519377,0.016566919607171604
AAPL,2020-10-21,2020-04-22,2020-10-21,128,1.1831867384406334,6.796538117974463e-05,0.09200951158045077,0.7957226233144623,0.02400983068320428,3.9375,0.008057889067498714,0.12940862574519377,0.016566919607171604
AAPL,2020-10-22,2020-04-23,2020-10-22,128,1.1831867384406334,6.796538117974463e-05,0.09454642400345943,0.7934985093432974,0.023126986957466622,3.9375,0.008057889067498714,0.12940862574519377,0.016566919607171604
AAPL,2020-10-23,2020-04-24,2020-10-23,128,1.1831867384406334,6.728911433770502e-05,0.09540588524158891,0.7927444400813234,0.022537241806740632,3.9375,0.008057889067498714,0.12940862574519377,0.016566919607171604
AAPL,2020-10-26,2020-04-27,2020-10-26,128,1.1091488020596403,6.922679038606576e-05,0.09797997716985804,0.7905572532855688,0.022045114340944666,3.9375,0.008057889067498714,0.12940862574519377,0.016566919607171604
AAPL,2020-10-27,2020-04-28,2020-10-27,128,1.1091488020596403,6.922679038606564e-05,0.10717907356050124,0.7775676735822773,0.020793372009255927,3.9375,0.008057889067498714,0.12940862574519377,0.016566919607171604
AAPL,2020-10-28,2020-04-29,2020-10-28,128,1.1091488020596403,7.350753603195949e-05,0.07517080078814135,0.8054431633812988,0.021742079712536833,3.9375,0.008057889067498714,0.12940862574519377,0.016566919607171604
AAPL,2020-10-29,2020-04-30,2020-10-29,128,1.1091488020596403,7.424629905102616e-05,0.0816712150675823,0.8008096275908416,0.025899849626034973,3.9375,0.008057889067498714,0.12940862574519377,0.016566919607171604
AAPL,2020-10-30,2020-05-01,2020-10-30,128,1.0530267247465916,8.737521653384533e-05,0.11361747996788368,0.7689099985588864,0.02806179407237696,3.9375,0.008057889067498714,0.12940862574519377,0.016566919607171604
AAPL,2020-11-02,2020-05-04,2020-11-02,128,0.9789887883655983,8.723460822841567e-05,0.10112197731308964,0.7756295570463251,0.03253060202152382,3.9375,0.008057889067498714,0.12940862574519377,0.016566919607171604
AAPL,2020-11-03,2020-05-04,2020-11-03,129,0.9789887883655983,8.550724725192749e-05,0.09407951555090609,0.7773556772550553,0.02952416364775663,3.906976744186047,0.008057889067498714,0.12940862574519377,0.016566919607171604
AAPL,2020-11-04,2020-05-05,2020-11-04,129,0.9789887883655983,8.636660937371661e-05,0.09407951555090609,0.7784540663297138,0.027978199294328352,3.906976744186047,0.008057889067498714,0.12940862574519377,0.016566919607171604
AAPL,2020-11-05,2020-05-06,2020-11-05,129,0.9789887883655983,8.899686421133853e-05,0.09155386324206416,0.7772927387714015,0.028548459716269983,3.906976744186047,0.008057889067498714,0.12940862574519377,0.016566919607171604
AAPL,2020-11-06,2020-05-07,2020-11-06,129,0.9789887883655983,9.544986497263102e-05,0.08130132794005174,0.7743074393405477,0.02798953382659648,3.906976744186047,0.008057889067498714,0.12940862574519377,0.016566919607171604
AAPL,2020-11-09,2020-05-11,2020-11-09,128,0.9049508519846051,0.0001042707198300842,0.0741026767141738,0.772953378942087,0.026735365277036714,3.9375,0.008057889067498714,0.12940862574519377,0.016566919607171604
AAPL,2020-11-10,2020-05-11,2020-11-10,129,0.9049508519846051,0.00011183120008303119,0.07832566301192466,0.7493939424704488,0.025884269034743612,3.906976744186047,0.008057889067498714,0.12940862574519377,0.016566919607171604
AAPL,2020-11-11,2020-05-12,2020-11-11,129,0.9049508519846051,0.00011295512232908866,0.07479166457555331,0.7522665489006402,0.024946214158653484,3.906976744186047,0.008057889067498714,0.12940862574519377,0.016566919607171604
AAPL,2020-11-12,2020-05-13,2020-11-12,129,0.9049508519846051,0.00011874645529218883,0.07274218913916326,0.7438504362187051,0.02506195907227104,3.906976744186047,0.008057889067498714,0.12940862574519377,0.016566919607171604
AAPL,2020-11-13,2020-05-14,2020-11-13,129,0.9049508519846051,0.00012483471624578574,0.07341953166364279,0.7327966523497994,0.02418077184425679,3.906976744186047,0.008057889067498714,0.12940862574519377,0.016566919607171604
AAPL,2020-11-16,2020-05-18,2020-11-16,128,0.9049508519846051,0.0001450372480156221,0.07341953166364268,0.700366189111184,0.02350423733171819,3.9375,0.008057889067498714,0.12940862574519377,0.016566919607171604
AAPL,2020-11-17,2020-05-18,2020-11-17,129,0.9049508519846051,0.00015095633039387296,0.07905055922885247,0.6840009305490795,0.022905286437854694,3.906976744186047,0.008057889067498714,0.12940862574519377,0.016566919607171604
AAPL,2020-11-18,2020-05-19,2020-11-18,129,0.9049508519846051,0.00015095633039387296,0.08126217687830938,0.6823575911167752,0.022757422637355182,3.906976744186047,0.008057889067498714,0.12940862574519377,0.016566919607171604
AAPL,2020-11-19,2020-05-20,2020-11-19,129,0.9049508519846051,0.00015711697510648872,0.08353005136075739,0.6700127011712899,0.022846668774791835,3.906976744186047,0.008057889067498714,0.12940862574519377,0.016566919607171604
AAPL,2020-11-20,2020-05-21,2020-11-20,129,0.8309129156036119,0.00016490673127290937,0.08122304300129427,0.6681989060777297,0.022938769195106935,3.906976744186047,0.008057889067498714,0.12940862574519377,0.016566919607171604
AAPL,2020-11-23,2020-05-26,2020-11-23,128,0.7568749792226187,0.00017657920086415748,0.06559867598213497,0.6703247070539798,0.02375417898342925,3.9375,0.008057889067498714,0.12940862574519377,0.016566919607171604
AAPL,2020-11-24,2020-05-26,2020-11-24,129,0.7568749792226187,0.00016965543136423912,0.06809333136993696,0.6685343634149719,0.02462925149644057,3.906976744186047,0.008057889067498714,0.12940862574519377,0.016566919607171604
AAPL,2020-11-25,2020-05-26,2020-11-25,130,0.7568749792226187,0.00016796733161680838,0.07002172908143789,0.667150245547537,0.023971359644798226,3.8769230769230765,0.008057889067498714,0.12940862574519377,0.016566919607171604
AAPL,2020-11-27,2020-05-28,2020-11-27,129,0.7568749792226187,0.00016965543136423912,0.06201565394675475,0.6728929472952405,0.02371072796112575,3.906976744186047,0.008057889067498714,0.12940862574519377,0.016566919607171604
AAPL,2020-11-30,2020-06-01,2020-11-30,128,0.7568749792226187,0.0001713604967961863,0.05384294434012025,0.6806692919205041,0.023734790913100955,3.9375,0.008057889067498714,0.12940862574519377,0.016566919607171604
AAPL,2020-12-01,2020-06-02,2020-12-01,128,0.7568749792226187,0.00017308269842061398,0.049910118913368134,0.6834978633645079,0.02408319722130921,3.9375,0.008057889067498714,0.12940862574519377,0.016566919607171604
AAPL,2020-12-02,2020-06-03,2020-12-02,128,0.7568749792226187,0.00017482220845911977,0.04850667419179432,0.6806485794209748,0.02460559852317947,3.9375,0.008057889067498714,0.12940862574519377,0.016566919607171604
AAPL,2020-12-03,2020-06-04,2020-12-03,128,0.7568749792226187,0.00017308269842061398,0.049910118913368134,0.6796439130941747,0.024099185714322673,3.9375,0.008057889067498714,0.12940862574519377,0.016566919607171604
AAPL,2020-12-04,2020-06-05,2020-12-04,128,0.7568749792226187,0.0001713604967961863,0.053335801150890476,0.6771926463548885,0.023681676032750308,3.9375,0.008057889067498714,0.12940862574519377,0.016566919607171604
AAPL,2020-12-07,2020-06-08,2020-12-07,128,0.7568749792226187,0.00016965543136423912,0.056982495125979374,0.6745832822962431,0.023386719582125837,3.9375,0.008057889067498714,0.12940862574519377,0.016566919607171604
AAPL,2020-12-08,2020-06-09,2020-12-08,128,0.7568749792226187,0.00016796733161680838,0.06378372556602997,0.6678068586179626,0.023010941216141945,3.9375,0.008057889067498714,0.12940862574519377,0.016566919607171604
AAPL,2020-12-09,2020-06-10,2020-12-09,128,0.7568749792226187,0.00016796733161680838,0.06201565394675475,0.6690673179575897,0.022879095804289602,3.9375,0.008057889067498714,0.12940862574519377,0.016566919607171604
AAPL,2020-12-10,2020-06-11,2020-12-10,128,0.7568749792226187,0.00016629602874251254,0.06438344917223313,0.6654602248095388,0.023351703078577094,3.9375,0.008057889067498714,0.12940862574519377,0.016566919607171604
AAPL,2020-12-11,2020-06-12,2020-12-11,128,0.7568749792226187,0.00016629602874251254,0.08344981553429985,0.650012194798422,0.02283339010771476,3.9375,0.008057889067498714,0.12940862574519377,0.016566919607171604
AAPL,2020-12-14,2020-06-15,2020-12-14,128,0.7568749792226187,0.00016464135560967144,0.08344981553429985,0.6518977940844847,0.022609729432786788,3.9375,0.008057889067498714,0.12940862574519377,0.016566919607171604
AAPL,2020-12-15,2020-06-16,2020-12-15,128,0.7568749792226187,0.0001713604967961866,0.06809333136993691,0.6628194069143187,0.023113006240087535,3.9375,0.008057889067498714,0.12940862574519377,0.016566919607171604
AAPL,2020-12-16,2020-06-17,2020-12-16,128,0.7568749792226187,0.0001713604967961866,0.06498841980580634,0.6650270666417416,0.025787006124586207,3.9375,0.008057889067498714,0.12940862574519377,0.016566919607171604
AAPL,2020-12-17,2020-06-18,2020-12-17,128,0.7568749792226187,0.0001713604967961866,0.060862475182570784,0.6679609338589585,0.02475860705114928,3.9375,0.008057889067498714,0.12940862574519377,0.016566919607171604
AAPL,2020-12-18,2020-06-19,2020-12-18,128,0.7568749792226187,0.0001713604967961866,0.05917025671263975,0.6691638118599779,0.02412631806785854,3.9375,0.008057889067498714,0.12940862574519377,0.016566919607171604
AAPL,2020-12-21,2020-06-22,2020-12-21,128,0.7568749792226187,0.00016965543136423941,0.05917025671263975,0.6710912294045925,0.024092638308592942,3.9375,0.008057889067498714,0.12940862574519377,0.016566919607171604
AAPL,2020-12-22,2020-06-23,2020-12-22,128,0.7568749792226187,0.00016965543136423941,0.05917025671263975,0.6710905161073843,0.023755577242154362,3.9375,0.008057889067498714,0.12940862574519377,0.016566919607171604
AAPL,2020-12-23,2020-06-24,2020-12-23,128,0.7568749792226187,0.00016965543136423941,0.05917025671263975,0.6710898028109341,0.024197900859964698,3.9375,0.008057889067498714,0.12940862574519377,0.016566919607171604
AAPL,2020-12-24,2020-06-25,2020-12-24,128,0.7568749792226187,0.00016796733161680868,0.06143653622995749,0.6694725620986267,0.0237188556114182,3.9375,0.008057889067498714,0.12940862574519377,0.016566919607171604
AAPL,2020-12-28,2020-06-29,2020-12-28,127,0.7568749792226187,0.00016965543136423941,0.06259986610166071,0.6705549860166724,0.023530121055299676,3.968503937007874,0.008057889067498714,0.12940862574519377,0.016566919607171604
AAPL,2020-12-29,2020-06-30,2020-12-29,127,0.7568749792226187,0.00016965543136423941,0.061436536229957546,0.6732935217880386,0.02467117213127335,3.968503937007874,0.008057889067498714,0.12940862574519377,0.016566919607171604
AAPL,2020-12-30,2020-07-01,2020-12-30,127,0.7568749792226187,0.00016965543136423941,0.05861604779245186,0.6753161269426261,0.024415461042082746,3.968503937007874,0.008057889067498714,0.12940862574519377,0.016566919607171604
AAPL,2020-12-31,2020-07-01,2020-12-31,128,0.7568749792226187,0.00016796733161680868,0.05972937280029208,0.6745167489134114,0.02396912183021023,3.9375,0.008057889067498714,0.12940862574519377,0.016566919607171604
MSFT,2019-01-02,2018-07-03,2019-01-02,126,0.03837865023198539,1.4709976133824105e-05,0.1441588309564282,0.8341594240315553,0.028188183074597528,2.0,-0.05587000172180101,0.0,-0.054337937660027924
MSFT,2019-01-03,2018-07-05,2019-01-03,126,0.03837865023198539,1.3992562132196756e-05,0.1453967866080283,0.837478878170151,0.02639801523343342,2.0,-0.05587000172180101,0.0,-0.054337937660027924
MSFT,2019-01-04,2018-07-05,2019-01-04,127,0.03837865023198539,1.357901942409034e-05,0.15431079981845117,0.8343658742210466,0.028807650579235154,1.984251968503937,-0.05587000172180101,0.0,-0.054337937660027924
MSFT,2019-01-07,2018-07-09,2019-01-07,126,0.03837865023198539,1.3715490838141609e-05,0.14664354946158098,0.8388827552394821,0.03159297376700756,2.0,-0.05587000172180101,0.0,-0.054337937660027924
MSFT,2019-01-08,2018-07-09,2019-01-08,127,0.03837865023198539,1.3992562132196756e-05,0.14292965075660075,0.8395530540242374,0.028928230948182976,1.984251968503937,-0.05587000172180101,0.0,-0.054337937660027924
MSFT,2019-01-09,2018-07-10,2019-01-09,127,0.03837865023198539,1.4418699090748427e-05,0.14170921383558732,0.8379758273939073,0.026704507018925825,1.984251968503937,-0.05587000172180101,0.0,-0.054337937660027924
MSFT,2019-01-10,2018-07-11,2019-01-10,127,0.03837865023198539,1.561959025770443e-05,0.14292965075660075,0.8314452397660458,0.024923648891164097,1.984251968503937,-0.05587000172180101,0.0,-0.054337937660027924
MSFT,2019-01-11,2018-07-12,2019-01-11,127,0.03837865023198539,1.7262316905072637e-05,0.1491636215963129,0.8193683279184765,0.0226933811723333,1.984251968503937,-0.05587000172180101,0.0,-0.054337937660027924
MSFT,2019-01-14,2018-07-16,2019-01-14,126,0.03837865023198539,1.851397610809334e-05,0.15693837341656727,0.8090621803659651,0.020842161817441453,2.0,-0.05587000172180101,0.0,-0.054337937660027924
MSFT,2019-01-15,2018-07-16,2019-01-15,127,0.03837865023198539,1.743580607422847e-05,0.1478991508336578,0.8214821374637996,0.01998066156239441,1.984251968503937,-0.05587000172180101,0.0,-0.054337937660027924
MSFT,2019-01-16,2018-07-17,2019-01-16,127,0.03837865023198539,1.778803272137453e-05,0.1504369921660981,0.8169061158878691,0.021397309665461026,1.984251968503937,-0.05587000172180101,0.0,-0.054337937660027924
MSFT,2019-01-17,2018-07-18,2019-01-17,127,0.03837865023198539,1.9077810622091892e-05,0.15562006428362365,0.8072582147660514,0.01952299522549293,1.984251968503937,-0.05587000172180101,0.0,-0.054337937660027924
MSFT,2019-01-18,2018-07-19,2019-01-18,127,0.03837865023198539,1.9856390843475214e-05,0.1596022349467254,0.8008971389599073,0.01808561739071132,1.984251968503937,-0.05587000172180101,0.0,-0.054337937660027924
MSFT,2019-01-22,2018-07-23,2019-01-22,126,0.03837865023198539,2.0257516546608407e-05,0.16366653086213556,0.7970229212940965,0.017740033783675994,2.0,-0.05587000172180101,0.0,-0.054337937660027924
MSFT,2019-01-23,2018-07-24,2019-01-23,126,0.03837865023198539,2.087444977209101e-05,0.16781363325120946,0.7911631558294326,0.018101390179434913,2.0,-0.05587000172180101,0.0,-0.054337937660027924
MSFT,2019-01-24,2018-07-25,2019-01-24,126,0.03837865023198539,2.238801815974779e-05,0.1763587395043376,0.778147641562248,0.0169648818974944,2.0,-0.05587000172180101,0.0,-0.054337937660027924
MSFT,2019-01-25,2018-07-26,2019-01-25,126,0.03837865023198539,2.1510171411436124e-05,0.18224309828255003,0.7774432082623589,0.01582775331687254,2.0,-0.05587000172180101,0.0,-0.054337937660027924
MSFT,2019-01-28,2018-07-30,2019-01-28,125,0.03837865023198539,2.2165253657031698e-05,0.18373780569208478,0.7775241888519157,0.015330018375473512,2.016,-0.05587000172180101,0.0,-0.054337937660027924
MSFT,2019-01-29,2018-07-30,2019-01-29,126,0.03837865023198539,2.1944705698152376e-05,0.18373780569208478,0.779327023047955,0.016700632720798723,2.0,-0.05587000172180101,0.0,-0.054337937660027924
MSFT,2019-01-30,2018-07-31,2019-01-30,126,0.03837865023198539,2.1726352228130186e-05,0.2008079907507789,0.7741018233868339,0.018163027327539362,2.0,-0.05587000172180101,0.0,-0.054337937660027924
MSFT,2019-01-31,2018-08-01,2019-01-31,126,0.03837865023198539,2.2613021482936678e-05,0.19446692200798643,0.7762987118632645,0.022060207870205444,2.0,-0.05587000172180101,0.0,-0.054337937660027924
MSFT,2019-02-01,2018-08-02,2019-02-01,126,0.03837865023198539,2.353587639648441e-05,0.18524199187368937,0.7802744619706234,0.021475149061409324,2.0,-0.05587000172180101,0.0,-0.054337937660027924
MSFT,2019-02-04,2018-08-06,2019-02-04,125,0.03837865023198539,2.549611052670787e-05,0.1822430982825501,0.7800364038585552,0.020845343973863017,2.016,-0.05587000172180101,0.0,-0.054337937660027924
MSFT,2019-02-05,2018-08-06,2019-02-05,126,0.03837865023198539,2.5752350697497694e-05,0.17781569210046036,0.7816443703196462,0.022455848242749134,2.0,-0.05587000172180101,0.0,-0.054337937660027924
MSFT,2019-02-06,2018-08-07,2019-02-06,126,0.03837865023198539,2.6272582690426097e-05,0.16921451303708476,0.7861699087417341,0.021172005180074886,2.0,-0.05587000172180101,0.0,-0.054337937660027924
MSFT,2019-02-07,2018-08-08,2019-02-07,126,0.03837865023198539,2.73447871300559e-05,0.16230259751811546,0.787790356519225,0.019929255443449104,2.0,-0.05587000172180101,0.0,-0.054337937660027924
MSFT,2019-02-08,2018-08-09,2019-02-08,126,0.03837865023198539,2.9035694332196514e-05,0.15826575466611092,0.7850923350769025,0.01860890007262658,2.0,-0.05587000172180101,0.0,-0.054337937660027924
MSFT,2019-02-11,2018-08-13,2019-02-11,125,0.03837865023198539,3.2411908843577895e-05,0.15562006428362374,0.7778595254199993,0.01739729493643716,2.016,-0.05587000172180101,0.0,-0.054337937660027924
MSFT,2019-02-12,2018-08-13,2019-02-12,126,0.03837865023198539,3.273765394297267e-05,0.15562006428362374,0.7766226361688897,0.0164285156313486,2.0,-0.05587000172180101,0.0,-0.054337937660027924
MSFT,2019-02-13,2018-08-14,2019-02-13,126,0.03837865023198539,3.4073702945627844e-05,0.15693837341656736,0.7709236362181993,0.016645071262428333,2.0,-0.05587000172180101,0.0,-0.054337937660027924
MSFT,2019-02-14,2018-08-15,2019-02-14,126,0.03837865023198539,3.476203740480313e-05,0.16094784062700876,0.7652621397066304,0.01565888098560634,2.0,-0.05587000172180101,0.0,-0.054337937660027924
MSFT,2019-02-15,2018-08-16,2019-02-15,126,0.03837865023198539,3.5111401688907495e-05,0.1623025975181155,0.7640256141726448,0.014932081678265163,2.0,-0.05587000172180101,0.0,-0.054337937660027924
MSFT,2019-02-19,2018-08-20,2019-02-19,125,0.03837865023198539,3.654432517481171e-05,0.15693837341656736,0.764045023618381,0.015255814579419978,2.016,-0.05587000172180101,0.0,-0.054337937660027924
MSFT,2019-02-20,2018-08-21,2019-02-20,125,0.03837865023198539,3.6911601748796726e-05,0.16094784062700876,0.7589734107535328,0.014546989311530124,2.016,-0.05587000172180101,0.0,-0.054337937660027924
MSFT,2019-02-21,2018-08-22,2019-02-21,125,0.03837865023198539,3.919408772839999e-05,0.15043699216609818,0.7639715106972801,0.014627643365055515,2.016,-0.05587000172180101,0.0,-0.054337937660027924
MSFT,2019-02-22,2018-08-23,2019-02-22,125,0.03837865023198539,3.958799485878194e-05,0.14789915083365787,0.765477701294506,0.016396778579368457,2.016,-0.05587000172180101,0.0,-0.054337937660027924
MSFT,2019-02-25,2018-08-27,2019-02-25,124,0.03837865023198539,3.958799485878194e-05,0.14539678660802838,0.7669412100763064,0.016560275138185136,2.032258064516129,-0.05587000172180101,0.0,-0.054337937660027924
MSFT,2019-02-26,2018-08-27,2019-02-26,125,0.47594878355778353,3.776217280472476e-05,0.13877635546526212,0.7783626762515381,0.015568727781870245,2.016,-0.05587000172180101,0.0,-0.054337937660027924
MSFT,2019-02-27,2018-08-28,2019-02-27,125,0.34578876986374163,3.818799066322856e-05,0.14424876509024656,0.7778068757310004,0.015398751583618708,2.016,-0.05587000172180101,0.0,-0.054337937660027924
MSFT,2019-02-28,2018-08-29,2019-02-28,125,0.27175083348274837,3.449831707483992e-05,0.15564693812777897,0.7702447646788514,0.014314069886804266,2.016,-0.05587000172180101,0.0,-0.054337937660027924
MSFT,2019-03-01,2018-09-04,2019-03-01,123,0.27175083348274837,3.3815204628073825e-05,0.17784559062051047,0.750649117079807,0.013328072853863253,4.097560975609756,-0.05541069398903131,0.0006495592249857444,-0.05390328840486014
MSFT,2019-03-04,2018-09-05,2019-03-04,123,0.27175083348274837,3.248929148942807e-05,0.1913854475507275,0.7420443432282541,0.012631419235925888,4.097560975609756,-0.05541069398903131,0.0006495592249857444,-0.05390328840486014
MSFT,2019-03-05,2018-09-06,2019-03-05,123,0.27175083348274837,2.6335307844063644e-05,0.21567154572711122,0.7430775583380315,0.011554101776895196,4.097560975609756,-0.05541069398903131,0.0006495592249857444,-0.05390328840486014
MSFT,2019-03-06,2018-09-07,2019-03-06,123,0.27175083348274837,2.4068659112407764e-05,0.22424711909760148,0.7420262848967218,0.011192783230675426,4.097560975609756,-0.05541069398903131,0.0006495592249857444,-0.05390328840486014
MSFT,2019-03-07,2018-09-10,2019-03-07,123,0.27175083348274837,2.6335307844063644e-05,0.21907297551210456,0.7410047607313186,0.011168823682678101,4.097560975609756,-0.05541069398903131,0.0006495592249857444,-0.05390328840486014
MSFT,2019-03-08,2018-09-10,2019-03-08,124,0.27175083348274837,2.431055315797934e-05,0.21907297551210456,0.744626319467184,0.012321328809161378,4.064516129032258,-0.05541069398903131,0.0006495592249857444,-0.05390328840486014
MSFT,2019-03-11,2018-09-12,2019-03-11,123,0.27175083348274837,2.999139605641115e-05,0.21230855181651745,0.7390561706080309,0.012441272133923476,4.097560975609756,-0.05541069398903131,0.0006495592249857444,-0.05390328840486014
MSFT,2019-03-12,2018-09-13,2019-03-12,123,0.27175083348274837,2.969297667955532e-05,0.20406927367327554,0.7444291547560905,0.014985798811128827,4.097560975609756,-0.05541069398903131,0.0006495592249857444,-0.05390328840486014
MSFT,2019-03-13,2018-09-14,2019-03-13,123,0.27175083348274837,2.910501634782856e-05,0.2008408097464957,0.7479293262348858,0.0142370087910979,4.097560975609756,-0.05541069398903131,0.0006495592249857444,-0.05390328840486014
MSFT,2019-03-14,2018-09-17,2019-03-14,123,0.27175083348274837,2.824483311860656e-05,0.19924097190924514,0.7503781697297945,0.013685738434189756,4.097560975609756,-0.05541069398903131,0.0006495592249857444,-0.05390328840486014
MSFT,2019-03-15,2018-09-17,2019-03-15,124,0.27175083348274837,2.713733737097698e-05,0.2008408097464957,0.7516320039167004,0.012873089266214499,4.064516129032258,-0.05541069398903131,0.0006495592249857444,-0.05390328840486014
MSFT,2019-03-18,2018-09-19,2019-03-18,123,0.27175083348274837,2.7685547950628912e-05,0.1960700531998218,0.7552107828732203,0.01328822205963507,2.048780487804878,-0.05587000172180101,0.0,-0.054337937660027924
MSFT,2019-03-19,2018-09-20,2019-03-19,123,0.27175083348274837,2.505091972455787e-05,0.18984301369509352,0.7663108636699061,0.013762083483377659,2.048780487804878,-0.05587000172180101,0.0,-0.054337937660027924
MSFT,2019-03-20,2018-09-21,2019-03-20,123,0.27175083348274837,2.134698565117314e-05,0.1867867311542494,0.7781871520298934,0.01272459645911766,2.048780487804878,-0.05587000172180101,0.0,-0.054337937660027924
MSFT,2019-03-21,2018-09-24,2019-03-21,123,0.27175083348274837,2.289481675599957e-05,0.15962966630814196,0.7969905795131391,0.012760253866281367,2.048780487804878,-0.05587000172180101,0.0,-0.054337937660027924
MSFT,2019-03-22,2018-09-24,2019-03-22,124,0.27175083348274837,2.9692976679555478e-05,0.18078813867201118,0.7671783235647154,0.015757498601865507,2.032258064516129,-0.05587000172180101,0.0,-0.054337937660027924
MSFT,2019-03-25,2018-09-26,2019-03-25,123,0.27175083348274837,1.534685462185907e-05,0.11497247357674088,0.850391482170141,0.01661775494190593,2.048780487804878,-0.05587000172180101,0.0,-0.054337937660027924
MSFT,2019-03-26,2018-09-27,2019-03-26,123,0.27175083348274837,9.401888209061925e-06,0.0961370961639541,0.8786434197749932,0.01483380518895527,2.048780487804878,-0.05587000172180101,0.0,-0.054337937660027924
MSFT,2019-03-27,2018-09-28,2019-03-27,123,0.27175083348274837,7.322197899567236e-06,0.09104876234993119,0.8868214064036734,0.013800227282490947,2.048780487804878,-0.05587000172180101,0.0,-0.054337937660027924
MSFT,2019-03-28,2018-10-01,2019-03-28,123,0.27175083348274837,5.31700695403375e-06,0.08620402953555023,0.8945809864280836,0.013179117042360858,2.048780487804878,-0.05587000172180101,0.0,-0.054337937660027924
MSFT,2019-03-29,2018-10-01,2019-03-29,124,0.27175083348274837,4.668839512509891e-06,0.08464169950890069,0.8972081662261397,0.012512741255667828,2.032258064516129,-0.05587000172180101,0.0,-0.054337937660027924
MSFT,2019-04-01,2018-10-02,2019-04-01,124,0.27175083348274837,3.938935631039614e-06,0.08387020663578049,0.8988325928152143,0.012014295668862567,2.032258064516129,-0.05587000172180101,0.0,-0.054337937660027924
MSFT,2019-04-02,2018-10-03,2019-04-02,124,0.27175083348274837,3.067646153921515e-06,0.08310510664008265,0.900572470871014,0.011494560805001466,2.032258064516129,-0.05587000172180101,0.0,-0.054337937660027924
MSFT,2019-04-03,2018-10-04,2019-04-03,124,0.27175083348274837,2.511576245776943e-06,0.08387020663578049,0.9002936750571748,0.010812672631245777,2.032258064516129,-0.05587000172180101,0.0,-0.054337937660027924
MSFT,2019-04-04,2018-10-05,2019-04-04,124,0.27175083348274837,1.8793210019106362e-06,0.07937405449463376,0.9053247440278174,0.01030501903609476,2.032258064516129,-0.05587000172180101,0.0,-0.054337937660027924
MSFT,2019-04-05,2018-10-08,2019-04-05,124,0.27175083348274837,1.4490534387571434e-06,0.08159391992846994,0.9035846383572715,0.00981759010589748,2.032258064516129,-0.05587000172180101,0.0,-0.054337937660027924
MSFT,2019-04-08,2018-10-09,2019-04-08,124,0.27175083348274837,1.1061776813455068e-06,0.08387020663578049,0.9013441030096605,0.009227162439228836,0.0,0.0,0.0,0.0
MSFT,2019-04-09,2018-10-10,2019-04-09,124,0.27175083348274837,1.28519510872899e-06,0.09022463288371466,0.8941988398959787,0.008733667966288241,0.0,0.0,0.0,0.0
MSFT,2019-04-10,2018-10-11,2019-04-10,124,0.7093209668085465,2.0827570323936516e-06,0.10666732058256713,0.8809071799503766,0.00888946351034321,2.032258064516129,-0.054951386256261614,0.0,-0.05346883874165087
MSFT,2019-04-11,2018-10-12,2019-04-11,124,0.562335757795166,3.3149957898104093e-06,0.1378713277412485,0.8512957218875278,0.008509058726895684,2.032258064516129,-0.054951386256261614,0.0,-0.05346883874165087
MSFT,2019-04-12,2018-10-15,2019-04-12,124,0.562335757795166,2.407181000674167e-06,0.14640309954388805,0.8428701673674602,0.007501791033772624,2.032258064516129,-0.054951386256261614,0.0,-0.05346883874165087
MSFT,2019-04-15,2018-10-16,2019-04-15,124,0.562335757795166,1.5658931335837176e-06,0.14765699877261743,0.8435525845056344,0.00681130414465584,2.032258064516129,-0.054951386256261614,0.0,-0.05346883874165087
MSFT,2019-04-16,2018-10-17,2019-04-16,124,0.5062136804821172,8.116225395643315e-07,0.12482791194161572,0.8661430608967534,0.0065238058777051765,2.032258064516129,-0.054951386256261614,0.0,-0.05346883874165087
MSFT,2019-04-17,2018-10-18,2019-04-17,124,0.5062136804821172,1.1402871314080125e-06,0.1433783710273907,0.8468641186219311,0.006067964651713446,2.032258064516129,-0.054951386256261614,0.0,-0.05346883874165087
MSFT,2019-04-18,2018-10-19,2019-04-18,124,0.5062136804821172,2.462753666040229e-06,0.12814185919409793,0.8541042166135002,0.0068352186153109035,2.032258064516129,-0.054951386256261614,0.0,-0.05346883874165087
MSFT,2019-04-22,2018-10-23,2019-04-22,123,0.5062136804821172,3.862366584311467e-06,0.17543973005406924,0.8053042179165938,0.007783713406356347,2.048780487804878,-0.054951386256261614,0.0,-0.05346883874165087
MSFT,2019-04-23,2018-10-24,2019-04-23,123,0.5062136804821172,5.426422626501733e-06,0.18579471957945895,0.7892344403660987,0.007599486499662474,2.048780487804878,-0.054951386256261614,0.0,-0.05346883874165087
MSFT,2019-04-24,2018-10-25,2019-04-24,123,0.5062136804821172,3.4600398292548645e-06,0.145851932703842,0.83215538043069,0.008205391214096655,2.048780487804878,0.05680001708608362,0.0,0.058444118489790364
MSFT,2019-04-25,2018-10-26,2019-04-25,123,0.5062136804821172,1.195656022258824e-05,0.20463076610618264,0.7663386630402641,0.009822769456670755,2.048780487804878,0.03258071948690677,0.0,0.033117282475311205
MSFT,2019-04-26,2018-10-29,2019-04-26,123,0.9437838138079153,1.0957915483309525e-05,0.1777177979823443,0.7905184182751477,0.015189847673931502,2.048780487804878,0.03258071948690677,0.0,0.033117282475311205
MSFT,2019-04-29,2018-10-30,2019-04-29,123,0.8136238001138734,1.1305341055439074e-05,0.168427154686951,0.7991535320796347,0.014074610242448328,2.048780487804878,0.03258071948690677,0.0,0.033117282475311205
MSFT,2019-04-30,2018-10-31,2019-04-30,123,0.8136238001138734,1.0332303750692932e-05,0.17992843125321142,0.7855490073841863,0.012915863084287764,2.048780487804878,0.03258071948690677,0.0,0.033117282475311205
MSFT,2019-05-01,2018-11-02,2019-05-01,122,0.7575017228008247,1.1918585882450683e-05,0.17635432890234645,0.7892942819907245,0.012356518135461793,2.0655737704918034,0.03258071948690677,0.0,0.033117282475311205
MSFT,2019-05-02,2018-11-05,2019-05-02,122,0.701379645487776,1.2193740756428548e-05,0.18912857215824277,0.7773666167057804,0.015471131030599408,2.0655737704918034,0.03258071948690677,0.0,0.033117282475311205
MSFT,2019-05-03,2018-11-05,2019-05-03,123,0.701379645487776,1.1952288512097757e-05,0.20170018194955147,0.7649958227273777,0.01575820534436071,2.048780487804878,0.03258071948690677,0.0,0.033117282475311205
MSFT,2019-05-06,2018-11-07,2019-05-06,122,0.701379645487776,1.231628988841166e-05,0.21827820616466242,0.7465145952088653,0.016545612690282305,2.0655737704918034,0.03258071948690677,0.0,0.033117282475311205
MSFT,2019-05-07,2018-11-08,2019-05-07,122,0.6452575681747272,1.3246674159369073e-05,0.22967176740564213,0.7448135910775869,0.01561480365748157,2.0655737704918034,0.03258071948690677,0.0,0.033117282475311205
MSFT,2019-05-08,2018-11-09,2019-05-08,122,0.6452575681747272,1.2727264636213817e-05,0.22967176740564213,0.7384872648485526,0.017659154493347397,2.0655737704918034,0.03258071948690677,0.0,0.033117282475311205
MSFT,2019-05-09,2018-11-12,2019-05-09,122,0.6452575681747272,1.2855175772332187e-05,0.222673515339544,0.7405951133991274,0.01552806996106663,2.0655737704918034,0.03258071948690677,0.0,0.033117282475311205
MSFT,2019-05-10,2018-11-12,2019-05-10,123,0.6452575681747272,1.2727264636213817e-05,0.222673515339544,0.7405941606525942,0.01387395560230981,2.048780487804878,0.03258071948690677,0.0,0.033117282475311205
MSFT,2019-05-13,2018-11-14,2019-05-13,122,0.6452575681747272,1.2984372436740495e-05,0.22440871305249607,0.7467455139931958,0.013665888889903544,2.0655737704918034,0.03258071948690677,0.0,0.033117282475311205
MSFT,2019-05-14,2018-11-15,2019-05-14,122,0.6452575681747272,1.2984372436740495e-05,0.21079593031304963,0.7539832438107643,0.019458330153166517,2.0655737704918034,0.03258071948690677,0.0,0.033117282475311205
MSFT,2019-05-15,2018-11-16,2019-05-15,122,0.6452575681747272,1.285517577233221e-05,0.1977980435739979,0.7616809755303425,0.017470045665576004,2.0655737704918034,0.03258071948690677,0.0,0.033117282475311205
MSFT,2019-05-16,2018-11-19,2019-05-16,122,0.6452575681747272,1.324667415936912e-05,0.21246390200250853,0.7481309864723571,0.016540956573477632,2.0655737704918034,0.03258071948690677,0.0,0.033117282475311205
MSFT,2019-05-17,2018-11-19,2019-05-17,123,0.6452575681747272,1.324667415936912e-05,0.20748882462773036,0.750533991545892,0.017374424387047286,2.048780487804878,0.03258071948690677,0.0,0.033117282475311205
MSFT,2019-05-20,2018-11-21,2019-05-20,122,0.6452575681747272,1.378728118728729e-05,0.20748882462773036,0.7513210472910334,0.016143921302754567,2.0655737704918034,0.03258071948690677,0.0,0.033117282475311205
MSFT,2019-05-21,2018-11-23,2019-05-21,122,0.6452575681747272,1.3650095447326793e-05,0.2042201600714038,0.7507442605053117,0.016303029229763046,2.0655737704918034,0.03258071948690677,0.0,0.033117282475311205
MSFT,2019-05-22,2018-11-23,2019-05-22,123,0.6452575681747272,1.3787281187287266e-05,0.2042201600714038,0.7485712732749412,0.014595276214625176,2.048780487804878,0.03258071948690677,0.0,0.033117282475311205
MSFT,2019-05-23,2018-11-26,2019-05-23,123,0.6452575681747272,1.3787281187287266e-05,0.21246390200250853,0.7408156395487284,0.013144564629798655,2.048780487804878,0.03258071948690677,0.0,0.033117282475311205
MSFT,2019-05-24,2018-11-26,2019-05-24,124,0.6452575681747272,1.3925845666855906e-05,0.21246390200250853,0.738106994949643,0.013540840960160018,2.032258064516129,0.03258071948690677,0.0,0.033117282475311205
MSFT,2019-05-28,2018-11-29,2019-05-28,122,0.5891354908616785,1.6063831607258447e-05,0.20350328182322114,0.7389849586967014,0.012401283754418676,0.0,0.0,0.0,0.0
MSFT,2019-05-29,2018-11-30,2019-05-29,122,0.5330134135486297,1.5948966128374185e-05,0.20440931937518686,0.7365104631816468,0.011331113744835471,2.0655737704918034,0.03258071948690677,0.0,0.033117282475311205
MSFT,2019-05-30,2018-12-03,2019-05-30,122,0.5330134135486297,1.5477602943997208e-05,0.22635718244279865,0.712355885602397,0.011405616825675535,2.0655737704918034,0.03258071948690677,0.0,0.033117282475311205
MSFT,2019-05-31,2018-12-03,2019-05-31,123,0.5330134135486297,1.6434684458854295e-05,0.21772359322781895,0.7179833911782405,0.010786171494972368,2.048780487804878,0.03258071948690677,0.0,0.033117282475311205
MSFT,2019-06-03,2018-12-04,2019-06-03,123,0.5330134135486297,1.909437917273127e-05,0.26716225407515837,0.6779090499982601,0.013770129341875626,0.0,0.0,0.0,0.0
MSFT,2019-06-04,2018-12-06,2019-06-04,123,0.5330134135486297,1.9094379172731303e-05,0.22635718244279865,0.7064669493698328,0.020114127256179993,0.0,0.0,0.0,0.0
MSFT,2019-06-05,2018-12-06,2019-06-05,124,0.5330134135486297,1.9094379172731303e-05,0.22635718244279865,0.7064660362004304,0.021184739504211632,0.0,0.0,0.0,0.0
MSFT,2019-06-06,2018-12-07,2019-06-06,124,0.5330134135486297,1.9873635569493462e-05,0.2517990774468115,0.6795834530537065,0.02086383620166828,0.0,0.0,0.0,0.0
MSFT,2019-06-07,2018-12-10,2019-06-07,124,0.5330134135486297,2.1314636739546546e-05,0.2555843792129877,0.676761957918892,0.01918141369536089,0.0,0.0,0.0,0.0
MSFT,2019-06-10,2018-12-11,2019-06-10,124,0.5330134135486297,2.3321927386930097e-05,0.238845888724248,0.6775883548839021,0.020480367971094305,0.0,0.0,0.0,0.0
MSFT,2019-06-11,2018-12-12,2019-06-11,124,0.5330134135486297,2.3321927386930056e-05,0.24619122676268848,0.6665235799818691,0.017718840693002474,0.0,0.0,0.0,0.0
MSFT,2019-06-12,2018-12-13,2019-06-12,124,0.5330134135486297,2.4032185816396713e-05,0.2691239514229885,0.6400725460441958,0.015194727590206103,0.0,0.0,0.0,0.0
MSFT,2019-06-13,2018-12-14,2019-06-13,124,0.5330134135486297,2.603375610286413e-05,0.30171683119161957,0.6003201843810908,0.013027279948845552,0.0,0.0,0.0,0.0
MSFT,2019-06-14,2018-12-17,2019-06-14,124,0.5330134135486297,2.7643593673869392e-05,0.3145004104591772,0.5807603095065921,0.011318112721589104,0.0,0.0,0.0,0.0
MSFT,2019-06-17,2018-12-18,2019-06-17,124,0.5330134135486297,3.116806483362726e-05,0.3499538206938479,0.5411094870490669,0.009858896596837093,0.0,0.0,0.0,0.0
MSFT,2019-06-18,2018-12-19,2019-06-18,124,0.5330134135486297,3.2766085689566355e-05,0.3253733652769624,0.5498221748777575,0.009440556351643736,0.0,0.0,0.0,0.0
MSFT,2019-06-19,2018-12-20,2019-06-19,124,0.5330134135486297,3.148130909289539e-05,0.3188261051815826,0.5530903795400364,0.012349450607291635,0.0,0.0,0.0,0.0
MSFT,2019-06-20,2018-12-21,2019-06-20,124,0.5330134135486297,3.116806483362726e-05,0.2996150831631041,0.5610390851272523,0.010756883257042743,0.0,0.0,0.0,0.0
MSFT,2019-06-21,2018-12-24,2019-06-21,124,0.5330134135486297,2.9945947530963958e-05,0.27307451526452103,0.5776085228119684,0.010468960501456348,0.0,0.0,0.0,0.0
MSFT,2019-06-24,2018-12-26,2019-06-24,124,0.9705835468744279,2.55893430459353e-05,0.17461827330433527,0.6715760701890139,0.009953854854006431,2.032258064516129,0.06607771472832269,0.0,0.0683097373410082
MSFT,2019-06-25,2018-12-26,2019-06-25,125,0.840423533180386,3.4239816124615413e-05,0.10173555388484994,0.721199501514162,0.011693357904770057,4.032,0.016998541867867534,0.06940843188930922,0.01959685306727854
MSFT,2019-06-26,2018-12-27,2019-06-26,125,0.6194003877860121,0.00012987110765886724,0.24663779199750016,0.083529135649795,0.02088503696660139,2.016,-0.03748152683283479,0.0,-0.03678778886333722
MSFT,2019-06-27,2018-12-28,2019-06-27,125,0.6194003877860121,0.00013117633399024458,0.3259013800391914,2.5581731398741405e-06,0.011476655519143045,2.016,-0.03748152683283479,0.0,-0.03678778886333722
MSFT,2019-06-28,2018-12-31,2019-06-28,125,0.6194003877860121,0.00012987110765886703,0.33474500614310126,3.003764425227994e-09,0.011405894211028153,2.016,-0.03748152683283479,0.0,-0.03678778886333722
MSFT,2019-07-01,2019-01-02,2019-07-01,125,0.6194003877860121,0.00012987110765886703,0.33697445056845093,3.0335009777817003e-09,0.0116160204680433,2.016,-0.03748152683283479,0.0,-0.03678778886333722
MSFT,2019-07-02,2019-01-03,2019-07-02,125,0.6194003877860121,0.0001129045169836011,0.364271695182577,2.9183911118842716e-09,0.0123106413037929,2.016,-0.03208063099258762,0.0,-0.03157150641962425
MSFT,2019-07-03,2019-01-04,2019-07-03,125,0.6194003877860121,0.00011634297142958353,0.3001199207704328,3.350866838872672e-09,0.011023615237008545,4.032,0.006689634900595376,0.054829435842950434,0.008226420984982719
MSFT,2019-07-05,2019-01-07,2019-07-05,125,0.6194003877860121,0.00011178109826914441,0.3482291061899908,2.834458527933494e-09,0.010828396364489729,2.016,-0.03208063099258762,0.0,-0.03157150641962425
MSFT,2019-07-08,2019-01-09,2019-07-08,124,0.6194003877860121,0.00011178109826914441,0.34596411266159804,3.0542879376598537e-09,0.011034786431183536,2.032258064516129,-0.03208063099258762,0.0,-0.03157150641962425
MSFT,2019-07-09,2019-01-10,2019-07-09,124,0.5632783104729634,0.00011436169921548983,0.3427106858710316,3.119881451200021e-09,0.010833937052280905,2.032258064516129,-0.03208063099258762,0.0,-0.03157150641962425
MSFT,2019-07-10,2019-01-11,2019-07-10,124,0.5632783104729634,0.00010987751284975705,0.3609412618706305,2.9592863500418455e-09,0.011063967636445862,2.032258064516129,-0.03208063099258762,0.0,-0.03157150641962425
MSFT,2019-07-11,2019-01-14,2019-07-11,124,0.5632783104729634,0.00010878421332967407,0.36556457776923373,3.021699764064717e-09,0.011471517304064394,2.032258064516129,-0.03208063099258762,0.0,-0.03157150641962425
MSFT,2019-07-12,2019-01-14,2019-07-12,125,0.5632783104729634,0.00010663014158246561,0.37488505256585825,2.9990079105841586e-09,0.010381413780725704,2.016,-0.03208063099258762,0.0,-0.03157150641962425
MSFT,2019-07-15,2019-01-16,2019-07-15,124,0.5632783104729634,0.00010042048555343308,0.398581454070591,2.9283506312085206e-09,0.010058312066263333,2.032258064516129,-0.03208063099258762,0.0,-0.03157150641962425
MSFT,2019-07-16,2019-01-17,2019-07-16,124,0.5071562331599146,0.00010693166360919031,0.369183852379358,3.2562284561414607e-09,0.010412826369567812,2.032258064516129,-0.03208063099258762,0.0,-0.03157150641962425
MSFT,2019-07-17,2019-01-18,2019-07-17,124,0.5071562331599146,0.00010273881310669876,0.37854145954593543,2.998574877209836e-09,0.013791928167763196,2.032258064516129,-0.03208063099258762,0.0,-0.03157150641962425
MSFT,2019-07-18,2019-01-22,2019-07-18,124,0.5071562331599146,0.00010171654483587397,0.35762412181176556,3.1461806987406595e-09,0.01114710198851325,2.032258064516129,-0.03208063099258762,0.0,-0.03157150641962425
MSFT,2019-07-19,2019-01-22,2019-07-19,125,0.5071562331599146,0.00010070444830429685,0.36222906974034436,3.021898086642043e-09,0.010050162023166323,2.016,-0.03208063099258762,0.0,-0.03157150641962425
MSFT,2019-07-22,2019-01-23,2019-07-22,125,0.5071562331599146,9.97024223014708e-05,0.3808953338511858,2.9546370732197447e-09,0.009990835812388589,2.016,-0.03208063099258762,0.0,-0.03157150641962425
MSFT,2019-07-23,2019-01-24,2019-07-23,125,0.5071562331599146,9.97024223014708e-05,0.37619327842408895,3.0668519911460277e-09,0.012102309105063864,2.016,-0.03208063099258762,0.0,-0.03157150641962425
MSFT,2019-07-24,2019-01-25,2019-07-24,125,0.5071562331599146,9.97024223014708e-05,0.3785414595459356,3.032273870681847e-09,0.010311086481342454,2.016,-0.03208063099258762,0.0,-0.03157150641962425
MSFT,2019-07-25,2019-01-28,2019-07-25,125,0.5071562331599146,9.579303440515812e-05,0.3785414595459356,3.0437331615114697e-09,0.01101146610505144,2.016,-0.03208063099258762,0.0,-0.03157150641962425
MSFT,2019-07-26,2019-01-28,2019-07-26,126,0.5071562331599146,9.579303440515812e-05,0.376193278424089,3.0552339258992946e-09,0.010410802964553854,2.0,-0.03208063099258762,0.0,-0.03157150641962425
MSFT,2019-07-29,2019-01-30,2019-07-29,125,0.5071562331599146,9.77281820653714e-05,0.2961800527515845,3.4341393651332235e-09,0.010438240063430772,2.016,-0.03208063099258762,0.0,-0.03157150641962425
MSFT,2019-07-30,2019-01-31,2019-07-30,125,0.5071562331599146,9.67557704064294e-05,0.2982679809628692,3.0346471354785288e-09,0.010101400691801722,2.016,-0.03208063099258762,0.0,-0.03157150641962425
MSFT,2019-07-31,2019-02-01,2019-07-31,125,0.5071562331599146,0.00010586767577880067,0.27378338078116343,3.149876829564422e-09,0.010894902886669241,2.016,-0.03208063099258762,0.0,-0.03157150641962425
MSFT,2019-08-01,2019-02-04,2019-08-01,125,0.5071562331599146,0.000109091826505386,0.19382043410457792,3.378798220032472e-09,0.01736597043978176,2.016,-0.03208063099258762,0.0,-0.03157150641962425
MSFT,2019-08-02,2019-02-04,2019-08-02,126,0.5071562331599146,0.000109091826505386,0.19226304776531963,3.0495017599842586e-09,0.011511515233524172,2.0,-0.03208063099258762,0.0,-0.03157150641962425
MSFT,2019-08-05,2019-02-06,2019-08-05,125,0.451034155846866,0.00011851194051385861,0.23150130723277848,2.953546004320441e-09,0.011946863163569027,4.032,-0.03346991017012302,0.0019647374547930962,-0.032914123245654014
MSFT,2019-08-06,2019-02-07,2019-08-06,125,0.451034155846866,0.00011500938334384046,0.2315013072327785,3.0436403789659883e-09,0.02063856355523605,4.032,-0.03346991017012302,0.0019647374547930962,-0.032914123245654014
MSFT,2019-08-07,2019-02-08,2019-08-07,125,0.451034155846866,0.00011733272700303683,0.20918970633855843,3.132005627216111e-09,0.013279181837768765,4.032,-0.03346991017012302,0.0019647374547930962,-0.032914123245654014
MSFT,2019-08-08,2019-02-11,2019-08-08,125,0.451034155846866,0.00012584030963962457,0.17368077602973922,3.180294403058793e-09,0.011269303180798532,2.016,-0.034859189347658415,0.0,-0.034258606640578226
MSFT,2019-08-09,2019-02-11,2019-08-09,126,0.451034155846866,0.0001271050257774262,0.15713011439376187,3.104574694084687e-09,0.01489213489205611,2.0,-0.034859189347658415,0.0,-0.034258606640578226
MSFT,2019-08-12,2019-02-13,2019-08-12,125,0.451034155846866,0.0001283824525237268,0.1638648923844951,3.0192864464499393e-09,0.012076484976629095,2.016,-0.034859189347658415,0.0,-0.034258606640578226
MSFT,2019-08-13,2019-02-14,2019-08-13,125,0.451034155846866,0.0001296727176222655,0.1708297566214387,3.0182558828570915e-09,0.013133222226501725,2.016,-0.034859189347658415,0.0,-0.034258606640578226
MSFT,2019-08-14,2019-02-15,2019-08-14,125,0.451034155846866,0.00012584030963962457,0.2611681971495263,2.712008536173232e-09,0.014734257944406914,0.0,0.0,0.0,0.0
MSFT,2019-08-15,2019-02-19,2019-08-15,125,0.451034155846866,0.0001296727176222655,0.21928584869538423,3.2161928756770865e-09,0.018957860280837662,0.0,0.0,0.0,0.0
MSFT,2019-08-16,2019-02-19,2019-08-16,126,0.451034155846866,0.00013229228028314633,0.20918970633855855,5.185681752288198e-09,0.01164870957075187,0.0,0.0,0.0,0.0
MSFT,2019-08-19,2019-02-20,2019-08-19,126,0.451034155846866,0.0001336218398039375,0.20427138618522997,5.151308420659116e-09,0.013724877697054667,0.0,0.0,0.0,0.0
MSFT,2019-08-20,2019-02-21,2019-08-20,126,0.451034155846866,0.00013097595010062738,0.2075406565444389,3.0311221292310946e-09,0.013287558012067253,0.0,0.0,0.0,0.0
MSFT,2019-08-21,2019-02-22,2019-08-21,126,0.451034155846866,0.00013097595010062738,0.20918970633855846,3.037294946867303e-09,0.012347319353048506,0.0,0.0,0.0,0.0
MSFT,2019-08-22,2019-02-25,2019-08-22,126,0.451034155846866,0.00013097595010062738,0.21419453024038018,3.0243669866889486e-09,0.012226317840934954,0.0,0.0,0.0,0.0
MSFT,2019-08-23,2019-02-25,2019-08-23,127,0.3949120785338173,0.00014371576087402748,0.20193838970981773,3.1527784432573173e-09,0.012633563310617423,0.0,0.0,0.0,0.0
MSFT,2019-08-26,2019-02-27,2019-08-26,126,0.3949120785338173,0.00014516012828343978,0.16739945219399807,0.0017999215134357044,0.018394796017916656,0.0,0.0,0.0,0.0
MSFT,2019-08-27,2019-02-28,2019-08-27,126,0.3949120785338173,0.00014661901182664759,0.15392377355948408,5.578315724231142e-08,0.013257291524049052,0.0,0.0,0.0,0.0
MSFT,2019-08-28,2019-03-01,2019-08-28,126,0.3949120785338173,0.00014661901182664759,0.15523035772781285,3.0389042216550194e-09,0.012110728361225703,0.0,0.0,0.0,0.0
MSFT,2019-08-29,2019-03-01,2019-08-29,127,0.3949120785338173,0.00014958091233894456,0.1437929323474098,3.08481271347196e-09,0.012279476789470976,0.0,0.0,0.0,0.0
MSFT,2019-08-30,2019-03-01,2019-08-30,128,0.3949120785338173,0.00014958091233894456,0.13306532160095133,3.0817342059618285e-09,0.013736077873687446,0.0,0.0,0.0,0.0
MSFT,2019-09-03,2019-03-04,2019-09-03,128,0.3949120785338173,0.00015260264721061586,0.12302291111404098,3.0788523458004213e-09,0.01241241119910505,0.0,0.0,0.0,0.0
MSFT,2019-09-04,2019-03-05,2019-09-04,128,0.3949120785338173,0.00015413632931256886,0.11464995671038909,3.0726506558791766e-09,0.013395596506499366,0.0,0.0,0.0,0.0
MSFT,2019-09-05,2019-03-06,2019-09-05,128,0.3949120785338173,0.00015725008971148802,0.10869974438712396,3.0640438330620783e-09,0.01297054438938679,0.0,0.0,0.0,0.0
MSFT,2019-09-06,2019-03-07,2019-09-06,128,0.3949120785338173,0.0001556854251759005,0.10869974438712396,3.0435863531663687e-09,0.013529203141951199,0.0,0.0,0.0,0.0
MSFT,2019-09-09,2019-03-11,2019-09-09,127,0.3949120785338173,0.00015413632931256886,0.11982313282567879,3.005602485190091e-09,0.012749045323762252,0.0,0.0,0.0,0.0
MSFT,2019-09-10,2019-03-11,2019-09-10,128,0.3949120785338173,0.00015413632931256886,0.11982313282567879,3.043590625846927e-09,0.0132044429913972,0.0,0.0,0.0,0.0
MSFT,2019-09-11,2019-03-12,2019-09-11,128,0.3949120785338173,0.00015260264721061586,0.12964300110726146,3.00963416309497e-09,0.01309819785345419,0.0,0.0,0.0,0.0
MSFT,2019-09-12,2019-03-13,2019-09-12,128,0.3949120785338173,0.00015260264721061586,0.1307753727112188,3.039634637712935e-09,0.012361826521913226,0.0,0.0,0.0,0.0
MSFT,2019-09-13,2019-03-14,2019-09-13,128,0.3949120785338173,0.00015260264721061586,0.12964300110726146,3.04755994976764e-09,0.012741184032284634,0.0,0.0,0.0,0.0
MSFT,2019-09-16,2019-03-18,2019-09-16,127,0.33879000122076863,0.0001576947516527439,0.12254711271748102,3.1296310427531277e-09,0.012595839863275032,0.0,0.0,0.0,0.0
MSFT,2019-09-17,2019-03-18,2019-09-17,128,0.33879000122076863,0.00015151145199770457,0.12914537385988148,3.0207044933168185e-09,0.012689314960107655,0.0,0.0,0.0,0.0
MSFT,2019-09-18,2019-03-19,2019-09-18,128,0.33879000122076863,0.00015151145199770457,0.13487285434772855,3.023577003820188e-09,0.012531423456426686,0.0,0.0,0.0,0.0
MSFT,2019-09-19,2019-03-20,2019-09-19,128,0.33879000122076863,0.00015457218635745763,0.125809223402511,5.173047939007686e-09,0.012667687093317247,0.0,0.0,0.0,0.0
MSFT,2019-09-20,2019-03-21,2019-09-20,128,0.33879000122076863,0.0001500038878614225,0.13960791171652862,2.9955512384571843e-09,0.013779086838858973,0.0,0.0,0.0,0.0
MSFT,2019-09-23,2019-03-25,2019-09-23,127,0.33879000122076863,0.0001500038878614225,0.11219492877633933,0.0024017199194960263,0.013011734431876542,0.0,0.0,0.0,0.0
MSFT,2019-09-24,2019-03-25,2019-09-24,128,0.33879000122076863,0.0001500038878614225,0.10924166029978102,0.007566143675520433,0.012354149015625652,0.0,0.0,0.0,0.0
MSFT,2019-09-25,2019-03-26,2019-09-25,128,0.33879000122076863,0.00015151145199770457,0.10261486050784843,0.011436370522144476,0.013175986483235168,0.0,0.0,0.0,0.0
MSFT,2019-09-26,2019-03-27,2019-09-26,128,0.33879000122076863,0.0001500038878614225,0.09898996764027952,0.017023257848593494,0.013022114392928783,0.0,0.0,0.0,0.0
MSFT,2019-09-27,2019-03-28,2019-09-27,128,0.33879000122076863,0.00015151145199770457,0.09547948551511799,0.02140434707490957,0.012457041030354289,0.0,0.0,0.0,0.0
MSFT,2019-09-30,2019-04-01,2019-09-30,127,0.33879000122076863,0.00015151145199770457,0.0863938904431512,0.03443639841498562,0.013223028363247373,0.0,0.0,0.0,0.0
MSFT,2019-10-01,2019-04-02,2019-10-01,127,0.24792686952043674,0.00014879972991590405,0.07785507886768114,0.047794840079228164,0.012747985499449757,0.0,0.0,0.0,0.0
MSFT,2019-10-02,2019-04-03,2019-10-02,127,0.24792686952043674,0.0001548723620933905,0.08227288612612141,0.04284238171704847,0.01345537051576215,0.0,0.0,0.0,0.0
MSFT,2019-10-03,2019-04-04,2019-10-03,127,0.24792686952043674,0.0001548723620933905,0.07572853671080643,0.05118609386406646,0.0138164097618644,0.0,0.0,0.0,0.0
MSFT,2019-10-04,2019-04-05,2019-10-04,127,0.24792686952043674,0.0001548723620933905,0.07163468143859766,0.060887240649469584,0.013238663048566185,0.0,0.0,0.0,0.0
MSFT,2019-10-07,2019-04-08,2019-10-07,127,0.24792686952043674,0.0001548723620933905,0.06587573351160435,0.06850313836308028,0.013307928553043444,0.0,0.0,0.0,0.0
MSFT,2019-10-08,2019-04-09,2019-10-08,127,0.24792686952043674,0.0001548723620933905,0.06227858820502488,0.07541746632626677,0.013134792097196993,0.0,0.0,0.0,0.0
MSFT,2019-10-09,2019-04-10,2019-10-09,127,0.24792686952043674,0.00015642885520914882,0.058865473914559104,0.08070950860649373,0.013360057296360247,0.0,0.0,0.0,0.0
MSFT,2019-10-10,2019-04-11,2019-10-10,127,0.24792686952043674,0.00015642885520914882,0.05060271595976688,0.08917652334056622,0.013725427347818,0.0,0.0,0.0,0.0
MSFT,2019-10-11,2019-04-12,2019-10-11,127,0.24792686952043674,0.00015642885520914882,0.0487153108560645,0.0901666143548636,0.013217521508742398,0.0,0.0,0.0,0.0
MSFT,2019-10-14,2019-04-15,2019-10-14,127,0.24792686952043674,0.00015642885520914882,0.04918080499159369,0.0901223981519781,0.013140457093531054,0.0,0.0,0.0,0.0
MSFT,2019-10-15,2019-04-16,2019-10-15,127,0.24792686952043674,0.00015800099134078587,0.04428494103927748,0.09223970125276706,0.01320156105686031,0.0,0.0,0.0,0.0
MSFT,2019-10-16,2019-04-17,2019-10-16,127,0.24792686952043674,0.00015800099134078587,0.040628400944526744,0.09686052930232676,0.013499944952740902,0.0,0.0,0.0,0.0
MSFT,2019-10-17,2019-04-18,2019-10-17,127,0.24792686952043674,0.00015642885520914882,0.04181393099964664,0.10027562720423927,0.013347831029253463,0.0,0.0,0.0,0.0
MSFT,2019-10-18,2019-04-22,2019-10-18,127,0.24792686952043674,0.00015800099134078587,0.038353222156804104,0.10617369762311037,0.013365302161893128,0.0,0.0,0.0,0.0
MSFT,2019-10-21,2019-04-22,2019-10-21,128,0.24792686952043674,0.00015642885520914882,0.03550929866377919,0.11230566366731985,0.013682715862872286,0.0,0.0,0.0,0.0
MSFT,2019-10-22,2019-04-23,2019-10-22,128,0.15706373782010483,0.00015210048710564625,0.032446342838310084,0.13452954434096806,0.013361599735513202,0.0,0.0,0.0,0.0
MSFT,2019-10-23,2019-04-24,2019-10-23,128,0.15706373782010483,0.00015210048710564625,0.03714090383526568,0.13387666925061,0.013604943589198332,0.0,0.0,0.0,0.0
MSFT,2019-10-24,2019-04-25,2019-10-24,128,0.15706373782010483,0.00014468245881578206,0.05339291506226922,0.13975122065262258,0.013109326396527237,0.0,0.0,0.0,0.0
MSFT,2019-10-25,2019-04-26,2019-10-25,128,0.15706373782010483,9.894275017407016e-05,0.08586173192360437,0.3683311985977618,0.01384799740169043,0.0,0.0,0.0,0.0
MSFT,2019-10-28,2019-04-29,2019-10-28,128,0.15706373782010483,6.83431543129059e-05,0.0874444278518173,0.5434190633624749,0.013226433583911675,0.0,0.0,0.0,0.0
MSFT,2019-10-29,2019-04-30,2019-10-29,128,0.15706373782010483,4.9627315694895624e-05,0.0835363280336332,0.6433327039848955,0.014378289766117323,0.0,0.0,0.0,0.0
MSFT,2019-10-30,2019-05-01,2019-10-30,128,0.15706373782010483,4.445784344262475e-05,0.08353632803363327,0.6693947390398776,0.013785707585427116,0.0,0.0,0.0,0.0
MSFT,2019-10-31,2019-05-01,2019-10-31,129,0.15706373782010483,4.357751916054023e-05,0.08277399832890249,0.673546366823626,0.013506679606440131,0.0,0.0,0.0,0.0
MSFT,2019-11-01,2019-05-02,2019-11-01,129,0.15706373782010483,4.314391560009405e-05,0.07978760248116694,0.675738631895821,0.013113269667002993,0.0,0.0,0.0,0.0
MSFT,2019-11-04,2019-05-06,2019-11-04,128,0.15706373782010483,4.271462646716126e-05,0.07905652836823297,0.6762747464750059,0.012582944871154467,0.0,0.0,0.0,0.0
MSFT,2019-11-05,2019-05-06,2019-11-05,129,0.15706373782010483,4.18688201939051e-05,0.08201800216367479,0.6758860087721895,0.012239461181191773,0.0,0.0,0.0,0.0
MSFT,2019-11-06,2019-05-07,2019-11-06,129,0.15706373782010483,4.063140955212081e-05,0.08905345255750424,0.6724698973690902,0.011787510804270901,0.0,0.0,0.0,0.0
MSFT,2019-11-07,2019-05-08,2019-11-07,129,0.15706373782010483,4.022712027207158e-05,0.09489718209984387,0.6681552592747675,0.011514595959226269,0.0,0.0,0.0,0.0
MSFT,2019-11-08,2019-05-09,2019-11-08,129,0.15706373782010483,3.982685373757226e-05,0.0983885861274663,0.6655771343673874,0.011261851259768547,0.0,0.0,0.0,0.0
MSFT,2019-11-11,2019-05-13,2019-11-11,128,0.15706373782010483,3.788447516046495e-05,0.10666494873012149,0.6594667156255347,0.011384024220170945,0.0,0.0,0.0,0.0
MSFT,2019-11-12,2019-05-13,2019-11-12,129,0.15706373782010483,3.750751833429282e-05,0.1095571349611538,0.6573309435893208,0.011035377867240116,0.0,0.0,0.0,0.0
MSFT,2019-11-13,2019-05-14,2019-11-13,129,0.15706373782010483,3.6764819710302635e-05,0.11760761989850956,0.6547815746905575,0.01091738234334986,0.0,0.0,0.0,0.0
MSFT,2019-11-14,2019-05-15,2019-11-14,129,0.15706373782010483,3.6399003642003266e-05,0.12289570440624682,0.6491738680722718,0.01059692473246194,0.0,0.0,0.0,0.0
MSFT,2019-11-15,2019-05-16,2019-11-15,129,0.15706373782010483,3.6399003642003266e-05,0.11969878260846355,0.6515392753857989,0.01059829739051569,0.0,0.0,0.0,0.0
MSFT,2019-11-18,2019-05-20,2019-11-18,128,0.15706373782010483,3.497177829490372e-05,0.1250675515615418,0.6558774633314776,0.011213053253755897,1.96875,-0.03208063099258762,0.0,-0.03157150641962425
MSFT,2019-11-19,2019-05-20,2019-11-19,129,0.15706373782010483,3.1643773576486764e-05,0.1250675515615418,0.6749865904104208,0.010703519329499067,1.9534883720930234,-0.03208063099258762,0.0,-0.03157150641962425
MSFT,2019-11-20,2019-05-21,2019-11-20,129,0.15706373782010483,3.07085587319219e-05,0.13292930671728656,0.673469299819748,0.010310784799787564,1.9534883720930234,-0.03208063099258762,0.0,-0.03157150641962425
MSFT,2019-11-21,2019-05-22,2019-11-21,129,0.15706373782010483,2.750977515781397e-05,0.1306413453993782,0.6941394840009865,0.009994871397229798,1.9534883720930234,-0.03208063099258762,0.0,-0.03157150641962425
MSFT,2019-11-22,2019-05-23,2019-11-22,129,0.15706373782010483,2.3442284036588232e-05,0.12838692643247876,0.7198382760703865,0.009602820554854917,1.9534883720930234,-0.03208063099258762,0.0,-0.03157150641962425
MSFT,2019-11-25,2019-05-28,2019-11-25,128,0.15706373782010483,2.017696085591336e-05,0.11969878260846355,0.7473578872336958,0.009339344183042027,3.9375,-0.03079088077606107,0.001823982248285487,-0.03032005672682092
MSFT,2019-11-26,2019-05-28,2019-11-26,129,0.15706373782010483,1.8440353750216104e-05,0.11969878260846356,0.757199216571056,0.009732432185844258,3.906976744186047,-0.03079088077606107,0.001823982248285487,-0.03032005672682092
MSFT,2019-11-27,2019-05-28,2019-11-27,130,0.15706373782010483,1.6519498356386976e-05,0.11969878260846356,0.7683912308680211,0.009432288186586982,3.8769230769230765,-0.03079088077606107,0.001823982248285487,-0.03032005672682092
MSFT,2019-11-29,2019-05-30,2019-11-29,129,0.15706373782010483,1.4361361940782072e-05,0.11657395771845032,0.7814663342290349,0.008955852595504049,3.906976744186047,-0.03079088077606107,0.001823982248285487,-0.03032005672682092
MSFT,2019-12-02,2019-06-03,2019-12-02,128,0.15706373782010483,1.407698792123272e-05,0.10762146353230269,0.7884701310000847,0.009087267617754222,3.9375,-0.03079088077606107,0.001823982248285487,-0.03032005672682092
MSFT,2019-12-03,2019-06-04,2019-12-03,128,0.15706373782010483,1.2994697657977175e-05,0.10017685845275953,0.8022288126815897,0.009748769459971818,3.9375,-0.03079088077606107,0.001823982248285487,-0.03032005672682092
MSFT,2019-12-04,2019-06-05,2019-12-04,128,0.15706373782010483,1.2610646301997217e-05,0.0957594942700898,0.8079012623861287,0.009445144622008595,3.9375,-0.03079088077606107,0.001823982248285487,-0.03032005672682092
MSFT,2019-12-05,2019-06-06,2019-12-05,128,0.15706373782010483,1.164109373987383e-05,0.09235181898544276,0.8168284957395535,0.009151582711686842,3.9375,-0.03079088077606107,0.001823982248285487,-0.03032005672682092
MSFT,2019-12-06,2019-06-07,2019-12-06,128,0.15706373782010483,1.1410584639663908e-05,0.08744442785181748,0.8236797643207012,0.009007960400396592,3.9375,-0.03079088077606107,0.001823982248285487,-0.03032005672682092
MSFT,2019-12-09,2019-06-10,2019-12-09,128,0.15706373782010483,1.152526292182057e-05,0.09489718209984406,0.8177443982238666,0.009466654914125995,3.9375,-0.03079088077606107,0.001823982248285487,-0.03032005672682092
MSFT,2019-12-10,2019-06-11,2019-12-10,128,0.15706373782010483,1.1410584639663908e-05,0.09575949427008988,0.8161727080981122,0.009199272876624197,3.9375,-0.03079088077606107,0.001823982248285487,-0.03032005672682092
MSFT,2019-12-11,2019-06-12,2019-12-11,128,0.15706373782010483,1.0324723943634274e-05,0.09575949427008988,0.8230712869534987,0.00883628632753015,3.9375,-0.03079088077606107,0.001823982248285487,-0.03032005672682092
MSFT,2019-12-12,2019-06-13,2019-12-12,128,0.15706373782010483,1.012028071180881e-05,0.09575949427008988,0.8245359626926932,0.008663000315601646,3.9375,-0.03079088077606107,0.001823982248285487,-0.03032005672682092
MSFT,2019-12-13,2019-06-14,2019-12-13,128,0.15706373782010483,9.723458829162869e-06,0.09662880464188589,0.8258938915746525,0.008896787574875095,3.9375,-0.03079088077606107,0.001823982248285487,-0.03032005672682092
MSFT,2019-12-16,2019-06-17,2019-12-16,128,0.15706373782010483,8.453169009693981e-06,0.09838858612746651,0.8329931506225559,0.008781982853390735,3.9375,-0.03079088077606107,0.001823982248285487,-0.03032005672682092
MSFT,2019-12-17,2019-06-18,2019-12-17,128,0.15706373782010483,8.121715511883672e-06,0.10291341139888069,0.8300626773033072,0.008598759651635063,3.9375,-0.03079088077606107,0.001823982248285487,-0.03032005672682092
MSFT,2019-12-18,2019-06-19,2019-12-18,128,0.15706373782010483,7.648743620953094e-06,0.09750515475809554,0.8375194836226931,0.008503148906636221,3.9375,-0.03079088077606107,0.001823982248285487,-0.03032005672682092
MSFT,2019-12-19,2019-06-20,2019-12-19,128,0.15706373782010483,7.422689084211565e-06,0.10291341139888069,0.8336881753269761,0.008189237453969577,3.9375,-0.03079088077606107,0.001823982248285487,-0.03032005672682092
MSFT,2019-12-20,2019-06-21,2019-12-20,128,0.15706373782010483,7.572637350314609e-06,0.1057159269741224,0.8292979184057223,0.008348683291828569,3.9375,-0.03079088077606107,0.001823982248285487,-0.03032005672682092
MSFT,2019-12-23,2019-06-24,2019-12-23,128,0.15706373782010483,7.572637350314595e-06,0.11554818946206183,0.8183681080744901,0.008666204875458723,3.9375,-0.03079088077606107,0.001823982248285487,-0.03032005672682092
MSFT,2019-12-24,2019-06-25,2019-12-24,128,0.15706373782010483,7.5726373503145816e-06,0.125067551561542,0.8077211305407153,0.008209293576083606,1.96875,-0.029501130559534516,0.0,-0.029070220053346252
MSFT,2019-12-26,2019-06-27,2019-12-26,127,0.594633871145903,6.8710942412221275e-06,0.13243125037695433,0.8153155944932862,0.007672691102664859,1.984251968503937,-0.029501130559534516,0.0,-0.029070220053346252
MSFT,2019-12-27,2019-06-28,2019-12-27,127,0.46447385745186104,6.879435335648533e-06,0.15127971253579595,0.8026574130981315,0.007727142561307214,1.984251968503937,-0.029501130559534516,0.0,-0.029070220053346252
MSFT,2019-12-30,2019-07-01,2019-12-30,127,0.46447385745186104,6.743213389102296e-06,0.15127971253579595,0.7985748302151672,0.007270696281080425,1.984251968503937,-0.029501130559534516,0.0,-0.029070220053346252
MSFT,2019-12-31,2019-07-01,2019-12-31,128,0.46447385745186104,6.5439213152188255e-06,0.14873014645440752,0.8009728178157908,0.008049593309884293,1.96875,-0.029501130559534516,0.0,-0.029070220053346252
MSFT,2020-01-02,2019-07-03,2020-01-02,127,0.46447385745186104,7.679362802324304e-06,0.14873014645440752,0.7970496017377546,0.007942422391237875,1.984251968503937,-0.029501130559534516,0.0,-0.029070220053346252
MSFT,2020-01-03,2019-07-05,2020-01-03,127,0.4083517801388124,8.426321529378658e-06,0.1444256976531495,0.8000368677741142,0.010113225908758947,1.984251968503937,-0.029501130559534516,0.0,-0.029070220053346252
MSFT,2020-01-06,2019-07-08,2020-01-06,127,0.4083517801388124,7.778475143679075e-06,0.1395537708969782,0.8035379163683741,0.010704543889886444,1.984251968503937,-0.029501130559534516,0.0,-0.029070220053346252
MSFT,2020-01-07,2019-07-08,2020-01-07,128,0.4083517801388124,7.701078022821507e-06,0.13955377089697818,0.8045906929088416,0.010000862749629691,1.96875,-0.029501130559534516,0.0,-0.029070220053346252
MSFT,2020-01-08,2019-07-09,2020-01-08,128,0.4083517801388124,7.778475143679075e-06,0.14075869247894782,0.803982354483971,0.01025112699995607,1.96875,-0.029501130559534516,0.0,-0.029070220053346252
MSFT,2020-01-09,2019-07-10,2020-01-09,128,0.4083517801388124,7.399114434414963e-06,0.13716984879130734,0.809879647225145,0.010918436807056068,1.96875,-0.029501130559534516,0.0,-0.029070220053346252
MSFT,2020-01-10,2019-07-11,2020-01-10,128,0.4083517801388124,6.8988885714254175e-06,0.13250473307475036,0.8171779784056624,0.010865378313097706,1.96875,-0.029501130559534516,0.0,-0.029070220053346252
MSFT,2020-01-13,2019-07-15,2020-01-13,127,0.4083517801388124,5.820349561330523e-06,0.12249864509019603,0.8333355503970344,0.010268445332817157,1.984251968503937,-0.029501130559534516,0.0,-0.029070220053346252
MSFT,2020-01-14,2019-07-15,2020-01-14,128,0.4083517801388124,5.762436115557329e-06,0.1214279176495434,0.8343514370398792,0.01031274462291473,1.96875,-0.029501130559534516,0.0,-0.029070220053346252
MSFT,2020-01-15,2019-07-16,2020-01-15,128,0.4083517801388124,4.765299179525252e-06,0.11314949664644536,0.848158592701825,0.010025416681563454,1.96875,-0.029501130559534516,0.0,-0.029070220053346252
MSFT,2020-01-16,2019-07-17,2020-01-16,128,0.4083517801388124,5.426857960676885e-06,0.12142791764954353,0.8383650693206316,0.009767027431116971,1.96875,-0.029501130559534516,0.0,-0.029070220053346252
MSFT,2020-01-17,2019-07-18,2020-01-17,128,0.4083517801388124,4.959774728300026e-06,0.11314949664644544,0.8474098309265099,0.010729600560834699,1.96875,-0.029501130559534516,0.0,-0.029070220053346252
MSFT,2020-01-21,2019-07-22,2020-01-21,127,0.4083517801388124,3.824242169484202e-06,0.10442886705821146,0.8610757791294679,0.009969439443685483,1.984251968503937,-0.029501130559534516,0.0,-0.029070220053346252
MSFT,2020-01-22,2019-07-23,2020-01-22,127,0.4083517801388124,3.6742914892013864e-06,0.10257335353117746,0.8628588610326903,0.009547880594525476,1.984251968503937,-0.029501130559534516,0.0,-0.029070220053346252
MSFT,2020-01-23,2019-07-24,2020-01-23,127,0.4083517801388124,3.4258866770643948e-06,0.10165658840993474,0.8637393519927016,0.009208611711065295,1.984251968503937,-0.029501130559534516,0.0,-0.029070220053346252
MSFT,2020-01-24,2019-07-25,2020-01-24,127,0.4083517801388124,3.3917985350710946e-06,0.10165658840993474,0.8637383905125583,0.008859598735210212,1.984251968503937,-0.029501130559534516,0.0,-0.029070220053346252
MSFT,2020-01-27,2019-07-29,2020-01-27,126,0.4083517801388124,3.7485171009321504e-06,0.11314949664644551,0.8510064918044947,0.00929949470333173,0.0,0.0,0.0,0.0
MSFT,2020-01-28,2019-07-29,2020-01-28,127,0.4083517801388124,3.94070768248122e-06,0.12142791764954367,0.843736956393711,0.010934718045592469,0.0,0.0,0.0,0.0
MSFT,2020-01-29,2019-07-30,2020-01-29,127,0.4083517801388124,4.101531013869159e-06,0.1313596526774477,0.8328503868309085,0.01213615254785709,0.0,0.0,0.0,0.0
MSFT,2020-01-30,2019-07-31,2020-01-30,127,0.4083517801388124,4.5784491260890805e-06,0.16123992485926014,0.8058195522848332,0.012883551489850579,0.0,0.0,0.0,0.0
MSFT,2020-01-31,2019-08-01,2020-01-31,127,0.4083517801388124,4.670939933680416e-06,0.15722454644768646,0.8103064134184108,0.015706738852399045,1.984251968503937,-0.034859189347658415,0.0,-0.034258606640578226
MSFT,2020-02-03,2019-08-05,2020-02-03,126,0.4083517801388124,4.861564608580052e-06,0.1625966633231002,0.8008568820952832,0.015768512115003755,2.0,-0.034859189347658415,0.0,-0.034258606640578226
MSFT,2020-02-04,2019-08-05,2020-02-04,127,0.4083517801388124,4.9597747283000175e-06,0.18107812144021043,0.787671994209567,0.017450987651496386,1.984251968503937,-0.034859189347658415,0.0,-0.034258606640578226
MSFT,2020-02-05,2019-08-06,2020-02-05,127,0.4083517801388124,4.959774728300026e-06,0.18860937904253572,0.7848554471394501,0.020730108539983316,0.0,0.0,0.0,0.0
MSFT,2020-02-06,2019-08-07,2020-02-06,127,0.4083517801388124,4.959774728300026e-06,0.182565409770873,0.7891050150016203,0.018399683468559754,0.0,0.0,0.0,0.0
MSFT,2020-02-07,2019-08-08,2020-02-07,127,0.4083517801388124,5.266470069141042e-06,0.18406216495566624,0.7819882679436528,0.018228061854984583,0.0,0.0,0.0,0.0
MSFT,2020-02-10,2019-08-12,2020-02-10,126,0.4083517801388124,5.266470069141042e-06,0.19480569597686467,0.775624927556949,0.01644825936703625,0.0,0.0,0.0,0.0
MSFT,2020-02-11,2019-08-12,2020-02-11,127,0.4083517801388124,5.1621869747817876e-06,0.19796120836633616,0.7755510576517073,0.01826428599250876,0.0,0.0,0.0,0.0
MSFT,2020-02-12,2019-08-13,2020-02-12,127,0.4083517801388124,5.21406781639806e-06,0.1870841356174894,0.7809812535927537,0.0192322309991884,0.0,0.0,0.0,0.0
MSFT,2020-02-13,2019-08-14,2020-02-13,127,0.4083517801388124,5.1108223561648305e-06,0.16533771028588198,0.7968067312728608,0.0168335702845706,0.0,0.0,0.0,0.0
MSFT,2020-02-14,2019-08-15,2020-02-14,127,0.4083517801388124,5.820349561330523e-06,0.17813188111154432,0.782771645788965,0.015454578125467565,1.984251968503937,-0.032380940438985206,0.0,-0.031862290979546515
MSFT,2020-02-18,2019-08-19,2020-02-18,126,0.4083517801388124,6.56242580549156e-06,0.18107812144021035,0.770028626517845,0.013865014380434243,2.0,-0.032380940438985206,0.0,-0.031862290979546515
MSFT,2020-02-19,2019-08-20,2020-02-19,126,0.4083517801388124,7.856650118533124e-06,0.1840621649556662,0.7521146726487304,0.012498625554373232,2.0,-0.032380940438985206,0.0,-0.031862290979546515
MSFT,2020-02-20,2019-08-21,2020-02-20,126,0.4083517801388124,6.8988885714254175e-06,0.16951856483648226,0.7734232608264531,0.011573439439244198,2.0,-0.032380940438985206,0.0,-0.031862290979546515
MSFT,2020-02-21,2019-08-22,2020-02-21,126,0.4083517801388124,4.142752085859418e-06,0.15855389239065398,0.8169416896584188,0.013577282112997937,2.0,-0.032380940438985206,0.0,-0.031862290979546515
MSFT,2020-02-24,2019-08-26,2020-02-24,125,0.8459219134646105,3.6845274892451725e-06,0.2020676899732828,0.7978306429898072,0.02051754129665669,0.0,0.0,0.0,0.0
MSFT,2020-02-25,2019-08-26,2020-02-25,126,0.69893670445123,4.947617428901977e-06,0.24392322374570158,0.7560757276249515,0.029654241626858965,0.0,0.0,0.0,0.0
MSFT,2020-02-26,2019-08-27,2020-02-26,126,0.6428146271381813,4.5345682722140264e-06,0.22345013721841966,0.7732991621536967,0.02681062395746946,0.0,0.0,0.0,0.0
MSFT,2020-02-27,2019-08-28,2020-02-27,126,0.6428146271381813,5.268416694647484e-06,0.2697769809463041,0.7302219256376044,0.024596780890043652,2.0,-0.0730642356695359,0.0,-0.07045888158809688
MSFT,2020-02-28,2019-08-29,2020-02-28,126,0.6428146271381813,5.112711450193049e-06,0.26781227013950004,0.7321866686642516,0.044482599255757316,2.0,-0.0730642356695359,0.0,-0.07045888158809688
MSFT,2020-03-02,2019-09-03,2020-03-02,125,0.6428146271381813,5.707207672434481e-06,0.28581747234561705,0.7141814681236225,0.04021991337333891,2.016,-0.0730642356695359,0.0,-0.07045888158809688
MSFT,2020-03-03,2019-09-04,2020-03-03,125,0.6428146271381813,5.8810180222744154e-06,0.28991574930194636,0.7100831900125024,0.04765049118502671,2.016,-0.0730642356695359,0.0,-0.07045888158809688
MSFT,2020-03-04,2019-09-05,2020-03-04,125,0.6428146271381813,5.764566063126503e-06,0.2878622697687014,0.7121366690179979,0.04883894327590536,2.016,-0.0730642356695359,0.0,-0.07045888158809688
MSFT,2020-03-05,2019-09-06,2020-03-05,125,0.6428146271381813,5.822500915228658e-06,0.2878622697687014,0.7121366691950061,0.04503067059473947,2.016,-0.0730642356695359,0.0,-0.07045888158809688
MSFT,2020-03-06,2019-09-09,2020-03-06,125,0.6428146271381813,5.8810180222744264e-06,0.28991574930194636,0.7100831898377621,0.040913393715770206,2.016,-0.0730642356695359,0.0,-0.07045888158809688
MSFT,2020-03-09,2019-09-10,2020-03-09,125,0.6428146271381813,5.764566063126513e-06,0.2858174723456171,0.7141814662653172,0.038489529220993024,2.016,-0.0730642356695359,0.0,-0.07045888158809688
MSFT,2020-03-10,2019-09-11,2020-03-10,125,0.6428146271381813,5.822500915228658e-06,0.28786226976870144,0.7121366693702518,0.05081301279071308,2.016,-0.0730642356695359,0.0,-0.07045888158809688
MSFT,2020-03-11,2019-09-12,2020-03-11,125,0.6428146271381813,5.650420007265756e-06,0.28581747234561716,0.7141814664428335,0.05477969044083054,2.016,-0.0730642356695359,0.0,-0.07045888158809688
MSFT,2020-03-12,2019-09-13,2020-03-12,125,0.6428146271381813,5.999822467045879e-06,0.2982155112146836,0.7017834288090844,0.053452404364181985,2.016,-0.0730642356695359,0.0,-0.07045888158809688
MSFT,2020-03-13,2019-09-16,2020-03-13,125,0.6428146271381813,6.832768120380608e-06,0.3239091960755816,0.6760897451203438,0.07315514030923331,2.016,-0.0730642356695359,0.0,-0.07045888158809688
MSFT,2020-03-16,2019-09-17,2020-03-16,125,0.6428146271381813,7.703924543301057e-06,0.3484362543972009,0.6515626867719404,0.09774430819021371,2.016,-0.0730642356695359,0.0,-0.07045888158809688
MSFT,2020-03-17,2019-09-18,2020-03-17,125,0.6428146271381813,7.703924543301057e-06,0.3484362543972009,0.65156268455053,0.12400622747828886,2.016,-0.0730642356695359,0.0,-0.07045888158809688
MSFT,2020-03-18,2019-09-19,2020-03-18,125,0.6428146271381813,7.703924543301057e-06,0.3484362543972009,0.65156268455053,0.10986389231278235,2.016,-0.0730642356695359,0.0,-0.07045888158809688
MSFT,2020-03-19,2019-09-20,2020-03-19,125,0.6428146271381813,7.781350272165055e-06,0.3507087408159487,0.649290198344717,0.09265658511614092,2.016,-0.0730642356695359,0.0,-0.07045888158809688
MSFT,2020-03-20,2019-09-23,2020-03-20,125,0.6428146271381813,8.018327668232908e-06,0.35756653854739573,0.6424324010445179,0.07463417035640395,2.016,-0.0730642356695359,0.0,-0.07045888158809688
MSFT,2020-03-23,2019-09-24,2020-03-23,125,0.6428146271381813,8.599722024156841e-06,0.37379221351567105,0.626206726971431,0.06324552859311197,2.016,-0.0730642356695359,0.0,-0.07045888158809688
MSFT,2020-03-24,2019-09-25,2020-03-24,125,0.6428146271381813,7.551376616599037e-06,0.34617063022341055,0.6538283060233995,0.05367469362073925,2.016,-0.0730642356695359,0.0,-0.07045888158809688
MSFT,2020-03-25,2019-09-26,2020-03-25,125,0.6428146271381813,7.703924543301044e-06,0.35070874081594866,0.6492901985561821,0.06592168177820243,2.016,-0.0730642356695359,0.0,-0.07045888158809688
MSFT,2020-03-26,2019-09-27,2020-03-26,125,0.6428146271381813,7.781350272165042e-06,0.3529880065669592,0.6470109325944339,0.05354719253405016,2.016,-0.0730642356695359,0.0,-0.07045888158809688
MSFT,2020-03-27,2019-09-30,2020-03-27,125,0.6428146271381813,7.938543974880332e-06,0.3575665385473956,0.6424324008310552,0.05513805663179416,2.016,-0.0730642356695359,0.0,-0.07045888158809688
MSFT,2020-03-30,2019-10-01,2020-03-30,125,0.6428146271381813,8.018327668232894e-06,0.35986563311172765,0.6401333060518322,0.05158837054046262,2.016,-0.0730642356695359,0.0,-0.07045888158809688
MSFT,2020-03-31,2019-10-01,2020-03-31,126,0.6428146271381813,8.018327668232894e-06,0.35986563311172765,0.6401333058326484,0.057026971074406865,2.0,-0.0730642356695359,0.0,-0.07045888158809688
MSFT,2020-04-01,2019-10-02,2020-04-01,126,0.6428146271381813,8.180308631904807e-06,0.3644830416114742,0.6355158977733081,0.04687901240470179,2.0,-0.0730642356695359,0.0,-0.07045888158809688
MSFT,2020-04-02,2019-10-03,2020-04-02,126,0.6428146271381813,8.429436118885393e-06,0.36912547903130755,0.6308734603576998,0.04403739612239995,2.0,-0.0730642356695359,0.0,-0.07045888158809688
MSFT,2020-04-03,2019-10-04,2020-04-03,126,0.6428146271381813,8.59972202415681e-06,0.37613445867037737,0.6238644809495479,0.0364518278022279,2.0,-0.0730642356695359,0.0,-0.07045888158809688
MSFT,2020-04-06,2019-10-07,2020-04-06,126,0.6428146271381813,6.901438581637796e-06,0.3305101178528739,0.6694888166210414,0.032352487448045184,2.0,-0.0730642356695359,0.0,-0.07045888158809688
MSFT,2020-04-07,2019-10-08,2020-04-07,126,0.6428146271381813,6.832768120380596e-06,0.3283022327534956,0.6716967059979396,0.04782212648658209,2.0,-0.0730642356695359,0.0,-0.07045888158809688
MSFT,2020-04-08,2019-10-09,2020-04-08,126,0.6428146271381813,6.697470246609755e-06,0.32610190191275185,0.6738970368406347,0.04005595079825757,2.0,-0.0730642356695359,0.0,-0.07045888158809688
MSFT,2020-04-09,2019-10-10,2020-04-09,126,0.6428146271381813,6.832768120380596e-06,0.33051011785287376,0.6694888215004083,0.033096162997049844,2.0,-0.0730642356695359,0.0,-0.07045888158809688
MSFT,2020-04-13,2019-10-14,2020-04-13,125,0.6428146271381813,7.0408568890992295e-06,0.33941574248751283,0.6605831972773062,0.02681168341097771,2.016,-0.0730642356695359,0.0,-0.07045888158809688
MSFT,2020-04-14,2019-10-15,2020-04-14,125,0.6428146271381813,6.121026920802829e-06,0.310916889924262,0.6890820463922307,0.023556089200097535,2.016,-0.0730642356695359,0.0,-0.07045888158809688
MSFT,2020-04-15,2019-10-16,2020-04-15,125,0.6428146271381813,6.244679866942889e-06,0.3152159938486352,0.6847829454901578,0.03221498767394198,2.016,-0.0730642356695359,0.0,-0.07045888158809688
MSFT,2020-04-16,2019-10-17,2020-04-16,125,0.6428146271381813,6.307439942992805e-06,0.3173775172701273,0.6826214218793999,0.02772504579073473,2.016,-0.0730642356695359,0.0,-0.07045888158809688
MSFT,2020-04-17,2019-10-18,2020-04-17,125,0.6428146271381813,6.499530086896443e-06,0.3239091960755814,0.6760897434647949,0.02754172952655092,2.016,-0.0730642356695359,0.0,-0.07045888158809688
MSFT,2020-04-20,2019-10-21,2020-04-20,125,0.6428146271381813,6.630829304195965e-06,0.32830223275349557,0.671696706597706,0.022957548126186424,2.016,-0.0730642356695359,0.0,-0.07045888158809688
MSFT,2020-04-21,2019-10-22,2020-04-21,125,0.6428146271381813,6.7647809416294135e-06,0.32830223275349557,0.6716967061998663,0.022984921746511944,2.016,-0.0730642356695359,0.0,-0.07045888158809688
MSFT,2020-04-22,2019-10-23,2020-04-22,125,0.6428146271381813,6.970799192504366e-06,0.33272548522136375,0.6672734541340021,0.032015442244103694,2.016,-0.0730642356695359,0.0,-0.07045888158809688
MSFT,2020-04-23,2019-10-24,2020-04-23,125,0.6428146271381813,7.111618677250378e-06,0.33717837261569444,0.6628205667438474,0.031789090969001225,2.016,-0.0730642356695359,0.0,-0.07045888158809688
MSFT,2020-04-24,2019-10-25,2020-04-24,125,0.6428146271381813,7.328199709721173e-06,0.34166029433261735,0.6583386450311116,0.027364907940940722,2.016,-0.0730642356695359,0.0,-0.07045888158809688
MSFT,2020-04-27,2019-10-28,2020-04-27,125,0.6428146271381813,7.627269213311336e-06,0.3484362543972005,0.6515626851808253,0.02405106729040401,2.016,-0.0730642356695359,0.0,-0.07045888158809688
MSFT,2020-04-28,2019-10-29,2020-04-28,125,0.6428146271381813,7.703924543301057e-06,0.34843625439720044,0.6515626845505305,0.01987410149506952,2.016,-0.0730642356695359,0.0,-0.07045888158809688
MSFT,2020-04-29,2019-10-30,2020-04-29,125,0.6428146271381813,7.938543974880361e-06,0.34843625439720044,0.6515626845505305,0.022886019828519056,2.016,-0.0730642356695359,0.0,-0.07045888158809688
MSFT,2020-04-30,2019-10-31,2020-04-30,125,0.6428146271381813,7.938543974880361e-06,0.34617063022341016,0.6538283085120287,0.030702740100136582,2.016,-0.0730642356695359,0.0,-0.07045888158809688
MSFT,2020-05-01,2019-11-04,2020-05-01,124,0.6428146271381813,8.262522100455556e-06,0.3484362543972004,0.6515626847627355,0.025371716881060442,2.032258064516129,-0.0730642356695359,0.0,-0.07045888158809688
MSFT,2020-05-04,2019-11-05,2020-05-04,124,0.6428146271381813,8.429436118885453e-06,0.3484362543972004,0.6515626845505305,0.026773791592086232,2.032258064516129,-0.0730642356695359,0.0,-0.07045888158809688
MSFT,2020-05-05,2019-11-06,2020-05-05,124,0.6428146271381813,8.686150667377062e-06,0.3507087408159482,0.6492901983447176,0.0252677992222967,2.032258064516129,-0.0730642356695359,0.0,-0.07045888158809688
MSFT,2020-05-06,2019-11-07,2020-05-06,124,0.6428146271381813,8.95068333780207e-06,0.35527396756218643,0.6447249718141562,0.021066932774137192,2.032258064516129,-0.0730642356695359,0.0,-0.07045888158809688
MSFT,2020-05-07,2019-11-08,2020-05-07,124,0.6428146271381813,9.31596765436869e-06,0.35986563311172726,0.640133306268833,0.017630363972061563,2.032258064516129,-0.0730642356695359,0.0,-0.07045888158809688
MSFT,2020-05-08,2019-11-11,2020-05-08,124,0.6428146271381813,9.599681107608538e-06,0.36448304161147377,0.6355158977733085,0.014455343953532167,2.032258064516129,-0.0730642356695359,0.0,-0.07045888158809688
MSFT,2020-05-11,2019-11-12,2020-05-11,124,0.6428146271381813,9.793607529811775e-06,0.3668011770338647,0.6331977621318359,0.012051740736566223,2.032258064516129,-0.0730642356695359,0.0,-0.07045888158809688
MSFT,2020-05-12,2019-11-13,2020-05-12,124,0.6428146271381813,9.89203492184313e-06,0.34166029433261724,0.6583386421853901,0.011973050921372531,2.032258064516129,-0.0730642356695359,0.0,-0.07045888158809688
MSFT,2020-05-13,2019-11-14,2020-05-13,124,0.6428146271381813,9.793607529811775e-06,0.3371783726156943,0.6628205659183439,0.01803140284051603,2.032258064516129,-0.0730642356695359,0.0,-0.07045888158809688
MSFT,2020-05-14,2019-11-15,2020-05-14,124,0.6428146271381813,9.504162684632881e-06,0.3327254852213636,0.667273453319425,0.01819275218384142,2.032258064516129,-0.0730642356695359,0.0,-0.07045888158809688
MSFT,2020-05-15,2019-11-18,2020-05-15,124,0.6428146271381813,9.409594685845832e-06,0.33051011785287354,0.6694888208965998,0.015225255536748344,2.032258064516129,-0.0730642356695359,0.0,-0.07045888158809688
MSFT,2020-05-18,2019-11-19,2020-05-18,124,0.6428146271381813,9.315967654368724e-06,0.33051011785287354,0.6694888210998874,0.014533403832970014,2.032258064516129,-0.0730642356695359,0.0,-0.07045888158809688
MSFT,2020-05-19,2019-11-20,2020-05-19,124,0.6428146271381813,9.409594685845832e-06,0.3327254852213636,0.6672734539334053,0.012892374692580722,2.032258064516129,-0.0730642356695359,0.0,-0.07045888158809688
MSFT,2020-05-20,2019-11-21,2020-05-20,124,0.6428146271381813,9.599681107608572e-06,0.334948261629963,0.6650506775255494,0.01225570216124462,2.032258064516129,-0.0730642356695359,0.0,-0.07045888158809688
MSFT,2020-05-21,2019-11-22,2020-05-21,124,0.6428146271381813,1.0091867282855876e-05,0.3371783726156942,0.6628205665405602,0.012354638817051294,2.032258064516129,-0.0730642356695359,0.0,-0.07045888158809688
MSFT,2020-05-22,2019-11-25,2020-05-22,124,0.6428146271381813,1.0193292235239824e-05,0.33941574248751255,0.660583196669482,0.013548949763298585,2.032258064516129,-0.0730642356695359,0.0,-0.07045888158809688
MSFT,2020-05-26,2019-11-27,2020-05-26,123,0.6428146271381813,1.1378548587976918e-05,0.34617063022341005,0.6538283093511587,0.011611189094566935,2.048780487804878,-0.0730642356695359,0.0,-0.07045888158809688
MSFT,2020-05-27,2019-11-29,2020-05-27,123,0.6428146271381813,1.1608410517013618e-05,0.34843625439720033,0.6515626847627355,0.012650917388226747,2.048780487804878,-0.0730642356695359,0.0,-0.07045888158809688
MSFT,2020-05-28,2019-11-29,2020-05-28,124,0.6428146271381813,1.1042261655466913e-05,0.3484362543972003,0.6515626845505306,0.010714033226735099,2.032258064516129,-0.0730642356695359,0.0,-0.07045888158809688
MSFT,2020-05-29,2019-12-02,2020-05-29,124,0.6428146271381813,1.1378548587976959e-05,0.35070874081594816,0.6492901983447176,0.00971106010848306,2.032258064516129,-0.0730642356695359,0.0,-0.07045888158809688
MSFT,2020-06-01,2019-12-02,2020-06-01,125,0.6428146271381813,1.0823610224994746e-05,0.35070874081594816,0.6492901981311251,0.009553161462762744,2.016,-0.0730642356695359,0.0,-0.07045888158809688
MSFT,2020-06-02,2019-12-03,2020-06-02,125,0.6428146271381813,1.1153238230091493e-05,0.35070874081594816,0.6492901981311251,0.008902408606616499,2.016,-0.0730642356695359,0.0,-0.07045888158809688
MSFT,2020-06-03,2019-12-04,2020-06-03,125,0.6428146271381813,1.0932389316209871e-05,0.35070874081594816,0.6492901981311251,0.009428894824392646,2.016,-0.0730642356695359,0.0,-0.07045888158809688
MSFT,2020-06-04,2019-12-05,2020-06-04,125,0.6428146271381813,1.3759505301934667e-05,0.35070874081594816,0.6492901981311251,0.00875917281475462,2.016,-0.0730642356695359,0.0,-0.07045888158809688
MSFT,2020-06-05,2019-12-06,2020-06-05,125,0.6428146271381813,1.582719843405253e-05,0.3575665385473952,0.6424324010445185,0.012541185724905151,2.016,-0.0730642356695359,0.0,-0.07045888158809688
MSFT,2020-06-08,2019-12-09,2020-06-08,125,0.6428146271381813,1.5827198434052558e-05,0.3552739675621864,0.6447249711649947,0.016358976052957563,2.016,-0.0730642356695359,0.0,-0.07045888158809688
MSFT,2020-06-09,2019-12-10,2020-06-09,125,0.6428146271381813,1.5827198434052585e-05,0.3529880065669587,0.6470109321623031,0.013899424330786694,2.016,-0.0730642356695359,0.0,-0.07045888158809688
MSFT,2020-06-10,2019-12-11,2020-06-10,125,0.6428146271381813,2.1364483205459024e-05,0.3552739675621864,0.6447249715999317,0.012844607626794487,0.0,0.0,0.0,0.0
MSFT,2020-06-11,2019-12-12,2020-06-11,125,0.6428146271381813,2.5834992720356416e-05,0.378482495760883,0.6215164453826596,0.02379598518343344,0.0,0.0,0.0,0.0
MSFT,2020-06-12,2019-12-13,2020-06-12,125,0.6428146271381813,2.6356894192889133e-05,0.3737922135156705,0.626206724962176,0.04032208835020072,0.0,0.0,0.0,0.0
MSFT,2020-06-15,2019-12-16,2020-06-15,125,0.6428146271381813,2.6889338774528947e-05,0.37145585556755867,0.6285430831447512,0.032486818748298084,0.0,0.0,0.0,0.0
MSFT,2020-06-16,2019-12-17,2020-06-16,125,0.6428146271381813,2.7432539450207873e-05,0.369125479031307,0.6308734596831601,0.026436293924745575,0.0,0.0,0.0,0.0
MSFT,2020-06-17,2019-12-18,2020-06-17,125,0.6428146271381813,2.7708241055225537e-05,0.369125479031307,0.6308734599102617,0.025342491948699447,0.0,0.0,0.0,0.0
MSFT,2020-06-18,2019-12-19,2020-06-18,125,0.6428146271381813,2.7986713507439004e-05,0.369125479031307,0.6308734599102617,0.020831177060395195,0.0,0.0,0.0,0.0
MSFT,2020-06-19,2019-12-20,2020-06-19,125,0.6428146271381813,2.7986713507439004e-05,0.369125479031307,0.6308734599102617,0.01805460190297204,0.0,0.0,0.0,0.0
MSFT,2020-06-22,2019-12-23,2020-06-22,125,0.6428146271381813,2.8267984654325502e-05,0.3598656331117272,0.6401333049336371,0.01642887441554303,0.0,0.0,0.0,0.0
MSFT,2020-06-23,2019-12-24,2020-06-23,125,0.6428146271381813,2.7986713507439004e-05,0.3575665385473951,0.6424324001776942,0.020566794678508405,0.0,0.0,0.0,0.0
MSFT,2020-06-24,2019-12-26,2020-06-24,125,0.6428146271381813,2.8552082623234216e-05,0.35527396756218627,0.6447249711649947,0.017569659632444893,0.0,0.0,0.0,0.0
MSFT,2020-06-25,2019-12-26,2020-06-25,126,0.6428146271381813,2.8267984654325553e-05,0.3552739675621862,0.6447249713835519,0.020330197980396963,0.0,0.0,0.0,0.0
MSFT,2020-06-26,2019-12-27,2020-06-26,126,0.6428146271381813,2.9128872952778236e-05,0.3552739675621862,0.6447249713835519,0.018241157333615605,0.0,0.0,0.0,0.0
MSFT,2020-06-29,2019-12-30,2020-06-29,126,0.6428146271381813,2.9421622992927156e-05,0.357566538547395,0.6424324006154454,0.020699598182274778,0.0,0.0,0.0,0.0
MSFT,2020-06-30,2019-12-31,2020-06-30,126,0.6428146271381813,3.0317644809332862e-05,0.357566538547395,0.6424324003976655,0.018190076901370034,0.0,0.0,0.0,0.0
MSFT,2020-07-01,2020-01-02,2020-07-01,126,0.6428146271381813,3.0622342205265114e-05,0.359865633111727,0.6401333060518328,0.020674059862033,0.0,0.0,0.0,0.0
MSFT,2020-07-02,2020-01-03,2020-07-02,126,0.6428146271381813,3.0317644809332862e-05,0.359865633111727,0.640133305832649,0.01752854221288286,0.0,0.0,0.0,0.0
MSFT,2020-07-06,2020-01-07,2020-07-06,125,0.6428146271381813,3.2515922094368935e-05,0.36217116369767705,0.6378277754665994,0.015520156001629504,0.0,0.0,0.0,0.0
MSFT,2020-07-07,2020-01-08,2020-07-07,125,0.6428146271381813,3.284271254431319e-05,0.36217116369767705,0.6378277752460078,0.017729662144036776,0.0,0.0,0.0,0.0
MSFT,2020-07-08,2020-01-09,2020-07-08,125,0.6428146271381813,3.41830490698247e-05,0.3644830416114736,0.6355158975535166,0.017603309023569897,0.0,0.0,0.0,0.0
MSFT,2020-07-09,2020-01-10,2020-07-09,125,0.6428146271381813,3.35061793478219e-05,0.3621711636976771,0.6378277750231963,0.019077583924470835,0.0,0.0,0.0,0.0
MSFT,2020-07-10,2020-01-13,2020-07-10,125,0.6428146271381813,3.284271254431324e-05,0.3598656331117271,0.6401333056112598,0.01648872632743674,0.0,0.0,0.0,0.0
MSFT,2020-07-13,2020-01-14,2020-07-13,125,0.6428146271381813,3.9715036930183536e-05,0.35298800656695856,0.6445923268765453,0.015455787731757481,0.0,0.0,0.0,0.0
MSFT,2020-07-14,2020-01-15,2020-07-14,125,0.6428146271381813,3.892862650929471e-05,0.3416602943326169,0.6521954431544559,0.02425826906623416,0.0,0.0,0.0,0.0
MSFT,2020-07-15,2020-01-16,2020-07-15,125,0.6428146271381813,3.815778805806488e-05,0.33051011785287326,0.6589422109497052,0.020550251376790115,0.0,0.0,0.0,0.0
MSFT,2020-07-16,2020-01-17,2020-07-16,125,0.5519514954378494,3.710196653134012e-05,0.31233615699992995,0.6770745515784781,0.01803906488161753,0.0,0.0,0.0,0.0
MSFT,2020-07-17,2020-01-21,2020-07-17,125,0.5519514954378494,3.5647177615094506e-05,0.3144870150394047,0.6733975498236069,0.02011472278992751,0.0,0.0,0.0,0.0
MSFT,2020-07-20,2020-01-21,2020-07-20,126,0.5519514954378494,4.0596017653483685e-05,0.31664585449382543,0.6716266943295244,0.01842200531117891,0.0,0.0,0.0,0.0
MSFT,2020-07-21,2020-01-22,2020-07-21,126,0.5519514954378494,3.939622401167966e-05,0.3059320926555116,0.6792869313129837,0.027487340759128183,0.0,0.0,0.0,0.0
MSFT,2020-07-22,2020-01-23,2020-07-22,126,0.5519514954378494,3.900422503310844e-05,0.2975087422679202,0.6837643013604142,0.024904301620537004,0.0,0.0,0.0,0.0
MSFT,2020-07-23,2020-01-24,2020-07-23,126,0.5519514954378494,4.10040144138531e-05,0.30381377520332314,0.6826096273746648,0.02278058271691259,0.0,0.0,0.0,0.0
MSFT,2020-07-24,2020-01-27,2020-07-24,126,0.5519514954378494,4.059601765348376e-05,0.2975087422679202,0.6858295434438209,0.032272728765937654,0.0,0.0,0.0,0.0
MSFT,2020-07-27,2020-01-28,2020-07-27,126,0.5519514954378494,4.059601765348376e-05,0.2933475345431329,0.6870635807420518,0.027734575989905197,0.0,0.0,0.0,0.0
MSFT,2020-07-28,2020-01-29,2020-07-28,126,0.5519514954378494,4.10040144138531e-05,0.29127973267036295,0.6862145314728099,0.02443095788219189,0.0,0.0,0.0,0.0
MSFT,2020-07-29,2020-01-30,2020-07-29,126,0.5519514954378494,4.183235045148932e-05,0.291279732670363,0.6827050597902501,0.021962257535301545,0.0,0.0,0.0,0.0
MSFT,2020-07-30,2020-01-31,2020-07-30,126,0.5519514954378494,4.141611160983395e-05,0.29542388817521453,0.6789600476586463,0.01960308233697393,0.0,0.0,0.0,0.0
MSFT,2020-07-31,2020-02-03,2020-07-31,126,0.5519514954378494,4.0596017653483685e-05,0.3017037402678582,0.6741028235046328,0.017264476354138227,0.0,0.0,0.0,0.0
MSFT,2020-08-03,2020-02-04,2020-08-03,126,0.5519514954378494,5.21263184833773e-05,0.2555725562503722,0.7069519188540518,0.017672350200218682,0.0,0.0,0.0,0.0
MSFT,2020-08-04,2020-02-05,2020-08-04,126,0.5519514954378494,5.1607652948423895e-05,0.25178737028129117,0.7101862922433203,0.031135827906356255,0.0,0.0,0.0,0.0
MSFT,2020-08-05,2020-02-06,2020-08-05,126,0.5519514954378494,5.00824163007195e-05,0.2443292562004701,0.7161559566847214,0.028350163545103203,0.0,0.0,0.0,0.0
MSFT,2020-08-06,2020-02-07,2020-08-06,126,0.5519514954378494,4.860225720835027e-05,0.23702198068488534,0.7219305065144881,0.02497351020177094,0.0,0.0,0.0,0.0
MSFT,2020-08-07,2020-02-10,2020-08-07,126,0.5519514954378494,4.6696535444747854e-05,0.22986668122404497,0.7290902003680896,0.023273113348423274,0.0,0.0,0.0,0.0
MSFT,2020-08-10,2020-02-11,2020-08-10,126,0.5519514954378494,4.486553810031591e-05,0.22634629984475985,0.7343306613310525,0.023133127197092273,0.0,0.0,0.0,0.0
MSFT,2020-08-11,2020-02-12,2020-08-11,126,0.5519514954378494,4.3539561059702025e-05,0.2228642104981713,0.739467879040797,0.023470394425615083,0.0,0.0,0.0,0.0
MSFT,2020-08-12,2020-02-13,2020-08-12,126,0.5519514954378494,4.019208052871004e-05,0.2126482487176079,0.7506142944565942,0.0243216862515719,0.0,0.0,0.0,0.0
MSFT,2020-08-13,2020-02-14,2020-08-13,126,0.5519514954378494,3.7851475972901156e-05,0.20277823110979556,0.7582089765442172,0.024775839136376415,0.0,0.0,0.0,0.0
MSFT,2020-08-14,2020-02-18,2020-08-14,126,0.5519514954378494,3.6005437706205345e-05,0.19481721515473735,0.7634691816438061,0.02232264035225557,0.0,0.0,0.0,0.0
MSFT,2020-08-17,2020-02-18,2020-08-17,127,0.5519514954378494,3.494131620544598e-05,0.19481721515473738,0.7634682334501833,0.02030362510035407,0.0,0.0,0.0,0.0
MSFT,2020-08-18,2020-02-19,2020-08-18,127,0.5519514954378494,3.390864424788112e-05,0.19169982486357937,0.7639756984148615,0.018624052791399205,0.0,0.0,0.0,0.0
MSFT,2020-08-19,2020-02-20,2020-08-19,127,0.5519514954378494,3.290649235904151e-05,0.19015545390414476,0.7637252752052626,0.017184504667592266,1.984251968503937,0.05471654675686022,0.0,0.05624117725201483
MSFT,2020-08-20,2020-02-21,2020-08-20,127,0.5519514954378494,3.3571247600274337e-05,0.18709530443194491,0.7643783779309339,0.016532120118784417,1.984251968503937,0.05471654675686022,0.0,0.05624117725201483
MSFT,2020-08-21,2020-02-24,2020-08-21,127,0.5519514954378494,3.323720810540371e-05,0.18407319426178556,0.7643974992284066,0.017866994251628954,1.984251968503937,0.05471654675686022,0.0,0.05624117725201483
MSFT,2020-08-24,2020-02-25,2020-08-24,127,0.5519514954378494,3.2254900153511266e-05,0.17814263274415565,0.7679732268457007,0.01703572694817682,1.984251968503937,0.05471654675686022,0.0,0.05624117725201483
MSFT,2020-08-25,2020-02-26,2020-08-25,127,0.5519514954378494,3.225490015351121e-05,0.1825763694824229,0.7623071371201138,0.015807246765289388,1.984251968503937,0.05471654675686022,0.0,0.05624117725201483
MSFT,2020-08-26,2020-02-27,2020-08-26,127,0.5519514954378494,3.4593644300178665e-05,0.1840731942617856,0.7555524057456313,0.01566770995251723,1.984251968503937,0.05471654675686022,0.0,0.05624117725201483
MSFT,2020-08-27,2020-02-28,2020-08-27,127,0.9895216287636476,3.503865723439272e-05,0.18193137230740786,0.7624482458097372,0.016756986491912835,0.0,0.0,0.0,0.0
MSFT,2020-08-28,2020-03-02,2020-08-28,127,0.9154836923826543,3.904994239657461e-05,0.19094914149707284,0.7447029320018855,0.01821125277156988,0.0,0.0,0.0,0.0
MSFT,2020-08-31,2020-03-02,2020-08-31,128,0.841445756001661,3.8987101393767126e-05,0.18932892864973258,0.7462355627453205,0.01728206342771672,0.0,0.0,0.0,0.0
MSFT,2020-09-01,2020-03-02,2020-09-01,129,0.841445756001661,3.635133239559504e-05,0.1908681709270759,0.7454072734820457,0.017740359390930677,1.9534883720930234,0.05471654675686022,0.0,0.05624117725201483
MSFT,2020-09-02,2020-03-03,2020-09-02,129,0.841445756001661,3.635133239559504e-05,0.19554318069394147,0.742257071243879,0.01655494175330847,1.9534883720930234,0.05471654675686022,0.0,0.05624117725201483
MSFT,2020-09-03,2020-03-04,2020-09-03,129,0.7853236786886123,6.510846716177704e-05,0.20606325155945782,0.714676136619203,0.01923720137040952,1.9534883720930234,-0.06394872006364682,0.0,-0.06194689839927059
MSFT,2020-09-04,2020-03-05,2020-09-04,129,0.7112857423076191,6.371653222329439e-05,0.1963398014679996,0.7175171723379591,0.03465327197049473,1.9534883720930234,-0.06394872006364682,0.0,-0.06194689839927059
MSFT,2020-09-08,2020-03-09,2020-09-08,128,0.6372478059266259,6.489908456017831e-05,0.2026418393501719,0.7096289862973327,0.03141842592238892,1.96875,-0.06394872006364682,0.0,-0.06194689839927059
MSFT,2020-09-09,2020-03-10,2020-09-09,128,0.6372478059266259,6.298102674281192e-05,0.21250699006976595,0.7016164620662643,0.03851575862047038,1.96875,-0.06394872006364682,0.0,-0.06194689839927059
MSFT,2020-09-10,2020-03-11,2020-09-10,128,0.6372478059266259,6.62101330348035e-05,0.21083877078860255,0.6951294673332777,0.0375559057458574,1.96875,-0.06394872006364682,0.0,-0.06194689839927059
MSFT,2020-09-11,2020-03-12,2020-09-11,128,0.6372478059266259,6.822653177937887e-05,0.17948678309582541,0.706150843251365,0.03373197127402534,3.9375,-0.08179521693127167,0.025238757911044022,-0.07824583148030384
MSFT,2020-09-14,2020-03-16,2020-09-14,127,0.5632098695456327,5.1998921344310096e-05,0.07445317564248453,0.8153315142609812,0.026608534036236076,3.968503937007874,-0.1117010703077379,0.06753202135038379,-0.10364683235859051
MSFT,2020-09-15,2020-03-16,2020-09-15,128,0.5632098695456327,4.996001447492542e-05,0.07584304334705701,0.8141062728773343,0.024941091459940154,3.9375,-0.1117010703077379,0.06753202135038379,-0.10364683235859051
MSFT,2020-09-16,2020-03-17,2020-09-16,128,0.5632098695456327,5.148152343207029e-05,0.11103041831243138,0.7894639424387515,0.024957174318340634,3.9375,0.007586695822645151,0.10116635533639387,0.012785050312233981
MSFT,2020-09-17,2020-03-18,2020-09-17,128,0.5632098695456327,5.4121037581540445e-05,0.11709143216661459,0.781416709961366,0.024329327599289432,3.9375,0.011525195856811443,0.10673623550011874,0.017370652945083442
MSFT,2020-09-18,2020-03-19,2020-09-18,128,0.5632098695456327,5.921784752916467e-05,0.11004734601998935,0.7752778619209411,0.022855135127432175,3.9375,0.011525195856811443,0.10673623550011874,0.017370652945083442
MSFT,2020-09-21,2020-03-23,2020-09-21,127,0.5632098695456327,5.689588251535386e-05,0.08547136729022074,0.7925186395987733,0.021762350293640348,3.968503937007874,0.011525195856811443,0.10673623550011874,0.017370652945083442
MSFT,2020-09-22,2020-03-23,2020-09-22,128,0.5632098695456327,5.689588251535386e-05,0.08547136729022074,0.7925177730117564,0.02093595324617599,3.9375,0.011525195856811443,0.10673623550011874,0.017370652945083442
MSFT,2020-09-23,2020-03-24,2020-09-23,128,0.5632098695456327,5.746769564103435e-05,0.09277307510441835,0.7840761530082666,0.020953484829485572,3.9375,0.011525195856811443,0.10673623550011874,0.017370652945083442
MSFT,2020-09-24,2020-03-25,2020-09-24,128,0.5632098695456327,6.610358457658342e-05,0.09619464506108054,0.7655028428926308,0.022905559344312997,1.96875,-0.06394872006364682,0.0,-0.06194689839927059
MSFT,2020-09-25,2020-03-26,2020-09-25,128,0.5632098695456327,6.54458429202705e-05,0.09972851907527577,0.7601590358159103,0.02171290382865747,1.96875,-0.06394872006364682,0.0,-0.06194689839927059
MSFT,2020-09-28,2020-03-30,2020-09-28,127,0.5632098695456327,6.610358457658342e-05,0.05415691064797943,0.7935967784950294,0.02109942436777064,1.984251968503937,-0.06394872006364682,0.0,-0.06194689839927059
MSFT,2020-09-29,2020-03-30,2020-09-29,128,0.5632098695456327,6.54458429202705e-05,0.05467140997899004,0.7931642557933128,0.02044150805009112,1.96875,-0.06394872006364682,0.0,-0.06194689839927059
MSFT,2020-09-30,2020-03-31,2020-09-30,128,0.5632098695456327,6.949278783221001e-05,0.03197923184271285,0.8055548560595929,0.02036769599903784,3.9375,0.003891787110549938,0.09594096532401832,0.008530298933660196
MSFT,2020-10-01,2020-04-02,2020-10-01,127,0.5632098695456327,6.880132304004574e-05,0.02003268070702993,0.8141223272109459,0.02011614628152896,3.968503937007874,0.003891787110549938,0.09594096532401832,0.008530298933660196
MSFT,2020-10-02,2020-04-03,2020-10-02,127,0.5632098695456327,6.949278783221001e-05,0.01907432971703461,0.813533967694429,0.020011444906831714,3.968503937007874,0.003891787110549938,0.09594096532401832,0.008530298933660196
MSFT,2020-10-05,2020-04-06,2020-10-05,127,0.5632098695456327,6.880132304004574e-05,0.02633519458974948,0.8047371523799471,0.020201349395020197,3.968503937007874,0.003891787110549938,0.09594096532401832,0.008530298933660196
MSFT,2020-10-06,2020-04-07,2020-10-06,127,0.4891719331646394,9.845626424491789e-05,0.042667930199135076,0.7274103962025844,0.020584293200062304,1.984251968503937,-0.06394872006364682,0.0,-0.06194689839927059
MSFT,2020-10-07,2020-04-08,2020-10-07,127,0.4891719331646394,0.0001251624422651707,0.05413006009779879,0.6448310327154504,0.020572312364154584,1.984251968503937,-0.06394872006364682,0.0,-0.06194689839927059
MSFT,2020-10-08,2020-04-09,2020-10-08,127,0.4891719331646394,0.0001302704184338223,0.05728533774225009,0.6260833874893855,0.02024540354736125,1.984251968503937,-0.06394872006364682,0.0,-0.06194689839927059
MSFT,2020-10-09,2020-04-13,2020-10-09,127,0.4891719331646394,0.0001342377433151539,0.062343475787994665,0.6100531836793255,0.01958389743942688,1.984251968503937,-0.06394872006364682,0.0,-0.06194689839927059
MSFT,2020-10-12,2020-04-13,2020-10-12,128,0.4891719331646394,0.00013558685506447283,0.06293056874194808,0.6075372675434243,0.020035722493160213,1.96875,-0.06394872006364682,0.0,-0.06194689839927059
MSFT,2020-10-13,2020-04-14,2020-10-13,128,0.4891719331646394,0.00015135263295095602,0.07865643347672607,0.5453235468704828,0.020246267986179563,1.96875,-0.06394872006364682,0.0,-0.06194689839927059
MSFT,2020-10-14,2020-04-15,2020-10-14,128,0.4891719331646394,0.00019049242533492492,0.09968145817924313,0.4235711653040154,0.019169147560625432,1.96875,-0.06394872006364682,0.0,-0.06194689839927059
MSFT,2020-10-15,2020-04-16,2020-10-15,128,0.4891719331646394,0.00020843191304210936,0.11807446469912075,0.36067210192712856,0.018786426579518622,1.96875,-0.06394872006364682,0.0,-0.06194689839927059
MSFT,2020-10-16,2020-04-17,2020-10-16,128,0.4891719331646394,0.0002257915958892682,0.13695469882306927,0.2983012206942039,0.01835905323784722,1.96875,-0.06394872006364682,0.0,-0.06194689839927059
MSFT,2020-10-19,2020-04-20,2020-10-19,128,0.4891719331646394,0.00022806083915415625,0.13001708301114204,0.30069877846013215,0.018193680266193002,1.96875,-0.06394872006364682,0.0,-0.06194689839927059
MSFT,2020-10-20,2020-04-21,2020-10-20,128,0.4891719331646394,0.00021911844574352979,0.11196902649192494,0.31909635640600675,0.02012548824781584,1.96875,-0.06394872006364682,0.0,-0.06194689839927059
MSFT,2020-10-21,2020-04-22,2020-10-21,128,0.4891719331646394,0.0002169381807797578,0.1061412521072647,0.3232507418999869,0.01860324235348112,1.96875,-0.06394872006364682,0.0,-0.06194689839927059
MSFT,2020-10-22,2020-04-23,2020-10-22,128,0.4891719331646394,0.00021477960981484623,0.1170372442270282,0.31727447710005424,0.017986862654038836,1.96875,-0.06394872006364682,0.0,-0.06194689839927059
MSFT,2020-10-23,2020-04-24,2020-10-23,128,0.4891719331646394,0.00021264251698989973,0.12230324119191957,0.3153818902417778,0.017714213969933817,1.96875,-0.06394872006364682,0.0,-0.06194689839927059
MSFT,2020-10-26,2020-04-27,2020-10-26,128,0.3983088014643075,0.00020883668316514113,0.10582095892242487,0.3642337914628945,0.01822570079038143,1.96875,-0.06394872006364682,0.0,-0.06194689839927059
MSFT,2020-10-27,2020-04-28,2020-10-27,128,0.3983088014643075,0.000198651597941815,0.10772816037156673,0.36345650703017235,0.02032799058613972,1.96875,-0.06394872006364682,0.0,-0.06194689839927059
MSFT,2020-10-28,2020-04-29,2020-10-28,128,0.3983088014643075,0.00020675872344837572,0.09848714077617582,0.3715810053379747,0.01952117737068337,1.96875,-0.06394872006364682,0.0,-0.06194689839927059
MSFT,2020-10-29,2020-04-30,2020-10-29,128,0.3074456697639757,0.00020103773378506634,0.08490361922333808,0.413830160382889,0.02435427489039713,1.96875,-0.06394872006364682,0.0,-0.06194689839927059
MSFT,2020-10-30,2020-05-01,2020-10-30,128,0.3074456697639757,0.00019123300781129628,0.08490361922333808,0.41382970815712444,0.02088859306517274,1.96875,-0.06394872006364682,0.0,-0.06194689839927059
MSFT,2020-11-02,2020-05-04,2020-11-02,128,0.3074456697639757,0.00018933020759092728,0.08568372805120616,0.4134764710062996,0.019534605515032236,1.96875,-0.06394872006364682,0.0,-0.06194689839927059
MSFT,2020-11-03,2020-05-04,2020-11-03,129,0.3074456697639757,0.00018933020759092728,0.08568372805120616,0.41347601878152385,0.0186393665602664,1.9534883720930234,-0.06394872006364682,0.0,-0.06194689839927059
MSFT,2020-11-04,2020-05-05,2020-11-04,129,0.3074456697639757,0.00019903737491121449,0.08806315891427142,0.4123995301457621,0.019502786267771778,1.9534883720930234,-0.06394872006364682,0.0,-0.06194689839927059
MSFT,2020-11-05,2020-05-06,2020-11-05,129,0.3074456697639757,0.00020305819659982872,0.09556311833297468,0.4022962042540089,0.02364029006476708,1.9534883720930234,-0.06394872006364682,0.0,-0.06194689839927059
MSFT,2020-11-06,2020-05-07,2020-11-06,129,0.3074456697639757,0.0002050989654034668,0.0810989714915654,0.4087294548144493,0.022290916220497028,1.9534883720930234,-0.06394872006364682,0.0,-0.06194689839927059
MSFT,2020-11-09,2020-05-11,2020-11-09,128,0.3074456697639757,0.00020716024427456159,0.07745036969347102,0.4126314200415455,0.020302101963897028,1.96875,-0.06394872006364682,0.0,-0.06194689839927059
MSFT,2020-11-10,2020-05-11,2020-11-10,129,0.3074456697639757,0.00020924223934271795,0.08412995866170887,0.41190875950822364,0.02088849919365465,1.9534883720930234,-0.06394872006364682,0.0,-0.06194689839927059
MSFT,2020-11-11,2020-05-12,2020-11-11,129,0.3074456697639757,0.00020924223934271795,0.08647032660485164,0.4108557389687561,0.02233085816905697,1.9534883720930234,-0.06394872006364682,0.0,-0.06194689839927059
MSFT,2020-11-12,2020-05-13,2020-11-12,129,0.3074456697639757,0.00020924223934271795,0.08260181671901927,0.4125951336248783,0.021523430174991445,1.9534883720930234,-0.06394872006364682,0.0,-0.06194689839927059
MSFT,2020-11-13,2020-05-14,2020-11-13,129,0.3074456697639757,0.0002113451588091777,0.08336270494984742,0.4054579105981874,0.02005181768786817,1.9534883720930234,-0.06394872006364682,0.0,-0.06194689839927059
MSFT,2020-11-16,2020-05-18,2020-11-16,128,0.3074456697639757,0.00021561461422529054,0.08336270494984735,0.39643505550112773,0.019396278282420257,1.96875,-0.06394872006364682,0.0,-0.06194689839927059
MSFT,2020-11-17,2020-05-18,2020-11-17,129,0.3074456697639757,0.0002177815771240431,0.08726345638211401,0.38581196221200914,0.019030189820274903,1.9534883720930234,-0.06394872006364682,0.0,-0.06194689839927059
MSFT,2020-11-18,2020-05-19,2020-11-18,129,0.3074456697639757,0.00022218105681508894,0.08647032660485149,0.3772585304017334,0.019403311006760897,1.9534883720930234,-0.06394872006364682,0.0,-0.06194689839927059
MSFT,2020-11-19,2020-05-20,2020-11-19,129,0.3074456697639757,0.00022218105681508894,0.08647032660485149,0.37504543577569976,0.019520309162747416,1.9534883720930234,-0.06394872006364682,0.0,-0.06194689839927059
MSFT,2020-11-20,2020-05-21,2020-11-20,129,0.3074456697639757,0.00022218105681508894,0.08726345638211394,0.3747194094220412,0.019163934984753817,1.9534883720930234,-0.06394872006364682,0.0,-0.06194689839927059
MSFT,2020-11-23,2020-05-26,2020-11-23,128,0.3074456697639757,0.00022441401355901758,0.08336270494984728,0.3763204328102353,0.019336363798357303,1.96875,-0.06394872006364682,0.0,-0.06194689839927059
MSFT,2020-11-24,2020-05-26,2020-11-24,129,0.3074456697639757,0.0002266694118913144,0.08647032660485142,0.36623403032371826,0.019064902858000166,1.9534883720930234,-0.06394872006364682,0.0,-0.06194689839927059
MSFT,2020-11-25,2020-05-26,2020-11-25,130,0.3074456697639757,0.00022441401355901758,0.08886947576107902,0.36527181056834185,0.01948953656931833,1.9384615384615382,-0.06394872006364682,0.0,-0.06194689839927059
MSFT,2020-11-27,2020-05-28,2020-11-27,129,0.3074456697639757,0.0002266694118913144,0.08490361922333785,0.3668613197414586,0.01916627434304821,1.9534883720930234,-0.06394872006364682,0.0,-0.06194689839927059
MSFT,2020-11-30,2020-06-01,2020-11-30,128,0.3074456697639757,0.00022894747735369218,0.0810989714915653,0.3683861987116118,0.019180899379964058,1.96875,-0.06394872006364682,0.0,-0.06194689839927059
MSFT,2020-12-01,2020-06-02,2020-12-01,128,0.3074456697639757,0.00022894747735369218,0.0810989714915653,0.3683857978129434,0.019184308172138512,1.96875,-0.06394872006364682,0.0,-0.06194689839927059
MSFT,2020-12-02,2020-06-03,2020-12-02,128,0.3074456697639757,0.00022894747735369218,0.0810989714915653,0.3683853969147112,0.01925367355017381,1.96875,-0.06394872006364682,0.0,-0.06194689839927059
MSFT,2020-12-03,2020-06-04,2020-12-03,128,0.3074456697639757,0.00022894747735369218,0.08568372805120592,0.3599790237074639,0.01905398932876008,1.96875,-0.06394872006364682,0.0,-0.06194689839927059
MSFT,2020-12-04,2020-06-05,2020-12-04,128,0.3074456697639757,0.0002266694118913144,0.09050211874960931,0.358081562608168,0.018945255945662005,1.96875,-0.06394872006364682,0.0,-0.06194689839927059
MSFT,2020-12-07,2020-06-08,2020-12-07,128,0.3074456697639757,0.0002266694118913144,0.09907633819257997,0.34827477720952826,0.01870881834035279,1.96875,-0.06394872006364682,0.0,-0.06194689839927059
MSFT,2020-12-08,2020-06-09,2020-12-08,128,0.3074456697639757,0.00022441401355901758,0.10362915329040158,0.3443912059186165,0.018529238088064063,1.96875,-0.06394872006364682,0.0,-0.06194689839927059
MSFT,2020-12-09,2020-06-10,2020-12-09,128,0.21658253806364378,0.00020964858310133945,0.10708000878851451,0.38251578611370884,0.018585006498370825,1.96875,-0.06394872006364682,0.0,-0.06194689839927059
MSFT,2020-12-10,2020-06-11,2020-12-10,128,0.21658253806364378,0.00019547504323572747,0.06411170302749064,0.4193519802716451,0.01911073132788751,1.96875,-0.06394872006364682,0.0,-0.06194689839927059
MSFT,2020-12-11,2020-06-12,2020-12-11,128,0.21658253806364378,0.00018594161288137343,0.08541926180171983,0.42796416158548856,0.018586539109402677,1.96875,-0.06394872006364682,0.0,-0.06194689839927059
MSFT,2020-12-14,2020-06-15,2020-12-14,128,0.21658253806364378,0.00017164574232429193,0.08234600525547678,0.4660668578336594,0.018529811328048307,1.96875,-0.06394872006364682,0.0,-0.06194689839927059
MSFT,2020-12-15,2020-06-16,2020-12-15,128,0.21658253806364378,0.00015687239672920026,0.08386984778775884,0.49953399442234964,0.01806502121569783,3.9375,-0.004616086653393303,0.08390901486009156,-0.001095125178265599
MSFT,2020-12-16,2020-06-17,2020-12-16,128,0.21658253806364378,0.00015844899052722258,0.08310475076834759,0.5022230314080868,0.018025189799186672,1.96875,-0.06394872006364682,0.0,-0.06194689839927059
MSFT,2020-12-17,2020-06-18,2020-12-17,128,0.21658253806364378,0.00015687239672920026,0.08084740361676868,0.505734752272833,0.01905554161551017,1.96875,-0.06394872006364682,0.0,-0.06194689839927059
MSFT,2020-12-18,2020-06-19,2020-12-18,128,0.21658253806364378,0.00015223611674290209,0.08159356995142811,0.5143956240986317,0.018367224754319515,1.96875,-0.06394872006364682,0.0,-0.06194689839927059
MSFT,2020-12-21,2020-06-22,2020-12-21,128,0.21658253806364378,0.0001507213420719292,0.08310475076834765,0.5158064041741715,0.01804598123209237,3.9375,-0.004616086653393303,0.08390901486009156,-0.001095125178265599
MSFT,2020-12-22,2020-06-23,2020-12-22,128,0.21658253806364378,0.00014481147371757442,0.08620366164262647,0.5275004202751221,0.0184508167848126,3.9375,-0.004616086653393303,0.08390901486009156,-0.001095125178265599
MSFT,2020-12-23,2020-06-24,2020-12-23,128,0.21658253806364378,0.0001433705754790566,0.0869945786734155,0.5292695468058638,0.01803029060176683,3.9375,-0.004616086653393303,0.08390901486009156,-0.001095125178265599
MSFT,2020-12-24,2020-06-25,2020-12-24,128,0.21658253806364378,0.00013774893480546875,0.0885961304168995,0.5415968597763262,0.018153764605579957,3.9375,-0.004616086653393303,0.08390901486009156,-0.001095125178265599
MSFT,2020-12-28,2020-06-29,2020-12-28,127,0.21658253806364378,0.00013367783853303187,0.09104837584349113,0.5488715203366265,0.017813708767695766,3.968503937007874,-0.004616086653393303,0.08390901486009156,-0.001095125178265599
MSFT,2020-12-29,2020-06-30,2020-12-29,127,0.21658253806364378,0.00013234772181557636,0.09441296396876044,0.5468392059405136,0.017651224385295112,3.968503937007874,-0.004616086653393303,0.08390901486009156,-0.001095125178265599
MSFT,2020-12-30,2020-07-01,2020-12-30,127,0.21658253806364378,0.00012972706133879952,0.09966867033976232,0.5501055695770604,0.01737177124282909,3.968503937007874,-0.004616086653393303,0.08390901486009156,-0.001095125178265599
MSFT,2020-12-31,2020-07-01,2020-12-31,128,0.21658253806364378,0.0001185616069311226,0.0996686703397624,0.5774897863997184,0.017421409373898293,3.9375,-0.004616086653393303,0.08390901486009156,-0.001095125178265599
SPY,2019-01-02,2018-07-03,2019-01-02,126,0.2708621955014851,4.600189570558383e-06,0.14485983065062025,0.8388434065858758,0.02022033428188909,2.0,-0.03337569197012158,0.0,-0.032824868605786706
SPY,2019-01-03,2018-07-05,2019-01-03,126,0.12387698648810455,4.09948499510364e-06,0.17032387371385801,0.8296747137067018,0.019389148288652618,2.0,-0.03337569197012158,0.0,-0.032824868605786706
SPY,2019-01-04,2018-07-05,2019-01-04,127,0.12387698648810455,4.352982989815379e-06,0.18643281991030056,0.8135661202623434,0.020599845189758447,1.984251968503937,-0.03337569197012158,0.0,-0.032824868605786706
SPY,2019-01-07,2018-07-09,2019-01-07,126,0.12387698648810455,4.44091907932333e-06,0.18643281991030058,0.8135661190748192,0.02357740028266091,2.0,-0.03337569197012158,0.0,-0.032824868605786706
SPY,2019-01-08,2018-07-09,2019-01-08,127,0.12387698648810455,4.396731196177573e-06,0.18492116143541457,0.8150777774363357,0.021550038246447717,1.984251968503937,-0.03337569197012158,0.0,-0.032824868605786706
SPY,2019-01-09,2018-07-10,2019-01-09,127,0.12387698648810455,4.485551058077806e-06,0.18643281991030058,0.8134051962856277,0.01994656573612262,1.984251968503937,-0.03337569197012158,0.0,-0.032824868605786706
SPY,2019-01-10,2018-07-11,2019-01-10,127,0.12387698648810455,4.715530178676093e-06,0.18948466257785868,0.8075454734480584,0.01798292227904555,1.984251968503937,-0.03337569197012158,0.0,-0.032824868605786706
SPY,2019-01-11,2018-07-12,2019-01-11,127,0.12387698648810455,5.007122280055839e-06,0.19257462315813664,0.8011244808363753,0.016143625855713634,1.984251968503937,-0.03337569197012158,0.0,-0.032824868605786706
SPY,2019-01-14,2018-07-16,2019-01-14,126,0.12387698648810455,5.370179609900155e-06,0.19728122629407083,0.7939446818516219,0.01437491512747881,2.0,-0.03337569197012158,0.0,-0.032824868605786706
SPY,2019-01-15,2018-07-16,2019-01-15,127,0.12387698648810455,5.53372592716634e-06,0.20046684214432942,0.7890918691639142,0.013074104066977383,1.984251968503937,-0.03337569197012158,0.0,-0.032824868605786706
SPY,2019-01-16,2018-07-17,2019-01-16,127,0.12387698648810455,5.934966329704476e-06,0.20369082876094172,0.7805881839456252,0.012386709193819003,1.984251968503937,-0.03337569197012158,0.0,-0.032824868605786706
SPY,2019-01-17,2018-07-18,2019-01-17,127,0.12387698648810455,6.301964151396381e-06,0.2085988396095661,0.7725844864479634,0.011006349601664599,1.984251968503937,-0.03337569197012158,0.0,-0.032824868605786706
SPY,2019-01-18,2018-07-19,2019-01-18,127,0.12387698648810455,6.36529994407635e-06,0.20531722448677192,0.7756017649957287,0.010606430682832887,1.984251968503937,-0.03337569197012158,0.0,-0.032824868605786706
SPY,2019-01-22,2018-07-23,2019-01-22,126,0.12387698648810455,6.493887532618935e-06,0.20369082876094166,0.7777400396321031,0.011313129300696296,2.0,-0.03337569197012158,0.0,-0.032824868605786706
SPY,2019-01-23,2018-07-24,2019-01-23,126,0.12387698648810455,6.7589081103434056e-06,0.20369082876094166,0.7737443059226002,0.012163686954508108,2.0,-0.03337569197012158,0.0,-0.032824868605786706
SPY,2019-01-24,2018-07-25,2019-01-24,126,0.12387698648810455,7.034744383021726e-06,0.2069532271537057,0.7677994340968791,0.010957691887894697,2.0,-0.03337569197012158,0.0,-0.032824868605786706
SPY,2019-01-25,2018-07-26,2019-01-25,126,0.049839050107111316,7.457728010810938e-06,0.20523170867846685,0.7694825970387645,0.01012546498518529,2.0,-0.03337569197012158,0.0,-0.032824868605786706
SPY,2019-01-28,2018-07-30,2019-01-28,125,0.049839050107111316,7.762083664648385e-06,0.20523170867846682,0.7638031276560706,0.009908236210611956,2.016,-0.03337569197012158,0.0,-0.032824868605786706
SPY,2019-01-29,2018-07-30,2019-01-29,126,0.049839050107111316,7.840093902399392e-06,0.20686720754361873,0.7603984149445853,0.009750693910409901,2.0,-0.03337569197012158,0.0,-0.032824868605786706
SPY,2019-01-30,2018-07-31,2019-01-30,126,0.049839050107111316,7.840093902399405e-06,0.20038283650082306,0.7690545370010748,0.00914834893722438,2.0,-0.03337569197012158,0.0,-0.032824868605786706
SPY,2019-01-31,2018-08-01,2019-01-31,126,0.049839050107111316,7.918888156074084e-06,0.20038283650082306,0.7690535752226487,0.010933955013055285,2.0,-0.03337569197012158,0.0,-0.032824868605786706
SPY,2019-02-01,2018-08-02,2019-02-01,126,0.049839050107111316,8.078860308348782e-06,0.19405192926848777,0.7703761782058545,0.010647551191127352,2.0,-0.03337569197012158,0.0,-0.032824868605786706
SPY,2019-02-04,2018-08-06,2019-02-04,125,0.049839050107111316,8.324898233915106e-06,0.1940519292684878,0.769341102658247,0.009802824332476218,2.016,-0.03337569197012158,0.0,-0.032824868605786706
SPY,2019-02-05,2018-08-06,2019-02-05,126,0.049839050107111316,8.324898233915106e-06,0.19249312751276046,0.7686692033425011,0.009478289233002583,2.0,-0.03337569197012158,0.0,-0.032824868605786706
SPY,2019-02-06,2018-08-07,2019-02-06,126,0.049839050107111316,8.408564852124646e-06,0.19249312751276046,0.7671624451765939,0.00899789376601627,2.0,-0.03337569197012158,0.0,-0.032824868605786706
SPY,2019-02-07,2018-08-08,2019-02-07,126,0.049839050107111316,8.664643775914019e-06,0.19249312751276046,0.7659959857413088,0.008494858509756153,2.0,-0.03337569197012158,0.0,-0.032824868605786706
SPY,2019-02-08,2018-08-09,2019-02-08,126,0.049839050107111316,8.928521463982716e-06,0.19249312751276046,0.7627294305868149,0.0089957011600189,2.0,-0.03337569197012158,0.0,-0.032824868605786706
SPY,2019-02-11,2018-08-13,2019-02-11,125,0.049839050107111316,9.200435424062274e-06,0.19562029237069065,0.7580592258763094,0.008407948703074694,2.016,-0.03337569197012158,0.0,-0.032824868605786706
SPY,2019-02-12,2018-08-13,2019-02-12,126,0.049839050107111316,9.48063039707153e-06,0.1909438771624892,0.7611305845017635,0.008031195142678357,2.0,-0.03337569197012158,0.0,-0.032824868605786706
SPY,2019-02-13,2018-08-14,2019-02-13,126,0.049839050107111316,9.57591231662534e-06,0.1894041674488381,0.7607390739112081,0.009433750683597369,2.0,-0.03337569197012158,0.0,-0.032824868605786706
SPY,2019-02-14,2018-08-15,2019-02-14,126,0.049839050107111316,9.672151835390764e-06,0.1909438771624892,0.7588240614650089,0.008883632998094524,2.0,-0.03337569197012158,0.0,-0.032824868605786706
SPY,2019-02-15,2018-08-16,2019-02-15,126,0.049839050107111316,1.00668798398994e-05,0.19249312751276046,0.7568977674125603,0.008483855481680444,2.0,-0.03337569197012158,0.0,-0.032824868605786706
SPY,2019-02-19,2018-08-20,2019-02-19,125,0.049839050107111316,1.0373461973789583e-05,0.1894041674488381,0.7573585535727397,0.009333790284914193,2.016,-0.03337569197012158,0.0,-0.032824868605786706
SPY,2019-02-20,2018-08-21,2019-02-20,125,0.049839050107111316,1.0373461973789583e-05,0.18787398678702782,0.7577819095694438,0.008750829720590592,2.016,-0.03337569197012158,0.0,-0.032824868605786706
SPY,2019-02-21,2018-08-22,2019-02-21,125,0.049839050107111316,1.0689380923685868e-05,0.18787398678702782,0.754658317218697,0.008321444544882492,2.016,-0.03337569197012158,0.0,-0.032824868605786706
SPY,2019-02-22,2018-08-23,2019-02-22,125,0.049839050107111316,1.1014921037968327e-05,0.18787398678702782,0.751929352547215,0.008117126937410126,2.016,-0.03337569197012158,0.0,-0.032824868605786706
SPY,2019-02-25,2018-08-27,2019-02-25,124,0.049839050107111316,1.1579668116080283e-05,0.1894041674488381,0.7470874152662442,0.008291300625486846,2.032258064516129,-0.03337569197012158,0.0,-0.032824868605786706
SPY,2019-02-26,2018-08-27,2019-02-26,125,0.049839050107111316,1.146444849319583e-05,0.1909438771624892,0.7450807337549703,0.007893061907767798,2.016,-0.03337569197012158,0.0,-0.032824868605786706
SPY,2019-02-27,2018-08-28,2019-02-27,125,0.049839050107111316,1.1350375324714433e-05,0.1940519292684878,0.7439561474667535,0.007584262952944612,2.016,-0.03337569197012158,0.0,-0.032824868605786706
SPY,2019-02-28,2018-08-29,2019-02-28,125,0.049839050107111316,1.1350375324714433e-05,0.19562029237069065,0.7425074966542617,0.007342549842478625,2.016,-0.03337569197012158,0.0,-0.032824868605786706
SPY,2019-03-01,2018-09-04,2019-03-01,123,0.049839050107111316,1.2544104718117823e-05,0.1909438771624892,0.7402028996521848,0.0075273953789584454,2.048780487804878,-0.03337569197012158,0.0,-0.032824868605786706
SPY,2019-03-04,2018-09-05,2019-03-04,123,0.049839050107111316,1.2544104718117823e-05,0.18787398678702782,0.7423756632520843,0.00795923065414375,2.048780487804878,-0.03337569197012158,0.0,-0.032824868605786706
SPY,2019-03-05,2018-09-06,2019-03-05,123,0.049839050107111316,1.2419288790704708e-05,0.18635332278823966,0.7437648092105511,0.00789960812855988,2.048780487804878,-0.03337569197012158,0.0,-0.032824868605786706
SPY,2019-03-06,2018-09-07,2019-03-06,123,0.049839050107111316,1.2544104718117823e-05,0.18484216227154635,0.7445026255977693,0.007728534783466446,2.048780487804878,-0.03337569197012158,0.0,-0.032824868605786706
SPY,2019-03-07,2018-09-10,2019-03-07,123,0.049839050107111316,1.2797512442859747e-05,0.18184829507192832,0.7459299679348829,0.008144897488774831,2.048780487804878,-0.03337569197012158,0.0,-0.032824868605786706
SPY,2019-03-08,2018-09-10,2019-03-08,124,0.049839050107111316,1.2670175066456205e-05,0.18184829507192832,0.745267876109688,0.0085798974573187,2.032258064516129,-0.03337569197012158,0.0,-0.032824868605786706
SPY,2019-03-11,2018-09-12,2019-03-11,123,0.049839050107111316,1.4429154987372239e-05,0.17742839664684684,0.7408783256374823,0.008582324819434488,2.048780487804878,-0.03337569197012158,0.0,-0.032824868605786706
SPY,2019-03-12,2018-09-13,2019-03-12,123,0.049839050107111316,1.4285582496388866e-05,0.17024980642590473,0.7458466955674611,0.01020661471833604,2.048780487804878,-0.03337569197012158,0.0,-0.032824868605786706
SPY,2019-03-13,2018-09-14,2019-03-13,123,0.049839050107111316,1.4429154987372239e-05,0.16744368089061215,0.7476084031177253,0.009686060260987612,2.048780487804878,-0.03337569197012158,0.0,-0.032824868605786706
SPY,2019-03-14,2018-09-17,2019-03-14,123,0.049839050107111316,1.4285582496388866e-05,0.1646746167219794,0.7500940344021682,0.009587547355192268,2.048780487804878,-0.03337569197012158,0.0,-0.032824868605786706
SPY,2019-03-15,2018-09-17,2019-03-15,124,0.049839050107111316,1.3863379727759332e-05,0.1633039247385475,0.7520875302913786,0.009060349526806052,2.032258064516129,-0.03337569197012158,0.0,-0.032824868605786706
SPY,2019-03-18,2018-09-19,2019-03-18,123,0.049839050107111316,1.358886641669747e-05,0.15924691673300642,0.7579987504482385,0.008719994975095288,2.048780487804878,-0.03337569197012158,0.0,-0.032824868605786706
SPY,2019-03-19,2018-09-20,2019-03-19,123,0.049839050107111316,1.2670175066456227e-05,0.15396510102647532,0.7678694897051505,0.008491857250006438,2.048780487804878,-0.03337569197012158,0.0,-0.032824868605786706
SPY,2019-03-20,2018-09-21,2019-03-20,123,0.049839050107111316,1.0796810987995264e-05,0.14506762802774154,0.7879359533288844,0.008107691992456739,2.048780487804878,-0.03337569197012158,0.0,-0.032824868605786706
SPY,2019-03-21,2018-09-24,2019-03-21,123,0.049839050107111316,9.96671271186529e-06,0.13425984870518967,0.8033140134862031,0.008025686429963512,2.048780487804878,-0.03337569197012158,0.0,-0.032824868605786706
SPY,2019-03-22,2018-09-24,2019-03-22,124,0.049839050107111316,1.3319788833389682e-05,0.14882742221770712,0.7739453147988776,0.009222052989586345,2.032258064516129,-0.03337569197012158,0.0,-0.032824868605786706
SPY,2019-03-25,2018-09-26,2019-03-25,123,0.049839050107111316,8.493072333826605e-06,0.11570125753083264,0.8303964447121467,0.010691728142104387,2.048780487804878,-0.03337569197012158,0.0,-0.032824868605786706
SPY,2019-03-26,2018-09-27,2019-03-26,123,0.049839050107111316,6.167236297005381e-06,0.10680767176081947,0.851817749952271,0.009737478425856202,2.048780487804878,-0.03337569197012158,0.0,-0.032824868605786706
SPY,2019-03-27,2018-09-28,2019-03-27,123,0.049839050107111316,4.851319897005345e-06,0.10305169439251523,0.8619762154811244,0.009285079473652353,2.048780487804878,-0.03337569197012158,0.0,-0.032824868605786706
SPY,2019-03-28,2018-10-01,2019-03-28,123,0.049839050107111316,4.011843300509736e-06,0.10213114111090456,0.866378656642806,0.008787605045684408,2.048780487804878,-0.03337569197012158,0.0,-0.032824868605786706
SPY,2019-03-29,2018-10-01,2019-03-29,124,0.049839050107111316,3.93240348067424e-06,0.10213114111090456,0.8666801404155975,0.008470621121450273,2.032258064516129,-0.03337569197012158,0.0,-0.032824868605786706
SPY,2019-04-01,2018-10-02,2019-04-01,124,0.049839050107111316,3.740617899826359e-06,0.10585753080698815,0.8648316857771707,0.0083433761232937,2.032258064516129,-0.03337569197012158,0.0,-0.032824868605786706
SPY,2019-04-02,2018-10-03,2019-04-02,124,0.049839050107111316,3.418667350835077e-06,0.10776531186120664,0.8635460083399631,0.008680843152126224,2.032258064516129,-0.03337569197012158,0.0,-0.032824868605786706
SPY,2019-04-03,2018-10-04,2019-04-03,124,0.049839050107111316,3.032085939793337e-06,0.11266741924071251,0.8606714743991634,0.008140728574090815,2.032258064516129,-0.03337569197012158,0.0,-0.032824868605786706
SPY,2019-04-04,2018-10-05,2019-04-04,124,0.049839050107111316,2.855511000876829e-06,0.11468217041833789,0.8584570601812923,0.007675262281731993,2.032258064516129,-0.03337569197012158,0.0,-0.032824868605786706
SPY,2019-04-05,2018-10-08,2019-04-05,124,0.049839050107111316,2.8270981916870207e-06,0.11985660306590055,0.8526508035484854,0.007259304926148409,2.032258064516129,-0.03337569197012158,0.0,-0.032824868605786706
SPY,2019-04-08,2018-10-09,2019-04-08,124,0.049839050107111316,2.771117896799541e-06,0.12967880974359772,0.8428698356067919,0.006946196283420923,0.0,0.0,0.0,0.0
SPY,2019-04-09,2018-10-10,2019-04-09,124,0.049839050107111316,2.88420936354631e-06,0.14017759896918974,0.8319021135254964,0.006501514527009149,0.0,0.0,0.0,0.0
SPY,2019-04-10,2018-10-11,2019-04-10,124,0.049839050107111316,2.7435448130257302e-06,0.14383200270813357,0.8323617522079748,0.006560750213366428,0.0,0.0,0.0,0.0
SPY,2019-04-11,2018-10-12,2019-04-11,124,0.48740918343290945,2.464608032314593e-06,0.1372713636993323,0.8420227665277212,0.006254619877816321,6.096774193548387,-0.027708212398637855,0.007499034424170956,-0.02730051118605603
SPY,2019-04-12,2018-10-15,2019-04-12,124,0.3404239744195288,2.4763770442779046e-06,0.14604654571201967,0.8382646118081906,0.005973425875266747,4.064516129032258,-0.025205383746076837,0.008653677080023247,-0.02485386843092874
SPY,2019-04-15,2018-10-16,2019-04-15,124,0.2663860380385356,2.305242967048878e-06,0.15756058892152552,0.8241680680407341,0.005808005121331988,4.064516129032258,-0.025205383746076837,0.008653677080023247,-0.02485386843092874
SPY,2019-04-16,2018-10-17,2019-04-16,124,0.2663860380385356,2.0858700942500623e-06,0.15232455894633734,0.8281788462602684,0.005446741538235639,6.096774193548387,-0.027708212398637855,0.007499034424170956,-0.02730051118605603
SPY,2019-04-17,2018-10-18,2019-04-17,124,0.2663860380385356,1.9063417275597682e-06,0.16294196527008742,0.8195985571596002,0.004975924341511214,6.096774193548387,-0.027708212398637855,0.007499034424170956,-0.02730051118605603
SPY,2019-04-18,2018-10-19,2019-04-18,124,0.2663860380385356,1.6408035307026193e-06,0.15492451440006288,0.8265638558647828,0.004806171451616474,6.096774193548387,-0.027708212398637855,0.007499034424170956,-0.02730051118605603
SPY,2019-04-22,2018-10-23,2019-04-22,123,0.2663860380385356,1.3300094927198047e-06,0.1936376089762927,0.7961761224910101,0.004078412206549318,4.097560975609756,-0.025900089852176844,0.00963613987713328,-0.025522317959567387
SPY,2019-04-23,2018-10-24,2019-04-23,123,0.2663860380385356,2.547687486280847e-06,0.18595164259981928,0.788970410160971,0.004381313061097589,4.097560975609756,-0.025900089852176844,0.00963613987713328,-0.025522317959567387
SPY,2019-04-24,2018-10-25,2019-04-24,123,0.2663860380385356,2.3052429670488866e-06,0.19520343551942826,0.7880058648811423,0.005339894730794809,4.097560975609756,-0.025900089852176844,0.00963613987713328,-0.025522317959567387
SPY,2019-04-25,2018-10-26,2019-04-25,123,0.2663860380385356,2.0445670990741523e-06,0.19208134122463172,0.7929325381334833,0.005094183584597882,4.097560975609756,-0.025900089852176844,0.00963613987713328,-0.025522317959567387
SPY,2019-04-26,2018-10-29,2019-04-26,123,0.2663860380385356,1.944852385005402e-06,0.1967788301792293,0.7916833023223993,0.004763992646801868,4.097560975609756,-0.025900089852176844,0.00963613987713328,-0.025522317959567387
SPY,2019-04-29,2018-10-30,2019-04-29,123,0.2663860380385356,1.6739499607434497e-06,0.19677883017922934,0.7934641802795439,0.004627207844838534,4.097560975609756,-0.025900089852176844,0.00963613987713328,-0.025522317959567387
SPY,2019-04-30,2018-10-31,2019-04-30,123,0.2663860380385356,1.3705143119743388e-06,0.19677883017922934,0.7969090316218692,0.004191792358684448,2.048780487804878,-0.019086310000593798,0.0,-0.018905319694030198
SPY,2019-05-01,2018-11-02,2019-05-01,122,0.2663860380385356,2.3993217172357076e-06,0.1905346221027371,0.7900913361635207,0.004395453046221989,4.131147540983607,-0.025900089852176844,0.00963613987713328,-0.025522317959567387
SPY,2019-05-02,2018-11-05,2019-05-02,122,0.2663860380385356,2.2371127411167e-06,0.18595164259981922,0.7937882923079523,0.00554930234504325,4.131147540983607,-0.025900089852176844,0.00963613987713328,-0.025522317959567387
SPY,2019-05-03,2018-11-05,2019-05-03,123,0.2663860380385356,2.5732921711962127e-06,0.1936376089762926,0.785697117512508,0.005464582216419972,4.097560975609756,-0.025900089852176844,0.00963613987713328,-0.025522317959567387
SPY,2019-05-06,2018-11-07,2019-05-06,122,0.2663860380385356,2.6516605849962252e-06,0.19836380143256177,0.7783219101413558,0.006366465274113086,4.131147540983607,-0.025900089852176844,0.00963613987713328,-0.025522317959567387
SPY,2019-05-07,2018-11-08,2019-05-07,122,0.2663860380385356,3.91645175593504e-06,0.2503702085691606,0.7357165227442674,0.006825316460328307,0.0,0.0,0.0,0.0
SPY,2019-05-08,2018-11-09,2019-05-08,122,0.2663860380385356,3.8389008152374325e-06,0.23928211009277808,0.7414083094611493,0.010600534056613447,2.0655737704918034,-0.03271386970375989,0.0,-0.032184558706055966
SPY,2019-05-09,2018-11-12,2019-05-09,122,0.2663860380385356,3.7628854860519545e-06,0.2250292071707309,0.7496482882516647,0.009266279216650805,2.0655737704918034,-0.03271386970375989,0.0,-0.032184558706055966
SPY,2019-05-10,2018-11-12,2019-05-10,123,0.2663860380385356,3.725444149882896e-06,0.2198421386850039,0.7523497800328203,0.008395291684250955,2.048780487804878,-0.03271386970375989,0.0,-0.032184558706055966
SPY,2019-05-13,2018-11-14,2019-05-13,122,0.2663860380385356,4.200426549727766e-06,0.2579496933933285,0.7388996687856718,0.008020389103372902,2.0655737704918034,-0.02432755427031985,0.0,-0.024034024427366574
SPY,2019-05-14,2018-11-15,2019-05-14,122,0.2663860380385356,4.158631607233567e-06,0.24663651076931895,0.7446448354193645,0.014506949618755155,2.0655737704918034,-0.02432755427031985,0.0,-0.024034024427366574
SPY,2019-05-15,2018-11-16,2019-05-15,122,0.2663860380385356,4.200426549727766e-06,0.23386577539329773,0.7499723398958688,0.012930231467802361,2.0655737704918034,-0.02432755427031985,0.0,-0.024034024427366574
SPY,2019-05-16,2018-11-19,2019-05-16,122,0.2663860380385356,4.200426549727766e-06,0.23386577539329773,0.74760140372876,0.011585432527353076,2.0655737704918034,-0.02432755427031985,0.0,-0.024034024427366574
SPY,2019-05-17,2018-11-19,2019-05-17,123,0.2663860380385356,4.285280794716227e-06,0.22853516270429536,0.748791756983154,0.010875388653148495,2.048780487804878,-0.02432755427031985,0.0,-0.024034024427366574
SPY,2019-05-20,2018-11-21,2019-05-20,122,0.2663860380385356,4.550267760038635e-06,0.23928211009277808,0.739829671738168,0.010206328106714032,4.131147540983607,-0.02852071198703987,0.005930020512154852,-0.028100747335113474
SPY,2019-05-21,2018-11-23,2019-05-21,122,0.2663860380385356,4.550267760038627e-06,0.23386577539329773,0.7405939415787304,0.00973139338707377,4.131147540983607,-0.02852071198703987,0.005930020512154852,-0.028100747335113474
SPY,2019-05-22,2018-11-23,2019-05-22,123,0.2663860380385356,4.595998711304717e-06,0.23566171409585845,0.73733694696617,0.0093171753720616,4.097560975609756,-0.02852071198703987,0.005930020512154852,-0.028100747335113474
SPY,2019-05-23,2018-11-26,2019-05-23,123,0.2663860380385356,4.595998711304717e-06,0.22853516270429547,0.7425886199154117,0.008517383384345439,4.097560975609756,-0.02852071198703987,0.005930020512154852,-0.028100747335113474
SPY,2019-05-24,2018-11-26,2019-05-24,124,0.2663860380385356,4.550267760038627e-06,0.22329059467682147,0.7450097756703303,0.009768451943201115,4.064516129032258,-0.02852071198703987,0.005930020512154852,-0.028100747335113474
SPY,2019-05-28,2018-11-29,2019-05-28,122,0.21026396072548692,5.3016061740001e-06,0.2057099081015844,0.75154291070564,0.008684527150756556,4.131147540983607,-0.02852071198703987,0.005930020512154852,-0.028100747335113474
SPY,2019-05-29,2018-11-30,2019-05-29,122,0.21026396072548692,5.093727222524054e-06,0.21399759458904194,0.7381849717439767,0.008736225762045049,4.131147540983607,-0.02852071198703987,0.005930020512154852,-0.028100747335113474
SPY,2019-05-30,2018-12-03,2019-05-30,122,0.21026396072548692,5.3016061740001e-06,0.21065368339305393,0.7320061047433372,0.008497495800190973,4.131147540983607,-0.02852071198703987,0.005930020512154852,-0.028100747335113474
SPY,2019-05-31,2018-12-03,2019-05-31,123,0.21026396072548692,5.3548882018632655e-06,0.20734822230065464,0.7376840056628478,0.007735268666710056,4.097560975609756,-0.02852071198703987,0.005930020512154852,-0.028100747335113474
SPY,2019-06-03,2018-12-04,2019-06-03,123,0.21026396072548692,5.3016061740001e-06,0.1929488604126531,0.7433375757705515,0.009273089722798163,4.097560975609756,-0.02852071198703987,0.005930020512154852,-0.028100747335113474
SPY,2019-06-04,2018-12-06,2019-06-04,123,0.21026396072548692,5.4630641192343565e-06,0.20570990810158432,0.7450495076005834,0.008732398675060234,2.048780487804878,-0.02432755427031985,0.0,-0.024034024427366574
SPY,2019-06-05,2018-12-06,2019-06-05,124,0.21026396072548692,5.408705723009021e-06,0.20246209928703773,0.747629231924571,0.012078552400414277,2.032258064516129,-0.02432755427031985,0.0,-0.024034024427366574
SPY,2019-06-06,2018-12-07,2019-06-06,124,0.21026396072548692,5.517968826424174e-06,0.20899614683493317,0.7376584806806119,0.01120199761202249,2.032258064516129,-0.02432755427031985,0.0,-0.024034024427366574
SPY,2019-06-07,2018-12-10,2019-06-07,124,0.21026396072548692,6.606208088159898e-06,0.21399759458904183,0.7239462592991872,0.010251196460938706,2.032258064516129,-0.02432755427031985,0.0,-0.024034024427366574
SPY,2019-06-10,2018-12-11,2019-06-10,124,0.21026396072548692,6.284019517832297e-06,0.21232083271662194,0.7249145142780656,0.010059226157959783,2.032258064516129,-0.02432755427031985,0.0,-0.024034024427366574
SPY,2019-06-11,2018-12-12,2019-06-11,124,0.21026396072548692,6.221492478906383e-06,0.21737995025668916,0.7173270088183687,0.009003243495181357,2.032258064516129,-0.02432755427031985,0.0,-0.024034024427366574
SPY,2019-06-12,2018-12-13,2019-06-12,124,0.21026396072548692,6.4109651328467715e-06,0.22600385457815395,0.7038913040825959,0.007902623773949539,2.032258064516129,-0.02432755427031985,0.0,-0.024034024427366574
SPY,2019-06-13,2018-12-14,2019-06-13,124,0.21026396072548692,6.807397076684732e-06,0.24212903304683978,0.6820425482391873,0.007033883022562541,2.032258064516129,-0.02432755427031985,0.0,-0.024034024427366574
SPY,2019-06-14,2018-12-17,2019-06-14,124,0.21026396072548692,7.085212221619231e-06,0.24581678913587204,0.6723872575144727,0.006528046728196395,2.032258064516129,-0.02432755427031985,0.0,-0.024034024427366574
SPY,2019-06-17,2018-12-18,2019-06-17,124,0.21026396072548692,7.59894807360899e-06,0.27466097960895597,0.6452567768980813,0.0059487078952093885,2.032258064516129,-0.02432755427031985,0.0,-0.024034024427366574
SPY,2019-06-18,2018-12-19,2019-06-18,124,0.21026396072548692,8.068840779858487e-06,0.2609424327246589,0.6475346790310886,0.005624617283150299,2.032258064516129,-0.02432755427031985,0.0,-0.024034024427366574
SPY,2019-06-19,2018-12-20,2019-06-19,124,0.21026396072548692,8.068840779858487e-06,0.2571052204692218,0.6467891835512468,0.006954825518109486,2.032258064516129,-0.02432755427031985,0.0,-0.024034024427366574
SPY,2019-06-20,2018-12-21,2019-06-20,124,0.21026396072548692,8.398136418919618e-06,0.2225255161419233,0.6610477871523357,0.006396276639337257,2.032258064516129,-0.02432755427031985,0.0,-0.024034024427366574
SPY,2019-06-21,2018-12-24,2019-06-21,124,0.21026396072548692,8.398136418919618e-06,0.2242598937170817,0.6595722821296632,0.007217049638969644,6.096774193548387,-0.0011092934136425943,0.0428923082632779,-0.00018940042104176325
SPY,2019-06-24,2018-12-26,2019-06-24,124,0.21026396072548692,6.159587594412976e-06,0.06594013934463515,0.8132212534552848,0.006944917145381082,4.064516129032258,0.012029704792552831,0.05141692885742667,0.013441085101916217
SPY,2019-06-25,2018-12-26,2019-06-25,125,0.21026396072548692,6.221492478906394e-06,0.06411639045071205,0.8158584046781178,0.0068206315202827906,4.032,0.012029704792552831,0.05141692885742667,0.013441085101916217
SPY,2019-06-26,2018-12-27,2019-06-26,125,0.21026396072548692,1.0783420614703798e-05,0.10613514396440729,0.7151260779288935,0.00760483379517635,6.048,-0.005134706476293142,0.033648835021925276,-0.004558164319712565
SPY,2019-06-27,2018-12-28,2019-06-27,125,0.21026396072548692,1.1798941526985504e-05,0.10519028032786999,0.6949972254401698,0.007230434428302294,6.048,-0.005134706476293142,0.033648835021925276,-0.004558164319712565
SPY,2019-06-28,2018-12-31,2019-06-28,125,0.21026396072548692,1.133629841230345e-05,0.11296063271348274,0.6889612289292046,0.0068850817633918085,4.032,-0.024561401287858775,0.00033070962372404533,-0.024262171119320053
SPY,2019-07-01,2019-01-02,2019-07-01,125,0.21026396072548692,1.0891795793620392e-05,0.10425284614219962,0.6972730371010211,0.006770495259397,6.048,-0.005134706476293142,0.033648835021925276,-0.004558164319712565
SPY,2019-07-02,2019-01-03,2019-07-02,125,0.21026396072548692,1.122350035843195e-05,0.1334403179925134,0.6560194406993922,0.006768943349839956,4.032,-0.024561401287858775,0.00033070962372404533,-0.024262171119320053
SPY,2019-07-03,2019-01-04,2019-07-03,125,0.21026396072548692,1.1111824663949283e-05,4.686956128743618e-06,0.7732033963575663,0.006999660392435673,4.032,0.004695564438259137,0.04104488810003672,0.005553268404162814
SPY,2019-07-05,2019-01-07,2019-07-05,125,0.21026396072548692,1.1111824663949283e-05,0.021242874775177247,0.7516632887541138,0.0068945414946287135,2.016,-0.02432755427031985,0.0,-0.024034024427366574
SPY,2019-07-08,2019-01-09,2019-07-08,124,0.21026396072548692,1.1001260161192894e-05,0.025080456796724226,0.7504478768269178,0.00683414058762901,2.032258064516129,-0.02432755427031985,0.0,-0.024034024427366574
SPY,2019-07-09,2019-01-10,2019-07-09,124,0.21026396072548692,1.0891795793620374e-05,0.02764519777355682,0.7484728883450732,0.006806818306810072,2.032258064516129,-0.02432755427031985,0.0,-0.024034024427366574
SPY,2019-07-10,2019-01-11,2019-07-10,124,0.21026396072548692,1.078342061470374e-05,0.031362647498582634,0.7456106010406003,0.006703361190106333,2.032258064516129,-0.02432755427031985,0.0,-0.024034024427366574
SPY,2019-07-11,2019-01-14,2019-07-11,124,0.21026396072548692,9.097592575185728e-06,0.0443496739154572,0.7646138453760987,0.006506418918555491,2.032258064516129,-0.02432755427031985,0.0,-0.024034024427366574
SPY,2019-07-12,2019-01-14,2019-07-12,125,0.21026396072548692,8.068840779858516e-06,0.05115941598870926,0.7781267365241863,0.00633131471516129,2.016,-0.02432755427031985,0.0,-0.024034024427366574
SPY,2019-07-15,2019-01-16,2019-07-15,124,0.21026396072548692,7.830370495727764e-06,0.056770086870708156,0.7749119693853795,0.00622547374219319,4.064516129032258,-0.021706932135456825,0.0037061193649784263,-0.021466311944104532
SPY,2019-07-16,2019-01-17,2019-07-16,124,0.21026396072548692,7.085212221619281e-06,0.07107338167675686,0.7750643506520372,0.005948546543452316,4.064516129032258,-0.021706932135456825,0.0037061193649784263,-0.021466311944104532
SPY,2019-07-17,2019-01-18,2019-07-17,124,0.21026396072548692,7.014713182091744e-06,0.06414533163501122,0.7821330685214868,0.006020397913458088,4.064516129032258,-0.021706932135456825,0.0037061193649784263,-0.021466311944104532
SPY,2019-07-18,2019-01-22,2019-07-18,124,0.21026396072548692,6.739662344036341e-06,0.05019729366000697,0.7989348520301013,0.0062536197534226925,4.064516129032258,-0.021706932135456825,0.0037061193649784263,-0.021466311944104532
SPY,2019-07-19,2019-01-22,2019-07-19,125,0.21026396072548692,6.606208088159921e-06,0.048324239695765776,0.8042852383534586,0.006211501034065915,4.032,-0.021706932135456825,0.0037061193649784263,-0.021466311944104532
SPY,2019-07-22,2019-01-23,2019-07-22,125,0.21026396072548692,6.54047521939514e-06,0.05677008687070811,0.7971465943143776,0.00627384688224293,4.032,-0.021706932135456825,0.0037061193649784263,-0.021466311944104532
SPY,2019-07-23,2019-01-24,2019-07-23,125,0.21026396072548692,6.54047521939514e-06,0.05895020368157593,0.7953032793246982,0.0061665411398625775,4.032,-0.021706932135456825,0.0037061193649784263,-0.021466311944104532
SPY,2019-07-24,2019-01-25,2019-07-24,125,0.21026396072548692,6.4753964036027135e-06,0.0659698456521969,0.7881431975553499,0.006173582694492998,4.032,-0.021706932135456825,0.0037061193649784263,-0.021466311944104532
SPY,2019-07-25,2019-01-28,2019-07-25,125,0.21026396072548692,6.410965132846829e-06,0.06354767525174633,0.7914161628366387,0.006125862994731914,4.032,-0.021706932135456825,0.0037061193649784263,-0.021466311944104532
SPY,2019-07-26,2019-01-28,2019-07-26,126,0.21026396072548692,6.410965132846829e-06,0.06354767525174633,0.7914153177149578,0.006202513693411842,4.0,-0.021706932135456825,0.0037061193649784263,-0.021466311944104532
SPY,2019-07-29,2019-01-30,2019-07-29,125,0.21026396072548692,6.159587594412998e-06,0.06847758072768792,0.7896698777265909,0.006223369673800992,4.032,-0.021706932135456825,0.0037061193649784263,-0.021466311944104532
SPY,2019-07-30,2019-01-31,2019-07-30,125,0.21026396072548692,6.098298673812028e-06,0.07796487515364234,0.7828125929796182,0.006062699666542259,4.032,-0.021706932135456825,0.0037061193649784263,-0.021466311944104532
SPY,2019-07-31,2019-02-01,2019-07-31,125,0.21026396072548692,6.347174963946718e-06,0.06847758072768792,0.7908665060434908,0.006112449772260567,4.032,-0.021706932135456825,0.0037061193649784263,-0.021466311944104532
SPY,2019-08-01,2019-02-04,2019-08-01,125,0.21026396072548692,6.410965132846829e-06,0.07375978259350659,0.7863810451314429,0.00678195061298491,4.032,-0.021706932135456825,0.0037061193649784263,-0.021466311944104532
SPY,2019-08-02,2019-02-04,2019-08-02,126,0.21026396072548692,6.410965132846829e-06,0.0765393475246924,0.785200053575808,0.007080704506905936,4.0,-0.021706932135456825,0.0037061193649784263,-0.021466311944104532
SPY,2019-08-05,2019-02-06,2019-08-05,125,0.21026396072548692,6.098298673812039e-06,0.2571973083402436,0.6862871542729161,0.00865561016813978,4.032,-0.027234593363049786,0.004111174111287451,-0.026858851920162907
SPY,2019-08-06,2019-02-07,2019-08-06,125,0.21026396072548692,6.037619588160382e-06,0.25529213875221407,0.6869905404976286,0.01738200192085351,4.032,-0.027234593363049786,0.004111174111287451,-0.026858851920162907
SPY,2019-08-07,2019-02-08,2019-08-07,125,0.21026396072548692,6.098298673812039e-06,0.2296057575537226,0.7018817356218245,0.015305426720796945,4.032,-0.027234593363049786,0.004111174111287451,-0.026858851920162907
SPY,2019-08-08,2019-02-11,2019-08-08,125,0.21026396072548692,6.037619588160382e-06,0.25150970087984975,0.6893987374509286,0.013328763810339768,4.032,-0.027234593363049786,0.004111174111287451,-0.026858851920162907
SPY,2019-08-09,2019-02-11,2019-08-09,126,0.21026396072548692,5.977544269498909e-06,0.2440571251583475,0.6940259358536542,0.014370051778633848,4.0,-0.027234593363049786,0.004111174111287451,-0.026858851920162907
SPY,2019-08-12,2019-02-13,2019-08-12,125,0.21026396072548692,6.037619588160382e-06,0.26103541140166686,0.6837669730610296,0.012890975023064534,4.032,-0.027234593363049786,0.004111174111287451,-0.026858851920162907
SPY,2019-08-13,2019-02-14,2019-08-13,125,0.21026396072548692,6.037619588160382e-06,0.26882182767648044,0.6790349428431148,0.012769225745893469,4.032,-0.027234593363049786,0.004111174111287451,-0.026858851920162907
SPY,2019-08-14,2019-02-15,2019-08-14,125,0.21026396072548692,5.093727222524063e-06,0.3163269393861442,0.6777885296082734,0.013813523233755344,4.032,-0.027234593363049786,0.004111174111287451,-0.026858851920162907
SPY,2019-08-15,2019-02-19,2019-08-15,125,0.21026396072548692,4.943184832212928e-06,0.3120195976599761,0.6849364816280401,0.020530787160185617,4.032,-0.027234593363049786,0.004111174111287451,-0.026858851920162907
SPY,2019-08-16,2019-02-19,2019-08-16,126,0.21026396072548692,4.8939993213238195e-06,0.3120195976599761,0.685054332263374,0.017164474048614774,4.0,-0.027234593363049786,0.004111174111287451,-0.026858851920162907
SPY,2019-08-19,2019-02-20,2019-08-19,126,0.21026396072548692,5.248854311172372e-06,0.30350203569523915,0.6831553978913454,0.01603694329466536,4.0,-0.027234593363049786,0.004111174111287451,-0.026858851920162907
SPY,2019-08-20,2019-02-21,2019-08-20,126,0.21026396072548692,5.686015995402973e-06,0.2930420073829858,0.6804606414092905,0.014538078767858746,4.0,-0.027234593363049786,0.004111174111287451,-0.026858851920162907
SPY,2019-08-21,2019-02-22,2019-08-21,126,0.21026396072548692,6.098298673812018e-06,0.28891754388659885,0.6752319070420957,0.01291751843072655,4.0,-0.027234593363049786,0.004111174111287451,-0.026858851920162907
SPY,2019-08-22,2019-02-25,2019-08-22,126,0.21026396072548692,6.672601583238685e-06,0.28891754388659885,0.6639689683509117,0.011362680765815274,4.0,-0.027234593363049786,0.004111174111287451,-0.026858851920162907
SPY,2019-08-23,2019-02-25,2019-08-23,127,0.21026396072548692,4.128895039847465e-06,0.2591117421171016,0.740885010144351,0.011251757270838568,3.968503937007874,-0.027234593363049786,0.004111174111287451,-0.026858851920162907
SPY,2019-08-26,2019-02-27,2019-08-26,126,0.21026396072548692,4.087811847768748e-06,0.24221750814977147,0.7519070375288991,0.016665844445736825,4.0,-0.027234593363049786,0.004111174111287451,-0.026858851920162907
SPY,2019-08-27,2019-02-28,2019-08-27,126,0.21026396072548692,4.170391124870924e-06,0.22784219494774283,0.7578791653989901,0.015172628019477524,4.0,-0.027234593363049786,0.004111174111287451,-0.026858851920162907
SPY,2019-08-28,2019-03-01,2019-08-28,126,0.21026396072548692,4.428273709776354e-06,0.21916803187695857,0.7575343181939113,0.01329771780565362,4.0,-0.027234593363049786,0.004111174111287451,-0.026858851920162907
SPY,2019-08-29,2019-03-01,2019-08-29,127,0.21026396072548692,4.428273709776354e-06,0.21916803187695857,0.7575333480308684,0.012062802050258939,3.968503937007874,-0.027234593363049786,0.004111174111287451,-0.026858851920162907
SPY,2019-08-30,2019-03-01,2019-08-30,128,0.21026396072548692,4.655316157929705e-06,0.2140786978170888,0.755188619835608,0.011912249958497987,3.9375,-0.027234593363049786,0.004111174111287451,-0.026858851920162907
SPY,2019-09-03,2019-03-04,2019-09-03,128,0.21026396072548692,4.797091641925728e-06,0.2140786978170888,0.7520945904493047,0.01050000643661931,3.9375,-0.027234593363049786,0.004111174111287451,-0.026858851920162907
SPY,2019-09-04,2019-03-05,2019-09-04,128,0.21026396072548692,4.797091641925728e-06,0.2140786978170888,0.752093633490143,0.010014813748025436,3.9375,-0.027234593363049786,0.004111174111287451,-0.026858851920162907
SPY,2019-09-05,2019-03-06,2019-09-05,128,0.21026396072548692,4.749359782568092e-06,0.21240147241055424,0.7540206393603259,0.010093054263267112,3.9375,-0.027234593363049786,0.004111174111287451,-0.026858851920162907
SPY,2019-09-06,2019-03-07,2019-09-06,128,0.21026396072548692,4.797091641925728e-06,0.21073385951801651,0.7525945649255343,0.01059448876865571,3.9375,-0.027234593363049786,0.004111174111287451,-0.026858851920162907
SPY,2019-09-09,2019-03-11,2019-09-09,127,0.21026396072548692,4.943184832212884e-06,0.21240147241055424,0.7469679015861159,0.00935972189998506,3.968503937007874,-0.027234593363049786,0.004111174111287451,-0.026858851920162907
SPY,2019-09-10,2019-03-11,2019-09-10,128,0.21026396072548692,5.093727222524018e-06,0.21576553450472602,0.7401804456574201,0.008302239992567517,3.9375,-0.027234593363049786,0.004111174111287451,-0.026858851920162907
SPY,2019-09-11,2019-03-12,2019-09-11,128,0.21026396072548692,5.248854311172325e-06,0.23675543510768143,0.7256943837912454,0.007394128192643663,3.9375,-0.027234593363049786,0.004111174111287451,-0.026858851920162907
SPY,2019-09-12,2019-03-13,2019-09-12,128,0.21026396072548692,5.196627338149766e-06,0.23675543510768143,0.7249729059712732,0.007359769697107028,3.9375,-0.027234593363049786,0.004111174111287451,-0.026858851920162907
SPY,2019-09-13,2019-03-14,2019-09-13,128,0.21026396072548692,5.1449200321915585e-06,0.23856664553295168,0.7225196799160309,0.006702468757881496,3.9375,-0.027234593363049786,0.004111174111287451,-0.026858851920162907
SPY,2019-09-16,2019-03-18,2019-09-16,127,0.21026396072548692,4.749359782568084e-06,0.23137887493057727,0.7297102306884139,0.006142707941618529,3.968503937007874,-0.027234593363049786,0.004111174111287451,-0.026858851920162907
SPY,2019-09-17,2019-03-18,2019-09-17,128,0.21026396072548692,4.608994988208105e-06,0.23856664553295162,0.7250228471968914,0.0059067611000763335,3.9375,-0.027234593363049786,0.004111174111287451,-0.026858851920162907
SPY,2019-09-18,2019-03-19,2019-09-18,128,0.21026396072548692,4.340588015361944e-06,0.24776463409674837,0.7198493395615031,0.00540571165179212,3.9375,-0.027234593363049786,0.004111174111287451,-0.026858851920162907
SPY,2019-09-19,2019-03-20,2019-09-19,128,0.21026396072548692,4.087811847768719e-06,0.2571973083402435,0.7137460594444457,0.004896171590360873,3.9375,-0.027234593363049786,0.004111174111287451,-0.026858851920162907
SPY,2019-09-20,2019-03-21,2019-09-20,128,0.21026396072548692,4.9928646657045215e-06,0.22960575755372253,0.7232816885029691,0.005008198146242368,3.9375,-0.027234593363049786,0.004111174111287451,-0.026858851920162907
SPY,2019-09-23,2019-03-25,2019-09-23,127,0.21026396072548692,4.3405880153619285e-06,0.22608819755363221,0.7386233022958498,0.006839558810696907,3.968503937007874,-0.027234593363049786,0.004111174111287451,-0.026858851920162907
SPY,2019-09-24,2019-03-25,2019-09-24,128,0.21026396072548692,4.517730772719055e-06,0.22784219494774274,0.7366107668944711,0.006294780476768443,3.9375,-0.027234593363049786,0.004111174111287451,-0.026858851920162907
SPY,2019-09-25,2019-03-26,2019-09-25,128,0.21026396072548692,4.472778600454002e-06,0.22784219494774274,0.736609812930447,0.007271293982270163,3.9375,-0.027234593363049786,0.004111174111287451,-0.026858851920162907
SPY,2019-09-26,2019-03-27,2019-09-26,128,0.21026396072548692,4.4282737097763225e-06,0.22784219494774274,0.7366088589676584,0.00704758987206205,3.9375,-0.027234593363049786,0.004111174111287451,-0.026858851920162907
SPY,2019-09-27,2019-03-28,2019-09-27,128,0.21026396072548692,4.472778600454002e-06,0.22960575755372253,0.7349255340834661,0.006591575828611288,3.9375,-0.027234593363049786,0.004111174111287451,-0.026858851920162907
SPY,2019-09-30,2019-04-01,2019-09-30,127,0.21026396072548692,4.608994988208089e-06,0.23137887493057727,0.7311515554607959,0.006695452934924749,3.968503937007874,-0.027234593363049786,0.004111174111287451,-0.026858851920162907
SPY,2019-10-01,2019-04-02,2019-10-01,127,0.21026396072548692,4.797091641925703e-06,0.24221750814977136,0.7297963455942422,0.006570064271354199,3.968503937007874,-0.027234593363049786,0.004111174111287451,-0.026858851920162907
SPY,2019-10-02,2019-04-03,2019-10-02,127,0.21026396072548692,5.14492003219154e-06,0.2688218276764804,0.714393967393761,0.009126107651491201,3.968503937007874,-0.027234593363049786,0.004111174111287451,-0.026858851920162907
SPY,2019-10-03,2019-04-04,2019-10-03,127,0.1362260243444937,5.454272699667851e-06,0.2551925006909286,0.7225835517255077,0.012318939404100941,3.968503937007874,-0.027234593363049786,0.004111174111287451,-0.026858851920162907
SPY,2019-10-04,2019-04-05,2019-10-04,127,0.1362260243444937,5.676865791197698e-06,0.2570971837589231,0.7144051362001411,0.011367290554670314,3.968503937007874,-0.027234593363049786,0.004111174111287451,-0.026858851920162907
SPY,2019-10-07,2019-04-08,2019-10-07,127,0.1362260243444937,5.908543079122757e-06,0.24953431368929835,0.7152653893209012,0.011947449869213613,3.968503937007874,-0.027234593363049786,0.004111174111287451,-0.026858851920162907
SPY,2019-10-08,2019-04-09,2019-10-08,127,0.1362260243444937,6.149675296530839e-06,0.25141104002043485,0.713475737002644,0.010731699997299298,3.968503937007874,-0.027234593363049786,0.004111174111287451,-0.026858851920162907
SPY,2019-10-09,2019-04-10,2019-10-09,127,0.1362260243444937,6.211480560774354e-06,0.2514110400204349,0.7134747839085226,0.012429323733571437,3.968503937007874,-0.027234593363049786,0.004111174111287451,-0.026858851920162907
SPY,2019-10-10,2019-04-11,2019-10-10,127,0.1362260243444937,6.464975891340519e-06,0.24212131169142873,0.7153068512027502,0.011553563671693336,3.968503937007874,-0.027234593363049786,0.004111174111287451,-0.026858851920162907
SPY,2019-10-11,2019-04-12,2019-10-11,127,0.1362260243444937,6.728816562601245e-06,0.23666072953728587,0.7162284933478515,0.010471204941329908,3.968503937007874,-0.027234593363049786,0.004111174111287451,-0.026858851920162907
SPY,2019-10-14,2019-04-15,2019-10-14,127,0.1362260243444937,6.9337395350739665e-06,0.2312856674803262,0.7166194514455257,0.010481412258357702,3.968503937007874,-0.027234593363049786,0.004111174111287451,-0.026858851920162907
SPY,2019-10-15,2019-04-16,2019-10-15,127,0.1362260243444937,7.144903341169714e-06,0.22425257336190352,0.7191161044973808,0.009294773330278836,3.968503937007874,-0.027234593363049786,0.004111174111287451,-0.026858851920162907
SPY,2019-10-16,2019-04-17,2019-10-16,127,0.1362260243444937,7.586719489188041e-06,0.21231379527926378,0.7198189377424542,0.00934752841842214,3.968503937007874,-0.027234593363049786,0.004111174111287451,-0.026858851920162907
SPY,2019-10-17,2019-04-18,2019-10-17,127,0.1362260243444937,7.73998138927674e-06,0.20898919032015775,0.7190253177503984,0.008446948151290408,3.968503937007874,-0.027234593363049786,0.004111174111287451,-0.026858851920162907
SPY,2019-10-18,2019-04-22,2019-10-18,127,0.1362260243444937,7.896339385122279e-06,0.2057030324889153,0.717971200522381,0.007735855603657533,3.968503937007874,-0.027234593363049786,0.004111174111287451,-0.026858851920162907
SPY,2019-10-21,2019-04-22,2019-10-21,128,0.1362260243444937,7.975698915296053e-06,0.2057030324889153,0.7158753274968789,0.007390126844096679,3.9375,-0.027234593363049786,0.004111174111287451,-0.026858851920162907
SPY,2019-10-22,2019-04-23,2019-10-22,128,0.1362260243444937,7.975698915296053e-06,0.2040743664341497,0.7166312068336518,0.007436278984984514,3.9375,-0.027234593363049786,0.004111174111287451,-0.026858851920162907
SPY,2019-10-23,2019-04-24,2019-10-23,128,0.1362260243444937,7.975698915296053e-06,0.21064668641754764,0.7114179778006453,0.007105859372636074,3.9375,-0.027234593363049786,0.004111174111287451,-0.026858851920162907
SPY,2019-10-24,2019-04-25,2019-10-24,128,0.1362260243444937,7.817769495467322e-06,0.2089891903201577,0.7129109228273676,0.00668440638935822,3.9375,-0.027234593363049786,0.004111174111287451,-0.026858851920162907
SPY,2019-10-25,2019-04-26,2019-10-25,128,0.1362260243444937,7.4364923780526126e-06,0.207341306241479,0.717171680573762,0.006283481764634161,3.9375,-0.027234593363049786,0.004111174111287451,-0.026858851920162907
SPY,2019-10-28,2019-04-29,2019-10-28,128,0.1362260243444937,7.003424775919548e-06,0.207341306241479,0.7218180699626758,0.00613684390722117,3.9375,-0.027234593363049786,0.004111174111287451,-0.026858851920162907
SPY,2019-10-29,2019-04-30,2019-10-29,128,0.1362260243444937,6.336960791652115e-06,0.21064668641754764,0.7255617264676149,0.006154335023436348,3.9375,-0.027234593363049786,0.004111174111287451,-0.026858851920162907
SPY,2019-10-30,2019-05-01,2019-10-30,128,0.1362260243444937,5.620380032791602e-06,0.21567684947628682,0.7286298957993288,0.00568756345264591,3.9375,-0.027234593363049786,0.004111174111287451,-0.026858851920162907
SPY,2019-10-31,2019-05-01,2019-10-31,129,0.1362260243444937,5.346270864067656e-06,0.2225182361402958,0.7267147477985333,0.005467464069801725,3.906976744186047,-0.027234593363049786,0.004111174111287451,-0.026858851920162907
SPY,2019-11-01,2019-05-02,2019-11-01,129,0.1362260243444937,5.9679249242919226e-06,0.2106466864175477,0.7289895610768619,0.005643483449421985,3.906976744186047,-0.027234593363049786,0.004111174111287451,-0.026858851920162907
SPY,2019-11-04,2019-05-06,2019-11-04,128,0.1362260243444937,5.620380032791592e-06,0.2057030324889153,0.7324227585394393,0.006737610790664925,3.9375,-0.027234593363049786,0.004111174111287451,-0.026858851920162907
SPY,2019-11-05,2019-05-06,2019-11-05,129,0.1362260243444937,5.400001779528745e-06,0.2040743664341497,0.7350574478684442,0.006349914655521639,3.906976744186047,-0.027234593363049786,0.004111174111287451,-0.026858851920162907
SPY,2019-11-06,2019-05-07,2019-11-06,129,0.1362260243444937,5.034928286713723e-06,0.21064668641754764,0.7311793470741079,0.005848943575667332,3.906976744186047,-0.027234593363049786,0.004111174111287451,-0.026858851920162907
SPY,2019-11-07,2019-05-08,2019-11-07,129,0.1362260243444937,5.620380032791582e-06,0.17931676341982505,0.7453003879465904,0.00570577884812496,3.906976744186047,-0.027234593363049786,0.004111174111287451,-0.026858851920162907
SPY,2019-11-08,2019-05-09,2019-11-08,129,0.1362260243444937,4.984829913199906e-06,0.20084584229429261,0.7339664394903637,0.005311154867105741,3.906976744186047,-0.027234593363049786,0.004111174111287451,-0.026858851920162907
SPY,2019-11-11,2019-05-13,2019-11-11,128,0.1362260243444937,4.5557915109462726e-06,0.2458089883731315,0.7001310512853558,0.0047990651242525145,1.96875,-0.03014163245577972,0.0,-0.029691903302619616
SPY,2019-11-12,2019-05-13,2019-11-12,129,0.1362260243444937,4.333602937102658e-06,0.24766695557476884,0.7003737970043606,0.004643213613262989,1.9534883720930234,-0.03014163245577972,0.0,-0.029691903302619616
SPY,2019-11-13,2019-05-14,2019-11-13,129,0.1362260243444937,3.7299666146233143e-06,0.27664850327610074,0.6953220314015046,0.0042326360086277675,1.9534883720930234,-0.03014163245577972,0.0,-0.029691903302619616
SPY,2019-11-14,2019-05-15,2019-11-14,129,0.1362260243444937,3.2104120170054495e-06,0.2826896036135843,0.6988005903628893,0.003849285811866,1.9534883720930234,-0.03014163245577972,0.0,-0.029691903302619616
SPY,2019-11-15,2019-05-16,2019-11-15,129,0.1362260243444937,4.377156370696964e-06,0.2687188170771411,0.69133304957771,0.004102777464300638,1.9534883720930234,-0.03014163245577972,0.0,-0.029691903302619616
SPY,2019-11-18,2019-05-20,2019-11-18,128,0.1362260243444937,4.1636799354477046e-06,0.26480828041384646,0.6961529492534124,0.005443094785480108,1.96875,-0.03014163245577972,0.0,-0.029691903302619616
SPY,2019-11-19,2019-05-20,2019-11-19,129,0.1362260243444937,3.921206092401e-06,0.26093431825542546,0.7009202428774888,0.004917162143799192,1.9534883720930234,-0.03014163245577972,0.0,-0.029691903302619616
SPY,2019-11-20,2019-05-21,2019-11-20,129,0.1362260243444937,3.843561009533828e-06,0.2609343182554255,0.7016363717707803,0.0045786282843250535,1.9534883720930234,-0.03014163245577972,0.0,-0.029691903302619616
SPY,2019-11-21,2019-05-22,2019-11-21,129,0.1362260243444937,3.619729441446228e-06,0.25901113248645485,0.7052030203837368,0.00473042949731942,1.9534883720930234,-0.03014163245577972,0.0,-0.029691903302619616
SPY,2019-11-22,2019-05-23,2019-11-22,129,0.1362260243444937,3.3750133609360723e-06,0.25901113248645485,0.7068669957079549,0.004447224872067382,1.9534883720930234,-0.03014163245577972,0.0,-0.029691903302619616
SPY,2019-11-25,2019-05-28,2019-11-25,128,0.1362260243444937,3.843561009533828e-06,0.26286671124270955,0.6979863899444249,0.004367845720904184,1.96875,-0.03014163245577972,0.0,-0.029691903302619616
SPY,2019-11-26,2019-05-28,2019-11-26,129,0.5737961576702919,3.557938318414571e-06,0.2450076435922894,0.7171541294183101,0.005139046505832606,1.9534883720930234,-0.03014163245577972,0.0,-0.029691903302619616
SPY,2019-11-27,2019-05-28,2019-11-27,130,0.4268109486569113,2.8404005878877283e-06,0.26634318888963654,0.7185924477107648,0.004617542833721746,1.9384615384615382,-0.03014163245577972,0.0,-0.029691903302619616
SPY,2019-11-29,2019-05-30,2019-11-29,129,0.37068887134386264,3.243875772749874e-06,0.25967441422481824,0.7111817399691555,0.004589320669134212,1.9534883720930234,-0.03014163245577972,0.0,-0.029691903302619616
SPY,2019-12-02,2019-06-03,2019-12-02,128,0.37068887134386264,3.6210673884135073e-06,0.2674349455763541,0.6948865093236282,0.005088299794717187,1.96875,-0.03014163245577972,0.0,-0.029691903302619616
SPY,2019-12-03,2019-06-04,2019-12-03,128,0.37068887134386264,3.80672348346893e-06,0.281364700387595,0.6798793801731758,0.007082157605160805,1.96875,-0.03014163245577972,0.0,-0.029691903302619616
SPY,2019-12-04,2019-06-05,2019-12-04,128,0.37068887134386264,3.5850371658933216e-06,0.2854246825027695,0.6867117872564136,0.0075438301131883195,1.96875,-0.03014163245577972,0.0,-0.029691903302619616
SPY,2019-12-05,2019-06-06,2019-12-05,128,0.37068887134386264,3.5140486737640453e-06,0.281364700387595,0.6895152437982401,0.007009611879871404,1.96875,-0.03014163245577972,0.0,-0.029691903302619616
SPY,2019-12-06,2019-06-07,2019-12-06,128,0.37068887134386264,3.5493654500772724e-06,0.283390300082795,0.6889322659185558,0.006135113039665415,1.96875,-0.03014163245577972,0.0,-0.029691903302619616
SPY,2019-12-09,2019-06-10,2019-12-09,128,0.31456679403081395,3.6313068156679114e-06,0.27247463286367385,0.7024875834981341,0.006881448084298871,1.96875,-0.03014163245577972,0.0,-0.029691903302619616
SPY,2019-12-10,2019-06-11,2019-12-10,128,0.31456679403081395,3.4889212388155783e-06,0.2784597245384239,0.6933946172897152,0.006393899377754536,1.96875,-0.03014163245577972,0.0,-0.029691903302619616
SPY,2019-12-11,2019-06-12,2019-12-11,128,0.31456679403081395,3.419835969558786e-06,0.2744607086279466,0.6949788042689639,0.005744178332267634,1.96875,-0.03014163245577972,0.0,-0.029691903302619616
SPY,2019-12-12,2019-06-13,2019-12-12,128,0.31456679403081395,3.419835969558786e-06,0.27049756337575936,0.6993573608189616,0.005237395830430927,1.96875,-0.03014163245577972,0.0,-0.029691903302619616
SPY,2019-12-13,2019-06-14,2019-12-13,128,0.31456679403081395,3.2857422831853248e-06,0.2685295372210412,0.7012431039654703,0.006082162796340759,1.96875,-0.03014163245577972,0.0,-0.029691903302619616
SPY,2019-12-16,2019-06-17,2019-12-16,128,0.31456679403081395,3.3187645421268523e-06,0.2704975633757594,0.6990651144371004,0.005430235657670986,1.96875,-0.03014163245577972,0.0,-0.029691903302619616
SPY,2019-12-17,2019-06-18,2019-12-17,128,0.31456679403081395,3.3187645421268464e-06,0.2704975633757594,0.6963280941386916,0.00574042573580158,1.96875,-0.03014163245577972,0.0,-0.029691903302619616
SPY,2019-12-18,2019-06-19,2019-12-18,128,0.31456679403081395,3.2530486012102374e-06,0.2685295372210412,0.6978867109763229,0.005131797347592245,1.96875,-0.03014163245577972,0.0,-0.029691903302619616
SPY,2019-12-19,2019-06-20,2019-12-19,128,0.31456679403081395,3.2206802268061543e-06,0.2744607086279467,0.692856799258217,0.004685369007009111,1.96875,-0.03014163245577972,0.0,-0.029691903302619616
SPY,2019-12-20,2019-06-21,2019-12-20,128,0.31456679403081395,3.1569064854606935e-06,0.2744607086279467,0.6928558443040089,0.004594731307541564,1.96875,-0.03014163245577972,0.0,-0.029691903302619616
SPY,2019-12-23,2019-06-24,2019-12-23,128,0.31456679403081395,3.002942339367345e-06,0.27845972453842405,0.6922844731244387,0.0042102076556080285,1.96875,-0.03014163245577972,0.0,-0.029691903302619616
SPY,2019-12-24,2019-06-25,2019-12-24,128,0.31456679403081395,2.943480097064552e-06,0.28656406267785456,0.6861278849732937,0.0038510863979837853,1.96875,-0.03014163245577972,0.0,-0.029691903302619616
SPY,2019-12-26,2019-06-27,2019-12-26,127,0.31456679403081395,2.943480097064552e-06,0.29273394004057396,0.6853739166910935,0.0037021845541937663,1.984251968503937,-0.03014163245577972,0.0,-0.029691903302619616
SPY,2019-12-27,2019-06-28,2019-12-27,127,0.31456679403081395,2.828064591614674e-06,0.29273394004057396,0.6864091543801027,0.004076425260666377,1.984251968503937,-0.03014163245577972,0.0,-0.029691903302619616
SPY,2019-12-30,2019-07-01,2019-12-30,127,0.31456679403081395,3.253048601210226e-06,0.29689010581636915,0.6786659818141985,0.00395506736732467,1.984251968503937,-0.03014163245577972,0.0,-0.029691903302619616
SPY,2019-12-31,2019-07-01,2019-12-31,128,0.31456679403081395,3.156906485460688e-06,0.29066868176422156,0.6832014217819484,0.005258414555231014,1.96875,-0.03014163245577972,0.0,-0.029691903302619616
SPY,2020-01-02,2019-07-03,2020-01-02,127,0.31456679403081395,3.352118680288227e-06,0.29898091019917106,0.6771121418149941,0.004851447045204407,1.984251968503937,-0.03014163245577972,0.0,-0.029691903302619616
SPY,2020-01-03,2019-07-05,2020-01-03,127,0.31456679403081395,3.419835969558768e-06,0.30530356385656754,0.6744047361553394,0.005950584794745407,1.984251968503937,-0.03014163245577972,0.0,-0.029691903302619616
SPY,2020-01-06,2019-07-08,2020-01-06,127,0.31456679403081395,3.419835969558768e-06,0.30108012470983425,0.6764258703606706,0.006905319421812271,1.984251968503937,-0.03014163245577972,0.0,-0.029691903302619616
SPY,2020-01-07,2019-07-08,2020-01-07,128,0.31456679403081395,3.3858080331110838e-06,0.29898091019917106,0.6775666047740673,0.0060879023997848156,1.96875,-0.03014163245577972,0.0,-0.029691903302619616
SPY,2020-01-08,2019-07-09,2020-01-08,128,0.31456679403081395,3.3187645421268404e-06,0.294807765031714,0.6815991714714186,0.0057519453314611784,1.96875,-0.03014163245577972,0.0,-0.029691903302619616
SPY,2020-01-09,2019-07-10,2020-01-09,128,0.31456679403081395,3.285742283185313e-06,0.29066868176422156,0.6851357540157208,0.005462515134489547,1.96875,-0.03014163245577972,0.0,-0.029691903302619616
SPY,2020-01-10,2019-07-11,2020-01-10,128,0.31456679403081395,3.2206802268061543e-06,0.28656406267785467,0.6886248825531519,0.005729745666590543,1.96875,-0.03014163245577972,0.0,-0.029691903302619616
SPY,2020-01-13,2019-07-15,2020-01-13,127,0.31456679403081395,3.1569064854606935e-06,0.28249428971390744,0.6923101848913915,0.005528900533747851,1.984251968503937,-0.03014163245577972,0.0,-0.029691903302619616
SPY,2020-01-14,2019-07-15,2020-01-14,128,0.31456679403081395,3.0943955488020647e-06,0.27845972453842405,0.6946936399140481,0.005762456320068763,1.96875,-0.03014163245577972,0.0,-0.029691903302619616
SPY,2020-01-15,2019-07-16,2020-01-15,128,0.31456679403081395,2.9730625638489784e-06,0.2764557523686603,0.6966220867029255,0.005274638461148933,1.96875,-0.03014163245577972,0.0,-0.029691903302619616
SPY,2020-01-16,2019-07-17,2020-01-16,128,0.31456679403081395,3.0943955488020647e-06,0.27446070862794675,0.6974827951408362,0.004781216570201965,1.96875,-0.03014163245577972,0.0,-0.029691903302619616
SPY,2020-01-17,2019-07-18,2020-01-17,128,0.31456679403081395,3.0331224116221143e-06,0.27247463286367407,0.6993911083212471,0.005720945384955922,1.96875,-0.03014163245577972,0.0,-0.029691903302619616
SPY,2020-01-21,2019-07-22,2020-01-21,127,0.31456679403081395,2.9141919807427557e-06,0.2665705902179668,0.7050658733877896,0.005250062088299222,1.984251968503937,-0.03014163245577972,0.0,-0.029691903302619616
SPY,2020-01-22,2019-07-23,2020-01-22,127,0.31456679403081395,2.6901382539324855e-06,0.25500942149257344,0.7150504504709208,0.0050862153697546824,1.984251968503937,-0.03014163245577972,0.0,-0.029691903302619616
SPY,2020-01-23,2019-07-24,2020-01-23,127,0.31456679403081395,2.5846564242380005e-06,0.25311492855779105,0.7165784190191196,0.004592769664990679,1.984251968503937,-0.03014163245577972,0.0,-0.029691903302619616
SPY,2020-01-24,2019-07-25,2020-01-24,127,0.31456679403081395,2.8851952860475194e-06,0.23289565151701236,0.7297798730585319,0.004394740346564011,1.984251968503937,-0.03014163245577972,0.0,-0.029691903302619616
SPY,2020-01-27,2019-07-29,2020-01-27,126,0.31456679403081395,3.38580803311109e-06,0.2724746328636742,0.6996559228502439,0.006783807851736266,2.0,-0.03014163245577972,0.0,-0.029691903302619616
SPY,2020-01-28,2019-07-29,2020-01-28,127,0.31456679403081395,3.352118680288233e-06,0.2685295372210414,0.7023509140894074,0.01067312909674307,1.984251968503937,-0.03014163245577972,0.0,-0.029691903302619616
SPY,2020-01-29,2019-07-30,2020-01-29,127,0.31456679403081395,3.2530486012102315e-06,0.2512297573952637,0.711280402272917,0.009965214945256597,1.984251968503937,-0.03014163245577972,0.0,-0.029691903302619616
SPY,2020-01-30,2019-07-31,2020-01-30,127,0.31456679403081395,3.188633923108661e-06,0.23829651568478175,0.7160630785861168,0.00851721102684139,1.984251968503937,-0.03014163245577972,0.0,-0.029691903302619616
SPY,2020-01-31,2019-08-01,2020-01-31,127,0.31456679403081395,3.1254947410920253e-06,0.24563041796172258,0.7213159119489245,0.007650472748838557,1.984251968503937,-0.03014163245577972,0.0,-0.029691903302619616
SPY,2020-02-03,2019-08-05,2020-02-03,126,0.31456679403081395,3.1254947410920253e-06,0.20069123235721303,0.7393951075251174,0.010745883189883555,2.0,-0.03014163245577972,0.0,-0.029691903302619616
SPY,2020-02-04,2019-08-05,2020-02-04,127,0.31456679403081395,3.156906485460688e-06,0.20554564641562034,0.7365352935539804,0.009849709879638801,1.984251968503937,-0.03014163245577972,0.0,-0.029691903302619616
SPY,2020-02-05,2019-08-06,2020-02-05,127,0.31456679403081395,3.285742283185313e-06,0.24378277145615265,0.7149789578283952,0.011165984150798693,0.0,0.0,0.0,0.0
SPY,2020-02-06,2019-08-07,2020-02-06,127,0.31456679403081395,3.3187645421268404e-06,0.22934271403580883,0.7208777828850469,0.010604901261508577,0.0,0.0,0.0,0.0
SPY,2020-02-07,2019-08-08,2020-02-07,127,0.31456679403081395,3.4889212388155533e-06,0.23468642537738804,0.7089962766764327,0.009143536826745508,0.0,0.0,0.0,0.0
SPY,2020-02-10,2019-08-12,2020-02-10,126,0.31456679403081395,3.779503258145385e-06,0.2493539329345852,0.6911710903803101,0.008452424840709016,2.0,-0.026207856786466976,0.0,-0.025867411505574256
SPY,2020-02-11,2019-08-12,2020-02-11,127,0.31456679403081395,3.85585428859541e-06,0.24748747892875517,0.688346359216448,0.007859625332724194,1.984251968503937,-0.026207856786466976,0.0,-0.025867411505574256
SPY,2020-02-12,2019-08-13,2020-02-12,127,0.31456679403081395,4.013214687286025e-06,0.24563041796172264,0.6832695775302262,0.006738113772294416,3.968503937007874,-0.027790983833050564,0.0022388797402381725,-0.027405929466374435
SPY,2020-02-13,2019-08-14,2020-02-13,127,0.31456679403081395,3.894606268447992e-06,0.18513218499722975,0.7179717878791487,0.006402927589603852,3.968503937007874,-0.027790983833050564,0.0022388797402381725,-0.027405929466374435
SPY,2020-02-14,2019-08-15,2020-02-14,127,0.31456679403081395,4.391156305816416e-06,0.22408500379029025,0.6876378003267987,0.005851159787478986,1.984251968503937,-0.026207856786466976,0.0,-0.025867411505574256
SPY,2020-02-18,2019-08-19,2020-02-18,126,0.31456679403081395,4.756882838230269e-06,0.22934271403580891,0.670629640623828,0.005185891720776207,2.0,-0.026207856786466976,0.0,-0.025867411505574256
SPY,2020-02-19,2019-08-20,2020-02-19,126,0.31456679403081395,5.101795761269734e-06,0.21720892143104256,0.6681554014316374,0.00517324888176342,2.0,-0.026207856786466976,0.0,-0.025867411505574256
SPY,2020-02-20,2019-08-21,2020-02-20,126,0.31456679403081395,5.363370423436579e-06,0.18213467119942942,0.679648775219207,0.005110946389654704,2.0,-0.026207856786466976,0.0,-0.025867411505574256
SPY,2020-02-21,2019-08-22,2020-02-21,126,0.31456679403081395,5.582253722697578e-06,0.16084958818838674,0.6888944504907943,0.005295555379339549,2.0,-0.026207856786466976,0.0,-0.025867411505574256
SPY,2020-02-24,2019-08-26,2020-02-24,125,0.31456679403081395,7.921595105894033e-06,0.46441110223767984,0.47301240035710385,0.009350327135182739,2.016,-0.033883384275200434,0.0,-0.033315771353341184
SPY,2020-02-25,2019-08-26,2020-02-25,126,0.31456679403081395,7.921595105894033e-06,0.4718739323757837,0.47013415845781686,0.02513759703052526,2.0,-0.033883384275200434,0.0,-0.033315771353341184
SPY,2020-02-26,2019-08-27,2020-02-26,126,0.31456679403081395,8.08162194218248e-06,0.46689713008168326,0.46858067963132893,0.027860103510081096,2.0,-0.033883384275200434,0.0,-0.033315771353341184
SPY,2020-02-27,2019-08-28,2020-02-27,126,0.31456679403081395,6.955916468088226e-06,0.4918263157654973,0.49618066916301606,0.02081710672831926,2.0,-0.033883384275200434,0.0,-0.033315771353341184
SPY,2020-02-28,2019-08-29,2020-02-28,126,0.31456679403081395,7.0258245908160275e-06,0.48184307200194426,0.4954451211600603,0.03521654868907231,2.0,-0.033883384275200434,0.0,-0.033315771353341184
SPY,2020-03-02,2019-09-03,2020-03-02,125,0.31456679403081395,6.750338068192737e-06,0.49931821199030374,0.49965920377391604,0.026345479407660286,2.016,-0.033883384275200434,0.0,-0.033315771353341184
SPY,2020-03-03,2019-09-04,2020-03-03,125,0.31456679403081395,6.750338068192737e-06,0.49931821199030374,0.4989459665196862,0.03609523063647594,2.016,-0.033883384275200434,0.0,-0.033315771353341184
SPY,2020-03-04,2019-09-05,2020-03-04,125,0.31456679403081395,6.818180093652693e-06,0.5043130630130391,0.49568588450676054,0.03316232784390066,2.016,-0.033883384275200434,0.0,-0.033315771353341184
SPY,2020-03-05,2019-09-06,2020-03-05,125,0.31456679403081395,6.886703942803849e-06,0.5049947785057052,0.49500409038563103,0.03687027145536878,2.016,-0.033883384275200434,0.0,-0.033315771353341184
SPY,2020-03-06,2019-09-09,2020-03-06,125,0.31456679403081395,6.886703942803849e-06,0.5049947785057052,0.4950040694563668,0.03625072743954199,2.016,-0.033883384275200434,0.0,-0.033315771353341184
SPY,2020-03-09,2019-09-10,2020-03-09,125,0.31456679403081395,6.550835428220099e-06,0.4850190591495327,0.5149797826764335,0.029063179852925076,2.016,-0.033883384275200434,0.0,-0.033315771353341184
SPY,2020-03-10,2019-09-11,2020-03-10,125,0.31456679403081395,6.421120195792234e-06,0.47753667136112726,0.5224622666489515,0.0591267822650965,2.016,-0.033883384275200434,0.0,-0.033315771353341184
SPY,2020-03-11,2019-09-12,2020-03-11,125,0.31456679403081395,6.04718326627867e-06,0.4650895905776357,0.5349093468680257,0.053484500268118,2.016,-0.033883384275200434,0.0,-0.033315771353341184
SPY,2020-03-12,2019-09-13,2020-03-12,125,0.31456679403081395,5.6383563053168965e-06,0.4576409041344565,0.5423580339215417,0.052391444566811295,2.016,-0.033883384275200434,0.0,-0.033315771353341184
SPY,2020-03-13,2019-09-16,2020-03-13,125,0.31456679403081395,5.582253722697558e-06,0.4650895905776357,0.5349093491712467,0.07860623640447616,2.016,-0.033883384275200434,0.0,-0.033315771353341184
SPY,2020-03-16,2019-09-17,2020-03-16,125,0.31456679403081395,5.7522586582326034e-06,0.48252404068068566,0.5174749002172745,0.08343942290809878,2.016,-0.033883384275200434,0.0,-0.033315771353341184
SPY,2020-03-17,2019-09-18,2020-03-17,125,0.31456679403081395,5.810069818859192e-06,0.48501905914953247,0.5149798800440761,0.10756563782047014,2.016,-0.033883384275200434,0.0,-0.033315771353341184
SPY,2020-03-18,2019-09-19,2020-03-18,125,0.31456679403081395,5.810069818859192e-06,0.48751480104483963,0.5124841381491398,0.08670743303182,2.016,-0.033883384275200434,0.0,-0.033315771353341184
SPY,2020-03-19,2019-09-20,2020-03-19,125,0.31456679403081395,5.810069818859192e-06,0.48751480104483963,0.5124841378518616,0.07273440590485257,2.016,-0.033883384275200434,0.0,-0.033315771353341184
SPY,2020-03-20,2019-09-23,2020-03-20,125,0.31456679403081395,5.6383563053168965e-06,0.48252404068068566,0.5174748976209691,0.05257002016945632,2.016,-0.033883384275200434,0.0,-0.033315771353341184
SPY,2020-03-23,2019-09-24,2020-03-23,125,0.31456679403081395,5.5822537226975684e-06,0.48002987001530206,0.5199690685892068,0.05209901852671765,2.016,-0.033883384275200434,0.0,-0.033315771353341184
SPY,2020-03-24,2019-09-25,2020-03-24,125,0.31456679403081395,5.1017957612697065e-06,0.4551620028547254,0.5448369331232789,0.04453605220124799,2.016,-0.033883384275200434,0.0,-0.033315771353341184
SPY,2020-03-25,2019-09-26,2020-03-25,125,0.31456679403081395,5.000773436678596e-06,0.45268530097126974,0.5473136376619392,0.06816340362444155,2.016,-0.033883384275200434,0.0,-0.033315771353341184
SPY,2020-03-26,2019-09-27,2020-03-26,125,0.31456679403081395,5.000773436678596e-06,0.45268530097126974,0.5473136379406539,0.05094444917489886,2.016,-0.033883384275200434,0.0,-0.033315771353341184
SPY,2020-03-27,2019-09-30,2020-03-27,125,0.31456679403081395,5.051032045267284e-06,0.4576409041344565,0.5423580353305837,0.05492914779558077,2.016,-0.033883384275200434,0.0,-0.033315771353341184
SPY,2020-03-30,2019-10-01,2020-03-30,125,0.31456679403081395,5.153069661099766e-06,0.46260481977508816,0.5373941196939147,0.04700563910877762,2.016,-0.033883384275200434,0.0,-0.033315771353341184
SPY,2020-03-31,2019-10-01,2020-03-31,126,0.31456679403081395,5.204858872190175e-06,0.4675760737070866,0.532422865765847,0.04063877072484324,2.0,-0.033883384275200434,0.0,-0.033315771353341184
SPY,2020-04-01,2019-10-02,2020-04-01,126,0.31456679403081395,5.153069661099766e-06,0.46260481977508816,0.5373941185601318,0.03220158189272065,2.0,-0.033883384275200434,0.0,-0.033315771353341184
SPY,2020-04-02,2019-10-03,2020-04-02,126,0.31456679403081395,5.204858872190175e-06,0.4675760737070866,0.532422865765847,0.039454054949284306,2.0,-0.033883384275200434,0.0,-0.033315771353341184
SPY,2020-04-03,2019-10-04,2020-04-03,126,0.31456679403081395,5.310003996058563e-06,0.4750445687319573,0.524954371030696,0.032264616210011844,2.0,-0.033883384275200434,0.0,-0.033315771353341184
SPY,2020-04-06,2019-10-07,2020-04-06,126,0.31456679403081395,5.000773436678587e-06,0.45268530097126974,0.5473136353287975,0.026661471292803048,2.0,-0.033883384275200434,0.0,-0.033315771353341184
SPY,2020-04-07,2019-10-08,2020-04-07,126,0.31456679403081395,5.101795761269697e-06,0.4576409041344565,0.5423580353305837,0.049214278744406044,2.0,-0.033883384275200434,0.0,-0.033315771353341184
SPY,2020-04-08,2019-10-09,2020-04-08,126,0.31456679403081395,5.2048588721901655e-06,0.46260481977508816,0.5373941196939147,0.0363116758005501,2.0,-0.033883384275200434,0.0,-0.033315771353341184
SPY,2020-04-09,2019-10-10,2020-04-09,126,0.31456679403081395,5.310003996058553e-06,0.47006414648651523,0.5299347932692683,0.034582598779559534,2.0,-0.033883384275200434,0.0,-0.033315771353341184
SPY,2020-04-13,2019-10-14,2020-04-13,125,0.31456679403081395,5.582253722697539e-06,0.48252404068068566,0.5174748996603766,0.026545483709042028,2.016,-0.033883384275200434,0.0,-0.033315771353341184
SPY,2020-04-14,2019-10-15,2020-04-14,125,0.31456679403081395,5.638356305316867e-06,0.48002987001530206,0.5199690685892068,0.02088056093223608,2.016,-0.033883384275200434,0.0,-0.033315771353341184
SPY,2020-04-15,2019-10-16,2020-04-15,125,0.31456679403081395,5.695022728265373e-06,0.48252404068068566,0.5174748985125412,0.025182157073236216,2.016,-0.033883384275200434,0.0,-0.033315771353341184
SPY,2020-04-16,2019-10-17,2020-04-16,125,0.31456679403081395,5.810069818859162e-06,0.48501905914953247,0.5149798800440761,0.024467423613914047,2.016,-0.033883384275200434,0.0,-0.033315771353341184
SPY,2020-04-17,2019-10-18,2020-04-17,125,0.31456679403081395,5.810069818859172e-06,0.48002987001530206,0.5199690682905936,0.01809964815337484,2.016,-0.033883384275200434,0.0,-0.033315771353341184
SPY,2020-04-20,2019-10-21,2020-04-20,125,0.31456679403081395,5.868461991309387e-06,0.48002987001530206,0.5199690688848431,0.021932333195994094,2.016,-0.033883384275200434,0.0,-0.033315771353341184
SPY,2020-04-21,2019-10-22,2020-04-21,125,0.31456679403081395,5.810069818859172e-06,0.47255368592303143,0.527445252098612,0.020862177309563124,2.016,-0.033883384275200434,0.0,-0.033315771353341184
SPY,2020-04-22,2019-10-23,2020-04-22,125,0.31456679403081395,5.752258658232583e-06,0.46757607370708637,0.5324228646198202,0.026961572096444092,2.016,-0.033883384275200434,0.0,-0.033315771353341184
SPY,2020-04-23,2019-10-24,2020-04-23,125,0.31456679403081395,5.752258658232583e-06,0.46757607370708637,0.5324228651985738,0.02464466092810865,2.016,-0.033883384275200434,0.0,-0.033315771353341184
SPY,2020-04-24,2019-10-25,2020-04-24,125,0.31456679403081395,5.868461991309387e-06,0.47255368592303143,0.5274452535537986,0.01810393526435901,2.016,-0.033883384275200434,0.0,-0.033315771353341184
SPY,2020-04-27,2019-10-28,2020-04-27,125,0.31456679403081395,6.1079584684933225e-06,0.48002987001530206,0.5199690697541873,0.015822449110028124,2.016,-0.033883384275200434,0.0,-0.033315771353341184
SPY,2020-04-28,2019-10-29,2020-04-28,125,0.31456679403081395,6.293973497058719e-06,0.48751480104483963,0.5124841387348351,0.014828071111031132,2.016,-0.033883384275200434,0.0,-0.033315771353341184
SPY,2020-04-29,2019-10-30,2020-04-29,125,0.31456679403081395,6.3572289823274835e-06,0.47753667136112704,0.5224622663458854,0.011964391287498597,2.016,-0.033883384275200434,0.0,-0.033315771353341184
SPY,2020-04-30,2019-10-31,2020-04-30,125,0.31456679403081395,6.5508354282200645e-06,0.48002987001530206,0.5199690691775325,0.019500170455326215,2.016,-0.033883384275200434,0.0,-0.033315771353341184
SPY,2020-05-01,2019-11-04,2020-05-01,124,0.31456679403081395,6.886703942803813e-06,0.47753667136112704,0.5224622672460505,0.016053374565899666,2.032258064516129,-0.033883384275200434,0.0,-0.033315771353341184
SPY,2020-05-04,2019-11-05,2020-05-04,124,0.31456679403081395,6.8867039428038255e-06,0.47006414648651507,0.52993479154089,0.02355218779642784,2.032258064516129,-0.033883384275200434,0.0,-0.033315771353341184
SPY,2020-05-05,2019-11-06,2020-05-05,124,0.31456679403081395,6.8181800936526684e-06,0.4650895905776355,0.5349093477534343,0.017497105457832483,2.032258064516129,-0.033883384275200434,0.0,-0.033315771353341184
SPY,2020-05-06,2019-11-07,2020-05-06,124,0.31456679403081395,6.8867039428038255e-06,0.4650895905776355,0.5349093483290948,0.014092595452722548,2.032258064516129,-0.033883384275200434,0.0,-0.033315771353341184
SPY,2020-05-07,2019-11-08,2020-05-07,124,0.31456679403081395,7.025824590816002e-06,0.46757607370708626,0.5324228654836313,0.01198150917080698,2.032258064516129,-0.033883384275200434,0.0,-0.033315771353341184
SPY,2020-05-08,2019-11-11,2020-05-08,124,0.31456679403081395,7.09643530185777e-06,0.4650895905776355,0.5349093480427063,0.011656888491969476,2.032258064516129,-0.033883384275200434,0.0,-0.033315771353341184
SPY,2020-05-11,2019-11-12,2020-05-11,124,0.31456679403081395,7.167755662343428e-06,0.4650895905776355,0.5349093483290948,0.013911383402846854,2.032258064516129,-0.033883384275200434,0.0,-0.033315771353341184
SPY,2020-05-12,2019-11-13,2020-05-12,124,0.31456679403081395,7.312553931707129e-06,0.4526853009712696,0.5473136365187374,0.01067724309690479,2.032258064516129,-0.033883384275200434,0.0,-0.033315771353341184
SPY,2020-05-13,2019-11-14,2020-05-13,124,0.31456679403081395,7.312553931707129e-06,0.4502109192235351,0.549788019412212,0.016857640042830545,2.032258064516129,-0.033883384275200434,0.0,-0.033315771353341184
SPY,2020-05-14,2019-11-15,2020-05-14,124,0.31456679403081395,7.3860463205327875e-06,0.447738977893079,0.5522599607451946,0.017931973694126968,2.032258064516129,-0.033883384275200434,0.0,-0.033315771353341184
SPY,2020-05-15,2019-11-18,2020-05-15,124,0.31456679403081395,7.312553931707142e-06,0.442802895182744,0.5571960431851998,0.015286493217020055,2.032258064516129,-0.033883384275200434,0.0,-0.033315771353341184
SPY,2020-05-18,2019-11-19,2020-05-18,124,0.31456679403081395,7.09643530185777e-06,0.41587957339845144,0.5841193625659027,0.012161973090058828,2.032258064516129,-0.033883384275200434,0.0,-0.033315771353341184
SPY,2020-05-19,2019-11-20,2020-05-19,124,0.31456679403081395,7.025824590816015e-06,0.4110328362960016,0.5889661021232666,0.021446412996332858,2.032258064516129,-0.033883384275200434,0.0,-0.033315771353341184
SPY,2020-05-20,2019-11-21,2020-05-20,124,0.31456679403081395,6.955916468088213e-06,0.4086158395597273,0.5913830991174007,0.01826807874898074,2.032258064516129,-0.033883384275200434,0.0,-0.033315771353341184
SPY,2020-05-21,2019-11-22,2020-05-21,124,0.31456679403081395,6.955916468088213e-06,0.40861583955972725,0.5913830993688788,0.01735768968582932,2.032258064516129,-0.033883384275200434,0.0,-0.033315771353341184
SPY,2020-05-22,2019-11-25,2020-05-22,124,0.31456679403081395,6.955916468088213e-06,0.41103283629600146,0.5889661028822049,0.01474294981429877,2.032258064516129,-0.033883384275200434,0.0,-0.033315771353341184
SPY,2020-05-26,2019-11-27,2020-05-26,123,0.31456679403081395,7.2397928043684825e-06,0.4183090930095582,0.5816898466727017,0.011557487677820676,2.048780487804878,-0.033883384275200434,0.0,-0.033315771353341184
SPY,2020-05-27,2019-11-29,2020-05-27,123,0.31456679403081395,7.3860463205328e-06,0.420742564846853,0.579256374333805,0.011608883563785507,2.048780487804878,-0.033883384275200434,0.0,-0.033315771353341184
SPY,2020-05-28,2019-11-29,2020-05-28,124,0.31456679403081395,7.3860463205328e-06,0.42317987659631756,0.5768190625849376,0.012700281029756335,2.032258064516129,-0.033883384275200434,0.0,-0.033315771353341184
SPY,2020-05-29,2019-12-02,2020-05-29,124,0.31456679403081395,7.460277320145559e-06,0.42806556689922753,0.5719333725414708,0.010201008858463083,2.032258064516129,-0.033883384275200434,0.0,-0.033315771353341184
SPY,2020-06-01,2019-12-02,2020-06-01,125,0.31456679403081395,7.460277320145559e-06,0.4329652509833693,0.5670336884614438,0.008474207089432317,2.016,-0.033883384275200434,0.0,-0.033315771353341184
SPY,2020-06-02,2019-12-03,2020-06-02,125,0.31456679403081395,7.61098491898371e-06,0.4354200524163196,0.5645788867678193,0.007130912934651694,2.016,-0.033883384275200434,0.0,-0.033315771353341184
SPY,2020-06-03,2019-12-04,2020-06-03,125,0.7521369273566121,7.786368353255927e-06,0.419688704274391,0.5803102372524158,0.006772563100786906,2.016,-0.033883384275200434,0.0,-0.033315771353341184
SPY,2020-06-04,2019-12-05,2020-06-04,125,0.6051517183432316,8.733257151880606e-06,0.42266098972725524,0.5773379591660596,0.009570613895062557,2.016,-0.033883384275200434,0.0,-0.033315771353341184
SPY,2020-06-05,2019-12-06,2020-06-05,125,0.6051517183432316,1.035157206995236e-05,0.45215864452948207,0.5478402975146337,0.008755531529439762,2.016,-0.033883384275200434,0.0,-0.033315771353341184
SPY,2020-06-08,2019-12-09,2020-06-08,125,0.6051517183432316,1.0666824373029014e-05,0.452158644529482,0.5478402943826568,0.017326548794718392,2.016,-0.033883384275200434,0.0,-0.033315771353341184
SPY,2020-06-09,2019-12-10,2020-06-09,125,0.6051517183432316,1.1213724153484714e-05,0.45463486286928706,0.5453640763189667,0.014744693955756602,2.016,-0.033883384275200434,0.0,-0.033315771353341184
SPY,2020-06-10,2019-12-11,2020-06-10,125,0.6051517183432316,1.1788664085292185e-05,0.4571133063315022,0.5428856328572432,0.013319064037479782,2.016,-0.033883384275200434,0.0,-0.033315771353341184
SPY,2020-06-11,2019-12-12,2020-06-11,125,0.5142885866428997,1.8157405490007195e-05,0.40247060164273485,0.5975283406751133,0.012618410798240406,4.032,-0.04714292264520337,0.018751818993664588,-0.0458812193709478
SPY,2020-06-12,2019-12-13,2020-06-12,125,0.5142885866428997,1.9088355576823916e-05,0.4000696948503298,0.5999292438350263,0.04094226472522114,4.032,-0.04714292264520337,0.018751818993664588,-0.0458812193709478
SPY,2020-06-15,2019-12-16,2020-06-15,125,0.5142885866428997,2.0067036495263083e-05,0.39767356250327734,0.6023253761843703,0.032795488571448816,4.032,-0.04714292264520337,0.018751818993664588,-0.0458812193709478
SPY,2020-06-16,2019-12-17,2020-06-16,125,0.5142885866428997,2.08859877903817e-05,0.3952823098188912,0.6047166288710369,0.026210950625647874,4.032,-0.04714292264520337,0.018751818993664588,-0.0458812193709478
SPY,2020-06-17,2019-12-18,2020-06-17,125,0.5142885866428997,2.1738361121879966e-05,0.3952823098188912,0.6047166291142816,0.023419484809823497,4.032,-0.04714292264520337,0.018751818993664588,-0.0458812193709478
SPY,2020-06-18,2019-12-19,2020-06-18,125,0.5142885866428997,2.262552046893762e-05,0.4000696948503299,0.599929244566293,0.019061423724171796,4.032,-0.04714292264520337,0.018751818993664588,-0.0458812193709478
SPY,2020-06-19,2019-12-20,2020-06-19,125,0.5142885866428997,2.3548885475780714e-05,0.40247060164273507,0.5975283375332163,0.015536526705762803,4.032,-0.04714292264520337,0.018751818993664588,-0.0458812193709478
SPY,2020-06-22,2019-12-23,2020-06-22,125,0.5142885866428997,2.4266055808070382e-05,0.4072863132212181,0.5927126262016988,0.014947795853346381,4.032,-0.04714292264520337,0.018751818993664588,-0.0458812193709478
SPY,2020-06-23,2019-12-24,2020-06-23,125,0.5142885866428997,2.5005067228595228e-05,0.4145430077920296,0.5854559318847442,0.012735174641396896,4.032,-0.04714292264520337,0.018751818993664588,-0.0458812193709478
SPY,2020-06-24,2019-12-26,2020-06-24,125,0.4234254549425678,2.660285625293339e-05,0.368543058293077,0.6314558851971701,0.012364283476234259,4.032,-0.04714292264520337,0.018751818993664588,-0.0458812193709478
SPY,2020-06-25,2019-12-26,2020-06-25,126,0.4234254549425678,2.660285625293339e-05,0.3708719228739118,0.629127016293024,0.020244166556120394,4.0,-0.04714292264520337,0.018751818993664588,-0.0458812193709478
SPY,2020-06-26,2019-12-27,2020-06-26,126,0.4234254549425678,2.824788501185743e-05,0.3732067922809335,0.6267921468867037,0.017895350559551687,2.0,-0.0604024610152063,0.0,-0.058614413665160514
SPY,2020-06-29,2019-12-30,2020-06-29,126,0.4234254549425678,2.9108161185066115e-05,0.3732067922809335,0.6267921466593714,0.02208270105681733,2.0,-0.0604024610152063,0.0,-0.058614413665160514
SPY,2020-06-30,2019-12-31,2020-06-30,126,0.4234254549425678,3.0296087778345518e-05,0.3755475725776294,0.6244513665907053,0.02001900137441743,2.0,-0.0604024610152063,0.0,-0.058614413665160514
SPY,2020-07-01,2020-01-02,2020-07-01,126,0.4234254549425678,3.1218741012249904e-05,0.3778941687587191,0.6221047704103095,0.018777315753078377,2.0,-0.0604024610152063,0.0,-0.058614413665160514
SPY,2020-07-02,2020-01-03,2020-07-02,126,0.4234254549425678,3.216949322039355e-05,0.38260442348800816,0.6173945159131483,0.01596053348522457,2.0,-0.0604024610152063,0.0,-0.058614413665160514
SPY,2020-07-06,2020-01-07,2020-07-06,125,0.4234254549425678,3.519903220158373e-05,0.3849678868015076,0.6150310523695792,0.014125118746597012,2.016,-0.0604024610152063,0.0,-0.058614413665160514
SPY,2020-07-07,2020-01-08,2020-07-07,125,0.4234254549425678,3.66355319565532e-05,0.3849678868015076,0.6134723929626494,0.015390558829734882,2.016,-0.0604024610152063,0.0,-0.058614413665160514
SPY,2020-07-08,2020-01-09,2020-07-08,125,0.4234254549425678,3.775125000842918e-05,0.3778941687587191,0.6142914277222274,0.01559951407387788,2.016,-0.0604024610152063,0.0,-0.058614413665160514
SPY,2020-07-09,2020-01-10,2020-07-09,125,0.4234254549425678,3.8900946733598564e-05,0.37087192287391185,0.6151507286377472,0.014250488803938149,2.016,-0.0604024610152063,0.0,-0.058614413665160514
SPY,2020-07-10,2020-01-13,2020-07-10,125,0.4234254549425678,3.9686797985926685e-05,0.36159341657764404,0.6186562351404732,0.013582458802226652,2.016,-0.0604024610152063,0.0,-0.058614413665160514
SPY,2020-07-13,2020-01-14,2020-07-13,125,0.4234254549425678,4.0488524486613546e-05,0.3524168019085598,0.6228066433940461,0.013561247475377196,2.016,-0.0604024610152063,0.0,-0.058614413665160514
SPY,2020-07-14,2020-01-15,2020-07-14,125,0.4234254549425678,4.089544092269543e-05,0.34109774156726,0.6292305744621147,0.014143431208526371,2.016,-0.0604024610152063,0.0,-0.058614413665160514
SPY,2020-07-15,2020-01-16,2020-07-15,125,0.4234254549425678,4.008565693672087e-05,0.32775070794437816,0.6383107879086403,0.014583390809326675,2.016,-0.0604024610152063,0.0,-0.058614413665160514
SPY,2020-07-16,2020-01-17,2020-07-16,125,0.4234254549425678,3.929190774800354e-05,0.3233614931665257,0.6418228912194857,0.013869801117336857,2.016,-0.0604024610152063,0.0,-0.058614413665160514
SPY,2020-07-17,2020-01-21,2020-07-17,125,0.4234254549425678,3.8130656378650084e-05,0.31900312393478647,0.645622193666535,0.013003650104176437,2.016,-0.0604024610152063,0.0,-0.058614413665160514
SPY,2020-07-20,2020-01-21,2020-07-20,126,0.4234254549425678,3.663553195655314e-05,0.3233614931665257,0.6449792187252225,0.011989660274237068,2.0,-0.0604024610152063,0.0,-0.058614413665160514
SPY,2020-07-21,2020-01-22,2020-07-21,126,0.4234254549425678,3.484879597930953e-05,0.3255522792964734,0.6463095355217522,0.011819057837170181,2.0,-0.0604024610152063,0.0,-0.058614413665160514
SPY,2020-07-22,2020-01-23,2020-07-22,126,0.4234254549425678,3.3482355144094514e-05,0.33439113844556434,0.6431372746937625,0.01098241976861066,2.0,-0.0604024610152063,0.0,-0.058614413665160514
SPY,2020-07-23,2020-01-24,2020-07-23,126,0.4234254549425678,3.555278835641059e-05,0.33661942040644866,0.6384768137879647,0.010983278499189493,2.0,-0.0604024610152063,0.0,-0.058614413665160514
SPY,2020-07-24,2020-01-27,2020-07-24,126,0.4234254549425678,3.519903220158367e-05,0.33661942040644866,0.6384758513286564,0.013322909184228928,2.0,-0.0604024610152063,0.0,-0.058614413665160514
SPY,2020-07-27,2020-01-28,2020-07-27,126,0.4234254549425678,3.450204466567409e-05,0.3433476263352872,0.6363296475714304,0.012962853699349108,2.0,-0.0604024610152063,0.0,-0.058614413665160514
SPY,2020-07-28,2020-01-29,2020-07-28,126,0.4234254549425678,3.415874358525701e-05,0.3478684490836808,0.6338144718877725,0.012299207479914497,2.0,-0.0604024610152063,0.0,-0.058614413665160514
SPY,2020-07-29,2020-01-30,2020-07-29,126,0.4234254549425678,3.519903220158367e-05,0.35470109482423456,0.6275217846812804,0.012432806447692457,2.0,-0.0604024610152063,0.0,-0.058614413665160514
SPY,2020-07-30,2020-01-31,2020-07-30,126,0.4234254549425678,3.555278835641059e-05,0.3592894888556064,0.6230588223082268,0.013137351311418636,2.0,-0.0604024610152063,0.0,-0.058614413665160514
SPY,2020-07-31,2020-02-03,2020-07-31,126,0.4234254549425678,3.484879597930953e-05,0.3662202913934865,0.6217330849944729,0.012315743135906786,2.0,-0.0604024610152063,0.0,-0.058614413665160514
SPY,2020-08-03,2020-02-04,2020-08-03,126,0.4234254549425678,3.484879597930953e-05,0.36854305829307693,0.6202505280957413,0.011927755711677337,2.0,-0.0604024610152063,0.0,-0.058614413665160514
SPY,2020-08-04,2020-02-05,2020-08-04,126,0.4234254549425678,3.415874358525701e-05,0.37087192287391174,0.6208991716104114,0.011528653674225014,2.0,-0.0604024610152063,0.0,-0.058614413665160514
SPY,2020-08-05,2020-02-06,2020-08-05,126,0.4234254549425678,3.348235514409457e-05,0.368543058293077,0.6244041470564708,0.010834706182071038,2.0,-0.0604024610152063,0.0,-0.058614413665160514
SPY,2020-08-06,2020-02-07,2020-08-06,126,0.4234254549425678,3.1849401414645636e-05,0.3569920191806631,0.635461285223672,0.010664335243273156,2.0,-0.0604024610152063,0.0,-0.058614413665160514
SPY,2020-08-07,2020-02-10,2020-08-07,126,0.4234254549425678,2.6870219403191567e-05,0.32555227929647346,0.666130201694965,0.01032846215817662,2.0,-0.0604024610152063,0.0,-0.058614413665160514
SPY,2020-08-10,2020-02-11,2020-08-10,126,0.4234254549425678,1.819266676620478e-05,0.2894008856305249,0.709971795643417,0.00914150930610035,2.0,-0.0604024610152063,0.0,-0.058614413665160514
SPY,2020-08-11,2020-02-12,2020-08-11,126,0.4234254549425678,1.534851287070928e-05,0.2653685242364148,0.7317576199935711,0.008591369529734794,2.0,-0.0604024610152063,0.0,-0.058614413665160514
SPY,2020-08-12,2020-02-13,2020-08-12,126,0.4234254549425678,1.5195792615942692e-05,0.2576468385561186,0.736698047754842,0.009702569010108814,2.0,-0.0604024610152063,0.0,-0.058614413665160514
SPY,2020-08-13,2020-02-14,2020-08-13,126,0.4234254549425678,1.2820155590365952e-05,0.24449125845156794,0.7490888865035682,0.010741570491228002,2.0,-0.0604024610152063,0.0,-0.058614413665160514
SPY,2020-08-14,2020-02-18,2020-08-14,126,0.4234254549425678,1.0924615959910797e-05,0.24081702994712095,0.7548455417544091,0.009792251480419236,2.0,-0.0604024610152063,0.0,-0.058614413665160514
SPY,2020-08-17,2020-02-18,2020-08-17,127,0.4234254549425678,9.309343637079113e-06,0.23899410408580585,0.7598150265962231,0.0088817780813166,1.984251968503937,-0.0604024610152063,0.0,-0.058614413665160514
SPY,2020-08-18,2020-02-19,2020-08-18,127,0.4234254549425678,7.698446751700097e-06,0.23537671561219028,0.7646222479174078,0.00799220286598235,1.984251968503937,-0.0604024610152063,0.0,-0.058614413665160514
SPY,2020-08-19,2020-02-20,2020-08-19,127,0.4234254549425678,7.106562038281458e-06,0.23358228422409494,0.7664166539934445,0.007384228370309619,1.984251968503937,-0.0604024610152063,0.0,-0.058614413665160514
SPY,2020-08-20,2020-02-21,2020-08-20,127,0.4234254549425678,5.818360889397569e-06,0.22825620560266435,0.7717427329491323,0.007237935806184406,1.984251968503937,-0.0604024610152063,0.0,-0.058614413665160514
SPY,2020-08-21,2020-02-24,2020-08-21,127,0.4234254549425678,4.71627167431476e-06,0.2247532811750883,0.7752456575249038,0.006516774944345206,1.984251968503937,-0.0604024610152063,0.0,-0.058614413665160514
SPY,2020-08-24,2020-02-25,2020-08-24,127,0.4234254549425678,5.590219695710108e-06,0.22825620560266432,0.7717427336507535,0.006453423927002001,1.984251968503937,-0.0604024610152063,0.0,-0.058614413665160514
SPY,2020-08-25,2020-02-26,2020-08-25,127,0.4234254549425678,4.716271674314752e-06,0.2230161862478183,0.7769827523148188,0.007107293172179414,1.984251968503937,-0.0604024610152063,0.0,-0.058614413665160514
SPY,2020-08-26,2020-02-27,2020-08-26,127,0.4234254549425678,5.371024046179571e-06,0.22649995714988855,0.7724050718955905,0.006856098339669587,1.984251968503937,-0.0604024610152063,0.0,-0.058614413665160514
SPY,2020-08-27,2020-02-28,2020-08-27,127,0.4234254549425678,4.669343987071215e-06,0.2247532811750883,0.7752456853796785,0.007423342727522151,1.984251968503937,-0.0604024610152063,0.0,-0.058614413665160514
SPY,2020-08-28,2020-03-02,2020-08-28,127,0.4234254549425678,4.267459084543078e-06,0.2230161862478183,0.7769827525931393,0.00676545646645905,1.984251968503937,-0.0604024610152063,0.0,-0.058614413665160514
SPY,2020-08-31,2020-03-02,2020-08-31,128,0.4234254549425678,3.7472363237777156e-06,0.21957076859141628,0.7804281701160337,0.006603384413268586,1.96875,-0.0604024610152063,0.0,-0.058614413665160514
SPY,2020-09-01,2020-03-02,2020-09-01,129,0.4234254549425678,3.6730360731338013e-06,0.21957076859141628,0.7804281703873217,0.006367511166343233,1.9534883720930234,-0.0604024610152063,0.0,-0.058614413665160514
SPY,2020-09-02,2020-03-03,2020-09-02,129,0.8609955882683659,5.834569930649117e-06,0.22574269392555246,0.7739179931203324,0.006766695819291605,1.9534883720930234,-0.0604024610152063,0.0,-0.058614413665160514
SPY,2020-09-03,2020-03-04,2020-09-03,129,0.6399724428739921,2.0225695609625907e-05,0.30981395684465457,0.690184996976104,0.011441890759406848,3.906976744186047,-0.04793579208313714,0.017630532281347512,-0.04665685720947477
SPY,2020-09-04,2020-03-05,2020-09-04,129,0.4929872338606115,1.6146732337287727e-05,0.28930820996333434,0.7106907371697382,0.022583921862899526,3.906976744186047,-0.04793579208313714,0.017630532281347512,-0.04665685720947477
SPY,2020-09-08,2020-03-09,2020-09-08,128,0.4929872338606115,1.6146732337287754e-05,0.28930820996333434,0.6954453731725488,0.019928419236114107,3.9375,-0.04793579208313714,0.017630532281347512,-0.04665685720947477
SPY,2020-09-09,2020-03-10,2020-09-09,128,0.4929872338606115,1.647291796755431e-05,0.32765142199427455,0.6723471294300589,0.02444290366484732,3.9375,-0.04793579208313714,0.017630532281347512,-0.04665685720947477
SPY,2020-09-10,2020-03-11,2020-09-10,128,0.4929872338606115,1.6638473545492023e-05,0.3298570828522306,0.670141856301573,0.022914209605462598,3.9375,-0.04793579208313714,0.017630532281347512,-0.04665685720947477
SPY,2020-09-11,2020-03-12,2020-09-11,128,0.41894929747961823,1.8543274337597593e-05,0.22984939256391618,0.720365653816476,0.02042524993477204,5.90625,-0.06506031452385634,0.03217399012758449,-0.06250394739723986
SPY,2020-09-14,2020-03-16,2020-09-14,127,0.344911361098625,1.692000433992432e-05,0.12569935962864326,0.7976732445642483,0.01649666156358913,5.952755905511811,-0.07427715364210208,0.04729714389476563,-0.07054663362156699
SPY,2020-09-15,2020-03-16,2020-09-15,128,0.344911361098625,1.593465999543228e-05,0.12351809155918073,0.7996624247440196,0.015665521715679413,5.90625,-0.07427715364210208,0.04729714389476563,-0.07054663362156699
SPY,2020-09-16,2020-03-17,2020-09-16,128,0.344911361098625,1.456318269651945e-05,0.23690954550957094,0.7312097682598238,0.014996129578989402,3.9375,-0.04793579208313714,0.017630532281347512,-0.04665685720947477
SPY,2020-09-17,2020-03-18,2020-09-17,128,0.344911361098625,1.4274812358252265e-05,0.24979222956894775,0.7243499445276894,0.013628573609654988,3.9375,-0.04793579208313714,0.017630532281347512,-0.04665685720947477
SPY,2020-09-18,2020-03-19,2020-09-18,128,0.344911361098625,1.4563182696519476e-05,0.2423740434322356,0.7315114784099523,0.013314767372713804,3.9375,-0.04793579208313714,0.017630532281347512,-0.04665685720947477
SPY,2020-09-21,2020-03-23,2020-09-21,127,0.344911361098625,1.5157517457069614e-05,0.3186776040116216,0.6813205530276006,0.014672347931110517,5.952755905511811,-0.0020241065276665657,0.0804926483965774,0.0012161656256484132
SPY,2020-09-22,2020-03-23,2020-09-22,128,0.344911361098625,1.5006697638421887e-05,0.3186776040116216,0.6813213278462289,0.014661892907164707,5.90625,-0.0020241065276665657,0.0804926483965774,0.0012161656256484132
SPY,2020-09-23,2020-03-24,2020-09-23,128,0.344911361098625,1.5934659995432364e-05,0.1312970805179629,0.7963136344692073,0.013515617094002733,5.90625,-0.0020241065276665657,0.0804926483965774,0.0012161656256484132
SPY,2020-09-24,2020-03-25,2020-09-24,128,0.344911361098625,1.4563182696519526e-05,0.14810252795555973,0.7955721362411622,0.016106684089505698,5.90625,-0.011759271653263662,0.06388771185056621,-0.009671380248828854
SPY,2020-09-25,2020-03-26,2020-09-25,128,0.344911361098625,1.5006697638421914e-05,0.17085304045521296,0.773292040038995,0.014897382457092195,5.90625,-0.011759271653263662,0.06388771185056621,-0.009671380248828854
SPY,2020-09-28,2020-03-30,2020-09-28,127,0.344911361098625,1.4709545115896811e-05,0.2423740434322356,0.7311367054239745,0.015536845647002907,3.968503937007874,-0.04793579208313714,0.017630532281347512,-0.04665685720947477
SPY,2020-09-29,2020-03-30,2020-09-29,128,0.344911361098625,1.4709545115896811e-05,0.24054307068391248,0.7310493838235642,0.015539576043350626,3.9375,-0.04793579208313714,0.017630532281347512,-0.04665685720947477
SPY,2020-09-30,2020-03-31,2020-09-30,128,0.344911361098625,1.5006697638421941e-05,0.23153054862874015,0.7343068980213092,0.014094353090506535,3.9375,-0.04793579208313714,0.017630532281347512,-0.04665685720947477
SPY,2020-10-01,2020-04-02,2020-10-01,127,0.344911361098625,1.6094805990815835e-05,0.24979222956894775,0.717487676293428,0.013057602353070873,5.952755905511811,-0.0093114267195622,0.06805102962835023,-0.006971540674783894
SPY,2020-10-02,2020-04-03,2020-10-02,127,0.344911361098625,1.5157517457069722e-05,0.08397849207814269,0.8361036946722861,0.012726948870933974,5.952755905511811,-0.0093114267195622,0.06805102962835023,-0.006971540674783894
SPY,2020-10-05,2020-04-06,2020-10-05,127,0.344911361098625,1.4563182696519554e-05,0.06602241615740076,0.8524922894657767,0.01267877499737632,5.952755905511811,-0.0093114267195622,0.06805102962835023,-0.006971540674783894
SPY,2020-10-06,2020-04-07,2020-10-06,127,0.344911361098625,1.5619132587117067e-05,0.11613829890273974,0.8108677167365388,0.013296444587786633,3.968503937007874,-0.04793579208313714,0.017630532281347512,-0.04665685720947477
SPY,2020-10-07,2020-04-08,2020-10-07,127,0.344911361098625,1.6419942639301024e-05,0.1431273434723617,0.784797349216313,0.013764491352756281,3.968503937007874,-0.04793579208313714,0.017630532281347512,-0.04665685720947477
SPY,2020-10-08,2020-04-09,2020-10-08,127,0.344911361098625,1.7610522816375275e-05,0.1532196925456733,0.7715399524026284,0.014291700818570716,3.968503937007874,-0.04793579208313714,0.017630532281347512,-0.04665685720947477
SPY,2020-10-09,2020-04-13,2020-10-09,127,0.344911361098625,1.7435295186588275e-05,0.1443579371173899,0.7767965484595748,0.013413131540396174,3.968503937007874,-0.04793579208313714,0.017630532281347512,-0.04665685720947477
SPY,2020-10-12,2020-04-13,2020-10-12,128,0.344911361098625,1.77875115131194e-05,0.14312734347236167,0.7764674369824438,0.01287030026721538,3.9375,-0.04793579208313714,0.017630532281347512,-0.04665685720947477
SPY,2020-10-13,2020-04-14,2020-10-13,128,0.344911361098625,1.709005321060546e-05,0.13829212666443036,0.7808480318188842,0.013237829531541132,3.9375,-0.04793579208313714,0.017630532281347512,-0.04665685720947477
SPY,2020-10-14,2020-04-15,2020-10-14,128,0.344911361098625,1.7261811100849367e-05,0.13475629716934648,0.7825677076264654,0.012733215044739208,3.9375,-0.04793579208313714,0.017630532281347512,-0.04665685720947477
SPY,2020-10-15,2020-04-16,2020-10-15,128,0.344911361098625,1.8146843081425716e-05,0.12351809155918089,0.7848440245208299,0.012343207675596775,3.9375,-0.04793579208313714,0.017630532281347512,-0.04665685720947477
SPY,2020-10-16,2020-04-17,2020-10-16,128,0.344911361098625,1.7610522816375214e-05,0.15192698500485824,0.7625304648495361,0.011469391126596893,3.9375,-0.04793579208313714,0.017630532281347512,-0.04665685720947477
SPY,2020-10-19,2020-04-20,2020-10-19,128,0.344911361098625,1.8699496730198127e-05,0.09801334073509547,0.800707825333562,0.011524213317783147,3.9375,-0.04793579208313714,0.017630532281347512,-0.04665685720947477
SPY,2020-10-20,2020-04-21,2020-10-20,128,0.344911361098625,1.8699496730198127e-05,0.07112970907899611,0.820810676250895,0.012442934732928023,3.9375,-0.04793579208313714,0.017630532281347512,-0.04665685720947477
SPY,2020-10-21,2020-04-22,2020-10-21,128,0.344911361098625,1.8699496730198127e-05,0.07246239795316639,0.8196321413387377,0.012097327710723308,3.9375,-0.04793579208313714,0.017630532281347512,-0.04665685720947477
SPY,2020-10-22,2020-04-23,2020-10-22,128,0.344911361098625,1.926898118828161e-05,0.08475088878363751,0.8049506586577353,0.011676015639514299,3.9375,-0.04793579208313714,0.017630532281347512,-0.04665685720947477
SPY,2020-10-23,2020-04-24,2020-10-23,128,0.344911361098625,1.9077251621974057e-05,0.10626186236750196,0.7860311348984098,0.011099712252380467,3.9375,-0.04793579208313714,0.017630532281347512,-0.04665685720947477
SPY,2020-10-26,2020-04-27,2020-10-26,128,0.344911361098625,2.0055363228473964e-05,0.06540849421728512,0.8169126996266373,0.011480524979041139,3.9375,-0.04793579208313714,0.017630532281347512,-0.04665685720947477
SPY,2020-10-27,2020-04-28,2020-10-27,128,0.27087342471763176,2.0632883045036827e-05,0.06122748640252977,0.8185590262953338,0.01245181059029337,3.9375,-0.04793579208313714,0.017630532281347512,-0.04665685720947477
SPY,2020-10-28,2020-04-29,2020-10-28,128,0.27087342471763176,2.190874927781622e-05,0.03489316380602883,0.8404386504981055,0.012651869561251746,1.96875,-0.0604024610152063,0.0,-0.058614413665160514
SPY,2020-10-29,2020-04-30,2020-10-29,128,0.27087342471763176,2.2351335371538317e-05,0.016303649649104954,0.8543964200133468,0.013632823642536429,1.96875,-0.0604024610152063,0.0,-0.058614413665160514
SPY,2020-10-30,2020-05-01,2020-10-30,128,0.19683548833663855,2.2994970640401405e-05,0.01762847673199604,0.8521995370728631,0.013672056225376756,1.96875,-0.0604024610152063,0.0,-0.058614413665160514
SPY,2020-11-02,2020-05-04,2020-11-02,128,0.19683548833663855,2.2093324944915387e-05,0.02987314744007462,0.8426875774840211,0.013736857321973417,1.96875,-0.0604024610152063,0.0,-0.058614413665160514
SPY,2020-11-03,2020-05-04,2020-11-03,129,0.19683548833663855,2.2539639714449218e-05,0.035554968905459755,0.835533998925318,0.013724595560172111,1.9534883720930234,-0.0604024610152063,0.0,-0.058614413665160514
SPY,2020-11-04,2020-05-05,2020-11-04,129,0.19683548833663855,2.3226073937432932e-05,0.04971343422470488,0.8210501527756522,0.014111138769591903,1.9534883720930234,-0.0604024610152063,0.0,-0.058614413665160514
SPY,2020-11-05,2020-05-06,2020-11-05,129,0.19683548833663855,2.393341319476736e-05,0.060058419480970196,0.8087615180993011,0.014693822017026634,3.906976744186047,-0.04793579208313714,0.017630532281347512,-0.04665685720947477
SPY,2020-11-06,2020-05-07,2020-11-06,129,0.19683548833663855,2.41739479962692e-05,0.04650896894708597,0.8169468567285116,0.014406462563517616,1.9534883720930234,-0.0604024610152063,0.0,-0.058614413665160514
SPY,2020-11-09,2020-05-11,2020-11-09,128,0.19683548833663855,2.41739479962692e-05,0.04146806276954443,0.8200847362483628,0.013795503936634906,1.96875,-0.0604024610152063,0.0,-0.058614413665160514
SPY,2020-11-10,2020-05-11,2020-11-10,129,0.19683548833663855,2.41739479962692e-05,0.036598110444484556,0.8230556747237469,0.013501533090350952,1.9534883720930234,-0.0604024610152063,0.0,-0.058614413665160514
SPY,2020-11-11,2020-05-12,2020-11-11,129,0.19683548833663855,2.41739479962692e-05,0.04391957142938944,0.8144032377320092,0.013146636716791133,3.906976744186047,-0.04793579208313714,0.017630532281347512,-0.04665685720947477
SPY,2020-11-12,2020-05-13,2020-11-12,129,0.19683548833663855,2.41739479962692e-05,0.035213661337547705,0.821818206965885,0.012918529466254065,1.9534883720930234,-0.0604024610152063,0.0,-0.058614413665160514
SPY,2020-11-13,2020-05-14,2020-11-13,129,0.6344056216624367,2.3290778138103966e-05,0.028894200428724204,0.8357018057150866,0.01296474376109552,5.86046511627907,-0.04392329811346022,0.014272986997538366,-0.04287515264773345
SPY,2020-11-16,2020-05-18,2020-11-16,128,0.578283544349388,2.406795387512749e-05,0.01765019208477371,0.8441652221944189,0.013088370122116477,1.96875,-0.0604024610152063,0.0,-0.058614413665160514
SPY,2020-11-17,2020-05-18,2020-11-17,129,0.5221614670363393,2.4378582676186373e-05,0.024277557649362038,0.8348632123433232,0.012956764706165578,3.906976744186047,-0.04793579208313714,0.017630532281347512,-0.04665685720947477
SPY,2020-11-18,2020-05-19,2020-11-18,129,0.39200145334229736,3.641272098470307e-05,0.0725191446228624,0.7288421010511381,0.012653139497528191,1.9534883720930234,-0.0604024610152063,0.0,-0.058614413665160514
SPY,2020-11-19,2020-05-20,2020-11-19,129,0.39200145334229736,3.429220919469225e-05,0.0810152930561855,0.7159074343992619,0.012391180424752558,5.86046511627907,-0.04392329811346022,0.014272986997538366,-0.04287515264773345
SPY,2020-11-20,2020-05-21,2020-11-20,129,0.3179635169613041,3.6354123922551485e-05,0.08954802464228129,0.7030342411443763,0.012128851164540384,3.906976744186047,-0.04793579208313714,0.017630532281347512,-0.04665685720947477
SPY,2020-11-23,2020-05-26,2020-11-23,128,0.3179635169613041,3.492865833442226e-05,0.08873615153883213,0.7052590857109426,0.011904703167962301,5.90625,-0.04392329811346022,0.014272986997538366,-0.04287515264773345
SPY,2020-11-24,2020-05-26,2020-11-24,129,0.3179635169613041,3.527969718670902e-05,0.08323688656950466,0.7079060306364054,0.011749514885631519,5.86046511627907,-0.04392329811346022,0.014272986997538366,-0.04287515264773345
SPY,2020-11-25,2020-05-26,2020-11-25,130,0.3179635169613041,3.492865833442226e-05,0.08400308851286355,0.7073136127320818,0.012242893900665077,5.815384615384615,-0.04392329811346022,0.014272986997538366,-0.04287515264773345
SPY,2020-11-27,2020-05-28,2020-11-27,129,0.3179635169613041,3.492865833442226e-05,0.09370858215336636,0.6998184618230262,0.011851401364276428,5.86046511627907,-0.04392329811346022,0.014272986997538366,-0.04287515264773345
SPY,2020-11-30,2020-06-01,2020-11-30,128,0.3179635169613041,3.0063374834262916e-05,0.08954802464228143,0.7289946675579799,0.01140595626179858,5.90625,-0.04392329811346022,0.014272986997538366,-0.04287515264773345
SPY,2020-12-01,2020-06-02,2020-12-01,128,0.3179635169613041,2.1185302182454533e-05,0.09202395426992444,0.7770238127019325,0.010905736849887942,5.90625,-0.04392329811346022,0.014272986997538366,-0.04287515264773345
SPY,2020-12-02,2020-06-03,2020-12-02,128,0.3179635169613041,1.7695451832750518e-05,0.10163569416737316,0.7855488710602605,0.010710678109165435,5.90625,-0.04392329811346022,0.014272986997538366,-0.04287515264773345
SPY,2020-12-03,2020-06-04,2020-12-03,128,0.3179635169613041,1.6499129929299964e-05,0.10163569416737316,0.7884743497295391,0.010193244063813407,5.90625,-0.04392329811346022,0.014272986997538366,-0.04287515264773345
SPY,2020-12-04,2020-06-05,2020-12-04,128,0.3179635169613041,1.4059631092599512e-05,0.12463950739395005,0.7816008558243587,0.00939809671327301,5.90625,-0.04392329811346022,0.014272986997538366,-0.04287515264773345
SPY,2020-12-07,2020-06-08,2020-12-07,128,0.3179635169613041,1.4633415522347885e-05,0.0431438675876092,0.843856799304771,0.01045062605838205,5.90625,-0.04392329811346022,0.014272986997538366,-0.04287515264773345
SPY,2020-12-08,2020-06-09,2020-12-08,128,0.3179635169613041,1.3919735425802784e-05,0.053701128691563606,0.8335560882466412,0.009929950724354092,5.90625,-0.04392329811346022,0.014272986997538366,-0.04287515264773345
SPY,2020-12-09,2020-06-10,2020-12-09,128,0.3179635169613041,1.4929030125067607e-05,0.07315901594779792,0.800971961522404,0.009329699000291493,5.90625,-0.04392329811346022,0.014272986997538366,-0.04287515264773345
SPY,2020-12-10,2020-06-11,2020-12-10,128,0.24392558058031089,1.80238720588184e-05,0.1359023226861931,0.7129668134540345,0.00903229939797088,5.90625,-0.04392329811346022,0.014272986997538366,-0.04287515264773345
SPY,2020-12-11,2020-06-12,2020-12-11,128,0.24392558058031089,2.507063158532521e-05,0.2209952440644548,0.5904195502733609,0.008703953060836444,3.9375,-0.035683716662587184,0.0003034810543877211,-0.03505451417529548
SPY,2020-12-14,2020-06-15,2020-12-14,128,0.24392558058031089,2.482117463303787e-05,0.22445657710859607,0.5877953954100656,0.008362480310187279,3.9375,-0.035683716662587184,0.0003034810543877211,-0.03505451417529548
SPY,2020-12-15,2020-06-16,2020-12-15,128,0.24392558058031089,2.66209128622727e-05,0.2262016209083701,0.571910971708265,0.008568380470930205,3.9375,-0.035683716662587184,0.0003034810543877211,-0.03505451417529548
SPY,2020-12-16,2020-06-17,2020-12-16,128,0.24392558058031089,2.9127918262655998e-05,0.24233648616480866,0.5388579684905886,0.010151969968595891,5.90625,-0.032518094493750795,0.005487216190626291,-0.0319804926843168
SPY,2020-12-17,2020-06-18,2020-12-17,128,0.24392558058031089,2.855114683724303e-05,0.24050570695144313,0.5417159506863306,0.009162050998378862,3.9375,-0.035683716662587184,0.0003034810543877211,-0.03505451417529548
SPY,2020-12-18,2020-06-19,2020-12-18,128,0.24392558058031089,2.432968244521902e-05,0.2314941575376793,0.5810450656071221,0.00876058347772015,3.9375,-0.035683716662587184,0.0003034810543877211,-0.03505451417529548
SPY,2020-12-21,2020-06-22,2020-12-21,128,0.24392558058031089,2.2912832040274563e-05,0.22445657710859607,0.5934249315370425,0.00918732823448321,3.9375,-0.035683716662587184,0.0003034810543877211,-0.03505451417529548
SPY,2020-12-22,2020-06-23,2020-12-22,128,0.24392558058031089,2.0119653124015355e-05,0.23687256990888966,0.5998523391079047,0.00859374124943986,3.9375,-0.035683716662587184,0.0003034810543877211,-0.03505451417529548
SPY,2020-12-23,2020-06-24,2020-12-23,128,0.24392558058031089,2.0321858999587174e-05,0.28495973678208,0.5522126216911171,0.007856288318464993,3.9375,-0.035683716662587184,0.0003034810543877211,-0.03505451417529548
SPY,2020-12-24,2020-06-25,2020-12-24,128,0.24392558058031089,2.0321858999587174e-05,0.29317627909449373,0.5471060139353098,0.007342281154846365,3.9375,-0.035683716662587184,0.0003034810543877211,-0.03505451417529548
SPY,2020-12-28,2020-06-29,2020-12-28,127,0.24392558058031089,2.0119653124015318e-05,0.29110918639097166,0.5487052411683696,0.007183974617299503,3.968503937007874,-0.035683716662587184,0.0003034810543877211,-0.03505451417529548
SPY,2020-12-29,2020-06-30,2020-12-29,127,0.24392558058031089,1.9919459230522303e-05,0.2890506995504469,0.5502978049191724,0.008085710281312398,3.968503937007874,-0.035683716662587184,0.0003034810543877211,-0.03505451417529548
SPY,2020-12-30,2020-07-01,2020-12-30,127,0.24392558058031089,1.8387978426877325e-05,0.2890506995504469,0.564727116437228,0.007572663129953852,3.968503937007874,-0.035683716662587184,0.0003034810543877211,-0.03505451417529548
SPY,2020-12-31,2020-07-01,2020-12-31,128,0.24392558058031089,1.630867385671175e-05,0.2829273543432468,0.5895648816095581,0.0070074884576635105,3.9375,-0.035683716662587184,0.0003034810543877211,-0.03505451417529548
