Datetime,Open,High,Low,Close,Volume
2023-03-08 09:30:00,152.77,153.02,152.52,152.99,849313
2023-03-08 09:31:00,152.98,153.1,152.79,152.89,252664
2023-03-08 09:32:00,152.93,153.036,152.76,152.89,238067
2023-03-08 09:33:00,152.885,152.885,152.65,152.77,248146
2023-03-08 09:34:00,152.76,152.99,152.71,152.71,242030
2023-03-08 09:35:00,152.72,152.9101,152.66,152.705,176404
2023-03-08 09:36:00,152.71,152.885,152.62,152.87,189217
2023-03-08 09:37:00,152.86,153.03,152.74,152.98,355115
2023-03-08 09:38:00,152.9881,153.05,152.82,152.9334,211866
2023-03-08 09:39:00,152.93,153.07,152.93,152.98,222743
2023-03-08 09:40:00,152.988,153.02,152.64,152.84,244728
2023-03-08 09:41:00,152.8401,152.97,152.76,152.825,196481
2023-03-08 09:42:00,152.82,152.82,152.6801,152.7355,117528
2023-03-08 09:43:00,152.74,152.7695,152.5784,152.6101,241112
2023-03-08 09:44:00,152.6132,152.7203,152.335,152.3646,237483
2023-03-08 09:45:00,152.37,152.6288,152.3,152.62,164726
2023-03-08 09:46:00,152.6158,152.775,152.5,152.5513,160436
2023-03-08 09:47:00,152.56,152.605,152.38,152.4129,135198
2023-03-08 09:48:00,152.41,152.6354,152.41,152.49,123346
2023-03-08 09:49:00,152.51,152.58,152.41,152.45,90527
2023-03-08 09:50:00,152.44,152.65,152.42,152.5899,92580
2023-03-08 09:51:00,152.6,152.66,152.55,152.64,117163
2023-03-08 09:52:00,152.63,152.68,152.34,152.4099,140395
2023-03-08 09:53:00,152.4081,152.5,152.3614,152.468,86834
2023-03-08 09:54:00,152.475,152.53,152.43,152.46,81958
2023-03-08 09:55:00,152.46,152.67,152.44,152.6,130335
2023-03-08 09:56:00,152.61,152.64,152.55,152.57,98257
2023-03-08 09:57:00,152.57,152.84,152.53,152.81,184488
2023-03-08 09:58:00,152.806,152.86,152.74,152.78,126191
2023-03-08 09:59:00,152.78,152.79,152.63,152.65,136125
2023-03-08 10:00:00,152.66,152.79,152.09,152.2296,445219
2023-03-08 10:01:00,152.21,152.21,151.83,151.9201,279790
2023-03-08 10:02:00,151.92,152.35,151.84,152.31,178162
2023-03-08 10:03:00,152.3299,152.46,152.13,152.2099,217585
2023-03-08 10:04:00,152.22,152.5,152.18,152.35,125333
2023-03-08 10:05:00,152.35,152.44,152.2905,152.31,108081
2023-03-08 10:06:00,152.3,152.34,152.18,152.27,139675
2023-03-08 10:07:00,152.26,152.44,152.15,152.4,144811
2023-03-08 10:08:00,152.4,152.435,152.25,152.25,94810
2023-03-08 10:09:00,152.2773,152.69,152.185,152.54,186328
2023-03-08 10:10:00,152.56,152.8,152.49,152.75,163962
2023-03-08 10:11:00,152.76,152.9,152.58,152.64,165522
2023-03-08 10:12:00,152.67,152.89,152.595,152.8557,139833
2023-03-08 10:13:00,152.85,152.92,152.67,152.71,130284
2023-03-08 10:14:00,152.69,152.75,152.56,152.68,103960
2023-03-08 10:15:00,152.69,152.7385,152.52,152.533,119864
2023-03-08 10:16:00,152.555,152.6,152.45,152.52,116217
2023-03-08 10:17:00,152.5138,152.62,152.5,152.58,69554
2023-03-08 10:18:00,152.58,152.6699,152.34,152.3745,127042
2023-03-08 10:19:00,152.38,152.48,152.3558,152.48,80255
2023-03-08 10:20:00,152.48,152.54,152.3665,152.38,114014
2023-03-08 10:21:00,152.3736,152.38,152.18,152.3,127355
2023-03-08 10:22:00,152.31,152.78,152.28,152.66,198882
2023-03-08 10:23:00,152.65,152.98,152.58,152.98,189954
2023-03-08 10:24:00,152.97,153.04,152.88,152.95,323139
2023-03-08 10:25:00,152.96,152.9799,152.73,152.85,155649
2023-03-08 10:26:00,152.87,152.94,152.72,152.86,124281
2023-03-08 10:27:00,152.855,152.9199,152.66,152.7,115112
2023-03-08 10:28:00,152.76,152.76,152.56,152.71,104146
2023-03-08 10:29:00,152.72,152.7799,152.62,152.6392,69652
2023-03-08 10:30:00,152.64,152.71,152.52,152.66,90901
2023-03-08 10:31:00,152.67,152.95,152.65,152.7,179216
2023-03-08 10:32:00,152.71,152.82,152.615,152.79,122641
2023-03-08 10:33:00,152.78,153.02,152.7601,153.01,196416
2023-03-08 10:34:00,153.0001,153.14,152.96,153.0921,216504
2023-03-08 10:35:00,153.1,153.15,153.0,153.12,121330
2023-03-08 10:36:00,153.11,153.21,153.05,153.1148,130651
2023-03-08 10:37:00,153.12,153.19,152.95,152.95,95380
2023-03-08 10:38:00,152.9583,153.11,152.94,153.064,76035
2023-03-08 10:39:00,153.1,153.14,152.86,152.9252,146834
2023-03-08 10:40:00,152.925,152.98,152.83,152.8913,96440
2023-03-08 10:41:00,152.91,152.92,152.77,152.88,88559
2023-03-08 10:42:00,152.8707,152.99,152.86,152.88,58765
2023-03-08 10:43:00,152.89,152.92,152.82,152.84,57592
2023-03-08 10:44:00,152.83,152.9,152.79,152.84,81343
2023-03-08 10:45:00,152.85,152.882,152.73,152.805,80091
2023-03-08 10:46:00,152.82,152.84,152.68,152.72,80584
2023-03-08 10:47:00,152.7186,152.84,152.61,152.65,100660
2023-03-08 10:48:00,152.64,152.666,152.5586,152.575,86609
2023-03-08 10:49:00,152.57,152.57,152.36,152.4,119557
2023-03-08 10:50:00,152.41,152.57,152.33,152.53,140885
2023-03-08 10:51:00,152.54,152.6,152.36,152.416,92658
2023-03-08 10:52:00,152.39,152.44,152.33,152.39,90119
2023-03-08 10:53:00,152.39,152.55,152.3696,152.46,88898
2023-03-08 10:54:00,152.47,152.5769,152.47,152.5413,66500
2023-03-08 10:55:00,152.55,152.589,152.5024,152.565,57434
2023-03-08 10:56:00,152.5682,152.61,152.5201,152.55,55162
2023-03-08 10:57:00,152.5501,152.56,152.48,152.53,70983
2023-03-08 10:58:00,152.52,152.6599,152.52,152.585,87680
2023-03-08 10:59:00,152.5801,152.6499,152.5649,152.61,63943
2023-03-08 11:00:00,152.6,152.68,152.55,152.6559,76610
2023-03-08 11:01:00,152.65,152.65,152.53,152.5986,63567
2023-03-08 11:02:00,152.595,152.61,152.5,152.5711,48695
2023-03-08 11:03:00,152.57,152.76,152.57,152.72,81764
2023-03-08 11:04:00,152.715,152.7251,152.61,152.6559,48137
2023-03-08 11:05:00,152.67,152.84,152.6615,152.84,95906
2023-03-08 11:06:00,152.8335,152.92,152.825,152.86,103864
2023-03-08 11:07:00,152.86,152.965,152.83,152.935,136287
2023-03-08 11:08:00,152.93,153.02,152.85,152.9092,162118
2023-03-08 11:09:00,152.91,152.91,152.8,152.83,86492
2023-03-08 11:10:00,152.83,152.92,152.81,152.91,59099
2023-03-08 11:11:00,152.91,152.915,152.83,152.845,63681
2023-03-08 11:12:00,152.84,152.8501,152.68,152.82,100494
2023-03-08 11:13:00,152.8195,152.9099,152.812,152.8901,74389
2023-03-08 11:14:00,152.91,152.9199,152.81,152.85,51444
2023-03-08 11:15:00,152.84,152.895,152.81,152.8867,54190
2023-03-08 11:16:00,152.89,152.93,152.78,152.8,74718
2023-03-08 11:17:00,152.7978,152.82,152.75,152.78,49724
2023-03-08 11:18:00,152.775,152.775,152.66,152.76,64407
2023-03-08 11:19:00,152.755,152.82,152.69,152.7195,52884
2023-03-08 11:20:00,152.71,152.73,152.6426,152.69,54017
2023-03-08 11:21:00,152.6901,152.78,152.67,152.71,68873
2023-03-08 11:22:00,152.71,152.76,152.68,152.7,58878
2023-03-08 11:23:00,152.7,152.75,152.66,152.735,52461
2023-03-08 11:24:00,152.74,152.76,152.64,152.65,59976
2023-03-08 11:25:00,152.65,152.68,152.57,152.67,93316
2023-03-08 11:26:00,152.68,152.72,152.64,152.645,56428
2023-03-08 11:27:00,152.65,152.73,152.63,152.68,42112
2023-03-08 11:28:00,152.67,152.67,152.55,152.6,48428
2023-03-08 11:29:00,152.6,152.61,152.5,152.59,96940
2023-03-08 11:30:00,152.6,152.615,152.47,152.4793,79702
2023-03-08 11:31:00,152.4869,152.49,152.35,152.4851,120081
2023-03-08 11:32:00,152.46,152.5199,152.43,152.489,81812
2023-03-08 11:33:00,152.48,152.565,152.44,152.5435,83993
2023-03-08 11:34:00,152.54,152.55,152.48,152.5192,66299
2023-03-08 11:35:00,152.5112,152.5185,152.38,152.47,160689
2023-03-08 11:36:00,152.47,152.5,152.4101,152.47,95781
2023-03-08 11:37:00,152.46,152.5,152.44,152.47,58402
2023-03-08 11:38:00,152.481,152.585,152.455,152.57,64961
2023-03-08 11:39:00,152.59,152.69,152.59,152.69,71836
2023-03-08 11:40:00,152.69,152.76,152.6842,152.7529,106846
2023-03-08 11:41:00,152.75,152.94,152.7401,152.94,88129
2023-03-08 11:42:00,152.935,152.98,152.915,152.96,91788
2023-03-08 11:43:00,152.96,153.06,152.96,152.9934,114491
2023-03-08 11:44:00,153.0,153.005,152.93,152.94,67393
2023-03-08 11:45:00,152.93,152.9768,152.88,152.915,73063
2023-03-08 11:46:00,152.9175,153.02,152.9,152.935,85134
2023-03-08 11:47:00,152.939,153.02,152.93,153.005,54268
2023-03-08 11:48:00,153.005,153.3,153.0,153.24,228408
2023-03-08 11:49:00,153.23,153.39,153.21,153.38,121054
2023-03-08 11:50:00,153.378,153.42,153.27,153.35,99705
2023-03-08 11:51:00,153.355,153.45,153.3095,153.45,86965
2023-03-08 11:52:00,153.455,153.47,153.32,153.33,145008
2023-03-08 11:53:00,153.34,153.42,153.33,153.385,83327
2023-03-08 11:54:00,153.385,153.4,153.33,153.34,46910
2023-03-08 11:55:00,153.34,153.37,153.28,153.28,82035
2023-03-08 11:56:00,153.29,153.37,153.25,153.32,75510
2023-03-08 11:57:00,153.3352,153.34,153.295,153.3366,58568
2023-03-08 11:58:00,153.34,153.36,153.266,153.285,97242
2023-03-08 11:59:00,153.29,153.35,153.24,153.34,67182
2023-03-08 12:00:00,153.35,153.41,153.35,153.36,137473
2023-03-08 12:01:00,153.35,153.36,153.29,153.3199,54662
2023-03-08 12:02:00,153.315,153.35,153.27,153.27,81966
2023-03-08 12:03:00,153.28,153.3,153.23,153.24,64963
2023-03-08 12:04:00,153.24,153.2579,153.21,153.22,50005
2023-03-08 12:05:00,153.23,153.2834,153.21,153.2174,40591
2023-03-08 12:06:00,153.2164,153.2164,153.08,153.13,157925
2023-03-08 12:07:00,153.135,153.14,152.98,153.06,114883
2023-03-08 12:08:00,153.0601,153.08,152.94,152.97,77674
2023-03-08 12:09:00,152.96,153.05,152.96,152.9962,49990
2023-03-08 12:10:00,153.01,153.04,152.97,153.01,49961
2023-03-08 12:11:00,153.0086,153.01,152.91,152.9455,50314
2023-03-08 12:12:00,152.95,152.95,152.755,152.8,108717
2023-03-08 12:13:00,152.8,152.8547,152.72,152.805,130472
2023-03-08 12:14:00,152.8,152.81,152.76,152.798,61325
2023-03-08 12:15:00,152.79,152.81,152.715,152.735,83060
2023-03-08 12:16:00,152.73,152.81,152.68,152.785,72050
2023-03-08 12:17:00,152.78,152.8299,152.73,152.787,62170
2023-03-08 12:18:00,152.79,152.89,152.77,152.88,60446
2023-03-08 12:19:00,152.885,152.95,152.8699,152.9199,81235
2023-03-08 12:20:00,152.9166,152.92,152.83,152.895,41941
2023-03-08 12:21:00,152.9057,152.93,152.85,152.88,36867
2023-03-08 12:22:00,152.8757,152.8757,152.79,152.8401,50204
2023-03-08 12:23:00,152.85,152.8899,152.825,152.845,36500
2023-03-08 12:24:00,152.84,152.9,152.81,152.87,39923
2023-03-08 12:25:00,152.86,152.8899,152.83,152.85,23087
2023-03-08 12:26:00,152.85,152.88,152.81,152.8524,38133
2023-03-08 12:27:00,152.86,152.91,152.85,152.9,38172
2023-03-08 12:28:00,152.89,152.89,152.71,152.7313,100846
2023-03-08 12:29:00,152.74,152.7799,152.71,152.75,81041
2023-03-08 12:30:00,152.73,152.74,152.65,152.7,65004
2023-03-08 12:31:00,152.71,152.72,152.55,152.59,111749
2023-03-08 12:32:00,152.59,152.595,152.35,152.4827,158041
2023-03-08 12:33:00,152.49,152.69,152.485,152.67,102214
2023-03-08 12:34:00,152.68,152.72,152.625,152.7101,92723
2023-03-08 12:35:00,152.72,152.8,152.65,152.765,101004
2023-03-08 12:36:00,152.764,152.8659,152.76,152.85,72104
2023-03-08 12:37:00,152.8453,152.895,152.8301,152.85,80658
2023-03-08 12:38:00,152.86,152.9,152.82,152.8947,56584
2023-03-08 12:39:00,152.9,152.92,152.8,152.85,68447
2023-03-08 12:40:00,152.85,152.98,152.81,152.9701,91742
2023-03-08 12:41:00,152.97,152.9782,152.88,152.9099,60894
2023-03-08 12:42:00,152.91,153.011,152.91,153.01,75324
2023-03-08 12:43:00,153.007,153.04,152.96,153.04,61510
2023-03-08 12:44:00,153.04,153.055,152.98,153.0,67435
2023-03-08 12:45:00,152.995,153.04,152.975,153.005,54137
2023-03-08 12:46:00,153.01,153.04,152.96,152.9819,51935
2023-03-08 12:47:00,152.99,153.0,152.92,152.923,51969
2023-03-08 12:48:00,152.92,152.92,152.82,152.91,68655
2023-03-08 12:49:00,152.91,152.9407,152.8501,152.94,62147
2023-03-08 12:50:00,152.93,152.96,152.88,152.92,37393
2023-03-08 12:51:00,152.9399,152.94,152.83,152.8703,42314
2023-03-08 12:52:00,152.87,152.89,152.83,152.84,45652
2023-03-08 12:53:00,152.84,152.87,152.79,152.79,31740
2023-03-08 12:54:00,152.795,152.84,152.7,152.795,87158
2023-03-08 12:55:00,152.796,152.81,152.67,152.68,82109
2023-03-08 12:56:00,152.6799,152.73,152.61,152.73,78071
2023-03-08 12:57:00,152.73,152.81,152.695,152.8022,70565
2023-03-08 12:58:00,152.8042,152.8299,152.76,152.77,57176
2023-03-08 12:59:00,152.76,152.84,152.7317,152.83,46418
2023-03-08 13:00:00,152.84,152.91,152.76,152.9001,58391
2023-03-08 13:01:00,152.91,152.9401,152.85,152.915,69150
2023-03-08 13:02:00,152.915,152.92,152.635,152.68,151722
2023-03-08 13:03:00,152.69,152.84,152.6,152.84,93359
2023-03-08 13:04:00,152.84,152.881,152.67,152.7,67449
2023-03-08 13:05:00,152.71,152.77,152.67,152.71,34407
2023-03-08 13:06:00,152.73,152.7915,152.66,152.7915,42074
2023-03-08 13:07:00,152.785,152.86,152.72,152.79,84917
2023-03-08 13:08:00,152.785,152.7852,152.57,152.6,73128
2023-03-08 13:09:00,152.595,152.65,152.54,152.56,77397
2023-03-08 13:10:00,152.565,152.58,152.51,152.5376,53706
2023-03-08 13:11:00,152.53,152.53,152.41,152.506,107664
2023-03-08 13:12:00,152.5,152.5842,152.48,152.52,51824
2023-03-08 13:13:00,152.52,152.645,152.5,152.6402,52478
2023-03-08 13:14:00,152.6384,152.7211,152.57,152.57,62555
2023-03-08 13:15:00,152.57,152.63,152.48,152.63,69788
2023-03-08 13:16:00,152.63,152.65,152.51,152.56,39599
2023-03-08 13:17:00,152.5501,152.57,152.37,152.4188,98610
2023-03-08 13:18:00,152.41,152.5,152.4,152.49,40808
2023-03-08 13:19:00,152.498,152.55,152.44,152.4985,47729
2023-03-08 13:20:00,152.5,152.5,152.42,152.45,39779
2023-03-08 13:21:00,152.45,152.54,152.45,152.49,50023
2023-03-08 13:22:00,152.4888,152.55,152.4788,152.54,37961
2023-03-08 13:23:00,152.5489,152.55,152.4701,152.52,59392
2023-03-08 13:24:00,152.52,152.57,152.51,152.53,51007
2023-03-08 13:25:00,152.52,152.53,152.43,152.4791,41060
2023-03-08 13:26:00,152.47,152.5,152.3801,152.43,45800
2023-03-08 13:27:00,152.42,152.44,152.3556,152.41,42525
2023-03-08 13:28:00,152.425,152.4587,152.28,152.295,81588
2023-03-08 13:29:00,152.2979,152.34,152.25,152.335,78141
2023-03-08 13:30:00,152.34,152.34,152.22,152.245,64231
2023-03-08 13:31:00,152.265,152.37,152.2465,152.37,64094
2023-03-08 13:32:00,152.3687,152.41,152.33,152.36,49527
2023-03-08 13:33:00,152.36,152.37,152.29,152.3284,53355
2023-03-08 13:34:00,152.325,152.4001,152.295,152.3282,39648
2023-03-08 13:35:00,152.32,152.3787,152.29,152.34,42093
2023-03-08 13:36:00,152.3405,152.36,152.26,152.27,45801
2023-03-08 13:37:00,152.2799,152.3099,152.235,152.305,55776
2023-03-08 13:38:00,152.31,152.3499,152.21,152.235,56519
2023-03-08 13:39:00,152.25,152.31,152.23,152.24,63259
2023-03-08 13:40:00,152.235,152.235,152.17,152.2,55285
2023-03-08 13:41:00,152.2,152.2,152.09,152.13,79697
2023-03-08 13:42:00,152.135,152.18,152.06,152.1699,57937
2023-03-08 13:43:00,152.1587,152.1649,152.1,152.155,39330
2023-03-08 13:44:00,152.15,152.265,152.14,152.205,56030
2023-03-08 13:45:00,152.19,152.21,152.12,152.18,68055
2023-03-08 13:46:00,152.18,152.27,152.17,152.2699,48939
2023-03-08 13:47:00,152.27,152.285,152.1799,152.2099,60835
2023-03-08 13:48:00,152.21,152.26,152.19,152.21,40689
2023-03-08 13:49:00,152.22,152.22,152.12,152.15,57539
2023-03-08 13:50:00,152.15,152.15,152.05,152.08,101879
2023-03-08 13:51:00,152.08,152.1491,152.07,152.115,49875
2023-03-08 13:52:00,152.12,152.15,152.09,152.13,43157
2023-03-08 13:53:00,152.14,152.3,152.14,152.26,70423
2023-03-08 13:54:00,152.26,152.35,152.24,152.349,93439
2023-03-08 13:55:00,152.35,152.39,152.29,152.3,67120
2023-03-08 13:56:00,152.3,152.38,152.3,152.3591,37659
2023-03-08 13:57:00,152.34,152.34,152.14,152.21,110672
2023-03-08 13:58:00,152.2,152.25,152.17,152.25,51594
2023-03-08 13:59:00,152.26,152.29,152.19,152.29,38933
2023-03-08 14:00:00,152.28,152.384,152.25,152.33,54531
2023-03-08 14:01:00,152.3302,152.38,152.27,152.37,31827
2023-03-08 14:02:00,152.3722,152.42,152.32,152.37,67850
2023-03-08 14:03:00,152.3799,152.39,152.3389,152.345,43534
2023-03-08 14:04:00,152.35,152.375,152.31,152.335,39549
2023-03-08 14:05:00,152.34,152.35,152.24,152.279,54115
2023-03-08 14:06:00,152.27,152.3351,152.23,152.3351,37307
2023-03-08 14:07:00,152.3399,152.3678,152.258,152.27,65950
2023-03-08 14:08:00,152.2799,152.3386,152.25,152.335,34416
2023-03-08 14:09:00,152.33,152.475,152.33,152.445,110678
2023-03-08 14:10:00,152.46,152.542,152.4542,152.5117,67705
2023-03-08 14:11:00,152.5137,152.64,152.5132,152.635,106709
2023-03-08 14:12:00,152.64,152.645,152.58,152.625,86045
2023-03-08 14:13:00,152.63,152.64,152.54,152.5737,57468
2023-03-08 14:14:00,152.59,152.6,152.46,152.466,63049
2023-03-08 14:15:00,152.46,152.51,152.419,152.485,56923
2023-03-08 14:16:00,152.485,152.55,152.37,152.46,81677
2023-03-08 14:17:00,152.46,152.51,152.41,152.495,39397
2023-03-08 14:18:00,152.49,152.51,152.45,152.47,39221
2023-03-08 14:19:00,152.47,152.5147,152.4508,152.51,24339
2023-03-08 14:20:00,152.5099,152.5699,152.4784,152.5699,39015
2023-03-08 14:21:00,152.5601,152.6786,152.56,152.65,69333
2023-03-08 14:22:00,152.64,152.65,152.605,152.62,42929
2023-03-08 14:23:00,152.621,152.65,152.59,152.6401,40425
2023-03-08 14:24:00,152.65,152.675,152.6132,152.6132,37737
2023-03-08 14:25:00,152.6299,152.71,152.61,152.704,51201
2023-03-08 14:26:00,152.71,152.715,152.6562,152.715,53524
2023-03-08 14:27:00,152.72,152.75,152.67,152.745,58597
2023-03-08 14:28:00,152.745,152.81,152.69,152.7201,111858
2023-03-08 14:29:00,152.735,152.8,152.7298,152.7906,55257
2023-03-08 14:30:00,152.79,152.84,152.775,152.8142,59531
2023-03-08 14:31:00,152.8183,152.84,152.79,152.815,56172
2023-03-08 14:32:00,152.8142,152.92,152.8142,152.88,88400
2023-03-08 14:33:00,152.88,152.88,152.65,152.74,112105
2023-03-08 14:34:00,152.7423,152.82,152.73,152.785,36149
2023-03-08 14:35:00,152.78,152.82,152.75,152.82,37058
2023-03-08 14:36:00,152.8199,152.89,152.78,152.81,91573
2023-03-08 14:37:00,152.82,152.94,152.813,152.89,115778
2023-03-08 14:38:00,152.8899,152.9896,152.875,152.9,72592
2023-03-08 14:39:00,152.9,152.91,152.85,152.855,51685
2023-03-08 14:40:00,152.84,152.9187,152.83,152.88,42184
2023-03-08 14:41:00,152.88,152.88,152.795,152.8,51170
2023-03-08 14:42:00,152.805,152.8116,152.74,152.77,60949
2023-03-08 14:43:00,152.77,152.79,152.73,152.76,34659
2023-03-08 14:44:00,152.77,152.775,152.68,152.72,53920
2023-03-08 14:45:00,152.72,152.75,152.64,152.66,69927
2023-03-08 14:46:00,152.6301,152.6719,152.6,152.6709,67248
2023-03-08 14:47:00,152.68,152.71,152.615,152.63,57557
2023-03-08 14:48:00,152.63,152.7,152.63,152.648,35166
2023-03-08 14:49:00,152.66,152.6999,152.64,152.67,37220
2023-03-08 14:50:00,152.66,152.665,152.575,152.59,57352
2023-03-08 14:51:00,152.58,152.61,152.53,152.5592,81209
2023-03-08 14:52:00,152.57,152.616,152.55,152.61,65064
2023-03-08 14:53:00,152.6001,152.64,152.56,152.6301,44280
2023-03-08 14:54:00,152.64,152.71,152.625,152.6807,55037
2023-03-08 14:55:00,152.68,152.68,152.61,152.63,55988
2023-03-08 14:56:00,152.6257,152.645,152.57,152.6082,56840
2023-03-08 14:57:00,152.6034,152.64,152.575,152.5868,46926
2023-03-08 14:58:00,152.6,152.6,152.49,152.5,63789
2023-03-08 14:59:00,152.5066,152.5301,152.5,152.5,42906
2023-03-08 15:00:00,152.51,152.59,152.48,152.5797,95120
2023-03-08 15:01:00,152.57,152.61,152.445,152.4537,83299
2023-03-08 15:02:00,152.4499,152.46,152.41,152.45,53584
2023-03-08 15:03:00,152.445,152.49,152.395,152.474,108549
2023-03-08 15:04:00,152.48,152.49,152.37,152.3772,52197
2023-03-08 15:05:00,152.37,152.37,152.31,152.345,62764
2023-03-08 15:06:00,152.34,152.35,152.21,152.2486,78359
2023-03-08 15:07:00,152.25,152.3,152.2128,152.285,70295
2023-03-08 15:08:00,152.2842,152.29,152.24,152.272,51374
2023-03-08 15:09:00,152.29,152.35,152.29,152.305,72163
2023-03-08 15:10:00,152.3,152.315,152.22,152.23,87758
2023-03-08 15:11:00,152.2299,152.27,152.18,152.18,84708
2023-03-08 15:12:00,152.19,152.23,152.14,152.215,75489
2023-03-08 15:13:00,152.22,152.26,152.1699,152.24,47462
2023-03-08 15:14:00,152.24,152.28,152.21,152.21,80903
2023-03-08 15:15:00,152.22,152.22,152.07,152.08,87462
2023-03-08 15:16:00,152.07,152.15,152.07,152.13,99501
2023-03-08 15:17:00,152.13,152.2,152.085,152.19,50567
2023-03-08 15:18:00,152.2,152.2399,152.18,152.21,67294
2023-03-08 15:19:00,152.215,152.2281,152.17,152.2,64001
2023-03-08 15:20:00,152.205,152.295,152.18,152.2623,89313
2023-03-08 15:21:00,152.27,152.3115,152.225,152.2964,113339
2023-03-08 15:22:00,152.3,152.32,152.2,152.21,112077
2023-03-08 15:23:00,152.22,152.28,152.195,152.24,68490
2023-03-08 15:24:00,152.23,152.25,152.1,152.105,125434
2023-03-08 15:25:00,152.1004,152.1598,152.08,152.1396,73804
2023-03-08 15:26:00,152.14,152.1558,152.07,152.075,66280
2023-03-08 15:27:00,152.07,152.18,152.07,152.1345,91605
2023-03-08 15:28:00,152.15,152.17,152.08,152.155,62065
2023-03-08 15:29:00,152.16,152.2599,152.16,152.24,106522
2023-03-08 15:30:00,152.25,152.305,152.21,152.265,86089
2023-03-08 15:31:00,152.265,152.365,152.24,152.29,111930
2023-03-08 15:32:00,152.305,152.3334,152.26,152.315,72746
2023-03-08 15:33:00,152.32,152.35,152.31,152.34,63356
2023-03-08 15:34:00,152.33,152.365,152.316,152.33,75810
2023-03-08 15:35:00,152.33,152.4813,152.3,152.45,96004
2023-03-08 15:36:00,152.45,152.59,152.45,152.57,110810
2023-03-08 15:37:00,152.57,152.65,152.565,152.63,113292
2023-03-08 15:38:00,152.635,152.7,152.62,152.635,116668
2023-03-08 15:39:00,152.65,152.66,152.58,152.615,75791
2023-03-08 15:40:00,152.62,152.72,152.61,152.705,126462
2023-03-08 15:41:00,152.7131,152.75,152.6797,152.735,78704
2023-03-08 15:42:00,152.7318,152.79,152.7,152.7623,108776
2023-03-08 15:43:00,152.77,152.91,152.77,152.91,117444
2023-03-08 15:44:00,152.91,153.01,152.89,152.94,163459
2023-03-08 15:45:00,152.95,153.12,152.93,153.0901,178408
2023-03-08 15:46:00,153.1,153.26,153.095,153.2011,247649
2023-03-08 15:47:00,153.2046,153.21,153.11,153.131,184150
2023-03-08 15:48:00,153.1313,153.16,153.0229,153.13,156205
2023-03-08 15:49:00,153.14,153.2,153.055,153.0925,119531
2023-03-08 15:50:00,153.1,153.21,153.03,153.03,183499
2023-03-08 15:51:00,153.03,153.08,152.99,153.0308,136732
2023-03-08 15:52:00,153.035,153.13,153.02,153.0726,143984
2023-03-08 15:53:00,153.075,153.13,153.04,153.05,142225
2023-03-08 15:54:00,153.05,153.1,152.87,152.95,196298
2023-03-08 15:55:00,152.94,152.94,152.81,152.865,309002
2023-03-08 15:56:00,152.87,152.94,152.83,152.849,197115
2023-03-08 15:57:00,152.85,152.85,152.74,152.7501,231915
2023-03-08 15:58:00,152.7599,152.78,152.7,152.72,254753
2023-03-08 15:59:00,152.71,152.92,152.71,152.89,656717
2023-03-09 09:30:00,153.49,153.77,153.01,153.2826,926371
2023-03-09 09:31:00,153.28,153.39,153.185,153.21,133307
2023-03-09 09:32:00,153.21,153.23,152.9488,153.14,208321
2023-03-09 09:33:00,153.15,153.45,153.08,153.33,187599
2023-03-09 09:34:00,153.3378,153.52,153.27,153.4444,199783
2023-03-09 09:35:00,153.4452,153.58,153.38,153.535,175436
2023-03-09 09:36:00,153.5478,153.63,153.47,153.6,160500
2023-03-09 09:37:00,153.6,153.61,153.35,153.59,117881
2023-03-09 09:38:00,153.59,153.68,153.5218,153.62,127065
2023-03-09 09:39:00,153.625,153.83,153.62,153.83,224615
2023-03-09 09:40:00,153.8101,153.86,153.57,153.6733,163608
2023-03-09 09:41:00,153.68,153.69,153.49,153.518,98045
2023-03-09 09:42:00,153.5172,153.61,153.3516,153.4383,128713
2023-03-09 09:43:00,153.43,153.69,153.43,153.6701,134762
2023-03-09 09:44:00,153.68,153.94,153.6701,153.845,230180
2023-03-09 09:45:00,153.84,154.18,153.84,154.08,329913
2023-03-09 09:46:00,154.085,154.13,153.94,154.0853,132267
2023-03-09 09:47:00,154.09,154.2891,154.08,154.27,181124
2023-03-09 09:48:00,154.27,154.32,154.06,154.21,161647
2023-03-09 09:49:00,154.22,154.28,154.12,154.13,105130
2023-03-09 09:50:00,154.125,154.28,154.12,154.185,131280
2023-03-09 09:51:00,154.189,154.385,154.189,154.21,155217
2023-03-09 09:52:00,154.21,154.28,154.1,154.1174,176691
2023-03-09 09:53:00,154.12,154.18,154.07,154.115,154727
2023-03-09 09:54:00,154.12,154.17,154.02,154.065,114214
2023-03-09 09:55:00,154.0631,154.24,154.035,154.235,118872
2023-03-09 09:56:00,154.23,154.29,154.14,154.265,117741
2023-03-09 09:57:00,154.27,154.29,154.17,154.235,105132
2023-03-09 09:58:00,154.235,154.34,154.17,154.17,108402
2023-03-09 09:59:00,154.165,154.3193,154.13,154.2949,100598
2023-03-09 10:00:00,154.295,154.44,154.13,154.2,183572
2023-03-09 10:01:00,154.2,154.32,154.1612,154.22,112488
2023-03-09 10:02:00,154.215,154.24,154.13,154.18,91414
2023-03-09 10:03:00,154.2,154.41,154.19,154.4072,116887
2023-03-09 10:04:00,154.41,154.42,154.25,154.3376,83185
2023-03-09 10:05:00,154.34,154.435,154.26,154.4247,103245
2023-03-09 10:06:00,154.43,154.51,154.37,154.5,181628
2023-03-09 10:07:00,154.5,154.535,154.25,154.2838,224817
2023-03-09 10:08:00,154.28,154.44,154.27,154.4,114085
2023-03-09 10:09:00,154.4001,154.45,154.3315,154.425,110979
2023-03-09 10:10:00,154.42,154.52,154.315,154.335,113914
2023-03-09 10:11:00,154.34,154.35,154.1189,154.25,199398
2023-03-09 10:12:00,154.245,154.32,154.1676,154.3101,109031
2023-03-09 10:13:00,154.3178,154.35,154.19,154.22,97939
2023-03-09 10:14:00,154.23,154.31,154.1499,154.265,95722
2023-03-09 10:15:00,154.27,154.27,154.14,154.22,102848
2023-03-09 10:16:00,154.23,154.25,154.025,154.06,144510
2023-03-09 10:17:00,154.06,154.065,153.63,153.7,249852
2023-03-09 10:18:00,153.71,153.7907,153.68,153.6857,138234
2023-03-09 10:19:00,153.687,153.8099,153.66,153.7399,93999
2023-03-09 10:20:00,153.735,153.88,153.715,153.87,122739
2023-03-09 10:21:00,153.86,153.8642,153.72,153.8081,97562
2023-03-09 10:22:00,153.8,153.95,153.72,153.9171,91793
2023-03-09 10:23:00,153.92,153.92,153.775,153.8401,93258
2023-03-09 10:24:00,153.84,153.85,153.73,153.76,65214
2023-03-09 10:25:00,153.75,153.85,153.6724,153.775,92459
2023-03-09 10:26:00,153.7951,153.8999,153.71,153.81,82534
2023-03-09 10:27:00,153.815,153.84,153.76,153.82,50818
2023-03-09 10:28:00,153.83,153.88,153.81,153.85,74279
2023-03-09 10:29:00,153.86,154.0,153.845,153.9853,119112
2023-03-09 10:30:00,154.0,154.18,153.95,154.0683,223029
2023-03-09 10:31:00,154.0601,154.07,153.9701,154.0096,132346
2023-03-09 10:32:00,154.0,154.2,153.99,154.17,95838
2023-03-09 10:33:00,154.165,154.32,154.142,154.3,103446
2023-03-09 10:34:00,154.31,154.33,154.2506,154.3,76081
2023-03-09 10:35:00,154.3,154.38,154.27,154.365,76814
2023-03-09 10:36:00,154.3643,154.42,154.31,154.39,106866
2023-03-09 10:37:00,154.39,154.41,154.26,154.29,109047
2023-03-09 10:38:00,154.28,154.3405,154.27,154.3405,71608
2023-03-09 10:39:00,154.35,154.4,154.26,154.275,80891
2023-03-09 10:40:00,154.28,154.3,154.21,154.225,58269
2023-03-09 10:41:00,154.226,154.29,154.18,154.265,60172
2023-03-09 10:42:00,154.26,154.4,154.2501,154.4,80763
2023-03-09 10:43:00,154.41,154.45,154.3501,154.43,92578
2023-03-09 10:44:00,154.4111,154.5,154.4,154.45,124735
2023-03-09 10:45:00,154.45,154.47,154.26,154.38,115248
2023-03-09 10:46:00,154.38,154.4502,154.35,154.375,65003
2023-03-09 10:47:00,154.3799,154.38,154.28,154.38,73781
2023-03-09 10:48:00,154.38,154.51,154.36,154.4334,105198
2023-03-09 10:49:00,154.4301,154.4777,154.36,154.41,48654
2023-03-09 10:50:00,154.4,154.4599,154.3406,154.4374,76873
2023-03-09 10:51:00,154.4301,154.48,154.34,154.425,83754
2023-03-09 10:52:00,154.4201,154.43,154.34,154.385,85076
2023-03-09 10:53:00,154.3899,154.45,154.37,154.41,74951
2023-03-09 10:54:00,154.41,154.415,154.3402,154.36,61553
2023-03-09 10:55:00,154.35,154.35,154.11,154.15,98911
2023-03-09 10:56:00,154.13,154.16,153.92,153.9371,122525
2023-03-09 10:57:00,153.9393,154.0,153.89,153.985,81875
2023-03-09 10:58:00,154.0,154.05,153.95,153.9999,93129
2023-03-09 10:59:00,153.9901,154.005,153.87,153.8885,71015
2023-03-09 11:00:00,153.88,153.94,153.83,153.91,60676
2023-03-09 11:01:00,153.91,153.94,153.8001,153.8897,73756
2023-03-09 11:02:00,153.89,153.92,153.82,153.895,72372
2023-03-09 11:03:00,153.894,153.911,153.7,153.85,102801
2023-03-09 11:04:00,153.85,153.9,153.8,153.8982,96906
2023-03-09 11:05:00,153.89,153.93,153.81,153.92,57803
2023-03-09 11:06:00,153.92,153.94,153.85,153.9,75470
2023-03-09 11:07:00,153.91,153.975,153.89,153.97,69402
2023-03-09 11:08:00,153.97,154.0,153.86,153.96,84573
2023-03-09 11:09:00,153.96,154.005,153.8752,153.97,105700
2023-03-09 11:10:00,153.9758,154.11,153.9609,154.0,106084
2023-03-09 11:11:00,153.99,154.15,153.97,154.08,86252
2023-03-09 11:12:00,154.085,154.19,154.08,154.17,91383
2023-03-09 11:13:00,154.17,154.17,154.02,154.0485,74537
2023-03-09 11:14:00,154.06,154.3184,154.06,154.3184,91775
2023-03-09 11:15:00,154.31,154.335,154.24,154.256,66429
2023-03-09 11:16:00,154.25,154.3209,154.23,154.2705,68520
2023-03-09 11:17:00,154.27,154.315,154.24,154.279,51051
2023-03-09 11:18:00,154.29,154.3001,154.1901,154.2,53557
2023-03-09 11:19:00,154.19,154.2,154.08,154.19,75530
2023-03-09 11:20:00,154.19,154.3,154.17,154.29,54383
2023-03-09 11:21:00,154.295,154.3,154.2,154.2,60894
2023-03-09 11:22:00,154.2,154.27,154.151,154.27,47265
2023-03-09 11:23:00,154.27,154.35,154.2517,154.3424,78230
2023-03-09 11:24:00,154.35,154.4,154.34,154.37,59110
2023-03-09 11:25:00,154.36,154.37,154.27,154.34,91897
2023-03-09 11:26:00,154.34,154.36,154.23,154.3,84495
2023-03-09 11:27:00,154.3,154.3338,154.17,154.24,87484
2023-03-09 11:28:00,154.245,154.26,154.09,154.155,82470
2023-03-09 11:29:00,154.155,154.16,154.0801,154.095,57332
2023-03-09 11:30:00,154.1,154.175,154.08,154.1699,60569
2023-03-09 11:31:00,154.16,154.24,154.09,154.095,80435
2023-03-09 11:32:00,154.095,154.17,154.08,154.1,71101
2023-03-09 11:33:00,154.0999,154.17,154.065,154.13,70246
2023-03-09 11:34:00,154.14,154.17,154.09,154.1,38107
2023-03-09 11:35:00,154.11,154.1598,154.09,154.1505,25212
2023-03-09 11:36:00,154.15,154.21,154.06,154.205,61951
2023-03-09 11:37:00,154.2001,154.21,154.16,154.16,35362
2023-03-09 11:38:00,154.15,154.16,154.05,154.075,43693
2023-03-09 11:39:00,154.07,154.07,153.995,154.07,58353
2023-03-09 11:40:00,154.066,154.1,154.0,154.08,31960
2023-03-09 11:41:00,154.0884,154.24,154.085,154.23,75208
2023-03-09 11:42:00,154.22,154.2999,154.1623,154.28,59199
2023-03-09 11:43:00,154.28,154.3202,154.2,154.23,45022
2023-03-09 11:44:00,154.225,154.2373,154.14,154.1798,44414
2023-03-09 11:45:00,154.18,154.31,154.18,154.29,52430
2023-03-09 11:46:00,154.3,154.34,154.2588,154.28,46725
2023-03-09 11:47:00,154.28,154.3378,154.28,154.31,52250
2023-03-09 11:48:00,154.31,154.41,154.26,154.4045,111844
2023-03-09 11:49:00,154.39,154.4513,154.37,154.39,92948
2023-03-09 11:50:00,154.395,154.4487,154.38,154.425,54785
2023-03-09 11:51:00,154.425,154.4399,154.37,154.4211,64920
2023-03-09 11:52:00,154.43,154.44,154.385,154.4312,59821
2023-03-09 11:53:00,154.4303,154.4493,154.35,154.37,61725
2023-03-09 11:54:00,154.3701,154.4378,154.2808,154.38,63865
2023-03-09 11:55:00,154.38,154.38,154.212,154.215,85506
2023-03-09 11:56:00,154.215,154.235,154.1199,154.1928,79935
2023-03-09 11:57:00,154.2,154.2051,154.08,154.1658,61812
2023-03-09 11:58:00,154.165,154.21,154.15,154.165,53818
2023-03-09 11:59:00,154.16,154.18,154.06,154.1,61232
2023-03-09 12:00:00,154.11,154.15,154.085,154.1201,56190
2023-03-09 12:01:00,154.125,154.138,153.95,154.025,137445
2023-03-09 12:02:00,154.02,154.02,153.57,153.6499,170697
2023-03-09 12:03:00,153.65,153.71,153.58,153.71,89680
2023-03-09 12:04:00,153.72,153.8182,153.7,153.72,73454
2023-03-09 12:05:00,153.71,153.71,153.5689,153.65,65238
2023-03-09 12:06:00,153.64,153.77,153.605,153.7493,63168
2023-03-09 12:07:00,153.7568,153.91,153.715,153.822,68338
2023-03-09 12:08:00,153.82,153.83,153.75,153.77,73044
2023-03-09 12:09:00,153.77,153.86,153.71,153.856,60656
2023-03-09 12:10:00,153.8569,153.8934,153.8301,153.8561,63358
2023-03-09 12:11:00,153.86,153.9995,153.84,153.955,104072
2023-03-09 12:12:00,153.965,154.0177,153.9255,153.9801,70807
2023-03-09 12:13:00,153.98,153.98,153.8919,153.91,43840
2023-03-09 12:14:00,153.915,153.9299,153.85,153.8899,45618
2023-03-09 12:15:00,153.89,153.99,153.85,153.965,69492
2023-03-09 12:16:00,153.96,154.03,153.93,153.96,59352
2023-03-09 12:17:00,153.955,153.9712,153.75,153.755,60279
2023-03-09 12:18:00,153.7799,154.02,153.7799,153.97,77776
2023-03-09 12:19:00,153.99,154.08,153.98,154.043,63341
2023-03-09 12:20:00,154.05,154.07,154.01,154.025,35912
2023-03-09 12:21:00,154.0273,154.08,153.97,154.015,48369
2023-03-09 12:22:00,154.02,154.134,154.02,154.1301,81993
2023-03-09 12:23:00,154.13,154.19,154.0901,154.1,116965
2023-03-09 12:24:00,154.11,154.14,154.0627,154.08,51228
2023-03-09 12:25:00,154.085,154.1093,154.0335,154.055,48856
2023-03-09 12:26:00,154.0527,154.09,154.03,154.03,25107
2023-03-09 12:27:00,154.04,154.19,154.04,154.1831,62561
2023-03-09 12:28:00,154.2,154.22,154.07,154.08,70288
2023-03-09 12:29:00,154.09,154.16,154.08,154.1302,55028
2023-03-09 12:30:00,154.14,154.18,154.075,154.1,87865
2023-03-09 12:31:00,154.1,154.195,154.083,154.17,78393
2023-03-09 12:32:00,154.17,154.19,154.13,154.15,75704
2023-03-09 12:33:00,154.15,154.16,154.0,154.005,46601
2023-03-09 12:34:00,154.01,154.07,154.0,154.04,48517
2023-03-09 12:35:00,154.05,154.05,153.9,153.9,59147
2023-03-09 12:36:00,153.91,153.9342,153.84,153.86,61224
2023-03-09 12:37:00,153.855,153.865,153.72,153.86,83958
2023-03-09 12:38:00,153.865,153.89,153.8,153.835,58853
2023-03-09 12:39:00,153.84,153.92,153.84,153.89,37904
2023-03-09 12:40:00,153.88,153.88,153.77,153.83,46349
2023-03-09 12:41:00,153.8238,153.9399,153.8238,153.915,42214
2023-03-09 12:42:00,153.93,153.99,153.88,153.885,78309
2023-03-09 12:43:00,153.88,153.89,153.725,153.73,51020
2023-03-09 12:44:00,153.736,153.74,153.6,153.6488,80000
2023-03-09 12:45:00,153.65,153.69,153.5327,153.556,118755
2023-03-09 12:46:00,153.555,153.62,153.54,153.575,55402
2023-03-09 12:47:00,153.58,153.68,153.55,153.63,96586
2023-03-09 12:48:00,153.63,153.675,153.49,153.51,124202
2023-03-09 12:49:00,153.51,153.59,153.45,153.54,139481
2023-03-09 12:50:00,153.5499,153.63,153.53,153.62,62739
2023-03-09 12:51:00,153.61,153.7173,153.5802,153.5912,110123
2023-03-09 12:52:00,153.5909,153.615,153.54,153.59,62921
2023-03-09 12:53:00,153.6,153.67,153.56,153.67,57552
2023-03-09 12:54:00,153.67,153.7,153.62,153.6486,43929
2023-03-09 12:55:00,153.64,153.6501,153.592,153.61,40026
2023-03-09 12:56:00,153.6,153.68,153.58,153.665,43508
2023-03-09 12:57:00,153.66,153.67,153.52,153.54,31582
2023-03-09 12:58:00,153.54,153.6,153.515,153.6,29426
2023-03-09 12:59:00,153.6,153.6241,153.55,153.55,39175
2023-03-09 13:00:00,153.56,153.586,153.39,153.41,128706
2023-03-09 13:01:00,153.41,153.57,153.35,153.38,153902
2023-03-09 13:02:00,153.39,153.58,153.38,153.53,89163
2023-03-09 13:03:00,153.535,153.61,153.4999,153.59,68016
2023-03-09 13:04:00,153.5923,153.63,153.48,153.495,63815
2023-03-09 13:05:00,153.495,153.57,153.4407,153.49,74720
2023-03-09 13:06:00,153.48,153.57,153.46,153.475,75101
2023-03-09 13:07:00,153.48,153.55,153.45,153.525,57335
2023-03-09 13:08:00,153.52,153.52,153.42,153.4489,45630
2023-03-09 13:09:00,153.4461,153.4799,153.41,153.4435,53830
2023-03-09 13:10:00,153.445,153.46,153.27,153.3,94281
2023-03-09 13:11:00,153.3,153.305,153.14,153.1904,119923
2023-03-09 13:12:00,153.2,153.3,153.2,153.25,54990
2023-03-09 13:13:00,153.26,153.28,153.21,153.24,42848
2023-03-09 13:14:00,153.25,153.33,153.22,153.2586,80688
2023-03-09 13:15:00,153.25,153.2981,153.0891,153.0906,77064
2023-03-09 13:16:00,153.1,153.1893,153.095,153.1494,50979
2023-03-09 13:17:00,153.155,153.21,153.125,153.16,59784
2023-03-09 13:18:00,153.17,153.18,153.0856,153.15,43836
2023-03-09 13:19:00,153.15,153.1699,153.06,153.08,61137
2023-03-09 13:20:00,153.08,153.21,153.07,153.165,81585
2023-03-09 13:21:00,153.17,153.18,153.0701,153.0899,56032
2023-03-09 13:22:00,153.09,153.09,152.98,153.015,110272
2023-03-09 13:23:00,153.01,153.015,152.8184,152.82,133865
2023-03-09 13:24:00,152.81,152.88,152.73,152.7891,163183
2023-03-09 13:25:00,152.7824,152.79,152.59,152.6,121807
2023-03-09 13:26:00,152.605,152.64,152.535,152.575,118608
2023-03-09 13:27:00,152.5719,152.65,152.5583,152.6341,97276
2023-03-09 13:28:00,152.63,152.6646,152.52,152.62,80901
2023-03-09 13:29:00,152.61,152.73,152.58,152.6474,95489
2023-03-09 13:30:00,152.64,152.64,152.52,152.59,75717
2023-03-09 13:31:00,152.59,152.6399,152.515,152.52,80466
2023-03-09 13:32:00,152.52,152.53,152.35,152.3581,124534
2023-03-09 13:33:00,152.36,152.47,152.3501,152.425,79274
2023-03-09 13:34:00,152.42,152.47,152.34,152.365,82960
2023-03-09 13:35:00,152.36,152.41,152.32,152.38,116153
2023-03-09 13:36:00,152.39,152.44,152.3801,152.4,75880
2023-03-09 13:37:00,152.4,152.4,152.31,152.33,50259
2023-03-09 13:38:00,152.32,152.4199,152.3101,152.35,38988
2023-03-09 13:39:00,152.345,152.345,152.1301,152.18,133222
2023-03-09 13:40:00,152.175,152.29,152.145,152.28,100720
2023-03-09 13:41:00,152.27,152.34,152.22,152.23,77011
2023-03-09 13:42:00,152.22,152.28,152.18,152.225,54260
2023-03-09 13:43:00,152.23,152.41,152.23,152.4,75704
2023-03-09 13:44:00,152.4,152.43,152.36,152.42,61522
2023-03-09 13:45:00,152.41,152.47,152.32,152.34,96224
2023-03-09 13:46:00,152.331,152.43,152.32,152.35,62336
2023-03-09 13:47:00,152.3599,152.36,152.24,152.245,68726
2023-03-09 13:48:00,152.24,152.26,151.95,152.02,250348
2023-03-09 13:49:00,152.0153,152.0153,151.9,151.9739,111304
2023-03-09 13:50:00,151.97,152.0,151.83,151.97,153154
2023-03-09 13:51:00,151.97,152.12,151.9611,152.1,165255
2023-03-09 13:52:00,152.1,152.14,152.01,152.05,84752
2023-03-09 13:53:00,152.05,152.08,151.98,151.985,91334
2023-03-09 13:54:00,151.98,152.04,151.95,151.98,60299
2023-03-09 13:55:00,151.97,152.0227,151.93,151.95,82985
2023-03-09 13:56:00,151.95,152.09,151.95,152.045,75181
2023-03-09 13:57:00,152.03,152.03,151.955,151.955,54393
2023-03-09 13:58:00,151.95,152.0,151.9408,151.97,41430
2023-03-09 13:59:00,151.98,152.005,151.94,151.9513,66867
2023-03-09 14:00:00,151.96,152.0,151.93,151.93,59277
2023-03-09 14:01:00,151.92,151.92,151.71,151.7612,165994
2023-03-09 14:02:00,151.75,151.94,151.6734,151.76,167974
2023-03-09 14:03:00,151.76,151.76,151.65,151.66,97710
2023-03-09 14:04:00,151.65,151.73,151.53,151.57,157943
2023-03-09 14:05:00,151.57,151.66,151.51,151.59,116731
2023-03-09 14:06:00,151.58,151.69,151.56,151.65,68910
2023-03-09 14:07:00,151.6418,151.76,151.64,151.73,83170
2023-03-09 14:08:00,151.7201,151.76,151.67,151.69,88006
2023-03-09 14:09:00,151.675,151.87,151.64,151.78,74626
2023-03-09 14:10:00,151.8,151.85,151.67,151.83,118790
2023-03-09 14:11:00,151.85,151.92,151.7391,151.775,109937
2023-03-09 14:12:00,151.78,151.785,151.69,151.75,73484
2023-03-09 14:13:00,151.759,151.8,151.7,151.8,62865
2023-03-09 14:14:00,151.8,151.93,151.78,151.91,93202
2023-03-09 14:15:00,151.91,151.915,151.82,151.86,64261
2023-03-09 14:16:00,151.86,151.97,151.85,151.95,177704
2023-03-09 14:17:00,151.9401,151.96,151.88,151.96,52191
2023-03-09 14:18:00,151.96,151.9699,151.83,151.8949,71663
2023-03-09 14:19:00,151.8901,151.9501,151.88,151.95,60364
2023-03-09 14:20:00,151.95,151.98,151.83,151.86,78030
2023-03-09 14:21:00,151.86,152.05,151.83,151.99,94474
2023-03-09 14:22:00,152.0001,152.01,151.85,152.0,74439
2023-03-09 14:23:00,152.0,152.0111,151.945,152.0,76310
2023-03-09 14:24:00,152.0,152.11,151.9864,152.0811,81459
2023-03-09 14:25:00,152.09,152.12,152.01,152.02,96572
2023-03-09 14:26:00,152.03,152.03,151.81,151.8204,97314
2023-03-09 14:27:00,151.82,151.835,151.74,151.76,74536
2023-03-09 14:28:00,151.75,151.77,151.7,151.7065,69671
2023-03-09 14:29:00,151.71,151.72,151.625,151.6291,55607
2023-03-09 14:30:00,151.635,151.64,151.41,151.43,170679
2023-03-09 14:31:00,151.43,151.47,151.31,151.45,105265
2023-03-09 14:32:00,151.44,151.45,151.33,151.35,61677
2023-03-09 14:33:00,151.35,151.36,151.22,151.295,157412
2023-03-09 14:34:00,151.29,151.43,151.29,151.355,91415
2023-03-09 14:35:00,151.37,151.63,151.37,151.6156,153216
2023-03-09 14:36:00,151.6147,151.73,151.61,151.65,101939
2023-03-09 14:37:00,151.65,151.7189,151.59,151.71,48768
2023-03-09 14:38:00,151.7017,151.75,151.65,151.68,98965
2023-03-09 14:39:00,151.68,151.7387,151.66,151.705,62863
2023-03-09 14:40:00,151.7073,151.9,151.7073,151.84,86036
2023-03-09 14:41:00,151.845,151.845,151.71,151.79,81220
2023-03-09 14:42:00,151.78,151.78,151.68,151.6981,50484
2023-03-09 14:43:00,151.7,151.76,151.64,151.685,41203
2023-03-09 14:44:00,151.68,151.7,151.65,151.68,46418
2023-03-09 14:45:00,151.68,151.75,151.65,151.725,58061
2023-03-09 14:46:00,151.73,151.74,151.6941,151.71,42705
2023-03-09 14:47:00,151.72,151.83,151.72,151.77,62851
2023-03-09 14:48:00,151.765,151.77,151.4905,151.52,107699
2023-03-09 14:49:00,151.52,151.58,151.46,151.57,92214
2023-03-09 14:50:00,151.57,151.57,151.39,151.42,66221
2023-03-09 14:51:00,151.42,151.4853,151.3901,151.4484,75442
2023-03-09 14:52:00,151.435,151.4599,151.35,151.375,67625
2023-03-09 14:53:00,151.38,151.57,151.34,151.57,120626
2023-03-09 14:54:00,151.5612,151.6,151.38,151.38,84015
2023-03-09 14:55:00,151.385,151.44,151.34,151.39,57869
2023-03-09 14:56:00,151.38,151.38,151.286,151.34,59244
2023-03-09 14:57:00,151.34,151.36,151.26,151.28,85766
2023-03-09 14:58:00,151.28,151.32,151.22,151.22,103325
2023-03-09 14:59:00,151.225,151.34,151.225,151.3025,61437
2023-03-09 15:00:00,151.31,151.41,151.3,151.36,61830
2023-03-09 15:01:00,151.355,151.4,151.3,151.355,63831
2023-03-09 15:02:00,151.35,151.4,151.23,151.27,84504
2023-03-09 15:03:00,151.2701,151.29,151.17,151.23,130062
2023-03-09 15:04:00,151.225,151.225,151.1,151.11,147770
2023-03-09 15:05:00,151.115,151.1911,151.07,151.135,109323
2023-03-09 15:06:00,151.145,151.16,151.07,151.115,73064
2023-03-09 15:07:00,151.12,151.17,151.04,151.0999,138381
2023-03-09 15:08:00,151.08,151.11,150.92,150.9604,230389
2023-03-09 15:09:00,150.96,151.06,150.95,151.04,88831
2023-03-09 15:10:00,151.035,151.16,150.93,151.145,123398
2023-03-09 15:11:00,151.14,151.154,151.01,151.02,88799
2023-03-09 15:12:00,151.015,151.08,150.99,151.0212,86487
2023-03-09 15:13:00,151.02,151.14,150.88,151.08,181318
2023-03-09 15:14:00,151.0816,151.1108,151.0,151.03,68280
2023-03-09 15:15:00,151.035,151.05,150.94,150.94,109774
2023-03-09 15:16:00,150.94,150.94,150.71,150.78,142221
2023-03-09 15:17:00,150.79,150.87,150.78,150.79,89556
2023-03-09 15:18:00,150.79,150.87,150.7238,150.74,151271
2023-03-09 15:19:00,150.74,150.7599,150.57,150.585,137750
2023-03-09 15:20:00,150.585,150.61,150.37,150.39,133957
2023-03-09 15:21:00,150.39,150.495,150.35,150.38,132926
2023-03-09 15:22:00,150.39,150.51,150.225,150.5001,221957
2023-03-09 15:23:00,150.52,150.79,150.51,150.7885,164423
2023-03-09 15:24:00,150.77,150.82,150.5138,150.5213,110026
2023-03-09 15:25:00,150.53,150.66,150.43,150.645,108623
2023-03-09 15:26:00,150.6504,150.8,150.62,150.75,105788
2023-03-09 15:27:00,150.75,150.89,150.74,150.79,110125
2023-03-09 15:28:00,150.7901,150.8012,150.53,150.56,111447
2023-03-09 15:29:00,150.55,150.55,150.4301,150.4301,97858
2023-03-09 15:30:00,150.4583,150.465,150.28,150.41,150259
2023-03-09 15:31:00,150.41,150.54,150.37,150.51,112124
2023-03-09 15:32:00,150.5,150.97,150.47,150.9562,255728
2023-03-09 15:33:00,150.96,150.97,150.62,150.755,178044
2023-03-09 15:34:00,150.75,150.87,150.72,150.72,123006
2023-03-09 15:35:00,150.73,150.795,150.68,150.7173,119322
2023-03-09 15:36:00,150.72,150.76,150.48,150.54,183420
2023-03-09 15:37:00,150.54,150.55,150.39,150.4951,120494
2023-03-09 15:38:00,150.51,150.77,150.43,150.7027,115103
2023-03-09 15:39:00,150.705,150.88,150.68,150.83,167692
2023-03-09 15:40:00,150.83,150.89,150.74,150.7669,121397
2023-03-09 15:41:00,150.75,150.8807,150.7059,150.84,89060
2023-03-09 15:42:00,150.84,150.995,150.7947,150.85,143043
2023-03-09 15:43:00,150.84,150.95,150.8001,150.94,109187
2023-03-09 15:44:00,150.945,150.9491,150.79,150.84,110582
2023-03-09 15:45:00,150.84,150.86,150.5064,150.54,221685
2023-03-09 15:46:00,150.53,150.625,150.45,150.53,131706
2023-03-09 15:47:00,150.53,150.74,150.52,150.7,167315
2023-03-09 15:48:00,150.71,150.95,150.71,150.89,196076
2023-03-09 15:49:00,150.89,151.0,150.83,150.92,134636
2023-03-09 15:50:00,150.92,151.0,150.72,150.95,260034
2023-03-09 15:51:00,150.96,151.1799,150.89,150.9101,202973
2023-03-09 15:52:00,150.92,150.985,150.79,150.93,195510
2023-03-09 15:53:00,150.93,150.99,150.87,150.92,154948
2023-03-09 15:54:00,150.94,151.07,150.84,151.035,279915
2023-03-09 15:55:00,151.04,151.15,150.84,150.84,229723
2023-03-09 15:56:00,150.84,150.87,150.69,150.7,239710
2023-03-09 15:57:00,150.69,150.76,150.58,150.62,295483
2023-03-09 15:58:00,150.62,150.8,150.62,150.75,383182
2023-03-09 15:59:00,150.76,150.78,150.51,150.55,764000
2023-03-10 09:30:00,150.21,150.51,149.87,150.23,874693
2023-03-10 09:31:00,150.25,150.25,149.55,149.88,454666
2023-03-10 09:32:00,149.89,150.31,149.76,150.2,259547
2023-03-10 09:33:00,150.17,150.44,149.92,150.08,201936
2023-03-10 09:34:00,150.08,150.17,149.8707,149.8981,181622
2023-03-10 09:35:00,149.89,150.0,149.7042,149.779,178534
2023-03-10 09:36:00,149.76,149.93,149.72,149.77,144449
2023-03-10 09:37:00,149.76,149.95,149.76,149.8499,173339
2023-03-10 09:38:00,149.85,149.95,149.56,149.6699,240413
2023-03-10 09:39:00,149.655,149.74,149.65,149.66,239792
2023-03-10 09:40:00,149.66,149.79,149.58,149.62,225110
2023-03-10 09:41:00,149.6234,149.6899,149.34,149.43,302987
2023-03-10 09:42:00,149.4279,149.58,149.3,149.35,216582
2023-03-10 09:43:00,149.35,149.47,149.11,149.17,207263
2023-03-10 09:44:00,149.16,149.285,149.11,149.19,208200
2023-03-10 09:45:00,149.195,149.21,148.97,149.03,354649
2023-03-10 09:46:00,149.05,149.26,149.05,149.11,246326
2023-03-10 09:47:00,149.1,149.18,148.95,149.05,183950
2023-03-10 09:48:00,149.04,149.056,148.89,149.03,134554
2023-03-10 09:49:00,149.03,149.2501,148.93,149.08,223709
2023-03-10 09:50:00,149.095,149.22,148.9928,149.16,202455
2023-03-10 09:51:00,149.14,149.21,148.94,148.9924,184093
2023-03-10 09:52:00,148.99,149.33,148.99,149.2,222663
2023-03-10 09:53:00,149.19,149.45,149.16,149.36,241215
2023-03-10 09:54:00,149.34,149.36,149.12,149.33,151495
2023-03-10 09:55:00,149.33,149.49,149.1788,149.42,175165
2023-03-10 09:56:00,149.43,149.6901,149.38,149.68,190302
2023-03-10 09:57:00,149.69,149.78,149.63,149.7218,202568
2023-03-10 09:58:00,149.7101,149.93,149.61,149.92,188900
2023-03-10 09:59:00,149.92,149.9589,149.77,149.775,192192
2023-03-10 10:00:00,149.79,150.19,149.78,150.1801,306222
2023-03-10 10:01:00,150.18,150.33,150.09,150.2701,262009
2023-03-10 10:02:00,150.27,150.27,150.0,150.1601,180626
2023-03-10 10:03:00,150.1612,150.4212,150.0,150.0,292765
2023-03-10 10:04:00,150.0,150.21,149.96,150.085,224900
2023-03-10 10:05:00,150.07,150.33,150.07,150.11,112386
2023-03-10 10:06:00,150.13,150.44,150.1,150.32,172916
2023-03-10 10:07:00,150.3,150.49,150.2923,150.3599,161453
2023-03-10 10:08:00,150.3509,150.375,150.13,150.16,156083
2023-03-10 10:09:00,150.175,150.485,150.1427,150.34,176194
2023-03-10 10:10:00,150.3312,150.35,150.17,150.19,125122
2023-03-10 10:11:00,150.2,150.36,150.01,150.1,163426
2023-03-10 10:12:00,150.1,150.38,150.04,150.36,125895
2023-03-10 10:13:00,150.34,150.4385,150.07,150.1,123794
2023-03-10 10:14:00,150.09,150.14,149.895,149.8957,179381
2023-03-10 10:15:00,149.8999,150.0,149.78,149.83,170560
2023-03-10 10:16:00,149.82,149.935,149.605,149.62,185895
2023-03-10 10:17:00,149.63,149.8099,149.53,149.72,154920
2023-03-10 10:18:00,149.7549,149.9865,149.7301,149.83,119512
2023-03-10 10:19:00,149.8213,149.86,149.63,149.64,151260
2023-03-10 10:20:00,149.68,149.87,149.6,149.74,144927
2023-03-10 10:21:00,149.7307,149.78,149.48,149.56,179946
2023-03-10 10:22:00,149.56,149.57,149.43,149.4817,119563
2023-03-10 10:23:00,149.5,149.52,149.27,149.331,121138
2023-03-10 10:24:00,149.35,149.66,149.3,149.56,152952
2023-03-10 10:25:00,149.59,149.76,149.49,149.55,105748
2023-03-10 10:26:00,149.56,149.645,149.4625,149.6201,83846
2023-03-10 10:27:00,149.62,149.73,149.57,149.66,89727
2023-03-10 10:28:00,149.63,149.6506,149.36,149.43,112030
2023-03-10 10:29:00,149.41,149.52,149.31,149.4532,101392
2023-03-10 10:30:00,149.465,149.695,149.37,149.49,130568
2023-03-10 10:31:00,149.49,149.79,149.48,149.71,145835
2023-03-10 10:32:00,149.71,149.75,149.565,149.7308,105351
2023-03-10 10:33:00,149.76,149.97,149.47,149.55,202204
2023-03-10 10:34:00,149.5597,149.76,149.5,149.76,101534
2023-03-10 10:35:00,149.7599,149.93,149.74,149.89,104558
2023-03-10 10:36:00,149.89,150.02,149.83,149.84,118044
2023-03-10 10:37:00,149.83,149.95,149.7032,149.82,102613
2023-03-10 10:38:00,149.8,149.95,149.71,149.85,141535
2023-03-10 10:39:00,149.84,149.84,149.69,149.78,91277
2023-03-10 10:40:00,149.8,149.97,149.72,149.75,108127
2023-03-10 10:41:00,149.75,149.76,149.48,149.6,126410
2023-03-10 10:42:00,149.62,149.62,149.3292,149.46,102365
2023-03-10 10:43:00,149.46,149.5111,149.37,149.45,70712
2023-03-10 10:44:00,149.46,149.48,149.31,149.35,70157
2023-03-10 10:45:00,149.33,149.48,149.285,149.42,96947
2023-03-10 10:46:00,149.41,149.42,149.17,149.28,120576
2023-03-10 10:47:00,149.28,149.38,149.1754,149.22,126009
2023-03-10 10:48:00,149.21,149.35,149.17,149.24,101745
2023-03-10 10:49:00,149.24,149.43,149.225,149.41,105289
2023-03-10 10:50:00,149.405,149.54,149.24,149.24,128314
2023-03-10 10:51:00,149.23,149.39,149.17,149.37,148511
2023-03-10 10:52:00,149.3602,149.53,149.3602,149.51,103993
2023-03-10 10:53:00,149.5,149.7199,149.48,149.67,96033
2023-03-10 10:54:00,149.7,149.75,149.61,149.7,97082
2023-03-10 10:55:00,149.69,150.08,149.69,150.05,310796
2023-03-10 10:56:00,150.04,150.17,149.9034,150.16,150629
2023-03-10 10:57:00,150.16,150.3399,150.12,150.14,160679
2023-03-10 10:58:00,150.15,150.305,150.11,150.3,79553
2023-03-10 10:59:00,150.2975,150.5199,150.24,150.46,182850
2023-03-10 11:00:00,150.44,150.46,150.2006,150.26,126913
2023-03-10 11:01:00,150.25,150.3038,150.12,150.298,89253
2023-03-10 11:02:00,150.31,150.328,150.15,150.17,77703
2023-03-10 11:03:00,150.1776,150.1776,150.01,150.02,122479
2023-03-10 11:04:00,150.01,150.16,149.95,150.0751,117545
2023-03-10 11:05:00,150.08,150.13,150.0316,150.08,77103
2023-03-10 11:06:00,150.08,150.175,150.05,150.13,64962
2023-03-10 11:07:00,150.12,150.26,150.11,150.19,74596
2023-03-10 11:08:00,150.18,150.21,150.08,150.15,65042
2023-03-10 11:09:00,150.1607,150.36,150.15,150.29,88112
2023-03-10 11:10:00,150.2888,150.62,150.27,150.43,170652
2023-03-10 11:11:00,150.42,150.42,150.05,150.1112,158042
2023-03-10 11:12:00,150.12,150.2,150.0066,150.0213,82055
2023-03-10 11:13:00,150.03,150.25,150.0,150.14,124448
2023-03-10 11:14:00,150.1468,150.2,149.97,150.0,91963
2023-03-10 11:15:00,149.99,150.01,149.8,149.85,98545
2023-03-10 11:16:00,149.855,149.97,149.79,149.8944,91932
2023-03-10 11:17:00,149.8815,149.9299,149.7713,149.8712,94008
2023-03-10 11:18:00,149.9,150.01,149.83,149.99,71840
2023-03-10 11:19:00,149.99,150.07,149.97,150.01,122024
2023-03-10 11:20:00,150.005,150.21,149.97,150.19,131445
2023-03-10 11:21:00,150.185,150.4,150.16,150.36,125401
2023-03-10 11:22:00,150.38,150.4636,150.26,150.2901,137721
2023-03-10 11:23:00,150.3,150.355,150.18,150.192,112609
2023-03-10 11:24:00,150.2,150.205,150.08,150.11,87156
2023-03-10 11:25:00,150.1,150.19,150.01,150.13,181651
2023-03-10 11:26:00,150.12,150.46,150.105,150.4201,214572
2023-03-10 11:27:00,150.43,150.43,150.27,150.35,135228
2023-03-10 11:28:00,150.35,150.5,150.26,150.49,133875
2023-03-10 11:29:00,150.49,150.53,150.4,150.44,127436
2023-03-10 11:30:00,150.44,150.48,150.39,150.43,94144
2023-03-10 11:31:00,150.44,150.6,150.44,150.54,119618
2023-03-10 11:32:00,150.54,150.71,150.43,150.67,130788
2023-03-10 11:33:00,150.67,150.76,150.63,150.67,154074
2023-03-10 11:34:00,150.68,150.91,150.67,150.8239,115572
2023-03-10 11:35:00,150.83,150.94,150.83,150.91,105045
2023-03-10 11:36:00,150.914,150.914,150.62,150.68,164941
2023-03-10 11:37:00,150.68,150.75,150.49,150.53,126635
2023-03-10 11:38:00,150.55,150.74,150.54,150.73,106090
2023-03-10 11:39:00,150.72,150.889,150.56,150.708,162184
2023-03-10 11:40:00,150.7,150.767,150.59,150.67,66123
2023-03-10 11:41:00,150.67,150.68,150.46,150.462,108168
2023-03-10 11:42:00,150.48,150.62,150.46,150.5908,76190
2023-03-10 11:43:00,150.58,150.61,150.5,150.5699,55908
2023-03-10 11:44:00,150.5499,150.5499,150.32,150.3999,121971
2023-03-10 11:45:00,150.42,150.4811,150.08,150.18,149711
2023-03-10 11:46:00,150.17,150.18,149.87,149.96,258895
2023-03-10 11:47:00,149.96,150.14,149.94,149.98,150234
2023-03-10 11:48:00,149.97,150.0899,149.92,149.96,126316
2023-03-10 11:49:00,149.97,150.148,149.9562,150.12,74963
2023-03-10 11:50:00,150.11,150.18,150.02,150.04,99407
2023-03-10 11:51:00,150.0393,150.04,149.8875,150.01,74137
2023-03-10 11:52:00,150.0,150.03,149.91,149.9501,59355
2023-03-10 11:53:00,149.95,149.99,149.9,149.94,58072
2023-03-10 11:54:00,149.93,150.1,149.92,150.03,66977
2023-03-10 11:55:00,150.02,150.04,149.85,149.9116,72787
2023-03-10 11:56:00,149.89,150.08,149.8784,150.02,73995
2023-03-10 11:57:00,150.015,150.1,149.99,150.06,43497
2023-03-10 11:58:00,150.055,150.1,149.875,149.88,92201
2023-03-10 11:59:00,149.88,149.8992,149.75,149.85,120248
2023-03-10 12:00:00,149.86,150.02,149.8,149.96,67659
2023-03-10 12:01:00,149.96,150.05,149.86,149.89,84299
2023-03-10 12:02:00,149.88,149.995,149.84,149.9499,43327
2023-03-10 12:03:00,149.94,149.98,149.895,149.95,46451
2023-03-10 12:04:00,149.94,149.994,149.78,149.82,42461
2023-03-10 12:05:00,149.82,149.95,149.72,149.73,78802
2023-03-10 12:06:00,149.72,149.865,149.71,149.83,80886
2023-03-10 12:07:00,149.8201,149.8201,149.5701,149.58,118739
2023-03-10 12:08:00,149.57,149.64,149.43,149.4842,131285
2023-03-10 12:09:00,149.48,149.48,149.18,149.2,273884
2023-03-10 12:10:00,149.2,149.28,149.04,149.06,141165
2023-03-10 12:11:00,149.07,149.2112,149.055,149.2,111235
2023-03-10 12:12:00,149.2,149.31,149.16,149.21,114383
2023-03-10 12:13:00,149.1999,149.29,149.12,149.13,86544
2023-03-10 12:14:00,149.14,149.2,149.09,149.15,68406
2023-03-10 12:15:00,149.14,149.35,149.13,149.215,91762
2023-03-10 12:16:00,149.23,149.3,149.19,149.28,64211
2023-03-10 12:17:00,149.28,149.355,149.2745,149.3118,61896
2023-03-10 12:18:00,149.31,149.33,149.25,149.29,59946
2023-03-10 12:19:00,149.2801,149.329,149.21,149.24,59894
2023-03-10 12:20:00,149.23,149.32,149.16,149.24,58971
2023-03-10 12:21:00,149.24,149.37,149.21,149.295,56194
2023-03-10 12:22:00,149.3,149.41,149.2601,149.35,65347
2023-03-10 12:23:00,149.3499,149.38,149.33,149.35,37697
2023-03-10 12:24:00,149.35,149.352,149.27,149.31,45169
2023-03-10 12:25:00,149.2854,149.39,149.23,149.34,48829
2023-03-10 12:26:00,149.34,149.36,149.26,149.3,44202
2023-03-10 12:27:00,149.2835,149.34,149.26,149.315,39697
2023-03-10 12:28:00,149.31,149.33,149.18,149.19,62866
2023-03-10 12:29:00,149.19,149.43,149.19,149.42,83445
2023-03-10 12:30:00,149.42,149.53,149.36,149.37,109923
2023-03-10 12:31:00,149.3553,149.52,149.28,149.5,83191
2023-03-10 12:32:00,149.4801,149.77,149.4801,149.77,121258
2023-03-10 12:33:00,149.756,150.0,149.685,149.9,178540
2023-03-10 12:34:00,149.9,149.9,149.71,149.785,79376
2023-03-10 12:35:00,149.78,149.941,149.72,149.785,72240
2023-03-10 12:36:00,149.78,149.78,149.57,149.68,99532
2023-03-10 12:37:00,149.675,149.9,149.64,149.8304,75710
2023-03-10 12:38:00,149.84,149.88,149.76,149.86,65323
2023-03-10 12:39:00,149.845,149.98,149.81,149.8938,71259
2023-03-10 12:40:00,149.89,149.93,149.74,149.76,95043
2023-03-10 12:41:00,149.7613,149.77,149.5801,149.61,92836
2023-03-10 12:42:00,149.61,149.69,149.57,149.604,71193
2023-03-10 12:43:00,149.59,149.6199,149.44,149.51,81931
2023-03-10 12:44:00,149.52,149.68,149.48,149.66,83721
2023-03-10 12:45:00,149.65,149.65,149.52,149.54,55361
2023-03-10 12:46:00,149.51,149.72,149.49,149.59,64209
2023-03-10 12:47:00,149.6,149.67,149.4901,149.57,46771
2023-03-10 12:48:00,149.56,149.59,149.46,149.575,45741
2023-03-10 12:49:00,149.55,149.5699,149.4201,149.44,39612
2023-03-10 12:50:00,149.45,149.52,149.42,149.4734,40909
2023-03-10 12:51:00,149.45,149.48,149.35,149.36,61649
2023-03-10 12:52:00,149.35,149.43,149.32,149.34,73746
2023-03-10 12:53:00,149.34,149.41,149.26,149.265,69929
2023-03-10 12:54:00,149.274,149.305,149.18,149.25,54029
2023-03-10 12:55:00,149.24,149.2693,149.1089,149.1089,67729
2023-03-10 12:56:00,149.1,149.14,149.0301,149.1278,88959
2023-03-10 12:57:00,149.13,149.195,149.08,149.12,87251
2023-03-10 12:58:00,149.1112,149.174,149.06,149.07,47792
2023-03-10 12:59:00,149.07,149.1901,149.07,149.1697,92790
2023-03-10 13:00:00,149.17,149.2689,149.15,149.261,82229
2023-03-10 13:01:00,149.26,149.4,149.22,149.24,116522
2023-03-10 13:02:00,149.2702,149.29,149.17,149.199,46539
2023-03-10 13:03:00,149.19,149.21,149.1515,149.204,43281
2023-03-10 13:04:00,149.2012,149.26,149.1695,149.18,48272
2023-03-10 13:05:00,149.17,149.28,149.15,149.25,58883
2023-03-10 13:06:00,149.24,149.28,149.169,149.18,56193
2023-03-10 13:07:00,149.185,149.185,149.08,149.12,71762
2023-03-10 13:08:00,149.11,149.24,149.1,149.18,69362
2023-03-10 13:09:00,149.18,149.28,149.16,149.2156,56390
2023-03-10 13:10:00,149.21,149.3,149.15,149.165,60109
2023-03-10 13:11:00,149.17,149.25,149.15,149.1614,52723
2023-03-10 13:12:00,149.17,149.22,149.11,149.125,96064
2023-03-10 13:13:00,149.125,149.2292,149.11,149.2101,50187
2023-03-10 13:14:00,149.22,149.24,149.13,149.15,73987
2023-03-10 13:15:00,149.13,149.14,148.86,149.01,320001
2023-03-10 13:16:00,149.015,149.04,148.905,148.9488,103826
2023-03-10 13:17:00,148.93,149.0,148.86,148.96,87273
2023-03-10 13:18:00,148.95,149.02,148.95,148.9614,75237
2023-03-10 13:19:00,148.96,148.985,148.91,148.91,55879
2023-03-10 13:20:00,148.91,148.99,148.86,148.8799,76065
2023-03-10 13:21:00,148.866,148.94,148.74,148.75,126248
2023-03-10 13:22:00,148.74,148.7508,148.596,148.65,160349
2023-03-10 13:23:00,148.66,148.7362,148.56,148.71,181750
2023-03-10 13:24:00,148.712,148.712,148.53,148.5599,121454
2023-03-10 13:25:00,148.545,148.57,148.42,148.435,189972
2023-03-10 13:26:00,148.435,148.474,148.3101,148.3101,137626
2023-03-10 13:27:00,148.315,148.3557,148.19,148.216,147914
2023-03-10 13:28:00,148.21,148.47,148.21,148.4401,162823
2023-03-10 13:29:00,148.44,148.451,148.3701,148.4,86156
2023-03-10 13:30:00,148.4,148.42,148.3,148.3,98921
2023-03-10 13:31:00,148.302,148.36,148.23,148.345,79144
2023-03-10 13:32:00,148.34,148.34,148.165,148.2101,93955
2023-03-10 13:33:00,148.21,148.34,148.19,148.28,79416
2023-03-10 13:34:00,148.27,148.34,148.19,148.2,110000
2023-03-10 13:35:00,148.185,148.25,148.17,148.18,86113
2023-03-10 13:36:00,148.185,148.31,148.145,148.24,176219
2023-03-10 13:37:00,148.2358,148.3201,148.21,148.3201,95769
2023-03-10 13:38:00,148.31,148.3262,148.25,148.28,50091
2023-03-10 13:39:00,148.27,148.27,148.111,148.2,81130
2023-03-10 13:40:00,148.19,148.2584,148.153,148.18,103476
2023-03-10 13:41:00,148.185,148.19,148.06,148.0782,104876
2023-03-10 13:42:00,148.07,148.09,148.01,148.03,111943
2023-03-10 13:43:00,148.04,148.05,147.94,148.0,202817
2023-03-10 13:44:00,147.9904,148.02,147.87,148.01,124414
2023-03-10 13:45:00,147.9942,148.0499,147.89,148.04,111650
2023-03-10 13:46:00,148.05,148.075,147.9347,147.9347,85651
2023-03-10 13:47:00,147.94,148.0,147.89,147.965,87997
2023-03-10 13:48:00,147.9685,148.06,147.95,148.01,138802
2023-03-10 13:49:00,148.015,148.06,147.94,147.95,169415
2023-03-10 13:50:00,147.96,148.06,147.9,147.98,146025
2023-03-10 13:51:00,147.98,147.98,147.9,147.935,115746
2023-03-10 13:52:00,147.94,147.96,147.85,147.93,126840
2023-03-10 13:53:00,147.94,148.18,147.935,148.08,202177
2023-03-10 13:54:00,148.09,148.24,148.0453,148.205,115212
2023-03-10 13:55:00,148.2,148.26,148.12,148.15,115607
2023-03-10 13:56:00,148.15,148.181,148.07,148.16,101276
2023-03-10 13:57:00,148.16,148.18,148.04,148.15,114247
2023-03-10 13:58:00,148.14,148.22,148.09,148.22,57565
2023-03-10 13:59:00,148.205,148.24,148.17,148.2,102066
2023-03-10 14:00:00,148.2,148.47,148.17,148.43,157953
2023-03-10 14:01:00,148.43,148.47,148.37,148.43,120232
2023-03-10 14:02:00,148.42,148.4364,148.29,148.4,85082
2023-03-10 14:03:00,148.3901,148.57,148.35,148.54,175748
2023-03-10 14:04:00,148.54,148.82,148.47,148.75,241191
2023-03-10 14:05:00,148.72,148.78,148.6,148.6,155144
2023-03-10 14:06:00,148.5999,148.6702,148.4366,148.485,91111
2023-03-10 14:07:00,148.49,148.55,148.39,148.48,106649
2023-03-10 14:08:00,148.46,148.52,148.45,148.4612,66925
2023-03-10 14:09:00,148.48,148.81,148.465,148.76,214260
2023-03-10 14:10:00,148.75,148.84,148.7,148.79,160919
2023-03-10 14:11:00,148.78,148.81,148.54,148.6501,147408
2023-03-10 14:12:00,148.65,148.725,148.54,148.6843,84183
2023-03-10 14:13:00,148.695,148.7,148.45,148.45,71903
2023-03-10 14:14:00,148.45,148.5601,148.425,148.45,89273
2023-03-10 14:15:00,148.435,148.5,148.38,148.38,92116
2023-03-10 14:16:00,148.38,148.415,148.31,148.33,65673
2023-03-10 14:17:00,148.32,148.41,148.16,148.18,99465
2023-03-10 14:18:00,148.17,148.26,148.13,148.1456,74208
2023-03-10 14:19:00,148.15,148.44,148.1,148.41,149331
2023-03-10 14:20:00,148.4,148.51,148.21,148.28,74749
2023-03-10 14:21:00,148.27,148.34,148.2208,148.27,59327
2023-03-10 14:22:00,148.2901,148.2901,148.07,148.08,81522
2023-03-10 14:23:00,148.08,148.14,147.9,147.99,139803
2023-03-10 14:24:00,147.98,148.09,147.96,147.97,63819
2023-03-10 14:25:00,147.97,148.03,147.91,147.91,68938
2023-03-10 14:26:00,147.92,147.9999,147.875,147.915,95253
2023-03-10 14:27:00,147.9199,147.94,147.87,147.8799,79111
2023-03-10 14:28:00,147.87,147.9349,147.84,147.85,73653
2023-03-10 14:29:00,147.855,148.05,147.8448,147.93,104505
2023-03-10 14:30:00,147.92,148.21,147.92,148.11,113851
2023-03-10 14:31:00,148.101,148.36,148.09,148.245,127253
2023-03-10 14:32:00,148.25,148.36,148.1802,148.24,87495
2023-03-10 14:33:00,148.23,148.235,148.03,148.06,99688
2023-03-10 14:34:00,148.06,148.19,148.06,148.17,77086
2023-03-10 14:35:00,148.16,148.29,148.12,148.12,115824
2023-03-10 14:36:00,148.12,148.5,148.11,148.36,161730
2023-03-10 14:37:00,148.355,148.5,148.31,148.38,104366
2023-03-10 14:38:00,148.37,148.55,148.33,148.36,143692
2023-03-10 14:39:00,148.36,148.51,148.33,148.47,76298
2023-03-10 14:40:00,148.46,148.46,148.26,148.33,92171
2023-03-10 14:41:00,148.33,148.4,148.27,148.315,75275
2023-03-10 14:42:00,148.31,148.76,148.31,148.6702,211542
2023-03-10 14:43:00,148.66,148.66,148.39,148.39,109972
2023-03-10 14:44:00,148.392,148.392,148.19,148.21,112031
2023-03-10 14:45:00,148.22,148.41,148.2,148.34,93785
2023-03-10 14:46:00,148.345,148.47,148.28,148.36,82521
2023-03-10 14:47:00,148.37,148.72,148.3,148.65,172132
2023-03-10 14:48:00,148.64,148.67,148.45,148.6427,109473
2023-03-10 14:49:00,148.64,148.87,148.57,148.82,185841
2023-03-10 14:50:00,148.81,148.84,148.59,148.67,96738
2023-03-10 14:51:00,148.68,148.74,148.54,148.57,117797
2023-03-10 14:52:00,148.55,148.7,148.52,148.665,106140
2023-03-10 14:53:00,148.66,148.67,148.48,148.61,89064
2023-03-10 14:54:00,148.6,148.815,148.5716,148.785,71373
2023-03-10 14:55:00,148.79,148.94,148.68,148.8713,166018
2023-03-10 14:56:00,148.88,149.0,148.68,148.7,232892
2023-03-10 14:57:00,148.69,148.7,148.57,148.6599,132225
2023-03-10 14:58:00,148.66,148.68,148.42,148.6,131392
2023-03-10 14:59:00,148.5901,148.68,148.47,148.65,75526
2023-03-10 15:00:00,148.66,148.76,148.5765,148.67,107153
2023-03-10 15:01:00,148.68,148.68,148.425,148.4399,115556
2023-03-10 15:02:00,148.44,148.48,148.29,148.44,129401
2023-03-10 15:03:00,148.43,148.58,148.39,148.44,98333
2023-03-10 15:04:00,148.42,148.62,148.35,148.47,113433
2023-03-10 15:05:00,148.47,148.47,148.21,148.335,122030
2023-03-10 15:06:00,148.33,148.335,148.22,148.27,100677
2023-03-10 15:07:00,148.27,148.28,148.1,148.165,112437
2023-03-10 15:08:00,148.16,148.49,148.11,148.3274,350404
2023-03-10 15:09:00,148.3319,148.53,148.32,148.495,138427
2023-03-10 15:10:00,148.49,148.5,148.24,148.39,82891
2023-03-10 15:11:00,148.3881,148.77,148.3224,148.64,140645
2023-03-10 15:12:00,148.63,148.72,148.57,148.65,128993
2023-03-10 15:13:00,148.65,148.705,148.5,148.5,82673
2023-03-10 15:14:00,148.52,148.53,148.23,148.35,169594
2023-03-10 15:15:00,148.35,148.55,148.31,148.39,99300
2023-03-10 15:16:00,148.38,148.5,148.22,148.465,107862
2023-03-10 15:17:00,148.47,148.64,148.33,148.33,115526
2023-03-10 15:18:00,148.32,148.36,148.13,148.24,120680
2023-03-10 15:19:00,148.22,148.24,147.99,148.02,150718
2023-03-10 15:20:00,148.02,148.07,147.92,147.95,143646
2023-03-10 15:21:00,147.96,148.14,147.95,148.0,141992
2023-03-10 15:22:00,148.0,148.12,147.99,148.07,114893
2023-03-10 15:23:00,148.05,148.17,148.01,148.06,123814
2023-03-10 15:24:00,148.06,148.24,148.03,148.24,133706
2023-03-10 15:25:00,148.24,148.37,148.14,148.182,116802
2023-03-10 15:26:00,148.179,148.45,148.16,148.3842,123920
2023-03-10 15:27:00,148.38,148.38,148.2,148.36,130439
2023-03-10 15:28:00,148.37,148.4,148.31,148.36,100280
2023-03-10 15:29:00,148.36,148.54,148.31,148.38,195308
2023-03-10 15:30:00,148.37,148.41,148.23,148.305,136182
2023-03-10 15:31:00,148.31,148.42,148.24,148.3264,94477
2023-03-10 15:32:00,148.33,148.44,148.236,148.34,98153
2023-03-10 15:33:00,148.34,148.37,148.13,148.14,118828
2023-03-10 15:34:00,148.135,148.23,148.09,148.125,141543
2023-03-10 15:35:00,148.13,148.16,147.99,148.0,130918
2023-03-10 15:36:00,148.01,148.11,147.89,148.08,165283
2023-03-10 15:37:00,148.08,148.18,147.95,148.01,142966
2023-03-10 15:38:00,148.01,148.04,147.89,147.96,126704
2023-03-10 15:39:00,147.97,147.97,147.82,147.825,163385
2023-03-10 15:40:00,147.83,147.87,147.67,147.7,225062
2023-03-10 15:41:00,147.695,147.7893,147.67,147.7,200528
2023-03-10 15:42:00,147.71,147.75,147.64,147.6699,131406
2023-03-10 15:43:00,147.67,147.8,147.62,147.77,164173
2023-03-10 15:44:00,147.77,147.81,147.7,147.735,134970
2023-03-10 15:45:00,147.74,147.795,147.66,147.68,132120
2023-03-10 15:46:00,147.67,147.781,147.65,147.68,168334
2023-03-10 15:47:00,147.7,147.74,147.6096,147.635,152714
2023-03-10 15:48:00,147.635,147.76,147.61,147.74,133514
2023-03-10 15:49:00,147.73,147.755,147.6581,147.692,139694
2023-03-10 15:50:00,147.7,148.03,147.64,148.01,353788
2023-03-10 15:51:00,148.02,148.03,147.91,147.92,218262
2023-03-10 15:52:00,147.93,148.09,147.86,148.05,246795
2023-03-10 15:53:00,148.05,148.28,148.04,148.23,251527
2023-03-10 15:54:00,148.2411,148.32,148.085,148.2463,312390
2023-03-10 15:55:00,148.23,148.33,148.165,148.315,276189
2023-03-10 15:56:00,148.31,148.36,148.2,148.31,245289
2023-03-10 15:57:00,148.32,148.6,148.3,148.57,429061
2023-03-10 15:58:00,148.58,148.66,148.53,148.595,485676
2023-03-10 15:59:00,148.58,148.65,148.45,148.48,894235
2023-03-13 09:30:00,147.805,148.99,147.7,148.8868,1175595
2023-03-13 09:31:00,148.895,150.1,148.83,149.33,464760
2023-03-13 09:32:00,149.32,149.44,149.03,149.15,250373
2023-03-13 09:33:00,149.15,149.78,148.25,149.54,376922
2023-03-13 09:34:00,149.5,149.52,149.07,149.16,218435
2023-03-13 09:35:00,149.18,149.23,148.65,148.76,271527
2023-03-13 09:36:00,148.6725,149.04,148.6524,148.9,218488
2023-03-13 09:37:00,148.8701,148.8701,148.635,148.635,229098
2023-03-13 09:38:00,148.64,148.64,148.121,148.26,290481
2023-03-13 09:39:00,148.26,148.71,148.16,148.7,246990
2023-03-13 09:40:00,148.72,149.01,148.68,149.0,319193
2023-03-13 09:41:00,148.99,149.005,148.65,148.7,186528
2023-03-13 09:42:00,148.7,148.765,148.42,148.765,218797
2023-03-13 09:43:00,148.77,148.9,148.67,148.7934,182861
2023-03-13 09:44:00,148.8059,148.84,148.61,148.75,175000
2023-03-13 09:45:00,148.75,148.89,148.561,148.81,244495
2023-03-13 09:46:00,148.8,148.95,148.62,148.95,169700
2023-03-13 09:47:00,148.95,149.78,148.88,149.78,382377
2023-03-13 09:48:00,149.78,150.2,149.5001,150.08,455346
2023-03-13 09:49:00,150.12,150.3,150.02,150.02,315362
2023-03-13 09:50:00,150.03,150.34,149.94,150.225,264369
2023-03-13 09:51:00,150.23,150.41,150.12,150.3301,229244
2023-03-13 09:52:00,150.34,150.58,150.25,150.3001,298361
2023-03-13 09:53:00,150.32,150.32,149.93,150.08,265526
2023-03-13 09:54:00,150.06,150.49,150.05,150.45,203984
2023-03-13 09:55:00,150.45,150.72,150.28,150.69,250374
2023-03-13 09:56:00,150.68,150.85,150.6,150.8301,240376
2023-03-13 09:57:00,150.83,150.9212,150.72,150.83,259851
2023-03-13 09:58:00,150.83,151.14,150.79,151.03,323119
2023-03-13 09:59:00,151.03,151.04,150.7,150.74,238277
2023-03-13 10:00:00,150.74,150.78,150.46,150.6077,282966
2023-03-13 10:01:00,150.6,150.8,150.4,150.5,203834
2023-03-13 10:02:00,150.4836,150.66,150.45,150.53,140180
2023-03-13 10:03:00,150.525,151.0,150.48,150.89,212440
2023-03-13 10:04:00,150.88,151.09,150.8,150.8038,191570
2023-03-13 10:05:00,150.81,150.93,150.54,150.6131,202576
2023-03-13 10:06:00,150.6141,150.79,150.5,150.685,188787
2023-03-13 10:07:00,150.67,151.01,150.27,150.95,280004
2023-03-13 10:08:00,150.95,151.47,150.9001,151.34,418619
2023-03-13 10:09:00,151.355,151.355,151.04,151.1351,202853
2023-03-13 10:10:00,151.12,151.28,151.08,151.11,248607
2023-03-13 10:11:00,151.09,151.25,150.91,151.21,292946
2023-03-13 10:12:00,151.22,151.28,150.71,150.7799,278002
2023-03-13 10:13:00,150.7601,150.89,150.57,150.86,233894
2023-03-13 10:14:00,150.89,150.98,150.72,150.8899,148110
2023-03-13 10:15:00,150.87,150.87,150.56,150.63,182627
2023-03-13 10:16:00,150.64,150.755,150.35,150.5,188804
2023-03-13 10:17:00,150.52,150.66,150.3151,150.62,274050
2023-03-13 10:18:00,150.615,151.02,150.56,150.79,344751
2023-03-13 10:19:00,150.79,150.79,150.51,150.6,217152
2023-03-13 10:20:00,150.57,150.77,150.42,150.75,169227
2023-03-13 10:21:00,150.76,150.96,150.66,150.6679,186562
2023-03-13 10:22:00,150.6698,151.255,150.6698,151.08,272802
2023-03-13 10:23:00,151.07,151.11,150.69,150.72,181734
2023-03-13 10:24:00,150.73,150.8713,150.68,150.87,123323
2023-03-13 10:25:00,150.88,150.955,150.66,150.73,163526
2023-03-13 10:26:00,150.73,151.15,150.66,151.03,214894
2023-03-13 10:27:00,151.0314,151.14,150.815,150.8648,173848
2023-03-13 10:28:00,150.87,151.18,150.87,151.015,151721
2023-03-13 10:29:00,151.03,151.06,150.72,150.85,134116
2023-03-13 10:30:00,150.87,151.19,150.8299,151.01,299490
2023-03-13 10:31:00,150.99,151.05,150.66,151.0,230884
2023-03-13 10:32:00,150.9921,151.6,150.94,151.5434,329196
2023-03-13 10:33:00,151.5599,151.87,151.5,151.7444,326585
2023-03-13 10:34:00,151.75,151.84,151.44,151.58,199945
2023-03-13 10:35:00,151.575,151.66,151.35,151.36,154274
2023-03-13 10:36:00,151.35,151.42,151.06,151.13,182473
2023-03-13 10:37:00,151.14,151.27,150.94,151.2452,183342
2023-03-13 10:38:00,151.24,151.26,150.92,150.99,180407
2023-03-13 10:39:00,151.0,151.37,150.97,151.2601,148522
2023-03-13 10:40:00,151.28,151.3643,151.12,151.15,125859
2023-03-13 10:41:00,151.15,151.16,150.88,150.93,151569
2023-03-13 10:42:00,150.94,150.94,150.62,150.76,225341
2023-03-13 10:43:00,150.76,150.82,150.54,150.77,201455
2023-03-13 10:44:00,150.78,151.15,150.78,150.99,246882
2023-03-13 10:45:00,150.98,151.12,150.89,151.08,150510
2023-03-13 10:46:00,151.06,151.14,150.9494,150.9777,161939
2023-03-13 10:47:00,150.96,151.19,150.7,151.1046,195674
2023-03-13 10:48:00,151.08,151.1857,150.95,151.1034,158568
2023-03-13 10:49:00,151.12,151.1953,150.9,151.01,151184
2023-03-13 10:50:00,151.01,151.08,150.53,150.62,196368
2023-03-13 10:51:00,150.62,150.72,150.51,150.59,164815
2023-03-13 10:52:00,150.59,150.72,150.19,150.38,289528
2023-03-13 10:53:00,150.385,150.65,150.32,150.56,201686
2023-03-13 10:54:00,150.56,150.69,150.42,150.69,191850
2023-03-13 10:55:00,150.61,151.24,150.61,151.1,326200
2023-03-13 10:56:00,151.1,151.54,151.09,151.51,240147
2023-03-13 10:57:00,151.5,151.67,151.3404,151.5,215131
2023-03-13 10:58:00,151.49,151.72,151.465,151.69,203414
2023-03-13 10:59:00,151.6887,151.75,151.5031,151.5611,166402
2023-03-13 11:00:00,151.565,151.65,151.3401,151.44,213969
2023-03-13 11:01:00,151.46,151.6099,151.4201,151.54,100927
2023-03-13 11:02:00,151.52,152.16,151.46,151.92,419547
2023-03-13 11:03:00,151.93,152.015,151.8,151.8875,245567
2023-03-13 11:04:00,151.88,151.93,151.7,151.7499,195417
2023-03-13 11:05:00,151.77,151.86,151.66,151.815,190762
2023-03-13 11:06:00,151.82,151.96,151.7,151.7599,209859
2023-03-13 11:07:00,151.76,151.94,151.67,151.9,196428
2023-03-13 11:08:00,151.88,152.15,151.73,152.085,195258
2023-03-13 11:09:00,152.09,152.1,151.84,151.91,202569
2023-03-13 11:10:00,151.9,152.07,151.85,152.05,154459
2023-03-13 11:11:00,152.04,152.255,152.02,152.052,259149
2023-03-13 11:12:00,152.07,152.55,152.03,152.3,329083
2023-03-13 11:13:00,152.32,152.43,152.08,152.15,254346
2023-03-13 11:14:00,152.14,152.27,152.05,152.0754,118670
2023-03-13 11:15:00,152.09,152.42,152.06,152.33,195350
2023-03-13 11:16:00,152.325,152.51,152.28,152.34,191558
2023-03-13 11:17:00,152.34,152.48,152.2999,152.4299,133139
2023-03-13 11:18:00,152.43,152.66,152.39,152.65,157257
2023-03-13 11:19:00,152.63,152.65,152.15,152.33,252201
2023-03-13 11:20:00,152.35,152.425,152.19,152.2204,155832
2023-03-13 11:21:00,152.21,152.39,152.09,152.16,171913
2023-03-13 11:22:00,152.18,152.27,151.85,151.894,185351
2023-03-13 11:23:00,151.9,151.9299,151.61,151.65,182603
2023-03-13 11:24:00,151.65,151.98,151.65,151.97,181875
2023-03-13 11:25:00,151.99,152.19,151.9593,152.0896,169806
2023-03-13 11:26:00,152.09,152.41,151.95,152.27,267123
2023-03-13 11:27:00,152.27,152.43,152.22,152.285,142776
2023-03-13 11:28:00,152.2844,152.64,152.2844,152.5,269527
2023-03-13 11:29:00,152.49,152.59,152.36,152.56,160728
2023-03-13 11:30:00,152.56,152.68,152.5,152.66,149195
2023-03-13 11:31:00,152.65,152.67,152.37,152.46,177866
2023-03-13 11:32:00,152.461,152.466,152.26,152.34,157706
2023-03-13 11:33:00,152.34,152.58,152.31,152.54,138464
2023-03-13 11:34:00,152.54,152.57,152.42,152.4556,124247
2023-03-13 11:35:00,152.46,152.51,152.3,152.38,175731
2023-03-13 11:36:00,152.37,152.48,152.27,152.47,145993
2023-03-13 11:37:00,152.4714,152.53,152.32,152.37,148186
2023-03-13 11:38:00,152.39,152.64,152.35,152.5999,152613
2023-03-13 11:39:00,152.6,152.6361,152.2799,152.44,214894
2023-03-13 11:40:00,152.45,152.68,152.42,152.58,139164
2023-03-13 11:41:00,152.6,152.77,152.56,152.64,191381
2023-03-13 11:42:00,152.61,152.88,152.51,152.83,188895
2023-03-13 11:43:00,152.83,152.92,152.71,152.7608,194067
2023-03-13 11:44:00,152.77,152.87,152.633,152.6741,170609
2023-03-13 11:45:00,152.66,152.75,152.6,152.7,119797
2023-03-13 11:46:00,152.7,152.81,152.51,152.75,197563
2023-03-13 11:47:00,152.759,152.82,152.64,152.77,154463
2023-03-13 11:48:00,152.76,153.04,152.52,152.9573,292570
2023-03-13 11:49:00,152.955,153.14,152.88,153.08,248033
2023-03-13 11:50:00,153.08,153.12,152.57,152.67,261340
2023-03-13 11:51:00,152.66,152.85,152.52,152.76,146058
2023-03-13 11:52:00,152.7699,152.9,152.68,152.69,138390
2023-03-13 11:53:00,152.705,152.72,152.43,152.62,157671
2023-03-13 11:54:00,152.62,152.73,152.33,152.3344,110048
2023-03-13 11:55:00,152.32,152.45,152.23,152.3,157310
2023-03-13 11:56:00,152.3,152.52,152.3,152.42,135925
2023-03-13 11:57:00,152.45,152.53,152.28,152.41,179625
2023-03-13 11:58:00,152.4,152.65,152.28,152.61,139896
2023-03-13 11:59:00,152.59,152.72,152.521,152.61,137623
2023-03-13 12:00:00,152.61,153.1,152.57,152.85,341941
2023-03-13 12:01:00,152.84,152.94,152.7,152.77,145671
2023-03-13 12:02:00,152.78,152.78,152.35,152.3799,125248
2023-03-13 12:03:00,152.36,152.36,152.05,152.16,196088
2023-03-13 12:04:00,152.17,152.27,152.05,152.23,135007
2023-03-13 12:05:00,152.24,152.41,152.16,152.3,125808
2023-03-13 12:06:00,152.31,152.71,152.25,152.61,152286
2023-03-13 12:07:00,152.61,152.71,152.52,152.65,125984
2023-03-13 12:08:00,152.64,152.69,152.54,152.5613,130313
2023-03-13 12:09:00,152.56,152.75,152.56,152.7,176959
2023-03-13 12:10:00,152.71,152.82,152.5294,152.58,177699
2023-03-13 12:11:00,152.58,152.61,152.31,152.33,101983
2023-03-13 12:12:00,152.34,152.38,152.2,152.37,106266
2023-03-13 12:13:00,152.3786,152.74,152.34,152.65,132489
2023-03-13 12:14:00,152.65,152.8,152.43,152.48,115511
2023-03-13 12:15:00,152.46,152.74,152.38,152.61,112001
2023-03-13 12:16:00,152.63,152.73,152.5101,152.71,89869
2023-03-13 12:17:00,152.73,152.78,152.45,152.5193,88182
2023-03-13 12:18:00,152.52,152.52,152.27,152.3,92557
2023-03-13 12:19:00,152.2819,152.38,152.21,152.3,90912
2023-03-13 12:20:00,152.29,152.3811,152.22,152.3811,97691
2023-03-13 12:21:00,152.375,152.39,152.16,152.25,162514
2023-03-13 12:22:00,152.25,152.45,152.235,152.31,83538
2023-03-13 12:23:00,152.31,152.47,152.31,152.44,88142
2023-03-13 12:24:00,152.44,152.49,152.01,152.09,205492
2023-03-13 12:25:00,152.08,152.3,152.02,152.13,149291
2023-03-13 12:26:00,152.13,152.13,151.98,152.08,159019
2023-03-13 12:27:00,152.09,152.3,152.06,152.29,112237
2023-03-13 12:28:00,152.285,152.36,152.195,152.27,124958
2023-03-13 12:29:00,152.28,152.34,152.11,152.24,123799
2023-03-13 12:30:00,152.23,152.35,152.2,152.29,102779
2023-03-13 12:31:00,152.32,152.36,152.15,152.3,91416
2023-03-13 12:32:00,152.3,152.31,151.9801,152.08,132613
2023-03-13 12:33:00,152.05,152.1164,151.87,151.92,110243
2023-03-13 12:34:00,151.93,152.01,151.69,151.76,165295
2023-03-13 12:35:00,151.7558,151.96,151.75,151.88,110382
2023-03-13 12:36:00,151.8701,152.17,151.87,152.09,158559
2023-03-13 12:37:00,152.1,152.26,152.09,152.2281,143435
2023-03-13 12:38:00,152.22,152.38,152.2,152.21,84945
2023-03-13 12:39:00,152.21,152.25,152.12,152.1299,68221
2023-03-13 12:40:00,152.13,152.26,152.095,152.18,129534
2023-03-13 12:41:00,152.19,152.31,152.08,152.31,91437
2023-03-13 12:42:00,152.3182,152.5846,152.3182,152.47,178907
2023-03-13 12:43:00,152.47,152.56,152.38,152.41,96019
2023-03-13 12:44:00,152.4,152.4,152.23,152.29,85432
2023-03-13 12:45:00,152.29,152.5,152.16,152.48,103658
2023-03-13 12:46:00,152.47,152.47,152.102,152.23,113324
2023-03-13 12:47:00,152.22,152.23,151.85,151.87,129215
2023-03-13 12:48:00,151.89,151.91,151.71,151.8,113480
2023-03-13 12:49:00,151.78,151.78,151.47,151.68,171259
2023-03-13 12:50:00,151.67,151.75,151.56,151.7233,123898
2023-03-13 12:51:00,151.73,151.74,151.59,151.63,75800
2023-03-13 12:52:00,151.65,151.75,151.58,151.65,92120
2023-03-13 12:53:00,151.66,151.85,151.56,151.7976,125028
2023-03-13 12:54:00,151.8,152.05,151.795,151.875,127921
2023-03-13 12:55:00,151.89,151.9399,151.79,151.89,84118
2023-03-13 12:56:00,151.89,152.02,151.84,151.92,89720
2023-03-13 12:57:00,151.915,151.92,151.55,151.6001,99198
2023-03-13 12:58:00,151.59,151.74,151.56,151.64,88356
2023-03-13 12:59:00,151.65,151.84,151.6478,151.8,79786
2023-03-13 13:00:00,151.8,151.86,151.49,151.54,89640
2023-03-13 13:01:00,151.55,151.64,151.205,151.23,166822
2023-03-13 13:02:00,151.22,151.46,151.19,151.2918,156121
2023-03-13 13:03:00,151.3,151.63,151.275,151.6,111892
2023-03-13 13:04:00,151.605,151.65,151.41,151.44,98673
2023-03-13 13:05:00,151.45,151.52,151.36,151.4382,71769
2023-03-13 13:06:00,151.4201,151.5,151.23,151.23,94103
2023-03-13 13:07:00,151.23,151.28,151.05,151.255,175930
2023-03-13 13:08:00,151.26,151.36,151.23,151.3,84632
2023-03-13 13:09:00,151.29,151.57,151.28,151.55,127539
2023-03-13 13:10:00,151.55,151.65,151.46,151.54,111066
2023-03-13 13:11:00,151.55,151.58,151.38,151.4811,105311
2023-03-13 13:12:00,151.48,151.72,151.4,151.6501,143763
2023-03-13 13:13:00,151.651,151.651,151.48,151.58,113562
2023-03-13 13:14:00,151.56,151.63,151.44,151.595,88643
2023-03-13 13:15:00,151.59,151.59,151.4,151.45,112635
2023-03-13 13:16:00,151.46,151.88,151.44,151.7468,149631
2023-03-13 13:17:00,151.74,151.9,151.68,151.72,111921
2023-03-13 13:18:00,151.7226,151.7226,151.45,151.49,120988
2023-03-13 13:19:00,151.5,151.57,151.45,151.53,60674
2023-03-13 13:20:00,151.52,151.575,151.425,151.45,66478
2023-03-13 13:21:00,151.46,151.525,151.18,151.26,115697
2023-03-13 13:22:00,151.27,151.32,151.13,151.299,108386
2023-03-13 13:23:00,151.29,151.39,151.18,151.18,84999
2023-03-13 13:24:00,151.21,151.3099,151.09,151.09,74385
2023-03-13 13:25:00,151.08,151.15,150.99,151.09,143861
2023-03-13 13:26:00,151.085,151.3571,150.99,151.28,166482
2023-03-13 13:27:00,151.27,151.28,151.03,151.04,100856
2023-03-13 13:28:00,151.03,151.2,151.03,151.1084,107454
2023-03-13 13:29:00,151.11,151.32,151.11,151.24,65955
2023-03-13 13:30:00,151.23,151.35,151.195,151.3089,84728
2023-03-13 13:31:00,151.3,151.335,151.11,151.12,73310
2023-03-13 13:32:00,151.12,151.23,151.08,151.16,80519
2023-03-13 13:33:00,151.17,151.22,151.02,151.04,92864
2023-03-13 13:34:00,151.085,151.09,150.8964,150.95,131092
2023-03-13 13:35:00,150.95,151.28,150.88,151.19,187103
2023-03-13 13:36:00,151.1923,151.48,151.19,151.372,165269
2023-03-13 13:37:00,151.385,151.73,151.345,151.6601,176982
2023-03-13 13:38:00,151.67,151.9,151.5603,151.8399,170617
2023-03-13 13:39:00,151.8301,151.93,151.64,151.6912,144085
2023-03-13 13:40:00,151.7,151.8,151.6,151.7699,78392
2023-03-13 13:41:00,151.77,151.84,151.64,151.8049,60985
2023-03-13 13:42:00,151.81,151.83,151.7,151.71,66991
2023-03-13 13:43:00,151.705,151.705,151.51,151.6,108925
2023-03-13 13:44:00,151.62,151.83,151.61,151.79,123290
2023-03-13 13:45:00,151.77,151.84,151.72,151.77,50941
2023-03-13 13:46:00,151.76,151.84,151.65,151.82,71819
2023-03-13 13:47:00,151.83,151.86,151.53,151.6,118432
2023-03-13 13:48:00,151.6,151.715,151.5846,151.62,71193
2023-03-13 13:49:00,151.63,151.7,151.59,151.6146,51016
2023-03-13 13:50:00,151.61,151.685,151.56,151.61,62100
2023-03-13 13:51:00,151.6072,151.635,151.54,151.62,67418
2023-03-13 13:52:00,151.62,151.73,151.565,151.585,73615
2023-03-13 13:53:00,151.6,151.85,151.54,151.83,120018
2023-03-13 13:54:00,151.83,151.87,151.59,151.62,90225
2023-03-13 13:55:00,151.62,151.92,151.59,151.88,93572
2023-03-13 13:56:00,151.88,151.95,151.79,151.85,96925
2023-03-13 13:57:00,151.85,151.9783,151.84,151.956,78934
2023-03-13 13:58:00,151.98,152.04,151.845,151.93,101880
2023-03-13 13:59:00,151.9101,151.97,151.81,151.9044,82497
2023-03-13 14:00:00,151.92,152.02,151.85,151.87,80053
2023-03-13 14:01:00,151.88,152.17,151.87,152.069,111841
2023-03-13 14:02:00,152.0604,152.37,151.975,152.32,153872
2023-03-13 14:03:00,152.32,152.34,151.86,152.02,101726
2023-03-13 14:04:00,152.01,152.1101,151.94,152.08,103641
2023-03-13 14:05:00,152.08,152.08,151.88,152.0001,99191
2023-03-13 14:06:00,152.01,152.15,151.98,151.98,80021
2023-03-13 14:07:00,151.97,152.0,151.86,151.97,76390
2023-03-13 14:08:00,151.97,152.08,151.922,151.97,74306
2023-03-13 14:09:00,151.96,151.98,151.85,151.9,76789
2023-03-13 14:10:00,151.89,152.05,151.86,151.99,125573
2023-03-13 14:11:00,151.99,152.02,151.76,151.81,102234
2023-03-13 14:12:00,151.8101,152.18,151.81,152.0615,168949
2023-03-13 14:13:00,152.07,152.1599,151.85,151.92,126104
2023-03-13 14:14:00,151.915,152.06,151.89,152.03,87177
2023-03-13 14:15:00,152.04,152.21,152.0216,152.145,132709
2023-03-13 14:16:00,152.15,152.21,152.075,152.16,109039
2023-03-13 14:17:00,152.16,152.24,152.0899,152.1956,79464
2023-03-13 14:18:00,152.21,152.36,152.06,152.275,172865
2023-03-13 14:19:00,152.28,152.4,152.0707,152.08,116651
2023-03-13 14:20:00,152.07,152.1,151.94,152.09,109065
2023-03-13 14:21:00,152.1,152.25,152.0273,152.24,95230
2023-03-13 14:22:00,152.23,152.23,152.01,152.135,100353
2023-03-13 14:23:00,152.14,152.34,152.1,152.31,126428
2023-03-13 14:24:00,152.32,152.39,152.28,152.38,107898
2023-03-13 14:25:00,152.38,152.54,152.25,152.27,137671
2023-03-13 14:26:00,152.27,152.27,152.05,152.12,128926
2023-03-13 14:27:00,152.11,152.29,152.1,152.26,106397
2023-03-13 14:28:00,152.27,152.45,152.25,152.34,107525
2023-03-13 14:29:00,152.34,152.35,152.2,152.23,62049
2023-03-13 14:30:00,152.22,152.5,152.21,152.45,121914
2023-03-13 14:31:00,152.46,152.48,152.34,152.39,97356
2023-03-13 14:32:00,152.37,152.44,152.34,152.43,82797
2023-03-13 14:33:00,152.43,152.52,152.4,152.49,114553
2023-03-13 14:34:00,152.5,152.7,152.5,152.53,147461
2023-03-13 14:35:00,152.53,152.53,152.29,152.37,200354
2023-03-13 14:36:00,152.375,152.4,152.24,152.3199,66400
2023-03-13 14:37:00,152.31,152.37,152.13,152.16,126067
2023-03-13 14:38:00,152.15,152.22,152.0,152.018,126789
2023-03-13 14:39:00,152.03,152.0987,151.89,152.06,152386
2023-03-13 14:40:00,152.07,152.11,151.91,152.0779,98761
2023-03-13 14:41:00,152.0799,152.25,152.06,152.22,130325
2023-03-13 14:42:00,152.23,152.24,152.04,152.14,94387
2023-03-13 14:43:00,152.12,152.37,152.11,152.16,162824
2023-03-13 14:44:00,152.16,152.21,152.04,152.1669,107825
2023-03-13 14:45:00,152.1719,152.18,152.01,152.035,89770
2023-03-13 14:46:00,152.0314,152.065,151.8506,151.96,129259
2023-03-13 14:47:00,151.9507,151.975,151.73,151.91,138028
2023-03-13 14:48:00,151.9015,152.07,151.9015,152.0123,95531
2023-03-13 14:49:00,152.01,152.14,151.96,152.05,96592
2023-03-13 14:50:00,152.04,152.16,152.0,152.0801,85206
2023-03-13 14:51:00,152.08,152.13,151.96,151.98,84397
2023-03-13 14:52:00,151.98,152.05,151.8701,151.9609,74153
2023-03-13 14:53:00,151.96,152.07,151.96,152.04,74429
2023-03-13 14:54:00,152.05,152.17,152.0,152.1657,93727
2023-03-13 14:55:00,152.17,152.24,152.14,152.205,76295
2023-03-13 14:56:00,152.19,152.21,152.09,152.1,70166
2023-03-13 14:57:00,152.09,152.17,152.01,152.08,84790
2023-03-13 14:58:00,152.07,152.25,152.06,152.175,89182
2023-03-13 14:59:00,152.18,152.2299,152.02,152.1144,92580
2023-03-13 15:00:00,152.11,152.23,152.02,152.2294,71313
2023-03-13 15:01:00,152.2226,152.35,151.93,152.05,137665
2023-03-13 15:02:00,152.04,152.07,151.92,151.99,101249
2023-03-13 15:03:00,151.992,152.05,151.89,151.915,76790
2023-03-13 15:04:00,151.91,151.9118,151.67,151.676,107487
2023-03-13 15:05:00,151.67,151.958,151.61,151.91,171023
2023-03-13 15:06:00,151.95,152.18,151.95,152.01,146879
2023-03-13 15:07:00,152.0,152.21,151.975,152.135,123586
2023-03-13 15:08:00,152.14,152.185,151.94,151.98,106886
2023-03-13 15:09:00,151.975,152.09,151.8434,151.8695,91488
2023-03-13 15:10:00,151.87,151.96,151.85,151.92,83447
2023-03-13 15:11:00,151.92,152.07,151.88,151.932,105677
2023-03-13 15:12:00,151.94,152.2,151.925,152.169,193378
2023-03-13 15:13:00,152.18,152.31,151.95,152.02,179312
2023-03-13 15:14:00,152.03,152.16,151.98,152.14,74253
2023-03-13 15:15:00,152.14,152.26,152.1,152.2,83512
2023-03-13 15:16:00,152.22,152.25,152.02,152.1,94546
2023-03-13 15:17:00,152.0942,152.1,151.81,151.85,150180
2023-03-13 15:18:00,151.85,151.88,151.73,151.833,122587
2023-03-13 15:19:00,151.85,151.9111,151.66,151.78,111912
2023-03-13 15:20:00,151.78,151.81,151.46,151.4854,160267
2023-03-13 15:21:00,151.465,151.57,151.36,151.44,131031
2023-03-13 15:22:00,151.4558,151.51,151.3,151.37,113368
2023-03-13 15:23:00,151.38,151.47,151.3416,151.38,115203
2023-03-13 15:24:00,151.39,151.45,151.18,151.258,192165
2023-03-13 15:25:00,151.26,151.3,150.89,150.96,242532
2023-03-13 15:26:00,150.96,151.11,150.88,151.05,192950
2023-03-13 15:27:00,151.054,151.11,150.86,150.98,173220
2023-03-13 15:28:00,150.98,151.05,150.88,150.95,160498
2023-03-13 15:29:00,150.95,151.08,150.82,151.03,192546
2023-03-13 15:30:00,151.05,151.3,151.01,151.145,193073
2023-03-13 15:31:00,151.14,151.18,151.02,151.1609,111934
2023-03-13 15:32:00,151.16,151.255,151.0,151.01,166788
2023-03-13 15:33:00,151.0,151.35,150.9801,151.28,169991
2023-03-13 15:34:00,151.28,151.36,151.21,151.25,110469
2023-03-13 15:35:00,151.24,151.45,151.1901,151.39,141638
2023-03-13 15:36:00,151.38,151.5,151.12,151.24,195986
2023-03-13 15:37:00,151.22,151.36,151.15,151.3,97105
2023-03-13 15:38:00,151.3,151.5,151.28,151.38,122929
2023-03-13 15:39:00,151.37,151.4599,151.3,151.45,111872
2023-03-13 15:40:00,151.45,151.49,151.26,151.35,138857
2023-03-13 15:41:00,151.37,151.39,151.2,151.22,132680
2023-03-13 15:42:00,151.22,151.51,151.18,151.49,182441
2023-03-13 15:43:00,151.47,151.62,151.26,151.33,190221
2023-03-13 15:44:00,151.3404,151.46,151.03,151.235,186232
2023-03-13 15:45:00,151.25,151.3595,151.02,151.14,157968
2023-03-13 15:46:00,151.12,151.23,151.04,151.08,144079
2023-03-13 15:47:00,151.08,151.26,151.05,151.135,127760
2023-03-13 15:48:00,151.13,151.17,150.9647,151.14,199113
2023-03-13 15:49:00,151.14,151.18,150.96,151.03,167895
2023-03-13 15:50:00,151.03,151.03,150.53,150.7,442603
2023-03-13 15:51:00,150.68,150.95,150.68,150.82,283047
2023-03-13 15:52:00,150.83,150.88,150.67,150.825,165062
2023-03-13 15:53:00,150.82,150.9,150.72,150.7899,200831
2023-03-13 15:54:00,150.785,150.95,150.69,150.72,271410
2023-03-13 15:55:00,150.72,150.92,150.51,150.51,343777
2023-03-13 15:56:00,150.51,150.6,150.41,150.43,318595
2023-03-13 15:57:00,150.42,150.5,150.35,150.375,311131
2023-03-13 15:58:00,150.375,150.5,150.35,150.37,417666
2023-03-13 15:59:00,150.37,150.61,150.37,150.46,785232
2023-03-14 09:30:00,151.28,151.8,151.18,151.69,1154381
2023-03-14 09:31:00,151.7,151.75,151.38,151.62,335344
2023-03-14 09:32:00,151.625,151.9154,151.49,151.89,286030
2023-03-14 09:33:00,151.93,152.02,151.69,151.7499,274574
2023-03-14 09:34:00,151.73,151.87,151.49,151.75,264980
2023-03-14 09:35:00,151.78,152.03,151.75,152.0,232168
2023-03-14 09:36:00,152.01,152.17,151.96,152.045,199684
2023-03-14 09:37:00,152.0588,152.3,152.03,152.21,231529
2023-03-14 09:38:00,152.22,152.3287,152.16,152.28,223495
2023-03-14 09:39:00,152.2801,152.41,152.17,152.3949,179041
2023-03-14 09:40:00,152.39,152.5384,152.28,152.34,213328
2023-03-14 09:41:00,152.3431,152.57,152.25,152.49,204158
2023-03-14 09:42:00,152.47,152.79,152.2386,152.7,246297
2023-03-14 09:43:00,152.69,152.75,152.54,152.5773,222090
2023-03-14 09:44:00,152.57,152.63,152.48,152.53,145665
2023-03-14 09:45:00,152.54,152.74,152.43,152.71,189860
2023-03-14 09:46:00,152.72,152.79,152.35,152.4,216995
2023-03-14 09:47:00,152.39,152.5899,152.31,152.5787,148090
2023-03-14 09:48:00,152.59,152.7,152.44,152.56,194087
2023-03-14 09:49:00,152.58,152.63,152.39,152.48,124225
2023-03-14 09:50:00,152.47,152.55,152.37,152.42,106784
2023-03-14 09:51:00,152.41,152.4899,152.16,152.35,151170
2023-03-14 09:52:00,152.33,152.44,152.1999,152.44,108083
2023-03-14 09:53:00,152.44,152.53,152.33,152.34,125540
2023-03-14 09:54:00,152.32,152.38,152.165,152.23,133004
2023-03-14 09:55:00,152.22,152.36,152.14,152.18,133810
2023-03-14 09:56:00,152.2,152.26,152.03,152.23,158765
2023-03-14 09:57:00,152.24,152.419,152.23,152.41,127386
2023-03-14 09:58:00,152.4061,152.58,152.36,152.57,149890
2023-03-14 09:59:00,152.57,152.68,152.5,152.5399,199833
2023-03-14 10:00:00,152.52,152.6,152.37,152.57,164566
2023-03-14 10:01:00,152.5799,152.73,152.48,152.66,150235
2023-03-14 10:02:00,152.66,152.71,152.59,152.67,94936
2023-03-14 10:03:00,152.67,152.89,152.66,152.7799,180362
2023-03-14 10:04:00,152.7771,152.92,152.6901,152.8731,134823
2023-03-14 10:05:00,152.86,152.97,152.69,152.9281,175661
2023-03-14 10:06:00,152.93,153.03,152.72,152.86,295359
2023-03-14 10:07:00,152.88,152.9782,152.79,152.8978,101382
2023-03-14 10:08:00,152.88,153.0,152.81,152.83,116856
2023-03-14 10:09:00,152.82,152.86,152.66,152.76,109084
2023-03-14 10:10:00,152.7491,152.76,152.56,152.61,111010
2023-03-14 10:11:00,152.6,152.67,152.47,152.54,110266
2023-03-14 10:12:00,152.55,152.68,152.43,152.6299,112171
2023-03-14 10:13:00,152.63,152.7,152.5,152.64,112614
2023-03-14 10:14:00,152.6499,152.7699,152.6,152.677,100426
2023-03-14 10:15:00,152.68,152.68,152.55,152.57,90199
2023-03-14 10:16:00,152.57,152.585,152.39,152.4901,122394
2023-03-14 10:17:00,152.48,152.56,152.29,152.43,119605
2023-03-14 10:18:00,152.43,152.44,152.188,152.4059,114005
2023-03-14 10:19:00,152.41,152.45,152.26,152.3,95707
2023-03-14 10:20:00,152.31,152.44,152.25,152.417,86624
2023-03-14 10:21:00,152.4111,152.555,152.34,152.555,111605
2023-03-14 10:22:00,152.56,152.78,152.54,152.74,166946
2023-03-14 10:23:00,152.74,152.75,152.57,152.69,97166
2023-03-14 10:24:00,152.6865,152.73,152.58,152.71,81618
2023-03-14 10:25:00,152.7199,152.78,152.6,152.64,119221
2023-03-14 10:26:00,152.64,152.75,152.625,152.63,98653
2023-03-14 10:27:00,152.64,152.75,152.61,152.6701,77701
2023-03-14 10:28:00,152.66,152.7453,152.65,152.685,66337
2023-03-14 10:29:00,152.68,152.8,152.65,152.78,118283
2023-03-14 10:30:00,152.77,152.84,152.74,152.81,290128
2023-03-14 10:31:00,152.8,152.86,152.78,152.81,87261
2023-03-14 10:32:00,152.83,152.87,152.72,152.8581,109107
2023-03-14 10:33:00,152.86,152.91,152.78,152.87,102082
2023-03-14 10:34:00,152.8755,153.02,152.87,152.93,124985
2023-03-14 10:35:00,152.9298,152.9298,152.77,152.895,107872
2023-03-14 10:36:00,152.89,152.96,152.86,152.9302,83582
2023-03-14 10:37:00,152.94,153.06,152.915,153.03,102659
2023-03-14 10:38:00,153.04,153.0886,152.92,152.9688,137194
2023-03-14 10:39:00,152.96,153.0888,152.9,153.04,151291
2023-03-14 10:40:00,153.04,153.08,152.9662,153.07,84726
2023-03-14 10:41:00,153.0689,153.08,152.97,152.9972,74896
2023-03-14 10:42:00,152.99,153.01,152.9049,152.95,101540
2023-03-14 10:43:00,152.95,152.96,152.85,152.88,73465
2023-03-14 10:44:00,152.87,152.94,152.825,152.9,69553
2023-03-14 10:45:00,152.89,152.93,152.82,152.885,82489
2023-03-14 10:46:00,152.88,153.0,152.88,152.98,85719
2023-03-14 10:47:00,152.97,153.0,152.92,153.0,110904
2023-03-14 10:48:00,153.0,153.14,153.0,153.1173,118406
2023-03-14 10:49:00,153.12,153.2,153.07,153.1736,134062
2023-03-14 10:50:00,153.1701,153.188,153.04,153.1087,88796
2023-03-14 10:51:00,153.11,153.1282,153.0,153.04,87908
2023-03-14 10:52:00,153.03,153.15,153.03,153.09,73233
2023-03-14 10:53:00,153.08,153.16,153.055,153.055,84327
2023-03-14 10:54:00,153.05,153.0999,152.985,152.99,94631
2023-03-14 10:55:00,152.98,153.02,152.91,152.9282,96470
2023-03-14 10:56:00,152.9256,152.95,152.755,152.77,116347
2023-03-14 10:57:00,152.778,152.88,152.76,152.873,99620
2023-03-14 10:58:00,152.88,152.9108,152.69,152.7199,102297
2023-03-14 10:59:00,152.7135,152.735,152.61,152.65,118552
2023-03-14 11:00:00,152.64,152.7325,152.62,152.72,114036
2023-03-14 11:01:00,152.72,152.83,152.72,152.75,84109
2023-03-14 11:02:00,152.75,152.865,152.71,152.84,83344
2023-03-14 11:03:00,152.85,152.935,152.85,152.9,98138
2023-03-14 11:04:00,152.91,152.96,152.81,152.83,95217
2023-03-14 11:05:00,152.82,152.9199,152.78,152.905,61589
2023-03-14 11:06:00,152.905,152.99,152.905,152.9619,84844
2023-03-14 11:07:00,152.955,153.08,152.94,153.07,98963
2023-03-14 11:08:00,153.0699,153.15,152.98,153.06,93295
2023-03-14 11:09:00,153.0619,153.14,153.04,153.11,64019
2023-03-14 11:10:00,153.11,153.1899,153.09,153.185,74348
2023-03-14 11:11:00,153.189,153.22,153.16,153.17,82078
2023-03-14 11:12:00,153.17,153.23,153.16,153.23,78488
2023-03-14 11:13:00,153.24,153.32,153.21,153.2492,104023
2023-03-14 11:14:00,153.24,153.27,153.2,153.24,68079
2023-03-14 11:15:00,153.2378,153.24,153.126,153.1899,89595
2023-03-14 11:16:00,153.18,153.27,153.165,153.27,46518
2023-03-14 11:17:00,153.27,153.31,153.19,153.22,74184
2023-03-14 11:18:00,153.22,153.2809,153.2088,153.2599,68632
2023-03-14 11:19:00,153.26,153.28,153.17,153.225,61588
2023-03-14 11:20:00,153.23,153.265,153.15,153.16,72032
2023-03-14 11:21:00,153.1628,153.19,153.11,153.1448,88084
2023-03-14 11:22:00,153.15,153.155,153.0553,153.08,79486
2023-03-14 11:23:00,153.0871,153.15,153.07,153.1,63238
2023-03-14 11:24:00,153.09,153.16,153.09,153.15,107637
2023-03-14 11:25:00,153.15,153.16,153.04,153.145,126349
2023-03-14 11:26:00,153.15,153.1899,153.05,153.05,77167
2023-03-14 11:27:00,153.05,153.1699,153.01,153.1484,99438
2023-03-14 11:28:00,153.15,153.1745,153.035,153.035,51870
2023-03-14 11:29:00,153.035,153.12,153.02,153.07,44687
2023-03-14 11:30:00,153.06,153.11,152.99,153.04,94832
2023-03-14 11:31:00,153.04,153.1,153.03,153.07,66899
2023-03-14 11:32:00,153.08,153.14,153.07,153.13,63460
2023-03-14 11:33:00,153.13,153.145,153.07,153.1,60660
2023-03-14 11:34:00,153.09,153.09,152.945,152.96,145513
2023-03-14 11:35:00,152.95,153.12,152.9437,153.1018,150294
2023-03-14 11:36:00,153.1042,153.19,153.08,153.14,126603
2023-03-14 11:37:00,153.16,153.32,153.15,153.29,130773
2023-03-14 11:38:00,153.3,153.33,153.24,153.2821,100169
2023-03-14 11:39:00,153.29,153.38,153.27,153.37,75479
2023-03-14 11:40:00,153.37,153.4,153.28,153.29,128516
2023-03-14 11:41:00,153.2936,153.2936,153.14,153.15,105689
2023-03-14 11:42:00,153.14,153.14,153.05,153.0699,91407
2023-03-14 11:43:00,153.06,153.15,153.04,153.07,58714
2023-03-14 11:44:00,153.06,153.1247,153.05,153.11,49898
2023-03-14 11:45:00,153.11,153.14,153.01,153.03,110282
2023-03-14 11:46:00,153.035,153.035,152.92,152.92,96348
2023-03-14 11:47:00,152.9286,152.9399,152.755,152.8,151287
2023-03-14 11:48:00,152.8,152.91,152.791,152.88,77295
2023-03-14 11:49:00,152.88,152.91,152.78,152.81,83107
2023-03-14 11:50:00,152.81,152.93,152.795,152.895,86121
2023-03-14 11:51:00,152.9,152.97,152.89,152.945,86767
2023-03-14 11:52:00,152.95,153.0,152.93,152.97,80165
2023-03-14 11:53:00,152.965,152.9661,152.89,152.92,52688
2023-03-14 11:54:00,152.92,152.9251,152.83,152.86,61542
2023-03-14 11:55:00,152.8616,152.87,152.74,152.7423,64748
2023-03-14 11:56:00,152.74,152.83,152.72,152.8245,74526
2023-03-14 11:57:00,152.825,152.87,152.72,152.7577,101849
2023-03-14 11:58:00,152.75,152.7899,152.72,152.736,97331
2023-03-14 11:59:00,152.74,152.74,152.6601,152.68,59059
2023-03-14 12:00:00,152.675,152.7579,152.66,152.68,95186
2023-03-14 12:01:00,152.665,152.71,152.64,152.675,72492
2023-03-14 12:02:00,152.6799,152.72,152.64,152.67,108631
2023-03-14 12:03:00,152.6668,152.68,152.61,152.68,96470
2023-03-14 12:04:00,152.675,152.7,152.61,152.62,94252
2023-03-14 12:05:00,152.6121,152.66,152.6,152.62,106203
2023-03-14 12:06:00,152.63,152.63,152.5013,152.54,253510
2023-03-14 12:07:00,152.55,152.68,152.54,152.59,100379
2023-03-14 12:08:00,152.58,152.73,152.57,152.73,46852
2023-03-14 12:09:00,152.72,152.82,152.72,152.8,80353
2023-03-14 12:10:00,152.81,152.91,152.81,152.855,84957
2023-03-14 12:11:00,152.865,152.95,152.86,152.925,66435
2023-03-14 12:12:00,152.92,153.01,152.91,153.0017,60054
2023-03-14 12:13:00,153.01,153.0687,152.99,153.0056,77157
2023-03-14 12:14:00,153.0,153.06,152.99,153.01,66287
2023-03-14 12:15:00,153.0,153.01,152.94,152.96,91027
2023-03-14 12:16:00,152.9599,152.9599,152.79,152.88,138341
2023-03-14 12:17:00,152.89,152.96,152.87,152.8812,57970
2023-03-14 12:18:00,152.885,152.8872,152.83,152.8488,60285
2023-03-14 12:19:00,152.84,152.91,152.83,152.835,39117
2023-03-14 12:20:00,152.84,152.88,152.77,152.81,99248
2023-03-14 12:21:00,152.8,152.83,152.765,152.825,79325
2023-03-14 12:22:00,152.82,152.8301,152.72,152.72,61433
2023-03-14 12:23:00,152.72,152.84,152.7,152.82,77166
2023-03-14 12:24:00,152.8156,152.825,152.72,152.74,51187
2023-03-14 12:25:00,152.72,152.72,152.55,152.56,77054
2023-03-14 12:26:00,152.55,152.6882,152.55,152.64,113089
2023-03-14 12:27:00,152.63,152.74,152.62,152.7,52770
2023-03-14 12:28:00,152.69,152.7,152.63,152.685,49115
2023-03-14 12:29:00,152.68,152.79,152.68,152.71,57051
2023-03-14 12:30:00,152.705,152.8,152.6837,152.79,43917
2023-03-14 12:31:00,152.79,152.8499,152.77,152.8,61497
2023-03-14 12:32:00,152.81,152.89,152.805,152.87,98377
2023-03-14 12:33:00,152.8713,152.8862,152.83,152.85,67816
2023-03-14 12:34:00,152.84,152.86,152.75,152.8,49045
2023-03-14 12:35:00,152.805,152.874,152.78,152.8537,48249
2023-03-14 12:36:00,152.84,152.88,152.825,152.88,58873
2023-03-14 12:37:00,152.8784,152.88,152.7601,152.77,89519
2023-03-14 12:38:00,152.76,152.8,152.75,152.76,40340
2023-03-14 12:39:00,152.75,152.795,152.66,152.6929,55021
2023-03-14 12:40:00,152.69,152.69,152.5301,152.5697,116996
2023-03-14 12:41:00,152.56,152.614,152.3,152.305,202527
2023-03-14 12:42:00,152.305,152.47,152.3018,152.41,95439
2023-03-14 12:43:00,152.4024,152.55,152.4024,152.54,74731
2023-03-14 12:44:00,152.55,152.62,152.52,152.56,71695
2023-03-14 12:45:00,152.56,152.6,152.53,152.56,79394
2023-03-14 12:46:00,152.57,152.65,152.51,152.64,71083
2023-03-14 12:47:00,152.64,152.77,152.64,152.72,86290
2023-03-14 12:48:00,152.71,152.83,152.66,152.79,73437
2023-03-14 12:49:00,152.795,152.86,152.7885,152.815,64501
2023-03-14 12:50:00,152.81,152.905,152.69,152.7,133311
2023-03-14 12:51:00,152.68,152.76,152.62,152.6624,102331
2023-03-14 12:52:00,152.6665,152.79,152.6601,152.695,60096
2023-03-14 12:53:00,152.71,152.725,152.55,152.58,55346
2023-03-14 12:54:00,152.59,152.66,152.57,152.605,44398
2023-03-14 12:55:00,152.6,152.6,152.39,152.5,99111
2023-03-14 12:56:00,152.5,152.55,152.4601,152.4704,68819
2023-03-14 12:57:00,152.475,152.6,152.445,152.569,103237
2023-03-14 12:58:00,152.55,152.6872,152.545,152.66,62204
2023-03-14 12:59:00,152.66,152.67,152.53,152.56,76426
2023-03-14 13:00:00,152.5699,152.65,152.56,152.64,34948
2023-03-14 13:01:00,152.63,152.74,152.63,152.74,80504
2023-03-14 13:02:00,152.735,152.8015,152.66,152.785,86886
2023-03-14 13:03:00,152.78,152.79,152.72,152.77,58746
2023-03-14 13:04:00,152.77,152.78,152.615,152.615,53571
2023-03-14 13:05:00,152.62,152.65,152.4401,152.4427,73982
2023-03-14 13:06:00,152.4493,152.52,152.39,152.415,88046
2023-03-14 13:07:00,152.415,152.4791,152.36,152.42,69706
2023-03-14 13:08:00,152.43,152.4606,152.2301,152.3,142773
2023-03-14 13:09:00,152.3,152.38,152.28,152.34,86014
2023-03-14 13:10:00,152.33,152.33,152.16,152.285,95927
2023-03-14 13:11:00,152.2735,152.2735,152.15,152.2,72671
2023-03-14 13:12:00,152.2,152.24,152.15,152.195,77930
2023-03-14 13:13:00,152.19,152.195,152.08,152.12,73765
2023-03-14 13:14:00,152.11,152.155,151.9939,152.02,156452
2023-03-14 13:15:00,152.0,152.01,151.78,151.83,174971
2023-03-14 13:16:00,151.82,151.83,151.29,151.42,263378
2023-03-14 13:17:00,151.42,151.515,151.31,151.4699,278015
2023-03-14 13:18:00,151.475,151.58,151.445,151.47,205418
2023-03-14 13:19:00,151.4678,151.52,151.41,151.47,86795
2023-03-14 13:20:00,151.45,151.495,151.35,151.48,101277
2023-03-14 13:21:00,151.47,151.48,151.35,151.39,101455
2023-03-14 13:22:00,151.38,151.39,151.23,151.34,147390
2023-03-14 13:23:00,151.35,151.53,151.3208,151.479,240171
2023-03-14 13:24:00,151.4699,151.48,151.27,151.4201,85728
2023-03-14 13:25:00,151.415,151.5166,151.3789,151.5,85607
2023-03-14 13:26:00,151.4901,151.89,151.46,151.85,207589
2023-03-14 13:27:00,151.855,151.96,151.8,151.92,154271
2023-03-14 13:28:00,151.93,151.97,151.82,151.89,94514
2023-03-14 13:29:00,151.88,151.895,151.77,151.815,70863
2023-03-14 13:30:00,151.81,151.82,151.64,151.7609,107797
2023-03-14 13:31:00,151.77,151.88,151.72,151.775,54695
2023-03-14 13:32:00,151.76,151.88,151.74,151.7433,62483
2023-03-14 13:33:00,151.74,151.7402,151.6076,151.62,84664
2023-03-14 13:34:00,151.625,151.76,151.6127,151.66,60662
2023-03-14 13:35:00,151.64,151.82,151.58,151.77,78459
2023-03-14 13:36:00,151.79,151.85,151.72,151.7798,62790
2023-03-14 13:37:00,151.785,151.92,151.76,151.9011,58140
2023-03-14 13:38:00,151.93,152.065,151.92,152.01,178515
2023-03-14 13:39:00,152.03,152.06,151.975,152.04,77719
2023-03-14 13:40:00,152.02,152.16,152.01,152.065,95422
2023-03-14 13:41:00,152.06,152.06,151.855,151.8999,106626
2023-03-14 13:42:00,151.89,151.9,151.8,151.86,56383
2023-03-14 13:43:00,151.86,151.89,151.12,151.26,544034
2023-03-14 13:44:00,151.25,151.5,150.6,150.82,626200
2023-03-14 13:45:00,150.82,151.08,150.55,151.0195,405333
2023-03-14 13:46:00,151.015,151.06,150.69,150.95,255468
2023-03-14 13:47:00,150.95,151.02,150.52,150.62,303445
2023-03-14 13:48:00,150.62,150.99,150.59,150.97,205531
2023-03-14 13:49:00,150.97,151.16,150.8,151.15,170460
2023-03-14 13:50:00,151.16,151.18,151.04,151.1,117510
2023-03-14 13:51:00,151.09,151.32,151.02,151.3162,170165
2023-03-14 13:52:00,151.3,151.36,151.16,151.23,117448
2023-03-14 13:53:00,151.23,151.305,151.14,151.1986,85681
2023-03-14 13:54:00,151.2,151.3,151.15,151.21,78263
2023-03-14 13:55:00,151.2,151.2,150.99,151.07,260667
2023-03-14 13:56:00,151.0589,151.11,150.7891,150.98,144471
2023-03-14 13:57:00,150.975,151.21,150.96,151.2001,112445
2023-03-14 13:58:00,151.21,151.215,151.01,151.075,90411
2023-03-14 13:59:00,151.06,151.135,150.96,150.9833,95816
2023-03-14 14:00:00,150.98,151.22,150.98,151.045,133775
2023-03-14 14:01:00,151.05,151.0999,150.84,151.0408,138053
2023-03-14 14:02:00,151.05,151.15,150.94,151.09,85697
2023-03-14 14:03:00,151.1,151.1,150.81,150.93,120390
2023-03-14 14:04:00,150.94,151.04,150.85,150.86,97364
2023-03-14 14:05:00,150.855,150.91,150.7509,150.82,125284
2023-03-14 14:06:00,150.84,150.87,150.72,150.8364,101091
2023-03-14 14:07:00,150.829,150.829,150.66,150.6767,99393
2023-03-14 14:08:00,150.67,150.84,150.43,150.84,274025
2023-03-14 14:09:00,150.84,151.01,150.84,150.95,183117
2023-03-14 14:10:00,150.95,151.19,150.93,151.1099,139210
2023-03-14 14:11:00,151.11,151.17,150.955,150.99,102412
2023-03-14 14:12:00,151.0,151.05,150.96,151.0,68509
2023-03-14 14:13:00,151.0,151.08,150.95,151.03,57182
2023-03-14 14:14:00,151.03,151.06,150.96,151.04,42069
2023-03-14 14:15:00,151.02,151.02,150.8602,150.93,102279
2023-03-14 14:16:00,150.93,151.02,150.88,150.92,97822
2023-03-14 14:17:00,150.92,150.98,150.87,150.9001,89147
2023-03-14 14:18:00,150.9,151.11,150.87,151.0699,99093
2023-03-14 14:19:00,151.07,151.08,150.93,151.01,61220
2023-03-14 14:20:00,151.0,151.0,150.7804,150.82,72759
2023-03-14 14:21:00,150.82,151.055,150.79,151.0097,110157
2023-03-14 14:22:00,151.0,151.035,150.89,150.89,64950
2023-03-14 14:23:00,150.89,151.07,150.88,151.03,80778
2023-03-14 14:24:00,151.04,151.195,151.0,151.1331,113911
2023-03-14 14:25:00,151.15,151.35,151.11,151.3,130386
2023-03-14 14:26:00,151.295,151.31,151.19,151.25,139949
2023-03-14 14:27:00,151.24,151.4,151.2,151.34,117168
2023-03-14 14:28:00,151.3407,151.45,151.305,151.42,154901
2023-03-14 14:29:00,151.43,151.45,151.3573,151.3634,113272
2023-03-14 14:30:00,151.36,151.47,151.26,151.47,106650
2023-03-14 14:31:00,151.46,151.59,151.44,151.51,136040
2023-03-14 14:32:00,151.51,151.57,151.44,151.52,126691
2023-03-14 14:33:00,151.52,151.5799,151.44,151.57,77297
2023-03-14 14:34:00,151.57,151.57,151.47,151.55,79978
2023-03-14 14:35:00,151.55,151.61,151.4406,151.45,90542
2023-03-14 14:36:00,151.45,151.46,151.38,151.425,67085
2023-03-14 14:37:00,151.42,151.53,151.34,151.515,76739
2023-03-14 14:38:00,151.53,151.59,151.4593,151.47,84544
2023-03-14 14:39:00,151.464,151.51,151.38,151.405,61311
2023-03-14 14:40:00,151.41,151.48,151.34,151.385,103453
2023-03-14 14:41:00,151.38,151.384,151.14,151.23,100595
2023-03-14 14:42:00,151.23,151.39,151.22,151.3,79913
2023-03-14 14:43:00,151.32,151.39,151.31,151.37,49416
2023-03-14 14:44:00,151.38,151.43,151.29,151.31,73308
2023-03-14 14:45:00,151.3,151.41,151.258,151.38,68469
2023-03-14 14:46:00,151.36,151.36,151.2,151.35,67882
2023-03-14 14:47:00,151.36,151.43,151.281,151.42,55802
2023-03-14 14:48:00,151.429,151.64,151.4162,151.56,135042
2023-03-14 14:49:00,151.56,151.58,151.34,151.34,88389
2023-03-14 14:50:00,151.34,151.355,151.23,151.3384,118800
2023-03-14 14:51:00,151.33,151.41,151.275,151.36,83425
2023-03-14 14:52:00,151.37,151.45,151.34,151.43,60636
2023-03-14 14:53:00,151.4229,151.45,151.2314,151.25,83194
2023-03-14 14:54:00,151.2599,151.305,151.15,151.1845,59644
2023-03-14 14:55:00,151.1818,151.2432,151.145,151.24,53179
2023-03-14 14:56:00,151.23,151.2566,151.16,151.25,52380
2023-03-14 14:57:00,151.25,151.2601,151.02,151.07,81603
2023-03-14 14:58:00,151.07,151.07,150.98,151.0199,90097
2023-03-14 14:59:00,151.02,151.0499,150.94,151.01,91853
2023-03-14 15:00:00,151.0125,151.13,150.94,151.1099,107105
2023-03-14 15:01:00,151.1,151.24,151.0236,151.21,103461
2023-03-14 15:02:00,151.22,151.23,151.01,151.01,60034
2023-03-14 15:03:00,151.0,151.11,150.99,151.0661,56133
2023-03-14 15:04:00,151.065,151.13,150.96,151.08,79327
2023-03-14 15:05:00,151.07,151.12,150.97,151.12,73111
2023-03-14 15:06:00,151.12,151.1399,150.96,150.99,56536
2023-03-14 15:07:00,150.98,150.98,150.8,150.825,109546
2023-03-14 15:08:00,150.825,150.96,150.73,150.78,103238
2023-03-14 15:09:00,150.77,150.77,150.4,150.5456,166119
2023-03-14 15:10:00,150.55,150.55,150.25,150.2899,215263
2023-03-14 15:11:00,150.29,150.3699,150.205,150.27,113861
2023-03-14 15:12:00,150.2501,150.34,150.1,150.29,188868
2023-03-14 15:13:00,150.29,150.36,150.25,150.28,108185
2023-03-14 15:14:00,150.29,150.31,150.215,150.2599,75462
2023-03-14 15:15:00,150.25,150.38,150.19,150.2915,158046
2023-03-14 15:16:00,150.28,150.3,150.19,150.25,99176
2023-03-14 15:17:00,150.25,150.43,150.11,150.415,276894
2023-03-14 15:18:00,150.4,150.61,150.28,150.57,317560
2023-03-14 15:19:00,150.58,150.78,150.57,150.78,165719
2023-03-14 15:20:00,150.78,150.84,150.62,150.62,103005
2023-03-14 15:21:00,150.61,150.69,150.58,150.62,88088
2023-03-14 15:22:00,150.62,150.74,150.56,150.62,154949
2023-03-14 15:23:00,150.61,150.67,150.55,150.565,82340
2023-03-14 15:24:00,150.56,150.6015,150.46,150.6015,129675
2023-03-14 15:25:00,150.58,150.71,150.56,150.66,76709
2023-03-14 15:26:00,150.68,150.73,150.53,150.55,89818
2023-03-14 15:27:00,150.54,150.85,150.54,150.8199,84732
2023-03-14 15:28:00,150.82,150.8201,150.64,150.75,94706
2023-03-14 15:29:00,150.755,150.875,150.755,150.865,98121
2023-03-14 15:30:00,150.86,150.86,150.69,150.7808,141479
2023-03-14 15:31:00,150.78,150.98,150.77,150.95,227333
2023-03-14 15:32:00,150.95,150.97,150.83,150.94,104362
2023-03-14 15:33:00,150.945,151.03,150.91,150.97,90501
2023-03-14 15:34:00,150.95,151.09,150.885,151.07,91663
2023-03-14 15:35:00,151.0601,151.17,151.06,151.125,131084
2023-03-14 15:36:00,151.1343,151.35,151.1,151.2228,165994
2023-03-14 15:37:00,151.2209,151.32,151.21,151.23,128100
2023-03-14 15:38:00,151.24,151.28,151.13,151.205,89182
2023-03-14 15:39:00,151.19,151.2311,151.09,151.11,97894
2023-03-14 15:40:00,151.11,151.2014,151.05,151.1399,98592
2023-03-14 15:41:00,151.1399,151.29,151.1,151.275,111048
2023-03-14 15:42:00,151.28,151.3152,151.25,151.29,107063
2023-03-14 15:43:00,151.31,151.39,151.27,151.3208,103977
2023-03-14 15:44:00,151.33,151.5,151.325,151.465,231147
2023-03-14 15:45:00,151.465,151.61,151.44,151.46,190693
2023-03-14 15:46:00,151.4601,151.56,151.37,151.52,147060
2023-03-14 15:47:00,151.52,151.6682,151.49,151.6499,172845
2023-03-14 15:48:00,151.64,151.64,151.51,151.515,151832
2023-03-14 15:49:00,151.52,151.6301,151.51,151.605,108341
2023-03-14 15:50:00,151.605,151.9,151.6,151.785,403380
2023-03-14 15:51:00,151.8,151.93,151.68,151.695,291791
2023-03-14 15:52:00,151.695,151.86,151.54,151.575,299873
2023-03-14 15:53:00,151.59,151.6199,151.51,151.53,155006
2023-03-14 15:54:00,151.54,151.86,151.455,151.8,443401
2023-03-14 15:55:00,151.78,152.15,151.76,152.11,554074
2023-03-14 15:56:00,152.12,152.43,152.08,152.425,447326
2023-03-14 15:57:00,152.425,152.5,152.28,152.465,639401
2023-03-14 15:58:00,152.45,152.59,152.32,152.585,743738
2023-03-14 15:59:00,152.59,152.81,152.38,152.55,2322721
2023-03-15 09:30:00,151.19,151.74,150.9,151.63,1172591
2023-03-15 09:31:00,151.61,151.78,151.37,151.58,366995
2023-03-15 09:32:00,151.6,151.62,151.15,151.265,272155
2023-03-15 09:33:00,151.27,151.5,151.09,151.2477,370213
2023-03-15 09:34:00,151.27,151.52,151.2,151.355,336746
2023-03-15 09:35:00,151.37,151.47,151.11,151.39,349476
2023-03-15 09:36:00,151.3959,151.54,151.26,151.41,217148
2023-03-15 09:37:00,151.42,151.42,151.01,151.22,236214
2023-03-15 09:38:00,151.23,151.43,151.078,151.1187,181574
2023-03-15 09:39:00,151.11,151.23,150.94,151.12,195359
2023-03-15 09:40:00,151.12,151.14,150.7003,151.13,320074
2023-03-15 09:41:00,151.13,151.22,150.9,151.13,225598
2023-03-15 09:42:00,151.13,151.78,151.12,151.57,375222
2023-03-15 09:43:00,151.59,151.6299,151.32,151.51,210407
2023-03-15 09:44:00,151.521,151.66,151.4,151.6502,186692
2023-03-15 09:45:00,151.66,151.8,151.33,151.39,204959
2023-03-15 09:46:00,151.38,151.46,151.11,151.3401,222414
2023-03-15 09:47:00,151.36,151.3891,150.99,151.35,230088
2023-03-15 09:48:00,151.335,151.45,151.13,151.24,162904
2023-03-15 09:49:00,151.24,151.49,151.23,151.425,207270
2023-03-15 09:50:00,151.44,151.46,151.1,151.33,177495
2023-03-15 09:51:00,151.32,151.45,151.13,151.175,176874
2023-03-15 09:52:00,151.18,151.37,151.0106,151.13,194874
2023-03-15 09:53:00,151.14,151.24,150.9045,151.1501,161060
2023-03-15 09:54:00,151.15,151.44,151.02,151.373,151899
2023-03-15 09:55:00,151.36,151.47,151.2,151.2418,171410
2023-03-15 09:56:00,151.2501,151.3299,150.9856,151.21,183867
2023-03-15 09:57:00,151.19,151.2499,151.07,151.115,108119
2023-03-15 09:58:00,151.11,151.35,151.06,151.24,123423
2023-03-15 09:59:00,151.27,151.3099,151.17,151.21,71418
2023-03-15 10:00:00,151.22,151.25,151.04,151.24,131036
2023-03-15 10:01:00,151.23,151.23,150.88,150.96,167650
2023-03-15 10:02:00,150.95,151.24,150.751,150.89,250135
2023-03-15 10:03:00,150.9,151.05,150.86,150.97,138129
2023-03-15 10:04:00,150.98,151.37,150.98,151.31,280497
2023-03-15 10:05:00,151.3,151.55,151.04,151.135,248867
2023-03-15 10:06:00,151.1,151.35,151.1,151.3069,111141
2023-03-15 10:07:00,151.27,151.6502,151.18,151.46,158002
2023-03-15 10:08:00,151.48,151.56,151.3,151.42,211867
2023-03-15 10:09:00,151.41,151.41,151.26,151.31,86540
2023-03-15 10:10:00,151.3276,151.58,151.2972,151.3515,135904
2023-03-15 10:11:00,151.35,151.4,151.23,151.27,111112
2023-03-15 10:12:00,151.29,151.295,151.06,151.115,154980
2023-03-15 10:13:00,151.12,151.2012,151.0201,151.07,100025
2023-03-15 10:14:00,151.07,151.1,150.73,150.81,205862
2023-03-15 10:15:00,150.82,150.92,150.71,150.81,147524
2023-03-15 10:16:00,150.82,150.9,150.71,150.725,108456
2023-03-15 10:17:00,150.73,150.86,150.54,150.84,212444
2023-03-15 10:18:00,150.83,151.01,150.56,150.61,173502
2023-03-15 10:19:00,150.6171,150.84,150.46,150.815,199497
2023-03-15 10:20:00,150.81,150.98,150.79,150.9,133459
2023-03-15 10:21:00,150.9,151.06,150.87,150.96,195574
2023-03-15 10:22:00,150.96,151.02,150.895,150.93,105398
2023-03-15 10:23:00,150.92,151.02,150.76,150.9236,157963
2023-03-15 10:24:00,150.92,150.92,150.58,150.7,148771
2023-03-15 10:25:00,150.7,150.79,150.59,150.72,113590
2023-03-15 10:26:00,150.71,150.73,150.54,150.6,100909
2023-03-15 10:27:00,150.6066,150.67,150.48,150.54,111058
2023-03-15 10:28:00,150.53,150.935,150.5201,150.83,183289
2023-03-15 10:29:00,150.82,150.9077,150.48,150.54,148172
2023-03-15 10:30:00,150.55,150.78,150.52,150.7,188150
2023-03-15 10:31:00,150.67,150.9,150.61,150.89,149877
2023-03-15 10:32:00,150.9,151.0,150.49,150.58,230867
2023-03-15 10:33:00,150.58,150.68,150.53,150.67,95917
2023-03-15 10:34:00,150.646,150.65,150.24,150.24,179935
2023-03-15 10:35:00,150.23,150.5,150.19,150.46,256053
2023-03-15 10:36:00,150.4625,150.6,150.37,150.51,135043
2023-03-15 10:37:00,150.5111,150.5111,150.3,150.322,111517
2023-03-15 10:38:00,150.33,150.375,150.23,150.32,124694
2023-03-15 10:39:00,150.3,150.41,150.27,150.31,78273
2023-03-15 10:40:00,150.3,150.39,150.26,150.29,134881
2023-03-15 10:41:00,150.29,150.41,150.29,150.29,89733
2023-03-15 10:42:00,150.28,150.435,150.19,150.23,123705
2023-03-15 10:43:00,150.231,150.34,150.13,150.14,173335
2023-03-15 10:44:00,150.1499,150.36,150.13,150.3299,162739
2023-03-15 10:45:00,150.33,150.43,150.23,150.375,160967
2023-03-15 10:46:00,150.37,150.53,150.28,150.31,134164
2023-03-15 10:47:00,150.29,150.29,150.16,150.2601,134436
2023-03-15 10:48:00,150.2653,150.3056,150.16,150.22,89443
2023-03-15 10:49:00,150.21,150.2454,150.06,150.18,121171
2023-03-15 10:50:00,150.18,150.19,149.98,150.025,209426
2023-03-15 10:51:00,150.0286,150.065,149.92,149.94,166099
2023-03-15 10:52:00,149.94,150.14,149.92,150.06,115483
2023-03-15 10:53:00,150.06,150.27,150.0559,150.24,158209
2023-03-15 10:54:00,150.23,150.51,150.23,150.41,292759
2023-03-15 10:55:00,150.4299,150.51,150.35,150.37,104994
2023-03-15 10:56:00,150.37,150.473,150.35,150.44,99551
2023-03-15 10:57:00,150.45,150.59,150.4,150.5799,135841
2023-03-15 10:58:00,150.5701,150.85,150.56,150.77,272786
2023-03-15 10:59:00,150.7642,150.98,150.66,150.92,200358
2023-03-15 11:00:00,150.94,150.94,150.58,150.84,255044
2023-03-15 11:01:00,150.8499,150.92,150.68,150.73,124690
2023-03-15 11:02:00,150.73,150.85,150.69,150.81,103487
2023-03-15 11:03:00,150.8132,150.86,150.66,150.68,75235
2023-03-15 11:04:00,150.67,150.79,150.62,150.7204,79951
2023-03-15 11:05:00,150.71,150.76,150.56,150.75,120736
2023-03-15 11:06:00,150.75,150.91,150.73,150.88,125081
2023-03-15 11:07:00,150.89,151.08,150.85,151.04,225972
2023-03-15 11:08:00,151.042,151.0579,150.88,150.94,125738
2023-03-15 11:09:00,150.93,150.94,150.67,150.798,186779
2023-03-15 11:10:00,150.7899,150.97,150.76,150.935,89654
2023-03-15 11:11:00,150.93,151.05,150.9,151.05,128953
2023-03-15 11:12:00,151.05,151.1,150.97,151.08,156642
2023-03-15 11:13:00,151.09,151.2,150.96,151.04,160535
2023-03-15 11:14:00,151.03,151.15,151.01,151.12,98042
2023-03-15 11:15:00,151.13,151.2399,151.035,151.04,136233
2023-03-15 11:16:00,151.03,151.14,150.96,150.985,122714
2023-03-15 11:17:00,150.981,151.0654,150.92,150.9968,73732
2023-03-15 11:18:00,151.0,151.0699,150.94,150.96,70484
2023-03-15 11:19:00,150.97,151.29,150.94,151.25,151102
2023-03-15 11:20:00,151.245,151.28,151.13,151.15,119256
2023-03-15 11:21:00,151.15,151.1586,150.89,150.97,149955
2023-03-15 11:22:00,150.96,151.03,150.94,150.98,65267
2023-03-15 11:23:00,150.98,150.98,150.82,150.85,135741
2023-03-15 11:24:00,150.84,150.84,150.72,150.81,98023
2023-03-15 11:25:00,150.81,150.93,150.76,150.91,94801
2023-03-15 11:26:00,150.905,150.9543,150.83,150.855,68410
2023-03-15 11:27:00,150.86,151.01,150.85,150.8692,91515
2023-03-15 11:28:00,150.88,150.89,150.74,150.815,81314
2023-03-15 11:29:00,150.82,150.92,150.78,150.82,83022
2023-03-15 11:30:00,150.82,150.96,150.7501,150.91,171661
2023-03-15 11:31:00,150.9079,151.185,150.88,151.12,144082
2023-03-15 11:32:00,151.1214,151.1214,150.71,150.75,113813
2023-03-15 11:33:00,150.7361,150.8467,150.73,150.84,69170
2023-03-15 11:34:00,150.8499,150.89,150.77,150.81,69510
2023-03-15 11:35:00,150.81,150.84,150.725,150.81,71612
2023-03-15 11:36:00,150.8199,150.85,150.67,150.77,79586
2023-03-15 11:37:00,150.775,150.81,150.67,150.7201,53327
2023-03-15 11:38:00,150.73,150.94,150.73,150.9055,98506
2023-03-15 11:39:00,150.9,150.95,150.77,150.79,58978
2023-03-15 11:40:00,150.78,151.1,150.75,151.0676,79589
2023-03-15 11:41:00,151.09,151.34,151.09,151.27,175221
2023-03-15 11:42:00,151.26,151.32,151.16,151.19,90400
2023-03-15 11:43:00,151.1999,151.41,151.19,151.29,134147
2023-03-15 11:44:00,151.2868,151.4,151.2868,151.37,65495
2023-03-15 11:45:00,151.38,151.605,151.34,151.54,163141
2023-03-15 11:46:00,151.545,151.67,151.53,151.57,191623
2023-03-15 11:47:00,151.57,151.8484,151.5342,151.8,233153
2023-03-15 11:48:00,151.7937,151.7947,151.49,151.62,234366
2023-03-15 11:49:00,151.67,151.76,151.63,151.665,100791
2023-03-15 11:50:00,151.672,151.715,151.38,151.46,180141
2023-03-15 11:51:00,151.465,151.53,151.3701,151.3701,99409
2023-03-15 11:52:00,151.37,151.49,151.365,151.46,112355
2023-03-15 11:53:00,151.46,151.53,151.33,151.37,71097
2023-03-15 11:54:00,151.38,151.417,151.235,151.3,104462
2023-03-15 11:55:00,151.3165,151.33,151.09,151.22,132308
2023-03-15 11:56:00,151.21,151.3301,151.2,151.2584,100026
2023-03-15 11:57:00,151.26,151.3,151.17,151.2501,74341
2023-03-15 11:58:00,151.2555,151.36,151.19,151.23,76257
2023-03-15 11:59:00,151.21,151.23,151.14,151.17,63591
2023-03-15 12:00:00,151.16,151.3,151.16,151.255,64436
2023-03-15 12:01:00,151.26,151.35,151.17,151.2154,84178
2023-03-15 12:02:00,151.2299,151.34,151.2289,151.29,68499
2023-03-15 12:03:00,151.2946,151.335,151.18,151.2,72589
2023-03-15 12:04:00,151.21,151.2199,151.005,151.03,109764
2023-03-15 12:05:00,151.0201,151.0201,150.82,150.8714,142738
2023-03-15 12:06:00,150.88,150.94,150.7797,150.7797,89512
2023-03-15 12:07:00,150.79,150.84,150.71,150.73,81431
2023-03-15 12:08:00,150.72,150.7699,150.62,150.7199,103353
2023-03-15 12:09:00,150.71,150.775,150.6,150.63,61405
2023-03-15 12:10:00,150.62,150.67,150.52,150.62,113765
2023-03-15 12:11:00,150.63,150.65,150.56,150.5866,54179
2023-03-15 12:12:00,150.5897,150.63,150.54,150.58,96347
2023-03-15 12:13:00,150.59,150.64,150.58,150.58,77695
2023-03-15 12:14:00,150.57,150.699,150.525,150.6649,96452
2023-03-15 12:15:00,150.66,150.86,150.615,150.8501,100621
2023-03-15 12:16:00,150.85,150.9457,150.83,150.9,93491
2023-03-15 12:17:00,150.8911,150.94,150.85,150.869,87371
2023-03-15 12:18:00,150.87,150.89,150.75,150.7699,66465
2023-03-15 12:19:00,150.76,150.795,150.66,150.7482,80788
2023-03-15 12:20:00,150.74,150.8,150.66,150.77,70942
2023-03-15 12:21:00,150.78,150.84,150.74,150.8249,69049
2023-03-15 12:22:00,150.82,150.825,150.59,150.62,134969
2023-03-15 12:23:00,150.63,150.705,150.485,150.53,160983
2023-03-15 12:24:00,150.53,150.675,150.491,150.63,115221
2023-03-15 12:25:00,150.62,150.6242,150.4631,150.48,92519
2023-03-15 12:26:00,150.48,150.5,150.435,150.49,90631
2023-03-15 12:27:00,150.5,150.6,150.475,150.58,93300
2023-03-15 12:28:00,150.57,150.69,150.48,150.64,84588
2023-03-15 12:29:00,150.6427,150.82,150.61,150.81,91202
2023-03-15 12:30:00,150.81,150.96,150.7401,150.896,118554
2023-03-15 12:31:00,150.8901,151.1,150.8644,151.09,119479
2023-03-15 12:32:00,151.1,151.23,151.0701,151.12,110266
2023-03-15 12:33:00,151.12,151.16,151.0195,151.12,75399
2023-03-15 12:34:00,151.11,151.14,150.96,150.985,97522
2023-03-15 12:35:00,150.995,151.0858,150.9617,151.04,56223
2023-03-15 12:36:00,151.03,151.05,150.9125,150.92,57646
2023-03-15 12:37:00,150.92,150.99,150.9,150.96,58007
2023-03-15 12:38:00,150.95,150.99,150.78,150.83,77405
2023-03-15 12:39:00,150.82,150.89,150.76,150.87,71172
2023-03-15 12:40:00,150.86,150.89,150.75,150.7589,44284
2023-03-15 12:41:00,150.76,150.7825,150.66,150.7,68418
2023-03-15 12:42:00,150.69,150.77,150.66,150.77,47434
2023-03-15 12:43:00,150.77,150.84,150.77,150.8,60017
2023-03-15 12:44:00,150.79,150.89,150.78,150.88,49218
2023-03-15 12:45:00,150.88,151.0,150.82,150.96,91394
2023-03-15 12:46:00,150.9501,151.068,150.9501,151.0,73352
2023-03-15 12:47:00,150.9986,151.1,150.94,151.06,76551
2023-03-15 12:48:00,151.05,151.11,151.01,151.02,51389
2023-03-15 12:49:00,151.01,151.15,150.99,151.13,60366
2023-03-15 12:50:00,151.13,151.17,150.98,151.07,115315
2023-03-15 12:51:00,151.0501,151.07,150.88,150.965,81722
2023-03-15 12:52:00,150.98,150.98,150.85,150.9,43080
2023-03-15 12:53:00,150.9,150.9,150.79,150.83,65389
2023-03-15 12:54:00,150.84,150.93,150.83,150.84,61222
2023-03-15 12:55:00,150.85,150.86,150.68,150.775,73197
2023-03-15 12:56:00,150.75,150.75,150.5571,150.5571,86599
2023-03-15 12:57:00,150.5662,150.5662,150.4493,150.47,107764
2023-03-15 12:58:00,150.4603,150.66,150.46,150.5801,146133
2023-03-15 12:59:00,150.58,150.6899,150.56,150.585,81680
2023-03-15 13:00:00,150.585,150.71,150.57,150.63,69278
2023-03-15 13:01:00,150.6325,150.735,150.6,150.6888,73888
2023-03-15 13:02:00,150.68,150.76,150.64,150.6511,54685
2023-03-15 13:03:00,150.64,150.68,150.51,150.52,86392
2023-03-15 13:04:00,150.515,150.6199,150.5,150.6192,128751
2023-03-15 13:05:00,150.62,151.14,150.62,151.02,211324
2023-03-15 13:06:00,151.01,151.17,151.01,151.13,118041
2023-03-15 13:07:00,151.12,151.125,150.87,150.88,89067
2023-03-15 13:08:00,150.89,150.98,150.84,150.94,81627
2023-03-15 13:09:00,150.945,151.11,150.92,150.96,51721
2023-03-15 13:10:00,150.96,151.14,150.93,151.05,66734
2023-03-15 13:11:00,151.05,151.27,151.04,151.23,129774
2023-03-15 13:12:00,151.22,151.4599,151.21,151.275,142133
2023-03-15 13:13:00,151.27,151.39,151.25,151.31,70231
2023-03-15 13:14:00,151.32,151.45,151.29,151.43,81608
2023-03-15 13:15:00,151.42,151.47,151.33,151.41,109906
2023-03-15 13:16:00,151.41,151.66,151.4099,151.59,169907
2023-03-15 13:17:00,151.59,151.59,151.39,151.42,75789
2023-03-15 13:18:00,151.41,151.41,151.27,151.35,102856
2023-03-15 13:19:00,151.36,151.41,151.338,151.375,59019
2023-03-15 13:20:00,151.39,151.42,151.21,151.26,88034
2023-03-15 13:21:00,151.26,151.37,151.229,151.27,93681
2023-03-15 13:22:00,151.26,151.33,151.22,151.28,56133
2023-03-15 13:23:00,151.29,151.49,151.28,151.45,87801
2023-03-15 13:24:00,151.455,151.49,151.32,151.36,78152
2023-03-15 13:25:00,151.35,151.52,151.32,151.488,76822
2023-03-15 13:26:00,151.485,151.6,151.42,151.5809,98413
2023-03-15 13:27:00,151.58,151.5896,151.43,151.54,87949
2023-03-15 13:28:00,151.55,151.655,151.55,151.63,100369
2023-03-15 13:29:00,151.62,151.63,151.55,151.59,59723
2023-03-15 13:30:00,151.59,151.6,151.47,151.55,95442
2023-03-15 13:31:00,151.555,151.65,151.49,151.58,140517
2023-03-15 13:32:00,151.56,151.57,151.42,151.4301,117642
2023-03-15 13:33:00,151.44,151.53,151.34,151.41,90481
2023-03-15 13:34:00,151.405,151.59,151.39,151.58,74046
2023-03-15 13:35:00,151.59,151.65,151.51,151.5999,110641
2023-03-15 13:36:00,151.59,151.7299,151.52,151.605,147093
2023-03-15 13:37:00,151.59,151.69,151.5,151.67,191219
2023-03-15 13:38:00,151.6656,151.735,151.55,151.58,115892
2023-03-15 13:39:00,151.58,151.6009,151.51,151.6,93831
2023-03-15 13:40:00,151.6,151.635,151.56,151.6,100774
2023-03-15 13:41:00,151.58,151.6,151.41,151.5511,226435
2023-03-15 13:42:00,151.57,151.61,151.49,151.6093,117100
2023-03-15 13:43:00,151.602,151.72,151.56,151.69,170698
2023-03-15 13:44:00,151.67,151.84,151.6501,151.8111,145416
2023-03-15 13:45:00,151.8194,151.87,151.69,151.76,185654
2023-03-15 13:46:00,151.765,151.77,151.5709,151.68,105786
2023-03-15 13:47:00,151.675,151.74,151.63,151.69,76646
2023-03-15 13:48:00,151.6731,151.69,151.5201,151.6,76888
2023-03-15 13:49:00,151.6,151.6799,151.58,151.61,76314
2023-03-15 13:50:00,151.6,151.786,151.55,151.75,95114
2023-03-15 13:51:00,151.74,151.92,151.72,151.84,107148
2023-03-15 13:52:00,151.85,151.95,151.81,151.84,107427
2023-03-15 13:53:00,151.84,151.95,151.82,151.95,78565
2023-03-15 13:54:00,151.95,152.13,151.945,152.11,169453
2023-03-15 13:55:00,152.1,152.22,151.99,152.185,190372
2023-03-15 13:56:00,152.19,152.33,152.19,152.285,94729
2023-03-15 13:57:00,152.28,152.29,152.06,152.25,174846
2023-03-15 13:58:00,152.24,152.26,152.08,152.13,77374
2023-03-15 13:59:00,152.14,152.15,152.06,152.13,114135
2023-03-15 14:00:00,152.14,152.2,152.02,152.07,129381
2023-03-15 14:01:00,152.07,152.13,151.83,151.88,113772
2023-03-15 14:02:00,151.87,151.92,151.78,151.8406,67313
2023-03-15 14:03:00,151.85,151.94,151.85,151.916,68018
2023-03-15 14:04:00,151.92,151.94,151.8556,151.91,53857
2023-03-15 14:05:00,151.905,151.91,151.76,151.77,52157
2023-03-15 14:06:00,151.78,151.96,151.78,151.96,75549
2023-03-15 14:07:00,151.95,151.99,151.88,151.9139,82960
2023-03-15 14:08:00,151.91,151.985,151.8546,151.89,58633
2023-03-15 14:09:00,151.89,151.92,151.72,151.8,100538
2023-03-15 14:10:00,151.79,151.86,151.775,151.85,40507
2023-03-15 14:11:00,151.85,151.8799,151.69,151.76,97805
2023-03-15 14:12:00,151.75,151.91,151.75,151.86,51977
2023-03-15 14:13:00,151.84,151.94,151.81,151.885,54350
2023-03-15 14:14:00,151.88,151.9,151.745,151.76,47488
2023-03-15 14:15:00,151.75,151.75,151.52,151.57,128981
2023-03-15 14:16:00,151.55,151.618,151.48,151.595,99276
2023-03-15 14:17:00,151.58,151.67,151.52,151.575,67318
2023-03-15 14:18:00,151.55,151.855,151.5299,151.8308,85672
2023-03-15 14:19:00,151.825,151.91,151.73,151.82,123275
2023-03-15 14:20:00,151.8,151.9,151.72,151.89,79388
2023-03-15 14:21:00,151.89,152.15,151.8841,152.02,196984
2023-03-15 14:22:00,152.01,152.07,151.9109,151.94,87422
2023-03-15 14:23:00,151.93,152.0899,151.92,152.065,73727
2023-03-15 14:24:00,152.06,152.478,152.04,152.32,226691
2023-03-15 14:25:00,152.32,152.375,152.23,152.3664,116549
2023-03-15 14:26:00,152.358,152.56,152.3507,152.5,148626
2023-03-15 14:27:00,152.505,153.09,152.33,152.7899,432918
2023-03-15 14:28:00,152.75,152.87,152.27,152.7,283751
2023-03-15 14:29:00,152.69,152.76,152.34,152.5,213237
2023-03-15 14:30:00,152.48,152.74,152.45,152.73,148857
2023-03-15 14:31:00,152.74,152.87,152.623,152.71,143293
2023-03-15 14:32:00,152.715,152.81,152.52,152.64,102035
2023-03-15 14:33:00,152.65,152.71,152.39,152.7,217396
2023-03-15 14:34:00,152.69,152.855,152.68,152.85,168114
2023-03-15 14:35:00,152.8569,152.88,152.55,152.59,144507
2023-03-15 14:36:00,152.61,152.77,152.56,152.7,117301
2023-03-15 14:37:00,152.7,153.0,152.7,152.91,157103
2023-03-15 14:38:00,152.92,153.0,152.81,152.93,112801
2023-03-15 14:39:00,152.9209,153.07,152.72,152.78,232191
2023-03-15 14:40:00,152.78,152.99,152.67,152.98,112871
2023-03-15 14:41:00,152.97,153.07,152.84,153.01,147412
2023-03-15 14:42:00,153.0,153.06,152.84,152.93,112537
2023-03-15 14:43:00,152.94,153.0099,152.82,152.9299,104996
2023-03-15 14:44:00,152.91,152.94,152.74,152.85,88810
2023-03-15 14:45:00,152.85,152.85,152.67,152.7301,111587
2023-03-15 14:46:00,152.7472,152.85,152.68,152.77,93244
2023-03-15 14:47:00,152.79,152.9,152.72,152.75,101097
2023-03-15 14:48:00,152.75,152.9,152.74,152.8799,67388
2023-03-15 14:49:00,152.87,152.92,152.61,152.67,151680
2023-03-15 14:50:00,152.66,152.78,152.391,152.52,233415
2023-03-15 14:51:00,152.5012,152.65,152.345,152.6099,129215
2023-03-15 14:52:00,152.61,152.7799,152.56,152.69,78907
2023-03-15 14:53:00,152.6901,152.85,152.6901,152.8199,56730
2023-03-15 14:54:00,152.81,152.94,152.73,152.93,69577
2023-03-15 14:55:00,152.93,153.0,152.85,152.9592,108098
2023-03-15 14:56:00,152.9616,152.99,152.78,152.78,128775
2023-03-15 14:57:00,152.78,152.8,152.7,152.755,79933
2023-03-15 14:58:00,152.76,152.9157,152.74,152.886,79401
2023-03-15 14:59:00,152.9074,152.955,152.85,152.87,68148
2023-03-15 15:00:00,152.88,153.01,152.85,152.9789,145044
2023-03-15 15:01:00,152.99,153.22,152.96,153.19,182755
2023-03-15 15:02:00,153.21,153.245,153.03,153.04,179919
2023-03-15 15:03:00,153.04,153.04,152.79,152.84,126607
2023-03-15 15:04:00,152.83,152.91,152.74,152.82,113768
2023-03-15 15:05:00,152.83,152.85,152.58,152.68,115191
2023-03-15 15:06:00,152.68,152.79,152.59,152.75,97924
2023-03-15 15:07:00,152.76,153.02,152.72,152.88,125597
2023-03-15 15:08:00,152.88,152.9,152.67,152.69,75899
2023-03-15 15:09:00,152.66,152.68,152.32,152.38,164982
2023-03-15 15:10:00,152.37,152.53,152.24,152.37,179016
2023-03-15 15:11:00,152.36,152.54,152.36,152.49,68702
2023-03-15 15:12:00,152.48,152.77,152.46,152.5242,179489
2023-03-15 15:13:00,152.54,152.6,152.38,152.53,126084
2023-03-15 15:14:00,152.53,152.6,152.39,152.5099,92002
2023-03-15 15:15:00,152.51,152.67,152.51,152.595,107513
2023-03-15 15:16:00,152.62,152.645,152.47,152.58,91879
2023-03-15 15:17:00,152.58,152.75,152.53,152.64,114364
2023-03-15 15:18:00,152.64,152.72,152.51,152.53,135944
2023-03-15 15:19:00,152.52,152.64,152.44,152.49,91938
2023-03-15 15:20:00,152.49,152.61,152.31,152.56,169118
2023-03-15 15:21:00,152.54,152.78,152.46,152.58,189160
2023-03-15 15:22:00,152.58,152.76,152.54,152.71,97879
2023-03-15 15:23:00,152.71,152.78,152.64,152.65,100943
2023-03-15 15:24:00,152.65,152.7445,152.56,152.57,85414
2023-03-15 15:25:00,152.56,152.67,152.45,152.53,147588
2023-03-15 15:26:00,152.52,152.64,152.38,152.61,135615
2023-03-15 15:27:00,152.61,152.8,152.57,152.7,173857
2023-03-15 15:28:00,152.71,152.8,152.5,152.67,145571
2023-03-15 15:29:00,152.68,152.71,152.57,152.66,62310
2023-03-15 15:30:00,152.65,152.82,152.53,152.64,158234
2023-03-15 15:31:00,152.62,152.76,152.58,152.63,132914
2023-03-15 15:32:00,152.6201,152.73,152.56,152.69,143444
2023-03-15 15:33:00,152.69,152.75,152.66,152.69,107017
2023-03-15 15:34:00,152.67,152.75,152.58,152.67,165256
2023-03-15 15:35:00,152.66,152.7,152.47,152.55,93964
2023-03-15 15:36:00,152.58,152.64,152.48,152.54,71847
2023-03-15 15:37:00,152.54,152.5783,152.42,152.46,105139
2023-03-15 15:38:00,152.45,152.45,152.2729,152.32,179680
2023-03-15 15:39:00,152.32,152.41,152.15,152.29,154408
2023-03-15 15:40:00,152.2818,152.35,152.15,152.23,115823
2023-03-15 15:41:00,152.225,152.24,151.91,151.94,218973
2023-03-15 15:42:00,151.94,152.01,151.785,151.985,203178
2023-03-15 15:43:00,151.99,152.24,151.99,152.1703,161106
2023-03-15 15:44:00,152.17,152.34,152.13,152.24,129132
2023-03-15 15:45:00,152.23,152.31,152.075,152.27,151162
2023-03-15 15:46:00,152.279,152.34,152.13,152.15,117208
2023-03-15 15:47:00,152.155,152.34,152.15,152.28,145745
2023-03-15 15:48:00,152.28,152.295,151.98,152.02,187649
2023-03-15 15:49:00,152.02,152.16,151.91,152.14,159252
2023-03-15 15:50:00,152.13,152.13,151.71,151.85,393023
2023-03-15 15:51:00,151.85,151.9,151.76,151.785,203803
2023-03-15 15:52:00,151.77,151.95,151.76,151.82,175992
2023-03-15 15:53:00,151.815,151.87,151.62,151.67,172549
2023-03-15 15:54:00,151.66,151.93,151.66,151.835,322013
2023-03-15 15:55:00,151.82,152.18,151.82,152.14,434008
2023-03-15 15:56:00,152.16,152.36,152.115,152.3,263594
2023-03-15 15:57:00,152.31,152.52,152.25,152.445,332338
2023-03-15 15:58:00,152.444,152.61,152.42,152.5778,413112
2023-03-15 15:59:00,152.57,153.01,152.47,152.99,1514938
