ticker,regime,date,log_return
AAPL,crisis,2007-01-04,0.021952103438182886
AAPL,crisis,2007-01-05,-0.007146746737831695
AAPL,crisis,2007-01-08,0.0049261183360557815
AAPL,crisis,2007-01-09,0.0797992457956662
AAPL,crisis,2007-01-10,0.04674753264242685
AAPL,crisis,2007-01-11,-0.01244911310275755
AAPL,crisis,2007-01-12,-0.012392964080246253
AAPL,crisis,2007-01-16,0.02587206075681786
AAPL,crisis,2007-01-17,-0.022392183205982463
AAPL,crisis,2007-01-18,-0.06392788762516324
AAPL,crisis,2007-01-19,-0.006420932277926866
AAPL,crisis,2007-01-22,-0.01950974233634974
AAPL,crisis,2007-01-23,-0.012638721489573127
AAPL,crisis,2007-01-24,0.011601289939952856
AAPL,crisis,2007-01-25,-0.0052040126601347715
AAPL,crisis,2007-01-26,-0.01013803450608627
AAPL,crisis,2007-01-29,0.00653749640647567
AAPL,crisis,2007-01-30,-0.0045485178531273415
AAPL,crisis,2007-01-31,0.0021019624249671324
AAPL,crisis,2007-02-01,-0.011615029198853072
AAPL,crisis,2007-02-02,0.00011795384780292482
AAPL,crisis,2007-02-05,-0.009602629689133928
AAPL,crisis,2007-02-06,0.002497662135947283
AAPL,crisis,2007-02-07,0.023489182732574023
AAPL,crisis,2007-02-08,0.0003480299379869066
AAPL,crisis,2007-02-09,-0.03434926516051942
AAPL,crisis,2007-02-12,0.019149815069087864
AAPL,crisis,2007-02-13,-0.0021230340237693847
AAPL,crisis,2007-02-14,0.007058993519567921
AAPL,crisis,2007-02-15,-0.0010558912234106485
AAPL,crisis,2007-02-16,-0.004469402981393927
AAPL,crisis,2007-02-20,0.012534481451662444
AAPL,crisis,2007-02-21,0.0376959118691444
AAPL,crisis,2007-02-22,0.0034719972207016823
AAPL,crisis,2007-02-23,-0.004929563155592592
AAPL,crisis,2007-02-26,-0.0063070403043405205
AAPL,crisis,2007-02-27,-0.05313196995961129
AAPL,crisis,2007-02-28,0.0080694393931403
AAPL,crisis,2007-03-01,0.028546356995077037
AAPL,crisis,2007-03-02,-0.01913577135782228
AAPL,crisis,2007-03-05,0.01059813148554402
AAPL,crisis,2007-03-06,0.021431396156674946
AAPL,crisis,2007-03-07,-0.005341835225374499
AAPL,crisis,2007-03-08,0.0031868880267268353
AAPL,crisis,2007-03-09,-0.0003405122036515213
AAPL,crisis,2007-03-12,0.021366080130138073
AAPL,crisis,2007-03-13,-0.016492226829376316
AAPL,crisis,2007-03-14,0.017939938996896884
AAPL,crisis,2007-03-15,-0.00479011459760998
AAPL,crisis,2007-03-16,0.0002219245871855963
AAPL,crisis,2007-03-19,0.017043366988581395
AAPL,crisis,2007-03-20,0.003833314005242306
AAPL,crisis,2007-03-21,0.025791351702791784
AAPL,crisis,2007-03-22,0.0009570363017878947
AAPL,crisis,2007-03-23,-0.004692565486875482
AAPL,crisis,2007-03-26,0.02460790037087532
AAPL,crisis,2007-03-27,-0.004074648886703438
AAPL,crisis,2007-03-28,-0.02353175448042852
AAPL,crisis,2007-03-29,0.005453570682144635
AAPL,crisis,2007-03-30,-0.009000393769803428
AAPL,crisis,2007-04-02,0.007933583565307645
AAPL,crisis,2007-04-03,0.00903625985449181
AAPL,crisis,2007-04-04,-0.002435556153019053
AAPL,crisis,2007-04-05,0.004338928774723422
AAPL,crisis,2007-04-09,-0.010939632476196386
AAPL,crisis,2007-04-10,0.006386827279641995
AAPL,crisis,2007-04-11,-0.01776796142944226
AAPL,crisis,2007-04-12,-0.004330775684901931
AAPL,crisis,2007-04-13,-0.021377990536324547
AAPL,crisis,2007-04-16,0.013100852888102144
AAPL,crisis,2007-04-17,-0.011882181956690585
AAPL,crisis,2007-04-18,0.0005514797145666522
AAPL,crisis,2007-04-19,-0.0014382024950922005
AAPL,crisis,2007-04-20,0.007724599114206584
AAPL,crisis,2007-04-23,0.02753730538424487
AAPL,crisis,2007-04-24,-0.002890712755959671
AAPL,crisis,2007-04-25,0.022378356892677986
AAPL,crisis,2007-04-26,0.03594721006017482
AAPL,crisis,2007-04-27,0.010867084376576559
AAPL,crisis,2007-04-30,-0.0012000797754807468
AAPL,crisis,2007-05-01,-0.003313294557182465
AAPL,crisis,2007-05-02,0.009207306430915819
AAPL,crisis,2007-05-03,9.761444255274557e-05
AAPL,crisis,2007-05-04,0.004077338599810411
AAPL,crisis,2007-05-07,0.030383406636138824
AAPL,crisis,2007-05-08,0.010909096782148658
AAPL,crisis,2007-05-09,0.017175107229172475
AAPL,crisis,2007-05-10,0.004295032815890121
AAPL,crisis,2007-05-11,0.012958349766838073
AAPL,crisis,2007-05-14,0.005684751253959269
AAPL,crisis,2007-05-15,-0.016967218346909667
AAPL,crisis,2007-05-16,-0.0016758826738876543
AAPL,crisis,2007-05-17,0.019375094276145914
AAPL,crisis,2007-05-18,0.0052871697803994365
AAPL,crisis,2007-05-21,0.017658097382608005
AAPL,crisis,2007-05-22,0.013833842202474972
AAPL,crisis,2007-05-23,-0.005741233603682664
AAPL,crisis,2007-05-24,-0.019681546850724665
AAPL,crisis,2007-05-25,0.02612709463573808
AAPL,crisis,2007-05-29,0.006404513485844775
AAPL,crisis,2007-05-30,0.03792583473203368
AAPL,crisis,2007-05-31,0.020168711657408852
AAPL,crisis,2007-06-01,-0.023290187187187388
AAPL,crisis,2007-06-04,0.024444732413121638
AAPL,crisis,2007-06-05,0.010984379941379517
AAPL,crisis,2007-06-06,0.007875649737243254
AAPL,crisis,2007-06-07,0.0034724533523271253
AAPL,crisis,2007-06-08,0.003379470026611885
AAPL,crisis,2007-06-11,-0.03515124611799667
AAPL,crisis,2007-06-12,0.0015805789977597238
AAPL,crisis,2007-06-13,-0.024215728952769695
AAPL,crisis,2007-06-14,0.010581432062900856
AAPL,crisis,2007-06-15,0.014629314907858487
AAPL,crisis,2007-06-18,0.037384057246202904
AAPL,crisis,2007-06-19,-0.011497290628707248
AAPL,crisis,2007-06-20,-0.017210815918546524
AAPL,crisis,2007-06-21,0.01914941695570038
AAPL,crisis,2007-06-22,-0.007289782856386764
AAPL,crisis,2007-06-25,-0.005379971091795251
AAPL,crisis,2007-06-26,-0.02223522325823395
AAPL,crisis,2007-06-27,0.018548202744363394
AAPL,crisis,2007-06-28,-0.010971455210309532
AAPL,crisis,2007-06-29,0.012201973124290808
AAPL,crisis,2007-07-02,-0.006412521053034947
AAPL,crisis,2007-07-03,0.04758970661699777
AAPL,crisis,2007-07-05,0.042941641152747116
AAPL,crisis,2007-07-06,-0.0033952876828254124
AAPL,crisis,2007-07-09,-0.01500298940491055
AAPL,crisis,2007-07-10,0.01538175364351522
AAPL,crisis,2007-07-11,0.0003003701767689771
AAPL,crisis,2007-07-12,0.012609951021963594
AAPL,crisis,2007-07-13,0.026934380794242756
AAPL,crisis,2007-07-16,0.0026819437722194217
AAPL,crisis,2007-07-17,0.005848472328316491
AAPL,crisis,2007-07-18,-0.005702501724914912
AAPL,crisis,2007-07-19,0.013518970881193469
AAPL,crisis,2007-07-20,0.02643353532898635
AAPL,crisis,2007-07-23,-0.0003487215688457841
AAPL,crisis,2007-07-24,-0.0632676048878567
AAPL,crisis,2007-07-25,0.01741672316323588
AAPL,crisis,2007-07-26,0.061731088980982715
AAPL,crisis,2007-07-27,-0.014836353628249923
AAPL,crisis,2007-07-30,-0.016966279812779806
AAPL,crisis,2007-07-31,-0.0708236350626194
AAPL,crisis,2007-08-01,0.024293899612524292
AAPL,crisis,2007-08-02,0.010975691009724942
AAPL,crisis,2007-08-03,-0.03458554957010984
AAPL,crisis,2007-08-06,0.02546029304934636
AAPL,crisis,2007-08-07,-0.001628533250692263
AAPL,crisis,2007-08-08,-0.0075828504260462394
AAPL,crisis,2007-08-09,-0.05854144440718558
AAPL,crisis,2007-08-10,-0.01105798383787867
AAPL,crisis,2007-08-13,0.022073907332260514
AAPL,crisis,2007-08-14,-0.029865777812311225
AAPL,crisis,2007-08-15,-0.03386543201122911
AAPL,crisis,2007-08-16,-0.024055517405271006
AAPL,crisis,2007-08-17,0.04191183283363035
AAPL,crisis,2007-08-20,0.0013089892278497631
AAPL,crisis,2007-08-21,0.04284222053003672
AAPL,crisis,2007-08-22,0.03799319427973852
AAPL,crisis,2007-08-23,-0.010926887825575078
AAPL,crisis,2007-08-24,0.03176271744695769
AAPL,crisis,2007-08-27,-0.022800780532331127
AAPL,crisis,2007-08-28,-0.04192345887116531
AAPL,crisis,2007-08-29,0.05566663390994177
AAPL,crisis,2007-08-30,0.016054801560955866
AAPL,crisis,2007-08-31,0.01623390435112322
AAPL,crisis,2007-09-04,0.040198472074059056
AAPL,crisis,2007-09-05,-0.052695074170248775
AAPL,crisis,2007-09-06,-0.012878703628452354
AAPL,crisis,2007-09-07,-0.024292063593927028
AAPL,crisis,2007-09-10,0.036804218946018
AAPL,crisis,2007-09-11,-0.00896376186086479
AAPL,crisis,2007-09-12,0.009987303403652118
AAPL,crisis,2007-09-13,0.0025542798050967007
AAPL,crisis,2007-09-14,0.01166637629523293
AAPL,crisis,2007-09-17,-0.0028866636681625832
AAPL,crisis,2007-09-18,0.017972897169281944
AAPL,crisis,2007-09-19,-0.0010649722482633222
AAPL,crisis,2007-09-20,-0.0032731779588821416
AAPL,crisis,2007-09-21,0.02699941673689177
AAPL,crisis,2007-09-24,0.028247977384579383
AAPL,crisis,2007-09-25,0.032511348086590036
AAPL,crisis,2007-09-26,-0.0026796565429670796
AAPL,crisis,2007-09-27,0.01126135359093294
AAPL,crisis,2007-09-28,-0.006689766587307297
AAPL,crisis,2007-10-01,0.018528019389811332
AAPL,crisis,2007-10-02,0.013406471642941606
AAPL,crisis,2007-10-03,-0.003350762897292867
AAPL,crisis,2007-10-04,-0.010695289116747919
AAPL,crisis,2007-10-05,0.0328019628811071
AAPL,crisis,2007-10-08,0.039233586790164275
AAPL,crisis,2007-10-09,-0.00029853758501348295
AAPL,crisis,2007-10-10,-0.006394043098264588
AAPL,crisis,2007-10-11,-0.027720927570618954
AAPL,crisis,2007-10-12,0.03047365353349324
AAPL,crisis,2007-10-15,-0.0016151763031122114
AAPL,crisis,2007-10-16,0.015451057422737084
AAPL,crisis,2007-10-17,0.018520136911795045
AAPL,crisis,2007-10-18,0.004332830383726617
AAPL,crisis,2007-10-19,-0.01791178112035977
AAPL,crisis,2007-10-22,0.022855619735178124
AAPL,crisis,2007-10-23,0.06548463557582715
AAPL,crisis,2007-10-24,-0.001235615063748216
AAPL,crisis,2007-10-25,-0.017087007532726992
AAPL,crisis,2007-10-26,0.010449422243969232
AAPL,crisis,2007-10-29,0.0021095217181167697
AAPL,crisis,2007-10-30,0.010265777460126331
AAPL,crisis,2007-10-31,0.015652687264524
AAPL,crisis,2007-11-01,-0.01330165581114367
AAPL,crisis,2007-11-02,0.0022903740485469347
AAPL,crisis,2007-11-05,-0.009035216227067306
AAPL,crisis,2007-11-06,0.02968601409808285
AAPL,crisis,2007-11-07,-0.029042543423704603
AAPL,crisis,2007-11-08,-0.05988929089966244
AAPL,crisis,2007-11-09,-0.05928362622016127
AAPL,crisis,2007-11-12,-0.07279194041260482
AAPL,crisis,2007-11-13,0.10016990987898068
AAPL,crisis,2007-11-14,-0.022912895743625317
AAPL,crisis,2007-11-15,-0.010955707545700237
AAPL,crisis,2007-11-16,0.012639918470130521
AAPL,crisis,2007-11-19,-0.014772439183233257
AAPL,crisis,2007-11-20,0.029448731897728436
AAPL,crisis,2007-11-21,-0.002312319021168815
AAPL,crisis,2007-11-23,0.018118304623271214
AAPL,crisis,2007-11-26,0.005811921243711432
AAPL,crisis,2007-11-27,0.013070353375547437
AAPL,crisis,2007-11-28,0.030479565394543176
AAPL,crisis,2007-11-29,0.022332706233566122
AAPL,crisis,2007-11-30,-0.011296067676021123
AAPL,crisis,2007-12-03,-0.01861136312022517
AAPL,crisis,2007-12-04,0.005297581019302541
AAPL,crisis,2007-12-05,0.031153476833052238
AAPL,crisis,2007-12-06,0.023706208167854622
AAPL,crisis,2007-12-07,0.022642883769506114
AAPL,crisis,2007-12-10,-0.0004641321101295878
AAPL,crisis,2007-12-11,-0.029629868063310718
AAPL,crisis,2007-12-12,0.012230410755376583
AAPL,crisis,2007-12-13,0.005068970063479407
AAPL,crisis,2007-12-14,-0.007535174850905316
AAPL,crisis,2007-12-17,-0.03196751941629819
AAPL,crisis,2007-12-18,-0.007729803111673398
AAPL,crisis,2007-12-19,0.0007648183929220497
AAPL,crisis,2007-12-20,0.02208909211204282
AAPL,crisis,2007-12-21,0.035163778700616426
AAPL,crisis,2007-12-24,0.02490474776550307
AAPL,crisis,2007-12-26,0.0007546447614664589
AAPL,crisis,2007-12-27,-0.001912215896940115
AAPL,crisis,2007-12-28,0.00632588251645147
AAPL,crisis,2007-12-31,-0.008796575719498758
AAPL,crisis,2008-01-02,-0.0164925262422854
AAPL,crisis,2008-01-03,0.0004626317217989674
AAPL,crisis,2008-01-04,-0.07940610094765858
AAPL,crisis,2008-01-07,-0.013475328468603425
AAPL,crisis,2008-01-08,-0.03663546238153914
AAPL,crisis,2008-01-09,0.04649326012805064
AAPL,crisis,2008-01-10,-0.0077211507753220075
AAPL,crisis,2008-01-11,-0.03039827332181496
AAPL,crisis,2008-01-14,0.0346579200631279
AAPL,crisis,2008-01-15,-0.056020602688867126
AAPL,crisis,2008-01-16,-0.05721386622656911
AAPL,crisis,2008-01-17,0.007799122301574624
AAPL,crisis,2008-01-18,0.0029177363858088976
AAPL,crisis,2008-01-22,-0.03609299831867528
AAPL,crisis,2008-01-23,-0.11256712474802028
AAPL,crisis,2008-01-24,-0.02526830088833574
AAPL,crisis,2008-01-25,-0.042099517908893866
AAPL,crisis,2008-01-28,0.0
AAPL,crisis,2008-01-29,0.01170114848531264
AAPL,crisis,2008-01-30,0.004852126135925633
AAPL,crisis,2008-01-31,0.02377506019337591
AAPL,crisis,2008-02-01,-0.01196549941036778
AAPL,crisis,2008-02-04,-0.015825485522286433
AAPL,crisis,2008-02-05,-0.017548582180837314
AAPL,crisis,2008-02-06,-0.05857882627351475
AAPL,crisis,2008-02-07,-0.0062483368057343275
AAPL,crisis,2008-02-08,0.03437464990872453
AAPL,crisis,2008-02-11,0.03114707709994879
AAPL,crisis,2008-02-12,-0.03609970848873392
AAPL,crisis,2008-02-13,0.03571462047622134
AAPL,crisis,2008-02-14,-0.015106728947701833
AAPL,crisis,2008-02-15,-0.02245293534983966
AAPL,crisis,2008-02-19,-0.019853987052478782
AAPL,crisis,2008-02-20,0.013333212155958018
AAPL,crisis,2008-02-21,-0.01858581261425367
AAPL,crisis,2008-02-22,-0.017260517233229706
AAPL,crisis,2008-02-25,0.0023411374100563397
AAPL,crisis,2008-02-26,-0.004939184587171834
AAPL,crisis,2008-02-27,0.03147554957222872
AAPL,crisis,2008-02-28,0.05498186265717472
AAPL,crisis,2008-02-29,-0.038367562692839544
AAPL,crisis,2008-03-03,-0.026668247082161294
AAPL,crisis,2008-03-04,0.023462666766808346
AAPL,crisis,2008-03-05,-0.001043074105619054
AAPL,crisis,2008-03-06,-0.029012873515697982
AAPL,crisis,2008-03-07,0.010855604589567502
AAPL,crisis,2008-03-10,-0.021163402664857577
AAPL,crisis,2008-03-11,0.06203386064827463
AAPL,crisis,2008-03-12,-0.010418602675380409
AAPL,crisis,2008-03-13,0.015042685496610449
AAPL,crisis,2008-03-14,-0.010449898637064657
AAPL,crisis,2008-03-17,0.0009460801381189076
AAPL,crisis,2008-03-18,0.04693600349079322
AAPL,crisis,2008-03-19,-0.024002073867673526
AAPL,crisis,2008-03-20,0.027384092220935262
AAPL,crisis,2008-03-24,0.045902226567324345
AAPL,crisis,2008-03-25,0.010339264472085108
AAPL,crisis,2008-03-26,0.028528586345295502
AAPL,crisis,2008-03-27,-0.033720032655421964
AAPL,crisis,2008-03-28,0.019487967849240753
AAPL,crisis,2008-03-31,0.0034204773148317573
AAPL,crisis,2008-04-01,0.04116254140563061
AAPL,crisis,2008-04-02,-0.013737199733895302
AAPL,crisis,2008-04-03,0.027550529552261442
AAPL,crisis,2008-04-04,0.009649231531131872
AAPL,crisis,2008-04-07,0.018190492369785455
AAPL,crisis,2008-04-08,-0.019759269457518377
AAPL,crisis,2008-04-09,-0.00920211809704756
AAPL,crisis,2008-04-10,0.02032790817613344
AAPL,crisis,2008-04-11,-0.04913263644203859
AAPL,crisis,2008-04-14,0.004340708201479718
AAPL,crisis,2008-04-15,0.00405213678978549
AAPL,crisis,2008-04-16,0.035226071790566325
AAPL,crisis,2008-04-17,0.005125938038008326
AAPL,crisis,2008-04-18,0.04152366039304114
AAPL,crisis,2008-04-21,0.043262813187091395
AAPL,crisis,2008-04-22,-0.04849255858197311
AAPL,crisis,2008-04-23,0.016651842047395927
AAPL,crisis,2008-04-24,0.03646842489869905
AAPL,crisis,2008-04-25,0.0046654350389090625
AAPL,crisis,2008-04-28,0.01468009898305083
AAPL,crisis,2008-04-29,0.016183247628690226
AAPL,crisis,2008-04-30,-0.006304431320911911
AAPL,crisis,2008-05-01,0.03418872707001224
AAPL,crisis,2008-05-02,0.005208413794019812
AAPL,crisis,2008-05-05,0.02073025710856269
AAPL,crisis,2008-05-06,0.010393694860399375
AAPL,crisis,2008-05-07,-0.022046011352375355
AAPL,crisis,2008-05-08,0.013437762180448284
AAPL,crisis,2008-05-09,-0.008737940328750714
AAPL,crisis,2008-05-12,0.02534985977999454
AAPL,crisis,2008-05-13,0.009521490682398883
AAPL,crisis,2008-05-14,-0.019671037806381998
AAPL,crisis,2008-05-15,0.018458680463830455
AAPL,crisis,2008-05-16,-0.011183796943171067
AAPL,crisis,2008-05-19,-0.021658958650490615
AAPL,crisis,2008-05-20,0.012450497779080152
AAPL,crisis,2008-05-21,-0.04235891901674144
AAPL,crisis,2008-05-22,-0.0064191204357431164
AAPL,crisis,2008-05-23,0.023004757778990956
AAPL,crisis,2008-05-27,0.028618931271900388
AAPL,crisis,2008-05-28,0.0031071154189765806
AAPL,crisis,2008-05-29,-0.0017128180036747164
AAPL,crisis,2008-05-30,0.010973688959345545
AAPL,crisis,2008-06-02,-0.014138797622194556
AAPL,crisis,2008-06-03,-0.0039301192761885635
AAPL,crisis,2008-06-04,-0.0009717182419235111
AAPL,crisis,2008-06-05,0.02263744439141371
AAPL,crisis,2008-06-06,-0.0202106710867136
AAPL,crisis,2008-06-09,-0.02194800389478086
AAPL,crisis,2008-06-10,0.02194800389478089
AAPL,crisis,2008-06-11,-0.026362558209912654
AAPL,crisis,2008-06-12,-0.04265293796736437
AAPL,crisis,2008-06-13,-0.005150721088367957
AAPL,crisis,2008-06-16,0.025601593270975366
AAPL,crisis,2008-06-17,0.025624773062259226
AAPL,crisis,2008-06-18,-0.014881058090248851
AAPL,crisis,2008-06-19,0.011955323700796591
AAPL,crisis,2008-06-20,-0.03161654340476936
AAPL,crisis,2008-06-23,-0.012110470072110318
AAPL,crisis,2008-06-24,0.0005189224957798976
AAPL,crisis,2008-06-25,0.023615511414441976
AAPL,crisis,2008-06-26,-0.052840716457235155
AAPL,crisis,2008-06-27,0.010817299215742187
AAPL,crisis,2008-06-30,-0.01570265410521726
AAPL,crisis,2008-07-01,0.04233042148943623
AAPL,crisis,2008-07-02,-0.03792056057265413
AAPL,crisis,2008-07-03,0.011469084305276114
AAPL,crisis,2008-07-07,0.029195133485240526
AAPL,crisis,2008-07-08,0.024754563827048492
AAPL,crisis,2008-07-09,-0.0299633596974059
AAPL,crisis,2008-07-10,0.013566108806147675
AAPL,crisis,2008-07-11,-0.02319580447726642
AAPL,crisis,2008-07-14,0.007504740817024194
AAPL,crisis,2008-07-15,-0.024686932252237424
AAPL,crisis,2008-07-16,0.01851494560156428
AAPL,crisis,2008-07-17,-0.005804437211388889
AAPL,crisis,2008-07-18,-0.039535557034165475
AAPL,crisis,2008-07-21,0.0068800674190587436
AAPL,crisis,2008-07-22,-0.026013461358007108
AAPL,crisis,2008-07-23,0.025833277991475365
AAPL,crisis,2008-07-24,-0.044460948658932124
AAPL,crisis,2008-07-25,0.019244441142148874
AAPL,crisis,2008-07-28,-0.04878938696766146
AAPL,crisis,2008-07-29,0.01720781491736262
AAPL,crisis,2008-07-30,0.017668304133313897
AAPL,crisis,2008-07-31,-0.005833091532207894
AAPL,crisis,2008-08-01,-0.014512590371822398
AAPL,crisis,2008-08-04,-0.02213779134900758
AAPL,crisis,2008-08-05,0.047225277905187435
AAPL,crisis,2008-08-06,0.021859198948830566
AAPL,crisis,2008-08-07,-0.0037827705430763647
AAPL,crisis,2008-08-08,0.035906078078760034
AAPL,crisis,2008-08-11,0.023375285482487112
AAPL,crisis,2008-08-12,0.01810069274106868
AAPL,crisis,2008-08-13,0.014436334317926293
AAPL,crisis,2008-08-14,0.00011243096048170205
AAPL,crisis,2008-08-15,-0.020166730805111412
AAPL,crisis,2008-08-18,-0.0019935638434451035
AAPL,crisis,2008-08-19,-0.010661798730781538
AAPL,crisis,2008-08-20,0.013223995552898818
AAPL,crisis,2008-08-21,-0.00885437112693278
AAPL,crisis,2008-08-22,0.014242694246668927
AAPL,crisis,2008-08-25,-0.024275764231034905
AAPL,crisis,2008-08-26,0.00629737124902177
AAPL,crisis,2008-08-27,0.00591337163724134
AAPL,crisis,2008-08-28,-0.005337863598501062
AAPL,crisis,2008-08-29,-0.024530002927268996
AAPL,crisis,2008-09-02,-0.019897732388451966
AAPL,crisis,2008-09-03,0.004622548409461266
AAPL,crisis,2008-09-04,-0.03498435385383267
AAPL,crisis,2008-09-05,-0.0064729543336245615
AAPL,crisis,2008-09-08,-0.014208858052886126
AAPL,crisis,2008-09-09,-0.04031606460475923
AAPL,crisis,2008-09-10,-0.00046160465673986475
AAPL,crisis,2008-09-11,0.006837598868926383
AAPL,crisis,2008-09-12,-0.024604159316856108
AAPL,crisis,2008-09-15,-0.0593338237588763
AAPL,crisis,2008-09-16,-0.003426467900240643
AAPL,crisis,2008-09-17,-0.09008217230570918
AAPL,crisis,2008-09-18,0.047809632587696806
AAPL,crisis,2008-09-19,0.049609874108400016
AAPL,crisis,2008-09-22,-0.0725418484837591
AAPL,crisis,2008-09-23,-0.03265309055310762
AAPL,crisis,2008-09-24,0.01463629431919568
AAPL,crisis,2008-09-25,0.02470964447918778
AAPL,crisis,2008-09-26,-0.028368880167232557
AAPL,crisis,2008-09-29,-0.19746888834211337
AAPL,crisis,2008-09-30,0.07677698629514879
AAPL,crisis,2008-10-01,-0.040764145297279626
AAPL,crisis,2008-10-02,-0.0862777746358783
AAPL,crisis,2008-10-03,-0.030736082376520493
AAPL,crisis,2008-10-06,0.01096142671710279
AAPL,crisis,2008-10-07,-0.09596117624997479
AAPL,crisis,2008-10-08,0.007041092571762311
AAPL,crisis,2008-10-09,-0.011762848768651721
AAPL,crisis,2008-10-10,0.0869340696210157
AAPL,crisis,2008-10-13,0.13019577088313808
AAPL,crisis,2008-10-14,-0.05768287315460052
AAPL,crisis,2008-10-15,-0.06070314628950165
AAPL,crisis,2008-10-16,0.039438273291405854
AAPL,crisis,2008-10-17,-0.045068392595563576
AAPL,crisis,2008-10-20,0.010620206534665258
AAPL,crisis,2008-10-21,-0.07321632981400827
AAPL,crisis,2008-10-22,0.05713937089743245
AAPL,crisis,2008-10-23,0.013941398474433547
AAPL,crisis,2008-10-24,-0.019012564899195356
AAPL,crisis,2008-10-27,-0.04553108707323954
AAPL,crisis,2008-10-28,0.08150178557235813
AAPL,crisis,2008-10-29,0.045397228803397534
AAPL,crisis,2008-10-30,0.060223607599637234
AAPL,crisis,2008-10-31,-0.03156170946045004
AAPL,crisis,2008-11-03,-0.005872773812130032
AAPL,crisis,2008-11-04,0.03698553476296367
AAPL,crisis,2008-11-05,-0.07180192976667993
AAPL,crisis,2008-11-06,-0.04150788555667955
AAPL,crisis,2008-11-07,-0.008717595000666203
AAPL,crisis,2008-11-10,-0.024314396102769746
AAPL,crisis,2008-11-11,-0.011646601797101055
AAPL,crisis,2008-11-12,-0.0503103876214507
AAPL,crisis,2008-11-13,0.06778062589786399
AAPL,crisis,2008-11-14,-0.06644862333498996
AAPL,crisis,2008-11-17,-0.023546307213824034
AAPL,crisis,2008-11-18,0.019881358046894254
AAPL,crisis,2008-11-19,-0.04109491587640987
AAPL,crisis,2008-11-20,-0.06958185003797757
AAPL,crisis,2008-11-21,0.025637014400379715
AAPL,crisis,2008-11-24,0.11829187989605786
AAPL,crisis,2008-11-25,-0.02340068682517082
AAPL,crisis,2008-11-26,0.04521756704132125
AAPL,crisis,2008-11-28,-0.024833801385521482
AAPL,crisis,2008-12-01,-0.041194838700451694
AAPL,crisis,2008-12-02,0.0390351739700709
AAPL,crisis,2008-12-03,0.03642171429984523
AAPL,crisis,2008-12-04,-0.04795197540181863
AAPL,crisis,2008-12-05,0.027939924718238043
AAPL,crisis,2008-12-08,0.05907272857260953
AAPL,crisis,2008-12-09,0.0034029465214136163
AAPL,crisis,2008-12-10,-0.018661563130152412
AAPL,crisis,2008-12-11,-0.033230309464233304
AAPL,crisis,2008-12-12,0.03384024458490755
AAPL,crisis,2008-12-15,-0.03647571216432211
AAPL,crisis,2008-12-16,0.007149470836131215
AAPL,crisis,2008-12-17,-0.06795788255038365
AAPL,crisis,2008-12-18,0.003022789223407281
AAPL,crisis,2008-12-19,0.0063543600275198855
AAPL,crisis,2008-12-22,-0.04849149584020877
AAPL,crisis,2008-12-23,0.007436659710054179
AAPL,crisis,2008-12-24,-0.01563438646217502
AAPL,crisis,2008-12-26,0.00901381536326216
AAPL,crisis,2008-12-29,0.009279593541220287
AAPL,crisis,2008-12-30,-0.0037013807440235014
AAPL,crisis,2008-12-31,-0.010953453722086549
AAPL,crisis,2009-01-02,0.061347676864760975
AAPL,crisis,2009-01-05,0.04133885068664628
AAPL,crisis,2009-01-06,-0.016633219294679414
AAPL,crisis,2009-01-07,-0.021843394152319076
AAPL,crisis,2009-01-08,0.01839690845942859
AAPL,crisis,2009-01-09,-0.023133739944521944
AAPL,crisis,2009-01-12,-0.021424157649520575
AAPL,crisis,2009-01-13,-0.01077336251525696
AAPL,crisis,2009-01-14,-0.027509825414796796
AAPL,crisis,2009-01-15,-0.02311666063360187
AAPL,crisis,2009-01-16,-0.012672898905769881
AAPL,crisis,2009-01-20,-0.05146586244047667
AAPL,crisis,2009-01-21,0.05751819529002549
AAPL,crisis,2009-01-22,0.06462915461174434
AAPL,crisis,2009-01-23,0.0
AAPL,crisis,2009-01-26,0.014384074691573866
AAPL,crisis,2009-01-27,0.012086849756182074
AAPL,crisis,2009-01-28,0.03753251054868561
AAPL,crisis,2009-01-29,-0.012821532206166051
AAPL,crisis,2009-01-30,-0.03134640688907529
AAPL,crisis,2009-02-02,0.015193428222717081
AAPL,crisis,2009-02-03,0.015936181067144794
AAPL,crisis,2009-02-04,0.0061124994796956855
AAPL,crisis,2009-02-05,0.03063278949965342
AAPL,crisis,2009-02-06,0.03323824513759573
AAPL,crisis,2009-02-09,0.027593304810978863
AAPL,crisis,2009-02-10,-0.04672827724761255
AAPL,crisis,2009-02-11,-0.010377276555018064
AAPL,crisis,2009-02-12,0.02498980569748144
AAPL,crisis,2009-02-13,-0.0011091059288798183
AAPL,crisis,2009-02-17,-0.047818289264259344
AAPL,crisis,2009-02-18,-0.0016927475311979846
AAPL,crisis,2009-02-19,-0.04032933965308584
AAPL,crisis,2009-02-20,0.00615928578009019
AAPL,crisis,2009-02-23,-0.04771985901804459
AAPL,crisis,2009-02-24,0.03724810670334311
AAPL,crisis,2009-02-25,0.010032620437572401
AAPL,crisis,2009-02-26,-0.021845065370532997
AAPL,crisis,2009-02-27,0.0013427452997825653
AAPL,crisis,2009-03-02,-0.01545916875405623
AAPL,crisis,2009-03-03,0.004878693702528254
AAPL,crisis,2009-03-04,0.031193363968389905
AAPL,crisis,2009-03-05,-0.025887557334807555
AAPL,crisis,2009-03-06,-0.04066330434351711
AAPL,crisis,2009-03-09,-0.02601100748325439
AAPL,crisis,2009-03-10,0.06430771568448378
AAPL,crisis,2009-03-11,0.044681396185369496
AAPL,crisis,2009-03-12,0.038834280143025965
AAPL,crisis,2009-03-13,-0.004368637848139991
AAPL,crisis,2009-03-16,-0.005329303372793456
AAPL,crisis,2009-03-17,0.04347655846018494
AAPL,crisis,2009-03-18,0.018489044425883925
AAPL,crisis,2009-03-19,0.0009869056624594126
AAPL,crisis,2009-03-20,-0.00029762315066404093
AAPL,crisis,2009-03-23,0.058034189248679174
AAPL,crisis,2009-03-24,-0.010833503570256465
AAPL,crisis,2009-03-25,-9.465240226980193e-05
AAPL,crisis,2009-03-26,0.031248255619062502
AAPL,crisis,2009-03-27,-0.02787260537083563
AAPL,crisis,2009-03-30,-0.022333085927894757
AAPL,crisis,2009-03-31,0.006011174807543092
AAPL,crisis,2009-04-01,0.033397201343736756
AAPL,crisis,2009-04-02,0.03631721513278066
AAPL,crisis,2009-04-03,0.028685867729107174
AAPL,crisis,2009-04-06,0.020987625501241617
AAPL,crisis,2009-04-07,-0.029560173284192248
AAPL,crisis,2009-04-08,0.011414612710706614
AAPL,crisis,2009-04-09,0.027556597573870505
AAPL,crisis,2009-04-13,0.005420421892208687
AAPL,crisis,2009-04-14,-0.016014090432606015
AAPL,crisis,2009-04-15,-0.005679520748876272
AAPL,crisis,2009-04-16,0.031873201742043895
AAPL,crisis,2009-04-17,0.016091165637690738
AAPL,crisis,2009-04-20,-0.023944400105425367
AAPL,crisis,2009-04-21,0.010402144617762907
AAPL,crisis,2009-04-22,-0.0020556600599324136
AAPL,crisis,2009-04-23,0.03151240368122571
AAPL,crisis,2009-04-24,-0.0120335205844065
AAPL,crisis,2009-04-27,0.006675971116922867
AAPL,crisis,2009-04-28,-0.006675971116922939
AAPL,crisis,2009-04-29,0.009959280860663744
AAPL,crisis,2009-04-30,0.005498037997281045
AAPL,crisis,2009-05-01,0.011143902487111404
AAPL,crisis,2009-05-04,0.037256983684218224
AAPL,crisis,2009-05-05,0.004832699966430029
AAPL,crisis,2009-05-06,-0.001583651978291322
AAPL,crisis,2009-05-07,-0.02630369934515544
AAPL,crisis,2009-05-08,0.0010061562862953492
AAPL,crisis,2009-05-11,0.002936777047069843
AAPL,crisis,2009-05-12,-0.040558658045619
AAPL,crisis,2009-05-13,-0.04042993173343792
AAPL,crisis,2009-05-14,0.028544757464983844
AAPL,crisis,2009-05-15,-0.004320341391928368
AAPL,crisis,2009-05-18,0.03396932701942608
AAPL,crisis,2009-05-19,0.006298643413241291
AAPL,crisis,2009-05-20,-0.012474808487785446
AAPL,crisis,2009-05-21,-0.013518137942853238
AAPL,crisis,2009-05-22,-0.013621095951964963
AAPL,crisis,2009-05-26,0.06540457457643316
AAPL,crisis,2009-05-27,0.017210294778649472
AAPL,crisis,2009-05-28,0.015067559375505475
AAPL,crisis,2009-05-29,0.005463980458676958
AAPL,crisis,2009-06-01,0.02573217589455177
AAPL,crisis,2009-06-02,0.0010041593118979518
AAPL,crisis,2009-06-03,0.010411528316194865
AAPL,crisis,2009-06-04,0.019600531063338516
AAPL,crisis,2009-06-05,0.006450282355100518
AAPL,crisis,2009-06-08,-0.005685026117573128
AAPL,crisis,2009-06-09,-0.007886393138952253
AAPL,crisis,2009-06-10,-0.017458106823001484
AAPL,crisis,2009-06-11,-0.0021422315235971818
AAPL,crisis,2009-06-12,-0.021521558661403494
AAPL,crisis,2009-06-15,-0.006445780432270918
AAPL,crisis,2009-06-16,0.0019075031477545613
AAPL,crisis,2009-06-17,-0.005663240620971518
AAPL,crisis,2009-06-18,0.0022114501018785696
AAPL,crisis,2009-06-19,0.0261487765398824
AAPL,crisis,2009-06-22,-0.015243784434196944
AAPL,crisis,2009-06-23,-0.024763598605774085
AAPL,crisis,2009-06-24,0.01635710026626766
AAPL,crisis,2009-06-25,0.026370696462548388
AAPL,crisis,2009-06-26,0.018278964215855238
AAPL,crisis,2009-06-29,-0.00330514699106044
AAPL,crisis,2009-06-30,0.0032349676139198386
AAPL,crisis,2009-07-01,0.002804124706852309
AAPL,crisis,2009-07-02,-0.019869653402079107
AAPL,crisis,2009-07-06,-0.010120367035178523
AAPL,crisis,2009-07-07,-0.023432337169173072
AAPL,crisis,2009-07-08,0.013352128539415978
AAPL,crisis,2009-07-09,-0.006286155484570886
AAPL,crisis,2009-07-10,0.01571569473042207
AAPL,crisis,2009-07-13,0.02720433556581239
AAPL,crisis,2009-07-14,-0.0004919012495295502
AAPL,crisis,2009-07-15,0.031888533561975366
AAPL,crisis,2009-07-16,0.004348378780189922
AAPL,crisis,2009-07-17,0.02827041409802985
AAPL,crisis,2009-07-20,0.007615348671637598
AAPL,crisis,2009-07-21,-0.00919788606550701
AAPL,crisis,2009-07-22,0.033937526661242896
AAPL,crisis,2009-07-23,0.006866504522182291
AAPL,crisis,2009-07-24,0.013656166750057243
AAPL,crisis,2009-07-27,0.0006875563940239097
AAPL,crisis,2009-07-28,-0.0006245544566936356
AAPL,crisis,2009-07-29,0.00018723233049597766
AAPL,crisis,2009-07-30,0.017099474771685486
AAPL,crisis,2009-07-31,0.003679198332933197
AAPL,crisis,2009-08-03,0.018434570271230397
AAPL,crisis,2009-08-04,-0.005301776946635576
AAPL,crisis,2009-08-05,-0.0026606187615764013
AAPL,crisis,2009-08-06,-0.0072949044940784375
AAPL,crisis,2009-08-07,0.009713633537579341
AAPL,crisis,2009-08-10,-0.004783825883107084
AAPL,crisis,2009-08-11,-0.0115403453061093
AAPL,crisis,2009-08-12,0.01511553794856088
AAPL,crisis,2009-08-13,0.018638118567321733
AAPL,crisis,2009-08-14,-0.009785041106124633
AAPL,crisis,2009-08-17,-0.04406829336929378
AAPL,crisis,2009-08-18,0.027258414892773794
AAPL,crisis,2009-08-19,0.003652105210372714
AAPL,crisis,2009-08-20,0.010456202544316248
AAPL,crisis,2009-08-21,0.01722532480885831
AAPL,crisis,2009-08-24,-0.0009459147422063712
AAPL,crisis,2009-08-25,0.002009124377411632
AAPL,crisis,2009-08-26,-0.011816649855936267
AAPL,crisis,2009-08-27,0.012111812902608406
AAPL,crisis,2009-08-28,0.003534519143590478
AAPL,crisis,2009-08-31,-0.01087923231280764
AAPL,crisis,2009-09-01,-0.017451469252730754
AAPL,crisis,2009-09-02,-0.000725247980167838
AAPL,crisis,2009-09-03,0.008258329272565762
AAPL,crisis,2009-09-04,0.022325461715668304
AAPL,crisis,2009-09-08,0.015266351179594177
AAPL,crisis,2009-09-09,-0.010405189494085915
AAPL,crisis,2009-09-10,0.00826399815140218
AAPL,crisis,2009-09-11,-0.0023214210562696497
AAPL,crisis,2009-09-14,0.009021453801748479
AAPL,crisis,2009-09-15,0.0082536584119095
AAPL,crisis,2009-09-16,0.0375934291684223
AAPL,crisis,2009-09-17,0.01462762671908865
AAPL,crisis,2009-09-18,0.0025441469962128337
AAPL,crisis,2009-09-21,-0.00542034711000119
AAPL,crisis,2009-09-22,0.0024968270762873762
AAPL,crisis,2009-09-23,0.005514042352436675
AAPL,crisis,2009-09-24,-0.00909786411752635
AAPL,crisis,2009-09-25,-0.007920085504400131
AAPL,crisis,2009-09-28,0.020515223251536503
AAPL,crisis,2009-09-29,-0.004145030548643225
AAPL,crisis,2009-09-30,-0.00016162714767042777
AAPL,crisis,2009-10-01,-0.02452158317204511
AAPL,crisis,2009-10-02,0.022091007251161598
AAPL,crisis,2009-10-05,0.006039057723753189
AAPL,crisis,2009-10-06,0.02122251205552638
AAPL,crisis,2009-10-07,0.0012620844031816713
AAPL,crisis,2009-10-08,-0.005164431868224911
AAPL,crisis,2009-10-09,0.0063205574763292695
AAPL,crisis,2009-10-12,0.0017830474264564475
AAPL,crisis,2009-10-13,-0.00414820899418595
AAPL,crisis,2009-10-14,0.006661688201402968
AAPL,crisis,2009-10-15,-0.003824752600271811
AAPL,crisis,2009-10-16,-0.013258803676932784
AAPL,crisis,2009-10-19,0.009578654201851184
AAPL,crisis,2009-10-20,0.045811679951009036
AAPL,crisis,2009-10-21,0.03052145751305933
AAPL,crisis,2009-10-22,0.0013654544919651354
AAPL,crisis,2009-10-23,-0.0061592815648796
AAPL,crisis,2009-10-26,-0.007184323012717552
AAPL,crisis,2009-10-27,-0.025561113221696373
AAPL,crisis,2009-10-28,-0.025503454433735525
AAPL,crisis,2009-10-29,0.020322034892226132
AAPL,crisis,2009-10-30,-0.040801198539226285
AAPL,crisis,2009-11-02,0.0042880892433585244
AAPL,crisis,2009-11-03,-0.0029624955195692217
AAPL,crisis,2009-11-04,0.010854573068342905
AAPL,crisis,2009-11-05,0.016734624698796254
AAPL,crisis,2009-11-06,0.0015962109608521594
AAPL,crisis,2009-11-09,0.03598226557796198
AAPL,crisis,2009-11-10,0.007517192697212711
AAPL,crisis,2009-11-11,0.0013289020181209343
AAPL,crisis,2009-11-12,-0.006218555974983536
AAPL,crisis,2009-11-13,0.012105644496166289
AAPL,crisis,2009-11-16,0.010605333358922234
AAPL,crisis,2009-11-17,0.0017898126287507576
AAPL,crisis,2009-11-18,-0.005037787198358705
AAPL,crisis,2009-11-19,-0.026817471217070128
AAPL,crisis,2009-11-20,-0.002946634796598499
AAPL,crisis,2009-11-23,0.02937657683365078
AAPL,crisis,2009-11-24,-0.0070191338038607335
AAPL,crisis,2009-11-25,-0.0012237966215435463
AAPL,crisis,2009-11-27,-0.01778770968662171
AAPL,crisis,2009-11-30,-0.003396358160831324
AAPL,crisis,2009-12-01,-0.014815411902226126
AAPL,crisis,2009-12-02,-0.0037640533125198896
AAPL,crisis,2009-12-03,0.0012732654443394676
AAPL,crisis,2009-12-04,-0.0162131976079287
AAPL,crisis,2009-12-07,-0.022865673002506345
AAPL,crisis,2009-12-08,0.004857622078194092
AAPL,crisis,2009-12-09,0.04091704284866199
AAPL,crisis,2009-12-10,-0.0069503462508082835
AAPL,crisis,2009-12-11,-0.00900029608150976
AAPL,crisis,2009-12-14,0.011796383440369564
AAPL,crisis,2009-12-15,-0.014368548745373116
AAPL,crisis,2009-12-16,0.004420151081523331
AAPL,crisis,2009-12-17,-0.016388280658699753
AAPL,crisis,2009-12-18,0.01843632726916207
AAPL,crisis,2009-12-21,0.01422614319253088
AAPL,crisis,2009-12-22,0.010687156686596427
AAPL,crisis,2009-12-23,0.008647870685842449
AAPL,crisis,2009-12-24,0.03376202690624071
AAPL,crisis,2009-12-28,0.012219910687300672
AAPL,crisis,2009-12-29,-0.011931968820104128
AAPL,crisis,2009-12-30,0.01207354000914818
AAPL,crisis,2009-12-31,-0.004309025642973274
AAPL,high_vol,2017-01-03,0.0028451974187745023
AAPL,high_vol,2017-01-04,-0.0011198967599517309
AAPL,high_vol,2017-01-05,0.005072471075775034
AAPL,high_vol,2017-01-06,0.01108658805634055
AAPL,high_vol,2017-01-09,0.009117834378480044
AAPL,high_vol,2017-01-10,0.0010079799257474574
AAPL,high_vol,2017-01-11,0.005358800398215168
AAPL,high_vol,2017-01-12,-0.004184106522573985
AAPL,high_vol,2017-01-13,-0.0017625586836687735
AAPL,high_vol,2017-01-17,0.008032171697264253
AAPL,high_vol,2017-01-18,-8.333680574845967e-05
AAPL,high_vol,2017-01-19,-0.0017516791399811071
AAPL,high_vol,2017-01-20,0.0018350159457296321
AAPL,high_vol,2017-01-23,0.0006664445431604468
AAPL,high_vol,2017-01-24,-0.0009164757983698
AAPL,high_vol,2017-01-25,0.015795242590671537
AAPL,high_vol,2017-01-26,0.0004921663621618352
AAPL,high_vol,2017-01-27,8.200418225925358e-05
AAPL,high_vol,2017-01-30,-0.002627475031584332
AAPL,high_vol,2017-01-31,-0.0023047174577346796
AAPL,high_vol,2017-02-01,0.05919360737123521
AAPL,high_vol,2017-02-02,-0.0017101994218050403
AAPL,high_vol,2017-02-03,0.0042700270617207076
AAPL,high_vol,2017-02-06,0.009330368031079053
AAPL,high_vol,2017-02-07,0.009472227265847158
AAPL,high_vol,2017-02-08,0.0038698930047581146
AAPL,high_vol,2017-02-09,0.002873834011254714
AAPL,high_vol,2017-02-10,-0.002268119249618756
AAPL,high_vol,2017-02-13,0.008816635368845424
AAPL,high_vol,2017-02-14,0.012895709997797765
AAPL,high_vol,2017-02-15,0.003622522720897853
AAPL,high_vol,2017-02-16,-0.0011814222743122683
AAPL,high_vol,2017-02-17,0.0027299238557192667
AAPL,high_vol,2017-02-21,0.00719480381387437
AAPL,high_vol,2017-02-22,0.0029947796386600037
AAPL,high_vol,2017-02-23,-0.004239152671903398
AAPL,high_vol,2017-02-24,0.0009517186559719214
AAPL,high_vol,2017-02-27,0.001973756991510107
AAPL,high_vol,2017-02-28,0.000438084119155958
AAPL,high_vol,2017-03-01,0.020233366019738803
AAPL,high_vol,2017-03-02,-0.005955174550187494
AAPL,high_vol,2017-03-03,0.005883636116133465
AAPL,high_vol,2017-03-06,-0.003152768447010117
AAPL,high_vol,2017-03-07,0.0012909705586968097
AAPL,high_vol,2017-03-08,-0.0037340270299777954
AAPL,high_vol,2017-03-09,-0.0023048123138689836
AAPL,high_vol,2017-03-10,0.003311499678672527
AAPL,high_vol,2017-03-13,0.00043112740482406615
AAPL,high_vol,2017-03-14,-0.0015097598036524751
AAPL,high_vol,2017-03-15,0.010520762634207644
AAPL,high_vol,2017-03-16,0.0016361376582474541
AAPL,high_vol,2017-03-17,-0.0049878969023879095
AAPL,high_vol,2017-03-20,0.010446000121109985
AAPL,high_vol,2017-03-21,-0.011518079700618624
AAPL,high_vol,2017-03-22,0.01123527426886921
AAPL,high_vol,2017-03-23,-0.0035418327030578875
AAPL,high_vol,2017-03-24,-0.0019889195361700784
AAPL,high_vol,2017-03-27,0.0017050302510839691
AAPL,high_vol,2017-03-28,0.020514981098995685
AAPL,high_vol,2017-03-29,0.002222812838296753
AAPL,high_vol,2017-03-30,-0.0013191878506636447
AAPL,high_vol,2017-03-31,-0.001877673627923934
AAPL,high_vol,2017-04-03,0.00027839643832359615
AAPL,high_vol,2017-04-04,0.007418483080973035
AAPL,high_vol,2017-04-05,-0.005194066793919669
AAPL,high_vol,2017-04-06,-0.002502812725377144
AAPL,high_vol,2017-04-07,-0.002229966080882361
AAPL,high_vol,2017-04-10,-0.0011866951935371264
AAPL,high_vol,2017-04-11,-0.010814712145931032
AAPL,high_vol,2017-04-12,0.0011995908717221987
AAPL,high_vol,2017-04-13,-0.005303176650021878
AAPL,high_vol,2017-04-17,0.005514719858511001
AAPL,high_vol,2017-04-18,-0.004451832247374681
AAPL,high_vol,2017-04-19,-0.0036895174533598273
AAPL,high_vol,2017-04-20,0.012433050803795163
AAPL,high_vol,2017-04-21,-0.0011941977465013051
AAPL,high_vol,2017-04-24,0.009583508694806205
AAPL,high_vol,2017-04-25,0.006176929102868711
AAPL,high_vol,2017-04-26,-0.0058984939068610935
AAPL,high_vol,2017-04-27,0.0007652972857600083
AAPL,high_vol,2017-04-28,-0.000974116414350937
AAPL,high_vol,2017-05-01,0.020191569072405522
AAPL,high_vol,2017-05-02,0.006324615594253476
AAPL,high_vol,2017-05-03,-0.003055303323881437
AAPL,high_vol,2017-05-04,-0.0036104811181424407
AAPL,high_vol,2017-05-05,0.01644762787882318
AAPL,high_vol,2017-05-08,0.026825465204965
AAPL,high_vol,2017-05-09,0.006384386506599499
AAPL,high_vol,2017-05-10,-0.004751839698063393
AAPL,high_vol,2017-05-11,0.004492048828251174
AAPL,high_vol,2017-05-12,0.013869004400074986
AAPL,high_vol,2017-05-15,-0.0025657999306316864
AAPL,high_vol,2017-05-16,-0.0014782918783032496
AAPL,high_vol,2017-05-17,-0.03415221354633245
AAPL,high_vol,2017-05-18,0.015126283320775607
AAPL,high_vol,2017-05-19,0.0034031446456825984
AAPL,high_vol,2017-05-22,0.0060576638585464375
AAPL,high_vol,2017-05-23,-0.0012346081687778711
AAPL,high_vol,2017-05-24,-0.002995378940795257
AAPL,high_vol,2017-05-25,0.0034504119385383686
AAPL,high_vol,2017-05-26,-0.001691167308232553
AAPL,high_vol,2017-05-30,0.00039052330618671995
AAPL,high_vol,2017-05-31,-0.005939383709925474
AAPL,high_vol,2017-06-01,0.0027456381241321975
AAPL,high_vol,2017-06-02,0.01471043602331527
AAPL,high_vol,2017-06-05,-0.009826182882779595
AAPL,high_vol,2017-06-06,0.003372465742607377
AAPL,high_vol,2017-06-07,0.005938949739319174
AAPL,high_vol,2017-06-08,-0.0024487703949503327
AAPL,high_vol,2017-06-09,-0.039548529960829276
AAPL,high_vol,2017-06-12,-0.024185961526219508
AAPL,high_vol,2017-06-13,0.008013467080028968
AAPL,high_vol,2017-06-14,-0.009802991957070229
AAPL,high_vol,2017-06-15,-0.006011474479604298
AAPL,high_vol,2017-06-16,-0.01409844720218946
AAPL,high_vol,2017-06-19,0.028206020792808203
AAPL,high_vol,2017-06-20,-0.009129975896080186
AAPL,high_vol,2017-06-21,0.005913108538318189
AAPL,high_vol,2017-06-22,-0.0016466556036329122
AAPL,high_vol,2017-06-23,0.004453434786691448
AAPL,high_vol,2017-06-26,-0.00314960890289622
AAPL,high_vol,2017-06-27,-0.014436444815143772
AAPL,high_vol,2017-06-28,0.014505020162333486
AAPL,high_vol,2017-06-29,-0.014852955171584368
AAPL,high_vol,2017-06-30,0.0023636048181431618
AAPL,high_vol,2017-07-03,-0.003617174172356876
AAPL,high_vol,2017-07-05,0.004103041384739161
AAPL,high_vol,2017-07-06,-0.009483342942737812
AAPL,high_vol,2017-07-07,0.010107729848556159
AAPL,high_vol,2017-07-10,0.006084986445033111
AAPL,high_vol,2017-07-11,0.0032348009899685797
AAPL,high_vol,2017-07-12,0.0014419613169014058
AAPL,high_vol,2017-07-13,0.013832798673406475
AAPL,high_vol,2017-07-14,0.008557715377790362
AAPL,high_vol,2017-07-17,0.0034829238155799683
AAPL,high_vol,2017-07-18,0.0034708351490016173
AAPL,high_vol,2017-07-19,0.006243793117364942
AAPL,high_vol,2017-07-20,-0.00451288262595676
AAPL,high_vol,2017-07-21,-0.0004657197116876426
AAPL,high_vol,2017-07-24,0.012038748546424968
AAPL,high_vol,2017-07-25,0.004264704876177924
AAPL,high_vol,2017-07-26,0.004702817289281112
AAPL,high_vol,2017-07-27,-0.019078270912449683
AAPL,high_vol,2017-07-28,-0.007065283006328416
AAPL,high_vol,2017-07-31,-0.0051638112262346
AAPL,high_vol,2017-08-01,0.008835990281869594
AAPL,high_vol,2017-08-02,0.04616855586129919
AAPL,high_vol,2017-08-03,-0.010041336648645385
AAPL,high_vol,2017-08-04,0.005257096349094167
AAPL,high_vol,2017-08-07,0.01535563167443117
AAPL,high_vol,2017-08-08,0.007965171152922716
AAPL,high_vol,2017-08-09,0.006103276091920859
AAPL,high_vol,2017-08-10,-0.03628946150393237
AAPL,high_vol,2017-08-11,0.01381096121207025
AAPL,high_vol,2017-08-14,0.014937409430313778
AAPL,high_vol,2017-08-15,0.010888270581144492
AAPL,high_vol,2017-08-16,-0.0040303883421779225
AAPL,high_vol,2017-08-17,-0.019385193464560663
AAPL,high_vol,2017-08-18,-0.0022831060145687434
AAPL,high_vol,2017-08-21,-0.001842967062265145
AAPL,high_vol,2017-08-22,0.01621537785047325
AAPL,high_vol,2017-08-23,0.0012509383667799843
AAPL,high_vol,2017-08-24,-0.00444793215698585
AAPL,high_vol,2017-08-25,0.0036975569341831244
AAPL,high_vol,2017-08-28,0.010020934695656616
AAPL,high_vol,2017-08-29,0.008878534184548318
AAPL,high_vol,2017-08-30,0.0026972369690011593
AAPL,high_vol,2017-08-31,0.003971289777119306
AAPL,high_vol,2017-09-01,0.00030485596572212654
AAPL,high_vol,2017-09-05,-0.012081243289547159
AAPL,high_vol,2017-09-06,-0.001049415201712258
AAPL,high_vol,2017-09-07,-0.004022656041785126
AAPL,high_vol,2017-09-08,-0.016443522836512098
AAPL,high_vol,2017-09-11,0.017930696242347288
AAPL,high_vol,2017-09-12,-0.003970721186788175
AAPL,high_vol,2017-09-13,-0.007550502315131924
AAPL,high_vol,2017-09-14,-0.008618302643567523
AAPL,high_vol,2017-09-15,0.0100579173258993
AAPL,high_vol,2017-09-18,-0.007596960097124604
AAPL,high_vol,2017-09-19,0.0003780718381517252
AAPL,high_vol,2017-09-20,-0.01689996977063868
AAPL,high_vol,2017-09-21,-0.017320978053493887
AAPL,high_vol,2017-09-22,-0.009827123110090066
AAPL,high_vol,2017-09-25,-0.008861319722184522
AAPL,high_vol,2017-09-26,0.017057280757234353
AAPL,high_vol,2017-09-27,0.007092459050545608
AAPL,high_vol,2017-09-28,-0.006178680512972482
AAPL,high_vol,2017-09-29,0.00546520553540649
AAPL,high_vol,2017-10-02,-0.00201344529423797
AAPL,high_vol,2017-10-03,0.004346563656540006
AAPL,high_vol,2017-10-04,-0.006494372741507417
AAPL,high_vol,2017-10-05,0.012367820419891035
AAPL,high_vol,2017-10-06,-0.0005793556440012383
AAPL,high_vol,2017-10-09,0.0034711097395836
AAPL,high_vol,2017-10-10,0.00038493616950590253
AAPL,high_vol,2017-10-11,0.00416067170868391
AAPL,high_vol,2017-10-12,-0.0035194405228776925
AAPL,high_vol,2017-10-13,0.006326101802689246
AAPL,high_vol,2017-10-16,0.01824142479089647
AAPL,high_vol,2017-10-17,0.003683475368145587
AAPL,high_vol,2017-10-18,-0.004434320103708715
AAPL,high_vol,2017-10-19,-0.023944895205207848
AAPL,high_vol,2017-10-20,0.0017294947141589226
AAPL,high_vol,2017-10-23,-0.0005121311167564976
AAPL,high_vol,2017-10-24,0.0059373877618210304
AAPL,high_vol,2017-10-25,-0.004401780575425286
AAPL,high_vol,2017-10-26,0.006373101680579941
AAPL,high_vol,2017-10-27,0.03520303586859823
AAPL,high_vol,2017-10-30,0.022258856329673924
AAPL,high_vol,2017-10-31,0.01381961474279905
AAPL,high_vol,2017-11-01,-0.012800460552489778
AAPL,high_vol,2017-11-02,0.007283614289655858
AAPL,high_vol,2017-11-03,0.025778709426447093
AAPL,high_vol,2017-11-06,0.010093813169218906
AAPL,high_vol,2017-11-07,0.003208620182459215
AAPL,high_vol,2017-11-08,0.008147055367318188
AAPL,high_vol,2017-11-09,-0.0020447808778012756
AAPL,high_vol,2017-11-10,-0.006903464872307936
AAPL,high_vol,2017-11-13,-0.004015608883842537
AAPL,high_vol,2017-11-14,-0.01523298402056097
AAPL,high_vol,2017-11-15,-0.013277910837308645
AAPL,high_vol,2017-11-16,0.011876205199558535
AAPL,high_vol,2017-11-17,-0.005567779951233018
AAPL,high_vol,2017-11-20,-0.0009996178764346481
AAPL,high_vol,2017-11-21,0.018419732717147565
AAPL,high_vol,2017-11-22,0.010456860580884804
AAPL,high_vol,2017-11-24,5.715428801592133e-05
AAPL,high_vol,2017-11-27,-0.005042123785901842
AAPL,high_vol,2017-11-28,-0.0058762699337189415
AAPL,high_vol,2017-11-29,-0.02096121117854932
AAPL,high_vol,2017-11-30,0.013887077537484522
AAPL,high_vol,2017-12-01,-0.004666091872229057
AAPL,high_vol,2017-12-04,-0.007334637546366721
AAPL,high_vol,2017-12-05,-0.000942729270857073
AAPL,high_vol,2017-12-06,-0.0037206598362532375
AAPL,high_vol,2017-12-07,0.0018325308825863187
AAPL,high_vol,2017-12-08,0.0002952552503069363
AAPL,high_vol,2017-12-11,0.01929658752130894
AAPL,high_vol,2017-12-12,-0.0056334905209090005
AAPL,high_vol,2017-12-13,0.0033142687742127182
AAPL,high_vol,2017-12-14,-0.00029030740962338297
AAPL,high_vol,2017-12-15,0.010110141288439746
AAPL,high_vol,2017-12-18,0.013984645274161846
AAPL,high_vol,2017-12-19,-0.010713574095455545
AAPL,high_vol,2017-12-20,-0.0010891686135050998
AAPL,high_vol,2017-12-21,0.0037783420264058997
AAPL,high_vol,2017-12-22,0.0
AAPL,high_vol,2017-12-26,-0.025697345495284404
AAPL,high_vol,2017-12-27,0.00017586540479718152
AAPL,high_vol,2017-12-28,0.0028096483011293425
AAPL,high_vol,2017-12-29,-0.010872546938713586
AAPL,high_vol,2018-01-02,0.017746203720320087
AAPL,high_vol,2018-01-03,-0.000174170517417178
AAPL,high_vol,2018-01-04,0.004634220245659693
AAPL,high_vol,2018-01-05,0.011320984054957106
AAPL,high_vol,2018-01-08,-0.0037212008018539565
AAPL,high_vol,2018-01-09,-0.00011471836653621983
AAPL,high_vol,2018-01-10,-0.00022947622153374797
AAPL,high_vol,2018-01-11,0.005664116753620801
AAPL,high_vol,2018-01-12,0.010273382633496518
AAPL,high_vol,2018-01-16,-0.005095097015406223
AAPL,high_vol,2018-01-17,0.016381328161364436
AAPL,high_vol,2018-01-18,0.0008929568625495602
AAPL,high_vol,2018-01-19,-0.004472779457210183
AAPL,high_vol,2018-01-22,-0.008214753898176243
AAPL,high_vol,2018-01-23,0.00022596316896499895
AAPL,high_vol,2018-01-24,-0.016056827352048247
AAPL,high_vol,2018-01-25,-0.018012243846866834
AAPL,high_vol,2018-01-26,0.002334949400110534
AAPL,high_vol,2018-01-29,-0.020915718127997005
AAPL,high_vol,2018-01-30,-0.005911700255126828
AAPL,high_vol,2018-01-31,0.0027511979075863237
AAPL,high_vol,2018-02-01,0.002088243949696684
AAPL,high_vol,2018-02-02,-0.04435965484807803
AAPL,high_vol,2018-02-05,-0.025301832394989912
AAPL,high_vol,2018-02-06,0.0409421227764823
AAPL,high_vol,2018-02-07,-0.021639558468579508
AAPL,high_vol,2018-02-08,-0.0279022835885942
AAPL,high_vol,2018-02-09,0.008088373791760913
AAPL,high_vol,2018-02-12,0.03948871046507747
AAPL,high_vol,2018-02-13,0.009967953012030507
AAPL,high_vol,2018-02-14,0.01826950236228856
AAPL,high_vol,2018-02-15,0.03302685883333945
AAPL,high_vol,2018-02-16,-0.003242432346845786
AAPL,high_vol,2018-02-20,-0.0033693537161973816
AAPL,high_vol,2018-02-21,-0.004549173831642337
AAPL,high_vol,2018-02-22,0.008324407007213864
AAPL,high_vol,2018-02-23,0.017241806434505954
AAPL,high_vol,2018-02-26,0.019579151123396435
AAPL,high_vol,2018-02-27,-0.0032460292661408183
AAPL,high_vol,2018-02-28,-0.001514684309674505
AAPL,high_vol,2018-03-01,-0.017671506529987557
AAPL,high_vol,2018-03-02,0.0068905370574986234
AAPL,high_vol,2018-03-05,0.0034557549966457045
AAPL,high_vol,2018-03-06,-0.0008486803530692628
AAPL,high_vol,2018-03-07,-0.00932619782184482
AAPL,high_vol,2018-03-08,0.010853304252495751
AAPL,high_vol,2018-03-09,0.01703504155056259
AAPL,high_vol,2018-03-12,0.009621307285400097
AAPL,high_vol,2018-03-13,-0.009676870558091138
AAPL,high_vol,2018-03-14,-0.008537760073047405
AAPL,high_vol,2018-03-15,0.0011761742093547428
AAPL,high_vol,2018-03-16,-0.0035326809386333857
AAPL,high_vol,2018-03-19,-0.015397111603596634
AAPL,high_vol,2018-03-20,-0.0003423289814911611
AAPL,high_vol,2018-03-21,-0.02291520430142023
AAPL,high_vol,2018-03-22,-0.014230511812700894
AAPL,high_vol,2018-03-23,-0.02342897542636729
AAPL,high_vol,2018-03-26,0.04637945878148152
AAPL,high_vol,2018-03-27,-0.025975510164696156
AAPL,high_vol,2018-03-28,-0.011110537936615768
AAPL,high_vol,2018-03-29,0.007778415332769718
AAPL,high_vol,2018-04-02,-0.006577790863895836
AAPL,high_vol,2018-04-03,0.010206911067964735
AAPL,high_vol,2018-04-04,0.01894174279199431
AAPL,high_vol,2018-04-05,0.00691039595574351
AAPL,high_vol,2018-04-06,-0.025911502704647135
AAPL,high_vol,2018-04-09,0.00986915778789625
AAPL,high_vol,2018-04-10,0.018643126616808108
AAPL,high_vol,2018-04-11,-0.00468628819107879
AAPL,high_vol,2018-04-12,0.00981022352153564
AAPL,high_vol,2018-04-13,0.0033823519504774724
AAPL,high_vol,2018-04-16,0.006218819072085453
AAPL,high_vol,2018-04-17,0.013670212315886717
AAPL,high_vol,2018-04-18,-0.002246687082978098
AAPL,high_vol,2018-04-19,-0.028749413285985823
AAPL,high_vol,2018-04-20,-0.04183523916075427
AAPL,high_vol,2018-04-23,-0.002900654680637233
AAPL,high_vol,2018-04-24,-0.01401692764606813
AAPL,high_vol,2018-04-25,0.0043479660646938674
AAPL,high_vol,2018-04-26,0.003476991333453069
AAPL,high_vol,2018-04-27,-0.011637296763083452
AAPL,high_vol,2018-04-30,0.017950295755478976
AAPL,high_vol,2018-05-01,0.02297026463149638
AAPL,high_vol,2018-05-02,0.04322714241017229
AAPL,high_vol,2018-05-03,0.001810672140709295
AAPL,high_vol,2018-05-04,0.038483347039364256
AAPL,high_vol,2018-05-07,0.0072088986682893675
AAPL,high_vol,2018-05-08,0.0047951386295617075
AAPL,high_vol,2018-05-09,0.007016445056775762
AAPL,high_vol,2018-05-10,0.014202676469313212
AAPL,high_vol,2018-05-11,-0.007659229794446733
AAPL,high_vol,2018-05-14,-0.0023358720040950252
AAPL,high_vol,2018-05-15,-0.009130003015638582
AAPL,high_vol,2018-05-16,0.009289437561590473
AAPL,high_vol,2018-05-17,-0.006343769577261645
AAPL,high_vol,2018-05-18,-0.0036431864566065044
AAPL,high_vol,2018-05-21,0.00705998546702076
AAPL,high_vol,2018-05-22,-0.0025080725012676785
AAPL,high_vol,2018-05-23,0.006391159377338332
AAPL,high_vol,2018-05-24,-0.0011155508551751248
AAPL,high_vol,2018-05-25,0.0022828455173525474
AAPL,high_vol,2018-05-29,-0.0036124136181116366
AAPL,high_vol,2018-05-30,-0.002131061008954174
AAPL,high_vol,2018-05-31,-0.003365657476301687
AAPL,high_vol,2018-06-01,0.01787324500830797
AAPL,high_vol,2018-06-04,0.008323130205774739
AAPL,high_vol,2018-06-05,0.007685554785353958
AAPL,high_vol,2018-06-06,0.0034599430317961252
AAPL,high_vol,2018-06-07,-0.0026842882109956376
AAPL,high_vol,2018-06-08,-0.009139122702802217
AAPL,high_vol,2018-06-11,-0.0024547579767159014
AAPL,high_vol,2018-06-12,0.0054757509508770764
AAPL,high_vol,2018-06-13,-0.008251130419386634
AAPL,high_vol,2018-06-14,0.0005242464078127791
AAPL,high_vol,2018-06-15,-0.010325663336100193
AAPL,high_vol,2018-06-18,-0.0005296890848990127
AAPL,high_vol,2018-06-19,-0.016291789980682755
AAPL,high_vol,2018-06-20,0.004352622471366045
AAPL,high_vol,2018-06-21,-0.0055920137117902845
AAPL,high_vol,2018-06-22,-0.002915926252055392
AAPL,high_vol,2018-06-25,-0.014982982077287156
AAPL,high_vol,2018-06-26,0.012329670651977202
AAPL,high_vol,2018-06-27,-0.00146502100089916
AAPL,high_vol,2018-06-28,0.007249915353674315
AAPL,high_vol,2018-06-29,-0.002104639075896023
AAPL,high_vol,2018-07-02,0.011120477757516548
AAPL,high_vol,2018-07-03,-0.017569840274184432
AAPL,high_vol,2018-07-05,0.008014772676828777
AAPL,high_vol,2018-07-06,0.013766722496749269
AAPL,high_vol,2018-07-09,0.013789678291538309
AAPL,high_vol,2018-07-10,-0.0012075710915359459
AAPL,high_vol,2018-07-11,-0.013061021669711955
AAPL,high_vol,2018-07-12,0.016627022616766154
AAPL,high_vol,2018-07-13,0.0015692021213509818
AAPL,high_vol,2018-07-16,-0.002197573090343577
AAPL,high_vol,2018-07-17,0.0028245651167355577
AAPL,high_vol,2018-07-18,-0.0054995555660384355
AAPL,high_vol,2018-07-19,0.007743054276598207
AAPL,high_vol,2018-07-20,-0.002295733033745268
AAPL,high_vol,2018-07-23,0.0008876126414896756
AAPL,high_vol,2018-07-24,0.007228132663278077
AAPL,high_vol,2018-07-25,0.009385866437924094
AAPL,high_vol,2018-07-26,-0.0031360075054495265
AAPL,high_vol,2018-07-27,-0.0167713373153036
AAPL,high_vol,2018-07-30,-0.005618434795902699
AAPL,high_vol,2018-07-31,0.0019989485877618405
AAPL,high_vol,2018-08-01,0.05724015707282216
AAPL,high_vol,2018-08-02,0.028811697238545597
AAPL,high_vol,2018-08-03,0.0028889229972256076
AAPL,high_vol,2018-08-06,0.005179122496028272
AAPL,high_vol,2018-08-07,-0.009419071030477554
AAPL,high_vol,2018-08-08,0.0006757409273447543
AAPL,high_vol,2018-08-09,0.00783413037546894
AAPL,high_vol,2018-08-10,-0.006484016857304463
AAPL,high_vol,2018-08-13,0.006436141333656759
AAPL,high_vol,2018-08-14,0.00420429648008992
AAPL,high_vol,2018-08-15,0.0023333899489301974
AAPL,high_vol,2018-08-16,0.014543650436155752
AAPL,high_vol,2018-08-17,0.0197732132605352
AAPL,high_vol,2018-08-20,-0.009791321526890146
AAPL,high_vol,2018-08-21,-0.0019512201312618048
AAPL,high_vol,2018-08-22,4.6501894960588474e-05
AAPL,high_vol,2018-08-23,0.0020439455250746866
AAPL,high_vol,2018-08-24,0.0031043879618797747
AAPL,high_vol,2018-08-27,0.008200902832040382
AAPL,high_vol,2018-08-28,0.008043183841824337
AAPL,high_vol,2018-08-29,0.01481910194886101
AAPL,high_vol,2018-08-30,0.009151645310229264
AAPL,high_vol,2018-08-31,0.011487777109642648
AAPL,high_vol,2018-09-04,0.003201827336761364
AAPL,high_vol,2018-09-05,-0.0065461648872891616
AAPL,high_vol,2018-09-06,-0.01675706477028256
AAPL,high_vol,2018-09-07,-0.008100854381482812
AAPL,high_vol,2018-09-10,-0.013511567381978777
AAPL,high_vol,2018-09-11,0.024968505011949253
AAPL,high_vol,2018-09-12,-0.012496791239956945
AAPL,high_vol,2018-09-13,0.02386812151786903
AAPL,high_vol,2018-09-14,-0.011416004047715613
AAPL,high_vol,2018-09-17,-0.02698705840169738
AAPL,high_vol,2018-09-18,0.0016509221396235352
AAPL,high_vol,2018-09-19,0.0005954971431788606
AAPL,high_vol,2018-09-20,0.007573023439971642
AAPL,high_vol,2018-09-21,-0.010829682970332238
AAPL,high_vol,2018-09-24,0.014277811254335767
AAPL,high_vol,2018-09-25,0.006320848170095292
AAPL,high_vol,2018-09-26,-0.0079980544289508
AAPL,high_vol,2018-09-27,0.02034333802378548
AAPL,high_vol,2018-09-28,0.003505739240299121
AAPL,high_vol,2018-10-01,0.00671084196238278
AAPL,high_vol,2018-10-02,0.008849227589998662
AAPL,high_vol,2018-10-03,0.012095120687162439
AAPL,high_vol,2018-10-04,-0.01773731642356871
AAPL,high_vol,2018-10-05,-0.01636194662682996
AAPL,high_vol,2018-10-08,-0.00232108308144388
AAPL,high_vol,2018-10-09,0.013758427573587828
AAPL,high_vol,2018-10-10,-0.047433479205543055
AAPL,high_vol,2018-10-11,-0.008867076040336814
AAPL,high_vol,2018-10-12,0.03509614368752819
AAPL,high_vol,2018-10-15,-0.021617789532325248
AAPL,high_vol,2018-10-16,0.02179786426382509
AAPL,high_vol,2018-10-17,-0.0043307687122485835
AAPL,high_vol,2018-10-18,-0.0236510443108566
AAPL,high_vol,2018-10-19,0.015115237660601355
AAPL,high_vol,2018-10-22,0.006091481696142526
AAPL,high_vol,2018-10-23,0.009382539847836957
AAPL,high_vol,2018-10-24,-0.03490373037505153
AAPL,high_vol,2018-10-25,0.021661496781179467
AAPL,high_vol,2018-10-26,-0.016051690517674043
AAPL,high_vol,2018-10-29,-0.01894862277577414
AAPL,high_vol,2018-10-30,0.004981896801232232
AAPL,high_vol,2018-10-31,0.025732630512992103
AAPL,high_vol,2018-11-01,0.015235626165565584
AAPL,high_vol,2018-11-02,-0.0686329326726632
AAPL,high_vol,2018-11-05,-0.028799017690867113
AAPL,high_vol,2018-11-06,0.010755975020512992
AAPL,high_vol,2018-11-07,0.029877500317357083
AAPL,high_vol,2018-11-08,-0.006978328672237313
AAPL,high_vol,2018-11-09,-0.01946981300300202
AAPL,high_vol,2018-11-12,-0.051687201448600596
AAPL,high_vol,2018-11-13,-0.010041513050000188
AAPL,high_vol,2018-11-14,-0.02865402516161989
AAPL,high_vol,2018-11-15,0.024379198463276127
AAPL,high_vol,2018-11-16,0.011014814954241668
AAPL,high_vol,2018-11-19,-0.04043883708306672
AAPL,high_vol,2018-11-20,-0.04895697028998929
AAPL,high_vol,2018-11-21,-0.0011307102064021337
AAPL,high_vol,2018-11-23,-0.025726964521827243
AAPL,high_vol,2018-11-26,0.013433127271687002
AAPL,high_vol,2018-11-27,-0.002178525198011193
AAPL,high_vol,2018-11-28,0.037731825412945244
AAPL,high_vol,2018-11-29,-0.007711763925503673
AAPL,high_vol,2018-11-30,-0.005417040583021469
AAPL,high_vol,2018-12-03,0.034345698370823956
AAPL,high_vol,2018-12-04,-0.044985593831335616
AAPL,high_vol,2018-12-06,-0.011212092072018474
AAPL,high_vol,2018-12-07,-0.03630829170624626
AAPL,high_vol,2018-12-10,0.00656632250750863
AAPL,high_vol,2018-12-11,-0.00573575767570937
AAPL,high_vol,2018-12-12,0.002783290222441408
AAPL,high_vol,2018-12-13,0.010880860180775654
AAPL,high_vol,2018-12-14,-0.032520774492099586
AAPL,high_vol,2018-12-17,-0.0093498343683261
AAPL,high_vol,2018-12-18,0.012908878993777004
AAPL,high_vol,2018-12-19,-0.03168848455571821
AAPL,high_vol,2018-12-20,-0.02555848551661011
AAPL,high_vol,2018-12-21,-0.039672259323895565
AAPL,high_vol,2018-12-24,-0.026214701847591528
AAPL,high_vol,2018-12-26,0.06805256711339175
AAPL,high_vol,2018-12-27,-0.006510989591940668
AAPL,high_vol,2018-12-28,0.0005122223242369817
AAPL,high_vol,2018-12-31,0.0
AAPL,normal,2013-01-02,0.031189896376736453
AAPL,normal,2013-01-03,-0.012702601353089758
AAPL,normal,2013-01-04,-0.028249640462207945
AAPL,normal,2013-01-07,-0.005900027079885612
AAPL,normal,2013-01-08,0.0026878910113103437
AAPL,normal,2013-01-09,-0.015752054262994645
AAPL,normal,2013-01-10,0.012319927435737989
AAPL,normal,2013-01-11,-0.006150947008057369
AAPL,normal,2013-01-14,-0.036303586304316654
AAPL,normal,2013-01-15,-0.032057579982842505
AAPL,normal,2013-01-16,0.040670223409865515
AAPL,normal,2013-01-17,-0.006760527767601295
AAPL,normal,2013-01-18,-0.005346005471724436
AAPL,normal,2013-01-22,0.009494941561802347
AAPL,normal,2013-01-23,0.01813984053485098
AAPL,normal,2013-01-24,-0.13188456355923342
AAPL,normal,2013-01-25,-0.023856194516865284
AAPL,normal,2013-01-28,0.022367762275604136
AAPL,normal,2013-01-29,0.018589067202386268
AAPL,normal,2013-01-30,-0.003147286359859376
AAPL,normal,2013-01-31,-0.002937742998659011
AAPL,normal,2013-02-01,-0.004114183948551698
AAPL,normal,2013-02-04,-0.02522615744852554
AAPL,normal,2013-02-05,0.03448644430248007
AAPL,normal,2013-02-06,-0.0010708159048695915
AAPL,normal,2013-02-07,0.023489050509566036
AAPL,normal,2013-02-08,0.014334513598650992
AAPL,normal,2013-02-11,0.010367812953894662
AAPL,normal,2013-02-12,-0.025386085217769763
AAPL,normal,2013-02-13,-0.0019035850399460603
AAPL,normal,2013-02-14,-0.0008997429141904584
AAPL,normal,2013-02-15,-0.013876497581491695
AAPL,normal,2013-02-19,-0.00037002663031564584
AAPL,normal,2013-02-20,-0.02451574195010293
AAPL,normal,2013-02-21,-0.0062355441933632915
AAPL,normal,2013-02-22,0.010592939066410829
AAPL,normal,2013-02-25,-0.017927670326926576
AAPL,normal,2013-02-26,0.013837607437383048
AAPL,normal,2013-02-27,-0.009848556404341369
AAPL,normal,2013-02-28,-0.007155757185341173
AAPL,normal,2013-03-01,-0.025074037734744786
AAPL,normal,2013-03-04,-0.02450394376215727
AAPL,normal,2013-03-05,0.02605926471189297
AAPL,normal,2013-03-06,-0.012792331308635595
AAPL,normal,2013-03-07,0.01149260523785786
AAPL,normal,2013-03-08,0.002643814475427337
AAPL,normal,2013-03-11,0.014144651310080135
AAPL,normal,2013-03-12,-0.021794517845772576
AAPL,normal,2013-03-13,-0.0001869325035314002
AAPL,normal,2013-03-14,0.009642080592206583
AAPL,normal,2013-03-15,0.025476084460609196
AAPL,normal,2013-03-18,0.026819819192210125
AAPL,normal,2013-03-19,-0.002702147302859536
AAPL,normal,2013-03-20,-0.005317285325631054
AAPL,normal,2013-03-21,0.0014371197696388162
AAPL,normal,2013-03-22,0.02007431704932543
AAPL,normal,2013-03-25,0.003608729480754802
AAPL,normal,2013-03-26,-0.005277111428432636
AAPL,normal,2013-03-27,-0.019843054871286465
AAPL,normal,2013-03-28,-0.021056637779525243
AAPL,normal,2013-04-01,-0.03155542517211357
AAPL,normal,2013-04-02,0.002049704234491357
AAPL,normal,2013-04-03,0.005105630879133095
AAPL,normal,2013-04-04,-0.009933666712750623
AAPL,normal,2013-04-05,-0.010623331233117827
AAPL,normal,2013-04-08,0.0070873000054790525
AAPL,normal,2013-04-09,0.0018049906643433397
AAPL,normal,2013-04-10,0.020193710136850104
AAPL,normal,2013-04-11,-0.0031262747868181615
AAPL,normal,2013-04-12,-0.010484905909369003
AAPL,normal,2013-04-15,-0.02342267012309802
AAPL,normal,2013-04-16,0.015105441514327642
AAPL,normal,2013-04-17,-0.056562892669874715
AAPL,normal,2013-04-18,-0.027050445563381806
AAPL,normal,2013-04-19,-0.0038846264536329467
AAPL,normal,2013-04-22,0.02062891509790267
AAPL,normal,2013-04-23,0.018539402401999625
AAPL,normal,2013-04-24,-0.0016511793327927196
AAPL,normal,2013-04-25,0.007176184415028664
AAPL,normal,2013-04-26,0.021367609631728665
AAPL,normal,2013-04-29,0.030498609393006994
AAPL,normal,2013-04-30,0.029008609838133567
AAPL,normal,2013-05-01,-0.007913064066464411
AAPL,normal,2013-05-02,0.014082350772841378
AAPL,normal,2013-05-03,0.009960952714521297
AAPL,normal,2013-05-06,0.023565682849564208
AAPL,normal,2013-05-07,-0.0044599314241385865
AAPL,normal,2013-05-08,0.011230473259329856
AAPL,normal,2013-05-09,-0.015359687248262307
AAPL,normal,2013-05-10,-0.008353821090661686
AAPL,normal,2013-05-13,0.0038996650404137766
AAPL,normal,2013-05-14,-0.02421654600734647
AAPL,normal,2013-05-15,-0.034401902993835026
AAPL,normal,2013-05-16,0.01327265714285544
AAPL,normal,2013-05-17,-0.003041853938750773
AAPL,normal,2013-05-20,0.022073916955556983
AAPL,normal,2013-05-21,-0.007410315350213636
AAPL,normal,2013-05-22,0.00383669249307381
AAPL,normal,2013-05-23,0.0017880911334376486
AAPL,normal,2013-05-24,0.00678473184790986
AAPL,normal,2013-05-28,-0.00836919581627283
AAPL,normal,2013-05-29,0.007919987773809218
AAPL,normal,2013-05-30,0.0147908950658043
AAPL,normal,2013-05-31,-0.0041052387305715215
AAPL,normal,2013-06-03,0.002198830262393124
AAPL,normal,2013-06-04,-0.0031332848430361206
AAPL,normal,2013-06-05,-0.009391315932660571
AAPL,normal,2013-06-06,-0.015052850958902526
AAPL,normal,2013-06-07,0.007611154674679899
AAPL,normal,2013-06-10,-0.006631386019555486
AAPL,normal,2013-06-11,-0.0029434702231879812
AAPL,normal,2013-06-12,-0.01243966822759343
AAPL,normal,2013-06-13,0.008685004548615394
AAPL,normal,2013-06-14,-0.013648922011186181
AAPL,normal,2013-06-17,0.004523921641588794
AAPL,normal,2013-06-18,-0.0005322713101448656
AAPL,normal,2013-06-19,-0.02052123442040415
AAPL,normal,2013-06-20,-0.014669726716917412
AAPL,normal,2013-06-21,-0.008044555269945002
AAPL,normal,2013-06-24,-0.026863137762248693
AAPL,normal,2013-06-25,0.00022325721236146878
AAPL,normal,2013-06-26,-0.011389656713287474
AAPL,normal,2013-06-27,-0.010835823431110088
AAPL,normal,2013-06-28,0.006959655640961028
AAPL,normal,2013-07-01,0.031500905857635
AAPL,normal,2013-07-02,0.022399990461286663
AAPL,normal,2013-07-03,0.0055047337066896525
AAPL,normal,2013-07-05,-0.00806453208931232
AAPL,normal,2013-07-08,-0.005694395037866867
AAPL,normal,2013-07-09,0.017435676806749137
AAPL,normal,2013-07-10,-0.0038431133318647046
AAPL,normal,2013-07-11,0.01547185758696626
AAPL,normal,2013-07-12,-0.001827313525344543
AAPL,normal,2013-07-15,0.0021778335926036655
AAPL,normal,2013-07-16,0.006436848865298913
AAPL,normal,2013-07-17,0.0002551045324173992
AAPL,normal,2013-07-18,0.003364278004351258
AAPL,normal,2013-07-19,-0.0158980809796289
AAPL,normal,2013-07-22,0.0031951714810570723
AAPL,normal,2013-07-23,-0.017319820055264615
AAPL,normal,2013-07-24,0.05008599783760456
AAPL,normal,2013-07-25,-0.004573608442160515
AAPL,normal,2013-07-26,0.005662479890765418
AAPL,normal,2013-07-29,0.015302354474599291
AAPL,normal,2013-07-30,0.012273905347388288
AAPL,normal,2013-07-31,-0.0017439534041092193
AAPL,normal,2013-08-01,0.009128602347487703
AAPL,normal,2013-08-02,0.012750372328087511
AAPL,normal,2013-08-05,0.014828412362246655
AAPL,normal,2013-08-06,-0.008986901951386154
AAPL,normal,2013-08-07,-0.0005803296121935317
AAPL,normal,2013-08-08,-0.008574918731572755
AAPL,normal,2013-08-09,-0.014331488601576407
AAPL,normal,2013-08-12,0.028011851624823118
AAPL,normal,2013-08-13,0.046427367175679114
AAPL,normal,2013-08-14,0.01807621775893377
AAPL,normal,2013-08-15,-0.0011841713604305688
AAPL,normal,2013-08-16,0.00883809569341172
AAPL,normal,2013-08-19,0.010711993260260904
AAPL,normal,2013-08-20,-0.013223455212352355
AAPL,normal,2013-08-21,0.00257110223203942
AAPL,normal,2013-08-22,0.0011937293590707017
AAPL,normal,2013-08-23,-0.0038648625225456692
AAPL,normal,2013-08-26,0.0038843469804900796
AAPL,normal,2013-08-27,-0.029006759352773727
AAPL,normal,2013-08-28,0.00471674985967454
AAPL,normal,2013-08-29,0.001628252268600526
AAPL,normal,2013-08-30,-0.009153010205709711
AAPL,normal,2013-09-03,0.0027879501558876365
AAPL,normal,2013-09-04,0.020481350318975047
AAPL,normal,2013-09-05,-0.006881994519991469
AAPL,normal,2013-09-06,0.0059388401409881265
AAPL,normal,2013-09-09,0.015830859668026186
AAPL,normal,2013-09-10,-0.023042543275184096
AAPL,normal,2013-09-11,-0.05598145139597992
AAPL,normal,2013-09-12,0.010591505121293874
AAPL,normal,2013-09-13,-0.016617793718391737
AAPL,normal,2013-09-16,-0.03230804654776892
AAPL,normal,2013-09-17,0.011486360198557154
AAPL,normal,2013-09-18,0.02034818209569442
AAPL,normal,2013-09-19,0.016265807882913687
AAPL,normal,2013-09-20,-0.01040798619319241
AAPL,normal,2013-09-23,0.048504264277323926
AAPL,normal,2013-09-24,-0.00314369325902369
AAPL,normal,2013-09-25,-0.015598596517795065
AAPL,normal,2013-09-26,0.009692661778005011
AAPL,normal,2013-09-27,-0.007162357921243176
AAPL,normal,2013-09-30,-0.012506518458198217
AAPL,normal,2013-10-01,0.02324095134085901
AAPL,normal,2013-10-02,0.003274002299514038
AAPL,normal,2013-10-03,-0.012642284265943542
AAPL,normal,2013-10-04,-0.0007863086518675174
AAPL,normal,2013-10-07,0.009724134770393297
AAPL,normal,2013-10-08,-0.014060210113976136
AAPL,normal,2013-10-09,0.011679027392872196
AAPL,normal,2013-10-10,0.006248631058302769
AAPL,normal,2013-10-11,0.006453602733619003
AAPL,normal,2013-10-14,0.0065324601629948185
AAPL,normal,2013-10-15,0.005308280758206123
AAPL,normal,2013-10-16,0.004861269854723576
AAPL,normal,2013-10-17,0.006741954533523682
AAPL,normal,2013-10-18,0.008663894105810636
AAPL,normal,2013-10-21,0.024209056053293123
AAPL,normal,2013-10-22,-0.0028617708769503843
AAPL,normal,2013-10-23,0.009742981869332312
AAPL,normal,2013-10-24,0.013152534683501959
AAPL,normal,2013-10-25,-0.01124913532708477
AAPL,normal,2013-10-28,0.007425399909480555
AAPL,normal,2013-10-29,-0.025226910083888016
AAPL,normal,2013-10-30,0.015783962264725865
AAPL,normal,2013-10-31,-0.004200005692914582
AAPL,normal,2013-11-01,-0.005121336551299838
AAPL,normal,2013-11-04,0.01283955046527027
AAPL,normal,2013-11-05,-0.0024710904979218015
AAPL,normal,2013-11-06,-0.008658252725232896
AAPL,normal,2013-11-07,-0.01631574498500545
AAPL,normal,2013-11-08,0.015624267550913248
AAPL,normal,2013-11-11,-0.002905014387796922
AAPL,normal,2013-11-12,0.001848055285306765
AAPL,normal,2013-11-13,0.001191420621957329
AAPL,normal,2013-11-14,0.014359726027604608
AAPL,normal,2013-11-15,-0.006020357166821865
AAPL,normal,2013-11-18,-0.012188342923422404
AAPL,normal,2013-11-19,0.001772486794170179
AAPL,normal,2013-11-20,-0.008796150274519262
AAPL,normal,2013-11-21,0.011851510154584494
AAPL,normal,2013-11-22,-0.002574213092728796
AAPL,normal,2013-11-25,0.007551024909927725
AAPL,normal,2013-11-26,0.018276181279160867
AAPL,normal,2013-11-27,0.023274080468077316
AAPL,normal,2013-11-29,0.018348402017167368
AAPL,normal,2013-12-02,-0.00874167912103003
AAPL,normal,2013-12-03,0.027006714952887062
AAPL,normal,2013-12-04,-0.002333417221597667
AAPL,normal,2013-12-05,0.00511954566352719
AAPL,normal,2013-12-06,-0.013972755420380522
AAPL,normal,2013-12-09,0.011380915249958549
AAPL,normal,2013-12-10,-0.0015548690485466885
AAPL,normal,2013-12-11,-0.0074361072271604016
AAPL,normal,2013-12-12,-0.0014618204285824286
AAPL,normal,2013-12-13,-0.010960082319190018
AAPL,normal,2013-12-16,0.005521801268010212
AAPL,normal,2013-12-17,-0.004512264594897259
AAPL,normal,2013-12-18,-0.007632579101309601
AAPL,normal,2013-12-19,-0.011522966608492603
AAPL,normal,2013-12-20,0.008340538649730686
AAPL,normal,2013-12-23,0.03765936699744083
AAPL,normal,2013-12-24,-0.004254048998671788
AAPL,normal,2013-12-26,-0.00666319081461203
AAPL,normal,2013-12-27,-0.006779677797666012
AAPL,normal,2013-12-30,-0.009994374745608433
AAPL,normal,2013-12-31,0.011653435918103297
AAPL,normal,2014-01-02,-0.01416361635374251
AAPL,normal,2014-01-03,-0.022210822871156853
AAPL,normal,2014-01-06,0.005438400800218219
AAPL,normal,2014-01-07,-0.007177425815090431
AAPL,normal,2014-01-08,0.0063132648522855024
AAPL,normal,2014-01-09,-0.012852413015721459
AAPL,normal,2014-01-10,-0.006695089632176105
AAPL,normal,2014-01-13,0.005221253862560816
AAPL,normal,2014-01-14,0.019703000867533235
AAPL,normal,2014-01-15,0.019878055734795598
AAPL,normal,2014-01-16,-0.005595431263923513
AAPL,normal,2014-01-17,-0.02480674090542969
AAPL,normal,2014-01-21,0.015416828982543138
AAPL,normal,2014-01-22,0.004434396245541028
AAPL,normal,2014-01-23,0.008431722465930932
AAPL,normal,2014-01-24,-0.0183447382902636
AAPL,normal,2014-01-27,0.008079565523524658
AAPL,normal,2014-01-28,-0.08330234341431242
AAPL,normal,2014-01-29,-0.011417340338643143
AAPL,normal,2014-01-30,-0.0019388127266988058
AAPL,normal,2014-01-31,0.001639057394150179
AAPL,normal,2014-02-03,0.001856366325454206
AAPL,normal,2014-02-04,0.014371613707807655
AAPL,normal,2014-02-05,0.00744126032945799
AAPL,normal,2014-02-06,-0.00015623839169598706
AAPL,normal,2014-02-07,0.013892936468678995
AAPL,normal,2014-02-10,0.017756290554683456
AAPL,normal,2014-02-11,0.013090077964898073
AAPL,normal,2014-02-12,-7.470985282754265e-05
AAPL,normal,2014-02-13,0.015754553069632953
AAPL,normal,2014-02-14,-0.0008088055279158245
AAPL,normal,2014-02-18,0.0036698702942978326
AAPL,normal,2014-02-19,-0.01591342044248588
AAPL,normal,2014-02-20,-0.011642776984117004
AAPL,normal,2014-02-21,-0.011169900730105176
AAPL,normal,2014-02-24,0.0043691558865821736
AAPL,normal,2014-02-25,-0.010461047959913239
AAPL,normal,2014-02-26,-0.009062663803764977
AAPL,normal,2014-02-27,0.019751379920016333
AAPL,normal,2014-02-28,-0.0027136294486816855
AAPL,normal,2014-03-03,0.0028839486490282134
AAPL,normal,2014-03-04,0.006572488000522848
AAPL,normal,2014-03-05,0.0021058975815341817
AAPL,normal,2014-03-06,-0.003028693391189906
AAPL,normal,2014-03-07,-0.0005841742767974401
AAPL,normal,2014-03-10,0.0009043490622607011
AAPL,normal,2014-03-11,0.009690556709925533
AAPL,normal,2014-03-12,0.0009694417803461852
AAPL,normal,2014-03-13,-0.011168528243626708
AAPL,normal,2014-03-14,-0.011295208108647106
AAPL,normal,2014-03-17,0.0038992280516597366
AAPL,normal,2014-03-18,0.00880804176427218
AAPL,normal,2014-03-19,-0.0002634897546715455
AAPL,normal,2014-03-20,-0.004830456371326664
AAPL,normal,2014-03-21,0.007856457531370969
AAPL,normal,2014-03-24,0.01179076652986545
AAPL,normal,2014-03-25,0.01069928327880796
AAPL,normal,2014-03-26,-0.009605721920406471
AAPL,normal,2014-03-27,-0.004307458718520852
AAPL,normal,2014-03-28,-0.0011170602515758678
AAPL,normal,2014-03-31,-0.0002232488665570014
AAPL,normal,2014-04-01,0.009105859184881219
AAPL,normal,2014-04-02,0.0016605795492506093
AAPL,normal,2014-04-03,-0.006954583642424423
AAPL,normal,2014-04-04,-0.013020873589853965
AAPL,normal,2014-04-07,-0.015825136107116736
AAPL,normal,2014-04-08,-5.7235090475228936e-05
AAPL,normal,2014-04-09,0.01305795811904283
AAPL,normal,2014-04-10,-0.012982001981001549
AAPL,normal,2014-04-11,-0.0074200657673657655
AAPL,normal,2014-04-14,0.003975919575531676
AAPL,normal,2014-04-15,-0.007156507785704793
AAPL,normal,2014-04-16,0.0020251317585977847
AAPL,normal,2014-04-17,0.011361049011392356
AAPL,normal,2014-04-18,0.0
AAPL,normal,2014-04-21,0.011798148530104075
AAPL,normal,2014-04-22,0.0009973749267566656
AAPL,normal,2014-04-23,-0.013157763727481737
AAPL,normal,2014-04-24,0.0787945246636018
AAPL,normal,2014-04-25,0.007317753572863451
AAPL,normal,2014-04-28,0.037996662326468755
AAPL,normal,2014-04-29,-0.002967046088063618
AAPL,normal,2014-04-30,-0.00378874998135628
AAPL,normal,2014-05-01,0.0023530464186959023
AAPL,normal,2014-05-02,0.0018577441041932093
AAPL,normal,2014-05-05,0.014042692209807306
AAPL,normal,2014-05-06,-0.0109591254567736
AAPL,normal,2014-05-07,-0.0035056072945663917
AAPL,normal,2014-05-08,-0.007353972054291767
AAPL,normal,2014-05-09,-0.004175443139148489
AAPL,normal,2014-05-12,0.012373318233425816
AAPL,normal,2014-05-13,0.0015673152215868488
AAPL,normal,2014-05-14,0.00018531027145825006
AAPL,normal,2014-05-15,-0.00853980521901185
AAPL,normal,2014-05-16,0.014650385915451774
AAPL,normal,2014-05-19,0.01177965616920165
AAPL,normal,2014-05-20,0.00019866036297907158
AAPL,normal,2014-05-21,0.0026422696891056155
AAPL,normal,2014-05-22,0.0015818326989824579
AAPL,normal,2014-05-23,0.011233131623677325
AAPL,normal,2014-05-27,0.018552769258840043
AAPL,normal,2014-05-28,-0.0025928762005869004
AAPL,normal,2014-05-29,0.018056789415168282
AAPL,normal,2014-05-30,-0.003752823433811817
AAPL,normal,2014-06-02,-0.006895441837459565
AAPL,normal,2014-06-03,0.014042354461293335
AAPL,normal,2014-06-04,0.011353968679013327
AAPL,normal,2014-06-05,0.0039158058591874535
AAPL,normal,2014-06-06,-0.002753397410083757
AAPL,normal,2014-06-09,0.015874752785877303
AAPL,normal,2014-06-10,0.005852637083743532
AAPL,normal,2014-06-11,-0.004146515961848577
AAPL,normal,2014-06-12,-0.016868517088786117
AAPL,normal,2014-06-13,-0.011004087723665176
AAPL,normal,2014-06-16,0.01002838162477908
AAPL,normal,2014-06-17,-0.0013023227649721137
AAPL,normal,2014-06-18,0.0010854228787350415
AAPL,normal,2014-06-19,-0.0034775083947149424
AAPL,normal,2014-06-20,-0.010395672763880578
AAPL,normal,2014-06-23,-0.0008803786196446289
AAPL,normal,2014-06-24,-0.006073675564787251
AAPL,normal,2014-06-25,0.0008857396504676068
AAPL,normal,2014-06-26,0.005958309583630625
AAPL,normal,2014-06-27,0.01181116092834462
AAPL,normal,2014-06-30,0.010275359457470216
AAPL,normal,2014-07-01,0.006328795594564837
AAPL,normal,2014-07-02,-0.0004278074931556985
AAPL,normal,2014-07-03,0.005866370618328378
AAPL,normal,2014-07-07,0.02042176234055074
AAPL,normal,2014-07-08,-0.00648131058310829
AAPL,normal,2014-07-09,0.00041941911068859314
AAPL,normal,2014-07-10,-0.0036758955427818123
AAPL,normal,2014-07-11,0.0018921481520377407
AAPL,normal,2014-07-14,0.012834735585365464
AAPL,normal,2014-07-15,-0.011785087121196807
AAPL,normal,2014-07-16,-0.0056812356910990475
AAPL,normal,2014-07-17,-0.017991649411043645
AAPL,normal,2014-07-18,0.014292052146579326
AAPL,normal,2014-07-21,-0.0052025386761288895
AAPL,normal,2014-07-22,0.008268890536846622
AAPL,normal,2014-07-23,0.025742654379683687
AAPL,normal,2014-07-24,-0.001647616478171061
AAPL,normal,2014-07-25,0.006574240422177505
AAPL,normal,2014-07-28,0.013727400473891361
AAPL,normal,2014-07-29,-0.00648431856608324
AAPL,normal,2014-07-30,-0.002340610644723623
AAPL,normal,2014-07-31,-0.026324100665114605
AAPL,normal,2014-08-01,0.0055285804100490095
AAPL,normal,2014-08-04,-0.005633188391733349
AAPL,normal,2014-08-05,-0.004928959693144802
AAPL,normal,2014-08-06,-0.001683502081113876
AAPL,normal,2014-08-07,-0.0050675784123056225
AAPL,normal,2014-08-08,0.002748125606498692
AAPL,normal,2014-08-11,0.01310772187983975
AAPL,normal,2014-08-12,-0.00020837674590923436
AAPL,normal,2014-08-13,0.013146506818386285
AAPL,normal,2014-08-14,0.002670228555878892
AAPL,normal,2014-08-15,0.004910998206627358
AAPL,normal,2014-08-18,0.01197133095656102
AAPL,normal,2014-08-19,0.013721483250339027
AAPL,normal,2014-08-20,0.0003978120390601925
AAPL,normal,2014-08-21,9.942828742970022e-05
AAPL,normal,2014-08-22,0.007330394389655656
AAPL,normal,2014-08-25,0.002168984385773897
AAPL,normal,2014-08-26,-0.006421995098960349
AAPL,normal,2014-08-27,0.012215697169719646
AAPL,normal,2014-08-28,0.0011742833329035705
AAPL,normal,2014-08-29,0.002442003655551809
AAPL,normal,2014-09-02,0.0077745775471300006
AAPL,normal,2014-09-03,-0.04312377032603027
AAPL,normal,2014-09-04,-0.008322386409273953
AAPL,normal,2014-09-05,0.008625554518311082
AAPL,normal,2014-09-08,-0.0061825565606079035
AAPL,normal,2014-09-09,-0.0037687847002648004
AAPL,normal,2014-09-10,0.030255084193532344
AAPL,normal,2014-09-11,0.004248388546644869
AAPL,normal,2014-09-12,0.0022650066308520615
AAPL,normal,2014-09-15,-0.0002951448690814258
AAPL,normal,2014-09-16,-0.007605350501095846
AAPL,normal,2014-09-17,0.007113248724519639
AAPL,normal,2014-09-18,0.0020652020911496693
AAPL,normal,2014-09-19,-0.008187468671345604
AAPL,normal,2014-09-22,0.0009900010708596882
AAPL,normal,2014-09-23,0.015513320443618434
AAPL,normal,2014-09-24,-0.008708895984676612
AAPL,normal,2014-09-25,-0.03887875688497616
AAPL,normal,2014-09-26,0.029002133389064263
AAPL,normal,2014-09-29,-0.006372619395400087
AAPL,normal,2014-09-30,0.0063726193954001
AAPL,normal,2014-10-01,-0.01570581976580453
AAPL,normal,2014-10-02,0.007233304593520061
AAPL,normal,2014-10-03,-0.002806738009370466
AAPL,normal,2014-10-06,0.0
AAPL,normal,2014-10-07,-0.008771543863906103
AAPL,normal,2014-10-08,0.020546951856037058
AAPL,normal,2014-10-09,0.0021801614026382677
AAPL,normal,2014-10-10,-0.0028748470853167184
AAPL,normal,2014-10-13,-0.009175291256094746
AAPL,normal,2014-10-14,-0.010676974917263875
AAPL,normal,2014-10-15,-0.012328853499324699
AAPL,normal,2014-10-16,-0.013209644852819908
AAPL,normal,2014-10-17,0.01454154403029913
AAPL,normal,2014-10-20,0.02117285191239533
AAPL,normal,2014-10-21,0.02680277143984545
AAPL,normal,2014-10-22,0.005061823326083767
AAPL,normal,2014-10-23,0.017708094326770896
AAPL,normal,2014-10-24,0.003713405838179816
AAPL,normal,2014-10-27,-0.0010459754673981271
AAPL,normal,2014-10-28,0.015388550070535694
AAPL,normal,2014-10-29,0.005605395842884138
AAPL,normal,2014-10-30,-0.0033594656455788016
AAPL,normal,2014-10-31,0.009489326021115593
AAPL,normal,2014-11-03,0.012879662863661238
AAPL,normal,2014-11-04,-0.0073394824880459114
AAPL,normal,2014-11-05,0.0023912455062189085
AAPL,normal,2014-11-06,-0.001470858878890189
AAPL,normal,2014-11-07,0.0028478270131033693
AAPL,normal,2014-11-10,-0.0016525894322969084
AAPL,normal,2014-11-11,0.007962335573214416
AAPL,normal,2014-11-12,0.014030553765164903
AAPL,normal,2014-11-13,0.01401370726548032
AAPL,normal,2014-11-14,0.011982522224283303
AAPL,normal,2014-11-17,-0.0016654252874260106
AAPL,normal,2014-11-18,0.012900030715077386
AAPL,normal,2014-11-19,-0.0069523179135513756
AAPL,normal,2014-11-20,0.014200567909881766
AAPL,normal,2014-11-21,0.0013747231544656302
AAPL,normal,2014-11-24,0.01837567655845132
AAPL,normal,2014-11-25,-0.008720370208485364
AAPL,normal,2014-11-26,0.011834457647002798
AAPL,normal,2014-11-28,-0.0005884083723753337
AAPL,normal,2014-12-01,-0.03299444590378683
AAPL,normal,2014-12-02,-0.0038310887084489105
AAPL,normal,2014-12-03,0.011277010555391846
AAPL,normal,2014-12-04,-0.0038026145553140267
AAPL,normal,2014-12-05,-0.0042518177637460314
AAPL,normal,2014-12-08,-0.022868190903659276
AAPL,normal,2014-12-09,0.01518658888570862
AAPL,normal,2014-12-10,-0.019198183300535444
AAPL,normal,2014-12-11,-0.0029520976844763453
AAPL,normal,2014-12-12,-0.01707744235757979
AAPL,normal,2014-12-15,-0.013764173737323996
AAPL,normal,2014-12-16,-0.0137689771566499
AAPL,normal,2014-12-17,0.024612641379964568
AAPL,normal,2014-12-18,0.029183373389555015
AAPL,normal,2014-12-19,-0.007753013036701355
AAPL,normal,2014-12-22,0.010324050403138519
AAPL,normal,2014-12-23,-0.0035479902395576042
AAPL,normal,2014-12-24,-0.004720543125936432
AAPL,normal,2014-12-26,0.017522554369490538
AAPL,normal,2014-12-29,-0.0007020623368665076
AAPL,normal,2014-12-30,-0.012277679290164548
AAPL,normal,2014-12-31,-0.01920202561030089
SPY,crisis,2007-01-04,0.001219278619599691
SPY,crisis,2007-01-05,-0.006115859320007658
SPY,crisis,2007-01-08,0.0025383878921012887
SPY,crisis,2007-01-09,-0.0005214055182636289
SPY,crisis,2007-01-10,0.002045798749570112
SPY,crisis,2007-01-11,0.006326494096572351
SPY,crisis,2007-01-12,0.004829377472656625
SPY,crisis,2007-01-16,0.0008021117514761693
SPY,crisis,2007-01-17,-0.0008034127576869977
SPY,crisis,2007-01-18,-0.0029516434113251925
SPY,crisis,2007-01-19,0.002895376770498714
SPY,crisis,2007-01-22,-0.005263336190691333
SPY,crisis,2007-01-23,0.003527371369496314
SPY,crisis,2007-01-24,0.008478221416576448
SPY,crisis,2007-01-25,-0.011317624693231014
SPY,crisis,2007-01-26,-0.001214815436724566
SPY,crisis,2007-01-29,-0.000990522492865199
SPY,crisis,2007-01-30,0.005758556001807632
SPY,crisis,2007-01-31,0.006683289270201587
SPY,crisis,2007-02-01,0.005573722939192521
SPY,crisis,2007-02-02,0.0016934909226559906
SPY,crisis,2007-02-05,-0.0008820728140460596
SPY,crisis,2007-02-06,0.0006994204277710619
SPY,crisis,2007-02-07,0.0017942909623023815
SPY,crisis,2007-02-08,-0.0011661796030725394
SPY,crisis,2007-02-09,-0.007063504892465766
SPY,crisis,2007-02-12,-0.0032035069142292293
SPY,crisis,2007-02-13,0.007728295489338222
SPY,crisis,2007-02-14,0.00784269378663359
SPY,crisis,2007-02-15,0.0011302789255462542
SPY,crisis,2007-02-16,-0.0008494528926262258
SPY,crisis,2007-02-20,0.0029020488581770073
SPY,crisis,2007-02-21,-0.001336028096167546
SPY,crisis,2007-02-22,-0.0006308757235626573
SPY,crisis,2007-02-23,-0.0034632691634350595
SPY,crisis,2007-02-26,-0.0011343255971941815
SPY,crisis,2007-02-27,-0.035008650123824696
SPY,crisis,2007-02-28,0.005695105040961648
SPY,crisis,2007-03-01,-0.002568889398208997
SPY,crisis,2007-03-02,-0.011428468319970207
SPY,crisis,2007-03-05,-0.009378518167388527
SPY,crisis,2007-03-06,0.015365118933667283
SPY,crisis,2007-03-07,-0.0021728716497402844
SPY,crisis,2007-03-08,0.007145653869422007
SPY,crisis,2007-03-09,0.0006711181101166705
SPY,crisis,2007-03-12,0.0026805377274547086
SPY,crisis,2007-03-13,-0.020250144409383906
SPY,crisis,2007-03-14,0.006708588211606854
SPY,crisis,2007-03-15,0.003704198147273889
SPY,crisis,2007-03-16,-0.0077998023632902015
SPY,crisis,2007-03-19,0.01083448816974037
SPY,crisis,2007-03-20,0.0063152915046307025
SPY,crisis,2007-03-21,0.016934480306858676
SPY,crisis,2007-03-22,-0.00035782259255964837
SPY,crisis,2007-03-23,0.0010895978294422925
SPY,crisis,2007-03-26,0.0009529057046168462
SPY,crisis,2007-03-27,-0.006194332827436923
SPY,crisis,2007-03-28,-0.007775064778365951
SPY,crisis,2007-03-29,0.003768734785113997
SPY,crisis,2007-03-30,-0.0011680557884149807
SPY,crisis,2007-04-02,0.002585811463881343
SPY,crisis,2007-04-03,0.009423925665538933
SPY,crisis,2007-04-04,0.001117574152363523
SPY,crisis,2007-04-05,0.0033267275349919707
SPY,crisis,2007-04-09,0.0005963107667496591
SPY,crisis,2007-04-10,0.002622906426401717
SPY,crisis,2007-04-11,-0.006467328638500893
SPY,crisis,2007-04-12,0.006183732930958626
SPY,crisis,2007-04-13,0.0034599533379390105
SPY,crisis,2007-04-16,0.01068224671853623
SPY,crisis,2007-04-17,0.002037320229915615
SPY,crisis,2007-04-18,0.0007052303565683991
SPY,crisis,2007-04-19,-0.0011785122055613505
SPY,crisis,2007-04-20,0.009215881990998208
SPY,crisis,2007-04-23,-0.0022870274631107655
SPY,crisis,2007-04-24,-0.00036089195521413664
SPY,crisis,2007-04-25,0.010152386000370477
SPY,crisis,2007-04-26,-0.0006877249560279122
SPY,crisis,2007-04-27,-8.864858372330772e-05
SPY,crisis,2007-04-30,-0.00783274674773917
SPY,crisis,2007-05-01,0.002633009215959056
SPY,crisis,2007-05-02,0.006539751242928765
SPY,crisis,2007-05-03,0.004597863447870751
SPY,crisis,2007-05-04,0.0021555155208372624
SPY,crisis,2007-05-07,0.0025914218237560846
SPY,crisis,2007-05-08,-0.0010816832072892434
SPY,crisis,2007-05-09,0.0034694050663628875
SPY,crisis,2007-05-10,-0.013845185915354753
SPY,crisis,2007-05-11,0.009655890013067814
SPY,crisis,2007-05-14,-0.0017353100852634184
SPY,crisis,2007-05-15,-0.001211603519016186
SPY,crisis,2007-05-16,0.008848898967115304
SPY,crisis,2007-05-17,-0.0008308396346283425
SPY,crisis,2007-05-18,0.006557274359557819
SPY,crisis,2007-05-21,0.0015319109277500123
SPY,crisis,2007-05-22,-0.0006430715729605957
SPY,crisis,2007-05-23,-0.0011896982990415956
SPY,crisis,2007-05-24,-0.00958034977210681
SPY,crisis,2007-05-25,0.00541211387993029
SPY,crisis,2007-05-29,0.001675985838645861
SPY,crisis,2007-05-30,0.008281460451670728
SPY,crisis,2007-05-31,0.0002755214561228548
SPY,crisis,2007-06-01,0.0037061983642755173
SPY,crisis,2007-06-04,0.0018767217092138912
SPY,crisis,2007-06-05,-0.005297697696145367
SPY,crisis,2007-06-06,-0.008611120355506215
SPY,crisis,2007-06-07,-0.017573242708147974
SPY,crisis,2007-06-08,0.01123906885517622
SPY,crisis,2007-06-11,0.0009631543354257059
SPY,crisis,2007-06-12,-0.01068141903920492
SPY,crisis,2007-06-13,0.015219487605680091
SPY,crisis,2007-06-14,0.004837760420461685
SPY,crisis,2007-06-15,0.002178631068171213
SPY,crisis,2007-06-18,-0.0012048772808232206
SPY,crisis,2007-06-19,0.001738621858726897
SPY,crisis,2007-06-20,-0.013655594208362596
SPY,crisis,2007-06-21,0.006371386993353646
SPY,crisis,2007-06-22,-0.012964780694683252
SPY,crisis,2007-06-25,-0.003205932142759967
SPY,crisis,2007-06-26,-0.0031974109431855704
SPY,crisis,2007-06-27,0.009138963261080801
SPY,crisis,2007-06-28,-0.0004054753922449115
SPY,crisis,2007-06-29,-0.0015767688022889949
SPY,crisis,2007-07-02,0.010654602779022027
SPY,crisis,2007-07-03,0.0037721644976206592
SPY,crisis,2007-07-05,0.0003486911579878396
SPY,crisis,2007-07-06,0.0035693471884467626
SPY,crisis,2007-07-09,0.0009102832090496099
SPY,crisis,2007-07-10,-0.014273475488864063
SPY,crisis,2007-07-11,0.0058026102344320065
SPY,crisis,2007-07-12,0.018862959239064864
SPY,crisis,2007-07-13,0.003084138739219971
SPY,crisis,2007-07-16,-0.0019146139727004676
SPY,crisis,2007-07-17,-0.00010010302910675081
SPY,crisis,2007-07-18,-0.001969138269488284
SPY,crisis,2007-07-19,0.0044616338002648566
SPY,crisis,2007-07-20,-0.012282094318965082
SPY,crisis,2007-07-23,0.004864726413764556
SPY,crisis,2007-07-24,-0.019959042808737712
SPY,crisis,2007-07-25,0.004658776551027329
SPY,crisis,2007-07-26,-0.023551582648171508
SPY,crisis,2007-07-27,-0.01593468487898526
SPY,crisis,2007-07-30,0.010185195163446842
SPY,crisis,2007-07-31,-0.012693866122049835
SPY,crisis,2007-08-01,0.007527761046035549
SPY,crisis,2007-08-02,0.004566528250452138
SPY,crisis,2007-08-03,-0.02680516724298366
SPY,crisis,2007-08-06,0.023801334070666997
SPY,crisis,2007-08-07,0.006138764458597552
SPY,crisis,2007-08-08,0.01423780259919853
SPY,crisis,2007-08-09,-0.029820361653561035
SPY,crisis,2007-08-10,0.00038391096167618183
SPY,crisis,2007-08-13,-0.00034110561000792245
SPY,crisis,2007-08-14,-0.018130655325419853
SPY,crisis,2007-08-15,-0.013665955958978878
SPY,crisis,2007-08-16,0.003282713263187971
SPY,crisis,2007-08-17,0.024178164131132544
SPY,crisis,2007-08-20,-0.0002764210123297311
SPY,crisis,2007-08-21,0.0010904499361725553
SPY,crisis,2007-08-22,0.011656857939015476
SPY,crisis,2007-08-23,-0.0010564211243615992
SPY,crisis,2007-08-24,0.011519433796512869
SPY,crisis,2007-08-27,-0.008494935782702454
SPY,crisis,2007-08-28,-0.023607366476652715
SPY,crisis,2007-08-29,0.021833054052884878
SPY,crisis,2007-08-30,-0.004114469527937787
SPY,crisis,2007-08-31,0.011116477302381689
SPY,crisis,2007-09-04,0.010360967175207719
SPY,crisis,2007-09-05,-0.011053326337692416
SPY,crisis,2007-09-06,0.0043938520440995514
SPY,crisis,2007-09-07,-0.016957447061371544
SPY,crisis,2007-09-10,-0.0012363846793870847
SPY,crisis,2007-09-11,0.013464394785380644
SPY,crisis,2007-09-12,0.00030718742485792054
SPY,crisis,2007-09-13,0.008392113514841603
SPY,crisis,2007-09-14,0.000196439632554665
SPY,crisis,2007-09-17,-0.005098303261348218
SPY,crisis,2007-09-18,0.028635622921679593
SPY,crisis,2007-09-19,0.006060597974772455
SPY,crisis,2007-09-20,-0.006498451553612145
SPY,crisis,2007-09-21,-0.0001444228323927087
SPY,crisis,2007-09-24,-0.005284835278636459
SPY,crisis,2007-09-25,-0.000333073875999178
SPY,crisis,2007-09-26,0.0055687111030511445
SPY,crisis,2007-09-27,0.003914353589567682
SPY,crisis,2007-09-28,-0.002994963501021057
SPY,crisis,2007-10-01,0.013157805573424516
SPY,crisis,2007-10-02,-0.0002477598634551268
SPY,crisis,2007-10-03,-0.004344170874548338
SPY,crisis,2007-10-04,0.002108399000333641
SPY,crisis,2007-10-05,0.00979190382413714
SPY,crisis,2007-10-08,-0.0032147004386328735
SPY,crisis,2007-10-09,0.00805389592452044
SPY,crisis,2007-10-10,-0.0016298517225904526
SPY,crisis,2007-10-11,-0.005123640008446399
SPY,crisis,2007-10-12,0.004717365127770708
SPY,crisis,2007-10-15,-0.008408031219630113
SPY,crisis,2007-10-16,-0.006594868653178978
SPY,crisis,2007-10-17,0.0018468616306301212
SPY,crisis,2007-10-18,-0.0007448025794199012
SPY,crisis,2007-10-19,-0.025915903689544637
SPY,crisis,2007-10-22,0.003807835536713215
SPY,crisis,2007-10-23,0.008747195227825688
SPY,crisis,2007-10-24,-0.0024317851884113413
SPY,crisis,2007-10-25,-0.0009791372388126744
SPY,crisis,2007-10-26,0.013703180324687128
SPY,crisis,2007-10-29,0.0038339199372983373
SPY,crisis,2007-10-30,-0.006454752387162186
SPY,crisis,2007-10-31,0.01195715615091586
SPY,crisis,2007-11-01,-0.02649182838141889
SPY,crisis,2007-11-02,0.0008197868260646783
SPY,crisis,2007-11-05,-0.004882559505018075
SPY,crisis,2007-11-06,0.011958505785485756
SPY,crisis,2007-11-07,-0.029216247321990123
SPY,crisis,2007-11-08,-0.0005285047880573359
SPY,crisis,2007-11-09,-0.01432046132879709
SPY,crisis,2007-11-12,-0.009969448082757485
SPY,crisis,2007-11-13,0.028929033599217262
SPY,crisis,2007-11-14,-0.006818498247729732
SPY,crisis,2007-11-15,-0.013213540975790937
SPY,crisis,2007-11-16,0.005213093326839475
SPY,crisis,2007-11-19,-0.01753157804734381
SPY,crisis,2007-11-20,0.004507094768960029
SPY,crisis,2007-11-21,-0.015945324023366427
SPY,crisis,2007-11-23,0.016789520355089457
SPY,crisis,2007-11-26,-0.023424933340187633
SPY,crisis,2007-11-27,0.014806628758040789
SPY,crisis,2007-11-28,0.028361252683396055
SPY,crisis,2007-11-29,0.0005400885970024088
SPY,crisis,2007-11-30,0.007716377950070059
SPY,crisis,2007-12-03,-0.005862256803994318
SPY,crisis,2007-12-04,-0.00653141640556974
SPY,crisis,2007-12-05,0.015531381245037626
SPY,crisis,2007-12-06,0.014950544730765986
SPY,crisis,2007-12-07,-0.0017708506332861401
SPY,crisis,2007-12-10,0.007480910954641896
SPY,crisis,2007-12-11,-0.02546942739902152
SPY,crisis,2007-12-12,0.006128760279845347
SPY,crisis,2007-12-13,0.0012495673474959936
SPY,crisis,2007-12-14,-0.013741994699350666
SPY,crisis,2007-12-17,-0.015040925053370041
SPY,crisis,2007-12-18,0.006231834148310268
SPY,crisis,2007-12-19,-0.001324914907948178
SPY,crisis,2007-12-20,0.005115025573006193
SPY,crisis,2007-12-21,0.011382161352163788
SPY,crisis,2007-12-24,0.008053673520700058
SPY,crisis,2007-12-26,0.0008171894640059136
SPY,crisis,2007-12-27,-0.014081540864526088
SPY,crisis,2007-12-28,0.0014499727699711896
SPY,crisis,2007-12-31,-0.006858078212347296
SPY,crisis,2008-01-02,-0.01433792314023532
SPY,crisis,2008-01-03,-3.9236518659695e-06
SPY,crisis,2008-01-04,-0.024855303551939448
SPY,crisis,2008-01-07,0.003229142267165601
SPY,crisis,2008-01-08,-0.01818111429996308
SPY,crisis,2008-01-09,0.013594514389021999
SPY,crisis,2008-01-10,0.007931383388085208
SPY,crisis,2008-01-11,-0.013631082914960027
SPY,crisis,2008-01-14,0.010800259244672164
SPY,crisis,2008-01-15,-0.025204483355220936
SPY,crisis,2008-01-16,-0.005497098800978675
SPY,crisis,2008-01-17,-0.029449163419166757
SPY,crisis,2008-01-18,-0.006040199762483171
SPY,crisis,2008-01-22,-0.011095117931960729
SPY,crisis,2008-01-23,0.021222741545872822
SPY,crisis,2008-01-24,0.010014026606179154
SPY,crisis,2008-01-25,-0.015969984380688224
SPY,crisis,2008-01-28,0.01740159761596659
SPY,crisis,2008-01-29,0.006177206086149187
SPY,crisis,2008-01-30,-0.0047057610161635776
SPY,crisis,2008-01-31,0.016769311833447556
SPY,crisis,2008-02-01,0.012133544795600545
SPY,crisis,2008-02-04,-0.010486111206037041
SPY,crisis,2008-02-05,-0.03236508541732563
SPY,crisis,2008-02-06,-0.007232316423177902
SPY,crisis,2008-02-07,0.008084635619085115
SPY,crisis,2008-02-08,-0.0041993597203169005
SPY,crisis,2008-02-11,0.005897477882896573
SPY,crisis,2008-02-12,0.007263414599847825
SPY,crisis,2008-02-13,0.013849358306516499
SPY,crisis,2008-02-14,-0.013449245788425768
SPY,crisis,2008-02-15,0.0008909433317147592
SPY,crisis,2008-02-19,-0.0008237056483676236
SPY,crisis,2008-02-20,0.008334132987159522
SPY,crisis,2008-02-21,-0.012565372195356396
SPY,crisis,2008-02-22,0.007918278824972648
SPY,crisis,2008-02-25,0.013685051515793155
SPY,crisis,2008-02-26,0.006874672677576812
SPY,crisis,2008-02-27,-0.0006711334227594888
SPY,crisis,2008-02-28,-0.008847525276680328
SPY,crisis,2008-02-29,-0.02732887485755963
SPY,crisis,2008-03-03,0.000565709899523843
SPY,crisis,2008-03-04,-0.0034329702724654643
SPY,crisis,2008-03-05,0.005700490549031592
SPY,crisis,2008-03-06,-0.022011051953863044
SPY,crisis,2008-03-07,-0.008394737834734206
SPY,crisis,2008-03-10,-0.015464998761694848
SPY,crisis,2008-03-11,0.03631126701087105
SPY,crisis,2008-03-12,-0.008713113048165267
SPY,crisis,2008-03-13,0.005127140592375063
SPY,crisis,2008-03-14,-0.0208708585583053
SPY,crisis,2008-03-17,-0.008800793970497553
SPY,crisis,2008-03-18,0.041348682330974315
SPY,crisis,2008-03-19,-0.024443964274829165
SPY,crisis,2008-03-20,0.018710537423304478
SPY,crisis,2008-03-24,0.015188877661995497
SPY,crisis,2008-03-25,0.00230283533203983
SPY,crisis,2008-03-26,-0.008750990388928384
SPY,crisis,2008-03-27,-0.011308208469650381
SPY,crisis,2008-03-28,-0.007938911255108929
SPY,crisis,2008-03-31,0.005686998595969548
SPY,crisis,2008-04-01,0.035230351508760714
SPY,crisis,2008-04-02,-0.0017355373065647255
SPY,crisis,2008-04-03,0.001298627186466175
SPY,crisis,2008-04-04,0.0008045134211738862
SPY,crisis,2008-04-07,0.001562963425281584
SPY,crisis,2008-04-08,-0.004773468277222107
SPY,crisis,2008-04-09,-0.008034795420280488
SPY,crisis,2008-04-10,0.004502677907091306
SPY,crisis,2008-04-11,-0.02048712516373572
SPY,crisis,2008-04-14,-0.0033675545465789757
SPY,crisis,2008-04-15,0.004590963010299972
SPY,crisis,2008-04-16,0.022507290878183792
SPY,crisis,2008-04-17,0.000641230316490663
SPY,crisis,2008-04-18,0.017946987964138503
SPY,crisis,2008-04-21,-0.0015295462059542351
SPY,crisis,2008-04-22,-0.008813212212221606
SPY,crisis,2008-04-23,0.0029070188779308985
SPY,crisis,2008-04-24,0.006405929998251186
SPY,crisis,2008-04-25,0.006469357883114924
SPY,crisis,2008-04-28,-0.001011146442302637
SPY,crisis,2008-04-29,-0.0038680841933151507
SPY,crisis,2008-04-30,-0.003809209414407474
SPY,crisis,2008-05-01,0.0171538714343422
SPY,crisis,2008-05-02,0.003218148408578437
SPY,crisis,2008-05-05,-0.004451136083657663
SPY,crisis,2008-05-06,0.007640481351997496
SPY,crisis,2008-05-07,-0.017836057040318536
SPY,crisis,2008-05-08,0.0037004998823286944
SPY,crisis,2008-05-09,-0.006519665187923364
SPY,crisis,2008-05-12,0.010958733698778998
SPY,crisis,2008-05-13,-0.00016082732206359576
SPY,crisis,2008-05-14,0.004155605124055777
SPY,crisis,2008-05-15,0.01067751291042472
SPY,crisis,2008-05-16,0.0012648437549077523
SPY,crisis,2008-05-19,0.0009296982083110381
SPY,crisis,2008-05-20,-0.009289310532146483
SPY,crisis,2008-05-21,-0.016063637132777916
SPY,crisis,2008-05-22,0.002790732831688468
SPY,crisis,2008-05-23,-0.013250801066041238
SPY,crisis,2008-05-27,0.006800140603808823
SPY,crisis,2008-05-28,0.004129828837905029
SPY,crisis,2008-05-29,0.005414121136052651
SPY,crisis,2008-05-30,0.0015169894871851271
SPY,crisis,2008-06-02,-0.010488910035337022
SPY,crisis,2008-06-03,-0.005747278435856846
SPY,crisis,2008-06-04,0.00016310379531996708
SPY,crisis,2008-06-05,0.019299399828926245
SPY,crisis,2008-06-06,-0.031122125277865204
SPY,crisis,2008-06-09,0.0008315838459858205
SPY,crisis,2008-06-10,-0.002426827467392669
SPY,crisis,2008-06-11,-0.016739469476868187
SPY,crisis,2008-06-12,0.003328519448038921
SPY,crisis,2008-06-13,0.014873555405023964
SPY,crisis,2008-06-16,7.966421358620711e-05
SPY,crisis,2008-06-17,-0.006755875555927199
SPY,crisis,2008-06-18,-0.009695308636794209
SPY,crisis,2008-06-19,0.003986704761338041
SPY,crisis,2008-06-20,-0.023689613118571942
SPY,crisis,2008-06-23,5.1801215941763766e-05
SPY,crisis,2008-06-24,-0.002811475847730274
SPY,crisis,2008-06-25,0.00587023474901147
SPY,crisis,2008-06-26,-0.029483439525269124
SPY,crisis,2008-06-27,-0.0036956533367879262
SPY,crisis,2008-06-30,0.0013090633327196156
SPY,crisis,2008-07-01,0.004023705773647546
SPY,crisis,2008-07-02,-0.018310104752512893
SPY,crisis,2008-07-03,0.0011065395079584896
SPY,crisis,2008-07-07,-0.008387349232314562
SPY,crisis,2008-07-08,0.017304928934675747
SPY,crisis,2008-07-09,-0.022908398031128156
SPY,crisis,2008-07-10,0.006957874810250876
SPY,crisis,2008-07-11,-0.011064918781130563
SPY,crisis,2008-07-14,-0.009056793708664707
SPY,crisis,2008-07-15,-0.010922443163915642
SPY,crisis,2008-07-16,0.024852403008797333
SPY,crisis,2008-07-17,0.011951940737691789
SPY,crisis,2008-07-18,0.00027590329098724643
SPY,crisis,2008-07-21,-0.0005245011973450008
SPY,crisis,2008-07-22,0.013401797199805767
SPY,crisis,2008-07-23,0.0040476377579703035
SPY,crisis,2008-07-24,-0.023277379524798126
SPY,crisis,2008-07-25,0.004154151326463343
SPY,crisis,2008-07-28,-0.018730219423892285
SPY,crisis,2008-07-29,0.023125595643764634
SPY,crisis,2008-07-30,0.016568743931733642
SPY,crisis,2008-07-31,-0.013005500161412864
SPY,crisis,2008-08-01,-0.005585938911999147
SPY,crisis,2008-08-04,-0.00897368547322104
SPY,crisis,2008-08-05,0.028349654889731443
SPY,crisis,2008-08-06,0.0037975921311061618
SPY,crisis,2008-08-07,-0.017955548427964173
SPY,crisis,2008-08-08,0.02354704133463542
SPY,crisis,2008-08-11,0.007139960849641536
SPY,crisis,2008-08-12,-0.012039591438290594
SPY,crisis,2008-08-13,-0.002592512549858256
SPY,crisis,2008-08-14,0.005543344386333982
SPY,crisis,2008-08-15,0.004162800016249614
SPY,crisis,2008-08-18,-0.015083667308391486
SPY,crisis,2008-08-19,-0.009240194806512243
SPY,crisis,2008-08-20,0.0062208030772315775
SPY,crisis,2008-08-21,0.00254649687637448
SPY,crisis,2008-08-22,0.011338229967248621
SPY,crisis,2008-08-25,-0.019752639240786192
SPY,crisis,2008-08-26,0.0036782206331017614
SPY,crisis,2008-08-27,0.00808957338390213
SPY,crisis,2008-08-28,0.014824847847402374
SPY,crisis,2008-08-29,-0.013720115848364266
SPY,crisis,2008-09-02,-0.004055829212248373
SPY,crisis,2008-09-03,-0.001526938290610479
SPY,crisis,2008-09-04,-0.030215071132783513
SPY,crisis,2008-09-05,0.0044303274229276395
SPY,crisis,2008-09-08,0.020370312251592602
SPY,crisis,2008-09-09,-0.03455947179887302
SPY,crisis,2008-09-10,0.00614927902463476
SPY,crisis,2008-09-11,0.01395474943891463
SPY,crisis,2008-09-12,0.0021110668523828865
SPY,crisis,2008-09-15,-0.048014490087525064
SPY,crisis,2008-09-16,0.01728746378281602
SPY,crisis,2008-09-17,-0.048003627777301064
SPY,crisis,2008-09-18,0.04249691745223589
SPY,crisis,2008-09-19,0.03373392417065219
SPY,crisis,2008-09-22,-0.03893316469490617
SPY,crisis,2008-09-23,-0.015729912191890735
SPY,crisis,2008-09-24,-0.0019666607202702665
SPY,crisis,2008-09-25,0.019462915975153334
SPY,crisis,2008-09-26,0.003387996381382579
SPY,crisis,2008-09-29,-0.09192886931562141
SPY,crisis,2008-09-30,0.05276473069763264
SPY,crisis,2008-10-01,-0.004405247810071329
SPY,crisis,2008-10-02,-0.04094308984084134
SPY,crisis,2008-10-03,-0.01357365069550738
SPY,crisis,2008-10-06,-0.03923389260999741
SPY,crisis,2008-10-07,-0.05901383939175291
SPY,crisis,2008-10-08,-0.010842215068334764
SPY,crisis,2008-10-09,-0.07909409968858307
SPY,crisis,2008-10-10,-0.011724613794614874
SPY,crisis,2008-10-13,0.10939778703775864
SPY,crisis,2008-10-14,-0.005318357496559751
SPY,crisis,2008-10-15,-0.0944413453254728
SPY,crisis,2008-10-16,0.041579427961411126
SPY,crisis,2008-10-17,-0.006212796658640682
SPY,crisis,2008-10-20,0.04649607917705408
SPY,crisis,2008-10-21,-0.031222503575497846
SPY,crisis,2008-10-22,-0.06263123109049655
SPY,crisis,2008-10-23,0.012556236831688822
SPY,crisis,2008-10-24,-0.03504941990732051
SPY,crisis,2008-10-27,-0.032213206498259456
SPY,crisis,2008-10-28,0.10225292234660822
SPY,crisis,2008-10-29,-0.010974037299843541
SPY,crisis,2008-10-30,0.025600192034982306
SPY,crisis,2008-10-31,0.015218197405272839
SPY,crisis,2008-11-03,-0.0025215164229572267
SPY,crisis,2008-11-04,0.039927768159986825
SPY,crisis,2008-11-05,-0.05338939005738443
SPY,crisis,2008-11-06,-0.05113483891113665
SPY,crisis,2008-11-07,0.028689458183713556
SPY,crisis,2008-11-10,-0.012561296321498513
SPY,crisis,2008-11-11,-0.02222378639689628
SPY,crisis,2008-11-12,-0.052599405994870216
SPY,crisis,2008-11-13,0.06676323947961679
SPY,crisis,2008-11-14,-0.04222997527236176
SPY,crisis,2008-11-17,-0.02599814428036143
SPY,crisis,2008-11-18,0.010067556550680902
SPY,crisis,2008-11-19,-0.0626498559633313
SPY,crisis,2008-11-20,-0.06912373877815517
SPY,crisis,2008-11-21,0.061215344386304105
SPY,crisis,2008-11-24,0.062408325497384246
SPY,crisis,2008-11-25,0.006644446788682071
SPY,crisis,2008-11-26,0.0349109344145685
SPY,crisis,2008-11-28,0.009567344130808352
SPY,crisis,2008-12-01,-0.09293279286004838
SPY,crisis,2008-12-02,0.03899079175795289
SPY,crisis,2008-12-03,0.02589009066688061
SPY,crisis,2008-12-04,-0.029512314053473567
SPY,crisis,2008-12-05,0.03561821855574346
SPY,crisis,2008-12-08,0.037608051929348185
SPY,crisis,2008-12-09,-0.023214610094727393
SPY,crisis,2008-12-10,0.011852947016488405
SPY,crisis,2008-12-11,-0.028482047971689618
SPY,crisis,2008-12-12,0.00695772797553913
SPY,crisis,2008-12-15,-0.012635478818216792
SPY,crisis,2008-12-16,0.04974784005333995
SPY,crisis,2008-12-17,-0.00952524648979754
SPY,crisis,2008-12-18,-0.021069932195580555
SPY,crisis,2008-12-19,-0.0052439021601495064
SPY,crisis,2008-12-22,-0.018399760387304127
SPY,crisis,2008-12-23,-0.00957742593796231
SPY,crisis,2008-12-24,0.006234792790526957
SPY,crisis,2008-12-26,0.005326937256193217
SPY,crisis,2008-12-29,-0.003384141546472986
SPY,crisis,2008-12-30,0.0242883699813524
SPY,crisis,2008-12-31,0.014073703028510949
SPY,crisis,2009-01-02,0.031487807291972356
SPY,crisis,2009-01-05,-0.004654909013226876
SPY,crisis,2009-01-06,0.007772566230145429
SPY,crisis,2009-01-07,-0.029861643422841783
SPY,crisis,2009-01-08,0.0034292462037160535
SPY,crisis,2009-01-09,-0.021508067208820533
SPY,crisis,2009-01-12,-0.022794308163658322
SPY,crisis,2009-01-13,0.0018192490108230209
SPY,crisis,2009-01-14,-0.033875318265801674
SPY,crisis,2009-01-15,0.0013623851682616967
SPY,crisis,2009-01-16,0.007512185919913633
SPY,crisis,2009-01-20,-0.054164795360596166
SPY,crisis,2009-01-21,0.04272166354411062
SPY,crisis,2009-01-22,-0.015228600627046411
SPY,crisis,2009-01-23,0.005347717990530152
SPY,crisis,2009-01-26,0.005531737781477602
SPY,crisis,2009-01-27,0.010839142609915607
SPY,crisis,2009-01-28,0.03307098735633868
SPY,crisis,2009-01-29,-0.03354898193295054
SPY,crisis,2009-01-30,-0.02300722155472779
SPY,crisis,2009-02-02,-0.0005337579906698295
SPY,crisis,2009-02-03,0.015693561263146374
SPY,crisis,2009-02-04,-0.0067351597219784875
SPY,crisis,2009-02-05,0.01625074279081819
SPY,crisis,2009-02-06,0.026860992546490572
SPY,crisis,2009-02-09,0.0015136593695587032
SPY,crisis,2009-02-10,-0.05017753530051705
SPY,crisis,2009-02-11,0.008326794806921714
SPY,crisis,2009-02-12,0.001956392645368848
SPY,crisis,2009-02-13,-0.009900057411229433
SPY,crisis,2009-02-17,-0.046247662546615775
SPY,crisis,2009-02-18,-0.0007537050430027998
SPY,crisis,2009-02-19,-0.011374075311549358
SPY,crisis,2009-02-20,-0.011210583246302827
SPY,crisis,2009-02-23,-0.03508647331214745
SPY,crisis,2009-02-24,0.039100862086076764
SPY,crisis,2009-02-25,-0.010415386093183533
SPY,crisis,2009-02-26,-0.015583385990775005
SPY,crisis,2009-02-27,-0.02365934830760459
SPY,crisis,2009-03-02,-0.04740126586589574
SPY,crisis,2009-03-03,-0.0063668132993519476
SPY,crisis,2009-03-04,0.023691486368400915
SPY,crisis,2009-03-05,-0.04309647289803679
SPY,crisis,2009-03-06,0.0014496972538090877
SPY,crisis,2009-03-09,-0.009775215094649133
SPY,crisis,2009-03-10,0.06121249171905725
SPY,crisis,2009-03-11,0.002753498712905845
SPY,crisis,2009-03-12,0.03980336828043321
SPY,crisis,2009-03-13,0.007678159289911635
SPY,crisis,2009-03-16,-0.0034802648077595904
SPY,crisis,2009-03-17,0.031413923797643205
SPY,crisis,2009-03-18,0.020521648149679456
SPY,crisis,2009-03-19,-0.012971323278956885
SPY,crisis,2009-03-20,-0.02708707636182805
SPY,crisis,2009-03-23,0.06852851110111544
SPY,crisis,2009-03-24,-0.020354935289123577
SPY,crisis,2009-03-25,0.009576673385257169
SPY,crisis,2009-03-26,0.023031220907466968
SPY,crisis,2009-03-27,-0.0203338400581788
SPY,crisis,2009-03-30,-0.03533629392959734
SPY,crisis,2009-03-31,0.013024357969788111
SPY,crisis,2009-04-01,0.016585618258103042
SPY,crisis,2009-04-02,0.028347455774029976
SPY,crisis,2009-04-03,0.009683969687735829
SPY,crisis,2009-04-06,-0.00830778004533821
SPY,crisis,2009-04-07,-0.023474136145576256
SPY,crisis,2009-04-08,0.011714867974508065
SPY,crisis,2009-04-09,0.037289723664844676
SPY,crisis,2009-04-13,0.002605707646897934
SPY,crisis,2009-04-14,-0.020210715325262304
SPY,crisis,2009-04-15,0.012457751336531108
SPY,crisis,2009-04-16,0.015419324953190153
SPY,crisis,2009-04-17,0.004929506540746312
SPY,crisis,2009-04-20,-0.043612755776667504
SPY,crisis,2009-04-21,0.020976760702567224
SPY,crisis,2009-04-22,-0.007491916189933573
SPY,crisis,2009-04-23,0.009862200742485528
SPY,crisis,2009-04-24,0.01661253112352472
SPY,crisis,2009-04-27,-0.010086392867329867
SPY,crisis,2009-04-28,-0.002703296246174958
SPY,crisis,2009-04-29,0.021455178679196392
SPY,crisis,2009-04-30,-0.0008938591421800089
SPY,crisis,2009-05-01,0.00538754408327719
SPY,crisis,2009-05-04,0.033221980205261896
SPY,crisis,2009-05-05,-0.0036644195265864874
SPY,crisis,2009-05-06,0.01756323645559164
SPY,crisis,2009-05-07,-0.013189250377256802
SPY,crisis,2009-05-08,0.02371265841493043
SPY,crisis,2009-05-11,-0.02132294096921186
SPY,crisis,2009-05-12,-0.0009303323154681367
SPY,crisis,2009-05-13,-0.026754203749215083
SPY,crisis,2009-05-14,0.010377548557908668
SPY,crisis,2009-05-15,-0.01126383003906644
SPY,crisis,2009-05-18,0.029914006984084876
SPY,crisis,2009-05-19,-0.0015574467232335667
SPY,crisis,2009-05-20,-0.005048025619866207
SPY,crisis,2009-05-21,-0.01653550102663707
SPY,crisis,2009-05-22,-0.0014821957795529248
SPY,crisis,2009-05-26,0.025852637104282816
SPY,crisis,2009-05-27,-0.01888701069932467
SPY,crisis,2009-05-28,0.01540016682098981
SPY,crisis,2009-05-29,0.013413470965351258
SPY,crisis,2009-06-01,0.025414479421666938
SPY,crisis,2009-06-02,0.002016337252266731
SPY,crisis,2009-06-03,-0.013574545881092163
SPY,crisis,2009-06-04,0.011550834108039792
SPY,crisis,2009-06-05,-0.002456520550426238
SPY,crisis,2009-06-08,-0.0008012305175725758
SPY,crisis,2009-06-09,0.003532462787086505
SPY,crisis,2009-06-10,-0.0034268844493698485
SPY,crisis,2009-06-11,0.006314377563800905
SPY,crisis,2009-06-12,0.0014102899708214967
SPY,crisis,2009-06-15,-0.023924162423699366
SPY,crisis,2009-06-16,-0.012733851507387912
SPY,crisis,2009-06-17,-0.0013585418120639309
SPY,crisis,2009-06-18,0.008469372256550698
SPY,crisis,2009-06-19,-0.0025313087547056586
SPY,crisis,2009-06-22,-0.030776587714419202
SPY,crisis,2009-06-23,0.002315062958579949
SPY,crisis,2009-06-24,0.006525152933669166
SPY,crisis,2009-06-25,0.021213993012453792
SPY,crisis,2009-06-26,-0.001269429778140495
SPY,crisis,2009-06-29,0.009044394534613047
SPY,crisis,2009-06-30,-0.008478811898917325
SPY,crisis,2009-07-01,0.004457521851559383
SPY,crisis,2009-07-02,-0.029542469263693173
SPY,crisis,2009-07-06,0.00258046170017702
SPY,crisis,2009-07-07,-0.01986433713664155
SPY,crisis,2009-07-08,-0.0010773452973326509
SPY,crisis,2009-07-09,0.0035437176995879176
SPY,crisis,2009-07-10,-0.004037164676954759
SPY,crisis,2009-07-13,0.024700142123089245
SPY,crisis,2009-07-14,0.005286367808669774
SPY,crisis,2009-07-15,0.02919282852870005
SPY,crisis,2009-07-16,0.008629980084874578
SPY,crisis,2009-07-17,-0.00039878649503337783
SPY,crisis,2009-07-20,0.011351928693793496
SPY,crisis,2009-07-21,0.003627761175881123
SPY,crisis,2009-07-22,-0.0003505084991803171
SPY,crisis,2009-07-23,0.022993298657240816
SPY,crisis,2009-07-24,0.003026892705908623
SPY,crisis,2009-07-27,0.0029638294703394474
SPY,crisis,2009-07-28,-0.002601062692762659
SPY,crisis,2009-07-29,-0.004442888601665096
SPY,crisis,2009-07-30,0.011927122824307083
SPY,crisis,2009-07-31,0.0007260748824952032
SPY,crisis,2009-08-03,0.015195993594542639
SPY,crisis,2009-08-04,0.003027337924707731
SPY,crisis,2009-08-05,-0.0025741743195615385
SPY,crisis,2009-08-06,-0.005485419436350989
SPY,crisis,2009-08-07,0.013325947237280025
SPY,crisis,2009-08-10,-0.0033147789774467702
SPY,crisis,2009-08-11,-0.012389001167426719
SPY,crisis,2009-08-12,0.011785860236180461
SPY,crisis,2009-08-13,0.006904011678330819
SPY,crisis,2009-08-14,-0.008542480588674177
SPY,crisis,2009-08-17,-0.02427547134447576
SPY,crisis,2009-08-18,0.010232888428162255
SPY,crisis,2009-08-19,0.006943470777738762
SPY,crisis,2009-08-20,0.010901183498602427
SPY,crisis,2009-08-21,0.018556126119116095
SPY,crisis,2009-08-24,-0.000531888344516173
SPY,crisis,2009-08-25,0.0023602419935782274
SPY,crisis,2009-08-26,0.00021617293143068778
SPY,crisis,2009-08-27,0.0028780651231101093
SPY,crisis,2009-08-28,-0.0018513342522524312
SPY,crisis,2009-08-31,-0.008036162650441976
SPY,crisis,2009-09-01,-0.022235481337353504
SPY,crisis,2009-09-02,-0.0030376123161241345
SPY,crisis,2009-09-03,0.0085301606566612
SPY,crisis,2009-09-04,0.013026959667643697
SPY,crisis,2009-09-08,0.00892144362751367
SPY,crisis,2009-09-09,0.007764002507313951
SPY,crisis,2009-09-10,0.010325454506029503
SPY,crisis,2009-09-11,-0.0011431771659659907
SPY,crisis,2009-09-14,0.006304439140818499
SPY,crisis,2009-09-15,0.0031233552282423143
SPY,crisis,2009-09-16,0.015159901664911556
SPY,crisis,2009-09-17,-0.002915348355046391
SPY,crisis,2009-09-18,-0.0021210548486836674
SPY,crisis,2009-09-21,-0.003403967703145492
SPY,crisis,2009-09-22,0.006581611260329638
SPY,crisis,2009-09-23,-0.010120379555910039
SPY,crisis,2009-09-24,-0.0093814958119099
SPY,crisis,2009-09-25,-0.0061153818523954784
SPY,crisis,2009-09-28,0.017823042311916143
SPY,crisis,2009-09-29,-0.0022105512854339944
SPY,crisis,2009-09-30,-0.0032383785817740787
SPY,crisis,2009-10-01,-0.026078831492141165
SPY,crisis,2009-10-02,-0.0044793870752769865
SPY,crisis,2009-10-05,0.014769921334885609
SPY,crisis,2009-10-06,0.013622545232114052
SPY,crisis,2009-10-07,0.0032290059693684376
SPY,crisis,2009-10-08,0.007431941049137153
SPY,crisis,2009-10-09,0.005633784948471869
SPY,crisis,2009-10-12,0.004370650724567594
SPY,crisis,2009-10-13,-0.0027233938356775273
SPY,crisis,2009-10-14,0.017411600030193392
SPY,crisis,2009-10-15,0.004138008985753528
SPY,crisis,2009-10-16,-0.008121187267558495
SPY,crisis,2009-10-19,0.009341043451592436
SPY,crisis,2009-10-20,-0.006230733518445184
SPY,crisis,2009-10-21,-0.008740989698089513
SPY,crisis,2009-10-22,0.010635448260555435
SPY,crisis,2009-10-23,-0.012240985756551878
SPY,crisis,2009-10-26,-0.011767417950480455
SPY,crisis,2009-10-27,-0.003288936238062279
SPY,crisis,2009-10-28,-0.01957325066326068
SPY,crisis,2009-10-29,0.022315557399116937
SPY,crisis,2009-10-30,-0.028413286947472357
SPY,crisis,2009-11-02,0.0064218184003784744
SPY,crisis,2009-11-03,0.002420843136797511
SPY,crisis,2009-11-04,0.0013957822692052036
SPY,crisis,2009-11-05,0.019115922539450693
SPY,crisis,2009-11-06,0.002620977526470703
SPY,crisis,2009-11-09,0.02218550863930369
SPY,crisis,2009-11-10,0.00018223245320508316
SPY,crisis,2009-11-11,0.004997814441221238
SPY,crisis,2009-11-12,-0.01014778001684213
SPY,crisis,2009-11-13,0.005706826573007925
SPY,crisis,2009-11-16,0.014518437275102675
SPY,crisis,2009-11-17,0.0010315144125988688
SPY,crisis,2009-11-18,-0.00031808155465970755
SPY,crisis,2009-11-19,-0.013471652145124604
SPY,crisis,2009-11-20,-0.0030407369564308274
SPY,crisis,2009-11-23,0.01352039523773132
SPY,crisis,2009-11-24,-0.00047082715127263016
SPY,crisis,2009-11-25,0.004601159622307078
SPY,crisis,2009-11-27,-0.017084946622476366
SPY,crisis,2009-11-30,0.0038692651556970236
SPY,crisis,2009-12-01,0.012001647722903873
SPY,crisis,2009-12-02,0.00046567012307064325
SPY,crisis,2009-12-03,-0.008368210275997887
SPY,crisis,2009-12-04,0.00546789844184976
SPY,crisis,2009-12-07,-0.002416142899081175
SPY,crisis,2009-12-08,-0.010138095205339794
SPY,crisis,2009-12-09,0.003750850523191572
SPY,crisis,2009-12-10,0.005891577251022484
SPY,crisis,2009-12-11,0.003821221394120008
SPY,crisis,2009-12-14,0.006947605151438438
SPY,crisis,2009-12-15,-0.0055418092728149225
SPY,crisis,2009-12-16,0.001138749117607065
SPY,crisis,2009-12-17,-0.011778510552526902
SPY,crisis,2009-12-18,0.0004395596543720083
SPY,crisis,2009-12-21,0.010472530331036324
SPY,crisis,2009-12-22,0.003584527354740632
SPY,crisis,2009-12-23,0.0025080087684604636
SPY,crisis,2009-12-24,0.005231908308007711
SPY,crisis,2009-12-28,0.0012833125688195826
SPY,crisis,2009-12-29,-0.001098824530682836
SPY,crisis,2009-12-30,0.0003116747691360444
SPY,crisis,2009-12-31,-0.010058464804126019
SPY,high_vol,2017-01-03,0.008474727977029308
SPY,high_vol,2017-01-04,0.005933137823204954
SPY,high_vol,2017-01-05,-0.0007707942405970487
SPY,high_vol,2017-01-06,0.0038215758090767125
SPY,high_vol,2017-01-09,-0.0035330236748342624
SPY,high_vol,2017-01-10,6.814907391407567e-06
SPY,high_vol,2017-01-11,0.0029123927892983053
SPY,high_vol,2017-01-12,-0.002126185681620348
SPY,high_vol,2017-01-13,0.0018367832359664203
SPY,high_vol,2017-01-17,-0.0029786686439220835
SPY,high_vol,2017-01-18,0.0019250451269700178
SPY,high_vol,2017-01-19,-0.0035973149804341973
SPY,high_vol,2017-01-20,0.003390579181457094
SPY,high_vol,2017-01-23,-0.0026684518513312334
SPY,high_vol,2017-01-24,0.0065408885510351965
SPY,high_vol,2017-01-25,0.00799402221277253
SPY,high_vol,2017-01-26,-0.0007169288129195046
SPY,high_vol,2017-01-27,-0.0008241390973316721
SPY,high_vol,2017-01-30,-0.005978537752997208
SPY,high_vol,2017-01-31,-0.0008871208027092722
SPY,high_vol,2017-02-01,0.0005231660492187135
SPY,high_vol,2017-02-02,0.0006246002633266822
SPY,high_vol,2017-02-03,0.0073095404525211
SPY,high_vol,2017-02-06,-0.002109671334585801
SPY,high_vol,2017-02-07,0.00027287139006252275
SPY,high_vol,2017-02-08,0.0009980045692012595
SPY,high_vol,2017-02-09,0.005908987491414025
SPY,high_vol,2017-02-10,0.0036012816158204467
SPY,high_vol,2017-02-13,0.005472113117085473
SPY,high_vol,2017-02-14,0.004278094768721955
SPY,high_vol,2017-02-15,0.005112295498119564
SPY,high_vol,2017-02-16,-0.0007645104551899741
SPY,high_vol,2017-02-17,0.001685771026152316
SPY,high_vol,2017-02-21,0.006010040700138346
SPY,high_vol,2017-02-22,-0.0009882891520768251
SPY,high_vol,2017-02-23,0.0005254749731349728
SPY,high_vol,2017-02-24,0.0017194069538085596
SPY,high_vol,2017-02-27,0.0011533429131770343
SPY,high_vol,2017-02-28,-0.0025435918841767995
SPY,high_vol,2017-03-01,0.013714611366279475
SPY,high_vol,2017-03-02,-0.005782887895295396
SPY,high_vol,2017-03-03,0.0005227534658519176
SPY,high_vol,2017-03-06,-0.003251472516483836
SPY,high_vol,2017-03-07,-0.002840630775936704
SPY,high_vol,2017-03-08,-0.0019814542886644245
SPY,high_vol,2017-03-09,0.0008044301768917415
SPY,high_vol,2017-03-10,0.003266043498937803
SPY,high_vol,2017-03-13,0.0006887389278092802
SPY,high_vol,2017-03-14,-0.003322737028758357
SPY,high_vol,2017-03-15,0.008323526328050222
SPY,high_vol,2017-03-16,-0.001583945347589593
SPY,high_vol,2017-03-17,-0.005664233462340662
SPY,high_vol,2017-03-20,-0.001985378878925613
SPY,high_vol,2017-03-21,-0.012405269441945192
SPY,high_vol,2017-03-22,0.001920285348262599
SPY,high_vol,2017-03-23,-0.0010510973222355616
SPY,high_vol,2017-03-24,-0.0008542654563601798
SPY,high_vol,2017-03-27,-0.0010202686630610682
SPY,high_vol,2017-03-28,0.007230305039847746
SPY,high_vol,2017-03-29,0.0012815741218474505
SPY,high_vol,2017-03-30,0.002956838959624849
SPY,high_vol,2017-03-31,-0.002263081313689355
SPY,high_vol,2017-04-03,-0.0016026983024474608
SPY,high_vol,2017-04-04,0.0007154524352152076
SPY,high_vol,2017-04-05,-0.00295910488328492
SPY,high_vol,2017-04-06,0.0022199855727734635
SPY,high_vol,2017-04-07,-0.0008278049240712597
SPY,high_vol,2017-04-10,0.0007362551568220212
SPY,high_vol,2017-04-11,-0.0012973633922891649
SPY,high_vol,2017-04-12,-0.003748702336585392
SPY,high_vol,2017-04-13,-0.006833694746039749
SPY,high_vol,2017-04-17,0.008564377293690403
SPY,high_vol,2017-04-18,-0.002874988649036378
SPY,high_vol,2017-04-19,-0.001577883166206925
SPY,high_vol,2017-04-20,0.007551587112138685
SPY,high_vol,2017-04-21,-0.0030474048932328302
SPY,high_vol,2017-04-24,0.010791318931062492
SPY,high_vol,2017-04-25,0.0060647196021980055
SPY,high_vol,2017-04-26,-0.0004753251117590343
SPY,high_vol,2017-04-27,0.0006563848430163081
SPY,high_vol,2017-04-28,-0.001907826439848399
SPY,high_vol,2017-05-01,0.001733276959881979
SPY,high_vol,2017-05-02,0.0011878534754290184
SPY,high_vol,2017-05-03,-0.0010653990596322326
SPY,high_vol,2017-05-04,0.0006363219643215178
SPY,high_vol,2017-05-05,0.004073188160048205
SPY,high_vol,2017-05-08,0.0001526855888744653
SPY,high_vol,2017-05-09,-0.0009794914426523743
SPY,high_vol,2017-05-10,0.0015093050545149157
SPY,high_vol,2017-05-11,-0.0018455383102519048
SPY,high_vol,2017-05-12,-0.001464987344716892
SPY,high_vol,2017-05-15,0.0048731849636824915
SPY,high_vol,2017-05-16,-0.00048436262981682305
SPY,high_vol,2017-05-17,-0.017979595170638574
SPY,high_vol,2017-05-18,0.003685821596811789
SPY,high_vol,2017-05-19,0.00673177692196338
SPY,high_vol,2017-05-22,0.00514941563293907
SPY,high_vol,2017-05-23,0.0018468959832299314
SPY,high_vol,2017-05-24,0.002513367447879536
SPY,high_vol,2017-05-25,0.004558997431478426
SPY,high_vol,2017-05-26,0.00043312099389305965
SPY,high_vol,2017-05-30,-0.0010470300255030992
SPY,high_vol,2017-05-31,-0.0003066734935876968
SPY,high_vol,2017-06-01,0.007631304013473279
SPY,high_vol,2017-06-02,0.0036949711862846305
SPY,high_vol,2017-06-05,-0.0011805657553802722
SPY,high_vol,2017-06-06,-0.0027769250465749253
SPY,high_vol,2017-06-07,0.0017700148767270738
SPY,high_vol,2017-06-08,0.00029352141847840496
SPY,high_vol,2017-06-09,-0.000838252464310183
SPY,high_vol,2017-06-12,-0.000908779246260877
SPY,high_vol,2017-06-13,0.0047335459256394015
SPY,high_vol,2017-06-14,-0.0009172462792286465
SPY,high_vol,2017-06-15,-0.0020506472614151908
SPY,high_vol,2017-06-16,-0.00458336100762289
SPY,high_vol,2017-06-19,0.008319986142829883
SPY,high_vol,2017-06-20,-0.006711304243220945
SPY,high_vol,2017-06-21,-0.0004968162374495423
SPY,high_vol,2017-06-22,-0.0004509518637839452
SPY,high_vol,2017-06-23,0.001548785927960228
SPY,high_vol,2017-06-26,0.00032398800645476857
SPY,high_vol,2017-06-27,-0.008097520510938505
SPY,high_vol,2017-06-28,0.008961786188945357
SPY,high_vol,2017-06-29,-0.008603627877727801
SPY,high_vol,2017-06-30,0.0015798589659819658
SPY,high_vol,2017-07-03,0.0023903261077544077
SPY,high_vol,2017-07-05,0.0016451992234541384
SPY,high_vol,2017-07-06,-0.009041672290914796
SPY,high_vol,2017-07-07,0.006379357106678105
SPY,high_vol,2017-07-10,0.0009245510532786849
SPY,high_vol,2017-07-11,-0.0007740726478063413
SPY,high_vol,2017-07-12,0.007351555117142665
SPY,high_vol,2017-07-13,0.0018963011507912978
SPY,high_vol,2017-07-14,0.004659448700500911
SPY,high_vol,2017-07-17,-2.2107489367590247e-05
SPY,high_vol,2017-07-18,0.0006136434177429261
SPY,high_vol,2017-07-19,0.005429116604221997
SPY,high_vol,2017-07-20,-8.770365511017413e-05
SPY,high_vol,2017-07-21,-0.0003632931796528131
SPY,high_vol,2017-07-24,-0.001038981156043585
SPY,high_vol,2017-07-25,0.0029126067840315045
SPY,high_vol,2017-07-26,0.00028001283476417787
SPY,high_vol,2017-07-27,-0.0008655586935688357
SPY,high_vol,2017-07-28,-0.0013170350311931594
SPY,high_vol,2017-07-31,-0.0007243811486042993
SPY,high_vol,2017-08-01,0.0024434348066611246
SPY,high_vol,2017-08-02,0.000678317703585864
SPY,high_vol,2017-08-03,-0.0019935962700807276
SPY,high_vol,2017-08-04,0.0018951297494788927
SPY,high_vol,2017-08-07,0.0016703262405832755
SPY,high_vol,2017-08-08,-0.002287708552483308
SPY,high_vol,2017-08-09,-0.0002499927695964496
SPY,high_vol,2017-08-10,-0.014172768619570075
SPY,high_vol,2017-08-11,0.0013320600429714484
SPY,high_vol,2017-08-14,0.010004443570616245
SPY,high_vol,2017-08-15,-0.00026694108176222034
SPY,high_vol,2017-08-16,0.0016938191393084624
SPY,high_vol,2017-08-17,-0.015448306672298353
SPY,high_vol,2017-08-18,-0.0018138594161977869
SPY,high_vol,2017-08-21,0.0011815228535088861
SPY,high_vol,2017-08-22,0.009882703369067622
SPY,high_vol,2017-08-23,-0.0033585454208271
SPY,high_vol,2017-08-24,-0.0020510383053929443
SPY,high_vol,2017-08-25,0.001772526782673857
SPY,high_vol,2017-08-28,0.0005258273450343743
SPY,high_vol,2017-08-29,0.0009735327761846901
SPY,high_vol,2017-08-30,0.004836260876271784
SPY,high_vol,2017-08-31,0.005711378535546763
SPY,high_vol,2017-09-01,0.0020924537354820387
SPY,high_vol,2017-09-05,-0.007551959340187645
SPY,high_vol,2017-09-06,0.00311690303192879
SPY,high_vol,2017-09-07,4.3123369692820594e-05
SPY,high_vol,2017-09-08,-0.0014455001478099235
SPY,high_vol,2017-09-11,0.010740962249318054
SPY,high_vol,2017-09-12,0.003403077905947384
SPY,high_vol,2017-09-13,0.0007698366821817243
SPY,high_vol,2017-09-14,-0.0007780636166127618
SPY,high_vol,2017-09-15,-0.0029835407323412365
SPY,high_vol,2017-09-18,0.0014924845113476676
SPY,high_vol,2017-09-19,0.0011171372056612019
SPY,high_vol,2017-09-20,0.0006318374023249199
SPY,high_vol,2017-09-21,-0.0030136949328763997
SPY,high_vol,2017-09-22,0.0006670703842015371
SPY,high_vol,2017-09-25,-0.0022266033994984835
SPY,high_vol,2017-09-26,0.00014947384661559616
SPY,high_vol,2017-09-27,0.004073055045470562
SPY,high_vol,2017-09-28,0.0014032172249792496
SPY,high_vol,2017-09-29,0.003719026142470126
SPY,high_vol,2017-10-02,0.0038745768008189
SPY,high_vol,2017-10-03,0.002192731589911337
SPY,high_vol,2017-10-04,0.001308179007892276
SPY,high_vol,2017-10-05,0.005792952027661115
SPY,high_vol,2017-10-06,-0.0007672908357905081
SPY,high_vol,2017-10-09,-0.001810627149700899
SPY,high_vol,2017-10-10,0.0023403032554087976
SPY,high_vol,2017-10-11,0.0018095433198457812
SPY,high_vol,2017-10-12,-0.0016009680162025444
SPY,high_vol,2017-10-13,0.0008946585348843138
SPY,high_vol,2017-10-16,0.0017648117768494752
SPY,high_vol,2017-10-17,0.0006671851537346595
SPY,high_vol,2017-10-18,0.0007812410079312286
SPY,high_vol,2017-10-19,0.00040945409190159757
SPY,high_vol,2017-10-20,0.005156382431581196
SPY,high_vol,2017-10-23,-0.003949210212194213
SPY,high_vol,2017-10-24,0.001637592642943306
SPY,high_vol,2017-10-25,-0.004667286466724733
SPY,high_vol,2017-10-26,0.0012684960873927068
SPY,high_vol,2017-10-27,0.008014113582981897
SPY,high_vol,2017-10-30,-0.0031148534534806965
SPY,high_vol,2017-10-31,0.0009752048666449785
SPY,high_vol,2017-11-01,0.0015872723996442856
SPY,high_vol,2017-11-02,0.0003006599213594972
SPY,high_vol,2017-11-03,0.0031706218136833535
SPY,high_vol,2017-11-06,0.0013439200234305075
SPY,high_vol,2017-11-07,-0.0001924953210665546
SPY,high_vol,2017-11-08,0.0014567911345002996
SPY,high_vol,2017-11-09,-0.0035184652675284175
SPY,high_vol,2017-11-10,-0.0005436568411314234
SPY,high_vol,2017-11-13,0.000995546229375426
SPY,high_vol,2017-11-14,-0.0021500811669607042
SPY,high_vol,2017-11-15,-0.0052935825477727445
SPY,high_vol,2017-11-16,0.008458859610943977
SPY,high_vol,2017-11-17,-0.0025482043540077815
SPY,high_vol,2017-11-20,0.0013035018142443049
SPY,high_vol,2017-11-21,0.006507693025293976
SPY,high_vol,2017-11-22,-0.0006661965012949037
SPY,high_vol,2017-11-24,0.002085157090301772
SPY,high_vol,2017-11-27,-0.00027181593825470956
SPY,high_vol,2017-11-28,0.009809367771509208
SPY,high_vol,2017-11-29,-0.00023261033370937948
SPY,high_vol,2017-11-30,0.008485994143289053
SPY,high_vol,2017-12-01,-0.0019865361864932554
SPY,high_vol,2017-12-04,-0.0010222561607576618
SPY,high_vol,2017-12-05,-0.003688960937872545
SPY,high_vol,2017-12-06,-9.099327520742085e-05
SPY,high_vol,2017-12-07,0.0030812307434287312
SPY,high_vol,2017-12-08,0.0055607819078060255
SPY,high_vol,2017-12-11,0.0031819227650191286
SPY,high_vol,2017-12-12,0.0015735342377051192
SPY,high_vol,2017-12-13,-0.00042812725748046993
SPY,high_vol,2017-12-14,-0.0038939312290200852
SPY,high_vol,2017-12-15,0.0038843261113651892
SPY,high_vol,2017-12-18,0.0053869456132589495
SPY,high_vol,2017-12-19,-0.0032172439141640503
SPY,high_vol,2017-12-20,-0.0006989246791242177
SPY,high_vol,2017-12-21,0.0019852473642251486
SPY,high_vol,2017-12-22,-0.0004644351615101297
SPY,high_vol,2017-12-26,-0.0010132035320334926
SPY,high_vol,2017-12-27,0.0008587078853962873
SPY,high_vol,2017-12-28,0.002016329351158615
SPY,high_vol,2017-12-29,-0.005138141607501217
SPY,high_vol,2018-01-02,0.008298986582050407
SPY,high_vol,2018-01-03,0.006366478699390699
SPY,high_vol,2018-01-04,0.004225859957288744
SPY,high_vol,2018-01-05,0.006993040070288251
SPY,high_vol,2018-01-08,0.0016741449485477896
SPY,high_vol,2018-01-09,0.0016025616082288472
SPY,high_vol,2018-01-10,-0.0011014379755554017
SPY,high_vol,2018-01-11,0.007080871684375962
SPY,high_vol,2018-01-12,0.006714112000940353
SPY,high_vol,2018-01-16,-0.0035092933908709924
SPY,high_vol,2018-01-17,0.009353832576669911
SPY,high_vol,2018-01-18,-0.001526904804798184
SPY,high_vol,2018-01-19,0.004389073827221805
SPY,high_vol,2018-01-22,0.008037306773772908
SPY,high_vol,2018-01-23,0.002204368398750416
SPY,high_vol,2018-01-24,-0.0005582407959601903
SPY,high_vol,2018-01-25,0.0006001375985073635
SPY,high_vol,2018-01-26,0.011768987670271994
SPY,high_vol,2018-01-29,-0.006681900178706863
SPY,high_vol,2018-01-30,-0.010878707502268126
SPY,high_vol,2018-01-31,0.0005069097950996456
SPY,high_vol,2018-02-01,-0.000448911389096811
SPY,high_vol,2018-02-02,-0.02134155696796523
SPY,high_vol,2018-02-05,-0.04176387958645966
SPY,high_vol,2018-02-06,0.017364270012692296
SPY,high_vol,2018-02-07,-0.004970526695444823
SPY,high_vol,2018-02-08,-0.03803541380288319
SPY,high_vol,2018-02-09,0.015099755001412779
SPY,high_vol,2018-02-12,0.013812821543999538
SPY,high_vol,2018-02-13,0.0026566263324530244
SPY,high_vol,2018-02-14,0.013566231626085251
SPY,high_vol,2018-02-15,0.012196972857240963
SPY,high_vol,2018-02-16,0.0004533467055325409
SPY,high_vol,2018-02-20,-0.00577363495257047
SPY,high_vol,2018-02-21,-0.0054722055036791045
SPY,high_vol,2018-02-22,0.001047669334930394
SPY,high_vol,2018-02-23,0.015900324162679374
SPY,high_vol,2018-02-26,0.011769986037014003
SPY,high_vol,2018-02-27,-0.012601986185257954
SPY,high_vol,2018-02-28,-0.011014168925695799
SPY,high_vol,2018-03-01,-0.013216786537215587
SPY,high_vol,2018-03-02,0.005127600622003327
SPY,high_vol,2018-03-05,0.01093810375291173
SPY,high_vol,2018-03-06,0.0026795837858776483
SPY,high_vol,2018-03-07,-0.00041520673032164875
SPY,high_vol,2018-03-08,0.004703219192108355
SPY,high_vol,2018-03-09,0.017181690012204136
SPY,high_vol,2018-03-12,-0.001269804331112487
SPY,high_vol,2018-03-13,-0.006301956963616424
SPY,high_vol,2018-03-14,-0.0054473971232083095
SPY,high_vol,2018-03-15,-0.0007173476061696047
SPY,high_vol,2018-03-16,-0.002270313647947726
SPY,high_vol,2018-03-19,-0.014291966008250969
SPY,high_vol,2018-03-20,0.0014970551838675923
SPY,high_vol,2018-03-21,-0.0017438654917078889
SPY,high_vol,2018-03-22,-0.025441153391554186
SPY,high_vol,2018-03-23,-0.021178861213806455
SPY,high_vol,2018-03-26,0.026798987270961926
SPY,high_vol,2018-03-27,-0.017430088082035576
SPY,high_vol,2018-03-28,-0.0027508159741077218
SPY,high_vol,2018-03-29,0.013715944201325193
SPY,high_vol,2018-04-02,-0.022581735113272865
SPY,high_vol,2018-04-03,0.012576008218560305
SPY,high_vol,2018-04-04,0.011567425268830329
SPY,high_vol,2018-04-05,0.006973897091093415
SPY,high_vol,2018-04-06,-0.022136597638637633
SPY,high_vol,2018-04-09,0.003621080663925082
SPY,high_vol,2018-04-10,0.016598283473320714
SPY,high_vol,2018-04-11,-0.005497500513215614
SPY,high_vol,2018-04-12,0.008334820772716375
SPY,high_vol,2018-04-13,-0.0028828662438056887
SPY,high_vol,2018-04-16,0.008093873098426877
SPY,high_vol,2018-04-17,0.010582065383824621
SPY,high_vol,2018-04-18,0.000830365616598453
SPY,high_vol,2018-04-19,-0.005609296665037852
SPY,high_vol,2018-04-20,-0.008519260900704323
SPY,high_vol,2018-04-23,5.492295135059597e-05
SPY,high_vol,2018-04-24,-0.013428023709475148
SPY,high_vol,2018-04-25,0.0018308446734911963
SPY,high_vol,2018-04-26,0.010362894460927686
SPY,high_vol,2018-04-27,0.0011578672557169473
SPY,high_vol,2018-04-30,-0.008178451369007456
SPY,high_vol,2018-05-01,0.002545322331353888
SPY,high_vol,2018-05-02,-0.007221841607638422
SPY,high_vol,2018-05-03,-0.0021484632661843144
SPY,high_vol,2018-05-04,0.0128805317638666
SPY,high_vol,2018-05-07,0.0034616593079575867
SPY,high_vol,2018-05-08,-0.0002507509738000569
SPY,high_vol,2018-05-09,0.009734582777323697
SPY,high_vol,2018-05-10,0.009525592145765295
SPY,high_vol,2018-05-11,0.0020430925550710996
SPY,high_vol,2018-05-14,0.0009269734844547471
SPY,high_vol,2018-05-15,-0.006797640423077795
SPY,high_vol,2018-05-16,0.004315699399503462
SPY,high_vol,2018-05-17,-0.0005647438121919897
SPY,high_vol,2018-05-18,-0.002555426921826577
SPY,high_vol,2018-05-21,0.007358891825687044
SPY,high_vol,2018-05-22,-0.0031163068527747264
SPY,high_vol,2018-05-23,0.0032523734335713336
SPY,high_vol,2018-05-24,-0.001982821010363121
SPY,high_vol,2018-05-25,-0.0022461497515332556
SPY,high_vol,2018-05-29,-0.011560150562679946
SPY,high_vol,2018-05-30,0.012745183459422918
SPY,high_vol,2018-05-31,-0.006660714674041864
SPY,high_vol,2018-06-01,0.010855155542854586
SPY,high_vol,2018-06-04,0.0044777179444888135
SPY,high_vol,2018-06-05,0.0007617499315171387
SPY,high_vol,2018-06-06,0.00853030935747854
SPY,high_vol,2018-06-07,-0.0005345177174655276
SPY,high_vol,2018-06-08,0.0031387949690094086
SPY,high_vol,2018-06-11,0.00106849732088988
SPY,high_vol,2018-06-12,0.0017701227499683884
SPY,high_vol,2018-06-13,-0.003979351499343207
SPY,high_vol,2018-06-14,0.002754141728350108
SPY,high_vol,2018-06-15,-0.005398484218223338
SPY,high_vol,2018-06-18,-0.00211375833174068
SPY,high_vol,2018-06-19,-0.003983930800543656
SPY,high_vol,2018-06-20,0.0017011829545425347
SPY,high_vol,2018-06-21,-0.0062603049361571895
SPY,high_vol,2018-06-22,0.0018726072587916898
SPY,high_vol,2018-06-25,-0.013799590589800731
SPY,high_vol,2018-06-26,0.002191811377618096
SPY,high_vol,2018-06-27,-0.008633382022040665
SPY,high_vol,2018-06-28,0.006278374055921855
SPY,high_vol,2018-06-29,0.0008148648280586702
SPY,high_vol,2018-07-02,0.003089065286907142
SPY,high_vol,2018-07-03,-0.00497026625764228
SPY,high_vol,2018-07-05,0.008805609944003265
SPY,high_vol,2018-07-06,0.008492439840278396
SPY,high_vol,2018-07-09,0.00905565649986827
SPY,high_vol,2018-07-10,0.0034753500341527426
SPY,high_vol,2018-07-11,-0.007107396809351955
SPY,high_vol,2018-07-12,0.00878338100293761
SPY,high_vol,2018-07-13,0.0010713612081677682
SPY,high_vol,2018-07-16,-0.0009806407684530751
SPY,high_vol,2018-07-17,0.003968179927233538
SPY,high_vol,2018-07-18,0.002152526359148169
SPY,high_vol,2018-07-19,-0.0038499903477728302
SPY,high_vol,2018-07-20,-0.0009138240535319918
SPY,high_vol,2018-07-23,0.0018312959290247956
SPY,high_vol,2018-07-24,0.004802749048137127
SPY,high_vol,2018-07-25,0.00904465506042182
SPY,high_vol,2018-07-26,-0.0030282174362205546
SPY,high_vol,2018-07-27,-0.006572390430086945
SPY,high_vol,2018-07-30,-0.005675808641201195
SPY,high_vol,2018-07-31,0.004893072402669448
SPY,high_vol,2018-08-01,-0.0010483283665896766
SPY,high_vol,2018-08-02,0.00500080972943904
SPY,high_vol,2018-08-03,0.004746654958853738
SPY,high_vol,2018-08-06,0.0036143917665886717
SPY,high_vol,2018-08-07,0.002818958450466792
SPY,high_vol,2018-08-08,-0.00023488817620207213
SPY,high_vol,2018-08-09,-0.0011832774367921115
SPY,high_vol,2018-08-10,-0.0068256418971581545
SPY,high_vol,2018-08-13,-0.003991490833276098
SPY,high_vol,2018-08-14,0.006436256916540113
SPY,high_vol,2018-08-15,-0.007425389902938221
SPY,high_vol,2018-08-16,0.0081574666968531
SPY,high_vol,2018-08-17,0.003381266086411989
SPY,high_vol,2018-08-20,0.002453166112470871
SPY,high_vol,2018-08-21,0.0020940251147432503
SPY,high_vol,2018-08-22,-0.0003702855819082497
SPY,high_vol,2018-08-23,-0.0016312702960103382
SPY,high_vol,2018-08-24,0.00615722031846949
SPY,high_vol,2018-08-27,0.0077269363413182265
SPY,high_vol,2018-08-28,0.0002727252480047085
SPY,high_vol,2018-08-29,0.005748050972335189
SPY,high_vol,2018-08-30,-0.0042659215650094435
SPY,high_vol,2018-08-31,0.00023394285867908325
SPY,high_vol,2018-09-04,-0.0015675172023156346
SPY,high_vol,2018-09-05,-0.0027891340206729364
SPY,high_vol,2018-09-06,-0.003351148966634464
SPY,high_vol,2018-09-07,-0.0021321245864707452
SPY,high_vol,2018-09-10,0.0018838680085538244
SPY,high_vol,2018-09-11,0.003778880522329561
SPY,high_vol,2018-09-12,0.00036041630831998463
SPY,high_vol,2018-09-13,0.005504579020514258
SPY,high_vol,2018-09-14,0.0004174005670344532
SPY,high_vol,2018-09-17,-0.005542730280270229
SPY,high_vol,2018-09-18,0.005364265945062613
SPY,high_vol,2018-09-19,0.0012468204953121336
SPY,high_vol,2018-09-20,0.007812167792786353
SPY,high_vol,2018-09-21,-0.004869729842196479
SPY,high_vol,2018-09-24,-0.0035242347018043484
SPY,high_vol,2018-09-25,-0.0012354238284594885
SPY,high_vol,2018-09-26,-0.003296659598853143
SPY,high_vol,2018-09-27,0.002938134256114908
SPY,high_vol,2018-09-28,2.109470159052547e-05
SPY,high_vol,2018-10-01,0.003615046105896829
SPY,high_vol,2018-10-02,-0.0003737920514521099
SPY,high_vol,2018-10-03,0.0007232494975346163
SPY,high_vol,2018-10-04,-0.007965789600949262
SPY,high_vol,2018-10-05,-0.005538179173983436
SPY,high_vol,2018-10-08,-0.0003959254823647232
SPY,high_vol,2018-10-09,-0.0011335316360940378
SPY,high_vol,2018-10-10,-0.03337569197012103
SPY,high_vol,2018-10-11,-0.020769844265404434
SPY,high_vol,2018-10-12,0.014192521688469482
SPY,high_vol,2018-10-15,-0.005894902183606937
SPY,high_vol,2018-10-16,0.021268417505014747
SPY,high_vol,2018-10-17,-0.00021267111907246388
SPY,high_vol,2018-10-18,-0.014391714623667142
SPY,high_vol,2018-10-19,-0.00034178566566526477
SPY,high_vol,2018-10-22,-0.004278564015896934
SPY,high_vol,2018-10-23,-0.005473727950200507
SPY,high_vol,2018-10-24,-0.03132445749155991
SPY,high_vol,2018-10-25,0.01843233054605798
SPY,high_vol,2018-10-26,-0.017460495505904203
SPY,high_vol,2018-10-29,-0.006565891108946724
SPY,high_vol,2018-10-30,0.015616918504540766
SPY,high_vol,2018-10-31,0.010805975923330534
SPY,high_vol,2018-11-01,0.010515985957645135
SPY,high_vol,2018-11-02,-0.0062413139927985205
SPY,high_vol,2018-11-05,0.005600470374709942
SPY,high_vol,2018-11-06,0.006300773481784916
SPY,high_vol,2018-11-07,0.020957761642922644
SPY,high_vol,2018-11-08,-0.001986867939898596
SPY,high_vol,2018-11-09,-0.009057805258950691
SPY,high_vol,2018-11-12,-0.01981911008347311
SPY,high_vol,2018-11-13,-0.0014465001284432435
SPY,high_vol,2018-11-14,-0.007316764840920509
SPY,high_vol,2018-11-15,0.010827439303482138
SPY,high_vol,2018-11-16,0.0022750432297837598
SPY,high_vol,2018-11-19,-0.016693704547452923
SPY,high_vol,2018-11-20,-0.018183514659593437
SPY,high_vol,2018-11-21,0.0031076376745327685
SPY,high_vol,2018-11-23,-0.006510794222669983
SPY,high_vol,2018-11-26,0.015468146020277298
SPY,high_vol,2018-11-27,0.0032514571025487266
SPY,high_vol,2018-11-28,0.022681138341010765
SPY,high_vol,2018-11-29,-0.001952937682539416
SPY,high_vol,2018-11-30,0.00828711516872879
SPY,high_vol,2018-12-03,0.010832219594920048
SPY,high_vol,2018-12-04,-0.03271386970375978
SPY,high_vol,2018-12-06,-0.0012075469007174788
SPY,high_vol,2018-12-07,-0.023334967943447086
SPY,high_vol,2018-12-10,0.0017553428534419905
SPY,high_vol,2018-12-11,-0.00030660052699953735
SPY,high_vol,2018-12-12,0.005386886705035321
SPY,high_vol,2018-12-13,-1.9300461769711984e-05
SPY,high_vol,2018-12-14,-0.01905962752334477
SPY,high_vol,2018-12-17,-0.020828161586438042
SPY,high_vol,2018-12-18,0.00014524496763236306
SPY,high_vol,2018-12-19,-0.015341318275650051
SPY,high_vol,2018-12-20,-0.01578797918017705
SPY,high_vol,2018-12-21,-0.026634357117659387
SPY,high_vol,2018-12-24,-0.027387289826033334
SPY,high_vol,2018-12-26,0.048386963855425964
SPY,high_vol,2018-12-27,0.00860736336417042
SPY,high_vol,2018-12-28,-0.001083691022030884
SPY,high_vol,2018-12-31,0.008572856106482667
SPY,normal,2013-01-02,0.025269060157969533
SPY,normal,2013-01-03,-0.002093593288094334
SPY,normal,2013-01-04,0.004843138472545626
SPY,normal,2013-01-07,-0.003123308543604203
SPY,normal,2013-01-08,-0.0029092767006252897
SPY,normal,2013-01-09,0.0026666444082406797
SPY,normal,2013-01-10,0.007565021131829123
SPY,normal,2013-01-11,5.6940944015194195e-05
SPY,normal,2013-01-14,-0.000935217128579885
SPY,normal,2013-01-15,0.0011311673852004117
SPY,normal,2013-01-16,0.00031340250975273634
SPY,normal,2013-01-17,0.0056267914306547704
SPY,normal,2013-01-18,0.003401434420458805
SPY,normal,2013-01-22,0.004454201281498225
SPY,normal,2013-01-23,0.0015233556099644686
SPY,normal,2013-01-24,3.6305542022696805e-05
SPY,normal,2013-01-25,0.005418173941666136
SPY,normal,2013-01-28,-0.001820514980387749
SPY,normal,2013-01-29,0.005131230214947077
SPY,normal,2013-01-30,-0.0036447116412873484
SPY,normal,2013-01-31,-0.002505587104033914
SPY,normal,2013-02-01,0.010002339154256816
SPY,normal,2013-02-04,-0.01157354987816039
SPY,normal,2013-02-05,0.01046324526862762
SPY,normal,2013-02-06,0.0006702249159635056
SPY,normal,2013-02-07,-0.0013961076852236035
SPY,normal,2013-02-08,0.005618152296696376
SPY,normal,2013-02-11,-0.0005560623284333382
SPY,normal,2013-02-12,0.0016368335262990598
SPY,normal,2013-02-13,0.0010531330422563015
SPY,normal,2013-02-14,0.000807382869135806
SPY,normal,2013-02-15,-0.0009611776622957263
SPY,normal,2013-02-19,0.007445036338228764
SPY,normal,2013-02-20,-0.0123944108075464
SPY,normal,2013-02-21,-0.006079579071508108
SPY,normal,2013-02-22,0.008842010373420398
SPY,normal,2013-02-25,-0.018414049814455106
SPY,normal,2013-02-26,0.006222295395584717
SPY,normal,2013-02-27,0.012836899699798829
SPY,normal,2013-02-28,-0.0008188812502440854
SPY,normal,2013-03-01,0.0023262100847105615
SPY,normal,2013-03-04,0.004592483633832847
SPY,normal,2013-03-05,0.009514914589783348
SPY,normal,2013-03-06,0.0013585804381247896
SPY,normal,2013-03-07,0.001901597992193568
SPY,normal,2013-03-08,0.004515101388314465
SPY,normal,2013-03-11,0.003319373526836103
SPY,normal,2013-03-12,-0.0023478626325101042
SPY,normal,2013-03-13,0.0016405021213044169
SPY,normal,2013-03-14,0.005578921649303783
SPY,normal,2013-03-15,-0.006067565097037852
SPY,normal,2013-03-18,-0.0055144712007475045
SPY,normal,2013-03-19,-0.0024097039827868823
SPY,normal,2013-03-20,0.006680427109041225
SPY,normal,2013-03-21,-0.00829686630614106
SPY,normal,2013-03-22,0.007135918417525149
SPY,normal,2013-03-25,-0.0033432299175902382
SPY,normal,2013-03-26,0.008084791531698427
SPY,normal,2013-03-27,-0.000533976093156781
SPY,normal,2013-03-28,0.0040382860507410115
SPY,normal,2013-04-01,-0.004420381179610273
SPY,normal,2013-04-02,0.0051608861093188135
SPY,normal,2013-04-03,-0.010411022877160982
SPY,normal,2013-04-04,0.004098971347620181
SPY,normal,2013-04-05,-0.004303811371805484
SPY,normal,2013-04-08,0.006599243470228712
SPY,normal,2013-04-09,0.0035304283371574508
SPY,normal,2013-04-10,0.012165601598215024
SPY,normal,2013-04-11,0.0036258882196827137
SPY,normal,2013-04-12,-0.002820708778058013
SPY,normal,2013-04-15,-0.023200565593514893
SPY,normal,2013-04-16,0.014177355708623475
SPY,normal,2013-04-17,-0.01440703367349991
SPY,normal,2013-04-18,-0.006690317615476377
SPY,normal,2013-04-19,0.008829983317547509
SPY,normal,2013-04-22,0.004657381614099972
SPY,normal,2013-04-23,0.010344044617068584
SPY,normal,2013-04-24,0.0001248005487040906
SPY,normal,2013-04-25,0.00404718058541058
SPY,normal,2013-04-26,-0.0018027094028137945
SPY,normal,2013-04-29,0.007165446110258968
SPY,normal,2013-04-30,0.0024868937625441272
SPY,normal,2013-05-01,-0.009289517264423515
SPY,normal,2013-05-02,0.009427848762002873
SPY,normal,2013-05-03,0.010561594314983878
SPY,normal,2013-05-06,0.0019046295899217873
SPY,normal,2013-05-07,0.0052617566844667
SPY,normal,2013-05-08,0.004549991009837777
SPY,normal,2013-05-09,-0.003222594051943576
SPY,normal,2013-05-10,0.004302052290558503
SPY,normal,2013-05-13,0.00013727758791605419
SPY,normal,2013-05-14,0.01027326850863067
SPY,normal,2013-05-15,0.005394277766975662
SPY,normal,2013-05-16,-0.004962969157768325
SPY,normal,2013-05-17,0.010223491823600992
SPY,normal,2013-05-20,-0.0006886366444012294
SPY,normal,2013-05-21,0.0017422408022385936
SPY,normal,2013-05-22,-0.008161125692384353
SPY,normal,2013-05-23,-0.0027787728682435293
SPY,normal,2013-05-24,-0.0005372375952648236
SPY,normal,2013-05-28,0.006315861077048911
SPY,normal,2013-05-29,-0.0068945380614944965
SPY,normal,2013-05-30,0.003811205547362194
SPY,normal,2013-05-31,-0.01435318900083959
SPY,normal,2013-06-03,0.005990105780813284
SPY,normal,2013-06-04,-0.005464012783806836
SPY,normal,2013-06-05,-0.013574007768765377
SPY,normal,2013-06-06,0.008553438104303809
SPY,normal,2013-06-07,0.012703635317871187
SPY,normal,2013-06-10,-0.000287463685263906
SPY,normal,2013-06-11,-0.010152462566171883
SPY,normal,2013-06-12,-0.008131664485278441
SPY,normal,2013-06-13,0.014743356928175525
SPY,normal,2013-06-14,-0.0058779493202688726
SPY,normal,2013-06-17,0.007511624560133776
SPY,normal,2013-06-18,0.007735266658029588
SPY,normal,2013-06-19,-0.013871278244933368
SPY,normal,2013-06-20,-0.025040565118892525
SPY,normal,2013-06-21,-0.002617968843356073
SPY,normal,2013-06-24,-0.01221660515894078
SPY,normal,2013-06-25,0.009542276389481434
SPY,normal,2013-06-26,0.009742677217505744
SPY,normal,2013-06-27,0.006258937899866677
SPY,normal,2013-06-28,-0.0042947764981032255
SPY,normal,2013-07-01,0.0055050098355857585
SPY,normal,2013-07-02,-0.00033186559144976127
SPY,normal,2013-07-03,0.000823574366973944
SPY,normal,2013-07-05,0.01013704508297905
SPY,normal,2013-07-08,0.00553106433860735
SPY,normal,2013-07-09,0.007196549718772446
SPY,normal,2013-07-10,0.00022529627181644462
SPY,normal,2013-07-11,0.013535566859793704
SPY,normal,2013-07-12,0.0030651987550529454
SPY,normal,2013-07-15,0.0013699937123193002
SPY,normal,2013-07-16,-0.0037110736932271294
SPY,normal,2013-07-17,0.002873030506289274
SPY,normal,2013-07-18,0.005117277702765976
SPY,normal,2013-07-19,0.0016259311396131292
SPY,normal,2013-07-22,0.0020436741143906732
SPY,normal,2013-07-23,-0.001853177195574956
SPY,normal,2013-07-24,-0.003796356943688034
SPY,normal,2013-07-25,0.0025632893122566063
SPY,normal,2013-07-26,0.0008196752899956388
SPY,normal,2013-07-29,-0.0036766536160643872
SPY,normal,2013-07-30,0.00040765927427120763
SPY,normal,2013-07-31,1.3715899024375324e-05
SPY,normal,2013-08-01,0.012529273347273016
SPY,normal,2013-08-02,0.0016473686921380786
SPY,normal,2013-08-05,-0.0013803997250020786
SPY,normal,2013-08-06,-0.005694073630035241
SPY,normal,2013-08-07,-0.003487150920319782
SPY,normal,2013-08-08,0.0040914058530389106
SPY,normal,2013-08-09,-0.003385522874331552
SPY,normal,2013-08-12,-0.0011199539014161383
SPY,normal,2013-08-13,0.0029850481749602417
SPY,normal,2013-08-14,-0.004973759333213812
SPY,normal,2013-08-15,-0.014163000090544893
SPY,normal,2013-08-16,-0.003249878331193314
SPY,normal,2013-08-19,-0.005827797402888344
SPY,normal,2013-08-20,0.0038348605132635296
SPY,normal,2013-08-21,-0.005724510282159068
SPY,normal,2013-08-22,0.00855489644779915
SPY,normal,2013-08-23,0.004065911814353542
SPY,normal,2013-08-26,-0.004017483747437805
SPY,normal,2013-08-27,-0.015933071715800606
SPY,normal,2013-08-28,0.0029186551577070332
SPY,normal,2013-08-29,0.0020963220152034586
SPY,normal,2013-08-30,-0.0030832520765788065
SPY,normal,2013-09-03,0.004209090365312242
SPY,normal,2013-09-04,0.008267493578231581
SPY,normal,2013-09-05,0.0012305376093175444
SPY,normal,2013-09-06,0.00016849639135691855
SPY,normal,2013-09-09,0.009940731229323074
SPY,normal,2013-09-10,0.0072820884044247115
SPY,normal,2013-09-11,0.0031716731838541076
SPY,normal,2013-09-12,-0.003088113062157162
SPY,normal,2013-09-13,0.002696358091880334
SPY,normal,2013-09-16,0.005649646522341026
SPY,normal,2013-09-17,0.00419945356830034
SPY,normal,2013-09-18,0.01204297366290026
SPY,normal,2013-09-19,-0.0016850115393111796
SPY,normal,2013-09-20,-0.012095898624345493
SPY,normal,2013-09-23,-0.004727262619853457
SPY,normal,2013-09-24,-0.0024996574172581436
SPY,normal,2013-09-25,-0.0027020709169198807
SPY,normal,2013-09-26,0.0036660499483320867
SPY,normal,2013-09-27,-0.004029061812992088
SPY,normal,2013-09-30,-0.005997796865458968
SPY,normal,2013-10-01,0.00802826643257351
SPY,normal,2013-10-02,-0.0004758027706154892
SPY,normal,2013-10-03,-0.009010757871387304
SPY,normal,2013-10-04,0.007052486002797995
SPY,normal,2013-10-07,-0.008537679355958535
SPY,normal,2013-10-08,-0.012091032690656775
SPY,normal,2013-10-09,0.000669175018340517
SPY,normal,2013-10-10,0.021724585087860626
SPY,normal,2013-10-11,0.006250773933061357
SPY,normal,2013-10-14,0.004066655131444464
SPY,normal,2013-10-15,-0.007081078779366284
SPY,normal,2013-10-16,0.013821203255703345
SPY,normal,2013-10-17,0.00675148373142677
SPY,normal,2013-10-18,0.0065319361913648575
SPY,normal,2013-10-21,0.00010115937516251161
SPY,normal,2013-10-22,0.005709582790017509
SPY,normal,2013-10-23,-0.00471879758933239
SPY,normal,2013-10-24,0.003260345982091242
SPY,normal,2013-10-25,0.004365311583086263
SPY,normal,2013-10-28,0.001333719784837955
SPY,normal,2013-10-29,0.005611697960333457
SPY,normal,2013-10-30,-0.0047945870168980935
SPY,normal,2013-10-31,-0.003750394216274444
SPY,normal,2013-11-01,0.0028866740356578496
SPY,normal,2013-11-04,0.0035589546203343312
SPY,normal,2013-11-05,-0.002694655929543356
SPY,normal,2013-11-06,0.004790153277251072
SPY,normal,2013-11-07,-0.013002776229966158
SPY,normal,2013-11-08,0.013301662000168628
SPY,normal,2013-11-11,0.0007211365643593568
SPY,normal,2013-11-12,-0.002301080353146927
SPY,normal,2013-11-13,0.00832946933387534
SPY,normal,2013-11-14,0.004993644579119657
SPY,normal,2013-11-15,0.004198995322536214
SPY,normal,2013-11-18,-0.0036443715998149087
SPY,normal,2013-11-19,-0.0018525641160103946
SPY,normal,2013-11-20,-0.0035830853007406483
SPY,normal,2013-11-21,0.008131466618736356
SPY,normal,2013-11-22,0.005062822206452028
SPY,normal,2013-11-25,-0.001241107844724808
SPY,normal,2013-11-26,0.0002533673658364848
SPY,normal,2013-11-27,0.0027028719309634703
SPY,normal,2013-11-29,-0.0007484947789737019
SPY,normal,2013-12-02,-0.002675224300658177
SPY,normal,2013-12-03,-0.0031279628897304024
SPY,normal,2013-12-04,-0.0010475751234268263
SPY,normal,2013-12-05,-0.004296888755796968
SPY,normal,2013-12-06,0.011207081414086339
SPY,normal,2013-12-09,0.0018432437164377004
SPY,normal,2013-12-10,-0.0031651763720837458
SPY,normal,2013-12-11,-0.01122172675098613
SPY,normal,2013-12-12,-0.0034939114016606875
SPY,normal,2013-12-13,-9.609083577303339e-05
SPY,normal,2013-12-16,0.006278370616693185
SPY,normal,2013-12-17,-0.0030837428738979735
SPY,normal,2013-12-18,0.01646794399033178
SPY,normal,2013-12-19,-0.00044176422690389696
SPY,normal,2013-12-20,-0.0006111975850048359
SPY,normal,2013-12-23,0.005461109523619007
SPY,normal,2013-12-24,0.0030212828982527063
SPY,normal,2013-12-26,0.004731841417517427
SPY,normal,2013-12-27,-0.00015763875670132555
SPY,normal,2013-12-30,-0.00010862636746478649
SPY,normal,2013-12-31,0.004010633269218576
SPY,normal,2014-01-02,-0.008742447695510398
SPY,normal,2014-01-03,-0.00031016763050690865
SPY,normal,2014-01-06,-0.0024983284372021228
SPY,normal,2014-01-07,0.006067955465659601
SPY,normal,2014-01-08,8.250484810581539e-05
SPY,normal,2014-01-09,0.0003445801544095937
SPY,normal,2014-01-10,0.0022995782807010935
SPY,normal,2014-01-13,-0.012541341202973443
SPY,normal,2014-01-14,0.010753604034064031
SPY,normal,2014-01-15,0.005170291777577682
SPY,normal,2014-01-16,-0.0013213473060567208
SPY,normal,2014-01-17,-0.003893342588397074
SPY,normal,2014-01-21,0.0027861110183508057
SPY,normal,2014-01-22,0.0006899961622508841
SPY,normal,2014-01-23,-0.00891249098813118
SPY,normal,2014-01-24,-0.021063674688830546
SPY,normal,2014-01-27,-0.00484500003294852
SPY,normal,2014-01-28,0.006105286511879171
SPY,normal,2014-01-29,-0.010137582119538245
SPY,normal,2014-01-30,0.011232411066477052
SPY,normal,2014-01-31,-0.0064743611435369676
SPY,normal,2014-02-03,-0.02305629161568188
SPY,normal,2014-02-04,0.007648719814746108
SPY,normal,2014-02-05,-0.001727045226767546
SPY,normal,2014-02-06,0.01283446773207961
SPY,normal,2014-02-07,0.013168467297566018
SPY,normal,2014-02-10,0.001583768861628567
SPY,normal,2014-02-11,0.011019106499885281
SPY,normal,2014-02-12,0.00022169272577146642
SPY,normal,2014-02-13,0.005875268918445864
SPY,normal,2014-02-14,0.004853180950734895
SPY,normal,2014-02-18,0.001310479641956716
SPY,normal,2014-02-19,-0.006475272389950301
SPY,normal,2014-02-20,0.0061665039243636146
SPY,normal,2014-02-21,-0.0017854937298551476
SPY,normal,2014-02-24,0.006158184959637156
SPY,normal,2014-02-25,-0.0013237404028525216
SPY,normal,2014-02-26,0.00021128794888541978
SPY,normal,2014-02-27,0.005054500802416571
SPY,normal,2014-02-28,0.0027777296559829616
SPY,normal,2014-03-03,-0.0073327089158767775
SPY,normal,2014-03-04,0.015106208104434127
SPY,normal,2014-03-05,0.0001336518227020588
SPY,normal,2014-03-06,0.0018832343264771816
SPY,normal,2014-03-07,0.0006049615158779833
SPY,normal,2014-03-10,-0.0004013039189411991
SPY,normal,2014-03-11,-0.005034411217766705
SPY,normal,2014-03-12,0.0005597062483866111
SPY,normal,2014-03-13,-0.01158847527188799
SPY,normal,2014-03-14,-0.002792799747903674
SPY,normal,2014-03-17,0.00952029315358874
SPY,normal,2014-03-18,0.0071801841296672215
SPY,normal,2014-03-19,-0.00611591689282579
SPY,normal,2014-03-20,0.006006681754269287
SPY,normal,2014-03-21,-0.007341058106956658
SPY,normal,2014-03-24,-0.004870685292502401
SPY,normal,2014-03-25,0.004489417479024059
SPY,normal,2014-03-26,-0.006987940803146408
SPY,normal,2014-03-27,-0.0017331836582293028
SPY,normal,2014-03-28,0.0046552431318129025
SPY,normal,2014-03-31,0.007926952723817209
SPY,normal,2014-04-01,0.007070900905998845
SPY,normal,2014-04-02,0.0030248599732851426
SPY,normal,2014-04-03,-0.001125283074311975
SPY,normal,2014-04-04,-0.012578844802025178
SPY,normal,2014-04-07,-0.01079200232739534
SPY,normal,2014-04-08,0.004062757474479426
SPY,normal,2014-04-09,0.010928533592971456
SPY,normal,2014-04-10,-0.021076030379624067
SPY,normal,2014-04-11,-0.009424127027563347
SPY,normal,2014-04-14,0.008177732970446754
SPY,normal,2014-04-15,0.006721164369530764
SPY,normal,2014-04-16,0.010435308606844511
SPY,normal,2014-04-17,0.0013955509127948234
SPY,normal,2014-04-18,0.0
SPY,normal,2014-04-21,0.0037736822037449306
SPY,normal,2014-04-22,0.004076011512664387
SPY,normal,2014-04-23,-0.0020876310351324993
SPY,normal,2014-04-24,0.0017275047154565269
SPY,normal,2014-04-25,-0.008110921038772386
SPY,normal,2014-04-28,0.0032823329121317232
SPY,normal,2014-04-29,0.00475802559055579
SPY,normal,2014-04-30,0.0030217540884048873
SPY,normal,2014-05-01,-8.070830067755187e-05
SPY,normal,2014-05-02,-0.0013551314510783761
SPY,normal,2014-05-05,0.0019341691563652167
SPY,normal,2014-05-06,-0.008979574902748772
SPY,normal,2014-05-07,0.006005591506899592
SPY,normal,2014-05-08,-0.0011226777980719142
SPY,normal,2014-05-09,0.001689198871584388
SPY,normal,2014-05-12,0.009630182189722213
SPY,normal,2014-05-13,0.0006638087880650017
SPY,normal,2014-05-14,-0.0045045484522208456
SPY,normal,2014-05-15,-0.00918063135769572
SPY,normal,2014-05-16,0.0037166793831645236
SPY,normal,2014-05-19,0.003898794750411952
SPY,normal,2014-05-20,-0.0064623570334463795
SPY,normal,2014-05-21,0.008179598450512877
SPY,normal,2014-05-22,0.00248227480930686
SPY,normal,2014-05-23,0.004220949340646984
SPY,normal,2014-05-27,0.00594401338170132
SPY,normal,2014-05-28,-0.0009591350748650506
SPY,normal,2014-05-29,0.005450420821417921
SPY,normal,2014-05-30,0.001836342501612247
SPY,normal,2014-06-02,0.0008078764954873572
SPY,normal,2014-06-03,-0.0003260801224151366
SPY,normal,2014-06-04,0.002059433619078573
SPY,normal,2014-06-05,0.006529348265235559
SPY,normal,2014-06-06,0.004729010706041505
SPY,normal,2014-06-09,0.0009822701261105896
SPY,normal,2014-06-10,-0.00024411177110740393
SPY,normal,2014-06-11,-0.003414144020589481
SPY,normal,2014-06-12,-0.006790856910005894
SPY,normal,2014-06-13,0.0031189991828982563
SPY,normal,2014-06-16,0.0008352510776048704
SPY,normal,2014-06-17,0.002175217142621406
SPY,normal,2014-06-18,0.007649869050165293
SPY,normal,2014-06-19,0.0014104312321854913
SPY,normal,2014-06-20,-0.0030515038754407773
SPY,normal,2014-06-23,-0.0001324186066449271
SPY,normal,2014-06-24,-0.006364443062522417
SPY,normal,2014-06-25,0.0048989099562511814
SPY,normal,2014-06-26,-0.0010103850550272969
SPY,normal,2014-06-27,0.0019510272609312518
SPY,normal,2014-06-30,-0.0003322371353529214
SPY,normal,2014-07-01,0.006840214819699095
SPY,normal,2014-07-02,0.0007132179558888034
SPY,normal,2014-07-03,0.0054529452278204455
SPY,normal,2014-07-07,-0.003889365702985546
SPY,normal,2014-07-08,-0.006771597803617969
SPY,normal,2014-07-09,0.004685155154767891
SPY,normal,2014-07-10,-0.004140342353231325
SPY,normal,2014-07-11,0.0015556545320731328
SPY,normal,2014-07-14,0.004821582817965888
SPY,normal,2014-07-15,-0.0019233857134725086
SPY,normal,2014-07-16,0.004297298164515753
SPY,normal,2014-07-17,-0.011779720900266046
SPY,normal,2014-07-18,0.01018399565180353
SPY,normal,2014-07-21,-0.0022892304009335456
SPY,normal,2014-07-22,0.004990127132588106
SPY,normal,2014-07-23,0.0017561840802991049
SPY,normal,2014-07-24,0.0005031794676939661
SPY,normal,2014-07-25,-0.00483660794516754
SPY,normal,2014-07-28,0.00028765882877543266
SPY,normal,2014-07-29,-0.004485636194287382
SPY,normal,2014-07-30,0.00023173227820895382
SPY,normal,2014-07-31,-0.020088950833969384
SPY,normal,2014-08-01,-0.0028344090159171933
SPY,normal,2014-08-04,0.00714869360296479
SPY,normal,2014-08-05,-0.009618410173714172
SPY,normal,2014-08-06,0.00031433513009733135
SPY,normal,2014-08-07,-0.0053181311189086046
SPY,normal,2014-08-08,0.011444823885884066
SPY,normal,2014-08-11,0.0029281180159202716
SPY,normal,2014-08-12,-0.0015824486097057518
SPY,normal,2014-08-13,0.006910499086861645
SPY,normal,2014-08-14,0.004367858660929386
SPY,normal,2014-08-15,4.632558426141188e-05
SPY,normal,2014-08-18,0.00852749208050459
SPY,normal,2014-08-19,0.00516543383322641
SPY,normal,2014-08-20,0.0025268105525520354
SPY,normal,2014-08-21,0.0029572756526387027
SPY,normal,2014-08-22,-0.0018562798954931113
SPY,normal,2014-08-25,0.004771383147954026
SPY,normal,2014-08-26,0.0010520996223989977
SPY,normal,2014-08-27,0.00025328437848759407
SPY,normal,2014-08-28,-0.0015536206118252278
SPY,normal,2014-08-29,0.0033733521552463275
SPY,normal,2014-09-02,-0.0004980156715253487
SPY,normal,2014-09-03,-0.0005965648763688036
SPY,normal,2014-09-04,-0.0014996266796133912
SPY,normal,2014-09-05,0.005014728540126195
SPY,normal,2014-09-08,-0.0028944676658420434
SPY,normal,2014-09-09,-0.00652056824050218
SPY,normal,2014-09-10,0.0037218219996161188
SPY,normal,2014-09-11,0.00114883436432042
SPY,normal,2014-09-12,-0.005928210554142079
SPY,normal,2014-09-15,-0.0007010158968340167
SPY,normal,2014-09-16,0.007427916789466002
SPY,normal,2014-09-17,0.0013097437914752813
SPY,normal,2014-09-18,0.00499773608305982
SPY,normal,2014-09-19,-0.005141182638068327
SPY,normal,2014-09-22,-0.008039665742579836
SPY,normal,2014-09-23,-0.0056905916147743695
SPY,normal,2014-09-24,0.007813924223399297
SPY,normal,2014-09-25,-0.016292109727774496
SPY,normal,2014-09-26,0.008711384849278615
SPY,normal,2014-09-29,-0.0024652704142720115
SPY,normal,2014-09-30,-0.0027346788976431715
SPY,normal,2014-10-01,-0.013232117080557973
SPY,normal,2014-10-02,8.765601464464624e-05
SPY,normal,2014-10-03,0.011093052888516378
SPY,normal,2014-10-06,-0.0015384820808941697
SPY,normal,2014-10-07,-0.015217359661490322
SPY,normal,2014-10-08,0.017621200195871184
SPY,normal,2014-10-09,-0.020786846383830923
SPY,normal,2014-10-10,-0.011397555128935338
SPY,normal,2014-10-13,-0.016572766683929256
SPY,normal,2014-10-14,0.0015779065495538252
SPY,normal,2014-10-15,-0.008022085991655591
SPY,normal,2014-10-16,0.00017403399802691676
SPY,normal,2014-10-17,0.01276395197053139
SPY,normal,2014-10-20,0.009099766849599792
SPY,normal,2014-10-21,0.0193699651812611
SPY,normal,2014-10-22,-0.007204898933289665
SPY,normal,2014-10-23,0.012213686504374958
SPY,normal,2014-10-24,0.0070184723562643535
SPY,normal,2014-10-27,-0.0014907212951711577
SPY,normal,2014-10-28,0.011843008727456713
SPY,normal,2014-10-29,-0.0012692490947779724
SPY,normal,2014-10-30,0.0062644576436916176
SPY,normal,2014-10-31,0.011641062418145633
SPY,normal,2014-11-03,-0.00011965394048697625
SPY,normal,2014-11-04,-0.0028251059495436235
SPY,normal,2014-11-05,0.006017816708070298
SPY,normal,2014-11-06,0.004064333727707397
SPY,normal,2014-11-07,0.0005291931499475666
SPY,normal,2014-11-10,0.0031623049538057036
SPY,normal,2014-11-11,0.0006917299561195478
SPY,normal,2014-11-12,-0.000413006258833315
SPY,normal,2014-11-13,0.0006094330948409277
SPY,normal,2014-11-14,0.00035102862609655516
SPY,normal,2014-11-17,0.0007789545799358239
SPY,normal,2014-11-18,0.005297305262747353
SPY,normal,2014-11-19,-0.0014352711896506037
SPY,normal,2014-11-20,0.0019970240016044757
SPY,normal,2014-11-21,0.005331529099784055
SPY,normal,2014-11-24,0.002868205114606233
SPY,normal,2014-11-25,-0.0010049851726489658
SPY,normal,2014-11-26,0.0030262404391494186
SPY,normal,2014-11-28,-0.0024964748242839244
SPY,normal,2014-12-01,-0.006785918449823402
SPY,normal,2014-12-02,0.00638703670286645
SPY,normal,2014-12-03,0.004003751636591066
SPY,normal,2014-12-04,-0.0011440063411608309
SPY,normal,2014-12-05,0.0016567329853041553
SPY,normal,2014-12-08,-0.007107917265831956
SPY,normal,2014-12-09,-0.00023296831591287158
SPY,normal,2014-12-10,-0.0163427992546946
SPY,normal,2014-12-11,0.004771014229236765
SPY,normal,2014-12-12,-0.01623447420301089
SPY,normal,2014-12-15,-0.006305044501025241
SPY,normal,2014-12-16,-0.008487851714264855
SPY,normal,2014-12-17,0.020095306641612094
SPY,normal,2014-12-18,0.02377014200230006
SPY,normal,2014-12-19,-0.0009439964275076185
SPY,normal,2014-12-22,0.003945708679135638
SPY,normal,2014-12-23,0.0017956530141114756
SPY,normal,2014-12-24,-0.00010902001842212825
SPY,normal,2014-12-26,0.0032948241660769612
SPY,normal,2014-12-29,0.0010289960867668466
SPY,normal,2014-12-30,-0.004784869163924124
SPY,normal,2014-12-31,-0.01036135018062707
