ticker,date,window_start,window_end,n_days,mu,omega,alpha,beta,sigma0,lam,mu_j,sigma_j,kappa
AAPL,2018-01-02,2017-07-03,2018-01-02,127,0.37018290720647634,1.8534637747537216e-05,6.783568339397088e-06,0.8617550192462129,0.011579158400956087,1.984251968503937,0.04616868528945384,0.0,0.04725105190497514
AAPL,2018-01-03,2017-07-05,2018-01-03,127,0.37018290720647634,1.835021502055028e-05,3.043552951523862e-09,0.8618403389022868,0.011524708627104004,1.984251968503937,0.04616868528945384,0.0,0.04725105190497514
AAPL,2018-01-04,2017-07-05,2018-01-04,128,0.37018290720647634,1.8167627330357296e-05,3.043552951523862e-09,0.8631114561025309,0.011520346954610483,1.96875,0.04616868528945384,0.0,0.04725105190497514
AAPL,2018-01-05,2017-07-06,2018-01-05,128,0.37018290720647634,1.8167627330357296e-05,3.043552951523862e-09,0.8631969100551549,0.011523944466575307,1.96875,0.04616868528945384,0.0,0.04725105190497514
AAPL,2018-01-08,2017-07-10,2018-01-08,127,0.37018290720647634,1.8167627330357296e-05,3.043552951523862e-09,0.8632823724683062,0.011527545720570197,1.984251968503937,0.04616868528945384,0.0,0.04725105190497514
AAPL,2018-01-09,2017-07-10,2018-01-09,128,0.37018290720647634,1.7986856418037087e-05,3.043552951523862e-09,0.8633678433428223,0.011473638848316712,1.96875,0.04616868528945384,0.0,0.04725105190497514
AAPL,2018-01-10,2017-07-11,2018-01-10,128,0.37018290720647634,1.780788420634778e-05,3.043552951523862e-09,0.8634533226795413,0.011419986649988344,1.96875,0.04616868528945384,0.0,0.04725105190497514
AAPL,2018-01-11,2017-07-12,2018-01-11,128,0.37018290720647634,1.780788420634778e-05,3.043552951523862e-09,0.8635388104793007,0.011423563175344757,1.96875,0.04616868528945384,0.0,0.04725105190497514
AAPL,2018-01-12,2017-07-13,2018-01-12,128,0.37018290720647634,1.7630692797919055e-05,3.043552951523862e-09,0.8636243067429384,0.011370150306804851,1.96875,0.04616868528945384,0.0,0.04725105190497514
AAPL,2018-01-16,2017-07-17,2018-01-16,127,0.37018290720647634,1.7630692797919055e-05,3.043552951523862e-09,0.8637098114712926,0.011373716409548092,1.984251968503937,0.04616868528945384,0.0,0.04725105190497514
AAPL,2018-01-17,2017-07-18,2018-01-17,127,0.37018290720647634,1.780788420634778e-05,3.043552951523862e-09,0.8637953246652011,0.011434315102695476,1.984251968503937,0.04616868528945384,0.0,0.04725105190497514
AAPL,2018-01-18,2017-07-19,2018-01-18,127,0.37018290720647634,1.7630692797919055e-05,3.043552951523862e-09,0.8638808463255022,0.011380859770196676,1.984251968503937,0.04616868528945384,0.0,0.04725105190497514
AAPL,2018-01-19,2017-07-20,2018-01-19,127,0.37018290720647634,1.745526447346242e-05,3.043552951523862e-09,0.8639663764530341,0.011327656896967846,1.984251968503937,0.04616868528945384,0.0,0.04725105190497514
AAPL,2018-01-22,2017-07-24,2018-01-22,126,0.37018290720647634,1.728158168999923e-05,3.043552951523862e-09,0.8628729783784413,0.011226134090230643,6.0,0.016334027074210056,0.04253349957862241,0.017388018110960024
AAPL,2018-01-23,2017-07-24,2018-01-23,127,0.37018290720647634,1.710962707910641e-05,0.0014565286411518212,0.8617014864474235,0.011156400637159763,5.952755905511811,0.016334027074210056,0.04253349957862241,0.017388018110960024
AAPL,2018-01-24,2017-07-25,2018-01-24,127,0.29614497082548313,1.760232065835585e-05,4.305598280747392e-08,0.864219322324561,0.011385864495581322,1.984251968503937,0.04616868528945384,0.0,0.04725105190497514
AAPL,2018-01-25,2017-07-26,2018-01-25,127,0.29614497082548313,1.6912123793121055e-05,0.0012791985034425993,0.864366320361704,0.011205892506826793,3.968503937007874,0.04068587415300251,0.007753865869099708,0.041556194244560585
AAPL,2018-01-26,2017-07-27,2018-01-26,127,0.2221070344444899,1.655056442891279e-05,0.0041488410828794085,0.8654029106822003,0.011264894976207316,3.968503937007874,0.04068587415300251,0.007753865869099708,0.041556194244560585
AAPL,2018-01-29,2017-07-31,2018-01-29,126,0.2221070344444899,1.5901607515309495e-05,1.2678606149776322e-07,0.8701414418376483,0.011065866274901992,4.0,0.04068587415300251,0.007753865869099708,0.041556194244560585
AAPL,2018-01-30,2017-07-31,2018-01-30,127,0.2221070344444899,1.5586734589951103e-05,3.043552951523862e-09,0.8724695318888012,0.01105530174234637,3.968503937007874,0.04068587415300251,0.007753865869099708,0.041556194244560585
AAPL,2018-01-31,2017-08-01,2018-01-31,127,0.2221070344444899,1.4975569984895223e-05,0.0011347115970263288,0.8726724341698334,0.010903229274120187,3.968503937007874,0.04068587415300251,0.007753865869099708,0.041556194244560585
AAPL,2018-02-01,2017-08-02,2018-02-01,127,0.2221070344444899,1.4388369486773832e-05,0.0038330878574163885,0.8714095063865451,0.010752077943269725,3.968503937007874,0.04068587415300251,0.007753865869099708,0.041556194244560585
AAPL,2018-02-02,2017-08-03,2018-02-02,127,0.16598495713144124,1.7102830095260422e-05,1.0979416515396359e-07,0.8769099398508989,0.01178752555231056,1.984251968503937,-0.04435969359657044,0.0,-0.04339019083998641
AAPL,2018-02-05,2017-08-07,2018-02-05,126,0.10986287981839254,1.7851145845939335e-05,0.015911487296008223,0.8597950685131018,0.013019363494085523,2.0,-0.04435969359657044,0.0,-0.04339019083998641
AAPL,2018-02-06,2017-08-07,2018-02-06,127,0.10986287981839254,2.4096526445464835e-05,0.070782266236947,0.7710428266334827,0.01672171652529335,3.968503937007874,-0.004578315290009627,0.05625936473103313,-0.002991274426929813
AAPL,2018-02-07,2017-08-08,2018-02-07,127,0.10986287981839254,2.5586572424591277e-05,0.07210895130717482,0.7591779489004763,0.018889042193712405,3.968503937007874,-0.004578315290009627,0.05625936473103313,-0.002991274426929813
AAPL,2018-02-08,2017-08-09,2018-02-08,127,0.03582494343739931,2.6587924750830674e-05,0.08052239542183666,0.7510191414511951,0.018764751151969305,3.968503937007874,-0.004578315290009627,0.05625936473103313,-0.002991274426929813
AAPL,2018-02-09,2017-08-10,2018-02-09,127,0.03582494343739931,2.685513783699776e-05,0.08201551079205886,0.7385294610405438,0.01861048060653178,3.968503937007874,-0.004578315290009627,0.05625936473103313,-0.002991274426929813
AAPL,2018-02-12,2017-08-14,2018-02-12,126,0.03582494343739931,2.1124999635365122e-05,0.10107877557975019,0.7740903032169374,0.019099166258460764,4.0,-0.004578315290009627,0.05625936473103313,-0.002991274426929813
AAPL,2018-02-13,2017-08-14,2018-02-13,127,0.03582494343739931,2.091480237694448e-05,0.09662591622046417,0.7779239441052492,0.0211791688432625,3.968503937007874,-0.004578315290009627,0.05625936473103313,-0.002991274426929813
AAPL,2018-02-14,2017-08-15,2018-02-14,127,0.03582494343739931,2.091480237694448e-05,0.09662591622046417,0.777923082973678,0.01947267886353786,3.968503937007874,-0.004578315290009627,0.05625936473103313,-0.002991274426929813
AAPL,2018-02-15,2017-08-16,2018-02-15,127,0.03582494343739931,1.8924495781486832e-05,0.10383712008620762,0.7897793661206894,0.019451525988100973,3.968503937007874,-0.004578315290009627,0.05625936473103313,-0.002991274426929813
AAPL,2018-02-16,2017-08-17,2018-02-16,127,0.03582494343739931,1.8924495781486832e-05,0.1001738757468751,0.791109704001687,0.020503903557261522,3.968503937007874,-0.004578315290009627,0.05625936473103313,-0.002991274426929813
AAPL,2018-02-20,2017-08-21,2018-02-20,126,0.03582494343739931,1.9306795955603546e-05,0.09927618128930672,0.7899699703823178,0.018710041306450913,4.0,-0.004578315290009627,0.05625936473103313,-0.002991274426929813
AAPL,2018-02-21,2017-08-22,2018-02-21,126,0.03582494343739931,2.1987127225298274e-05,0.09838565083812134,0.7709148485880953,0.016603436383030638,4.0,-0.004578315290009627,0.05625936473103313,-0.002991274426929813
AAPL,2018-02-22,2017-08-23,2018-02-22,126,0.03582494343739931,2.3581373831409682e-05,0.10107877557975019,0.758259764693271,0.015131554386482539,4.0,-0.004578315290009627,0.05625936473103313,-0.002991274426929813
AAPL,2018-02-23,2017-08-24,2018-02-23,126,0.03582494343739931,2.3818370578489574e-05,0.1001738757468751,0.7590222240233688,0.014316663083823932,4.0,-0.004578315290009627,0.05625936473103313,-0.002991274426929813
AAPL,2018-02-26,2017-08-28,2018-02-26,125,0.03582494343739931,2.4299533581428908e-05,0.1001738757468751,0.7602050137447381,0.01456345057313165,4.032,-0.004578315290009627,0.05625936473103313,-0.002991274426929813
AAPL,2018-02-27,2017-08-28,2018-02-27,126,0.03582494343739931,2.4057749182476022e-05,0.0975022429713636,0.7612741056319627,0.014842590534457824,4.0,-0.004578315290009627,0.05625936473103313,-0.002991274426929813
AAPL,2018-02-28,2017-08-29,2018-02-28,126,0.03582494343739931,2.4299533581428908e-05,0.09662591622046417,0.7596112354353145,0.013831551244075098,4.0,-0.004578315290009627,0.05625936473103313,-0.002991274426929813
AAPL,2018-03-01,2017-09-05,2018-03-01,123,0.03582494343739931,2.5039564551939186e-05,0.09403900740983208,0.7605691820195242,0.01311767917508016,4.097560975609756,-0.004578315290009627,0.05625936473103313,-0.002991274426929813
AAPL,2018-03-02,2017-09-05,2018-03-02,124,0.03582494343739931,2.4790416721798956e-05,0.09319058972310679,0.7612806031315731,0.0135882109233264,4.064516129032258,-0.004578315290009627,0.05625936473103313,-0.002991274426929813
AAPL,2018-03-05,2017-09-06,2018-03-05,124,0.03582494343739931,2.4790416721798956e-05,0.09319058972310679,0.7600538761309216,0.012981174958948691,4.064516129032258,-0.004578315290009627,0.05625936473103313,-0.002991274426929813
AAPL,2018-03-06,2017-09-07,2018-03-06,124,0.03582494343739931,2.6061448566744082e-05,0.09489433999666144,0.7485355452451086,0.01227566181139506,4.064516129032258,-0.004578315290009627,0.05625936473103313,-0.002991274426929813
AAPL,2018-03-07,2017-09-08,2018-03-07,124,0.03582494343739931,2.6061448566744082e-05,0.09575662907655215,0.746523736670161,0.011739556872453651,4.064516129032258,-0.004578315290009627,0.05625936473103313,-0.002991274426929813
AAPL,2018-03-08,2017-09-11,2018-03-08,124,0.03582494343739931,2.6323370479295305e-05,0.09662591622046417,0.7445001623354082,0.011726762958410988,4.064516129032258,-0.004578315290009627,0.05625936473103313,-0.002991274426929813
AAPL,2018-03-09,2017-09-11,2018-03-09,125,0.4733950767631975,2.5874013517620203e-05,0.09115511676512672,0.7569001485307756,0.011967246501739035,2.016,-0.04435969359657044,0.0,-0.04339019083998641
AAPL,2018-03-12,2017-09-13,2018-03-12,124,0.3432350630691556,2.8063009730601008e-05,0.08992486159153859,0.7541448558288792,0.012771025575166817,2.032258064516129,-0.04435969359657044,0.0,-0.04339019083998641
AAPL,2018-03-13,2017-09-14,2018-03-13,124,0.2691971266881623,2.7739067156586583e-05,0.09491190732978928,0.7435746217403257,0.012352005038343843,2.032258064516129,-0.04435969359657044,0.0,-0.04339019083998641
AAPL,2018-03-14,2017-09-15,2018-03-14,124,0.2691971266881623,2.6651402775985425e-05,0.09752024101764586,0.7427497609812788,0.012190877893293095,4.064516129032258,-0.004578315290009627,0.05625936473103313,-0.002991274426929813
AAPL,2018-03-15,2017-09-18,2018-03-15,124,0.2691971266881623,2.6386216887546494e-05,0.09752024101764586,0.7427489379713956,0.012041791188996256,4.064516129032258,-0.004578315290009627,0.05625936473103313,-0.002991274426929813
AAPL,2018-03-16,2017-09-18,2018-03-16,125,0.2691971266881623,2.6386216887546494e-05,0.09752024101764586,0.7401019131701042,0.011513696061744506,4.032,-0.004578315290009627,0.05625936473103313,-0.002991274426929813
AAPL,2018-03-19,2017-09-20,2018-03-19,124,0.2691971266881623,2.6651402775985425e-05,0.09752024101764586,0.7401010930941901,0.01129523182951596,4.064516129032258,-0.004578315290009627,0.05625936473103313,-0.002991274426929813
AAPL,2018-03-20,2017-09-21,2018-03-20,124,0.2691971266881623,2.6386216887546494e-05,0.0966437698461027,0.7408190451197981,0.012102710593876107,4.064516129032258,-0.004578315290009627,0.05625936473103313,-0.002991274426929813
AAPL,2018-03-21,2017-09-22,2018-03-21,124,0.2691971266881623,2.7739067156586583e-05,0.0984037941536658,0.7393748747001847,0.011836398041108056,2.032258064516129,-0.04435969359657044,0.0,-0.04339019083998641
AAPL,2018-03-22,2017-09-25,2018-03-22,124,0.2691971266881623,2.801784941626923e-05,0.1001923121431098,0.7379073389778301,0.01377168042499725,2.032258064516129,-0.04435969359657044,0.0,-0.04339019083998641
AAPL,2018-03-23,2017-09-25,2018-03-23,125,0.2691971266881623,2.8583847519145715e-05,0.10573213462796131,0.733363464069089,0.013981656861459005,2.016,-0.04435969359657044,0.0,-0.04339019083998641
AAPL,2018-03-26,2017-09-27,2018-03-26,124,0.2691971266881623,3.09645123618835e-05,0.14992942417613925,0.7044996205379199,0.016666367305956453,2.032258064516129,-0.04435969359657044,0.0,-0.04339019083998641
AAPL,2018-03-27,2017-09-28,2018-03-27,124,0.2691971266881623,3.255209685942618e-05,0.15249586142086605,0.6962587248023211,0.023262398301528427,2.032258064516129,-0.04435969359657044,0.0,-0.04339019083998641
AAPL,2018-03-28,2017-09-29,2018-03-28,124,0.2691971266881623,3.320969283666733e-05,0.1461465760500432,0.6976822563094214,0.02252223852904738,2.032258064516129,-0.04435969359657044,0.0,-0.04339019083998641
AAPL,2018-03-29,2017-10-02,2018-03-29,124,0.2691971266881623,3.388057313384495e-05,0.13881831542931047,0.6984558259462972,0.019923263069560083,2.032258064516129,-0.04435969359657044,0.0,-0.04339019083998641
AAPL,2018-04-02,2017-10-03,2018-04-02,124,0.2691971266881623,3.670238672130981e-05,0.13527114681836527,0.6848333586979217,0.01746868005510993,2.032258064516129,-0.04435969359657044,0.0,-0.04339019083998641
AAPL,2018-04-03,2017-10-04,2018-04-03,124,0.2691971266881623,3.897193556612782e-05,0.13410585961926758,0.6725784594327976,0.015696014214184716,2.032258064516129,-0.04435969359657044,0.0,-0.04339019083998641
AAPL,2018-04-04,2017-10-05,2018-04-04,124,0.2691971266881623,3.975922088799997e-05,0.13294906559137387,0.6719684829195088,0.01472621883599064,2.032258064516129,-0.04435969359657044,0.0,-0.04339019083998641
AAPL,2018-04-05,2017-10-06,2018-04-05,124,0.2691971266881623,4.0970069430498916e-05,0.13294906559137387,0.6658536825879177,0.015048740120868974,2.032258064516129,-0.04435969359657044,0.0,-0.04339019083998641
AAPL,2018-04-06,2017-10-09,2018-04-06,124,0.2691971266881623,4.221779380104804e-05,0.13180072942719065,0.6698124724965827,0.014232208610971988,2.032258064516129,-0.04435969359657044,0.0,-0.04339019083998641
AAPL,2018-04-09,2017-10-10,2018-04-09,124,0.2691971266881623,4.179771973398428e-05,0.1261846585889213,0.6756807403221923,0.016452610627908752,2.032258064516129,-0.04435969359657044,0.0,-0.04339019083998641
AAPL,2018-04-10,2017-10-11,2018-04-10,124,0.2691971266881623,4.179771973398428e-05,0.12399616482013598,0.6789039472726291,0.01533510948951569,2.032258064516129,-0.04435969359657044,0.0,-0.04339019083998641
AAPL,2018-04-11,2017-10-12,2018-04-11,124,0.2691971266881623,4.0562410428357406e-05,0.12077456271833414,0.6859613699379902,0.01544317905700112,2.032258064516129,-0.04435969359657044,0.0,-0.04339019083998641
AAPL,2018-04-12,2017-10-13,2018-04-12,124,0.2691971266881623,4.015880770106078e-05,0.11971684671580032,0.6867858073643851,0.01438120839874989,2.032258064516129,-0.04435969359657044,0.0,-0.04339019083998641
AAPL,2018-04-13,2017-10-16,2018-04-13,124,0.2691971266881623,3.9759220888000047e-05,0.11971684671580032,0.6852711579627561,0.013746402120213642,2.032258064516129,-0.04435969359657044,0.0,-0.04339019083998641
AAPL,2018-04-16,2017-10-17,2018-04-16,124,0.2691971266881623,3.93636100301609e-05,0.12077456271833414,0.685959037300038,0.01301894291731729,2.032258064516129,-0.04435969359657044,0.0,-0.04339019083998641
AAPL,2018-04-17,2017-10-18,2018-04-17,124,0.2691971266881623,3.8971935566127895e-05,0.12184032887107894,0.6851267616945647,0.012543903973111701,2.032258064516129,-0.04435969359657044,0.0,-0.04339019083998641
AAPL,2018-04-18,2017-10-19,2018-04-18,124,0.2691971266881623,3.858415832812822e-05,0.12399616482013598,0.6819375083643324,0.012797404519171334,2.032258064516129,-0.04435969359657044,0.0,-0.04339019083998641
AAPL,2018-04-19,2017-10-20,2018-04-19,124,0.2691971266881623,4.179771973398435e-05,0.12399616482013598,0.6804217890627807,0.012682416468685752,2.032258064516129,-0.04435969359657044,0.0,-0.04339019083998641
AAPL,2018-04-20,2017-10-23,2018-04-20,124,0.2691971266881623,5.054387577131102e-05,0.1631229075236693,0.622614983854504,0.01723910962884523,2.032258064516129,-0.04435969359657044,0.0,-0.04339019083998641
AAPL,2018-04-23,2017-10-24,2018-04-23,124,0.2691971266881623,5.004095580442509e-05,0.15249586142086605,0.6305204882376595,0.022647628562094183,2.032258064516129,-0.04435969359657044,0.0,-0.04339019083998641
AAPL,2018-04-24,2017-10-25,2018-04-24,124,0.1951591903071691,5.096969513096363e-05,0.14733278759557894,0.63284890973393,0.01920353599334964,2.032258064516129,-0.04435969359657044,0.0,-0.04339019083998641
AAPL,2018-04-25,2017-10-26,2018-04-25,124,0.1951591903071691,4.8001451161943284e-05,0.14986262176996368,0.6309705266734857,0.01760244005820421,2.032258064516129,-0.04435969359657044,0.0,-0.04339019083998641
AAPL,2018-04-26,2017-10-27,2018-04-26,124,0.1951591903071691,4.946331298617265e-05,0.15766704771602882,0.6086742222867776,0.01535904473552407,2.032258064516129,-0.04435969359657044,0.0,-0.04339019083998641
AAPL,2018-04-27,2017-10-30,2018-04-27,124,0.13903711299412042,5.162752651002521e-05,0.15057504500263577,0.6154557222958534,0.014182213711431028,2.032258064516129,-0.04435969359657044,0.0,-0.04339019083998641
AAPL,2018-04-30,2017-10-31,2018-04-30,124,0.13903711299412042,4.9603182240388774e-05,0.1597471151578299,0.610482480956164,0.013895787516989217,2.032258064516129,-0.04435969359657044,0.0,-0.04339019083998641
AAPL,2018-05-01,2017-11-02,2018-05-01,123,0.13903711299412042,5.0101702509811113e-05,0.16381438045867316,0.6091842349262311,0.014784945126427125,2.048780487804878,-0.04435969359657044,0.0,-0.04339019083998641
AAPL,2018-05-02,2017-11-03,2018-05-02,123,0.13903711299412042,7.253396897701746e-05,0.2368131975891461,0.46369888020005356,0.017290574747734943,2.048780487804878,-0.04435969359657044,0.0,-0.04339019083998641
AAPL,2018-05-03,2017-11-06,2018-05-03,123,0.13903711299412042,7.253396897701746e-05,0.23321868949733016,0.4677084564167714,0.025233016230264284,2.048780487804878,-0.04435969359657044,0.0,-0.04339019083998641
AAPL,2018-05-04,2017-11-06,2018-05-04,124,0.13903711299412042,5.5927431804356304e-05,0.22614412961963948,0.5606985995033408,0.020338740370407123,2.032258064516129,-0.04435969359657044,0.0,-0.04339019083998641
AAPL,2018-05-07,2017-11-08,2018-05-07,123,0.13903711299412042,5.537094455992091e-05,0.2091287215343041,0.5777295567189534,0.02431847985119206,2.048780487804878,-0.04435969359657044,0.0,-0.04339019083998641
AAPL,2018-05-08,2017-11-09,2018-05-08,123,0.13903711299412042,5.537094455992091e-05,0.20098131978094655,0.582103829476936,0.020012731717651312,2.048780487804878,-0.04435969359657044,0.0,-0.04339019083998641
AAPL,2018-05-09,2017-11-10,2018-05-09,123,0.13903711299412042,5.763067567517503e-05,0.19938064227482152,0.5703728244234003,0.01685362285715959,2.048780487804878,-0.04435969359657044,0.0,-0.04339019083998641
AAPL,2018-05-10,2017-11-13,2018-05-10,123,0.13903711299412042,6.119435763400344e-05,0.20421146448442998,0.5502867919396985,0.014881476969047116,2.048780487804878,-0.04435969359657044,0.0,-0.04339019083998641
AAPL,2018-05-11,2017-11-13,2018-05-11,124,0.13903711299412042,6.763022440742095e-05,0.2141324819622493,0.5104727916797379,0.01463314589625669,2.032258064516129,-0.04435969359657044,0.0,-0.04339019083998641
AAPL,2018-05-14,2017-11-15,2018-05-14,123,0.13903711299412042,7.399925234781232e-05,0.22966230125691514,0.46803763445311375,0.01328052859504659,2.048780487804878,-0.04435969359657044,0.0,-0.04339019083998641
AAPL,2018-05-15,2017-11-16,2018-05-15,123,0.13903711299412042,7.399925234781232e-05,0.23321868949732996,0.4658762556453626,0.012567409428141819,2.048780487804878,-0.04435969359657044,0.0,-0.04339019083998641
AAPL,2018-05-16,2017-11-17,2018-05-16,123,0.13903711299412042,7.399925234781232e-05,0.2350111852886724,0.4647865745428868,0.013012088520494399,2.048780487804878,-0.04435969359657044,0.0,-0.04339019083998641
AAPL,2018-05-17,2017-11-20,2018-05-17,123,0.13903711299412042,7.399925234781232e-05,0.23501118528867235,0.4629600725434549,0.013040200850003122,2.048780487804878,-0.04435969359657044,0.0,-0.04339019083998641
AAPL,2018-05-18,2017-11-20,2018-05-18,124,0.13903711299412042,7.326294748451434e-05,0.23681319758914587,0.46004348507523546,0.012720431781974144,2.032258064516129,-0.04435969359657044,0.0,-0.04339019083998641
AAPL,2018-05-21,2017-11-22,2018-05-21,123,0.13903711299412042,7.399925234781232e-05,0.24969235901773332,0.44867916221475856,0.012274044250917097,2.048780487804878,-0.04435969359657044,0.0,-0.04339019083998641
AAPL,2018-05-22,2017-11-24,2018-05-22,123,0.13903711299412042,7.399925234781232e-05,0.25156987500689826,0.4457548688007144,0.012307607705185474,2.048780487804878,-0.04435969359657044,0.0,-0.04339019083998641
AAPL,2018-05-23,2017-11-24,2018-05-23,124,0.13903711299412042,7.326294748451434e-05,0.25535290868909033,0.4452930003538545,0.011940543109840373,2.032258064516129,-0.04435969359657044,0.0,-0.04339019083998641
AAPL,2018-05-24,2017-11-27,2018-05-24,124,0.13903711299412042,6.968987137292068e-05,0.2515698750068982,0.4600581915079403,0.011944066790281519,2.032258064516129,-0.04435969359657044,0.0,-0.04339019083998641
AAPL,2018-05-25,2017-11-27,2018-05-25,125,0.13903711299412042,6.695729243098606e-05,0.2515698750068982,0.46886827775182843,0.011543793046923876,2.016,-0.04435969359657044,0.0,-0.04339019083998641
AAPL,2018-05-29,2017-11-30,2018-05-29,123,0.13903711299412042,6.433185944192525e-05,0.2669240628627547,0.46777024945635204,0.011190499890863851,2.048780487804878,-0.04435969359657044,0.0,-0.04339019083998641
AAPL,2018-05-30,2017-12-01,2018-05-30,123,0.13903711299412042,5.879489255046091e-05,0.2669240628627547,0.49421520188603024,0.011105416941371113,2.048780487804878,-0.04435969359657044,0.0,-0.04339019083998641
AAPL,2018-05-31,2017-12-01,2018-05-31,124,0.13903711299412042,5.3199818769060835e-05,0.2630302372342525,0.5204612774416694,0.010804056582791445,2.032258064516129,-0.04435969359657044,0.0,-0.04339019083998641
AAPL,2018-06-01,2017-12-04,2018-06-01,124,0.13903711299412042,5.5370944559921e-05,0.2553529086890902,0.5227798493194098,0.011086337150341468,2.032258064516129,-0.04435969359657044,0.0,-0.04339019083998641
AAPL,2018-06-04,2017-12-05,2018-06-04,124,0.13903711299412042,5.5927431804356406e-05,0.24969235901773315,0.5236015916341419,0.013994409329923992,2.032258064516129,-0.04435969359657044,0.0,-0.04339019083998641
AAPL,2018-06-05,2017-12-06,2018-06-05,124,0.13903711299412042,5.5927431804356406e-05,0.24596544857655406,0.5262017152777364,0.013174926774597941,2.032258064516129,-0.04435969359657044,0.0,-0.04339019083998641
AAPL,2018-06-06,2017-12-07,2018-06-06,124,0.13903711299412042,5.48199944560842e-05,0.24227617967750806,0.5319582763645201,0.012602131184981456,2.032258064516129,-0.04435969359657044,0.0,-0.04339019083998641
AAPL,2018-06-07,2017-12-08,2018-06-07,124,0.13903711299412042,5.427452639737649e-05,0.2478242092760431,0.5280625928165538,0.011807102245908389,2.032258064516129,-0.04435969359657044,0.0,-0.04339019083998641
AAPL,2018-06-08,2017-12-11,2018-06-08,124,0.13903711299412042,5.373448583653744e-05,0.25156987500689804,0.5254322581997644,0.011346599224361126,2.032258064516129,-0.04435969359657044,0.0,-0.04339019083998641
AAPL,2018-06-11,2017-12-12,2018-06-11,124,0.13903711299412042,5.319981876906093e-05,0.2610970685056579,0.5233515989131056,0.012019832862694221,2.032258064516129,-0.04435969359657044,0.0,-0.04339019083998641
AAPL,2018-06-12,2017-12-13,2018-06-12,124,0.13903711299412042,5.010170250981129e-05,0.2553529086890901,0.5410027800123602,0.011375723324602086,2.032258064516129,-0.04435969359657044,0.0,-0.04339019083998641
AAPL,2018-06-13,2017-12-14,2018-06-13,124,0.13903711299412042,4.910962233052678e-05,0.251569875006898,0.5481811783055118,0.011224617935920961,2.032258064516129,-0.04435969359657044,0.0,-0.04339019083998641
AAPL,2018-06-14,2017-12-15,2018-06-14,124,0.13903711299412042,4.226904365910667e-05,0.242276179677508,0.5846157548810487,0.011471033288253343,2.032258064516129,-0.04435969359657044,0.0,-0.04339019083998641
AAPL,2018-06-15,2017-12-18,2018-06-15,124,0.13903711299412042,4.020755807404764e-05,0.24044571128588005,0.5965046837127985,0.010850582293587662,2.032258064516129,-0.04435969359657044,0.0,-0.04339019083998641
AAPL,2018-06-18,2017-12-19,2018-06-18,124,0.13903711299412042,3.638130303325224e-05,0.2368131975891456,0.6154624454089933,0.011593889824278048,2.032258064516129,-0.04435969359657044,0.0,-0.04339019083998641
AAPL,2018-06-19,2017-12-20,2018-06-19,124,0.13903711299412042,3.6746941207476164e-05,0.23501118528867207,0.6192884546824852,0.011018879301017232,2.032258064516129,-0.04435969359657044,0.0,-0.04339019083998641
AAPL,2018-06-20,2017-12-21,2018-06-20,124,0.13903711299412042,3.3921702108329906e-05,0.23321868949732963,0.629963497892063,0.013189152375171211,2.032258064516129,-0.04435969359657044,0.0,-0.04339019083998641
AAPL,2018-06-21,2017-12-22,2018-06-21,124,0.13903711299412042,3.2591613143754444e-05,0.242276179677508,0.6269074166807537,0.01201194959774474,2.032258064516129,-0.04435969359657044,0.0,-0.04339019083998641
AAPL,2018-06-22,2017-12-26,2018-06-22,124,0.0649991766131272,3.386711371084194e-05,0.24772651501219764,0.618121082117962,0.011467577865297632,2.032258064516129,-0.04435969359657044,0.0,-0.04339019083998641
AAPL,2018-06-25,2017-12-26,2018-06-25,125,0.0649991766131272,3.5249256841043016e-05,0.2571582347979378,0.6014376256523515,0.010788624015816515,2.016,-0.04435969359657044,0.0,-0.04339019083998641
AAPL,2018-06-26,2017-12-27,2018-06-26,125,0.0649991766131272,3.5249256841043016e-05,0.2668215137364585,0.5991755966684563,0.012927847237939548,2.016,-0.04435969359657044,0.0,-0.04339019083998641
AAPL,2018-06-27,2017-12-28,2018-06-27,125,0.0649991766131272,3.489852087525637e-05,0.26292864678828787,0.6012517283393884,0.013148352249311922,2.016,-0.04435969359657044,0.0,-0.04339019083998641
AAPL,2018-06-28,2017-12-29,2018-06-28,125,0.0649991766131272,3.455127479063944e-05,0.26487050882203367,0.5996668761393612,0.011769598695288604,2.016,-0.04435969359657044,0.0,-0.04339019083998641
AAPL,2018-06-29,2018-01-02,2018-06-29,125,0.0649991766131272,3.420748386229441e-05,0.26682151373645846,0.5980745679769366,0.011377652390898869,2.016,-0.04435969359657044,0.0,-0.04339019083998641
AAPL,2018-07-02,2018-01-03,2018-07-02,125,0.0649991766131272,3.420748386229441e-05,0.2727290444722712,0.5975725055436697,0.010656536417598977,2.016,-0.04435969359657044,0.0,-0.04339019083998641
AAPL,2018-07-03,2018-01-04,2018-07-03,125,0.0649991766131272,3.668780630243235e-05,0.2767124654041711,0.5878164040800002,0.011743128261544606,2.016,-0.04435969359657044,0.0,-0.04339019083998641
AAPL,2018-07-05,2018-01-08,2018-07-05,124,0.0649991766131272,3.856883035518922e-05,0.2727290444722712,0.5831335477383829,0.014388223216730509,2.032258064516129,-0.04435969359657044,0.0,-0.04339019083998641
AAPL,2018-07-06,2018-01-08,2018-07-06,125,0.0649991766131272,3.856883035518922e-05,0.2727290444722712,0.5831327459278014,0.013255146397304594,2.016,-0.04435969359657044,0.0,-0.04339019083998641
AAPL,2018-07-09,2018-01-10,2018-07-09,124,0.0649991766131272,3.9347972411628644e-05,0.2629286467882878,0.5886332765270545,0.01383448468944327,2.032258064516129,-0.04435969359657044,0.0,-0.04339019083998641
AAPL,2018-07-10,2018-01-11,2018-07-10,124,0.0649991766131272,3.895645354449979e-05,0.2552532550502798,0.593560767033246,0.01408128299739994,2.032258064516129,-0.04435969359657044,0.0,-0.04339019083998641
AAPL,2018-07-11,2018-01-12,2018-07-11,124,0.0649991766131272,3.9347972411628644e-05,0.2552532550502798,0.5923514450500862,0.012554112256333641,2.032258064516129,-0.04435969359657044,0.0,-0.04339019083998641
AAPL,2018-07-12,2018-01-16,2018-07-12,124,0.0649991766131272,4.0142854181679344e-05,0.25715823479793776,0.5896228997301257,0.013392755094197902,2.032258064516129,-0.04435969359657044,0.0,-0.04339019083998641
AAPL,2018-07-13,2018-01-16,2018-07-13,125,0.0649991766131272,3.974342610878874e-05,0.2514711984838395,0.5929070639371414,0.014582617399823243,2.016,-0.04435969359657044,0.0,-0.04339019083998641
AAPL,2018-07-16,2018-01-17,2018-07-16,125,0.0649991766131272,3.9347972411628644e-05,0.2514711984838395,0.5916699982991904,0.012834021255026858,2.016,-0.04435969359657044,0.0,-0.04339019083998641
AAPL,2018-07-17,2018-01-18,2018-07-17,125,0.0649991766131272,3.9347972411628644e-05,0.26099595992608443,0.5853609655301469,0.011710299441473386,2.016,-0.04435969359657044,0.0,-0.04339019083998641
AAPL,2018-07-18,2018-01-19,2018-07-18,125,0.0649991766131272,3.856883035518922e-05,0.25715823479793776,0.589619757620249,0.010987469910649356,2.016,-0.04435969359657044,0.0,-0.04339019083998641
AAPL,2018-07-19,2018-01-22,2018-07-19,125,0.0649991766131272,3.221539508466451e-05,0.24586824721747266,0.6261372348843821,0.010693451183593931,2.016,-0.04435969359657044,0.0,-0.04339019083998641
AAPL,2018-07-20,2018-01-22,2018-07-20,126,0.0649991766131272,2.914969490941624e-05,0.2440193911992759,0.63995368290582,0.010675553078882629,2.0,-0.04435969359657044,0.0,-0.04339019083998641
AAPL,2018-07-23,2018-01-24,2018-07-23,125,0.0649991766131272,2.137975500617799e-05,0.2313425004929419,0.6815759017998707,0.009720678978918634,2.016,-0.04435969359657044,0.0,-0.04339019083998641
AAPL,2018-07-24,2018-01-25,2018-07-24,125,0.0649991766131272,2.0956407492679134e-05,0.2313425004929419,0.6815750150903777,0.009194828889890132,2.016,-0.04435969359657044,0.0,-0.04339019083998641
AAPL,2018-07-25,2018-01-26,2018-07-25,125,0.0649991766131272,2.1167022889464466e-05,0.226052409916547,0.6831065388151539,0.009509284236412485,2.016,-0.04435969359657044,0.0,-0.04339019083998641
AAPL,2018-07-26,2018-01-29,2018-07-26,125,0.0649991766131272,1.8401725667830983e-05,0.22780621150069952,0.6892564088139832,0.009752841115632002,2.016,-0.04435969359657044,0.0,-0.04339019083998641
AAPL,2018-07-27,2018-01-29,2018-07-27,126,0.0649991766131272,2.1167022889464466e-05,0.22956957849920462,0.6783917928970542,0.00960400658295712,2.0,-0.04435969359657044,0.0,-0.04339019083998641
AAPL,2018-07-30,2018-01-31,2018-07-30,125,0.0649991766131272,2.116702288946443e-05,0.22084848594050663,0.6730576885866523,0.012064468168838592,2.016,-0.04435969359657044,0.0,-0.04339019083998641
AAPL,2018-07-31,2018-02-01,2018-07-31,125,0.0649991766131272,2.316041210825149e-05,0.26682151373645846,0.6167805619572462,0.011263136725418862,2.016,-0.04435969359657044,0.0,-0.04339019083998641
AAPL,2018-08-01,2018-02-02,2018-08-01,125,0.5025693099389252,5.3262174974035064e-05,0.2798586867318131,0.5219892818507358,0.012223245473177841,2.016,0.05724054702417414,0.0,0.05891049753120359
AAPL,2018-08-02,2018-02-05,2018-08-02,125,0.5025693099389252,5.3262174974035064e-05,0.2962550897426787,0.507283981620169,0.032118933544245644,2.016,0.05724054702417414,0.0,0.05891049753120359
AAPL,2018-08-03,2018-02-05,2018-08-03,126,0.5025693099389252,5.433814228125009e-05,0.279858686731813,0.5088032961085694,0.027492867578058026,2.0,0.05724054702417414,0.0,0.05891049753120359
AAPL,2018-08-06,2018-02-07,2018-08-06,125,0.42853137355793197,6.430361646162584e-05,0.25244093674946233,0.4808351186238332,0.019914913163995608,2.016,0.05724054702417414,0.0,0.05891049753120359
AAPL,2018-08-07,2018-02-08,2018-08-07,125,0.42853137355793197,6.692789683279502e-05,0.24682351318915685,0.45440446274542146,0.015354746504525342,2.016,0.05724054702417414,0.0,0.05891049753120359
AAPL,2018-08-08,2018-02-09,2018-08-08,125,0.42853137355793197,8.339729487049864e-05,0.23584300375305092,0.3762148730543512,0.013707946686013158,2.016,0.05724054702417414,0.0,0.05891049753120359
AAPL,2018-08-09,2018-02-12,2018-08-09,125,0.42853137355793197,8.339729487049849e-05,0.2394653111387012,0.3516686529874199,0.012098111666786298,2.016,0.05724054702417414,0.0,0.05891049753120359
AAPL,2018-08-10,2018-02-12,2018-08-10,126,0.42853137355793197,8.25674779216674e-05,0.24129069004560322,0.3508241415937363,0.011937255807500855,2.0,0.05724054702417414,0.0,0.05891049753120359
AAPL,2018-08-13,2018-02-14,2018-08-13,125,0.42853137355793197,8.508203198148901e-05,0.260061332418752,0.3220145768516125,0.01166137627784653,2.016,0.05724054702417414,0.0,0.05891049753120359
AAPL,2018-08-14,2018-02-15,2018-08-14,125,0.42853137355793197,8.423545161831461e-05,0.24496981035943433,0.32117857341815975,0.011521805301126,2.016,0.05724054702417414,0.0,0.05891049753120359
AAPL,2018-08-15,2018-02-16,2018-08-15,125,0.42853137355793197,7.932996080458071e-05,0.27176787309782446,0.3349207176220617,0.011149125436281384,2.016,0.05724054702417414,0.0,0.05891049753120359
AAPL,2018-08-16,2018-02-20,2018-08-16,125,0.42853137355793197,8.012724016544724e-05,0.26782923812537734,0.33673167251128877,0.011072123763830629,2.016,0.05724054702417414,0.0,0.05891049753120359
AAPL,2018-08-17,2018-02-20,2018-08-17,126,0.42853137355793197,8.093253231710322e-05,0.27176787309782446,0.3331116674066446,0.012914207761648923,2.0,0.05724054702417414,0.0,0.05891049753120359
AAPL,2018-08-20,2018-02-21,2018-08-20,126,0.42853137355793197,8.174591778943492e-05,0.263926968474253,0.3348717914802758,0.014962610463848391,2.0,0.05724054702417414,0.0,0.05891049753120359
AAPL,2018-08-21,2018-02-22,2018-08-21,126,0.42853137355793197,8.093253231710322e-05,0.2581423304804809,0.3393434165155558,0.013790467176111565,2.0,0.05724054702417414,0.0,0.05891049753120359
AAPL,2018-08-22,2018-02-23,2018-08-22,126,0.42853137355793197,8.012724016544724e-05,0.260061332418752,0.3347955465927465,0.012106773015776473,2.0,0.05724054702417414,0.0,0.05891049753120359
AAPL,2018-08-23,2018-02-26,2018-08-23,126,0.42853137355793197,7.932996080458071e-05,0.26392696847425307,0.3312233677057666,0.011313464021613186,2.0,0.05724054702417414,0.0,0.05891049753120359
AAPL,2018-08-24,2018-02-26,2018-08-24,127,0.42853137355793197,7.854061450590317e-05,0.2678292381253774,0.32946694672097754,0.01096638711594369,1.984251968503937,0.05724054702417414,0.0,0.05891049753120359
AAPL,2018-08-27,2018-02-28,2018-08-27,126,0.42853137355793197,7.546099296180558e-05,0.2797530672373361,0.34020594805819,0.010777405424430012,2.0,0.05724054702417414,0.0,0.05891049753120359
AAPL,2018-08-28,2018-03-01,2018-08-28,126,0.42853137355793197,7.396676518757227e-05,0.28788000793166474,0.3363667456348372,0.011145370183749262,2.0,0.05724054702417414,0.0,0.05891049753120359
AAPL,2018-08-29,2018-03-01,2018-08-29,127,0.42853137355793197,7.396676518757227e-05,0.28788000793166474,0.3381416008888184,0.011298556203593513,1.984251968503937,0.05724054702417414,0.0,0.05891049753120359
AAPL,2018-08-30,2018-03-01,2018-08-30,128,0.42853137355793197,7.323078357691969e-05,0.2837989907288506,0.34186534807955077,0.012864188557908435,1.96875,0.05724054702417414,0.0,0.05891049753120359
AAPL,2018-08-31,2018-03-01,2018-08-31,129,0.42853137355793197,7.250212510565066e-05,0.2837989907288506,0.3436520807594327,0.012035976114869945,1.9534883720930234,0.05724054702417414,0.0,0.05891049753120359
AAPL,2018-09-04,2018-03-05,2018-09-04,128,0.42853137355793197,7.178071690731084e-05,0.2919957506691318,0.34856129081310666,0.012272086663178408,1.96875,0.05724054702417414,0.0,0.05891049753120359
AAPL,2018-09-05,2018-03-06,2018-09-05,128,0.42853137355793197,7.178071690731084e-05,0.28993356241173,0.3495760452305946,0.011183136529637728,1.96875,0.05724054702417414,0.0,0.05891049753120359
AAPL,2018-09-06,2018-03-07,2018-09-06,128,0.42853137355793197,7.250212510565066e-05,0.28993356241172996,0.3513504187184903,0.011691696509238599,1.96875,0.05724054702417414,0.0,0.05891049753120359
AAPL,2018-09-07,2018-03-08,2018-09-07,128,0.42853137355793197,7.250212510565066e-05,0.2837989907288505,0.35438539244058187,0.014753569260832032,1.96875,0.05724054702417414,0.0,0.05891049753120359
AAPL,2018-09-10,2018-03-12,2018-09-10,127,0.42853137355793197,7.250212510565066e-05,0.2919957506691317,0.3520989309604225,0.013345223696304365,1.984251968503937,0.05724054702417414,0.0,0.05891049753120359
AAPL,2018-09-11,2018-03-12,2018-09-11,128,0.42853137355793197,7.323078357691969e-05,0.3045473455233573,0.3493336050994189,0.014388077276422955,1.96875,0.05724054702417414,0.0,0.05891049753120359
AAPL,2018-09-12,2018-03-13,2018-09-12,128,0.42853137355793197,7.323078357691969e-05,0.30032983849194456,0.35145160348899857,0.01755953657788315,1.96875,0.05724054702417414,0.0,0.05891049753120359
AAPL,2018-09-13,2018-03-14,2018-09-13,128,0.42853137355793197,7.323078357691969e-05,0.3109354275674542,0.353012736861672,0.015727622713470203,1.96875,0.05724054702417414,0.0,0.05891049753120359
AAPL,2018-09-14,2018-03-15,2018-09-14,128,0.42853137355793197,7.323078357691969e-05,0.30666852145443707,0.3551981912478043,0.017648280400922638,1.96875,0.05724054702417414,0.0,0.05891049753120359
AAPL,2018-09-17,2018-03-19,2018-09-17,127,0.42853137355793197,6.62619531324903e-05,0.3261209158198371,0.38862462040965157,0.015794951932796668,1.984251968503937,0.05724054702417414,0.0,0.05891049753120359
AAPL,2018-09-18,2018-03-19,2018-09-18,128,0.42853137355793197,6.56026356827172e-05,0.30879790193253126,0.3969255651237865,0.02041923198700595,1.96875,0.05724054702417414,0.0,0.05891049753120359
AAPL,2018-09-19,2018-03-20,2018-09-19,128,0.42853137355793197,6.896615473932692e-05,0.30032983849194445,0.3793651915504103,0.014939856549431677,1.96875,0.05724054702417414,0.0,0.05891049753120359
AAPL,2018-09-20,2018-03-21,2018-09-20,128,0.42853137355793197,6.760053337855655e-05,0.31523467038457836,0.3644737238895864,0.012143725481422648,1.96875,0.05724054702417414,0.0,0.05891049753120359
AAPL,2018-09-21,2018-03-22,2018-09-21,128,0.42853137355793197,7.250212510565053e-05,0.3217430654413135,0.3356049973419421,0.011486004166616992,1.96875,0.05724054702417414,0.0,0.05891049753120359
AAPL,2018-09-24,2018-03-26,2018-09-24,127,0.42853137355793197,7.3966765187572e-05,0.23048089894146045,0.35580683765090226,0.012547447372744588,3.968503937007874,0.05180998784856938,0.007679970437409898,0.05320666696826981
AAPL,2018-09-25,2018-03-26,2018-09-25,128,0.42853137355793197,7.3966765187572e-05,0.22695388658638438,0.35551624881374216,0.012867938210673257,3.9375,0.05180998784856938,0.007679970437409898,0.05320666696826981
AAPL,2018-09-26,2018-03-27,2018-09-26,128,0.42853137355793197,7.035936348155363e-05,0.22695388658638438,0.3786414649897742,0.011741800041371372,1.96875,0.05724054702417414,0.0,0.05891049753120359
AAPL,2018-09-27,2018-03-28,2018-09-27,128,0.42853137355793197,7.035936348155363e-05,0.24312552935836093,0.3782876967149916,0.012083498402280164,1.96875,0.05724054702417414,0.0,0.05891049753120359
AAPL,2018-09-28,2018-03-29,2018-09-28,128,0.42853137355793197,6.965927611760948e-05,0.23584300375305076,0.38574768800578124,0.014416156435130516,1.96875,0.05724054702417414,0.0,0.05891049753120359
AAPL,2018-10-01,2018-04-02,2018-10-01,128,0.42853137355793197,6.896615473932668e-05,0.23404610707601756,0.38665425955386,0.012225146286860345,1.96875,0.05724054702417414,0.0,0.05891049753120359
AAPL,2018-10-02,2018-04-03,2018-10-02,128,0.42853137355793197,6.760053337855643e-05,0.23584300375305076,0.3914760662696025,0.011481681519288795,1.96875,0.05724054702417414,0.0,0.05891049753120359
AAPL,2018-10-03,2018-04-04,2018-10-03,128,0.42853137355793197,6.69278968327949e-05,0.23584300375305076,0.38956610077658815,0.011389077519139442,1.96875,0.05724054702417414,0.0,0.05891049753120359
AAPL,2018-10-04,2018-04-05,2018-10-04,128,0.42853137355793197,6.760053337855643e-05,0.22871261267132048,0.39512792429744886,0.012011499773721516,1.96875,0.05724054702417414,0.0,0.05891049753120359
AAPL,2018-10-05,2018-04-06,2018-10-05,128,0.42853137355793197,6.69278968327949e-05,0.250559099135843,0.37644297821780565,0.014666723522527455,1.96875,0.05724054702417414,0.0,0.05891049753120359
AAPL,2018-10-08,2018-04-09,2018-10-08,128,0.42853137355793197,6.69278968327949e-05,0.250559099135843,0.37644247591938856,0.015154267106929362,1.96875,0.05724054702417414,0.0,0.05891049753120359
AAPL,2018-10-09,2018-04-10,2018-10-09,128,0.42853137355793197,6.69278968327949e-05,0.25244093674946216,0.3736278477703886,0.01252372374478372,1.96875,0.05724054702417414,0.0,0.05891049753120359
AAPL,2018-10-10,2018-04-11,2018-10-10,128,0.42853137355793197,6.692789683279502e-05,0.32612091581983704,0.3935403244295667,0.013599510602336527,3.9375,0.004903586860054876,0.07401563887747786,0.0076720245756389804
AAPL,2018-10-11,2018-04-12,2018-10-11,128,0.42853137355793197,6.692789683279502e-05,0.2919957506691316,0.41174708868576976,0.029108349660376145,3.9375,0.004903586860054876,0.07401563887747786,0.0076720245756389804
AAPL,2018-10-12,2018-04-13,2018-10-12,128,0.42853137355793197,6.116749208010695e-05,0.3173962624291222,0.43746578229194266,0.022241726910298288,3.9375,0.004903586860054876,0.07401563887747786,0.0076720245756389804
AAPL,2018-10-15,2018-04-16,2018-10-15,128,0.42853137355793197,5.818431828951217e-05,0.30666852145443707,0.4569571794320936,0.02504234072683972,3.9375,0.004903586860054876,0.07401563887747786,0.0076720245756389804
AAPL,2018-10-16,2018-04-17,2018-10-16,128,0.42853137355793197,5.371089531641168e-05,0.3003298384919445,0.47962452291604046,0.0227882423676496,3.9375,0.004903586860054876,0.07401563887747786,0.0076720245756389804
AAPL,2018-10-17,2018-04-18,2018-10-17,128,0.42853137355793197,5.317646297853236e-05,0.28177162004902734,0.4845325638509486,0.020203380045156087,3.9375,0.004903586860054876,0.07401563887747786,0.0076720245756389804
AAPL,2018-10-18,2018-04-19,2018-10-18,128,0.42853137355793197,4.9581405445641096e-05,0.3109354275674541,0.48405752891998804,0.01643560461570002,3.9375,0.004903586860054876,0.07401563887747786,0.0076720245756389804
AAPL,2018-10-19,2018-04-20,2018-10-19,128,0.42853137355793197,4.9088062218507075e-05,0.22520473058814505,0.5311206366679653,0.018217833779168534,5.90625,-0.010675998486515828,0.05888402022564228,-0.00890247080731188
AAPL,2018-10-22,2018-04-23,2018-10-22,128,0.42853137355793197,4.9581405445641096e-05,0.26006133241875184,0.5088180872798725,0.01657823106850791,3.9375,0.004903586860054876,0.07401563887747786,0.0076720245756389804
AAPL,2018-10-23,2018-04-24,2018-10-23,128,0.42853137355793197,4.9088062218507075e-05,0.26392696847425284,0.5061591988501077,0.01389647954354546,3.9375,0.004903586860054876,0.07401563887747786,0.0076720245756389804
AAPL,2018-10-24,2018-04-25,2018-10-24,128,0.42853137355793197,4.3537205580437405e-05,0.2581423304804808,0.5673677770194224,0.013623402284606156,3.9375,0.004903586860054876,0.07401563887747786,0.0076720245756389804
AAPL,2018-10-25,2018-04-26,2018-10-25,128,0.42853137355793197,4.225048669871869e-05,0.24312552935836104,0.5815603229057131,0.021842101361670935,3.9375,0.004903586860054876,0.07401563887747786,0.0076720245756389804
AAPL,2018-10-26,2018-04-27,2018-10-26,128,0.42853137355793197,4.141387100864879e-05,0.2340461070760177,0.5885359184618933,0.02021112525941161,3.9375,0.004903586860054876,0.07401563887747786,0.0076720245756389804
AAPL,2018-10-29,2018-04-30,2018-10-29,128,0.42853137355793197,4.059382141917466e-05,0.2287126126713206,0.5940022781574044,0.018778566351897404,3.9375,0.004903586860054876,0.07401563887747786,0.0076720245756389804
AAPL,2018-10-30,2018-05-01,2018-10-30,128,0.42853137355793197,4.059382141917466e-05,0.2017244933396798,0.6047079108349178,0.01809048961676912,3.9375,0.004903586860054876,0.07401563887747786,0.0076720245756389804
AAPL,2018-10-31,2018-05-01,2018-10-31,129,0.42853137355793197,4.059382141917466e-05,0.20659743236483488,0.6053540437355256,0.015638223830187887,3.906976744186047,0.004903586860054876,0.07401563887747786,0.0076720245756389804
AAPL,2018-11-01,2018-05-02,2018-11-01,129,0.42853137355793197,3.9790009899526366e-05,0.15505631085206062,0.63850227947221,0.01667011211366801,3.906976744186047,0.004903586860054876,0.07401563887747786,0.0076720245756389804
AAPL,2018-11-02,2018-05-03,2018-11-02,129,0.42853137355793197,1.9759134153819437e-05,0.1969379251537421,0.7556672238071881,0.018937736264776982,5.86046511627907,-0.019608518273366737,0.06739204176634174,-0.017188241996986653
AAPL,2018-11-05,2018-05-07,2018-11-05,128,0.42853137355793197,1.650421616196442e-05,0.2619895552448617,0.7368781813289473,0.04009648027643576,5.90625,-0.019608518273366737,0.06739204176634174,-0.017188241996986653
AAPL,2018-11-06,2018-05-07,2018-11-06,129,0.42853137355793197,1.6177410785925442e-05,0.2376494102215458,0.751922272433871,0.03682810655307309,5.86046511627907,-0.019608518273366737,0.06739204176634174,-0.017188241996986653
AAPL,2018-11-07,2018-05-08,2018-11-07,129,0.42853137355793197,1.6837623444527335e-05,0.2340461070760177,0.7508764553212578,0.03224205600129817,5.86046511627907,-0.019608518273366737,0.06739204176634174,-0.017188241996986653
AAPL,2018-11-08,2018-05-09,2018-11-08,129,0.42853137355793197,1.8423294571713718e-05,0.21830396863045176,0.7510217220822657,0.030471414869493466,5.86046511627907,-0.019608518273366737,0.06739204176634174,-0.017188241996986653
AAPL,2018-11-09,2018-05-10,2018-11-09,129,0.42853137355793197,1.975913415381933e-05,0.22001476630032737,0.7429225836827738,0.026534066359741156,5.86046511627907,-0.019608518273366737,0.06739204176634174,-0.017188241996986653
AAPL,2018-11-12,2018-05-14,2018-11-12,128,0.42853137355793197,1.7350405419415153e-05,0.2376494102215458,0.7535316443955449,0.026736025459462298,5.90625,-0.019608518273366737,0.06739204176634174,-0.017188241996986653
AAPL,2018-11-13,2018-05-14,2018-11-13,129,0.3376682418576001,1.738409951948732e-05,0.2160298017918316,0.7682798273695051,0.03414027885068323,5.86046511627907,-0.019608518273366737,0.06739204176634174,-0.017188241996986653
AAPL,2018-11-14,2018-05-15,2018-11-14,129,0.3376682418576001,1.9021234639595097e-05,0.2143414644757584,0.7595652573216897,0.030137310099048478,5.86046511627907,-0.019608518273366737,0.06739204176634174,-0.017188241996986653
AAPL,2018-11-15,2018-05-16,2018-11-15,129,0.3376682418576001,1.9797505951332026e-05,0.21099362422992954,0.7587229309088739,0.029816905628424165,5.86046511627907,-0.019608518273366737,0.06739204176634174,-0.017188241996986653
AAPL,2018-11-16,2018-05-17,2018-11-16,129,0.3376682418576001,2.060545749628428e-05,0.19640391272618485,0.7640441234432404,0.027896199661498516,5.86046511627907,-0.019608518273366737,0.06739204176634174,-0.017188241996986653
AAPL,2018-11-19,2018-05-21,2018-11-19,128,0.3376682418576001,1.921240122587022e-05,0.18258928566779284,0.7854263317138783,0.025793863525626747,5.90625,-0.019608518273366737,0.06739204176634174,-0.017188241996986653
AAPL,2018-11-20,2018-05-21,2018-11-20,129,0.3376682418576001,1.902123463959513e-05,0.21266273816001677,0.7697848887951457,0.03040479329874155,5.86046511627907,-0.019608518273366737,0.06739204176634174,-0.017188241996986653
AAPL,2018-11-21,2018-05-22,2018-11-21,129,0.3376682418576001,1.9405489068278288e-05,0.18710846703871567,0.784278089484156,0.03434923901832915,5.86046511627907,-0.019608518273366737,0.06739204176634174,-0.017188241996986653
AAPL,2018-11-23,2018-05-24,2018-11-23,128,0.3376682418576001,1.999647419399279e-05,0.1738060733236617,0.7922724673372125,0.03033547457625342,5.90625,-0.019608518273366737,0.06739204176634174,-0.017188241996986653
AAPL,2018-11-26,2018-05-29,2018-11-26,127,0.2636303054766068,2.162706251054084e-05,0.1532435955442729,0.8034882522240603,0.02878618515252839,5.952755905511811,-0.019608518273366737,0.06739204176634174,-0.017188241996986653
AAPL,2018-11-27,2018-05-29,2018-11-27,128,0.2636303054766068,2.141186964304379e-05,0.15066681406338822,0.8007158123688466,0.026237470976980135,5.90625,-0.019608518273366737,0.06739204176634174,-0.017188241996986653
AAPL,2018-11-28,2018-05-29,2018-11-28,129,0.2636303054766068,2.0367600438036876e-05,0.14812577246286476,0.8091615061269641,0.024390206550206954,5.86046511627907,-0.019608518273366737,0.06739204176634174,-0.017188241996986653
AAPL,2018-11-29,2018-05-30,2018-11-29,129,0.2636303054766068,2.0572298225542716e-05,0.14071464297618247,0.8128058258096519,0.026202113104114536,5.86046511627907,-0.019608518273366737,0.06739204176634174,-0.017188241996986653
AAPL,2018-11-30,2018-05-31,2018-11-30,129,0.2636303054766068,2.2735905716849012e-05,0.14314993849605914,0.8014303208916874,0.023794784847095768,5.86046511627907,-0.019608518273366737,0.06739204176634174,-0.017188241996986653
AAPL,2018-12-03,2018-06-04,2018-12-03,128,0.2636303054766068,2.206395815409617e-05,0.14071464297618247,0.810556132462124,0.022472982731202417,5.90625,-0.019608518273366737,0.06739204176634174,-0.017188241996986653
AAPL,2018-12-04,2018-06-05,2018-12-04,128,0.2636303054766068,1.9964294927805912e-05,0.139510037172087,0.8241492907221596,0.024958034541705424,5.90625,-0.019608518273366737,0.06739204176634174,-0.017188241996986653
AAPL,2018-12-06,2018-06-07,2018-12-06,127,0.2636303054766068,1.9568975401740148e-05,0.12032670165565035,0.8399494109165496,0.02809212708897923,5.952755905511811,-0.019608518273366737,0.06739204176634174,-0.017188241996986653
AAPL,2018-12-07,2018-06-08,2018-12-07,127,0.1895923690956136,1.9932167446006698e-05,0.11713344257522339,0.8459596581131691,0.026666044079674767,5.952755905511811,-0.019608518273366737,0.06739204176634174,-0.017188241996986653
AAPL,2018-12-10,2018-06-11,2018-12-10,127,0.1895923690956136,1.8771408378111635e-05,0.10814324745284795,0.8534864950535164,0.02754127965957964,5.952755905511811,-0.019608518273366737,0.06739204176634174,-0.017188241996986653
AAPL,2018-12-11,2018-06-12,2018-12-11,127,0.1895923690956136,1.8771408378111635e-05,0.10157547267297233,0.8578784134855322,0.02564216557149454,5.952755905511811,-0.019608518273366737,0.06739204176634174,-0.017188241996986653
AAPL,2018-12-12,2018-06-13,2018-12-12,127,0.1895923690956136,1.973383906617948e-05,0.09976500467457523,0.8551188492289078,0.023933903947836628,5.952755905511811,-0.019608518273366737,0.06739204176634174,-0.017188241996986653
AAPL,2018-12-13,2018-06-14,2018-12-13,127,0.1895923690956136,2.180926503792661e-05,0.1043457964431986,0.8439220658920178,0.022179659935428083,5.952755905511811,-0.019608518273366737,0.06739204176634174,-0.017188241996986653
AAPL,2018-12-14,2018-06-15,2018-12-14,127,0.1895923690956136,2.053919231625828e-05,0.09710309841586244,0.8563385528441931,0.02163632132173983,5.952755905511811,-0.019608518273366737,0.06739204176634174,-0.017188241996986653
AAPL,2018-12-17,2018-06-18,2018-12-17,127,0.1895923690956136,2.053919231625828e-05,0.09365256745820041,0.8587156891510526,0.022916328884627177,5.952755905511811,-0.019608518273366737,0.06739204176634174,-0.017188241996986653
AAPL,2018-12-18,2018-06-19,2018-12-18,127,0.1895923690956136,2.0954111524113935e-05,0.09280727867426875,0.8576761070752684,0.02183245462373642,5.952755905511811,-0.019608518273366737,0.06739204176634174,-0.017188241996986653
AAPL,2018-12-19,2018-06-20,2018-12-19,127,0.1895923690956136,2.0745614630810567e-05,0.09196884426731615,0.8616473949014879,0.021344647125241374,5.952755905511811,-0.019608518273366737,0.06739204176634174,-0.017188241996986653
AAPL,2018-12-20,2018-06-21,2018-12-20,127,0.1895923690956136,1.9733839066179552e-05,0.08707984906162908,0.869701321539256,0.022738411032022215,5.952755905511811,-0.019608518273366737,0.06739204176634174,-0.017188241996986653
AAPL,2018-12-21,2018-06-22,2018-12-21,127,0.1895923690956136,1.732819391853402e-05,0.08242713101428593,0.8833834886463581,0.023530734110339027,3.968503937007874,-0.005696090758017913,0.08900584672173895,-0.0017335660182598023
AAPL,2018-12-24,2018-06-25,2018-12-24,127,0.1895923690956136,1.5836776806575514e-05,0.07657560026745858,0.893072580033033,0.025372020232359647,3.968503937007874,-0.005696090758017913,0.08900584672173895,-0.0017335660182598023
AAPL,2018-12-26,2018-06-27,2018-12-26,126,0.1895923690956136,1.0722398606785113e-05,0.07587152772976036,0.9140920615634381,0.027056480462221505,4.0,-0.005696090758017913,0.08900584672173895,-0.0017335660182598023
AAPL,2018-12-27,2018-06-28,2018-12-27,126,0.1895923690956136,6.003453465602138e-06,0.061238077269900305,0.9382581849604599,0.03165782398413126,4.0,-0.005696090758017913,0.08900584672173895,-0.0017335660182598023
AAPL,2018-12-28,2018-06-29,2018-12-28,126,0.1895923690956136,6.374686295260748e-06,0.060098430110149,0.9375280214650544,0.030515818087821188,4.0,-0.005696090758017913,0.08900584672173895,-0.0017335660182598023
AAPL,2018-12-31,2018-07-02,2018-12-31,126,0.1895923690956136,6.701523450671974e-06,0.05897865801101112,0.9368679615471025,0.02936925191113067,4.0,-0.005696090758017913,0.08900584672173895,-0.0017335660182598023
AAPL,2019-01-02,2018-07-03,2019-01-02,126,0.1895923690956136,7.708586837735237e-06,0.05842613210688298,0.9338766839797118,0.028195289744657306,4.0,-0.005696090758017913,0.08900584672173895,-0.0017335660182598023
AAPL,2019-01-03,2018-07-05,2019-01-03,126,0.1895923690956136,7.708586837735224e-06,0.0717705433135012,0.9282282238588841,0.02874919216352153,6.0,-0.03877222196636362,0.08510647297627805,-0.03454005678073746
AAPL,2019-01-04,2018-07-05,2019-01-04,127,0.1895923690956136,7.864310621570098e-06,0.07311429277863375,0.926884646313346,0.03988622004892482,5.952755905511811,-0.03877222196636362,0.08510647297627805,-0.03454005678073746
AAPL,2019-01-07,2018-07-09,2019-01-07,126,0.1895923690956136,7.480763666650984e-06,0.07044961116227119,0.9295493276658587,0.039714783061063304,6.0,-0.03877222196636362,0.08510647297627805,-0.03454005678073746
AAPL,2019-01-08,2018-07-09,2019-01-08,127,0.1895923690956136,7.259673687833414e-06,0.06851029861941302,0.9314886402571966,0.03818797036771023,5.952755905511811,-0.03877222196636362,0.08510647297627805,-0.03454005678073746
AAPL,2019-01-09,2018-07-10,2019-01-09,127,0.09872923739528171,6.850180318023378e-06,0.06397339032939876,0.9360255570891743,0.03679683117043407,5.952755905511811,-0.03877222196636362,0.08510647297627805,-0.03454005678073746
AAPL,2019-01-10,2018-07-11,2019-01-10,127,0.09872923739528171,6.7145376596385775e-06,0.06457477411577771,0.9354241649281859,0.03594147008705364,5.952755905511811,-0.03877222196636362,0.08510647297627805,-0.03454005678073746
AAPL,2019-01-11,2018-07-12,2019-01-11,127,0.09872923739528171,6.647726893627691e-06,0.06397339032939879,0.9360255486360783,0.03482976608830142,5.952755905511811,-0.03877222196636362,0.08510647297627805,-0.03454005678073746
AAPL,2019-01-14,2018-07-16,2019-01-14,126,0.007866105694949815,6.463785069028228e-06,0.06142449445004415,0.9385744530814469,0.033757173424599954,6.0,-0.03877222196636362,0.08510647297627805,-0.03454005678073746
AAPL,2019-01-15,2018-07-16,2019-01-15,127,0.007866105694949815,6.463785069028239e-06,0.06258761152634733,0.9374113275543694,0.03302397789786445,5.952755905511811,-0.03877222196636362,0.08510647297627805,-0.03454005678073746
AAPL,2019-01-16,2018-07-17,2019-01-16,127,0.007866105694949815,6.399469332981776e-06,0.06317684845500797,0.9368220905883002,0.03245234271315542,5.952755905511811,-0.03877222196636362,0.08510647297627805,-0.03454005678073746
AAPL,2019-01-17,2018-07-18,2019-01-17,127,0.007866105694949815,6.399469332981787e-06,0.06437086944389755,0.9356280696387292,0.03163424117925859,5.952755905511811,-0.03877222196636362,0.08510647297627805,-0.03454005678073746
AAPL,2019-01-18,2018-07-19,2019-01-18,127,0.007866105694949815,6.79519041625632e-06,0.06620134425203565,0.9327853375013686,0.03052277936412038,5.952755905511811,-0.03877222196636362,0.08510647297627805,-0.03454005678073746
AAPL,2019-01-22,2018-07-23,2019-01-22,126,0.007866105694949815,8.299664316639016e-06,0.07265741992398493,0.9231924736790091,0.028921113159713078,4.0,-0.08677860646163249,0.025662146657642246,-0.08281798205959667
AAPL,2019-01-23,2018-07-24,2019-01-23,126,0.007866105694949815,1.065697993254081e-05,0.07895906530244663,0.9112620155290239,0.027579146242637735,4.0,-0.08677860646163249,0.025662146657642246,-0.08281798205959667
AAPL,2019-01-24,2018-07-25,2019-01-24,126,0.007866105694949815,1.3547676684234794e-05,0.08975845091930276,0.8941018796137316,0.025241212091496438,4.0,-0.08677860646163249,0.025662146657642246,-0.08281798205959667
AAPL,2019-01-25,2018-07-26,2019-01-25,126,0.007866105694949815,1.3547676684234794e-05,0.09308025808844277,0.8919071530410678,0.024228718716146774,4.0,-0.08677860646163249,0.025662146657642246,-0.08281798205959667
AAPL,2019-01-28,2018-07-30,2019-01-28,125,0.007866105694949815,1.6713471488727998e-05,0.11541138242528862,0.8647424838516093,0.023968427640086293,4.032,-0.08677860646163249,0.025662146657642246,-0.08281798205959667
AAPL,2019-01-29,2018-07-30,2019-01-29,126,0.007866105694949815,1.7746974846375247e-05,0.11955772638573291,0.8580157465876163,0.022524601052847315,4.0,-0.08677860646163249,0.025662146657642246,-0.08281798205959667
AAPL,2019-01-30,2018-07-31,2019-01-30,126,0.007866105694949815,1.013723288814641e-05,0.08575666129361074,0.910269967207453,0.025256435957568574,4.0,-0.08677860646163249,0.025662146657642246,-0.08281798205959667
AAPL,2019-01-31,2018-08-01,2019-01-31,126,0.007866105694949815,1.1660593384148578e-05,0.08894485660253465,0.9037210714604913,0.030826554961949252,4.0,-0.08677860646163249,0.025662146657642246,-0.08281798205959667
AAPL,2019-02-01,2018-08-02,2019-02-01,126,0.007866105694949815,9.45189329585502e-06,0.09826983585759211,0.9017289414403891,0.030204120784156553,4.0,-0.08677860646163249,0.025662146657642246,-0.08281798205959667
AAPL,2019-02-04,2018-08-06,2019-02-04,125,-0.08299702600538209,9.661560375026463e-06,0.09364047251495378,0.90635847488611,0.02909911530198183,4.032,-0.08677860646163249,0.025662146657642246,-0.08281798205959667
AAPL,2019-02-05,2018-08-06,2019-02-05,126,-0.08299702600538209,9.66156037502648e-06,0.09535158192492466,0.904647357190738,0.02914420033513502,4.0,-0.08677860646163249,0.025662146657642246,-0.08281798205959667
AAPL,2019-02-06,2018-08-07,2019-02-06,126,-0.08299702600538209,9.565426243052534e-06,0.09279528170826701,0.9072036571196104,0.02847753408159922,4.0,-0.08677860646163249,0.025662146657642246,-0.08281798205959667
AAPL,2019-02-07,2018-08-08,2019-02-07,126,-0.08299702600538209,9.565426243052551e-06,0.0911254198241712,0.9088735190641768,0.027386236330254957,4.0,-0.08677860646163249,0.025662146657642246,-0.08281798205959667
AAPL,2019-02-08,2018-08-09,2019-02-08,126,-0.08299702600538209,1.015691916815728e-05,0.0878666095956002,0.909980028772547,0.026804096498163312,4.0,-0.08677860646163249,0.025662146657642246,-0.08281798205959667
AAPL,2019-02-11,2018-08-13,2019-02-11,125,-0.17386015770571397,1.1823573101707621e-05,0.07703479493285609,0.9160031884700628,0.02598054948669178,4.032,-0.08677860646163249,0.025662146657642246,-0.08281798205959667
AAPL,2019-02-12,2018-08-13,2019-02-12,126,-0.17386015770571397,1.2808323834789364e-05,0.08066553310789377,0.9092283132016507,0.024518860178327776,4.0,-0.08677860646163249,0.025662146657642246,-0.08281798205959667
AAPL,2019-02-13,2018-08-14,2019-02-13,126,-0.17386015770571397,1.4733079314436713e-05,0.07919487190453967,0.9059316537055196,0.023491355178453948,4.0,-0.08677860646163249,0.025662146657642246,-0.08281798205959667
AAPL,2019-02-14,2018-08-15,2019-02-14,126,-0.17386015770571397,1.6611500541096578e-05,0.07919487190453967,0.9016063692494509,0.022407691473279007,4.0,-0.08677860646163249,0.025662146657642246,-0.08281798205959667
AAPL,2019-02-15,2018-08-16,2019-02-15,126,-0.17386015770571397,1.8729414560095473e-05,0.08066553310789384,0.8955704954652419,0.02135290607198962,4.0,-0.08677860646163249,0.025662146657642246,-0.08281798205959667
AAPL,2019-02-19,2018-08-20,2019-02-19,125,-0.2478980940867072,2.1295264327049996e-05,0.0836416049059228,0.8900135395570388,0.02068280432001977,4.032,-0.08677860646163249,0.025662146657642246,-0.08281798205959667
AAPL,2019-02-20,2018-08-21,2019-02-20,125,-0.2478980940867072,2.150928529163833e-05,0.08755415887574415,0.8843689651462934,0.01959173247993358,4.032,-0.08677860646163249,0.025662146657642246,-0.08281798205959667
AAPL,2019-02-21,2018-08-22,2019-02-21,125,-0.2478980940867072,2.330073059136296e-05,0.08998041413892661,0.8782645503454649,0.018878056094339624,4.032,-0.08677860646163249,0.025662146657642246,-0.08281798205959667
AAPL,2019-02-22,2018-08-23,2019-02-22,125,-0.2478980940867072,2.4010343482299358e-05,0.09080253575338257,0.8759030738157232,0.018307736945614134,4.032,-0.08677860646163249,0.025662146657642246,-0.08281798205959667
AAPL,2019-02-25,2018-08-27,2019-02-25,124,-0.2478980940867072,2.707158668163184e-05,0.08755415887574415,0.8727286792453951,0.018380464929238054,4.064516129032258,-0.08677860646163249,0.025662146657642246,-0.08281798205959667
AAPL,2019-02-26,2018-08-27,2019-02-26,125,-0.2478980940867072,2.6010094584808532e-05,0.10030080892406806,0.8627228171530861,0.017332040322028792,6.048,-0.03581878276646474,0.0901109526010402,-0.0312597771206331
AAPL,2019-02-27,2018-08-28,2019-02-27,125,-0.2478980940867072,2.4010343482299273e-05,0.11265515988153067,0.8554684290107671,0.0161579622445281,6.048,-0.03581878276646474,0.0901109526010402,-0.0312597771206331
AAPL,2019-02-28,2018-08-29,2019-02-28,125,-0.2478980940867072,2.261208993080517e-05,0.12196908682518728,0.8499407534041736,0.015243691621277282,6.048,-0.03581878276646474,0.0901109526010402,-0.0312597771206331
AAPL,2019-03-01,2018-09-04,2019-03-01,123,-0.2478980940867072,2.2164340550868277e-05,0.12412687861705181,0.8494335905582783,0.015067825126895942,6.146341463414634,-0.03581878276646474,0.0901109526010402,-0.0312597771206331
AAPL,2019-03-04,2018-09-05,2019-03-04,123,-0.2478980940867072,1.7435087799480243e-05,0.14137213476565225,0.843774256869934,0.014153061812168691,6.146341463414634,-0.03581878276646474,0.0901109526010402,-0.0312597771206331
AAPL,2019-03-05,2018-09-06,2019-03-05,123,-0.2478980940867072,1.1341683180861398e-05,0.16328717066591744,0.836710770051821,0.012401198913345304,8.195121951219512,-0.03872243040086465,0.07380411368921315,-0.035358651973595556
AAPL,2019-03-06,2018-09-07,2019-03-06,123,-0.2478980940867072,1.0059170599877222e-05,0.1646577497314977,0.8353411893577178,0.011448286903403068,8.195121951219512,-0.03872243040086465,0.07380411368921315,-0.035358651973595556
AAPL,2019-03-07,2018-09-10,2019-03-07,123,-0.2478980940867072,9.959080180062982e-06,0.16603754736211895,0.8339613917276947,0.011025607260050018,8.195121951219512,-0.03872243040086465,0.07380411368921315,-0.035358651973595556
AAPL,2019-03-08,2018-09-10,2019-03-08,124,-0.2478980940867072,8.15380521578696e-06,0.1646577497314977,0.8353411891563536,0.010963670589365196,8.129032258064516,-0.03872243040086465,0.07380411368921315,-0.035358651973595556
AAPL,2019-03-11,2018-09-12,2019-03-11,123,-0.2478980940867072,3.021941854523221e-05,0.11466972019616498,0.8442246253919301,0.015535113673072448,6.146341463414634,-0.03581878276646474,0.0901109526010402,-0.0312597771206331
AAPL,2019-03-12,2018-09-13,2019-03-12,123,-0.2478980940867072,3.021941854523221e-05,0.11265515988153085,0.8457500471214453,0.01934856100418637,6.146341463414634,-0.03581878276646474,0.0901109526010402,-0.0312597771206331
AAPL,2019-03-13,2018-09-14,2019-03-13,123,-0.2478980940867072,2.789603923740335e-05,0.11265515988153085,0.8495387163364087,0.01885795942344567,6.146341463414634,-0.03581878276646474,0.0901109526010402,-0.0312597771206331
AAPL,2019-03-14,2018-09-17,2019-03-14,123,-0.2478980940867072,2.62715003812611e-05,0.11067156283003148,0.8535546609863518,0.018108152454561047,6.146341463414634,-0.03581878276646474,0.0901109526010402,-0.0312597771206331
AAPL,2019-03-15,2018-09-17,2019-03-15,124,0.18967203923909093,2.4077232534966983e-05,0.10356563688875813,0.8643398896773037,0.017446202032368255,4.064516129032258,-0.08677860646163249,0.025662146657642246,-0.08281798205959667
AAPL,2019-03-18,2018-09-19,2019-03-18,123,0.18967203923909093,1.971277072538718e-05,0.12150633464635335,0.8567375398945715,0.01662954154526955,4.097560975609756,-0.08677860646163249,0.025662146657642246,-0.08281798205959667
AAPL,2019-03-19,2018-09-20,2019-03-19,123,0.18967203923909093,1.73096939047471e-05,0.11524665568318614,0.864684310095587,0.016084694577988164,4.097560975609756,-0.08677860646163249,0.025662146657642246,-0.08281798205959667
AAPL,2019-03-20,2018-09-21,2019-03-20,123,0.18967203923909093,1.4314409480294369e-05,0.11024628554998493,0.8728316999014584,0.015424007654123655,4.097560975609756,-0.08677860646163249,0.025662146657642246,-0.08281798205959667
AAPL,2019-03-21,2018-09-24,2019-03-21,123,0.18967203923909093,2.3133150743611018e-05,0.09991090116498919,0.869078221092487,0.01668491333634166,4.097560975609756,-0.08677860646163249,0.025662146657642246,-0.08281798205959667
AAPL,2019-03-22,2018-09-24,2019-03-22,124,0.18967203923909093,2.336564277376755e-05,0.1008136919143601,0.8682055687542688,0.019801345944764553,4.064516129032258,-0.08677860646163249,0.025662146657642246,-0.08281798205959667
AAPL,2019-03-25,2018-09-26,2019-03-25,123,0.11563410285809769,2.2638593857834435e-05,0.08958385585350942,0.8790690603046887,0.020203883126011683,4.097560975609756,-0.08677860646163249,0.025662146657642246,-0.08281798205959667
AAPL,2019-03-26,2018-09-27,2019-03-26,123,0.11563410285809769,2.0078631551052892e-05,0.08716726813248321,0.88288405757008,0.01946994189267991,4.097560975609756,-0.08677860646163249,0.025662146657642246,-0.08281798205959667
AAPL,2019-03-27,2018-09-28,2019-03-27,123,0.11563410285809769,1.8534912997851372e-05,0.08558911763157699,0.8861024678078074,0.018899130939956252,4.097560975609756,-0.08677860646163249,0.025662146657642246,-0.08281798205959667
AAPL,2019-03-28,2018-10-01,2019-03-28,123,0.11563410285809769,1.563725397496221e-05,0.08327042369901867,0.8917136777193829,0.018065894227467072,4.097560975609756,-0.08677860646163249,0.025662146657642246,-0.08281798205959667
AAPL,2019-03-29,2018-10-01,2019-03-29,124,0.11563410285809769,1.3731001267558715e-05,0.08327042369901867,0.8944728133649417,0.01723247547839512,4.064516129032258,-0.08677860646163249,0.025662146657642246,-0.08281798205959667
AAPL,2019-04-01,2018-10-02,2019-04-01,124,0.11563410285809769,1.1354976916395591e-05,0.0810089744537826,0.8993401167667664,0.016411431047138405,4.064516129032258,-0.08677860646163249,0.025662146657642246,-0.08281798205959667
AAPL,2019-04-02,2018-10-03,2019-04-02,124,0.11563410285809769,1.0274407994889311e-05,0.08026768644540239,0.9013676210166136,0.01582898938155019,4.064516129032258,-0.08677860646163249,0.025662146657642246,-0.08281798205959667
AAPL,2019-04-03,2018-10-04,2019-04-03,124,0.11563410285809769,8.163362397768457e-06,0.07808083192277528,0.9060297738946731,0.01547034424769233,4.064516129032258,-0.08677860646163249,0.025662146657642246,-0.08281798205959667
AAPL,2019-04-04,2018-10-05,2019-04-04,124,0.11563410285809769,6.1697365758444205e-06,0.07594863193056502,0.910444346478853,0.014677040817903643,4.064516129032258,-0.08677860646163249,0.025662146657642246,-0.08281798205959667
AAPL,2019-04-05,2018-10-08,2019-04-05,124,0.5532042361838958,3.905704249471855e-06,0.06894360365010026,0.9208710258228845,0.013610436294815448,4.064516129032258,-0.08677860646163249,0.025662146657642246,-0.08281798205959667
AAPL,2019-04-08,2018-10-09,2019-04-08,124,0.5532042361838958,2.779964374261874e-06,0.0756454221738347,0.915011126571785,0.012514135159862962,4.064516129032258,-0.08677860646163249,0.025662146657642246,-0.08281798205959667
AAPL,2019-04-09,2018-10-10,2019-04-09,124,0.5532042361838958,5.078536886312077e-07,0.07023843410492242,0.9231836386967338,0.012003888033843238,4.064516129032258,-0.08677860646163249,0.025662146657642246,-0.08281798205959667
AAPL,2019-04-10,2018-10-11,2019-04-10,124,0.5532042361838958,1.6693563159998365e-06,0.08068732825641556,0.9130609673376835,0.011872516357713773,4.064516129032258,-0.08677860646163249,0.025662146657642246,-0.08281798205959667
AAPL,2019-04-11,2018-10-12,2019-04-11,124,0.5532042361838958,7.652429702646624e-07,0.07705569139987316,0.9173167146875671,0.011201715524421752,4.064516129032258,-0.08677860646163249,0.025662146657642246,-0.08281798205959667
AAPL,2019-04-12,2018-10-15,2019-04-12,124,0.5532042361838958,2.3288243689878504e-11,0.07705569139987316,0.918683726311578,0.010878062769031006,4.064516129032258,-0.08677860646163249,0.025662146657642246,-0.08281798205959667
AAPL,2019-04-15,2018-10-16,2019-04-15,124,0.5532042361838958,7.087190803877766e-16,0.07705569139987316,0.9178975414743483,0.010366479324602863,4.064516129032258,-0.08677860646163249,0.025662146657642246,-0.08281798205959667
AAPL,2019-04-16,2018-10-17,2019-04-16,124,0.5532042361838958,3.104725994551548e-17,0.07849001754422977,0.9159983650367447,0.00982276792382954,4.064516129032258,-0.08677860646163249,0.025662146657642246,-0.08281798205959667
AAPL,2019-04-17,2018-10-18,2019-04-17,124,0.5532042361838958,6.128349505322197e-17,0.07222286783242071,0.921707872370289,0.00964923787840415,4.064516129032258,-0.08677860646163249,0.025662146657642246,-0.08281798205959667
AAPL,2019-04-18,2018-10-19,2019-04-18,124,0.5532042361838958,3.2314322660444034e-17,0.07155571181230856,0.9214638261486287,0.010266872472379767,4.064516129032258,-0.08677860646163249,0.025662146657642246,-0.08281798205959667
AAPL,2019-04-22,2018-10-23,2019-04-22,123,0.5532042361838958,3.2314322660444034e-17,0.07023843410492253,0.9210661286593734,0.009730763998052413,4.097560975609756,-0.08677860646163249,0.025662146657642246,-0.08281798205959667
AAPL,2019-04-23,2018-10-24,2019-04-23,123,0.5532042361838958,3.104725994551548e-17,0.06830450714931029,0.9224475122671719,0.009356566766242906,4.097560975609756,-0.08677860646163249,0.025662146657642246,-0.08281798205959667
AAPL,2019-04-24,2018-10-25,2019-04-24,123,0.5532042361838958,3.104725994551548e-17,0.06767090391993412,0.9226043088354827,0.009499996054013226,4.097560975609756,-0.08677860646163249,0.025662146657642246,-0.08281798205959667
AAPL,2019-04-25,2018-10-26,2019-04-25,123,0.5532042361838958,3.104725994551548e-17,0.0670427547133152,0.9231281452716161,0.00918677788891243,4.097560975609756,-0.08677860646163249,0.025662146657642246,-0.08281798205959667
AAPL,2019-04-26,2018-10-29,2019-04-26,123,0.5532042361838958,3.0738334547424865e-17,0.06642002041287977,0.9230382163622745,0.009247953164148302,4.097560975609756,-0.08677860646163249,0.025662146657642246,-0.08281798205959667
AAPL,2019-04-29,2018-10-30,2019-04-29,123,0.5532042361838958,3.0738334547424865e-17,0.06519064074013242,0.9230407873709788,0.008981276414428037,4.097560975609756,-0.08677860646163249,0.025662146657642246,-0.08281798205959667
AAPL,2019-04-30,2018-10-31,2019-04-30,123,0.4791662998029026,3.4145615140421605e-08,0.05988675419166464,0.9297110406261498,0.008999767180267905,4.097560975609756,-0.08677860646163249,0.025662146657642246,-0.08281798205959667
AAPL,2019-05-01,2018-11-02,2019-05-01,122,0.9167364331287008,1.5574903498891185e-05,0.16003056474387473,0.822363012169419,0.014849830160613448,6.19672131147541,-0.03581878276646474,0.0901109526010402,-0.0312597771206331
AAPL,2019-05-02,2018-11-05,2019-05-02,122,0.9167364331287008,1.3813700213064166e-05,0.20947792184818567,0.790520563091457,0.024577442323267043,4.131147540983607,-0.019411809879592123,0.12093318403759319,-0.0120264890557501
AAPL,2019-05-03,2018-11-05,2019-05-03,123,0.9167364331287008,1.3272057280328236e-05,0.2045545803886631,0.7954443582120494,0.02248674126938429,4.097560975609756,-0.019411809879592123,0.12093318403759319,-0.0120264890557501
AAPL,2019-05-06,2018-11-07,2019-05-06,122,0.9167364331287008,1.3272057280328236e-05,0.2061860848530669,0.7938128542537812,0.020774597233054463,4.131147540983607,-0.019411809879592123,0.12093318403759319,-0.0120264890557501
AAPL,2019-05-07,2018-11-08,2019-05-07,122,0.9167364331287008,1.3813700213064166e-05,0.20947792184818573,0.7905210173862304,0.020859534917713737,4.131147540983607,-0.019411809879592123,0.12093318403759319,-0.0120264890557501
AAPL,2019-05-08,2018-11-09,2019-05-08,122,0.9167364331287008,1.3405443673546205e-05,0.20947792184818576,0.7905210171325529,0.02359423081388169,4.131147540983607,-0.019411809879592123,0.12093318403759319,-0.0120264890557501
AAPL,2019-05-09,2018-11-12,2019-05-09,122,0.8258733014283689,1.290482100973595e-05,0.1897823100430794,0.8050069194284865,0.02093267365850818,6.19672131147541,0.003031744557588626,0.0939337900228628,0.007471294893146574
AAPL,2019-05-10,2018-11-12,2019-05-10,123,0.8258733014283689,1.370281057476403e-05,0.1897823100430794,0.8008648873315728,0.019982474405015667,6.146341463414634,0.003031744557588626,0.0939337900228628,0.007471294893146574
AAPL,2019-05-13,2018-11-14,2019-05-13,122,0.8258733014283689,1.6405242743676644e-05,0.2156047838409242,0.784393937383878,0.020313454912971644,6.19672131147541,-0.032900151226221176,0.08864662180582372,-0.028555402368433458
AAPL,2019-05-14,2018-11-15,2019-05-14,122,0.8258733014283689,1.592039454738008e-05,0.20891876329481457,0.7910801751645894,0.03429152626790001,6.19672131147541,-0.032900151226221176,0.08864662180582372,-0.028555402368433458
AAPL,2019-05-15,2018-11-16,2019-05-15,122,0.8258733014283689,1.514394774312865e-05,0.20400516795713564,0.7959937706447071,0.031094438815921225,6.19672131147541,-0.032900151226221176,0.08864662180582372,-0.028555402368433458
AAPL,2019-05-16,2018-11-19,2019-05-16,122,0.8258733014283689,1.4993262945390612e-05,0.20727128883846102,0.7927276503937107,0.02829255201746132,6.19672131147541,-0.032900151226221176,0.08864662180582372,-0.028555402368433458
AAPL,2019-05-17,2018-11-19,2019-05-17,123,0.8258733014283689,1.484407748644154e-05,0.207271288838461,0.7927276501427081,0.02571136209622796,6.146341463414634,-0.032900151226221176,0.08864662180582372,-0.028555402368433458
AAPL,2019-05-20,2018-11-21,2019-05-20,122,0.8258733014283689,1.5605149613862065e-05,0.20400516795713555,0.7959937707726297,0.02371383908885136,6.19672131147541,-0.032900151226221176,0.08864662180582372,-0.028555402368433458
AAPL,2019-05-21,2018-11-23,2019-05-21,122,0.8258733014283689,1.5296146948261028e-05,0.20400516795713555,0.7959937710246665,0.02668867928299767,6.19672131147541,-0.032900151226221176,0.08864662180582372,-0.028555402368433458
AAPL,2019-05-22,2018-11-23,2019-05-22,123,0.8258733014283689,1.5296146948261055e-05,0.20400516795713555,0.7959937710246665,0.02515223608034264,6.146341463414634,-0.032900151226221176,0.08864662180582372,-0.028555402368433458
AAPL,2019-05-23,2018-11-26,2019-05-23,123,0.8258733014283689,1.5296146948261082e-05,0.20400516795713555,0.7959937710246665,0.02521899543160929,6.146341463414634,-0.032900151226221176,0.08864662180582372,-0.028555402368433458
AAPL,2019-05-24,2018-11-26,2019-05-24,124,0.8258733014283689,1.5296146948261082e-05,0.20563342461521616,0.7943655144914025,0.024622502443781485,6.096774193548387,-0.032900151226221176,0.08864662180582372,-0.028555402368433458
AAPL,2019-05-28,2018-11-29,2019-05-28,122,0.8258733014283689,1.576198397485487e-05,0.21391886064589516,0.7860800789720307,0.022384750272516563,6.19672131147541,-0.032900151226221176,0.08864662180582372,-0.028555402368433458
AAPL,2019-05-29,2018-11-30,2019-05-29,122,0.8258733014283689,1.544987578083509e-05,0.2173003163562742,0.7826986228860788,0.020391001641412963,6.19672131147541,-0.032900151226221176,0.08864662180582372,-0.028555402368433458
AAPL,2019-05-30,2018-12-03,2019-05-30,122,0.8258733014283689,1.560514961386212e-05,0.2241784623243345,0.7758204771910925,0.018622273208608927,6.19672131147541,-0.032900151226221176,0.08864662180582372,-0.028555402368433458
AAPL,2019-05-31,2018-12-03,2019-05-31,123,0.8258733014283689,1.5449875780835118e-05,0.22072019590415015,0.7792787428016471,0.017012119686239505,6.146341463414634,-0.032900151226221176,0.08864662180582372,-0.028555402368433458
AAPL,2019-06-03,2018-12-04,2019-06-03,123,0.735010169728037,1.4872904353607962e-05,0.2050818625362992,0.7921195504138173,0.01847935382668638,8.195121951219512,-0.012695400061678352,0.0828959805029223,-0.009216790849191137
AAPL,2019-06-04,2018-12-06,2019-06-04,123,0.735010169728037,1.64371013589282e-05,0.2133510512453361,0.7866478641750216,0.018058973340867885,6.146341463414634,-0.032900151226221176,0.08864662180582372,-0.028555402368433458
AAPL,2019-06-05,2018-12-06,2019-06-05,124,0.735010169728037,1.627354946772509e-05,0.2116779892695677,0.7881702973001998,0.02245902776885853,6.096774193548387,-0.032900151226221176,0.08864662180582372,-0.028555402368433458
AAPL,2019-06-06,2018-12-07,2019-06-06,124,0.735010169728037,1.627354946772509e-05,0.2116779892695677,0.78651090117388,0.021135871434295624,6.096774193548387,-0.032900151226221176,0.08864662180582372,-0.028555402368433458
AAPL,2019-06-07,2018-12-10,2019-06-07,124,0.735010169728037,1.7453514942180368e-05,0.21842790064485776,0.7815710445847531,0.02004657021007772,6.096774193548387,-0.032900151226221176,0.08864662180582372,-0.028555402368433458
AAPL,2019-06-10,2018-12-11,2019-06-10,124,0.735010169728037,1.6769152832534183e-05,0.21672600921398202,0.7827923958423442,0.02114327165938116,6.096774193548387,-0.032900151226221176,0.08864662180582372,-0.028555402368433458
AAPL,2019-06-11,2018-12-12,2019-06-11,124,1.172580303053835,1.5836589085217183e-05,0.20600771895743417,0.7923814242622931,0.01903271328420203,6.096774193548387,-0.032900151226221176,0.08864662180582372,-0.028555402368433458
AAPL,2019-06-12,2018-12-13,2019-06-12,124,1.0255950940404546,1.3972440711184986e-05,0.20636788705375933,0.7936310716490426,0.01772868803451574,6.096774193548387,-0.032900151226221176,0.08864662180582372,-0.028555402368433458
AAPL,2019-06-13,2018-12-14,2019-06-13,124,1.0255950940404546,1.4397964881237286e-05,0.23023252742935327,0.7697663958133812,0.01598596060185869,6.096774193548387,-0.032900151226221176,0.08864662180582372,-0.028555402368433458
AAPL,2019-06-14,2018-12-17,2019-06-14,124,1.0255950940404546,1.4985556974835412e-05,0.23559062526808022,0.764408314133252,0.01460434300974798,6.096774193548387,-0.032900151226221176,0.08864662180582372,-0.028555402368433458
AAPL,2019-06-17,2018-12-18,2019-06-17,124,1.0255950940404546,1.4542666833965728e-05,0.23921027139025933,0.7607886678741596,0.01428173495817338,6.096774193548387,-0.032900151226221176,0.08864662180582372,-0.028555402368433458
AAPL,2019-06-18,2018-12-19,2019-06-18,124,1.0255950940404546,1.4542666833965728e-05,0.23559062526808022,0.764408313416269,0.013162614774043579,6.096774193548387,-0.032900151226221176,0.08864662180582372,-0.028555402368433458
AAPL,2019-06-19,2018-12-20,2019-06-19,124,1.0255950940404546,1.468882306549647e-05,0.23921027139025933,0.7607886678741596,0.015260498654393101,6.096774193548387,-0.032900151226221176,0.08864662180582372,-0.028555402368433458
AAPL,2019-06-20,2018-12-21,2019-06-20,124,1.0255950940404546,1.4254702736995364e-05,0.23379506239271208,0.7640867179049863,0.014212602961405479,6.096774193548387,-0.032900151226221176,0.08864662180582372,-0.028555402368433458
AAPL,2019-06-21,2018-12-24,2019-06-21,124,1.0255950940404546,1.4254702736995364e-05,0.23559062526808022,0.7644083089393228,0.01316833606843274,6.096774193548387,-0.032900151226221176,0.08864662180582372,-0.028555402368433458
AAPL,2019-06-24,2018-12-26,2019-06-24,124,1.0255950940404546,1.4688823065496443e-05,0.17698425721224664,0.7946659247408399,0.01287639187518237,8.129032258064516,-0.007661984872286198,0.08824214338224155,-0.0037615545004969775
AAPL,2019-06-25,2018-12-26,2019-06-25,125,0.9515571576594613,1.6207536103909698e-05,0.15876946012744306,0.8064633300612186,0.01276888902541667,10.08,0.0034541827885610664,0.08036076666408423,0.006705491004495023
AAPL,2019-06-26,2018-12-27,2019-06-26,125,0.8213971439654193,1.559093302894513e-05,5.224396714413684e-06,0.9455424267419617,0.01692255602928125,6.048,-0.032900151226221176,0.08864662180582372,-0.028555402368433458
AAPL,2019-06-27,2018-12-28,2019-06-27,125,0.6912371302713773,1.3169489237222236e-05,2.7678840898355966e-09,0.9515067210108251,0.016484021968532922,6.048,-0.032900151226221176,0.08864662180582372,-0.028555402368433458
AAPL,2019-06-28,2018-12-31,2019-06-28,125,0.6351150529583286,1.1713317934699246e-05,2.853674591151374e-09,0.9542799427444371,0.016014377753590985,6.048,-0.032900151226221176,0.08864662180582372,-0.028555402368433458
AAPL,2019-07-01,2019-01-02,2019-07-01,125,0.5610771165773354,1.2542412941009974e-05,2.952054105000209e-09,0.9493722479481027,0.01574462343994375,6.048,-0.032900151226221176,0.08864662180582372,-0.028555402368433458
AAPL,2019-07-02,2019-01-03,2019-07-02,125,0.5610771165773354,2.2178335549064073e-05,0.02791527291903239,0.8736483992847651,0.014623003748547326,8.064,-0.012695400061678352,0.0828959805029223,-0.009216790849191137
AAPL,2019-07-03,2019-01-04,2019-07-03,125,0.9986472499031336,3.2848231444856276e-05,0.1424931374349932,0.7373617869070951,0.01385591380813512,4.032,0.0031120153521957405,0.08907968491827749,0.007104730171282991
AAPL,2019-07-05,2019-01-07,2019-07-05,125,0.9986472499031336,2.7991416404258873e-05,0.250695957361781,0.6728179330500078,0.012242042183533364,4.032,0.0031120153521957405,0.08907968491827749,0.007104730171282991
AAPL,2019-07-08,2019-01-09,2019-07-08,124,0.9986472499031336,3.002102309846113e-05,0.2288411866373123,0.6866037050186464,0.012020842953204021,4.064516129032258,0.0031120153521957405,0.08907968491827749,0.007104730171282991
AAPL,2019-07-09,2019-01-10,2019-07-09,124,0.9986472499031336,2.942656701242307e-05,0.2184283504885298,0.6943359535956551,0.016259092254272776,4.064516129032258,0.0031120153521957405,0.08907968491827749,0.007104730171282991
AAPL,2019-07-10,2019-01-11,2019-07-10,124,0.9986472499031336,2.8843881945549437e-05,0.2150341699351549,0.6965690207577012,0.014549294071508248,4.064516129032258,0.0031120153521957405,0.08907968491827749,0.007104730171282991
AAPL,2019-07-11,2019-01-14,2019-07-11,124,0.9986472499031336,2.8556880524871853e-05,0.21335149349122737,0.6980613197456472,0.013530590604558121,4.064516129032258,0.0031120153521957405,0.08907968491827749,0.007104730171282991
AAPL,2019-07-12,2019-01-14,2019-07-12,125,0.9986472499031336,2.827273481604424e-05,0.21335149349122737,0.6972712720358077,0.013491162778625592,4.032,0.0031120153521957405,0.08907968491827749,0.007104730171282991
AAPL,2019-07-15,2019-01-16,2019-07-15,124,0.9986472499031336,2.827273481604424e-05,0.21672645652583564,0.6934870012062289,0.012519421812780393,4.064516129032258,0.0031120153521957405,0.08907968491827749,0.007104730171282991
AAPL,2019-07-16,2019-01-17,2019-07-16,124,0.9986472499031336,2.7164145027209483e-05,0.22013984805073702,0.692811123470996,0.011834502059292158,4.064516129032258,0.0031120153521957405,0.08907968491827749,0.007104730171282991
AAPL,2019-07-17,2019-01-18,2019-07-17,124,0.9986472499031336,2.5582228371764814e-05,0.2253319094194158,0.6934305478067679,0.01151753568768664,4.064516129032258,0.0031120153521957405,0.08907968491827749,0.007104730171282991
AAPL,2019-07-18,2019-01-22,2019-07-18,124,0.9986472499031336,2.4334568371519667e-05,0.23238870047240617,0.6899499056008349,0.011588526944473343,4.064516129032258,0.0031120153521957405,0.08907968491827749,0.007104730171282991
AAPL,2019-07-19,2019-01-22,2019-07-19,125,0.9986472499031336,2.5582228371764814e-05,0.22884118663731232,0.6910084934321186,0.011542907260778513,4.032,0.0031120153521957405,0.08907968491827749,0.007104730171282991
AAPL,2019-07-22,2019-01-23,2019-07-22,125,0.9986472499031336,2.8843881945549386e-05,0.2506959573617811,0.6656620409094898,0.014493086798134238,4.032,0.0031120153521957405,0.08907968491827749,0.007104730171282991
AAPL,2019-07-23,2019-01-24,2019-07-23,125,0.9986472499031336,2.7437149223431455e-05,0.23238870047240623,0.6780442558603575,0.015657183545333807,4.032,0.0031120153521957405,0.08907968491827749,0.007104730171282991
AAPL,2019-07-24,2019-01-25,2019-07-24,125,0.9986472499031336,2.6361323214319286e-05,0.22013984805073702,0.6847664097887066,0.013843644689997664,4.032,0.0031120153521957405,0.08907968491827749,0.007104730171282991
AAPL,2019-07-25,2019-01-28,2019-07-25,125,0.9986472499031336,2.827273481604414e-05,0.18171200533760223,0.701634637910202,0.01283201590239395,4.032,0.0031120153521957405,0.08907968491827749,0.007104730171282991
AAPL,2019-07-26,2019-01-28,2019-07-26,126,0.9986472499031336,2.7991416404258822e-05,0.18023013460622034,0.70189876753749,0.012967092229093787,4.0,0.0031120153521957405,0.08907968491827749,0.007104730171282991
AAPL,2019-07-29,2019-01-30,2019-07-29,125,0.9986472499031336,2.6361323214319333e-05,0.1577910372481036,0.7081290193558276,0.011724269296785652,6.048,0.0180476280454472,0.06809414594616954,0.020574837165909354
AAPL,2019-07-30,2019-01-31,2019-07-30,125,0.9425251725900848,2.038341648680152e-05,0.14815302994385848,0.761685785283713,0.011600389507432755,4.032,-0.0059789902437645814,0.07622306150886068,-0.003069292751484154
AAPL,2019-07-31,2019-02-01,2019-07-31,125,0.9425251725900848,2.0180598103997864e-05,0.15588476941209617,0.7523464045518354,0.011321202827879668,4.032,-0.0059789902437645814,0.07622306150886068,-0.003069292751484154
AAPL,2019-08-01,2019-02-04,2019-08-01,125,0.8864030952770362,2.327885411281964e-05,0.16747815625354084,0.7387146066941147,0.01301812422768208,4.032,-0.0059789902437645814,0.07622306150886068,-0.003069292751484154
AAPL,2019-08-02,2019-02-04,2019-08-02,126,0.8123651588960429,2.4926583800101477e-05,0.18631133549941942,0.7170673668345171,0.016333125289765167,4.0,-0.0059789902437645814,0.07622306150886068,-0.003069292751484154
AAPL,2019-08-05,2019-02-06,2019-08-05,125,0.8123651588960429,2.673396505632766e-05,0.3069594349974917,0.6416387110187447,0.02084092119002471,2.016,-0.05987683391947929,0.0,-0.05811946582585392
AAPL,2019-08-06,2019-02-07,2019-08-06,125,0.8123651588960429,2.9251617066107384e-05,0.31122856921735537,0.624529100453661,0.036222483316634,2.016,-0.05987683391947929,0.0,-0.05811946582585392
AAPL,2019-08-07,2019-02-08,2019-08-07,125,0.8123651588960429,2.727402697469393e-05,0.30695943499749173,0.639700720255325,0.030567837793622786,2.016,-0.05987683391947929,0.0,-0.05811946582585392
AAPL,2019-08-08,2019-02-11,2019-08-08,125,0.8123651588960429,2.9251617066107384e-05,0.30695943499749173,0.6295607908549784,0.024992273849178112,2.016,-0.05987683391947929,0.0,-0.05811946582585392
AAPL,2019-08-09,2019-02-11,2019-08-09,126,0.8123651588960429,3.1372598618315586e-05,0.30695943499749173,0.6163671682826871,0.022569421798875576,2.0,-0.05987683391947929,0.0,-0.05811946582585392
AAPL,2019-08-12,2019-02-13,2019-08-12,125,0.8123651588960429,4.541919697167422e-05,0.3464998533506694,0.5236331311407867,0.01786889961527367,2.016,-0.05987683391947929,0.0,-0.05811946582585392
AAPL,2019-08-13,2019-02-14,2019-08-13,125,0.8123651588960429,2.7002645871965817e-05,0.2680975751357956,0.6771090013211624,0.018230838714701644,2.016,-0.05987683391947929,0.0,-0.05811946582585392
AAPL,2019-08-14,2019-02-15,2019-08-14,125,0.8123651588960429,2.727402697469369e-05,0.27203868802743797,0.6764110034505606,0.025541284116556,2.016,-0.05987683391947929,0.0,-0.05811946582585392
AAPL,2019-08-15,2019-02-19,2019-08-15,125,0.8123651588960429,2.8387101130874994e-05,0.25649337287084595,0.6807669946073444,0.027276339834233453,2.016,-0.05987683391947929,0.0,-0.05811946582585392
AAPL,2019-08-16,2019-02-19,2019-08-16,126,0.8123651588960429,2.8672396240275457e-05,0.2545916280322824,0.6801650279238461,0.02342082091707823,2.0,-0.05987683391947929,0.0,-0.05811946582585392
AAPL,2019-08-19,2019-02-20,2019-08-19,126,0.8123651588960429,2.9842538928791994e-05,0.24522292582324842,0.6811119924384739,0.022241026886532803,2.0,-0.05987683391947929,0.0,-0.05811946582585392
AAPL,2019-08-20,2019-02-21,2019-08-20,126,0.8123651588960429,3.33125717730256e-05,0.2397145471992579,0.6683873080176345,0.020157904402225594,2.0,-0.05987683391947929,0.0,-0.05811946582585392
AAPL,2019-08-21,2019-02-22,2019-08-21,126,0.8123651588960429,3.608707819271244e-05,0.2397145471992579,0.6555626886908829,0.017244971645169534,2.0,-0.05987683391947929,0.0,-0.05811946582585392
AAPL,2019-08-22,2019-02-25,2019-08-22,126,0.8123651588960429,3.9485552932524974e-05,0.24707791638223756,0.6350564815842449,0.015329732339139632,2.0,-0.05987683391947929,0.0,-0.05811946582585392
AAPL,2019-08-23,2019-02-25,2019-08-23,127,0.8123651588960429,2.2107896589852214e-05,0.17162744565319255,0.7810721102168042,0.017030129480083016,3.968503937007874,-0.0568223060785944,0.0043197546992256195,-0.055229252292896214
AAPL,2019-08-26,2019-02-27,2019-08-26,126,0.8123651588960429,2.2107896589852214e-05,0.15655130657762054,0.7910327574422835,0.025585035965855422,4.0,-0.0568223060785944,0.0043197546992256195,-0.055229252292896214
AAPL,2019-08-27,2019-02-28,2019-08-27,126,0.7383272225150497,2.320399154503239e-05,0.14496828932418582,0.7978038836393274,0.02369995963684358,6.0,-0.021908586241746224,0.06054943136701218,-0.019875298929514007
AAPL,2019-08-28,2019-03-01,2019-08-28,126,0.7383272225150497,2.320399154503235e-05,0.13416674809785661,0.8010458552999734,0.021897188098085992,6.0,-0.021908586241746224,0.06054943136701218,-0.019875298929514007
AAPL,2019-08-29,2019-03-01,2019-08-29,127,0.7383272225150497,2.415096440433873e-05,0.1307203762172698,0.7992524072140893,0.02005804877329401,5.952755905511811,-0.021908586241746224,0.06054943136701218,-0.019875298929514007
AAPL,2019-08-30,2019-03-01,2019-08-30,128,0.7383272225150497,2.4886470769800826e-05,0.1273494960813103,0.7976914248274719,0.019095199431122586,5.90625,-0.021908586241746224,0.06054943136701218,-0.019875298929514007
AAPL,2019-09-03,2019-03-04,2019-09-03,128,0.7383272225150497,2.5136583959172584e-05,0.12624247553490586,0.7973188861899255,0.017798410858477234,5.90625,-0.021908586241746224,0.06054943136701218,-0.019875298929514007
AAPL,2019-09-04,2019-03-05,2019-09-04,128,0.7383272225150497,2.4886470769800826e-05,0.12624247553490586,0.7973179736725922,0.01776473282303308,5.90625,-0.021908586241746224,0.06054943136701218,-0.019875298929514007
AAPL,2019-09-05,2019-03-06,2019-09-05,128,0.7383272225150497,2.4886470769800826e-05,0.1273494960813103,0.7956073682606465,0.01729833403058562,5.90625,-0.021908586241746224,0.06054943136701218,-0.019875298929514007
AAPL,2019-09-06,2019-03-07,2019-09-06,128,0.7383272225150497,2.5136583959172584e-05,0.12958840974527308,0.7914372553068305,0.017155306053365973,7.875,-0.028262108716670342,0.05104532055539609,-0.02659913830562588
AAPL,2019-09-09,2019-03-11,2019-09-09,127,0.7383272225150497,2.5644376638842866e-05,0.1388809999486469,0.7793613520603052,0.01586985249488512,7.937007874015748,-0.028262108716670342,0.05104532055539609,-0.02659913830562588
AAPL,2019-09-10,2019-03-11,2019-09-10,128,0.7383272225150497,2.5389210827887436e-05,0.14128978533358963,0.7771803601234507,0.014822685479379953,7.875,-0.028262108716670342,0.05104532055539609,-0.02659913830562588
AAPL,2019-09-11,2019-03-12,2019-09-11,128,0.7383272225150497,2.6690943503155263e-05,0.1388809999486469,0.7822718035956577,0.01477795198977259,7.875,-0.028262108716670342,0.05104532055539609,-0.02659913830562588
AAPL,2019-09-12,2019-03-13,2019-09-12,128,0.7383272225150497,2.616242741109836e-05,0.13300950961979097,0.7868806592647009,0.01746614226168923,7.875,-0.028262108716670342,0.05104532055539609,-0.02659913830562588
AAPL,2019-09-13,2019-03-14,2019-09-13,128,0.7383272225150497,2.642536417790731e-05,0.1353324815892516,0.7854936004231255,0.016481916970700915,7.875,-0.028262108716670342,0.05104532055539609,-0.02659913830562588
AAPL,2019-09-16,2019-03-18,2019-09-16,127,0.6642892861340565,2.6915807946128758e-05,0.1306608154940408,0.7890623485465489,0.01759065118530907,5.952755905511811,-0.021908586241746224,0.06054943136701218,-0.019875298929514007
AAPL,2019-09-17,2019-03-18,2019-09-17,128,0.6642892861340565,2.5603108502567786e-05,0.1272912460836462,0.7913854061645916,0.016285163142566512,5.90625,-0.021908586241746224,0.06054943136701218,-0.019875298929514007
AAPL,2019-09-18,2019-03-19,2019-09-18,128,0.6642892861340565,2.5603108502567786e-05,0.13180072942719118,0.7858159638499634,0.015234093505903816,7.875,-0.028262108716670342,0.05104532055539609,-0.02659913830562588
AAPL,2019-09-19,2019-03-20,2019-09-19,128,0.6642892861340565,2.534835331642915e-05,0.1364449621609727,0.7816115165972083,0.014517066132388548,7.875,-0.028262108716670342,0.05104532055539609,-0.02659913830562588
AAPL,2019-09-20,2019-03-21,2019-09-20,128,0.6642892861340565,2.612032560317007e-05,0.14366885888155134,0.7735892854116365,0.014313128189987558,7.875,-0.028262108716670342,0.05104532055539609,-0.02659913830562588
AAPL,2019-09-23,2019-03-25,2019-09-23,127,0.6642892861340565,2.0753476400046778e-05,0.16176262722243837,0.7826794712882976,0.015110002369359566,5.952755905511811,-0.021908586241746224,0.06054943136701218,-0.019875298929514007
AAPL,2019-09-24,2019-03-25,2019-09-24,128,0.6642892861340565,2.0342530033828916e-05,0.16312290752366984,0.7819240881078184,0.014077493202537756,7.875,-0.028262108716670342,0.05104532055539609,-0.02659913830562588
AAPL,2019-09-25,2019-03-26,2019-09-25,128,0.6642892861340565,2.014011847802978e-05,0.16587106655767192,0.7818593467863829,0.01359316622493754,5.90625,-0.021908586241746224,0.06054943136701218,-0.019875298929514007
AAPL,2019-09-26,2019-03-27,2019-09-26,128,0.6642892861340565,1.9939720950861937e-05,0.1686561825307362,0.7811672078066387,0.013824703982482775,5.90625,-0.021908586241746224,0.06054943136701218,-0.019875298929514007
AAPL,2019-09-27,2019-03-28,2019-09-27,128,0.6642892861340565,2.014011847802978e-05,0.16725899330284444,0.7810434811234371,0.013400712291647585,5.90625,-0.021908586241746224,0.06054943136701218,-0.019875298929514007
AAPL,2019-09-30,2019-04-01,2019-09-30,127,0.6642892861340565,2.4112099537227607e-05,0.147398658060974,0.7845724362119374,0.013499361045712662,5.952755905511811,-0.021908586241746224,0.06054943136701218,-0.019875298929514007
AAPL,2019-10-01,2019-04-02,2019-10-01,127,0.6642892861340565,2.4846422291274668e-05,0.138818315429311,0.7872356913961465,0.015131078981297999,5.952755905511811,-0.021908586241746224,0.06054943136701218,-0.019875298929514007
AAPL,2019-10-02,2019-04-03,2019-10-02,127,0.6081672088210077,2.8949053719009503e-05,0.12243874686734563,0.7964937017524326,0.014984322142588456,5.952755905511811,-0.021908586241746224,0.06054943136701218,-0.019875298929514007
AAPL,2019-10-03,2019-04-04,2019-10-03,127,0.552045131507959,3.051936082898576e-05,0.1030367404143966,0.8054306351570965,0.017152737444353423,5.952755905511811,-0.021908586241746224,0.06054943136701218,-0.019875298929514007
AAPL,2019-10-04,2019-04-05,2019-10-04,127,0.552045131507959,3.273226417573665e-05,0.09762270872186923,0.7989722001954719,0.01639142210733105,5.952755905511811,-0.021908586241746224,0.06054943136701218,-0.019875298929514007
AAPL,2019-10-07,2019-04-08,2019-10-07,127,0.47800719512696577,3.5401377091410264e-05,0.07984716004130848,0.8070783961918412,0.017558737974405016,3.968503937007874,-0.0568223060785944,0.0043197546992256195,-0.055229252292896214
AAPL,2019-10-08,2019-04-09,2019-10-08,127,0.40396925874597256,3.605841192597483e-05,0.07011407078416239,0.8136671679902373,0.016893268252452232,3.968503937007874,-0.0568223060785944,0.0043197546992256195,-0.055229252292896214
AAPL,2019-10-09,2019-04-10,2019-10-09,127,0.40396925874597256,3.5344407531388965e-05,0.05705869740598676,0.8230120433986049,0.016557852000185277,3.968503937007874,-0.0568223060785944,0.0043197546992256195,-0.055229252292896214
AAPL,2019-10-10,2019-04-11,2019-10-10,127,0.40396925874597256,3.5344407531388965e-05,0.05093549842190814,0.8283555822616477,0.016360889529459237,3.968503937007874,-0.0568223060785944,0.0043197546992256195,-0.055229252292896214
AAPL,2019-10-11,2019-04-12,2019-10-11,127,0.40396925874597256,3.569962473257034e-05,0.04373406523689209,0.8356978164054722,0.016422400516498896,3.968503937007874,-0.0568223060785944,0.0043197546992256195,-0.055229252292896214
AAPL,2019-10-14,2019-04-15,2019-10-14,127,0.40396925874597256,3.605841192597477e-05,0.03751051106937274,0.838998862356679,0.01689087751105503,3.968503937007874,-0.0568223060785944,0.0043197546992256195,-0.055229252292896214
AAPL,2019-10-15,2019-04-16,2019-10-15,127,0.40396925874597256,3.642080499062056e-05,0.035063576921060116,0.8389564839685261,0.01657023999906093,3.968503937007874,-0.0568223060785944,0.0043197546992256195,-0.055229252292896214
AAPL,2019-10-16,2019-04-17,2019-10-16,127,0.40396925874597256,3.605841192597477e-05,0.035063576921060116,0.8400468954475271,0.016337680068191012,3.968503937007874,-0.0568223060785944,0.0043197546992256195,-0.055229252292896214
AAPL,2019-10-17,2019-04-18,2019-10-17,127,0.40396925874597256,3.569962473257034e-05,0.03898160999753306,0.8366350939129321,0.0160445750622354,3.968503937007874,-0.0568223060785944,0.0043197546992256195,-0.055229252292896214
AAPL,2019-10-18,2019-04-22,2019-10-18,127,0.40396925874597256,3.5344407531388965e-05,0.042091480300414576,0.8328435136278431,0.015671762728010862,3.968503937007874,-0.0568223060785944,0.0043197546992256195,-0.055229252292896214
AAPL,2019-10-21,2019-04-22,2019-10-21,128,0.40396925874597256,3.5344407531388965e-05,0.042091480300414576,0.8328426441883335,0.015502281560914159,3.9375,-0.0568223060785944,0.0043197546992256195,-0.055229252292896214
AAPL,2019-10-22,2019-04-23,2019-10-22,128,0.40396925874597256,3.3286109473610176e-05,0.04631305608356279,0.8344850025522618,0.015470064374946333,3.9375,-0.0568223060785944,0.0043197546992256195,-0.055229252292896214
AAPL,2019-10-23,2019-04-24,2019-10-23,128,0.40396925874597256,2.8649619928094054e-05,0.04903632280336605,0.84684498349034,0.015025999812419479,3.9375,-0.0568223060785944,0.0043197546992256195,-0.055229252292896214
AAPL,2019-10-24,2019-04-25,2019-10-24,128,0.40396925874597256,2.4413595677967982e-05,0.05705869740598667,0.8518851338519531,0.014594187302874257,3.9375,-0.0568223060785944,0.0043197546992256195,-0.055229252292896214
AAPL,2019-10-25,2019-04-26,2019-10-25,128,0.40396925874597256,2.2991858546775933e-05,0.06151830588806183,0.8510777994104145,0.014080219012396804,3.9375,-0.0568223060785944,0.0043197546992256195,-0.055229252292896214
AAPL,2019-10-28,2019-04-29,2019-10-28,128,0.40396925874597256,1.9013327431590165e-05,0.07076881117487345,0.8551387469875743,0.013575547199730652,3.9375,-0.0568223060785944,0.0043197546992256195,-0.055229252292896214
AAPL,2019-10-29,2019-04-30,2019-10-29,128,0.40396925874597256,1.9789276044046714e-05,0.06507458876214844,0.8582938254426093,0.013690475104189788,3.9375,-0.0568223060785944,0.0043197546992256195,-0.055229252292896214
AAPL,2019-10-30,2019-05-01,2019-10-30,128,0.40396925874597256,1.9397422124075753e-05,0.0586942984986114,0.8634389621847821,0.014765473102166039,3.9375,-0.0568223060785944,0.0043197546992256195,-0.055229252292896214
AAPL,2019-10-31,2019-05-01,2019-10-31,129,0.40396925874597256,2.0596891720111123e-05,0.05652307661424946,0.861774656832948,0.014546281683246391,3.906976744186047,-0.0568223060785944,0.0043197546992256195,-0.055229252292896214
AAPL,2019-11-01,2019-05-02,2019-11-01,129,0.40396925874597256,2.566530749485829e-05,0.042091480300414534,0.8602636533901966,0.015539143681084123,3.906976744186047,-0.0568223060785944,0.0043197546992256195,-0.055229252292896214
AAPL,2019-11-04,2019-05-06,2019-11-04,128,0.40396925874597256,2.5157100356469984e-05,0.047204433871453226,0.8539125878817289,0.016078708445104572,3.9375,-0.0568223060785944,0.0043197546992256195,-0.055229252292896214
AAPL,2019-11-05,2019-05-06,2019-11-05,129,0.40396925874597256,2.490678302553425e-05,0.04631305608356283,0.8547105605298797,0.01565811014894681,3.906976744186047,-0.0568223060785944,0.0043197546992256195,-0.055229252292896214
AAPL,2019-11-06,2019-05-07,2019-11-06,129,0.40396925874597256,2.465895639365679e-05,0.04457812835136987,0.8553723526410911,0.01522619040021035,3.906976744186047,-0.0568223060785944,0.0043197546992256195,-0.055229252292896214
AAPL,2019-11-07,2019-05-08,2019-11-07,129,0.40396925874597256,2.4413595677967894e-05,0.029173329573121843,0.8691631020383433,0.014994804852369651,5.86046511627907,-0.0536557627662105,0.006277828444482257,-0.052223019652339
AAPL,2019-11-08,2019-05-09,2019-11-08,129,0.40396925874597256,2.369206488354308e-05,0.040507972268373334,0.8581114015890265,0.01458533937000324,5.86046511627907,-0.0536557627662105,0.006277828444482257,-0.052223019652339
AAPL,2019-11-11,2019-05-13,2019-11-11,128,0.8415393920717706,2.193146024804374e-05,0.04525033458733907,0.8583891017577215,0.01396157667617419,5.90625,-0.0536557627662105,0.006277828444482257,-0.052223019652339
AAPL,2019-11-12,2019-05-13,2019-11-12,129,0.7113793783777287,2.3083898746028584e-05,0.052441546698746816,0.8484696426524524,0.013803945191828844,5.86046511627907,-0.0536557627662105,0.006277828444482257,-0.052223019652339
AAPL,2019-11-13,2019-05-14,2019-11-13,129,0.7113793783777287,2.2178766129645798e-05,0.06886808397745059,0.832884638495478,0.0130280476109843,3.906976744186047,-0.0505452271895761,0.004557375397709893,-0.04927919725582941
AAPL,2019-11-14,2019-05-15,2019-11-14,129,0.7113793783777287,2.1958083719417506e-05,0.07081675351104019,0.8311406860256648,0.012818292059050171,3.906976744186047,-0.0505452271895761,0.004557375397709893,-0.04927919725582941
AAPL,2019-11-15,2019-05-16,2019-11-15,129,0.7113793783777287,2.1739597135859622e-05,0.07556315787120077,0.8268942029647027,0.012718012718601216,3.906976744186047,-0.0505452271895761,0.004557375397709893,-0.04927919725582941
AAPL,2019-11-18,2019-05-20,2019-11-18,128,0.7113793783777287,2.0679344472421104e-05,0.08752548925302667,0.8170510125508238,0.012307117130148211,3.9375,-0.0505452271895761,0.004557375397709893,-0.04927919725582941
AAPL,2019-11-19,2019-05-20,2019-11-19,129,0.7113793783777287,2.0269866016720557e-05,0.09160154111015655,0.8142475941759574,0.011899309715331702,3.906976744186047,-0.0505452271895761,0.004557375397709893,-0.04927919725582941
AAPL,2019-11-20,2019-05-21,2019-11-20,129,0.7113793783777287,2.0473581556962294e-05,0.08913585967974484,0.8172996920132025,0.011902649225113872,3.906976744186047,-0.0505452271895761,0.004557375397709893,-0.04927919725582941
AAPL,2019-11-21,2019-05-22,2019-11-21,129,0.7113793783777287,2.0269866016720557e-05,0.09077290838355459,0.8158299045423117,0.012389499018478217,3.906976744186047,-0.0505452271895761,0.004557375397709893,-0.04927919725582941
AAPL,2019-11-22,2019-05-23,2019-11-22,129,0.7113793783777287,1.9089440915052075e-05,0.09327923142433443,0.8184762917741591,0.01213543543738101,3.906976744186047,-0.0505452271895761,0.004557375397709893,-0.04927919725582941
AAPL,2019-11-25,2019-05-28,2019-11-25,128,0.7113793783777287,1.92812929857917e-05,0.09327923142433443,0.8184753890968188,0.011914660200735812,3.9375,-0.0505452271895761,0.004557375397709893,-0.04927919725582941
AAPL,2019-11-26,2019-05-28,2019-11-26,129,0.7113793783777287,1.8899497804311878e-05,0.09327923142433443,0.8200548448577967,0.012427895934288943,3.906976744186047,-0.0505452271895761,0.004557375397709893,-0.04927919725582941
AAPL,2019-11-27,2019-05-28,2019-11-27,130,0.7113793783777287,1.8158437895665388e-05,0.09327923142433443,0.8231389107793089,0.012434660787593636,3.8769230769230765,-0.0505452271895761,0.004557375397709893,-0.04927919725582941
AAPL,2019-11-29,2019-05-30,2019-11-29,129,0.7113793783777287,1.6762350846335264e-05,0.097594543988095,0.8236419248823753,0.012277339778905012,3.906976744186047,-0.0505452271895761,0.004557375397709893,-0.04927919725582941
AAPL,2019-12-02,2019-06-03,2019-12-02,128,0.7113793783777287,1.6595562668659457e-05,0.09498443234658464,0.8260233086831158,0.01196331872192506,3.9375,-0.0505452271895761,0.004557375397709893,-0.04927919725582941
AAPL,2019-12-03,2019-06-04,2019-12-03,128,0.7113793783777287,1.7272840429325762e-05,0.09498443234658464,0.8245684930790015,0.012542183523265119,3.9375,-0.0505452271895761,0.004557375397709893,-0.04927919725582941
AAPL,2019-12-04,2019-06-05,2019-12-04,128,0.7113793783777287,1.7272840429325762e-05,0.09584745329223048,0.8245105324274885,0.013743985178974735,3.9375,-0.0505452271895761,0.004557375397709893,-0.04927919725582941
AAPL,2019-12-05,2019-06-06,2019-12-05,128,0.7113793783777287,1.7100972795429882e-05,0.09584745329223048,0.8252329020802377,0.013270158522517382,3.9375,-0.0505452271895761,0.004557375397709893,-0.04927919725582941
AAPL,2019-12-06,2019-06-07,2019-12-06,128,0.7113793783777287,1.7272840429325762e-05,0.09759454398809493,0.8236373948140131,0.013287868788621756,3.9375,-0.0505452271895761,0.004557375397709893,-0.04927919725582941
AAPL,2019-12-09,2019-06-10,2019-12-09,128,0.7113793783777287,1.7272840429325762e-05,0.1048696355994468,0.8198022348652846,0.013850187632928009,3.9375,-0.0505452271895761,0.004557375397709893,-0.04927919725582941
AAPL,2019-12-10,2019-06-11,2019-12-10,128,0.7113793783777287,1.676235084633529e-05,0.10117408236188295,0.8245598815000209,0.014225323851455121,3.9375,-0.0505452271895761,0.004557375397709893,-0.04927919725582941
AAPL,2019-12-11,2019-06-12,2019-12-11,128,0.7113793783777287,1.6430434061080228e-05,0.09936997650799383,0.8268938259032298,0.013541070481296387,3.9375,-0.0505452271895761,0.004557375397709893,-0.04927919725582941
AAPL,2019-12-12,2019-06-13,2019-12-12,128,0.7113793783777287,1.562911233621829e-05,0.09847869678293054,0.8303769252517881,0.013015676386723898,3.9375,-0.0505452271895761,0.004557375397709893,-0.04927919725582941
AAPL,2019-12-13,2019-06-14,2019-12-13,128,0.7113793783777287,1.5319635176923418e-05,0.09847869678293054,0.8316756135835828,0.012481847924907075,3.9375,-0.0505452271895761,0.004557375397709893,-0.04927919725582941
AAPL,2019-12-16,2019-06-17,2019-12-16,128,0.7113793783777287,1.5319635176923418e-05,0.09847869678293054,0.8323163176620615,0.012520634673631828,3.9375,-0.0505452271895761,0.004557375397709893,-0.04927919725582941
AAPL,2019-12-17,2019-06-18,2019-12-17,128,0.7113793783777287,1.501628607596384e-05,0.10026842457998243,0.8306630544938383,0.012783848027097172,3.9375,-0.0505452271895761,0.004557375397709893,-0.04927919725582941
AAPL,2019-12-18,2019-06-19,2019-12-18,128,0.7113793783777287,1.4572487752905772e-05,0.1048696355994468,0.8289091735790174,0.012221925423718612,3.9375,-0.0505452271895761,0.004557375397709893,-0.04927919725582941
AAPL,2019-12-19,2019-06-20,2019-12-19,128,0.7113793783777287,1.3861779138740276e-05,0.10676174085157851,0.829562491596885,0.011777504033361638,3.9375,-0.0505452271895761,0.004557375397709893,-0.04927919725582941
AAPL,2019-12-20,2019-06-21,2019-12-20,128,0.7113793783777287,1.3185732192699906e-05,0.1106362422729467,0.8282784489750349,0.011220629787482459,3.9375,-0.0505452271895761,0.004557375397709893,-0.04927919725582941
AAPL,2019-12-23,2019-06-24,2019-12-23,128,0.7113793783777287,1.3318251004363631e-05,0.10965622905528598,0.8291902193753967,0.011013763892148316,3.9375,-0.0505452271895761,0.004557375397709893,-0.04927919725582941
AAPL,2019-12-24,2019-06-25,2019-12-24,128,0.7113793783777287,1.2796034912972386e-05,0.112619286521555,0.8275552744555172,0.011426627031280083,3.9375,-0.0505452271895761,0.004557375397709893,-0.04927919725582941
AAPL,2019-12-26,2019-06-27,2019-12-26,127,0.7113793783777287,1.3587297521464456e-05,0.1106362422729467,0.8282756364142138,0.011207380695418682,3.968503937007874,-0.0505452271895761,0.004557375397709893,-0.04927919725582941
AAPL,2019-12-27,2019-06-28,2019-12-27,127,0.7113793783777287,1.3452101652226371e-05,0.1106362422729467,0.8277033247221343,0.01215246300652983,3.968503937007874,-0.0505452271895761,0.004557375397709893,-0.04927919725582941
AAPL,2019-12-30,2019-07-01,2019-12-30,127,0.7113793783777287,1.2417854928424856e-05,0.11162391470240406,0.8312139143702845,0.011583160461978,3.968503937007874,-0.0505452271895761,0.004557375397709893,-0.04927919725582941
AAPL,2019-12-31,2019-07-01,2019-12-31,128,0.7113793783777287,1.1812228997098922e-05,0.11362239776121255,0.8314408010083703,0.011069133338909116,3.9375,-0.0505452271895761,0.004557375397709893,-0.04927919725582941
MSFT,2018-01-02,2017-07-03,2018-01-02,127,0.45835805285108644,1.7697209535520357e-05,6.783568339397088e-06,0.8263469210031995,0.010095210232003543,3.968503937007874,0.011837976037381459,0.07114764374988988,0.01447269952227681
MSFT,2018-01-03,2017-07-05,2018-01-03,127,0.45835805285108644,1.7521119358466125e-05,3.043552951523862e-09,0.8264287350147493,0.010047129763390495,3.968503937007874,0.011837976037381459,0.07114764374988988,0.01447269952227681
MSFT,2018-01-04,2017-07-05,2018-01-04,128,0.45835805285108644,1.7521119358466125e-05,3.043552951523862e-09,0.8250719702558643,0.010008090483270251,3.9375,0.011837976037381459,0.07114764374988988,0.01447269952227681
MSFT,2018-01-05,2017-07-06,2018-01-05,128,0.45835805285108644,1.7697209535520357e-05,3.043552951523862e-09,0.8237062195321577,0.01001921975998022,3.9375,0.011837976037381459,0.07114764374988988,0.01447269952227681
MSFT,2018-01-08,2017-07-10,2018-01-08,127,0.45835805285108644,1.7697209535520357e-05,3.043552951523862e-09,0.8237877720961542,0.010021537994090604,3.968503937007874,0.011837976037381459,0.07114764374988988,0.01447269952227681
MSFT,2018-01-09,2017-07-10,2018-01-09,128,0.45835805285108644,1.7521119358466125e-05,3.043552951523862e-09,0.8238693327344138,0.009973863849052302,3.9375,0.011837976037381459,0.07114764374988988,0.01447269952227681
MSFT,2018-01-10,2017-07-11,2018-01-10,128,0.45835805285108644,1.7521119358466125e-05,3.043552951523862e-09,0.8239509014477359,0.009976174167889163,3.9375,0.011837976037381459,0.07114764374988988,0.01447269952227681
MSFT,2018-01-11,2017-07-12,2018-01-11,128,0.45835805285108644,1.734678130794872e-05,3.043552951523862e-09,0.8240324782369198,0.009928718420242373,3.9375,0.011837976037381459,0.07114764374988988,0.01447269952227681
MSFT,2018-01-12,2017-07-13,2018-01-12,128,0.45835805285108644,1.7521119358466125e-05,3.043552951523862e-09,0.8255588621825216,0.010022047802020326,3.9375,0.011837976037381459,0.07114764374988988,0.01447269952227681
MSFT,2018-01-16,2017-07-17,2018-01-16,127,0.45835805285108644,1.7697209535520357e-05,3.043552951523862e-09,0.8270754887858288,0.01011635638591831,3.968503937007874,0.011837976037381459,0.07114764374988988,0.01447269952227681
MSFT,2018-01-17,2017-07-18,2018-01-17,127,0.45835805285108644,1.8054716882872143e-05,3.043552951523862e-09,0.8285823747094759,0.010262841169601536,3.968503937007874,0.011837976037381459,0.07114764374988988,0.01447269952227681
MSFT,2018-01-18,2017-07-19,2018-01-18,127,0.45835805285108644,1.7875069448275866e-05,3.043552951523862e-09,0.8286644100462714,0.010214099444931107,3.968503937007874,0.011837976037381459,0.07114764374988988,0.01447269952227681
MSFT,2018-01-19,2017-07-20,2018-01-19,127,0.45835805285108644,1.7875069448275866e-05,3.043552951523862e-09,0.8287464535051279,0.010216545796942613,3.968503937007874,0.011837976037381459,0.07114764374988988,0.01447269952227681
MSFT,2018-01-22,2017-07-24,2018-01-22,126,0.45835805285108644,1.8054716882872143e-05,3.043552951523862e-09,0.8302425547449559,0.010312902918172205,4.0,0.011837976037381459,0.07114764374988988,0.01447269952227681
MSFT,2018-01-23,2017-07-24,2018-01-23,127,0.45835805285108644,1.7875069448275866e-05,3.043552951523862e-09,0.830324754450959,0.01026395242333127,3.968503937007874,0.011837976037381459,0.07114764374988988,0.01447269952227681
MSFT,2018-01-24,2017-07-25,2018-01-24,127,0.45835805285108644,1.7875069448275866e-05,3.043552951523862e-09,0.8304069622952966,0.010266439757334905,3.968503937007874,0.011837976037381459,0.07114764374988988,0.01447269952227681
MSFT,2018-01-25,2017-07-26,2018-01-25,127,0.45835805285108644,1.7697209535520357e-05,3.043552951523862e-09,0.8318922915492621,0.0102602651858267,3.968503937007874,0.011837976037381459,0.07114764374988988,0.01447269952227681
MSFT,2018-01-26,2017-07-27,2018-01-26,127,0.45835805285108644,1.7875069448275866e-05,3.043552951523862e-09,0.8319746545905214,0.010314221962871323,3.968503937007874,0.011837976037381459,0.07114764374988988,0.01447269952227681
MSFT,2018-01-29,2017-07-31,2018-01-29,126,0.45835805285108644,1.7875069448275866e-05,3.043552951523862e-09,0.8320570257862865,0.010316751097709811,4.0,0.011837976037381459,0.07114764374988988,0.01447269952227681
MSFT,2018-01-30,2017-07-31,2018-01-30,127,0.45835805285108644,1.8054716882872143e-05,3.043552951523862e-09,0.8321394051373648,0.010371007916711035,3.968503937007874,0.011837976037381459,0.07114764374988988,0.01447269952227681
MSFT,2018-01-31,2017-08-01,2018-01-31,127,0.45835805285108644,1.8791543856686553e-05,3.043552951523862e-09,0.830820870279907,0.010539204744680033,3.968503937007874,0.011837976037381459,0.07114764374988988,0.01447269952227681
MSFT,2018-02-01,2017-08-02,2018-02-01,127,0.45835805285108644,1.8791543856686553e-05,3.043552951523862e-09,0.8323035059435142,0.010585691803812834,3.968503937007874,0.011837976037381459,0.07114764374988988,0.01447269952227681
MSFT,2018-02-02,2017-08-03,2018-02-02,127,0.45835805285108644,1.975500691281703e-05,3.043552951523862e-09,0.8323859096978182,0.010856337503856499,3.968503937007874,0.011837976037381459,0.07114764374988988,0.01447269952227681
MSFT,2018-02-05,2017-08-07,2018-02-05,126,0.45835805285108644,2.249756258509012e-05,3.043552951523862e-09,0.8310690398910687,0.011540194197746469,6.0,-0.00612723329062644,0.05915437299285699,-0.004368045585578351
MSFT,2018-02-06,2017-08-07,2018-02-06,127,0.45835805285108644,4.957104899945751e-05,0.12127850264934878,0.5352881154542535,0.020210483068124736,3.968503937007874,0.011837976037381459,0.07114764374988988,0.01447269952227681
MSFT,2018-02-07,2017-08-08,2018-02-07,127,0.45835805285108644,7.248698103399522e-05,0.1430227896608225,0.35713262303765414,0.020157722195404924,3.968503937007874,0.011837976037381459,0.07114764374988988,0.01447269952227681
MSFT,2018-02-08,2017-08-09,2018-02-08,127,0.45835805285108644,5.4784481732703156e-05,0.2025399586525798,0.4838846603162252,0.0207539010507877,3.968503937007874,0.011837976037381459,0.07114764374988988,0.01447269952227681
MSFT,2018-02-09,2017-08-10,2018-02-09,127,0.45835805285108644,5.42393670314971e-05,0.20742747136853296,0.4828074204315311,0.02968885211429437,3.968503937007874,0.011837976037381459,0.07114764374988988,0.01447269952227681
MSFT,2018-02-12,2017-08-14,2018-02-12,126,0.45835805285108644,5.42393670314971e-05,0.19932962237480434,0.4858314121346718,0.0266523973168258,4.0,0.011837976037381459,0.07114764374988988,0.01447269952227681
MSFT,2018-02-13,2017-08-14,2018-02-13,127,0.45835805285108644,5.4784481732703156e-05,0.1930239478856104,0.4819232654148827,0.020033035166231585,3.968503937007874,0.011837976037381459,0.07114764374988988,0.01447269952227681
MSFT,2018-02-14,2017-08-15,2018-02-14,127,0.45835805285108644,5.702027884594347e-05,0.19773883994927083,0.4655109814959925,0.015699572927440796,3.968503937007874,0.011837976037381459,0.07114764374988988,0.01447269952227681
MSFT,2018-02-15,2017-08-16,2018-02-15,127,0.45835805285108644,5.702027884594347e-05,0.2009299932057002,0.46560337568505483,0.014515044983020597,3.968503937007874,0.011837976037381459,0.07114764374988988,0.01447269952227681
MSFT,2018-02-16,2017-08-17,2018-02-16,127,0.45835805285108644,5.645291759175755e-05,0.19932962237480426,0.464586767039426,0.014840314597401566,3.968503937007874,0.011837976037381459,0.07114764374988988,0.01447269952227681
MSFT,2018-02-20,2017-08-21,2018-02-20,126,0.45835805285108644,5.875680486409622e-05,0.2090758594025602,0.4453757224816852,0.013174558553153127,4.0,0.011837976037381459,0.07114764374988988,0.01447269952227681
MSFT,2018-02-21,2017-08-22,2018-02-21,126,0.45835805285108644,5.934732057031223e-05,0.2090758594025602,0.44537515937367056,0.01202469528690835,4.0,0.011837976037381459,0.07114764374988988,0.01447269952227681
MSFT,2018-02-22,2017-08-23,2018-02-22,126,0.45835805285108644,5.934732057031223e-05,0.2090758594025602,0.44537459626636794,0.013110391498817413,4.0,0.011837976037381459,0.07114764374988988,0.01447269952227681
MSFT,2018-02-23,2017-08-24,2018-02-23,126,0.8959281861768846,5.951265290111495e-05,0.20023605958341364,0.4662224497309327,0.012087356542110296,4.0,0.011837976037381459,0.07114764374988988,0.01447269952227681
MSFT,2018-02-26,2017-08-28,2018-02-26,125,0.7657681724828427,6.390529023682136e-05,0.20590781488734727,0.464934570584753,0.015337458171741253,4.032,0.011837976037381459,0.07114764374988988,0.01447269952227681
MSFT,2018-02-27,2017-08-28,2018-02-27,126,0.6917302361018494,6.316760584690074e-05,0.21411310390627672,0.4506912812784879,0.014093037220754107,4.0,0.011837976037381459,0.07114764374988988,0.01447269952227681
MSFT,2018-02-28,2017-08-29,2018-02-28,126,0.6917302361018494,6.069076859423871e-05,0.2074610910286842,0.45450551145652146,0.014104180308556664,4.0,0.011837976037381459,0.07114764374988988,0.01447269952227681
MSFT,2018-03-01,2017-09-05,2018-03-01,123,0.6917302361018494,6.130072095907738e-05,0.21243568189601097,0.4535770621024995,0.012814880173315609,4.097560975609756,0.011837976037381459,0.07114764374988988,0.01447269952227681
MSFT,2018-03-02,2017-09-05,2018-03-02,124,0.6917302361018494,6.069076859423871e-05,0.2091096756538866,0.4554920124476421,0.012967320251539979,4.064516129032258,0.011837976037381459,0.07114764374988988,0.01447269952227681
MSFT,2018-03-05,2017-09-06,2018-03-05,124,0.6917302361018494,6.069076859423871e-05,0.20910967565388658,0.453558351040542,0.011693742688518539,4.064516129032258,0.011837976037381459,0.07114764374988988,0.01447269952227681
MSFT,2018-03-06,2017-09-07,2018-03-06,124,0.6917302361018494,6.191680344709605e-05,0.21243568189601095,0.4419849521315851,0.011164090047154898,4.064516129032258,0.011837976037381459,0.07114764374988988,0.01447269952227681
MSFT,2018-03-07,2017-09-08,2018-03-07,124,0.6917302361018494,6.191680344709605e-05,0.21580013716222934,0.4400962421550824,0.011173610810986003,4.064516129032258,0.011837976037381459,0.07114764374988988,0.01447269952227681
MSFT,2018-03-08,2017-09-11,2018-03-08,124,0.6917302361018494,6.191680344709605e-05,0.21749677943001863,0.4372154108057357,0.010873679383212504,4.064516129032258,0.011837976037381459,0.07114764374988988,0.01447269952227681
MSFT,2018-03-09,2017-09-11,2018-03-09,125,0.6917302361018494,6.50913458439275e-05,0.21580013716222934,0.4284691835993256,0.010937271994875243,4.032,0.011837976037381459,0.07114764374988988,0.01447269952227681
MSFT,2018-03-12,2017-09-13,2018-03-12,124,0.6917302361018494,6.574552474539232e-05,0.2074610910286842,0.43302490464564847,0.014003485884217064,4.064516129032258,0.011837976037381459,0.07114764374988988,0.01447269952227681
MSFT,2018-03-13,2017-09-14,2018-03-13,124,0.6917302361018494,6.842865050993666e-05,0.21243568189601097,0.43420654804338027,0.012514407179609435,4.064516129032258,0.011837976037381459,0.07114764374988988,0.01447269952227681
MSFT,2018-03-14,2017-09-15,2018-03-14,124,0.6917302361018494,6.842865050993666e-05,0.20257298887329606,0.43964357913636476,0.017021904158358015,4.064516129032258,0.011837976037381459,0.07114764374988988,0.01447269952227681
MSFT,2018-03-15,2017-09-18,2018-03-15,124,0.6176922997208562,7.11066640880153e-05,0.19142194892718187,0.44393216187984197,0.014514568667450866,4.064516129032258,0.011837976037381459,0.07114764374988988,0.01447269952227681
MSFT,2018-03-16,2017-09-18,2018-03-16,125,0.6176922997208562,6.763875115860833e-05,0.1914219489271819,0.44593262144851664,0.0126246418298038,4.032,0.011837976037381459,0.07114764374988988,0.01447269952227681
MSFT,2018-03-19,2017-09-20,2018-03-19,124,0.6176922997208562,6.969865780234173e-05,0.18682255834594735,0.4484686442401487,0.011984711194638847,4.064516129032258,0.011837976037381459,0.07114764374988988,0.01447269952227681
MSFT,2018-03-20,2017-09-21,2018-03-20,124,0.6176922997208562,6.90051445697486e-05,0.18082307143885373,0.45380197128237193,0.014546714011454728,4.064516129032258,0.011837976037381459,0.07114764374988988,0.01447269952227681
MSFT,2018-03-21,2017-09-22,2018-03-21,124,0.6176922997208562,6.90051445697486e-05,0.1808230714388538,0.4538014173092856,0.012846618198184506,4.064516129032258,0.011837976037381459,0.07114764374988988,0.01447269952227681
MSFT,2018-03-22,2017-09-25,2018-03-22,124,0.6176922997208562,7.25431139874257e-05,0.18987929005982973,0.4487839680821714,0.012905289902210064,4.064516129032258,0.011837976037381459,0.07114764374988988,0.01447269952227681
MSFT,2018-03-23,2017-09-25,2018-03-23,125,0.6176922997208562,7.327218440380516e-05,0.21402491247409117,0.4373483984376222,0.01912290495789111,4.032,0.011837976037381459,0.07114764374988988,0.01447269952227681
MSFT,2018-03-26,2017-09-27,2018-03-26,124,0.6176922997208562,7.937480978493693e-05,0.35637918216297665,0.3723512755983119,0.025166923357522686,4.064516129032258,0.011837976037381459,0.07114764374988988,0.01447269952227681
MSFT,2018-03-27,2017-09-28,2018-03-27,124,0.6176922997208562,8.26141572236337e-05,0.3609771218400554,0.3587278311715288,0.04589546537166937,4.064516129032258,0.011837976037381459,0.07114764374988988,0.01447269952227681
MSFT,2018-03-28,2017-09-29,2018-03-28,124,0.6176922997208562,8.513013287984197e-05,0.3450007621418289,0.3531097453547275,0.04053470741309383,4.064516129032258,0.011837976037381459,0.07114764374988988,0.01447269952227681
MSFT,2018-03-29,2017-10-02,2018-03-29,124,0.6176922997208562,9.039428630407885e-05,0.34500076214182884,0.3285991631146075,0.02486652927702989,4.064516129032258,0.011837976037381459,0.07114764374988988,0.01447269952227681
MSFT,2018-04-02,2017-10-03,2018-04-02,124,0.6176922997208562,8.513013287984197e-05,0.3427457075476817,0.36734143297485233,0.02140561593343735,4.064516129032258,0.011837976037381459,0.07114764374988988,0.01447269952227681
MSFT,2018-04-03,2017-10-04,2018-04-03,124,0.6176922997208562,8.513013287984197e-05,0.3337969274292105,0.36905382847394375,0.02483164051740728,4.064516129032258,0.011837976037381459,0.07114764374988988,0.01447269952227681
MSFT,2018-04-04,2017-10-05,2018-04-04,124,0.6176922997208562,8.598570493918179e-05,0.3404977186743596,0.36859673476665156,0.01891093203281497,4.064516129032258,0.011837976037381459,0.07114764374988988,0.01447269952227681
MSFT,2018-04-05,2017-10-06,2018-04-05,124,0.6176922997208562,8.598570493918179e-05,0.3360232517245557,0.3710969616157078,0.021251241766686562,4.064516129032258,0.011837976037381459,0.07114764374988988,0.01447269952227681
MSFT,2018-04-06,2017-10-09,2018-04-06,124,0.6176922997208562,8.598570493918194e-05,0.33379692742921047,0.38541127966123506,0.016267753440954713,4.064516129032258,0.011837976037381459,0.07114764374988988,0.01447269952227681
MSFT,2018-04-09,2017-10-10,2018-04-09,124,0.6176922997208562,8.598570493918194e-05,0.3184231562482147,0.39264151248615126,0.02012510166850985,4.064516129032258,0.011837976037381459,0.07114764374988988,0.01447269952227681
MSFT,2018-04-10,2017-10-11,2018-04-10,124,0.6176922997208562,8.684987564067067e-05,0.31625781559793237,0.3972227148562413,0.015891251473698898,4.064516129032258,0.011837976037381459,0.07114764374988988,0.01447269952227681
MSFT,2018-04-11,2017-10-12,2018-04-11,124,0.6176922997208562,8.860435950976928e-05,0.31195098500763774,0.39468726345105626,0.017879297486902264,4.064516129032258,0.011837976037381459,0.07114764374988988,0.01447269952227681
MSFT,2018-04-12,2017-10-13,2018-04-12,124,0.6176922997208562,8.949484812722814e-05,0.31195098500763774,0.39468668981857535,0.016524083116341515,4.064516129032258,0.011837976037381459,0.07114764374988988,0.01447269952227681
MSFT,2018-04-13,2017-10-16,2018-04-13,124,0.6176922997208562,9.13027639848891e-05,0.30343446875148194,0.39273765822333756,0.016632118136693182,4.064516129032258,0.011837976037381459,0.07114764374988988,0.01447269952227681
MSFT,2018-04-16,2017-10-17,2018-04-16,124,0.6176922997208562,9.222037201818359e-05,0.29922573277744946,0.3916589932397821,0.014782274934099095,4.064516129032258,0.011837976037381459,0.07114764374988988,0.01447269952227681
MSFT,2018-04-17,2017-10-18,2018-04-17,124,0.6176922997208562,9.408334711071678e-05,0.29713394303951685,0.39109373458866387,0.014337237959364993,4.064516129032258,0.011837976037381459,0.07114764374988988,0.01447269952227681
MSFT,2018-04-18,2017-10-19,2018-04-18,124,0.6176922997208562,9.408334711071678e-05,0.28680288338290033,0.396841659914722,0.016246339926262073,4.064516129032258,0.011837976037381459,0.07114764374988988,0.01447269952227681
MSFT,2018-04-19,2017-10-20,2018-04-19,124,0.6176922997208562,9.314720216553045e-05,0.28273106470506837,0.40264332669716457,0.014127510735163254,4.064516129032258,0.011837976037381459,0.07114764374988988,0.01447269952227681
MSFT,2018-04-20,2017-10-23,2018-04-20,124,0.6176922997208562,8.513013287984212e-05,0.2667989883762327,0.44364295809942955,0.013538467192366009,4.064516129032258,0.011837976037381459,0.07114764374988988,0.01447269952227681
MSFT,2018-04-23,2017-10-24,2018-04-23,124,0.6176922997208562,5.374126062687561e-05,0.22603226381193312,0.574324005393119,0.014030285254486978,6.096774193548387,0.032217604971143565,0.061457151186937745,0.03469437751588478
MSFT,2018-04-24,2017-10-25,2018-04-24,124,0.6176922997208562,4.356181922272323e-05,0.24032897087626018,0.5990950501045642,0.012527064758708057,6.096774193548387,0.032217604971143565,0.061457151186937745,0.03469437751588478
MSFT,2018-04-25,2017-10-26,2018-04-25,124,0.5615702224078074,4.032633814854467e-05,0.26789193026067637,0.5868668786984218,0.017515236501595997,6.096774193548387,0.032217604971143565,0.061457151186937745,0.03469437751588478
MSFT,2018-04-26,2017-10-27,2018-04-26,124,0.4875322860268142,4.405303567549141e-05,0.35296107732745585,0.49922546861062683,0.015972281837048952,4.064516129032258,0.011837976037381459,0.07114764374988988,0.01447269952227681
MSFT,2018-04-27,2017-10-30,2018-04-27,124,0.39666915432648236,2.4961493034518313e-05,0.37766030829500913,0.5876726220355578,0.017953446745463886,2.032258064516129,-0.03847100532361036,0.0,-0.037740395258817894
MSFT,2018-04-30,2017-10-31,2018-04-30,124,0.39666915432648236,2.5721683671668506e-05,0.40623100275385254,0.5674369222409384,0.017415150375265684,2.032258064516129,-0.03847100532361036,0.0,-0.037740395258817894
MSFT,2018-05-01,2017-11-02,2018-05-01,123,0.39666915432648236,2.9586978790014013e-05,0.3966264639674753,0.5563314047144529,0.021481076544925592,2.048780487804878,-0.03847100532361036,0.0,-0.037740395258817894
MSFT,2018-05-02,2017-11-03,2018-05-02,123,0.39666915432648236,3.141653538109924e-05,0.3942373796519261,0.5510784187004111,0.019064198536739938,2.048780487804878,-0.03847100532361036,0.0,-0.037740395258817894
MSFT,2018-05-03,2017-11-06,2018-05-03,123,0.39666915432648236,3.369449122289144e-05,0.38001205922898934,0.5473940715952578,0.018515611085044247,2.048780487804878,-0.03847100532361036,0.0,-0.037740395258817894
MSFT,2018-05-04,2017-11-06,2018-05-04,124,0.39666915432648236,3.472064124988544e-05,0.3753142867942165,0.5427188456416274,0.015016058929693031,2.032258064516129,-0.03847100532361036,0.0,-0.037740395258817894
MSFT,2018-05-07,2017-11-08,2018-05-07,123,0.39666915432648236,3.875789041951679e-05,0.36598939831937544,0.5318886537098301,0.013903940584771913,2.048780487804878,-0.03847100532361036,0.0,-0.037740395258817894
MSFT,2018-05-08,2017-11-09,2018-05-08,123,0.39666915432648236,4.115454451444314e-05,0.36136377473900316,0.5231065595004765,0.013194490553449552,2.048780487804878,-0.03847100532361036,0.0,-0.037740395258817894
MSFT,2018-05-09,2017-11-10,2018-05-09,123,0.39666915432648236,4.1985921461825644e-05,0.3590604859685377,0.5221158995448016,0.012062588082824436,2.048780487804878,-0.03847100532361036,0.0,-0.037740395258817894
MSFT,2018-05-10,2017-11-13,2018-05-10,123,0.39666915432648236,4.3264583132554476e-05,0.3521897678536906,0.5207124828015299,0.012482923040882547,2.048780487804878,-0.03847100532361036,0.0,-0.037740395258817894
MSFT,2018-05-11,2017-11-13,2018-05-11,124,0.39666915432648236,4.2834093337612626e-05,0.35447339594349875,0.5188760895093453,0.012165351442686172,2.032258064516129,-0.03847100532361036,0.0,-0.037740395258817894
MSFT,2018-05-14,2017-11-15,2018-05-14,123,0.39666915432648236,4.2407886987699735e-05,0.349912864562062,0.5215127271343604,0.011137763495432395,2.048780487804878,-0.03847100532361036,0.0,-0.037740395258817894
MSFT,2018-05-15,2017-11-16,2018-05-15,123,0.39666915432648236,4.2407886987699735e-05,0.3521897678536907,0.5207100777711198,0.010398239070751566,2.048780487804878,-0.03847100532361036,0.0,-0.037740395258817894
MSFT,2018-05-16,2017-11-17,2018-05-16,123,0.39666915432648236,4.1985921461825644e-05,0.3521897678536907,0.5207092739707907,0.01119686762314196,2.048780487804878,-0.03847100532361036,0.0,-0.037740395258817894
MSFT,2018-05-17,2017-11-20,2018-05-17,123,0.39666915432648236,4.1985921461825644e-05,0.3521897678536907,0.52273933252598,0.010399650852721102,2.048780487804878,-0.03847100532361036,0.0,-0.037740395258817894
MSFT,2018-05-18,2017-11-20,2018-05-18,124,0.39666915432648236,3.993824390926462e-05,0.347642769746446,0.5314114163169923,0.011959711880550788,2.032258064516129,-0.03847100532361036,0.0,-0.037740395258817894
MSFT,2018-05-21,2017-11-22,2018-05-21,123,0.39666915432648236,3.9540851742601177e-05,0.34537956590621594,0.5371591248819153,0.010793957707824289,2.048780487804878,-0.03847100532361036,0.0,-0.037740395258817894
MSFT,2018-05-22,2017-11-24,2018-05-22,123,0.39666915432648236,3.577804219771799e-05,0.33416971527110295,0.5576720822848686,0.011863555808157306,2.048780487804878,-0.03847100532361036,0.0,-0.037740395258817894
MSFT,2018-05-23,2017-11-24,2018-05-23,124,0.39666915432648236,3.47206412498855e-05,0.33416971527110295,0.5621245901271957,0.010743324852963984,2.032258064516129,-0.03847100532361036,0.0,-0.037740395258817894
MSFT,2018-05-24,2017-11-27,2018-05-24,124,0.39666915432648236,3.0184675408915483e-05,0.3231438223993961,0.5849021338569759,0.011340677010065577,2.032258064516129,-0.03847100532361036,0.0,-0.037740395258817894
MSFT,2018-05-25,2017-11-27,2018-05-25,125,0.39666915432648236,2.814400480713984e-05,0.3231438223993961,0.5918213460122037,0.010534203064168395,2.016,-0.03847100532361036,0.0,-0.037740395258817894
MSFT,2018-05-29,2017-11-30,2018-05-29,123,0.39666915432648236,2.4467222356190628e-05,0.3037888332963254,0.6087438537187724,0.00938910957419598,4.097560975609756,0.017252928757528707,0.0788055433263312,0.02056672483807853
MSFT,2018-05-30,2017-12-01,2018-05-30,123,0.39666915432648236,2.3744106653903376e-05,0.32753151488865956,0.5894495467195384,0.009022206226287011,0.0,0.0,0.0,0.0
MSFT,2018-05-31,2017-12-01,2018-05-31,124,0.39666915432648236,2.32739418410102e-05,0.3253338439134634,0.5906422002441767,0.009561239166504632,0.0,0.0,0.0,0.0
MSFT,2018-06-01,2017-12-04,2018-06-01,124,0.8342392876522805,3.0268765182336176e-05,0.3489293627381001,0.5445140899226654,0.009465718928285344,0.0,0.0,0.0,0.0
MSFT,2018-06-04,2017-12-05,2018-06-04,124,0.7602013512712873,2.734423677676226e-05,0.3718405084146628,0.5493647691050991,0.013247353108096186,0.0,0.0,0.0,0.0
MSFT,2018-06-05,2017-12-06,2018-06-05,124,0.7602013512712873,2.5751832394284757e-05,0.3741778431628696,0.5466306297395979,0.011485414678754738,0.0,0.0,0.0,0.0
MSFT,2018-06-06,2017-12-07,2018-06-06,124,0.7602013512712873,2.5241911948095853e-05,0.3765210494887991,0.5452696048832981,0.009912005759236103,0.0,0.0,0.0,0.0
MSFT,2018-06-07,2017-12-08,2018-06-07,124,0.7040792739582385,2.970542034260023e-05,0.3523559887277216,0.556688576724621,0.009545388794645891,0.0,0.0,0.0,0.0
MSFT,2018-06-08,2017-12-11,2018-06-08,124,0.7040792739582385,2.7975511333872944e-05,0.3615319052894569,0.5495684410063505,0.014164438997843136,0.0,0.0,0.0,0.0
MSFT,2018-06-11,2017-12-12,2018-06-11,124,0.6479571966451898,2.8621359622542133e-05,0.34454638058820924,0.5657290045243136,0.012174625890501556,0.0,0.0,0.0,0.0
MSFT,2018-06-12,2017-12-13,2018-06-12,124,0.6479571966451898,2.668637882936392e-05,0.35591797030523886,0.5543801470200301,0.011414948497783706,0.0,0.0,0.0,0.0
MSFT,2018-06-13,2017-12-14,2018-06-13,124,0.5739192602641966,2.8009471919111742e-05,0.3535103670247927,0.5517578431061653,0.009985455268399059,0.0,0.0,0.0,0.0
MSFT,2018-06-14,2017-12-15,2018-06-14,124,0.5739192602641966,2.7454847215136108e-05,0.3696580552551145,0.5347774370133184,0.009773467782008776,0.0,0.0,0.0,0.0
MSFT,2018-06-15,2017-12-18,2018-06-15,124,0.4830561285638647,2.7234453111433706e-05,0.36423000373177705,0.5590001613021301,0.009344275488885027,0.0,0.0,0.0,0.0
MSFT,2018-06-18,2017-12-19,2018-06-18,124,0.4830561285638647,2.834591222761759e-05,0.37587812365011647,0.5367475609652469,0.012468395898106195,0.0,0.0,0.0,0.0
MSFT,2018-06-19,2017-12-20,2018-06-19,124,0.4830561285638647,2.8918537638896256e-05,0.37587812365011647,0.5336975116275172,0.011088233569462005,0.0,0.0,0.0,0.0
MSFT,2018-06-20,2017-12-21,2018-06-20,124,0.4830561285638647,3.0098725548451305e-05,0.3735365174583974,0.5301299002739263,0.009862982739305576,0.0,0.0,0.0,0.0
MSFT,2018-06-21,2017-12-22,2018-06-21,124,0.4830561285638647,3.1959926791784136e-05,0.37120080882378303,0.523637062942915,0.010391424185110805,0.0,0.0,0.0,0.0
MSFT,2018-06-22,2017-12-26,2018-06-22,124,0.4830561285638647,3.326423614728887e-05,0.3665474594981811,0.5211911316803094,0.01099115560503391,0.0,0.0,0.0,0.0
MSFT,2018-06-25,2017-12-26,2018-06-25,125,0.4830561285638647,3.6396871759460756e-05,0.3758781236501165,0.506998306451738,0.011463654335100961,0.0,0.0,0.0,0.0
MSFT,2018-06-26,2017-12-27,2018-06-26,125,0.4830561285638647,3.7132137341783836e-05,0.3619188153473493,0.512391221875947,0.016847161094316176,0.0,0.0,0.0,0.0
MSFT,2018-06-27,2017-12-28,2018-06-27,125,0.4830561285638647,3.903594273408222e-05,0.3596139840416511,0.5080528363105673,0.01390006285309439,0.0,0.0,0.0,0.0
MSFT,2018-06-28,2017-12-29,2018-06-28,125,0.4830561285638647,3.9824521086518366e-05,0.3504599838847107,0.5099119073736147,0.01569766771244721,0.0,0.0,0.0,0.0
MSFT,2018-06-29,2018-01-02,2018-06-29,125,0.4830561285638647,4.022476417748484e-05,0.3436654584091211,0.5107641966142167,0.013932201773295017,0.0,0.0,0.0,0.0
MSFT,2018-07-02,2018-01-03,2018-07-02,125,0.4830561285638647,4.103735831613026e-05,0.3414145754613944,0.5102289834333876,0.011914716523349345,0.0,0.0,0.0,0.0
MSFT,2018-07-03,2018-01-04,2018-07-03,125,0.4830561285638647,4.1866367945274206e-05,0.3391708049588903,0.5084781973604761,0.012832077820608667,0.0,0.0,0.0,0.0
MSFT,2018-07-05,2018-01-08,2018-07-05,124,0.4830561285638647,4.228713193833146e-05,0.33470491205516734,0.5107303593313851,0.013093736185526821,0.0,0.0,0.0,0.0
MSFT,2018-07-06,2018-01-08,2018-07-06,125,0.4830561285638647,4.228713193833146e-05,0.33470491205516734,0.5107295916564563,0.011789358701947443,0.0,0.0,0.0,0.0
MSFT,2018-07-09,2018-01-10,2018-07-09,124,0.4830561285638647,4.022476417748484e-05,0.32366995752054445,0.5263209954501497,0.01264342954787162,0.0,0.0,0.0,0.0
MSFT,2018-07-10,2018-01-11,2018-07-10,124,0.4830561285638647,3.942826048084776e-05,0.32366995752054445,0.5263202172487356,0.011418828515478771,0.0,0.0,0.0,0.0
MSFT,2018-07-11,2018-01-12,2018-07-11,124,0.4830561285638647,3.826297927922582e-05,0.3258618255654495,0.5257740808444761,0.010284635309405916,0.0,0.0,0.0,0.0
MSFT,2018-07-12,2018-01-16,2018-07-12,124,0.4830561285638647,4.1866367945274206e-05,0.31930939559689675,0.522545121346874,0.010187077902348554,0.0,0.0,0.0,0.0
MSFT,2018-07-13,2018-01-16,2018-07-13,125,0.4830561285638647,4.1866367945274206e-05,0.31498018030022945,0.5234111823070503,0.014705180804571356,0.0,0.0,0.0,0.0
MSFT,2018-07-16,2018-01-17,2018-07-16,125,0.4830561285638647,4.1449790623900234e-05,0.31282749080923644,0.5262906771186177,0.01361813842759287,0.0,0.0,0.0,0.0
MSFT,2018-07-17,2018-01-18,2018-07-17,125,0.4830561285638647,4.1449790623900234e-05,0.31714083666978177,0.5242075786511017,0.01240666237991672,0.0,0.0,0.0,0.0
MSFT,2018-07-18,2018-01-19,2018-07-18,125,0.4830561285638647,4.103735831613026e-05,0.31930939559689675,0.5237528759718822,0.011896351616806944,0.0,0.0,0.0,0.0
MSFT,2018-07-19,2018-01-22,2018-07-19,125,0.4830561285638647,4.062902977838982e-05,0.31714083666978177,0.5254206898282384,0.012041002316918091,0.0,0.0,0.0,0.0
MSFT,2018-07-20,2018-01-22,2018-07-20,126,0.4830561285638647,4.103735831613026e-05,0.31930939559689675,0.5249556339296159,0.011933281953102452,0.0,0.0,0.0,0.0
MSFT,2018-07-23,2018-01-24,2018-07-23,125,0.4830561285638647,4.062902977838982e-05,0.31714083666978177,0.5302124451150333,0.013996324835871248,0.0,0.0,0.0,0.0
MSFT,2018-07-24,2018-01-25,2018-07-24,125,0.4830561285638647,3.826297927922589e-05,0.3085462634087348,0.5439663540347734,0.014242629518686288,0.0,0.0,0.0,0.0
MSFT,2018-07-25,2018-01-26,2018-07-25,125,0.4830561285638647,3.982452108651844e-05,0.3106828312506263,0.5457249699333088,0.01266253826123727,0.0,0.0,0.0,0.0
MSFT,2018-07-26,2018-01-29,2018-07-26,125,0.4830561285638647,3.903594273408229e-05,0.3064178477964764,0.5513750479182019,0.018769605412262025,0.0,0.0,0.0,0.0
MSFT,2018-07-27,2018-01-29,2018-07-27,126,0.4830561285638647,3.864752861412023e-05,0.3064178477964764,0.5536219146554201,0.016871286535083595,0.0,0.0,0.0,0.0
MSFT,2018-07-30,2018-01-31,2018-07-30,125,0.4830561285638647,3.788225627414552e-05,0.30218570894645314,0.5569992379961098,0.0176960687201071,0.0,0.0,0.0,0.0
MSFT,2018-07-31,2018-02-01,2018-07-31,125,0.4830561285638647,3.788225627414552e-05,0.29175201648005905,0.5595375706013893,0.019289138297971423,2.016,0.07297686283866778,0.0,0.07570564785165312
MSFT,2018-08-01,2018-02-02,2018-08-01,125,0.4830561285638647,3.864752861412016e-05,0.28559446607728606,0.5509500767929303,0.015649619909589855,2.016,0.07297686283866778,0.0,0.07570564785165312
MSFT,2018-08-02,2018-02-05,2018-08-02,125,0.4830561285638647,3.826297927922589e-05,0.2636979250834438,0.5612520054352412,0.013125566048001826,2.016,0.07297686283866778,0.0,0.07570564785165312
MSFT,2018-08-03,2018-02-05,2018-08-03,126,0.4830561285638647,3.864752861412016e-05,0.26564341820817117,0.5543893448759877,0.012648946371744884,2.0,0.07297686283866778,0.0,0.07570564785165312
MSFT,2018-08-06,2018-02-07,2018-08-06,125,0.4830561285638647,4.1449790623900234e-05,0.27951551206247865,0.5302494427011681,0.011263283018502865,4.032,0.01013956475401212,0.08886535917420094,0.01418779560220429
MSFT,2018-08-07,2018-02-08,2018-08-07,125,0.4830561285638647,4.022476417748477e-05,0.23925058684274667,0.5478347822755926,0.010453959067325533,4.032,0.01013956475401212,0.08886535917420094,0.01418779560220429
MSFT,2018-08-08,2018-02-09,2018-08-08,125,0.4830561285638647,3.750532152626103e-05,0.23925058684274667,0.5642848887053131,0.010248515829621288,2.016,0.07297686283866778,0.0,0.07570564785165312
MSFT,2018-08-09,2018-02-12,2018-08-09,125,0.4830561285638647,3.603471683444392e-05,0.25600788714869416,0.5630336451031388,0.009861165357417271,2.016,0.07297686283866778,0.0,0.07570564785165312
MSFT,2018-08-10,2018-02-12,2018-08-10,126,0.4830561285638647,3.532118163410655e-05,0.25600788714869416,0.5657576927527177,0.009479632096987977,2.0,0.07297686283866778,0.0,0.07570564785165312
MSFT,2018-08-13,2018-02-14,2018-08-13,125,0.4830561285638647,3.496973000467136e-05,0.25600788714869416,0.5657569323176499,0.010095607527292643,2.016,0.07297686283866778,0.0,0.07570564785165312
MSFT,2018-08-14,2018-02-15,2018-08-14,125,0.4830561285638647,3.462177537737818e-05,0.25600788714869416,0.5671079991722849,0.010666382308460462,2.016,0.07297686283866778,0.0,0.07570564785165312
MSFT,2018-08-15,2018-02-16,2018-08-15,125,0.4830561285638647,3.496973000467136e-05,0.2598344579110819,0.5668590726741413,0.011345372121143359,2.016,0.07297686283866778,0.0,0.07570564785165312
MSFT,2018-08-16,2018-02-20,2018-08-16,125,0.4830561285638647,3.462177537737818e-05,0.2560078871486941,0.5684512225506572,0.013008497285495671,2.016,0.07297686283866778,0.0,0.07570564785165312
MSFT,2018-08-17,2018-02-20,2018-08-17,126,0.4830561285638647,3.4277282956474316e-05,0.25410851000758117,0.5685534871543122,0.011436702323583072,2.0,0.07297686283866778,0.0,0.07570564785165312
MSFT,2018-08-20,2018-02-21,2018-08-20,126,0.4830561285638647,3.3936218292430595e-05,0.2560078871486941,0.5657530871713365,0.010429356939534106,2.0,0.07297686283866778,0.0,0.07570564785165312
MSFT,2018-08-21,2018-02-22,2018-08-21,126,0.4830561285638647,3.359854727849639e-05,0.25410851000758117,0.568551966511519,0.010671631738480498,2.0,0.07297686283866778,0.0,0.07570564785165312
MSFT,2018-08-22,2018-02-23,2018-08-22,126,0.4830561285638647,3.359854727849639e-05,0.2636979250834437,0.5572071400464083,0.01113124438378999,2.0,0.07297686283866778,0.0,0.07570564785165312
MSFT,2018-08-23,2018-02-26,2018-08-23,126,0.426934051250816,3.369355514325275e-05,0.2551675823461203,0.5730535683059236,0.01111078952132642,2.0,0.07297686283866778,0.0,0.07570564785165312
MSFT,2018-08-24,2018-02-26,2018-08-24,127,0.426934051250816,3.1731395244280574e-05,0.26673335077240884,0.5641544149348453,0.010044676108557162,1.984251968503937,0.07297686283866778,0.0,0.07570564785165312
MSFT,2018-08-27,2018-02-28,2018-08-27,126,0.426934051250816,3.1731395244280574e-05,0.27263965639400595,0.5634500368632018,0.00994581993844696,2.0,0.07297686283866778,0.0,0.07570564785165312
MSFT,2018-08-28,2018-03-01,2018-08-28,126,0.426934051250816,3.110307152061612e-05,0.27066183558462176,0.5675137529988599,0.010506377352613077,2.0,0.07297686283866778,0.0,0.07570564785165312
MSFT,2018-08-29,2018-03-01,2018-08-29,127,0.426934051250816,3.141566258622913e-05,0.27066183558462176,0.5687686609935628,0.009990584688925542,1.984251968503937,0.07297686283866778,0.0,0.07570564785165312
MSFT,2018-08-30,2018-03-01,2018-08-30,128,0.426934051250816,3.110307152061612e-05,0.26478275737848744,0.5720868218775222,0.011869472172765239,1.96875,0.07297686283866778,0.0,0.07570564785165312
MSFT,2018-08-31,2018-03-01,2018-08-31,129,0.426934051250816,3.0793590788074476e-05,0.26478275737848744,0.5708131664725056,0.010585284957896152,1.9534883720930234,0.07297686283866778,0.0,0.07570564785165312
MSFT,2018-09-04,2018-03-05,2018-09-04,128,0.426934051250816,2.7585949776309854e-05,0.25516758234612036,0.5980505702512565,0.009715940397684239,1.96875,0.07297686283866778,0.0,0.07570564785165312
MSFT,2018-09-05,2018-03-06,2018-09-05,128,0.426934051250816,3.369355514325269e-05,0.24764252740906645,0.589285831755647,0.010448275021185834,1.96875,0.07297686283866778,0.0,0.07570564785165312
MSFT,2018-09-06,2018-03-07,2018-09-06,128,0.426934051250816,3.269776009813996e-05,0.2348359601652726,0.6006111461928728,0.0179647172986973,1.96875,0.07297686283866778,0.0,0.07570564785165312
MSFT,2018-09-07,2018-03-08,2018-09-07,128,0.426934051250816,3.2050301068299366e-05,0.22948986630488843,0.6035023698079908,0.014936693409277172,1.96875,0.07297686283866778,0.0,0.07570564785165312
MSFT,2018-09-10,2018-03-12,2018-09-10,127,0.426934051250816,3.141566258622913e-05,0.22597356030213428,0.6049379561219105,0.01320205065974072,3.968503937007874,0.02186430571970943,0.07228407148520039,0.024778815158373213
MSFT,2018-09-11,2018-03-12,2018-09-11,128,0.426934051250816,3.1731395244280574e-05,0.22772693037401912,0.6035668336496837,0.012494983702862242,3.9375,0.02186430571970943,0.07228407148520039,0.024778815158373213
MSFT,2018-09-12,2018-03-13,2018-09-12,128,0.426934051250816,3.141566258622908e-05,0.23304439318642298,0.5954487390340094,0.013276122710237735,3.9375,0.02186430571970943,0.07228407148520039,0.024778815158373213
MSFT,2018-09-13,2018-03-14,2018-09-13,128,0.426934051250816,3.5068615213942666e-05,0.24950976250557927,0.5637211433238846,0.01171286498052245,3.9375,0.02186430571970943,0.07228407148520039,0.024778815158373213
MSFT,2018-09-14,2018-03-15,2018-09-14,128,0.426934051250816,3.437421010741171e-05,0.24578468351537175,0.5665184376274015,0.011455099699237106,3.9375,0.02186430571970943,0.07228407148520039,0.024778815158373213
MSFT,2018-09-17,2018-03-19,2018-09-17,127,0.426934051250816,3.173139524428046e-05,0.23844763308959188,0.5818177370562887,0.010400710772560889,3.968503937007874,0.02186430571970943,0.07228407148520039,0.024778815158373213
MSFT,2018-09-18,2018-03-19,2018-09-18,128,0.426934051250816,3.079359078807437e-05,0.2366370450403159,0.5872967402563274,0.011470018841218132,3.9375,0.02186430571970943,0.07228407148520039,0.024778815158373213
MSFT,2018-09-19,2018-03-20,2018-09-19,128,0.426934051250816,3.141566258622902e-05,0.23483596016527267,0.585951491923966,0.011098693270341091,3.9375,0.02186430571970943,0.07228407148520039,0.024778815158373213
MSFT,2018-09-20,2018-03-21,2018-09-20,128,0.426934051250816,3.048718944027289e-05,0.23304439318642298,0.5873226820714712,0.01244376180464373,3.9375,0.02186430571970943,0.07228407148520039,0.024778815158373213
MSFT,2018-09-21,2018-03-22,2018-09-21,128,0.426934051250816,3.079359078807426e-05,0.22597356030213428,0.5799447615624517,0.012983010136624696,3.9375,0.02186430571970943,0.07228407148520039,0.024778815158373213
MSFT,2018-09-24,2018-03-26,2018-09-24,127,0.426934051250816,2.471243546419383e-05,0.09700072624326889,0.7026269400006196,0.011010454059598515,3.968503937007874,0.02186430571970943,0.07228407148520039,0.024778815158373213
MSFT,2018-09-25,2018-03-26,2018-09-25,128,0.426934051250816,2.4223096456181616e-05,0.09700072624326889,0.7041809275964707,0.010451463623112988,3.9375,0.02186430571970943,0.07228407148520039,0.024778815158373213
MSFT,2018-09-26,2018-03-27,2018-09-26,128,0.426934051250816,1.8307422469295942e-05,0.07791777189903105,0.7703385289026033,0.01024250789397582,3.9375,-0.03814823146347113,0.012586472511673222,-0.03735350501337331
MSFT,2018-09-27,2018-03-28,2018-09-27,128,0.426934051250816,1.9439490250944097e-05,0.08939910549213562,0.7543807160860171,0.010087152899374618,1.96875,-0.029248251399248915,0.0,-0.028824661098834525
MSFT,2018-09-28,2018-03-29,2018-09-28,128,0.426934051250816,2.1483959287558406e-05,0.10517397689758595,0.7184708419090601,0.009583914188446764,1.96875,-0.029248251399248915,0.0,-0.028824661098834525
MSFT,2018-10-01,2018-04-02,2018-10-01,128,0.426934051250816,2.12701903209211e-05,0.08619616999186198,0.7337076388755029,0.009524864894809337,1.96875,-0.029248251399248915,0.0,-0.028824661098834525
MSFT,2018-10-02,2018-04-03,2018-10-02,128,0.426934051250816,2.12701903209211e-05,0.07509222374139118,0.7426223711303699,0.009820261735139354,1.96875,-0.029248251399248915,0.0,-0.028824661098834525
MSFT,2018-10-03,2018-04-04,2018-10-03,128,0.426934051250816,2.064156119466457e-05,0.07578965823046598,0.7420615875693817,0.00963175716490729,1.96875,-0.029248251399248915,0.0,-0.028824661098834525
MSFT,2018-10-04,2018-04-05,2018-10-04,128,0.426934051250816,2.2360736298801395e-05,0.04432190231457047,0.7658098177547312,0.010108006126353973,1.96875,-0.029248251399248915,0.0,-0.028824661098834525
MSFT,2018-10-05,2018-04-06,2018-10-05,128,0.426934051250816,2.2360736298801395e-05,0.0496917211354118,0.7569262425792069,0.01107384910175302,1.96875,-0.029248251399248915,0.0,-0.028824661098834525
MSFT,2018-10-08,2018-04-09,2018-10-08,128,0.426934051250816,2.2812453136022094e-05,0.043482469674149135,0.760316192395321,0.010869896887742389,1.96875,-0.029248251399248915,0.0,-0.028824661098834525
MSFT,2018-10-09,2018-04-10,2018-10-09,128,0.426934051250816,2.3041722101638865e-05,0.047836580900122994,0.7521558001921409,0.010949918999509532,1.96875,-0.029248251399248915,0.0,-0.028824661098834525
MSFT,2018-10-10,2018-04-11,2018-10-10,128,0.3708119739377674,3.587821632727397e-05,0.1283685507647529,0.6530245440678086,0.012492454127945496,1.96875,-0.05587000172180101,0.0,-0.054337937660027924
MSFT,2018-10-11,2018-04-12,2018-10-11,128,0.3708119739377674,3.447141134286725e-05,0.09402783570534771,0.673606742873187,0.021027529884676262,1.96875,-0.05587000172180101,0.0,-0.054337937660027924
MSFT,2018-10-12,2018-04-13,2018-10-12,128,0.3708119739377674,3.481785478649014e-05,0.1411854908465446,0.6418029394871154,0.020503974550662222,1.96875,-0.05587000172180101,0.0,-0.054337937660027924
MSFT,2018-10-15,2018-04-16,2018-10-15,128,0.3708119739377674,3.481785478649014e-05,0.13877819583791112,0.6419708769156854,0.021162975283392328,1.96875,-0.05587000172180101,0.0,-0.054337937660027924
MSFT,2018-10-16,2018-04-17,2018-10-16,128,0.3708119739377674,3.481785478649014e-05,0.1563686331292816,0.6320440533162233,0.019991037589548004,1.96875,-0.05587000172180101,0.0,-0.054337937660027924
MSFT,2018-10-17,2018-04-18,2018-10-17,128,0.2967740375567741,3.618048121829813e-05,0.14479680859855457,0.6375983960325821,0.02028937801202481,1.96875,-0.05587000172180101,0.0,-0.054337937660027924
MSFT,2018-10-18,2018-04-19,2018-10-18,128,0.2967740375567741,3.44159383274406e-05,0.15109784293464656,0.6376954206225565,0.017456220692028377,1.96875,-0.05587000172180101,0.0,-0.054337937660027924
MSFT,2018-10-19,2018-04-20,2018-10-19,128,0.2967740375567741,3.407349401940419e-05,0.14356310219862006,0.6401373793057301,0.016997647399148896,1.96875,-0.05587000172180101,0.0,-0.054337937660027924
MSFT,2018-10-22,2018-04-23,2018-10-22,128,0.2967740375567741,3.407349401940419e-05,0.1375253157832832,0.641377224440076,0.014660198206607685,1.96875,-0.05587000172180101,0.0,-0.054337937660027924
MSFT,2018-10-23,2018-04-24,2018-10-23,128,0.2967740375567741,3.407349401940419e-05,0.1485508048446092,0.6299152839605732,0.013329391892476483,1.96875,-0.05587000172180101,0.0,-0.054337937660027924
MSFT,2018-10-24,2018-04-25,2018-10-24,128,0.2967740375567741,1.5157868658930984e-05,0.14233815573841702,0.7929008214200931,0.017191049455594836,3.9375,-0.05541069398903131,0.0006495592249857444,-0.05390328840486014
MSFT,2018-10-25,2018-04-26,2018-10-25,128,0.2967740375567741,1.531020777159311e-05,0.18906890437513624,0.7633362076039453,0.029065485956033563,3.9375,-0.05541069398903131,0.0006495592249857444,-0.05390328840486014
MSFT,2018-10-26,2018-04-27,2018-10-26,128,0.2967740375567741,1.5157868658930984e-05,0.17278061704046885,0.7748797565996836,0.034160217517833345,3.9375,-0.05541069398903131,0.0006495592249857444,-0.05390328840486014
MSFT,2018-10-29,2018-04-30,2018-10-29,128,0.2967740375567741,1.5007045345766347e-05,0.17135631112738797,0.7767019914683131,0.030800978111374912,3.9375,-0.05541069398903131,0.0006495592249857444,-0.05390328840486014
MSFT,2018-10-30,2018-05-01,2018-10-30,128,0.2967740375567741,1.331005521190131e-05,0.16029574192308962,0.7961141325580502,0.030197758305331432,3.9375,-0.05541069398903131,0.0006495592249857444,-0.05390328840486014
MSFT,2018-10-31,2018-05-01,2018-10-31,129,0.2967740375567741,1.331005521190131e-05,0.16164606858686906,0.7952437189712956,0.027253060085808165,3.906976744186047,-0.05541069398903131,0.0006495592249857444,-0.05390328840486014
MSFT,2018-11-01,2018-05-02,2018-11-01,129,0.2967740375567741,1.331005521190131e-05,0.15762247889710654,0.7973860708427435,0.026877767510785043,3.906976744186047,-0.05541069398903131,0.0006495592249857444,-0.05390328840486014
MSFT,2018-11-02,2018-05-03,2018-11-02,129,0.2967740375567741,1.3578936163011816e-05,0.15762247889710654,0.7956508387976292,0.02447232299238299,3.906976744186047,-0.05541069398903131,0.0006495592249857444,-0.05390328840486014
MSFT,2018-11-05,2018-05-07,2018-11-05,128,0.2967740375567741,1.593502920379816e-05,0.1630055595641035,0.7766448226291622,0.021301718946106663,3.9375,-0.05541069398903131,0.0006495592249857444,-0.05390328840486014
MSFT,2018-11-06,2018-05-07,2018-11-06,129,0.2967740375567741,1.8329646577153743e-05,0.16994133139949186,0.7540640898460812,0.018797370648630296,3.906976744186047,-0.05541069398903131,0.0006495592249857444,-0.05390328840486014
MSFT,2018-11-07,2018-05-08,2018-11-07,129,0.2967740375567741,1.2534937938616762e-05,0.1485508048446092,0.8134888086900759,0.019606390213370756,3.906976744186047,-0.05541069398903131,0.0006495592249857444,-0.05390328840486014
MSFT,2018-11-08,2018-05-09,2018-11-08,129,0.2967740375567741,1.2916683631673585e-05,0.1447968085985545,0.8128605692180041,0.022840919187869756,3.906976744186047,-0.05541069398903131,0.0006495592249857444,-0.05390328840486014
MSFT,2018-11-09,2018-05-10,2018-11-09,129,0.2967740375567741,1.304649846034524e-05,0.1447968085985545,0.8128596187297723,0.020953148948059545,3.906976744186047,-0.05541069398903131,0.0006495592249857444,-0.05390328840486014
MSFT,2018-11-12,2018-05-14,2018-11-12,128,0.2967740375567741,1.3578936163011743e-05,0.1447968085985545,0.8120464378624423,0.020821810712330645,3.9375,-0.05541069398903131,0.0006495592249857444,-0.05390328840486014
MSFT,2018-11-13,2018-05-14,2018-11-13,129,0.2967740375567741,1.3992476335440813e-05,0.14112193684432406,0.810777411045502,0.021291495524526364,3.906976744186047,-0.05541069398903131,0.0006495592249857444,-0.05390328840486014
MSFT,2018-11-14,2018-05-15,2018-11-14,129,0.2967740375567741,1.4563520127558812e-05,0.13991441273586122,0.8081468340670632,0.019370138942172037,3.906976744186047,-0.05541069398903131,0.0006495592249857444,-0.05390328840486014
MSFT,2018-11-15,2018-05-16,2018-11-15,129,0.2967740375567741,1.470988593817442e-05,0.13991441273586122,0.8081458944549523,0.018761287317688915,3.906976744186047,-0.05541069398903131,0.0006495592249857444,-0.05390328840486014
MSFT,2018-11-16,2018-05-17,2018-11-16,129,0.2967740375567741,1.531020777159303e-05,0.13752531578328317,0.805807080004993,0.018748544193295146,3.906976744186047,-0.05541069398903131,0.0006495592249857444,-0.05390328840486014
MSFT,2018-11-19,2018-05-21,2018-11-19,128,0.2967740375567741,1.3992476335440788e-05,0.13517059490131308,0.8207664408413428,0.018203609291096726,3.9375,-0.05541069398903131,0.0006495592249857444,-0.05390328840486014
MSFT,2018-11-20,2018-05-21,2018-11-20,129,0.2967740375567741,1.3443823490680321e-05,0.13991441273586128,0.821364888450131,0.0216692677982328,3.906976744186047,-0.05541069398903131,0.0006495592249857444,-0.05390328840486014
MSFT,2018-11-21,2018-05-22,2018-11-21,129,0.2967740375567741,1.3443823490680321e-05,0.1363436754391208,0.8240245036106649,0.022698359143582474,3.906976744186047,-0.05541069398903131,0.0006495592249857444,-0.05390328840486014
MSFT,2018-11-23,2018-05-24,2018-11-23,128,0.20591090585644223,1.3605306153965253e-05,0.12571786056215875,0.8357870721361856,0.02140509819735865,1.96875,-0.05587000172180101,0.0,-0.054337937660027924
MSFT,2018-11-26,2018-05-29,2018-11-26,127,0.20591090585644223,1.3605306153965228e-05,0.1324610415031785,0.8282292450360375,0.019808598382949502,3.968503937007874,-0.05541069398903131,0.0006495592249857444,-0.05390328840486014
MSFT,2018-11-27,2018-05-29,2018-11-27,128,0.20591090585644223,1.3742041754043836e-05,0.12793229885454463,0.829421687083073,0.021485134328710638,3.9375,-0.05541069398903131,0.0006495592249857444,-0.05390328840486014
MSFT,2018-11-28,2018-05-29,2018-11-28,129,0.20591090585644223,1.3203208589675596e-05,0.13477592541246097,0.8302716894061611,0.020412552589867704,1.9534883720930234,-0.05587000172180101,0.0,-0.054337937660027924
MSFT,2018-11-29,2018-05-30,2018-11-29,129,0.20591090585644223,1.3335903042048955e-05,0.12905194636417158,0.8329609466835318,0.02278470871360443,1.9534883720930234,-0.05587000172180101,0.0,-0.054337937660027924
MSFT,2018-11-30,2018-05-31,2018-11-30,129,0.20591090585644223,1.3880151569749587e-05,0.12571786056215878,0.8319294749028046,0.02115373499140794,3.906976744186047,-0.05541069398903131,0.0006495592249857444,-0.05390328840486014
MSFT,2018-12-03,2018-06-04,2018-12-03,128,0.20591090585644223,1.4591802158596023e-05,0.13017992843902726,0.8256319760667059,0.019705093972678573,3.9375,-0.05541069398903131,0.0006495592249857444,-0.05390328840486014
MSFT,2018-12-04,2018-06-05,2018-12-04,128,0.20591090585644223,1.374204175404386e-05,0.12905194636417158,0.8340334620341258,0.019045263358350596,1.96875,-0.05587000172180101,0.0,-0.054337937660027924
MSFT,2018-12-06,2018-06-07,2018-12-06,127,0.20591090585644223,1.4019649412179171e-05,0.12138736683374794,0.8380272243870844,0.021168551753090674,1.984251968503937,-0.05587000172180101,0.0,-0.054337937660027924
MSFT,2018-12-07,2018-06-08,2018-12-07,127,0.20591090585644223,1.2685503375885586e-05,0.1313162814591332,0.8421516066368026,0.02053584443698271,1.984251968503937,-0.05587000172180101,0.0,-0.054337937660027924
MSFT,2018-12-10,2018-06-11,2018-12-10,127,0.20591090585644223,1.2812994804360011e-05,0.1301799284390272,0.8429935164300478,0.024383837897652225,1.984251968503937,-0.05587000172180101,0.0,-0.054337937660027924
MSFT,2018-12-11,2018-06-12,2018-12-11,127,0.20591090585644223,1.2812994804360011e-05,0.12138736683374789,0.8487608679016994,0.024076126732836052,1.984251968503937,-0.05587000172180101,0.0,-0.054337937660027924
MSFT,2018-12-12,2018-06-13,2018-12-12,127,0.20591090585644223,1.2812994804360011e-05,0.11411828392997035,0.8533671828959908,0.02241313760632344,1.984251968503937,-0.05587000172180101,0.0,-0.054337937660027924
MSFT,2018-12-13,2018-06-14,2018-12-13,127,0.20591090585644223,1.320320858967562e-05,0.11112073153483355,0.8529612454529236,0.020858092740440867,1.984251968503937,-0.05587000172180101,0.0,-0.054337937660027924
MSFT,2018-12-14,2018-06-15,2018-12-14,127,0.20591090585644223,1.2941767542992404e-05,0.1111207315348336,0.8562528777817717,0.019847147538891916,1.984251968503937,-0.05587000172180101,0.0,-0.054337937660027924
MSFT,2018-12-17,2018-06-18,2018-12-17,127,0.20591090585644223,1.2685503375885586e-05,0.11513301261908197,0.8559395631557681,0.021883452795543473,1.984251968503937,-0.05587000172180101,0.0,-0.054337937660027924
MSFT,2018-12-18,2018-06-19,2018-12-18,127,0.20591090585644223,1.2559280508320037e-05,0.11013695878312814,0.8596244492509016,0.022896064885484506,1.984251968503937,-0.05587000172180101,0.0,-0.054337937660027924
MSFT,2018-12-19,2018-06-20,2018-12-19,127,0.20591090585644223,1.3071834469163937e-05,0.10723131122699404,0.8587100383599159,0.021537760089558204,1.984251968503937,-0.05587000172180101,0.0,-0.054337937660027924
MSFT,2018-12-20,2018-06-21,2018-12-20,127,0.131872969475449,1.371992741452255e-05,0.10528247087829518,0.8602773025221468,0.020361945232617088,1.984251968503937,-0.05587000172180101,0.0,-0.054337937660027924
MSFT,2018-12-21,2018-06-22,2018-12-21,127,0.131872969475449,1.3314442280033149e-05,0.11206000683856629,0.8562938684702727,0.020609821426577777,1.984251968503937,-0.05587000172180101,0.0,-0.054337937660027924
MSFT,2018-12-24,2018-06-25,2018-12-24,127,0.131872969475449,1.3050798658707868e-05,0.12566024928756186,0.8498774040245427,0.0229796349678088,1.984251968503937,-0.05587000172180101,0.0,-0.054337937660027924
MSFT,2018-12-26,2018-06-27,2018-12-26,126,0.131872969475449,1.4423363135264625e-05,0.18243048870014847,0.8104716028407989,0.028966589145686433,2.0,-0.05587000172180101,0.0,-0.054337937660027924
MSFT,2018-12-27,2018-06-28,2018-12-27,126,0.131872969475449,1.4279848274172625e-05,0.16939128526782604,0.8200009775144383,0.0375065590291861,2.0,-0.05587000172180101,0.0,-0.054337937660027924
MSFT,2018-12-28,2018-06-29,2018-12-28,126,0.131872969475449,1.4137761409807954e-05,0.1584332729735404,0.827679409270716,0.03364310513685044,2.0,-0.05587000172180101,0.0,-0.054337937660027924
MSFT,2018-12-31,2018-07-02,2018-12-31,126,0.131872969475449,1.4279848274172625e-05,0.15059770834671815,0.8318349582887127,0.030619492699659415,2.0,-0.05587000172180101,0.0,-0.054337937660027924
MSFT,2019-01-02,2018-07-03,2019-01-02,126,0.131872969475449,1.4423363135264625e-05,0.14431398067073564,0.8351923121162883,0.028261063766318668,2.0,-0.05587000172180101,0.0,-0.054337937660027924
MSFT,2019-01-03,2018-07-05,2019-01-03,126,0.131872969475449,1.3857814977421206e-05,0.14555304180535492,0.8381062097227034,0.026467739320845965,2.0,-0.05587000172180101,0.0,-0.054337937660027924
MSFT,2019-01-04,2018-07-05,2019-01-04,127,0.131872969475449,1.3719927414522598e-05,0.15447490111480713,0.8338361998031264,0.028879709559931025,1.984251968503937,-0.05587000172180101,0.0,-0.054337937660027924
MSFT,2019-01-07,2018-07-09,2019-01-07,126,0.131872969475449,1.3857814977421206e-05,0.14805762882502088,0.8374583907699568,0.03162360792930642,2.0,-0.05587000172180101,0.0,-0.054337937660027924
MSFT,2019-01-08,2018-07-09,2019-01-08,127,0.131872969475449,1.3997088333365772e-05,0.1430836990028978,0.8395318940628668,0.028927493692059426,1.984251968503937,-0.05587000172180101,0.0,-0.054337937660027924
MSFT,2019-01-09,2018-07-10,2019-01-09,127,0.131872969475449,1.4714734398289474e-05,0.14186216468144114,0.836968310653258,0.026632699378231997,1.984251968503937,-0.05587000172180101,0.0,-0.054337937660027924
MSFT,2019-01-10,2018-07-11,2019-01-10,127,0.131872969475449,1.5781673027148278e-05,0.1430836990028978,0.8309856045163582,0.02485812913953321,1.984251968503937,-0.05587000172180101,0.0,-0.054337937660027924
MSFT,2019-01-11,2018-07-12,2019-01-11,127,0.131872969475449,1.7267900780149773e-05,0.14805762882502088,0.8203602788969616,0.022679257781817255,1.984251968503937,-0.05587000172180101,0.0,-0.054337937660027924
MSFT,2019-01-14,2018-07-16,2019-01-14,126,0.131872969475449,1.851996485979667e-05,0.15710474928490104,0.8091493225853026,0.020848735937509577,2.0,-0.05587000172180101,0.0,-0.054337937660027924
MSFT,2019-01-15,2018-07-16,2019-01-15,127,0.131872969475449,1.744144606818311e-05,0.14932321678675148,0.8206234401669279,0.019987520474480602,1.984251968503937,-0.05587000172180101,0.0,-0.054337937660027924
MSFT,2019-01-16,2018-07-17,2019-01-16,127,0.131872969475449,1.8153244985260435e-05,0.15059770834671815,0.8157187650371172,0.021298025432641914,1.984251968503937,-0.05587000172180101,0.0,-0.054337937660027924
MSFT,2019-01-17,2018-07-18,2019-01-17,127,0.131872969475449,1.927577896374078e-05,0.15578530112608388,0.8062970075712039,0.01941814448943037,1.984251968503937,-0.05587000172180101,0.0,-0.054337937660027924
MSFT,2019-01-18,2018-07-19,2019-01-18,127,0.131872969475449,2.0062438426412378e-05,0.15977089903848107,0.8002668272508865,0.017994579559986786,1.984251968503937,-0.05587000172180101,0.0,-0.054337937660027924
MSFT,2019-01-22,2018-07-23,2019-01-22,126,0.131872969475449,2.0264069284713652e-05,0.16383865167652026,0.7971423172411665,0.01763766396189755,2.0,-0.05587000172180101,0.0,-0.054337937660027924
MSFT,2019-01-23,2018-07-24,2019-01-23,126,0.131872969475449,2.1091061640510992e-05,0.1679892383075092,0.7905097280725818,0.018074239518396894,2.0,-0.05587000172180101,0.0,-0.054337937660027924
MSFT,2019-01-24,2018-07-25,2019-01-24,126,0.131872969475449,2.239526005533547e-05,0.17654138718742252,0.7783002754052537,0.016924286885231673,2.0,-0.05587000172180101,0.0,-0.054337937660027924
MSFT,2019-01-25,2018-07-26,2019-01-25,126,0.057835033094455764,2.258393445258914e-05,0.17646519190301305,0.7816953367741273,0.01604532477453918,2.0,-0.05587000172180101,0.0,-0.054337937660027924
MSFT,2019-01-28,2018-07-30,2019-01-28,125,0.057835033094455764,2.1916478319467416e-05,0.18384771676692763,0.778450512583555,0.015330602546012567,2.016,-0.05587000172180101,0.0,-0.054337937660027924
MSFT,2019-01-29,2018-07-30,2019-01-29,126,0.057835033094455764,2.1916478319467416e-05,0.18384771676692763,0.7791622686095571,0.016700262270441444,2.0,-0.05587000172180101,0.0,-0.054337937660027924
MSFT,2019-01-30,2018-07-31,2019-01-30,126,0.057835033094455764,2.1698405716555967e-05,0.20092559649995445,0.7741889165489673,0.018190601388217948,2.0,-0.05587000172180101,0.0,-0.054337937660027924
MSFT,2019-01-31,2018-08-01,2019-01-31,126,0.057835033094455764,2.258393445258914e-05,0.19458171935510504,0.7764211065306321,0.02205889879449447,2.0,-0.05587000172180101,0.0,-0.054337937660027924
MSFT,2019-02-01,2018-08-02,2019-02-01,126,0.057835033094455764,2.350560230190943e-05,0.18535259817363517,0.7801125006041781,0.021477351338606322,2.0,-0.05587000172180101,0.0,-0.054337937660027924
MSFT,2019-02-04,2018-08-06,2019-02-04,125,0.057835033094455764,2.5463314991569225e-05,0.1838477167669276,0.7791576542851373,0.020888165786342294,2.016,-0.05587000172180101,0.0,-0.054337937660027924
MSFT,2019-02-05,2018-08-06,2019-02-05,126,0.057835033094455764,2.5463314991569225e-05,0.17792283372803971,0.7822420570336295,0.02244980009294957,2.0,-0.05587000172180101,0.0,-0.054337937660027924
MSFT,2019-02-06,2018-08-07,2019-02-06,126,0.057835033094455764,2.6768847068555e-05,0.16931754066413598,0.7847153019844235,0.02115197444161466,2.0,-0.05587000172180101,0.0,-0.054337937660027924
MSFT,2019-02-07,2018-08-08,2019-02-07,126,0.057835033094455764,2.7861304441660348e-05,0.16240224041559603,0.7861883105966463,0.01991225478453335,2.0,-0.05587000172180101,0.0,-0.054337937660027924
MSFT,2019-02-08,2018-08-09,2019-02-08,126,0.057835033094455764,2.9584151290581476e-05,0.15836338829546634,0.7833038727934173,0.01859186101418045,2.0,-0.05587000172180101,0.0,-0.054337937660027924
MSFT,2019-02-11,2018-08-13,2019-02-11,125,0.057835033094455764,3.2370217547398495e-05,0.15571636808744616,0.777666881261614,0.017384234142332367,2.016,-0.05587000172180101,0.0,-0.054337937660027924
MSFT,2019-02-12,2018-08-13,2019-02-12,126,0.057835033094455764,3.302413931881354e-05,0.15571636808744616,0.7758017375097309,0.016430749357116563,2.0,-0.05587000172180101,0.0,-0.054337937660027924
MSFT,2019-02-13,2018-08-14,2019-02-13,126,0.057835033094455764,3.369127118628383e-05,0.1570353411378108,0.7720331993330684,0.016638576669793837,2.0,-0.05587000172180101,0.0,-0.054337937660027924
MSFT,2019-02-14,2018-08-15,2019-02-14,126,0.057835033094455764,3.437188001145158e-05,0.16104681188536596,0.7663943936001292,0.01565131559398288,2.0,-0.05587000172180101,0.0,-0.054337937660027924
MSFT,2019-02-15,2018-08-16,2019-02-15,126,0.057835033094455764,3.471732314856363e-05,0.16240224041559606,0.7651552789086125,0.014921108577967156,2.0,-0.05587000172180101,0.0,-0.054337937660027924
MSFT,2019-02-19,2018-08-20,2019-02-19,125,0.057835033094455764,3.6134163984143806e-05,0.15836338829546634,0.7640524423839095,0.015208103206973692,2.016,-0.05587000172180101,0.0,-0.054337937660027924
MSFT,2019-02-20,2018-08-21,2019-02-20,125,0.057835033094455764,3.6134163984143806e-05,0.15970053643527152,0.7621315716330287,0.014532666808251812,2.016,-0.05587000172180101,0.0,-0.054337937660027924
MSFT,2019-02-21,2018-08-22,2019-02-21,125,0.057835033094455764,3.99344271842522e-05,0.15053066097001191,0.7622030516442522,0.014663421945395338,2.016,-0.05587000172180101,0.0,-0.054337937660027924
MSFT,2019-02-22,2018-08-23,2019-02-22,125,0.057835033094455764,4.0335774849864466e-05,0.14925663700112846,0.762557988891578,0.016407085329771438,2.016,-0.05587000172180101,0.0,-0.054337937660027924
MSFT,2019-02-25,2018-08-27,2019-02-25,124,0.057835033094455764,4.0335774849864466e-05,0.14548785521503996,0.7651381174146767,0.0165758945794164,2.032258064516129,-0.05587000172180101,0.0,-0.054337937660027924
MSFT,2019-02-26,2018-08-27,2019-02-26,125,0.057835033094455764,3.99344271842522e-05,0.14673526473453427,0.7632180202079466,0.015861343822290448,2.016,-0.05587000172180101,0.0,-0.054337937660027924
MSFT,2019-02-27,2018-08-28,2019-02-27,125,0.057835033094455764,3.7608827191131465e-05,0.15053066097001191,0.765282258610252,0.015252081952616238,2.016,-0.05587000172180101,0.0,-0.054337937660027924
MSFT,2019-02-28,2018-08-29,2019-02-28,125,0.057835033094455764,3.577462304516676e-05,0.15571636808744613,0.7643037931551412,0.014466818856315523,2.016,-0.05587000172180101,0.0,-0.054337937660027924
MSFT,2019-03-01,2018-09-04,2019-03-01,123,0.057835033094455764,3.5418659598306515e-05,0.17214856840425283,0.7515314072521624,0.013669470818981587,2.048780487804878,-0.05587000172180101,0.0,-0.054337937660027924
MSFT,2019-03-04,2018-09-05,2019-03-04,123,0.057835033094455764,3.4029874090983935e-05,0.18535259817363517,0.7435356167619567,0.013014308637906221,4.097560975609756,-0.05541069398903131,0.0006495592249857444,-0.05390328840486014
MSFT,2019-03-05,2018-09-06,2019-03-05,123,0.49540516642025395,2.738569395241617e-05,0.1970488732843072,0.7564106068278621,0.011971401725688755,4.097560975609756,-0.05541069398903131,0.0006495592249857444,-0.05390328840486014
MSFT,2019-03-06,2018-09-07,2019-03-06,123,0.43928308910720526,2.3637738061244456e-05,0.21767059366089594,0.7539040068256964,0.011455167481430547,2.048780487804878,-0.05587000172180101,0.0,-0.054337937660027924
MSFT,2019-03-07,2018-09-10,2019-03-07,123,0.38316101179415657,2.699544780636032e-05,0.21020353811180703,0.7518987764562471,0.011570278115223612,2.048780487804878,-0.05587000172180101,0.0,-0.054337937660027924
MSFT,2019-03-08,2018-09-10,2019-03-08,124,0.29229788009382474,2.3048676439286468e-05,0.21297515835046815,0.7576753404956331,0.01237863059936648,2.032258064516129,-0.05587000172180101,0.0,-0.054337937660027924
MSFT,2019-03-11,2018-09-12,2019-03-11,123,0.29229788009382474,2.9892521931935125e-05,0.21297515835046815,0.7388816785716933,0.012443011319416946,4.097560975609756,-0.05541069398903131,0.0006495592249857444,-0.05390328840486014
MSFT,2019-03-12,2018-09-13,2019-03-12,123,0.29229788009382474,2.9595086369055737e-05,0.20471674245521698,0.7442996260872371,0.014969543373690181,4.097560975609756,-0.05541069398903131,0.0006495592249857444,-0.05390328840486014
MSFT,2019-03-13,2018-09-14,2019-03-13,123,0.29229788009382474,2.9009064395347283e-05,0.20148063151114065,0.747804351861016,0.014214122099131725,4.097560975609756,-0.05541069398903131,0.0006495592249857444,-0.05390328840486014
MSFT,2019-03-14,2018-09-17,2019-03-14,123,0.29229788009382474,2.759427563009038e-05,0.19987697335527052,0.7516333951066283,0.013611365093274059,4.097560975609756,-0.05541069398903131,0.0006495592249857444,-0.05390328840486014
MSFT,2019-03-15,2018-09-17,2019-03-15,124,0.29229788009382474,2.6512288606449177e-05,0.19987697335527052,0.753860588316897,0.012810578949890487,4.064516129032258,-0.05541069398903131,0.0006495592249857444,-0.05390328840486014
MSFT,2019-03-18,2018-09-19,2019-03-18,123,0.29229788009382474,2.7319707999999753e-05,0.19669842215366068,0.7559714230936851,0.013236307761282595,2.048780487804878,-0.05587000172180101,0.0,-0.054337937660027924
MSFT,2019-03-19,2018-09-20,2019-03-19,123,0.29229788009382474,2.447392699273348e-05,0.19045615983553135,0.7673565378413871,0.013677294607924719,2.048780487804878,-0.05587000172180101,0.0,-0.054337937660027924
MSFT,2019-03-20,2018-09-21,2019-03-20,123,0.29229788009382474,2.1490443469002686e-05,0.18739229228483442,0.7772688771299975,0.012704201818414477,2.048780487804878,-0.05587000172180101,0.0,-0.054337937660027924
MSFT,2019-03-21,2018-09-24,2019-03-21,123,0.29229788009382474,2.3280319488570386e-05,0.16287257656303641,0.793500555312982,0.012736702368559415,2.048780487804878,-0.05587000172180101,0.0,-0.054337937660027924
MSFT,2019-03-22,2018-09-24,2019-03-22,124,0.29229788009382474,2.989252193193534e-05,0.18137859528692196,0.766132925557284,0.015739790133735256,2.032258064516129,-0.05587000172180101,0.0,-0.054337937660027924
MSFT,2019-03-25,2018-09-26,2019-03-25,123,0.29229788009382474,1.560526483130283e-05,0.11640274536728312,0.8486810816771181,0.016670174091956612,2.048780487804878,-0.05587000172180101,0.0,-0.054337937660027924
MSFT,2019-03-26,2018-09-27,2019-03-26,123,0.29229788009382474,9.560197123893897e-06,0.09648368284488333,0.8778100259688939,0.014847640149370284,2.048780487804878,-0.05587000172180101,0.0,-0.054337937660027924
MSFT,2019-03-27,2018-09-28,2019-03-27,123,0.29229788009382474,7.2254415513507995e-06,0.09137886153731774,0.8869254705744297,0.013783445875569143,2.048780487804878,-0.05587000172180101,0.0,-0.054337937660027924
MSFT,2019-03-28,2018-10-01,2019-03-28,123,0.29229788009382474,5.299478113214758e-06,0.08651823777296469,0.8944592419150923,0.013180691407734719,2.048780487804878,-0.05587000172180101,0.0,-0.054337937660027924
MSFT,2019-03-29,2018-10-01,2019-03-29,124,0.29229788009382474,4.795166092899322e-06,0.08573124432994225,0.8959604447180946,0.01253820318785392,2.032258064516129,-0.05587000172180101,0.0,-0.054337937660027924
MSFT,2019-04-01,2018-10-02,2019-04-01,124,0.29229788009382474,3.886886091714615e-06,0.0834090516433461,0.8992838734238966,0.011991166197122937,2.032258064516129,-0.05587000172180101,0.0,-0.054337937660027924
MSFT,2019-04-02,2018-10-03,2019-04-02,124,0.29229788009382474,3.0575328925348135e-06,0.0834090516433461,0.9002728344501443,0.011475744104898255,2.032258064516129,-0.05587000172180101,0.0,-0.054337937660027924
MSFT,2019-04-03,2018-10-04,2019-04-03,124,0.29229788009382474,2.5538661455444767e-06,0.08417669270574037,0.8998350910052105,0.010806763091047823,2.032258064516129,-0.05587000172180101,0.0,-0.054337937660027924
MSFT,2019-04-04,2018-10-05,2019-04-04,124,0.29229788009382474,1.988952954009589e-06,0.08040175436659365,0.9040095727161289,0.010309135571687984,2.032258064516129,-0.05587000172180101,0.0,-0.054337937660027924
MSFT,2019-04-05,2018-10-08,2019-04-05,124,0.29229788009382474,1.5489981180748517e-06,0.08264777856925669,0.9022526640427934,0.009823912319734472,2.032258064516129,-0.05587000172180101,0.0,-0.054337937660027924
MSFT,2019-04-08,2018-10-09,2019-04-08,124,0.29229788009382474,1.1136115101254e-06,0.0841766927057403,0.9010416073667955,0.009214803718174153,0.0,0.0,0.0,0.0
MSFT,2019-04-09,2018-10-10,2019-04-09,124,0.29229788009382474,1.2938319855600466e-06,0.09055204216244907,0.8938760298488583,0.00872202518719469,0.0,0.0,0.0,0.0
MSFT,2019-04-10,2018-10-11,2019-04-10,124,0.7298680134196228,2.2942140350255797e-06,0.10994864684784188,0.8774241496684572,0.008920852334294732,2.032258064516129,-0.054951386256261614,0.0,-0.05346883874165087
MSFT,2019-04-11,2018-10-12,2019-04-11,124,0.5828828044062423,3.304067078597943e-06,0.13715775303369052,0.8518920636142718,0.00851756718758739,2.032258064516129,-0.054951386256261614,0.0,-0.05346883874165087
MSFT,2019-04-12,2018-10-15,2019-04-12,124,0.5828828044062423,2.447713094179968e-06,0.14815884230699788,0.8413451638748195,0.007495662319710516,2.032258064516129,-0.054951386256261614,0.0,-0.05346883874165087
MSFT,2019-04-15,2018-10-16,2019-04-15,124,0.5828828044062423,1.624425407214477e-06,0.14942514351268896,0.8418884932586764,0.006804516822449024,2.032258064516129,-0.054951386256261614,0.0,-0.05346883874165087
MSFT,2019-04-16,2018-10-17,2019-04-16,124,0.5267607270931935,9.398621197870073e-07,0.12747118672099184,0.8635264574810357,0.006532685299162716,2.032258064516129,-0.054951386256261614,0.0,-0.05346883874165087
MSFT,2019-04-17,2018-10-18,2019-04-17,124,0.5267607270931935,1.2189354604692414e-06,0.14634869594899813,0.8441173627899559,0.006064491000795709,2.032258064516129,-0.054951386256261614,0.0,-0.05346883874165087
MSFT,2019-04-18,2018-10-19,2019-04-18,124,0.5267607270931935,2.580486390063162e-06,0.13084480442663332,0.8512808810890836,0.00683152761951428,2.032258064516129,-0.054951386256261614,0.0,-0.05346883874165087
MSFT,2019-04-22,2018-10-23,2019-04-22,123,0.5267607270931935,3.811328836998846e-06,0.17747121151343692,0.8040551531066158,0.007748611239114157,2.048780487804878,-0.054951386256261614,0.0,-0.05346883874165087
MSFT,2019-04-23,2018-10-24,2019-04-23,123,0.5267607270931935,5.354717266387082e-06,0.18639780268939682,0.789127365197076,0.007558564310818915,2.048780487804878,-0.054951386256261614,0.0,-0.05346883874165087
MSFT,2019-04-24,2018-10-25,2019-04-24,123,0.5267607270931935,3.5182999508884066e-06,0.1476022098927654,0.8302337750150889,0.008185486481357569,2.048780487804878,0.05680001708608362,0.0,0.058444118489790364
MSFT,2019-04-25,2018-10-26,2019-04-25,123,0.5267607270931935,1.1798564888368244e-05,0.20203681160214704,0.7685539889840358,0.009784175770362625,2.048780487804878,0.03258071948690677,0.0,0.033117282475311205
MSFT,2019-04-26,2018-10-29,2019-04-26,123,0.5267607270931935,1.1223142088696848e-05,0.18791874571702688,0.7791307697084041,0.016099439773335045,2.048780487804878,0.03258071948690677,0.0,0.033117282475311205
MSFT,2019-04-29,2018-10-30,2019-04-29,123,0.9643308604189917,1.0599002303734045e-05,0.16275341048428724,0.8033105036586269,0.013666003203468637,2.048780487804878,0.03258071948690677,0.0,0.033117282475311205
MSFT,2019-04-30,2018-10-31,2019-04-30,123,0.8173456514056111,1.0232037360740938e-05,0.16580072714511324,0.8052968553382318,0.013011768421369458,2.048780487804878,0.03258071948690677,0.0,0.033117282475311205
MSFT,2019-05-01,2018-11-02,2019-05-01,122,0.7612235740925624,1.1921547325347587e-05,0.17651792184729095,0.7892202193515413,0.012354609993166737,2.0655737704918034,0.03258071948690677,0.0,0.033117282475311205
MSFT,2019-05-02,2018-11-05,2019-05-02,122,0.7051014967795136,1.2075410672919789e-05,0.18930128816745778,0.7776006554838729,0.015466229322679919,2.0655737704918034,0.03258071948690677,0.0,0.033117282475311205
MSFT,2019-05-03,2018-11-05,2019-05-03,123,0.7051014967795136,1.1836301521230194e-05,0.20027546908855662,0.7664414298471824,0.015736679258115276,2.048780487804878,0.03258071948690677,0.0,0.033117282475311205
MSFT,2019-05-06,2018-11-07,2019-05-06,122,0.7051014967795136,1.2319350149886132e-05,0.2184703612035701,0.7464155489535435,0.016549603252768778,2.0655737704918034,0.03258071948690677,0.0,0.033117282475311205
MSFT,2019-05-07,2018-11-08,2019-05-07,122,0.6489794194664649,1.3249965595910604e-05,0.22810600339018255,0.7456393239773472,0.015598674479723957,2.0655737704918034,0.03258071948690677,0.0,0.033117282475311205
MSFT,2019-05-08,2018-11-09,2019-05-08,122,0.6489794194664649,1.273042701368256e-05,0.22987099927140114,0.7383729733402631,0.01766871411121171,2.0655737704918034,0.03258071948690677,0.0,0.033117282475311205
MSFT,2019-05-09,2018-11-12,2019-05-09,122,0.6489794194664649,1.2858369932222873e-05,0.22286843512026328,0.7404973436731641,0.015536001585493724,2.0655737704918034,0.03258071948690677,0.0,0.033117282475311205
MSFT,2019-05-10,2018-11-12,2019-05-10,123,0.6489794194664649,1.2858369932222873e-05,0.22286843512026328,0.7397918889301307,0.01387438907518288,2.048780487804878,0.03258071948690677,0.0,0.033117282475311205
MSFT,2019-05-13,2018-11-14,2019-05-13,122,0.5749414830854717,1.3495879446403422e-05,0.21933488679335145,0.7514407469967955,0.013767901077253331,2.0655737704918034,0.03258071948690677,0.0,0.033117282475311205
MSFT,2019-05-14,2018-11-15,2019-05-14,122,0.5749414830854717,1.3097015930071298e-05,0.21089602989814488,0.7533190270888084,0.01934853149372045,2.0655737704918034,0.03258071948690677,0.0,0.033117282475311205
MSFT,2019-05-15,2018-11-16,2019-05-15,122,0.5749414830854717,1.2966698444177298e-05,0.19789352057654794,0.7613290555107757,0.01741533259623799,2.0655737704918034,0.03258071948690677,0.0,0.033117282475311205
MSFT,2019-05-16,2018-11-19,2019-05-16,122,0.5749414830854717,1.3228643128472523e-05,0.21089602989814488,0.7493656809765266,0.016521652880796038,2.0655737704918034,0.03258071948690677,0.0,0.033117282475311205
MSFT,2019-05-17,2018-11-19,2019-05-17,123,0.5749414830854717,1.3228643128472523e-05,0.2059480528639669,0.7517226616799467,0.01741742363938606,2.048780487804878,0.03258071948690677,0.0,0.033117282475311205
MSFT,2019-05-20,2018-11-21,2019-05-20,122,0.5749414830854717,1.3768514296060316e-05,0.2059480528639669,0.7525160470212577,0.016153219506992725,2.0655737704918034,0.03258071948690677,0.0,0.033117282475311205
MSFT,2019-05-21,2018-11-23,2019-05-21,122,0.5749414830854717,1.3768514296060292e-05,0.20269744486001368,0.7514616081548473,0.016246921154209955,2.0655737704918034,0.03258071948690677,0.0,0.033117282475311205
MSFT,2019-05-22,2018-11-23,2019-05-22,123,0.5749414830854717,1.3768514296060292e-05,0.20269744486001368,0.7497015529304389,0.014566284452981389,2.048780487804878,0.03258071948690677,0.0,0.033117282475311205
MSFT,2019-05-23,2018-11-26,2019-05-23,123,0.5749414830854717,1.4046656735018248e-05,0.21256458004401255,0.7395306436966677,0.013130647135236739,2.048780487804878,0.03258071948690677,0.0,0.033117282475311205
MSFT,2019-05-24,2018-11-26,2019-05-24,124,0.5749414830854717,1.4187827982179133e-05,0.21089602989814488,0.7378420212550161,0.013467625696123251,2.032258064516129,0.03258071948690677,0.0,0.033117282475311205
MSFT,2019-05-28,2018-11-29,2019-05-28,122,0.5749414830854717,1.5837561243949323e-05,0.21593051631761334,0.7255063217800595,0.01212952732437817,2.0655737704918034,0.03258071948690677,0.0,0.033117282475311205
MSFT,2019-05-29,2018-11-30,2019-05-29,122,0.5009035467044785,1.629362406167093e-05,0.21080880765410243,0.7280655069653629,0.011176379856411843,2.0655737704918034,0.03258071948690677,0.0,0.033117282475311205
MSFT,2019-05-30,2018-12-03,2019-05-30,122,0.5009035467044785,1.5654741923971623e-05,0.22792146838792818,0.7106011854215232,0.011361901984745163,2.0655737704918034,0.03258071948690677,0.0,0.033117282475311205
MSFT,2019-05-31,2018-12-03,2019-05-31,123,0.5009035467044785,1.6457377705897366e-05,0.21753866090768595,0.7178237013255522,0.010758287232545054,2.048780487804878,0.03258071948690677,0.0,0.033117282475311205
MSFT,2019-06-03,2018-12-04,2019-06-03,123,0.5009035467044785,1.8930490372990783e-05,0.26694967727604213,0.6788347070693876,0.013703053044313537,0.0,0.0,0.0,0.0
MSFT,2019-06-04,2018-12-06,2019-06-04,123,0.5009035467044785,1.9507009634811776e-05,0.22968546183533106,0.7024706268748373,0.020144433424291015,0.0,0.0,0.0,0.0
MSFT,2019-06-05,2018-12-06,2019-06-05,124,0.5009035467044785,1.9312911645888822e-05,0.22616703970482097,0.7056782590907498,0.021165163030935383,0.0,0.0,0.0,0.0
MSFT,2019-06-06,2018-12-07,2019-06-06,124,0.5009035467044785,2.0303105800186803e-05,0.2515945223811678,0.6775194657455342,0.020860653722654922,0.0,0.0,0.0,0.0
MSFT,2019-06-07,2018-12-10,2019-06-07,124,0.5009035467044785,2.177524707557029e-05,0.25728338776641807,0.6736319209572127,0.0192182242051567,0.0,0.0,0.0,0.0
MSFT,2019-06-10,2018-12-11,2019-06-10,124,0.5009035467044785,2.3825915371416093e-05,0.24046961942445846,0.6742259551481152,0.02054773734462595,0.0,0.0,0.0,0.0
MSFT,2019-06-11,2018-12-12,2019-06-11,124,0.5009035467044785,2.335413063738105e-05,0.24598972757432197,0.6662710524887401,0.017768639023891485,0.0,0.0,0.0,0.0
MSFT,2019-06-12,2018-12-13,2019-06-12,124,0.5009035467044785,2.4065369801831983e-05,0.2689103872745965,0.6398158167459735,0.015219690286738754,0.0,0.0,0.0,0.0
MSFT,2019-06-13,2018-12-14,2019-06-13,124,0.5009035467044785,2.659634683772061e-05,0.3035972698951953,0.5965363084153993,0.012998904198687109,0.0,0.0,0.0,0.0
MSFT,2019-06-14,2018-12-17,2019-06-14,124,0.5009035467044785,2.8240973076887812e-05,0.3142663420947114,0.577762371507209,0.01131833856948261,0.0,0.0,0.0,0.0
MSFT,2019-06-17,2018-12-18,2019-06-17,124,0.5009035467044785,3.18416082297289e-05,0.3497068466056704,0.5380504147214976,0.009875493496390074,0.0,0.0,0.0,0.0
MSFT,2019-06-18,2018-12-19,2019-06-18,124,0.5009035467044785,3.314108891311489e-05,0.32513504845656466,0.5484247420109317,0.009466380583891655,0.0,0.0,0.0,0.0
MSFT,2019-06-19,2018-12-20,2019-06-19,124,0.5009035467044785,3.18416082297289e-05,0.31859031583009556,0.5516545361172852,0.012416630751956875,0.0,0.0,0.0,0.0
MSFT,2019-06-20,2018-12-21,2019-06-20,124,0.5009035467044785,3.121110214273374e-05,0.29729480860977986,0.5622733306694453,0.010800943761238834,0.0,0.0,0.0,0.0
MSFT,2019-06-21,2018-12-24,2019-06-21,124,0.9384736800302766,2.977162740230007e-05,0.26221761708729235,0.5904716958354362,0.010073632421973677,2.032258064516129,-0.04263485300296477,0.0,-0.041738767597408466
MSFT,2019-06-24,2018-12-26,2019-06-24,124,0.8823516027172279,2.493767185701101e-05,0.18261053152739418,0.6728687025208001,0.009954400968759481,2.032258064516129,0.06607771472832269,0.0,0.0683097373410082
MSFT,2019-06-25,2018-12-26,2019-06-25,125,0.752191589023186,3.303583196968907e-05,0.10123368085721288,0.7264152903612271,0.011656260520766256,4.032,0.016998541867867534,0.06940843188930922,0.01959685306727854
MSFT,2019-06-26,2018-12-27,2019-06-26,125,0.6052063800098053,0.00012179711040408508,0.2532001080436605,0.09233821263623213,0.020869960764211225,2.016,-0.03748152683283479,0.0,-0.03678778886333722
MSFT,2019-06-27,2018-12-28,2019-06-27,125,0.6052063800098053,0.00013062839736150412,0.3270046112825723,2.8896431113858396e-06,0.01145495298947581,2.016,-0.03748152683283479,0.0,-0.03678778886333722
MSFT,2019-06-28,2018-12-31,2019-06-28,125,0.6052063800098053,0.00012932862309067742,0.33586323648512406,3.003631855102338e-09,0.011380810466210919,2.016,-0.03748152683283479,0.0,-0.03678778886333722
MSFT,2019-07-01,2019-01-02,2019-07-01,125,0.6052063800098053,0.00013062839736150412,0.335863236485124,3.043701999092572e-09,0.01164160524726786,2.016,-0.03748152683283479,0.0,-0.03678778886333722
MSFT,2019-07-02,2019-01-03,2019-07-02,125,0.6052063800098053,0.00011243290355666872,0.3677549763653649,2.897543701707258e-09,0.012323867833155058,2.016,-0.03208063099258762,0.0,-0.03157150641962425
MSFT,2019-07-03,2019-01-04,2019-07-03,125,0.6052063800098053,0.00011585699523552771,0.301174928040251,3.3642519988716202e-09,0.011008823003739909,4.032,0.006689634900595376,0.054829435842950434,0.008226420984982719
MSFT,2019-07-05,2019-01-07,2019-07-05,125,0.6052063800098053,0.00011243290355666872,0.3448386954319989,2.8535049835531402e-09,0.010863138819886415,2.016,-0.03208063099258762,0.0,-0.03157150641962425
MSFT,2019-07-08,2019-01-09,2019-07-08,124,0.6052063800098053,0.00011131417747421613,0.3493686894914668,3.022663014780543e-09,0.011008520544712234,2.032258064516129,-0.03208063099258762,0.0,-0.03157150641962425
MSFT,2019-07-09,2019-01-10,2019-07-09,124,0.5490843026967566,0.0001138839989930562,0.34384175179709653,3.130812643205786e-09,0.010807066448153262,2.032258064516129,-0.03208063099258762,0.0,-0.03157150641962425
MSFT,2019-07-10,2019-01-11,2019-07-10,124,0.5490843026967566,0.00010941854352096211,0.36441098023761503,2.94829332228094e-09,0.011037760024721201,2.032258064516129,-0.03208063099258762,0.0,-0.03157150641962425
MSFT,2019-07-11,2019-01-14,2019-07-11,124,0.5490843026967566,0.00010832981082200467,0.36672892223529746,3.0326221523418634e-09,0.011469152945770503,2.032258064516129,-0.03208063099258762,0.0,-0.03157150641962425
MSFT,2019-07-12,2019-01-14,2019-07-12,125,0.5490843026967566,0.00010725191119440458,0.37371939566337015,3.010125382410653e-09,0.010414733907766947,2.016,-0.03208063099258762,0.0,-0.03157150641962425
MSFT,2019-07-15,2019-01-16,2019-07-15,124,0.5490843026967566,0.00010000101917076439,0.4021849331512722,2.9053864359809894e-09,0.010040933118279605,2.032258064516129,-0.03208063099258762,0.0,-0.03157150641962425
MSFT,2019-07-16,2019-01-17,2019-07-16,124,0.5490843026967566,0.00010408213818315123,0.38076287409348325,3.1528221102481637e-09,0.010290279889928035,2.032258064516129,-0.03208063099258762,0.0,-0.03157150641962425
MSFT,2019-07-17,2019-01-18,2019-07-17,124,0.4929622253837079,0.00010648499938645035,0.3610799979100051,3.2031428733799004e-09,0.013759034773744747,2.032258064516129,-0.03208063099258762,0.0,-0.03157150641962425
MSFT,2019-07-18,2019-01-22,2019-07-18,124,0.4929622253837079,0.00010129166468433198,0.35877750016773347,3.0546886824870366e-09,0.011116922415780975,2.032258064516129,-0.03208063099258762,0.0,-0.03157150641962425
MSFT,2019-07-19,2019-01-22,2019-07-19,125,0.4929622253837079,0.00010028379578089938,0.3633888850675749,3.021829122946945e-09,0.010027456630424347,2.016,-0.03208063099258762,0.0,-0.03157150641962425
MSFT,2019-07-22,2019-01-23,2019-07-22,125,0.4929622253837079,0.00010028379578089938,0.3797223589747316,2.9656290055930056e-09,0.010018761679550703,2.016,-0.03208063099258762,0.0,-0.03157150641962425
MSFT,2019-07-23,2019-01-24,2019-07-23,125,0.4929622253837079,0.00010028379578089938,0.3726865253583256,3.078259335543384e-09,0.012127679658520638,2.016,-0.03208063099258762,0.0,-0.03157150641962425
MSFT,2019-07-24,2019-01-25,2019-07-24,125,0.4929622253837079,0.00010028379578089938,0.37502599804803677,3.032377482195654e-09,0.010344865632198262,2.016,-0.03208063099258762,0.0,-0.03157150641962425
MSFT,2019-07-25,2019-01-28,2019-07-25,125,0.4929622253837079,9.635161190439635e-05,0.37502599804803677,3.0437304337471342e-09,0.011041837862948602,2.016,-0.03208063099258762,0.0,-0.03157150641962425
MSFT,2019-07-26,2019-01-28,2019-07-26,126,0.4929622253837079,9.539289734741198e-05,0.3773713078625445,3.0323083549746317e-09,0.010381683970919394,2.0,-0.03208063099258762,0.0,-0.03157150641962425
MSFT,2019-07-29,2019-01-30,2019-07-29,125,0.4929622253837079,9.731996170286442e-05,0.2972271004325809,3.4355193676912533e-09,0.010430505060194849,2.016,-0.03208063099258762,0.0,-0.03157150641962425
MSFT,2019-07-30,2019-01-31,2019-07-30,125,0.4929622253837079,9.731996170286442e-05,0.29514338960991565,3.052701521131387e-09,0.010119691858445065,2.016,-0.03208063099258762,0.0,-0.03157150641962425
MSFT,2019-07-31,2019-02-01,2019-07-31,125,0.4929622253837079,0.00010542545593933527,0.2747822079160034,3.1315985237778334e-09,0.010867035525168534,2.016,-0.03208063099258762,0.0,-0.03157150641962425
MSFT,2019-08-01,2019-02-04,2019-08-01,125,0.4929622253837079,0.00010863613906680468,0.19617756771397038,3.3735597504598897e-09,0.017400181610216846,2.016,-0.03208063099258762,0.0,-0.03157150641962425
MSFT,2019-08-02,2019-02-04,2019-08-02,126,0.4929622253837079,0.00010863613906680468,0.19460581899575907,3.049574482259384e-09,0.011514655951579736,2.0,-0.03208063099258762,0.0,-0.03157150641962425
MSFT,2019-08-05,2019-02-06,2019-08-05,125,0.4929622253837079,0.00011420603302281805,0.24592960885123985,2.849667163613628e-09,0.011864849645269262,4.032,-0.03346991017012302,0.0019647374547930962,-0.032914123245654014
MSFT,2019-08-06,2019-02-07,2019-08-06,125,0.4929622253837079,0.00011535382273671737,0.23140135077162433,3.1022882437588816e-09,0.02071204793263254,4.032,-0.03346991017012302,0.0019647374547930962,-0.032914123245654014
MSFT,2019-08-07,2019-02-08,2019-08-07,125,0.4929622253837079,0.00011651314792901886,0.21578692003632796,3.1054733444143747e-09,0.013273203085829015,4.032,-0.03346991017012302,0.0019647374547930962,-0.032914123245654014
MSFT,2019-08-08,2019-02-11,2019-08-08,125,0.4929622253837079,0.0001262171863656055,0.1721704842884512,3.2129137728009294e-09,0.011279224847904255,2.016,-0.034859189347658415,0.0,-0.034258606640578226
MSFT,2019-08-09,2019-02-11,2019-08-09,126,0.4929622253837079,0.0001262171863656055,0.16242315924913442,3.0794495018427136e-09,0.014924969954420855,2.0,-0.034859189347658415,0.0,-0.034258606640578226
MSFT,2019-08-12,2019-02-13,2019-08-12,125,0.4929622253837079,0.0001274856901774734,0.16933916994840437,3.018476433244865e-09,0.012087775629366462,2.016,-0.034859189347658415,0.0,-0.034258606640578226
MSFT,2019-08-13,2019-02-14,2019-08-13,125,0.4929622253837079,0.00012876694266459747,0.17648754003092976,3.0174187746549037e-09,0.013188181042641347,2.016,-0.034859189347658415,0.0,-0.034258606640578226
MSFT,2019-08-14,2019-02-15,2019-08-14,125,0.4929622253837079,0.0001262171863656055,0.2610597883113522,2.731043798109378e-09,0.014690837822551085,0.0,0.0,0.0,0.0
MSFT,2019-08-15,2019-02-19,2019-08-15,125,0.4368401480706592,0.00013440100035130707,0.21002112495658376,3.318805162526725e-09,0.01880579047657127,0.0,0.0,0.0,0.0
MSFT,2019-08-16,2019-02-19,2019-08-16,126,0.4368401480706592,0.00013306368805353347,0.2050883329934561,3.0626347960428503e-09,0.011674959743899673,0.0,0.0,0.0,0.0
MSFT,2019-08-19,2019-02-20,2019-08-19,126,0.4368401480706592,0.00013306368805353347,0.20184784077661178,0.006446249257644814,0.013726984537745164,0.0,0.0,0.0,0.0
MSFT,2019-08-20,2019-02-21,2019-08-20,126,0.4368401480706592,0.00013042885049537753,0.20672298685383014,0.0033912396487905117,0.013297042894452249,0.0,0.0,0.0,0.0
MSFT,2019-08-21,2019-02-22,2019-08-21,126,0.4368401480706592,0.00013042885049537753,0.20836725015939286,0.0018795387998370085,0.012325584180710256,0.0,0.0,0.0,0.0
MSFT,2019-08-22,2019-02-25,2019-08-22,126,0.4368401480706592,0.00013042885049537753,0.21504042455393607,0.0009643582413476602,0.012222180439013686,0.0,0.0,0.0,0.0
MSFT,2019-08-23,2019-02-25,2019-08-23,127,0.3807180707576105,0.0001431154458086895,0.20274838645605273,0.00011884688950228074,0.012605062513773713,0.0,0.0,0.0,0.0
MSFT,2019-08-26,2019-02-27,2019-08-26,126,0.3807180707576105,0.0001460065695925515,0.16394734156058965,1.8052071358062305e-08,0.018284543805623218,0.0,0.0,0.0,0.0
MSFT,2019-08-27,2019-02-28,2019-08-27,126,0.3807180707576105,0.00014747396001234283,0.1506991992546025,3.0918379647698075e-09,0.013275329191079967,0.0,0.0,0.0,0.0
MSFT,2019-08-28,2019-03-01,2019-08-28,126,0.3807180707576105,0.00014747396001234283,0.1506991992546025,3.043603072431528e-09,0.012146332439424326,0.0,0.0,0.0,0.0
MSFT,2019-08-29,2019-03-01,2019-08-29,127,0.3807180707576105,0.00014895609795103075,0.14565171666159568,3.0616915419150214e-09,0.012252725380009708,0.0,0.0,0.0,0.0
MSFT,2019-08-30,2019-03-01,2019-08-30,128,0.3807180707576105,0.0001504531316236443,0.13021038598500032,3.098610513932958e-09,0.013746455261113783,0.0,0.0,0.0,0.0
MSFT,2019-09-03,2019-03-04,2019-09-03,128,0.3807180707576105,0.0001534924864936637,0.12035349057433356,3.0780863073385133e-09,0.012445062744289609,0.0,0.0,0.0,0.0
MSFT,2019-09-04,2019-03-05,2019-09-04,128,0.3807180707576105,0.00015503511162908942,0.11213895919907116,3.072013273029639e-09,0.013401463935324959,0.0,0.0,0.0,0.0
MSFT,2019-09-05,2019-03-06,2019-09-05,128,0.3807180707576105,0.00015659324040487438,0.11016332156931365,3.0503601562478394e-09,0.012955739342416792,0.0,0.0,0.0,0.0
MSFT,2019-09-06,2019-03-07,2019-09-06,128,0.3807180707576105,0.00015659324040487438,0.10535721532293386,3.0600256770002374e-09,0.013538634607423895,0.0,0.0,0.0,0.0
MSFT,2019-09-09,2019-03-11,2019-09-09,127,0.3807180707576105,0.00015503511162908942,0.11721385242370301,3.0032486285145613e-09,0.012772775098265143,0.0,0.0,0.0,0.0
MSFT,2019-09-10,2019-03-11,2019-09-10,128,0.3807180707576105,0.00015503511162908942,0.11618319489363628,3.0471430250241343e-09,0.013208791673720239,0.0,0.0,0.0,0.0
MSFT,2019-09-11,2019-03-12,2019-09-11,128,0.3807180707576105,0.0001534924864936637,0.12574742523761714,3.01065295450639e-09,0.013103892280543773,0.0,0.0,0.0,0.0
MSFT,2019-09-12,2019-03-13,2019-09-12,128,0.3807180707576105,0.0001534924864936637,0.12685073564260949,3.0397519144285186e-09,0.012396791216102205,0.0,0.0,0.0,0.0
MSFT,2019-09-13,2019-03-14,2019-09-13,128,0.3807180707576105,0.0001534924864936637,0.12574742523761712,3.047439266885803e-09,0.012769425805762884,0.0,0.0,0.0,0.0
MSFT,2019-09-16,2019-03-18,2019-09-16,127,0.32459599344456186,0.00015861428343883028,0.11883561162559196,3.1288630631133406e-09,0.012629668483157462,0.0,0.0,0.0,0.0
MSFT,2019-09-17,2019-03-18,2019-09-17,128,0.32459599344456186,0.00015239492842674123,0.12636226847719217,3.017592726089588e-09,0.012711238071416038,0.0,0.0,0.0,0.0
MSFT,2019-09-18,2019-03-19,2019-09-18,128,0.32459599344456186,0.00015239492842674123,0.13084378126151722,3.027980404196674e-09,0.01256382715739136,0.0,0.0,0.0,0.0
MSFT,2019-09-19,2019-03-20,2019-09-19,128,0.32459599344456186,0.00015547351019424286,0.12201267874660904,5.171426950736529e-09,0.012699926410573194,0.0,0.0,0.0,0.0
MSFT,2019-09-20,2019-03-21,2019-09-20,128,0.32459599344456186,0.00015087857355311154,0.1366347530448084,2.9929031947895555e-09,0.013789473099022972,0.0,0.0,0.0,0.0
MSFT,2019-09-23,2019-03-25,2019-09-23,127,0.32459599344456186,0.00014937730666256973,0.11071162670441649,0.007989186511703291,0.013011048183058668,0.0,0.0,0.0,0.0
MSFT,2019-09-24,2019-03-25,2019-09-24,128,0.32459599344456186,0.00014937730666256973,0.10779265675861603,0.013009765715114328,0.012363743857396128,0.0,0.0,0.0,0.0
MSFT,2019-09-25,2019-03-26,2019-09-25,128,0.32459599344456186,0.00015087857355311154,0.10215722023809397,0.016096373463099844,0.013169827136955352,0.0,0.0,0.0,0.0
MSFT,2019-09-26,2019-03-27,2019-09-26,128,0.32459599344456186,0.00014937730666256973,0.09766201907934324,0.022344993786592642,0.01302997712344124,0.0,0.0,0.0,0.0
MSFT,2019-09-27,2019-03-28,2019-09-27,128,0.32459599344456186,0.00015087857355311154,0.09591384900382008,0.025163245429520614,0.01245770263011626,0.0,0.0,0.0,0.0
MSFT,2019-09-30,2019-04-01,2019-09-30,127,0.32459599344456186,0.00015087857355311154,0.08600165152625346,0.038901047073979504,0.013217543909662158,0.0,0.0,0.0,0.0
MSFT,2019-10-01,2019-04-02,2019-10-01,127,0.23373286174422994,0.00014817817860487533,0.07821620480049174,0.05185239532503991,0.012754774795586147,0.0,0.0,0.0,0.0
MSFT,2019-10-02,2019-04-03,2019-10-02,127,0.23373286174422994,0.00015269087597636797,0.08265266509741358,0.05563994458782338,0.013452763332694021,0.0,0.0,0.0,0.0
MSFT,2019-10-03,2019-04-04,2019-10-03,127,0.23373286174422994,0.00015269087597636797,0.07608061349915235,0.06447458109799334,0.013823272419439297,0.0,0.0,0.0,0.0
MSFT,2019-10-04,2019-04-05,2019-10-04,127,0.23373286174422994,0.00015269087597636797,0.0719692087294667,0.07372028485338009,0.013254215739816068,0.0,0.0,0.0,0.0
MSFT,2019-10-07,2019-04-08,2019-10-07,127,0.23373286174422994,0.00015269087597636797,0.06618528643645154,0.08130197114513073,0.013317052963913731,0.0,0.0,0.0,0.0
MSFT,2019-10-08,2019-04-09,2019-10-08,127,0.23373286174422994,0.00015269087597636797,0.06257237145966871,0.08777752992751495,0.013134519950066125,0.0,0.0,0.0,0.0
MSFT,2019-10-09,2019-04-10,2019-10-09,127,0.23373286174422994,0.00015422544479215842,0.05859019341242896,0.09390437664611465,0.013360164892085205,0.0,0.0,0.0,0.0
MSFT,2019-10-10,2019-04-11,2019-10-10,127,0.23373286174422994,0.00015422544479215842,0.05036400570082789,0.10268091123323791,0.013734476082833257,0.0,0.0,0.0,0.0
MSFT,2019-10-11,2019-04-12,2019-10-11,127,0.23373286174422994,0.00015422544479215842,0.04894845617828424,0.10283386166354096,0.013226480401723782,0.0,0.0,0.0,0.0
MSFT,2019-10-14,2019-04-15,2019-10-14,127,0.23373286174422994,0.00015422544479215842,0.04941606226157936,0.10187008270631795,0.013135669655164845,0.0,0.0,0.0,0.0
MSFT,2019-10-15,2019-04-16,2019-10-15,127,0.23373286174422994,0.0001557754362809497,0.04407464884552554,0.10521882663325384,0.013203211202130595,0.0,0.0,0.0,0.0
MSFT,2019-10-16,2019-04-17,2019-10-16,127,0.23373286174422994,0.0001557754362809497,0.041217870796912734,0.10838380866959664,0.01349758368613081,0.0,0.0,0.0,0.0
MSFT,2019-10-17,2019-04-18,2019-10-17,127,0.23373286174422994,0.00015422544479215842,0.042015507526755896,0.11219547049881501,0.013345106024860807,0.0,0.0,0.0,0.0
MSFT,2019-10-18,2019-04-22,2019-10-18,127,0.23373286174422994,0.0001557754362809497,0.0392867054639953,0.11757768884410175,0.013359047380043749,0.0,0.0,0.0,0.0
MSFT,2019-10-21,2019-04-22,2019-10-21,128,0.23373286174422994,0.00015422544479215842,0.036376184457507205,0.12320725907546165,0.013678964025226744,0.0,0.0,0.0,0.0
MSFT,2019-10-22,2019-04-23,2019-10-22,128,0.14286973004389805,0.000149958044796842,0.033241032734333695,0.14723058321149843,0.01337353084248357,0.0,0.0,0.0,0.0
MSFT,2019-10-23,2019-04-24,2019-10-23,128,0.14286973004389805,0.000149958044796842,0.038046048996572907,0.14526109473077595,0.01360699669854726,0.0,0.0,0.0,0.0
MSFT,2019-10-24,2019-04-25,2019-10-24,128,0.14286973004389805,0.00014264450465135219,0.054157117410421146,0.15025700978523235,0.013105975505894794,0.0,0.0,0.0,0.0
MSFT,2019-10-25,2019-04-26,2019-10-25,128,0.14286973004389805,9.657844248358423e-05,0.08946147675550205,0.3815480889305164,0.01390385392574415,0.0,0.0,0.0,0.0
MSFT,2019-10-28,2019-04-29,2019-10-28,128,0.14286973004389805,6.604626977635891e-05,0.0886503118376163,0.5528727976384507,0.013196686001378738,0.0,0.0,0.0,0.0
MSFT,2019-10-29,2019-04-30,2019-10-29,128,0.14286973004389805,4.9420017448114986e-05,0.0831558806514344,0.6467634740669987,0.014416447300512185,0.0,0.0,0.0,0.0
MSFT,2019-10-30,2019-05-01,2019-10-30,128,0.14286973004389805,4.427213859697153e-05,0.08392140526260329,0.6702931159416752,0.013796790832602164,0.0,0.0,0.0,0.0
MSFT,2019-10-31,2019-05-01,2019-10-31,129,0.14286973004389805,4.339549151720431e-05,0.08315588065143446,0.6744356118217447,0.013519920831738934,0.0,0.0,0.0,0.0
MSFT,2019-11-01,2019-05-02,2019-11-01,129,0.14286973004389805,4.296369916207157e-05,0.08015691227750522,0.676640933960834,0.013119740839842634,0.0,0.0,0.0,0.0
MSFT,2019-11-04,2019-05-06,2019-11-04,128,0.14286973004389805,4.2536203212658236e-05,0.07942274664881792,0.6771802540713664,0.012587311400296777,0.0,0.0,0.0,0.0
MSFT,2019-11-05,2019-05-06,2019-11-05,129,0.14286973004389805,4.211296091901312e-05,0.08315588065143446,0.6726460387971611,0.012216072849205756,0.0,0.0,0.0,0.0
MSFT,2019-11-06,2019-05-07,2019-11-06,129,0.14286973004389805,4.1279068421835915e-05,0.09027932789734346,0.6674191620386722,0.01177719187196456,0.0,0.0,0.0,0.0
MSFT,2019-11-07,2019-05-08,2019-11-07,129,0.14286973004389805,4.086833482835919e-05,0.09706783499032394,0.6624380208228977,0.01149626667016141,0.0,0.0,0.0,0.0
MSFT,2019-11-08,2019-05-09,2019-11-08,129,0.14286973004389805,4.0461688102422356e-05,0.0997288814585874,0.6604850050127276,0.011254069948921856,0.0,0.0,0.0,0.0
MSFT,2019-11-11,2019-05-13,2019-11-11,128,0.14286973004389805,3.8488348287994584e-05,0.10810445531369324,0.6543395213792607,0.01139252865132304,0.0,0.0,0.0,0.0
MSFT,2019-11-12,2019-05-13,2019-11-12,129,0.14286973004389805,3.810538282380912e-05,0.11103081669290517,0.652191861538162,0.011038929792788638,0.0,0.0,0.0,0.0
MSFT,2019-11-13,2019-05-14,2019-11-13,129,0.14286973004389805,3.735084568974374e-05,0.1181294890098512,0.6504135306606247,0.010932301404183222,0.0,0.0,0.0,0.0
MSFT,2019-11-14,2019-05-15,2019-11-14,129,0.14286973004389805,3.624696137387138e-05,0.12235996244577557,0.6506742646496609,0.010604268699419068,0.0,0.0,0.0,0.0
MSFT,2019-11-15,2019-05-16,2019-11-15,129,0.14286973004389805,3.624696137387138e-05,0.11917508131178756,0.6530347648854556,0.010606207475753488,0.0,0.0,0.0,0.0
MSFT,2019-11-18,2019-05-20,2019-11-18,128,0.14286973004389805,3.4825697689377835e-05,0.1256178053505333,0.6565380782011511,0.01122043058677865,1.96875,-0.03208063099258762,0.0,-0.03157150641962425
MSFT,2019-11-19,2019-05-20,2019-11-19,129,0.14286973004389805,3.2148170811384024e-05,0.1256178053505333,0.6709241122978757,0.010722046249300905,1.9534883720930234,-0.03208063099258762,0.0,-0.03157150641962425
MSFT,2019-11-20,2019-05-21,2019-11-20,129,0.14286973004389805,3.151159437855759e-05,0.13350886540915347,0.6679460180584483,0.010346726251725967,1.9534883720930234,-0.03208063099258762,0.0,-0.03157150641962425
MSFT,2019-11-21,2019-05-22,2019-11-21,129,0.14286973004389805,2.8229161901930146e-05,0.1323564329772295,0.6880528848728837,0.010015011734413793,1.9534883720930234,-0.03208063099258762,0.0,-0.03157150641962425
MSFT,2019-11-22,2019-05-23,2019-11-22,129,0.14286973004389805,2.334436327836721e-05,0.12894962946860022,0.7201923006518204,0.009595435491343082,1.9534883720930234,-0.03208063099258762,0.0,-0.03157150641962425
MSFT,2019-11-25,2019-05-28,2019-11-25,128,0.14286973004389805,2.009267967825493e-05,0.11917508131178756,0.7485405249408255,0.009346542922656742,3.9375,-0.03079088077606107,0.001823982248285487,-0.03032005672682092
MSFT,2019-11-26,2019-05-28,2019-11-26,129,0.14286973004389805,1.8363326553622684e-05,0.11917508131178756,0.7583420196331538,0.00974331188323817,3.906976744186047,-0.03079088077606107,0.001823982248285487,-0.03032005672682092
MSFT,2019-11-27,2019-05-28,2019-11-27,130,0.14286973004389805,1.6450494764332392e-05,0.12022866522905805,0.7685665827264501,0.009435073798271049,3.8769230769230765,-0.03079088077606107,0.001823982248285487,-0.03032005672682092
MSFT,2019-11-29,2019-05-30,2019-11-29,129,0.14286973004389805,1.430137309975732e-05,0.11709184942651304,0.7815971283260015,0.008957004021811623,3.906976744186047,-0.03079088077606107,0.001823982248285487,-0.03032005672682092
MSFT,2019-12-02,2019-06-03,2019-12-02,128,0.14286973004389805,1.401818693884705e-05,0.10714416377885834,0.7894919993188595,0.009093532165098379,3.9375,-0.03079088077606107,0.001823982248285487,-0.03032005672682092
MSFT,2019-12-03,2019-06-04,2019-12-03,128,0.5804398633696962,1.3238609516371747e-05,0.09495655285657663,0.807552035652353,0.01005829436114694,3.9375,-0.03079088077606107,0.001823982248285487,-0.03032005672682092
MSFT,2019-12-04,2019-06-05,2019-12-04,128,0.4502798496756542,1.4074304051623718e-05,0.08095147280760284,0.8209684495734333,0.010101151963382888,3.9375,-0.03079088077606107,0.001823982248285487,-0.03032005672682092
MSFT,2019-12-05,2019-06-06,2019-12-05,128,0.3941577723626056,1.1907571685195302e-05,0.08287506987906543,0.8292371288374123,0.009502767190707398,3.9375,-0.03079088077606107,0.001823982248285487,-0.03032005672682092
MSFT,2019-12-06,2019-06-07,2019-12-06,128,0.3201198359816123,1.1653003181533148e-05,0.0828352293800411,0.8285313082867157,0.009199853877103963,3.9375,-0.03079088077606107,0.001823982248285487,-0.03032005672682092
MSFT,2019-12-09,2019-06-10,2019-12-09,128,0.3201198359816123,1.1537053862555424e-05,0.09326154017525293,0.8191116775596989,0.009435493149197949,3.9375,-0.03079088077606107,0.001823982248285487,-0.03032005672682092
MSFT,2019-12-10,2019-06-11,2019-12-10,128,0.2460818996006191,1.1751176783716753e-05,0.09237545433830029,0.819967573561666,0.009342919213922846,3.9375,-0.03079088077606107,0.001823982248285487,-0.03032005672682092
MSFT,2019-12-11,2019-06-12,2019-12-11,128,0.2460818996006191,1.0632904459862382e-05,0.09578390960428426,0.8207532993972073,0.00887337891197183,3.9375,-0.03079088077606107,0.001823982248285487,-0.03032005672682092
MSFT,2019-12-12,2019-06-13,2019-12-12,128,0.2460818996006191,1.011433159012598e-05,0.09578390960428426,0.8244638979502632,0.00864709946548145,3.9375,-0.03079088077606107,0.001823982248285487,-0.03032005672682092
MSFT,2019-12-13,2019-06-14,2019-12-13,128,0.2460818996006191,9.525318772491438e-06,0.09665341790240066,0.8272285609001174,0.008820548950640763,3.9375,-0.03079088077606107,0.001823982248285487,-0.03032005672682092
MSFT,2019-12-16,2019-06-17,2019-12-16,128,0.2460818996006191,8.705485875829381e-06,0.09841359875224925,0.8303459708931586,0.008730912892438448,3.9375,-0.03079088077606107,0.001823982248285487,-0.03032005672682092
MSFT,2019-12-17,2019-06-18,2019-12-17,128,0.2460818996006191,7.877049362633975e-06,0.10201977813108101,0.8326868208573471,0.008481056396718416,3.9375,-0.03079088077606107,0.001823982248285487,-0.03032005672682092
MSFT,2019-12-18,2019-06-19,2019-12-18,128,0.2460818996006191,7.49288113198204e-06,0.09752996711582351,0.8386514614158397,0.008431612863515984,3.9375,-0.03079088077606107,0.001823982248285487,-0.03032005672682092
MSFT,2019-12-19,2019-06-20,2019-12-19,128,0.2460818996006191,7.271433027941852e-06,0.10293944285723537,0.8342105658395368,0.00811998585058093,3.9375,-0.03079088077606107,0.001823982248285487,-0.03032005672682092
MSFT,2019-12-20,2019-06-21,2019-12-20,128,0.2460818996006191,7.271433027941852e-06,0.10669181613802134,0.8307201619605116,0.00823289792116204,3.9375,-0.03079088077606107,0.001823982248285487,-0.03032005672682092
MSFT,2019-12-23,2019-06-24,2019-12-23,128,0.2460818996006191,7.19908106043203e-06,0.11660299491807344,0.8203413752005687,0.008509821890850247,3.9375,-0.03079088077606107,0.001823982248285487,-0.03032005672682092
MSFT,2019-12-24,2019-06-25,2019-12-24,128,0.2460818996006191,7.344512144813978e-06,0.12730352207059517,0.8074487214317955,0.00807896040311655,1.96875,-0.029501130559534516,0.0,-0.029070220053346252
MSFT,2019-12-26,2019-06-27,2019-12-26,127,0.2460818996006191,7.0565297044632545e-06,0.14491701228314513,0.8010166209936124,0.007719253260731133,1.984251968503937,-0.029501130559534516,0.0,-0.029070220053346252
MSFT,2019-12-27,2019-06-28,2019-12-27,127,0.2460818996006191,6.579464686424284e-06,0.14245665875251967,0.8058053598885704,0.007806224438378456,1.984251968503937,-0.029501130559534516,0.0,-0.029070220053346252
MSFT,2019-12-30,2019-07-01,2019-12-30,127,0.2460818996006191,6.64558940584723e-06,0.14123959424313653,0.8074327749113449,0.007514628190428541,1.984251968503937,-0.029501130559534516,0.0,-0.029070220053346252
MSFT,2019-12-31,2019-07-01,2019-12-31,128,0.2460818996006191,6.385012118080576e-06,0.14003122771839163,0.8095260634523258,0.008024515602016169,1.96875,-0.029501130559534516,0.0,-0.029070220053346252
SPY,2018-01-02,2017-07-03,2018-01-02,127,0.21008637071162575,2.313568760542859e-06,0.04737844730438913,0.8029681802999747,0.0037902118886532976,3.968503937007874,-0.014810537645934208,0.0009019416067456555,-0.01470100031831667
SPY,2018-01-03,2017-07-05,2018-01-03,127,0.21008637071162575,2.4321879674372078e-06,0.05411253378075477,0.7896205436712365,0.004102012714240602,3.968503937007874,-0.014810537645934208,0.0009019416067456555,-0.01470100031831667
SPY,2018-01-04,2017-07-05,2018-01-04,128,0.21008637071162575,2.48132142357639e-06,0.053602995355164655,0.7860900195148537,0.004160760267823979,3.9375,-0.014810537645934208,0.0009019416067456555,-0.01470100031831667
SPY,2018-01-05,2017-07-06,2018-01-05,128,0.21008637071162575,2.582586071892699e-06,0.06350245231672014,0.7711692421525639,0.004131051673865585,3.9375,-0.014810537645934208,0.0009019416067456555,-0.01470100031831667
SPY,2018-01-08,2017-07-10,2018-01-08,127,0.21008637071162575,2.6085414934244653e-06,0.06470220163817865,0.7701804718706394,0.0042810182162866675,3.968503937007874,-0.014810537645934208,0.0009019416067456555,-0.01470100031831667
SPY,2018-01-09,2017-07-10,2018-01-09,128,0.21008637071162575,2.582586071892699e-06,0.0617416627973249,0.7726175341891444,0.004071879222175771,3.9375,-0.014810537645934208,0.0009019416067456555,-0.01470100031831667
SPY,2018-01-10,2017-07-11,2018-01-10,128,0.21008637071162575,2.5568889111202843e-06,0.06116493665708801,0.773091621221682,0.003913034924564864,3.9375,-0.014810537645934208,0.0009019416067456555,-0.01470100031831667
SPY,2018-01-11,2017-07-12,2018-01-11,128,0.21008637071162575,2.582586071892699e-06,0.0617416627973249,0.7739754672064806,0.0038511345399687394,3.9375,-0.014810537645934208,0.0009019416067456555,-0.01470100031831667
SPY,2018-01-12,2017-07-13,2018-01-12,128,0.21008637071162575,2.6085414934244653e-06,0.07036629416192419,0.7681984893354992,0.0041081617445667025,3.9375,-0.014810537645934208,0.0009019416067456555,-0.01470100031831667
SPY,2018-01-16,2017-07-17,2018-01-16,127,0.21008637071162575,2.634757771279366e-06,0.07036629416192419,0.7695273235927769,0.004267867430914199,3.968503937007874,-0.014810537645934208,0.0009019416067456555,-0.01470100031831667
SPY,2018-01-17,2017-07-18,2018-01-17,127,0.21008637071162575,2.7422842757346908e-06,0.07935911063479438,0.7607656657739106,0.004314805593629506,3.968503937007874,-0.014810537645934208,0.0009019416067456555,-0.01470100031831667
SPY,2018-01-18,2017-07-19,2018-01-18,127,0.21008637071162575,2.7422842757346908e-06,0.0710232097802028,0.767653157380084,0.004690030093492216,3.968503937007874,-0.014810537645934208,0.0009019416067456555,-0.01470100031831667
SPY,2018-01-19,2017-07-20,2018-01-19,127,0.21008637071162575,2.7422842757346908e-06,0.07235405887615609,0.7678794273647971,0.004493989648599691,3.968503937007874,-0.014810537645934208,0.0009019416067456555,-0.01470100031831667
SPY,2018-01-22,2017-07-24,2018-01-22,126,0.21008637071162575,2.8257992653202516e-06,0.0716857847214875,0.7684317782920932,0.004416225063408072,4.0,-0.014810537645934208,0.0009019416067456555,-0.01470100031831667
SPY,2018-01-23,2017-07-24,2018-01-23,127,0.21008637071162575,2.797682092838837e-06,0.06592302048172749,0.7732012008302692,0.004588510296776533,3.968503937007874,-0.014810537645934208,0.0009019416067456555,-0.01470100031831667
SPY,2018-01-24,2017-07-25,2018-01-24,127,0.21008637071162575,2.797682092838837e-06,0.060593249412336424,0.7762685274086115,0.004348017081910427,3.968503937007874,-0.014810537645934208,0.0009019416067456555,-0.01470100031831667
SPY,2018-01-25,2017-07-26,2018-01-25,127,0.21008637071162575,2.797682092838837e-06,0.05672939462797968,0.7794605553487663,0.004187672913894915,3.968503937007874,-0.014810537645934208,0.0009019416067456555,-0.01470100031831667
SPY,2018-01-26,2017-07-27,2018-01-26,127,0.21008637071162575,2.506259118472871e-06,0.05210140951533935,0.8099259377741778,0.004186227140297825,3.968503937007874,-0.014810537645934208,0.0009019416067456555,-0.01470100031831667
SPY,2018-01-29,2017-07-31,2018-01-29,126,0.21008637071162575,2.0725738700499886e-06,0.05566867353073681,0.8317522188486994,0.004850866326790252,4.0,-0.014810537645934208,0.0009019416067456555,-0.01470100031831667
SPY,2018-01-30,2017-07-31,2018-01-30,127,0.21008637071162575,1.8941898936169696e-06,0.07791024689423716,0.828430334615325,0.005318389291418582,3.968503937007874,-0.014810537645934208,0.0009019416067456555,-0.01470100031831667
SPY,2018-01-31,2017-08-01,2018-01-31,127,0.21008637071162575,1.6467295834251052e-06,0.06842910612060198,0.8466722829914742,0.005819600521554794,3.968503937007874,-0.014810537645934208,0.0009019416067456555,-0.01470100031831667
SPY,2018-02-01,2017-08-02,2018-02-01,127,0.21008637071162575,1.3892878119841834e-06,0.06350245231672046,0.8620927564739651,0.0054352238808262334,3.968503937007874,-0.014810537645934208,0.0009019416067456555,-0.01470100031831667
SPY,2018-02-02,2017-08-03,2018-02-02,127,0.21008637071162575,7.038368128375966e-07,0.12552220865883065,0.8616819294200567,0.006195980025129142,3.968503937007874,-0.017757162793767822,0.00506909885404158,-0.017587811604820924
SPY,2018-02-05,2017-08-07,2018-02-05,126,0.21008637071162575,9.888538343461421e-07,0.21733267335331116,0.7826659729455966,0.011901989704395433,6.0,-0.025759401724664954,0.014316262267698221,-0.02533058210025607
SPY,2018-02-06,2017-08-07,2018-02-06,127,0.21008637071162575,9.69273216520387e-07,0.21563695801169264,0.7843619808352866,0.022421382960267328,5.952755905511811,-0.025759401724664954,0.014316262267698221,-0.02533058210025607
SPY,2018-02-07,2017-08-08,2018-02-07,127,0.21008637071162575,9.596287868735306e-07,0.22075291832796826,0.7792460210495585,0.021471025511438088,3.968503937007874,-0.0315527182772124,0.014440762811116262,-0.030959091222561574
SPY,2018-02-08,2017-08-09,2018-02-08,127,0.21008637071162575,1.0712125705679717e-06,0.2402485939678387,0.7597503465373363,0.019460240172106666,3.968503937007874,-0.0315527182772124,0.014440762811116262,-0.030959091222561574
SPY,2018-02-09,2017-08-10,2018-02-09,127,0.21008637071162575,1.1038358501697672e-06,0.24762301767187014,0.7523759218949396,0.02574468882526677,3.968503937007874,-0.0315527182772124,0.014440762811116262,-0.030959091222561574
SPY,2018-02-12,2017-08-14,2018-02-12,126,0.21008637071162575,1.0819784358848426e-06,0.24207804063529953,0.7579208978878283,0.02337595424535751,4.0,-0.0315527182772124,0.014440762811116262,-0.030959091222561574
SPY,2018-02-13,2017-08-14,2018-02-13,127,0.21008637071162575,1.0819784358848426e-06,0.24207804063529947,0.7579208983387848,0.02135454751853026,3.968503937007874,-0.0315527182772124,0.014440762811116262,-0.030959091222561574
SPY,2018-02-14,2017-08-15,2018-02-14,127,0.21008637071162575,1.018968917019305e-06,0.2330256768356864,0.766973261409524,0.01871321961548863,3.968503937007874,-0.0315527182772124,0.014440762811116262,-0.030959091222561574
SPY,2018-02-15,2017-08-16,2018-02-15,127,0.21008637071162575,1.1488842457965136e-06,0.2532525106456762,0.7467464299396549,0.017284081256721633,3.968503937007874,-0.0315527182772124,0.014440762811116262,-0.030959091222561574
SPY,2018-02-16,2017-08-17,2018-02-16,127,0.21008637071162575,1.3215314458595769e-06,0.2786059371551606,0.7213930038885337,0.015614954529680546,3.968503937007874,-0.0315527182772124,0.014440762811116262,-0.030959091222561574
SPY,2018-02-20,2017-08-21,2018-02-20,126,0.21008637071162575,1.4032503866226298e-06,0.2846729364047121,0.7153260030745037,0.013179132758820204,4.0,-0.0315527182772124,0.014440762811116262,-0.030959091222561574
SPY,2018-02-21,2017-08-22,2018-02-21,126,0.21008637071162575,1.490022544469812e-06,0.2970420063096141,0.7029569337102561,0.011459983080791466,4.0,-0.0315527182772124,0.014440762811116262,-0.030959091222561574
SPY,2018-02-22,2017-08-23,2018-02-22,126,0.21008637071162575,1.6968799654357998e-06,0.31832761994476433,0.681671320864953,0.009829396377753211,4.0,-0.0315527182772124,0.014440762811116262,-0.030959091222561574
SPY,2018-02-23,2017-08-24,2018-02-23,126,0.21008637071162575,1.3754641672846938e-06,0.2806194422410333,0.7193794933382108,0.009112637817807882,4.0,-0.0315527182772124,0.014440762811116262,-0.030959091222561574
SPY,2018-02-26,2017-08-28,2018-02-26,125,0.21008637071162575,1.3083819882675745e-06,0.27660131668073534,0.7233976219437909,0.0112000037607104,4.032,-0.0315527182772124,0.014440762811116262,-0.030959091222561574
SPY,2018-02-27,2017-08-28,2018-02-27,126,0.21008637071162575,1.2953633699647183e-06,0.27460562170796754,0.7253933170900361,0.011199254220352457,4.0,-0.0315527182772124,0.014440762811116262,-0.030959091222561574
SPY,2018-02-28,2017-08-29,2018-02-28,126,0.21008637071162575,1.2953633699647183e-06,0.2766013166807354,0.7233976224540255,0.011904369840754986,4.0,-0.0315527182772124,0.014440762811116262,-0.030959091222561574
SPY,2018-03-01,2017-09-05,2018-03-01,123,0.21008637071162575,1.431597924825472e-06,0.2970420063096141,0.7029569343813645,0.011935648322945958,4.097560975609756,-0.0315527182772124,0.014440762811116262,-0.030959091222561574
SPY,2018-03-02,2017-09-05,2018-03-02,124,0.21008637071162575,1.4032503866226323e-06,0.29495904769990783,0.7050398910806905,0.01265038512902186,4.064516129032258,-0.0315527182772124,0.014440762811116262,-0.030959091222561574
SPY,2018-03-05,2017-09-06,2018-03-05,124,0.21008637071162575,1.4173532874691155e-06,0.29495904769990783,0.7050398912620703,0.010941598219678562,4.064516129032258,-0.0315527182772124,0.014440762811116262,-0.030959091222561574
SPY,2018-03-06,2017-09-07,2018-03-06,124,0.21008637071162575,1.4751965724348552e-06,0.30334142510599055,0.6966575145816822,0.010739543410107005,4.064516129032258,-0.0315527182772124,0.014440762811116262,-0.030959091222561574
SPY,2018-03-07,2017-09-08,2018-03-07,124,0.21008637071162575,1.566417633949779e-06,0.3161626271574216,0.6838363129258431,0.008996231204013808,4.064516129032258,-0.0315527182772124,0.014440762811116262,-0.030959091222561574
SPY,2018-03-08,2017-09-11,2018-03-08,124,0.21008637071162575,1.679995727672008e-06,0.3292692413509412,0.6707296987756315,0.0074320902186707834,4.064516129032258,-0.0315527182772124,0.014440762811116262,-0.030959091222561574
SPY,2018-03-09,2017-09-11,2018-03-09,125,0.21008637071162575,1.4605181212864687e-06,0.2970420063096141,0.7029569297103027,0.006981134983663989,4.032,-0.0315527182772124,0.014440762811116262,-0.030959091222561574
SPY,2018-03-12,2017-09-13,2018-03-12,124,0.21008637071162575,1.4751965724348552e-06,0.29495904769990783,0.7050398910806905,0.010723157311305536,4.064516129032258,-0.0315527182772124,0.014440762811116262,-0.030959091222561574
SPY,2018-03-13,2017-09-14,2018-03-13,124,0.21008637071162575,1.49002254446982e-06,0.29495904769990783,0.7050398912620703,0.009159712599010937,4.064516129032258,-0.0315527182772124,0.014440762811116262,-0.030959091222561574
SPY,2018-03-14,2017-09-15,2018-03-14,124,0.21008637071162575,1.5201229965381887e-06,0.297042006309614,0.7029569328326939,0.008695753574268114,4.064516129032258,-0.0315527182772124,0.014440762811116262,-0.030959091222561574
SPY,2018-03-15,2017-09-18,2018-03-15,124,0.21008637071162575,1.5508315180737497e-06,0.29913342466850185,0.7008655144745622,0.008143629130665847,4.064516129032258,-0.0315527182772124,0.014440762811116262,-0.030959091222561574
SPY,2018-03-16,2017-09-18,2018-03-16,125,0.21008637071162575,1.5664176339497845e-06,0.30123324921346456,0.6987656899303555,0.006967405079214343,4.032,-0.0315527182772124,0.014440762811116262,-0.030959091222561574
SPY,2018-03-19,2017-09-20,2018-03-19,124,0.21008637071162575,1.5201229965381914e-06,0.2826417897925212,0.7173571475438709,0.006375847905409195,4.064516129032258,-0.0315527182772124,0.014440762811116262,-0.030959091222561574
SPY,2018-03-20,2017-09-21,2018-03-20,124,0.21008637071162575,1.5201229965381914e-06,0.2806194422410333,0.7193794965518567,0.009755241576743307,4.064516129032258,-0.0315527182772124,0.014440762811116262,-0.030959091222561574
SPY,2018-03-21,2017-09-22,2018-03-21,124,0.21008637071162575,1.5354004866418888e-06,0.2806194422410333,0.719379496724404,0.008376014508373855,4.064516129032258,-0.0315527182772124,0.014440762811116262,-0.030959091222561574
SPY,2018-03-22,2017-09-25,2018-03-22,124,0.21008637071162575,1.5821603928945695e-06,0.2667128709103821,0.7332860668751753,0.007434844263233527,6.096774193548387,-0.029515529981993065,0.01080362086219223,-0.02902753734362995
SPY,2018-03-23,2017-09-25,2018-03-23,125,0.21008637071162575,1.6467295834251317e-06,0.27261889187521243,0.7273800475850076,0.015160570144996681,6.048,-0.029515529981993065,0.01080362086219223,-0.02902753734362995
SPY,2018-03-26,2017-09-27,2018-03-26,124,0.21008637071162575,1.819917645536284e-06,0.2826417897925213,0.7173571500157835,0.01755579288525989,6.096774193548387,-0.029515529981993065,0.01080362086219223,-0.02902753734362995
SPY,2018-03-27,2017-09-28,2018-03-27,124,0.21008637071162575,1.913226818537003e-06,0.2867128374104715,0.7132861019008641,0.02042530797613719,6.096774193548387,-0.029515529981993065,0.01080362086219223,-0.02902753734362995
SPY,2018-03-28,2017-09-29,2018-03-28,124,0.21008637071162575,1.95187656404658e-06,0.2867128374104715,0.7132861015535129,0.019881235763337408,6.096774193548387,-0.029515529981993065,0.01080362086219223,-0.02902753734362995
SPY,2018-03-29,2017-10-02,2018-03-29,124,0.21008637071162575,2.0113200551394124e-06,0.2887614468776219,0.7112374922616624,0.016962585532249715,6.096774193548387,-0.029515529981993065,0.01080362086219223,-0.02902753734362995
SPY,2018-04-02,2017-10-03,2018-04-02,124,0.21008637071162575,2.1144426395294966e-06,0.2908187176064471,0.7091802215335926,0.015957293572609946,6.096774193548387,-0.029515529981993065,0.01080362086219223,-0.02902753734362995
SPY,2018-04-03,2017-10-04,2018-04-03,124,0.21008637071162575,2.1788370046878142e-06,0.2908187176064471,0.7091802213565441,0.01850320630920203,6.096774193548387,-0.029515529981993065,0.01080362086219223,-0.02902753734362995
SPY,2018-04-04,2017-10-05,2018-04-04,124,0.21008637071162575,2.2677570296881503e-06,0.2928846011275269,0.7071143380132687,0.016888860034339984,6.096774193548387,-0.029515529981993065,0.01080362086219223,-0.02902753734362995
SPY,2018-04-05,2017-10-06,2018-04-05,124,0.21008637071162575,2.2905483667428164e-06,0.2908187176064471,0.7091802211777147,0.015435068153101163,6.096774193548387,-0.029515529981993065,0.01080362086219223,-0.02902753734362995
SPY,2018-04-06,2017-10-09,2018-04-06,124,0.21008637071162575,2.29054836674282e-06,0.28467293640471214,0.7153260020293303,0.013579630076708066,6.096774193548387,-0.029515529981993065,0.01080362086219223,-0.02902753734362995
SPY,2018-04-09,2017-10-10,2018-04-09,124,0.21008637071162575,2.2451924702262727e-06,0.27860593715516063,0.7213930012916435,0.01684393373387073,6.096774193548387,-0.029515529981993065,0.01080362086219223,-0.02902753734362995
SPY,2018-04-10,2017-10-11,2018-04-10,124,0.21008637071162575,2.2228524318824095e-06,0.2746056217079676,0.7253933169194942,0.014486562774874182,6.096774193548387,-0.029515529981993065,0.01080362086219223,-0.02902753734362995
SPY,2018-04-11,2017-10-12,2018-04-11,124,0.21008637071162575,2.2228524318824134e-06,0.2726188918752125,0.7273800469244752,0.014930979982423265,6.096774193548387,-0.029515529981993065,0.01080362086219223,-0.02902753734362995
SPY,2018-04-12,2017-10-13,2018-04-12,124,0.21008637071162575,2.2451924702262846e-06,0.27261889187521254,0.7273800470920952,0.013243498809998476,6.096774193548387,-0.029515529981993065,0.01080362086219223,-0.02902753734362995
SPY,2018-04-13,2017-10-16,2018-04-13,124,0.21008637071162575,2.2905483667428405e-06,0.27460562170796765,0.7253933174260419,0.012029190187099257,6.096774193548387,-0.029515529981993065,0.01080362086219223,-0.02902753734362995
SPY,2018-04-16,2017-10-17,2018-04-16,124,0.21008637071162575,2.336820513147146e-06,0.2766013166807355,0.7233976224540254,0.010512079706950419,6.096774193548387,-0.029515529981993065,0.01080362086219223,-0.02902753734362995
SPY,2018-04-17,2017-10-18,2018-04-17,124,0.21008637071162575,2.4079872928080632e-06,0.27860593715516074,0.7213930019803525,0.009822481081025153,6.096774193548387,-0.029515529981993065,0.01080362086219223,-0.02902753734362995
SPY,2018-04-18,2017-10-19,2018-04-18,124,0.21008637071162575,2.5062591184729914e-06,0.28467293640471225,0.7153260030745034,0.009873439842796412,6.096774193548387,-0.029515529981993065,0.01080362086219223,-0.02902753734362995
SPY,2018-04-19,2017-10-20,2018-04-19,124,0.21008637071162575,2.5825860718928414e-06,0.28876144687762206,0.7112374924357056,0.008454792263451444,6.096774193548387,-0.029515529981993065,0.01080362086219223,-0.02902753734362995
SPY,2018-04-20,2017-10-23,2018-04-20,124,0.21008637071162575,2.6612375271071843e-06,0.2908187176064473,0.7091802215335925,0.00807850091565614,6.096774193548387,-0.029515529981993065,0.01080362086219223,-0.02902753734362995
SPY,2018-04-23,2017-10-24,2018-04-23,124,0.21008637071162575,2.7422842757348466e-06,0.29495904769990816,0.7050398916194288,0.008612053712913674,6.096774193548387,-0.029515529981993065,0.01080362086219223,-0.02902753734362995
SPY,2018-04-24,2017-10-25,2018-04-24,124,0.21008637071162575,2.8828841971265053e-06,0.29081871760644734,0.7091802209970863,0.007506755728135233,6.096774193548387,-0.029515529981993065,0.01080362086219223,-0.02902753734362995
SPY,2018-04-25,2017-10-26,2018-04-25,124,0.21008637071162575,2.911857664991939e-06,0.29081871760644734,0.7091802213565439,0.010104315106576299,6.096774193548387,-0.029515529981993065,0.01080362086219223,-0.02902753734362995
SPY,2018-04-26,2017-10-27,2018-04-26,124,0.21008637071162575,3.061151799967007e-06,0.2928846011275271,0.7071143380132685,0.008715203430107753,6.096774193548387,-0.029515529981993065,0.01080362086219223,-0.02902753734362995
SPY,2018-04-27,2017-10-30,2018-04-27,124,0.21008637071162575,3.091916887026682e-06,0.2928846011275272,0.70711433783496,0.009136223536856947,6.096774193548387,-0.029515529981993065,0.01080362086219223,-0.02902753734362995
SPY,2018-04-30,2017-10-31,2018-04-30,124,0.21008637071162575,3.1229911683516658e-06,0.28876144687762223,0.7112374917289578,0.00791979735493228,6.096774193548387,-0.029515529981993065,0.01080362086219223,-0.02902753734362995
SPY,2018-05-01,2017-11-02,2018-05-01,123,0.21008637071162575,3.1229911683516658e-06,0.2826417897925216,0.7173571486457961,0.008461120971378994,6.146341463414634,-0.029515529981993065,0.01080362086219223,-0.02902753734362995
SPY,2018-05-02,2017-11-03,2018-05-02,123,0.21008637071162575,3.091916887026693e-06,0.2786059371551609,0.7213930014664137,0.007461640961453054,6.146341463414634,-0.029515529981993065,0.01080362086219223,-0.02902753734362995
SPY,2018-05-03,2017-11-06,2018-05-03,123,0.21008637071162575,3.0005369331182635e-06,0.2746056217079679,0.7253933169194938,0.007830626393322448,6.146341463414634,-0.029515529981993065,0.01080362086219223,-0.02902753734362995
SPY,2018-05-04,2017-11-06,2018-05-04,124,0.21008637071162575,3.0919168870266984e-06,0.2726188918752127,0.727380046924475,0.0071047940198809435,6.096774193548387,-0.029515529981993065,0.01080362086219223,-0.02902753734362995
SPY,2018-05-07,2017-11-08,2018-05-07,123,0.21008637071162575,2.9706810917919812e-06,0.26671287091038237,0.7332860675613657,0.008880198540361935,6.146341463414634,-0.029515529981993065,0.01080362086219223,-0.02902753734362995
SPY,2018-05-08,2017-11-09,2018-05-08,123,0.21008637071162575,2.882884197126536e-06,0.2647623731329488,0.7352365656733738,0.007901544704712828,6.146341463414634,-0.029515529981993065,0.01080362086219223,-0.02902753734362995
SPY,2018-05-09,2017-11-10,2018-05-09,123,0.21008637071162575,2.9118576649919698e-06,0.2628210200624143,0.7371779187455418,0.007030024002820411,6.146341463414634,-0.029515529981993065,0.01080362086219223,-0.02902753734362995
SPY,2018-05-10,2017-11-13,2018-05-10,123,0.21008637071162575,2.970681091791992e-06,0.26476237313294887,0.7352365659973175,0.007764628507327252,6.146341463414634,-0.029515529981993065,0.01080362086219223,-0.02902753734362995
SPY,2018-05-11,2017-11-13,2018-05-11,124,0.6476565040374239,2.7775610439586818e-06,0.2505532242688225,0.7494457177914744,0.00743333952126552,6.096774193548387,-0.029515529981993065,0.01080362086219223,-0.02902753734362995
SPY,2018-05-14,2017-11-15,2018-05-14,123,0.5006712950240433,3.1153361556281533e-06,0.28627809009892585,0.7137208610181255,0.00666369923198009,6.146341463414634,-0.029515529981993065,0.01080362086219223,-0.02902753734362995
SPY,2018-05-15,2017-11-16,2018-05-15,123,0.44454921771099465,3.2192899032646666e-06,0.2772927641258079,0.722706175278905,0.006100766386883293,6.146341463414634,-0.029515529981993065,0.01080362086219223,-0.02902753734362995
SPY,2018-05-16,2017-11-17,2018-05-16,123,0.44454921771099465,3.001646010289592e-06,0.2853765903755698,0.7146223492733432,0.007023748342604053,6.146341463414634,-0.029515529981993065,0.01080362086219223,-0.02902753734362995
SPY,2018-05-17,2017-11-20,2018-05-17,123,0.44454921771099465,2.9422094370223746e-06,0.2853765903755697,0.7146223485887354,0.006317110004919211,6.146341463414634,-0.029515529981993065,0.01080362086219223,-0.02902753734362995
SPY,2018-05-18,2017-11-20,2018-05-18,124,0.44454921771099465,2.912933963979236e-06,0.2853765903755697,0.7146223485887354,0.0057362862585884,6.096774193548387,-0.029515529981993065,0.01080362086219223,-0.02902753734362995
SPY,2018-05-21,2017-11-22,2018-05-21,123,0.44454921771099465,3.0318130542205336e-06,0.28947111151562677,0.7105278277983903,0.005644818554487286,6.146341463414634,-0.029515529981993065,0.01080362086219223,-0.02902753734362995
SPY,2018-05-22,2017-11-24,2018-05-22,123,0.44454921771099465,3.124145507821012e-06,0.29360021003557474,0.7063987292824467,0.00590203649238593,6.146341463414634,-0.029515529981993065,0.01080362086219223,-0.02902753734362995
SPY,2018-05-23,2017-11-24,2018-05-23,124,0.44454921771099465,2.9717791334610753e-06,0.2915313628985452,0.7084675758850042,0.005856677756730551,6.096774193548387,-0.029515529981993065,0.01080362086219223,-0.02902753734362995
SPY,2018-05-24,2017-11-27,2018-05-24,124,0.44454921771099465,3.031813054220539e-06,0.2956776027461738,0.7043213365738582,0.005277748079963036,6.096774193548387,-0.029515529981993065,0.01080362086219223,-0.02902753734362995
SPY,2018-05-25,2017-11-27,2018-05-25,125,0.388427140397946,3.070942614587554e-06,0.2824464959020123,0.717552443129623,0.005216183101509291,6.048,-0.029515529981993065,0.01080362086219223,-0.02902753734362995
SPY,2018-05-29,2017-11-30,2018-05-29,123,0.388427140397946,4.357875007953335e-06,0.30737747266131255,0.6926214684243198,0.005427116430736072,6.146341463414634,-0.029515529981993065,0.01080362086219223,-0.02902753734362995
SPY,2018-05-30,2017-12-01,2018-05-30,123,0.388427140397946,4.673856598913236e-06,0.3137980941403823,0.6862008453843371,0.008897401603880705,6.146341463414634,-0.029515529981993065,0.01080362086219223,-0.02902753734362995
SPY,2018-05-31,2017-12-01,2018-05-31,124,0.388427140397946,4.581308037480779e-06,0.311649802630046,0.6883491361360603,0.009891701218158253,6.096774193548387,-0.029515529981993065,0.01080362086219223,-0.02902753734362995
SPY,2018-06-01,2017-12-04,2018-06-01,124,0.388427140397946,4.768274765304185e-06,0.31379809414038223,0.6862008450078962,0.009674587034687883,6.096774193548387,-0.029515529981993065,0.01080362086219223,-0.02902753734362995
SPY,2018-06-04,2017-12-05,2018-06-04,124,0.388427140397946,4.864600305179101e-06,0.31379809414038223,0.686200844816831,0.009824606357126023,6.096774193548387,-0.029515529981993065,0.01080362086219223,-0.02902753734362995
SPY,2018-06-05,2017-12-06,2018-06-05,124,0.388427140397946,4.913490351043853e-06,0.31379809414038223,0.686200844816831,0.008600005024550786,6.096774193548387,-0.029515529981993065,0.01080362086219223,-0.02902753734362995
SPY,2018-06-06,2017-12-07,2018-06-06,124,0.388427140397946,5.1654103883748905e-06,0.31595438728147285,0.6835001082135409,0.007500057620694353,4.064516129032258,-0.023391355179759987,0.0028988524312477683,-0.023115793594195355
SPY,2018-06-07,2017-12-08,2018-06-07,124,0.388427140397946,5.37621478534587e-06,0.31595438728147285,0.6797822519690531,0.007672387124302159,4.064516129032258,-0.023391355179759987,0.0028988524312477683,-0.023115793594195355
SPY,2018-06-08,2017-12-11,2018-06-08,124,0.388427140397946,5.651859211743538e-06,0.31595438728147285,0.6751695178450117,0.006829305335838636,4.064516129032258,-0.023391355179759987,0.0028988524312477683,-0.023115793594195355
SPY,2018-06-11,2017-12-12,2018-06-11,124,0.388427140397946,5.882515961801168e-06,0.31811861842725936,0.6692691947904228,0.006139918886193341,4.064516129032258,-0.023391355179759987,0.0028988524312477683,-0.023115793594195355
SPY,2018-06-12,2017-12-13,2018-06-12,124,0.388427140397946,6.061665243891942e-06,0.32029072268568076,0.6638059254507943,0.005563196694533552,4.064516129032258,-0.023391355179759987,0.0028988524312477683,-0.023115793594195355
SPY,2018-06-13,2017-12-14,2018-06-13,124,0.388427140397946,6.566523567282915e-06,0.31811861842725936,0.6596760163670827,0.0052445019040137505,4.064516129032258,-0.023391355179759987,0.0028988524312477683,-0.023115793594195355
SPY,2018-06-14,2017-12-15,2018-06-14,124,0.388427140397946,6.501185566098446e-06,0.31811861842725936,0.6601006998457821,0.005853505745834281,4.064516129032258,-0.023391355179759987,0.0028988524312477683,-0.023115793594195355
SPY,2018-06-15,2017-12-18,2018-06-15,124,0.388427140397946,7.184921220665165e-06,0.31595438728147285,0.6551544256155449,0.005564498710265789,4.064516129032258,-0.023391355179759987,0.0028988524312477683,-0.023115793594195355
SPY,2018-06-18,2017-12-19,2018-06-18,124,0.388427140397946,7.257130879419433e-06,0.31379809414038223,0.6560878067436904,0.006545677010293956,4.064516129032258,-0.023391355179759987,0.0028988524312477683,-0.023115793594195355
SPY,2018-06-19,2017-12-20,2018-06-19,124,0.388427140397946,7.4037346479332515e-06,0.30950957510803195,0.6577829255110599,0.006318684837848527,6.096774193548387,-0.029515529981993065,0.01080362086219223,-0.02902753734362995
SPY,2018-06-20,2017-12-21,2018-06-20,124,0.388427140397946,7.257130879419433e-06,0.3010305075501022,0.663580264137463,0.006539108856687671,6.096774193548387,-0.029515529981993065,0.01080362086219223,-0.02902753734362995
SPY,2018-06-21,2017-12-22,2018-06-21,124,0.3323050630848973,8.123883487156551e-06,0.28561390724513086,0.6730846714000088,0.006146768756785738,4.064516129032258,-0.033602516489006806,0.011541910379868493,-0.0329798137731494
SPY,2018-06-22,2017-12-26,2018-06-22,124,0.3323050630848973,7.883786445179545e-06,0.28561390724513086,0.6663988595911137,0.006958664445342535,6.096774193548387,-0.029515529981993065,0.01080362086219223,-0.02902753734362995
SPY,2018-06-25,2017-12-26,2018-06-25,125,0.25826712670390406,1.0731654714312532e-05,0.2774208941488181,0.6525293547173853,0.0067220495842680965,4.032,-0.033602516489006806,0.011541910379868493,-0.0329798137731494
SPY,2018-06-26,2017-12-27,2018-06-26,125,0.25826712670390406,1.083950963728095e-05,0.2636146661482536,0.6525206715015944,0.009899234045930247,4.032,-0.033602516489006806,0.011541910379868493,-0.0329798137731494
SPY,2018-06-27,2017-12-28,2018-06-27,125,0.25826712670390406,1.128187841744423e-05,0.2636146661482536,0.6487317707872705,0.008701063094419662,4.032,-0.033602516489006806,0.011541910379868493,-0.0329798137731494
SPY,2018-06-28,2017-12-29,2018-06-28,125,0.25826712670390406,1.1742300610004515e-05,0.2616787293263778,0.6440513640287774,0.009218929607259911,4.032,-0.033602516489006806,0.011541910379868493,-0.0329798137731494
SPY,2018-06-29,2018-01-02,2018-06-29,125,0.25826712670390406,1.1742300610004515e-05,0.25975198789384657,0.6440699514223805,0.008567709351974434,4.032,-0.033602516489006806,0.011541910379868493,-0.0329798137731494
SPY,2018-07-02,2018-01-03,2018-07-02,125,0.25826712670390406,1.1860312693087586e-05,0.2616787293263778,0.6407110039204517,0.007671814086338489,4.032,-0.033602516489006806,0.011541910379868493,-0.0329798137731494
SPY,2018-07-03,2018-01-04,2018-07-03,125,0.20214504939085542,1.2503661298858007e-05,0.24942946367407043,0.651318975204811,0.007329402848420791,4.032,-0.033602516489006806,0.011541910379868493,-0.0329798137731494
SPY,2018-07-05,2018-01-08,2018-07-05,124,0.20214504939085542,1.262932518407535e-05,0.2550860823931452,0.6402705089071762,0.007390178051363017,4.064516129032258,-0.033602516489006806,0.011541910379868493,-0.0329798137731494
SPY,2018-07-06,2018-01-08,2018-07-06,125,0.20214504939085542,1.262932518407535e-05,0.25508608239314523,0.640269649384359,0.0079960593341283,4.032,-0.033602516489006806,0.011541910379868493,-0.0329798137731494
SPY,2018-07-09,2018-01-10,2018-07-09,124,0.20214504939085542,1.327684453275221e-05,0.2513056658543651,0.6370294667429494,0.008330331344420022,4.064516129032258,-0.033602516489006806,0.011541910379868493,-0.0329798137731494
SPY,2018-07-10,2018-01-11,2018-07-10,124,0.20214504939085542,1.327684453275221e-05,0.24570519050093056,0.6388918427349239,0.008607308520761416,4.064516129032258,-0.033602516489006806,0.011541910379868493,-0.0329798137731494
SPY,2018-07-11,2018-01-12,2018-07-11,124,0.20214504939085542,1.341027903865689e-05,0.2475626310125972,0.637317733423605,0.007913959392122227,4.064516129032258,-0.033602516489006806,0.011541910379868493,-0.0329798137731494
SPY,2018-07-12,2018-01-16,2018-07-12,124,0.20214504939085542,1.3545054583640706e-05,0.2475626310125972,0.6363384322558945,0.008306982869065671,4.064516129032258,-0.033602516489006806,0.011541910379868493,-0.0329798137731494
SPY,2018-07-13,2018-01-16,2018-07-13,125,0.20214504939085542,1.341027903865689e-05,0.24385716360845425,0.6384812103997176,0.008527086305244638,4.032,-0.033602516489006806,0.011541910379868493,-0.0329798137731494
SPY,2018-07-16,2018-01-17,2018-07-16,125,0.20214504939085542,1.327684453275221e-05,0.24385716360845425,0.6384803660073889,0.007712550275026791,4.032,-0.033602516489006806,0.011541910379868493,-0.0329798137731494
SPY,2018-07-17,2018-01-18,2018-07-17,125,0.20214504939085542,1.2884454476427321e-05,0.24570519050093056,0.6408290876597745,0.007175177630952177,4.032,-0.033602516489006806,0.011541910379868493,-0.0329798137731494
SPY,2018-07-18,2018-01-19,2018-07-18,125,0.20214504939085542,1.2134122260480077e-05,0.24385716360845425,0.6489984201195563,0.006892392091461995,4.032,-0.033602516489006806,0.011541910379868493,-0.0329798137731494
SPY,2018-07-19,2018-01-22,2018-07-19,125,0.1281071130098622,1.1639575378134127e-05,0.23466475177364451,0.6650596190007259,0.006700206455131957,4.032,-0.033602516489006806,0.011541910379868493,-0.0329798137731494
SPY,2018-07-20,2018-01-22,2018-07-20,126,0.1281071130098622,1.0531923332185815e-05,0.23646492988443454,0.668595899975538,0.00657759729171254,4.0,-0.033602516489006806,0.011541910379868493,-0.0329798137731494
SPY,2018-07-23,2018-01-24,2018-07-23,125,0.1281071130098622,7.802240703306144e-06,0.22406402222480917,0.7059932645082883,0.006029825786627728,4.032,-0.033602516489006806,0.011541910379868493,-0.0329798137731494
SPY,2018-07-24,2018-01-25,2018-07-24,125,0.1281071130098622,6.5169792417321685e-06,0.2138082127035772,0.725548148056945,0.005649143631896371,4.032,-0.033602516489006806,0.011541910379868493,-0.0329798137731494
SPY,2018-07-25,2018-01-26,2018-07-25,125,0.1281071130098622,6.582475971995631e-06,0.20552594033356997,0.7303024046505158,0.005844580333432116,4.032,-0.033602516489006806,0.011541910379868493,-0.0329798137731494
SPY,2018-07-26,2018-01-29,2018-07-26,125,0.1281071130098622,6.199142413595986e-06,0.1974838057341645,0.7382873981431487,0.006733241901330126,4.032,-0.033602516489006806,0.011541910379868493,-0.0329798137731494
SPY,2018-07-27,2018-01-29,2018-07-27,126,0.1281071130098622,6.199142413595986e-06,0.199073046191777,0.7374116723517891,0.006492733472963675,4.0,-0.033602516489006806,0.011541910379868493,-0.0329798137731494
SPY,2018-07-30,2018-01-31,2018-07-30,125,0.1281071130098622,6.015930067105336e-06,0.18361059816032715,0.7447793025221687,0.006770751399003772,4.032,-0.033602516489006806,0.011541910379868493,-0.0329798137731494
SPY,2018-07-31,2018-02-01,2018-07-31,125,0.1281071130098622,5.665589573722913e-06,0.18361059816032715,0.7447783902377847,0.006768165246936681,4.032,-0.033602516489006806,0.011541910379868493,-0.0329798137731494
SPY,2018-08-01,2018-02-02,2018-08-01,125,0.1281071130098622,5.780042075153719e-06,0.18662685274756086,0.7352429993331553,0.006525866153156136,4.032,-0.033602516489006806,0.011541910379868493,-0.0329798137731494
SPY,2018-08-02,2018-02-05,2018-08-02,125,0.1281071130098622,3.612539407740521e-06,0.11486537085527712,0.8187190911444275,0.005919716397191846,4.032,-0.033602516489006806,0.011541910379868493,-0.0329798137731494
SPY,2018-08-03,2018-02-05,2018-08-03,126,0.1281071130098622,3.172154347957431e-06,0.10987948718804402,0.8292511772688612,0.00580037307311626,4.0,-0.033602516489006806,0.011541910379868493,-0.0329798137731494
SPY,2018-08-06,2018-02-07,2018-08-06,125,0.1281071130098622,5.912070184395191e-07,0.05305533781726588,0.9241366869765135,0.0051547976373256576,4.032,-0.031738283597218864,0.00890548694087997,-0.031201494862223678
SPY,2018-08-07,2018-02-08,2018-08-07,125,0.1281071130098622,5.191361816199103e-07,0.05615169211733837,0.9213347406290108,0.0049620496699333385,4.032,-0.031738283597218864,0.00890548694087997,-0.031201494862223678
SPY,2018-08-08,2018-02-09,2018-08-08,125,0.1281071130098622,1.6232185899126682e-06,0.10697981474632882,0.8613056328979191,0.005151777299452657,2.016,-0.025441153391554394,0.0,-0.025120254355519234
SPY,2018-08-09,2018-02-12,2018-08-09,125,0.1281071130098622,1.559571278623816e-06,0.10890535552283956,0.8600523174588982,0.004902498146719869,2.016,-0.025441153391554394,0.0,-0.025120254355519234
SPY,2018-08-10,2018-02-12,2018-08-10,126,0.1281071130098622,1.924008869376888e-06,0.10987948718804419,0.8546371608576626,0.004902491050592916,2.0,-0.025441153391554394,0.0,-0.025120254355519234
SPY,2018-08-13,2018-02-14,2018-08-13,125,0.1281071130098622,1.962876426761664e-06,0.11086124697215866,0.8523069916635928,0.005319391374710245,2.016,-0.025441153391554394,0.0,-0.025120254355519234
SPY,2018-08-14,2018-02-15,2018-08-14,125,0.1281071130098622,2.1693139426332343e-06,0.11385269718509018,0.8468947803133755,0.005386750444078062,2.016,-0.025441153391554394,0.0,-0.025120254355519234
SPY,2018-08-15,2018-02-16,2018-08-15,125,0.1281071130098622,2.676235016184875e-06,0.11899474022811764,0.8351246735967749,0.0056915361584532875,2.016,-0.025441153391554394,0.0,-0.025120254355519234
SPY,2018-08-16,2018-02-20,2018-08-16,125,0.1281071130098622,2.841724147329509e-06,0.1211071781427868,0.8299872269938567,0.006132893895763898,2.016,-0.025441153391554394,0.0,-0.025120254355519234
SPY,2018-08-17,2018-02-20,2018-08-17,126,0.1281071130098622,2.7031316252540335e-06,0.11691424187550203,0.834865789954106,0.0063565301026897725,2.0,-0.025441153391554394,0.0,-0.025120254355519234
SPY,2018-08-20,2018-02-21,2018-08-20,126,0.1281071130098622,2.3974626815742692e-06,0.11284781190014329,0.8422451035017982,0.00602247168064575,2.0,-0.025441153391554394,0.0,-0.025120254355519234
SPY,2018-08-21,2018-02-22,2018-08-21,126,0.1281071130098622,2.1477289082537825e-06,0.10890535552283964,0.8480807331019828,0.005686757972965582,2.0,-0.025441153391554394,0.0,-0.025120254355519234
SPY,2018-08-22,2018-02-23,2018-08-22,126,0.1281071130098622,1.9826036628161898e-06,0.10890535552283964,0.8492913972362631,0.0053860593280210525,2.0,-0.025441153391554394,0.0,-0.025120254355519234
SPY,2018-08-23,2018-02-26,2018-08-23,126,0.1281071130098622,1.9628764267616606e-06,0.11185067516119752,0.8468786059504608,0.005142741807328943,2.0,-0.025441153391554394,0.0,-0.025120254355519234
SPY,2018-08-24,2018-02-26,2018-08-24,127,0.1281071130098622,1.9826036628161898e-06,0.11185067516119752,0.8468776524186815,0.005000164769842586,1.984251968503937,-0.025441153391554394,0.0,-0.025120254355519234
SPY,2018-08-27,2018-02-28,2018-08-27,126,0.1281071130098622,2.3266069511829843e-06,0.11385269718509032,0.8395515466131819,0.0052689794055399905,2.0,-0.025441153391554394,0.0,-0.025120254355519234
SPY,2018-08-28,2018-03-01,2018-08-28,126,0.1281071130098622,2.3266069511829843e-06,0.11185067516119752,0.8396455306873547,0.005593234520073824,2.0,-0.025441153391554394,0.0,-0.025120254355519234
SPY,2018-08-29,2018-03-01,2018-08-29,127,0.1281071130098622,2.3266069511829843e-06,0.11185067516119752,0.8396445852995609,0.005347928598016581,1.984251968503937,-0.025441153391554394,0.0,-0.025120254355519234
SPY,2018-08-30,2018-03-01,2018-08-30,128,0.1281071130098622,2.3266069511829843e-06,0.11185067516119752,0.8396436399128315,0.005423222245812775,1.96875,-0.025441153391554394,0.0,-0.025120254355519234
SPY,2018-08-31,2018-03-01,2018-08-31,129,0.1281071130098622,2.022654913547037e-06,0.10890535552283974,0.8472471034349272,0.005352072269849926,1.9534883720930234,-0.025441153391554394,0.0,-0.025120254355519234
SPY,2018-09-04,2018-03-05,2018-09-04,128,0.1281071130098622,1.962876426761664e-06,0.10987948718804437,0.8463199544682793,0.005084598416857868,1.96875,-0.025441153391554394,0.0,-0.025120254355519234
SPY,2018-09-05,2018-03-06,2018-09-05,128,0.1281071130098622,2.0226549135470337e-06,0.10987948718804437,0.8441891820903537,0.0049312733355518605,1.96875,-0.025441153391554394,0.0,-0.025120254355519234
SPY,2018-09-06,2018-03-07,2018-09-06,128,0.1281071130098622,1.8859109411936538e-06,0.10890535552283974,0.8459764950564211,0.004804095823707776,1.96875,-0.025441153391554394,0.0,-0.025120254355519234
SPY,2018-09-07,2018-03-08,2018-09-07,128,0.1281071130098622,1.7064427866754326e-06,0.10793881155724777,0.8485778498381726,0.004711659060565867,1.96875,-0.025441153391554394,0.0,-0.025120254355519234
SPY,2018-09-10,2018-03-12,2018-09-10,127,0.1281071130098622,2.2578453240984285e-06,0.12433639647772,0.8226092880345247,0.004694256559471577,1.984251968503937,-0.025441153391554394,0.0,-0.025120254355519234
SPY,2018-09-11,2018-03-12,2018-09-11,128,0.1281071130098622,2.235379387754986e-06,0.12542910473881005,0.8215818448812934,0.004518835197904303,1.96875,-0.025441153391554394,0.0,-0.025120254355519234
SPY,2018-09-12,2018-03-13,2018-09-12,128,0.1281071130098622,1.6894633972504765e-06,0.11691424187550234,0.8375128990726967,0.004330666426928022,1.96875,-0.025441153391554394,0.0,-0.025120254355519234
SPY,2018-09-13,2018-03-14,2018-09-13,128,0.1281071130098622,1.6560097805852413e-06,0.11185067516119761,0.8414369918142124,0.004173405469974314,1.96875,-0.025441153391554394,0.0,-0.025120254355519234
SPY,2018-09-14,2018-03-15,2018-09-14,128,0.1281071130098622,1.4541346218916632e-06,0.10793881155724785,0.8468886886186853,0.004269297953647374,1.96875,-0.025441153391554394,0.0,-0.025120254355519234
SPY,2018-09-17,2018-03-19,2018-09-17,127,0.1281071130098622,1.9240088693768848e-06,0.12004694735194123,0.822482975896394,0.004183719921477124,1.984251968503937,-0.025441153391554394,0.0,-0.025120254355519234
SPY,2018-09-18,2018-03-19,2018-09-18,128,0.1281071130098622,1.9826036628161898e-06,0.12110717814278713,0.8204086422979524,0.004571778180352211,1.96875,-0.025441153391554394,0.0,-0.025120254355519234
SPY,2018-09-19,2018-03-20,2018-09-19,128,0.1281071130098622,1.4984196141070462e-06,0.0893215348036953,0.8575330289838723,0.004518833767150308,1.96875,-0.025441153391554394,0.0,-0.025120254355519234
SPY,2018-09-20,2018-03-21,2018-09-20,128,0.1281071130098622,2.3034568252183727e-06,0.11086124697215888,0.8172624431812714,0.004554070624543442,1.96875,-0.025441153391554394,0.0,-0.025120254355519234
SPY,2018-09-21,2018-03-22,2018-09-21,128,0.1281071130098622,3.3016124227552805e-06,0.14282574640548648,0.7594983545560747,0.005233247116484029,1.96875,-0.025441153391554394,0.0,-0.025120254355519234
SPY,2018-09-24,2018-03-26,2018-09-24,127,0.1281071130098622,2.280537046855853e-06,0.09957463683732369,0.8249135903999895,0.005048114810384292,1.984251968503937,0.026798987270962193,0.0,0.02716130951231155
SPY,2018-09-25,2018-03-26,2018-09-25,128,0.1281071130098622,1.924008869376909e-06,0.09179183422818346,0.8412595682064099,0.004894775716930848,1.96875,0.026798987270962193,0.0,0.02716130951231155
SPY,2018-09-26,2018-03-27,2018-09-26,128,0.1281071130098622,1.924008869376909e-06,0.10414770006498651,0.832807636503754,0.0047502758091747714,0.0,0.0,0.0,0.0
SPY,2018-09-27,2018-03-28,2018-09-27,128,0.1281071130098622,1.8671458137945374e-06,0.10229661108385714,0.8362668491454736,0.004706352594130053,1.96875,-0.022581735113272217,0.0,-0.022328676148880122
SPY,2018-09-28,2018-03-29,2018-09-28,128,0.1281071130098622,1.7064427866754538e-06,0.10138203965659216,0.838814511654431,0.004500922095986539,3.9375,-0.018190662851536477,0.006209913945906985,-0.0180072772885439
SPY,2018-10-01,2018-04-02,2018-10-01,128,0.1281071130098622,2.1318625944409908e-07,0.04023732242803202,0.9412884349106697,0.0038678862494013373,1.96875,-0.022581735113272217,0.0,-0.022328676148880122
SPY,2018-10-02,2018-04-03,2018-10-02,128,0.1281071130098622,1.1133087386753215e-11,0.03550654695559969,0.9537995379375612,0.003675403718405389,1.96875,-0.022136597638637845,0.0,-0.021893381128883393
SPY,2018-10-03,2018-04-04,2018-10-03,128,0.1281071130098622,3.388074927284357e-16,0.03131381134793925,0.957838063259538,0.003605673661333589,1.96875,-0.022136597638637845,0.0,-0.021893381128883393
SPY,2018-10-04,2018-04-05,2018-10-04,128,0.1281071130098622,5.118827786912747e-17,0.02059554006510899,0.9704939544745045,0.0037688870712253198,1.96875,-0.022136597638637845,0.0,-0.021893381128883393
SPY,2018-10-05,2018-04-06,2018-10-05,128,0.1281071130098622,2.0339912586467542e-12,0.019229956594973688,0.9721929364542349,0.003942558478009119,1.96875,-0.022136597638637845,0.0,-0.021893381128883393
SPY,2018-10-08,2018-04-09,2018-10-08,128,0.1281071130098622,1.0411650973098554e-16,0.021841253210560824,0.9712122919269703,0.004083118703984653,0.0,0.0,0.0,0.0
SPY,2018-10-09,2018-04-10,2018-10-09,128,0.1281071130098622,3.043248300840436e-17,0.022935368900143537,0.969625672323074,0.003979928257035543,0.0,0.0,0.0,0.0
SPY,2018-10-10,2018-04-11,2018-10-10,128,0.0719850356968135,2.0802402144839328e-08,6.698126194757478e-07,0.9999981012774447,0.0064095292394376014,1.96875,-0.03337569197012158,0.0,-0.032824868605786706
SPY,2018-10-11,2018-04-12,2018-10-11,128,0.0719850356968135,6.249386973999659e-08,4.097759807897199e-08,0.9996453036344101,0.006897971286564504,3.9375,-0.027072768117762713,0.008913680394610784,-0.02667091903464558
SPY,2018-10-12,2018-04-13,2018-10-12,128,0.0719850356968135,1.5371011644073254e-07,2.4362024469606952e-08,0.9977763342627236,0.00701272319878057,3.9375,-0.027072768117762713,0.008913680394610784,-0.02667091903464558
SPY,2018-10-15,2018-04-16,2018-10-15,128,0.0719850356968135,3.1896088182949726e-07,8.610871746543816e-09,0.9937980496328046,0.006895648079657536,3.9375,-0.027072768117762713,0.008913680394610784,-0.02667091903464558
SPY,2018-10-16,2018-04-17,2018-10-16,128,0.0719850356968135,4.698828342410714e-06,0.07724909869997759,0.8253369748121752,0.010853955452750481,1.96875,-0.03337569197012158,0.0,-0.032824868605786706
SPY,2018-10-17,2018-04-18,2018-10-17,128,0.0719850356968135,1.0047392908773382e-05,0.09027025245809973,0.6836941465913884,0.010851120172362845,1.96875,-0.03337569197012158,0.0,-0.032824868605786706
SPY,2018-10-18,2018-04-19,2018-10-18,128,0.0719850356968135,1.0047392908773382e-05,0.09971896033233264,0.6799376001998515,0.00976624665862294,1.96875,-0.03337569197012158,0.0,-0.032824868605786706
SPY,2018-10-19,2018-04-20,2018-10-19,128,0.0719850356968135,1.0047392908773382e-05,0.09276411425491338,0.6801200600684736,0.00958683395614184,1.96875,-0.03337569197012158,0.0,-0.032824868605786706
SPY,2018-10-22,2018-04-23,2018-10-22,128,0.0719850356968135,1.0353381577257939e-05,0.08864138418329857,0.6727950612648218,0.008339162935053124,1.96875,-0.03337569197012158,0.0,-0.032824868605786706
SPY,2018-10-23,2018-04-24,2018-10-23,128,0.0719850356968135,1.0993598939061903e-05,0.09360905050851101,0.6493619091421226,0.007508698208128924,1.96875,-0.03337569197012158,0.0,-0.032824868605786706
SPY,2018-10-24,2018-04-25,2018-10-24,128,0.0719850356968135,4.841928969706396e-06,0.09705815001601042,0.8219100127349868,0.009725190557587159,3.9375,-0.03235007473084073,0.0014504418095946322,-0.031831389855360714
SPY,2018-10-25,2018-04-26,2018-10-25,128,0.0719850356968135,4.746052352351757e-06,0.10336748208969705,0.8204538130935904,0.013710032413169298,3.9375,-0.03235007473084073,0.0014504418095946322,-0.031831389855360714
SPY,2018-10-26,2018-04-27,2018-10-26,128,0.0719850356968135,4.6988283424107054e-06,0.1080938011303747,0.8195239039720391,0.014130122201692963,3.9375,-0.03235007473084073,0.0014504418095946322,-0.031831389855360714
SPY,2018-10-29,2018-04-30,2018-10-29,128,0.0719850356968135,4.6988283424107054e-06,0.10429788314886312,0.8209817693752083,0.014047324944484758,3.9375,-0.03235007473084073,0.0014504418095946322,-0.031831389855360714
SPY,2018-10-30,2018-05-01,2018-10-30,128,0.0719850356968135,4.6988283424107054e-06,0.10618089762221873,0.8206104433598079,0.01318716154936111,3.9375,-0.03235007473084073,0.0014504418095946322,-0.031831389855360714
SPY,2018-10-31,2018-05-01,2018-10-31,129,0.0719850356968135,4.6988283424107054e-06,0.10523567467360767,0.8208016753247347,0.01308539490843426,3.906976744186047,-0.03235007473084073,0.0014504418095946322,-0.031831389855360714
SPY,2018-11-01,2018-05-02,2018-11-01,129,0.0719850356968135,4.793750971483099e-06,0.10523567467360767,0.8180411095085142,0.012449352995776299,3.906976744186047,-0.03235007473084073,0.0014504418095946322,-0.031831389855360714
SPY,2018-11-02,2018-05-03,2018-11-02,129,0.0719850356968135,4.939742423208833e-06,0.10429788314886312,0.8145784440978381,0.011807261537053845,3.906976744186047,-0.03235007473084073,0.0014504418095946322,-0.031831389855360714
SPY,2018-11-05,2018-05-07,2018-11-05,128,0.0719850356968135,5.09017997655807e-06,0.10618089762221873,0.8098715940256408,0.0110288932831018,3.9375,-0.03235007473084073,0.0014504418095946322,-0.031831389855360714
SPY,2018-11-06,2018-05-07,2018-11-06,129,0.0719850356968135,5.297914162179994e-06,0.10713359285566552,0.8035354178871923,0.010178832249321045,3.906976744186047,-0.03235007473084073,0.0014504418095946322,-0.031831389855360714
SPY,2018-11-07,2018-05-08,2018-11-07,129,0.0719850356968135,4.605785307327147e-06,0.10618089762221873,0.8245384681018944,0.010204151039310005,3.906976744186047,-0.03235007473084073,0.0014504418095946322,-0.031831389855360714
SPY,2018-11-08,2018-05-09,2018-11-08,129,0.0719850356968135,4.605785307327147e-06,0.10336748208969705,0.8251849962295683,0.011551589469490423,3.906976744186047,-0.03235007473084073,0.0014504418095946322,-0.031831389855360714
SPY,2018-11-09,2018-05-10,2018-11-09,129,0.0719850356968135,4.65207421921959e-06,0.10429788314886305,0.8243278131984562,0.010753713605996865,3.906976744186047,-0.03235007473084073,0.0014504418095946322,-0.031831389855360714
SPY,2018-11-12,2018-05-14,2018-11-12,128,0.0719850356968135,4.251675705141092e-06,0.1090615630908984,0.8341251255700838,0.01089276772147794,3.9375,-0.03235007473084073,0.0014504418095946322,-0.031831389855360714
SPY,2018-11-13,2018-05-14,2018-11-13,129,0.0719850356968135,4.2944057563654575e-06,0.10523567467360767,0.8344158490178776,0.011980620996759004,3.906976744186047,-0.03235007473084073,0.0014504418095946322,-0.031831389855360714
SPY,2018-11-14,2018-05-15,2018-11-14,129,0.0719850356968135,4.2944057563654575e-06,0.10244443044761811,0.8358790131941206,0.01108936187031532,3.906976744186047,-0.03235007473084073,0.0014504418095946322,-0.031831389855360714
SPY,2018-11-15,2018-05-16,2018-11-15,129,0.0719850356968135,4.2944057563654575e-06,0.10336748208969712,0.8355897825019362,0.010656034366918976,3.906976744186047,-0.03235007473084073,0.0014504418095946322,-0.031831389855360714
SPY,2018-11-16,2018-05-17,2018-11-16,129,0.0719850356968135,4.425189882282864e-06,0.10152868709093837,0.8331895398616943,0.010396144199278236,3.906976744186047,-0.03235007473084073,0.0014504418095946322,-0.031831389855360714
SPY,2018-11-19,2018-05-21,2018-11-19,128,0.0719850356968135,4.209370825030316e-06,0.10152868709093837,0.8400909814932325,0.009946903333059708,3.9375,-0.03235007473084073,0.0014504418095946322,-0.031831389855360714
SPY,2018-11-20,2018-05-21,2018-11-20,129,0.0719850356968135,4.004077387403687e-06,0.10523567467360777,0.843786633572631,0.011028638514715654,1.9534883720930234,-0.03337569197012158,0.0,-0.032824868605786706
SPY,2018-11-21,2018-05-22,2018-11-21,129,0.0719850356968135,4.004077387403687e-06,0.10244443044761821,0.844951835927137,0.011848384170596702,3.906976744186047,-0.03235007473084073,0.0014504418095946322,-0.031831389855360714
SPY,2018-11-23,2018-05-24,2018-11-23,128,0.0719850356968135,4.084965116200072e-06,0.10244443044761821,0.8424195209134712,0.011039337718589413,3.9375,-0.03235007473084073,0.0014504418095946322,-0.031831389855360714
SPY,2018-11-26,2018-05-29,2018-11-26,127,0.0719850356968135,4.251675705141092e-06,0.10906156309089857,0.8356920007242393,0.010609826764137423,3.968503937007874,-0.03235007473084073,0.0014504418095946322,-0.031831389855360714
SPY,2018-11-27,2018-05-29,2018-11-27,128,0.0719850356968135,4.2944057563654575e-06,0.10523567467360777,0.8360738367518263,0.01098116184169902,3.9375,-0.03235007473084073,0.0014504418095946322,-0.031831389855360714
SPY,2018-11-28,2018-05-29,2018-11-28,129,0.0719850356968135,4.0443190341650255e-06,0.1110199100434737,0.8415692836101466,0.010643846040997773,1.9534883720930234,-0.03337569197012158,0.0,-0.032824868605786706
SPY,2018-11-29,2018-05-30,2018-11-29,129,0.0719850356968135,3.924791342950668e-06,0.10618089762221881,0.8465985319200618,0.01235790465617832,1.9534883720930234,-0.03337569197012158,0.0,-0.032824868605786706
SPY,2018-11-30,2018-05-31,2018-11-30,129,0.0719850356968135,3.924791342950668e-06,0.10713359285566561,0.8465808342047683,0.011606151010310341,1.9534883720930234,-0.03337569197012158,0.0,-0.032824868605786706
SPY,2018-12-03,2018-06-04,2018-12-03,128,0.0719850356968135,3.885739016588484e-06,0.1110199100434736,0.8462679140662062,0.011308756957832188,1.96875,-0.03337569197012158,0.0,-0.032824868605786706
SPY,2018-12-04,2018-06-05,2018-12-04,128,0.0719850356968135,3.344486565883767e-06,0.12451164129313791,0.8562621077986569,0.011961956281110395,1.96875,-0.03337569197012158,0.0,-0.032824868605786706
SPY,2018-12-06,2018-06-07,2018-12-06,127,0.0719850356968135,3.344486565883767e-06,0.11916348200508566,0.8601222475833762,0.01597872114164854,1.984251968503937,-0.03337569197012158,0.0,-0.032824868605786706
SPY,2018-12-07,2018-06-08,2018-12-07,127,0.0719850356968135,3.2782612947715356e-06,0.12342579647129132,0.859952885401967,0.015154669588882154,1.984251968503937,-0.03337569197012158,0.0,-0.032824868605786706
SPY,2018-12-10,2018-06-11,2018-12-10,127,0.0719850356968135,3.31120836852955e-06,0.1181179778081597,0.8623219890937612,0.016194546269603174,1.984251968503937,-0.03337569197012158,0.0,-0.032824868605786706
SPY,2018-12-11,2018-06-12,2018-12-11,127,0.0719850356968135,3.31120836852955e-06,0.11201057569774861,0.8654084986337238,0.014939288065387357,1.984251968503937,-0.03337569197012158,0.0,-0.032824868605786706
SPY,2018-12-12,2018-06-13,2018-12-12,127,0.0719850356968135,3.31120836852955e-06,0.10906156309089848,0.866446472792909,0.013906560573866592,1.984251968503937,-0.03337569197012158,0.0,-0.032824868605786706
SPY,2018-12-13,2018-06-14,2018-12-13,127,0.0719850356968135,3.4120496762161e-06,0.10713359285566561,0.8650192088995017,0.01303429840621522,1.984251968503937,-0.03337569197012158,0.0,-0.032824868605786706
SPY,2018-12-14,2018-06-15,2018-12-14,127,0.0719850356968135,3.3780992146816534e-06,0.10906156309089848,0.8659637269932042,0.012396403431365359,1.984251968503937,-0.03337569197012158,0.0,-0.032824868605786706
SPY,2018-12-17,2018-06-18,2018-12-17,127,0.0719850356968135,3.31120836852955e-06,0.11401509196221103,0.8655462037455026,0.013531266246481051,1.984251968503937,-0.03337569197012158,0.0,-0.032824868605786706
SPY,2018-12-18,2018-06-19,2018-12-18,127,0.0719850356968135,3.3780992146816534e-06,0.11201057569774861,0.8647340870906307,0.014446719409855436,1.984251968503937,-0.03337569197012158,0.0,-0.032824868605786706
SPY,2018-12-19,2018-06-20,2018-12-19,127,0.0719850356968135,3.4120496762161e-06,0.11401509196221103,0.8632287391289598,0.013596695436697762,1.984251968503937,-0.03337569197012158,0.0,-0.032824868605786706
SPY,2018-12-20,2018-06-21,2018-12-20,127,0.0719850356968135,3.5159620589315072e-06,0.11811797780815961,0.8592302599537636,0.013858835845683513,1.984251968503937,-0.03337569197012158,0.0,-0.032824868605786706
SPY,2018-12-21,2018-06-22,2018-12-21,127,0.0719850356968135,3.5159620589315072e-06,0.12893721822552345,0.8548597265009978,0.014451881122432775,1.984251968503937,-0.03337569197012158,0.0,-0.032824868605786706
SPY,2018-12-24,2018-06-25,2018-12-24,127,0.0719850356968135,3.6962292885094245e-06,0.14302278966082216,0.8445100344601105,0.01701404835932821,1.984251968503937,-0.03337569197012158,0.0,-0.032824868605786706
SPY,2018-12-26,2018-06-27,2018-12-26,126,0.0719850356968135,4.251675705141092e-06,0.18535673325308333,0.8146419007584461,0.02034803235674965,2.0,-0.03337569197012158,0.0,-0.032824868605786706
SPY,2018-12-27,2018-06-28,2018-12-27,126,0.0719850356968135,4.126019698150887e-06,0.17939392143565086,0.8206050171030679,0.027468160107974465,2.0,-0.03337569197012158,0.0,-0.032824868605786706
SPY,2018-12-28,2018-06-29,2018-12-28,126,0.0719850356968135,4.084965116200086e-06,0.17646917171340937,0.8235297670555387,0.02512558429937818,2.0,-0.03337569197012158,0.0,-0.032824868605786706
SPY,2018-12-31,2018-07-02,2018-12-31,126,0.0719850356968135,4.2093708250303384e-06,0.17502090052171682,0.8226743496570476,0.022780680210033835,2.0,-0.03337569197012158,0.0,-0.032824868605786706
SPY,2019-01-02,2018-07-03,2019-01-02,126,0.0719850356968135,4.337565251744165e-06,0.17358200687596723,0.8206479518419882,0.02087307527400639,2.0,-0.03337569197012158,0.0,-0.032824868605786706
SPY,2019-01-03,2018-07-05,2019-01-03,126,0.0719850356968135,4.381158507262675e-06,0.17646917171340934,0.8196280374128591,0.019117904904981664,2.0,-0.03337569197012158,0.0,-0.032824868605786706
SPY,2019-01-04,2018-07-05,2019-01-04,127,0.0719850356968135,4.425189882282888e-06,0.1853567332530833,0.8146421486978006,0.02056927747529854,1.984251968503937,-0.03337569197012158,0.0,-0.032824868605786706
SPY,2019-01-07,2018-07-09,2019-01-07,126,0.0719850356968135,4.469663779979008e-06,0.18385182585969442,0.8161471130129102,0.023572665543680177,2.0,-0.03337569197012158,0.0,-0.032824868605786706
SPY,2019-01-08,2018-07-09,2019-01-08,127,0.0719850356968135,4.5145846477778505e-06,0.18235639836956666,0.8161866672408116,0.0215165333918592,1.984251968503937,-0.03337569197012158,0.0,-0.032824868605786706
SPY,2019-01-09,2018-07-10,2019-01-09,127,0.0719850356968135,4.5599569778036366e-06,0.1838518258596944,0.8144914221111768,0.019938151582092615,1.984251968503937,-0.03337569197012158,0.0,-0.032824868605786706
SPY,2019-01-10,2018-07-11,2019-01-10,127,0.0719850356968135,4.841928969706423e-06,0.1838518258596944,0.8097932402184678,0.01794470559642581,1.984251968503937,-0.03337569197012158,0.0,-0.032824868605786706
SPY,2019-01-11,2018-07-12,2019-01-11,127,0.0719850356968135,5.1413371358109925e-06,0.1883950448513488,0.8023961183285099,0.016142362566297475,1.984251968503937,-0.03337569197012158,0.0,-0.032824868605786706
SPY,2019-01-14,2018-07-16,2019-01-14,126,0.0719850356968135,5.514126140743402e-06,0.19302394788560995,0.7952558923635328,0.014394920954601667,2.0,-0.03337569197012158,0.0,-0.032824868605786706
SPY,2019-01-15,2018-07-16,2019-01-15,127,0.0719850356968135,5.682056282520643e-06,0.19458601108910029,0.7913106994335138,0.013097842478417995,1.984251968503937,-0.03337569197012158,0.0,-0.032824868605786706
SPY,2019-01-16,2018-07-17,2019-01-16,127,0.0719850356968135,6.0940518493503e-06,0.19932962237480384,0.7818593107718739,0.01242772965856128,1.984251968503937,-0.03337569197012158,0.0,-0.032824868605786706
SPY,2019-01-17,2018-07-18,2019-01-17,127,0.0719850356968135,6.40650056903882e-06,0.20415952403556326,0.7746153794183923,0.011091679724460988,1.984251968503937,-0.03337569197012158,0.0,-0.032824868605786706
SPY,2019-01-18,2018-07-19,2019-01-18,127,0.0719850356968135,6.4708869701824764e-06,0.20092999320569974,0.7775493921502811,0.010706448789035629,1.984251968503937,-0.03337569197012158,0.0,-0.032824868605786706
SPY,2019-01-22,2018-07-23,2019-01-22,126,0.0719850356968135,6.667954817125276e-06,0.1993296223748038,0.7788948636742106,0.011398458190397977,2.0,-0.03337569197012158,0.0,-0.032824868605786706
SPY,2019-01-23,2018-07-24,2019-01-23,126,0.0719850356968135,6.940079215492017e-06,0.2009299932056997,0.7739307112837103,0.012157809761254513,2.0,-0.03337569197012158,0.0,-0.032824868605786706
SPY,2019-01-24,2018-07-25,2019-01-24,126,0.0719850356968135,7.223309221232742e-06,0.20253995865257923,0.7687360608220208,0.010961748252570859,2.0,-0.03337569197012158,0.0,-0.032824868605786706
SPY,2019-01-25,2018-07-26,2019-01-25,126,0.0719850356968135,7.295904685806742e-06,0.2041595240355632,0.7677214295604489,0.010001093811517696,2.0,-0.03337569197012158,0.0,-0.032824868605786706
SPY,2019-01-28,2018-07-30,2019-01-28,125,0.0719850356968135,7.593656204468395e-06,0.20578869377271192,0.7650457022103745,0.009895291432464603,2.016,-0.03337569197012158,0.0,-0.032824868605786706
SPY,2019-01-29,2018-07-30,2019-01-29,126,0.0719850356968135,7.747058235501142e-06,0.20907585940255982,0.75985502249282,0.009746909636991577,2.0,-0.03337569197012158,0.0,-0.032824868605786706
SPY,2019-01-30,2018-07-31,2019-01-30,126,0.0719850356968135,7.824917465178721e-06,0.20253995865257932,0.7678898501251646,0.009139434079506159,2.0,-0.03337569197012158,0.0,-0.032824868605786706
SPY,2019-01-31,2018-08-01,2019-01-31,126,0.0719850356968135,7.90355919312359e-06,0.20092999320569982,0.76857123120757,0.010905875803763508,2.0,-0.03337569197012158,0.0,-0.032824868605786706
SPY,2019-02-01,2018-08-02,2019-02-01,126,0.0719850356968135,7.982991283574093e-06,0.19615763883960094,0.770069302141273,0.010627663627395667,2.0,-0.03337569197012158,0.0,-0.032824868605786706
SPY,2019-02-04,2018-08-06,2019-02-04,125,0.0719850356968135,8.308783338227831e-06,0.1945860110891003,0.7688834123490005,0.009767427938872761,2.016,-0.03337569197012158,0.0,-0.032824868605786706
SPY,2019-02-05,2018-08-06,2019-02-05,126,0.0719850356968135,8.226109562670323e-06,0.1945860110891003,0.7681786083030835,0.00943990002692064,2.0,-0.03337569197012158,0.0,-0.032824868605786706
SPY,2019-02-06,2018-08-07,2019-02-06,126,0.0719850356968135,8.476631895652011e-06,0.1945860110891003,0.7652311518412839,0.00895683532420952,2.0,-0.03337569197012158,0.0,-0.032824868605786706
SPY,2019-02-07,2018-08-08,2019-02-07,126,0.0719850356968135,8.647871218857718e-06,0.19302394788560998,0.7655511503777623,0.008460963491156782,2.0,-0.03337569197012158,0.0,-0.032824868605786706
SPY,2019-02-08,2018-08-09,2019-02-08,126,0.0719850356968135,8.734783769529604e-06,0.19302394788560998,0.7639497577534117,0.008983969582559773,2.0,-0.03337569197012158,0.0,-0.032824868605786706
SPY,2019-02-11,2018-08-13,2019-02-11,125,0.0719850356968135,9.182625710000876e-06,0.1961576388396009,0.757617852818963,0.008398791634828467,2.016,-0.03337569197012158,0.0,-0.032824868605786706
SPY,2019-02-12,2018-08-13,2019-02-12,126,0.0719850356968135,9.55737577434495e-06,0.19302394788560995,0.7592407637479791,0.008024040138841606,2.0,-0.03337569197012158,0.0,-0.032824868605786706
SPY,2019-02-13,2018-08-14,2019-02-13,126,0.0719850356968135,9.55737577434495e-06,0.19147143957328833,0.7597925615734661,0.009417537089413187,2.0,-0.03337569197012158,0.0,-0.032824868605786706
SPY,2019-02-14,2018-08-15,2019-02-14,126,0.0719850356968135,9.55737577434495e-06,0.1914714395732883,0.75933162032405,0.008848309222433992,2.0,-0.03337569197012158,0.0,-0.032824868605786706
SPY,2019-02-15,2018-08-16,2019-02-15,126,0.0719850356968135,9.947419678943553e-06,0.1930239478856099,0.7574094623732862,0.00845585525634755,2.0,-0.03337569197012158,0.0,-0.032824868605786706
SPY,2019-02-19,2018-08-20,2019-02-19,125,0.0719850356968135,1.014837088626673e-05,0.1914714395732883,0.7579252246524381,0.00929115931461328,2.016,-0.03337569197012158,0.0,-0.032824868605786706
SPY,2019-02-20,2018-08-21,2019-02-20,125,0.0719850356968135,1.0353381577257829e-05,0.18839504485134878,0.7573711397029336,0.008717964903767209,2.016,-0.03337569197012158,0.0,-0.032824868605786706
SPY,2019-02-21,2018-08-22,2019-02-21,125,0.0719850356968135,1.0562533758926758e-05,0.1883950448513488,0.7553104031339619,0.008283994769240074,2.016,-0.03337569197012158,0.0,-0.032824868605786706
SPY,2019-02-22,2018-08-23,2019-02-22,125,0.0719850356968135,1.0993598939061787e-05,0.1883950448513488,0.7515297937221802,0.008097366944816366,2.016,-0.03337569197012158,0.0,-0.032824868605786706
SPY,2019-02-25,2018-08-27,2019-02-25,124,0.0719850356968135,1.1442256222925506e-05,0.1899284756644345,0.7478498208300645,0.008256322591726819,2.032258064516129,-0.03337569197012158,0.0,-0.032824868605786706
SPY,2019-02-26,2018-08-27,2019-02-26,125,0.0719850356968135,1.1328403871222783e-05,0.19147143957328833,0.7458486876020245,0.007858270809912436,2.016,-0.03337569197012158,0.0,-0.032824868605786706
SPY,2019-02-27,2018-08-28,2019-02-27,125,0.0719850356968135,1.121568436934755e-05,0.19458601108910026,0.7446808304271594,0.007553226098293975,2.016,-0.03337569197012158,0.0,-0.032824868605786706
SPY,2019-02-28,2018-08-29,2019-02-28,125,0.0719850356968135,1.121568436934755e-05,0.19615763883960086,0.7432267884620088,0.007313825191594669,2.016,-0.03337569197012158,0.0,-0.032824868605786706
SPY,2019-03-01,2018-09-04,2019-03-01,123,0.0719850356968135,1.239524819131852e-05,0.19147143957328827,0.7410609089307034,0.007506424073852789,2.048780487804878,-0.03337569197012158,0.0,-0.032824868605786706
SPY,2019-03-04,2018-09-05,2019-03-04,123,0.0719850356968135,1.239524819131852e-05,0.18839504485134873,0.7426278293184578,0.007916104410667545,2.048780487804878,-0.03337569197012158,0.0,-0.032824868605786706
SPY,2019-03-05,2018-09-06,2019-03-05,123,0.0719850356968135,1.239524819131852e-05,0.18839504485134873,0.7426269143070048,0.007884083001356885,2.048780487804878,-0.03337569197012158,0.0,-0.032824868605786706
SPY,2019-03-06,2018-09-07,2019-03-06,123,0.0719850356968135,1.2519822506691e-05,0.1853567332530832,0.7447699327773196,0.007730425045053043,2.048780487804878,-0.03337569197012158,0.0,-0.032824868605786706
SPY,2019-03-07,2018-09-10,2019-03-07,123,0.0719850356968135,1.2901107866313016e-05,0.18235639836956657,0.7449045388593176,0.008171116379300559,2.048780487804878,-0.03337569197012158,0.0,-0.032824868605786706
SPY,2019-03-08,2018-09-10,2019-03-08,124,0.0719850356968135,1.2519822506691e-05,0.18235639836956657,0.7462181373786546,0.008588726544178806,2.032258064516129,-0.03337569197012158,0.0,-0.032824868605786706
SPY,2019-03-11,2018-09-12,2019-03-11,123,0.0719850356968135,1.4116060458626698e-05,0.17792683930138264,0.7427157035318237,0.008566851748125758,2.048780487804878,-0.03337569197012158,0.0,-0.032824868605786706
SPY,2019-03-12,2018-09-13,2019-03-12,123,0.0719850356968135,1.4116060458626698e-05,0.1707322733911807,0.7470187071166213,0.01018959233161659,2.048780487804878,-0.03337569197012158,0.0,-0.032824868605786706
SPY,2019-03-13,2018-09-14,2019-03-13,123,0.0719850356968135,1.425792922480611e-05,0.16932139245757716,0.7475435986908581,0.009661267005910653,2.048780487804878,-0.03337569197012158,0.0,-0.032824868605786706
SPY,2019-03-14,2018-09-17,2019-03-14,123,0.0719850356968135,1.4116060458626698e-05,0.16377059767181204,0.7517818013544229,0.009554310955495717,2.048780487804878,-0.03337569197012158,0.0,-0.032824868605786706
SPY,2019-03-15,2018-09-17,2019-03-15,124,0.0719850356968135,1.3836543733863843e-05,0.16377059767181204,0.7517809023405886,0.009040175967484094,2.032258064516129,-0.03337569197012158,0.0,-0.032824868605786706
SPY,2019-03-18,2018-09-19,2019-03-18,123,0.0719850356968135,1.3562561811084243e-05,0.1597042115640703,0.7576971775179768,0.008700710278955592,2.048780487804878,-0.03337569197012158,0.0,-0.032824868605786706
SPY,2019-03-19,2018-09-20,2019-03-19,123,0.0719850356968135,1.22719134110946e-05,0.1531090851914067,0.7715431039293013,0.008445687484579068,2.048780487804878,-0.03337569197012158,0.0,-0.032824868605786706
SPY,2019-03-20,2018-09-21,2019-03-20,123,0.0719850356968135,1.0884210801923194e-05,0.14673869366293368,0.7858692222185291,0.008087714862337003,2.048780487804878,-0.03337569197012158,0.0,-0.032824868605786706
SPY,2019-03-21,2018-09-24,2019-03-21,123,0.0719850356968135,9.750447572126018e-06,0.13349608267565866,0.805256916905734,0.007993290204573277,2.048780487804878,-0.03337569197012158,0.0,-0.032824868605786706
SPY,2019-03-22,2018-09-24,2019-03-22,124,0.0719850356968135,1.3698867823375066e-05,0.15053416292431138,0.7696514500482503,0.009231282267344092,2.032258064516129,-0.03337569197012158,0.0,-0.032824868605786706
SPY,2019-03-25,2018-09-26,2019-03-25,123,0.0719850356968135,8.226109562670353e-06,0.11502902235705043,0.8326006956976796,0.010651841420300248,2.048780487804878,-0.03337569197012158,0.0,-0.032824868605786706
SPY,2019-03-26,2018-09-27,2019-03-26,123,0.0719850356968135,6.1552980886558525e-06,0.10713359285566548,0.8515654491780212,0.009742325051282643,2.048780487804878,-0.03337569197012158,0.0,-0.032824868605786706
SPY,2019-03-27,2018-09-28,2019-03-27,123,0.0719850356968135,4.841928969706388e-06,0.10336748208969708,0.8617225859254539,0.009281912691030077,2.048780487804878,-0.03337569197012158,0.0,-0.032824868605786706
SPY,2019-03-28,2018-10-01,2019-03-28,123,0.0719850356968135,4.004077387403666e-06,0.10244443044761807,0.866121419018956,0.008789082887339325,2.048780487804878,-0.03337569197012158,0.0,-0.032824868605786706
SPY,2019-03-29,2018-10-01,2019-03-29,124,0.0719850356968135,3.88573901658847e-06,0.10244443044761807,0.8667215090847038,0.008458612583640716,2.032258064516129,-0.03337569197012158,0.0,-0.032824868605786706
SPY,2019-04-01,2018-10-02,2019-04-01,124,0.0719850356968135,3.770898073183449e-06,0.1061808976222187,0.8642766300846139,0.008340377695478686,2.032258064516129,-0.03337569197012158,0.0,-0.032824868605786706
SPY,2019-04-02,2018-10-03,2019-04-02,124,0.0719850356968135,3.278261294771524e-06,0.10809380113037466,0.8643574058864147,0.008634008411516469,2.032258064516129,-0.03337569197012158,0.0,-0.032824868605786706
SPY,2019-04-03,2018-10-04,2019-04-03,124,0.0719850356968135,3.087350219237798e-06,0.11300895634686127,0.8598573639388734,0.008132482167417616,2.032258064516129,-0.03337569197012158,0.0,-0.032824868605786706
SPY,2019-04-04,2018-10-05,2019-04-04,124,0.0719850356968135,2.9075569392317115e-06,0.11502902235705038,0.8576344511843602,0.007663983172079701,2.032258064516129,-0.03337569197012158,0.0,-0.032824868605786706
SPY,2019-04-05,2018-10-08,2019-04-05,124,0.0719850356968135,2.793550000947879e-06,0.12021697738858848,0.8523411748112044,0.007221149564261658,2.032258064516129,-0.03337569197012158,0.0,-0.032824868605786706
SPY,2019-04-08,2018-10-09,2019-04-08,124,0.0719850356968135,2.710988121164297e-06,0.13006434744041173,0.8427999912645722,0.006897191445594007,0.0,0.0,0.0,0.0
SPY,2019-04-09,2018-10-10,2019-04-09,124,0.0719850356968135,2.8499834543987646e-06,0.1405893018960792,0.831812181831213,0.006463423512852051,0.0,0.0,0.0,0.0
SPY,2019-04-10,2018-10-11,2019-04-10,124,0.0719850356968135,2.738234004745192e-06,0.1454912599699863,0.8310124467878107,0.006537382252541934,0.0,0.0,0.0,0.0
SPY,2019-04-11,2018-10-12,2019-04-11,124,0.0719850356968135,2.5531124634807316e-06,0.1467386936629338,0.8315562991650445,0.006251254998997516,2.032258064516129,-0.031324457491559876,0.0,-0.030838929512423396
SPY,2019-04-12,2018-10-15,2019-04-12,124,0.5095551690226116,2.5095291822171518e-06,0.13649317012993442,0.8419878127540724,0.00601285517452788,6.096774193548387,-0.027708212398637855,0.007499034424170956,-0.02730051118605603
SPY,2019-04-15,2018-10-16,2019-04-15,124,0.28853202362823777,2.37084980110237e-06,0.1451619238859358,0.839620994459577,0.006041257574920018,4.064516129032258,-0.025205383746076837,0.008653677080023247,-0.02485386843092874
SPY,2019-04-16,2018-10-17,2019-04-16,124,0.28853202362823777,2.0611177994819646e-06,0.15537169350568852,0.8261554021973312,0.005411572374500102,6.096774193548387,-0.027708212398637855,0.007499034424170956,-0.02730051118605603
SPY,2019-04-17,2018-10-18,2019-04-17,124,0.28853202362823777,1.8837198334641812e-06,0.16340780608882693,0.8195058055872132,0.004959148012678592,6.096774193548387,-0.027708212398637855,0.007499034424170956,-0.02730051118605603
SPY,2019-04-18,2018-10-19,2019-04-18,124,0.28853202362823777,1.6052001562389707e-06,0.15668828950726385,0.8257464114563804,0.0047878003962385255,6.096774193548387,-0.027708212398637855,0.007499034424170956,-0.02730051118605603
SPY,2019-04-22,2018-10-23,2019-04-22,123,0.28853202362823777,1.3011499582761936e-06,0.1941708255480767,0.7961542836895247,0.004068335082452033,4.097560975609756,-0.025900089852176844,0.00963613987713328,-0.025522317959567387
SPY,2019-04-23,2018-10-24,2019-04-23,123,0.28853202362823777,2.4924058697477773e-06,0.18646859480362385,0.7892227917778736,0.004360978311925576,4.097560975609756,-0.025900089852176844,0.00963613987713328,-0.025522317959567387
SPY,2019-04-24,2018-10-25,2019-04-24,123,0.28853202362823777,2.277887450715553e-06,0.1973185773945086,0.7867583986239882,0.005308572856164047,4.097560975609756,-0.025900089852176844,0.00963613987713328,-0.025522317959567387
SPY,2019-04-25,2018-10-26,2019-04-25,123,0.28853202362823777,2.0203049325811722e-06,0.19417082554807674,0.7917573997323589,0.005077730055819973,4.097560975609756,-0.025900089852176844,0.00963613987713328,-0.025522317959567387
SPY,2019-04-26,2018-10-29,2019-04-26,123,0.28853202362823777,1.9026515325302638e-06,0.1989068181600528,0.7906817176352586,0.004743768643168647,4.097560975609756,-0.025900089852176844,0.00963613987713328,-0.025522317959567387
SPY,2019-04-29,2018-10-30,2019-04-29,123,0.28853202362823777,1.6376273504061607e-06,0.19731857739450864,0.7935055133142405,0.004598112114200129,4.097560975609756,-0.025900089852176844,0.00963613987713328,-0.025522317959567387
SPY,2019-04-30,2018-10-31,2019-04-30,123,0.28853202362823777,1.340775873859137e-06,0.1989068181600528,0.7957829483270293,0.004160322425285017,4.097560975609756,-0.025900089852176844,0.00963613987713328,-0.025522317959567387
SPY,2019-05-01,2018-11-02,2019-05-01,122,0.28853202362823777,2.3946772377349316e-06,0.19261129724543233,0.7888304491216359,0.004376911191758346,4.131147540983607,-0.025900089852176844,0.00963613987713328,-0.025522317959567387
SPY,2019-05-02,2018-11-05,2019-05-02,122,0.28853202362823777,2.255222091880254e-06,0.18798998183795218,0.7922185478684932,0.005581013077169589,4.131147540983607,-0.025900089852176844,0.00963613987713328,-0.025522317959567387
SPY,2019-05-03,2018-11-05,2019-05-03,123,0.28853202362823777,2.5683109289339587e-06,0.19417082554807677,0.7852061420515818,0.005488285007833999,4.097560975609756,-0.025900089852176844,0.00963613987713328,-0.025522317959567387
SPY,2019-05-06,2018-11-07,2019-05-06,122,0.28853202362823777,2.6201942513037853e-06,0.1989068181600528,0.7784950085260777,0.006357924914913423,4.131147540983607,-0.025900089852176844,0.00963613987713328,-0.025522317959567387
SPY,2019-05-07,2018-11-08,2019-05-07,122,0.28853202362823777,3.869976585417404e-06,0.2528950424163501,0.7347977745554941,0.0068394025718449825,2.0655737704918034,-0.03271386970375989,0.0,-0.032184558706055966
SPY,2019-05-08,2018-11-09,2019-05-08,122,0.28853202362823777,3.869976585417404e-06,0.24173123255727155,0.7394189086162568,0.01068058610168107,2.0655737704918034,-0.03271386970375989,0.0,-0.032184558706055966
SPY,2019-05-09,2018-11-12,2019-05-09,122,0.28853202362823777,3.7933459147543473e-06,0.22737610824111737,0.7476551986676266,0.009328105505474672,2.0655737704918034,-0.03271386970375989,0.0,-0.032184558706055966
SPY,2019-05-10,2018-11-12,2019-05-10,123,0.28853202362823777,3.6812356001778388e-06,0.22042776430626826,0.7526144791327412,0.008437596173839637,2.048780487804878,-0.03271386970375989,0.0,-0.032184558706055966
SPY,2019-05-13,2018-11-14,2019-05-13,122,0.28853202362823777,4.150581549122424e-06,0.2586031395390305,0.7391113163449969,0.008046972476678347,2.0655737704918034,-0.02432755427031985,0.0,-0.024034024427366574
SPY,2019-05-14,2018-11-15,2019-05-14,122,0.28853202362823777,4.109282572671021e-06,0.2491362227379762,0.7438133546361317,0.01460945232669785,2.0655737704918034,-0.02432755427031985,0.0,-0.024034024427366574
SPY,2019-05-15,2018-11-16,2019-05-15,122,0.28853202362823777,4.192295587187568e-06,0.2362767015569327,0.7486985252578103,0.012997244586559197,2.0655737704918034,-0.02432755427031985,0.0,-0.024034024427366574
SPY,2019-05-16,2018-11-19,2019-05-16,122,0.28853202362823777,4.234428858305015e-06,0.23447751577394196,0.7466627236067374,0.011600284022325035,2.0655737704918034,-0.02432755427031985,0.0,-0.024034024427366574
SPY,2019-05-17,2018-11-19,2019-05-17,123,0.28853202362823777,4.234428858305015e-06,0.2309077197185852,0.748000814570768,0.010893607987267753,4.097560975609756,-0.02852071198703987,0.005930020512154852,-0.028100747335113474
SPY,2019-05-20,2018-11-21,2019-05-20,122,0.28853202362823777,4.4962713154946095e-06,0.24173123255727155,0.7390313586066065,0.010231700368603077,4.131147540983607,-0.02852071198703987,0.005930020512154852,-0.028100747335113474
SPY,2019-05-21,2018-11-23,2019-05-21,122,0.28853202362823777,4.496271315494602e-06,0.2380853935418509,0.7386623917034693,0.00977241528076991,4.131147540983607,-0.02852071198703987,0.005930020512154852,-0.028100747335113474
SPY,2019-05-22,2018-11-23,2019-05-22,123,0.28853202362823777,4.587102021191455e-06,0.2362767015569328,0.7370348182637569,0.009320855728847754,4.097560975609756,-0.02852071198703987,0.005930020512154852,-0.028100747335113474
SPY,2019-05-23,2018-11-26,2019-05-23,123,0.28853202362823777,4.541459593471073e-06,0.23090771971858529,0.7419546363701852,0.008534929077497916,4.097560975609756,-0.02852071198703987,0.005930020512154852,-0.028100747335113474
SPY,2019-05-24,2018-11-26,2019-05-24,124,0.28853202362823777,4.541459593471073e-06,0.22562464912624133,0.7437045766838388,0.00981698810180296,4.064516129032258,-0.02852071198703987,0.005930020512154852,-0.028100747335113474
SPY,2019-05-28,2018-11-29,2019-05-28,122,0.2324099463151891,5.186567983052955e-06,0.20626785375165047,0.752651509065442,0.008714183494036293,4.131147540983607,-0.02852071198703987,0.005930020512154852,-0.028100747335113474
SPY,2019-05-29,2018-11-30,2019-05-29,122,0.2324099463151891,5.134960769350346e-06,0.2162615911540942,0.73611421677598,0.008778408792488748,4.131147540983607,-0.02852071198703987,0.005930020512154852,-0.028100747335113474
SPY,2019-05-30,2018-12-03,2019-05-30,122,0.2324099463151891,5.238693857876042e-06,0.2112214677397174,0.732073964636519,0.008537433209529271,4.131147540983607,-0.02852071198703987,0.005930020512154852,-0.028100747335113474
SPY,2019-05-31,2018-12-03,2019-05-31,123,0.2324099463151891,5.291343606450509e-06,0.209560651148715,0.737197345618094,0.007769953077112558,4.097560975609756,-0.02852071198703987,0.005930020512154852,-0.028100747335113474
SPY,2019-06-03,2018-12-04,2019-06-03,123,0.17628786900214044,5.522860597551202e-06,0.18513218499722922,0.7511856570417033,0.009232860414045871,4.097560975609756,-0.02852071198703987,0.005930020512154852,-0.028100747335113474
SPY,2019-06-04,2018-12-06,2019-06-04,123,0.17628786900214044,5.634429782402713e-06,0.20391790615953878,0.7444126554195608,0.008664306072299725,2.048780487804878,-0.02432755427031985,0.0,-0.024034024427366574
SPY,2019-06-05,2018-12-06,2019-06-05,124,0.17628786900214044,5.578366269339168e-06,0.1990922888045698,0.7479434582338322,0.012033996951913031,2.032258064516129,-0.02432755427031985,0.0,-0.024034024427366574
SPY,2019-06-06,2018-12-07,2019-06-06,124,0.17628786900214044,5.634429782402703e-06,0.2071829940671679,0.7378850074250177,0.011212626557079683,2.032258064516129,-0.02432755427031985,0.0,-0.024034024427366574
SPY,2019-06-07,2018-12-10,2019-06-07,124,0.17628786900214044,6.678516955505875e-06,0.21215270388920665,0.7245481376968337,0.010280174118962801,2.032258064516129,-0.02432755427031985,0.0,-0.024034024427366574
SPY,2019-06-10,2018-12-11,2019-06-10,124,0.17628786900214044,6.352801840104109e-06,0.2104865214936402,0.725493713777424,0.010104860726509754,2.032258064516129,-0.02432755427031985,0.0,-0.024034024427366574
SPY,2019-06-11,2018-12-12,2019-06-11,124,0.17628786900214044,6.289590405636472e-06,0.21551390543536325,0.7184953898245676,0.009070337258032461,2.032258064516129,-0.02432755427031985,0.0,-0.024034024427366574
SPY,2019-06-12,2018-12-13,2019-06-12,124,0.17628786900214044,6.481136950198627e-06,0.22235159058900375,0.7059861539730786,0.007962145282096125,2.032258064516129,-0.02432755427031985,0.0,-0.024034024427366574
SPY,2019-06-13,2018-12-14,2019-06-13,124,0.17628786900214044,6.95107240291703e-06,0.23648671830993062,0.6843969526201423,0.007084039460471946,2.032258064516129,-0.02432755427031985,0.0,-0.024034024427366574
SPY,2019-06-14,2018-12-17,2019-06-14,124,0.17628786900214044,7.234751049147412e-06,0.24011580176176545,0.6745603447629711,0.0065935268701305385,2.032258064516129,-0.02432755427031985,0.0,-0.024034024427366574
SPY,2019-06-17,2018-12-18,2019-06-17,124,0.17628786900214044,7.837312249389217e-06,0.270497563375759,0.6453821744384987,0.005997757891284459,2.032258064516129,-0.02432755427031985,0.0,-0.024034024427366574
SPY,2019-06-18,2018-12-19,2019-06-18,124,0.17628786900214044,8.239139841056636e-06,0.25691321008610973,0.6487012658770818,0.005677449570012193,2.032258064516129,-0.02432755427031985,0.0,-0.024034024427366574
SPY,2019-06-19,2018-12-20,2019-06-19,124,0.17628786900214044,8.239139841056636e-06,0.24935393293458463,0.6493193663269535,0.0070032301278769,2.032258064516129,-0.02432755427031985,0.0,-0.024034024427366574
SPY,2019-06-20,2018-12-21,2019-06-20,124,0.17628786900214044,8.490059005093864e-06,0.21720892143104192,0.6646685731123302,0.006465684734756021,2.032258064516129,-0.02432755427031985,0.0,-0.024034024427366574
SPY,2019-06-21,2018-12-24,2019-06-21,124,0.17628786900214044,8.490059005093864e-06,0.22062776857147373,0.6617647779857321,0.007284078870583815,6.096774193548387,-0.0011092934136425943,0.0428923082632779,-0.00018940042104176325
SPY,2019-06-24,2018-12-26,2019-06-24,124,0.17628786900214044,5.923313174800174e-06,0.06345918206127789,0.8196410078410195,0.0069513228594052625,4.064516129032258,0.012029704792552831,0.05141692885742667,0.013441085101916217
SPY,2019-06-25,2018-12-26,2019-06-25,125,0.17628786900214044,5.982843461898769e-06,0.06169951320432315,0.8222013224298672,0.006827088223642996,4.032,0.012029704792552831,0.05141692885742667,0.013441085101916217
SPY,2019-06-26,2018-12-27,2019-06-26,125,0.17628786900214044,1.0473999522322485e-05,0.1050956509943832,0.7217555001249287,0.007581458781663003,6.048,-0.005134706476293142,0.033648835021925276,-0.004558164319712565
SPY,2019-06-27,2018-12-28,2019-06-27,125,0.17628786900214044,1.4138420505753765e-05,0.10989129265534867,0.6520372139454214,0.007258818757734881,6.048,-0.005134706476293142,0.033648835021925276,-0.004558164319712565
SPY,2019-06-28,2018-12-31,2019-06-28,125,0.17628786900214044,1.3584045108222852e-05,0.11692670376189528,0.6486089315430146,0.006937935866242464,4.032,-0.024561401287858775,0.00033070962372404533,-0.024262171119320053
SPY,2019-07-01,2019-01-02,2019-07-01,125,0.17628786900214044,1.3051407080949283e-05,0.10699134616139606,0.6576430259809072,0.006841043571993898,6.048,-0.005134706476293142,0.033648835021925276,-0.004558164319712565
SPY,2019-07-02,2019-01-03,2019-07-02,125,0.17628786900214044,1.266567970823059e-05,0.13217298483024542,0.6305765027173845,0.006840145313224435,4.032,-0.024561401287858775,0.00033070962372404533,-0.024262171119320053
SPY,2019-07-03,2019-01-04,2019-07-03,125,0.6138580023279385,1.220295237245529e-05,4.346839820938711e-06,0.7555831999261382,0.00706591992475656,6.048,-0.0032317270413585084,0.03210712179845343,-0.0027126076193152437
SPY,2019-07-05,2019-01-07,2019-07-05,125,0.466872793314558,1.0139531170447595e-05,0.05963067042604158,0.7677078444157799,0.007117503077720822,2.016,-0.02432755427031985,0.0,-0.024034024427366574
SPY,2019-07-08,2019-01-09,2019-07-08,124,0.3367127796205161,9.278083118537565e-06,0.050544483314026126,0.7766096973886643,0.006875534260840023,2.032258064516129,-0.02432755427031985,0.0,-0.024034024427366574
SPY,2019-07-09,2019-01-10,2019-07-09,124,0.3367127796205161,8.737769620685418e-06,0.043812810332694914,0.7763472045182446,0.006677938873999986,4.064516129032258,-0.021706932135456825,0.0037061193649784263,-0.021466311944104532
SPY,2019-07-10,2019-01-11,2019-07-10,124,0.3367127796205161,8.479529501570011e-06,0.050066762384212884,0.7741518127210024,0.006510182413922958,4.064516129032258,-0.021706932135456825,0.0037061193649784263,-0.021466311944104532
SPY,2019-07-11,2019-01-14,2019-07-11,124,0.3367127796205161,7.672595580360373e-06,0.06398097618007802,0.7751572494110487,0.006291991360821222,4.064516129032258,-0.021706932135456825,0.0037061193649784263,-0.021466311944104532
SPY,2019-07-12,2019-01-14,2019-07-12,125,0.3367127796205161,7.520668008688515e-06,0.07289408679424648,0.7690902460740854,0.0061020546953550175,4.032,-0.021706932135456825,0.0037061193649784263,-0.021466311944104532
SPY,2019-07-15,2019-01-16,2019-07-15,124,0.3367127796205161,6.873373027212103e-06,0.08293873191881178,0.7708581242569285,0.005923187594663954,4.064516129032258,-0.021706932135456825,0.0037061193649784263,-0.021466311944104532
SPY,2019-07-16,2019-01-17,2019-07-16,124,0.3367127796205161,6.408690532480813e-06,0.09947315545764723,0.7640525120565977,0.005633260225752127,4.064516129032258,-0.021706932135456825,0.0037061193649784263,-0.021466311944104532
SPY,2019-07-17,2019-01-18,2019-07-17,124,0.2805907023074674,6.6225382089475895e-06,0.08260334255486956,0.7806793028185873,0.005948234608578948,4.064516129032258,-0.021706932135456825,0.0037061193649784263,-0.021466311944104532
SPY,2019-07-18,2019-01-22,2019-07-18,124,0.2805907023074674,6.2368716074933895e-06,0.059666539313221925,0.8001970400361383,0.006176506777503546,4.064516129032258,-0.021706932135456825,0.0037061193649784263,-0.021466311944104532
SPY,2019-07-19,2019-01-22,2019-07-19,125,0.2805907023074674,6.299553209231201e-06,0.05692237615121941,0.8025313938949996,0.0061351135808734684,4.032,-0.021706932135456825,0.0037061193649784263,-0.021466311944104532
SPY,2019-07-22,2019-01-23,2019-07-22,125,0.2805907023074674,6.299553209231201e-06,0.06676542248237269,0.7941543992299515,0.006264424112436445,4.032,-0.021706932135456825,0.0037061193649784263,-0.021466311944104532
SPY,2019-07-23,2019-01-24,2019-07-23,125,0.2805907023074674,6.2368716074933895e-06,0.06930115382538976,0.7919957175819995,0.006102288974410179,4.032,-0.021706932135456825,0.0037061193649784263,-0.021466311944104532
SPY,2019-07-24,2019-01-25,2019-07-24,125,0.2805907023074674,6.174813698113738e-06,0.07816930385202715,0.7832751670800121,0.006099434990370505,4.032,-0.021706932135456825,0.0037061193649784263,-0.021466311944104532
SPY,2019-07-25,2019-01-28,2019-07-25,125,0.2805907023074674,6.174813698113738e-06,0.07464178827554406,0.7862716306268678,0.006039963986294432,4.032,-0.021706932135456825,0.0037061193649784263,-0.021466311944104532
SPY,2019-07-26,2019-01-28,2019-07-26,126,0.2805907023074674,6.174813698113738e-06,0.07464178827554406,0.7862707809325324,0.006155676324272186,4.0,-0.021706932135456825,0.0037061193649784263,-0.021466311944104532
SPY,2019-07-29,2019-01-30,2019-07-29,125,0.2805907023074674,6.052544194807468e-06,0.07962256871509099,0.7820377948877688,0.006184926356971993,4.032,-0.021706932135456825,0.0037061193649784263,-0.021466311944104532
SPY,2019-07-30,2019-01-31,2019-07-30,125,0.2805907023074674,5.815220542373722e-06,0.08968409233594977,0.7791997328618617,0.006009407439294762,4.032,-0.021706932135456825,0.0037061193649784263,-0.021466311944104532
SPY,2019-07-31,2019-02-01,2019-07-31,125,0.22446862499441872,6.317366690700131e-06,0.07365209245244209,0.7940320832127642,0.006193740232800268,4.032,-0.021706932135456825,0.0037061193649784263,-0.021466311944104532
SPY,2019-08-01,2019-02-04,2019-08-01,125,0.22446862499441872,6.069659199677341e-06,0.07642793440712586,0.7916518742393694,0.00678408553584467,4.032,-0.021706932135456825,0.0037061193649784263,-0.021466311944104532
SPY,2019-08-02,2019-02-04,2019-08-02,126,0.22446862499441872,6.192274449016548e-06,0.07929942847810274,0.7869190257076258,0.007095776181425634,4.0,-0.021706932135456825,0.0037061193649784263,-0.021466311944104532
SPY,2019-08-05,2019-02-06,2019-08-05,125,0.22446862499441872,6.069659199677341e-06,0.26073134731676134,0.6843135123536345,0.008709565403716943,4.032,-0.027234593363049786,0.004111174111287451,-0.026858851920162907
SPY,2019-08-06,2019-02-07,2019-08-06,125,0.22446862499441872,6.009265081554662e-06,0.2607313473167613,0.6838017177503711,0.017571938162132032,4.032,-0.027234593363049786,0.004111174111287451,-0.026858851920162907
SPY,2019-08-07,2019-02-08,2019-08-07,125,0.22446862499441872,6.130660288778055e-06,0.23287969392733532,0.6985948910040273,0.0153805363293034,4.032,-0.027234593363049786,0.004111174111287451,-0.026858851920162907
SPY,2019-08-08,2019-02-11,2019-08-08,125,0.22446862499441872,5.949471894947875e-06,0.25689615868558846,0.6873474766443523,0.013416550845251575,4.032,-0.027234593363049786,0.004111174111287451,-0.026858851920162907
SPY,2019-08-09,2019-02-11,2019-08-09,126,0.22446862499441872,6.069659199677341e-06,0.24747084449561355,0.6894689948261018,0.014375336287035198,4.0,-0.027234593363049786,0.004111174111287451,-0.026858851920162907
SPY,2019-08-12,2019-02-13,2019-08-12,125,0.22446862499441872,6.009265081554662e-06,0.26460337640140735,0.6817285812061643,0.012919075522410298,4.032,-0.027234593363049786,0.004111174111287451,-0.026858851920162907
SPY,2019-08-13,2019-02-14,2019-08-13,125,0.22446862499441872,6.009265081554662e-06,0.2724569278452698,0.67685630688083,0.012808675104403562,4.032,-0.027234593363049786,0.004111174111287451,-0.026858851920162907
SPY,2019-08-14,2019-02-15,2019-08-14,125,0.22446862499441872,5.1207579154983375e-06,0.31815039421530905,0.6758342234874857,0.013802393270806124,4.032,-0.027234593363049786,0.004111174111287451,-0.026858851920162907
SPY,2019-08-15,2019-02-19,2019-08-15,125,0.22446862499441872,4.919970125666471e-06,0.31598604721640183,0.6827736666517177,0.02064426213947853,4.032,-0.027234593363049786,0.004111174111287451,-0.026858851920162907
SPY,2019-08-16,2019-02-19,2019-08-16,126,0.22446862499441872,4.919970125666471e-06,0.31598604721640183,0.6819907351372393,0.01721069787572906,4.0,-0.027234593363049786,0.004111174111287451,-0.026858851920162907
SPY,2019-08-19,2019-02-20,2019-08-19,126,0.22446862499441872,5.224204087344018e-06,0.3074086599509702,0.6809650368888982,0.016069959910116772,4.0,-0.027234593363049786,0.004111174111287451,-0.026858851920162907
SPY,2019-08-20,2019-02-21,2019-08-20,126,0.22446862499441872,5.603001624218169e-06,0.29687146258068337,0.6795295871293827,0.014575391091788258,4.0,-0.027234593363049786,0.004111174111287451,-0.026858851920162907
SPY,2019-08-21,2019-02-22,2019-08-21,126,0.22446862499441872,6.06965919967732e-06,0.2927154489840822,0.6731016005190059,0.01292893644274264,4.0,-0.027234593363049786,0.004111174111287451,-0.026858851920162907
SPY,2019-08-22,2019-02-25,2019-08-22,126,0.22446862499441872,6.641265007141659e-06,0.2927154489840822,0.6619086858480536,0.011354830550232845,4.0,-0.027234593363049786,0.004111174111287451,-0.026858851920162907
SPY,2019-08-23,2019-02-25,2019-08-23,127,0.22446862499441872,4.1095044870025556e-06,0.25880913294519603,0.741187628429818,0.011249304434081234,3.968503937007874,-0.027234593363049786,0.004111174111287451,-0.026858851920162907
SPY,2019-08-26,2019-02-27,2019-08-26,126,0.22446862499441872,4.068614234148341e-06,0.24376630525910262,0.7511330351249379,0.016715477439752456,4.0,-0.027234593363049786,0.004111174111287451,-0.026858851920162907
SPY,2019-08-27,2019-02-28,2019-08-27,126,0.22446862499441872,4.150805693730069e-06,0.23109853789916315,0.7560181847554258,0.015224299266308482,4.0,-0.027234593363049786,0.004111174111287451,-0.026858851920162907
SPY,2019-08-28,2019-03-01,2019-08-28,126,0.22446862499441872,4.363622052491448e-06,0.2223361457895094,0.7564108875177183,0.013347226118558863,4.0,-0.027234593363049786,0.004111174111287451,-0.026858851920162907
SPY,2019-08-29,2019-03-01,2019-08-29,127,0.22446862499441872,4.363622052491448e-06,0.22233614578950936,0.7564099148469644,0.012091588128274105,3.968503937007874,-0.027234593363049786,0.004111174111287451,-0.026858851920162907
SPY,2019-08-30,2019-03-01,2019-08-30,128,0.22446862499441872,4.633453370646687e-06,0.21719373395008273,0.7533608822888788,0.011915825346432088,3.9375,-0.027234593363049786,0.004111174111287451,-0.026858851920162907
SPY,2019-09-03,2019-03-04,2019-09-03,128,0.22446862499441872,4.680020351198387e-06,0.21719373395008273,0.7519098087928685,0.010525420108817357,3.9375,-0.027234593363049786,0.004111174111287451,-0.026858851920162907
SPY,2019-09-04,2019-03-05,2019-09-04,128,0.22446862499441872,4.680020351198387e-06,0.21549880380272698,0.7526322136394439,0.010037229506836193,3.9375,-0.027234593363049786,0.004111174111287451,-0.026858851920162907
SPY,2019-09-05,2019-03-06,2019-09-05,128,0.22446862499441872,4.680020351198387e-06,0.21549880380272698,0.7529355968689977,0.010097298265685156,3.9375,-0.027234593363049786,0.004111174111287451,-0.026858851920162907
SPY,2019-09-06,2019-03-07,2019-09-06,128,0.22446862499441872,4.727055337685236e-06,0.21381348313759652,0.7517037561781414,0.010601696647695386,3.9375,-0.027234593363049786,0.004111174111287451,-0.026858851920162907
SPY,2019-09-09,2019-03-11,2019-09-09,127,0.22446862499441872,4.919970125666428e-06,0.21719373395008273,0.7443085525582366,0.009349293951912828,3.968503937007874,-0.027234593363049786,0.004111174111287451,-0.026858851920162907
SPY,2019-09-10,2019-03-11,2019-09-10,128,0.22446862499441872,5.069805522908821e-06,0.2188982705314867,0.7384640218843922,0.008281570644366545,3.9375,-0.027234593363049786,0.004111174111287451,-0.026858851920162907
SPY,2019-09-11,2019-03-12,2019-09-11,128,0.22446862499441872,5.276708211303572e-06,0.24192817787144075,0.7221813868920353,0.007356627650309268,3.9375,-0.027234593363049786,0.004111174111287451,-0.026858851920162907
SPY,2019-09-12,2019-03-13,2019-09-12,128,0.22446862499441872,5.2242040873439725e-06,0.23828030313606652,0.7231730548321712,0.007324297927072656,3.9375,-0.027234593363049786,0.004111174111287451,-0.026858851920162907
SPY,2019-09-13,2019-03-14,2019-09-13,128,0.22446862499441872,5.172222388146625e-06,0.2400995045046123,0.7210782338139095,0.006673106546824542,3.9375,-0.027234593363049786,0.004111174111287451,-0.026858851920162907
SPY,2019-09-16,2019-03-18,2019-09-16,127,0.22446862499441872,4.727055337685228e-06,0.23287969392733532,0.7290290038453556,0.006119787520094375,3.968503937007874,-0.027234593363049786,0.004111174111287451,-0.026858851920162907
SPY,2019-09-17,2019-03-18,2019-09-17,128,0.22446862499441872,4.587349739293259e-06,0.24009950450461223,0.7242610717403608,0.005895622745753686,3.9375,-0.027234593363049786,0.004111174111287451,-0.026858851920162907
SPY,2019-09-18,2019-03-19,2019-09-18,128,0.22446862499441872,4.277216546664197e-06,0.2474708444956136,0.7207556689647464,0.005393655659506081,3.9375,-0.027234593363049786,0.004111174111287451,-0.026858851920162907
SPY,2019-09-19,2019-03-20,2019-09-19,128,0.22446862499441872,3.988050274509157e-06,0.25880913294519603,0.7140949037299229,0.004869955262338911,3.9375,-0.027234593363049786,0.004111174111287451,-0.026858851920162907
SPY,2019-09-20,2019-03-21,2019-09-20,128,0.22446862499441872,4.969416647478472e-06,0.22932692701500948,0.7235589796399087,0.005003421238095151,3.9375,-0.027234593363049786,0.004111174111287451,-0.026858851920162907
SPY,2019-09-23,2019-03-25,2019-09-23,127,0.22446862499441872,4.363622052491417e-06,0.2275648726198613,0.7372257425401253,0.0068646797215607055,3.968503937007874,-0.027234593363049786,0.004111174111287451,-0.026858851920162907
SPY,2019-09-24,2019-03-25,2019-09-24,128,0.22446862499441872,4.407477183211115e-06,0.22932692701500948,0.7375007536401924,0.006301740403753498,3.9375,-0.027234593363049786,0.004111174111287451,-0.026858851920162907
SPY,2019-09-25,2019-03-26,2019-09-25,128,0.22446862499441872,4.451773065322044e-06,0.22932692701500948,0.7358758088060423,0.00730171769613585,3.9375,-0.027234593363049786,0.004111174111287451,-0.026858851920162907
SPY,2019-09-26,2019-03-27,2019-09-26,128,0.22446862499441872,4.407477183211115e-06,0.2275648726198613,0.7372228092944769,0.007057613850656318,3.9375,-0.027234593363049786,0.004111174111287451,-0.026858851920162907
SPY,2019-09-27,2019-03-28,2019-09-27,128,0.22446862499441872,4.451773065322044e-06,0.22932692701500948,0.7355401257032498,0.006606280720175234,3.9375,-0.027234593363049786,0.004111174111287451,-0.026858851920162907
SPY,2019-09-30,2019-04-01,2019-09-30,127,0.22446862499441872,4.5417048467365655e-06,0.23287969392733532,0.7314747317705624,0.006717024210071918,3.968503937007874,-0.027234593363049786,0.004111174111287451,-0.026858851920162907
SPY,2019-10-01,2019-04-02,2019-10-01,127,0.16834654768137006,4.933882508616476e-06,0.23387806867083805,0.7401830691190547,0.006657233553801623,3.968503937007874,-0.027234593363049786,0.004111174111287451,-0.026858851920162907
SPY,2019-10-02,2019-04-03,2019-10-02,127,0.16834654768137006,5.135238073567402e-06,0.26569058769358256,0.716086128676337,0.009022032311502738,3.968503937007874,-0.027234593363049786,0.004111174111287451,-0.026858851920162907
SPY,2019-10-03,2019-04-04,2019-10-03,127,0.16834654768137006,5.344811115011911e-06,0.25988096144451367,0.7164710107573062,0.012430363073337634,3.968503937007874,-0.027234593363049786,0.004111174111287451,-0.026858851920162907
SPY,2019-10-04,2019-04-05,2019-10-04,127,0.16834654768137006,5.562936994527624e-06,0.2618083207420074,0.7131951490397764,0.011460991366792926,3.968503937007874,-0.027234593363049786,0.004111174111287451,-0.026858851920162907
SPY,2019-10-07,2019-04-08,2019-10-07,127,0.16834654768137006,5.848154873307793e-06,0.2522640467325192,0.7145963210910367,0.011974438364497663,3.968503937007874,-0.027234593363049786,0.004111174111287451,-0.026858851920162907
SPY,2019-10-08,2019-04-09,2019-10-08,127,0.16834654768137006,6.086822601284478e-06,0.25415434111167085,0.7127888488148459,0.010763454319670981,3.968503937007874,-0.027234593363049786,0.004111174111287451,-0.026858851920162907
SPY,2019-10-09,2019-04-10,2019-10-09,127,0.16834654768137006,6.147996185439076e-06,0.2541543411116708,0.7127878931360936,0.012514115667666576,3.968503937007874,-0.027234593363049786,0.004111174111287451,-0.026858851920162907
SPY,2019-10-10,2019-04-11,2019-10-10,127,0.16834654768137006,6.398900669498689e-06,0.24479643889275843,0.7147164680707645,0.011596315872078423,3.968503937007874,-0.027234593363049786,0.004111174111287451,-0.026858851920162907
SPY,2019-10-11,2019-04-12,2019-10-11,127,0.16834654768137006,6.660044759801116e-06,0.23929459903939293,0.7154623794157752,0.010480792247647886,3.968503937007874,-0.027234593363049786,0.004111174111287451,-0.026858851920162907
SPY,2019-10-14,2019-04-15,2019-10-14,127,0.16834654768137006,6.862873319070417e-06,0.23209158994784265,0.7168006304680897,0.010452218102643246,3.968503937007874,-0.027234593363049786,0.004111174111287451,-0.026858851920162907
SPY,2019-10-15,2019-04-16,2019-10-15,127,0.16834654768137006,7.0718789275847275e-06,0.22504117256775294,0.7193931863769322,0.00927710555106313,3.968503937007874,-0.027234593363049786,0.004111174111287451,-0.026858851920162907
SPY,2019-10-16,2019-04-17,2019-10-16,127,0.16834654768137006,7.36048778161429e-06,0.2164437166638953,0.7202042140256182,0.00933269589479037,3.968503937007874,-0.027234593363049786,0.004111174111287451,-0.026858851920162907
SPY,2019-10-17,2019-04-18,2019-10-17,127,0.16834654768137006,7.660874986415577e-06,0.21140049505303357,0.7180877953283874,0.00841606407639692,3.968503937007874,-0.027234593363049786,0.004111174111287451,-0.026858851920162907
SPY,2019-10-18,2019-04-22,2019-10-18,127,0.16834654768137006,7.894183363803012e-06,0.2080864085534899,0.7164596697180458,0.007701393684401348,3.968503937007874,-0.027234593363049786,0.004111174111287451,-0.026858851920162907
SPY,2019-10-21,2019-04-22,2019-10-21,128,0.16834654768137006,7.894183363803012e-06,0.20973864556607233,0.714963953952091,0.0073847197291881305,3.9375,-0.027234593363049786,0.004111174111287451,-0.026858851920162907
SPY,2019-10-22,2019-04-23,2019-10-22,128,0.16834654768137006,7.815634926918623e-06,0.20808640855348992,0.7157724372543511,0.007394187863095591,3.9375,-0.027234593363049786,0.004111174111287451,-0.026858851920162907
SPY,2019-10-23,2019-04-24,2019-10-23,128,0.09430861130037682,8.040696123661643e-06,0.2080000416300564,0.7165836485290603,0.007194522248562914,3.9375,-0.027234593363049786,0.004111174111287451,-0.026858851920162907
SPY,2019-10-24,2019-04-25,2019-10-24,128,0.09430861130037682,7.648546746295782e-06,0.2080000416300564,0.7158976274131018,0.006700312747900566,3.9375,-0.027234593363049786,0.004111174111287451,-0.026858851920162907
SPY,2019-10-25,2019-04-26,2019-10-25,128,0.09430861130037682,7.497095373443829e-06,0.20635791972076795,0.7173810558763726,0.006320202289834886,3.9375,-0.027234593363049786,0.004111174111287451,-0.026858851920162907
SPY,2019-10-28,2019-04-29,2019-10-28,128,0.09430861130037682,7.275522719745753e-06,0.2031024993040002,0.721695936136857,0.006228905777456716,3.9375,-0.027234593363049786,0.004111174111287451,-0.026858851920162907
SPY,2019-10-29,2019-04-30,2019-10-29,128,0.09430861130037682,6.517661604473686e-06,0.20635791972076795,0.7264993528997308,0.006250885310962348,3.9375,-0.027234593363049786,0.004111174111287451,-0.026858851920162907
SPY,2019-10-30,2019-05-01,2019-10-30,128,0.09430861130037682,5.897424097824082e-06,0.21131312011397144,0.7283813198830053,0.0057888538212384055,3.9375,-0.027234593363049786,0.004111174111287451,-0.026858851920162907
SPY,2019-10-31,2019-05-01,2019-10-31,129,0.09430861130037682,5.60980333060984e-06,0.2163548298854006,0.7274848435498561,0.005585711973489086,3.906976744186047,-0.027234593363049786,0.004111174111287451,-0.026858851920162907
SPY,2019-11-01,2019-05-02,2019-11-01,129,0.09430861130037682,6.1997914971139e-06,0.20472540667338135,0.7298155582376492,0.005716130710020918,3.906976744186047,-0.027234593363049786,0.004111174111287451,-0.026858851920162907
SPY,2019-11-04,2019-05-06,2019-11-04,128,0.09430861130037682,5.897424097824071e-06,0.1998854842874583,0.7330373151934452,0.006821520230605581,3.9375,-0.027234593363049786,0.004111174111287451,-0.026858851920162907
SPY,2019-11-05,2019-05-06,2019-11-05,129,0.09430861130037682,5.66618279139178e-06,0.1982913657307666,0.7357181929069888,0.006449102879489371,3.906976744186047,-0.027234593363049786,0.004111174111287451,-0.026858851920162907
SPY,2019-11-06,2019-05-07,2019-11-06,129,0.09430861130037682,5.230545956348409e-06,0.20635791972076795,0.7318226838054069,0.005929083855209934,3.906976744186047,-0.027234593363049786,0.004111174111287451,-0.026858851920162907
SPY,2019-11-07,2019-05-08,2019-11-07,129,0.09430861130037682,5.780647276614435e-06,0.17697539220323638,0.7453487830785637,0.005777045844535003,3.906976744186047,-0.027234593363049786,0.004111174111287451,-0.026858851920162907
SPY,2019-11-08,2019-05-09,2019-11-08,129,0.09430861130037682,5.178501154500127e-06,0.19829136573076658,0.7332522896573977,0.005398889002239445,3.906976744186047,-0.027234593363049786,0.004111174111287451,-0.026858851920162907
SPY,2019-11-11,2019-05-13,2019-11-11,128,0.09430861130037682,4.732793698060725e-06,0.24102319060107097,0.7009363297889395,0.004904151896695208,1.96875,-0.03014163245577972,0.0,-0.029691903302619616
SPY,2019-11-12,2019-05-13,2019-11-12,129,0.09430861130037682,4.457177249604628e-06,0.2446995493877731,0.7011651962265505,0.004703086575198879,1.9534883720930234,-0.03014163245577972,0.0,-0.029691903302619616
SPY,2019-11-13,2019-05-14,2019-11-13,129,0.531878744626175,3.733318931312173e-06,0.2608718124730557,0.7094005508351727,0.0043578049418867715,1.9534883720930234,-0.03014163245577972,0.0,-0.029691903302619616
SPY,2019-11-14,2019-05-15,2019-11-14,129,0.3108555992318011,3.097052739109634e-06,0.2769191349021477,0.7172712529679336,0.003924841854398563,1.9534883720930234,-0.03014163245577972,0.0,-0.029691903302619616
SPY,2019-11-15,2019-05-16,2019-11-15,129,0.3108555992318011,3.937125663093709e-06,0.2829638299636753,0.6874563643297117,0.0038827988340472902,1.9534883720930234,-0.03014163245577972,0.0,-0.029691903302619616
SPY,2019-11-18,2019-05-20,2019-11-18,128,0.3108555992318011,3.7078453137660213e-06,0.27691913490214776,0.6935354171356831,0.005087229279406013,1.96875,-0.03014163245577972,0.0,-0.029691903302619616
SPY,2019-11-19,2019-05-20,2019-11-19,129,0.3108555992318011,3.4919172125213976e-06,0.2729338630741635,0.6982000432242097,0.004610502902568752,1.9534883720930234,-0.03014163245577972,0.0,-0.029691903302619616
SPY,2019-11-20,2019-05-21,2019-11-20,129,0.3108555992318011,3.4919172125213976e-06,0.27293386307416345,0.698475010631698,0.004382200986919617,1.9534883720930234,-0.03014163245577972,0.0,-0.029691903302619616
SPY,2019-11-21,2019-05-22,2019-11-21,129,0.3108555992318011,3.3549971801847743e-06,0.2709547041396561,0.7003753805054117,0.004771319338462795,1.9534883720930234,-0.03014163245577972,0.0,-0.029691903302619616
SPY,2019-11-22,2019-05-23,2019-11-22,129,0.3108555992318011,3.191372036908679e-06,0.2709547041396561,0.7006485788142536,0.004561839749559966,1.9534883720930234,-0.03014163245577972,0.0,-0.029691903302619616
SPY,2019-11-25,2019-05-28,2019-11-25,128,0.3108555992318011,3.4919172125213913e-06,0.2749220195244895,0.6939919176536019,0.004319218266733255,1.96875,-0.03014163245577972,0.0,-0.029691903302619616
SPY,2019-11-26,2019-05-28,2019-11-26,129,0.3108555992318011,3.321614400470864e-06,0.26898458006533077,0.6996738458257886,0.005191556682269116,1.9534883720930234,-0.03014163245577972,0.0,-0.029691903302619616
SPY,2019-11-27,2019-05-28,2019-11-27,130,0.3108555992318011,3.223445859107358e-06,0.267023526956048,0.7018492750551573,0.004709816668330858,1.9384615384615382,-0.03014163245577972,0.0,-0.029691903302619616
SPY,2019-11-29,2019-05-30,2019-11-29,129,0.3108555992318011,3.2558420285781557e-06,0.26312877188428363,0.7024403812910777,0.00460962390459325,1.9534883720930234,-0.03014163245577972,0.0,-0.029691903302619616
SPY,2019-12-02,2019-06-03,2019-12-02,128,0.3108555992318011,3.7078453137660213e-06,0.2611951359796155,0.6970713666722117,0.0050828047325688,1.96875,-0.03014163245577972,0.0,-0.029691903302619616
SPY,2019-12-03,2019-06-04,2019-12-03,128,0.3108555992318011,3.897950608195504e-06,0.27492201952448947,0.6817376230263992,0.0069475661946919835,1.96875,-0.03014163245577972,0.0,-0.029691903302619616
SPY,2019-12-04,2019-06-05,2019-12-04,128,0.3108555992318011,3.6709516364616757e-06,0.2769191349021477,0.6899302886938934,0.007356254156511532,1.96875,-0.03014163245577972,0.0,-0.029691903302619616
SPY,2019-12-05,2019-06-06,2019-12-05,128,0.3108555992318011,3.634425057380119e-06,0.27691913490214776,0.6899293345401852,0.006944795637155164,1.96875,-0.03014163245577972,0.0,-0.029691903302619616
SPY,2019-12-06,2019-06-07,2019-12-06,128,0.3108555992318011,3.634425057380119e-06,0.27691913490214776,0.6911709056228394,0.006095501453084495,1.96875,-0.03014163245577972,0.0,-0.029691903302619616
SPY,2019-12-09,2019-06-10,2019-12-09,128,0.3108555992318011,3.5982619238329984e-06,0.28094008183924574,0.6907735918991285,0.0068411404747618235,1.96875,-0.03014163245577972,0.0,-0.029691903302619616
SPY,2019-12-10,2019-06-11,2019-12-10,128,0.3108555992318011,3.527011563951319e-06,0.27691913490214776,0.6932372132768688,0.0063889062963776895,1.96875,-0.03014163245577972,0.0,-0.029691903302619616
SPY,2019-12-11,2019-06-12,2019-12-11,128,0.3108555992318011,3.3887154624125434e-06,0.2749220195244896,0.695436539701098,0.0057420335260822105,1.96875,-0.03014163245577972,0.0,-0.029691903302619616
SPY,2019-12-12,2019-06-13,2019-12-12,128,0.3108555992318011,3.4227726190104926e-06,0.2729338630741635,0.697907406178768,0.005234107611189781,1.96875,-0.03014163245577972,0.0,-0.029691903302619616
SPY,2019-12-13,2019-06-14,2019-12-13,128,0.3108555992318011,3.3216144004708582e-06,0.26898458006533077,0.7002574688275696,0.00609088501675933,1.96875,-0.03014163245577972,0.0,-0.029691903302619616
SPY,2019-12-16,2019-06-17,2019-12-16,128,0.3108555992318011,3.3216144004708582e-06,0.26898458006533077,0.6996618091598168,0.005431082482041787,1.96875,-0.03014163245577972,0.0,-0.029691903302619616
SPY,2019-12-17,2019-06-18,2019-12-17,128,0.3108555992318011,3.3216144004708582e-06,0.2709547041396561,0.6962441570523555,0.005749733565853076,1.96875,-0.03014163245577972,0.0,-0.029691903302619616
SPY,2019-12-18,2019-06-19,2019-12-18,128,0.3108555992318011,3.25584202857815e-06,0.26898458006533077,0.6974907393557341,0.005135034016672423,1.96875,-0.03014163245577972,0.0,-0.029691903302619616
SPY,2019-12-19,2019-06-20,2019-12-19,128,0.3108555992318011,3.2234458591073525e-06,0.27293386307416345,0.6937216180193588,0.004690443095845313,1.96875,-0.03014163245577972,0.0,-0.029691903302619616
SPY,2019-12-20,2019-06-21,2019-12-20,128,0.3108555992318011,3.159617354573182e-06,0.2749220195244895,0.6927626716339629,0.004600803147747426,1.96875,-0.03014163245577972,0.0,-0.029691903302619616
SPY,2019-12-23,2019-06-24,2019-12-23,128,0.3108555992318011,3.035726986036312e-06,0.27691913490214776,0.6923585252534379,0.004220297888181811,1.96875,-0.03014163245577972,0.0,-0.029691903302619616
SPY,2019-12-24,2019-06-25,2019-12-24,128,0.3108555992318011,2.94600769467161e-06,0.28703765749519566,0.685703757144484,0.0038503878646007315,1.96875,-0.03014163245577972,0.0,-0.029691903302619616
SPY,2019-12-26,2019-06-27,2019-12-26,127,0.3108555992318011,2.94600769467161e-06,0.29321353498447783,0.6851452435671446,0.0037013963102690292,1.984251968503937,-0.03014163245577972,0.0,-0.029691903302619616
SPY,2019-12-27,2019-06-28,2019-12-27,127,0.3108555992318011,2.830493080701962e-06,0.2932135349844778,0.6859678438803413,0.0040794854340456665,1.984251968503937,-0.03014163245577972,0.0,-0.029691903302619616
SPY,2019-12-30,2019-07-01,2019-12-30,127,0.3108555992318011,3.2558420285781443e-06,0.2952893370477287,0.6792767110274347,0.003958052913354562,1.984251968503937,-0.03014163245577972,0.0,-0.029691903302619616
SPY,2019-12-31,2019-07-01,2019-12-31,128,0.3108555992318011,3.1596173545731765e-06,0.2890876459010383,0.6839879305491454,0.0052492267210719765,1.96875,-0.03014163245577972,0.0,-0.029691903302619616
