ticker,date,window_start,window_end,n_days,mu,omega,alpha,beta,sigma0,lam,mu_j,sigma_j,kappa
AAPL,2013-01-02,2012-07-03,2013-01-02,127,-0.1337198412143494,5.630183128615254e-06,0.038381565516063795,0.9529500893571471,0.022902838241270887,3.968503937007874,0.0015527939977642014,0.09627127903765689,0.006206051814595659
AAPL,2013-01-03,2012-07-05,2013-01-03,127,-0.1337198412143494,2.852346443086526e-06,0.038014194823921064,0.9619776569668153,0.02404383003783605,3.968503937007874,0.0015527939977642014,0.09627127903765689,0.006206051814595659
AAPL,2013-01-04,2012-07-05,2013-01-04,128,-0.1337198412143494,2.909967663457423e-06,0.03912655707396752,0.96087237559772,0.023794014261653132,3.9375,0.0015527939977642014,0.09627127903765689,0.006206051814595659
AAPL,2013-01-07,2012-07-09,2013-01-07,127,-0.1337198412143494,2.8239651217728566e-06,0.03728956045678527,0.9627079404004631,0.02396768687308807,3.968503937007874,0.0015527939977642014,0.09627127903765689,0.006206051814595659
AAPL,2013-01-08,2012-07-09,2013-01-08,128,-0.1337198412143494,3.313953769702153e-06,0.03587993003687888,0.9620136756010931,0.02329956192791258,3.9375,0.0015527939977642014,0.09627127903765689,0.006206051814595659
AAPL,2013-01-09,2012-07-10,2013-01-09,128,-0.1337198412143494,3.736472441618771e-06,0.03485651712320506,0.9614201132487642,0.02273878082188706,3.9375,0.0015527939977642014,0.09627127903765689,0.006206051814595659
AAPL,2013-01-10,2012-07-11,2013-01-10,128,-0.1337198412143494,4.8946460696650215e-06,0.033861268995018956,0.9582810932535634,0.022111954323191116,3.9375,0.0015527939977642014,0.09627127903765689,0.006206051814595659
AAPL,2013-01-11,2012-07-12,2013-01-11,128,-0.1337198412143494,5.8016477318700884e-06,0.03257684585145884,0.9561842152313701,0.021534379747479303,3.9375,0.0015527939977642014,0.09627127903765689,0.006206051814595659
AAPL,2013-01-14,2012-07-16,2013-01-14,127,-0.1337198412143494,6.038417467399226e-06,0.03321306253063463,0.9557742675441456,0.02138824869658631,3.968503937007874,0.0015527939977642014,0.09627127903765689,0.006206051814595659
AAPL,2013-01-15,2012-07-16,2013-01-15,128,-0.20775777759534264,5.241100134742194e-06,0.034172624408352205,0.9584291207239347,0.0224952252826218,3.9375,0.0015527939977642014,0.09627127903765689,0.006206051814595659
AAPL,2013-01-16,2012-07-17,2013-01-16,128,-0.20775777759534264,3.8440689410934e-06,0.03836221869467609,0.9590718939239764,0.0233809921909051,3.9375,0.0015527939977642014,0.09627127903765689,0.006206051814595659
AAPL,2013-01-17,2012-07-18,2013-01-17,128,-0.20775777759534264,4.377734817573768e-06,0.0358617971283322,0.9592700411514983,0.0240229467873238,3.9375,0.0015527939977642014,0.09627127903765689,0.006206051814595659
AAPL,2013-01-18,2012-07-19,2013-01-18,128,-0.20775777759534264,5.509817084866938e-06,0.03351866466226847,0.9576251764065193,0.023194438800702353,3.9375,0.0015527939977642014,0.09627127903765689,0.006206051814595659
AAPL,2013-01-22,2012-07-23,2013-01-22,127,-0.20775777759534264,6.401494160367715e-06,0.03132364837998802,0.9568493263795497,0.02253983584246602,3.968503937007874,0.0015527939977642014,0.09627127903765689,0.006206051814595659
AAPL,2013-01-23,2012-07-24,2013-01-23,127,-0.20775777759534264,7.290203245513553e-06,0.031021651238330446,0.9544235965191228,0.02205589708462245,3.968503937007874,0.0015527939977642014,0.09627127903765689,0.006206051814595659
AAPL,2013-01-24,2012-07-25,2013-01-24,127,-0.29862090929567453,7.1597246258381485e-06,0.04811014479373952,0.9518884762326539,0.0249594064167833,3.968503937007874,-0.03112884642153224,0.14249009815922664,-0.02075864277204853
AAPL,2013-01-25,2012-07-26,2013-01-25,127,-0.29862090929567453,7.231681054604453e-06,0.047654275979438866,0.9523446629983012,0.03764517295467369,3.968503937007874,-0.03112884642153224,0.14249009815922664,-0.02075864277204853
AAPL,2013-01-28,2012-07-30,2013-01-28,126,-0.29862090929567453,7.159724625838136e-06,0.04457630871581291,0.9554226300940704,0.03665057392167999,4.0,-0.03112884642153224,0.14249009815922664,-0.02075864277204853
AAPL,2013-01-29,2012-07-30,2013-01-29,127,-0.29862090929567453,6.810540735419595e-06,0.04168843420112192,0.9583105046219461,0.0357332949775008,3.968503937007874,-0.03112884642153224,0.14249009815922664,-0.02075864277204853
AAPL,2013-01-30,2012-07-31,2013-01-30,127,-0.29862090929567453,6.413925719148947e-06,0.03750896858919344,0.9624899701526127,0.03461435259600398,3.968503937007874,-0.03112884642153224,0.14249009815922664,-0.02075864277204853
AAPL,2013-01-31,2012-08-01,2013-01-31,127,-0.29862090929567453,6.224365566659991e-06,0.03506213139264655,0.9649368074606649,0.033695692019584576,3.968503937007874,-0.03112884642153224,0.14249009815922664,-0.02075864277204853
AAPL,2013-02-01,2012-08-02,2013-02-01,127,-0.29862090929567453,5.745813600469943e-06,0.030033833364353463,0.9699651053265059,0.0324824529810941,3.968503937007874,-0.03112884642153224,0.14249009815922664,-0.02075864277204853
AAPL,2013-02-04,2012-08-06,2013-02-04,126,-0.4456061183090551,5.437043078739772e-06,0.02314118289283535,0.9768577654440683,0.03132282551351961,4.0,-0.03112884642153224,0.14249009815922664,-0.02075864277204853
AAPL,2013-02-05,2012-08-06,2013-02-05,127,-0.4456061183090551,5.491686270124925e-06,0.02678580449092348,0.9732131347468581,0.03153303078554927,3.968503937007874,-0.03112884642153224,0.14249009815922664,-0.02075864277204853
AAPL,2013-02-06,2012-08-07,2013-02-06,127,-0.4456061183090551,4.919640021117164e-06,0.021822984226204465,0.9781759544725434,0.03102909348214534,3.968503937007874,-0.03112884642153224,0.14249009815922664,-0.02075864277204853
AAPL,2013-02-07,2012-08-08,2013-02-07,127,-0.4456061183090551,4.726738176720479e-06,0.019982275686385463,0.9800166632092452,0.030541845598044053,3.968503937007874,-0.03112884642153224,0.14249009815922664,-0.02075864277204853
AAPL,2013-02-08,2012-08-09,2013-02-08,127,-0.4456061183090551,4.027860579361823e-06,0.014734498737114854,0.9852644399469344,0.029795527054566496,3.968503937007874,-0.03112884642153224,0.14249009815922664,-0.02075864277204853
AAPL,2013-02-11,2012-08-13,2013-02-11,126,-0.4456061183090551,1.7215677554268654e-06,0.000568065755975756,0.9994287118991623,0.026942539047246607,2.0,-0.1318845610818582,0.0,-0.12355783522488362
AAPL,2013-02-12,2012-08-13,2013-02-12,127,-0.5017281956221038,1.6587413769729114e-06,3.0678368018307167e-07,0.9999495337600818,0.026888959711407083,1.984251968503937,-0.1318845610818582,0.0,-0.12355783522488362
AAPL,2013-02-13,2012-08-14,2013-02-13,127,-0.5017281956221038,1.609718160595425e-06,1.448372428055176e-08,0.9998714303254589,0.02662632769930578,1.984251968503937,-0.1318845610818582,0.0,-0.12355783522488362
AAPL,2013-02-14,2012-08-15,2013-02-14,127,-0.5925913273224357,1.950331196711392e-06,1.386884167666668e-08,0.9992894119534239,0.026586044521804828,1.984251968503937,-0.1318845610818582,0.0,-0.12355783522488362
AAPL,2013-02-15,2012-08-16,2013-02-15,127,-0.5925913273224357,2.6858552406418124e-06,8.610871746543816e-09,0.9978418972624022,0.026273787279473302,1.984251968503937,-0.1318845610818582,0.0,-0.12355783522488362
AAPL,2013-02-19,2012-08-20,2013-02-19,126,-0.5925913273224357,3.8114100122139215e-06,8.610871746543816e-09,0.9957921767731804,0.026000842841604376,2.0,-0.1318845610818582,0.0,-0.12355783522488362
AAPL,2013-02-20,2012-08-21,2013-02-20,126,-0.6666292637034289,5.034874797308318e-06,4.965436618010135e-09,0.9940439587981952,0.02623347477851035,2.0,-0.1318845610818582,0.0,-0.12355783522488362
AAPL,2013-02-21,2012-08-22,2013-02-21,126,-0.6666292637034289,5.908480308724031e-06,5.1193402071485076e-09,0.9918915646667611,0.02550879295753738,2.0,-0.1318845610818582,0.0,-0.12355783522488362
AAPL,2013-02-22,2012-08-23,2013-02-22,126,-0.6666292637034289,7.21663414561063e-06,5.1193402071485076e-09,0.9895094765726351,0.02530651638534011,2.0,-0.1318845610818582,0.0,-0.12355783522488362
AAPL,2013-02-25,2012-08-27,2013-02-25,125,-0.6666292637034289,7.2166341456106804e-06,3.043552951523862e-09,0.9895094786266483,0.0253254149097271,2.016,-0.1318845610818582,0.0,-0.12355783522488362
AAPL,2013-02-26,2012-08-27,2013-02-26,126,-0.6666292637034289,7.144827436090476e-06,3.043552951523862e-09,0.9895094786266483,0.025226259654856583,2.0,-0.1318845610818582,0.0,-0.12355783522488362
AAPL,2013-02-27,2012-08-28,2013-02-27,126,-0.7406672000844222,7.350571873788166e-06,2.952054105000209e-09,0.9894126271066851,0.02541109168568202,2.0,-0.1318845610818582,0.0,-0.12355783522488362
AAPL,2013-02-28,2012-08-29,2013-02-28,126,-0.7406672000844222,8.978008760699444e-06,3.043552951523862e-09,0.9858914010697228,0.0248007659188392,4.0,-0.03112884642153224,0.14249009815922664,-0.02075864277204853
AAPL,2013-03-01,2012-09-04,2013-03-01,124,-0.7406672000844222,1.1643849680099986e-05,3.043552951523862e-09,0.9812342788995152,0.024715505768288067,4.064516129032258,-0.03112884642153224,0.14249009815922664,-0.02075864277204853
AAPL,2013-03-04,2012-09-05,2013-03-04,124,-0.8147051364654154,1.2221144079925098e-05,2.952054105000209e-09,0.9808758074883835,0.02506375693425564,2.032258064516129,-0.1318845610818582,0.0,-0.12355783522488362
AAPL,2013-03-05,2012-09-06,2013-03-05,124,-0.8147051364654154,1.174194616635098e-05,3.043552951523862e-09,0.9812342788995152,0.024826246392169554,4.064516129032258,-0.03112884642153224,0.14249009815922664,-0.02075864277204853
AAPL,2013-03-06,2012-09-07,2013-03-06,124,-0.8147051364654154,1.1979149213433315e-05,3.043552951523862e-09,0.9806738519223944,0.02473028921031879,4.064516129032258,-0.03112884642153224,0.14249009815922664,-0.02075864277204853
AAPL,2013-03-07,2012-09-10,2013-03-07,124,-0.8147051364654154,1.2099541664554497e-05,3.043552951523862e-09,0.9802911519252343,0.02463030354233356,4.064516129032258,-0.03112884642153224,0.14249009815922664,-0.02075864277204853
AAPL,2013-03-08,2012-09-10,2013-03-08,125,-0.8147051364654154,1.2099541664554497e-05,3.043552951523862e-09,0.9800970267199901,0.024518361329856655,4.032,-0.03112884642153224,0.14249009815922664,-0.02075864277204853
AAPL,2013-03-11,2012-09-12,2013-03-11,124,-0.8147051364654154,1.2099541664554497e-05,3.043552951523862e-09,0.9800970267199901,0.02451980486716478,4.064516129032258,-0.03112884642153224,0.14249009815922664,-0.02075864277204853
AAPL,2013-03-12,2012-09-13,2013-03-12,124,-0.8147051364654154,1.2099541664554497e-05,3.043552951523862e-09,0.9800970267199901,0.024520403527347422,4.064516129032258,-0.03112884642153224,0.14249009815922664,-0.02075864277204853
AAPL,2013-03-13,2012-09-14,2013-03-13,124,-0.8887430728464086,1.2447963430991879e-05,2.952054105000209e-09,0.9799150322757861,0.02473694890009479,4.064516129032258,-0.03112884642153224,0.14249009815922664,-0.02075864277204853
AAPL,2013-03-14,2012-09-17,2013-03-14,124,-0.8887430728464086,1.1959871803451304e-05,3.043552951523862e-09,0.9800120505833889,0.024334103698819044,4.064516129032258,-0.03112884642153224,0.14249009815922664,-0.02075864277204853
AAPL,2013-03-15,2012-09-17,2013-03-15,125,-0.8887430728464086,1.1959871803451304e-05,3.043552951523862e-09,0.9800970267199901,0.02438774801996683,4.032,-0.03112884642153224,0.14249009815922664,-0.02075864277204853
AAPL,2013-03-18,2012-09-19,2013-03-18,124,-0.8887430728464086,1.2080070513381219e-05,3.043552951523862e-09,0.9800970267199901,0.024514339614924423,4.064516129032258,-0.03112884642153224,0.14249009815922664,-0.02075864277204853
AAPL,2013-03-19,2012-09-20,2013-03-19,124,-0.8887430728464086,1.1959871803451304e-05,3.043552951523862e-09,0.9800970267199901,0.02440110965636159,4.064516129032258,-0.03112884642153224,0.14249009815922664,-0.02075864277204853
AAPL,2013-03-20,2012-09-21,2013-03-20,124,-0.8887430728464086,1.184086909066833e-05,3.043552951523862e-09,0.9800970267199901,0.02428868882666995,4.064516129032258,-0.03112884642153224,0.14249009815922664,-0.02075864277204853
AAPL,2013-03-21,2012-09-24,2013-03-21,124,-0.8887430728464086,1.1723050474661845e-05,3.043552951523862e-09,0.9800970267199901,0.02417677054766604,4.064516129032258,-0.03112884642153224,0.14249009815922664,-0.02075864277204853
AAPL,2013-03-22,2012-09-24,2013-03-22,125,-0.8887430728464086,1.1723050474661845e-05,3.043552951523862e-09,0.9800970267199901,0.024178789355346637,4.032,-0.03112884642153224,0.14249009815922664,-0.02075864277204853
AAPL,2013-03-25,2012-09-26,2013-03-25,124,-0.8887430728464086,1.1606404173472067e-05,3.043552951523862e-09,0.9800970267199901,0.024065450829340036,4.064516129032258,-0.03112884642153224,0.14249009815922664,-0.02075864277204853
AAPL,2013-03-26,2012-09-27,2013-03-26,124,-0.8887430728464086,1.1490918522371673e-05,3.043552951523862e-09,0.9800970267199901,0.023953584691289036,4.064516129032258,-0.03112884642153224,0.14249009815922664,-0.02075864277204853
AAPL,2013-03-27,2012-09-28,2013-03-27,124,-0.8887430728464086,1.1606404173472067e-05,3.043552951523862e-09,0.9797031401377737,0.023845016546920377,4.064516129032258,-0.03112884642153224,0.14249009815922664,-0.02075864277204853
AAPL,2013-03-28,2012-10-01,2013-03-28,124,-0.8887430728464086,1.184086909066833e-05,3.043552951523862e-09,0.9791977864264595,0.023798333691237288,4.064516129032258,-0.03112884642153224,0.14249009815922664,-0.02075864277204853
AAPL,2013-04-01,2012-10-02,2013-04-01,124,-0.8887430728464086,1.184086909066833e-05,3.043552951523862e-09,0.979294733721805,0.02385866665045833,4.064516129032258,-0.03112884642153224,0.14249009815922664,-0.02075864277204853
AAPL,2013-04-02,2012-10-03,2013-04-02,124,-0.8887430728464086,1.1723050474661845e-05,3.043552951523862e-09,0.9793916906155974,0.02379925417663761,4.064516129032258,-0.03112884642153224,0.14249009815922664,-0.02075864277204853
AAPL,2013-04-03,2012-10-04,2013-04-03,124,-0.8887430728464086,1.1606404173472067e-05,3.043552951523862e-09,0.9792867942255132,0.023630571331013466,4.064516129032258,-0.03112884642153224,0.14249009815922664,-0.02075864277204853
AAPL,2013-04-04,2012-10-05,2013-04-04,124,-0.8887430728464086,1.1490918522371673e-05,3.043552951523862e-09,0.9791808769015562,0.023466592996408527,4.064516129032258,-0.03112884642153224,0.14249009815922664,-0.02075864277204853
AAPL,2013-04-05,2012-10-08,2013-04-05,124,-0.8887430728464086,1.1376581972699313e-05,3.043552951523862e-09,0.9792778225227428,0.023404791988198764,4.064516129032258,-0.03112884642153224,0.14249009815922664,-0.02075864277204853
AAPL,2013-04-08,2012-10-09,2013-04-08,124,-0.8887430728464086,1.126338309070474e-05,3.043552951523862e-09,0.9791718178895094,0.023238647827707723,4.064516129032258,-0.03112884642153224,0.14249009815922664,-0.02075864277204853
AAPL,2013-04-09,2012-10-10,2013-04-09,124,-0.8887430728464086,1.1151310556405421e-05,3.043552951523862e-09,0.979064781782261,0.023076883988772806,4.064516129032258,-0.03112884642153224,0.14249009815922664,-0.02075864277204853
AAPL,2013-04-10,2012-10-11,2013-04-10,124,-0.8887430728464086,1.1040353162454531e-05,3.043552951523862e-09,0.9791617159092345,0.023025249841599753,4.064516129032258,-0.03112884642153224,0.14249009815922664,-0.02075864277204853
AAPL,2013-04-11,2012-10-12,2013-04-11,124,-0.8887430728464086,1.0930499813020213e-05,3.043552951523862e-09,0.9790545815169561,0.022860758461551563,4.064516129032258,-0.03112884642153224,0.14249009815922664,-0.02075864277204853
AAPL,2013-04-12,2012-10-15,2013-04-12,124,-0.8887430728464086,1.0821739522675976e-05,3.043552951523862e-09,0.9789464049112476,0.022701218281356565,4.064516129032258,-0.03112884642153224,0.14249009815922664,-0.02075864277204853
AAPL,2013-04-15,2012-10-16,2013-04-15,124,-0.8887430728464086,1.0714061415302154e-05,3.043552951523862e-09,0.9790433273180992,0.022648991385004483,4.064516129032258,-0.03112884642153224,0.14249009815922664,-0.02075864277204853
AAPL,2013-04-16,2012-10-17,2013-04-16,124,-0.8887430728464086,1.0607454722998276e-05,3.043552951523862e-09,0.9791402593209337,0.022588537089895784,4.064516129032258,-0.03112884642153224,0.14249009815922664,-0.02075864277204853
AAPL,2013-04-17,2012-10-18,2013-04-17,124,-0.8887430728464086,1.115131055640544e-05,3.043552951523862e-09,0.979237200920701,0.023202893432739683,4.064516129032258,-0.03112884642153224,0.14249009815922664,-0.02075864277204853
AAPL,2013-04-18,2012-10-19,2013-04-18,124,-0.8887430728464086,1.1040353162454551e-05,3.043552951523862e-09,0.9793341521183516,0.023150718100385714,4.064516129032258,-0.03112884642153224,0.14249009815922664,-0.02075864277204853
AAPL,2013-04-19,2012-10-22,2013-04-19,124,-0.8887430728464086,1.0397413046644409e-05,3.043552951523862e-09,0.980221641159896,0.022969537031335686,4.064516129032258,-0.03112884642153224,0.14249009815922664,-0.02075864277204853
AAPL,2013-04-22,2012-10-23,2013-04-22,124,-0.8887430728464086,1.0501908785006292e-05,3.043552951523862e-09,0.9802911519252343,0.02309338516273637,4.064516129032258,-0.03112884642153224,0.14249009815922664,-0.02075864277204853
AAPL,2013-04-23,2012-10-24,2013-04-23,124,-0.8887430728464086,1.0607454722998295e-05,3.043552951523862e-09,0.9800970267199901,0.02308938152464457,4.064516129032258,-0.03112884642153224,0.14249009815922664,-0.02075864277204853
AAPL,2013-04-24,2012-10-25,2013-04-24,124,-0.8887430728464086,1.0397413046644409e-05,3.043552951523862e-09,0.9800970267199901,0.022878028897980674,4.064516129032258,-0.03112884642153224,0.14249009815922664,-0.02075864277204853
AAPL,2013-04-25,2012-10-26,2013-04-25,124,-0.8887430728464086,1.029395705825173e-05,3.043552951523862e-09,0.9800970267199901,0.02277426483067943,4.064516129032258,-0.03112884642153224,0.14249009815922664,-0.02075864277204853
AAPL,2013-04-26,2012-10-29,2013-04-26,124,-0.8887430728464086,1.029395705825173e-05,3.043552951523862e-09,0.9800970267199901,0.02278259112689191,4.064516129032258,-0.03112884642153224,0.14249009815922664,-0.02075864277204853
AAPL,2013-04-29,2012-10-30,2013-04-29,124,-0.8887430728464086,1.0397413046644409e-05,3.043552951523862e-09,0.9800970267199901,0.022903143959771673,4.064516129032258,-0.03112884642153224,0.14249009815922664,-0.02075864277204853
AAPL,2013-04-30,2012-10-31,2013-04-30,124,-0.4511729395206105,9.528992560497982e-06,2.8539295779403646e-09,0.9823271531640557,0.023260430441899654,4.064516129032258,-0.03112884642153224,0.14249009815922664,-0.02075864277204853
AAPL,2013-05-01,2012-11-02,2013-05-01,123,-0.5252108759016038,1.0514218209962367e-05,2.952054105000209e-09,0.9799150322757861,0.02294554558721577,4.097560975609756,-0.03112884642153224,0.14249009815922664,-0.02075864277204853
AAPL,2013-05-02,2012-11-05,2013-05-02,123,-0.5252108759016038,1.0101949817074877e-05,3.043552951523862e-09,0.9800120505833889,0.022571866377980716,4.097560975609756,-0.03112884642153224,0.14249009815922664,-0.02075864277204853
AAPL,2013-05-03,2012-11-05,2013-05-03,124,-0.5252108759016038,9.609271910831239e-06,3.043552951523862e-09,0.9806738519223944,0.022405579387206675,4.064516129032258,-0.03112884642153224,0.14249009815922664,-0.02075864277204853
AAPL,2013-05-06,2012-11-07,2013-05-06,123,-0.5252108759016038,9.51365805776902e-06,3.043552951523862e-09,0.9806738519223944,0.02232345651557188,4.097560975609756,-0.03112884642153224,0.14249009815922664,-0.02075864277204853
AAPL,2013-05-07,2012-11-08,2013-05-07,123,-0.5252108759016038,9.609271910831239e-06,3.043552951523862e-09,0.9802911519252343,0.02219839958356808,4.097560975609756,-0.03112884642153224,0.14249009815922664,-0.02075864277204853
AAPL,2013-05-08,2012-11-09,2013-05-08,123,-0.08764074257580558,8.895187733148004e-06,2.8539295779403646e-09,0.9821527177707053,0.022422343222937482,4.097560975609756,-0.03112884642153224,0.14249009815922664,-0.02075864277204853
AAPL,2013-05-09,2012-11-12,2013-05-09,123,-0.2178007562698475,6.866974593841375e-06,2.7678840898355966e-09,0.9860362499653256,0.02235173493135779,4.097560975609756,-0.03112884642153224,0.14249009815922664,-0.02075864277204853
AAPL,2013-05-10,2012-11-12,2013-05-10,124,-0.2918386926508407,6.2658426885464625e-06,2.952054105000209e-09,0.98617658564596,0.021618783172728154,4.064516129032258,-0.03112884642153224,0.14249009815922664,-0.02075864277204853
AAPL,2013-05-13,2012-11-14,2013-05-13,123,-0.2918386926508407,4.116952011970871e-06,3.043552951523862e-09,0.989299843477939,0.02062398321700402,4.097560975609756,-0.03112884642153224,0.14249009815922664,-0.02075864277204853
AAPL,2013-05-14,2012-11-15,2013-05-14,123,-0.2918386926508407,3.049913064140261e-06,5.1193402071485076e-09,0.9914794292205585,0.020535295329750805,4.097560975609756,-0.03112884642153224,0.14249009815922664,-0.02075864277204853
AAPL,2013-05-15,2012-11-16,2013-05-15,123,-0.34796076996388936,2.4545337714287094e-06,4.799959556208351e-09,0.9929415518149542,0.020754051621149884,4.097560975609756,-0.03112884642153224,0.14249009815922664,-0.02075864277204853
AAPL,2013-05-16,2012-11-19,2013-05-16,123,-0.34796076996388936,1.7124701038676307e-06,5.1193402071485076e-09,0.9938593746868755,0.02012394139099112,4.097560975609756,-0.03112884642153224,0.14249009815922664,-0.02075864277204853
AAPL,2013-05-17,2012-11-19,2013-05-17,124,-0.34796076996388936,4.395239073683982e-07,8.610871746543816e-09,0.9963031113363403,0.01967418460667383,4.064516129032258,-0.03112884642153224,0.14249009815922664,-0.02075864277204853
AAPL,2013-05-20,2012-11-21,2013-05-20,123,-0.40408284727693805,2.4011091253105033e-08,2.2842149099352053e-08,0.9979667526315948,0.019994224046692873,2.048780487804878,-0.1318845610818582,0.0,-0.12355783522488362
AAPL,2013-05-21,2012-11-23,2013-05-21,123,-0.46020492458998674,4.838040541140447e-11,3.842112576449378e-08,0.9977757792785474,0.01970121169346462,2.048780487804878,-0.1318845610818582,0.0,-0.12355783522488362
AAPL,2013-05-22,2012-11-23,2013-05-22,124,-0.46020492458998674,1.5867374308757972e-13,4.097759807897199e-08,0.9976392015460113,0.01944038456428578,2.032258064516129,-0.1318845610818582,0.0,-0.12355783522488362
AAPL,2013-05-23,2012-11-26,2013-05-23,124,-0.46020492458998674,1.949855522845105e-15,4.097759807897199e-08,0.9974431665743991,0.01915235471797395,2.032258064516129,-0.1318845610818582,0.0,-0.12355783522488362
AAPL,2013-05-24,2012-11-26,2013-05-24,125,-0.46020492458998674,1.949855522845105e-15,4.097759807897199e-08,0.9973655360804334,0.0189710388017263,2.016,-0.1318845610818582,0.0,-0.12355783522488362
AAPL,2013-05-28,2012-11-29,2013-05-28,123,-0.46020492458998674,1.949855522845105e-15,4.097759807897199e-08,0.9969709998799983,0.01855328221023407,2.048780487804878,-0.1318845610818582,0.0,-0.12355783522488362
AAPL,2013-05-29,2012-11-30,2013-05-29,123,-0.46020492458998674,1.1592291739045862e-15,4.097759807897199e-08,0.9967521609108156,0.01829597051979684,2.048780487804878,-0.1318845610818582,0.0,-0.12355783522488362
AAPL,2013-05-30,2012-12-03,2013-05-30,123,-0.46020492458998674,1.1592291739045862e-15,4.097759807897199e-08,0.9965520821611504,0.018111858302097047,2.048780487804878,-0.1318845610818582,0.0,-0.12355783522488362
AAPL,2013-05-31,2012-12-03,2013-05-31,124,-0.46020492458998674,1.1592291739045862e-15,4.097759807897199e-08,0.9964474819424383,0.017892316396692,2.032258064516129,-0.1318845610818582,0.0,-0.12355783522488362
AAPL,2013-06-03,2012-12-04,2013-06-03,124,-0.46020492458998674,1.1592291739045862e-15,4.097759807897199e-08,0.9961528274870871,0.017570542017721687,2.032258064516129,-0.1318845610818582,0.0,-0.12355783522488362
AAPL,2013-06-04,2012-12-05,2013-06-04,124,-0.46020492458998674,6.891855636927931e-16,4.097759807897199e-08,0.9958751015306863,0.017236743436892656,2.032258064516129,-0.1318845610818582,0.0,-0.12355783522488362
AAPL,2013-06-05,2012-12-06,2013-06-05,124,-0.46020492458998674,1.1592291739045862e-15,4.097759807897199e-08,0.9965862621135858,0.017390122011389154,2.032258064516129,-0.1318845610818582,0.0,-0.12355783522488362
AAPL,2013-06-06,2012-12-07,2013-06-06,124,-0.46020492458998674,1.1592291739045862e-15,4.097759807897199e-08,0.9964119170365898,0.017187232629806166,2.032258064516129,-0.1318845610818582,0.0,-0.12355783522488362
AAPL,2013-06-07,2012-12-10,2013-06-07,124,-0.46020492458998674,1.1592291739045862e-15,4.097759807897199e-08,0.9963030790892377,0.016995796541945402,4.064516129032258,-0.09422365307969538,0.05326056686794408,-0.08862908134010206
AAPL,2013-06-10,2012-12-11,2013-06-10,124,-0.46020492458998674,6.891855636927931e-16,4.097759807897199e-08,0.995996492123775,0.01667739609750204,4.064516129032258,-0.09422365307969538,0.05326056686794408,-0.08862908134010206
AAPL,2013-06-11,2012-12-12,2013-06-11,124,-0.46020492458998674,6.891855636927931e-16,4.097759807897199e-08,0.9957921445426151,0.016390459889623052,4.064516129032258,-0.09422365307969538,0.05326056686794408,-0.08862908134010206
AAPL,2013-06-12,2012-12-13,2013-06-12,124,-0.46020492458998674,6.891855636927931e-16,4.097759807897199e-08,0.9955331713715693,0.016146025599419855,4.064516129032258,-0.09422365307969538,0.05326056686794408,-0.08862908134010206
AAPL,2013-06-13,2012-12-14,2013-06-13,124,-0.46020492458998674,6.891855636927931e-16,4.097759807897199e-08,0.9953052802357021,0.01589956363366053,4.064516129032258,-0.09422365307969538,0.05326056686794408,-0.08862908134010206
AAPL,2013-06-14,2012-12-17,2013-06-14,124,-0.46020492458998674,6.891855636927931e-16,4.097759807897199e-08,0.9953977936650875,0.015816389271296673,4.064516129032258,-0.09422365307969538,0.05326056686794408,-0.08862908134010206
AAPL,2013-06-17,2012-12-18,2013-06-17,124,-0.46020492458998674,6.891855636927931e-16,4.097759807897199e-08,0.9951630277028443,0.015542504273753324,4.064516129032258,-0.09422365307969538,0.05326056686794408,-0.08862908134010206
AAPL,2013-06-18,2012-12-19,2013-06-18,124,-0.46020492458998674,4.0973497897978827e-16,4.097759807897199e-08,0.9950164854679873,0.015273441260774871,4.064516129032258,-0.09422365307969538,0.05326056686794408,-0.08862908134010206
AAPL,2013-06-19,2012-12-20,2013-06-19,124,-0.46020492458998674,4.0973497897978827e-16,4.097759807897199e-08,0.9949666627672189,0.015254324568499813,4.064516129032258,-0.09422365307969538,0.05326056686794408,-0.08862908134010206
AAPL,2013-06-20,2012-12-21,2013-06-20,124,-0.46020492458998674,4.0973497897978827e-16,4.097759807897199e-08,0.9947623663112257,0.015079552999846124,4.064516129032258,-0.09422365307969538,0.05326056686794408,-0.08862908134010206
AAPL,2013-06-21,2012-12-24,2013-06-21,124,-0.46020492458998674,4.0973497897978827e-16,2.4362024469606952e-08,0.9943848186941315,0.014735895602061398,4.064516129032258,-0.09422365307969538,0.05326056686794408,-0.08862908134010206
AAPL,2013-06-24,2012-12-26,2013-06-24,124,-0.46020492458998674,4.0973497897978827e-16,4.097759807897199e-08,0.994495358102156,0.014921314878780316,4.064516129032258,-0.09422365307969538,0.05326056686794408,-0.08862908134010206
AAPL,2013-06-25,2012-12-26,2013-06-25,125,-0.46020492458998674,4.0973497897978827e-16,4.097759807897199e-08,0.9943848021718404,0.014719391278254374,4.032,-0.09422365307969538,0.05326056686794408,-0.08862908134010206
AAPL,2013-06-26,2012-12-27,2013-06-26,125,-0.46020492458998674,4.0973497897978827e-16,3.354961998397882e-08,0.9941570299636145,0.014504699244348888,4.032,-0.09422365307969538,0.05326056686794408,-0.08862908134010206
AAPL,2013-06-27,2012-12-28,2013-06-27,125,-0.5163270019030355,4.234071750045326e-16,2.2842149099352053e-08,0.9939787386738391,0.014349863391064146,4.032,-0.09422365307969538,0.05326056686794408,-0.08862908134010206
AAPL,2013-06-28,2012-12-31,2013-06-28,125,-0.5163270019030355,4.0973497897978827e-16,2.4362024469606952e-08,0.9935466016226983,0.013968692442903757,4.032,-0.09422365307969538,0.05326056686794408,-0.08862908134010206
AAPL,2013-07-01,2013-01-02,2013-07-01,125,-0.5163270019030355,4.0973497897978827e-16,4.097759807897199e-08,0.9946037487388927,0.014792225049894048,4.032,-0.09422365307969538,0.05326056686794408,-0.08862908134010206
AAPL,2013-07-02,2013-01-03,2013-07-02,125,-0.5163270019030355,6.891855636927931e-16,4.097759807897199e-08,0.9949666627672189,0.015058773662492114,4.032,-0.09422365307969538,0.05326056686794408,-0.08862908134010206
AAPL,2013-07-03,2013-01-04,2013-07-03,125,-0.5163270019030355,4.0973497897978827e-16,4.097759807897199e-08,0.9947100160296493,0.01481168668198924,4.032,-0.09422365307969538,0.05326056686794408,-0.08862908134010206
AAPL,2013-07-05,2013-01-07,2013-07-05,125,-0.5163270019030355,4.0973497897978827e-16,4.097759807897199e-08,0.9945498214417022,0.014573026603825106,4.032,-0.09422365307969538,0.05326056686794408,-0.08862908134010206
AAPL,2013-07-08,2013-01-09,2013-07-08,124,-0.5163270019030355,4.0973497897978827e-16,2.4362024469606952e-08,0.9939801964657042,0.014160816611940713,4.064516129032258,-0.09422365307969538,0.05326056686794408,-0.08862908134010206
AAPL,2013-07-09,2013-01-10,2013-07-09,124,-0.5163270019030355,4.0973497897978827e-16,3.159584227793368e-08,0.9940397202414373,0.014235689777307875,4.064516129032258,-0.09422365307969538,0.05326056686794408,-0.08862908134010206
AAPL,2013-07-10,2013-01-11,2013-07-10,124,-0.5163270019030355,4.0973497897978827e-16,2.4362024469606952e-08,0.9937361037852789,0.0139455722824837,4.064516129032258,-0.09422365307969538,0.05326056686794408,-0.08862908134010206
AAPL,2013-07-11,2013-01-14,2013-07-11,124,-0.07875686857723731,3.947657408840169e-16,2.2844190133096405e-08,0.9940463534955691,0.014252527592592738,4.064516129032258,-0.09422365307969538,0.05326056686794408,-0.08862908134010206
AAPL,2013-07-12,2013-01-14,2013-07-12,125,-0.20891688227127922,4.3997757578356597e-16,2.2155441725494883e-08,0.9934201705804852,0.013610824519225297,4.032,-0.09422365307969538,0.05326056686794408,-0.08862908134010206
AAPL,2013-07-15,2013-01-16,2013-07-15,124,-0.20891688227127922,4.0973497897978827e-16,2.4362024469606952e-08,0.9933514038552422,0.013367256505012618,4.064516129032258,-0.09422365307969538,0.05326056686794408,-0.08862908134010206
AAPL,2013-07-16,2013-01-17,2013-07-16,124,-0.20891688227127922,4.0973497897978827e-16,2.4362024469606952e-08,0.9934821767838908,0.013248280148559057,4.064516129032258,-0.09422365307969538,0.05326056686794408,-0.08862908134010206
AAPL,2013-07-17,2013-01-18,2013-07-17,124,-0.20891688227127922,2.4359586422562077e-16,2.4362024469606952e-08,0.993081987833478,0.012920186564052905,4.064516129032258,-0.09422365307969538,0.05326056686794408,-0.08862908134010206
AAPL,2013-07-18,2013-01-22,2013-07-18,124,-0.20891688227127922,2.4359586422562077e-16,2.4362024469606952e-08,0.9927299241954213,0.012641780010480995,4.064516129032258,-0.09422365307969538,0.05326056686794408,-0.08862908134010206
AAPL,2013-07-19,2013-01-22,2013-07-19,125,-0.20891688227127922,2.4359586422562077e-16,2.4362024469606952e-08,0.9928728353424597,0.012686034547171451,4.032,-0.09422365307969538,0.05326056686794408,-0.08862908134010206
AAPL,2013-07-22,2013-01-23,2013-07-22,125,-0.20891688227127922,2.4359586422562077e-16,2.4362024469606952e-08,0.9925841684409212,0.012447198659603082,4.032,-0.09422365307969538,0.05326056686794408,-0.08862908134010206
AAPL,2013-07-23,2013-01-24,2013-07-23,125,-0.2650389595843279,2.517242656982077e-16,2.2842149099352053e-08,0.9927281654802579,0.012543155716845998,4.032,-0.09422365307969538,0.05326056686794408,-0.08862908134010206
AAPL,2013-07-24,2013-01-25,2013-07-24,125,0.17253117374147026,7.15600708655497e-14,1.8285558050437794e-07,0.9993617211702233,0.01585782893099423,4.032,-0.003238275553128389,0.07541218800776317,-0.0003946985890788124
AAPL,2013-07-25,2013-01-28,2013-07-25,125,0.025545964728089676,4.4368028011393183e-14,1.750771061444633e-07,0.9993692852563101,0.015736966278053367,4.032,-0.003238275553128389,0.07541218800776317,-0.0003946985890788124
AAPL,2013-07-26,2013-01-28,2013-07-26,126,0.025545964728089676,2.6252343965687415e-14,1.9500503424673565e-07,0.9991550750812295,0.015468086971726644,4.0,-0.003238275553128389,0.07541218800776317,-0.0003946985890788124
AAPL,2013-07-29,2013-01-30,2013-07-29,125,-0.030576112584959007,2.712834238227747e-14,1.8283924311845191e-07,0.9992502420285587,0.015485279928227643,4.032,-0.003238275553128389,0.07541218800776317,-0.0003946985890788124
AAPL,2013-07-30,2013-01-31,2013-07-30,125,-0.030576112584959007,1.5607557919982456e-14,1.9500503424673565e-07,0.9991029484770333,0.015377371251049786,4.032,-0.003238275553128389,0.07541218800776317,-0.0003946985890788124
AAPL,2013-07-31,2013-02-01,2013-07-31,125,-0.030576112584959007,1.5607557919982456e-14,1.9500503424673565e-07,0.9988827450691081,0.015167345247908732,4.032,-0.003238275553128389,0.07541218800776317,-0.0003946985890788124
AAPL,2013-08-01,2013-02-04,2013-08-01,125,-0.030576112584959007,9.279013887064554e-15,1.9500503424673565e-07,0.9987023625156266,0.015012930581426182,4.032,-0.003238275553128389,0.07541218800776317,-0.0003946985890788124
AAPL,2013-08-02,2013-02-04,2013-08-02,126,-0.030576112584959007,9.279013887064554e-15,1.9500503424673565e-07,0.9986893501136093,0.014966840314341725,4.0,-0.003238275553128389,0.07541218800776317,-0.0003946985890788124
AAPL,2013-08-05,2013-02-06,2013-08-05,125,-0.030576112584959007,2.6252343965687415e-14,1.9500503424673565e-07,0.9991550750812295,0.01509833611913533,4.032,-0.003238275553128389,0.07541218800776317,-0.0003946985890788124
AAPL,2013-08-06,2013-02-07,2013-08-06,125,-0.030576112584959007,1.5607557919982456e-14,1.9500503424673565e-07,0.9989684634234771,0.01494426059575126,4.032,-0.003238275553128389,0.07541218800776317,-0.0003946985890788124
AAPL,2013-08-07,2013-02-08,2013-08-07,125,-0.030576112584959007,1.5607557919982456e-14,1.9500503424673565e-07,0.9990848675149046,0.014849313763752635,4.032,-0.003238275553128389,0.07541218800776317,-0.0003946985890788124
AAPL,2013-08-08,2013-02-11,2013-08-08,125,-0.030576112584959007,1.5607557919982456e-14,1.9500503424673565e-07,0.9989476710216711,0.014674761393776482,4.032,-0.003238275553128389,0.07541218800776317,-0.0003946985890788124
AAPL,2013-08-09,2013-02-11,2013-08-09,126,-0.030576112584959007,2.6252343965687415e-14,1.9500503424673565e-07,0.9989581190949545,0.014665854654169343,4.0,-0.003238275553128389,0.07541218800776317,-0.0003946985890788124
AAPL,2013-08-12,2013-02-13,2013-08-12,125,-0.030576112584959007,2.6252343965687415e-14,1.9500503424673565e-07,0.9993147815011874,0.015071326109665627,4.032,-0.003238275553128389,0.07541218800776317,-0.0003946985890788124
AAPL,2013-08-13,2013-02-14,2013-08-13,125,-0.030576112584959007,6.502877173347167e-09,1.9500503424673565e-07,0.999996397289716,0.016278050693018256,4.032,-0.003238275553128389,0.07541218800776317,-0.0003946985890788124
AAPL,2013-08-14,2013-02-15,2013-08-14,125,-0.030576112584959007,1.9485286221811165e-07,1.9500503424673565e-07,0.9992198935923665,0.016283801393321293,4.032,-0.003238275553128389,0.07541218800776317,-0.0003946985890788124
AAPL,2013-08-15,2013-02-19,2013-08-15,125,-0.030576112584959007,1.066614316909409e-06,4.097759807897199e-08,0.9957500449950248,0.016102005056138805,4.032,-0.003238275553128389,0.07541218800776317,-0.0003946985890788124
AAPL,2013-08-16,2013-02-19,2013-08-16,126,0.4069940207408391,2.2643130233692576e-06,8.074386077475919e-09,0.9913184491477165,0.016177399804280023,2.0,-0.05656274507753256,0.0,-0.05499281191439798
AAPL,2013-08-19,2013-02-20,2013-08-19,126,0.2768340070467972,4.089753157362433e-06,4.655657561467501e-09,0.984741379127676,0.01635458456508957,2.0,-0.05656274507753256,0.0,-0.05499281191439798
AAPL,2013-08-20,2013-02-21,2013-08-20,126,0.2768340070467972,4.995235786596735e-06,3.043552951523862e-09,0.9800970267199901,0.015867104796916977,4.0,-0.003238275553128389,0.07541218800776317,-0.0003946985890788124
AAPL,2013-08-21,2013-02-22,2013-08-21,126,0.2768340070467972,4.945532360057993e-06,3.043552951523862e-09,0.9799010285558212,0.015722043079714542,4.0,-0.003238275553128389,0.07541218800776317,-0.0003946985890788124
AAPL,2013-08-22,2013-02-25,2013-08-22,126,0.2768340070467972,4.896323490876548e-06,3.043552951523862e-09,0.9798010926162313,0.01561227197338771,4.0,-0.003238275553128389,0.07541218800776317,-0.0003946985890788124
AAPL,2013-08-23,2013-02-25,2013-08-23,127,0.2768340070467972,4.847604258124473e-06,3.043552951523862e-09,0.9797001829837435,0.015499218196507727,3.968503937007874,-0.003238275553128389,0.07541218800776317,-0.0003946985890788124
AAPL,2013-08-26,2013-02-27,2013-08-26,126,0.2768340070467972,4.799369789837895e-06,3.043552951523862e-09,0.9795982903771551,0.015388153424407828,4.0,-0.003238275553128389,0.07541218800776317,-0.0003946985890788124
AAPL,2013-08-27,2013-02-28,2013-08-27,126,0.2768340070467972,4.995235786596744e-06,3.043552951523862e-09,0.979495405430863,0.01565194154041801,4.0,-0.003238275553128389,0.07541218800776317,-0.0003946985890788124
AAPL,2013-08-28,2013-03-01,2013-08-28,126,0.2768340070467972,4.799369789837895e-06,3.043552951523862e-09,0.979791328246775,0.015471174343557822,4.0,-0.003238275553128389,0.07541218800776317,-0.0003946985890788124
AAPL,2013-08-29,2013-03-01,2013-08-29,127,0.2768340070467972,4.519876251625025e-06,3.043552951523862e-09,0.980661636170207,0.01535959863556955,3.968503937007874,-0.003238275553128389,0.07541218800776317,-0.0003946985890788124
AAPL,2013-08-30,2013-03-01,2013-08-30,128,0.2768340070467972,4.704335900707636e-06,3.043552951523862e-09,0.9799010285558212,0.015358611573660325,3.9375,-0.003238275553128389,0.07541218800776317,-0.0003946985890788124
AAPL,2013-09-03,2013-03-04,2013-09-03,128,0.2768340070467972,4.657526976395839e-06,3.043552951523862e-09,0.9798010926162313,0.015239845561659339,3.9375,-0.003238275553128389,0.07541218800776317,-0.0003946985890788124
AAPL,2013-09-04,2013-03-05,2013-09-04,128,0.2768340070467972,4.704335900707636e-06,3.043552951523862e-09,0.9798980996430264,0.015338822774951716,3.9375,-0.003238275553128389,0.07541218800776317,-0.0003946985890788124
AAPL,2013-09-05,2013-03-06,2013-09-05,128,0.2768340070467972,4.657526976395839e-06,3.043552951523862e-09,0.9799951162741825,0.01529234727149385,3.9375,-0.003238275553128389,0.07541218800776317,-0.0003946985890788124
AAPL,2013-09-06,2013-03-07,2013-09-06,128,0.2768340070467972,4.6111838086629665e-06,3.043552951523862e-09,0.9798960972325108,0.015183824805822312,3.9375,-0.003238275553128389,0.07541218800776317,-0.0003946985890788124
AAPL,2013-09-09,2013-03-11,2013-09-09,127,0.2768340070467972,4.565301763153627e-06,3.043552951523862e-09,0.9797961132414433,0.015087153205844856,3.968503937007874,-0.003238275553128389,0.07541218800776317,-0.0003946985890788124
AAPL,2013-09-10,2013-03-11,2013-09-10,128,0.2768340070467972,4.6111838086629665e-06,3.043552951523862e-09,0.9800891934998449,0.015266060643395975,3.9375,-0.003238275553128389,0.07541218800776317,-0.0003946985890788124
AAPL,2013-09-11,2013-03-12,2013-09-11,128,0.20279607066580402,5.567098887923228e-06,2.952054105000209e-09,0.9799150322757861,0.016642016945453038,3.9375,-0.05627229703053649,0.0004107555672266237,-0.05471821681389433
AAPL,2013-09-12,2013-03-13,2013-09-12,128,0.20279607066580402,5.348809818233276e-06,3.043552951523862e-09,0.9800120505833889,0.016366680038041988,5.90625,-0.020819466696599065,0.06140679030961368,-0.0187559462225676
AAPL,2013-09-13,2013-03-14,2013-09-13,128,0.20279607066580402,5.295588271297774e-06,3.043552951523862e-09,0.9800970267199901,0.01632920295703794,5.90625,-0.020819466696599065,0.06140679030961368,-0.0187559462225676
AAPL,2013-09-16,2013-03-18,2013-09-16,127,0.14667399335275533,5.695622054013276e-06,2.853674591151374e-09,0.9804787540622433,0.017048635699784462,3.968503937007874,-0.05627229703053649,0.0004107555672266237,-0.05471821681389433
AAPL,2013-09-17,2013-03-18,2013-09-17,128,0.0726360569717621,5.686456391287023e-06,2.952054105000209e-09,0.9799150322757861,0.016812960268904997,3.9375,-0.05627229703053649,0.0004107555672266237,-0.05471821681389433
AAPL,2013-09-18,2013-03-19,2013-09-18,128,0.0726360569717621,5.629875204815613e-06,3.043552951523862e-09,0.9798152327930177,0.016691822017197062,3.9375,-0.05627229703053649,0.0004107555672266237,-0.05471821681389433
AAPL,2013-09-19,2013-03-20,2013-09-19,128,0.0726360569717621,5.573857010556262e-06,3.043552951523862e-09,0.9799122412197872,0.016656118452059863,3.9375,-0.05627229703053649,0.0004107555672266237,-0.05471821681389433
AAPL,2013-09-20,2013-03-21,2013-09-20,128,0.0726360569717621,5.518396206642863e-06,3.043552951523862e-09,0.9798124145397399,0.01654284603074554,5.90625,-0.020819466696599065,0.06140679030961368,-0.0187559462225676
AAPL,2013-09-23,2013-03-25,2013-09-23,127,0.0726360569717621,5.801330430394739e-06,3.043552951523862e-09,0.9806819296391173,0.017315741229499564,3.968503937007874,-0.05627229703053649,0.0004107555672266237,-0.05471821681389433
AAPL,2013-09-24,2013-03-25,2013-09-24,128,0.0726360569717621,5.801330430394739e-06,3.043552951523862e-09,0.9804834213230547,0.017229959560790563,3.9375,-0.05627229703053649,0.0004107555672266237,-0.05471821681389433
AAPL,2013-09-25,2013-03-26,2013-09-25,128,0.0726360569717621,5.859634770530673e-06,3.043552951523862e-09,0.9800970267199901,0.0171586990208015,3.9375,-0.05627229703053649,0.0004107555672266237,-0.05471821681389433
AAPL,2013-09-26,2013-03-27,2013-09-26,128,0.0726360569717621,5.801330430394739e-06,3.043552951523862e-09,0.9800970267199901,0.01708073142645647,3.9375,-0.05627229703053649,0.0004107555672266237,-0.05471821681389433
AAPL,2013-09-27,2013-03-28,2013-09-27,128,0.0726360569717621,5.743606228136302e-06,3.043552951523862e-09,0.9800970267199901,0.016995878666215377,3.9375,-0.05627229703053649,0.0004107555672266237,-0.05471821681389433
AAPL,2013-09-30,2013-04-01,2013-09-30,128,0.0726360569717621,5.801330430394739e-06,3.043552951523862e-09,0.9797031401377737,0.016915120798610444,3.9375,-0.05627229703053649,0.0004107555672266237,-0.05471821681389433
AAPL,2013-10-01,2013-04-02,2013-10-01,128,0.0726360569717621,5.859634770530673e-06,3.043552951523862e-09,0.9799970994510061,0.017098799587203325,3.9375,-0.05627229703053649,0.0004107555672266237,-0.05471821681389433
AAPL,2013-10-02,2013-04-03,2013-10-02,128,0.0726360569717621,5.801330430394739e-06,3.043552951523862e-09,0.9798980997376022,0.016981306531030513,3.9375,-0.05627229703053649,0.0004107555672266237,-0.05471821681389433
AAPL,2013-10-03,2013-04-04,2013-10-03,128,0.0726360569717621,5.743606228136302e-06,3.043552951523862e-09,0.9799951163687676,0.016943810449953172,3.9375,-0.05627229703053649,0.0004107555672266237,-0.05471821681389433
AAPL,2013-10-04,2013-04-05,2013-10-04,128,0.0726360569717621,5.686456391287033e-06,3.043552951523862e-09,0.9798960973280177,0.01682527223212836,3.9375,-0.05627229703053649,0.0004107555672266237,-0.05471821681389433
AAPL,2013-10-07,2013-04-08,2013-10-07,128,0.5102061902975603,5.424193613753527e-06,2.8539295779403646e-09,0.9811568865206843,0.016960162941041815,3.9375,-0.05627229703053649,0.0004107555672266237,-0.05471821681389433
AAPL,2013-10-08,2013-04-09,2013-10-08,128,0.3800461766035184,5.88309185429496e-06,2.7678840898355966e-09,0.9804923632491643,0.017331588384982055,3.9375,-0.05627229703053649,0.0004107555672266237,-0.05471821681389433
AAPL,2013-10-09,2013-04-10,2013-10-09,128,0.30600824022252515,5.700032667932562e-06,2.952054105000209e-09,0.9797172788862752,0.01677902176614762,3.9375,-0.05627229703053649,0.0004107555672266237,-0.05471821681389433
AAPL,2013-10-10,2013-04-11,2013-10-10,128,0.30600824022252515,5.422038794352756e-06,3.043552951523862e-09,0.9798142776149364,0.01642723232664036,3.9375,-0.05627229703053649,0.0004107555672266237,-0.05471821681389433
AAPL,2013-10-11,2013-04-12,2013-10-11,128,0.30600824022252515,5.368088606930487e-06,3.043552951523862e-09,0.9797134964345328,0.016313997483384083,3.9375,-0.05627229703053649,0.0004107555672266237,-0.05471821681389433
AAPL,2013-10-14,2013-04-15,2013-10-14,128,0.30600824022252515,5.368088606930487e-06,3.043552951523862e-09,0.9794110564787295,0.01619932256879945,3.9375,-0.05627229703053649,0.0004107555672266237,-0.05471821681389433
AAPL,2013-10-15,2013-04-16,2013-10-15,128,0.30600824022252515,5.314675232842333e-06,3.043552951523862e-09,0.9795080248892726,0.01615020852062287,5.90625,-0.020819466696599065,0.06140679030961368,-0.0187559462225676
AAPL,2013-10-16,2013-04-17,2013-10-16,128,0.30600824022252515,5.261793330706374e-06,3.043552951523862e-09,0.9794042610166561,0.016034750864537883,5.90625,-0.020819466696599065,0.06140679030961368,-0.0187559462225676
AAPL,2013-10-17,2013-04-18,2013-10-17,128,0.30600824022252515,5.314675232842333e-06,3.043552951523862e-09,0.9795012287544018,0.016085984299586083,3.9375,-0.0029478275061323167,0.07500143244053654,-0.00013521093024426722
AAPL,2013-10-18,2013-04-19,2013-10-18,128,0.7435783735483233,5.06955922520189e-06,2.8539295779403646e-09,0.9809720505325494,0.0162678313688743,1.96875,-0.055981848983540416,0.0,-0.05444370145742572
AAPL,2013-10-21,2013-04-22,2013-10-21,128,0.6874562962352746,5.452518558454735e-06,2.853674591151374e-09,0.9802864396047417,0.016565650328098005,1.96875,-0.055981848983540416,0.0,-0.05444370145742572
AAPL,2013-10-22,2013-04-23,2013-10-22,128,0.6134183598542814,5.389577950385844e-06,2.952054105000209e-09,0.9799150322757861,0.01633146400462661,1.96875,-0.055981848983540416,0.0,-0.05444370145742572
AAPL,2013-10-23,2013-04-24,2013-10-23,128,0.5393804234732882,5.32736389099379e-06,2.952054105000209e-09,0.979829295062284,0.016208125134988323,1.96875,-0.055981848983540416,0.0,-0.05444370145742572
AAPL,2013-10-24,2013-04-25,2013-10-24,128,0.5393804234732882,5.118474964988257e-06,3.043552951523862e-09,0.9799263048813147,0.015947223311179166,3.9375,-0.0029478275061323167,0.07500143244053654,-0.00013521093024426722
AAPL,2013-10-25,2013-04-26,2013-10-25,128,0.5393804234732882,5.067545288135904e-06,3.043552951523862e-09,0.9800233243049828,0.015911894593869685,3.9375,-0.0029478275061323167,0.07500143244053654,-0.00013521093024426722
AAPL,2013-10-28,2013-04-29,2013-10-28,128,0.5393804234732882,5.0171223700353325e-06,3.043552951523862e-09,0.9800970267199901,0.015858877032153607,3.9375,-0.0029478275061323167,0.07500143244053654,-0.00013521093024426722
AAPL,2013-10-29,2013-04-30,2013-10-29,128,0.4832583461602395,5.396120573296317e-06,2.853674591151374e-09,0.9802864396047417,0.01647267166329647,1.96875,-0.055981848983540416,0.0,-0.05444370145742572
AAPL,2013-10-30,2013-05-01,2013-10-30,128,0.4092204097792463,5.387436882430597e-06,2.952054105000209e-09,0.9799150322757861,0.016311215354715667,3.9375,-0.0029478275061323167,0.07500143244053654,-0.00013521093024426722
AAPL,2013-10-31,2013-05-01,2013-10-31,129,0.335182473398253,5.3252475382444754e-06,2.952054105000209e-09,0.979829295062284,0.016189261324565492,3.906976744186047,-0.0029478275061323167,0.07500143244053654,-0.00013521093024426722
AAPL,2013-11-01,2013-05-02,2013-11-01,129,0.335182473398253,5.116441595617195e-06,3.043552951523862e-09,0.9799263048813147,0.015924726433389276,3.906976744186047,-0.0029478275061323167,0.07500143244053654,-0.00013521093024426722
AAPL,2013-11-04,2013-05-06,2013-11-04,128,0.335182473398253,5.065532151128133e-06,3.043552951523862e-09,0.9800233243049828,0.015887889363806345,3.9375,-0.0029478275061323167,0.07500143244053654,-0.00013521093024426722
AAPL,2013-11-05,2013-05-06,2013-11-05,129,0.335182473398253,5.015129264075475e-06,3.043552951523862e-09,0.9800970267199901,0.015837693616862436,3.906976744186047,-0.0029478275061323167,0.07500143244053654,-0.00013521093024426722
AAPL,2013-11-06,2013-05-07,2013-11-06,129,0.2611445370172598,5.15954632098102e-06,2.952054105000209e-09,0.9799150322757861,0.015972525923372782,3.906976744186047,-0.0029478275061323167,0.07500143244053654,-0.00013521093024426722
AAPL,2013-11-07,2013-05-08,2013-11-07,129,0.2611445370172598,4.957237616015782e-06,3.043552951523862e-09,0.980206987913791,0.015788650562514717,5.86046511627907,0.014202807499162251,0.060786842962278355,0.01617982604943813
AAPL,2013-11-08,2013-05-09,2013-11-08,129,0.2611445370172598,5.007058682332663e-06,3.043552951523862e-09,0.9800970267199901,0.01582392877159769,5.86046511627907,0.014202807499162251,0.060786842962278355,0.01617982604943813
AAPL,2013-11-11,2013-05-13,2013-11-11,128,0.2611445370172598,4.957237616015782e-06,3.043552951523862e-09,0.9799010285558212,0.015680688339003677,5.90625,0.014202807499162251,0.060786842962278355,0.01617982604943813
AAPL,2013-11-12,2013-05-13,2013-11-12,129,0.2611445370172598,4.907912277591548e-06,3.043552951523862e-09,0.9799980454769596,0.015638982003611617,5.86046511627907,0.014202807499162251,0.060786842962278355,0.01617982604943813
AAPL,2013-11-13,2013-05-14,2013-11-13,129,0.2611445370172598,4.859077734485014e-06,3.043552951523862e-09,0.9798990549836607,0.015531136749088778,5.86046511627907,0.014202807499162251,0.060786842962278355,0.01617982604943813
AAPL,2013-11-14,2013-05-15,2013-11-14,129,0.2611445370172598,4.859077734485014e-06,3.043552951523862e-09,0.979996071709402,0.015556783674189093,5.86046511627907,0.014202807499162251,0.060786842962278355,0.01617982604943813
AAPL,2013-11-15,2013-05-16,2013-11-15,129,0.2611445370172598,4.859077734485014e-06,3.043552951523862e-09,0.9800930980404644,0.015568094142518462,5.86046511627907,0.014202807499162251,0.060786842962278355,0.01617982604943813
AAPL,2013-11-18,2013-05-20,2013-11-18,128,0.2611445370172598,5.007058682332663e-06,3.043552951523862e-09,0.9793016226375666,0.015511609863041904,5.90625,0.014202807499162251,0.060786842962278355,0.01617982604943813
AAPL,2013-11-19,2013-05-20,2013-11-19,129,0.2611445370172598,4.957237616015782e-06,3.043552951523862e-09,0.979398580213409,0.015469627803430346,5.86046511627907,0.014202807499162251,0.060786842962278355,0.01617982604943813
AAPL,2013-11-20,2013-05-21,2013-11-20,129,0.2611445370172598,4.907912277591548e-06,3.043552951523862e-09,0.9794955473887161,0.015425206493108783,5.86046511627907,0.014202807499162251,0.060786842962278355,0.01617982604943813
AAPL,2013-11-21,2013-05-22,2013-11-21,129,0.2611445370172598,4.859077734485014e-06,3.043552951523862e-09,0.9795925241644385,0.01538739073149978,5.86046511627907,0.014202807499162251,0.060786842962278355,0.01617982604943813
AAPL,2013-11-22,2013-05-23,2013-11-22,129,0.2611445370172598,5.108207977308382e-06,3.043552951523862e-09,0.9782489358767534,0.015294820916434856,5.86046511627907,0.014202807499162251,0.060786842962278355,0.01617982604943813
AAPL,2013-11-25,2013-05-28,2013-11-25,128,0.2611445370172598,5.057380458690339e-06,3.043552951523862e-09,0.978345789229388,0.015257571796878169,5.90625,0.014202807499162251,0.060786842962278355,0.01617982604943813
AAPL,2013-11-26,2013-05-28,2013-11-26,129,0.2611445370172598,5.057380458690339e-06,3.043552951523862e-09,0.9784426521711685,0.015291013542575446,5.86046511627907,0.014202807499162251,0.060786842962278355,0.01617982604943813
AAPL,2013-11-27,2013-05-28,2013-11-27,130,0.2611445370172598,5.108207977308382e-06,3.043552951523862e-09,0.9785395247030446,0.015399914682538492,5.815384615384615,0.014202807499162251,0.060786842962278355,0.01617982604943813
AAPL,2013-11-29,2013-05-30,2013-11-29,129,0.2611445370172598,5.759488411627837e-06,3.043552951523862e-09,0.9757426110315324,0.01539353333354142,5.86046511627907,0.014202807499162251,0.060786842962278355,0.01617982604943813
AAPL,2013-12-02,2013-06-03,2013-12-02,128,0.2611445370172598,5.702180544412402e-06,3.043552951523862e-09,0.975839216240821,0.01535025994248685,5.90625,0.014202807499162251,0.060786842962278355,0.01617982604943813
AAPL,2013-12-03,2013-06-04,2013-12-03,128,0.2611445370172598,5.759488411627837e-06,3.043552951523862e-09,0.9761695579684172,0.01553245579391874,5.90625,0.014202807499162251,0.060786842962278355,0.01617982604943813
AAPL,2013-12-04,2013-06-05,2013-12-04,128,0.2611445370172598,5.702180544412402e-06,3.043552951523862e-09,0.9760334031720453,0.015416573608025907,5.90625,0.014202807499162251,0.060786842962278355,0.01617982604943813
AAPL,2013-12-05,2013-06-06,2013-12-05,128,0.6987146703430579,5.4391925595108525e-06,2.8539295779403646e-09,0.9777321285880858,0.015605527437416344,3.9375,-0.0029478275061323167,0.07500143244053654,-0.00013521093024426722
AAPL,2013-12-06,2013-06-07,2013-12-06,128,0.5685546566490159,5.55580777639275e-06,2.7678840898355966e-09,0.978054717881666,0.015870013920477537,3.9375,-0.0029478275061323167,0.07500143244053654,-0.00013521093024426722
AAPL,2013-12-09,2013-06-10,2013-12-09,128,0.49451672026802274,5.437031781617149e-06,2.952054105000209e-09,0.9770730466727822,0.01539022016770077,5.90625,0.014202807499162251,0.060786842962278355,0.01617982604943813
AAPL,2013-12-10,2013-06-11,2013-12-10,128,0.49451672026802274,5.223842716113293e-06,3.043552951523862e-09,0.9771697836043224,0.015130753691457804,5.90625,0.014202807499162251,0.060786842962278355,0.01617982604943813
AAPL,2013-12-11,2013-06-12,2013-12-11,128,0.49451672026802274,5.1718646126197684e-06,3.043552951523862e-09,0.9770433096019132,0.015020788845850973,5.90625,0.014202807499162251,0.060786842962278355,0.01617982604943813
AAPL,2013-12-12,2013-06-13,2013-12-12,128,0.49451672026802274,5.069454831812055e-06,3.043552951523862e-09,0.9771400435892795,0.014906596482701656,5.90625,0.014202807499162251,0.060786842962278355,0.01617982604943813
AAPL,2013-12-13,2013-06-14,2013-12-13,128,0.49451672026802274,5.0190129134344435e-06,3.043552951523862e-09,0.9772367871539739,0.014868078336917558,5.90625,0.014202807499162251,0.060786842962278355,0.01617982604943813
AAPL,2013-12-16,2013-06-17,2013-12-16,128,0.49451672026802274,4.822214602196951e-06,3.043552951523862e-09,0.9777723709533064,0.014753249525576922,5.90625,0.014202807499162251,0.060786842962278355,0.01617982604943813
AAPL,2013-12-17,2013-06-18,2013-12-17,128,0.49451672026802274,4.6796966225144295e-06,3.043552951523862e-09,0.9780845470435845,0.014645725543260674,5.90625,0.014202807499162251,0.060786842962278355,0.01617982604943813
AAPL,2013-12-18,2013-06-19,2013-12-18,128,0.49451672026802274,4.496203093348664e-06,3.043552951523862e-09,0.9786041588424418,0.014540807293714882,7.875,0.022259014009801792,0.0521820854149079,0.02390167247064201
AAPL,2013-12-19,2013-06-20,2013-12-19,128,0.49451672026802274,4.234364609107566e-06,3.043552951523862e-09,0.9797186951836674,0.014497814018695803,7.875,0.022259014009801792,0.0521820854149079,0.02390167247064201
AAPL,2013-12-20,2013-06-21,2013-12-20,128,0.49451672026802274,4.068332797950908e-06,3.043552951523862e-09,0.9802074404013853,0.014392690772909025,7.875,0.022259014009801792,0.0521820854149079,0.02390167247064201
AAPL,2013-12-23,2013-06-24,2013-12-23,128,0.49451672026802274,4.319904448373415e-06,3.043552951523862e-09,0.9802911519252343,0.014846602544947117,5.90625,0.014202807499162251,0.060786842962278355,0.01617982604943813
AAPL,2013-12-24,2013-06-25,2013-12-24,128,0.49451672026802274,4.363320209867208e-06,3.043552951523862e-09,0.9800970267199901,0.0148300093153297,5.90625,0.014202807499162251,0.060786842962278355,0.01617982604943813
AAPL,2013-12-26,2013-06-27,2013-12-26,127,0.49451672026802274,4.319904448373415e-06,3.043552951523862e-09,0.9799010285558212,0.014697868464110956,5.952755905511811,0.014202807499162251,0.060786842962278355,0.01617982604943813
AAPL,2013-12-27,2013-06-28,2013-12-27,127,0.9320868535938208,4.039073175029983e-06,2.8539295779403646e-09,0.981527653629019,0.014818200038115929,5.952755905511811,0.014202807499162251,0.060786842962278355,0.01617982604943813
AAPL,2013-12-30,2013-07-01,2013-12-30,127,0.8019268398997789,4.559570621102439e-06,2.7678840898355966e-09,0.9803001801754849,0.01520830216609103,3.968503937007874,-0.0029478275061323167,0.07500143244053654,-0.00013521093024426722
AAPL,2013-12-31,2013-07-01,2013-12-31,128,0.7458047625867302,4.306184321695654e-06,2.853674591151374e-09,0.9804787540622433,0.014873509751616186,5.90625,0.014202807499162251,0.060786842962278355,0.01617982604943813
AAPL,2014-01-02,2013-07-03,2014-01-02,127,0.6896826852736815,4.405597760172963e-06,2.853674591151374e-09,0.9802864396047417,0.014946896892483479,5.952755905511811,0.014202807499162251,0.060786842962278355,0.01617982604943813
AAPL,2014-01-03,2013-07-05,2014-01-03,127,0.6335606079606327,4.2448211939740215e-06,2.853674591151374e-09,0.9812297877802182,0.015041419082666303,5.952755905511811,0.014202807499162251,0.060786842962278355,0.01617982604943813
AAPL,2014-01-06,2013-07-08,2014-01-06,127,0.5595226715796395,4.367056245484109e-06,2.952054105000209e-09,0.9799150322757861,0.014769259887764518,5.952755905511811,0.014202807499162251,0.060786842962278355,0.01617982604943813
AAPL,2014-01-07,2013-07-08,2014-01-07,128,0.5595226715796395,4.1958215208453235e-06,3.043552951523862e-09,0.9800120505833889,0.014529570813468637,5.90625,0.014202807499162251,0.060786842962278355,0.01617982604943813
AAPL,2014-01-08,2013-07-09,2014-01-08,128,0.5595226715796395,3.912158055464555e-06,3.043552951523862e-09,0.9808624605905415,0.014359500181943626,7.875,0.022259014009801792,0.0521820854149079,0.02390167247064201
AAPL,2014-01-09,2013-07-10,2014-01-09,128,0.48548473519864627,4.1473874705914255e-06,2.952054105000209e-09,0.9803048892827472,0.014550876187445072,7.875,0.022259014009801792,0.0521820854149079,0.02390167247064201
AAPL,2014-01-10,2013-07-11,2014-01-10,128,0.48548473519864627,3.790426746776663e-06,3.043552951523862e-09,0.9810492640540247,0.014221041133424378,7.875,0.022259014009801792,0.0521820854149079,0.02390167247064201
AAPL,2014-01-13,2013-07-15,2014-01-13,127,0.48548473519864627,2.618177881764725e-06,3.043552951523862e-09,0.9858914010697228,0.013865363983413469,7.937007874015748,0.022259014009801792,0.0521820854149079,0.02390167247064201
AAPL,2014-01-14,2013-07-15,2014-01-14,128,0.48548473519864627,2.2990100353148972e-06,5.1193402071485076e-09,0.9874666872321529,0.01385871830220399,7.875,0.022259014009801792,0.0521820854149079,0.02390167247064201
AAPL,2014-01-15,2013-07-16,2014-01-15,128,0.48548473519864627,2.018750207650546e-06,5.1193402071485076e-09,0.9886457540206159,0.013774689363389592,7.875,0.022259014009801792,0.0521820854149079,0.02390167247064201
AAPL,2014-01-16,2013-07-17,2014-01-16,128,0.48548473519864627,1.8635413159536474e-06,5.1193402071485076e-09,0.9890860628807323,0.01360945789686526,7.875,0.022259014009801792,0.0521820854149079,0.02390167247064201
AAPL,2014-01-17,2013-07-18,2014-01-17,128,0.48548473519864627,1.99866330746555e-06,5.1193402071485076e-09,0.9888680609126888,0.013886578945230873,5.90625,0.014202807499162251,0.060786842962278355,0.01617982604943813
AAPL,2014-01-21,2013-07-22,2014-01-21,127,0.48548473519864627,1.998663307465561e-06,5.1193402071485076e-09,0.9886457540206159,0.013787771931330127,5.952755905511811,0.014202807499162251,0.060786842962278355,0.01617982604943813
AAPL,2014-01-22,2013-07-23,2014-01-22,127,0.48548473519864627,1.9011873477311746e-06,5.1193402071485076e-09,0.988757450733979,0.0136035411825768,5.952755905511811,0.014202807499162251,0.060786842962278355,0.01617982604943813
AAPL,2014-01-23,2013-07-24,2014-01-23,127,0.48548473519864627,1.939593879797271e-06,5.1193402071485076e-09,0.9884190592103752,0.013509596694123218,5.952755905511811,0.014202807499162251,0.060786842962278355,0.01617982604943813
AAPL,2014-01-24,2013-07-25,2014-01-24,127,0.48548473519864627,2.9226145539745656e-06,5.1193402071485076e-09,0.9847343544020484,0.01397298478679127,5.952755905511811,0.012983287355977128,0.059734583179547475,0.014876974308609903
AAPL,2014-01-27,2013-07-29,2014-01-27,126,0.48548473519864627,3.7904267467768787e-06,3.043552951523862e-09,0.9802911519252343,0.0139488537513221,6.0,0.012983287355977128,0.059734583179547475,0.014876974308609903
AAPL,2014-01-28,2013-07-29,2014-01-28,127,0.4293626578855976,4.929819415184174e-06,2.853674591151374e-09,0.9838018430328606,0.017335238342285817,3.968503937007874,-0.0696424371079365,0.019318988995513774,-0.06709865701933893
AAPL,2014-01-29,2013-07-30,2014-01-29,127,0.37324058057254894,5.8598622961215e-06,2.853674591151374e-09,0.9802864396047417,0.01718592698916956,3.968503937007874,-0.0696424371079365,0.019318988995513774,-0.06709865701933893
AAPL,2014-01-30,2013-07-31,2014-01-30,127,0.3171185032595003,5.702757621587593e-06,2.853674591151374e-09,0.9804787540622433,0.017045143865318173,3.968503937007874,-0.0696424371079365,0.019318988995513774,-0.06709865701933893
AAPL,2014-01-31,2013-08-01,2014-01-31,127,0.24308056687850707,5.636928403672202e-06,2.952054105000209e-09,0.9799150322757861,0.01673493690967446,3.968503937007874,-0.0696424371079365,0.019318988995513774,-0.06709865701933893
AAPL,2014-02-03,2013-08-05,2014-02-03,126,0.24308056687850707,5.362012161376833e-06,3.043552951523862e-09,0.9800120505833889,0.016391446824180728,4.0,-0.0696424371079365,0.019318988995513774,-0.06709865701933893
AAPL,2014-02-04,2013-08-05,2014-02-04,127,0.24308056687850707,5.308659248932152e-06,3.043552951523862e-09,0.9800970267199901,0.01634645479144482,3.968503937007874,-0.0696424371079365,0.019318988995513774,-0.06709865701933893
AAPL,2014-02-05,2013-08-06,2014-02-05,127,0.24308056687850707,5.2558372068362614e-06,3.043552951523862e-09,0.9800970267199901,0.01626862184249831,3.968503937007874,-0.0696424371079365,0.019318988995513774,-0.06709865701933893
AAPL,2014-02-06,2013-08-07,2014-02-06,127,0.24308056687850707,5.203540752840933e-06,3.043552951523862e-09,0.9799010285558212,0.01611933948165544,3.968503937007874,-0.0696424371079365,0.019318988995513774,-0.06709865701933893
AAPL,2014-02-07,2013-08-08,2014-02-07,127,0.24308056687850707,5.151764657257188e-06,3.043552951523862e-09,0.9799980454769596,0.016084722882166443,3.968503937007874,-0.0696424371079365,0.019318988995513774,-0.06709865701933893
AAPL,2014-02-10,2013-08-12,2014-02-10,126,0.24308056687850707,5.10050374243232e-06,3.043552951523862e-09,0.9800950720034384,0.016054131828832814,4.0,-0.0696424371079365,0.019318988995513774,-0.06709865701933893
AAPL,2014-02-11,2013-08-12,2014-02-11,127,0.24308056687850707,5.10050374243232e-06,3.043552951523862e-09,0.9799010285558212,0.015978227674198275,3.968503937007874,-0.0696424371079365,0.019318988995513774,-0.06709865701933893
AAPL,2014-02-12,2013-08-13,2014-02-12,127,0.24308056687850707,5.049752882232129e-06,3.043552951523862e-09,0.9799980454769596,0.015927303778090617,3.968503937007874,-0.0696424371079365,0.019318988995513774,-0.06709865701933893
AAPL,2014-02-13,2013-08-14,2014-02-13,127,0.24308056687850707,5.10050374243232e-06,3.043552951523862e-09,0.9800950720034384,0.01600069741135615,3.968503937007874,-0.0696424371079365,0.019318988995513774,-0.06709865701933893
AAPL,2014-02-14,2013-08-15,2014-02-14,127,0.24308056687850707,5.049752882232129e-06,3.043552951523862e-09,0.9800970267199901,0.01592213221259346,3.968503937007874,-0.0696424371079365,0.019318988995513774,-0.06709865701933893
AAPL,2014-02-18,2013-08-19,2014-02-18,126,0.24308056687850707,4.9995070015283025e-06,3.043552951523862e-09,0.9799010285558212,0.015781439756396134,4.0,-0.0696424371079365,0.019318988995513774,-0.06709865701933893
AAPL,2014-02-19,2013-08-20,2014-02-19,126,0.16904263049751383,5.195166970474318e-06,2.952054105000209e-09,0.9798151645341245,0.016034903726405186,4.0,-0.0696424371079365,0.019318988995513774,-0.06709865701933893
AAPL,2014-02-20,2013-08-21,2014-02-20,126,0.16904263049751383,5.0922957720659956e-06,3.043552951523862e-09,0.9793130923922391,0.015707120823685392,6.0,-0.0302602655687072,0.06956635661970689,-0.027456550736875474
AAPL,2014-02-21,2013-08-22,2014-02-21,126,0.16904263049751383,5.041626582535531e-06,3.043552951523862e-09,0.9794100511036657,0.01567141345151126,6.0,-0.0302602655687072,0.06956635661970689,-0.027456550736875474
AAPL,2014-02-24,2013-08-26,2014-02-24,125,0.16904263049751383,5.041626582535531e-06,3.043552951523862e-09,0.9788961155537711,0.015497232279002501,6.048,-0.0302602655687072,0.06956635661970689,-0.027456550736875474
AAPL,2014-02-25,2013-08-26,2014-02-25,126,0.0950046941165206,5.18680666359188e-06,2.952054105000209e-09,0.9788011613620047,0.015666178761196886,6.0,-0.0302602655687072,0.06956635661970689,-0.027456550736875474
AAPL,2014-02-26,2013-08-27,2014-02-26,126,0.0950046941165206,5.452739927924687e-06,3.043552951523862e-09,0.9767305030489989,0.015345573129934391,6.0,-0.0302602655687072,0.06956635661970689,-0.027456550736875474
AAPL,2014-02-27,2013-08-28,2014-02-27,126,0.0950046941165206,5.507540875266844e-06,3.043552951523862e-09,0.9768272060663715,0.015441930082334685,6.0,-0.0302602655687072,0.06956635661970689,-0.027456550736875474
AAPL,2014-02-28,2013-08-29,2014-02-28,126,0.0950046941165206,5.452739927924687e-06,3.043552951523862e-09,0.976697414103666,0.015328265062345687,6.0,-0.0302602655687072,0.06956635661970689,-0.027456550736875474
AAPL,2014-03-03,2013-09-04,2014-03-03,124,0.0950046941165206,5.238934937194235e-06,3.043552951523862e-09,0.9770197005385446,0.015151062160733482,6.096774193548387,-0.0302602655687072,0.06956635661970689,-0.027456550736875474
AAPL,2014-03-04,2013-09-05,2014-03-04,124,0.0950046941165206,5.186806663591861e-06,3.043552951523862e-09,0.9768917726460922,0.015034864193126949,6.096774193548387,-0.0302602655687072,0.06956635661970689,-0.027456550736875474
AAPL,2014-03-05,2013-09-06,2014-03-05,124,0.0950046941165206,5.1351970749782e-06,3.043552951523862e-09,0.976762605846837,0.01492383657435575,6.096774193548387,-0.0302602655687072,0.06956635661970689,-0.027456550736875474
AAPL,2014-03-06,2013-09-09,2014-03-06,124,0.0950046941165206,6.026209592172243e-06,3.043552951523862e-09,0.9721521758852013,0.014748036814887035,6.096774193548387,-0.0302602655687072,0.06956635661970689,-0.027456550736875474
AAPL,2014-03-07,2013-09-09,2014-03-07,125,0.0950046941165206,7.071822467289227e-06,3.043552951523862e-09,0.9669563701043697,0.014648349412170834,6.048,-0.0302602655687072,0.06956635661970689,-0.027456550736875474
AAPL,2014-03-10,2013-09-11,2014-03-10,124,0.0950046941165206,7.973457566796875e-06,3.043552951523862e-09,0.9619231881234372,0.014481405674232497,6.096774193548387,-0.0302602655687072,0.06956635661970689,-0.027456550736875474
AAPL,2014-03-11,2013-09-12,2014-03-11,124,0.0950046941165206,8.216285500991811e-06,3.043552951523862e-09,0.9609069615452845,0.014499901015314133,4.064516129032258,-0.017399473861290593,0.09320169615747956,-0.012971333382047034
AAPL,2014-03-12,2013-09-13,2014-03-12,124,0.0950046941165206,8.134532094292645e-06,3.043552951523862e-09,0.9610020979235441,0.014445445845377478,4.064516129032258,-0.017399473861290593,0.09320169615747956,-0.012971333382047034
AAPL,2014-03-13,2013-09-16,2014-03-13,124,0.0950046941165206,8.053592147581707e-06,3.043552951523862e-09,0.9610972437209575,0.014391086975159251,4.064516129032258,-0.017399473861290593,0.09320169615747956,-0.012971333382047034
AAPL,2014-03-14,2013-09-16,2014-03-14,125,0.0950046941165206,7.973457566796875e-06,3.043552951523862e-09,0.9611923989384573,0.014337066723240338,4.032,-0.017399473861290593,0.09320169615747956,-0.012971333382047034
AAPL,2014-03-17,2013-09-18,2014-03-17,124,0.5325748274423188,7.60571692409753e-06,2.8539295779403646e-09,0.9638489915302412,0.014504443721273469,4.064516129032258,-0.017399473861290593,0.09320169615747956,-0.012971333382047034
AAPL,2014-03-18,2013-09-19,2014-03-18,124,0.4764527501292701,7.781304036729963e-06,2.853674591151374e-09,0.9642819587769764,0.014755714034034442,4.064516129032258,-0.017399473861290593,0.09320169615747956,-0.012971333382047034
AAPL,2014-03-19,2013-09-20,2014-03-19,124,0.4203306728162214,7.5726849299381595e-06,2.853674591151374e-09,0.9647110634933397,0.014645090771566636,4.064516129032258,-0.017399473861290593,0.09320169615747956,-0.012971333382047034
AAPL,2014-03-20,2013-09-23,2014-03-20,124,0.36420859550317275,7.3696589642848035e-06,2.853674591151374e-09,0.9651363365762732,0.014536074323872999,4.064516129032258,-0.017399473861290593,0.09320169615747956,-0.012971333382047034
AAPL,2014-03-21,2013-09-23,2014-03-21,125,0.2901706591221795,7.284588035777244e-06,2.952054105000209e-09,0.9642355057376202,0.014271548028772377,4.032,-0.017399473861290593,0.09320169615747956,-0.012971333382047034
AAPL,2014-03-24,2013-09-25,2014-03-24,124,0.2901706591221795,7.2121051737524405e-06,3.043552951523862e-09,0.9639854118397289,0.014146189920355516,2.032258064516129,-0.08330302523233257,0.0,-0.07992770014906103
AAPL,2014-03-25,2013-09-26,2014-03-25,124,0.2901706591221795,6.929314484997182e-06,3.043552951523862e-09,0.9654405524295956,0.014153183123795822,2.032258064516129,-0.08330302523233257,0.0,-0.07992770014906103
AAPL,2014-03-26,2013-09-27,2014-03-26,124,0.2901706591221795,6.860366653867163e-06,3.043552951523862e-09,0.9655361376644401,0.014102806004005803,2.032258064516129,-0.08330302523233257,0.0,-0.07992770014906103
AAPL,2014-03-27,2013-09-30,2014-03-27,124,0.2901706591221795,6.792104865119522e-06,3.043552951523862e-09,0.9656317323628784,0.014052393985471272,2.032258064516129,-0.08330302523233257,0.0,-0.07992770014906103
AAPL,2014-03-28,2013-09-30,2014-03-28,125,0.2901706591221795,6.7245222925185e-06,3.043552951523862e-09,0.9657273365258471,0.014001865813833878,2.016,-0.08330302523233257,0.0,-0.07992770014906103
AAPL,2014-03-31,2013-10-01,2014-03-31,125,0.2901706591221795,6.657612177750517e-06,3.043552951523862e-09,0.9658229501542835,0.013951379748996106,2.016,-0.08330302523233257,0.0,-0.07992770014906103
AAPL,2014-04-01,2013-10-02,2014-04-01,125,0.2901706591221795,6.5257826240219576e-06,3.043552951523862e-09,0.9665708522611091,0.013963631819467193,2.016,-0.08330302523233257,0.0,-0.07992770014906103
AAPL,2014-04-02,2013-10-03,2014-04-02,125,0.2901706591221795,6.46085000199615e-06,3.043552951523862e-09,0.9663428274520798,0.013848605372640417,2.016,-0.08330302523233257,0.0,-0.07992770014906103
AAPL,2014-04-03,2013-10-04,2014-04-03,125,0.2901706591221795,6.46085000199615e-06,3.043552951523862e-09,0.9664385020183387,0.013867472709580114,2.016,-0.08330302523233257,0.0,-0.07992770014906103
AAPL,2014-04-04,2013-10-07,2014-04-04,125,0.2901706591221795,6.46085000199615e-06,3.043552951523862e-09,0.9665341860570357,0.013887732586819935,2.016,-0.08330302523233257,0.0,-0.07992770014906103
AAPL,2014-04-07,2013-10-08,2014-04-07,125,0.21613272274118628,6.713700875166045e-06,2.952054105000209e-09,0.9663289648432131,0.014111644478828303,2.016,-0.08330302523233257,0.0,-0.07992770014906103
AAPL,2014-04-08,2013-10-09,2014-04-08,125,0.21613272274118628,6.45045289848724e-06,3.043552951523862e-09,0.9664246380369786,0.013854354586001328,2.016,-0.08330302523233257,0.0,-0.07992770014906103
AAPL,2014-04-09,2013-10-10,2014-04-09,125,0.21613272274118628,6.45045289848724e-06,3.043552951523862e-09,0.9665203207030463,0.013873922773620088,2.016,-0.08330302523233257,0.0,-0.07992770014906103
AAPL,2014-04-10,2013-10-11,2014-04-10,125,0.21613272274118628,6.515281027885592e-06,3.043552951523862e-09,0.9659645840140629,0.013830803365726403,2.016,-0.08330302523233257,0.0,-0.07992770014906103
AAPL,2014-04-11,2013-10-14,2014-04-11,125,0.14209478636019304,6.770262105660055e-06,2.952054105000209e-09,0.9657543513498168,0.014052936004786966,2.016,-0.08330302523233257,0.0,-0.07992770014906103
AAPL,2014-04-14,2013-10-15,2014-04-14,125,0.14209478636019304,6.440072526486001e-06,3.043552951523862e-09,0.9658499676529061,0.0137290617959592,2.016,-0.08330302523233257,0.0,-0.07992770014906103
AAPL,2014-04-15,2013-10-16,2014-04-15,125,0.14209478636019304,6.375992734180052e-06,3.043552951523862e-09,0.9659455934226652,0.013680495713918973,2.016,-0.08330302523233257,0.0,-0.07992770014906103
AAPL,2014-04-16,2013-10-17,2014-04-16,125,0.14209478636019304,6.312550546460865e-06,3.043552951523862e-09,0.9660412286600311,0.013631973270486934,2.016,-0.08330302523233257,0.0,-0.07992770014906103
AAPL,2014-04-17,2013-10-18,2014-04-17,125,0.14209478636019304,6.249739619056801e-06,3.043552951523862e-09,0.9661368733659412,0.013584095642219168,2.016,-0.08330302523233257,0.0,-0.07992770014906103
AAPL,2014-04-18,2013-10-21,2014-04-18,125,0.14209478636019304,6.187553670822775e-06,3.043552951523862e-09,0.966232527541333,0.013535854988834518,2.016,-0.08330302523233257,0.0,-0.07992770014906103
AAPL,2014-04-21,2013-10-22,2014-04-21,125,0.06805684997919981,6.429708859067318e-06,2.952054105000209e-09,0.9660246515265994,0.013751186650779899,2.016,-0.08330302523233257,0.0,-0.07992770014906103
AAPL,2014-04-22,2013-10-23,2014-04-22,125,0.06805684997919981,6.116128257717743e-06,3.043552951523862e-09,0.9661202945912597,0.0134347404013711,2.016,-0.08330302523233257,0.0,-0.07992770014906103
AAPL,2014-04-23,2013-10-24,2014-04-23,125,0.06805684997919981,6.116128257717743e-06,3.043552951523862e-09,0.9662159471252393,0.013453829269818878,2.016,-0.08330302523233257,0.0,-0.07992770014906103
AAPL,2014-04-24,2013-10-25,2014-04-24,125,0.06805684997919981,7.932190751340846e-06,3.043552951523862e-09,0.9675897009732535,0.01563461007368856,4.032,-0.0022541672934872636,0.11462039411196534,0.0043240720162824875
AAPL,2014-04-25,2013-10-28,2014-04-25,125,0.06805684997919981,7.853264134631696e-06,3.043552951523862e-09,0.9676854989885407,0.015579994155604902,4.032,-0.0022541672934872636,0.11462039411196534,0.0043240720162824875
AAPL,2014-04-28,2013-10-29,2014-04-28,125,0.06805684997919981,8.255909596944775e-06,3.043552951523862e-09,0.9677813064884885,0.015997147236240607,4.032,-0.0022541672934872636,0.11462039411196534,0.0043240720162824875
AAPL,2014-04-29,2013-10-30,2014-04-29,125,0.5056269833049979,7.566353358907892e-06,2.8539295779403646e-09,0.971436653045924,0.016247223923778274,4.032,-0.0022541672934872636,0.11462039411196534,0.0043240720162824875
AAPL,2014-04-30,2013-10-31,2014-04-30,125,0.375466969610956,7.80624794913875e-06,2.7678840898355966e-09,0.9718208926806469,0.01660290811349485,4.032,-0.0022541672934872636,0.11462039411196534,0.0043240720162824875
AAPL,2014-05-01,2013-11-04,2014-05-01,124,0.3014290332299628,7.563347543449991e-06,2.952054105000209e-09,0.9711065795548265,0.016153434369115913,4.064516129032258,-0.0022541672934872636,0.11462039411196534,0.0043240720162824875
AAPL,2014-05-02,2013-11-04,2014-05-02,125,0.3014290332299628,7.194478731054819e-06,3.043552951523862e-09,0.971202725765209,0.015788657802363548,4.032,-0.0022541672934872636,0.11462039411196534,0.0043240720162824875
AAPL,2014-05-05,2013-11-06,2014-05-05,124,0.3014290332299628,7.194478731054819e-06,3.043552951523862e-09,0.9712988814947257,0.015815412520164406,4.064516129032258,-0.0022541672934872636,0.11462039411196534,0.0043240720162824875
AAPL,2014-05-06,2013-11-07,2014-05-06,124,0.3014290332299628,6.981849750761893e-06,3.043552951523862e-09,0.9722169349612808,0.0158336223329804,4.064516129032258,-0.0022541672934872636,0.11462039411196534,0.0043240720162824875
AAPL,2014-05-07,2013-11-08,2014-05-07,124,0.3014290332299628,6.912379185003483e-06,3.043552951523862e-09,0.9723131911044626,0.015781006455500478,4.064516129032258,-0.0022541672934872636,0.11462039411196534,0.0043240720162824875
AAPL,2014-05-08,2013-11-11,2014-05-08,124,0.3014290332299628,6.7080875062803116e-06,3.043552951523862e-09,0.9729409842118619,0.015723736567396455,4.064516129032258,-0.0022541672934872636,0.11462039411196534,0.0043240720162824875
AAPL,2014-05-09,2013-11-11,2014-05-09,125,0.3014290332299628,6.641340920367696e-06,3.043552951523862e-09,0.9727737198280622,0.01560033357409311,4.032,-0.0022541672934872636,0.11462039411196534,0.0043240720162824875
AAPL,2014-05-12,2013-11-13,2014-05-12,124,0.3014290332299628,6.641340920367696e-06,3.043552951523862e-09,0.9726048494963742,0.015556411011945825,4.064516129032258,-0.0022541672934872636,0.11462039411196534,0.0043240720162824875
AAPL,2014-05-13,2013-11-14,2014-05-13,124,0.3014290332299628,6.575258474081585e-06,3.043552951523862e-09,0.9727011440457547,0.015507521078626579,4.064516129032258,-0.0022541672934872636,0.11462039411196534,0.0043240720162824875
AAPL,2014-05-14,2013-11-15,2014-05-14,124,0.3014290332299628,6.509833559122283e-06,3.043552951523862e-09,0.9727974481289561,0.015457389683540717,4.064516129032258,-0.0022541672934872636,0.11462039411196534,0.0043240720162824875
AAPL,2014-05-15,2013-11-18,2014-05-15,124,0.3014290332299628,6.509833559122283e-06,3.043552951523862e-09,0.9723613330256828,0.015339688571633339,4.064516129032258,-0.0022541672934872636,0.11462039411196534,0.0043240720162824875
AAPL,2014-05-16,2013-11-18,2014-05-16,125,0.3014290332299628,6.509833559122283e-06,3.043552951523862e-09,0.9724576034652632,0.015365417209039611,4.032,-0.0022541672934872636,0.11462039411196534,0.0043240720162824875
AAPL,2014-05-19,2013-11-20,2014-05-19,124,0.3014290332299628,6.445059632943773e-06,3.043552951523862e-09,0.9725538834362772,0.01531816918433964,4.064516129032258,-0.0022541672934872636,0.11462039411196534,0.0043240720162824875
AAPL,2014-05-20,2013-11-21,2014-05-20,124,0.3014290332299628,6.380930218099457e-06,3.043552951523862e-09,0.9723829032628002,0.015197650277263126,4.064516129032258,-0.0022541672934872636,0.11462039411196534,0.0043240720162824875
AAPL,2014-05-21,2013-11-22,2014-05-21,124,0.3014290332299628,6.317438901594412e-06,3.043552951523862e-09,0.9724791758379818,0.01514889197861428,4.064516129032258,-0.0022541672934872636,0.11462039411196534,0.0043240720162824875
AAPL,2014-05-22,2013-11-25,2014-05-22,124,0.3014290332299628,6.254579334244076e-06,3.043552951523862e-09,0.9723074788944712,0.015030302238433768,4.064516129032258,-0.0022541672934872636,0.11462039411196534,0.0043240720162824875
AAPL,2014-05-23,2013-11-25,2014-05-23,125,0.3014290332299628,6.192345230039331e-06,3.043552951523862e-09,0.9724037440021231,0.014981823546418804,4.032,-0.0022541672934872636,0.11462039411196534,0.0043240720162824875
AAPL,2014-05-27,2013-11-29,2014-05-27,123,0.3014290332299628,6.192345230039331e-06,3.043552951523862e-09,0.9725000186406809,0.015006766585122873,4.097560975609756,-0.0022541672934872636,0.11462039411196534,0.0043240720162824875
AAPL,2014-05-28,2013-11-29,2014-05-28,124,0.3014290332299628,6.130730365517894e-06,3.043552951523862e-09,0.9725963028110879,0.014957846912023249,4.064516129032258,-0.0022541672934872636,0.11462039411196534,0.0043240720162824875
AAPL,2014-05-29,2013-12-02,2014-05-29,124,0.3014290332299628,6.130730365517894e-06,3.043552951523862e-09,0.972692596514288,0.014983239438658582,4.064516129032258,-0.0022541672934872636,0.11462039411196534,0.0043240720162824875
AAPL,2014-05-30,2013-12-02,2014-05-30,125,0.3014290332299628,6.069728579141969e-06,3.043552951523862e-09,0.9725229475014531,0.014864556992135401,4.032,-0.0022541672934872636,0.11462039411196534,0.0043240720162824875
AAPL,2014-06-02,2013-12-03,2014-06-02,125,0.3014290332299628,6.0093337706820814e-06,3.043552951523862e-09,0.9726192339419747,0.014817693185464718,4.032,-0.0022541672934872636,0.11462039411196534,0.0043240720162824875
AAPL,2014-06-03,2013-12-04,2014-06-03,125,0.3014290332299628,6.0093337706820814e-06,3.043552951523862e-09,0.9727155299155141,0.014838603638923462,4.032,-0.0022541672934872636,0.11462039411196534,0.0043240720162824875
AAPL,2014-06-04,2013-12-05,2014-06-04,125,0.3014290332299628,6.069728579141969e-06,3.043552951523862e-09,0.9720070396784439,0.01472738786943478,4.032,-0.0022541672934872636,0.11462039411196534,0.0043240720162824875
AAPL,2014-06-05,2013-12-06,2014-06-05,125,0.3014290332299628,6.0093337706820814e-06,3.043552951523862e-09,0.9721032750405534,0.014680609858490212,4.032,-0.0022541672934872636,0.11462039411196534,0.0043240720162824875
AAPL,2014-06-06,2013-12-09,2014-06-06,125,0.3014290332299628,5.949539900607057e-06,3.043552951523862e-09,0.9719279732956764,0.014563458018009344,4.032,-0.0022541672934872636,0.11462039411196534,0.0043240720162824875
AAPL,2014-06-09,2013-12-10,2014-06-09,125,0.3014290332299628,5.949539900607057e-06,3.043552951523862e-09,0.9720242008296716,0.01458869463867388,4.032,-0.0022541672934872636,0.11462039411196534,0.0043240720162824875
AAPL,2014-06-10,2013-12-11,2014-06-10,125,0.3014290332299628,5.890340989480061e-06,3.043552951523862e-09,0.9718481411464469,0.014473976337486304,4.032,-0.0022541672934872636,0.11462039411196534,0.0043240720162824875
AAPL,2014-06-11,2013-12-12,2014-06-11,125,0.3014290332299628,5.831731117360645e-06,3.043552951523862e-09,0.9716703943600451,0.014359445581889395,4.032,-0.0022541672934872636,0.11462039411196534,0.0043240720162824875
AAPL,2014-06-12,2013-12-13,2014-06-12,125,0.3014290332299628,5.831731117360645e-06,3.043552951523862e-09,0.9717665963919595,0.014385865033364831,4.032,-0.0022541672934872636,0.11462039411196534,0.0043240720162824875
AAPL,2014-06-13,2013-12-16,2014-06-13,125,0.3014290332299628,5.773704423212758e-06,3.043552951523862e-09,0.9718628079485349,0.014340211816940777,4.032,-0.0022541672934872636,0.11462039411196534,0.0043240720162824875
AAPL,2014-06-16,2013-12-17,2014-06-16,125,0.3014290332299628,5.716255104318629e-06,3.043552951523862e-09,0.9716852016836888,0.01422755008773267,4.032,-0.0022541672934872636,0.11462039411196534,0.0043240720162824875
AAPL,2014-06-17,2013-12-18,2014-06-17,125,0.3014290332299628,5.6593774156984925e-06,3.043552951523862e-09,0.9715058940798128,0.014114853779562833,4.032,-0.0022541672934872636,0.11462039411196534,0.0043240720162824875
AAPL,2014-06-18,2013-12-19,2014-06-18,125,0.3014290332299628,5.069863473508963e-06,3.043552951523862e-09,0.9737279820851191,0.013927460876858385,4.032,-0.0022541672934872636,0.11462039411196534,0.0043240720162824875
AAPL,2014-06-19,2013-12-20,2014-06-19,125,0.3014290332299628,5.019417489078529e-06,3.043552951523862e-09,0.9735682814869777,0.013818437844086763,4.032,-0.0022541672934872636,0.11462039411196534,0.0043240720162824875
AAPL,2014-06-20,2013-12-23,2014-06-20,125,0.3014290332299628,4.727109370466668e-06,3.043552951523862e-09,0.9746711018992955,0.013711325816973109,4.032,-0.0022541672934872636,0.11462039411196534,0.0043240720162824875
AAPL,2014-06-23,2013-12-24,2014-06-23,125,0.3014290332299628,4.407527563042625e-06,3.043552951523862e-09,0.9762019966867911,0.013653066674164306,4.032,-0.0022541672934872636,0.11462039411196534,0.0043240720162824875
AAPL,2014-06-24,2013-12-26,2014-06-24,125,0.3014290332299628,4.363671931035228e-06,3.043552951523862e-09,0.9760661555336049,0.01355190022931071,4.032,-0.0022541672934872636,0.11462039411196534,0.0043240720162824875
AAPL,2014-06-25,2013-12-26,2014-06-25,126,0.3014290332299628,2.954454078962107e-06,3.043552951523862e-09,0.9829157268808252,0.01330211610769413,4.0,-0.0022541672934872636,0.11462039411196534,0.0043240720162824875
AAPL,2014-06-26,2013-12-27,2014-06-26,126,0.3014290332299628,2.3009311502442114e-06,3.043552951523862e-09,0.9857516374192222,0.013003753082783974,4.0,-0.0022541672934872636,0.11462039411196534,0.0043240720162824875
AAPL,2014-06-27,2013-12-30,2014-06-27,126,0.3014290332299628,1.9412146568717027e-06,3.043552951523862e-09,0.9874666892819257,0.01287599654965867,4.0,-0.0022541672934872636,0.11462039411196534,0.0043240720162824875
AAPL,2014-06-30,2013-12-31,2014-06-30,126,0.3014290332299628,1.4237779814605302e-06,3.043552951523862e-09,0.9898163339921444,0.012592907584664755,4.0,-0.0022541672934872636,0.11462039411196534,0.0043240720162824875
AAPL,2014-07-01,2014-01-02,2014-07-01,126,0.3014290332299628,1.0760682498305131e-06,3.043552951523862e-09,0.9914794312786609,0.012404108410648262,4.0,-0.0022541672934872636,0.11462039411196534,0.0043240720162824875
AAPL,2014-07-02,2014-01-03,2014-07-02,126,0.3014290332299628,2.7896021355882663e-07,5.1193402071485076e-09,0.9953518017740351,0.011868467819559903,4.0,-0.0022541672934872636,0.11462039411196534,0.0043240720162824875
AAPL,2014-07-03,2014-01-06,2014-07-03,126,0.3014290332299628,1.2105431799402421e-09,8.610871746543816e-09,0.9968478481856442,0.011627398370160821,4.0,-0.0022541672934872636,0.11462039411196534,0.0043240720162824875
AAPL,2014-07-07,2014-01-08,2014-07-07,125,0.3014290332299628,1.4032969704579068e-12,2.4362024469606952e-08,0.9968162637639687,0.011722814440446089,4.032,-0.0022541672934872636,0.11462039411196534,0.0043240720162824875
AAPL,2014-07-08,2014-01-09,2014-07-08,125,0.3014290332299628,1.6267427878067148e-15,2.4362024469606952e-08,0.9965862786724554,0.011567137976163436,4.032,-0.0022541672934872636,0.11462039411196534,0.0043240720162824875
AAPL,2014-07-09,2014-01-10,2014-07-09,125,0.3014290332299628,1.1592291739045862e-15,2.4362024469606952e-08,0.9964119335925626,0.011394674145575807,4.032,-0.0022541672934872636,0.11462039411196534,0.0043240720162824875
AAPL,2014-07-10,2014-01-13,2014-07-10,125,0.3014290332299628,1.1592291739045862e-15,2.4362024469606952e-08,0.996152844038755,0.01120301794276347,4.032,-0.0022541672934872636,0.11462039411196534,0.0043240720162824875
AAPL,2014-07-11,2014-01-13,2014-07-11,126,0.3014290332299628,1.1592291739045862e-15,2.4362024469606952e-08,0.9960361760650679,0.01105575970237085,6.0,0.01116282018243068,0.08431467269685594,0.014826134943101366
AAPL,2014-07-14,2014-01-15,2014-07-14,125,0.3014290332299628,6.891855636927931e-16,2.4362024469606952e-08,0.9958751180777395,0.010965235914853821,6.048,0.01116282018243068,0.08431467269685594,0.014826134943101366
AAPL,2014-07-15,2014-01-16,2014-07-15,125,0.3014290332299628,6.891855636927931e-16,2.4362024469606952e-08,0.9959564458238918,0.01098763422920442,6.048,0.01116282018243068,0.08431467269685594,0.014826134943101366
AAPL,2014-07-16,2014-01-17,2014-07-16,125,0.3014290332299628,6.891855636927931e-16,2.4362024469606952e-08,0.9957075424976279,0.010818942827672293,6.048,0.01116282018243068,0.08431467269685594,0.014826134943101366
AAPL,2014-07-17,2014-01-21,2014-07-17,125,0.3014290332299628,1.1592291739045862e-15,2.4362024469606952e-08,0.9962287154093672,0.011105382421588341,4.032,-0.0022541672934872636,0.11462039411196534,0.0043240720162824875
AAPL,2014-07-18,2014-01-21,2014-07-18,126,0.3014290332299628,1.1592291739045862e-15,2.4362024469606952e-08,0.996303095643402,0.011127995547257031,4.0,-0.0022541672934872636,0.11462039411196534,0.0043240720162824875
AAPL,2014-07-21,2014-01-22,2014-07-21,126,0.3014290332299628,1.1592291739045862e-15,2.4362024469606952e-08,0.996152844038755,0.010991431778975084,4.0,-0.0022541672934872636,0.11462039411196534,0.0043240720162824875
AAPL,2014-07-22,2014-01-23,2014-07-22,126,0.3014290332299628,1.1592291739045862e-15,2.4362024469606952e-08,0.9959159836081961,0.010837385366858155,6.0,0.01116282018243068,0.08431467269685594,0.014826134943101366
AAPL,2014-07-23,2014-01-24,2014-07-23,126,0.3014290332299628,1.1592291739045862e-15,2.4362024469606952e-08,0.9963397356964935,0.011249458167427855,4.0,-0.0022541672934872636,0.11462039411196534,0.0043240720162824875
AAPL,2014-07-24,2014-01-27,2014-07-24,126,0.3014290332299628,1.1592291739045862e-15,2.4362024469606952e-08,0.9962660900871657,0.011110129843940485,4.0,-0.0022541672934872636,0.11462039411196534,0.0043240720162824875
AAPL,2014-07-25,2014-01-27,2014-07-25,127,0.3014290332299628,1.1592291739045862e-15,2.4362024469606952e-08,0.9962287154093672,0.011024517630919906,3.968503937007874,-0.0022541672934872636,0.11462039411196534,0.0043240720162824875
AAPL,2014-07-28,2014-01-29,2014-07-28,126,0.7389991665557609,3.1659133684029045e-08,3.8424558839578667e-08,0.9999983860332959,0.01199415275778738,2.0,0.07879469064535805,0.0,0.08198215820629984
AAPL,2014-07-29,2014-01-30,2014-07-29,126,0.6828770892427123,3.6062925556702065e-07,2.7899463771016802e-08,0.9977757897768178,0.012026701255799774,2.0,0.07879469064535805,0.0,0.08198215820629984
AAPL,2014-07-30,2014-01-31,2014-07-30,126,0.6828770892427123,1.1389367579584602e-06,8.610871746543816e-09,0.9922069810298307,0.011978362202095912,2.0,0.07879469064535805,0.0,0.08198215820629984
AAPL,2014-07-31,2014-02-03,2014-07-31,126,0.6267550119296635,1.979647711708944e-06,4.799959556208351e-09,0.9880677297332567,0.012703885625377737,2.0,0.07879469064535805,0.0,0.08198215820629984
AAPL,2014-08-01,2014-02-03,2014-08-01,127,0.6267550119296635,2.541917977922011e-06,3.043552951523862e-09,0.9834840056071328,0.012359698489589031,1.984251968503937,0.07879469064535805,0.0,0.08198215820629984
AAPL,2014-08-04,2014-02-05,2014-08-04,126,0.5527170755486703,3.1941095959135545e-06,2.952054105000209e-09,0.9797172788862752,0.012510878721939175,2.0,0.07879469064535805,0.0,0.08198215820629984
AAPL,2014-08-05,2014-02-06,2014-08-05,126,0.5527170755486703,3.324463681378114e-06,3.043552951523862e-09,0.9779552986292173,0.012266385036220266,2.0,0.07879469064535805,0.0,0.08198215820629984
AAPL,2014-08-06,2014-02-07,2014-08-06,126,0.5527170755486703,3.29138471505355e-06,3.043552951523862e-09,0.9780521229097509,0.01223401670273938,2.0,0.07879469064535805,0.0,0.08198215820629984
AAPL,2014-08-07,2014-02-10,2014-08-07,126,0.4786791391676772,3.38616434458311e-06,2.952054105000209e-09,0.9777328824341365,0.012312541502075901,2.0,0.07879469064535805,0.0,0.08198215820629984
AAPL,2014-08-08,2014-02-10,2014-08-08,127,0.4786791391676772,3.2533909415095976e-06,3.043552951523862e-09,0.9778296846939416,0.01210484767805744,1.984251968503937,0.07879469064535805,0.0,0.08198215820629984
AAPL,2014-08-11,2014-02-12,2014-08-11,126,0.4786791391676772,4.2618264777151175e-06,3.043552951523862e-09,0.9710010354924106,0.01211796218004936,2.0,0.07879469064535805,0.0,0.08198215820629984
AAPL,2014-08-12,2014-02-13,2014-08-12,126,0.4786791391676772,4.219420595729655e-06,3.043552951523862e-09,0.9710971712532074,0.012078505299922203,2.0,0.07879469064535805,0.0,0.08198215820629984
AAPL,2014-08-13,2014-02-14,2014-08-13,126,0.4786791391676772,4.219420595729655e-06,3.043552951523862e-09,0.9711933165321036,0.01209752988018153,2.0,0.07879469064535805,0.0,0.08198215820629984
AAPL,2014-08-14,2014-02-18,2014-08-14,126,0.4786791391676772,4.177436659319963e-06,3.043552951523862e-09,0.9710093003664334,0.012001417607727471,4.0,0.05839574288981231,0.02884846857403299,0.06057568521602197
AAPL,2014-08-15,2014-02-18,2014-08-15,127,0.4786791391676772,4.13587047005741e-06,3.043552951523862e-09,0.9711054369455092,0.011961347659685906,3.968503937007874,0.05839574288981231,0.02884846857403299,0.06057568521602197
AAPL,2014-08-18,2014-02-19,2014-08-18,127,0.4786791391676772,4.094717871288433e-06,3.043552951523862e-09,0.9712015830427656,0.011923306317573759,3.968503937007874,0.05839574288981231,0.02884846857403299,0.06057568521602197
AAPL,2014-08-19,2014-02-20,2014-08-19,127,0.4786791391676772,4.094717871288433e-06,3.043552951523862e-09,0.971297738659145,0.011941158701018717,3.968503937007874,0.05839574288981231,0.02884846857403299,0.06057568521602197
AAPL,2014-08-20,2014-02-21,2014-08-20,127,0.4786791391676772,4.053974747718861e-06,3.043552951523862e-09,0.9713939037955899,0.01190090457324802,3.968503937007874,0.05839574288981231,0.02884846857403299,0.06057568521602197
AAPL,2014-08-21,2014-02-24,2014-08-21,127,0.4786791391676772,4.013637025002384e-06,3.043552951523862e-09,0.9712118071551544,0.01180502362571394,3.968503937007874,0.05839574288981231,0.02884846857403299,0.06057568521602197
AAPL,2014-08-22,2014-02-24,2014-08-22,128,0.4786791391676772,3.973700669333117e-06,3.043552951523862e-09,0.9713079637837909,0.011765883426396707,3.9375,0.05839574288981231,0.02884846857403299,0.06057568521602197
AAPL,2014-08-25,2014-02-26,2014-08-25,127,0.4786791391676772,3.934161687042211e-06,3.043552951523862e-09,0.9714041299325933,0.011727456361586227,3.968503937007874,0.05839574288981231,0.02884846857403299,0.06057568521602197
AAPL,2014-08-26,2014-02-27,2014-08-26,127,0.4786791391676772,3.895016124198488e-06,3.043552951523862e-09,0.9715003056025037,0.011689141377313373,3.968503937007874,0.05839574288981231,0.02884846857403299,0.06057568521602197
AAPL,2014-08-27,2014-02-28,2014-08-27,127,0.4786791391676772,4.094717871288433e-06,3.043552951523862e-09,0.9701836810940417,0.011715544796278688,3.968503937007874,0.05839574288981231,0.02884846857403299,0.06057568521602197
AAPL,2014-08-28,2014-03-03,2014-08-28,127,0.4786791391676772,4.053974747718861e-06,3.043552951523862e-09,0.9699900155899706,0.01162135916511257,3.968503937007874,0.05839574288981231,0.02884846857403299,0.06057568521602197
AAPL,2014-08-29,2014-03-03,2014-08-29,128,0.4786791391676772,4.013637025002384e-06,3.043552951523862e-09,0.9700860512528642,0.011581841227382908,3.9375,0.05839574288981231,0.02884846857403299,0.06057568521602197
AAPL,2014-09-02,2014-03-03,2014-09-02,129,0.4786791391676772,4.013637025002384e-06,3.043552951523862e-09,0.9698914537725917,0.011544468798691575,3.906976744186047,0.05839574288981231,0.02884846857403299,0.06057568521602197
AAPL,2014-09-03,2014-03-04,2014-09-03,129,0.4786791391676772,4.616781507983507e-06,3.043552951523862e-09,0.9696949992381689,0.012339184933743566,3.906976744186047,0.017835469766503076,0.08620935691857384,0.021785407228777087
AAPL,2014-09-04,2014-03-05,2014-09-04,129,0.4786791391676772,4.757383437174357e-06,3.043552951523862e-09,0.9688996459046813,0.012364886635533642,3.906976744186047,0.017835469766503076,0.08620935691857384,0.021785407228777087
AAPL,2014-09-05,2014-03-06,2014-09-05,129,0.4786791391676772,5.1536119534620155e-06,3.043552951523862e-09,0.9661746064516754,0.012341641054603615,3.906976744186047,0.017835469766503076,0.08620935691857384,0.021785407228777087
AAPL,2014-09-08,2014-03-10,2014-09-08,128,0.4786791391676772,5.310562803681971e-06,3.043552951523862e-09,0.9649420244931224,0.012307168123678805,3.9375,0.017835469766503076,0.08620935691857384,0.021785407228777087
AAPL,2014-09-09,2014-03-10,2014-09-09,129,0.4786791391676772,5.4722935188989845e-06,3.043552951523862e-09,0.9636626020163173,0.012271347423364169,3.906976744186047,0.017835469766503076,0.08620935691857384,0.021785407228777087
AAPL,2014-09-10,2014-03-11,2014-09-10,129,0.4786791391676772,6.23200318120553e-06,3.043552951523862e-09,0.9604799198648203,0.012557040949415392,3.906976744186047,0.017835469766503076,0.08620935691857384,0.021785407228777087
AAPL,2014-09-11,2014-03-12,2014-09-11,129,0.4786791391676772,6.1699937134768226e-06,3.043552951523862e-09,0.9601945675787597,0.012450066516037325,3.906976744186047,0.017835469766503076,0.08620935691857384,0.021785407228777087
AAPL,2014-09-12,2014-03-13,2014-09-12,129,0.4786791391676772,6.1086012502611415e-06,3.043552951523862e-09,0.9602896334251316,0.012403053111364071,3.906976744186047,0.017835469766503076,0.08620935691857384,0.021785407228777087
AAPL,2014-09-15,2014-03-17,2014-09-15,128,0.4786791391676772,5.869079569243587e-06,3.043552951523862e-09,0.9611386414531222,0.01228990506282307,3.9375,0.017835469766503076,0.08620935691857384,0.021785407228777087
AAPL,2014-09-16,2014-03-17,2014-09-16,129,0.4786791391676772,5.869079569243587e-06,3.043552951523862e-09,0.9612338007692813,0.012304760172573943,3.906976744186047,0.017835469766503076,0.08620935691857384,0.021785407228777087
AAPL,2014-09-17,2014-03-18,2014-09-17,129,0.4786791391676772,5.75286400730435e-06,3.043552951523862e-09,0.9613289695068653,0.012198053261136415,3.906976744186047,0.017835469766503076,0.08620935691857384,0.021785407228777087
AAPL,2014-09-18,2014-03-19,2014-09-18,129,0.4786791391676772,5.695622054013246e-06,3.043552951523862e-09,0.9614241476668068,0.01215241603982969,3.906976744186047,0.017835469766503076,0.08620935691857384,0.021785407228777087
AAPL,2014-09-19,2014-03-20,2014-09-19,129,0.4786791391676772,5.63894966767391e-06,3.043552951523862e-09,0.961519335250039,0.012107300221837643,3.906976744186047,0.017835469766503076,0.08620935691857384,0.021785407228777087
AAPL,2014-09-22,2014-03-24,2014-09-22,128,0.4786791391676772,5.257721820899853e-06,3.043552951523862e-09,0.9630640186266181,0.011935105120136003,3.9375,0.017835469766503076,0.08620935691857384,0.021785407228777087
AAPL,2014-09-23,2014-03-24,2014-09-23,129,0.4786791391676772,5.257721820899853e-06,3.043552951523862e-09,0.9631593685683199,0.011950350898315797,3.906976744186047,0.017835469766503076,0.08620935691857384,0.021785407228777087
AAPL,2014-09-24,2014-03-25,2014-09-24,129,0.4786791391676772,5.2054066146812735e-06,3.043552951523862e-09,0.9632547279503196,0.011906701327435551,3.906976744186047,0.017835469766503076,0.08620935691857384,0.021785407228777087
AAPL,2014-09-25,2014-03-26,2014-09-25,129,0.4786791391676772,5.527290983097538e-06,3.043552951523862e-09,0.9647364475259604,0.012523828186363915,5.86046511627907,-0.0010692663196712655,0.0691967755724263,0.0013257085308191474
AAPL,2014-09-26,2014-03-27,2014-09-26,129,0.4786791391676772,5.75286400730436e-06,3.043552951523862e-09,0.9644910782214303,0.012732082483647286,5.86046511627907,-0.0010692663196712655,0.0691967755724263,0.0013257085308191474
AAPL,2014-09-29,2014-03-31,2014-09-29,128,0.4786791391676772,5.695622054013256e-06,3.043552951523862e-09,0.9642433940994403,0.012626343800780265,5.90625,-0.0010692663196712655,0.0691967755724263,0.0013257085308191474
AAPL,2014-09-30,2014-03-31,2014-09-30,129,0.4786791391676772,5.63894966767392e-06,3.043552951523862e-09,0.964338860807401,0.012580071098639841,5.86046511627907,-0.0010692663196712655,0.0691967755724263,0.0013257085308191474
AAPL,2014-10-01,2014-04-02,2014-10-01,128,0.4786791391676772,5.5828411810004925e-06,3.043552951523862e-09,0.9644343369672205,0.012536246914632178,5.90625,-0.0010692663196712655,0.0691967755724263,0.0013257085308191474
AAPL,2014-10-02,2014-04-03,2014-10-02,128,0.4786791391676772,5.527290983097547e-06,3.043552951523862e-09,0.9641861177213045,0.012431421993263326,5.90625,-0.0010692663196712655,0.0691967755724263,0.0013257085308191474
AAPL,2014-10-03,2014-04-04,2014-10-03,128,0.4786791391676772,5.472293518899004e-06,3.043552951523862e-09,0.9639355582998592,0.012327065641945438,5.90625,-0.0010692663196712655,0.0691967755724263,0.0013257085308191474
AAPL,2014-10-06,2014-04-07,2014-10-06,128,0.4786791391676772,5.417843288612609e-06,3.043552951523862e-09,0.9636826379075611,0.01222295238654004,5.90625,-0.0010692663196712655,0.0691967755724263,0.0013257085308191474
AAPL,2014-10-07,2014-04-08,2014-10-07,128,0.4786791391676772,5.363934847169961e-06,3.043552951523862e-09,0.9637780490968136,0.012177986544683396,5.90625,-0.0010692663196712655,0.0691967755724263,0.0013257085308191474
AAPL,2014-10-08,2014-04-09,2014-10-08,128,0.4786791391676772,5.257721820899871e-06,3.043552951523862e-09,0.9645634548479001,0.012191600492787918,5.90625,-0.0010692663196712655,0.0691967755724263,0.0013257085308191474
AAPL,2014-10-09,2014-04-10,2014-10-09,128,0.4786791391676772,5.205406614681292e-06,3.043552951523862e-09,0.96431645340103,0.0120892265669913,5.90625,-0.0010692663196712655,0.0691967755724263,0.0013257085308191474
AAPL,2014-10-10,2014-04-11,2014-10-10,128,0.4786791391676772,5.153611953462034e-06,3.043552951523862e-09,0.9640671226098909,0.011987280297293713,5.90625,-0.0010692663196712655,0.0691967755724263,0.0013257085308191474
AAPL,2014-10-13,2014-04-14,2014-10-13,128,0.4786791391676772,5.102332657732813e-06,3.043552951523862e-09,0.9641625718657656,0.011944139209671236,5.90625,-0.0010692663196712655,0.0691967755724263,0.0013257085308191474
AAPL,2014-10-14,2014-04-15,2014-10-14,128,0.4786791391676772,5.051563599521323e-06,3.043552951523862e-09,0.9642580305717712,0.011901636470545221,5.90625,-0.0010692663196712655,0.0691967755724263,0.0013257085308191474
AAPL,2014-10-15,2014-04-16,2014-10-15,128,0.4786791391676772,5.0012997018794366e-06,3.043552951523862e-09,0.9643534987288431,0.011859228997428691,5.90625,-0.0010692663196712655,0.0691967755724263,0.0013257085308191474
AAPL,2014-10-16,2014-04-17,2014-10-16,128,0.4786791391676772,5.205406614681292e-06,3.043552951523862e-09,0.9626942827476432,0.011824838942618548,5.90625,-0.0010692663196712655,0.0691967755724263,0.0013257085308191474
AAPL,2014-10-17,2014-04-18,2014-10-17,128,0.4786791391676772,5.153611953462034e-06,3.043552951523862e-09,0.9627895960829577,0.011781711676865907,5.90625,-0.0010692663196712655,0.0691967755724263,0.0013257085308191474
AAPL,2014-10-20,2014-04-21,2014-10-20,128,0.4786791391676772,6.818897616844152e-06,3.043552951523862e-09,0.9510104045719342,0.01180080834697586,5.90625,-0.0010692663196712655,0.0691967755724263,0.0013257085308191474
AAPL,2014-10-21,2014-04-22,2014-10-21,128,0.4786791391676772,7.922428748907808e-06,3.043552951523862e-09,0.9441672357223149,0.011913180530879067,5.90625,-0.0010692663196712655,0.0691967755724263,0.0013257085308191474
AAPL,2014-10-22,2014-04-23,2014-10-22,128,0.4786791391676772,1.0172599875495237e-05,3.043552951523862e-09,0.9261993199855183,0.011740593788632802,5.90625,-0.0010692663196712655,0.0691967755724263,0.0013257085308191474
AAPL,2014-10-23,2014-04-24,2014-10-23,128,0.4786791391676772,1.4291969684844444e-05,3.043552951523862e-09,0.8938863527570515,0.011605409870731517,5.90625,-0.0010692663196712655,0.0691967755724263,0.0013257085308191474
AAPL,2014-10-24,2014-04-25,2014-10-24,128,0.4786791391676772,1.4291969684844444e-05,3.043552951523862e-09,0.8939748536354718,0.011610251196374727,5.90625,-0.014668564823368424,0.04565889987326832,-0.013533780866264444
AAPL,2014-10-27,2014-04-28,2014-10-27,128,0.4786791391676772,1.4149762210428394e-05,3.043552951523862e-09,0.8940633632760859,0.011557169796108638,5.90625,-0.014668564823368424,0.04565889987326832,-0.013533780866264444
AAPL,2014-10-28,2014-04-29,2014-10-28,128,0.4786791391676772,1.4149762210428394e-05,0.004450649116182796,0.8911108397922098,0.011710520042223066,3.9375,-0.04100124480218592,0.0030016772100591935,-0.040167740782559136
AAPL,2014-10-29,2014-04-30,2014-10-29,128,0.4786791391676772,1.386957814626798e-05,0.0024231938579888966,0.894783412327321,0.01165772847273314,3.9375,-0.04100124480218592,0.0030016772100591935,-0.040167740782559136
AAPL,2014-10-30,2014-05-01,2014-10-30,128,0.4786791391676772,1.3731573537883711e-05,0.0009108316941877305,0.8970587897209037,0.011611018916003456,3.9375,-0.04100124480218592,0.0030016772100591935,-0.040167740782559136
AAPL,2014-10-31,2014-05-01,2014-10-31,129,0.4786791391676772,1.3594942098296246e-05,0.0008242261114727697,0.8971356529708113,0.011547431859277625,3.906976744186047,-0.04100124480218592,0.0030016772100591935,-0.040167740782559136
AAPL,2014-11-03,2014-05-05,2014-11-03,128,0.4786791391676772,1.3731573537883711e-05,2.510395855234882e-08,0.8978747851562608,0.011595612903273239,3.9375,-0.04100124480218592,0.0030016772100591935,-0.040167740782559136
AAPL,2014-11-04,2014-05-05,2014-11-04,129,0.4786791391676772,1.3594942098296246e-05,3.043552951523862e-09,0.8988762824796204,0.011594770729924016,3.906976744186047,-0.04100124480218592,0.0030016772100591935,-0.040167740782559136
AAPL,2014-11-05,2014-05-06,2014-11-05,129,0.4786791391676772,1.3459670164247766e-05,3.043552951523862e-09,0.8989652773952997,0.011542021516563385,3.906976744186047,-0.04100124480218592,0.0030016772100591935,-0.040167740782559136
AAPL,2014-11-06,2014-05-07,2014-11-06,129,0.4786791391676772,1.3459670164247766e-05,3.043552951523862e-09,0.8990542811220862,0.011547108594974643,3.906976744186047,-0.04100124480218592,0.0030016772100591935,-0.040167740782559136
AAPL,2014-11-07,2014-05-08,2014-11-07,129,0.4786791391676772,1.3325744208432142e-05,3.043552951523862e-09,0.8991432936608518,0.011494586183210559,3.906976744186047,-0.04100124480218592,0.0030016772100591935,-0.040167740782559136
AAPL,2014-11-10,2014-05-12,2014-11-10,128,0.4786791391676772,1.3325744208432142e-05,3.043552951523862e-09,0.899232315012469,0.011499662388818874,3.9375,-0.04100124480218592,0.0030016772100591935,-0.040167740782559136
AAPL,2014-11-11,2014-05-12,2014-11-11,129,0.4786791391676772,1.3193150838142184e-05,3.043552951523862e-09,0.8993213451778107,0.011447365721097192,3.906976744186047,-0.04100124480218592,0.0030016772100591935,-0.040167740782559136
AAPL,2014-11-12,2014-05-13,2014-11-12,129,0.4786791391676772,1.3325744208432142e-05,3.043552951523862e-09,0.899410384157749,0.011509836514079776,3.906976744186047,-0.04100124480218592,0.0030016772100591935,-0.040167740782559136
AAPL,2014-11-13,2014-05-14,2014-11-13,129,0.4786791391676772,1.3325744208432142e-05,3.043552951523862e-09,0.8994994319531572,0.011514934547322562,3.906976744186047,-0.04100124480218592,0.0030016772100591935,-0.040167740782559136
AAPL,2014-11-14,2014-05-15,2014-11-14,129,0.4786791391676772,1.3325744208432142e-05,3.043552951523862e-09,0.8995884885649076,0.011520039844764846,3.906976744186047,-0.04100124480218592,0.0030016772100591935,-0.040167740782559136
AAPL,2014-11-17,2014-05-19,2014-11-17,128,0.4786791391676772,1.3325744208432142e-05,3.043552951523862e-09,0.8996775539938733,0.011525152313527246,3.9375,-0.04100124480218592,0.0030016772100591935,-0.040167740782559136
AAPL,2014-11-18,2014-05-19,2014-11-18,129,0.4786791391676772,1.3325744208432142e-05,3.043552951523862e-09,0.899766628240927,0.011530272197753641,3.906976744186047,-0.04100124480218592,0.0030016772100591935,-0.040167740782559136
AAPL,2014-11-19,2014-05-20,2014-11-19,129,0.4786791391676772,1.3193150838142184e-05,3.043552951523862e-09,0.9007532608952787,0.011529650240027348,3.906976744186047,-0.04100124480218592,0.0030016772100591935,-0.040167740782559136
AAPL,2014-11-20,2014-05-21,2014-11-20,129,0.4786791391676772,1.3193150838142184e-05,3.043552951523862e-09,0.900842441644692,0.011534833926089354,3.906976744186047,-0.04100124480218592,0.0030016772100591935,-0.040167740782559136
AAPL,2014-11-21,2014-05-22,2014-11-21,129,0.4786791391676772,1.306187679393037e-05,3.043552951523862e-09,0.900931631223611,0.011482469038137162,3.906976744186047,-0.04100124480218592,0.0030016772100591935,-0.040167740782559136
AAPL,2014-11-24,2014-05-27,2014-11-24,128,0.4786791391676772,1.3193150838142184e-05,3.043552951523862e-09,0.90102082963291,0.011545223861088957,3.9375,-0.04100124480218592,0.0030016772100591935,-0.040167740782559136
AAPL,2014-11-25,2014-05-27,2014-11-25,129,0.4786791391676772,1.3193150838142184e-05,3.043552951523862e-09,0.901110036873463,0.011550430102998078,3.906976744186047,-0.04100124480218592,0.0030016772100591935,-0.040167740782559136
AAPL,2014-11-26,2014-05-27,2014-11-26,130,0.4786791391676772,1.3193150838142184e-05,3.043552951523862e-09,0.9011992529461446,0.011555643871925321,3.8769230769230765,-0.04100124480218592,0.0030016772100591935,-0.040167740782559136
AAPL,2014-11-28,2014-05-29,2014-11-28,129,0.4786791391676772,1.306187679393037e-05,3.043552951523862e-09,0.901288477851829,0.011503205168452936,3.906976744186047,-0.04100124480218592,0.0030016772100591935,-0.040167740782559136
AAPL,2014-12-01,2014-06-02,2014-12-01,128,0.4786791391676772,1.4008969724024921e-05,3.043552951523862e-09,0.9022631016237199,0.011972195784682142,3.9375,-0.04100124480218592,0.0030016772100591935,-0.040167740782559136
AAPL,2014-12-02,2014-06-03,2014-12-02,128,0.4786791391676772,1.3869578146268004e-05,3.043552951523862e-09,0.9023524318577183,0.011917932090528768,3.9375,-0.04100124480218592,0.0030016772100591935,-0.040167740782559136
AAPL,2014-12-03,2014-06-04,2014-12-03,128,0.4786791391676772,1.3869578146268004e-05,3.043552951523862e-09,0.9024417709360224,0.011923387692443664,3.9375,-0.04100124480218592,0.0030016772100591935,-0.040167740782559136
AAPL,2014-12-04,2014-06-05,2014-12-04,128,0.4786791391676772,1.3869578146268004e-05,3.043552951523862e-09,0.9025311188595081,0.011928851344270231,3.9375,-0.04100124480218592,0.0030016772100591935,-0.040167740782559136
AAPL,2014-12-05,2014-06-06,2014-12-05,128,0.4786791391676772,1.3731573537883735e-05,3.043552951523862e-09,0.9034959030299439,0.011928539326613098,3.9375,-0.04100124480218592,0.0030016772100591935,-0.040167740782559136
AAPL,2014-12-08,2014-06-09,2014-12-08,128,0.4046412027866839,1.4557222697834238e-05,2.952054105000209e-09,0.9036473048591783,0.012291568392654105,3.9375,-0.04100124480218592,0.0030016772100591935,-0.040167740782559136
AAPL,2014-12-09,2014-06-10,2014-12-09,128,0.4046412027866839,1.3986425831467613e-05,3.043552951523862e-09,0.9046032247187916,0.012108393157922373,3.9375,-0.04100124480218592,0.0030016772100591935,-0.040167740782559136
AAPL,2014-12-10,2014-06-11,2014-12-10,128,0.4046412027866839,1.4126991747984185e-05,3.043552951523862e-09,0.9055515334653633,0.012230025893945796,3.9375,-0.04100124480218592,0.0030016772100591935,-0.040167740782559136
AAPL,2014-12-11,2014-06-12,2014-12-11,128,0.4046412027866839,1.4126991747984185e-05,3.043552951523862e-09,0.9056411892766634,0.012235834734630338,3.9375,-0.04100124480218592,0.0030016772100591935,-0.040167740782559136
AAPL,2014-12-12,2014-06-13,2014-12-12,128,0.4046412027866839,1.4268970375448085e-05,3.043552951523862e-09,0.9057308539645036,0.01230301373388969,3.9375,-0.04100124480218592,0.0030016772100591935,-0.040167740782559136
AAPL,2014-12-15,2014-06-16,2014-12-15,128,0.4046412027866839,1.441237591184038e-05,3.043552951523862e-09,0.9058205275297628,0.012370567863738632,3.9375,-0.04100124480218592,0.0030016772100591935,-0.040167740782559136
AAPL,2014-12-16,2014-06-17,2014-12-16,128,0.3306032664056907,1.5126932019198857e-05,2.952054105000209e-09,0.9051154871742664,0.01262634685219394,3.9375,-0.04100124480218592,0.0030016772100591935,-0.040167740782559136
AAPL,2014-12-17,2014-06-18,2014-12-17,128,0.3306032664056907,1.4976416530742798e-05,3.043552951523862e-09,0.9052050998139937,0.01256931025651939,3.9375,-0.04100124480218592,0.0030016772100591935,-0.040167740782559136
AAPL,2014-12-18,2014-06-19,2014-12-18,128,0.3306032664056907,1.5587615683990107e-05,3.043552951523862e-09,0.9052947213259867,0.01282929314556792,3.9375,-0.04100124480218592,0.0030016772100591935,-0.040167740782559136
AAPL,2014-12-19,2014-06-20,2014-12-19,128,0.3306032664056907,1.5587615683990107e-05,3.043552951523862e-09,0.905384351711124,0.012835368462119379,3.9375,-0.04100124480218592,0.0030016772100591935,-0.040167740782559136
AAPL,2014-12-22,2014-06-23,2014-12-22,128,0.3306032664056907,1.5587615683990107e-05,3.043552951523862e-09,0.9054739909702839,0.012841452797508628,3.9375,-0.04100124480218592,0.0030016772100591935,-0.040167740782559136
AAPL,2014-12-23,2014-06-24,2014-12-23,128,0.3306032664056907,1.5278960213462682e-05,3.043552951523862e-09,0.907260167758139,0.012835527275821075,3.9375,-0.04100124480218592,0.0030016772100591935,-0.040167740782559136
AAPL,2014-12-24,2014-06-25,2014-12-24,128,0.3306032664056907,1.5126932019198884e-05,3.043552951523862e-09,0.9073499927359505,0.01277769953406274,3.9375,-0.04100124480218592,0.0030016772100591935,-0.040167740782559136
AAPL,2014-12-26,2014-06-27,2014-12-26,127,0.3306032664056907,1.5126932019198884e-05,3.043552951523862e-09,0.9091060326972832,0.012900538957727933,3.968503937007874,-0.04100124480218592,0.0030016772100591935,-0.040167740782559136
AAPL,2014-12-29,2014-06-30,2014-12-29,127,0.3306032664056907,1.4976416530742825e-05,3.043552951523862e-09,0.9091960404283808,0.012842557652192799,3.968503937007874,-0.04100124480218592,0.0030016772100591935,-0.040167740782559136
AAPL,2014-12-30,2014-07-01,2014-12-30,127,0.3306032664056907,1.4976416530742825e-05,3.043552951523862e-09,0.9092860570708612,0.01284892814121053,3.968503937007874,-0.04100124480218592,0.0030016772100591935,-0.040167740782559136
AAPL,2014-12-31,2014-07-01,2014-12-31,128,0.3306032664056907,1.5126932019198884e-05,3.043552951523862e-09,0.9101968198118284,0.012978650138384928,3.9375,-0.04100124480218592,0.0030016772100591935,-0.040167740782559136
MSFT,2013-01-02,2012-07-03,2013-01-02,127,-0.1713699371350532,1.611420449143966e-05,6.783568339397088e-06,0.8947236462806384,0.012372293248022808,0.0,0.0,0.0,0.0
MSFT,2013-01-03,2012-07-05,2013-01-03,127,-0.1713699371350532,1.5953865477749934e-05,0.0003221276156856107,0.8945239887609941,0.0123274647134112,0.0,0.0,0.0,0.0
MSFT,2013-01-04,2012-07-05,2013-01-04,128,-0.24540787351604643,1.6744847622736608e-05,0.005164496448256524,0.8893171211468551,0.012728243793847745,0.0,0.0,0.0,0.0
MSFT,2013-01-07,2012-07-09,2013-01-07,127,-0.24540787351604643,1.5928191767527883e-05,1.57985156061255e-07,0.8948772360203215,0.012309356982831029,0.0,0.0,0.0,0.0
MSFT,2013-01-08,2012-07-09,2013-01-08,128,-0.24540787351604643,1.576970361136585e-05,3.043552951523862e-09,0.8949658350029794,0.012253114357112922,0.0,0.0,0.0,0.0
MSFT,2013-01-09,2012-07-10,2013-01-09,128,-0.24540787351604643,1.545744255830156e-05,3.043552951523862e-09,0.8959900506289228,0.012190777237409339,0.0,0.0,0.0,0.0
MSFT,2013-01-10,2012-07-11,2013-01-10,128,-0.24540787351604643,1.5303638435033778e-05,3.043552951523862e-09,0.8951438565105653,0.012080931638885127,0.0,0.0,0.0,0.0
MSFT,2013-01-11,2012-07-12,2013-01-11,128,-0.24540787351604643,1.5303638435033778e-05,3.043552951523862e-09,0.8952324818904801,0.012086040323357795,0.0,0.0,0.0,0.0
MSFT,2013-01-14,2012-07-16,2013-01-14,127,-0.24540787351604643,1.5151364688362575e-05,3.043552951523862e-09,0.8943802001264224,0.011977142533757716,0.0,0.0,0.0,0.0
MSFT,2013-01-15,2012-07-16,2013-01-15,128,-0.24540787351604643,1.5151364688362575e-05,3.043552951523862e-09,0.8944687498991187,0.011982166370032694,0.0,0.0,0.0,0.0
MSFT,2013-01-16,2012-07-17,2013-01-16,128,-0.24540787351604643,1.5000606090786385e-05,3.043552951523862e-09,0.8945573084388496,0.011927410723808334,0.0,0.0,0.0,0.0
MSFT,2013-01-17,2012-07-18,2013-01-17,128,-0.24540787351604643,1.4851347566319821e-05,3.043552951523862e-09,0.8946458757464834,0.011872909957989789,0.0,0.0,0.0,0.0
MSFT,2013-01-18,2012-07-19,2013-01-18,128,-0.24540787351604643,1.4703574188986054e-05,3.043552951523862e-09,0.8947344518228878,0.011818662727093988,0.0,0.0,0.0,0.0
MSFT,2013-01-22,2012-07-23,2013-01-22,127,-0.24540787351604643,1.4557271181324205e-05,3.043552951523862e-09,0.8948230366689313,0.011764668124932482,0.0,0.0,0.0,0.0
MSFT,2013-01-23,2012-07-24,2013-01-23,127,-0.24540787351604643,1.4703574188986054e-05,3.043552951523862e-09,0.8949116302854817,0.011828621413951372,0.0,0.0,0.0,0.0
MSFT,2013-01-24,2012-07-25,2013-01-24,127,-0.24540787351604643,1.4557271181324205e-05,3.043552951523862e-09,0.8950002326734078,0.011774590744764836,0.0,0.0,0.0,0.0
MSFT,2013-01-25,2012-07-26,2013-01-25,127,-0.24540787351604643,1.4557271181324205e-05,3.043552951523862e-09,0.8950888438335777,0.011779562253672458,0.0,0.0,0.0,0.0
MSFT,2013-01-28,2012-07-30,2013-01-28,126,-0.24540787351604643,1.4557271181324205e-05,3.043552951523862e-09,0.8951774637668601,0.011784540431830104,0.0,0.0,0.0,0.0
MSFT,2013-01-29,2012-07-30,2013-01-29,127,-0.24540787351604643,1.4412423912911588e-05,3.043552951523862e-09,0.8952660924741236,0.011730725094478776,0.0,0.0,0.0,0.0
MSFT,2013-01-30,2012-07-31,2013-01-30,127,-0.24540787351604643,1.4269017898900654e-05,3.043552951523862e-09,0.8953547299562369,0.011677160199408718,0.0,0.0,0.0,0.0
MSFT,2013-01-31,2012-08-01,2013-01-31,127,-0.24540787351604643,1.4412423912911588e-05,3.043552951523862e-09,0.8954433762140688,0.01174066607452537,0.0,0.0,0.0,0.0
MSFT,2013-02-01,2012-08-02,2013-02-01,127,-0.24540787351604643,1.4557271181324205e-05,3.043552951523862e-09,0.8955320312484881,0.011804522127212357,0.0,0.0,0.0,0.0
MSFT,2013-02-04,2012-08-06,2013-02-04,126,-0.24540787351604643,1.4703574188986054e-05,3.043552951523862e-09,0.8965518381085009,0.011922025982023056,0.0,0.0,0.0,0.0
MSFT,2013-02-05,2012-08-06,2013-02-05,127,-0.24540787351604643,1.4557271181324205e-05,3.043552951523862e-09,0.8966406028882485,0.011867657365351815,0.0,0.0,0.0,0.0
MSFT,2013-02-06,2012-08-07,2013-02-06,127,-0.24540787351604643,1.4412423912911588e-05,3.043552951523862e-09,0.8976517593504539,0.011866655029612564,0.0,0.0,0.0,0.0
MSFT,2013-02-07,2012-08-08,2013-02-07,127,-0.24540787351604643,1.4269017898900654e-05,3.043552951523862e-09,0.8977406330299468,0.011812599666628098,0.0,0.0,0.0,0.0
MSFT,2013-02-08,2012-08-09,2013-02-08,127,-0.24540787351604643,1.4269017898900654e-05,3.043552951523862e-09,0.8978295155085435,0.011817736711105408,0.0,0.0,0.0,0.0
MSFT,2013-02-11,2012-08-13,2013-02-11,126,-0.24540787351604643,1.4412423912911588e-05,3.043552951523862e-09,0.897918406787115,0.01188214338049809,0.0,0.0,0.0,0.0
MSFT,2013-02-12,2012-08-13,2013-02-12,127,-0.24540787351604643,1.4269017898900654e-05,3.043552951523862e-09,0.8980073068665327,0.011828032462397758,0.0,0.0,0.0,0.0
MSFT,2013-02-13,2012-08-14,2013-02-13,127,-0.24540787351604643,1.4269017898900654e-05,3.043552951523862e-09,0.8980962157476678,0.011833191182561724,0.0,0.0,0.0,0.0
MSFT,2013-02-14,2012-08-15,2013-02-14,127,-0.24540787351604643,1.4127038798570499e-05,3.043552951523862e-09,0.8981851334313917,0.011779313185377893,0.0,0.0,0.0,0.0
MSFT,2013-02-15,2012-08-16,2013-02-15,127,-0.24540787351604643,1.3986472413892772e-05,3.043552951523862e-09,0.898274059918576,0.011725685475528165,0.0,0.0,0.0,0.0
MSFT,2013-02-19,2012-08-20,2013-02-19,126,-0.24540787351604643,1.4127038798570499e-05,3.043552951523862e-09,0.8983629952100922,0.011789615257546638,0.0,0.0,0.0,0.0
MSFT,2013-02-20,2012-08-21,2013-02-20,126,-0.24540787351604643,1.3986472413892772e-05,3.043552951523862e-09,0.8984519393068123,0.011735950673994282,0.0,0.0,0.0,0.0
MSFT,2013-02-21,2012-08-22,2013-02-21,126,-0.24540787351604643,1.3986472413892772e-05,3.043552951523862e-09,0.8985408922096078,0.011741094283712122,0.0,0.0,0.0,0.0
MSFT,2013-02-22,2012-08-23,2013-02-22,126,-0.24540787351604643,1.3986472413892772e-05,3.043552951523862e-09,0.8986298539193507,0.011746245131810487,0.0,0.0,0.0,0.0
MSFT,2013-02-25,2012-08-27,2013-02-25,125,-0.24540787351604643,1.4127038798570499e-05,3.043552951523862e-09,0.8987188244369129,0.011810307357885337,0.0,0.0,0.0,0.0
MSFT,2013-02-26,2012-08-27,2013-02-26,126,-0.24540787351604643,1.3986472413892772e-05,3.043552951523862e-09,0.8988078037631663,0.01175656867156217,0.0,0.0,0.0,0.0
MSFT,2013-02-27,2012-08-28,2013-02-27,126,-0.24540787351604643,1.4127038798570499e-05,3.043552951523862e-09,0.8988967918989832,0.011820697425246338,0.0,0.0,0.0,0.0
MSFT,2013-02-28,2012-08-29,2013-02-28,126,-0.24540787351604643,1.3986472413892772e-05,3.043552951523862e-09,0.8980740634834509,0.011714176098598381,0.0,0.0,0.0,0.0
MSFT,2013-03-01,2012-09-04,2013-03-01,124,-0.24540787351604643,1.3847304688111868e-05,3.043552951523862e-09,0.8981629789739487,0.011660838749808356,0.0,0.0,0.0,0.0
MSFT,2013-03-04,2012-09-05,2013-03-04,124,-0.24540787351604643,1.3847304688111868e-05,3.043552951523862e-09,0.89825190326769,0.011665933126850736,0.0,0.0,0.0,0.0
MSFT,2013-03-05,2012-09-06,2013-03-05,124,-0.24540787351604643,1.3709521704339233e-05,3.043552951523862e-09,0.8983408363655458,0.011612825392469736,0.0,0.0,0.0,0.0
MSFT,2013-03-06,2012-09-07,2013-03-06,124,-0.24540787351604643,1.3171963669358705e-05,0.014770316450352285,0.8878247719992539,0.011334189600814216,2.032258064516129,0.03376151339424682,0.0,0.03433790157600125
MSFT,2013-03-07,2012-09-10,2013-03-07,124,-0.24540787351604643,1.304090044099867e-05,0.017631866927218468,0.8852452280950308,0.011234515331620542,4.064516129032258,0.03363195122938567,0.00018322857071706035,0.034203916559795156
MSFT,2013-03-08,2012-09-10,2013-03-08,125,-0.24540787351604643,1.2911141313550189e-05,0.02003059047659981,0.8830827558513595,0.011087537163974856,4.032,0.03363195122938567,0.00018322857071706035,0.034203916559795156
MSFT,2013-03-11,2012-09-12,2013-03-11,124,-0.24540787351604643,1.2404888221462286e-05,0.01763186692721845,0.8895325730165,0.011094206362397916,4.064516129032258,0.03363195122938567,0.00018322857071706035,0.034203916559795156
MSFT,2013-03-12,2012-09-13,2013-03-12,124,-0.24540787351604643,1.2281457521335752e-05,0.018519113943249985,0.888728266945238,0.010981661784760276,4.064516129032258,0.03363195122938567,0.00018322857071706035,0.034203916559795156
MSFT,2013-03-13,2012-09-14,2013-03-13,124,-0.24540787351604643,1.2159254977195933e-05,0.020831008738091475,0.8866339470131355,0.010830847949802788,4.064516129032258,0.03363195122938567,0.00018322857071706035,0.034203916559795156
MSFT,2013-03-14,2012-09-17,2013-03-14,124,-0.24540787351604643,1.2159254977195933e-05,0.021662703791785944,0.8858799446818688,0.010758817227669455,4.064516129032258,0.03363195122938567,0.00018322857071706035,0.034203916559795156
MSFT,2013-03-15,2012-09-17,2013-03-15,125,-0.24540787351604643,1.191848559704602e-05,0.02557414529548278,0.8831677214225271,0.010641166687496328,4.032,0.03363195122938567,0.00018322857071706035,0.034203916559795156
MSFT,2013-03-18,2012-09-19,2013-03-18,124,-0.24540787351604643,1.0570748450739235e-05,0.027112642812556847,0.8912105605111674,0.010446382544021818,4.064516129032258,0.03363195122938567,0.00018322857071706035,0.034203916559795156
MSFT,2013-03-19,2012-09-20,2013-03-19,124,-0.24540787351604643,7.156997907163883e-06,0.03228691308777819,0.9111735422588576,0.009934951949383047,4.064516129032258,0.03363195122938567,0.00018322857071706035,0.034203916559795156
MSFT,2013-03-20,2012-09-21,2013-03-20,124,-0.24540787351604643,4.797479166607109e-06,0.03695928874336365,0.9238371254871428,0.009386892632623782,4.064516129032258,0.03363195122938567,0.00018322857071706035,0.034203916559795156
MSFT,2013-03-21,2012-09-24,2013-03-21,124,-0.24540787351604643,3.0590077734476747e-06,0.03953309071669101,0.933641168953016,0.00888662516391253,4.064516129032258,0.03363195122938567,0.00018322857071706035,0.034203916559795156
MSFT,2013-03-22,2012-09-24,2013-03-22,125,-0.24540787351604643,1.8740289020293575e-06,0.04227825246481318,0.9392651534396637,0.008413778695073221,6.048,0.01255928159681563,0.03649916441077634,0.013313218205762478
MSFT,2013-03-25,2012-09-26,2013-03-25,124,0.1921622598097517,1.7922246497619002e-07,0.043329956043899366,0.9502712550800961,0.007482256715812907,4.064516129032258,0.002087727862961186,0.04479349707004086,0.0030957384846941327
MSFT,2013-03-26,2012-09-27,2013-03-26,124,0.04517705079637112,5.4802294772260126e-12,0.04822649082269346,0.945968709552476,0.006997758426828237,4.064516129032258,0.002087727862961186,0.04479349707004086,0.0030957384846941327
MSFT,2013-03-27,2012-09-28,2013-03-27,124,0.04517705079637112,1.6677699044783362e-16,0.05057394031382894,0.9422916421990943,0.006578200954496351,6.096774193548387,0.01255928159681563,0.03649916441077634,0.013313218205762478
MSFT,2013-03-28,2012-10-01,2013-03-28,124,0.04517705079637112,3.043248300840436e-17,0.048687553399347806,0.9443033701572576,0.006665871430820263,4.064516129032258,0.002087727862961186,0.04479349707004086,0.0030957384846941327
MSFT,2013-04-01,2012-10-02,2013-04-01,124,0.04517705079637112,3.043248300840436e-17,0.05057394031382894,0.9417764310025525,0.006612505792116721,6.096774193548387,0.01255928159681563,0.03649916441077634,0.013313218205762478
MSFT,2013-04-02,2012-10-03,2013-04-02,124,0.04517705079637112,3.043248300840436e-17,0.05009595567665833,0.9417803551742858,0.006387544269361352,6.096774193548387,0.01255928159681563,0.03649916441077634,0.013313218205762478
MSFT,2013-04-03,2012-10-04,2013-04-03,124,0.04517705079637112,3.043248300840436e-17,0.04731677263401003,0.9444536029077212,0.006433790521221656,6.096774193548387,0.01255928159681563,0.03649916441077634,0.013313218205762478
MSFT,2013-04-04,2012-10-05,2013-04-04,124,0.04517705079637112,3.043248300840436e-17,0.04868755339934787,0.9423270779445097,0.00642247135162515,6.096774193548387,0.01255928159681563,0.03649916441077634,0.013313218205762478
MSFT,2013-04-05,2012-10-08,2013-04-05,124,0.04517705079637112,3.043248300840436e-17,0.050095955676658394,0.9401913713641674,0.006144592084888414,6.096774193548387,0.01255928159681563,0.03649916441077634,0.013313218205762478
MSFT,2013-04-08,2012-10-09,2013-04-08,124,0.04517705079637112,3.043248300840436e-17,0.05105624019778455,0.9385440897722936,0.005925960236112662,6.096774193548387,0.01255928159681563,0.03649916441077634,0.013313218205762478
MSFT,2013-04-09,2012-10-10,2013-04-09,124,0.04517705079637112,9.279013887064554e-15,1.6374514140308933e-06,0.997299404323603,0.009679974680582232,6.096774193548387,0.03410635542813312,0.0008318439672986331,0.0346950042544385
MSFT,2013-04-10,2012-10-11,2013-04-10,124,0.04517705079637112,3.2797109023435322e-15,1.1593450899349561e-07,0.9977762428937721,0.010081399534191836,4.064516129032258,0.034278776445076264,0.0010979775632316009,0.034873688550942195
MSFT,2013-04-11,2012-10-12,2013-04-11,124,0.04517705079637112,2.4100792433591175e-08,1.1593450899349561e-07,0.9992725935840886,0.011846637467799298,2.032258064516129,-0.0452627086977242,0.0,-0.04425363403377469
MSFT,2013-04-12,2012-10-15,2013-04-12,124,-0.010945026516677569,3.45526198380092e-07,6.462539417328056e-08,0.9970002855962468,0.01180075000004727,2.032258064516129,-0.0452627086977242,0.0,-0.04425363403377469
MSFT,2013-04-15,2012-10-16,2013-04-15,124,-0.010945026516677569,1.0276896132331878e-06,1.448372428055176e-08,0.991810741537998,0.011580908716587436,4.064516129032258,-0.005103772436048093,0.05679331231173903,-0.003484945706070497
MSFT,2013-04-16,2012-10-17,2013-04-16,124,-0.010945026516677569,1.7286023447665757e-06,5.1193402071485076e-09,0.9865701950909094,0.011521444885796202,4.064516129032258,-0.005103772436048093,0.05679331231173903,-0.003484945706070497
MSFT,2013-04-17,2012-10-18,2013-04-17,124,-0.010945026516677569,2.2195693460263096e-06,3.043552951523862e-09,0.9826519523749924,0.011424255224464617,4.064516129032258,-0.005103772436048093,0.05679331231173903,-0.003484945706070497
MSFT,2013-04-18,2012-10-19,2013-04-18,124,-0.010945026516677569,2.5277085700120278e-06,3.043552951523862e-09,0.9799010285558212,0.011303024604375198,4.064516129032258,-0.005103772436048093,0.05679331231173903,-0.003484945706070497
MSFT,2013-04-19,2012-10-22,2013-04-19,124,-0.010945026516677569,2.9367783722777115e-06,3.043552951523862e-09,0.9791987694549671,0.011915627662978883,2.032258064516129,-0.0452627086977242,0.0,-0.04425363403377469
MSFT,2013-04-22,2012-10-23,2013-04-22,124,0.4266251068091206,3.00445191021125e-06,2.8539295779403646e-09,0.9814326079454774,0.01270136576254682,2.032258064516129,-0.0452627086977242,0.0,-0.04425363403377469
MSFT,2013-04-23,2012-10-24,2013-04-23,124,0.2964650931150787,3.2586348899432744e-06,2.7678840898355966e-09,0.9803001801754849,0.012834604488337524,2.032258064516129,-0.0452627086977242,0.0,-0.04425363403377469
MSFT,2013-04-24,2012-10-25,2013-04-24,124,0.2964650931150787,1.4315006065467531e-05,0.16514443262159498,0.7683413147938529,0.01983167182301117,4.064516129032258,0.03440833860993742,0.0009147489925145406,0.03500758686291272
MSFT,2013-04-25,2012-10-26,2013-04-25,124,0.2964650931150787,1.4315006065467531e-05,0.15441001744593696,0.7730896594480344,0.022526899219980568,2.032258064516129,0.03505516382562801,0.0,0.035676839120405424
MSFT,2013-04-26,2012-10-29,2013-04-26,124,0.2964650931150787,1.4315006065467531e-05,0.14799496823715289,0.7748456766238222,0.019954354638677434,2.032258064516129,0.03505516382562801,0.0,0.035676839120405424
MSFT,2013-04-29,2012-10-30,2013-04-29,124,0.2964650931150787,1.4031549953749436e-05,0.15441001744593696,0.7710744700061462,0.01821431930492741,2.032258064516129,0.03505516382562801,0.0,0.035676839120405424
MSFT,2013-04-30,2012-10-31,2013-04-30,124,0.2964650931150787,1.3753706649102642e-05,0.15836703845919597,0.7667861386976454,0.018985391835885417,2.032258064516129,0.03505516382562801,0.0,0.035676839120405424
MSFT,2013-05-01,2012-11-02,2013-05-01,123,0.2964650931150787,1.5663111507918675e-05,0.16240596568705307,0.7515093899192428,0.01763583544726199,2.048780487804878,0.03505516382562801,0.0,0.035676839120405424
MSFT,2013-05-02,2012-11-05,2013-05-02,123,0.2964650931150787,1.582052839563121e-05,0.16514443262159498,0.7451250804906352,0.01646069294182562,2.048780487804878,0.03505516382562801,0.0,0.035676839120405424
MSFT,2013-05-03,2012-11-05,2013-05-03,124,0.2964650931150787,1.6631664231723224e-05,0.16514443262159498,0.7376577082953288,0.015361414951644744,2.032258064516129,0.03505516382562801,0.0,0.035676839120405424
MSFT,2013-05-06,2012-11-07,2013-05-06,123,0.2964650931150787,1.7660108911114916e-05,0.1764691717134099,0.7151387899049451,0.013851990360828296,2.048780487804878,0.03505516382562801,0.0,0.035676839120405424
MSFT,2013-05-07,2012-11-08,2013-05-07,123,0.2964650931150787,1.8380831628099396e-05,0.1793939214356514,0.7107084395450181,0.012752055476933302,2.048780487804878,0.03505516382562801,0.0,0.035676839120405424
MSFT,2013-05-08,2012-11-09,2013-05-08,123,0.2964650931150787,1.819793929757126e-05,0.17792683930138328,0.7100571812707285,0.01298500514751743,2.048780487804878,0.03505516382562801,0.0,0.035676839120405424
MSFT,2013-05-09,2012-11-12,2013-05-09,123,0.2964650931150787,1.8940611289011212e-05,0.18535673325308386,0.6957430270767753,0.012457063463226059,2.048780487804878,0.03505516382562801,0.0,0.035676839120405424
MSFT,2013-05-10,2012-11-12,2013-05-10,124,0.2964650931150787,1.932323701797513e-05,0.18535673325308386,0.6905744601661423,0.012181423267260624,2.032258064516129,0.03505516382562801,0.0,0.035676839120405424
MSFT,2013-05-13,2012-11-14,2013-05-13,123,0.2964650931150787,2.0724329790092662e-05,0.1823563983695672,0.6844352948289419,0.011044033979493231,2.048780487804878,0.03505516382562801,0.0,0.035676839120405424
MSFT,2013-05-14,2012-11-15,2013-05-14,123,0.2964650931150787,2.1142989023008976e-05,0.17939392143565133,0.690237745442906,0.01108669470935727,2.048780487804878,0.03505516382562801,0.0,0.035676839120405424
MSFT,2013-05-15,2012-11-16,2013-05-15,123,0.7340352264408768,1.9377068526864438e-05,0.16454860629085397,0.7156938124631261,0.01306891495908371,2.048780487804878,0.03505516382562801,0.0,0.035676839120405424
MSFT,2013-05-16,2012-11-19,2013-05-16,123,0.6038752127468349,2.1656454421854184e-05,0.19313747921400226,0.6799201787563102,0.01240819045576904,2.048780487804878,0.03505516382562801,0.0,0.035676839120405424
MSFT,2013-05-17,2012-11-19,2013-05-17,124,0.6038752127468349,2.019234426401168e-05,0.1978544636769523,0.680140205983292,0.011273510871810465,2.032258064516129,0.03505516382562801,0.0,0.035676839120405424
MSFT,2013-05-20,2012-11-21,2013-05-20,123,0.6038752127468349,1.920755201357611e-05,0.201047014700377,0.6784591754821725,0.013716950804531669,2.048780487804878,0.03505516382562801,0.0,0.035676839120405424
MSFT,2013-05-21,2012-11-23,2013-05-21,123,0.6038752127468349,1.901643367776953e-05,0.20590781488734744,0.6722823915000531,0.012167225106101994,2.048780487804878,0.03505516382562801,0.0,0.035676839120405424
MSFT,2013-05-22,2012-11-23,2013-05-22,124,0.6038752127468349,1.920755201357611e-05,0.20590781488734744,0.670204724457265,0.011607563084355416,2.032258064516129,0.03505516382562801,0.0,0.035676839120405424
MSFT,2013-05-23,2012-11-26,2013-05-23,124,0.5477531354337862,1.9848477074304232e-05,0.20033846748693318,0.6820742108787489,0.011516565482343963,2.032258064516129,0.03505516382562801,0.0,0.035676839120405424
MSFT,2013-05-24,2012-11-26,2013-05-24,125,0.4916310581207375,1.931633342089173e-05,0.19021978449530236,0.6916916009885384,0.01245958803949449,2.016,0.03505516382562801,0.0,0.035676839120405424
MSFT,2013-05-28,2012-11-29,2013-05-28,123,0.4916310581207375,1.912413269199736e-05,0.1980391959372048,0.6850116243639338,0.011222444783033652,2.048780487804878,0.03505516382562801,0.0,0.035676839120405424
MSFT,2013-05-29,2012-11-30,2013-05-29,123,0.4916310581207375,1.8558929153937856e-05,0.19488274285869747,0.6906836981730479,0.01345593801103648,2.048780487804878,0.03505516382562801,0.0,0.035676839120405424
MSFT,2013-05-30,2012-12-03,2013-05-30,123,0.4916310581207375,1.8558929153937856e-05,0.19488274285869747,0.6906828403058339,0.012269046180975924,2.048780487804878,0.03505516382562801,0.0,0.035676839120405424
MSFT,2013-05-31,2012-12-03,2013-05-31,124,0.4916310581207375,1.8374264723418764e-05,0.19488274285869747,0.6896967720104364,0.011068555982420836,2.032258064516129,0.03505516382562801,0.0,0.035676839120405424
MSFT,2013-06-03,2012-12-04,2013-06-03,124,0.4916310581207375,1.855892915393789e-05,0.19021978449530233,0.6966419919488444,0.010572378071487174,2.032258064516129,0.03505516382562801,0.0,0.035676839120405424
MSFT,2013-06-04,2012-12-05,2013-06-04,124,0.4916310581207375,1.8745449492838198e-05,0.19645618193237885,0.6931937970920377,0.012557439009503714,2.032258064516129,0.03505516382562801,0.0,0.035676839120405424
MSFT,2013-06-05,2012-12-06,2013-06-05,124,0.4916310581207375,1.855892915393789e-05,0.19021978449530236,0.6976100640924494,0.01398887733812789,2.032258064516129,0.03505516382562801,0.0,0.035676839120405424
MSFT,2013-06-06,2012-12-07,2013-06-06,124,0.4916310581207375,1.8374264723418798e-05,0.18715883930870275,0.6982921348437086,0.012852964398531027,2.032258064516129,0.03505516382562801,0.0,0.035676839120405424
MSFT,2013-06-07,2012-12-10,2013-06-07,124,0.4916310581207375,1.8374264723418798e-05,0.18868455023470165,0.7008532925989082,0.011731857461222146,2.032258064516129,0.03505516382562801,0.0,0.035676839120405424
MSFT,2013-06-10,2012-12-11,2013-06-10,124,0.4916310581207375,1.8374264723418798e-05,0.18868455023470165,0.7008524287508293,0.013305087535596137,2.032258064516129,0.03505516382562801,0.0,0.035676839120405424
MSFT,2013-06-11,2012-12-12,2013-06-11,124,0.4916310581207375,1.8374264723418798e-05,0.19331887006501527,0.7015064061193885,0.012485164050957514,2.032258064516129,0.03505516382562801,0.0,0.035676839120405424
MSFT,2013-06-12,2012-12-13,2013-06-12,124,0.4916310581207375,1.78312231330797e-05,0.1841359356251839,0.7094912040662912,0.01413248296157401,2.032258064516129,0.03505516382562801,0.0,0.035676839120405424
MSFT,2013-06-13,2012-12-14,2013-06-13,124,0.4916310581207375,1.765379949844988e-05,0.1811509619808897,0.7111542665338598,0.012631584040838324,2.032258064516129,0.03505516382562801,0.0,0.035676839120405424
MSFT,2013-06-14,2012-12-17,2013-06-14,124,0.4916310581207375,1.765379949844988e-05,0.1811509619808897,0.7111533980535496,0.01221382980325624,2.032258064516129,0.03505516382562801,0.0,0.035676839120405424
MSFT,2013-06-17,2012-12-18,2013-06-17,124,0.4916310581207375,1.765379949844988e-05,0.1826387149957152,0.710790625472932,0.012124586343684522,2.032258064516129,0.03505516382562801,0.0,0.035676839120405424
MSFT,2013-06-18,2012-12-19,2013-06-18,124,0.4916310581207375,1.7478141258481452e-05,0.17967266074433302,0.7124355242852405,0.012795275765483866,2.032258064516129,0.03505516382562801,0.0,0.035676839120405424
MSFT,2013-06-19,2012-12-20,2013-06-19,124,0.4916310581207375,1.7478141258481452e-05,0.17820379471109407,0.7137103323489581,0.0116341885685203,2.032258064516129,0.03505516382562801,0.0,0.035676839120405424
MSFT,2013-06-20,2012-12-21,2013-06-20,124,0.4916310581207375,1.801042990488226e-05,0.1964561819323789,0.710881213694348,0.012402275194422609,2.032258064516129,0.03505516382562801,0.0,0.035676839120405424
MSFT,2013-06-21,2012-12-24,2013-06-21,124,0.4916310581207375,1.7304230847204073e-05,0.184135935625184,0.7217798362333385,0.018519821187175368,2.032258064516129,0.03505516382562801,0.0,0.035676839120405424
MSFT,2013-06-24,2012-12-26,2013-06-24,124,0.4916310581207375,1.7304230847204073e-05,0.17820379471109407,0.7253372695055055,0.016552061311931137,2.032258064516129,0.03505516382562801,0.0,0.035676839120405424
MSFT,2013-06-25,2012-12-26,2013-06-25,125,0.4916310581207375,1.7478141258481486e-05,0.17242232593390927,0.7269569859769965,0.015353662517573561,2.016,0.03505516382562801,0.0,0.035676839120405424
MSFT,2013-06-26,2012-12-27,2013-06-26,125,0.4916310581207375,1.7304230847204073e-05,0.17385363125506184,0.7265778311985196,0.013819748795212245,2.016,0.03505516382562801,0.0,0.035676839120405424
MSFT,2013-06-27,2012-12-28,2013-06-27,125,0.4916310581207375,1.713205087343159e-05,0.17529429833386737,0.7226574517815518,0.014498933082589207,2.016,0.03505516382562801,0.0,0.035676839120405424
MSFT,2013-06-28,2012-12-31,2013-06-28,125,0.4916310581207375,1.7478141258481452e-05,0.1613063590790574,0.727417005264956,0.01307041657801876,2.016,0.03505516382562801,0.0,0.035676839120405424
MSFT,2013-07-01,2013-01-02,2013-07-01,125,0.4916310581207375,1.8558929153937856e-05,0.17967266074433302,0.7006768853260359,0.011774948077861317,2.016,0.03505516382562801,0.0,0.035676839120405424
MSFT,2013-07-02,2013-01-03,2013-07-02,125,0.4175931217397443,1.7625390174498042e-05,0.1737783509009709,0.7213304744359451,0.01149399935516458,2.016,0.03505516382562801,0.0,0.035676839120405424
MSFT,2013-07-03,2013-01-04,2013-07-03,125,0.4175931217397443,1.6765789752288302e-05,0.16811105066778664,0.7262774218319088,0.011997582619679696,2.016,0.03505516382562801,0.0,0.035676839120405424
MSFT,2013-07-05,2013-01-07,2013-07-05,125,0.4175931217397443,1.627028578152154e-05,0.17666808251425786,0.7241597362882072,0.011014425644015242,2.016,0.03505516382562801,0.0,0.035676839120405424
MSFT,2013-07-08,2013-01-09,2013-07-08,124,0.4175931217397443,1.6598967356926543e-05,0.1795954091117506,0.7180543578375979,0.010291265790619328,2.032258064516129,0.03505516382562801,0.0,0.035676839120405424
MSFT,2013-07-09,2013-01-10,2013-07-09,124,0.4175931217397443,1.6765789752288302e-05,0.18556340182892467,0.7101319705175749,0.009548648128852326,2.032258064516129,0.03505516382562801,0.0,0.035676839120405424
MSFT,2013-07-10,2013-01-11,2013-07-10,124,0.4175931217397443,1.693428874059683e-05,0.1870791038795205,0.7078983607313231,0.009031246577712189,2.032258064516129,0.03505516382562801,0.0,0.035676839120405424
MSFT,2013-07-11,2013-01-14,2013-07-11,124,0.4175931217397443,1.928524866920621e-05,0.1695139068983867,0.7203591802109253,0.009922562509366855,2.032258064516129,0.03505516382562801,0.0,0.035676839120405424
MSFT,2013-07-12,2013-01-14,2013-07-12,125,0.4175931217397443,1.871528343440349e-05,0.15854947814604164,0.7308330938697203,0.014221263485570478,2.016,0.03505516382562801,0.0,0.035676839120405424
MSFT,2013-07-15,2013-01-16,2013-07-15,124,0.4175931217397443,1.8903375159946804e-05,0.15854947814604164,0.7308322253301271,0.012961492842557537,2.032258064516129,0.03505516382562801,0.0,0.035676839120405424
MSFT,2013-07-16,2013-01-17,2013-07-16,124,0.4175931217397443,1.8529063252799738e-05,0.15199340179649126,0.7374902457414403,0.012799367088560179,2.032258064516129,0.03505516382562801,0.0,0.035676839120405424
MSFT,2013-07-17,2013-01-18,2013-07-17,124,0.4175931217397443,1.871528343440349e-05,0.1532865721957787,0.7373208618272494,0.011862983569518268,2.032258064516129,0.03505516382562801,0.0,0.035676839120405424
MSFT,2013-07-18,2013-01-22,2013-07-18,124,0.4175931217397443,1.871528343440349e-05,0.15070919683743758,0.7386053372310156,0.012758023064445801,2.032258064516129,0.03505516382562801,0.0,0.035676839120405424
MSFT,2013-07-19,2013-01-22,2013-07-19,125,0.8551632550655425,4.218743618445907e-05,0.3466648280773906,0.6533313969256167,0.016860592216390257,2.016,-0.1210330713540273,0.0,-0.11399534226535357
MSFT,2013-07-22,2013-01-23,2013-07-22,125,1.2927333883913406,7.045008366475761e-05,0.6249942268873899,0.37500474047539795,0.10070138744564767,2.016,-0.1210330713540273,0.0,-0.11399534226535357
MSFT,2013-07-23,2013-01-24,2013-07-23,125,1.14574817937796,8.224217654715389e-05,0.7272134635627607,0.27278320913011483,0.0584227643825643,2.016,-0.1210330713540273,0.0,-0.11399534226535357
MSFT,2013-07-24,2013-01-25,2013-07-24,125,1.14574817937796,9.365972495829346e-05,0.8032774384708631,0.19671657496820746,0.027036359487832413,2.016,-0.1210330713540273,0.0,-0.11399534226535357
MSFT,2013-07-25,2013-01-28,2013-07-25,125,1.14574817937796,8.732774872520354e-05,0.751749656038565,0.2482376969944774,0.018134372424489117,2.016,-0.1210330713540273,0.0,-0.11399534226535357
MSFT,2013-07-26,2013-01-28,2013-07-26,126,1.14574817937796,8.732774872520339e-05,0.7536055186543698,0.2463858767492741,0.02345825992029722,2.0,-0.1210330713540273,0.0,-0.11399534226535357
MSFT,2013-07-29,2013-01-30,2013-07-29,125,1.14574817937796,8.732774872520323e-05,0.755451964162204,0.2445393755724728,0.015081876914984091,2.016,-0.1210330713540273,0.0,-0.11399534226535357
MSFT,2013-07-30,2013-01-31,2013-07-30,125,1.14574817937796,8.645882310707645e-05,0.7591165245059764,0.240874817695116,0.013359251637741106,2.016,-0.1210330713540273,0.0,-0.11399534226535357
MSFT,2013-07-31,2013-02-01,2013-07-31,125,1.14574817937796,8.559854344330963e-05,0.7609346025195984,0.2390565711839233,0.012194254992247962,2.016,-0.1210330713540273,0.0,-0.11399534226535357
MSFT,2013-08-01,2013-02-04,2013-08-01,125,1.14574817937796,8.47468237052195e-05,0.7609346025195984,0.23905645632775335,0.011747627305604674,2.016,-0.1210330713540273,0.0,-0.11399534226535357
MSFT,2013-08-02,2013-02-04,2013-08-02,126,1.14574817937796,8.224217654715301e-05,0.755451964162204,0.24453891255741853,0.013764545967117606,2.0,-0.1210330713540273,0.0,-0.11399534226535357
MSFT,2013-08-05,2013-02-06,2013-08-05,125,1.14574817937796,8.390357872012235e-05,0.7591165245059764,0.24087481766673788,0.011588051754339409,2.016,-0.1210330713540273,0.0,-0.11399534226535357
MSFT,2013-08-06,2013-02-07,2013-08-06,125,1.14574817937796,8.39035787201222e-05,0.7572889724390611,0.24270208191677609,0.014157427155546038,2.016,-0.1210330713540273,0.0,-0.11399534226535357
MSFT,2013-08-07,2013-02-08,2013-08-07,125,1.14574817937796,8.47468237052189e-05,0.7591165245059764,0.24087470423556648,0.013640185970278593,2.016,-0.1210330713540273,0.0,-0.11399534226535357
MSFT,2013-08-08,2013-02-11,2013-08-08,125,1.14574817937796,8.9091886270971e-05,0.7663318306588487,0.23365951972780089,0.014790169099931676,2.016,-0.1210330713540273,0.0,-0.11399534226535357
MSFT,2013-08-09,2013-02-11,2013-08-09,126,1.14574817937796,8.7327748725202e-05,0.7609346025195984,0.23905610487641787,0.02179901258920921,2.0,-0.1210330713540273,0.0,-0.11399534226535357
MSFT,2013-08-12,2013-02-13,2013-08-12,125,1.14574817937796,9.180513814639293e-05,0.7681118564320478,0.2318794407978782,0.01690553167304453,2.016,-0.1210330713540273,0.0,-0.11399534226535357
MSFT,2013-08-13,2013-02-14,2013-08-13,125,1.14574817937796,9.460102084317934e-05,0.7645422706396596,0.2354484441967991,0.012780527948462187,2.016,-0.1210330713540273,0.0,-0.11399534226535357
MSFT,2013-08-14,2013-02-15,2013-08-14,125,1.14574817937796,9.460102084317916e-05,0.7609346025195984,0.2390562231547198,0.01894092346071386,2.016,-0.1210330713540273,0.0,-0.11399534226535357
MSFT,2013-08-15,2013-02-19,2013-08-15,125,1.14574817937796,9.651208823211023e-05,0.7498843975900624,0.2501062941724974,0.013685451402102748,2.016,-0.1210330713540273,0.0,-0.11399534226535357
MSFT,2013-08-16,2013-02-19,2013-08-16,126,1.0896261020649116,9.775770447397145e-05,0.7318145071754033,0.26817649800196675,0.022294358202743607,2.0,-0.1210330713540273,0.0,-0.11399534226535357
MSFT,2013-08-19,2013-02-20,2013-08-19,126,1.0896261020649116,9.48685276767205e-05,0.738496872985939,0.2614952478140615,0.01536290353806336,2.0,-0.1210330713540273,0.0,-0.11399534226535357
MSFT,2013-08-20,2013-02-21,2013-08-20,126,1.0896261020649116,9.392457005436533e-05,0.7365665378331167,0.2634251503069961,0.019402275056500145,2.0,-0.1210330713540273,0.0,-0.11399534226535357
MSFT,2013-08-21,2013-02-22,2013-08-21,126,1.0896261020649116,9.486852767672016e-05,0.7442324774518135,0.25575953249381417,0.014070451081142653,2.0,-0.1210330713540273,0.0,-0.11399534226535357
MSFT,2013-08-22,2013-02-25,2013-08-22,126,1.0896261020649116,9.678499906215507e-05,0.7442324774518135,0.2557590897171771,0.012810207008779677,2.0,-0.1210330713540273,0.0,-0.11399534226535357
MSFT,2013-08-23,2013-02-25,2013-08-23,127,1.0896261020649116,0.00011821346480304577,0.8155621935228168,0.18443144654008423,0.02186324409798997,3.968503937007874,-0.025351689406654776,0.13531390801657445,-0.01606630030170264
MSFT,2013-08-26,2013-02-27,2013-08-26,126,1.0896261020649116,0.00011940152987591478,0.8125481283881132,0.18744111136091063,0.061231114032669794,4.0,-0.025351689406654776,0.13531390801657445,-0.01606630030170264
MSFT,2013-08-27,2013-02-28,2013-08-27,126,1.0896261020649116,0.0001230378478216226,0.8214767432461758,0.17851319786934242,0.034461848022953205,2.0,-0.1210330713540273,0.0,-0.11399534226535357
MSFT,2013-08-28,2013-03-01,2013-08-28,126,1.0896261020649116,0.00012678490813567399,0.8286583756730578,0.17133104462141496,0.033322476459562864,2.0,-0.1210330713540273,0.0,-0.11399534226535357
MSFT,2013-08-29,2013-03-01,2013-08-29,127,1.0896261020649116,0.00012934613317518368,0.8423262778665848,0.15766244763410428,0.02039956753303062,1.984251968503937,-0.1210330713540273,0.0,-0.11399534226535357
MSFT,2013-08-30,2013-03-01,2013-08-30,128,1.0896261020649116,0.00012934613317518368,0.8475381407143447,0.15244950120337378,0.017491995707167397,1.96875,-0.1210330713540273,0.0,-0.11399534226535357
MSFT,2013-09-03,2013-03-04,2013-09-03,128,0.942640893051531,0.00015099637881064136,0.8317724006070668,0.16821399543528917,0.016302329240611105,3.9375,-0.0838048732360257,0.052648622681190395,-0.07911391307872917
MSFT,2013-09-04,2013-03-05,2013-09-04,128,0.942640893051531,0.00015099637881064136,0.8258137992226081,0.1741700653113692,0.047838111973032636,3.9375,-0.0838048732360257,0.052648622681190395,-0.07911391307872917
MSFT,2013-09-05,2013-03-06,2013-09-05,128,0.942640893051531,0.0001619448516141743,0.864664597020191,0.13531387691081126,0.03222593253296417,3.9375,-0.0838048732360257,0.052648622681190395,-0.07911391307872917
MSFT,2013-09-06,2013-03-07,2013-09-06,128,0.942640893051531,0.00020179571123484896,0.9989696596750605,2.9753888658040293e-08,0.014474569396901815,3.9375,-0.0838048732360257,0.052648622681190395,-0.07911391307872917
MSFT,2013-09-09,2013-03-11,2013-09-09,127,0.942640893051531,0.00020587225501344472,0.9989696596750605,6.2663296175008595e-12,0.015671448866850703,3.968503937007874,-0.0838048732360257,0.052648622681190395,-0.07911391307872917
MSFT,2013-09-10,2013-03-11,2013-09-10,128,0.942640893051531,0.00020587225501344437,0.9989696596750605,6.2663296175008595e-12,0.01902489506357581,3.9375,-0.0838048732360257,0.052648622681190395,-0.07911391307872917
MSFT,2013-09-11,2013-03-12,2013-09-11,128,0.942640893051531,0.00020794130557432353,0.9989693547590791,6.268185858822128e-12,0.023888632671512075,3.9375,-0.0838048732360257,0.052648622681190395,-0.07911391307872917
MSFT,2013-09-12,2013-03-13,2013-09-12,128,0.942640893051531,0.00020794130557432315,0.9989514565408469,6.37714509445232e-12,0.016030903470935446,3.9375,-0.0838048732360257,0.052648622681190395,-0.07911391307872917
MSFT,2013-09-13,2013-03-14,2013-09-13,128,0.942640893051531,0.00020794130557432277,0.9989509686949164,6.380114961005938e-12,0.01535165643434853,3.9375,-0.0838048732360257,0.052648622681190395,-0.07911391307872917
MSFT,2013-09-16,2013-03-18,2013-09-16,127,0.942640893051531,0.0002121419985938375,0.9989150194008047,6.598963985922328e-12,0.015991646461663823,3.968503937007874,-0.0838048732360257,0.052648622681190395,-0.07911391307872917
MSFT,2013-09-17,2013-03-18,2013-09-17,128,0.942640893051531,0.00021003115043904548,0.9988886813712274,6.759302380142472e-12,0.018027558481262806,3.9375,-0.0838048732360257,0.052648622681190395,-0.07911391307872917
MSFT,2013-09-18,2013-03-19,2013-09-18,128,0.942640893051531,0.0002100311504390462,0.9986622959380135,8.137472175640116e-12,0.014494041676011525,3.9375,-0.0838048732360257,0.052648622681190395,-0.07911391307872917
MSFT,2013-09-19,2013-03-20,2013-09-19,128,0.7216177476571572,0.0002844078083695947,0.4605380782894716,3.8684618343545515e-09,0.017915632510066042,3.9375,-0.025351689406654776,0.13531390801657445,-0.01606630030170264
MSFT,2013-09-20,2013-03-21,2013-09-20,128,0.5005946022627834,0.0003700219954901675,2.2642822338117036e-05,0.030200611993049516,0.019533208857414514,3.9375,-0.025351689406654776,0.13531390801657445,-0.01606630030170264
MSFT,2013-09-23,2013-03-25,2013-09-23,127,0.35360939324940277,0.0003536565669501334,2.7325265460201826e-09,0.04046283964042651,0.019198175847978057,3.968503937007874,-0.025351689406654776,0.13531390801657445,-0.01606630030170264
MSFT,2013-09-24,2013-03-25,2013-09-24,128,0.35360939324940277,0.0003501376253132812,3.043552951523862e-09,0.03273702064229915,0.019025983159596523,3.9375,-0.025351689406654776,0.13531390801657445,-0.01606630030170264
MSFT,2013-09-25,2013-03-26,2013-09-25,128,0.35360939324940277,0.0003501376253132812,3.043552951523862e-09,0.03274026183182483,0.01902601504261304,3.9375,-0.025351689406654776,0.13531390801657445,-0.01606630030170264
MSFT,2013-09-26,2013-03-27,2013-09-26,128,0.35360939324940277,0.0003501376253132812,3.043552951523862e-09,0.033061701142955334,0.01902917718077588,3.9375,-0.025351689406654776,0.13531390801657445,-0.01606630030170264
MSFT,2013-09-27,2013-03-28,2013-09-27,128,0.35360939324940277,0.0003501376253132812,3.043552951523862e-09,0.036066538131183434,0.019058813609075152,3.9375,-0.025351689406654776,0.13531390801657445,-0.01606630030170264
MSFT,2013-09-30,2013-04-01,2013-09-30,128,0.35360939324940277,0.0003501376253132812,3.043552951523862e-09,0.035724026878907765,0.01905542847068295,3.9375,-0.025351689406654776,0.13531390801657445,-0.01606630030170264
MSFT,2013-10-01,2013-04-02,2013-10-01,128,0.35360939324940277,0.0003501376253132812,3.043552951523862e-09,0.03642302032027907,0.01906233875240838,3.9375,-0.025351689406654776,0.13531390801657445,-0.01606630030170264
MSFT,2013-10-02,2013-04-03,2013-10-02,128,0.35360939324940277,0.0003501376253132812,3.043552951523862e-09,0.036077251708606026,0.019058919525096467,3.9375,-0.025351689406654776,0.13531390801657445,-0.01606630030170264
MSFT,2013-10-03,2013-04-04,2013-10-03,128,0.35360939324940277,0.0003501376253132812,3.043552951523862e-09,0.03643023162754389,0.019062410088581377,3.9375,-0.025351689406654776,0.13531390801657445,-0.01606630030170264
MSFT,2013-10-04,2013-04-05,2013-10-04,128,0.35360939324940277,0.0003501376253132812,3.043552951523862e-09,0.03608439714835191,0.019058990162618503,3.9375,-0.025351689406654776,0.13531390801657445,-0.01606630030170264
MSFT,2013-10-07,2013-04-08,2013-10-07,128,0.35360939324940277,0.0003536565669501334,3.043552951523862e-09,0.0324508223070528,0.019118523064301916,3.9375,-0.025351689406654776,0.13531390801657445,-0.01606630030170264
MSFT,2013-10-08,2013-04-09,2013-10-08,128,0.35360939324940277,0.0003501376253132812,3.043552951523862e-09,0.020939868530395322,0.01891100932002982,3.9375,-0.025351689406654776,0.13531390801657445,-0.01606630030170264
MSFT,2013-10-09,2013-04-10,2013-10-09,128,0.18870832516807767,0.000350253032619513,2.826729519983574e-09,0.02341182334975805,0.018938048361495558,3.9375,-0.025351689406654776,0.13531390801657445,-0.01606630030170264
MSFT,2013-10-10,2013-04-11,2013-10-10,128,0.18870832516807767,0.00033317099064828924,3.043552951523862e-09,0.020618702309011205,0.018444109285981666,3.9375,-0.025351689406654776,0.13531390801657445,-0.01606630030170264
MSFT,2013-10-11,2013-04-12,2013-10-11,128,0.18870832516807767,0.00033317099064828924,0.0013313340127415296,0.020795946855162853,0.018460067978147816,3.9375,-0.025351689406654776,0.13531390801657445,-0.01606630030170264
MSFT,2013-10-14,2013-04-15,2013-10-14,128,0.18870832516807767,0.00033317099064828924,0.0011234337248921034,0.022274811522342036,0.018463127258516024,3.9375,-0.025351689406654776,0.13531390801657445,-0.01606630030170264
MSFT,2013-10-15,2013-04-16,2013-10-15,128,0.18870832516807767,0.00033317099064828924,0.0011809653123591645,0.020395597727807063,0.018444440363774104,3.9375,-0.025351689406654776,0.13531390801657445,-0.01606630030170264
MSFT,2013-10-16,2013-04-17,2013-10-16,128,0.18870832516807767,0.00033317099064828924,0.0013313340127415296,0.019996793584317624,0.018438316961117997,3.9375,-0.025351689406654776,0.13531390801657445,-0.01606630030170264
MSFT,2013-10-17,2013-04-18,2013-10-17,128,0.18870832516807767,0.00033317099064828924,0.0013313340127415296,0.020392486410997637,0.01844244618848553,3.9375,-0.025351689406654776,0.13531390801657445,-0.01606630030170264
MSFT,2013-10-18,2013-04-19,2013-10-18,128,0.18870832516807767,0.00032657376301775063,0.003203689015271941,0.013736322806884237,0.018201470751025624,3.9375,-0.025351689406654776,0.13531390801657445,-0.01606630030170264
MSFT,2013-10-21,2013-04-22,2013-10-21,128,0.18870832516807767,0.0003169220496947047,0.0005694665764936723,0.018501877107788365,0.017969331922910746,3.9375,-0.025351689406654776,0.13531390801657445,-0.01606630030170264
MSFT,2013-10-22,2013-04-23,2013-10-22,128,0.18870832516807767,0.0003169220496947047,0.0017088199029736885,0.018663028888315163,0.017970790699270354,3.9375,-0.025351689406654776,0.13531390801657445,-0.01606630030170264
MSFT,2013-10-23,2013-04-24,2013-10-23,128,0.18870832516807767,0.00031376862261168803,0.0028424480299359197,0.01031787694213927,0.017818150603233416,3.9375,-0.025351689406654776,0.13531390801657445,-0.01606630030170264
MSFT,2013-10-24,2013-04-25,2013-10-24,128,0.18870832516807767,0.00031376862261168803,0.004109874684730633,0.008707843046786115,0.017861904024167204,3.9375,-0.025351689406654776,0.13531390801657445,-0.01606630030170264
MSFT,2013-10-25,2013-04-26,2013-10-25,128,0.18870832516807767,0.0003365194147719023,1.2559035307600486e-07,0.020220477610932035,0.01853279341096751,5.90625,0.0023987370439007747,0.1070756057929259,0.008164478771085726
MSFT,2013-10-28,2013-04-29,2013-10-28,128,0.18870832516807767,0.00033317099064828924,3.043552951523862e-09,0.017115103722225383,0.018411207206086123,5.90625,0.0023987370439007747,0.1070756057929259,0.008164478771085726
MSFT,2013-10-29,2013-04-30,2013-10-29,128,0.18870832516807767,0.00033317099064828924,3.043552951523862e-09,0.0126118054228592,0.01836917387453478,5.90625,0.0023987370439007747,0.1070756057929259,0.008164478771085726
MSFT,2013-10-30,2013-05-01,2013-10-30,128,0.18870832516807767,0.00033317099064828924,3.043552951523862e-09,0.009100085858907148,0.01833659507858172,5.90625,0.0023987370439007747,0.1070756057929259,0.008164478771085726
MSFT,2013-10-31,2013-05-01,2013-10-31,129,0.18870832516807767,0.0003298558839013845,3.043552951523862e-09,0.011655769243341224,0.018268715052707267,5.86046511627907,0.0023987370439007747,0.1070756057929259,0.008164478771085726
MSFT,2013-11-01,2013-05-02,2013-11-01,129,0.18870832516807767,0.0003298558839013845,3.043552951523862e-09,0.008161521952032043,0.01823650631681372,5.86046511627907,0.0023987370439007747,0.1070756057929259,0.008164478771085726
MSFT,2013-11-04,2013-05-06,2013-11-04,128,0.18870832516807767,0.00033317099064828924,3.043552951523862e-09,0.005540967467105792,0.018303752795737687,5.90625,0.0023987370439007747,0.1070756057929259,0.008164478771085726
MSFT,2013-11-05,2013-05-06,2013-11-05,129,0.18870832516807767,0.00033317099064828924,3.043552951523862e-09,0.005766365536118233,0.018305827466342545,5.86046511627907,0.0023987370439007747,0.1070756057929259,0.008164478771085726
MSFT,2013-11-06,2013-05-07,2013-11-06,129,0.18870832516807767,0.0003433175578953145,3.043552951523862e-09,0.008837883731494016,0.018611255052415343,5.86046511627907,0.0023987370439007747,0.1070756057929259,0.008164478771085726
MSFT,2013-11-07,2013-05-08,2013-11-07,129,0.18870832516807767,0.0003467679567150909,3.043552951523862e-09,0.00427907239576172,0.018661676871376993,5.86046511627907,0.0023987370439007747,0.1070756057929259,0.008164478771085726
MSFT,2013-11-08,2013-05-09,2013-11-08,129,0.18870832516807767,0.0003467679567150909,3.043552951523862e-09,0.0026789939977984603,0.018646700579771303,5.86046511627907,0.0023987370439007747,0.1070756057929259,0.008164478771085726
MSFT,2013-11-11,2013-05-13,2013-11-11,128,0.18870832516807767,0.000350253032619513,3.043552951523862e-09,8.175554905575218e-08,0.018715049061941283,5.90625,0.0023987370439007747,0.1070756057929259,0.008164478771085726
MSFT,2013-11-12,2013-05-13,2013-11-12,129,0.18870832516807767,0.0003467679567150909,3.043552951523862e-09,0.002351983859327253,0.018643644285323162,5.86046511627907,0.0023987370439007747,0.1070756057929259,0.008164478771085726
MSFT,2013-11-13,2013-05-14,2013-11-13,129,0.18870832516807767,0.0003467679567150909,3.043552951523862e-09,0.0015937952012443015,0.01863656395973234,5.86046511627907,0.0023987370439007747,0.1070756057929259,0.008164478771085726
MSFT,2013-11-14,2013-05-15,2013-11-14,129,0.18870832516807767,0.0003467679567150909,3.043552951523862e-09,0.00035609994456075445,0.0186250231147508,5.86046511627907,0.0023987370439007747,0.1070756057929259,0.008164478771085726
MSFT,2013-11-15,2013-05-16,2013-11-15,129,0.18870832516807767,0.0003467679567150909,3.043552951523862e-09,0.0001507338788348853,0.01862311022181917,5.86046511627907,0.0023987370439007747,0.1070756057929259,0.008164478771085726
MSFT,2013-11-18,2013-05-20,2013-11-18,128,0.18870832516807767,0.0003467679567150909,3.043552951523862e-09,0.003541190233512814,0.018654765933731773,5.90625,0.0023987370439007747,0.1070756057929259,0.008164478771085726
MSFT,2013-11-19,2013-05-20,2013-11-19,129,0.18870832516807767,0.0003433175578953145,3.043552951523862e-09,0.006434374007181314,0.01858873040927529,5.86046511627907,0.0023987370439007747,0.1070756057929259,0.008164478771085726
MSFT,2013-11-20,2013-05-21,2013-11-20,129,0.18870832516807767,0.0003433175578953145,3.043552951523862e-09,0.006830212041990899,0.018592434381899017,5.86046511627907,0.0023987370439007747,0.1070756057929259,0.008164478771085726
MSFT,2013-11-21,2013-05-22,2013-11-21,129,0.18870832516807767,0.0003433175578953145,3.043552951523862e-09,0.006830888279818725,0.018592440714692612,5.86046511627907,0.0023987370439007747,0.1070756057929259,0.008164478771085726
MSFT,2013-11-22,2013-05-23,2013-11-22,129,0.18870832516807767,0.0003433175578953145,3.043552951523862e-09,0.002653161760153784,0.018553459468044795,5.86046511627907,0.0023987370439007747,0.1070756057929259,0.008164478771085726
MSFT,2013-11-25,2013-05-28,2013-11-25,128,0.18870832516807767,0.0003433175578953145,3.043552951523862e-09,0.0003256872417858959,0.01853184849160521,5.90625,0.0023987370439007747,0.1070756057929259,0.008164478771085726
MSFT,2013-11-26,2013-05-28,2013-11-26,129,0.18870832516807767,0.00033990149111742655,3.043552951523862e-09,0.004155541860107772,0.018474843980062206,5.86046511627907,0.0023987370439007747,0.1070756057929259,0.008164478771085726
MSFT,2013-11-27,2013-05-28,2013-11-27,130,0.18870832516807767,0.00033651941477190256,3.043552951523862e-09,0.00718143410227013,0.01841069221523781,5.815384615384615,0.0023987370439007747,0.1070756057929259,0.008164478771085726
MSFT,2013-11-29,2013-05-30,2013-11-29,129,0.18870832516807767,0.00033990149111742655,3.043552951523862e-09,0.008252526480005538,0.018512965149427553,5.86046511627907,0.0023987370439007747,0.1070756057929259,0.008164478771085726
MSFT,2013-12-02,2013-06-03,2013-12-02,128,0.18870832516807767,0.00033990149111742655,3.043552951523862e-09,0.008759231447858626,0.01851769630862041,5.90625,0.0023987370439007747,0.1070756057929259,0.008164478771085726
MSFT,2013-12-03,2013-06-04,2013-12-03,128,0.18870832516807767,0.00033651941477190256,3.043552951523862e-09,0.01190583460382991,0.01845465349092598,5.90625,0.0023987370439007747,0.1070756057929259,0.008164478771085726
MSFT,2013-12-04,2013-06-05,2013-12-04,128,0.18870832516807767,0.00033651941477190256,3.043552951523862e-09,0.0164855315357349,0.018497570274264376,5.90625,0.0023987370439007747,0.1070756057929259,0.008164478771085726
MSFT,2013-12-05,2013-06-06,2013-12-05,128,0.18870832516807767,0.00033990149111742655,3.043552951523862e-09,0.02026178970673468,0.0186260820748026,5.90625,0.0023987370439007747,0.1070756057929259,0.008164478771085726
MSFT,2013-12-06,2013-06-07,2013-12-06,128,0.18870832516807767,0.00033651941477190256,3.043552951523862e-09,0.02346621717733692,0.01856356690652244,5.90625,0.0023987370439007747,0.1070756057929259,0.008164478771085726
MSFT,2013-12-09,2013-06-10,2013-12-09,128,0.18870832516807767,0.00033651941477190256,3.043552951523862e-09,0.02416599193827782,0.018570221675451713,5.90625,0.0023987370439007747,0.1070756057929259,0.008164478771085726
MSFT,2013-12-10,2013-06-11,2013-12-10,128,0.18870832516807767,0.00033651941477190256,3.043552951523862e-09,0.022351763886579286,0.018552983233538614,5.90625,0.0023987370439007747,0.1070756057929259,0.008164478771085726
MSFT,2013-12-11,2013-06-12,2013-12-11,128,0.18870832516807767,0.00033651941477190256,3.043552951523862e-09,0.026386974340834965,0.018591390593945746,5.90625,0.0023987370439007747,0.1070756057929259,0.008164478771085726
MSFT,2013-12-12,2013-06-13,2013-12-12,128,0.18870832516807767,0.00033651941477190256,3.043552951523862e-09,0.02743701716764858,0.018601424123628394,5.90625,0.0023987370439007747,0.1070756057929259,0.008164478771085726
MSFT,2013-12-13,2013-06-14,2013-12-13,128,0.18870832516807767,0.00033651941477190256,3.043552951523862e-09,0.03023833185743227,0.018628271366772968,5.90625,0.0023987370439007747,0.1070756057929259,0.008164478771085726
MSFT,2013-12-16,2013-06-17,2013-12-16,128,0.18870832516807767,0.00033317099064828924,3.043552951523862e-09,0.03462843619388455,0.018577460198773973,5.90625,0.0023987370439007747,0.1070756057929259,0.008164478771085726
MSFT,2013-12-17,2013-06-18,2013-12-17,128,0.09784519346774577,0.00032395218835630605,2.9143439339972668e-09,0.04292474797557753,0.018397864496098093,5.90625,0.0023987370439007747,0.1070756057929259,0.008164478771085726
MSFT,2013-12-18,2013-06-19,2013-12-18,128,0.09784519346774577,0.00032720796197656876,3.043552951523862e-09,0.05000517431711776,0.01855886068688836,5.90625,0.0023987370439007747,0.1070756057929259,0.008164478771085726
MSFT,2013-12-19,2013-06-20,2013-12-19,128,0.09784519346774577,0.00032395218835630605,3.043552951523862e-09,0.0390070068096584,0.018360324322844325,5.90625,0.0023987370439007747,0.1070756057929259,0.008164478771085726
MSFT,2013-12-20,2013-06-21,2013-12-20,128,0.09784519346774577,0.00032395218835630605,0.0003631829415446722,0.04251300185768835,0.018394792552222726,5.90625,0.0023987370439007747,0.1070756057929259,0.008164478771085726
MSFT,2013-12-23,2013-06-24,2013-12-23,128,0.09784519346774577,0.00032395218835630605,0.0003631829415446725,0.03937314774161245,0.018365985698645476,5.90625,0.0023987370439007747,0.1070756057929259,0.008164478771085726
MSFT,2013-12-24,2013-06-25,2013-12-24,128,0.09784519346774577,0.00032395218835630605,0.00035599400016473085,0.04210802767156551,0.01839037985211476,5.90625,0.0023987370439007747,0.1070756057929259,0.008164478771085726
MSFT,2013-12-26,2013-06-27,2013-12-26,127,0.09784519346774577,0.00032395218835630605,0.0006954602747827056,0.04169232157488308,0.01838882635258752,5.952755905511811,0.0023987370439007747,0.1070756057929259,0.008164478771085726
MSFT,2013-12-27,2013-06-28,2013-12-27,127,0.09784519346774577,0.00032395218835630605,0.0006230622357100378,0.04209669371867989,0.01839147299140593,5.952755905511811,0.0023987370439007747,0.1070756057929259,0.008164478771085726
MSFT,2013-12-30,2013-07-01,2013-12-30,127,0.09784519346774577,0.00032395218835630605,0.0006615647383574398,0.04129593685185789,0.018382646413120197,5.952755905511811,0.0023987370439007747,0.1070756057929259,0.008164478771085726
MSFT,2013-12-31,2013-07-01,2013-12-31,128,0.09784519346774577,0.00032072881022484007,0.001146102554884815,0.04288804527148408,0.018305789827051888,5.90625,0.0023987370439007747,0.1070756057929259,0.008164478771085726
MSFT,2014-01-02,2013-07-03,2014-01-02,127,0.09784519346774577,0.00032395218835630605,0.0011234337248921043,0.03859402392602233,0.0183566258755971,5.952755905511811,0.0023987370439007747,0.1070756057929259,0.008164478771085726
MSFT,2014-01-03,2013-07-05,2014-01-03,127,0.09784519346774577,0.00032395218835630605,0.0010268405030389837,0.03897049817471952,0.018361391484511692,5.952755905511811,0.0023987370439007747,0.1070756057929259,0.008164478771085726
MSFT,2014-01-06,2013-07-08,2014-01-06,127,0.09784519346774577,0.00032720796197656876,0.0003779991103358267,0.04052270421411225,0.018467467283604353,5.952755905511811,0.0023987370439007747,0.1070756057929259,0.008164478771085726
MSFT,2014-01-07,2013-07-08,2014-01-07,128,0.09784519346774577,0.00032395218835630605,0.00015998981041710935,0.044179863647836624,0.01841200504970681,5.90625,0.0023987370439007747,0.1070756057929259,0.008164478771085726
MSFT,2014-01-08,2013-07-09,2014-01-08,128,0.09784519346774577,0.00032720796197656876,4.869667040286296e-09,0.04212264394414187,0.018482340979844587,5.90625,0.0023987370439007747,0.1070756057929259,0.008164478771085726
MSFT,2014-01-09,2013-07-10,2014-01-09,128,0.09784519346774577,0.00032720796197656876,3.043552951523862e-09,0.04054196629288377,0.01846711017797951,5.90625,0.0023987370439007747,0.1070756057929259,0.008164478771085726
MSFT,2014-01-10,2013-07-11,2014-01-10,128,0.09784519346774577,0.00032395218835630605,9.417700235158372e-05,0.037542163488944125,0.018346499962471282,5.90625,0.0023987370439007747,0.1070756057929259,0.008164478771085726
MSFT,2014-01-13,2013-07-15,2014-01-13,127,0.0069820617674138654,0.00032458129627564383,0.0001400149619461238,0.0380242014904272,0.018369531946022165,5.952755905511811,0.0023987370439007747,0.1070756057929259,0.008164478771085726
MSFT,2014-01-14,2013-07-15,2014-01-14,128,0.0069820617674138654,0.00033446626838374676,0.0009832905913522638,0.0325577962936449,0.018617376212134232,5.90625,0.0023987370439007747,0.1070756057929259,0.008164478771085726
MSFT,2014-01-15,2013-07-16,2014-01-15,128,0.0069820617674138654,0.0003378277102650215,0.0009735162208198355,0.03873017161949586,0.018760850995400168,5.90625,0.0023987370439007747,0.1070756057929259,0.008164478771085726
MSFT,2014-01-16,2013-07-17,2014-01-16,128,0.0069820617674138654,0.0003378277102650215,0.00028191545341649563,0.03452568209117022,0.018711473217147855,5.90625,0.0023987370439007747,0.1070756057929259,0.008164478771085726
MSFT,2014-01-17,2013-07-18,2014-01-17,128,0.0069820617674138654,0.00033446626838374676,0.000508456851542556,0.03657418084701321,0.01863286464221439,5.90625,0.0023987370439007747,0.1070756057929259,0.008164478771085726
MSFT,2014-01-21,2013-07-22,2014-01-21,127,0.0069820617674138654,0.00015028538190502171,0.26620084016492507,0.14392386093931606,0.015242814737523386,5.952755905511811,0.027217535789235175,0.0642091584994208,0.02971178614367176
MSFT,2014-01-22,2013-07-23,2014-01-22,127,0.0069820617674138654,0.00014012516131044767,0.292342384683342,0.16881390704051186,0.013761014354034621,5.952755905511811,0.027217535789235175,0.0642091584994208,0.02971178614367176
MSFT,2014-01-23,2013-07-24,2014-01-23,127,0.0069820617674138654,0.00013598383693148825,0.2964953250444726,0.1809336510910924,0.013537610745042113,5.952755905511811,0.027217535789235175,0.0642091584994208,0.02971178614367176
MSFT,2014-01-24,2013-07-25,2014-01-24,127,0.0069820617674138654,0.0001387308926594841,0.29027875347686977,0.17716162731882065,0.01323987397560405,5.952755905511811,0.027217535789235175,0.0642091584994208,0.02971178614367176
MSFT,2014-01-27,2013-07-29,2014-01-27,126,0.0069820617674138654,0.00014153344259431363,0.3070250096875335,0.1703981470494366,0.0173649387774233,6.0,0.027217535789235175,0.0642091584994208,0.02971178614367176
MSFT,2014-01-28,2013-07-29,2014-01-28,127,0.0069820617674138654,0.00014153344259431363,0.2902787534768697,0.17320301173992586,0.018059090344005043,5.952755905511811,0.027217535789235175,0.0642091584994208,0.02971178614367176
MSFT,2014-01-29,2013-07-30,2014-01-29,127,0.0069820617674138654,0.000148790017369997,0.2780797446020012,0.15211739063632954,0.014485636167163966,5.952755905511811,0.027217535789235175,0.0642091584994208,0.02971178614367176
MSFT,2014-01-30,2013-07-31,2014-01-30,127,0.0069820617674138654,0.000148790017369997,0.2780797446020012,0.15211717992414975,0.014572340247455559,5.952755905511811,0.027217535789235175,0.0642091584994208,0.02971178614367176
MSFT,2014-01-31,2013-08-01,2014-01-31,127,0.44455219509321203,0.00015529367512943072,0.23898282794527415,0.14819779769450542,0.013745974529022464,5.952755905511811,0.027217535789235175,0.0642091584994208,0.02971178614367176
MSFT,2014-02-03,2013-08-05,2014-02-03,126,0.29756698607983145,0.00016568391451471563,0.265785589754615,0.15768014698012556,0.01910713847415605,6.0,0.027217535789235175,0.0642091584994208,0.02971178614367176
MSFT,2014-02-04,2013-08-05,2014-02-04,127,0.2414449087667828,0.00017121251976836557,0.24591979077517018,0.14020206963894838,0.02383888355087719,5.952755905511811,0.027217535789235175,0.0642091584994208,0.02971178614367176
MSFT,2014-02-05,2013-08-06,2014-02-05,127,0.1505817770664509,0.00016481863458176429,0.24344764826993617,0.1480546695879701,0.015846494190226792,5.952755905511811,0.027217535789235175,0.0642091584994208,0.02971178614367176
MSFT,2014-02-06,2013-08-07,2014-02-06,127,0.1505817770664509,0.00016814819186169606,0.25088779785692356,0.1286453146462421,0.016070093161994134,5.952755905511811,0.027217535789235175,0.0642091584994208,0.02971178614367176
MSFT,2014-02-07,2013-08-08,2014-02-07,127,0.1505817770664509,0.00016647508939789544,0.24529357981700128,0.1274729428190594,0.014852665294531565,5.952755905511811,0.027217535789235175,0.0642091584994208,0.02971178614367176
MSFT,2014-02-10,2013-08-12,2014-02-10,126,0.1505817770664509,0.00016814819186169606,0.2584775417089856,0.12215415001444768,0.014846419905511006,6.0,0.027217535789235175,0.0642091584994208,0.02971178614367176
MSFT,2014-02-11,2013-08-12,2014-02-11,127,0.1505817770664509,0.00016647508939789544,0.26232799333977064,0.12253810221192528,0.014233300291390465,5.952755905511811,0.027217535789235175,0.0642091584994208,0.02971178614367176
MSFT,2014-02-12,2013-08-13,2014-02-12,127,0.1505817770664509,0.00016481863458176429,0.2642670119178848,0.12426775045285345,0.01460160667170881,5.952755905511811,0.027217535789235175,0.0642091584994208,0.02971178614367176
MSFT,2014-02-13,2013-08-14,2014-02-13,127,0.1505817770664509,0.00015994750777543695,0.27609213427475665,0.1349531860165277,0.01427377156836581,5.952755905511811,0.027217535789235175,0.0642091584994208,0.02971178614367176
MSFT,2014-02-14,2013-08-15,2014-02-14,127,0.1505817770664509,0.00015522034452288816,0.2902938802569777,0.13556510520776732,0.013605068977437086,5.952755905511811,0.027217535789235175,0.0642091584994208,0.02971178614367176
MSFT,2014-02-18,2013-08-19,2014-02-18,126,0.1505817770664509,0.00014913406775917624,0.3177754143135008,0.14457314583538966,0.013239495611273718,6.0,0.027217535789235175,0.0642091584994208,0.02971178614367176
MSFT,2014-02-19,2013-08-20,2014-02-19,126,0.1505817770664509,0.00013905168311609104,0.3465862704287879,0.16645840265085288,0.012956075537144689,6.0,0.027217535789235175,0.0642091584994208,0.02971178614367176
MSFT,2014-02-20,2013-08-21,2014-02-20,126,0.588151910392249,0.0001200163105691239,0.3501418257724751,0.22402201129692798,0.012441625206718664,6.0,0.027217535789235175,0.0642091584994208,0.02971178614367176
MSFT,2014-02-21,2013-08-22,2014-02-21,126,0.5320298330792003,4.3399651091545955e-05,0.47173299169116334,0.47202801323597215,0.009596639942304183,6.0,0.027217535789235175,0.0642091584994208,0.02971178614367176
MSFT,2014-02-24,2013-08-26,2014-02-24,125,0.40186981938515837,8.077476522935717e-05,0.1966315327004604,0.45910908641083886,0.012474142921253376,4.032,0.005661457413493887,0.07387587549911592,0.008425576950613634
MSFT,2014-02-25,2013-08-26,2014-02-25,126,0.34574774207210973,8.687656794271955e-05,0.17053211647621036,0.4328972091489762,0.013024200435613642,4.0,0.005661457413493887,0.07387587549911592,0.008425576950613634
MSFT,2014-02-26,2013-08-27,2014-02-26,126,0.28962566475906104,9.250957001028191e-05,0.12279621533556664,0.43145329185926984,0.013073637859104778,4.0,0.005661457413493887,0.07387587549911592,0.008425576950613634
MSFT,2014-02-27,2013-08-28,2014-02-27,126,0.28962566475906104,0.00011760271227216856,0.12279621533556664,0.2905611448244821,0.012989618527588816,4.0,0.005661457413493887,0.07387587549911592,0.008425576950613634
MSFT,2014-02-28,2013-08-29,2014-02-28,126,0.28962566475906104,0.00011643254573351177,0.13053652018699477,0.2841579924272983,0.013213212329409299,4.0,0.005661457413493887,0.07387587549911592,0.008425576950613634
MSFT,2014-03-03,2013-09-04,2014-03-03,124,0.28962566475906104,7.72704881000538e-05,0.308632567506741,0.31420913828624764,0.012521940533223221,2.032258064516129,0.057899589945011876,0.0,0.05960859501123594
MSFT,2014-03-04,2013-09-05,2014-03-04,124,0.7271957980848591,7.081664477002691e-05,0.34278135864050335,0.3300074957692081,0.014641291525060432,2.032258064516129,0.057899589945011876,0.0,0.05960859501123594
MSFT,2014-03-05,2013-09-06,2014-03-05,124,0.5802105890714785,6.310865415119646e-05,0.39201591479194386,0.37148489392932527,0.014992581138086635,2.032258064516129,0.057899589945011876,0.0,0.05960859501123594
MSFT,2014-03-06,2013-09-09,2014-03-06,124,0.5240885117584299,6.203394012763119e-05,0.39573346268720805,0.3517311260459603,0.013357595163211212,2.032258064516129,0.057899589945011876,0.0,0.05960859501123594
MSFT,2014-03-07,2013-09-09,2014-03-07,125,0.5240885117584299,5.960155454363551e-05,0.4125770750647126,0.339063659822051,0.010912881025550346,2.016,0.057899589945011876,0.0,0.05960859501123594
MSFT,2014-03-10,2013-09-11,2014-03-10,124,0.46796643444538116,5.9770092081476455e-05,0.4115074887780415,0.35247354396912883,0.01149871229709983,2.032258064516129,0.057899589945011876,0.0,0.05960859501123594
MSFT,2014-03-11,2013-09-12,2014-03-11,124,0.46796643444538116,5.6289352891399244e-05,0.43590198836540844,0.343260019264736,0.010335611404369232,2.032258064516129,0.057899589945011876,0.0,0.05960859501123594
MSFT,2014-03-12,2013-09-13,2014-03-12,124,0.46796643444538116,5.517474902544533e-05,0.4432865753093499,0.3427312891519104,0.009821923952231616,2.032258064516129,0.057899589945011876,0.0,0.05960859501123594
MSFT,2014-03-13,2013-09-16,2014-03-13,124,0.4118443571323325,5.7588860228417536e-05,0.4250209700201002,0.35665731897367287,0.010216416249362703,2.032258064516129,0.057899589945011876,0.0,0.05960859501123594
MSFT,2014-03-14,2013-09-16,2014-03-14,125,0.4118443571323325,5.478021837272963e-05,0.4323627597385692,0.35210261426580175,0.012171154278622977,2.016,0.057899589945011876,0.0,0.05960859501123594
MSFT,2014-03-17,2013-09-18,2014-03-17,124,0.4118443571323325,5.316121824662743e-05,0.4250209700201002,0.36204637647896665,0.011176440094009766,2.032258064516129,0.057899589945011876,0.0,0.05960859501123594
MSFT,2014-03-18,2013-09-19,2014-03-18,124,0.4118443571323325,7.1046113361714e-05,0.36077085975207135,0.33889474231273076,0.011824849543185604,4.064516129032258,0.04828214975532252,0.013601114351570754,0.04956379541075728
MSFT,2014-03-19,2013-09-20,2014-03-19,124,0.4118443571323325,6.963930606075331e-05,0.33805671578392915,0.3459857691212254,0.024096835630012407,4.064516129032258,0.04828214975532252,0.013601114351570754,0.04956379541075728
MSFT,2014-03-20,2013-09-23,2014-03-20,124,0.4118443571323325,6.176452374408316e-05,0.4201444573710106,0.35419082228930715,0.018347553902145528,4.064516129032258,0.04828214975532252,0.013601114351570754,0.04956379541075728
MSFT,2014-03-21,2013-09-23,2014-03-21,125,0.4118443571323325,6.238526752758526e-05,0.39124107850489115,0.3616402716285596,0.020614449926083977,4.032,0.04828214975532252,0.013601114351570754,0.04956379541075728
MSFT,2014-03-24,2013-09-25,2014-03-24,124,0.4118443571323325,6.624295702679941e-05,0.37940675286633324,0.3490017313576366,0.014956533738676418,4.064516129032258,0.04828214975532252,0.013601114351570754,0.04956379541075728
MSFT,2014-03-25,2013-09-26,2014-03-25,124,0.4118443571323325,6.894638338785614e-05,0.3700405125846283,0.3371137308004419,0.01262723415148398,4.064516129032258,0.04828214975532252,0.013601114351570754,0.04956379541075728
MSFT,2014-03-26,2013-09-27,2014-03-26,124,0.4118443571323325,7.104611336171374e-05,0.3584692255598177,0.33691365328034867,0.01168047654670451,4.064516129032258,0.04828214975532252,0.013601114351570754,0.04956379541075728
MSFT,2014-03-27,2013-09-30,2014-03-27,124,0.4118443571323325,7.176013867167971e-05,0.3677138124771183,0.33205813490284447,0.01428173693545282,4.064516129032258,0.04828214975532252,0.013601114351570754,0.04956379541075728
MSFT,2014-03-28,2013-09-30,2014-03-28,125,0.4118443571323325,7.248134005531313e-05,0.3841242011381055,0.32650927794148044,0.014157074274340884,4.032,0.04828214975532252,0.013601114351570754,0.04956379541075728
MSFT,2014-03-31,2013-10-01,2014-03-31,125,0.4118443571323325,7.248134005531313e-05,0.3677138124771183,0.33520878789634634,0.01779317832669719,4.032,0.04828214975532252,0.013601114351570754,0.04956379541075728
MSFT,2014-04-01,2013-10-02,2014-04-01,125,0.4118443571323325,7.619753782675239e-05,0.33805671578392915,0.33275189454892895,0.016036729057325703,4.032,0.04828214975532252,0.013601114351570754,0.04956379541075728
MSFT,2014-04-02,2013-10-03,2014-04-02,125,0.4118443571323325,7.773683019759217e-05,0.3269656460837525,0.3299147031393818,0.013665744731102974,4.032,0.04828214975532252,0.013601114351570754,0.04956379541075728
MSFT,2014-04-03,2013-10-04,2014-04-03,125,0.4118443571323325,7.773683019759217e-05,0.32916895397937,0.3271579223504169,0.011928312348533594,4.032,0.04828214975532252,0.013601114351570754,0.04956379541075728
MSFT,2014-04-04,2013-10-07,2014-04-04,125,0.4118443571323325,8.337338637168745e-05,0.3358237432252551,0.3123106681629786,0.012726969773189899,4.032,0.04828214975532252,0.013601114351570754,0.04956379541075728
MSFT,2014-04-07,2013-10-08,2014-04-07,125,0.4118443571323325,8.677591881655705e-05,0.2866199645778621,0.3248063955979637,0.019875308047649646,2.016,0.057899589945011876,0.0,0.05960859501123594
MSFT,2014-04-08,2013-10-09,2014-04-08,125,0.4118443571323325,9.12250153133187e-05,0.2627330317016924,0.3138836173382044,0.014577077349024185,2.016,0.057899589945011876,0.0,0.05960859501123594
MSFT,2014-04-09,2013-10-10,2014-04-09,125,0.4118443571323325,9.214184195947332e-05,0.28458046034462076,0.29413698984272824,0.012434694457569182,2.016,0.057899589945011876,0.0,0.05960859501123594
MSFT,2014-04-10,2013-10-11,2014-04-10,125,0.4118443571323325,8.421130283509595e-05,0.3984043775100094,0.2873819128870889,0.014555396344672551,4.032,0.04828214975532252,0.013601114351570754,0.04956379541075728
MSFT,2014-04-11,2013-10-14,2014-04-11,125,0.3557222798192838,9.057270487292235e-05,0.31295744709036627,0.3195980916399423,0.020623641362997425,2.016,0.057899589945011876,0.0,0.05960859501123594
MSFT,2014-04-14,2013-10-15,2014-04-14,125,0.29960020250623515,0.000112053523293558,0.20578040419039734,0.2851162940778326,0.014675534938904137,2.016,0.057899589945011876,0.0,0.05960859501123594
MSFT,2014-04-15,2013-10-16,2014-04-15,125,0.29960020250623515,0.00012017832047070069,0.15310250806176587,0.2699056759574085,0.013279304116955545,2.016,0.057899589945011876,0.0,0.05960859501123594
MSFT,2014-04-16,2013-10-17,2014-04-16,125,0.29960020250623515,0.0001226060835863737,0.12342030840534128,0.28510579614772424,0.014006288336512055,2.016,0.057899589945011876,0.0,0.05960859501123594
MSFT,2014-04-17,2013-10-18,2014-04-17,125,0.29960020250623515,0.00013018762038080657,0.08088527967977897,0.28499644184766826,0.0143165463920169,2.016,0.057899589945011876,0.0,0.05960859501123594
MSFT,2014-04-18,2013-10-21,2014-04-18,125,0.29960020250623515,0.00013018762038080657,0.06354465640941621,0.29641709655773074,0.014069769797514049,2.016,0.057899589945011876,0.0,0.05960859501123594
MSFT,2014-04-21,2013-10-22,2014-04-21,125,0.29960020250623515,0.00012889223191421738,0.09793348983266988,0.26826473445229904,0.013467095486810788,2.016,0.057899589945011876,0.0,0.05960859501123594
MSFT,2014-04-22,2013-10-23,2014-04-22,125,0.29960020250623515,0.00012260608358637348,0.11915815766852647,0.263796680267534,0.01300780462674711,2.016,0.057899589945011876,0.0,0.05960859501123594
MSFT,2014-04-23,2013-10-24,2014-04-23,125,0.29960020250623515,0.00012889223191421716,4.117373401575159e-06,0.32087117974337964,0.013776450572441977,2.016,0.057899589945011876,0.0,0.05960859501123594
MSFT,2014-04-24,2013-10-25,2014-04-24,125,0.24347812519318646,0.00012051815318796835,0.3508740221981491,0.003224499351535289,0.012092836522904013,4.032,0.04828214975532252,0.013601114351570754,0.04956379541075728
MSFT,2014-04-25,2013-10-28,2014-04-25,125,0.09649291617980588,9.336945259053453e-05,0.45430511771244475,0.08815159242397738,0.01057294097928441,2.016,0.03866470956563317,0.0,0.03942191699185149
MSFT,2014-04-28,2013-10-29,2014-04-28,125,0.09649291617980588,0.00010847982724447805,0.3910025155072291,0.06202754096538279,0.010789411093900357,2.016,0.03866470956563317,0.0,0.03942191699185149
MSFT,2014-04-29,2013-10-30,2014-04-29,125,0.09649291617980588,0.00011290697297858163,0.34683311703330755,0.06417393638706015,0.017617609916451008,2.016,0.03866470956563317,0.0,0.03942191699185149
MSFT,2014-04-30,2013-10-31,2014-04-30,125,0.09649291617980588,0.00011751479395755652,0.33115783719853,0.0481363930153194,0.012664505606464618,2.016,0.03866470956563317,0.0,0.03942191699185149
MSFT,2014-05-01,2013-11-04,2014-05-01,124,0.09649291617980588,0.00011869583727169151,0.3180117432920317,0.05433495143481731,0.0114263341054451,2.032258064516129,0.03866470956563317,0.0,0.03942191699185149
MSFT,2014-05-02,2013-11-04,2014-05-02,125,0.09649291617980588,0.00011751479395755652,0.3180117432920317,0.05688830063582965,0.012603689941866683,2.016,0.03866470956563317,0.0,0.03942191699185149
MSFT,2014-05-05,2013-11-06,2014-05-05,124,0.09649291617980588,0.00011518784513111344,0.18958769436965706,0.09946231465000056,0.01194157604680076,4.064516129032258,0.03991812865412947,0.001772602274288789,0.04072720014462572
MSFT,2014-05-06,2013-11-07,2014-05-06,124,0.04037083886675719,0.00011551356609520992,0.19199278364184355,0.1199222597552773,0.011903769281297657,2.032258064516129,0.03866470956563317,0.0,0.03942191699185149
MSFT,2014-05-07,2013-11-08,2014-05-07,124,0.04037083886675719,0.00010987990299877165,0.2163353061499325,0.1203271061467608,0.012091905109733073,2.032258064516129,0.03866470956563317,0.0,0.03942191699185149
MSFT,2014-05-08,2013-11-11,2014-05-08,124,0.04037083886675719,0.00010987990299877165,0.2146452357704135,0.12058645297256612,0.012038960179956456,2.032258064516129,0.03866470956563317,0.0,0.03942191699185149
MSFT,2014-05-09,2013-11-11,2014-05-09,125,0.04037083886675719,0.00010663246109190133,0.22146315071732361,0.1289326403989296,0.011470441401775831,2.016,0.03866470956563317,0.0,0.03942191699185149
MSFT,2014-05-12,2013-11-13,2014-05-12,124,0.04037083886675719,0.00010452099689371594,0.23197766519596927,0.12403921794817153,0.011053044185071255,2.032258064516129,0.03866470956563317,0.0,0.03942191699185149
MSFT,2014-05-13,2013-11-14,2014-05-13,124,0.04037083886675719,0.0001034809955979208,0.2597580161912239,0.12464981604307472,0.012170103654123467,2.032258064516129,0.03866470956563317,0.0,0.03942191699185149
MSFT,2014-05-14,2013-11-15,2014-05-14,124,0.04037083886675719,0.0001024513424879199,0.2355589295768357,0.1444141179264729,0.014161537097567404,2.032258064516129,0.03866470956563317,0.0,0.03942191699185149
MSFT,2014-05-15,2013-11-18,2014-05-15,124,0.04037083886675719,0.0001024513424879199,0.23917824129332593,0.1425680384668591,0.011674249510926485,2.032258064516129,0.03866470956563317,0.0,0.03942191699185149
MSFT,2014-05-16,2013-11-18,2014-05-16,125,0.04037083886675719,0.0001014319345975442,0.22843455627956882,0.1505475172131058,0.013484043700174832,2.016,0.03866470956563317,0.0,0.03942191699185149
MSFT,2014-05-19,2013-11-20,2014-05-19,124,0.04037083886675719,0.00010042266998515515,0.2465304854880309,0.14466426002344657,0.011616422088452764,2.032258064516129,0.03866470956563317,0.0,0.03942191699185149
MSFT,2014-05-20,2013-11-21,2014-05-20,124,0.04037083886675719,9.942344772345044e-05,0.25975801619122396,0.1398418146061047,0.010924491864005232,2.032258064516129,0.03866470956563317,0.0,0.03942191699185149
MSFT,2014-05-21,2013-11-22,2014-05-21,124,0.04037083886675719,0.0001014319345975442,0.24283547452813692,0.15012975230409625,0.010991687561605163,2.032258064516129,0.03866470956563317,0.0,0.03942191699185149
MSFT,2014-05-22,2013-11-25,2014-05-22,124,0.04037083886675719,0.0001024513424879199,0.21974426766781563,0.161003348416786,0.013519401333047501,2.032258064516129,0.03866470956563317,0.0,0.03942191699185149
MSFT,2014-05-23,2013-11-25,2014-05-23,125,0.04037083886675719,0.0001014319345975442,0.22492969356692114,0.15740942288688764,0.011802375770802993,2.016,0.03866470956563317,0.0,0.03942191699185149
MSFT,2014-05-27,2013-11-29,2014-05-27,123,0.04037083886675719,0.0001024513424879199,0.23197766519596927,0.14508913875854892,0.011071606837623418,2.048780487804878,0.03866470956563317,0.0,0.03942191699185149
MSFT,2014-05-28,2013-11-29,2014-05-28,124,0.04037083886675719,0.0001014319345975442,0.24100212628342044,0.13992772015249536,0.010904840979596866,2.032258064516129,0.03866470956563317,0.0,0.03942191699185149
MSFT,2014-05-29,2013-12-02,2014-05-29,124,0.04037083886675719,0.0001014319345975442,0.2502631121285667,0.13597965056799832,0.01108773610730368,2.032258064516129,0.03866470956563317,0.0,0.03942191699185149
MSFT,2014-05-30,2013-12-02,2014-05-30,125,0.04037083886675719,0.0001014319345975442,0.25026311212856667,0.13822001051982952,0.01160600863322384,2.016,0.03866470956563317,0.0,0.03942191699185149
MSFT,2014-06-02,2013-12-03,2014-06-02,125,0.04037083886675719,0.0001014319345975442,0.23555892957683564,0.14676903381522463,0.013094822742053472,2.016,0.03866470956563317,0.0,0.03942191699185149
MSFT,2014-06-03,2013-12-04,2014-06-03,125,0.04037083886675719,0.00010042266998515515,0.24100212628342038,0.1445499442325768,0.011344636155022464,2.016,0.03866470956563317,0.0,0.03942191699185149
MSFT,2014-06-04,2013-12-05,2014-06-04,125,0.04037083886675719,9.552499857680419e-05,0.20470665788352146,0.18308801426267088,0.012287749498506027,2.016,0.03866470956563317,0.0,0.03942191699185149
MSFT,2014-06-05,2013-12-06,2014-06-05,125,0.04037083886675719,9.942344772345044e-05,0.19986706720374947,0.18420192772387467,0.011316778036944993,2.016,0.03866470956563317,0.0,0.03942191699185149
MSFT,2014-06-06,2013-12-09,2014-06-06,125,0.04037083886675719,9.843416788937123e-05,0.18136939786001063,0.20031559036652996,0.014474894235041088,2.016,0.03866470956563317,0.0,0.03942191699185149
MSFT,2014-06-09,2013-12-10,2014-06-09,125,0.04037083886675719,9.74547315541097e-05,0.18435715949766673,0.19509655703935536,0.01206998185100321,2.016,0.03866470956563317,0.0,0.03942191699185149
MSFT,2014-06-10,2013-12-11,2014-06-10,125,0.04037083886675719,9.648504077321612e-05,0.19044660931814575,0.19070869950465008,0.011367146051084912,2.016,0.03866470956563317,0.0,0.03942191699185149
MSFT,2014-06-11,2013-12-12,2014-06-11,125,0.04037083886675719,9.552499857680435e-05,0.19827305908316586,0.18886476582182324,0.011088750554070156,2.016,0.03866470956563317,0.0,0.03942191699185149
MSFT,2014-06-12,2013-12-13,2014-06-12,125,0.04037083886675719,9.457450895985468e-05,0.2014706659182245,0.18811126222848182,0.011196965060832008,2.016,0.03866470956563317,0.0,0.03942191699185149
MSFT,2014-06-13,2013-12-16,2014-06-13,125,0.04037083886675719,9.552499857680435e-05,0.2063390602641475,0.18696416859321408,0.01137571971590859,2.016,0.03866470956563317,0.0,0.03942191699185149
MSFT,2014-06-16,2013-12-17,2014-06-16,125,0.04037083886675719,9.552499857680435e-05,0.19511378657229003,0.19252244429620727,0.012990866652553676,2.016,0.03866470956563317,0.0,0.03942191699185149
MSFT,2014-06-17,2013-12-18,2014-06-17,125,0.04037083886675719,9.552499857680435e-05,0.1982730590831659,0.19031136443885072,0.011651997486389646,2.016,0.03866470956563317,0.0,0.03942191699185149
MSFT,2014-06-18,2013-12-19,2014-06-18,125,0.04037083886675719,9.457450895985468e-05,0.20308386113885857,0.18773029721077703,0.011106478536577251,2.016,0.03866470956563317,0.0,0.03942191699185149
MSFT,2014-06-19,2013-12-20,2014-06-19,125,0.4779409721925553,9.021267591358646e-05,0.20238437527483377,0.19240124053601657,0.010667181849625394,2.016,0.03866470956563317,0.0,0.03942191699185149
MSFT,2014-06-20,2013-12-23,2014-06-20,125,0.33095576317917474,8.284188488772779e-05,0.20599094004039745,0.2826352268972877,0.010991893309125388,2.016,0.03866470956563317,0.0,0.03942191699185149
MSFT,2014-06-23,2013-12-24,2014-06-23,125,0.27483368586612605,8.062086898234105e-05,0.21862433529055744,0.27097143047806443,0.010674132006168577,2.016,0.03866470956563317,0.0,0.03942191699185149
MSFT,2014-06-24,2013-12-26,2014-06-24,125,0.27483368586612605,7.745967949351632e-05,0.23618132266881464,0.2631549531196616,0.010746720935982243,2.016,0.03866470956563317,0.0,0.03942191699185149
MSFT,2014-06-25,2013-12-26,2014-06-25,126,0.27483368586612605,7.668894280481968e-05,0.2398071934723799,0.2619054039208673,0.01085445942679731,2.0,0.03866470956563317,0.0,0.03942191699185149
MSFT,2014-06-26,2013-12-27,2014-06-26,126,0.2187116085530774,8.004438418406056e-05,0.2300306403347812,0.26523091886249955,0.010960820656467024,2.0,0.03866470956563317,0.0,0.03942191699185149
MSFT,2014-06-27,2013-12-30,2014-06-27,126,0.2187116085530774,7.924792925398372e-05,0.23538547833663648,0.25482150411585386,0.011194992550302641,2.0,0.03866470956563317,0.0,0.03942191699185149
MSFT,2014-06-30,2013-12-31,2014-06-30,126,0.2187116085530774,8.08488436192597e-05,0.224761764813177,0.258361713935504,0.01203211515280775,2.0,0.03866470956563317,0.0,0.03942191699185149
MSFT,2014-07-01,2014-01-02,2014-07-01,126,0.2187116085530774,8.08488436192597e-05,0.207822399052421,0.26753881862160145,0.01264285154435454,2.0,0.03866470956563317,0.0,0.03942191699185149
MSFT,2014-07-02,2014-01-03,2014-07-02,126,0.2187116085530774,8.004438418406056e-05,0.21448285770995865,0.2617866737226085,0.011132418055245766,2.0,0.03866470956563317,0.0,0.03942191699185149
MSFT,2014-07-03,2014-01-06,2014-07-03,126,0.2187116085530774,7.690579898749658e-05,0.23538547833663653,0.249749026647654,0.01032282088019225,2.0,0.03866470956563317,0.0,0.03942191699185149
MSFT,2014-07-07,2014-01-08,2014-07-07,125,0.2187116085530774,8.004438418406043e-05,0.27126542735394576,0.1926451567898272,0.010127334508585863,2.016,0.03866470956563317,0.0,0.03942191699185149
MSFT,2014-07-08,2014-01-09,2014-07-08,125,0.2187116085530774,8.084884361925956e-05,0.2977022742104737,0.1684524022337751,0.010091103288976304,2.016,0.03866470956563317,0.0,0.03942191699185149
MSFT,2014-07-09,2014-01-10,2014-07-09,125,0.2187116085530774,7.845939918287229e-05,0.29561663542757505,0.17677787752713106,0.010312530531203843,2.016,0.03866470956563317,0.0,0.03942191699185149
MSFT,2014-07-10,2014-01-13,2014-07-10,125,0.2187116085530774,7.463288913139534e-05,0.25196184287628326,0.2021422524201296,0.009927867475227038,2.016,0.03866470956563317,0.0,0.03942191699185149
MSFT,2014-07-11,2014-01-13,2014-07-11,126,0.2187116085530774,7.389027947675807e-05,0.2538506425593403,0.20458795329786508,0.009694027204946856,2.0,0.03866470956563317,0.0,0.03942191699185149
MSFT,2014-07-14,2014-01-15,2014-07-14,125,0.2187116085530774,7.31550589116439e-05,0.1949625113100997,0.2354422668303265,0.010517306887993705,2.016,0.03866470956563317,0.0,0.03942191699185149
MSFT,2014-07-15,2014-01-16,2014-07-15,125,0.2187116085530774,7.31550589116439e-05,0.2195791120869963,0.2202526250553878,0.009876047307059386,2.016,0.03866470956563317,0.0,0.03942191699185149
MSFT,2014-07-16,2014-01-17,2014-07-16,125,0.2187116085530774,9.679363936929714e-05,0.18571949881215014,0.12754677359022254,0.010905457786248072,4.032,0.0381719376013574,0.0006968847950360289,0.03891009746227181
MSFT,2014-07-17,2014-01-21,2014-07-17,125,0.2187116085530774,9.776643161764326e-05,0.15472373395555317,0.14276459800383412,0.018018504537566774,4.032,0.0381719376013574,0.0006968847950360289,0.03891009746227181
MSFT,2014-07-18,2014-01-21,2014-07-18,126,0.2187116085530774,0.0001027790237554513,0.14956522079930315,0.10106521781705728,0.01215683055417709,4.0,0.0381719376013574,0.0006968847950360289,0.03891009746227181
MSFT,2014-07-21,2014-01-22,2014-07-21,126,0.6562817418788756,0.00010001930857327521,0.14775212421731151,0.09278316626090785,0.010617942661060092,4.0,0.0381719376013574,0.0006968847950360289,0.03891009746227181
MSFT,2014-07-22,2014-01-23,2014-07-22,126,0.5092965328654949,0.00010564950875542295,0.15974091489876038,0.07057578791818872,0.010682048319114965,4.0,0.0381719376013574,0.0006968847950360289,0.03891009746227181
MSFT,2014-07-23,2014-01-24,2014-07-23,126,0.4184334011651631,9.674389109651303e-05,0.19724648575966341,0.06951099803011045,0.010233472312620501,4.0,0.0381719376013574,0.0006968847950360289,0.03891009746227181
MSFT,2014-07-24,2014-01-27,2014-07-24,126,0.4184334011651631,9.771618336640553e-05,0.14886604222184002,0.09741901292359441,0.010411997553720497,4.0,0.0381719376013574,0.0006968847950360289,0.03891009746227181
MSFT,2014-07-25,2014-01-27,2014-07-25,127,0.4184334011651631,9.674389109651303e-05,0.1414240310973342,0.10452862772562099,0.011360782489084557,3.968503937007874,0.0381719376013574,0.0006968847950360289,0.03891009746227181
MSFT,2014-07-28,2014-01-29,2014-07-28,126,0.4184334011651631,9.771618336640553e-05,0.15928773396238077,0.09794336866000729,0.010521456815429719,4.0,0.0381719376013574,0.0006968847950360289,0.03891009746227181
MSFT,2014-07-29,2014-01-30,2014-07-29,126,0.3275702694648312,9.406699896001427e-05,0.14468662039508245,0.1241979121556985,0.011543632656330034,4.0,0.0381719376013574,0.0006968847950360289,0.03891009746227181
MSFT,2014-07-30,2014-01-31,2014-07-30,126,0.3275702694648312,8.947929728524358e-05,0.18893247740546226,0.10527947796491592,0.0102659729656772,4.0,0.0381719376013574,0.0006968847950360289,0.03891009746227181
MSFT,2014-07-31,2014-02-03,2014-07-31,126,0.3275702694648312,8.342994379828818e-05,7.090636020874784e-06,0.26450035506833663,0.010650522370107902,6.0,0.01324697044553321,0.04317412173241651,0.0142799712613364
MSFT,2014-08-01,2014-02-03,2014-08-01,127,0.3275702694648312,8.342994379828818e-05,3.043552951523862e-09,0.26258560716796003,0.01063665740693965,5.952755905511811,0.01324697044553321,0.04317412173241651,0.0142799712613364
MSFT,2014-08-04,2014-02-05,2014-08-04,126,0.3275702694648312,8.342994379828818e-05,3.043552951523862e-09,0.25875710008606895,0.010609152762305426,4.0,0.0381719376013574,0.0006968847950360289,0.03891009746227181
MSFT,2014-08-05,2014-02-06,2014-08-05,126,0.3275702694648312,8.342994379828818e-05,3.043552951523862e-09,0.2587827188133093,0.010609336107735257,4.0,0.0381719376013574,0.0006968847950360289,0.03891009746227181
MSFT,2014-08-06,2014-02-07,2014-08-06,126,0.3275702694648312,8.342994379828818e-05,3.043552951523862e-09,0.2588083400769792,0.010609519470644119,4.0,0.0381719376013574,0.0006968847950360289,0.03891009746227181
MSFT,2014-08-07,2014-02-10,2014-08-07,126,0.3275702694648312,8.342994379828818e-05,3.043552951523862e-09,0.26268920794507283,0.010637404663450319,4.0,0.0381719376013574,0.0006968847950360289,0.03891009746227181
MSFT,2014-08-08,2014-02-10,2014-08-08,127,0.3275702694648312,8.259980198719767e-05,3.043552951523862e-09,0.2646567654150968,0.01059850119997323,3.968503937007874,0.0381719376013574,0.0006968847950360289,0.03891009746227181
MSFT,2014-08-11,2014-02-12,2014-08-11,126,0.3275702694648312,8.259980198719767e-05,3.043552951523862e-09,0.2646829682496594,0.010598690022410245,4.0,0.0381719376013574,0.0006968847950360289,0.03891009746227181
MSFT,2014-08-12,2014-02-13,2014-08-12,126,0.3275702694648312,8.259980198719767e-05,3.043552951523862e-09,0.26666012940285655,0.010612967990900184,4.0,0.0381719376013574,0.0006968847950360289,0.03891009746227181
MSFT,2014-08-13,2014-02-14,2014-08-13,126,0.3275702694648312,8.342994379828818e-05,3.043552951523862e-09,0.2666865305841913,0.010666357721370092,4.0,0.0381719376013574,0.0006968847950360289,0.03891009746227181
MSFT,2014-08-14,2014-02-18,2014-08-14,126,0.3275702694648312,8.342994379828818e-05,3.043552951523862e-09,0.266712934379424,0.010666549768410043,4.0,0.0381719376013574,0.0006968847950360289,0.03891009746227181
MSFT,2014-08-15,2014-02-18,2014-08-15,127,0.3275702694648312,8.342994379828818e-05,3.043552951523862e-09,0.2667393407888135,0.010666741816587236,3.968503937007874,0.0381719376013574,0.0006968847950360289,0.03891009746227181
MSFT,2014-08-18,2014-02-19,2014-08-18,127,0.3275702694648312,8.342994379828818e-05,3.043552951523862e-09,0.2667657498126187,0.01066693391823417,3.968503937007874,0.0381719376013574,0.0006968847950360289,0.03891009746227181
MSFT,2014-08-19,2014-02-20,2014-08-19,127,0.3275702694648312,8.42684286732837e-05,3.043552951523862e-09,0.2628981727498905,0.010692240146514483,3.968503937007874,0.0381719376013574,0.0006968847950360289,0.03891009746227181
MSFT,2014-08-20,2014-02-21,2014-08-20,127,0.3275702694648312,8.51153404613705e-05,3.043552951523862e-09,0.25906672041301343,0.01071801523510065,3.968503937007874,0.0381719376013574,0.0006968847950360289,0.03891009746227181
MSFT,2014-08-21,2014-02-24,2014-08-21,127,0.3275702694648312,8.51153404613705e-05,3.043552951523862e-09,0.25717736467785063,0.010704376020878884,3.968503937007874,0.0381719376013574,0.0006968847950360289,0.03891009746227181
MSFT,2014-08-22,2014-02-24,2014-08-22,128,0.3275702694648312,8.42684286732837e-05,3.043552951523862e-09,0.25911795557846806,0.010664927646470817,3.9375,0.0381719376013574,0.0006968847950360289,0.03891009746227181
MSFT,2014-08-25,2014-02-26,2014-08-25,127,0.3275702694648312,8.42684286732837e-05,3.043552951523862e-09,0.2610681105934928,0.010678991561796601,3.968503937007874,0.0381719376013574,0.0006968847950360289,0.03891009746227181
MSFT,2014-08-26,2014-02-27,2014-08-26,127,0.3275702694648312,8.42684286732837e-05,3.043552951523862e-09,0.2572539573976015,0.010651536862336093,3.968503937007874,0.0381719376013574,0.0006968847950360289,0.03891009746227181
MSFT,2014-08-27,2014-02-28,2014-08-27,127,0.3275702694648312,8.342994379828818e-05,3.043552951523862e-09,0.2591949272203169,0.01061228737352403,3.968503937007874,0.0381719376013574,0.0006968847950360289,0.03891009746227181
MSFT,2014-08-28,2014-03-03,2014-08-28,127,0.3275702694648312,8.259980198719767e-05,3.043552951523862e-09,0.2553986175562239,0.010532405814395913,3.968503937007874,0.0381719376013574,0.0006968847950360289,0.03891009746227181
MSFT,2014-08-29,2014-03-03,2014-08-29,128,0.3275702694648312,8.259980198719767e-05,3.043552951523862e-09,0.2554239037706642,0.010532584653409987,3.9375,0.0381719376013574,0.0006968847950360289,0.03891009746227181
MSFT,2014-09-02,2014-03-03,2014-09-02,129,0.3275702694648312,8.259980198719767e-05,3.043552951523862e-09,0.2535518997682409,0.010519369137263708,3.906976744186047,0.0381719376013574,0.0006968847950360289,0.03891009746227181
MSFT,2014-09-03,2014-03-04,2014-09-03,129,0.3275702694648312,8.177792022513927e-05,3.043552951523862e-09,0.2516889151360109,0.010453866316718234,3.906976744186047,0.0381719376013574,0.0006968847950360289,0.03891009746227181
MSFT,2014-09-04,2014-03-05,2014-09-04,129,0.3275702694648312,8.177792022513927e-05,3.043552951523862e-09,0.2498349755002283,0.010440940600737973,3.906976744186047,0.0381719376013574,0.0006968847950360289,0.03891009746227181
MSFT,2014-09-05,2014-03-06,2014-09-05,129,0.3275702694648312,8.259980198719767e-05,3.043552951523862e-09,0.2498597108759544,0.010493449035506763,3.906976744186047,0.0381719376013574,0.0006968847950360289,0.03891009746227181
MSFT,2014-09-08,2014-03-10,2014-09-08,128,0.3275702694648312,8.342994379828818e-05,3.043552951523862e-09,0.25176355445613247,0.010559456062423435,3.9375,0.0381719376013574,0.0006968847950360289,0.03891009746227181
MSFT,2014-09-09,2014-03-10,2014-09-09,129,0.3275702694648312,8.259980198719767e-05,3.043552951523862e-09,0.2555749711128245,0.010533653318565867,3.906976744186047,0.0381719376013574,0.0006968847950360289,0.03891009746227181
MSFT,2014-09-10,2014-03-11,2014-09-10,129,0.3275702694648312,8.259980198719767e-05,3.043552951523862e-09,0.25370224229785376,0.010520428645376717,3.906976744186047,0.0381719376013574,0.0006968847950360289,0.03891009746227181
MSFT,2014-09-11,2014-03-12,2014-09-11,129,0.3275702694648312,8.259980198719767e-05,3.043552951523862e-09,0.2499590523242851,0.010494143927444705,3.906976744186047,0.0381719376013574,0.0006968847950360289,0.03891009746227181
MSFT,2014-09-12,2014-03-13,2014-09-12,129,0.3275702694648312,8.259980198719767e-05,3.043552951523862e-09,0.24811357306477644,0.010481257257114025,3.906976744186047,0.0381719376013574,0.0006968847950360289,0.03891009746227181
MSFT,2014-09-15,2014-03-17,2014-09-15,128,0.3275702694648312,8.177792022513927e-05,3.043552951523862e-09,0.244425651600595,0.010403498967958258,3.9375,0.0381719376013574,0.0006968847950360289,0.03891009746227181
MSFT,2014-09-16,2014-03-17,2014-09-16,129,0.3275702694648312,8.177792022513927e-05,3.043552951523862e-09,0.2444498514161626,0.010403665587084974,3.906976744186047,0.0381719376013574,0.0006968847950360289,0.03891009746227181
MSFT,2014-09-17,2014-03-18,2014-09-17,129,0.3275702694648312,7.624922742268148e-05,3.043552951523862e-09,0.23716151305809835,0.009997730522429837,3.906976744186047,0.0381719376013574,0.0006968847950360289,0.03891009746227181
MSFT,2014-09-18,2014-03-19,2014-09-18,129,0.3275702694648312,7.549053493332832e-05,3.043552951523862e-09,0.23538046910865718,0.00993627398516897,1.9534883720930234,0.037679165637081624,0.0,0.038398025660174806
MSFT,2014-09-19,2014-03-20,2014-09-19,129,0.3275702694648312,7.473939156037748e-05,3.043552951523862e-09,0.22828056279256612,0.009841132059292825,1.9534883720930234,0.037679165637081624,0.0,0.038398025660174806
MSFT,2014-09-22,2014-03-24,2014-09-22,128,0.3275702694648312,7.549053493332832e-05,3.043552951523862e-09,0.2283031641336327,0.009890605812694101,1.96875,0.037679165637081624,0.0,0.038398025660174806
MSFT,2014-09-23,2014-03-24,2014-09-23,129,0.3275702694648312,7.549053493332832e-05,3.043552951523862e-09,0.23186876158434472,0.009913534880341721,1.9534883720930234,0.037679165637081624,0.0,0.038398025660174806
MSFT,2014-09-24,2014-03-25,2014-09-24,129,0.3275702694648312,7.549053493332832e-05,3.043552951523862e-09,0.23367767053362518,0.009925228466275972,1.9534883720930234,0.037679165637081624,0.0,0.038398025660174806
MSFT,2014-09-25,2014-03-26,2014-09-25,129,0.3275702694648312,7.857136210815506e-05,3.043552951523862e-09,0.22312783118584675,0.010056743195435385,1.9534883720930234,0.037679165637081624,0.0,0.038398025660174806
MSFT,2014-09-26,2014-03-27,2014-09-26,129,0.3275702694648312,7.778956399262461e-05,3.043552951523862e-09,0.21970204847580374,0.009984594670228688,1.9534883720930234,0.037679165637081624,0.0,0.038398025660174806
MSFT,2014-09-29,2014-03-31,2014-09-29,128,0.3275702694648312,7.473939156037748e-05,3.043552951523862e-09,0.21631412308253542,0.009765708799835226,3.9375,0.004743787252811993,0.04657765879292379,0.005845545311124356
MSFT,2014-09-30,2014-03-31,2014-09-30,129,0.3275702694648312,7.399572218886572e-05,3.043552951523862e-09,0.21974545999012013,0.009738344965919344,3.906976744186047,0.004743787252811993,0.04657765879292379,0.005845545311124356
MSFT,2014-10-01,2014-04-02,2014-10-01,128,0.2714481921517825,7.723332462591129e-05,2.853674591151374e-09,0.22144466361839343,0.009959960642004518,1.96875,0.037679165637081624,0.0,0.038398025660174806
MSFT,2014-10-02,2014-04-03,2014-10-02,128,0.2714481921517825,7.273560594348217e-05,3.043552951523862e-09,0.22493417109779584,0.009687333170428103,3.9375,0.004743787252811993,0.04657765879292379,0.005845545311124356
MSFT,2014-10-03,2014-04-04,2014-10-03,128,0.2714481921517825,6.849981400633117e-05,3.043552951523862e-09,0.22846263113388457,0.009422501465182795,5.90625,-0.00610780505760052,0.03792110647553981,-0.005374306363200243
MSFT,2014-10-06,2014-04-07,2014-10-06,128,0.2714481921517825,6.849981400633117e-05,3.043552951523862e-09,0.2267272415162775,0.00941192247151282,3.9375,0.004934087979328039,0.04630853292455534,0.006024402247022831
MSFT,2014-10-07,2014-04-08,2014-10-07,128,0.2714481921517825,6.918824858232922e-05,3.043552951523862e-09,0.22674968906788645,0.009459237221829366,3.9375,0.004934087979328039,0.04630853292455534,0.006024402247022831
MSFT,2014-10-08,2014-04-09,2014-10-08,128,0.2714481921517825,7.201187457198955e-05,3.043552951523862e-09,0.21983502088709883,0.009607465504395932,1.96875,0.037679165637081624,0.0,0.038398025660174806
MSFT,2014-10-09,2014-04-10,2014-10-09,128,0.2714481921517825,8.450671765072816e-05,0.05115941598870926,0.009858123853678312,0.010956223905967283,1.96875,0.037679165637081624,0.0,0.038398025660174806
MSFT,2014-10-10,2014-04-11,2014-10-10,128,0.2714481921517825,7.646484020577833e-05,0.30350203569523915,3.0645552073715446e-07,0.01457143486677865,1.96875,0.037679165637081624,0.0,0.038398025660174806
MSFT,2014-10-13,2014-04-14,2014-10-13,128,0.2714481921517825,7.800953244286678e-05,0.27276961398123745,0.0002442408785502862,0.023445210853102295,1.96875,0.037679165637081624,0.0,0.038398025660174806
MSFT,2014-10-14,2014-04-15,2014-10-14,128,0.2714481921517825,7.646484020577833e-05,0.2747570267379836,7.415023537374011e-09,0.010127031841811743,1.96875,0.037679165637081624,0.0,0.038398025660174806
MSFT,2014-10-15,2014-04-16,2014-10-15,128,0.2714481921517825,7.800953244286678e-05,0.2552921387522142,3.1253531567854353e-09,0.008840502654015278,1.96875,0.037679165637081624,0.0,0.038398025660174806
MSFT,2014-10-16,2014-04-17,2014-10-16,128,0.21532611483873385,8.061258484032886e-05,0.24880609784774063,3.1314192112726413e-09,0.01095537056692377,3.9375,-0.0014124705746498822,0.0552839221059859,0.00011569213887985264
MSFT,2014-10-17,2014-04-18,2014-10-17,128,0.21532611483873385,7.823012290609737e-05,0.29419925833466254,2.85972745844273e-09,0.010988771136411257,1.96875,0.037679165637081624,0.0,0.038398025660174806
MSFT,2014-10-20,2014-04-21,2014-10-20,128,0.21532611483873385,7.98104762192583e-05,0.2758702860306403,3.122716668361941e-09,0.013692096245788168,1.96875,0.037679165637081624,0.0,0.038398025660174806
MSFT,2014-10-21,2014-04-22,2014-10-21,128,0.21532611483873385,8.224106707712414e-05,0.2758702860306403,3.043664405750581e-09,0.010327126355216423,1.96875,0.037679165637081624,0.0,0.038398025660174806
MSFT,2014-10-22,2014-04-23,2014-10-22,128,0.21532611483873385,8.224106707712414e-05,0.2738778658306053,3.0520389644818644e-09,0.012752467799919927,1.96875,0.037679165637081624,0.0,0.038398025660174806
MSFT,2014-10-23,2014-04-24,2014-10-23,128,0.21532611483873385,8.224106707712414e-05,0.2839289576946288,3.001532360837949e-09,0.011114013075455032,1.96875,0.037679165637081624,0.0,0.038398025660174806
MSFT,2014-10-24,2014-04-25,2014-10-24,128,0.21532611483873385,8.390244683731248e-05,0.3132185417321684,2.919173165244737e-09,0.011860757446881962,1.96875,0.037679165637081624,0.0,0.038398025660174806
MSFT,2014-10-27,2014-04-28,2014-10-27,128,0.21532611483873385,7.668106268518122e-05,0.3440757282894846,2.9069335559218798e-09,0.016332035415818555,1.96875,0.037679165637081624,0.0,0.038398025660174806
MSFT,2014-10-28,2014-04-29,2014-10-28,128,0.21532611483873385,7.591807336317322e-05,0.36465116316387386,2.9482306455034326e-09,0.009354019067162773,1.96875,0.037679165637081624,0.0,0.038398025660174806
MSFT,2014-10-29,2014-04-30,2014-10-29,128,0.21532611483873385,7.591807336317322e-05,0.3623388278239638,3.0548001250293602e-09,0.01120350465166785,1.96875,0.037679165637081624,0.0,0.038398025660174806
MSFT,2014-10-30,2014-05-01,2014-10-30,128,0.21532611483873385,7.745172017735883e-05,0.350874022198149,5.211670804124887e-09,0.008875206682336951,1.96875,0.037679165637081624,0.0,0.038398025660174806
MSFT,2014-10-31,2014-05-01,2014-10-31,129,0.21532611483873385,7.745172017735883e-05,0.36929449565822403,2.9573398720821613e-09,0.01189010619222444,1.9534883720930234,0.037679165637081624,0.0,0.038398025660174806
MSFT,2014-11-03,2014-05-05,2014-11-03,128,0.21532611483873385,7.82301229060975e-05,0.3623388278239638,3.0772935103838837e-09,0.014221702828708565,1.96875,0.037679165637081624,0.0,0.038398025660174806
MSFT,2014-11-04,2014-05-05,2014-11-04,129,0.21532611483873385,7.745172017735883e-05,0.3577332684501935,3.0657043938640917e-09,0.01048460928811272,1.9534883720930234,0.037679165637081624,0.0,0.038398025660174806
MSFT,2014-11-05,2014-05-06,2014-11-05,129,0.21532611483873385,7.668106268518122e-05,0.3623388278239638,3.0218915601693596e-09,0.008829752925025143,1.9534883720930234,0.037679165637081624,0.0,0.038398025660174806
MSFT,2014-11-06,2014-05-07,2014-11-06,129,0.652896248164532,7.612956921334078e-05,0.3430999606640274,3.3666712406960295e-09,0.008961084298129763,1.9534883720930234,0.037679165637081624,0.0,0.038398025660174806
MSFT,2014-11-07,2014-05-08,2014-11-07,129,0.5059110391511514,8.36967868583205e-05,0.26363809129897214,1.1476760158926317e-08,0.012089311711964305,1.9534883720930234,0.037679165637081624,0.0,0.038398025660174806
MSFT,2014-11-10,2014-05-12,2014-11-10,128,0.5059110391511514,8.203947943856408e-05,0.30212073038422776,2.8845942243162483e-09,0.009154598711932605,1.96875,0.037679165637081624,0.0,0.038398025660174806
MSFT,2014-11-11,2014-05-12,2014-11-11,129,0.5059110391511514,8.041498890445737e-05,0.31061684003599443,3.0066256897333852e-09,0.009058404186910686,1.9534883720930234,0.037679165637081624,0.0,0.038398025660174806
MSFT,2014-11-12,2014-05-13,2014-11-12,129,0.44978896183810274,8.14528507734039e-05,0.2949167377858789,3.175115102723411e-09,0.00910344830505087,1.9534883720930234,0.037679165637081624,0.0,0.038398025660174806
MSFT,2014-11-13,2014-05-14,2014-11-13,129,0.44978896183810274,7.983997626514364e-05,0.3204561734784578,2.933427861447083e-09,0.009168368640870408,1.9534883720930234,0.037679165637081624,0.0,0.038398025660174806
MSFT,2014-11-14,2014-05-15,2014-11-14,129,0.44978896183810274,7.748034836512746e-05,0.31181284049579217,3.082405446105082e-09,0.012184356563399532,1.9534883720930234,0.037679165637081624,0.0,0.038398025660174806
MSFT,2014-11-17,2014-05-19,2014-11-17,128,0.44978896183810274,7.748034836512746e-05,0.32702081376548653,2.976424838647574e-09,0.008907753908296087,1.96875,0.037679165637081624,0.0,0.038398025660174806
MSFT,2014-11-18,2014-05-19,2014-11-18,129,0.44978896183810274,7.748034836512746e-05,0.3292243112967007,3.033730221072946e-09,0.00912744388164295,1.9534883720930234,0.037679165637081624,0.0,0.038398025660174806
MSFT,2014-11-19,2014-05-20,2014-11-19,129,0.44978896183810274,7.825903881193653e-05,0.3292243112967007,3.0436975079968118e-09,0.01059505735126714,1.9534883720930234,0.037679165637081624,0.0,0.038398025660174806
MSFT,2014-11-20,2014-05-21,2014-11-20,129,0.44978896183810274,7.670940601772209e-05,0.3292243112967007,3.0436975079968118e-09,0.011324237287003729,1.9534883720930234,0.037679165637081624,0.0,0.038398025660174806
MSFT,2014-11-21,2014-05-22,2014-11-21,129,0.39366688452505405,8.006574274261272e-05,0.33045756432526513,3.0987193779184723e-09,0.010152046390997366,1.9534883720930234,0.037679165637081624,0.0,0.038398025660174806
MSFT,2014-11-24,2014-05-27,2014-11-24,128,0.39366688452505405,7.92690752913274e-05,0.337125293505999,3.0133872074540165e-09,0.01306007113470201,1.96875,0.037679165637081624,0.0,0.038398025660174806
MSFT,2014-11-25,2014-05-27,2014-11-25,129,0.39366688452505405,7.8480334813629e-05,0.33489535594030007,3.053942019122307e-09,0.010495141078315362,1.9534883720930234,0.037679165637081624,0.0,0.038398025660174806
MSFT,2014-11-26,2014-05-27,2014-11-26,130,0.39366688452505405,7.769944243481245e-05,0.339362491770645,3.0232584687950698e-09,0.009130606504125859,1.9384615384615382,0.037679165637081624,0.0,0.038398025660174806
MSFT,2014-11-28,2014-05-29,2014-11-28,129,0.39366688452505405,7.769944243481245e-05,0.339362491770645,3.043704402598777e-09,0.009166781240656813,1.9534883720930234,0.037679165637081624,0.0,0.038398025660174806
MSFT,2014-12-01,2014-06-02,2014-12-01,128,0.39366688452505405,7.92690752913274e-05,0.33489535594030007,3.0642855252349894e-09,0.008905082769558858,1.96875,0.037679165637081624,0.0,0.038398025660174806
MSFT,2014-12-02,2014-06-03,2014-12-02,128,0.39366688452505405,7.8480334813629e-05,0.32385718365520977,3.094215119672427e-09,0.012396633083770939,1.96875,0.037679165637081624,0.0,0.038398025660174806
MSFT,2014-12-03,2014-06-04,2014-12-03,128,0.39366688452505405,7.8480334813629e-05,0.33712529350599907,2.983966729778543e-09,0.009297159336854923,1.96875,0.037679165637081624,0.0,0.038398025660174806
MSFT,2014-12-04,2014-06-05,2014-12-04,128,0.39366688452505405,7.317457916437729e-05,0.3807802308814717,2.8432534311457265e-09,0.010347449461973445,1.96875,0.037679165637081624,0.0,0.038398025660174806
MSFT,2014-12-05,2014-06-06,2014-12-05,128,0.39366688452505405,7.24464799363571e-05,0.3974066581692865,2.962008649752062e-09,0.012316351124492891,1.96875,0.037679165637081624,0.0,0.038398025660174806
MSFT,2014-12-08,2014-06-09,2014-12-08,128,0.33754480721200536,7.561629696170692e-05,0.39396131140062207,3.1222288599714906e-09,0.010715579626759628,1.96875,0.037679165637081624,0.0,0.038398025660174806
MSFT,2014-12-09,2014-06-10,2014-12-09,128,0.33754480721200536,7.338149764996617e-05,0.40114154248238765,3.007683723076878e-09,0.0134252582521519,1.96875,0.037679165637081624,0.0,0.038398025660174806
MSFT,2014-12-10,2014-06-11,2014-12-10,128,0.33754480721200536,7.637625338045826e-05,0.384458716764538,3.128543552103481e-09,0.009027342136276567,1.96875,0.037679165637081624,0.0,0.038398025660174806
MSFT,2014-12-11,2014-06-12,2014-12-11,128,0.33754480721200536,7.714384748819462e-05,0.365721148765302,3.136391782719143e-09,0.013043005328828357,1.96875,0.037679165637081624,0.0,0.038398025660174806
MSFT,2014-12-12,2014-06-13,2014-12-12,128,0.33754480721200536,7.637625338045826e-05,0.36340591540919537,3.0548335220249756e-09,0.009133213551540632,1.96875,0.037679165637081624,0.0,0.038398025660174806
MSFT,2014-12-15,2014-06-16,2014-12-15,128,0.33754480721200536,7.561629696170706e-05,0.3773886044217666,2.9768666594721863e-09,0.009448177749328357,1.96875,0.037679165637081624,0.0,0.038398025660174806
MSFT,2014-12-16,2014-06-17,2014-12-16,128,0.2814227298989567,8.810203002730707e-05,0.3646974907220587,3.1677429547357428e-09,0.010318888555337283,3.9375,0.0023948509077678093,0.04989955642923636,0.0036464660129431614
MSFT,2014-12-17,2014-06-18,2014-12-17,128,0.2814227298989567,8.72254001814996e-05,0.3463801866416123,3.1314805980244303e-09,0.02208591023249504,3.9375,0.0023948509077678093,0.04989955642923636,0.0036464660129431614
MSFT,2014-12-18,2014-06-19,2014-12-18,128,0.2814227298989567,6.592353929914684e-05,0.3175781227186382,0.24416511976940736,0.014871434966841107,3.9375,0.0023948509077678093,0.04989955642923636,0.0036464660129431614
MSFT,2014-12-19,2014-06-20,2014-12-19,128,0.2814227298989567,6.208445124028399e-05,0.24328002330369555,0.3192631172566509,0.02156686222229202,3.9375,0.0023948509077678093,0.04989955642923636,0.0036464660129431614
MSFT,2014-12-22,2014-06-23,2014-12-22,128,0.2814227298989567,6.270841034857772e-05,0.23240844624355964,0.31824652033439443,0.01436560482139832,3.9375,0.0023948509077678093,0.04989955642923636,0.0036464660129431614
MSFT,2014-12-23,2014-06-24,2014-12-23,128,0.2814227298989567,6.658608188388296e-05,0.24512509619713774,0.27881998965541055,0.011349561162592826,3.9375,0.0023948509077678093,0.04989955642923636,0.0036464660129431614
MSFT,2014-12-24,2014-06-25,2014-12-24,128,0.2814227298989567,6.793120996506867e-05,0.24697958919945512,0.2676954217759029,0.010970615052334869,3.9375,0.0023948509077678093,0.04989955642923636,0.0036464660129431614
MSFT,2014-12-26,2014-06-27,2014-12-26,127,0.2814227298989567,6.793120996506867e-05,0.24884348120362124,0.26360042215345847,0.01065879327526258,3.968503937007874,0.0023948509077678093,0.04989955642923636,0.0036464660129431614
MSFT,2014-12-29,2014-06-30,2014-12-29,127,0.2814227298989567,6.793120996506867e-05,0.24697958919945512,0.26425415956561776,0.010415331003910545,3.968503937007874,0.0023948509077678093,0.04989955642923636,0.0036464660129431614
MSFT,2014-12-30,2014-07-01,2014-12-30,127,0.2814227298989567,6.861392997544729e-05,0.26409006243757793,0.251585012420298,0.01109293732936461,3.968503937007874,0.0023948509077678093,0.04989955642923636,0.0036464660129431614
MSFT,2014-12-31,2014-07-01,2014-12-31,128,0.2814227298989567,6.930351143600193e-05,0.267993864344951,0.24696662904535102,0.011307467208820508,3.9375,0.0023948509077678093,0.04989955642923636,0.0036464660129431614
SPY,2013-01-02,2012-07-03,2013-01-02,127,0.13359043387429814,1.0867820766744958e-05,0.0764856351544602,0.7577782531973861,0.0091031198001769,1.984251968503937,-0.023052393129001203,0.0,-0.022788716724814417
SPY,2013-01-03,2012-07-05,2013-01-03,127,0.13359043387429814,1.1198795183286522e-05,0.05309798526166554,0.7713187402842402,0.010123509181887869,1.984251968503937,-0.023052393129001203,0.0,-0.022788716724814417
SPY,2013-01-04,2012-07-05,2013-01-04,128,0.13359043387429814,1.1539849271434395e-05,0.03765020261809718,0.7780136136226635,0.009058941001056132,1.96875,-0.023052393129001203,0.0,-0.022788716724814417
SPY,2013-01-07,2012-07-09,2013-01-07,127,0.13359043387429814,1.1539849271434395e-05,0.02580540728613928,0.7875887535876661,0.008455175236194762,1.984251968503937,-0.023052393129001203,0.0,-0.022788716724814417
SPY,2013-01-08,2012-07-09,2013-01-08,128,0.13359043387429814,1.1539849271434395e-05,0.01596886349386031,0.7955403104266735,0.008085656750429158,3.9375,0.001108333514484361,0.03416842729600627,0.0016935065917951242
SPY,2013-01-09,2012-07-10,2013-01-09,128,0.13359043387429814,1.1539849271434395e-05,0.009004285354194943,0.8011700175664079,0.007893201196651937,3.9375,0.001108333514484361,0.03416842729600627,0.0016935065917951242
SPY,2013-01-10,2012-07-11,2013-01-10,128,0.13359043387429814,1.1655826684738423e-05,0.009941850065037368,0.79732592194117,0.007824290239169232,3.9375,0.001108333514484361,0.03416842729600627,0.0016935065917951242
SPY,2013-01-11,2012-07-12,2013-01-11,128,0.13359043387429814,1.1655826684738423e-05,0.014329312407424548,0.7906823561795169,0.0077728727586550495,3.9375,0.001108333514484361,0.03416842729600627,0.0016935065917951242
SPY,2013-01-14,2012-07-16,2013-01-14,127,0.13359043387429814,1.5116792312398935e-05,0.05160977403061845,0.693319986279023,0.007441640341282498,1.984251968503937,-0.023052393129001203,0.0,-0.022788716724814417
SPY,2013-01-15,2012-07-16,2013-01-15,128,0.13359043387429814,1.902599495448706e-05,0.07036629416192403,0.608670286338075,0.00717905909544209,1.96875,-0.023052393129001203,0.0,-0.022788716724814417
SPY,2013-01-16,2012-07-17,2013-01-16,128,0.13359043387429814,1.8836683141602427e-05,0.07935911063479419,0.6006972968764961,0.007004572558635869,1.96875,-0.023052393129001203,0.0,-0.022788716724814417
SPY,2013-01-17,2012-07-18,2013-01-17,128,0.13359043387429814,1.8836683141602427e-05,0.08385449346566033,0.5956829903036566,0.006908667079280379,1.96875,-0.023052393129001203,0.0,-0.022788716724814417
SPY,2013-01-18,2012-07-19,2013-01-18,128,0.13359043387429814,1.8836683141602427e-05,0.09020784655821659,0.5874005966409555,0.006975466474197209,1.96875,-0.023052393129001203,0.0,-0.022788716724814417
SPY,2013-01-22,2012-07-23,2013-01-22,127,0.13359043387429814,1.8649255012729246e-05,0.09525411543421,0.5799900098300387,0.006855043801390123,1.984251968503937,-0.023052393129001203,0.0,-0.022788716724814417
SPY,2013-01-23,2012-07-24,2013-01-23,127,0.13359043387429814,1.846369182489843e-05,0.09611932616898175,0.5773519385204602,0.006831032812584681,1.984251968503937,-0.023052393129001203,0.0,-0.022788716724814417
SPY,2013-01-24,2012-07-25,2013-01-24,127,0.13359043387429814,1.827997502163657e-05,0.09611932616898175,0.5752627259882405,0.006696088651715649,1.984251968503937,-0.023052393129001203,0.0,-0.022788716724814417
SPY,2013-01-25,2012-07-26,2013-01-25,127,0.13359043387429814,1.7563206948756662e-05,0.11700187188490425,0.5619716735466351,0.0064261541787326475,3.968503937007874,-0.0013916310490977857,0.030632943504736262,-0.0009220171159800561
SPY,2013-01-28,2012-07-30,2013-01-28,126,0.13359043387429814,1.7388450119718767e-05,0.09875721710499077,0.5756650716762549,0.006630624160936874,2.0,-0.023052393129001203,0.0,-0.022788716724814417
SPY,2013-01-29,2012-07-30,2013-01-29,127,0.13359043387429814,1.7388450119718767e-05,0.10329705100679086,0.5706926393007186,0.006545548647679316,3.968503937007874,-0.0013916310490977857,0.030632943504736262,-0.0009220171159800561
SPY,2013-01-30,2012-07-31,2013-01-30,127,0.13359043387429814,1.7215432150183274e-05,0.10516412013298676,0.5695037357722738,0.0066007053247631705,3.968503937007874,-0.0013916310490977857,0.030632943504736262,-0.0009220171159800561
SPY,2013-01-31,2012-08-01,2013-01-31,127,0.13359043387429814,1.687454375401211e-05,0.10996250178813996,0.5685058427875787,0.006568737547716237,3.968503937007874,-0.0013916310490977857,0.030632943504736262,-0.0009220171159800561
SPY,2013-02-01,2012-08-02,2013-02-01,127,0.13359043387429814,1.687454375401211e-05,0.10996250178813996,0.5685052040438808,0.006512903394619066,3.968503937007874,-0.0013916310490977857,0.030632943504736262,-0.0009220171159800561
SPY,2013-02-04,2012-08-06,2013-02-04,126,0.13359043387429814,1.2881680678102945e-05,0.15301055204932038,0.6175144057379733,0.007115317726540001,4.0,-0.0013916310490977857,0.030632943504736262,-0.0009220171159800561
SPY,2013-02-05,2012-08-06,2013-02-05,127,0.13359043387429814,1.2881680678102945e-05,0.15960223494672465,0.614364083083992,0.008223086600637336,3.968503937007874,-0.0013916310490977857,0.030632943504736262,-0.0009220171159800561
SPY,2013-02-06,2012-08-07,2013-02-06,127,0.13359043387429814,1.2881680678102945e-05,0.14049748760839936,0.6283296797395644,0.008225177653799778,3.968503937007874,-0.0013916310490977857,0.030632943504736262,-0.0009220171159800561
SPY,2013-02-07,2012-08-08,2013-02-07,127,0.13359043387429814,1.2881680678102945e-05,0.1334081808106786,0.6335115069895102,0.007425775354982172,3.968503937007874,-0.0013916310490977857,0.030632943504736262,-0.0009220171159800561
SPY,2013-02-08,2012-08-09,2013-02-08,127,0.13359043387429814,1.3011143721242775e-05,0.12334358051765815,0.6391407108068903,0.006966102097538234,3.968503937007874,-0.0013916310490977857,0.030632943504736262,-0.0009220171159800561
SPY,2013-02-11,2012-08-13,2013-02-11,126,0.13359043387429814,1.4094803728882511e-05,0.10898772437441671,0.631609070693819,0.006914953827291533,4.0,-0.0013916310490977857,0.030632943504736262,-0.0009220171159800561
SPY,2013-02-12,2012-08-13,2013-02-12,127,0.13359043387429814,1.4094803728882511e-05,0.1139383288985104,0.6244266148311473,0.006611842290177893,3.968503937007874,-0.0013916310490977857,0.030632943504736262,-0.0009220171159800561
SPY,2013-02-13,2012-08-14,2013-02-13,127,0.13359043387429814,1.4236458861376332e-05,0.11495166531350359,0.6200133957533401,0.006432865976262613,3.968503937007874,-0.0013916310490977857,0.030632943504736262,-0.0009220171159800561
SPY,2013-02-14,2012-08-15,2013-02-14,127,0.13359043387429814,1.4236458861376332e-05,0.11908371910009476,0.6152663103821023,0.006280964319994832,3.968503937007874,-0.0013916310490977857,0.030632943504736262,-0.0009220171159800561
SPY,2013-02-15,2012-08-16,2013-02-15,127,0.13359043387429814,1.4670023581147955e-05,0.12442880482922829,0.6003376064783109,0.006169893108670695,3.968503937007874,-0.0013916310490977857,0.030632943504736262,-0.0009220171159800561
SPY,2013-02-19,2012-08-20,2013-02-19,126,0.13359043387429814,1.5116792312398908e-05,0.1170018718849041,0.6035225408836076,0.006259863155649142,4.0,-0.0013916310490977857,0.030632943504736262,-0.0009220171159800561
SPY,2013-02-20,2012-08-21,2013-02-20,126,0.13359043387429814,1.8098086231110233e-05,0.10706090241604092,0.5641420513803541,0.0068581900786539455,2.0,-0.023052393129001203,0.0,-0.022788716724814417
SPY,2013-02-21,2012-08-22,2013-02-21,126,0.13359043387429814,1.827997502163657e-05,0.10145936696973834,0.5655873167119366,0.007873065829537437,2.0,-0.023052393129001203,0.0,-0.022788716724814417
SPY,2013-02-22,2012-08-23,2013-02-22,126,0.13359043387429814,2.0001478575448294e-05,0.10422689189588157,0.5319452327895209,0.007618318086297672,2.0,-0.023052393129001203,0.0,-0.022788716724814417
SPY,2013-02-25,2012-08-27,2013-02-25,125,0.13359043387429814,2.1238300936355024e-05,0.1453967866080273,0.5012955955288599,0.007926813765079118,2.016,-0.023052393129001203,0.0,-0.022788716724814417
SPY,2013-02-26,2012-08-27,2013-02-26,126,0.13359043387429814,2.145174940934923e-05,0.12552220865882946,0.5108306396617438,0.009898746619770207,2.0,-0.023052393129001203,0.0,-0.022788716724814417
SPY,2013-02-27,2012-08-28,2013-02-27,126,0.13359043387429814,2.166734307516089e-05,0.1311132249690839,0.5096729219271995,0.008788349948263436,2.0,-0.023052393129001203,0.0,-0.022788716724814417
SPY,2013-02-28,2012-08-29,2013-02-28,126,0.13359043387429814,2.166734307516089e-05,0.1119349915184325,0.5209219326017211,0.008789405301978356,2.0,-0.023052393129001203,0.0,-0.022788716724814417
SPY,2013-03-01,2012-09-04,2013-03-01,124,0.13359043387429814,2.145174940934923e-05,0.11293278424200605,0.5181830448678494,0.007834674979207349,2.032258064516129,-0.023052393129001203,0.0,-0.022788716724814417
SPY,2013-03-04,2012-09-05,2013-03-04,124,0.13359043387429814,2.1238300936355024e-05,0.13456834890007507,0.49710754948713315,0.007202362430915104,2.032258064516129,-0.023052393129001203,0.0,-0.022788716724814417
SPY,2013-03-05,2012-09-06,2013-03-05,124,0.13359043387429814,2.0202496777061952e-05,0.1882788578886043,0.4622809254412498,0.006767034734078809,2.032258064516129,-0.023052393129001203,0.0,-0.022788716724814417
SPY,2013-03-06,2012-09-07,2013-03-06,124,0.13359043387429814,2.0202496777061952e-05,0.21733267335330914,0.44381383071122077,0.007597318248014987,2.032258064516129,-0.023052393129001203,0.0,-0.022788716724814417
SPY,2013-03-07,2012-09-10,2013-03-07,124,0.13359043387429814,1.9802460538360134e-05,0.22075291832796612,0.4437855852722809,0.006737806287789904,2.032258064516129,-0.023052393129001203,0.0,-0.022788716724814417
SPY,2013-03-08,2012-09-10,2013-03-08,125,0.13359043387429814,1.9605422763827915e-05,0.2277085141226415,0.4398237649346052,0.0063095766738115395,2.016,-0.023052393129001203,0.0,-0.022788716724814417
SPY,2013-03-11,2012-09-12,2013-03-11,124,0.13359043387429814,1.6051562543841078e-05,0.2551476810883498,0.47747099522069375,0.0061568413927217186,2.032258064516129,-0.023052393129001203,0.0,-0.022788716724814417
SPY,2013-03-12,2012-09-13,2013-03-12,124,0.13359043387429814,1.4966377715711217e-05,0.3118565007477406,0.4489788277647459,0.005762321815479429,2.032258064516129,-0.023052393129001203,0.0,-0.022788716724814417
SPY,2013-03-13,2012-09-14,2013-03-13,124,0.13359043387429814,1.1539849271434271e-05,0.3678193946816324,0.4824245357185333,0.0054012704633208605,2.032258064516129,-0.023052393129001203,0.0,-0.022788716724814417
SPY,2013-03-14,2012-09-17,2013-03-14,124,0.13359043387429814,1.16558266847383e-05,0.36549854458020803,0.48419484091091197,0.005135678654442837,2.032258064516129,-0.023052393129001203,0.0,-0.022788716724814417
SPY,2013-03-15,2012-09-17,2013-03-15,125,0.13359043387429814,1.16558266847383e-05,0.365498544580208,0.48533806235078714,0.005814406017692461,2.016,-0.023052393129001203,0.0,-0.022788716724814417
SPY,2013-03-18,2012-09-19,2013-03-18,124,0.13359043387429814,1.177296969042402e-05,0.34716302726944614,0.4970020585940836,0.00662236193253251,2.032258064516129,-0.023052393129001203,0.0,-0.022788716724814417
SPY,2013-03-19,2012-09-20,2013-03-19,124,0.13359043387429814,1.1539849271434271e-05,0.33369904017492946,0.5072513743961805,0.006757939680485933,2.032258064516129,-0.023052393129001203,0.0,-0.022788716724814417
SPY,2013-03-20,2012-09-21,2013-03-20,124,0.13359043387429814,1.1311344946019804e-05,0.33369904017492946,0.5096596120527229,0.0061096325622546415,2.032258064516129,-0.023052393129001203,0.0,-0.022788716724814417
SPY,2013-03-21,2012-09-24,2013-03-21,124,0.13359043387429814,1.1425025852673961e-05,0.33815834395624844,0.5062478854728585,0.006571245732118798,2.032258064516129,-0.023052393129001203,0.0,-0.022788716724814417
SPY,2013-03-22,2012-09-24,2013-03-22,125,0.13359043387429814,1.1425025852673961e-05,0.33592504129304956,0.507955391328164,0.007715905002553517,2.016,-0.023052393129001203,0.0,-0.022788716724814417
SPY,2013-03-25,2012-09-26,2013-03-25,124,0.13359043387429814,1.108736530940369e-05,0.3471630272694461,0.504004600408383,0.0075062105016019225,2.032258064516129,-0.023052393129001203,0.0,-0.022788716724814417
SPY,2013-03-26,2012-09-27,2013-03-26,124,0.13359043387429814,1.108736530940369e-05,0.34943166997474456,0.503394294430821,0.006691283197333093,2.032258064516129,-0.023052393129001203,0.0,-0.022788716724814417
SPY,2013-03-27,2012-09-28,2013-03-27,124,0.13359043387429814,1.0977044181291418e-05,0.3539893500804281,0.5032314633076275,0.007330641983921986,2.032258064516129,-0.023052393129001203,0.0,-0.022788716724814417
SPY,2013-03-28,2012-10-01,2013-03-28,124,0.13359043387429814,1.075968414333149e-05,0.3585736610715155,0.5051041587618083,0.006195891641521058,2.032258064516129,-0.023052393129001203,0.0,-0.022788716724814417
SPY,2013-04-01,2012-10-02,2013-04-01,124,0.13359043387429814,1.075968414333149e-05,0.3517071387214281,0.5094224476344846,0.0058915872012658705,2.032258064516129,-0.023052393129001203,0.0,-0.022788716724814417
SPY,2013-04-02,2012-10-03,2013-04-02,124,0.13359043387429814,1.0652623497298905e-05,0.3494316699747445,0.5112097038348977,0.006073765664780461,2.032258064516129,-0.023052393129001203,0.0,-0.022788716724814417
SPY,2013-04-03,2012-10-04,2013-04-03,124,0.13359043387429814,1.1087365309403708e-05,0.3494316699747445,0.5101107250352969,0.006148655323967325,2.032258064516129,-0.023052393129001203,0.0,-0.022788716724814417
SPY,2013-04-04,2012-10-05,2013-04-04,124,0.13359043387429814,1.0977044181291438e-05,0.3359250412930495,0.519573105421111,0.008414548170770971,2.032258064516129,-0.023052393129001203,0.0,-0.022788716724814417
SPY,2013-04-05,2012-10-08,2013-04-05,124,0.13359043387429814,1.0867820766744862e-05,0.3359250412930495,0.5184385480086331,0.007189546460758427,2.032258064516129,-0.023052393129001203,0.0,-0.022788716724814417
SPY,2013-04-08,2012-10-09,2013-04-08,124,0.13359043387429814,1.075968414333151e-05,0.3403988719370637,0.5149450798824076,0.006724186150449263,2.032258064516129,-0.023052393129001203,0.0,-0.022788716724814417
SPY,2013-04-09,2012-10-10,2013-04-09,124,0.13359043387429814,1.0546628122493282e-05,0.3494316699747445,0.5122978229481275,0.0068206766964754,2.032258064516129,-0.023052393129001203,0.0,-0.022788716724814417
SPY,2013-04-10,2012-10-11,2013-04-10,124,0.13359043387429814,1.1198795183286442e-05,0.3471630272694461,0.5129877416600886,0.006231249743918925,2.032258064516129,-0.023052393129001203,0.0,-0.022788716724814417
SPY,2013-04-11,2012-10-12,2013-04-11,124,0.13359043387429814,1.0977044181291457e-05,0.3226811396177134,0.5276118018889739,0.008665128577725396,2.032258064516129,-0.023052393129001203,0.0,-0.022788716724814417
SPY,2013-04-12,2012-10-15,2013-04-12,124,0.13359043387429814,1.0759684143331528e-05,0.31616262715741855,0.5315080754485385,0.007286028504026323,2.032258064516129,-0.023052393129001203,0.0,-0.022788716724814417
SPY,2013-04-15,2012-10-16,2013-04-15,124,0.13359043387429814,1.2253433698033823e-05,0.2846729364047093,0.5608814213610354,0.006889080905166063,4.064516129032258,-0.023126479361258223,0.00010477375444300097,-0.02286110658184326
SPY,2013-04-16,2012-10-17,2013-04-16,124,0.13359043387429814,1.2253433698033823e-05,0.2706411655730409,0.5693992981470176,0.013848501262843933,4.064516129032258,-0.023126479361258223,0.00010477375444300097,-0.02286110658184326
SPY,2013-04-17,2012-10-18,2013-04-17,124,0.13359043387429814,1.1772969690424083e-05,0.29495904769990505,0.5575347113887009,0.013430387530705115,4.064516129032258,-0.023126479361258223,0.00010477375444300097,-0.02286110658184326
SPY,2013-04-18,2012-10-19,2013-04-18,124,0.13359043387429814,1.1425025852674002e-05,0.3161626271574186,0.5418945643830926,0.013524165528103805,4.064516129032258,-0.023126479361258223,0.00010477375444300097,-0.02286110658184326
SPY,2013-04-19,2012-10-22,2013-04-19,124,0.13359043387429814,1.165582668473834e-05,0.28061944224103064,0.5628351719507282,0.011100133197400327,4.064516129032258,-0.023126479361258223,0.00010477375444300097,-0.02286110658184326
SPY,2013-04-22,2012-10-23,2013-04-22,124,0.13359043387429814,1.2131509995594778e-05,0.30971549335351317,0.5292243661538011,0.009900775916257019,4.064516129032258,-0.023126479361258223,0.00010477375444300097,-0.02286110658184326
SPY,2013-04-23,2012-10-24,2013-04-23,124,0.13359043387429814,1.0867820766744843e-05,0.3585736610715156,0.529086718042125,0.008568875283180401,4.064516129032258,-0.023126479361258223,0.00010477375444300097,-0.02286110658184326
SPY,2013-04-24,2012-10-25,2013-04-24,124,0.13359043387429814,1.108736530940369e-05,0.34264654778917264,0.5334253606273474,0.009108212820375263,4.064516129032258,-0.023126479361258223,0.00010477375444300097,-0.02286110658184326
SPY,2013-04-25,2012-10-26,2013-04-25,124,0.13359043387429814,1.1425025852673961e-05,0.331480415604,0.5330221510877584,0.007416811351396806,4.064516129032258,-0.023126479361258223,0.00010477375444300097,-0.02286110658184326
SPY,2013-04-26,2012-10-29,2013-04-26,124,0.13359043387429814,1.1311344946019804e-05,0.3248695326902667,0.5360972929570355,0.006684868337698287,4.064516129032258,-0.023126479361258223,0.00010477375444300097,-0.02286110658184326
SPY,2013-04-29,2012-10-30,2013-04-29,124,0.13359043387429814,1.0867820766744843e-05,0.32050047952378036,0.5461152258888011,0.006102081309504997,4.064516129032258,-0.023126479361258223,0.00010477375444300097,-0.02286110658184326
SPY,2013-04-30,2012-10-31,2013-04-30,124,0.13359043387429814,9.638892340605138e-06,0.331480415604,0.5552442596521399,0.006660076002159246,4.064516129032258,-0.023126479361258223,0.00010477375444300097,-0.02286110658184326
SPY,2013-05-01,2012-11-02,2013-05-01,123,0.13359043387429814,1.0133088918758413e-05,0.3226811396177135,0.5537160448258971,0.006009476024363201,4.097560975609756,-0.023126479361258223,0.00010477375444300097,-0.02286110658184326
SPY,2013-05-02,2012-11-05,2013-05-02,123,0.13359043387429814,1.16558266847383e-05,0.3033414251059877,0.5390351928847772,0.007805554513967189,4.097560975609756,-0.023126479361258223,0.00010477375444300097,-0.02286110658184326
SPY,2013-05-03,2012-11-05,2013-05-03,124,0.13359043387429814,1.16558266847383e-05,0.31185650074774046,0.5348421189911994,0.008322194993859373,4.064516129032258,-0.023126479361258223,0.00010477375444300097,-0.02286110658184326
SPY,2013-05-06,2012-11-07,2013-05-06,123,0.13359043387429814,1.0546628122493244e-05,0.27660131668073273,0.5533049879120052,0.008583135749530723,4.097560975609756,-0.023126479361258223,0.00010477375444300097,-0.02286110658184326
SPY,2013-05-07,2012-11-08,2013-05-07,123,0.13359043387429814,1.177296969042402e-05,0.2826417897925186,0.5299584606336206,0.007199682150807777,2.048780487804878,-0.023200565593515243,0.0,-0.02293350180216247
SPY,2013-05-08,2012-11-09,2013-05-08,123,0.13359043387429814,1.314190788959727e-05,0.29495904769990516,0.49827282449572347,0.006737151106248322,2.048780487804878,-0.023200565593515243,0.0,-0.02293350180216247
SPY,2013-05-09,2012-11-12,2013-05-09,123,0.13359043387429814,1.2626606310637663e-05,0.2928846011275241,0.5041075262762328,0.006324413448480792,2.048780487804878,-0.023200565593515243,0.0,-0.02293350180216247
SPY,2013-05-10,2012-11-12,2013-05-10,124,0.13359043387429814,1.2376582754053748e-05,0.29704200630961136,0.5040081667989988,0.006046806409846448,2.032258064516129,-0.023200565593515243,0.0,-0.02293350180216247
SPY,2013-05-13,2012-11-14,2013-05-13,123,0.13359043387429814,9.93244031466635e-06,0.3336990401749296,0.5120134782461132,0.005654869226780731,2.048780487804878,-0.023200565593515243,0.0,-0.02293350180216247
SPY,2013-05-14,2012-11-15,2013-05-14,123,0.5711605672000962,1.3854196311834537e-05,0.2619835061816213,0.4965003888339964,0.0056575941848213745,2.048780487804878,-0.023200565593515243,0.0,-0.02293350180216247
SPY,2013-05-15,2012-11-16,2013-05-15,123,0.42417535818671565,1.337452811155527e-05,0.26047893435669317,0.5248036524780406,0.007057378878016563,2.048780487804878,-0.023200565593515243,0.0,-0.02293350180216247
SPY,2013-05-16,2012-11-19,2013-05-16,123,0.368053280873667,1.1544114702479612e-05,0.34342460741114494,0.4739219466584995,0.006400546402054382,2.048780487804878,-0.023200565593515243,0.0,-0.02293350180216247
SPY,2013-05-17,2012-11-19,2013-05-17,124,0.368053280873667,1.1091463490505464e-05,0.36398274526767543,0.46035646721832635,0.006679661641814953,2.032258064516129,-0.023200565593515243,0.0,-0.02293350180216247
SPY,2013-05-20,2012-11-21,2013-05-20,123,0.368053280873667,1.1202934551792992e-05,0.35936808512277985,0.4624123487912546,0.007710788709365557,2.048780487804878,-0.023200565593515243,0.0,-0.02293350180216247
SPY,2013-05-21,2012-11-23,2013-05-21,123,0.368053280873667,1.0763661204877363e-05,0.39455653408735125,0.4418319272582269,0.0062805221681065185,2.048780487804878,-0.023200565593515243,0.0,-0.02293350180216247
SPY,2013-05-22,2012-11-23,2013-05-22,124,0.368053280873667,1.1544114702479592e-05,0.36629953565825146,0.4509752674339864,0.005452440700192518,2.032258064516129,-0.023200565593515243,0.0,-0.02293350180216247
SPY,2013-05-23,2012-11-26,2013-05-23,124,0.3119312035606183,1.1693106782484522e-05,0.35605733498366604,0.46862196493311586,0.007607993881885558,2.032258064516129,-0.023200565593515243,0.0,-0.02293350180216247
SPY,2013-05-24,2012-11-26,2013-05-24,125,0.3119312035606183,1.1012153255157345e-05,0.36527519249128004,0.4606525752514302,0.006568703931501593,2.016,-0.023200565593515243,0.0,-0.02293350180216247
SPY,2013-05-28,2012-11-29,2013-05-28,123,0.3119312035606183,1.112282723532814e-05,0.3769368892007497,0.4546573621522309,0.0056662313266494175,2.048780487804878,-0.023200565593515243,0.0,-0.02293350180216247
SPY,2013-05-29,2012-11-30,2013-05-29,123,0.3119312035606183,1.1347523250367858e-05,0.3792868851999773,0.45294180939214507,0.005985317020225249,2.048780487804878,-0.023200565593515243,0.0,-0.02293350180216247
SPY,2013-05-30,2012-12-03,2013-05-30,123,0.3119312035606183,1.2049214900013765e-05,0.36527519249128004,0.4450873751583482,0.007226858713401529,2.048780487804878,-0.023200565593515243,0.0,-0.02293350180216247
SPY,2013-05-31,2012-12-03,2013-05-31,124,0.3119312035606183,1.2922881557954974e-05,0.3606534526761307,0.44966434356061197,0.006282881891741056,2.032258064516129,-0.023200565593515243,0.0,-0.02293350180216247
SPY,2013-06-03,2012-12-04,2013-06-03,124,0.3119312035606183,1.3183941082432707e-05,0.3424296119476341,0.4569481718418911,0.01070469876641032,2.032258064516129,-0.023200565593515243,0.0,-0.02293350180216247
SPY,2013-06-04,2012-12-05,2013-06-04,124,0.3119312035606183,1.399919046882782e-05,0.32685360628916743,0.4517451922537509,0.008472426728516025,2.032258064516129,-0.023200565593515243,0.0,-0.02293350180216247
SPY,2013-06-05,2012-12-06,2013-06-05,124,0.3119312035606183,1.4570508269927398e-05,0.3312669812197828,0.45172469950454686,0.007913681867476433,2.032258064516129,-0.023200565593515243,0.0,-0.02293350180216247
SPY,2013-06-06,2012-12-07,2013-06-06,124,0.25580912624756963,1.5208025030197735e-05,0.2959199336716846,0.4740168877058526,0.01037206521179943,2.032258064516129,-0.023200565593515243,0.0,-0.02293350180216247
SPY,2013-06-07,2012-12-10,2013-06-07,124,0.25580912624756963,1.4758559964649292e-05,0.30856659119156776,0.465501942401963,0.009112026254390162,2.032258064516129,-0.023200565593515243,0.0,-0.02293350180216247
SPY,2013-06-10,2012-12-11,2013-06-10,124,0.25580912624756963,1.505670265280043e-05,0.2856139072451278,0.4714284858905661,0.00959121239808191,2.032258064516129,-0.023200565593515243,0.0,-0.02293350180216247
SPY,2013-06-11,2012-12-12,2013-06-11,124,0.25580912624756963,1.5208025030197708e-05,0.2856139072451278,0.4746240820772136,0.0077285559116739054,2.032258064516129,-0.023200565593515243,0.0,-0.02293350180216247
SPY,2013-06-12,2012-12-13,2013-06-12,124,0.25580912624756963,1.4611709839378162e-05,0.28765783572997183,0.48269982384425714,0.008918425931303185,2.032258064516129,-0.023200565593515243,0.0,-0.02293350180216247
SPY,2013-06-13,2012-12-14,2013-06-13,124,0.25580912624756963,1.3899088341483124e-05,0.3064380975890285,0.48775387011708804,0.008925141437244138,2.032258064516129,-0.023200565593515243,0.0,-0.02293350180216247
SPY,2013-06-14,2012-12-17,2013-06-14,124,0.25580912624756963,1.3623867952495154e-05,0.29800680569190463,0.49368255144278517,0.01042032732511476,2.032258064516129,-0.023200565593515243,0.0,-0.02293350180216247
SPY,2013-06-17,2012-12-18,2013-06-17,124,0.25580912624756963,1.376079010175037e-05,0.28765783572997183,0.49496568528201584,0.008944297127854248,2.032258064516129,-0.023200565593515243,0.0,-0.02293350180216247
SPY,2013-06-18,2012-12-19,2013-06-18,124,0.25580912624756963,1.4758559964649292e-05,0.2775259728889743,0.4816022002590363,0.00799469784065339,2.032258064516129,-0.023200565593515243,0.0,-0.02293350180216247
SPY,2013-06-19,2012-12-20,2013-06-19,124,0.25580912624756963,1.5208025030197735e-05,0.2755261509878905,0.4829346177430768,0.007675790740458606,2.032258064516129,-0.023200565593515243,0.0,-0.02293350180216247
SPY,2013-06-20,2012-12-21,2013-06-20,124,0.25580912624756963,1.3623867952495178e-05,0.39961996109852543,0.4392483696442979,0.011378539286552459,2.032258064516129,-0.023200565593515243,0.0,-0.02293350180216247
SPY,2013-06-21,2012-12-24,2013-06-21,124,0.25580912624756963,1.4322378599301768e-05,0.4068339775350286,0.4256859137359431,0.018607692241172452,2.032258064516129,-0.023200565593515243,0.0,-0.02293350180216247
SPY,2013-06-24,2012-12-26,2013-06-24,124,0.25580912624756963,1.4322378599301768e-05,0.4020199805565135,0.42792565637994695,0.012897430717901162,2.032258064516129,-0.023200565593515243,0.0,-0.02293350180216247
SPY,2013-06-25,2012-12-26,2013-06-25,125,0.25580912624756963,1.417986855113136e-05,0.3948344099692648,0.4318328562399871,0.01243548136501165,2.016,-0.023200565593515243,0.0,-0.02293350180216247
SPY,2013-06-26,2012-12-27,2013-06-26,125,0.25580912624756963,1.4322378599301768e-05,0.38769386457520816,0.4293235799883341,0.010374961291933502,2.016,-0.023200565593515243,0.0,-0.02293350180216247
SPY,2013-06-27,2012-12-28,2013-06-27,125,0.25580912624756963,1.4611709839378162e-05,0.3948344099692647,0.4100669222124958,0.009346541823522105,2.016,-0.023200565593515243,0.0,-0.02293350180216247
SPY,2013-06-28,2012-12-31,2013-06-28,125,0.25580912624756963,1.5208025030197708e-05,0.3735588104045856,0.40486833116995463,0.007710554867828246,2.016,-0.023200565593515243,0.0,-0.02293350180216247
SPY,2013-07-01,2013-01-02,2013-07-01,125,0.25580912624756963,1.505670265280043e-05,0.2897104510363474,0.4525266613030417,0.007066450876639947,4.032,0.0010342472822273407,0.03427320105044927,0.00162288889849882
SPY,2013-07-02,2013-01-03,2013-07-02,125,0.25580912624756963,1.1844021802487521e-05,0.3369555102190407,0.48768103319114786,0.006677935970300892,2.016,-0.023200565593515243,0.0,-0.02293350180216247
SPY,2013-07-03,2013-01-04,2013-07-03,125,0.25580912624756963,1.1726171816474296e-05,0.34594493106764584,0.4810684185086558,0.005791120380976441,2.016,-0.023200565593515243,0.0,-0.02293350180216247
SPY,2013-07-05,2013-01-07,2013-07-05,125,0.25580912624756963,1.2702810282121183e-05,0.3150007385805309,0.4915835233984967,0.005496525544394127,2.016,-0.023200565593515243,0.0,-0.02293350180216247
SPY,2013-07-08,2013-01-09,2013-07-08,124,0.25580912624756963,1.2959424071925676e-05,0.3107032364529265,0.49186127726171097,0.007341569479070064,2.032258064516129,-0.023200565593515243,0.0,-0.02293350180216247
SPY,2013-07-09,2013-01-10,2013-07-09,124,0.25580912624756963,1.3760790101750346e-05,0.3085665911915677,0.4789570406337602,0.006786892939588081,2.032258064516129,-0.023200565593515243,0.0,-0.02293350180216247
SPY,2013-07-10,2013-01-11,2013-07-10,124,0.25580912624756963,1.3760790101750346e-05,0.3107032364529265,0.47747629030370364,0.006901313124501719,2.032258064516129,-0.023200565593515243,0.0,-0.02293350180216247
SPY,2013-07-11,2013-01-14,2013-07-11,124,0.25580912624756963,1.551524751496814e-05,0.2795347015638253,0.481848561365203,0.006278656438743801,2.032258064516129,-0.023200565593515243,0.0,-0.02293350180216247
SPY,2013-07-12,2013-01-14,2013-07-12,125,0.25580912624756963,1.5360868222771403e-05,0.26371642669247325,0.4924271848714594,0.008728600357144295,2.016,-0.023200565593515243,0.0,-0.02293350180216247
SPY,2013-07-15,2013-01-16,2013-07-15,124,0.25580912624756963,1.6807466984740994e-05,0.24476935558684892,0.48115118511246063,0.007334897506428678,2.032258064516129,-0.023200565593515243,0.0,-0.02293350180216247
SPY,2013-07-16,2013-01-17,2013-07-16,124,0.25580912624756963,1.7493392724601266e-05,0.2429260975290491,0.46995846994530277,0.006537734392173677,2.032258064516129,-0.023200565593515243,0.0,-0.02293350180216247
SPY,2013-07-17,2013-01-18,2013-07-17,124,0.25580912624756963,1.7669204244352472e-05,0.24476935558684892,0.4652492539123268,0.006555568077661918,2.032258064516129,-0.023200565593515243,0.0,-0.02293350180216247
SPY,2013-07-18,2013-01-22,2013-07-18,124,0.25580912624756963,1.8026145847294826e-05,0.24109228324440884,0.462110186645877,0.00623082775252091,2.032258064516129,-0.023200565593515243,0.0,-0.02293350180216247
SPY,2013-07-19,2013-01-22,2013-07-19,125,0.25580912624756963,1.7846782699252502e-05,0.2466220376824013,0.4569464134537462,0.006280178112905447,2.016,-0.023200565593515243,0.0,-0.02293350180216247
SPY,2013-07-22,2013-01-23,2013-07-22,125,0.25580912624756963,1.7846782699252502e-05,0.25035558928950297,0.45468129548099134,0.0059866359974911024,2.016,-0.023200565593515243,0.0,-0.02293350180216247
SPY,2013-07-23,2013-01-24,2013-07-23,125,0.25580912624756963,1.7846782699252502e-05,0.2484841229307896,0.4558157881217453,0.005871426597105505,2.016,-0.023200565593515243,0.0,-0.02293350180216247
SPY,2013-07-24,2013-01-25,2013-07-24,125,0.25580912624756963,1.7846782699252502e-05,0.24662203768240135,0.45694458934223864,0.005971478911376705,2.016,-0.023200565593515243,0.0,-0.02293350180216247
SPY,2013-07-25,2013-01-28,2013-07-25,125,0.25580912624756963,1.7493392724601266e-05,0.24476935558684904,0.4634571663412515,0.006290816563834423,2.016,-0.023200565593515243,0.0,-0.02293350180216247
SPY,2013-07-26,2013-01-28,2013-07-26,126,0.25580912624756963,1.6976384836199276e-05,0.25223641355056714,0.46417422756824617,0.00596853483628038,2.0,-0.023200565593515243,0.0,-0.02293350180216247
SPY,2013-07-29,2013-01-30,2013-07-29,125,0.25580912624756963,1.631073126560592e-05,0.2466220376824014,0.47996485934055905,0.005770512965791943,2.016,-0.023200565593515243,0.0,-0.02293350180216247
SPY,2013-07-30,2013-01-31,2013-07-30,125,0.25580912624756963,1.5208025030197708e-05,0.24848412293078964,0.49421510806885827,0.006046997749861713,2.016,-0.023200565593515243,0.0,-0.02293350180216247
SPY,2013-07-31,2013-02-01,2013-07-31,125,0.25580912624756963,1.4322378599301718e-05,0.2598527842457372,0.4966403606391914,0.005650919637503176,2.016,-0.023200565593515243,0.0,-0.02293350180216247
SPY,2013-08-01,2013-02-04,2013-08-01,125,0.25580912624756963,1.5360868222771403e-05,0.22501562282203486,0.5113893422463616,0.005768349174290778,2.016,-0.023200565593515243,0.0,-0.02293350180216247
SPY,2013-08-02,2013-02-04,2013-08-02,126,0.25580912624756963,1.5208025030197708e-05,0.21472832597799607,0.5181769662709628,0.007808099738319339,2.0,-0.023200565593515243,0.0,-0.02293350180216247
SPY,2013-08-05,2013-02-06,2013-08-05,125,0.25580912624756963,1.4466320897267436e-05,0.22676374046329323,0.5273020450224896,0.00686282072681198,2.016,-0.023200565593515243,0.0,-0.02293350180216247
SPY,2013-08-06,2013-02-07,2013-08-06,125,0.25580912624756963,1.4611709839378162e-05,0.21982877852743476,0.5320306027741357,0.006409123861220564,2.016,-0.023200565593515243,0.0,-0.02293350180216247
SPY,2013-08-07,2013-02-08,2013-08-07,125,0.25580912624756963,1.4758559964649292e-05,0.21472832597799607,0.5338018045924062,0.00681850712698301,2.016,-0.023200565593515243,0.0,-0.02293350180216247
SPY,2013-08-08,2013-02-11,2013-08-08,125,0.25580912624756963,1.4758559964649292e-05,0.2113760710239937,0.5360798772662024,0.006630166399723917,2.016,-0.023200565593515243,0.0,-0.02293350180216247
SPY,2013-08-09,2013-02-11,2013-08-09,126,0.25580912624756963,1.4758559964649292e-05,0.21472832597799602,0.5320879742159045,0.006330566184291546,2.0,-0.023200565593515243,0.0,-0.02293350180216247
SPY,2013-08-12,2013-02-13,2013-08-12,125,0.25580912624756963,1.4906885958215727e-05,0.19835141426251046,0.5431840394107723,0.006396436304426441,2.016,-0.023200565593515243,0.0,-0.02293350180216247
SPY,2013-08-13,2013-02-14,2013-08-13,125,0.25580912624756963,1.3488308201388449e-05,0.19206925225796087,0.5715127588627069,0.006109279029014031,2.016,-0.023200565593515243,0.0,-0.02293350180216247
SPY,2013-08-14,2013-02-15,2013-08-14,125,0.25580912624756963,1.2327385501798597e-05,0.18443128195296038,0.5966581191549808,0.005915051225840476,2.016,-0.023200565593515243,0.0,-0.02293350180216247
SPY,2013-08-15,2013-02-19,2013-08-15,125,0.19968704893452097,1.3526449593359004e-05,0.17065299521585725,0.6066976575521548,0.006528901808750555,2.016,-0.023200565593515243,0.0,-0.02293350180216247
SPY,2013-08-16,2013-02-19,2013-08-16,126,0.19968704893452097,1.2866756862228793e-05,0.16784157003660977,0.607115526472093,0.008672413892780726,2.0,-0.023200565593515243,0.0,-0.02293350180216247
SPY,2013-08-19,2013-02-20,2013-08-19,126,0.19968704893452097,1.2738730492340587e-05,0.1636939132236936,0.6084869880160383,0.007773377470473527,2.0,-0.023200565593515243,0.0,-0.02293350180216247
SPY,2013-08-20,2013-02-21,2013-08-20,126,0.19968704893452097,1.2738730492340587e-05,0.15564635126370746,0.6126642384366052,0.007488885502082933,2.0,-0.023200565593515243,0.0,-0.02293350180216247
SPY,2013-08-21,2013-02-22,2013-08-21,126,0.19968704893452097,1.2611978006117257e-05,0.15303647822121116,0.6128671055258892,0.00692667243446546,2.0,-0.023200565593515243,0.0,-0.02293350180216247
SPY,2013-08-22,2013-02-25,2013-08-22,126,0.19968704893452097,1.2486486728204558e-05,0.14542164445899203,0.6166635369900941,0.006921165631222826,2.0,-0.023200565593515243,0.0,-0.02293350180216247
SPY,2013-08-23,2013-02-25,2013-08-23,127,0.19968704893452097,1.2486486728204558e-05,0.14418351290932707,0.6158331687545939,0.00710815696354076,1.984251968503937,-0.023200565593515243,0.0,-0.02293350180216247
SPY,2013-08-26,2013-02-27,2013-08-26,126,0.19968704893452097,1.2362244109370118e-05,0.1491890108911804,0.6156490045284693,0.0067259559726154175,2.0,-0.023200565593515243,0.0,-0.02293350180216247
SPY,2013-08-27,2013-02-28,2013-08-27,126,0.19968704893452097,1.187751358450586e-05,0.150462559828817,0.6424891066503494,0.006786625616243555,2.0,-0.023200565593515243,0.0,-0.02293350180216247
SPY,2013-08-28,2013-03-01,2013-08-28,126,0.19968704893452097,1.1759330349693513e-05,0.13693788155998882,0.6543035234566642,0.008962736028492499,2.0,-0.023200565593515243,0.0,-0.02293350180216247
SPY,2013-08-29,2013-03-01,2013-08-29,127,0.19968704893452097,1.1642323057715612e-05,0.13113601597757926,0.6587012680784876,0.008002729289040549,1.984251968503937,-0.023200565593515243,0.0,-0.02293350180216247
SPY,2013-08-30,2013-03-01,2013-08-30,128,0.19968704893452097,1.1411789615381494e-05,0.12887432758832232,0.6635934756415165,0.007341493618240729,1.96875,-0.023200565593515243,0.0,-0.02293350180216247
SPY,2013-09-03,2013-03-04,2013-09-03,128,0.19968704893452097,1.1298240411488934e-05,0.12775599478460334,0.664444621213447,0.006985009635991679,1.96875,-0.023200565593515243,0.0,-0.02293350180216247
SPY,2013-09-04,2013-03-05,2013-09-04,128,0.19968704893452097,1.1411789615381494e-05,0.12775599478460334,0.6644438594488293,0.006748806260924147,1.96875,-0.023200565593515243,0.0,-0.02293350180216247
SPY,2013-09-05,2013-03-06,2013-09-05,128,0.19968704893452097,1.1411789615381494e-05,0.13227944411689485,0.6609972979840864,0.006986000739368325,1.96875,-0.023200565593515243,0.0,-0.02293350180216247
SPY,2013-09-06,2013-03-07,2013-09-06,128,0.19968704893452097,1.1411789615381494e-05,0.13000098917705188,0.6611491739157546,0.006598974067506831,1.96875,-0.023200565593515243,0.0,-0.02293350180216247
SPY,2013-09-09,2013-03-11,2013-09-09,127,0.19968704893452097,1.187751358450588e-05,0.11910470602275379,0.6678177724667361,0.006484506144653708,1.984251968503937,-0.023200565593515243,0.0,-0.02293350180216247
SPY,2013-09-10,2013-03-11,2013-09-10,128,0.19968704893452097,1.1996884580574637e-05,0.11910470602275379,0.6645696276033639,0.007058864868427065,1.96875,-0.023200565593515243,0.0,-0.02293350180216247
SPY,2013-09-11,2013-03-12,2013-09-11,128,0.19968704893452097,1.1996884580574637e-05,0.11599334408963437,0.6669161630948547,0.007077194142646697,1.96875,-0.023200565593515243,0.0,-0.02293350180216247
SPY,2013-09-12,2013-03-13,2013-09-12,128,0.19968704893452097,1.1996884580574637e-05,0.11497201916755823,0.6660420785250056,0.006770655373721249,1.96875,-0.023200565593515243,0.0,-0.02293350180216247
SPY,2013-09-13,2013-03-14,2013-09-13,128,0.19968704893452097,1.187751358450588e-05,0.11497201916755823,0.6660413259588801,0.006625947941671942,1.96875,-0.023200565593515243,0.0,-0.02293350180216247
SPY,2013-09-16,2013-03-18,2013-09-16,127,0.19968704893452097,1.187751358450588e-05,0.11702254070444629,0.664497422088884,0.0064365542075672235,1.984251968503937,-0.023200565593515243,0.0,-0.02293350180216247
SPY,2013-09-17,2013-03-18,2013-09-17,128,0.19968704893452097,1.1759330349693534e-05,0.11910470602275366,0.6629297059833057,0.006459889294962162,1.96875,-0.023200565593515243,0.0,-0.02293350180216247
SPY,2013-09-18,2013-03-19,2013-09-18,128,0.19968704893452097,1.2239237725248586e-05,0.11295282629736958,0.6659026821864614,0.006505245828728474,1.96875,-0.023200565593515243,0.0,-0.02293350180216247
SPY,2013-09-19,2013-03-20,2013-09-19,128,0.19968704893452097,1.211745527509891e-05,0.1099820821405333,0.6681320569684026,0.007359846964040723,1.96875,-0.023200565593515243,0.0,-0.02293350180216247
SPY,2013-09-20,2013-03-21,2013-09-20,128,0.19968704893452097,1.2611978006117347e-05,0.11195487887038993,0.6633097149021494,0.007070877026464162,1.96875,-0.023200565593515243,0.0,-0.02293350180216247
SPY,2013-09-23,2013-03-25,2013-09-23,127,0.19968704893452097,1.2738730492340676e-05,0.11195487887038993,0.6616262069321117,0.00803144241978103,1.984251968503937,-0.023200565593515243,0.0,-0.02293350180216247
SPY,2013-09-24,2013-03-25,2013-09-24,128,0.19968704893452097,1.2738730492340676e-05,0.10900715243632543,0.6621249814868675,0.007638646642387359,1.96875,-0.023200565593515243,0.0,-0.02293350180216247
SPY,2013-09-25,2013-03-26,2013-09-25,128,0.19968704893452097,1.2738730492340676e-05,0.10708002832859916,0.6635563452656642,0.007247478081794495,1.96875,-0.023200565593515243,0.0,-0.02293350180216247
SPY,2013-09-26,2013-03-27,2013-09-26,128,0.19968704893452097,1.2611978006117347e-05,0.10900715243632543,0.6621234968282544,0.00696362367260038,1.96875,-0.023200565593515243,0.0,-0.02293350180216247
SPY,2013-09-27,2013-03-28,2013-09-27,128,0.19968704893452097,1.2611978006117347e-05,0.10803981467638717,0.662841611388295,0.006757003977014867,1.96875,-0.023200565593515243,0.0,-0.02293350180216247
SPY,2013-09-30,2013-04-01,2013-09-30,128,0.19968704893452097,1.2611978006117347e-05,0.10803981467638717,0.6628408682591483,0.006736976447545976,1.96875,-0.023200565593515243,0.0,-0.02293350180216247
SPY,2013-10-01,2013-04-02,2013-10-01,128,0.19968704893452097,1.2611978006117347e-05,0.10803981467638717,0.6628401251308348,0.006904890426875564,1.96875,-0.023200565593515243,0.0,-0.02293350180216247
SPY,2013-10-02,2013-04-03,2013-10-02,128,0.19968704893452097,1.2486486728204646e-05,0.10900715243632543,0.6604155900895584,0.007019176890422149,1.96875,-0.023200565593515243,0.0,-0.02293350180216247
SPY,2013-10-03,2013-04-04,2013-10-03,128,0.19968704893452097,1.2611978006117347e-05,0.1099820821405332,0.6613952928518011,0.006766478773101346,1.96875,-0.023200565593515243,0.0,-0.02293350180216247
SPY,2013-10-04,2013-04-05,2013-10-04,128,0.19968704893452097,1.2486486728204646e-05,0.10803981467638717,0.6645364145721294,0.007297156887490005,1.96875,-0.023200565593515243,0.0,-0.02293350180216247
SPY,2013-10-07,2013-04-08,2013-10-07,128,0.19968704893452097,1.2486486728204646e-05,0.10900715243632543,0.6638149746315666,0.007220299458509095,1.96875,-0.023200565593515243,0.0,-0.02293350180216247
SPY,2013-10-08,2013-04-09,2013-10-08,128,0.1435649716214723,1.303281938995216e-05,0.10857884179504795,0.6674625114610887,0.0076310194392118025,1.96875,-0.023200565593515243,0.0,-0.02293350180216247
SPY,2013-10-09,2013-04-10,2013-10-09,128,0.1435649716214723,1.0670370033864882e-05,0.10476789373815872,0.6961761554729379,0.008095030997946418,1.96875,-0.023200565593515243,0.0,-0.02293350180216247
SPY,2013-10-10,2013-04-11,2013-10-10,128,0.1435649716214723,1.1217451604239015e-05,0.10665838229014321,0.6977774505578006,0.007666640686545892,1.96875,-0.023200565593515243,0.0,-0.02293350180216247
SPY,2013-10-11,2013-04-12,2013-10-11,128,0.1435649716214723,1.0670370033864882e-05,0.1095504123327503,0.6985457775433009,0.01000009609578443,1.96875,-0.023200565593515243,0.0,-0.02293350180216247
SPY,2013-10-14,2013-04-15,2013-10-14,128,0.1435649716214723,1.04590825508865e-05,0.11969152141353345,0.6845684654354329,0.009199277645676632,1.96875,-0.023200565593515243,0.0,-0.02293350180216247
SPY,2013-10-15,2013-04-16,2013-10-15,128,0.1435649716214723,1.0355012940674008e-05,0.11760046859224421,0.6907329735255869,0.008387691599645877,0.0,0.0,0.0,0.0
SPY,2013-10-16,2013-04-17,2013-10-16,128,0.1435649716214723,8.649233848123269e-06,0.10665838229014339,0.7358935471874485,0.008247334418585803,0.0,0.0,0.0,0.0
SPY,2013-10-17,2013-04-18,2013-10-17,128,0.1435649716214723,8.227405735722402e-06,0.1057094120361998,0.7455580130717965,0.008833769976105502,0.0,0.0,0.0,0.0
SPY,2013-10-18,2013-04-19,2013-10-18,128,0.1435649716214723,8.064492186911491e-06,0.10383378648570789,0.7495894316200201,0.008382984832889738,0.0,0.0,0.0,0.0
SPY,2013-10-21,2013-04-22,2013-10-21,128,0.1435649716214723,7.984249148923188e-06,0.10107552053457783,0.7518957196567313,0.007994282367986312,0.0,0.0,0.0,0.0
SPY,2013-10-22,2013-04-23,2013-10-22,128,0.1435649716214723,7.984249148923188e-06,0.10107552053457783,0.750660937129937,0.007464369101934099,0.0,0.0,0.0,0.0
SPY,2013-10-23,2013-04-24,2013-10-23,128,0.1435649716214723,8.064492186911491e-06,0.1057094120361998,0.7455546537428575,0.007237898981382072,0.0,0.0,0.0,0.0
SPY,2013-10-24,2013-04-25,2013-10-24,128,0.1435649716214723,8.064492186911491e-06,0.10476789373815897,0.7450933122790478,0.0070570639615211385,0.0,0.0,0.0,0.0
SPY,2013-10-25,2013-04-26,2013-10-25,128,0.1435649716214723,8.064492186911491e-06,0.10665838229014339,0.742267946235591,0.006748122018663705,0.0,0.0,0.0,0.0
SPY,2013-10-28,2013-04-29,2013-10-28,128,0.1435649716214723,8.310092538035653e-06,0.1125109722215987,0.7297728624170408,0.006509895357300546,0.0,0.0,0.0,0.0
SPY,2013-10-29,2013-04-30,2013-10-29,128,0.1435649716214723,8.393610356527807e-06,0.11554114696663764,0.7246787689381169,0.006236045950266592,0.0,0.0,0.0,0.0
SPY,2013-10-30,2013-05-01,2013-10-30,128,0.1435649716214723,8.649233848123269e-06,0.12074904439051432,0.7137994679668256,0.00624535602781326,0.0,0.0,0.0,0.0
SPY,2013-10-31,2013-05-01,2013-10-31,129,0.1435649716214723,8.649233848123269e-06,0.12288827638227671,0.7107178803273142,0.006298089738133271,0.0,0.0,0.0,0.0
SPY,2013-11-01,2013-05-02,2013-11-01,129,0.1435649716214723,8.563172533392122e-06,0.1261581613745101,0.7080675036582096,0.006220632227378145,0.0,0.0,0.0,0.0
SPY,2013-11-04,2013-05-06,2013-11-04,128,0.1435649716214723,8.563172533392122e-06,0.136416647153204,0.701077688051117,0.006021244113239018,0.0,0.0,0.0,0.0
SPY,2013-11-05,2013-05-06,2013-11-05,129,0.1435649716214723,8.477967543050314e-06,0.13998898540104515,0.6981767663170856,0.005891404035639408,0.0,0.0,0.0,0.0
SPY,2013-11-06,2013-05-07,2013-11-06,129,0.1435649716214723,8.310092538035653e-06,0.1387895871527618,0.7017645358323894,0.005834346147546241,0.0,0.0,0.0,0.0
SPY,2013-11-07,2013-05-08,2013-11-07,129,0.1435649716214723,9.002215777636196e-06,0.12074904439051434,0.7124471458330189,0.0061247952500116006,0.0,0.0,0.0,0.0
SPY,2013-11-08,2013-05-09,2013-11-08,129,0.1435649716214723,1.0048976058114135e-05,0.13759881904171242,0.6822901981682831,0.007825238484853224,0.0,0.0,0.0,0.0
SPY,2013-11-11,2013-05-13,2013-11-11,128,0.1435649716214723,1.0048976058114135e-05,0.12615816137451008,0.6898926463008955,0.008467158486775572,0.0,0.0,0.0,0.0
SPY,2013-11-12,2013-05-13,2013-11-12,129,0.1435649716214723,9.948987075685272e-06,0.12074904439051432,0.6941623207118419,0.007665349609773814,0.0,0.0,0.0,0.0
SPY,2013-11-13,2013-05-14,2013-11-13,129,0.1435649716214723,9.948987075685272e-06,0.12397006188931518,0.6916185610149402,0.007196324830446867,0.0,0.0,0.0,0.0
SPY,2013-11-14,2013-05-15,2013-11-14,129,0.1435649716214723,9.948987075685272e-06,0.12506001100568828,0.6907572654984494,0.007298222855384873,0.0,0.0,0.0,0.0
SPY,2013-11-15,2013-05-16,2013-11-15,129,0.1435649716214723,9.849993000254828e-06,0.12506001100568828,0.6907564760074281,0.006990625848349203,0.0,0.0,0.0,0.0
SPY,2013-11-18,2013-05-20,2013-11-18,128,0.1435649716214723,1.0048976058114135e-05,0.13292136425489873,0.6801885503953424,0.006704853095913346,0.0,0.0,0.0,0.0
SPY,2013-11-19,2013-05-20,2013-11-19,129,0.1435649716214723,1.0149969946522986e-05,0.13641664715320398,0.6730279868838785,0.006519019615963695,0.0,0.0,0.0,0.0
SPY,2013-11-20,2013-05-21,2013-11-20,129,0.1435649716214723,1.0149969946522986e-05,0.1387895871527618,0.6696927378933196,0.006262687702984432,0.0,0.0,0.0,0.0
SPY,2013-11-21,2013-05-22,2013-11-21,129,0.1435649716214723,1.0251978840384824e-05,0.13641664715320398,0.6700396785610886,0.006247167995564732,0.0,0.0,0.0,0.0
SPY,2013-11-22,2013-05-23,2013-11-22,129,0.1435649716214723,1.0251978840384824e-05,0.13998898540104512,0.6672671860123603,0.006647394883576898,0.0,0.0,0.0,0.0
SPY,2013-11-25,2013-05-28,2013-11-25,128,0.1435649716214723,1.0048976058114135e-05,0.1387895871527618,0.6681970018092278,0.006478520327190893,0.0,0.0,0.0,0.0
SPY,2013-11-26,2013-05-28,2013-11-26,129,0.1435649716214723,9.849993000254828e-06,0.14241380607821,0.6668713983052297,0.006164241204930053,0.0,0.0,0.0,0.0
SPY,2013-11-27,2013-05-28,2013-11-27,130,0.1435649716214723,9.654950070930612e-06,0.14736845830907294,0.6644881733849273,0.005876039534530041,0.0,0.0,0.0,0.0
SPY,2013-11-29,2013-05-30,2013-11-29,129,0.1435649716214723,9.184072599554448e-06,0.148629184226538,0.666416703590771,0.005667200570700949,0.0,0.0,0.0,0.0
SPY,2013-12-02,2013-06-03,2013-12-02,128,0.1435649716214723,9.463769250369137e-06,0.17144429758198387,0.638499658251962,0.00541528294562563,0.0,0.0,0.0,0.0
SPY,2013-12-03,2013-06-04,2013-12-03,128,0.1435649716214723,9.463769250369137e-06,0.17574701503640378,0.6307767004616202,0.0054233873668173916,0.0,0.0,0.0,0.0
SPY,2013-12-04,2013-06-05,2013-12-04,128,0.1435649716214723,9.092689550329156e-06,0.17720000256560048,0.6311380893347953,0.0054298782423714866,0.0,0.0,0.0,0.0
SPY,2013-12-05,2013-06-06,2013-12-05,128,0.1435649716214723,9.276374063693082e-06,0.1846063692269099,0.6225267773726537,0.005302524712117117,0.0,0.0,0.0,0.0
SPY,2013-12-06,2013-06-07,2013-12-06,128,0.1435649716214723,1.0564198078070033e-05,0.17720000256560048,0.605020933790143,0.005733489609597881,0.0,0.0,0.0,0.0
SPY,2013-12-09,2013-06-10,2013-12-09,128,0.1435649716214723,1.0564198078070033e-05,0.17002874056386696,0.6086742439246591,0.007059401651845887,0.0,0.0,0.0,0.0
SPY,2013-12-10,2013-06-11,2013-12-10,128,0.1435649716214723,1.0459082550886519e-05,0.17430341460613935,0.6022944474224136,0.006374709841316499,0.0,0.0,0.0,0.0
SPY,2013-12-11,2013-06-12,2013-12-11,128,0.1435649716214723,1.144405915832992e-05,0.17144429758198387,0.5893623235665072,0.006192489825350869,0.0,0.0,0.0,0.0
SPY,2013-12-12,2013-06-13,2013-12-12,128,0.1435649716214723,1.1330188867120184e-05,0.15246480430057385,0.6011179139574021,0.007443271460628699,0.0,0.0,0.0,0.0
SPY,2013-12-13,2013-06-14,2013-12-13,128,0.1435649716214723,1.3429727830573525e-05,0.17286918208029833,0.53626404192459,0.006877444883063659,0.0,0.0,0.0,0.0
SPY,2013-12-16,2013-06-17,2013-12-16,128,0.1435649716214723,1.3429727830573525e-05,0.17002874056386696,0.5343092644417959,0.0062055676691123215,0.0,0.0,0.0,0.0
SPY,2013-12-17,2013-06-18,2013-12-17,128,0.1435649716214723,1.3296099805955897e-05,0.16309010309121671,0.534925978500525,0.006235281534132294,3.9375,-0.0016579900155155869,0.03306795483440219,-0.0011106279927495244
SPY,2013-12-18,2013-06-19,2013-12-18,128,0.1435649716214723,1.3977805420532306e-05,0.1340779545677559,0.5514691146918652,0.006152226646093222,3.9375,-0.0016579900155155869,0.03306795483440219,-0.0011106279927495244
SPY,2013-12-19,2013-06-20,2013-12-19,128,0.1435649716214723,1.3564698839165689e-05,0.02724541598756695,0.6350976714528481,0.006726200401820731,3.9375,-0.0016579900155155869,0.03306795483440219,-0.0011106279927495244
SPY,2013-12-20,2013-06-21,2013-12-20,128,0.1435649716214723,1.3429727830573525e-05,8.523919725309233e-07,0.6618933346229199,0.006302424900704576,1.96875,0.02172458508786068,0.0,0.02196228205511419
SPY,2013-12-23,2013-06-24,2013-12-23,128,0.1435649716214723,1.3296099805955897e-05,0.003610672985428989,0.6573355416434261,0.006267422587443005,1.96875,0.02172458508786068,0.0,0.02196228205511419
SPY,2013-12-24,2013-06-25,2013-12-24,128,0.1435649716214723,1.3163801402398985e-05,1.1028031689382595e-07,0.659716833565701,0.0062197151813806655,1.96875,0.02172458508786068,0.0,0.02196228205511419
SPY,2013-12-26,2013-06-27,2013-12-26,127,0.1435649716214723,1.3163801402398985e-05,3.043552951523862e-09,0.6597821500559898,0.006220311221657467,1.984251968503937,0.02172458508786068,0.0,0.02196228205511419
SPY,2013-12-27,2013-06-28,2013-12-27,127,0.1435649716214723,1.3032819389952184e-05,3.043552951523862e-09,0.6598474730130591,0.006189881555208331,1.984251968503937,0.02172458508786068,0.0,0.02196228205511419
SPY,2013-12-30,2013-07-01,2013-12-30,127,0.1435649716214723,1.3032819389952184e-05,0.0010268405030389818,0.6592351785723255,0.0061881881078369935,1.984251968503937,0.02172458508786068,0.0,0.02196228205511419
SPY,2013-12-31,2013-07-01,2013-12-31,128,0.1435649716214723,1.2903140670305096e-05,0.004450649116182796,0.656975103518058,0.006144276580548927,1.96875,0.02172458508786068,0.0,0.02196228205511419
SPY,2014-01-02,2013-07-03,2014-01-02,127,0.1435649716214723,1.3032819389952184e-05,1.360504038874494e-07,0.6621520679471619,0.006210957838776089,1.984251968503937,0.02172458508786068,0.0,0.02196228205511419
SPY,2014-01-03,2013-07-05,2014-01-03,127,0.1435649716214723,1.2903140670305096e-05,0.0006816986357731768,0.6617661942531253,0.006182438435401772,1.984251968503937,0.02172458508786068,0.0,0.02196228205511419
SPY,2014-01-06,2013-07-08,2014-01-06,127,0.1435649716214723,1.2774752275477692e-05,0.003171912989993367,0.6601164681948609,0.00614936866862356,1.984251968503937,0.02172458508786068,0.0,0.02196228205511419
SPY,2014-01-07,2013-07-08,2014-01-07,128,0.1435649716214723,1.2774752275477692e-05,0.0033009334870781216,0.6600303664161822,0.0061452846181614725,1.96875,0.02172458508786068,0.0,0.02196228205511419
SPY,2014-01-08,2013-07-09,2014-01-08,128,0.1435649716214723,1.2647641366523497e-05,0.006758001841328477,0.6555150460925927,0.006096515758768567,1.96875,0.02172458508786068,0.0,0.02196228205511419
SPY,2014-01-09,2013-07-10,2014-01-09,128,0.1435649716214723,1.2521795232245691e-05,0.009658131243910744,0.653600372752581,0.006047429161539989,1.96875,0.02172458508786068,0.0,0.02196228205511419
SPY,2014-01-10,2013-07-11,2014-01-10,128,0.1435649716214723,1.2397201287925975e-05,0.019072337533809946,0.6429700343096071,0.00593608229749254,1.96875,0.02172458508786068,0.0,0.02196228205511419
SPY,2014-01-13,2013-07-15,2014-01-13,127,0.1435649716214723,1.2774752275477714e-05,0.013922147392305205,0.6529942024544609,0.006092262539428936,1.984251968503937,0.02172458508786068,0.0,0.02196228205511419
SPY,2014-01-14,2013-07-15,2014-01-14,128,0.1435649716214723,1.2774752275477714e-05,0.023196954576357082,0.649033056299719,0.00637997882970685,1.96875,0.02172458508786068,0.0,0.02196228205511419
SPY,2014-01-15,2013-07-16,2014-01-15,128,0.1435649716214723,1.2774752275477714e-05,0.014916544108389756,0.6567269696730121,0.006370885178978442,1.96875,0.02172458508786068,0.0,0.02196228205511419
SPY,2014-01-16,2013-07-17,2014-01-16,128,0.1435649716214723,1.2774752275477714e-05,0.008490767701242172,0.6632098358275811,0.006276454205552459,1.96875,0.02172458508786068,0.0,0.02196228205511419
SPY,2014-01-17,2013-07-18,2014-01-17,128,0.1435649716214723,1.2774752275477714e-05,0.0055397770560529115,0.6651830527657158,0.006229938883519625,1.96875,0.02172458508786068,0.0,0.02196228205511419
SPY,2014-01-21,2013-07-22,2014-01-21,127,0.1435649716214723,1.2903140670305118e-05,1.6952923678984215e-07,0.6710987753315386,0.006263470925838558,1.984251968503937,0.02172458508786068,0.0,0.02196228205511419
SPY,2014-01-22,2013-07-23,2014-01-22,127,0.1435649716214723,1.2774752275477714e-05,3.043552951523862e-09,0.6733684493332317,0.0062538459406953845,1.984251968503937,0.02172458508786068,0.0,0.02196228205511419
SPY,2014-01-23,2013-07-24,2014-01-23,127,0.1435649716214723,1.2903140670305118e-05,3.043552951523862e-09,0.6756304896226545,0.0063070707710802705,1.984251968503937,0.02172458508786068,0.0,0.02196228205511419
SPY,2014-01-24,2013-07-25,2014-01-24,127,0.1435649716214723,1.370102632894577e-05,3.043552951523862e-09,0.6844002570734415,0.006588828932433304,3.968503937007874,0.00033045519951491187,0.03025586864327018,0.0007884746760520311
SPY,2014-01-27,2013-07-29,2014-01-27,126,0.1435649716214723,1.370102632894577e-05,3.043552951523862e-09,0.6866237336122377,0.006612162342069874,4.0,0.00033045519951491187,0.03025586864327018,0.0007884746760520311
SPY,2014-01-28,2013-07-29,2014-01-28,127,0.1435649716214723,1.370102632894577e-05,3.043552951523862e-09,0.6845362506366603,0.006590249036830006,3.968503937007874,0.00033045519951491187,0.03025586864327018,0.0007884746760520311
SPY,2014-01-29,2013-07-30,2014-01-29,127,0.1435649716214723,1.3838723932776258e-05,3.043552951523862e-09,0.6867592366765816,0.00664674305924592,3.968503937007874,0.00033045519951491187,0.03025586864327018,0.0007884746760520311
SPY,2014-01-30,2013-07-31,2014-01-30,127,0.1435649716214723,1.3977805420532331e-05,5.1193402071485076e-09,0.6889741513065752,0.00670380327885996,3.968503937007874,0.00033045519951491187,0.03025586864327018,0.0007884746760520311
SPY,2014-01-31,2013-08-01,2014-01-31,127,0.1435649716214723,1.3977805420532331e-05,0.0021072913100718023,0.6854482104579346,0.0067194353400716125,3.968503937007874,0.00033045519951491187,0.03025586864327018,0.0007884746760520311
SPY,2014-02-03,2013-08-05,2014-02-03,126,0.08744289430842361,1.2939627362231906e-05,0.08281129867820888,0.6786189426879191,0.007920859361814341,2.0,-0.021063674688830858,0.0,-0.02084338490834381
SPY,2014-02-04,2013-08-05,2014-02-04,127,0.08744289430842361,1.1708259012789376e-05,0.06883447531466004,0.7012917535423666,0.009545753761982077,3.968503937007874,-0.022059983152256546,0.0014089929412837068,-0.02181747014855906
SPY,2014-02-05,2013-08-06,2014-02-05,127,0.08744289430842361,1.1476419951068012e-05,0.049514352383556795,0.7211028042409261,0.008456645638611199,3.968503937007874,-0.022059983152256546,0.0014089929412837068,-0.02181747014855906
SPY,2014-02-06,2013-08-07,2014-02-06,127,0.08744289430842361,1.1137240482640947e-05,0.06269510216897542,0.7212385925090219,0.008243976004924247,3.968503937007874,-0.022059983152256546,0.0014089929412837068,-0.02181747014855906
SPY,2014-02-07,2013-08-08,2014-02-07,127,0.08744289430842361,1.0384294196820775e-05,0.07210895130717529,0.7315604018855886,0.008631164189211301,1.984251968503937,-0.021063674688830858,0.0,-0.02084338490834381
SPY,2014-02-10,2013-08-12,2014-02-10,126,0.08744289430842361,1.0178671394950767e-05,0.05982052083373504,0.7443666497707024,0.008535712852744376,4.0,-0.022059983152256546,0.0014089929412837068,-0.02181747014855906
SPY,2014-02-11,2013-08-12,2014-02-11,127,0.08744289430842361,9.779559980870551e-06,0.06328528268596034,0.7507281417675876,0.008135593543383574,1.984251968503937,-0.021063674688830858,0.0,-0.02084338490834381
SPY,2014-02-12,2013-08-13,2014-02-12,127,0.08744289430842361,9.682251733200907e-06,0.05815547694231254,0.7548386129006304,0.008074914737801179,3.968503937007874,-0.022059983152256546,0.0014089929412837068,-0.02181747014855906
SPY,2014-02-13,2013-08-14,2014-02-13,127,0.08744289430842361,9.585911718773156e-06,0.058705603059796975,0.7543969144420517,0.007653099308671493,3.968503937007874,-0.022059983152256546,0.0014089929412837068,-0.02181747014855906
SPY,2014-02-14,2013-08-15,2014-02-14,127,0.08744289430842361,9.490530303505566e-06,0.05982052083373502,0.7520019480121023,0.007406432075478844,3.968503937007874,-0.022059983152256546,0.0014089929412837068,-0.02181747014855906
SPY,2014-02-18,2013-08-19,2014-02-18,126,0.08744289430842361,9.490530303505566e-06,0.0669364186197766,0.7448112786983375,0.007193255936494847,4.0,-0.022059983152256546,0.0014089929412837068,-0.02181747014855906
SPY,2014-02-19,2013-08-20,2014-02-19,126,0.08744289430842361,9.490530303505566e-06,0.0669364186197766,0.7448104804555451,0.006934781688663157,4.0,-0.022059983152256546,0.0014089929412837068,-0.02181747014855906
SPY,2014-02-20,2013-08-21,2014-02-20,126,0.08744289430842361,9.585911718773156e-06,0.0688344753146602,0.740277363692394,0.00693567705718779,4.0,-0.022059983152256546,0.0014089929412837068,-0.02181747014855906
SPY,2014-02-21,2013-08-22,2014-02-21,126,0.08744289430842361,9.682251733200907e-06,0.0714427664677145,0.7336228544398655,0.006849479141988788,4.0,-0.022059983152256546,0.0014089929412837068,-0.02181747014855906
SPY,2014-02-24,2013-08-26,2014-02-24,125,0.08744289430842361,9.779559980870551e-06,0.07622768275588931,0.725205132899526,0.006610893572631604,4.032,-0.022059983152256546,0.0014089929412837068,-0.02181747014855906
SPY,2014-02-25,2013-08-26,2014-02-25,126,0.08744289430842361,9.87784619268794e-06,0.07982367431973199,0.7176831696669266,0.006593503982832951,4.0,-0.022059983152256546,0.0014089929412837068,-0.02181747014855906
SPY,2014-02-26,2013-08-27,2014-02-26,126,0.08744289430842361,9.87784619268794e-06,0.09323490389416945,0.7009275459046354,0.006296270706444369,4.0,-0.022059983152256546,0.0014089929412837068,-0.02181747014855906
SPY,2014-02-27,2013-08-28,2014-02-27,126,0.08744289430842361,1.0077391922358422e-05,0.127326770401317,0.6699423568071841,0.005965493701438457,2.0,-0.021063674688830858,0.0,-0.02084338490834381
SPY,2014-02-28,2013-08-29,2014-02-28,126,0.08744289430842361,1.0077391922358422e-05,0.12844189983222895,0.6675270028616372,0.006041874884,2.0,-0.021063674688830858,0.0,-0.02084338490834381
SPY,2014-03-03,2013-09-04,2014-03-03,124,0.08744289430842361,1.0178671394950767e-05,0.1187005875319141,0.6765630515742846,0.0060175404070991045,2.032258064516129,-0.021063674688830858,0.0,-0.02084338490834381
SPY,2014-03-04,2013-09-05,2014-03-04,124,0.08744289430842361,1.1708259012789397e-05,0.12621991879789624,0.6514931811674296,0.006628423610379988,2.032258064516129,-0.021063674688830858,0.0,-0.02084338490834381
SPY,2014-03-05,2013-09-06,2014-03-05,124,0.08744289430842361,1.1708259012789397e-05,0.10766864507220511,0.6653243236952504,0.00802859370463321,2.032258064516129,-0.021063674688830858,0.0,-0.02084338490834381
SPY,2014-03-06,2013-09-09,2014-03-06,124,0.08744289430842361,1.1591759889104343e-05,0.10482043759446179,0.6657450716303598,0.007334385992687282,2.032258064516129,-0.021063674688830858,0.0,-0.02084338490834381
SPY,2014-03-07,2013-09-09,2014-03-07,125,0.08744289430842361,1.1476419951068032e-05,0.10482043759446179,0.665744327930325,0.006877974382485713,2.016,-0.021063674688830858,0.0,-0.02084338490834381
SPY,2014-03-10,2013-09-11,2014-03-10,124,0.08744289430842361,1.1591759889104343e-05,0.11870058753191409,0.6520448874282765,0.006514181917692214,2.032258064516129,-0.021063674688830858,0.0,-0.02084338490834381
SPY,2014-03-11,2013-09-12,2014-03-11,124,0.08744289430842361,1.1591759889104343e-05,0.11662455055047997,0.6535801400743432,0.006279358379388007,2.032258064516129,-0.021063674688830858,0.0,-0.02084338490834381
SPY,2014-03-12,2013-09-13,2014-03-12,124,0.08744289430842361,1.1476419951068032e-05,0.11975054756733247,0.6512665788931262,0.006348817845653575,2.032258064516129,-0.021063674688830858,0.0,-0.02084338490834381
SPY,2014-03-13,2013-09-16,2014-03-13,124,0.08744289430842361,1.19447815342281e-05,0.09754838662890872,0.6676924614561477,0.006346518998266514,2.032258064516129,-0.021063674688830858,0.0,-0.02084338490834381
SPY,2014-03-14,2013-09-16,2014-03-14,125,0.08744289430842361,1.1825928972132666e-05,0.09323490389416941,0.6708831169655209,0.007214359459202841,4.032,-0.022059983152256546,0.0014089929412837068,-0.02181747014855906
SPY,2014-03-17,2013-09-18,2014-03-17,124,0.08744289430842361,1.1825928972132666e-05,0.10112642198638574,0.6633095632693621,0.006899397038104739,2.032258064516129,-0.021063674688830858,0.0,-0.02084338490834381
SPY,2014-03-18,2013-09-19,2014-03-18,124,0.08744289430842361,1.1825928972132666e-05,0.09754838662890865,0.6676902479061094,0.007205745501370352,2.032258064516129,-0.021063674688830858,0.0,-0.02084338490834381
SPY,2014-03-19,2013-09-20,2014-03-19,124,0.08744289430842361,1.1708259012789417e-05,0.10388591628744304,0.6630006065155224,0.007142779753386054,2.032258064516129,-0.021063674688830858,0.0,-0.02084338490834381
SPY,2014-03-20,2013-09-23,2014-03-20,124,0.08744289430842361,1.1708259012789417e-05,0.12187454463780323,0.6496907671501325,0.007108101996498743,2.032258064516129,-0.021063674688830858,0.0,-0.02084338490834381
SPY,2014-03-21,2013-09-23,2014-03-21,125,0.08744289430842361,1.1708259012789417e-05,0.12187454463780323,0.6496900272891443,0.006959723005721415,2.016,-0.021063674688830858,0.0,-0.02084338490834381
SPY,2014-03-24,2013-09-25,2014-03-24,124,0.08744289430842361,1.1825928972132666e-05,0.11256691059427784,0.6565756349079488,0.007099108083937189,2.032258064516129,-0.021063674688830858,0.0,-0.02084338490834381
SPY,2014-03-25,2013-09-26,2014-03-25,124,0.08744289430842361,1.1708259012789417e-05,0.10766864507220503,0.661912244586386,0.006915136408300013,2.032258064516129,-0.021063674688830858,0.0,-0.02084338490834381
SPY,2014-03-26,2013-09-27,2014-03-26,124,0.08744289430842361,1.1591759889104363e-05,0.10388591628744304,0.6681337026980558,0.006737531984589927,2.032258064516129,-0.021063674688830858,0.0,-0.02084338490834381
SPY,2014-03-27,2013-09-30,2014-03-27,124,0.08744289430842361,1.1362227664590563e-05,0.1020389496095783,0.671209150450143,0.006858138636569176,2.032258064516129,-0.021063674688830858,0.0,-0.02084338490834381
SPY,2014-03-28,2013-09-30,2014-03-28,125,0.08744289430842361,1.1249171610348087e-05,0.10388591628744304,0.6698278297977933,0.006556823577801908,2.016,-0.021063674688830858,0.0,-0.02084338490834381
SPY,2014-03-31,2013-10-01,2014-03-31,125,0.08744289430842361,1.1137240482640988e-05,0.10112642198638574,0.6752662306493368,0.006494587271205365,2.016,-0.021063674688830858,0.0,-0.02084338490834381
SPY,2014-04-01,2013-10-02,2014-04-01,125,0.08744289430842361,1.1137240482640988e-05,0.10022114321208257,0.6759455574582629,0.006739714173038151,2.016,-0.021063674688830858,0.0,-0.02084338490834381
SPY,2014-04-02,2013-10-03,2014-04-02,125,0.08744289430842361,1.0808085282434566e-05,0.10203894960957838,0.6762531022411961,0.006753973640190421,4.032,-0.022059983152256546,0.0014089929412837068,-0.02181747014855906
SPY,2014-04-03,2013-10-04,2014-04-03,125,0.08744289430842361,1.0700543037021174e-05,0.10022114321208257,0.6759440477845783,0.006469410169513506,4.032,-0.022059983152256546,0.0014089929412837068,-0.02181747014855906
SPY,2014-04-04,2013-10-07,2014-04-04,125,0.08744289430842361,1.1026423088263216e-05,0.08281129867820905,0.6890221555359504,0.006397608097633392,4.032,-0.022059983152256546,0.0014089929412837068,-0.02181747014855906
SPY,2014-04-07,2013-10-08,2014-04-07,125,0.08744289430842361,1.1026423088263216e-05,0.0805612213536241,0.6907117359940603,0.007267786399382196,4.032,-0.022059983152256546,0.0014089929412837068,-0.02181747014855906
SPY,2014-04-08,2013-10-09,2014-04-08,125,0.08744289430842361,1.0916708345382989e-05,0.0499870800518254,0.7154501972977441,0.007245140079585431,6.048,-0.00746512707221747,0.02529865811748628,-0.007119650367248154
SPY,2014-04-09,2013-10-10,2014-04-09,125,0.08744289430842361,1.0700543037021192e-05,0.07078226623694735,0.6980565074105699,0.007069546665929056,6.048,-0.00746512707221747,0.02529865811748628,-0.007119650367248154
SPY,2014-04-10,2013-10-11,2014-04-10,125,0.08744289430842361,1.2939627362231952e-05,0.16591530840880434,0.593879083048552,0.008106795785214975,2.016,-0.021063674688830858,0.0,-0.02084338490834381
SPY,2014-04-11,2013-10-14,2014-04-11,125,0.08744289430842361,1.3069672779229254e-05,0.15911231477902654,0.5952591366192715,0.011166721920214246,2.016,-0.021063674688830858,0.0,-0.02084338490834381
SPY,2014-04-14,2013-10-15,2014-04-14,125,0.08744289430842361,1.2939627362231952e-05,0.15383414564423672,0.5989948116662231,0.010031055219865597,2.016,-0.021063674688830858,0.0,-0.02084338490834381
SPY,2014-04-15,2013-10-16,2014-04-15,125,0.08744289430842361,1.2939627362231952e-05,0.1437082003393968,0.6026062366584617,0.008950976976140364,2.016,-0.021063674688830858,0.0,-0.02084338490834381
SPY,2014-04-16,2013-10-17,2014-04-16,125,0.08744289430842361,1.3069672779229254e-05,0.16180598607742702,0.5898694089018429,0.008299230506207038,2.016,-0.021063674688830858,0.0,-0.02084338490834381
SPY,2014-04-17,2013-10-18,2014-04-17,125,0.08744289430842361,1.3069672779229254e-05,0.15253718894980217,0.596391514670543,0.008320786349052074,2.016,-0.021063674688830858,0.0,-0.02084338490834381
SPY,2014-04-18,2013-10-21,2014-04-18,125,0.08744289430842361,1.3069672779229254e-05,0.15253718894980217,0.5946203373271827,0.007362047247083089,2.016,-0.021063674688830858,0.0,-0.02084338490834381
SPY,2014-04-21,2013-10-22,2014-04-21,125,0.08744289430842361,1.6449490289712883e-05,0.19389470131258768,0.48938939162106543,0.006374772380276102,2.016,-0.021063674688830858,0.0,-0.02084338490834381
SPY,2014-04-22,2013-10-23,2014-04-22,125,0.08744289430842361,1.8546748511736742e-05,0.22531631766180543,0.42117693878168205,0.006109418024905195,2.016,-0.023056291615682234,0.0,-0.022792526362560905
SPY,2014-04-23,2013-10-24,2014-04-23,125,0.08744289430842361,1.8546748511736742e-05,0.23237276708225874,0.41543473414895854,0.00609629937971167,2.016,-0.023056291615682234,0.0,-0.022792526362560905
SPY,2014-04-24,2013-10-25,2014-04-24,125,0.08744289430842361,1.8546748511736742e-05,0.23776526882192386,0.4106223927698801,0.005927259938812127,2.016,-0.023056291615682234,0.0,-0.022792526362560905
SPY,2014-04-25,2013-10-28,2014-04-25,125,0.08744289430842361,1.949766064214389e-05,0.22357612769243654,0.4086018577115509,0.005898620249375555,2.016,-0.023056291615682234,0.0,-0.022792526362560905
SPY,2014-04-28,2013-10-29,2014-04-28,125,0.08744289430842361,1.949766064214389e-05,0.2100001576309046,0.4177148547994346,0.007017989755659017,2.016,-0.023056291615682234,0.0,-0.022792526362560905
SPY,2014-04-29,2013-10-30,2014-04-29,125,0.08744289430842361,1.949766064214389e-05,0.21333650212533795,0.41398952358406466,0.006460146560479536,2.016,-0.023056291615682234,0.0,-0.022792526362560905
SPY,2014-04-30,2013-10-31,2014-04-30,125,0.08744289430842361,1.949766064214389e-05,0.21501909269322803,0.41310351723065625,0.006397010342268508,2.016,-0.023056291615682234,0.0,-0.022792526362560905
SPY,2014-05-01,2013-11-04,2014-05-01,124,0.08744289430842361,1.949766064214389e-05,0.20834640434556392,0.418587693452026,0.006179372983865179,2.032258064516129,-0.023056291615682234,0.0,-0.022792526362560905
SPY,2014-05-02,2013-11-04,2014-05-02,125,0.08744289430842361,1.930365567725226e-05,0.22012451333822458,0.41041569461158584,0.005894756148392864,2.016,-0.023056291615682234,0.0,-0.022792526362560905
SPY,2014-05-05,2013-11-06,2014-05-05,124,0.08744289430842361,1.7292873691693205e-05,0.21671129342819884,0.445182772240238,0.005731845806544477,4.064516129032258,-0.022059983152256546,0.0014089929412837068,-0.02181747014855906
SPY,2014-05-06,2013-11-07,2014-05-06,124,0.08744289430842361,1.7292873691693205e-05,0.2034428041547975,0.45467618620401545,0.005742494084792155,4.064516129032258,-0.022059983152256546,0.0014089929412837068,-0.02181747014855906
SPY,2014-05-07,2013-11-08,2014-05-07,124,0.08744289430842361,1.5184793376162226e-05,0.16316655993058748,0.52777106826457,0.006862970933525035,4.064516129032258,-0.022059983152256546,0.0014089929412837068,-0.02181747014855906
SPY,2014-05-08,2013-11-11,2014-05-08,124,0.08744289430842361,1.4444222264369064e-05,0.17294927484498418,0.5368443803042209,0.00672730885389304,2.032258064516129,-0.021063674688830858,0.0,-0.02084338490834381
SPY,2014-05-09,2013-11-11,2014-05-09,125,0.08744289430842361,1.4017330982038887e-05,0.17294927484498418,0.5424693864470224,0.006221079994149819,2.016,-0.021063674688830858,0.0,-0.02084338490834381
SPY,2014-05-12,2013-11-13,2014-05-12,124,0.08744289430842361,1.4300499851474626e-05,0.16180598607742702,0.5516664847489091,0.006038999422246378,2.032258064516129,-0.021063674688830858,0.0,-0.02084338490834381
SPY,2014-05-13,2013-11-14,2014-05-13,124,0.08744289430842361,1.415820750048246e-05,0.16045457951077202,0.554441121324033,0.006939004374428939,4.064516129032258,-0.022059983152256546,0.0014089929412837068,-0.02181747014855906
SPY,2014-05-14,2013-11-15,2014-05-14,124,0.08744289430842361,1.4017330982038887e-05,0.15911231477902654,0.5590864245741332,0.0063974425256102035,2.032258064516129,-0.021063674688830858,0.0,-0.02084338490834381
SPY,2014-05-15,2013-11-18,2014-05-15,124,0.08744289430842361,1.415820750048246e-05,0.1525371889498022,0.567221425479881,0.006433281977607674,2.032258064516129,-0.021063674688830858,0.0,-0.02084338490834381
SPY,2014-05-16,2013-11-18,2014-05-16,125,0.08744289430842361,1.37397692318962e-05,0.14494294236603364,0.5798218357523482,0.007127459356251836,2.016,-0.021063674688830858,0.0,-0.02084338490834381
SPY,2014-05-19,2013-11-20,2014-05-19,124,0.08744289430842361,1.37397692318962e-05,0.14005642694304923,0.5831347474415279,0.006692593800457429,4.064516129032258,-0.022059983152256546,0.0014089929412837068,-0.02181747014855906
SPY,2014-05-20,2013-11-21,2014-05-20,124,0.08744289430842361,1.3877856208374665e-05,0.1412649751568784,0.5804367911144538,0.006460498578078613,4.064516129032258,-0.022059983152256546,0.0014089929412837068,-0.02181747014855906
SPY,2014-05-21,2013-11-22,2014-05-21,124,0.08744289430842361,1.4017330982038887e-05,0.14618648003063808,0.5789765606885188,0.006725729194704991,2.032258064516129,-0.021063674688830858,0.0,-0.02084338490834381
SPY,2014-05-22,2013-11-25,2014-05-22,124,0.08744289430842361,1.4017330982038887e-05,0.1388565442726479,0.5839463602049524,0.006993386198902511,2.032258064516129,-0.021063674688830858,0.0,-0.02084338490834381
SPY,2014-05-23,2013-11-25,2014-05-23,125,0.08744289430842361,1.3877856208374665e-05,0.14005642694304926,0.5850057501851931,0.006563138457338784,2.016,-0.021063674688830858,0.0,-0.02084338490834381
SPY,2014-05-27,2013-11-29,2014-05-27,123,0.08744289430842361,1.3877856208374665e-05,0.11559839543202215,0.6111733409691636,0.006536058148087489,4.097560975609756,-0.022059983152256546,0.0014089929412837068,-0.02181747014855906
SPY,2014-05-28,2013-11-29,2014-05-28,124,0.08744289430842361,1.360305624379077e-05,0.11765860152238632,0.6116290857134652,0.006564650262609259,4.064516129032258,-0.022059983152256546,0.0014089929412837068,-0.02181747014855906
SPY,2014-05-29,2013-12-02,2014-05-29,124,0.08744289430842361,1.3467703572645636e-05,0.11356961508998492,0.6182186775961609,0.006354436737735607,4.064516129032258,-0.022059983152256546,0.0014089929412837068,-0.02181747014855906
SPY,2014-05-30,2013-12-02,2014-05-30,125,0.08744289430842361,1.3333697683080892e-05,0.11559839543202208,0.6168030581180535,0.006402379710033626,4.032,-0.022059983152256546,0.0014089929412837068,-0.02181747014855906
SPY,2014-06-02,2013-12-03,2014-06-02,125,0.08744289430842361,1.3201025174395908e-05,0.11870058753191409,0.614638816932539,0.006197022321959771,4.032,-0.022059983152256546,0.0014089929412837068,-0.02181747014855906
SPY,2014-06-03,2013-12-04,2014-06-03,125,0.08744289430842361,1.2939627362231952e-05,0.12403090039312112,0.612765480149729,0.006006264414366069,4.032,-0.022059983152256546,0.0014089929412837068,-0.02181747014855906
SPY,2014-06-04,2013-12-05,2014-06-04,125,0.08744289430842361,1.2432257316198904e-05,0.13069713919528914,0.6135500459673185,0.005827287213362281,4.032,-0.022059983152256546,0.0014089929412837068,-0.02181747014855906
SPY,2014-06-05,2013-12-06,2014-06-05,125,0.08744289430842361,1.2186082127546373e-05,0.13183732191109654,0.6163351507115531,0.005769124611328432,4.032,-0.022059983152256546,0.0014089929412837068,-0.02181747014855906
SPY,2014-06-06,2013-12-09,2014-06-06,125,0.08744289430842361,1.2186082127546373e-05,0.13530855247559523,0.6138701083844784,0.0061378790913961135,2.016,-0.021063674688830858,0.0,-0.02084338490834381
SPY,2014-06-09,2013-12-10,2014-06-09,125,0.08744289430842361,1.1944781534228121e-05,0.1412649751568784,0.609640757304944,0.006097778940794228,2.016,-0.021063674688830858,0.0,-0.02084338490834381
SPY,2014-06-10,2013-12-11,2014-06-10,125,0.08744289430842361,1.1362227664590563e-05,0.14870006773899075,0.6113146638682465,0.005791448319586609,2.016,-0.021063674688830858,0.0,-0.02084338490834381
SPY,2014-06-11,2013-12-12,2014-06-11,125,0.08744289430842361,1.1362227664590563e-05,0.1604545795107721,0.6011698568553722,0.005590049624004118,2.016,-0.021063674688830858,0.0,-0.02084338490834381
SPY,2014-06-12,2013-12-13,2014-06-12,125,0.08744289430842361,1.1476419951068052e-05,0.15645510620144412,0.6040330272906395,0.005731013358627432,2.016,-0.021063674688830858,0.0,-0.02084338490834381
SPY,2014-06-13,2013-12-16,2014-06-13,125,0.08744289430842361,1.0916708345382968e-05,0.15777916586578689,0.6098740777980445,0.006199599282898005,2.016,-0.021063674688830858,0.0,-0.02084338490834381
SPY,2014-06-16,2013-12-17,2014-06-16,125,0.08744289430842361,1.0594070854828615e-05,0.15911231477902668,0.6105840336184624,0.005904948652657419,2.016,-0.021063674688830858,0.0,-0.02084338490834381
SPY,2014-06-17,2013-12-18,2014-06-17,125,0.08744289430842361,1.0700543037021136e-05,0.1846906842717248,0.5788073276206552,0.005500006482926407,2.016,-0.021063674688830858,0.0,-0.02084338490834381
SPY,2014-06-18,2013-12-19,2014-06-18,125,0.08744289430842361,1.0808085282434527e-05,0.21000015763090468,0.5656885027436024,0.005343181458012819,2.016,-0.021063674688830858,0.0,-0.02084338490834381
SPY,2014-06-19,2013-12-20,2014-06-19,125,0.08744289430842361,1.0700543037021136e-05,0.20022175492607433,0.5743122918967993,0.006156474024764023,2.016,-0.021063674688830858,0.0,-0.02084338490834381
SPY,2014-06-20,2013-12-23,2014-06-20,125,0.08744289430842361,1.0700543037021136e-05,0.19862562114100718,0.5754577405828901,0.005720610087123791,2.016,-0.021063674688830858,0.0,-0.02084338490834381
SPY,2014-06-23,2013-12-24,2014-06-23,125,0.08744289430842361,1.0594070854828595e-05,0.20182748069234466,0.5731578039122902,0.005612807077351841,2.016,-0.021063674688830858,0.0,-0.02084338490834381
SPY,2014-06-24,2013-12-26,2014-06-24,125,0.08744289430842361,1.0700543037021136e-05,0.19546210223934926,0.5793531142532091,0.00541307963769104,2.016,-0.021063674688830858,0.0,-0.02084338490834381
SPY,2014-06-25,2013-12-26,2014-06-25,126,0.08744289430842361,1.0594070854828595e-05,0.19389470131258782,0.5821022360599768,0.006028560885045908,2.0,-0.021063674688830858,0.0,-0.02084338490834381
SPY,2014-06-26,2013-12-27,2014-06-26,126,0.08744289430842361,1.0077391922358403e-05,0.18620088961906056,0.5989088156219602,0.005954019944610883,2.0,-0.021063674688830858,0.0,-0.02084338490834381
SPY,2014-06-27,2013-12-30,2014-06-27,126,0.08744289430842361,9.302605212473702e-06,0.17874459180050803,0.6199744828528259,0.005587002885268402,2.0,-0.021063674688830858,0.0,-0.02084338490834381
SPY,2014-06-30,2013-12-31,2014-06-30,126,0.08744289430842361,9.118401287563232e-06,0.18469068427172478,0.616989599044366,0.0053415700982304875,2.0,-0.021063674688830858,0.0,-0.02084338490834381
SPY,2014-07-01,2014-01-02,2014-07-01,126,0.08744289430842361,9.118401287563232e-06,0.1816987229931346,0.6207554551006819,0.005202229109794047,2.0,-0.021063674688830858,0.0,-0.02084338490834381
SPY,2014-07-02,2014-01-03,2014-07-02,126,0.08744289430842361,9.02767167881018e-06,0.1892498199123119,0.6165073987608999,0.005780126918065783,2.0,-0.021063674688830858,0.0,-0.02084338490834381
SPY,2014-07-03,2014-01-06,2014-07-03,126,0.08744289430842361,8.84891180261871e-06,0.18469068427172478,0.6243946778618571,0.0054469323169248785,2.0,-0.021063674688830858,0.0,-0.02084338490834381
SPY,2014-07-07,2014-01-08,2014-07-07,125,0.08744289430842361,6.960800564060572e-06,0.16316655993058754,0.6835423229583457,0.005545096035619586,2.016,-0.021063674688830858,0.0,-0.02084338490834381
SPY,2014-07-08,2014-01-09,2014-07-08,125,0.08744289430842361,6.173676276177654e-06,0.1577791658657868,0.7059548333983204,0.0054936159508361,2.016,-0.021063674688830858,0.0,-0.02084338490834381
SPY,2014-07-09,2014-01-10,2014-07-09,125,0.08744289430842361,5.756297606008011e-06,0.1577791658657868,0.7126688537122304,0.005891313991988872,2.016,-0.021063674688830858,0.0,-0.02084338490834381
SPY,2014-07-10,2014-01-13,2014-07-10,125,0.08744289430842361,5.367136313381273e-06,0.1591123147790266,0.7179714338527486,0.005724105946479691,2.016,-0.021063674688830858,0.0,-0.02084338490834381
SPY,2014-07-11,2014-01-13,2014-07-11,126,0.08744289430842361,4.573571873982876e-06,0.1474388448096499,0.7449617023740568,0.005579978937653568,2.0,-0.021063674688830858,0.0,-0.02084338490834381
SPY,2014-07-14,2014-01-15,2014-07-14,125,0.08744289430842361,7.927157253014293e-06,0.21671129342819884,0.6108636985091628,0.005362645307103163,2.016,-0.021063674688830858,0.0,-0.02084338490834381
SPY,2014-07-15,2014-01-16,2014-07-15,125,0.08744289430842361,7.848280720450313e-06,0.21333650212533792,0.6134948185750752,0.005449420704810385,2.016,-0.021063674688830858,0.0,-0.02084338490834381
SPY,2014-07-16,2014-01-17,2014-07-16,125,0.08744289430842361,5.9912165677910584e-06,0.18021693669513641,0.680335625492665,0.005139622665000131,2.016,-0.021063674688830858,0.0,-0.02084338490834381
SPY,2014-07-17,2014-01-21,2014-07-17,125,0.08744289430842361,6.29839280984791e-06,0.1659153084088044,0.691022330527837,0.0053005812541742055,2.016,-0.021063674688830858,0.0,-0.02084338490834381
SPY,2014-07-18,2014-01-21,2014-07-18,126,0.08744289430842361,6.425628784621719e-06,0.1758281573628449,0.6816339018195856,0.007169999812807862,2.0,-0.021063674688830858,0.0,-0.02084338490834381
SPY,2014-07-21,2014-01-22,2014-07-21,126,0.08744289430842361,5.8725825312422495e-06,0.16045457951077208,0.7014122129073538,0.007454642558323935,2.0,-0.021063674688830858,0.0,-0.02084338490834381
SPY,2014-07-22,2014-01-23,2014-07-22,126,0.08744289430842361,5.586173301526508e-06,0.16045457951077208,0.7025615648889029,0.006720222053848898,0.0,0.0,0.0,0.0
SPY,2014-07-23,2014-01-24,2014-07-23,126,0.08744289430842361,5.31373241477231e-06,0.13298592800237893,0.7243596500739816,0.006241514530518351,2.0,-0.021063674688830858,0.0,-0.02084338490834381
SPY,2014-07-24,2014-01-27,2014-07-24,126,0.08744289430842361,8.087296452128037e-06,0.19389470131258774,0.6055215000039781,0.005696892125605224,2.0,-0.023056291615682234,0.0,-0.022792526362560905
SPY,2014-07-25,2014-01-27,2014-07-25,127,0.08744289430842361,8.250670677654649e-06,0.19546210223934912,0.5997980806296629,0.005258396552205759,1.984251968503937,-0.023056291615682234,0.0,-0.022792526362560905
SPY,2014-07-28,2014-01-29,2014-07-28,126,0.08744289430842361,7.927157253014322e-06,0.18620088961906048,0.6051540133828881,0.005410986289782817,2.0,-0.023056291615682234,0.0,-0.022792526362560905
SPY,2014-07-29,2014-01-30,2014-07-29,126,0.08744289430842361,8.333591296521508e-06,0.18021693669513641,0.5952313023526549,0.005069708563664057,2.0,-0.023056291615682234,0.0,-0.022792526362560905
SPY,2014-07-30,2014-01-31,2014-07-30,126,0.08744289430842361,8.333591296521508e-06,0.14870006773899075,0.611281123205028,0.005265139756945478,2.0,-0.023056291615682234,0.0,-0.022792526362560905
SPY,2014-07-31,2014-02-03,2014-07-31,126,0.08744289430842361,9.8778461926881e-06,0.08748363187573692,0.6459003818465056,0.005530550209492441,6.0,-0.021407090943091827,0.0015111183445438723,-0.02117846791536193
SPY,2014-08-01,2014-02-03,2014-08-01,127,0.08744289430842361,9.8778461926881e-06,0.07836705176911768,0.6523526021871888,0.0079227192440497,5.952755905511811,-0.021407090943091827,0.0015111183445438723,-0.02117846791536193
SPY,2014-08-04,2014-02-05,2014-08-04,126,0.08744289430842361,9.977120197356325e-06,0.07345853477765571,0.6558262534773291,0.007132802977907613,4.0,-0.020582490606796622,0.0006979706403030461,-0.020371878337852478
SPY,2014-08-05,2014-02-06,2014-08-05,126,0.08744289430842361,1.017867139495093e-05,0.08748363187573684,0.6363653348047118,0.0069323600438665894,4.0,-0.020582490606796622,0.0006979706403030461,-0.020371878337852478
SPY,2014-08-06,2014-02-07,2014-08-06,126,0.08744289430842361,1.0077391922358582e-05,0.06756364375139548,0.6522202733625805,0.006799503518916865,4.0,-0.020582490606796622,0.0006979706403030461,-0.020371878337852478
SPY,2014-08-07,2014-02-10,2014-08-07,126,0.08744289430842361,1.0077391922358582e-05,0.0669364186197766,0.6526583051100493,0.006339075930603646,4.0,-0.020582490606796622,0.0006979706403030461,-0.020371878337852478
SPY,2014-08-08,2014-02-10,2014-08-08,127,0.08744289430842361,1.017867139495093e-05,0.07078226623694744,0.6538584422614752,0.00628011791527302,3.968503937007874,-0.020582490606796622,0.0006979706403030461,-0.020371878337852478
SPY,2014-08-11,2014-02-12,2014-08-11,126,0.08744289430842361,1.0077391922358582e-05,0.07552654721539374,0.6505193518460406,0.006708306132094583,4.0,-0.020582490606796622,0.0006979706403030461,-0.020371878337852478
SPY,2014-08-12,2014-02-13,2014-08-12,126,0.08744289430842361,1.0077391922358582e-05,0.07210895130717526,0.6509847147372525,0.006278019565182122,4.0,-0.020582490606796622,0.0006979706403030461,-0.020371878337852478
SPY,2014-08-13,2014-02-14,2014-08-13,126,0.08744289430842361,1.017867139495093e-05,0.07210895130717526,0.650984013162735,0.006024412254797823,4.0,-0.020582490606796622,0.0006979706403030461,-0.020371878337852478
SPY,2014-08-14,2014-02-18,2014-08-14,126,0.08744289430842361,1.017867139495093e-05,0.07210895130717526,0.6490366989394261,0.006057180485615164,4.0,-0.020582490606796622,0.0006979706403030461,-0.020371878337852478
SPY,2014-08-15,2014-02-18,2014-08-15,127,0.08744289430842361,1.0077391922358582e-05,0.07210895130717526,0.6490359994643099,0.005904965631499901,3.968503937007874,-0.020582490606796622,0.0006979706403030461,-0.020371878337852478
SPY,2014-08-18,2014-02-19,2014-08-18,127,0.08744289430842361,1.017867139495093e-05,0.06947816032892465,0.6528276082102183,0.005767463597496973,3.968503937007874,-0.020582490606796622,0.0006979706403030461,-0.020371878337852478
SPY,2014-08-19,2014-02-20,2014-08-19,127,0.08744289430842361,1.017867139495093e-05,0.07012741076709927,0.6523714110311803,0.006046788537493244,3.968503937007874,-0.020582490606796622,0.0006979706403030461,-0.020371878337852478
SPY,2014-08-20,2014-02-21,2014-08-20,127,0.08744289430842361,1.017867139495093e-05,0.07078226623694737,0.6499618748857113,0.00595562389953902,3.968503937007874,-0.020582490606796622,0.0006979706403030461,-0.020371878337852478
SPY,2014-08-21,2014-02-24,2014-08-21,127,0.08744289430842361,1.017867139495093e-05,0.07012741076709927,0.6484606467566858,0.0057770617903622305,3.968503937007874,-0.020582490606796622,0.0006979706403030461,-0.020371878337852478
SPY,2014-08-22,2014-02-24,2014-08-22,128,0.08744289430842361,1.0077391922358582e-05,0.07210895130717526,0.6470780922694096,0.005654107835257677,3.9375,-0.020582490606796622,0.0006979706403030461,-0.020371878337852478
SPY,2014-08-25,2014-02-26,2014-08-25,127,0.08744289430842361,1.017867139495093e-05,0.07210895130717526,0.6451152514863613,0.005586877027376045,3.968503937007874,-0.020582490606796622,0.0006979706403030461,-0.020371878337852478
SPY,2014-08-26,2014-02-27,2014-08-26,127,0.08744289430842361,1.0077391922358582e-05,0.0741420136691909,0.643701071821562,0.005603318291987533,3.968503937007874,-0.020582490606796622,0.0006979706403030461,-0.020371878337852478
SPY,2014-08-27,2014-02-28,2014-08-27,127,0.08744289430842361,9.977120197356325e-06,0.07764789430850562,0.6393048522227742,0.005454337793292448,3.968503937007874,-0.020582490606796622,0.0006979706403030461,-0.020371878337852478
SPY,2014-08-28,2014-03-03,2014-08-28,127,0.08744289430842361,9.585911718773291e-06,0.08357394057564914,0.6390800679311721,0.005291090554339756,3.968503937007874,-0.020582490606796622,0.0006979706403030461,-0.020371878337852478
SPY,2014-08-29,2014-03-03,2014-08-29,128,0.08744289430842361,9.4905303035057e-06,0.08590029324263733,0.6374570622503287,0.005236275296418461,3.9375,-0.020582490606796622,0.0006979706403030461,-0.020371878337852478
SPY,2014-09-02,2014-03-03,2014-09-02,129,0.08744289430842361,9.396097949177263e-06,0.0890933074511153,0.6352296827871575,0.005232711724073531,3.906976744186047,-0.020582490606796622,0.0006979706403030461,-0.020371878337852478
SPY,2014-09-03,2014-03-04,2014-09-03,129,0.08744289430842361,8.848911802618837e-06,0.08434295937287242,0.6481077168750257,0.005123970705734746,3.906976744186047,-0.020582490606796622,0.0006979706403030461,-0.020371878337852478
SPY,2014-09-04,2014-03-05,2014-09-04,129,0.08744289430842361,8.673691609135475e-06,0.10482043759446201,0.6373002310533818,0.00498364798716264,3.906976744186047,-0.020582490606796622,0.0006979706403030461,-0.020371878337852478
SPY,2014-09-05,2014-03-06,2014-09-05,129,0.08744289430842361,8.587386935616132e-06,0.10203894960957849,0.6429472783485121,0.004999636142886135,3.906976744186047,-0.020582490606796622,0.0006979706403030461,-0.020371878337852478
SPY,2014-09-08,2014-03-10,2014-09-08,128,0.08744289430842361,6.891539441209383e-06,0.09493937942305528,0.6979253915974768,0.00507189803677926,3.9375,-0.020582490606796622,0.0006979706403030461,-0.020371878337852478
SPY,2014-09-09,2014-03-10,2014-09-09,129,0.08744289430842361,6.96080056406067e-06,0.09323490389416968,0.6992390039661338,0.005111570277163705,3.906976744186047,-0.020582490606796622,0.0006979706403030461,-0.020371878337852478
SPY,2014-09-10,2014-03-11,2014-09-10,129,0.08744289430842361,6.755077817314618e-06,0.09408368311790839,0.7017639735282969,0.005405046218591643,3.906976744186047,-0.020582490606796622,0.0006979706403030461,-0.020371878337852478
SPY,2014-09-11,2014-03-12,2014-09-11,129,0.08744289430842361,6.235722754276891e-06,0.09239300014347672,0.7154691541799526,0.005260048605324301,3.906976744186047,-0.020582490606796622,0.0006979706403030461,-0.020371878337852478
SPY,2014-09-12,2014-03-13,2014-09-12,129,0.08744289430842361,6.173676276177742e-06,0.09580203440156156,0.7127810145702511,0.005077531189754074,3.906976744186047,-0.020582490606796622,0.0006979706403030461,-0.020371878337852478
SPY,2014-09-15,2014-03-17,2014-09-15,128,0.08744289430842361,6.112247170850958e-06,0.09667168962306916,0.7120946753660743,0.005301823050474248,3.9375,-0.020582490606796622,0.0006979706403030461,-0.020371878337852478
SPY,2014-09-16,2014-03-17,2014-09-16,129,0.08744289430842361,6.173676276177742e-06,0.09580203440156156,0.7127794372083178,0.00514456827681672,3.906976744186047,-0.020582490606796622,0.0006979706403030461,-0.020371878337852478
SPY,2014-09-17,2014-03-18,2014-09-17,129,0.08744289430842361,6.112247170850958e-06,0.09408368311790848,0.7141332255688578,0.005440841996810897,3.906976744186047,-0.020582490606796622,0.0006979706403030461,-0.020371878337852478
SPY,2014-09-18,2014-03-19,2014-09-18,129,0.08744289430842361,6.051429295334815e-06,0.09408368311790848,0.7156399018519563,0.005222119285262739,3.906976744186047,-0.020582490606796622,0.0006979706403030461,-0.020371878337852478
SPY,2014-09-19,2014-03-20,2014-09-19,129,0.08744289430842361,6.051429295334815e-06,0.09323490389416975,0.7163096156314326,0.005254466127190678,3.906976744186047,-0.020582490606796622,0.0006979706403030461,-0.020371878337852478
SPY,2014-09-22,2014-03-24,2014-09-22,128,0.08744289430842361,6.112247170850958e-06,0.09408368311790848,0.7156383226673099,0.0053714296216335455,3.9375,-0.020582490606796622,0.0006979706403030461,-0.020371878337852478
SPY,2014-09-23,2014-03-24,2014-09-23,129,0.08744289430842361,6.112247170850958e-06,0.09493937942305535,0.7164589120226417,0.005793664854966231,3.906976744186047,-0.020582490606796622,0.0006979706403030461,-0.020371878337852478
SPY,2014-09-24,2014-03-25,2014-09-24,129,0.08744289430842361,6.112247170850958e-06,0.09580203440156156,0.7157752304081779,0.005801747224530886,3.906976744186047,-0.020582490606796622,0.0006979706403030461,-0.020371878337852478
SPY,2014-09-25,2014-03-26,2014-09-25,129,0.08744289430842361,6.4902074275280286e-06,0.1218745446378038,0.6965794345943312,0.0062042428972330504,1.9534883720930234,-0.02008895083396922,0.0,-0.01988851230501698
SPY,2014-09-26,2014-03-27,2014-09-26,129,0.08744289430842361,6.621318314615695e-06,0.12403090039312153,0.6919780642288608,0.008231520346752733,1.9534883720930234,-0.02008895083396922,0.0,-0.01988851230501698
SPY,2014-09-29,2014-03-31,2014-09-29,128,0.08744289430842361,6.555435096585592e-06,0.11458009679541198,0.696487704699615,0.00771411480686114,3.9375,-0.020582490606796622,0.0006979706403030461,-0.020371878337852478
SPY,2014-09-30,2014-03-31,2014-09-30,129,0.08744289430842361,6.555435096585592e-06,0.11058467354095959,0.6981326330795229,0.006943545537946983,3.906976744186047,-0.020582490606796622,0.0006979706403030461,-0.020371878337852478
SPY,2014-10-01,2014-04-02,2014-10-01,128,0.08744289430842361,6.555435096585592e-06,0.11662455055048036,0.6992879280510969,0.0065207788227355816,1.96875,-0.02008895083396922,0.0,-0.01988851230501698
SPY,2014-10-02,2014-04-03,2014-10-02,128,0.08744289430842361,6.173676276177742e-06,0.1096050607592362,0.7106506457793836,0.007489556790108405,3.9375,-0.020582490606796622,0.0006979706403030461,-0.020371878337852478
SPY,2014-10-03,2014-04-04,2014-10-03,128,0.08744289430842361,5.99121656779108e-06,0.11870058753191463,0.7076121714011967,0.0068512357650195276,1.96875,-0.02008895083396922,0.0,-0.01988851230501698
SPY,2014-10-06,2014-04-07,2014-10-06,128,0.08744289430842361,5.931602966896821e-06,0.10482043759446226,0.7173351840312665,0.007104973605894834,3.9375,-0.020582490606796622,0.0006979706403030461,-0.020371878337852478
SPY,2014-10-07,2014-04-08,2014-10-07,128,0.08744289430842361,5.5861733015265475e-06,0.1096050607592361,0.7325122772045226,0.006706656539319388,3.9375,-0.020582490606796622,0.0006979706403030461,-0.020371878337852478
SPY,2014-10-08,2014-04-09,2014-10-08,128,0.08744289430842361,5.260859893832938e-06,0.13766529362822913,0.722776797415767,0.00855946451958927,3.9375,-0.020582490606796622,0.0006979706403030461,-0.020371878337852478
SPY,2014-10-09,2014-04-10,2014-10-09,128,0.08744289430842361,4.4830090831511955e-06,0.13648264111587946,0.7476623706834961,0.010059362613938912,3.9375,-0.020582490606796622,0.0006979706403030461,-0.020371878337852478
SPY,2014-10-10,2014-04-11,2014-10-10,128,0.08744289430842361,3.1591231069974526e-06,0.13766529362822916,0.7915661106110052,0.012245208853300682,1.96875,-0.02008895083396922,0.0,-0.01988851230501698
SPY,2014-10-13,2014-04-14,2014-10-13,128,0.08744289430842361,2.887221125595912e-06,0.14494294236603422,0.7967371279256724,0.012184110506314303,1.96875,-0.02008895083396922,0.0,-0.01988851230501698
SPY,2014-10-14,2014-04-15,2014-10-14,128,0.08744289430842361,2.8018908457014512e-06,0.13766529362822919,0.8040631518160849,0.012585192413810732,1.96875,-0.02008895083396922,0.0,-0.01988851230501698
SPY,2014-10-15,2014-04-16,2014-10-15,128,0.08744289430842361,2.8018908457014512e-06,0.1353085524755958,0.8051605899697355,0.011357265517279006,1.96875,-0.02008895083396922,0.0,-0.01988851230501698
SPY,2014-10-16,2014-04-17,2014-10-16,128,0.08744289430842361,2.830050316852351e-06,0.13648264111587952,0.8046175912763686,0.010809524152315458,1.96875,-0.02008895083396922,0.0,-0.01988851230501698
SPY,2014-10-17,2014-04-18,2014-10-17,128,0.08744289430842361,2.830050316852351e-06,0.13766529362822919,0.8046013944690217,0.009876968323286247,1.96875,-0.02008895083396922,0.0,-0.01988851230501698
SPY,2014-10-20,2014-04-21,2014-10-20,128,0.08744289430842361,2.830050316852351e-06,0.1364826411158795,0.8051621749467799,0.010104960284188686,1.96875,-0.02008895083396922,0.0,-0.01988851230501698
SPY,2014-10-21,2014-04-22,2014-10-21,128,0.08744289430842361,2.2939942021434543e-06,0.1437082003393974,0.8195369150697647,0.010286744896080191,1.96875,-0.02008895083396922,0.0,-0.01988851230501698
SPY,2014-10-22,2014-04-23,2014-10-22,128,0.08744289430842361,2.2939942021434543e-06,0.14126497515687894,0.8208013524193678,0.011816889889248491,1.96875,-0.02008895083396922,0.0,-0.01988851230501698
SPY,2014-10-23,2014-04-24,2014-10-23,128,0.08744289430842361,2.2939942021434543e-06,0.14248222204465055,0.8199973399213477,0.011198116391910743,1.96875,-0.02008895083396922,0.0,-0.01988851230501698
SPY,2014-10-24,2014-04-25,2014-10-24,128,0.08744289430842361,2.3638567264618014e-06,0.14126497515687894,0.8177906084146507,0.011097635422076226,1.96875,-0.02008895083396922,0.0,-0.01988851230501698
SPY,2014-10-27,2014-04-28,2014-10-27,128,0.08744289430842361,2.560735421612527e-06,0.14126497515687894,0.8119718432818861,0.010329727656492559,1.96875,-0.02008895083396922,0.0,-0.01988851230501698
SPY,2014-10-28,2014-04-29,2014-10-28,128,0.08744289430842361,2.535255678443089e-06,0.14126497515687894,0.8132798023093278,0.009505302980285464,1.96875,-0.02008895083396922,0.0,-0.01988851230501698
SPY,2014-10-29,2014-04-30,2014-10-29,128,0.08744289430842361,2.6124657085830785e-06,0.13885654427264843,0.8115144781553593,0.009627283086082763,1.96875,-0.02008895083396922,0.0,-0.01988851230501698
SPY,2014-10-30,2014-05-01,2014-10-30,128,0.08744289430842361,2.746409689706897e-06,0.13885654427264846,0.8066244588173592,0.008729519462851132,1.96875,-0.02008895083396922,0.0,-0.01988851230501698
SPY,2014-10-31,2014-05-01,2014-10-31,129,0.08744289430842361,2.6920271342075186e-06,0.13885654427264849,0.8096084575902628,0.008386724013446324,1.9534883720930234,-0.02008895083396922,0.0,-0.01988851230501698
SPY,2014-11-03,2014-05-05,2014-11-03,128,0.08744289430842361,2.746409689706897e-06,0.14005642694304982,0.8049864115217632,0.008713715060821445,1.96875,-0.02008895083396922,0.0,-0.01988851230501698
SPY,2014-11-04,2014-05-05,2014-11-04,129,0.08744289430842361,2.9455468612864962e-06,0.14005642694304982,0.7979062705217038,0.007859645987141813,1.9534883720930234,-0.02008895083396922,0.0,-0.01988851230501698
SPY,2014-11-05,2014-05-06,2014-11-05,129,0.08744289430842361,3.096568278291608e-06,0.1424822220446506,0.7909024703218678,0.007232095643401723,1.9534883720930234,-0.02008895083396922,0.0,-0.01988851230501698
SPY,2014-11-06,2014-05-07,2014-11-06,129,0.08744289430842361,3.159123106997441e-06,0.14370820033939743,0.787906757897803,0.006970782970374035,1.9534883720930234,-0.02008895083396922,0.0,-0.01988851230501698
SPY,2014-11-07,2014-05-08,2014-11-07,129,0.08744289430842361,3.3544723700458056e-06,0.1461864800306387,0.7790818578028401,0.006488456755862327,1.9534883720930234,-0.02008895083396922,0.0,-0.01988851230501698
SPY,2014-11-10,2014-05-12,2014-11-10,128,0.08744289430842361,3.6338565373435827e-06,0.15253718894980287,0.7640025315894964,0.005863627873732596,1.96875,-0.02008895083396922,0.0,-0.01988851230501698
SPY,2014-11-11,2014-05-12,2014-11-11,129,0.08744289430842361,3.7072653088629085e-06,0.1564551062014447,0.7566490059767821,0.005500596232429621,1.9534883720930234,-0.02008895083396922,0.0,-0.01988851230501698
SPY,2014-11-12,2014-05-13,2014-11-12,129,0.08744289430842361,3.7821570359366423e-06,0.1631665599305882,0.7490692107559845,0.005101754411795895,1.9534883720930234,-0.02008895083396922,0.0,-0.01988851230501698
SPY,2014-11-13,2014-05-14,2014-11-13,129,0.08744289430842361,3.82016834608636e-06,0.17010778829118117,0.7396891202814061,0.004737078939968037,1.9534883720930234,-0.02008895083396922,0.0,-0.01988851230501698
SPY,2014-11-14,2014-05-15,2014-11-14,129,0.08744289430842361,3.897340865805098e-06,0.17874459180050872,0.7287575394447751,0.004431440712063643,1.9534883720930234,-0.02008895083396922,0.0,-0.01988851230501698
SPY,2014-11-17,2014-05-19,2014-11-17,128,0.08744289430842361,3.858561676254177e-06,0.18924981991231266,0.7210427102895662,0.004181979430276008,1.96875,-0.02008895083396922,0.0,-0.01988851230501698
SPY,2014-11-18,2014-05-19,2014-11-18,129,0.08744289430842361,3.897340865805098e-06,0.18620088961906128,0.7237533947561205,0.004104305131253529,1.9534883720930234,-0.02008895083396922,0.0,-0.01988851230501698
SPY,2014-11-19,2014-05-20,2014-11-19,129,0.08744289430842361,3.858561676254177e-06,0.18772059707927635,0.7215985073845229,0.004515342912389242,1.9534883720930234,-0.02008895083396922,0.0,-0.01988851230501698
SPY,2014-11-20,2014-05-21,2014-11-20,129,0.08744289430842361,3.7072653088629017e-06,0.192336860770148,0.7221918649975682,0.004335934440113789,1.9534883720930234,-0.02008895083396922,0.0,-0.01988851230501698
SPY,2014-11-21,2014-05-22,2014-11-21,129,0.08744289430842361,3.744523944642313e-06,0.1938947013125885,0.7223115812371915,0.0042411945406666835,1.9534883720930234,-0.02008895083396922,0.0,-0.01988851230501698
SPY,2014-11-24,2014-05-27,2014-11-24,128,0.08744289430842361,3.7072653088629017e-06,0.19546210223934993,0.7223931337037639,0.004635912293751147,1.96875,-0.02008895083396922,0.0,-0.01988851230501698
SPY,2014-11-25,2014-05-27,2014-11-25,129,0.08744289430842361,3.561901356891255e-06,0.1954621022393499,0.7245786984701872,0.00448449195291669,1.9534883720930234,-0.02008895083396922,0.0,-0.01988851230501698
SPY,2014-11-26,2014-05-27,2014-11-26,130,0.08744289430842361,3.491370984474341e-06,0.1954621022393499,0.7252950419413248,0.00427632081197981,1.9384615384615382,-0.02008895083396922,0.0,-0.01988851230501698
SPY,2014-11-28,2014-05-29,2014-11-28,129,0.08744289430842361,3.456631262735491e-06,0.19703907273679142,0.7259858115239556,0.00425728720931772,1.9534883720930234,-0.02008895083396922,0.0,-0.01988851230501698
SPY,2014-12-01,2014-06-02,2014-12-01,128,0.08744289430842361,3.7072653088629085e-06,0.1954621022393499,0.7252932123623856,0.004362034582203792,1.96875,-0.02008895083396922,0.0,-0.01988851230501698
SPY,2014-12-02,2014-06-03,2014-12-02,128,0.08744289430842361,3.74452394464232e-06,0.1954621022393499,0.7252923108595299,0.005252432465528463,1.96875,-0.02008895083396922,0.0,-0.01988851230501698
SPY,2014-12-03,2014-06-04,2014-12-03,128,0.08744289430842361,3.74452394464232e-06,0.19233686077014794,0.7266629083341852,0.005542415536359958,1.96875,-0.02008895083396922,0.0,-0.01988851230501698
SPY,2014-12-04,2014-06-05,2014-12-04,128,0.08744289430842361,3.7072653088629085e-06,0.190788570587205,0.7273219336223696,0.00533291875034027,1.96875,-0.02008895083396922,0.0,-0.01988851230501698
SPY,2014-12-05,2014-06-06,2014-12-05,128,0.08744289430842361,3.6703774027037815e-06,0.190788570587205,0.727321034819032,0.004968007030103017,1.96875,-0.02008895083396922,0.0,-0.01988851230501698
SPY,2014-12-08,2014-06-09,2014-12-08,128,0.08744289430842361,3.820168346086373e-06,0.190788570587205,0.7273201360168051,0.004743203927543236,1.96875,-0.02008895083396922,0.0,-0.01988851230501698
SPY,2014-12-09,2014-06-10,2014-12-09,128,0.08744289430842361,3.782157035936649e-06,0.18772059707927627,0.7285872456629156,0.005521914159484162,1.96875,-0.02008895083396922,0.0,-0.01988851230501698
SPY,2014-12-10,2014-06-11,2014-12-10,128,0.08744289430842361,4.7602228829846965e-06,0.19389470131258849,0.7160999773761977,0.00536023531227202,3.9375,-0.018215875044331753,0.0026489291850580023,-0.01804752372569096
SPY,2014-12-11,2014-06-12,2014-12-11,128,0.08744289430842361,4.808063918316571e-06,0.18620088961906123,0.7196545954787195,0.008797316916296236,3.9375,-0.018215875044331753,0.0026489291850580023,-0.01804752372569096
SPY,2014-12-12,2014-06-13,2014-12-12,128,0.08744289430842361,5.004284729189563e-06,0.21501909269322886,0.702636432351276,0.008328529929239723,3.9375,-0.018215875044331753,0.0026489291850580023,-0.01804752372569096
SPY,2014-12-15,2014-06-16,2014-12-15,128,0.08744289430842361,5.004284729189563e-06,0.21000015763090535,0.7056326658748486,0.010542801939287905,3.9375,-0.018215875044331753,0.0026489291850580023,-0.01804752372569096
SPY,2014-12-16,2014-06-17,2014-12-16,128,0.08744289430842361,5.004284729189563e-06,0.2083464043455647,0.7063507911953302,0.009607362885160288,3.9375,-0.018215875044331753,0.0026489291850580023,-0.01804752372569096
SPY,2014-12-17,2014-06-18,2014-12-17,128,0.08744289430842361,4.954491264167637e-06,0.23416074928124192,0.6975542409515079,0.009614901530359191,3.9375,-0.018215875044331753,0.0026489291850580023,-0.01804752372569096
SPY,2014-12-18,2014-06-19,2014-12-18,128,0.08744289430842361,4.808063918316588e-06,0.2659983514506668,0.6870754812510409,0.013293272848652143,3.9375,-0.018215875044331753,0.0026489291850580023,-0.01804752372569096
SPY,2014-12-19,2014-06-20,2014-12-19,128,0.08744289430842361,4.856385764047029e-06,0.2544533787013473,0.6917418213117136,0.016214194208386722,3.9375,-0.018215875044331753,0.0026489291850580023,-0.01804752372569096
SPY,2014-12-22,2014-06-23,2014-12-22,128,0.08744289430842361,5.054578626854677e-06,0.24694239367735604,0.6906435934161989,0.013496824410440412,3.9375,-0.018215875044331753,0.0026489291850580023,-0.01804752372569096
SPY,2014-12-23,2014-06-24,2014-12-23,128,0.08744289430842361,5.367136313381349e-06,0.24324320472693797,0.6841960425760601,0.011399286640627655,3.9375,-0.018215875044331753,0.0026489291850580023,-0.01804752372569096
SPY,2014-12-24,2014-06-25,2014-12-24,128,0.08744289430842361,5.6990214878390375e-06,0.24508808894244893,0.6742841008248719,0.00957607385211419,3.9375,-0.018215875044331753,0.0026489291850580023,-0.01804752372569096
SPY,2014-12-26,2014-06-27,2014-12-26,127,0.08744289430842361,6.1122471708509356e-06,0.24694239367735604,0.6627993180774853,0.008041799605529969,3.968503937007874,-0.018215875044331753,0.0026489291850580023,-0.01804752372569096
SPY,2014-12-29,2014-06-30,2014-12-29,127,0.08744289430842361,6.822967478045174e-06,0.256354446479021,0.6375950011435236,0.0068400323404336424,1.984251968503937,-0.02008895083396922,0.0,-0.01988851230501698
SPY,2014-12-30,2014-07-01,2014-12-30,127,0.08744289430842361,7.172788501182498e-06,0.26211319487575074,0.6252304785772628,0.005952424091424669,1.984251968503937,-0.02008895083396922,0.0,-0.01988851230501698
SPY,2014-12-31,2014-07-01,2014-12-31,128,0.08744289430842361,6.687863669995032e-06,0.245088088942449,0.6535541246062496,0.006230529287641367,1.96875,-0.02008895083396922,0.0,-0.01988851230501698
