Datetime,Open,High,Low,Close,Volume
2023-09-20 09:30:00,179.26,179.695,179.26,179.315,741072
2023-09-20 09:31:00,179.3,179.32,178.82,178.83,280244
2023-09-20 09:32:00,178.83,179.0,178.82,178.86,121019
2023-09-20 09:33:00,178.87,178.88,178.68,178.7423,228313
2023-09-20 09:34:00,178.73,178.83,178.63,178.665,161866
2023-09-20 09:35:00,178.67,178.9199,178.67,178.755,126488
2023-09-20 09:36:00,178.76,178.8827,178.64,178.695,120636
2023-09-20 09:37:00,178.695,178.8,178.63,178.65,117587
2023-09-20 09:38:00,178.65,178.7099,178.5,178.58,245781
2023-09-20 09:39:00,178.57,178.67,178.53,178.65,142780
2023-09-20 09:40:00,178.64,178.8199,178.53,178.57,225756
2023-09-20 09:41:00,178.56,178.84,178.56,178.8001,161689
2023-09-20 09:42:00,178.81,178.81,178.46,178.495,195550
2023-09-20 09:43:00,178.5,178.52,178.41,178.4714,176299
2023-09-20 09:44:00,178.475,178.5399,178.35,178.35,187047
2023-09-20 09:45:00,178.3401,178.465,178.2874,178.4475,182172
2023-09-20 09:46:00,178.447,178.51,178.3,178.31,141259
2023-09-20 09:47:00,178.315,178.44,178.31,178.335,124383
2023-09-20 09:48:00,178.335,178.35,178.09,178.1313,294378
2023-09-20 09:49:00,178.138,178.18,177.98,178.08,362762
2023-09-20 09:50:00,178.075,178.23,178.03,178.0401,161895
2023-09-20 09:51:00,178.05,178.18,178.0403,178.15,122058
2023-09-20 09:52:00,178.14,178.21,178.06,178.13,102043
2023-09-20 09:53:00,178.1249,178.17,178.055,178.13,100968
2023-09-20 09:54:00,178.14,178.3452,178.13,178.305,188394
2023-09-20 09:55:00,178.306,178.47,178.29,178.43,205580
2023-09-20 09:56:00,178.44,178.5,178.34,178.495,153704
2023-09-20 09:57:00,178.4908,178.58,178.37,178.4099,153871
2023-09-20 09:58:00,178.4059,178.43,178.25,178.39,170739
2023-09-20 09:59:00,178.385,178.42,178.33,178.41,136035
2023-09-20 10:00:00,178.4,178.425,178.23,178.27,215656
2023-09-20 10:01:00,178.27,178.417,178.2598,178.38,87573
2023-09-20 10:02:00,178.36,178.4,178.12,178.135,119252
2023-09-20 10:03:00,178.12,178.1314,177.96,177.97,183037
2023-09-20 10:04:00,177.975,178.04,177.8354,177.8354,200086
2023-09-20 10:05:00,177.84,177.91,177.71,177.775,215810
2023-09-20 10:06:00,177.79,177.83,177.62,177.6301,156694
2023-09-20 10:07:00,177.635,177.83,177.6,177.8,182886
2023-09-20 10:08:00,177.8,177.94,177.755,177.935,169948
2023-09-20 10:09:00,177.94,177.95,177.8,177.82,105784
2023-09-20 10:10:00,177.83,177.92,177.8,177.81,76046
2023-09-20 10:11:00,177.8,177.84,177.67,177.7149,100010
2023-09-20 10:12:00,177.72,177.745,177.62,177.625,88273
2023-09-20 10:13:00,177.625,177.7164,177.59,177.7,107704
2023-09-20 10:14:00,177.69,177.75,177.4617,177.475,208224
2023-09-20 10:15:00,177.475,177.52,177.415,177.46,182940
2023-09-20 10:16:00,177.455,177.49,177.2792,177.28,227609
2023-09-20 10:17:00,177.285,177.3799,177.26,177.31,125516
2023-09-20 10:18:00,177.32,177.47,177.31,177.425,154231
2023-09-20 10:19:00,177.425,177.489,177.3501,177.42,109498
2023-09-20 10:20:00,177.429,177.44,177.31,177.32,92025
2023-09-20 10:21:00,177.34,177.38,177.2808,177.36,100445
2023-09-20 10:22:00,177.36,177.42,177.28,177.405,153734
2023-09-20 10:23:00,177.42,177.555,177.3901,177.55,163691
2023-09-20 10:24:00,177.54,177.56,177.453,177.48,102834
2023-09-20 10:25:00,177.4772,177.5399,177.45,177.5,79262
2023-09-20 10:26:00,177.49,177.53,177.41,177.425,81503
2023-09-20 10:27:00,177.42,177.47,177.37,177.405,98737
2023-09-20 10:28:00,177.41,177.58,177.41,177.54,88152
2023-09-20 10:29:00,177.5401,177.64,177.5401,177.58,80211
2023-09-20 10:30:00,177.59,177.6,177.46,177.4775,102918
2023-09-20 10:31:00,177.48,177.5399,177.44,177.48,134410
2023-09-20 10:32:00,177.49,177.55,177.45,177.485,124752
2023-09-20 10:33:00,177.5,177.58,177.49,177.5199,67532
2023-09-20 10:34:00,177.525,177.72,177.5199,177.715,104481
2023-09-20 10:35:00,177.7199,177.7199,177.63,177.695,52892
2023-09-20 10:36:00,177.6908,177.91,177.6908,177.91,148664
2023-09-20 10:37:00,177.91,177.94,177.86,177.895,111219
2023-09-20 10:38:00,177.895,177.9,177.81,177.8299,102198
2023-09-20 10:39:00,177.825,177.92,177.82,177.92,76690
2023-09-20 10:40:00,177.93,178.0,177.91,177.9699,96415
2023-09-20 10:41:00,177.965,177.9699,177.83,177.92,79230
2023-09-20 10:42:00,177.9266,177.94,177.87,177.88,111739
2023-09-20 10:43:00,177.88,177.94,177.85,177.87,82138
2023-09-20 10:44:00,177.86,177.97,177.85,177.96,91685
2023-09-20 10:45:00,177.945,178.02,177.925,177.95,153177
2023-09-20 10:46:00,177.92,177.951,177.79,177.82,161822
2023-09-20 10:47:00,177.8,177.8,177.73,177.765,80686
2023-09-20 10:48:00,177.765,177.84,177.75,177.7545,76226
2023-09-20 10:49:00,177.755,177.78,177.65,177.67,96122
2023-09-20 10:50:00,177.68,177.7299,177.64,177.67,56877
2023-09-20 10:51:00,177.67,177.6752,177.51,177.5142,69762
2023-09-20 10:52:00,177.52,177.6,177.52,177.5301,73571
2023-09-20 10:53:00,177.53,177.6,177.525,177.555,59777
2023-09-20 10:54:00,177.55,177.6,177.53,177.5405,58339
2023-09-20 10:55:00,177.54,177.6406,177.54,177.61,55779
2023-09-20 10:56:00,177.6188,177.725,177.6089,177.7,70883
2023-09-20 10:57:00,177.709,177.715,177.6,177.6,71245
2023-09-20 10:58:00,177.6,177.6,177.37,177.45,178388
2023-09-20 10:59:00,177.445,177.46,177.3374,177.43,95623
2023-09-20 11:00:00,177.43,177.43,177.33,177.34,82561
2023-09-20 11:01:00,177.3312,177.46,177.32,177.429,95790
2023-09-20 11:02:00,177.42,177.44,177.36,177.38,73771
2023-09-20 11:03:00,177.39,177.4936,177.38,177.451,88216
2023-09-20 11:04:00,177.46,177.46,177.32,177.38,70247
2023-09-20 11:05:00,177.38,177.39,177.33,177.34,50447
2023-09-20 11:06:00,177.335,177.41,177.33,177.41,74342
2023-09-20 11:07:00,177.4171,177.51,177.4,177.4738,97691
2023-09-20 11:08:00,177.47,177.5507,177.445,177.5,94461
2023-09-20 11:09:00,177.5084,177.575,177.4801,177.5158,61647
2023-09-20 11:10:00,177.51,177.565,177.5,177.5001,67662
2023-09-20 11:11:00,177.5033,177.5033,177.42,177.449,70271
2023-09-20 11:12:00,177.445,177.4471,177.28,177.32,105054
2023-09-20 11:13:00,177.32,177.38,177.31,177.3657,65477
2023-09-20 11:14:00,177.365,177.365,177.2729,177.291,92831
2023-09-20 11:15:00,177.295,177.325,177.25,177.325,126971
2023-09-20 11:16:00,177.31,177.33,177.26,177.28,64794
2023-09-20 11:17:00,177.285,177.3,177.2,177.22,137718
2023-09-20 11:18:00,177.21,177.2142,177.08,177.1,137625
2023-09-20 11:19:00,177.102,177.11,177.03,177.035,141358
2023-09-20 11:20:00,177.035,177.12,177.01,177.05,128161
2023-09-20 11:21:00,177.0582,177.0582,176.93,176.9401,232961
2023-09-20 11:22:00,176.94,177.0999,176.94,177.0216,96009
2023-09-20 11:23:00,177.0299,177.0299,176.86,176.8901,109040
2023-09-20 11:24:00,176.9,177.0,176.87,176.955,68031
2023-09-20 11:25:00,176.95,176.975,176.88,176.925,86177
2023-09-20 11:26:00,176.9299,176.96,176.89,176.915,83303
2023-09-20 11:27:00,176.92,176.99,176.92,176.99,70547
2023-09-20 11:28:00,176.99,176.99,176.93,176.97,53363
2023-09-20 11:29:00,176.98,177.01,176.97,176.985,55285
2023-09-20 11:30:00,176.985,177.0598,176.945,177.025,60196
2023-09-20 11:31:00,177.0295,177.05,176.96,177.005,49337
2023-09-20 11:32:00,177.02,177.12,177.015,177.115,76235
2023-09-20 11:33:00,177.11,177.12,177.075,177.0944,32531
2023-09-20 11:34:00,177.09,177.11,177.04,177.11,88378
2023-09-20 11:35:00,177.12,177.31,177.12,177.2925,160163
2023-09-20 11:36:00,177.2923,177.31,177.1899,177.2205,100861
2023-09-20 11:37:00,177.2215,177.28,177.14,177.185,59629
2023-09-20 11:38:00,177.18,177.185,177.055,177.0599,76697
2023-09-20 11:39:00,177.05,177.08,177.01,177.0101,63315
2023-09-20 11:40:00,177.0199,177.1,177.0199,177.0512,41514
2023-09-20 11:41:00,177.055,177.088,176.99,177.06,84733
2023-09-20 11:42:00,177.05,177.07,177.0,177.07,44083
2023-09-20 11:43:00,177.075,177.1599,177.06,177.1587,72599
2023-09-20 11:44:00,177.16,177.22,177.155,177.18,78682
2023-09-20 11:45:00,177.19,177.325,177.16,177.2899,118749
2023-09-20 11:46:00,177.28,177.33,177.23,177.3,80213
2023-09-20 11:47:00,177.2949,177.315,177.28,177.28,52032
2023-09-20 11:48:00,177.28,177.3351,177.27,177.33,59062
2023-09-20 11:49:00,177.325,177.34,177.28,177.3399,46608
2023-09-20 11:50:00,177.335,177.3698,177.335,177.355,49301
2023-09-20 11:51:00,177.358,177.44,177.3523,177.41,50046
2023-09-20 11:52:00,177.42,177.49,177.37,177.48,67490
2023-09-20 11:53:00,177.47,177.5605,177.47,177.5,119509
2023-09-20 11:54:00,177.5001,177.52,177.46,177.52,64083
2023-09-20 11:55:00,177.525,177.58,177.47,177.5,48658
2023-09-20 11:56:00,177.49,177.57,177.49,177.525,63316
2023-09-20 11:57:00,177.5255,177.58,177.4901,177.5199,42998
2023-09-20 11:58:00,177.51,177.53,177.4715,177.495,63921
2023-09-20 11:59:00,177.495,177.57,177.4701,177.55,52413
2023-09-20 12:00:00,177.56,177.5692,177.48,177.4994,65710
2023-09-20 12:01:00,177.5,177.5099,177.4329,177.481,60043
2023-09-20 12:02:00,177.4804,177.53,177.46,177.5,72330
2023-09-20 12:03:00,177.5,177.525,177.48,177.48,37809
2023-09-20 12:04:00,177.48,177.5206,177.4601,177.47,24886
2023-09-20 12:05:00,177.46,177.53,177.44,177.505,35583
2023-09-20 12:06:00,177.51,177.5399,177.46,177.515,21113
2023-09-20 12:07:00,177.51,177.565,177.4717,177.48,39985
2023-09-20 12:08:00,177.49,177.53,177.47,177.53,40527
2023-09-20 12:09:00,177.535,177.57,177.51,177.5108,35177
2023-09-20 12:10:00,177.5177,177.53,177.4801,177.495,21245
2023-09-20 12:11:00,177.4835,177.53,177.48,177.53,33036
2023-09-20 12:12:00,177.515,177.55,177.49,177.5421,20716
2023-09-20 12:13:00,177.545,177.56,177.515,177.545,51355
2023-09-20 12:14:00,177.5431,177.56,177.53,177.5592,28335
2023-09-20 12:15:00,177.555,177.6,177.55,177.57,46139
2023-09-20 12:16:00,177.57,177.59,177.54,177.5585,32088
2023-09-20 12:17:00,177.555,177.56,177.48,177.49,46164
2023-09-20 12:18:00,177.4991,177.54,177.46,177.53,36657
2023-09-20 12:19:00,177.52,177.535,177.48,177.49,39586
2023-09-20 12:20:00,177.485,177.5899,177.47,177.5899,24035
2023-09-20 12:21:00,177.58,177.58,177.47,177.47,52969
2023-09-20 12:22:00,177.46,177.48,177.41,177.41,65330
2023-09-20 12:23:00,177.41,177.42,177.37,177.4099,57697
2023-09-20 12:24:00,177.405,177.405,177.3547,177.36,36142
2023-09-20 12:25:00,177.36,177.38,177.32,177.36,40012
2023-09-20 12:26:00,177.36,177.4428,177.355,177.435,39267
2023-09-20 12:27:00,177.43,177.54,177.43,177.5296,49172
2023-09-20 12:28:00,177.53,177.6163,177.51,177.5993,112519
2023-09-20 12:29:00,177.59,177.64,177.58,177.64,75424
2023-09-20 12:30:00,177.65,177.65,177.601,177.62,35092
2023-09-20 12:31:00,177.61,177.62,177.56,177.6007,57177
2023-09-20 12:32:00,177.619,177.66,177.6,177.6001,85909
2023-09-20 12:33:00,177.6,177.6899,177.58,177.6775,53515
2023-09-20 12:34:00,177.675,177.69,177.65,177.67,39069
2023-09-20 12:35:00,177.675,177.675,177.63,177.635,37279
2023-09-20 12:36:00,177.635,177.66,177.59,177.64,36132
2023-09-20 12:37:00,177.645,177.71,177.645,177.68,38588
2023-09-20 12:38:00,177.67,177.75,177.67,177.74,64905
2023-09-20 12:39:00,177.74,177.76,177.72,177.7248,50988
2023-09-20 12:40:00,177.7248,177.76,177.71,177.73,36598
2023-09-20 12:41:00,177.72,177.73,177.67,177.6997,45782
2023-09-20 12:42:00,177.6985,177.7328,177.69,177.69,21331
2023-09-20 12:43:00,177.6805,177.72,177.66,177.7199,34291
2023-09-20 12:44:00,177.715,177.7399,177.67,177.68,16797
2023-09-20 12:45:00,177.6899,177.6899,177.6,177.6003,39758
2023-09-20 12:46:00,177.615,177.66,177.6,177.635,29536
2023-09-20 12:47:00,177.64,177.68,177.61,177.63,51299
2023-09-20 12:48:00,177.64,177.68,177.51,177.535,91775
2023-09-20 12:49:00,177.54,177.5708,177.52,177.55,41753
2023-09-20 12:50:00,177.55,177.61,177.5288,177.575,29295
2023-09-20 12:51:00,177.58,177.58,177.51,177.57,28796
2023-09-20 12:52:00,177.5613,177.62,177.5501,177.6,27371
2023-09-20 12:53:00,177.6016,177.6756,177.6,177.655,43053
2023-09-20 12:54:00,177.65,177.6599,177.5801,177.59,33595
2023-09-20 12:55:00,177.58,177.61,177.555,177.59,34378
2023-09-20 12:56:00,177.6,177.67,177.58,177.65,33340
2023-09-20 12:57:00,177.66,177.71,177.64,177.69,36256
2023-09-20 12:58:00,177.69,177.725,177.68,177.7159,36261
2023-09-20 12:59:00,177.72,177.75,177.71,177.725,40659
2023-09-20 13:00:00,177.72,177.72,177.58,177.59,51186
2023-09-20 13:01:00,177.595,177.64,177.5839,177.605,35019
2023-09-20 13:02:00,177.6,177.63,177.56,177.6,27258
2023-09-20 13:03:00,177.5998,177.605,177.565,177.59,28809
2023-09-20 13:04:00,177.5813,177.61,177.5611,177.58,34490
2023-09-20 13:05:00,177.595,177.63,177.57,177.58,34875
2023-09-20 13:06:00,177.6,177.65,177.56,177.6,68360
2023-09-20 13:07:00,177.6,177.64,177.57,177.61,27514
2023-09-20 13:08:00,177.605,177.64,177.6,177.63,43552
2023-09-20 13:09:00,177.63,177.66,177.56,177.57,45860
2023-09-20 13:10:00,177.565,177.58,177.51,177.53,50878
2023-09-20 13:11:00,177.5212,177.54,177.43,177.435,67595
2023-09-20 13:12:00,177.4301,177.4301,177.34,177.3699,55770
2023-09-20 13:13:00,177.36,177.36,177.31,177.3151,43041
2023-09-20 13:14:00,177.32,177.38,177.31,177.37,31393
2023-09-20 13:15:00,177.355,177.395,177.32,177.37,41848
2023-09-20 13:16:00,177.37,177.385,177.34,177.35,32448
2023-09-20 13:17:00,177.35,177.38,177.32,177.34,38255
2023-09-20 13:18:00,177.3399,177.41,177.3399,177.41,46156
2023-09-20 13:19:00,177.41,177.41,177.32,177.34,67771
2023-09-20 13:20:00,177.33,177.5299,177.32,177.51,52340
2023-09-20 13:21:00,177.51,177.5899,177.48,177.5,73685
2023-09-20 13:22:00,177.51,177.53,177.47,177.525,19410
2023-09-20 13:23:00,177.52,177.55,177.5,177.52,23403
2023-09-20 13:24:00,177.51,177.54,177.49,177.53,27254
2023-09-20 13:25:00,177.5213,177.55,177.5,177.55,22430
2023-09-20 13:26:00,177.545,177.55,177.48,177.485,33184
2023-09-20 13:27:00,177.4899,177.52,177.455,177.5,42479
2023-09-20 13:28:00,177.51,177.53,177.4801,177.52,30678
2023-09-20 13:29:00,177.52,177.52,177.4823,177.5,38816
2023-09-20 13:30:00,177.5,177.5399,177.4875,177.5135,44359
2023-09-20 13:31:00,177.501,177.57,177.501,177.56,52929
2023-09-20 13:32:00,177.56,177.58,177.54,177.57,41973
2023-09-20 13:33:00,177.5799,177.595,177.545,177.59,41301
2023-09-20 13:34:00,177.59,177.59,177.54,177.555,42361
2023-09-20 13:35:00,177.555,177.585,177.54,177.565,47721
2023-09-20 13:36:00,177.57,177.65,177.5301,177.635,54565
2023-09-20 13:37:00,177.635,177.6499,177.57,177.63,35164
2023-09-20 13:38:00,177.6307,177.6307,177.54,177.58,48576
2023-09-20 13:39:00,177.575,177.59,177.545,177.56,71428
2023-09-20 13:40:00,177.561,177.59,177.545,177.57,104923
2023-09-20 13:41:00,177.575,177.5801,177.5375,177.5801,62485
2023-09-20 13:42:00,177.59,177.61,177.55,177.565,33675
2023-09-20 13:43:00,177.56,177.58,177.55,177.5789,32892
2023-09-20 13:44:00,177.58,177.58,177.5,177.505,81762
2023-09-20 13:45:00,177.5,177.5063,177.39,177.4499,68231
2023-09-20 13:46:00,177.445,177.45,177.3,177.3288,91925
2023-09-20 13:47:00,177.324,177.3299,177.23,177.275,88082
2023-09-20 13:48:00,177.2786,177.3,177.25,177.295,28570
2023-09-20 13:49:00,177.29,177.315,177.255,177.255,41597
2023-09-20 13:50:00,177.2549,177.255,177.1752,177.18,81242
2023-09-20 13:51:00,177.185,177.23,177.185,177.23,62740
2023-09-20 13:52:00,177.23,177.29,177.21,177.275,89837
2023-09-20 13:53:00,177.28,177.37,177.235,177.37,90612
2023-09-20 13:54:00,177.3614,177.4999,177.345,177.48,95743
2023-09-20 13:55:00,177.49,177.59,177.4895,177.58,40038
2023-09-20 13:56:00,177.59,177.63,177.55,177.605,76605
2023-09-20 13:57:00,177.6012,177.645,177.59,177.6412,71335
2023-09-20 13:58:00,177.6476,177.72,177.64,177.72,75545
2023-09-20 13:59:00,177.71,177.7951,177.7,177.7951,92318
2023-09-20 14:00:00,177.79,177.79,176.88,177.0356,441772
2023-09-20 14:01:00,177.03,177.06,176.58,176.77,287676
2023-09-20 14:02:00,176.79,176.93,176.5901,176.8683,290651
2023-09-20 14:03:00,176.86,177.07,176.69,176.9676,179951
2023-09-20 14:04:00,176.92,176.94,176.71,176.9386,154733
2023-09-20 14:05:00,176.93,176.93,176.59,176.6801,142607
2023-09-20 14:06:00,176.68,177.1824,176.6,177.035,215488
2023-09-20 14:07:00,177.045,177.05,176.73,176.85,132713
2023-09-20 14:08:00,176.85,176.85,176.68,176.8,134208
2023-09-20 14:09:00,176.79,176.84,176.68,176.75,119281
2023-09-20 14:10:00,176.73,176.7673,176.585,176.7488,129261
2023-09-20 14:11:00,176.74,176.86,176.64,176.78,149310
2023-09-20 14:12:00,176.77,176.82,176.7,176.767,100089
2023-09-20 14:13:00,176.75,177.0459,176.72,177.0,231955
2023-09-20 14:14:00,176.99,177.0498,176.8496,176.8496,181800
2023-09-20 14:15:00,176.845,176.93,176.71,176.895,162722
2023-09-20 14:16:00,176.905,177.12,176.87,177.1,173899
2023-09-20 14:17:00,177.0999,177.2299,177.0609,177.1335,138878
2023-09-20 14:18:00,177.13,177.16,176.97,177.03,154820
2023-09-20 14:19:00,177.03,177.16,177.0,177.14,90377
2023-09-20 14:20:00,177.12,177.1599,177.06,177.073,61407
2023-09-20 14:21:00,177.0738,177.12,177.0,177.08,85746
2023-09-20 14:22:00,177.0873,177.145,177.01,177.1,106664
2023-09-20 14:23:00,177.09,177.14,177.02,177.115,69658
2023-09-20 14:24:00,177.12,177.42,177.1,177.34,132137
2023-09-20 14:25:00,177.35,177.52,177.3,177.48,161662
2023-09-20 14:26:00,177.485,177.51,177.271,177.3001,135589
2023-09-20 14:27:00,177.309,177.4001,177.21,177.28,90928
2023-09-20 14:28:00,177.29,177.3499,177.21,177.3,90933
2023-09-20 14:29:00,177.3,177.31,177.12,177.17,91793
2023-09-20 14:30:00,177.17,177.1742,176.96,177.058,118501
2023-09-20 14:31:00,177.05,177.75,177.04,177.57,278096
2023-09-20 14:32:00,177.5601,177.74,177.48,177.69,148262
2023-09-20 14:33:00,177.68,177.76,177.58,177.61,163324
2023-09-20 14:34:00,177.62,177.62,177.26,177.35,197593
2023-09-20 14:35:00,177.325,177.66,177.3,177.52,201230
2023-09-20 14:36:00,177.54,177.61,177.37,177.4138,156142
2023-09-20 14:37:00,177.43,177.78,177.39,177.6,164833
2023-09-20 14:38:00,177.6,177.6199,177.44,177.52,107517
2023-09-20 14:39:00,177.53,177.6,177.44,177.55,64935
2023-09-20 14:40:00,177.55,177.55,177.27,177.37,146731
2023-09-20 14:41:00,177.35,177.44,177.17,177.37,116346
2023-09-20 14:42:00,177.39,177.54,177.331,177.41,96470
2023-09-20 14:43:00,177.42,177.64,177.36,177.6,116196
2023-09-20 14:44:00,177.61,177.6699,177.46,177.47,90450
2023-09-20 14:45:00,177.49,177.59,177.25,177.35,149459
2023-09-20 14:46:00,177.3758,177.4699,177.25,177.265,94780
2023-09-20 14:47:00,177.25,177.47,177.0,177.01,97618
2023-09-20 14:48:00,177.0024,177.27,176.96,177.13,126510
2023-09-20 14:49:00,177.12,177.18,176.88,176.935,123059
2023-09-20 14:50:00,176.95,177.03,176.81,176.84,163164
2023-09-20 14:51:00,176.84,177.05,176.8,177.02,155415
2023-09-20 14:52:00,177.01,177.29,177.0,177.23,152367
2023-09-20 14:53:00,177.25,177.37,177.01,177.02,116717
2023-09-20 14:54:00,177.0118,177.0998,176.91,177.07,73533
2023-09-20 14:55:00,177.05,177.35,176.91,177.33,114555
2023-09-20 14:56:00,177.34,177.58,177.28,177.4177,159815
2023-09-20 14:57:00,177.41,177.41,177.19,177.19,79970
2023-09-20 14:58:00,177.2104,177.3,177.07,177.22,77493
2023-09-20 14:59:00,177.23,177.26,177.06,177.14,95671
2023-09-20 15:00:00,177.13,177.28,176.98,177.21,98592
2023-09-20 15:01:00,177.21,177.27,177.14,177.19,47623
2023-09-20 15:02:00,177.21,177.31,177.06,177.105,60675
2023-09-20 15:03:00,177.12,177.1501,176.97,177.0,75600
2023-09-20 15:04:00,177.01,177.12,176.93,177.0734,61037
2023-09-20 15:05:00,177.07,177.18,177.03,177.1,70089
2023-09-20 15:06:00,177.11,177.1134,176.95,177.05,110412
2023-09-20 15:07:00,177.05,177.095,176.82,176.86,112698
2023-09-20 15:08:00,176.84,176.9812,176.83,176.95,94122
2023-09-20 15:09:00,176.951,177.12,176.88,176.91,89595
2023-09-20 15:10:00,176.9,177.06,176.8401,177.02,79342
2023-09-20 15:11:00,177.02,177.11,176.98,177.0699,77903
2023-09-20 15:12:00,177.08,177.08,176.85,176.92,125314
2023-09-20 15:13:00,176.91,176.91,176.7641,176.78,160313
2023-09-20 15:14:00,176.7704,176.7704,176.62,176.67,152610
2023-09-20 15:15:00,176.67,176.74,176.62,176.63,112908
2023-09-20 15:16:00,176.6476,176.84,176.62,176.82,103885
2023-09-20 15:17:00,176.82,176.83,176.52,176.55,136330
2023-09-20 15:18:00,176.55,176.575,176.44,176.45,122389
2023-09-20 15:19:00,176.44,176.55,176.44,176.48,101864
2023-09-20 15:20:00,176.4782,176.53,176.34,176.48,129467
2023-09-20 15:21:00,176.47,176.56,176.4453,176.52,72515
2023-09-20 15:22:00,176.51,176.5257,176.39,176.45,107053
2023-09-20 15:23:00,176.44,176.68,176.4215,176.6401,120240
2023-09-20 15:24:00,176.64,176.7401,176.6001,176.73,113225
2023-09-20 15:25:00,176.7363,176.915,176.711,176.8111,125733
2023-09-20 15:26:00,176.8195,176.82,176.58,176.62,119515
2023-09-20 15:27:00,176.63,176.76,176.59,176.7094,60145
2023-09-20 15:28:00,176.7,176.75,176.62,176.73,62403
2023-09-20 15:29:00,176.73,176.78,176.71,176.76,43300
2023-09-20 15:30:00,176.77,176.83,176.68,176.7,115231
2023-09-20 15:31:00,176.7,176.74,176.5833,176.737,97194
2023-09-20 15:32:00,176.74,176.765,176.3501,176.38,174034
2023-09-20 15:33:00,176.38,176.3899,176.16,176.18,176641
2023-09-20 15:34:00,176.17,176.19,176.0751,176.1106,178353
2023-09-20 15:35:00,176.1,176.18,176.04,176.14,118104
2023-09-20 15:36:00,176.14,176.18,176.06,176.07,111244
2023-09-20 15:37:00,176.05,176.11,175.93,175.95,250812
2023-09-20 15:38:00,175.95,175.995,175.86,175.8616,164412
2023-09-20 15:39:00,175.86,175.91,175.81,175.87,129590
2023-09-20 15:40:00,175.875,175.9999,175.87,175.945,150622
2023-09-20 15:41:00,175.9427,175.99,175.74,175.75,163500
2023-09-20 15:42:00,175.75,175.75,175.62,175.63,241694
2023-09-20 15:43:00,175.63,175.72,175.6031,175.6784,288749
2023-09-20 15:44:00,175.68,175.71,175.58,175.65,151147
2023-09-20 15:45:00,175.66,175.7685,175.62,175.72,148495
2023-09-20 15:46:00,175.72,175.75,175.62,175.655,135944
2023-09-20 15:47:00,175.65,175.8,175.62,175.7727,144498
2023-09-20 15:48:00,175.762,175.78,175.59,175.74,159594
2023-09-20 15:49:00,175.735,175.84,175.735,175.8293,183827
2023-09-20 15:50:00,175.82,175.955,175.7,175.9489,301220
2023-09-20 15:51:00,175.94,175.9799,175.7701,175.91,257423
2023-09-20 15:52:00,175.9,176.05,175.82,176.03,229797
2023-09-20 15:53:00,176.02,176.12,175.955,176.0708,196201
2023-09-20 15:54:00,176.0701,176.1,175.86,175.895,298091
2023-09-20 15:55:00,175.89,175.94,175.7,175.71,356373
2023-09-20 15:56:00,175.71,175.97,175.701,175.81,325211
2023-09-20 15:57:00,175.82,175.85,175.62,175.62,324830
2023-09-20 15:58:00,175.625,175.71,175.52,175.525,504816
2023-09-20 15:59:00,175.52,175.59,175.4,175.49,989383
2023-09-21 09:30:00,174.55,175.23,174.44,175.17,953836
2023-09-21 09:31:00,175.23,175.36,174.96,175.2338,345445
2023-09-21 09:32:00,175.235,175.32,175.02,175.04,231416
2023-09-21 09:33:00,175.0235,175.07,174.74,174.95,264967
2023-09-21 09:34:00,174.94,175.55,174.84,175.535,387515
2023-09-21 09:35:00,175.54,175.7892,175.4,175.775,448008
2023-09-21 09:36:00,175.785,176.05,174.61,175.7419,386211
2023-09-21 09:37:00,175.74,175.82,175.58,175.59,230750
2023-09-21 09:38:00,175.58,175.6359,175.43,175.4586,286207
2023-09-21 09:39:00,175.46,175.52,175.31,175.32,248972
2023-09-21 09:40:00,175.34,175.505,175.33,175.42,305500
2023-09-21 09:41:00,175.4,175.9612,175.4,175.86,371021
2023-09-21 09:42:00,175.85,175.865,175.47,175.5111,298652
2023-09-21 09:43:00,175.52,175.63,175.42,175.5024,221810
2023-09-21 09:44:00,175.5,175.52,175.1811,175.1811,234699
2023-09-21 09:45:00,175.19,175.23,175.01,175.1301,243977
2023-09-21 09:46:00,175.14,175.3,174.88,174.9699,240472
2023-09-21 09:47:00,174.94,175.1278,174.87,175.1,142191
2023-09-21 09:48:00,175.11,175.48,174.9725,175.07,214192
2023-09-21 09:49:00,175.08,175.14,174.87,174.8987,175403
2023-09-21 09:50:00,174.88,174.975,174.73,174.78,160656
2023-09-21 09:51:00,174.78,175.218,174.78,175.218,175062
2023-09-21 09:52:00,175.22,175.24,174.9,174.93,136947
2023-09-21 09:53:00,174.94,174.98,174.82,174.975,152278
2023-09-21 09:54:00,174.971,174.99,174.68,174.8666,156251
2023-09-21 09:55:00,174.85,174.97,174.76,174.77,133912
2023-09-21 09:56:00,174.77,174.87,174.7,174.725,95112
2023-09-21 09:57:00,174.72,174.91,174.65,174.89,126189
2023-09-21 09:58:00,174.8891,174.89,174.76,174.84,99013
2023-09-21 09:59:00,174.85,175.0,174.59,174.68,248389
2023-09-21 10:00:00,174.66,174.92,174.63,174.815,177897
2023-09-21 10:01:00,174.815,174.815,174.66,174.78,125876
2023-09-21 10:02:00,174.78,174.81,174.65,174.7504,116249
2023-09-21 10:03:00,174.75,174.85,174.7,174.725,96962
2023-09-21 10:04:00,174.72,174.93,174.71,174.85,185517
2023-09-21 10:05:00,174.845,175.0597,174.73,175.02,185153
2023-09-21 10:06:00,175.015,175.48,174.98,175.35,266274
2023-09-21 10:07:00,175.33,175.67,175.32,175.6668,276462
2023-09-21 10:08:00,175.66,175.69,175.51,175.58,275095
2023-09-21 10:09:00,175.581,175.93,175.575,175.915,333034
2023-09-21 10:10:00,175.915,176.06,175.84,175.8453,308866
2023-09-21 10:11:00,175.83,175.91,175.65,175.65,283596
2023-09-21 10:12:00,175.6563,175.71,175.4,175.4501,187539
2023-09-21 10:13:00,175.46,175.46,175.255,175.38,219792
2023-09-21 10:14:00,175.39,175.52,175.22,175.31,197689
2023-09-21 10:15:00,175.305,175.56,175.305,175.47,162713
2023-09-21 10:16:00,175.4899,175.59,175.43,175.5001,116053
2023-09-21 10:17:00,175.5,175.6901,175.49,175.66,119840
2023-09-21 10:18:00,175.65,175.88,175.65,175.82,188605
2023-09-21 10:19:00,175.8182,175.89,175.71,175.71,182885
2023-09-21 10:20:00,175.71,175.73,175.59,175.71,161095
2023-09-21 10:21:00,175.7,175.91,175.685,175.8899,128439
2023-09-21 10:22:00,175.88,175.8956,175.52,175.575,133998
2023-09-21 10:23:00,175.57,175.61,175.37,175.4,146645
2023-09-21 10:24:00,175.3914,175.58,175.39,175.55,105083
2023-09-21 10:25:00,175.55,175.6251,175.46,175.6,89296
2023-09-21 10:26:00,175.6,175.67,175.5,175.6,181097
2023-09-21 10:27:00,175.58,175.71,175.53,175.58,119329
2023-09-21 10:28:00,175.57,175.5731,175.42,175.51,82685
2023-09-21 10:29:00,175.49,175.49,175.35,175.3952,76116
2023-09-21 10:30:00,175.3947,175.48,175.33,175.4549,98794
2023-09-21 10:31:00,175.45,175.47,175.39,175.42,74218
2023-09-21 10:32:00,175.41,175.58,175.34,175.405,139077
2023-09-21 10:33:00,175.42,175.68,175.41,175.495,152603
2023-09-21 10:34:00,175.5,175.67,175.49,175.585,147209
2023-09-21 10:35:00,175.585,175.755,175.56,175.57,99194
2023-09-21 10:36:00,175.565,175.835,175.56,175.7936,130451
2023-09-21 10:37:00,175.79,175.8799,175.743,175.86,120234
2023-09-21 10:38:00,175.87,176.05,175.83,176.03,181622
2023-09-21 10:39:00,176.02,176.22,176.0014,176.19,196909
2023-09-21 10:40:00,176.2,176.2099,175.97,176.172,203103
2023-09-21 10:41:00,176.18,176.3,176.1,176.11,191802
2023-09-21 10:42:00,176.1001,176.16,176.01,176.1,147548
2023-09-21 10:43:00,176.09,176.16,175.96,175.96,84536
2023-09-21 10:44:00,175.961,175.999,175.82,175.8503,147488
2023-09-21 10:45:00,175.84,175.93,175.82,175.8328,72384
2023-09-21 10:46:00,175.86,175.92,175.71,175.72,106686
2023-09-21 10:47:00,175.73,175.745,175.62,175.69,148524
2023-09-21 10:48:00,175.685,175.71,175.61,175.665,77675
2023-09-21 10:49:00,175.652,175.78,175.611,175.69,102213
2023-09-21 10:50:00,175.68,175.7273,175.62,175.6312,55164
2023-09-21 10:51:00,175.635,175.635,175.47,175.52,98034
2023-09-21 10:52:00,175.5211,175.6093,175.512,175.5314,67686
2023-09-21 10:53:00,175.53,175.6199,175.52,175.565,86143
2023-09-21 10:54:00,175.5699,175.649,175.5028,175.5106,134880
2023-09-21 10:55:00,175.5,175.6625,175.48,175.625,136130
2023-09-21 10:56:00,175.63,175.9,175.6246,175.78,173764
2023-09-21 10:57:00,175.775,175.8,175.56,175.6001,101407
2023-09-21 10:58:00,175.615,175.638,175.44,175.4509,95145
2023-09-21 10:59:00,175.4512,175.505,175.37,175.41,87286
2023-09-21 11:00:00,175.4,175.62,175.4,175.49,69519
2023-09-21 11:01:00,175.4995,175.54,175.375,175.4486,70327
2023-09-21 11:02:00,175.43,175.4399,175.35,175.37,69083
2023-09-21 11:03:00,175.37,175.4399,175.23,175.27,115599
2023-09-21 11:04:00,175.26,175.41,175.25,175.4,63341
2023-09-21 11:05:00,175.4,175.52,175.4,175.4588,95857
2023-09-21 11:06:00,175.45,175.46,175.24,175.37,75385
2023-09-21 11:07:00,175.3636,175.5,175.3636,175.4299,56859
2023-09-21 11:08:00,175.44,175.45,175.324,175.33,43148
2023-09-21 11:09:00,175.3399,175.3399,175.135,175.1801,91738
2023-09-21 11:10:00,175.18,175.2,175.11,175.1611,72627
2023-09-21 11:11:00,175.16,175.2899,175.1139,175.225,91319
2023-09-21 11:12:00,175.2176,175.25,175.07,175.07,78242
2023-09-21 11:13:00,175.07,175.13,174.95,174.99,136781
2023-09-21 11:14:00,175.0,175.08,174.9799,175.0451,93081
2023-09-21 11:15:00,175.05,175.1,174.94,174.9747,89380
2023-09-21 11:16:00,174.965,174.985,174.89,174.9,60705
2023-09-21 11:17:00,174.9025,174.93,174.8525,174.93,96043
2023-09-21 11:18:00,174.925,174.93,174.82,174.865,87057
2023-09-21 11:19:00,174.8676,174.975,174.84,174.975,87945
2023-09-21 11:20:00,174.97,175.17,174.9,175.08,124370
2023-09-21 11:21:00,175.095,175.1,175.04,175.06,73140
2023-09-21 11:22:00,175.06,175.215,175.06,175.165,69260
2023-09-21 11:23:00,175.18,175.2,175.07,175.1,55236
2023-09-21 11:24:00,175.1,175.1119,175.02,175.02,61085
2023-09-21 11:25:00,175.03,175.06,175.01,175.01,63318
2023-09-21 11:26:00,175.0106,175.0106,174.89,174.93,89122
2023-09-21 11:27:00,174.93,174.94,174.86,174.9116,60357
2023-09-21 11:28:00,174.915,174.92,174.82,174.85,59276
2023-09-21 11:29:00,174.85,174.92,174.835,174.92,77867
2023-09-21 11:30:00,174.92,174.9795,174.88,174.965,63443
2023-09-21 11:31:00,174.97,175.05,174.94,174.985,95543
2023-09-21 11:32:00,174.98,174.985,174.83,174.885,64793
2023-09-21 11:33:00,174.8871,175.09,174.88,175.0401,76398
2023-09-21 11:34:00,175.05,175.15,175.04,175.08,83404
2023-09-21 11:35:00,175.09,175.27,175.08,175.24,107875
2023-09-21 11:36:00,175.24,175.26,175.1818,175.26,96848
2023-09-21 11:37:00,175.27,175.31,175.13,175.14,97383
2023-09-21 11:38:00,175.135,175.24,175.0948,175.2,67382
2023-09-21 11:39:00,175.2,175.2809,175.1113,175.2601,60983
2023-09-21 11:40:00,175.275,175.3,175.24,175.2501,73374
2023-09-21 11:41:00,175.25,175.33,175.2401,175.3,61697
2023-09-21 11:42:00,175.2919,175.33,175.24,175.28,73718
2023-09-21 11:43:00,175.28,175.31,175.2,175.25,68747
2023-09-21 11:44:00,175.24,175.29,175.2,175.27,54386
2023-09-21 11:45:00,175.26,175.4099,175.2401,175.4,64586
2023-09-21 11:46:00,175.4,175.41,175.3226,175.34,70003
2023-09-21 11:47:00,175.34,175.53,175.33,175.455,110999
2023-09-21 11:48:00,175.46,175.5,175.3401,175.3401,83619
2023-09-21 11:49:00,175.35,175.42,175.31,175.405,124658
2023-09-21 11:50:00,175.4001,175.5691,175.4,175.545,130339
2023-09-21 11:51:00,175.55,175.62,175.53,175.595,123520
2023-09-21 11:52:00,175.5901,175.7,175.52,175.525,136811
2023-09-21 11:53:00,175.53,175.66,175.525,175.5502,97335
2023-09-21 11:54:00,175.55,175.617,175.51,175.53,101509
2023-09-21 11:55:00,175.535,175.6799,175.535,175.658,75339
2023-09-21 11:56:00,175.655,175.69,175.58,175.5801,86813
2023-09-21 11:57:00,175.58,175.64,175.5301,175.5486,60205
2023-09-21 11:58:00,175.54,175.545,175.38,175.4064,116824
2023-09-21 11:59:00,175.4086,175.44,175.3501,175.377,87300
2023-09-21 12:00:00,175.37,175.42,175.315,175.4,58272
2023-09-21 12:01:00,175.39,175.4212,175.24,175.27,73999
2023-09-21 12:02:00,175.27,175.33,175.2,175.205,58586
2023-09-21 12:03:00,175.205,175.2152,175.13,175.1499,59758
2023-09-21 12:04:00,175.1499,175.2224,175.12,175.13,61221
2023-09-21 12:05:00,175.1201,175.2,175.1201,175.155,64488
2023-09-21 12:06:00,175.15,175.175,175.1,175.16,65919
2023-09-21 12:07:00,175.1699,175.1699,175.09,175.145,33953
2023-09-21 12:08:00,175.1443,175.179,175.1,175.1127,36188
2023-09-21 12:09:00,175.11,175.22,175.07,175.19,73410
2023-09-21 12:10:00,175.18,175.21,175.07,175.105,139763
2023-09-21 12:11:00,175.1,175.295,175.09,175.205,70562
2023-09-21 12:12:00,175.2,175.2,175.1,175.12,40913
2023-09-21 12:13:00,175.1216,175.15,175.085,175.15,59103
2023-09-21 12:14:00,175.14,175.14,175.03,175.0603,128205
2023-09-21 12:15:00,175.07,175.13,175.02,175.025,44215
2023-09-21 12:16:00,175.02,175.09,175.01,175.03,72050
2023-09-21 12:17:00,175.0384,175.1396,175.0,175.11,69232
2023-09-21 12:18:00,175.1199,175.2289,175.07,175.175,80948
2023-09-21 12:19:00,175.175,175.185,175.1,175.152,50064
2023-09-21 12:20:00,175.16,175.208,175.11,175.115,54372
2023-09-21 12:21:00,175.11,175.18,175.08,175.09,49004
2023-09-21 12:22:00,175.0899,175.1702,175.07,175.08,46056
2023-09-21 12:23:00,175.09,175.17,175.04,175.14,53250
2023-09-21 12:24:00,175.13,175.21,175.13,175.17,42106
2023-09-21 12:25:00,175.16,175.175,175.11,175.13,33220
2023-09-21 12:26:00,175.14,175.145,175.05,175.0743,43782
2023-09-21 12:27:00,175.075,175.145,175.06,175.0657,41665
2023-09-21 12:28:00,175.07,175.21,175.02,175.175,58561
2023-09-21 12:29:00,175.175,175.181,175.08,175.115,37945
2023-09-21 12:30:00,175.11,175.17,175.0701,175.0801,51687
2023-09-21 12:31:00,175.08,175.115,175.06,175.11,51903
2023-09-21 12:32:00,175.1,175.135,175.08,175.1257,58635
2023-09-21 12:33:00,175.125,175.195,175.12,175.1887,106626
2023-09-21 12:34:00,175.19,175.37,175.19,175.2973,145033
2023-09-21 12:35:00,175.2987,175.2987,175.1,175.16,109284
2023-09-21 12:36:00,175.16,175.21,175.09,175.09,71533
2023-09-21 12:37:00,175.09,175.09,174.93,174.955,168431
2023-09-21 12:38:00,174.96,174.97,174.92,174.93,91140
2023-09-21 12:39:00,174.9391,175.0099,174.93,174.9801,62647
2023-09-21 12:40:00,174.985,175.0368,174.9607,175.0368,54660
2023-09-21 12:41:00,175.03,175.09,175.03,175.04,65976
2023-09-21 12:42:00,175.035,175.08,175.01,175.08,55774
2023-09-21 12:43:00,175.075,175.14,174.98,175.01,110301
2023-09-21 12:44:00,175.005,175.085,174.95,175.0402,67815
2023-09-21 12:45:00,175.05,175.15,175.04,175.12,54551
2023-09-21 12:46:00,175.1127,175.175,175.1127,175.14,59561
2023-09-21 12:47:00,175.1413,175.1501,175.0814,175.09,40514
2023-09-21 12:48:00,175.095,175.155,175.06,175.1516,59432
2023-09-21 12:49:00,175.15,175.18,175.1,175.14,86752
2023-09-21 12:50:00,175.135,175.135,175.065,175.065,54401
2023-09-21 12:51:00,175.065,175.22,175.0631,175.18,83015
2023-09-21 12:52:00,175.19,175.19,175.11,175.1699,39725
2023-09-21 12:53:00,175.17,175.19,175.13,175.14,38153
2023-09-21 12:54:00,175.15,175.1601,174.9701,175.01,124057
2023-09-21 12:55:00,175.015,175.049,174.95,174.96,113260
2023-09-21 12:56:00,174.96,175.0188,174.95,174.99,76183
2023-09-21 12:57:00,174.985,174.9882,174.89,174.9,95222
2023-09-21 12:58:00,174.8994,174.9512,174.87,174.88,55616
2023-09-21 12:59:00,174.87,174.95,174.86,174.885,60446
2023-09-21 13:00:00,174.88,174.9574,174.8747,174.88,65386
2023-09-21 13:01:00,174.87,174.97,174.87,174.8849,48163
2023-09-21 13:02:00,174.89,175.01,174.89,174.99,58291
2023-09-21 13:03:00,174.9701,175.0385,174.97,174.98,55568
2023-09-21 13:04:00,174.98,175.015,174.965,175.015,58245
2023-09-21 13:05:00,175.01,175.09,174.99,175.035,58978
2023-09-21 13:06:00,175.02,175.03,174.93,174.9999,86603
2023-09-21 13:07:00,174.99,175.0599,174.99,175.0278,48292
2023-09-21 13:08:00,175.02,175.07,175.01,175.0573,65282
2023-09-21 13:09:00,175.0503,175.085,174.99,175.03,45956
2023-09-21 13:10:00,175.03,175.08,175.0135,175.03,44774
2023-09-21 13:11:00,175.03,175.1699,175.02,175.12,88709
2023-09-21 13:12:00,175.11,175.16,175.0225,175.1,65955
2023-09-21 13:13:00,175.11,175.15,175.09,175.1357,51896
2023-09-21 13:14:00,175.1397,175.19,175.1095,175.1871,58716
2023-09-21 13:15:00,175.18,175.41,175.18,175.3898,213867
2023-09-21 13:16:00,175.39,175.4399,175.32,175.4,183823
2023-09-21 13:17:00,175.4,175.495,175.365,175.435,124616
2023-09-21 13:18:00,175.435,175.49,175.38,175.4105,75703
2023-09-21 13:19:00,175.4014,175.41,175.33,175.34,70742
2023-09-21 13:20:00,175.34,175.435,175.27,175.315,85305
2023-09-21 13:21:00,175.315,175.43,175.3,175.405,64782
2023-09-21 13:22:00,175.4,175.47,175.37,175.411,63722
2023-09-21 13:23:00,175.42,175.46,175.3401,175.36,50419
2023-09-21 13:24:00,175.36,175.39,175.31,175.36,58651
2023-09-21 13:25:00,175.358,175.405,175.345,175.355,37963
2023-09-21 13:26:00,175.35,175.3901,175.3338,175.3672,38821
2023-09-21 13:27:00,175.37,175.41,175.365,175.39,24640
2023-09-21 13:28:00,175.385,175.42,175.305,175.345,56322
2023-09-21 13:29:00,175.355,175.4,175.3,175.31,64977
2023-09-21 13:30:00,175.3101,175.391,175.29,175.345,70393
2023-09-21 13:31:00,175.34,175.48,175.34,175.43,92506
2023-09-21 13:32:00,175.44,175.44,175.34,175.4001,36482
2023-09-21 13:33:00,175.4,175.43,175.36,175.42,58908
2023-09-21 13:34:00,175.4099,175.48,175.365,175.4376,188581
2023-09-21 13:35:00,175.42,175.48,175.4199,175.44,49803
2023-09-21 13:36:00,175.45,175.54,175.411,175.5216,127786
2023-09-21 13:37:00,175.5285,175.53,175.37,175.375,73605
2023-09-21 13:38:00,175.3793,175.395,175.327,175.3422,54166
2023-09-21 13:39:00,175.345,175.42,175.3,175.3,55519
2023-09-21 13:40:00,175.3,175.37,175.28,175.365,55258
2023-09-21 13:41:00,175.365,175.47,175.3627,175.425,48791
2023-09-21 13:42:00,175.43,175.49,175.35,175.35,42925
2023-09-21 13:43:00,175.355,175.43,175.31,175.3186,76255
2023-09-21 13:44:00,175.32,175.44,175.32,175.43,39335
2023-09-21 13:45:00,175.43,175.47,175.3799,175.4201,39037
2023-09-21 13:46:00,175.44,175.4613,175.38,175.44,80399
2023-09-21 13:47:00,175.4399,175.5,175.41,175.48,61662
2023-09-21 13:48:00,175.48,175.49,175.39,175.435,47166
2023-09-21 13:49:00,175.43,175.465,175.38,175.3985,37678
2023-09-21 13:50:00,175.4,175.43,175.3302,175.36,57579
2023-09-21 13:51:00,175.37,175.425,175.33,175.39,45592
2023-09-21 13:52:00,175.3899,175.39,175.282,175.335,47585
2023-09-21 13:53:00,175.34,175.37,175.31,175.36,35881
2023-09-21 13:54:00,175.36,175.46,175.36,175.4,42664
2023-09-21 13:55:00,175.4,175.43,175.34,175.35,44605
2023-09-21 13:56:00,175.37,175.41,175.33,175.37,51927
2023-09-21 13:57:00,175.37,175.41,175.31,175.39,47837
2023-09-21 13:58:00,175.39,175.45,175.38,175.39,66748
2023-09-21 13:59:00,175.375,175.4085,175.31,175.35,51919
2023-09-21 14:00:00,175.35,175.39,175.2009,175.2507,91155
2023-09-21 14:01:00,175.26,175.28,175.205,175.211,108008
2023-09-21 14:02:00,175.21,175.25,175.16,175.17,119822
2023-09-21 14:03:00,175.18,175.25,175.18,175.23,46550
2023-09-21 14:04:00,175.2146,175.22,175.11,175.1312,53086
2023-09-21 14:05:00,175.12,175.18,175.115,175.1666,63523
2023-09-21 14:06:00,175.155,175.19,175.139,175.139,51655
2023-09-21 14:07:00,175.13,175.18,175.09,175.13,54529
2023-09-21 14:08:00,175.14,175.14,175.02,175.025,62161
2023-09-21 14:09:00,175.025,175.0289,174.98,175.0,138905
2023-09-21 14:10:00,174.9999,175.13,174.98,175.1101,113803
2023-09-21 14:11:00,175.11,175.13,175.04,175.07,62297
2023-09-21 14:12:00,175.0699,175.105,175.03,175.045,48879
2023-09-21 14:13:00,175.045,175.045,174.93,174.93,73821
2023-09-21 14:14:00,174.925,174.97,174.9,174.91,73160
2023-09-21 14:15:00,174.9,174.96,174.8724,174.9,77482
2023-09-21 14:16:00,174.9,174.905,174.84,174.8506,81344
2023-09-21 14:17:00,174.855,174.99,174.85,174.95,111762
2023-09-21 14:18:00,174.97,175.0101,174.93,174.93,49953
2023-09-21 14:19:00,174.94,174.955,174.9001,174.91,41249
2023-09-21 14:20:00,174.915,174.92,174.82,174.8571,66665
2023-09-21 14:21:00,174.8591,174.8972,174.84,174.8972,63796
2023-09-21 14:22:00,174.89,174.9499,174.87,174.91,51044
2023-09-21 14:23:00,174.9,174.94,174.855,174.8585,47862
2023-09-21 14:24:00,174.86,174.8786,174.82,174.83,44940
2023-09-21 14:25:00,174.83,174.84,174.67,174.68,119877
2023-09-21 14:26:00,174.68,174.735,174.6517,174.695,87401
2023-09-21 14:27:00,174.69,174.79,174.68,174.76,78808
2023-09-21 14:28:00,174.76,174.79,174.72,174.735,44113
2023-09-21 14:29:00,174.73,174.735,174.63,174.66,95939
2023-09-21 14:30:00,174.66,174.69,174.615,174.64,66437
2023-09-21 14:31:00,174.6289,174.645,174.5503,174.59,120013
2023-09-21 14:32:00,174.59,174.6468,174.54,174.585,88917
2023-09-21 14:33:00,174.585,174.605,174.53,174.535,101603
2023-09-21 14:34:00,174.53,174.69,174.52,174.595,167611
2023-09-21 14:35:00,174.6,174.705,174.55,174.6888,108835
2023-09-21 14:36:00,174.685,174.72,174.63,174.7,67530
2023-09-21 14:37:00,174.69,174.7821,174.67,174.75,77396
2023-09-21 14:38:00,174.77,174.87,174.76,174.8499,104768
2023-09-21 14:39:00,174.85,174.94,174.82,174.821,95288
2023-09-21 14:40:00,174.82,174.88,174.8,174.845,68376
2023-09-21 14:41:00,174.845,175.0,174.8269,174.975,117224
2023-09-21 14:42:00,174.9701,174.9999,174.9,174.91,68352
2023-09-21 14:43:00,174.935,174.935,174.86,174.88,96293
2023-09-21 14:44:00,174.888,174.905,174.84,174.8599,40343
2023-09-21 14:45:00,174.855,174.9,174.83,174.83,68159
2023-09-21 14:46:00,174.83,174.87,174.81,174.8101,84101
2023-09-21 14:47:00,174.81,174.81,174.71,174.76,100329
2023-09-21 14:48:00,174.76,174.7971,174.73,174.79,75152
2023-09-21 14:49:00,174.78,174.79,174.7,174.705,48604
2023-09-21 14:50:00,174.71,174.76,174.7,174.715,49898
2023-09-21 14:51:00,174.71,174.74,174.68,174.73,38635
2023-09-21 14:52:00,174.73,174.735,174.6476,174.655,49807
2023-09-21 14:53:00,174.65,174.7094,174.62,174.69,70912
2023-09-21 14:54:00,174.69,174.74,174.66,174.7383,37275
2023-09-21 14:55:00,174.735,174.76,174.68,174.69,62790
2023-09-21 14:56:00,174.7,174.8,174.69,174.76,67683
2023-09-21 14:57:00,174.7547,174.77,174.7199,174.7199,37792
2023-09-21 14:58:00,174.71,174.72,174.64,174.695,62964
2023-09-21 14:59:00,174.68,174.68,174.62,174.651,49011
2023-09-21 15:00:00,174.655,174.69,174.555,174.5701,112226
2023-09-21 15:01:00,174.58,174.61,174.55,174.6,68157
2023-09-21 15:02:00,174.59,174.7284,174.58,174.67,85180
2023-09-21 15:03:00,174.67,174.8,174.64,174.8,79978
2023-09-21 15:04:00,174.8,174.8099,174.68,174.6905,72191
2023-09-21 15:05:00,174.69,174.73,174.56,174.5981,79842
2023-09-21 15:06:00,174.59,174.62,174.555,174.555,81975
2023-09-21 15:07:00,174.56,174.64,174.555,174.6118,61627
2023-09-21 15:08:00,174.615,174.64,174.555,174.555,51091
2023-09-21 15:09:00,174.555,174.65,174.54,174.595,144717
2023-09-21 15:10:00,174.6,174.66,174.52,174.5225,103593
2023-09-21 15:11:00,174.5201,174.54,174.48,174.51,182081
2023-09-21 15:12:00,174.51,174.51,174.405,174.41,112367
2023-09-21 15:13:00,174.4108,174.43,174.3528,174.39,113741
2023-09-21 15:14:00,174.39,174.45,174.38,174.39,78091
2023-09-21 15:15:00,174.38,174.47,174.37,174.39,115947
2023-09-21 15:16:00,174.39,174.43,174.31,174.31,135003
2023-09-21 15:17:00,174.31,174.45,174.28,174.395,104416
2023-09-21 15:18:00,174.39,174.43,174.33,174.38,87590
2023-09-21 15:19:00,174.38,174.4399,174.33,174.348,68890
2023-09-21 15:20:00,174.34,174.43,174.33,174.41,65890
2023-09-21 15:21:00,174.43,174.5,174.38,174.38,81957
2023-09-21 15:22:00,174.39,174.4,174.325,174.34,81442
2023-09-21 15:23:00,174.3499,174.41,174.33,174.365,88597
2023-09-21 15:24:00,174.37,174.47,174.37,174.4321,67123
2023-09-21 15:25:00,174.4386,174.48,174.41,174.43,80620
2023-09-21 15:26:00,174.425,174.43,174.3,174.32,81815
2023-09-21 15:27:00,174.32,174.37,174.315,174.343,77836
2023-09-21 15:28:00,174.345,174.345,174.22,174.27,123876
2023-09-21 15:29:00,174.275,174.32,174.23,174.27,80648
2023-09-21 15:30:00,174.265,174.31,174.1507,174.16,97409
2023-09-21 15:31:00,174.16,174.28,174.16,174.24,96070
2023-09-21 15:32:00,174.24,174.3,174.12,174.18,176635
2023-09-21 15:33:00,174.18,174.26,174.18,174.26,110665
2023-09-21 15:34:00,174.2525,174.35,174.2001,174.205,114968
2023-09-21 15:35:00,174.21,174.43,174.2,174.3987,159105
2023-09-21 15:36:00,174.39,174.54,174.39,174.47,154240
2023-09-21 15:37:00,174.48,174.53,174.44,174.525,109560
2023-09-21 15:38:00,174.53,174.53,174.4423,174.5,110726
2023-09-21 15:39:00,174.51,174.52,174.415,174.415,124398
2023-09-21 15:40:00,174.42,174.5236,174.41,174.495,95963
2023-09-21 15:41:00,174.49,174.5,174.38,174.41,112048
2023-09-21 15:42:00,174.405,174.51,174.3101,174.4799,191869
2023-09-21 15:43:00,174.47,174.545,174.42,174.515,132899
2023-09-21 15:44:00,174.5182,174.5182,174.38,174.38,105247
2023-09-21 15:45:00,174.38,174.46,174.33,174.42,142696
2023-09-21 15:46:00,174.4201,174.45,174.34,174.45,186171
2023-09-21 15:47:00,174.445,174.46,174.33,174.36,90421
2023-09-21 15:48:00,174.35,174.36,174.255,174.33,124359
2023-09-21 15:49:00,174.33,174.37,174.3,174.32,133240
2023-09-21 15:50:00,174.33,174.33,174.12,174.155,317173
2023-09-21 15:51:00,174.16,174.19,173.99,174.015,434275
2023-09-21 15:52:00,174.015,174.1,173.993,174.1,285759
2023-09-21 15:53:00,174.095,174.13,174.05,174.11,198283
2023-09-21 15:54:00,174.1,174.21,173.95,174.07,270949
2023-09-21 15:55:00,174.08,174.15,174.025,174.06,257700
2023-09-21 15:56:00,174.05,174.12,174.02,174.06,244703
2023-09-21 15:57:00,174.06,174.1,174.035,174.055,225802
2023-09-21 15:58:00,174.05,174.14,174.03,174.065,416903
2023-09-21 15:59:00,174.065,174.07,173.86,173.93,776851
2023-09-22 09:30:00,174.67,174.72,174.12,174.2199,754911
2023-09-22 09:31:00,174.19,174.518,174.16,174.484,181715
2023-09-22 09:32:00,174.49,174.74,174.48,174.49,172241
2023-09-22 09:33:00,174.49,174.68,174.37,174.6625,191875
2023-09-22 09:34:00,174.68,174.76,174.4,174.54,170019
2023-09-22 09:35:00,174.55,174.6,174.25,174.31,163261
2023-09-22 09:36:00,174.31,174.48,174.29,174.39,133825
2023-09-22 09:37:00,174.41,174.52,174.27,174.39,142926
2023-09-22 09:38:00,174.4,174.5173,174.35,174.38,105081
2023-09-22 09:39:00,174.38,174.52,174.24,174.26,110914
2023-09-22 09:40:00,174.28,174.47,174.08,174.1799,173016
2023-09-22 09:41:00,174.175,174.24,174.05,174.1991,166717
2023-09-22 09:42:00,174.19,174.38,174.14,174.35,130045
2023-09-22 09:43:00,174.34,174.36,174.25,174.27,75395
2023-09-22 09:44:00,174.26,174.3876,174.2201,174.357,116031
2023-09-22 09:45:00,174.355,174.5882,174.24,174.49,184193
2023-09-22 09:46:00,174.4885,174.72,174.42,174.56,209911
2023-09-22 09:47:00,174.55,174.6,174.37,174.5,191476
2023-09-22 09:48:00,174.5,174.56,174.33,174.355,161800
2023-09-22 09:49:00,174.34,174.5,174.2437,174.34,180638
2023-09-22 09:50:00,174.3457,174.37,174.15,174.2866,152472
2023-09-22 09:51:00,174.29,174.3,174.12,174.2756,145329
2023-09-22 09:52:00,174.2699,174.4199,174.25,174.2887,160822
2023-09-22 09:53:00,174.29,174.38,174.2801,174.35,92952
2023-09-22 09:54:00,174.345,174.37,174.255,174.335,85135
2023-09-22 09:55:00,174.33,174.44,174.305,174.395,96504
2023-09-22 09:56:00,174.395,174.55,174.37,174.54,102521
2023-09-22 09:57:00,174.5385,174.67,174.46,174.6499,123412
2023-09-22 09:58:00,174.65,174.81,174.58,174.8042,165092
2023-09-22 09:59:00,174.805,174.9,174.76,174.9,141724
2023-09-22 10:00:00,174.9,174.92,174.5701,174.725,173982
2023-09-22 10:01:00,174.7264,174.83,174.6301,174.815,134990
2023-09-22 10:02:00,174.82,174.87,174.62,174.68,99774
2023-09-22 10:03:00,174.6805,174.895,174.65,174.83,118855
2023-09-22 10:04:00,174.82,174.9592,174.81,174.86,107974
2023-09-22 10:05:00,174.88,175.05,174.8201,175.03,170821
2023-09-22 10:06:00,175.02,175.2299,175.02,175.205,166914
2023-09-22 10:07:00,175.205,175.2299,175.08,175.15,129833
2023-09-22 10:08:00,175.15,175.18,175.03,175.0699,91473
2023-09-22 10:09:00,175.06,175.0999,174.98,175.02,87242
2023-09-22 10:10:00,175.01,175.04,174.92,174.9499,77529
2023-09-22 10:11:00,174.95,175.03,174.91,175.0001,107162
2023-09-22 10:12:00,175.0291,175.19,174.975,175.1,118323
2023-09-22 10:13:00,175.1,175.2176,175.07,175.1174,111729
2023-09-22 10:14:00,175.13,175.19,175.01,175.02,121376
2023-09-22 10:15:00,175.02,175.05,174.89,174.96,147994
2023-09-22 10:16:00,174.963,174.97,174.86,174.89,74789
2023-09-22 10:17:00,174.92,174.9799,174.9,174.9783,57120
2023-09-22 10:18:00,174.975,175.04,174.915,174.95,83922
2023-09-22 10:19:00,174.95,175.059,174.94,175.0274,101332
2023-09-22 10:20:00,175.0284,175.0347,174.89,174.89,72204
2023-09-22 10:21:00,174.885,174.98,174.82,174.86,63487
2023-09-22 10:22:00,174.86,175.0,174.86,174.98,64175
2023-09-22 10:23:00,174.9799,175.22,174.9751,175.21,126416
2023-09-22 10:24:00,175.21,175.39,175.21,175.355,214945
2023-09-22 10:25:00,175.355,175.375,175.2,175.24,150986
2023-09-22 10:26:00,175.25,175.25,175.07,175.12,109314
2023-09-22 10:27:00,175.12,175.1779,175.0525,175.165,74447
2023-09-22 10:28:00,175.17,175.19,175.09,175.13,51479
2023-09-22 10:29:00,175.14,175.3,175.13,175.2758,95035
2023-09-22 10:30:00,175.29,175.44,175.2824,175.425,136825
2023-09-22 10:31:00,175.425,175.53,175.415,175.5299,160965
2023-09-22 10:32:00,175.52,175.69,175.46,175.68,192742
2023-09-22 10:33:00,175.685,175.75,175.64,175.7,207465
2023-09-22 10:34:00,175.7,175.945,175.67,175.945,283813
2023-09-22 10:35:00,175.945,176.0699,175.9,176.05,468647
2023-09-22 10:36:00,176.045,176.2178,175.98,176.02,314809
2023-09-22 10:37:00,176.01,176.04,175.9301,175.9516,170847
2023-09-22 10:38:00,175.955,176.22,175.91,176.0,381692
2023-09-22 10:39:00,176.005,176.08,175.96,176.018,120023
2023-09-22 10:40:00,176.02,176.04,175.87,175.9,113436
2023-09-22 10:41:00,175.9,175.9499,175.845,175.9,88920
2023-09-22 10:42:00,175.912,176.065,175.91,176.02,98975
2023-09-22 10:43:00,176.02,176.1082,175.98,175.99,136323
2023-09-22 10:44:00,175.9801,176.0591,175.955,176.05,108530
2023-09-22 10:45:00,176.06,176.1,175.945,175.98,101675
2023-09-22 10:46:00,175.98,176.09,175.97,176.07,91077
2023-09-22 10:47:00,176.07,176.21,176.07,176.21,169609
2023-09-22 10:48:00,176.19,176.34,176.09,176.32,211003
2023-09-22 10:49:00,176.325,176.38,176.245,176.25,196391
2023-09-22 10:50:00,176.2516,176.285,176.14,176.2716,151653
2023-09-22 10:51:00,176.28,176.38,176.15,176.22,172720
2023-09-22 10:52:00,176.22,176.28,176.12,176.27,100796
2023-09-22 10:53:00,176.27,176.29,176.15,176.2,102811
2023-09-22 10:54:00,176.2016,176.34,176.165,176.2982,80382
2023-09-22 10:55:00,176.295,176.502,176.2894,176.46,232103
2023-09-22 10:56:00,176.46,176.47,176.31,176.375,128669
2023-09-22 10:57:00,176.37,176.45,176.33,176.4201,106217
2023-09-22 10:58:00,176.42,176.53,176.4,176.475,151299
2023-09-22 10:59:00,176.48,176.55,176.44,176.48,124108
2023-09-22 11:00:00,176.485,176.62,176.45,176.475,197006
2023-09-22 11:01:00,176.4726,176.505,176.341,176.375,129363
2023-09-22 11:02:00,176.3701,176.38,176.25,176.32,159887
2023-09-22 11:03:00,176.325,176.35,176.24,176.28,88082
2023-09-22 11:04:00,176.27,176.3,176.2,176.225,90137
2023-09-22 11:05:00,176.24,176.28,176.17,176.22,61781
2023-09-22 11:06:00,176.22,176.34,176.22,176.32,78278
2023-09-22 11:07:00,176.3201,176.3599,176.25,176.29,67213
2023-09-22 11:08:00,176.29,176.31,176.19,176.23,80374
2023-09-22 11:09:00,176.24,176.25,176.11,176.1156,103126
2023-09-22 11:10:00,176.12,176.18,176.1,176.1757,54925
2023-09-22 11:11:00,176.17,176.18,176.07,176.1,71156
2023-09-22 11:12:00,176.1087,176.14,176.02,176.11,80090
2023-09-22 11:13:00,176.095,176.095,176.03,176.03,71997
2023-09-22 11:14:00,176.0399,176.19,176.0399,176.1693,85953
2023-09-22 11:15:00,176.165,176.24,176.135,176.171,88696
2023-09-22 11:16:00,176.185,176.185,176.015,176.0272,96867
2023-09-22 11:17:00,176.0298,176.16,176.0,176.155,91209
2023-09-22 11:18:00,176.16,176.22,176.1501,176.22,56515
2023-09-22 11:19:00,176.205,176.2313,176.11,176.11,87104
2023-09-22 11:20:00,176.11,176.22,176.09,176.18,39312
2023-09-22 11:21:00,176.19,176.2,176.08,176.085,68323
2023-09-22 11:22:00,176.09,176.19,176.05,176.085,51433
2023-09-22 11:23:00,176.085,176.0862,176.0,176.0204,91617
2023-09-22 11:24:00,176.021,176.16,176.02,176.16,50408
2023-09-22 11:25:00,176.1524,176.25,176.15,176.25,118081
2023-09-22 11:26:00,176.25,176.38,176.23,176.37,147515
2023-09-22 11:27:00,176.379,176.42,176.27,176.31,89744
2023-09-22 11:28:00,176.31,176.48,176.31,176.475,132272
2023-09-22 11:29:00,176.475,176.49,176.3701,176.38,70763
2023-09-22 11:30:00,176.39,176.44,176.34,176.43,65843
2023-09-22 11:31:00,176.435,176.45,176.39,176.425,48520
2023-09-22 11:32:00,176.4101,176.46,176.31,176.39,60595
2023-09-22 11:33:00,176.38,176.47,176.3702,176.46,41398
2023-09-22 11:34:00,176.47,176.49,176.36,176.41,59333
2023-09-22 11:35:00,176.4,176.45,176.4,176.45,36803
2023-09-22 11:36:00,176.45,176.52,176.44,176.52,84339
2023-09-22 11:37:00,176.52,176.56,176.44,176.47,98243
2023-09-22 11:38:00,176.4617,176.4785,176.39,176.46,63539
2023-09-22 11:39:00,176.46,176.61,176.46,176.6087,80760
2023-09-22 11:40:00,176.6099,176.6099,176.46,176.49,71847
2023-09-22 11:41:00,176.5,176.5099,176.4001,176.4301,64366
2023-09-22 11:42:00,176.445,176.45,176.33,176.3409,58614
2023-09-22 11:43:00,176.34,176.37,176.29,176.3,58997
2023-09-22 11:44:00,176.29,176.3,176.22,176.27,74200
2023-09-22 11:45:00,176.26,176.27,176.17,176.2101,69550
2023-09-22 11:46:00,176.23,176.26,176.11,176.135,75120
2023-09-22 11:47:00,176.135,176.21,176.125,176.18,40015
2023-09-22 11:48:00,176.1886,176.235,176.15,176.18,50965
2023-09-22 11:49:00,176.19,176.22,176.1101,176.14,56391
2023-09-22 11:50:00,176.14,176.2472,176.14,176.2362,37424
2023-09-22 11:51:00,176.24,176.24,176.13,176.14,54679
2023-09-22 11:52:00,176.14,176.165,176.08,176.09,77411
2023-09-22 11:53:00,176.0916,176.14,176.0501,176.13,51151
2023-09-22 11:54:00,176.1201,176.16,176.07,176.08,49312
2023-09-22 11:55:00,176.08,176.17,176.08,176.1401,29566
2023-09-22 11:56:00,176.15,176.17,175.94,175.955,119694
2023-09-22 11:57:00,175.95,176.06,175.94,176.04,49743
2023-09-22 11:58:00,176.04,176.04,175.99,176.0,34185
2023-09-22 11:59:00,176.0,176.19,175.97,176.1401,204428
2023-09-22 12:00:00,176.14,176.2,175.97,176.0051,85018
2023-09-22 12:01:00,176.0028,176.53,175.98,176.28,568815
2023-09-22 12:02:00,176.285,176.35,176.09,176.17,252192
2023-09-22 12:03:00,176.18,176.18,176.06,176.11,108486
2023-09-22 12:04:00,176.11,176.25,176.11,176.16,89769
2023-09-22 12:05:00,176.14,176.18,176.08,176.142,60331
2023-09-22 12:06:00,176.14,176.31,176.1,176.31,77050
2023-09-22 12:07:00,176.3001,176.33,176.19,176.32,76095
2023-09-22 12:08:00,176.325,176.41,176.28,176.3711,100214
2023-09-22 12:09:00,176.375,176.46,176.3601,176.3742,100214
2023-09-22 12:10:00,176.37,176.5094,176.35,176.3901,127841
2023-09-22 12:11:00,176.39,176.4,176.3,176.3089,63388
2023-09-22 12:12:00,176.305,176.43,176.305,176.36,70606
2023-09-22 12:13:00,176.37,176.46,176.37,176.44,57060
2023-09-22 12:14:00,176.44,176.445,176.39,176.4,58953
2023-09-22 12:15:00,176.4,176.45,176.36,176.43,93926
2023-09-22 12:16:00,176.44,176.5601,176.42,176.54,95142
2023-09-22 12:17:00,176.53,176.58,176.46,176.575,81868
2023-09-22 12:18:00,176.5799,176.68,176.57,176.68,129612
2023-09-22 12:19:00,176.6845,176.73,176.659,176.69,165764
2023-09-22 12:20:00,176.6992,176.75,176.61,176.62,150655
2023-09-22 12:21:00,176.6175,176.64,176.56,176.57,111770
2023-09-22 12:22:00,176.57,176.63,176.53,176.625,72681
2023-09-22 12:23:00,176.63,176.635,176.56,176.5961,49901
2023-09-22 12:24:00,176.6,176.645,176.58,176.605,55723
2023-09-22 12:25:00,176.6,176.605,176.525,176.546,50950
2023-09-22 12:26:00,176.545,176.6225,176.51,176.54,55747
2023-09-22 12:27:00,176.55,176.5999,176.49,176.52,36631
2023-09-22 12:28:00,176.5277,176.6,176.51,176.595,44631
2023-09-22 12:29:00,176.595,176.61,176.5494,176.61,47269
2023-09-22 12:30:00,176.62,176.64,176.58,176.585,34226
2023-09-22 12:31:00,176.58,176.68,176.575,176.655,66356
2023-09-22 12:32:00,176.6598,176.72,176.655,176.715,72730
2023-09-22 12:33:00,176.72,176.745,176.67,176.745,56355
2023-09-22 12:34:00,176.745,176.79,176.58,176.635,138368
2023-09-22 12:35:00,176.64,176.65,176.56,176.595,144830
2023-09-22 12:36:00,176.5899,176.62,176.58,176.6001,55495
2023-09-22 12:37:00,176.605,176.66,176.57,176.65,50123
2023-09-22 12:38:00,176.655,176.68,176.6,176.6317,59822
2023-09-22 12:39:00,176.63,176.7378,176.6287,176.71,80378
2023-09-22 12:40:00,176.71,176.79,176.7,176.73,79524
2023-09-22 12:41:00,176.73,176.78,176.72,176.765,59712
2023-09-22 12:42:00,176.77,176.77,176.7,176.7491,51672
2023-09-22 12:43:00,176.75,176.76,176.7,176.735,43422
2023-09-22 12:44:00,176.735,176.8,176.725,176.785,74961
2023-09-22 12:45:00,176.79,176.8099,176.75,176.8099,68479
2023-09-22 12:46:00,176.8088,176.96,176.8001,176.9524,174197
2023-09-22 12:47:00,176.96,176.975,176.9,176.915,95999
2023-09-22 12:48:00,176.9,176.93,176.85,176.9288,91190
2023-09-22 12:49:00,176.925,176.9847,176.9017,176.915,111143
2023-09-22 12:50:00,176.91,176.95,176.89,176.935,76951
2023-09-22 12:51:00,176.9399,177.02,176.925,176.97,203905
2023-09-22 12:52:00,176.98,177.05,176.98,177.0445,118058
2023-09-22 12:53:00,177.045,177.079,176.98,177.0099,111617
2023-09-22 12:54:00,177.01,177.0199,176.88,176.8883,134310
2023-09-22 12:55:00,176.89,176.93,176.845,176.8749,77705
2023-09-22 12:56:00,176.87,176.88,176.8101,176.8101,79229
2023-09-22 12:57:00,176.811,176.92,176.78,176.9156,60123
2023-09-22 12:58:00,176.9199,176.9199,176.8,176.8201,77593
2023-09-22 12:59:00,176.82,176.82,176.66,176.67,83590
2023-09-22 13:00:00,176.6717,176.73,176.615,176.65,70748
2023-09-22 13:01:00,176.65,176.66,176.59,176.6136,71034
2023-09-22 13:02:00,176.62,176.645,176.52,176.52,83008
2023-09-22 13:03:00,176.53,176.56,176.505,176.54,75792
2023-09-22 13:04:00,176.54,176.62,176.54,176.555,46313
2023-09-22 13:05:00,176.56,176.56,176.46,176.5,91856
2023-09-22 13:06:00,176.52,176.57,176.505,176.57,38164
2023-09-22 13:07:00,176.5699,176.6199,176.5,176.52,66376
2023-09-22 13:08:00,176.5101,176.56,176.5,176.5595,39930
2023-09-22 13:09:00,176.55,176.55,176.48,176.5042,41161
2023-09-22 13:10:00,176.5,176.525,176.33,176.4,97276
2023-09-22 13:11:00,176.4,176.44,176.36,176.425,58229
2023-09-22 13:12:00,176.425,176.52,176.425,176.5,84752
2023-09-22 13:13:00,176.4936,176.495,176.31,176.31,69731
2023-09-22 13:14:00,176.3201,176.345,176.245,176.26,89322
2023-09-22 13:15:00,176.255,176.26,176.16,176.2494,142765
2023-09-22 13:16:00,176.245,176.27,176.19,176.2,67977
2023-09-22 13:17:00,176.1998,176.235,176.14,176.215,71902
2023-09-22 13:18:00,176.205,176.22,176.05,176.06,85423
2023-09-22 13:19:00,176.07,176.1,175.98,176.0308,126362
2023-09-22 13:20:00,176.03,176.03,175.87,175.88,157689
2023-09-22 13:21:00,175.8799,176.02,175.87,175.96,84641
2023-09-22 13:22:00,175.95,176.01,175.93,175.98,73499
2023-09-22 13:23:00,175.9701,175.98,175.8,175.82,95885
2023-09-22 13:24:00,175.82,175.82,175.67,175.8086,132449
2023-09-22 13:25:00,175.8,175.8216,175.7199,175.72,83823
2023-09-22 13:26:00,175.73,175.73,175.675,175.73,56825
2023-09-22 13:27:00,175.72,175.76,175.61,175.63,54474
2023-09-22 13:28:00,175.631,175.75,175.58,175.7,96293
2023-09-22 13:29:00,175.68,175.74,175.59,175.7,86376
2023-09-22 13:30:00,175.68,175.68,175.6,175.6399,73597
2023-09-22 13:31:00,175.63,175.63,175.48,175.4899,153458
2023-09-22 13:32:00,175.495,175.55,175.43,175.45,81959
2023-09-22 13:33:00,175.45,175.5699,175.4499,175.46,55415
2023-09-22 13:34:00,175.465,175.5694,175.4609,175.54,52792
2023-09-22 13:35:00,175.5301,175.65,175.51,175.575,83516
2023-09-22 13:36:00,175.58,175.6071,175.52,175.6,60903
2023-09-22 13:37:00,175.595,175.595,175.46,175.4799,64352
2023-09-22 13:38:00,175.4697,175.47,175.24,175.26,177567
2023-09-22 13:39:00,175.2601,175.35,175.25,175.3383,82865
2023-09-22 13:40:00,175.34,175.35,175.26,175.3,62842
2023-09-22 13:41:00,175.29,175.33,175.25,175.26,50895
2023-09-22 13:42:00,175.26,175.29,175.15,175.192,102473
2023-09-22 13:43:00,175.2,175.26,175.18,175.245,97870
2023-09-22 13:44:00,175.2499,175.329,175.245,175.27,53712
2023-09-22 13:45:00,175.25,175.3649,175.24,175.3649,57820
2023-09-22 13:46:00,175.35,175.37,175.24,175.29,139427
2023-09-22 13:47:00,175.2809,175.2899,175.23,175.25,58384
2023-09-22 13:48:00,175.2514,175.26,175.15,175.17,60236
2023-09-22 13:49:00,175.1701,175.35,175.15,175.295,76617
2023-09-22 13:50:00,175.295,175.3409,175.25,175.3378,60197
2023-09-22 13:51:00,175.33,175.49,175.32,175.465,119305
2023-09-22 13:52:00,175.4601,175.5199,175.4,175.4,98037
2023-09-22 13:53:00,175.39,175.42,175.23,175.28,67643
2023-09-22 13:54:00,175.261,175.34,175.26,175.335,41757
2023-09-22 13:55:00,175.34,175.3705,175.295,175.3081,42010
2023-09-22 13:56:00,175.32,175.4,175.32,175.38,39182
2023-09-22 13:57:00,175.3821,175.52,175.3821,175.47,71288
2023-09-22 13:58:00,175.4685,175.53,175.415,175.42,71950
2023-09-22 13:59:00,175.43,175.43,175.32,175.32,37929
2023-09-22 14:00:00,175.32,175.46,175.32,175.44,29543
2023-09-22 14:01:00,175.431,175.45,175.36,175.39,30080
2023-09-22 14:02:00,175.41,175.49,175.31,175.3191,84343
2023-09-22 14:03:00,175.32,175.495,175.32,175.4501,79955
2023-09-22 14:04:00,175.46,175.51,175.43,175.48,41436
2023-09-22 14:05:00,175.48,175.56,175.465,175.4714,58193
2023-09-22 14:06:00,175.47,175.4799,175.39,175.4,56394
2023-09-22 14:07:00,175.4,175.45,175.33,175.33,32393
2023-09-22 14:08:00,175.34,175.37,175.31,175.3301,39694
2023-09-22 14:09:00,175.33,175.38,175.29,175.3789,43072
2023-09-22 14:10:00,175.37,175.37,175.26,175.29,88165
2023-09-22 14:11:00,175.3,175.335,175.26,175.28,45112
2023-09-22 14:12:00,175.2786,175.3399,175.19,175.23,115387
2023-09-22 14:13:00,175.225,175.24,175.185,175.2,70001
2023-09-22 14:14:00,175.21,175.25,175.19,175.21,49822
2023-09-22 14:15:00,175.2089,175.32,175.18,175.29,45936
2023-09-22 14:16:00,175.2799,175.2799,175.07,175.115,104280
2023-09-22 14:17:00,175.1111,175.12,174.985,175.02,189343
2023-09-22 14:18:00,175.0275,175.1,174.96,174.99,161310
2023-09-22 14:19:00,175.0,175.08,174.995,175.04,52910
2023-09-22 14:20:00,175.05,175.3,175.04,175.245,165675
2023-09-22 14:21:00,175.24,175.26,175.16,175.18,56919
2023-09-22 14:22:00,175.175,175.23,175.11,175.155,41963
2023-09-22 14:23:00,175.16,175.21,175.16,175.179,43527
2023-09-22 14:24:00,175.175,175.26,175.175,175.24,62679
2023-09-22 14:25:00,175.24,175.395,175.215,175.39,62109
2023-09-22 14:26:00,175.39,175.4231,175.355,175.4179,64972
2023-09-22 14:27:00,175.4001,175.42,175.23,175.275,80641
2023-09-22 14:28:00,175.27,175.29,175.185,175.19,60053
2023-09-22 14:29:00,175.19,175.21,175.12,175.13,52375
2023-09-22 14:30:00,175.12,175.1444,174.9917,174.9917,114838
2023-09-22 14:31:00,174.995,175.07,174.81,174.81,153720
2023-09-22 14:32:00,174.82,174.92,174.815,174.835,52397
2023-09-22 14:33:00,174.83,175.01,174.83,174.98,72142
2023-09-22 14:34:00,174.971,175.05,174.96,175.015,61806
2023-09-22 14:35:00,175.01,175.1299,175.0001,175.112,56082
2023-09-22 14:36:00,175.12,175.18,175.08,175.14,75242
2023-09-22 14:37:00,175.15,175.18,175.09,175.1,60349
2023-09-22 14:38:00,175.1,175.1,174.94,174.97,78664
2023-09-22 14:39:00,174.96,175.05,174.96,175.02,35729
2023-09-22 14:40:00,175.0274,175.12,175.01,175.06,61570
2023-09-22 14:41:00,175.0899,175.1582,175.03,175.14,76801
2023-09-22 14:42:00,175.14,175.15,175.05,175.1036,67876
2023-09-22 14:43:00,175.12,175.23,175.1101,175.1101,78573
2023-09-22 14:44:00,175.11,175.145,175.065,175.08,60332
2023-09-22 14:45:00,175.09,175.15,175.0391,175.145,42461
2023-09-22 14:46:00,175.14,175.195,175.11,175.185,50732
2023-09-22 14:47:00,175.18,175.2,175.12,175.1493,59394
2023-09-22 14:48:00,175.155,175.28,175.135,175.255,58897
2023-09-22 14:49:00,175.2774,175.35,175.25,175.35,61461
2023-09-22 14:50:00,175.345,175.42,175.33,175.385,73406
2023-09-22 14:51:00,175.38,175.42,175.32,175.3884,62505
2023-09-22 14:52:00,175.3864,175.415,175.24,175.2495,107110
2023-09-22 14:53:00,175.26,175.32,175.24,175.295,52624
2023-09-22 14:54:00,175.3,175.36,175.25,175.36,31405
2023-09-22 14:55:00,175.35,175.39,175.27,175.35,48975
2023-09-22 14:56:00,175.35,175.43,175.3401,175.415,42699
2023-09-22 14:57:00,175.42,175.4205,175.36,175.38,39872
2023-09-22 14:58:00,175.37,175.37,175.19,175.19,83840
2023-09-22 14:59:00,175.2,175.31,175.15,175.291,51140
2023-09-22 15:00:00,175.28,175.57,175.21,175.52,134494
2023-09-22 15:01:00,175.5101,175.6169,175.47,175.585,121414
2023-09-22 15:02:00,175.57,175.65,175.54,175.595,106185
2023-09-22 15:03:00,175.59,175.62,175.51,175.55,87710
2023-09-22 15:04:00,175.555,175.58,175.4801,175.5,106580
2023-09-22 15:05:00,175.51,175.52,175.42,175.4681,94383
2023-09-22 15:06:00,175.47,175.5,175.43,175.475,75264
2023-09-22 15:07:00,175.48,175.65,175.48,175.61,165949
2023-09-22 15:08:00,175.6,175.87,175.6,175.79,198707
2023-09-22 15:09:00,175.8,175.8624,175.725,175.845,108483
2023-09-22 15:10:00,175.845,175.89,175.7,175.76,94268
2023-09-22 15:11:00,175.755,175.8404,175.69,175.82,72146
2023-09-22 15:12:00,175.8155,175.86,175.75,175.8391,55269
2023-09-22 15:13:00,175.84,175.84,175.7301,175.7507,61531
2023-09-22 15:14:00,175.755,175.76,175.67,175.7301,77727
2023-09-22 15:15:00,175.74,175.795,175.73,175.775,62094
2023-09-22 15:16:00,175.775,175.84,175.68,175.69,98617
2023-09-22 15:17:00,175.695,175.7399,175.64,175.73,83409
2023-09-22 15:18:00,175.74,175.8256,175.74,175.8171,98766
2023-09-22 15:19:00,175.815,175.88,175.815,175.8601,68318
2023-09-22 15:20:00,175.8628,175.88,175.75,175.765,65198
2023-09-22 15:21:00,175.77,175.815,175.64,175.665,74061
2023-09-22 15:22:00,175.665,175.77,175.65,175.74,47806
2023-09-22 15:23:00,175.75,175.93,175.74,175.9,99103
2023-09-22 15:24:00,175.9,175.99,175.76,175.77,113379
2023-09-22 15:25:00,175.7772,175.8184,175.655,175.68,66768
2023-09-22 15:26:00,175.68,175.74,175.66,175.705,58399
2023-09-22 15:27:00,175.72,175.77,175.675,175.74,52335
2023-09-22 15:28:00,175.73,175.755,175.6791,175.725,55149
2023-09-22 15:29:00,175.725,175.74,175.67,175.69,57978
2023-09-22 15:30:00,175.685,175.785,175.685,175.74,58798
2023-09-22 15:31:00,175.74,175.78,175.7003,175.75,54218
2023-09-22 15:32:00,175.75,175.755,175.59,175.6048,65470
2023-09-22 15:33:00,175.6,175.65,175.55,175.59,64211
2023-09-22 15:34:00,175.6,175.63,175.53,175.54,60873
2023-09-22 15:35:00,175.5309,175.59,175.48,175.5,69139
2023-09-22 15:36:00,175.51,175.53,175.44,175.5208,82170
2023-09-22 15:37:00,175.52,175.5476,175.48,175.5,39480
2023-09-22 15:38:00,175.495,175.59,175.49,175.585,47695
2023-09-22 15:39:00,175.58,175.5899,175.51,175.535,45033
2023-09-22 15:40:00,175.54,175.58,175.48,175.49,76831
2023-09-22 15:41:00,175.48,175.485,175.3644,175.37,86977
2023-09-22 15:42:00,175.36,175.46,175.11,175.2,223691
2023-09-22 15:43:00,175.2002,175.3,175.08,175.1,102825
2023-09-22 15:44:00,175.105,175.105,174.95,174.98,131763
2023-09-22 15:45:00,174.97,175.16,174.96,175.04,151793
2023-09-22 15:46:00,175.045,175.1007,174.91,174.94,186512
2023-09-22 15:47:00,174.95,174.96,174.8317,174.85,159813
2023-09-22 15:48:00,174.845,174.92,174.78,174.795,136874
2023-09-22 15:49:00,174.79,175.0,174.78,174.97,157426
2023-09-22 15:50:00,174.97,174.97,174.72,174.74,320392
2023-09-22 15:51:00,174.73,174.77,174.65,174.67,228752
2023-09-22 15:52:00,174.67,174.75,174.62,174.65,171207
2023-09-22 15:53:00,174.645,174.86,174.64,174.83,209635
2023-09-22 15:54:00,174.82,174.88,174.74,174.85,240505
2023-09-22 15:55:00,174.85,175.045,174.8,174.82,363796
2023-09-22 15:56:00,174.81,174.92,174.8,174.882,166392
2023-09-22 15:57:00,174.89,174.925,174.84,174.87,263308
2023-09-22 15:58:00,174.87,174.91,174.82,174.9,328227
2023-09-22 15:59:00,174.9,174.92,174.71,174.74,1119243
2023-09-25 09:30:00,174.2,175.14,174.15,174.9869,1196742
2023-09-25 09:31:00,174.9718,174.9718,174.5,174.61,200090
2023-09-25 09:32:00,174.6,174.745,174.51,174.7267,210372
2023-09-25 09:33:00,174.7,174.7,174.25,174.3387,158253
2023-09-25 09:34:00,174.35,174.5547,174.32,174.5488,108266
2023-09-25 09:35:00,174.55,174.63,174.27,174.53,131198
2023-09-25 09:36:00,174.55,174.75,174.445,174.65,127213
2023-09-25 09:37:00,174.63,174.74,174.42,174.74,155280
2023-09-25 09:38:00,174.735,174.83,174.44,174.51,152500
2023-09-25 09:39:00,174.49,174.68,174.4,174.66,102780
2023-09-25 09:40:00,174.66,174.91,174.657,174.85,144265
2023-09-25 09:41:00,174.85,174.88,174.705,174.83,159527
2023-09-25 09:42:00,174.83,174.91,174.76,174.8699,173370
2023-09-25 09:43:00,174.85,174.94,174.67,174.68,145859
2023-09-25 09:44:00,174.672,174.7876,174.61,174.6135,126925
2023-09-25 09:45:00,174.635,174.67,174.4,174.54,172285
2023-09-25 09:46:00,174.53,174.7274,174.49,174.71,130474
2023-09-25 09:47:00,174.71,174.8,174.6022,174.63,136924
2023-09-25 09:48:00,174.63,174.85,174.6,174.68,125332
2023-09-25 09:49:00,174.685,174.805,174.68,174.74,108330
2023-09-25 09:50:00,174.73,174.94,174.71,174.8081,141594
2023-09-25 09:51:00,174.8,174.95,174.68,174.7999,149009
2023-09-25 09:52:00,174.76,175.08,174.76,174.95,117682
2023-09-25 09:53:00,174.945,174.97,174.72,174.82,123974
2023-09-25 09:54:00,174.82,174.9465,174.77,174.94,71948
2023-09-25 09:55:00,174.94,175.16,174.91,175.1294,130360
2023-09-25 09:56:00,175.125,175.46,175.11,175.45,189588
2023-09-25 09:57:00,175.45,175.505,175.21,175.2501,157208
2023-09-25 09:58:00,175.255,175.46,175.17,175.33,95467
2023-09-25 09:59:00,175.35,175.43,175.22,175.34,123278
2023-09-25 10:00:00,175.35,175.55,175.28,175.4901,131249
2023-09-25 10:01:00,175.5,175.54,175.37,175.4,135390
2023-09-25 10:02:00,175.41,175.41,175.22,175.28,121349
2023-09-25 10:03:00,175.29,175.33,175.12,175.19,106985
2023-09-25 10:04:00,175.21,175.22,175.08,175.13,119587
2023-09-25 10:05:00,175.12,175.2884,175.095,175.26,66685
2023-09-25 10:06:00,175.2887,175.3594,175.14,175.15,97327
2023-09-25 10:07:00,175.1753,175.2799,175.1,175.1,94126
2023-09-25 10:08:00,175.11,175.19,174.94,174.98,114478
2023-09-25 10:09:00,174.9814,175.06,174.9401,174.9901,65649
2023-09-25 10:10:00,174.975,175.05,174.94,175.04,88149
2023-09-25 10:11:00,175.03,175.1199,174.95,175.07,84815
2023-09-25 10:12:00,175.08,175.1386,175.0203,175.05,98063
2023-09-25 10:13:00,175.05,175.15,174.925,175.0,100368
2023-09-25 10:14:00,175.0,175.1,174.9401,175.07,78821
2023-09-25 10:15:00,175.05,175.07,174.87,174.98,106659
2023-09-25 10:16:00,174.9776,175.0999,174.94,175.02,84071
2023-09-25 10:17:00,175.0404,175.1499,174.94,174.995,105935
2023-09-25 10:18:00,174.99,175.04,174.82,174.87,97630
2023-09-25 10:19:00,174.8668,174.91,174.76,174.775,140537
2023-09-25 10:20:00,174.78,174.86,174.76,174.8101,92259
2023-09-25 10:21:00,174.8205,174.8205,174.53,174.57,147743
2023-09-25 10:22:00,174.57,174.6049,174.48,174.52,107226
2023-09-25 10:23:00,174.53,174.5499,174.42,174.51,103939
2023-09-25 10:24:00,174.51,174.605,174.4399,174.44,76377
2023-09-25 10:25:00,174.4399,174.455,174.27,174.35,119615
2023-09-25 10:26:00,174.33,174.38,174.23,174.26,107592
2023-09-25 10:27:00,174.25,174.3577,174.21,174.3201,79922
2023-09-25 10:28:00,174.32,174.52,174.32,174.49,101505
2023-09-25 10:29:00,174.4801,174.57,174.44,174.47,103781
2023-09-25 10:30:00,174.46,174.57,174.43,174.46,89411
2023-09-25 10:31:00,174.45,174.49,174.37,174.48,62765
2023-09-25 10:32:00,174.481,174.69,174.47,174.68,92902
2023-09-25 10:33:00,174.6812,174.79,174.665,174.78,122491
2023-09-25 10:34:00,174.77,174.92,174.73,174.7599,135483
2023-09-25 10:35:00,174.76,174.83,174.66,174.761,108739
2023-09-25 10:36:00,174.765,174.865,174.73,174.77,89845
2023-09-25 10:37:00,174.7799,174.8965,174.7521,174.881,65900
2023-09-25 10:38:00,174.88,174.9299,174.78,174.79,84583
2023-09-25 10:39:00,174.783,174.88,174.783,174.8601,59944
2023-09-25 10:40:00,174.865,174.8861,174.76,174.8278,55419
2023-09-25 10:41:00,174.82,174.94,174.8,174.92,78340
2023-09-25 10:42:00,174.915,174.99,174.89,174.94,76857
2023-09-25 10:43:00,174.92,174.96,174.85,174.91,43042
2023-09-25 10:44:00,174.91,174.95,174.86,174.95,75580
2023-09-25 10:45:00,174.95,175.19,174.95,175.04,144295
2023-09-25 10:46:00,175.03,175.09,174.96,175.08,90171
2023-09-25 10:47:00,175.07,175.2193,175.055,175.1714,70615
2023-09-25 10:48:00,175.175,175.1864,175.09,175.12,49698
2023-09-25 10:49:00,175.13,175.13,174.99,175.02,78587
2023-09-25 10:50:00,175.03,175.03,174.84,174.86,131281
2023-09-25 10:51:00,174.87,174.955,174.77,174.83,76817
2023-09-25 10:52:00,174.835,174.92,174.83,174.88,61120
2023-09-25 10:53:00,174.89,175.0693,174.87,175.035,59990
2023-09-25 10:54:00,175.04,175.097,174.97,175.03,77020
2023-09-25 10:55:00,175.04,175.04,174.88,174.9501,95452
2023-09-25 10:56:00,174.97,175.03,174.9406,175.01,72667
2023-09-25 10:57:00,175.01,175.085,174.96,175.06,48020
2023-09-25 10:58:00,175.06,175.06,174.91,174.97,76862
2023-09-25 10:59:00,174.9698,174.99,174.87,174.88,87533
2023-09-25 11:00:00,174.89,175.0,174.87,174.93,76592
2023-09-25 11:01:00,174.94,175.045,174.88,175.02,62473
2023-09-25 11:02:00,175.025,175.0567,174.89,174.93,64949
2023-09-25 11:03:00,174.93,175.03,174.93,174.9885,71445
2023-09-25 11:04:00,174.98,175.17,174.97,175.15,186652
2023-09-25 11:05:00,175.15,175.315,175.14,175.2713,129220
2023-09-25 11:06:00,175.27,175.33,175.205,175.28,76805
2023-09-25 11:07:00,175.2707,175.3299,175.2001,175.3,59413
2023-09-25 11:08:00,175.3,175.515,175.28,175.48,177202
2023-09-25 11:09:00,175.47,175.78,175.47,175.705,151944
2023-09-25 11:10:00,175.705,175.84,175.64,175.81,91008
2023-09-25 11:11:00,175.815,175.86,175.76,175.84,91258
2023-09-25 11:12:00,175.83,175.85,175.73,175.85,96991
2023-09-25 11:13:00,175.8599,175.9,175.76,175.785,116146
2023-09-25 11:14:00,175.78,175.91,175.75,175.8983,90769
2023-09-25 11:15:00,175.9,175.9702,175.86,175.9702,79429
2023-09-25 11:16:00,175.975,176.13,175.91,176.08,190412
2023-09-25 11:17:00,176.09,176.34,176.075,176.23,194417
2023-09-25 11:18:00,176.24,176.33,176.2,176.23,189695
2023-09-25 11:19:00,176.23,176.32,176.17,176.28,123235
2023-09-25 11:20:00,176.29,176.34,176.18,176.21,117136
2023-09-25 11:21:00,176.215,176.26,176.16,176.2415,82376
2023-09-25 11:22:00,176.26,176.31,176.24,176.279,67771
2023-09-25 11:23:00,176.28,176.43,176.23,176.385,145442
2023-09-25 11:24:00,176.38,176.4361,176.32,176.405,81228
2023-09-25 11:25:00,176.409,176.44,176.31,176.39,95047
2023-09-25 11:26:00,176.41,176.435,176.33,176.42,66980
2023-09-25 11:27:00,176.43,176.54,176.38,176.41,151718
2023-09-25 11:28:00,176.4,176.41,176.32,176.395,87546
2023-09-25 11:29:00,176.39,176.39,176.2415,176.27,110651
2023-09-25 11:30:00,176.288,176.35,176.13,176.2001,128108
2023-09-25 11:31:00,176.21,176.26,176.08,176.14,99487
2023-09-25 11:32:00,176.14,176.23,176.13,176.15,57626
2023-09-25 11:33:00,176.153,176.24,176.1,176.23,94321
2023-09-25 11:34:00,176.2201,176.2599,176.14,176.15,73540
2023-09-25 11:35:00,176.16,176.25,176.14,176.22,64653
2023-09-25 11:36:00,176.215,176.23,176.1301,176.1644,42773
2023-09-25 11:37:00,176.16,176.18,176.1301,176.15,76242
2023-09-25 11:38:00,176.166,176.173,176.11,176.15,40188
2023-09-25 11:39:00,176.16,176.17,176.11,176.14,44107
2023-09-25 11:40:00,176.1401,176.17,176.1,176.14,56727
2023-09-25 11:41:00,176.14,176.2,176.07,176.2,76175
2023-09-25 11:42:00,176.21,176.31,176.19,176.3082,79459
2023-09-25 11:43:00,176.305,176.47,176.305,176.47,139246
2023-09-25 11:44:00,176.4727,176.4727,176.32,176.345,86175
2023-09-25 11:45:00,176.345,176.42,176.27,176.3552,82271
2023-09-25 11:46:00,176.365,176.49,176.3,176.37,152057
2023-09-25 11:47:00,176.375,176.4501,176.35,176.4401,107215
2023-09-25 11:48:00,176.45,176.46,176.32,176.34,57898
2023-09-25 11:49:00,176.34,176.39,176.2,176.23,95270
2023-09-25 11:50:00,176.24,176.26,176.19,176.21,68827
2023-09-25 11:51:00,176.22,176.28,176.19,176.2,116261
2023-09-25 11:52:00,176.19,176.22,176.14,176.15,67410
2023-09-25 11:53:00,176.14,176.1601,176.1,176.11,45126
2023-09-25 11:54:00,176.1035,176.11,176.0,176.03,153602
2023-09-25 11:55:00,176.021,176.05,175.96,176.0,121073
2023-09-25 11:56:00,176.0,176.1,175.99,176.045,78332
2023-09-25 11:57:00,176.04,176.08,175.91,175.965,63759
2023-09-25 11:58:00,175.961,176.0,175.88,175.9488,81165
2023-09-25 11:59:00,175.94,176.09,175.92,176.03,42949
2023-09-25 12:00:00,176.04,176.1,175.9383,175.9961,56176
2023-09-25 12:01:00,175.99,176.12,175.99,176.03,55035
2023-09-25 12:02:00,176.0212,176.105,176.01,176.01,32774
2023-09-25 12:03:00,176.01,176.0399,175.9,175.955,54458
2023-09-25 12:04:00,175.96,175.97,175.88,175.9299,30211
2023-09-25 12:05:00,175.9282,176.03,175.9259,175.99,41687
2023-09-25 12:06:00,175.985,175.985,175.89,175.9199,31506
2023-09-25 12:07:00,175.92,176.075,175.92,176.05,108469
2023-09-25 12:08:00,176.05,176.11,176.03,176.079,84283
2023-09-25 12:09:00,176.079,176.22,176.07,176.085,97012
2023-09-25 12:10:00,176.09,176.11,175.97,176.03,59513
2023-09-25 12:11:00,176.02,176.24,176.01,176.2,166912
2023-09-25 12:12:00,176.2001,176.32,176.181,176.31,121579
2023-09-25 12:13:00,176.29,176.44,176.28,176.39,83357
2023-09-25 12:14:00,176.385,176.4221,176.31,176.38,56527
2023-09-25 12:15:00,176.385,176.43,176.36,176.415,63302
2023-09-25 12:16:00,176.4111,176.62,176.41,176.615,152080
2023-09-25 12:17:00,176.62,176.73,176.615,176.7002,120191
2023-09-25 12:18:00,176.71,176.78,176.67,176.76,105338
2023-09-25 12:19:00,176.75,176.76,176.67,176.7201,73277
2023-09-25 12:20:00,176.7201,176.83,176.69,176.8199,87711
2023-09-25 12:21:00,176.8,176.84,176.72,176.81,91121
2023-09-25 12:22:00,176.81,176.8969,176.8001,176.86,86008
2023-09-25 12:23:00,176.87,176.95,176.85,176.93,201922
2023-09-25 12:24:00,176.92,176.97,176.8501,176.8925,90976
2023-09-25 12:25:00,176.9,176.907,176.85,176.89,62101
2023-09-25 12:26:00,176.88,176.9299,176.87,176.92,37601
2023-09-25 12:27:00,176.918,176.93,176.83,176.85,47787
2023-09-25 12:28:00,176.86,176.94,176.84,176.935,50523
2023-09-25 12:29:00,176.935,176.94,176.86,176.88,53522
2023-09-25 12:30:00,176.885,176.91,176.81,176.82,64193
2023-09-25 12:31:00,176.81,176.84,176.76,176.81,116123
2023-09-25 12:32:00,176.8,176.83,176.73,176.81,80885
2023-09-25 12:33:00,176.8185,176.8213,176.73,176.77,82815
2023-09-25 12:34:00,176.79,176.79,176.65,176.69,82086
2023-09-25 12:35:00,176.6821,176.7,176.62,176.64,56585
2023-09-25 12:36:00,176.635,176.68,176.62,176.64,53080
2023-09-25 12:37:00,176.64,176.67,176.58,176.6,76598
2023-09-25 12:38:00,176.5801,176.63,176.53,176.56,88054
2023-09-25 12:39:00,176.58,176.63,176.5565,176.58,40999
2023-09-25 12:40:00,176.5784,176.66,176.5524,176.64,58029
2023-09-25 12:41:00,176.64,176.65,176.56,176.64,45936
2023-09-25 12:42:00,176.645,176.6791,176.5444,176.57,73671
2023-09-25 12:43:00,176.58,176.6252,176.5501,176.5501,48417
2023-09-25 12:44:00,176.57,176.5957,176.53,176.53,54041
2023-09-25 12:45:00,176.5301,176.55,176.49,176.545,60581
2023-09-25 12:46:00,176.545,176.5799,176.44,176.4699,56125
2023-09-25 12:47:00,176.44,176.53,176.42,176.49,71215
2023-09-25 12:48:00,176.4847,176.51,176.41,176.4201,56036
2023-09-25 12:49:00,176.42,176.53,176.41,176.45,44654
2023-09-25 12:50:00,176.45,176.45,176.28,176.28,51926
2023-09-25 12:51:00,176.2801,176.2801,176.15,176.2352,81193
2023-09-25 12:52:00,176.23,176.24,176.13,176.15,73786
2023-09-25 12:53:00,176.16,176.255,176.13,176.23,79722
2023-09-25 12:54:00,176.2221,176.36,176.22,176.3401,76858
2023-09-25 12:55:00,176.34,176.3599,176.28,176.3,59672
2023-09-25 12:56:00,176.3,176.31,176.21,176.21,38491
2023-09-25 12:57:00,176.22,176.329,176.2,176.2112,67719
2023-09-25 12:58:00,176.21,176.2777,176.18,176.1901,50021
2023-09-25 12:59:00,176.195,176.31,176.17,176.29,38885
2023-09-25 13:00:00,176.28,176.28,176.201,176.2042,39066
2023-09-25 13:01:00,176.21,176.235,176.16,176.2155,51595
2023-09-25 13:02:00,176.2,176.24,176.11,176.13,70782
2023-09-25 13:03:00,176.14,176.17,176.11,176.13,46065
2023-09-25 13:04:00,176.13,176.142,176.04,176.0783,67534
2023-09-25 13:05:00,176.0711,176.17,176.065,176.14,47341
2023-09-25 13:06:00,176.12,176.3,176.1146,176.3,67913
2023-09-25 13:07:00,176.308,176.46,176.3,176.46,97154
2023-09-25 13:08:00,176.4517,176.55,176.44,176.52,107237
2023-09-25 13:09:00,176.53,176.55,176.51,176.52,43404
2023-09-25 13:10:00,176.53,176.59,176.5,176.561,68092
2023-09-25 13:11:00,176.5594,176.67,176.5594,176.66,130777
2023-09-25 13:12:00,176.6401,176.74,176.64,176.73,96409
2023-09-25 13:13:00,176.72,176.8,176.72,176.79,95636
2023-09-25 13:14:00,176.7924,176.8,176.661,176.695,105554
2023-09-25 13:15:00,176.6919,176.73,176.59,176.6,52093
2023-09-25 13:16:00,176.5811,176.5999,176.52,176.53,42427
2023-09-25 13:17:00,176.54,176.55,176.45,176.5191,83098
2023-09-25 13:18:00,176.52,176.535,176.4201,176.51,45106
2023-09-25 13:19:00,176.5146,176.53,176.3786,176.42,53091
2023-09-25 13:20:00,176.42,176.48,176.36,176.43,75808
2023-09-25 13:21:00,176.45,176.47,176.37,176.3801,70020
2023-09-25 13:22:00,176.39,176.41,176.29,176.3153,49803
2023-09-25 13:23:00,176.32,176.4039,176.31,176.3601,37164
2023-09-25 13:24:00,176.37,176.39,176.29,176.3299,33013
2023-09-25 13:25:00,176.33,176.37,176.23,176.2422,53216
2023-09-25 13:26:00,176.24,176.29,176.19,176.25,48901
2023-09-25 13:27:00,176.265,176.3086,176.18,176.19,26349
2023-09-25 13:28:00,176.19,176.2099,176.08,176.12,101962
2023-09-25 13:29:00,176.1118,176.18,176.1008,176.13,48943
2023-09-25 13:30:00,176.15,176.185,176.085,176.155,68117
2023-09-25 13:31:00,176.1681,176.1681,176.07,176.09,55826
2023-09-25 13:32:00,176.11,176.14,176.06,176.1,44418
2023-09-25 13:33:00,176.11,176.1662,176.11,176.1301,29925
2023-09-25 13:34:00,176.13,176.22,176.12,176.1885,60281
2023-09-25 13:35:00,176.18,176.2139,176.09,176.1,68700
2023-09-25 13:36:00,176.11,176.1799,176.105,176.13,27683
2023-09-25 13:37:00,176.14,176.23,176.14,176.1691,40650
2023-09-25 13:38:00,176.16,176.25,176.153,176.25,45159
2023-09-25 13:39:00,176.25,176.3,176.235,176.2993,49735
2023-09-25 13:40:00,176.29,176.29,176.23,176.26,36734
2023-09-25 13:41:00,176.27,176.315,176.14,176.1901,44618
2023-09-25 13:42:00,176.1876,176.1876,176.13,176.1612,42066
2023-09-25 13:43:00,176.17,176.18,176.07,176.115,41788
2023-09-25 13:44:00,176.12,176.12,176.05,176.0799,42804
2023-09-25 13:45:00,176.07,176.145,176.01,176.04,48881
2023-09-25 13:46:00,176.04,176.1299,176.03,176.1299,40560
2023-09-25 13:47:00,176.13,176.158,175.88,175.89,119240
2023-09-25 13:48:00,175.9,176.07,175.88,176.02,66821
2023-09-25 13:49:00,176.032,176.13,176.0,176.1,50047
2023-09-25 13:50:00,176.09,176.14,176.0801,176.12,50348
2023-09-25 13:51:00,176.11,176.1799,176.1001,176.1374,47884
2023-09-25 13:52:00,176.14,176.34,176.14,176.3099,106221
2023-09-25 13:53:00,176.3,176.3,176.13,176.15,69245
2023-09-25 13:54:00,176.17,176.21,176.1427,176.19,36741
2023-09-25 13:55:00,176.17,176.24,176.102,176.14,53688
2023-09-25 13:56:00,176.135,176.1799,176.12,176.15,24202
2023-09-25 13:57:00,176.15,176.2299,176.1409,176.19,53181
2023-09-25 13:58:00,176.19,176.22,176.1501,176.19,36309
2023-09-25 13:59:00,176.18,176.2703,176.18,176.26,68911
2023-09-25 14:00:00,176.27,176.35,176.253,176.335,71757
2023-09-25 14:01:00,176.3381,176.34,176.21,176.24,68139
2023-09-25 14:02:00,176.235,176.3,176.16,176.17,70550
2023-09-25 14:03:00,176.175,176.245,176.15,176.1991,40096
2023-09-25 14:04:00,176.2,176.25,176.2,176.24,29094
2023-09-25 14:05:00,176.245,176.3676,176.23,176.3399,63201
2023-09-25 14:06:00,176.32,176.32,176.17,176.23,49406
2023-09-25 14:07:00,176.23,176.24,176.095,176.1,55898
2023-09-25 14:08:00,176.1,176.145,175.965,176.0,80835
2023-09-25 14:09:00,175.99,176.07,175.9601,175.98,51407
2023-09-25 14:10:00,175.98,176.06,175.95,176.05,33663
2023-09-25 14:11:00,176.06,176.07,175.9655,175.97,50326
2023-09-25 14:12:00,175.98,176.02,175.9215,175.95,39485
2023-09-25 14:13:00,175.94,176.03,175.93,175.9601,38510
2023-09-25 14:14:00,175.98,176.03,175.97,175.975,41859
2023-09-25 14:15:00,175.96,176.01,175.88,175.8999,54623
2023-09-25 14:16:00,175.9,175.9799,175.89,175.91,41213
2023-09-25 14:17:00,175.89,175.93,175.85,175.86,59475
2023-09-25 14:18:00,175.86,175.89,175.7404,175.7847,81171
2023-09-25 14:19:00,175.7899,175.9,175.7899,175.88,58002
2023-09-25 14:20:00,175.87,175.938,175.81,175.81,53921
2023-09-25 14:21:00,175.8,175.8299,175.76,175.79,35354
2023-09-25 14:22:00,175.7832,175.7991,175.705,175.705,49125
2023-09-25 14:23:00,175.7,175.82,175.68,175.7828,46768
2023-09-25 14:24:00,175.785,175.8299,175.72,175.72,67244
2023-09-25 14:25:00,175.72,175.7999,175.71,175.78,34216
2023-09-25 14:26:00,175.7872,175.815,175.73,175.8099,33153
2023-09-25 14:27:00,175.801,175.89,175.785,175.88,86314
2023-09-25 14:28:00,175.88,175.92,175.81,175.85,46897
2023-09-25 14:29:00,175.86,175.87,175.77,175.775,38332
2023-09-25 14:30:00,175.7701,175.78,175.68,175.69,61811
2023-09-25 14:31:00,175.7059,175.71,175.66,175.67,38823
2023-09-25 14:32:00,175.675,175.82,175.67,175.7634,56219
2023-09-25 14:33:00,175.765,175.79,175.7294,175.79,35171
2023-09-25 14:34:00,175.78,175.9,175.75,175.83,93716
2023-09-25 14:35:00,175.82,175.97,175.82,175.9602,67978
2023-09-25 14:36:00,175.96,176.12,175.96,176.045,121435
2023-09-25 14:37:00,176.041,176.129,176.02,176.1,55660
2023-09-25 14:38:00,176.09,176.09,175.922,175.96,59199
2023-09-25 14:39:00,175.955,175.97,175.89,175.95,69596
2023-09-25 14:40:00,175.95,176.02,175.92,176.0145,67315
2023-09-25 14:41:00,176.0,176.02,175.91,175.9299,49871
2023-09-25 14:42:00,175.92,175.97,175.87,175.885,69874
2023-09-25 14:43:00,175.8871,175.9,175.75,175.79,86046
2023-09-25 14:44:00,175.79,175.825,175.72,175.78,61662
2023-09-25 14:45:00,175.781,175.805,175.7109,175.73,41319
2023-09-25 14:46:00,175.75,175.85,175.745,175.83,52665
2023-09-25 14:47:00,175.825,175.825,175.69,175.7014,46002
2023-09-25 14:48:00,175.7,175.76,175.61,175.74,62326
2023-09-25 14:49:00,175.74,175.755,175.68,175.69,44446
2023-09-25 14:50:00,175.68,175.69,175.55,175.56,88903
2023-09-25 14:51:00,175.5682,175.66,175.51,175.65,74272
2023-09-25 14:52:00,175.65,175.695,175.584,175.6209,61940
2023-09-25 14:53:00,175.62,175.72,175.6,175.72,55895
2023-09-25 14:54:00,175.72,175.7658,175.61,175.645,64333
2023-09-25 14:55:00,175.64,175.688,175.61,175.61,40828
2023-09-25 14:56:00,175.6,175.6,175.48,175.56,104809
2023-09-25 14:57:00,175.56,175.64,175.54,175.5588,103602
2023-09-25 14:58:00,175.5599,175.6,175.48,175.56,38555
2023-09-25 14:59:00,175.56,175.59,175.54,175.55,33097
2023-09-25 15:00:00,175.555,175.57,175.5,175.57,60403
2023-09-25 15:01:00,175.5685,175.59,175.31,175.31,103779
2023-09-25 15:02:00,175.33,175.379,175.26,175.2818,105727
2023-09-25 15:03:00,175.27,175.3592,175.16,175.21,131603
2023-09-25 15:04:00,175.2,175.335,175.2,175.275,50339
2023-09-25 15:05:00,175.275,175.3,175.21,175.21,68657
2023-09-25 15:06:00,175.21,175.23,175.1,175.16,101193
2023-09-25 15:07:00,175.16,175.16,175.07,175.08,71037
2023-09-25 15:08:00,175.0705,175.09,174.97,175.01,184750
2023-09-25 15:09:00,175.0,175.1,174.97,175.055,87248
2023-09-25 15:10:00,175.04,175.19,175.01,175.09,148237
2023-09-25 15:11:00,175.1,175.15,175.065,175.0751,67267
2023-09-25 15:12:00,175.07,175.1899,175.03,175.1899,123308
2023-09-25 15:13:00,175.171,175.1785,175.07,175.11,63445
2023-09-25 15:14:00,175.11,175.29,175.1,175.2699,76991
2023-09-25 15:15:00,175.26,175.43,175.2428,175.4101,106270
2023-09-25 15:16:00,175.42,175.68,175.42,175.6645,235834
2023-09-25 15:17:00,175.65,175.6655,175.575,175.61,106259
2023-09-25 15:18:00,175.61,175.61,175.45,175.45,160204
2023-09-25 15:19:00,175.45,175.55,175.45,175.5459,54653
2023-09-25 15:20:00,175.535,175.549,175.43,175.4843,76714
2023-09-25 15:21:00,175.47,175.64,175.45,175.5836,147592
2023-09-25 15:22:00,175.6,175.65,175.59,175.6262,99220
2023-09-25 15:23:00,175.62,175.635,175.48,175.485,70691
2023-09-25 15:24:00,175.48,175.5714,175.43,175.51,60688
2023-09-25 15:25:00,175.51,175.54,175.44,175.48,64449
2023-09-25 15:26:00,175.48,175.5599,175.48,175.505,37031
2023-09-25 15:27:00,175.5,175.5,175.4301,175.475,56048
2023-09-25 15:28:00,175.47,175.495,175.35,175.39,89788
2023-09-25 15:29:00,175.395,175.6168,175.38,175.6105,107682
2023-09-25 15:30:00,175.61,175.61,175.4601,175.515,100108
2023-09-25 15:31:00,175.52,175.58,175.491,175.555,78268
2023-09-25 15:32:00,175.55,175.66,175.54,175.66,77705
2023-09-25 15:33:00,175.65,175.665,175.51,175.64,76696
2023-09-25 15:34:00,175.645,175.65,175.54,175.57,62327
2023-09-25 15:35:00,175.57,175.59,175.49,175.5828,70257
2023-09-25 15:36:00,175.58,175.63,175.56,175.58,65253
2023-09-25 15:37:00,175.57,175.58,175.5,175.56,45224
2023-09-25 15:38:00,175.555,175.67,175.54,175.665,95243
2023-09-25 15:39:00,175.665,175.78,175.66,175.75,184895
2023-09-25 15:40:00,175.75,175.81,175.69,175.7,112212
2023-09-25 15:41:00,175.695,175.73,175.64,175.69,90899
2023-09-25 15:42:00,175.675,175.69,175.59,175.625,70718
2023-09-25 15:43:00,175.625,175.631,175.5,175.54,66056
2023-09-25 15:44:00,175.5499,175.57,175.46,175.485,73524
2023-09-25 15:45:00,175.485,175.55,175.44,175.54,74641
2023-09-25 15:46:00,175.54,175.59,175.49,175.5099,80625
2023-09-25 15:47:00,175.5,175.54,175.46,175.51,68922
2023-09-25 15:48:00,175.5,175.57,175.5,175.54,66388
2023-09-25 15:49:00,175.53,175.7,175.51,175.645,75482
2023-09-25 15:50:00,175.645,175.87,175.603,175.87,175007
2023-09-25 15:51:00,175.87,175.9,175.59,175.635,143875
2023-09-25 15:52:00,175.62,175.68,175.59,175.66,104872
2023-09-25 15:53:00,175.66,175.66,175.49,175.53,147054
2023-09-25 15:54:00,175.53,175.53,175.37,175.485,186754
2023-09-25 15:55:00,175.48,175.84,175.47,175.8316,225542
2023-09-25 15:56:00,175.835,176.04,175.8,176.04,318332
2023-09-25 15:57:00,176.03,176.15,175.98,176.025,250625
2023-09-25 15:58:00,176.025,176.05,175.955,176.005,254854
2023-09-25 15:59:00,176.005,176.13,175.96,176.09,555103
2023-09-26 09:30:00,174.82,175.2,174.72,174.7399,651749
2023-09-26 09:31:00,174.75,174.79,174.37,174.56,267886
2023-09-26 09:32:00,174.55,174.59,174.41,174.51,151765
2023-09-26 09:33:00,174.51,174.64,174.32,174.53,205777
2023-09-26 09:34:00,174.54,174.695,174.4,174.42,159020
2023-09-26 09:35:00,174.43,174.6,174.37,174.455,145332
2023-09-26 09:36:00,174.4311,174.62,174.28,174.36,251718
2023-09-26 09:37:00,174.35,174.46,174.25,174.3515,194437
2023-09-26 09:38:00,174.369,174.68,174.3,174.55,298806
2023-09-26 09:39:00,174.55,174.59,174.355,174.575,237434
2023-09-26 09:40:00,174.57,174.69,174.41,174.43,237913
2023-09-26 09:41:00,174.43,174.57,174.35,174.38,162708
2023-09-26 09:42:00,174.38,174.6,174.36,174.5,211693
2023-09-26 09:43:00,174.5,174.52,174.38,174.415,127638
2023-09-26 09:44:00,174.42,174.548,174.31,174.46,249603
2023-09-26 09:45:00,174.47,174.48,174.28,174.31,241681
2023-09-26 09:46:00,174.3101,174.5,174.3,174.335,169949
2023-09-26 09:47:00,174.322,174.3321,174.02,174.07,262004
2023-09-26 09:48:00,174.055,174.21,174.05,174.15,174450
2023-09-26 09:49:00,174.14,174.15,173.84,173.88,389135
2023-09-26 09:50:00,173.87,173.88,173.451,173.49,455222
2023-09-26 09:51:00,173.48,173.73,173.46,173.67,283059
2023-09-26 09:52:00,173.66,173.6781,173.33,173.33,273495
2023-09-26 09:53:00,173.33,173.53,173.32,173.445,190615
2023-09-26 09:54:00,173.4401,173.5,173.31,173.435,201475
2023-09-26 09:55:00,173.44,173.49,173.3,173.37,193249
2023-09-26 09:56:00,173.37,173.47,173.2699,173.46,180295
2023-09-26 09:57:00,173.46,173.4648,173.23,173.26,143012
2023-09-26 09:58:00,173.24,173.26,172.93,173.05,562717
2023-09-26 09:59:00,173.06,173.21,173.03,173.04,299670
2023-09-26 10:00:00,173.04,173.28,172.97,173.185,341193
2023-09-26 10:01:00,173.17,173.35,173.1501,173.27,257225
2023-09-26 10:02:00,173.26,173.33,173.15,173.32,172313
2023-09-26 10:03:00,173.32,173.35,173.19,173.2394,169340
2023-09-26 10:04:00,173.23,173.24,172.94,172.95,249311
2023-09-26 10:05:00,172.94,173.24,172.94,173.1153,307963
2023-09-26 10:06:00,173.12,173.27,173.12,173.26,182266
2023-09-26 10:07:00,173.25,173.38,173.2401,173.31,152227
2023-09-26 10:08:00,173.3101,173.39,173.2501,173.38,98019
2023-09-26 10:09:00,173.38,173.46,173.23,173.2665,184574
2023-09-26 10:10:00,173.27,173.3,173.2,173.27,103951
2023-09-26 10:11:00,173.26,173.38,173.2,173.2012,143448
2023-09-26 10:12:00,173.2,173.2,172.98,173.0229,201239
2023-09-26 10:13:00,173.015,173.125,172.97,172.975,147392
2023-09-26 10:14:00,172.98,173.03,172.71,172.75,316182
2023-09-26 10:15:00,172.76,172.85,172.69,172.7,209190
2023-09-26 10:16:00,172.7,172.72,172.555,172.612,243492
2023-09-26 10:17:00,172.6101,172.71,172.55,172.57,193451
2023-09-26 10:18:00,172.58,172.63,172.48,172.55,267996
2023-09-26 10:19:00,172.545,172.69,172.54,172.61,197103
2023-09-26 10:20:00,172.6197,172.69,172.54,172.62,205155
2023-09-26 10:21:00,172.625,172.76,172.61,172.75,152736
2023-09-26 10:22:00,172.75,172.88,172.71,172.7681,258543
2023-09-26 10:23:00,172.76,172.85,172.74,172.8306,96602
2023-09-26 10:24:00,172.83,172.96,172.8089,172.9399,142743
2023-09-26 10:25:00,172.9306,172.96,172.88,172.8861,103211
2023-09-26 10:26:00,172.8899,172.94,172.842,172.88,74466
2023-09-26 10:27:00,172.88,172.99,172.8,172.985,155462
2023-09-26 10:28:00,172.98,173.18,172.98,173.16,233808
2023-09-26 10:29:00,173.175,173.18,173.0448,173.1,104429
2023-09-26 10:30:00,173.09,173.095,172.94,173.019,173065
2023-09-26 10:31:00,173.02,173.079,172.92,172.92,130717
2023-09-26 10:32:00,172.91,172.92,172.76,172.76,148129
2023-09-26 10:33:00,172.7591,172.92,172.69,172.91,224591
2023-09-26 10:34:00,172.9091,172.9091,172.83,172.83,87062
2023-09-26 10:35:00,172.83,172.88,172.75,172.785,86750
2023-09-26 10:36:00,172.785,172.88,172.72,172.78,144311
2023-09-26 10:37:00,172.795,172.865,172.72,172.8391,112161
2023-09-26 10:38:00,172.85,172.94,172.83,172.935,81715
2023-09-26 10:39:00,172.9303,173.0911,172.92,173.0683,113575
2023-09-26 10:40:00,173.06,173.15,173.01,173.09,116763
2023-09-26 10:41:00,173.0996,173.1781,173.09,173.12,75863
2023-09-26 10:42:00,173.1125,173.2448,173.0785,173.23,103300
2023-09-26 10:43:00,173.239,173.39,173.21,173.38,173409
2023-09-26 10:44:00,173.3899,173.45,173.3036,173.43,117814
2023-09-26 10:45:00,173.438,173.65,173.38,173.6188,212518
2023-09-26 10:46:00,173.62,173.6299,173.3201,173.33,190953
2023-09-26 10:47:00,173.3278,173.4395,173.23,173.39,117241
2023-09-26 10:48:00,173.3999,173.4195,173.16,173.21,115039
2023-09-26 10:49:00,173.21,173.2297,172.88,172.88,230155
2023-09-26 10:50:00,172.885,173.05,172.83,172.9512,180890
2023-09-26 10:51:00,172.96,172.96,172.72,172.745,149194
2023-09-26 10:52:00,172.74,172.9,172.73,172.89,84463
2023-09-26 10:53:00,172.89,172.9877,172.871,172.96,89463
2023-09-26 10:54:00,172.9595,172.96,172.76,172.8,101212
2023-09-26 10:55:00,172.81,172.89,172.79,172.8418,56684
2023-09-26 10:56:00,172.8399,172.96,172.8399,172.96,87452
2023-09-26 10:57:00,172.95,173.0001,172.74,172.745,126053
2023-09-26 10:58:00,172.76,172.81,172.73,172.77,66612
2023-09-26 10:59:00,172.765,172.97,172.76,172.77,190389
2023-09-26 11:00:00,172.77,172.86,172.75,172.79,95899
2023-09-26 11:01:00,172.7926,172.84,172.75,172.81,53572
2023-09-26 11:02:00,172.8142,172.83,172.661,172.7,103708
2023-09-26 11:03:00,172.72,172.78,172.7043,172.75,52741
2023-09-26 11:04:00,172.74,172.91,172.71,172.86,75602
2023-09-26 11:05:00,172.86,172.9,172.73,172.77,107293
2023-09-26 11:06:00,172.76,172.84,172.7599,172.81,66962
2023-09-26 11:07:00,172.8,172.8165,172.625,172.635,70833
2023-09-26 11:08:00,172.63,172.75,172.6,172.67,151048
2023-09-26 11:09:00,172.66,172.71,172.61,172.615,87418
2023-09-26 11:10:00,172.615,172.63,172.53,172.57,163605
2023-09-26 11:11:00,172.58,172.62,172.5,172.5201,75831
2023-09-26 11:12:00,172.521,172.521,172.415,172.48,215821
2023-09-26 11:13:00,172.479,172.535,172.44,172.45,86726
2023-09-26 11:14:00,172.44,172.53,172.43,172.5,69319
2023-09-26 11:15:00,172.4999,172.55,172.46,172.46,61775
2023-09-26 11:16:00,172.46,172.56,172.44,172.555,139397
2023-09-26 11:17:00,172.555,172.61,172.48,172.61,96708
2023-09-26 11:18:00,172.59,172.7,172.58,172.61,86657
2023-09-26 11:19:00,172.62,172.67,172.6,172.64,87424
2023-09-26 11:20:00,172.64,172.725,172.6,172.61,69505
2023-09-26 11:21:00,172.6,172.73,172.54,172.675,106364
2023-09-26 11:22:00,172.6757,172.82,172.63,172.79,155741
2023-09-26 11:23:00,172.8,172.81,172.72,172.73,89039
2023-09-26 11:24:00,172.73,172.76,172.6601,172.67,101668
2023-09-26 11:25:00,172.68,172.7,172.58,172.59,91255
2023-09-26 11:26:00,172.591,172.71,172.58,172.69,48404
2023-09-26 11:27:00,172.69,172.74,172.675,172.72,43646
2023-09-26 11:28:00,172.72,172.78,172.688,172.69,87921
2023-09-26 11:29:00,172.68,172.6966,172.5601,172.57,81996
2023-09-26 11:30:00,172.58,172.7,172.53,172.69,91566
2023-09-26 11:31:00,172.68,172.75,172.655,172.7001,132713
2023-09-26 11:32:00,172.705,172.9019,172.64,172.89,147290
2023-09-26 11:33:00,172.9,172.905,172.77,172.83,103048
2023-09-26 11:34:00,172.83,172.83,172.73,172.8089,86551
2023-09-26 11:35:00,172.79,172.94,172.78,172.92,92146
2023-09-26 11:36:00,172.92,173.03,172.88,173.0199,136288
2023-09-26 11:37:00,173.0199,173.12,173.01,173.09,107525
2023-09-26 11:38:00,173.0842,173.091,173.01,173.03,63658
2023-09-26 11:39:00,173.025,173.08,172.962,172.97,57514
2023-09-26 11:40:00,172.97,172.9799,172.895,172.95,98825
2023-09-26 11:41:00,172.95,173.0,172.93,172.93,70958
2023-09-26 11:42:00,172.92,173.02,172.86,173.0,138981
2023-09-26 11:43:00,172.9999,173.12,172.9701,173.0901,75087
2023-09-26 11:44:00,173.1,173.1,173.0251,173.031,66482
2023-09-26 11:45:00,173.03,173.19,173.03,173.1699,72291
2023-09-26 11:46:00,173.1619,173.18,173.0,173.025,78244
2023-09-26 11:47:00,173.02,173.0799,172.97,173.01,61600
2023-09-26 11:48:00,173.0,173.0,172.88,172.95,81362
2023-09-26 11:49:00,172.951,173.09,172.94,173.005,98270
2023-09-26 11:50:00,173.0038,173.0238,172.86,172.89,75420
2023-09-26 11:51:00,172.8809,172.905,172.805,172.8299,74141
2023-09-26 11:52:00,172.82,172.95,172.78,172.88,134769
2023-09-26 11:53:00,172.89,172.92,172.81,172.86,67318
2023-09-26 11:54:00,172.85,172.85,172.76,172.7774,46180
2023-09-26 11:55:00,172.77,172.81,172.7102,172.72,59562
2023-09-26 11:56:00,172.73,172.76,172.71,172.74,45463
2023-09-26 11:57:00,172.74,172.85,172.73,172.84,54528
2023-09-26 11:58:00,172.84,172.87,172.79,172.8,48336
2023-09-26 11:59:00,172.8,172.91,172.79,172.86,48030
2023-09-26 12:00:00,172.8599,172.9399,172.84,172.9132,52441
2023-09-26 12:01:00,172.91,172.9699,172.86,172.8701,41727
2023-09-26 12:02:00,172.87,172.9118,172.86,172.895,23406
2023-09-26 12:03:00,172.89,172.89,172.7,172.725,72496
2023-09-26 12:04:00,172.73,172.7999,172.7101,172.7209,39263
2023-09-26 12:05:00,172.7209,172.7209,172.605,172.71,77986
2023-09-26 12:06:00,172.72,172.83,172.7,172.77,113722
2023-09-26 12:07:00,172.77,172.81,172.73,172.79,49799
2023-09-26 12:08:00,172.785,172.9,172.72,172.865,61435
2023-09-26 12:09:00,172.8697,172.935,172.83,172.9199,66308
2023-09-26 12:10:00,172.9,172.94,172.88,172.9064,52101
2023-09-26 12:11:00,172.905,172.94,172.84,172.9388,70460
2023-09-26 12:12:00,172.935,172.98,172.92,172.93,45176
2023-09-26 12:13:00,172.92,172.98,172.9,172.98,48287
2023-09-26 12:14:00,172.9799,172.9852,172.85,172.8647,66178
2023-09-26 12:15:00,172.85,172.91,172.83,172.86,63968
2023-09-26 12:16:00,172.86,173.04,172.86,173.02,73344
2023-09-26 12:17:00,173.01,173.04,172.9,172.9212,45663
2023-09-26 12:18:00,172.92,172.93,172.68,172.6902,99358
2023-09-26 12:19:00,172.6853,172.77,172.68,172.69,85431
2023-09-26 12:20:00,172.695,172.695,172.61,172.65,114186
2023-09-26 12:21:00,172.645,172.65,172.54,172.59,124723
2023-09-26 12:22:00,172.59,172.61,172.52,172.58,95407
2023-09-26 12:23:00,172.5799,172.7201,172.57,172.72,90086
2023-09-26 12:24:00,172.7292,172.94,172.68,172.935,81471
2023-09-26 12:25:00,172.9399,173.001,172.88,172.975,84139
2023-09-26 12:26:00,172.97,173.02,172.94,172.955,76132
2023-09-26 12:27:00,172.95,172.98,172.92,172.9799,35229
2023-09-26 12:28:00,172.975,172.975,172.9,172.935,46690
2023-09-26 12:29:00,172.9347,173.02,172.88,173.01,53161
2023-09-26 12:30:00,173.01,173.01,172.9,172.96,38888
2023-09-26 12:31:00,172.96,172.96,172.92,172.94,28343
2023-09-26 12:32:00,172.9326,173.04,172.9314,173.015,42764
2023-09-26 12:33:00,173.02,173.18,172.9932,173.1101,106913
2023-09-26 12:34:00,173.11,173.14,173.01,173.011,57486
2023-09-26 12:35:00,173.01,173.1963,173.0,173.15,54569
2023-09-26 12:36:00,173.14,173.14,173.045,173.0845,30653
2023-09-26 12:37:00,173.095,173.17,173.09,173.11,35565
2023-09-26 12:38:00,173.1199,173.21,173.1199,173.16,35587
2023-09-26 12:39:00,173.17,173.2299,173.15,173.2109,44074
2023-09-26 12:40:00,173.21,173.2667,173.18,173.23,52014
2023-09-26 12:41:00,173.23,173.265,173.21,173.24,33598
2023-09-26 12:42:00,173.235,173.2399,173.1299,173.1602,75477
2023-09-26 12:43:00,173.16,173.16,173.05,173.05,70594
2023-09-26 12:44:00,173.06,173.11,173.04,173.095,32406
2023-09-26 12:45:00,173.09,173.09,173.0,173.02,62652
2023-09-26 12:46:00,173.02,173.18,173.02,173.18,67256
2023-09-26 12:47:00,173.19,173.19,173.08,173.1471,49725
2023-09-26 12:48:00,173.145,173.145,173.07,173.0916,34467
2023-09-26 12:49:00,173.0906,173.21,173.07,173.185,44528
2023-09-26 12:50:00,173.18,173.25,173.1501,173.25,37813
2023-09-26 12:51:00,173.24,173.2557,173.22,173.245,28823
2023-09-26 12:52:00,173.2301,173.36,173.21,173.33,86472
2023-09-26 12:53:00,173.33,173.3399,173.225,173.2255,47429
2023-09-26 12:54:00,173.23,173.3142,173.23,173.305,37101
2023-09-26 12:55:00,173.3,173.3,173.2599,173.285,24075
2023-09-26 12:56:00,173.27,173.31,173.26,173.26,24787
2023-09-26 12:57:00,173.255,173.32,173.25,173.3,38761
2023-09-26 12:58:00,173.31,173.35,173.295,173.3028,42430
2023-09-26 12:59:00,173.31,173.32,173.1813,173.21,59383
2023-09-26 13:00:00,173.21,173.2889,173.1801,173.22,55017
2023-09-26 13:01:00,173.23,173.27,173.19,173.24,41484
2023-09-26 13:02:00,173.2318,173.41,173.17,173.3235,107595
2023-09-26 13:03:00,173.3151,173.49,173.31,173.48,91971
2023-09-26 13:04:00,173.485,173.52,173.35,173.375,80786
2023-09-26 13:05:00,173.38,173.38,173.27,173.2801,52294
2023-09-26 13:06:00,173.275,173.295,173.0712,173.09,120902
2023-09-26 13:07:00,173.105,173.13,172.9601,172.98,69808
2023-09-26 13:08:00,172.98,173.35,172.98,173.35,208571
2023-09-26 13:09:00,173.35,173.3899,173.285,173.35,89917
2023-09-26 13:10:00,173.35,173.44,173.32,173.43,43987
2023-09-26 13:11:00,173.425,173.52,173.4,173.5,74148
2023-09-26 13:12:00,173.5,173.5,173.4151,173.4359,58705
2023-09-26 13:13:00,173.4307,173.52,173.43,173.505,41976
2023-09-26 13:14:00,173.5092,173.53,173.45,173.45,60723
2023-09-26 13:15:00,173.45,173.51,173.43,173.4521,46734
2023-09-26 13:16:00,173.455,173.46,173.36,173.4,45369
2023-09-26 13:17:00,173.4,173.41,173.3,173.3399,57691
2023-09-26 13:18:00,173.33,173.39,173.25,173.2599,59056
2023-09-26 13:19:00,173.26,173.26,173.1897,173.2,71386
2023-09-26 13:20:00,173.2,173.26,173.18,173.205,53484
2023-09-26 13:21:00,173.19,173.195,173.08,173.08,94364
2023-09-26 13:22:00,173.08,173.16,173.08,173.14,54493
2023-09-26 13:23:00,173.14,173.23,173.1,173.1164,82370
2023-09-26 13:24:00,173.13,173.1799,173.075,173.079,46042
2023-09-26 13:25:00,173.08,173.085,172.96,172.99,95233
2023-09-26 13:26:00,172.99,173.139,172.985,173.0462,75894
2023-09-26 13:27:00,173.05,173.08,172.97,173.0,70516
2023-09-26 13:28:00,173.01,173.0299,172.96,172.985,39928
2023-09-26 13:29:00,172.98,172.9819,172.845,172.845,104850
2023-09-26 13:30:00,172.855,172.93,172.81,172.91,84513
2023-09-26 13:31:00,172.91,172.99,172.885,172.95,49790
2023-09-26 13:32:00,172.955,173.005,172.94,172.98,61008
2023-09-26 13:33:00,172.98,173.005,172.93,172.9513,67083
2023-09-26 13:34:00,172.96,172.96,172.88,172.885,42208
2023-09-26 13:35:00,172.885,172.94,172.83,172.87,62388
2023-09-26 13:36:00,172.86,172.9047,172.82,172.8301,59798
2023-09-26 13:37:00,172.83,172.83,172.68,172.78,104855
2023-09-26 13:38:00,172.78,172.808,172.645,172.645,55227
2023-09-26 13:39:00,172.67,172.73,172.6601,172.69,40731
2023-09-26 13:40:00,172.69,172.71,172.6,172.61,54806
2023-09-26 13:41:00,172.615,172.66,172.56,172.65,59596
2023-09-26 13:42:00,172.65,172.68,172.61,172.65,49487
2023-09-26 13:43:00,172.64,172.66,172.5801,172.59,63647
2023-09-26 13:44:00,172.6,172.669,172.5623,172.63,66252
2023-09-26 13:45:00,172.6351,172.6499,172.6046,172.6301,30539
2023-09-26 13:46:00,172.64,172.66,172.56,172.61,76045
2023-09-26 13:47:00,172.62,172.7,172.6,172.6415,66999
2023-09-26 13:48:00,172.64,172.65,172.585,172.615,43260
2023-09-26 13:49:00,172.6123,172.65,172.56,172.59,62606
2023-09-26 13:50:00,172.58,172.77,172.57,172.745,96298
2023-09-26 13:51:00,172.74,172.92,172.6817,172.895,147931
2023-09-26 13:52:00,172.895,172.91,172.69,172.6953,103218
2023-09-26 13:53:00,172.6995,172.77,172.67,172.73,84108
2023-09-26 13:54:00,172.74,172.8,172.72,172.795,49791
2023-09-26 13:55:00,172.79,172.8,172.75,172.75,39954
2023-09-26 13:56:00,172.76,172.81,172.73,172.755,71478
2023-09-26 13:57:00,172.735,172.805,172.71,172.79,63660
2023-09-26 13:58:00,172.8,172.81,172.755,172.76,62085
2023-09-26 13:59:00,172.765,172.83,172.74,172.8,102835
2023-09-26 14:00:00,172.795,172.8,172.74,172.78,43458
2023-09-26 14:01:00,172.78,172.78,172.63,172.64,79202
2023-09-26 14:02:00,172.65,172.74,172.64,172.67,52605
2023-09-26 14:03:00,172.675,172.8048,172.67,172.7099,62899
2023-09-26 14:04:00,172.71,172.73,172.67,172.69,82423
2023-09-26 14:05:00,172.695,172.87,172.69,172.8014,80660
2023-09-26 14:06:00,172.8,172.8283,172.75,172.75,54716
2023-09-26 14:07:00,172.75,172.77,172.7,172.74,62664
2023-09-26 14:08:00,172.74,172.765,172.7214,172.75,45538
2023-09-26 14:09:00,172.745,172.81,172.7014,172.72,49584
2023-09-26 14:10:00,172.71,172.83,172.705,172.76,67495
2023-09-26 14:11:00,172.77,172.77,172.72,172.72,32225
2023-09-26 14:12:00,172.7299,172.7399,172.695,172.7001,88576
2023-09-26 14:13:00,172.705,172.715,172.5701,172.6179,102662
2023-09-26 14:14:00,172.61,172.66,172.54,172.63,114340
2023-09-26 14:15:00,172.62,172.66,172.56,172.565,87625
2023-09-26 14:16:00,172.57,172.67,172.565,172.66,139659
2023-09-26 14:17:00,172.665,172.665,172.57,172.59,46609
2023-09-26 14:18:00,172.59,172.6,172.53,172.57,76237
2023-09-26 14:19:00,172.572,172.572,172.475,172.4808,210446
2023-09-26 14:20:00,172.48,172.5399,172.45,172.4796,100115
2023-09-26 14:21:00,172.475,172.5,172.43,172.47,81652
2023-09-26 14:22:00,172.4799,172.565,172.475,172.56,81897
2023-09-26 14:23:00,172.565,172.61,172.5,172.53,184401
2023-09-26 14:24:00,172.535,172.6299,172.51,172.56,84566
2023-09-26 14:25:00,172.5599,172.59,172.54,172.56,54838
2023-09-26 14:26:00,172.57,172.5954,172.4834,172.4834,50499
2023-09-26 14:27:00,172.49,172.5053,172.37,172.38,74032
2023-09-26 14:28:00,172.37,172.38,172.29,172.325,146829
2023-09-26 14:29:00,172.325,172.33,172.22,172.305,129273
2023-09-26 14:30:00,172.3,172.31,172.21,172.225,82135
2023-09-26 14:31:00,172.22,172.41,172.22,172.345,140976
2023-09-26 14:32:00,172.35,172.39,172.26,172.34,114946
2023-09-26 14:33:00,172.3301,172.44,172.3301,172.37,97561
2023-09-26 14:34:00,172.38,172.42,172.35,172.3601,54441
2023-09-26 14:35:00,172.365,172.405,172.28,172.29,71081
2023-09-26 14:36:00,172.29,172.3,172.24,172.2629,74482
2023-09-26 14:37:00,172.2675,172.3488,172.24,172.3011,77671
2023-09-26 14:38:00,172.31,172.35,172.31,172.31,53017
2023-09-26 14:39:00,172.3041,172.305,172.19,172.2411,95296
2023-09-26 14:40:00,172.242,172.25,172.17,172.172,55598
2023-09-26 14:41:00,172.172,172.3084,172.17,172.275,107476
2023-09-26 14:42:00,172.28,172.28,172.16,172.1895,92861
2023-09-26 14:43:00,172.18,172.198,172.095,172.095,127349
2023-09-26 14:44:00,172.095,172.17,172.09,172.145,75315
2023-09-26 14:45:00,172.14,172.18,172.11,172.1301,69886
2023-09-26 14:46:00,172.135,172.17,172.12,172.13,53377
2023-09-26 14:47:00,172.1305,172.23,172.11,172.12,92596
2023-09-26 14:48:00,172.125,172.13,172.08,172.095,107266
2023-09-26 14:49:00,172.0988,172.24,172.0938,172.195,83979
2023-09-26 14:50:00,172.2,172.24,172.18,172.2289,80252
2023-09-26 14:51:00,172.225,172.225,172.08,172.1,80913
2023-09-26 14:52:00,172.0909,172.185,172.06,172.15,89972
2023-09-26 14:53:00,172.1499,172.16,172.065,172.065,77386
2023-09-26 14:54:00,172.07,172.13,172.07,172.1,88555
2023-09-26 14:55:00,172.1,172.205,172.03,172.2,223880
2023-09-26 14:56:00,172.205,172.23,172.0728,172.0814,118442
2023-09-26 14:57:00,172.085,172.115,172.07,172.079,67377
2023-09-26 14:58:00,172.075,172.16,172.07,172.14,74404
2023-09-26 14:59:00,172.145,172.27,172.1,172.26,100419
2023-09-26 15:00:00,172.2579,172.265,172.18,172.195,91943
2023-09-26 15:01:00,172.1961,172.22,172.16,172.2111,61780
2023-09-26 15:02:00,172.21,172.215,172.0601,172.08,88042
2023-09-26 15:03:00,172.09,172.22,172.04,172.2101,128203
2023-09-26 15:04:00,172.22,172.27,172.11,172.13,98092
2023-09-26 15:05:00,172.125,172.205,172.09,172.1,99775
2023-09-26 15:06:00,172.1,172.13,172.05,172.088,102194
2023-09-26 15:07:00,172.08,172.26,172.07,172.259,94155
2023-09-26 15:08:00,172.25,172.2577,172.18,172.245,135172
2023-09-26 15:09:00,172.245,172.32,172.2,172.305,86692
2023-09-26 15:10:00,172.3,172.32,172.2,172.2252,97704
2023-09-26 15:11:00,172.22,172.3,172.21,172.275,109571
2023-09-26 15:12:00,172.27,172.29,172.24,172.2685,84029
2023-09-26 15:13:00,172.265,172.35,172.21,172.23,81432
2023-09-26 15:14:00,172.22,172.22,172.09,172.105,118827
2023-09-26 15:15:00,172.11,172.14,172.03,172.05,97068
2023-09-26 15:16:00,172.055,172.08,171.91,171.93,397847
2023-09-26 15:17:00,171.93,171.96,171.84,171.8906,204533
2023-09-26 15:18:00,171.8962,171.94,171.82,171.8599,112971
2023-09-26 15:19:00,171.86,172.0,171.86,171.92,117832
2023-09-26 15:20:00,171.925,171.925,171.84,171.84,161457
2023-09-26 15:21:00,171.845,171.91,171.8,171.8,131070
2023-09-26 15:22:00,171.81,171.8799,171.8,171.84,125971
2023-09-26 15:23:00,171.83,171.8575,171.77,171.785,113716
2023-09-26 15:24:00,171.785,171.8009,171.71,171.79,154596
2023-09-26 15:25:00,171.79,171.79,171.66,171.6701,108090
2023-09-26 15:26:00,171.6701,171.78,171.66,171.75,175889
2023-09-26 15:27:00,171.74,171.74,171.67,171.705,103754
2023-09-26 15:28:00,171.705,171.84,171.705,171.77,145206
2023-09-26 15:29:00,171.765,171.7799,171.68,171.74,102171
2023-09-26 15:30:00,171.74,171.86,171.735,171.7868,124196
2023-09-26 15:31:00,171.79,171.89,171.79,171.835,100562
2023-09-26 15:32:00,171.84,171.9087,171.8219,171.8548,100198
2023-09-26 15:33:00,171.85,171.86,171.78,171.83,78843
2023-09-26 15:34:00,171.82,171.825,171.72,171.7574,129797
2023-09-26 15:35:00,171.76,171.81,171.74,171.77,86319
2023-09-26 15:36:00,171.77,171.9457,171.765,171.94,112529
2023-09-26 15:37:00,171.9479,172.0,171.9127,171.9485,116712
2023-09-26 15:38:00,171.945,172.03,171.93,171.99,91263
2023-09-26 15:39:00,171.995,172.0665,171.9915,172.06,129186
2023-09-26 15:40:00,172.06,172.095,172.03,172.0421,131327
2023-09-26 15:41:00,172.0401,172.1,172.03,172.09,103862
2023-09-26 15:42:00,172.0908,172.12,172.05,172.075,89038
2023-09-26 15:43:00,172.075,172.19,172.04,172.165,195043
2023-09-26 15:44:00,172.17,172.28,172.13,172.2676,159080
2023-09-26 15:45:00,172.265,172.33,172.14,172.2301,190207
2023-09-26 15:46:00,172.235,172.31,172.2,172.215,140997
2023-09-26 15:47:00,172.215,172.26,172.13,172.135,162518
2023-09-26 15:48:00,172.13,172.16,172.0303,172.0818,166043
2023-09-26 15:49:00,172.08,172.085,171.95,171.9632,138113
2023-09-26 15:50:00,171.97,172.005,171.81,171.91,282434
2023-09-26 15:51:00,171.9,172.005,171.895,171.99,223294
2023-09-26 15:52:00,171.985,172.05,171.96,172.03,227650
2023-09-26 15:53:00,172.03,172.04,171.94,171.9679,176961
2023-09-26 15:54:00,171.96,172.2175,171.925,172.1,467612
2023-09-26 15:55:00,172.09,172.215,172.032,172.135,485958
2023-09-26 15:56:00,172.13,172.225,172.13,172.19,386604
2023-09-26 15:57:00,172.1975,172.21,172.11,172.12,392279
2023-09-26 15:58:00,172.13,172.16,172.1,172.1116,462574
2023-09-26 15:59:00,172.115,172.31,171.89,171.9,1824711
2023-09-27 09:30:00,172.62,172.99,172.47,172.965,726296
2023-09-27 09:31:00,172.97,173.04,172.52,172.55,176489
2023-09-27 09:32:00,172.5333,172.555,172.17,172.22,235092
2023-09-27 09:33:00,172.235,172.33,172.06,172.0901,183378
2023-09-27 09:34:00,172.105,172.235,171.9901,172.1,174932
2023-09-27 09:35:00,172.1,172.39,172.06,172.11,172725
2023-09-27 09:36:00,172.11,172.31,172.0,172.27,220567
2023-09-27 09:37:00,172.25,172.33,172.14,172.2508,143930
2023-09-27 09:38:00,172.235,172.455,172.17,172.44,185783
2023-09-27 09:39:00,172.44,172.46,172.21,172.395,151831
2023-09-27 09:40:00,172.4,172.54,172.28,172.34,234749
2023-09-27 09:41:00,172.37,172.44,172.245,172.29,147607
2023-09-27 09:42:00,172.28,172.385,172.23,172.355,141526
2023-09-27 09:43:00,172.35,172.43,172.22,172.2901,120815
2023-09-27 09:44:00,172.29,172.69,172.26,172.62,224429
2023-09-27 09:45:00,172.62,172.81,172.42,172.4699,241913
2023-09-27 09:46:00,172.4501,172.5599,172.275,172.53,241768
2023-09-27 09:47:00,172.52,172.555,172.29,172.29,113866
2023-09-27 09:48:00,172.295,172.42,172.1889,172.3056,221629
2023-09-27 09:49:00,172.3034,172.31,171.88,171.9912,274637
2023-09-27 09:50:00,172.0,172.03,171.79,171.89,227453
2023-09-27 09:51:00,171.875,172.08,171.8717,171.9601,169860
2023-09-27 09:52:00,171.965,172.01,171.88,172.0,129268
2023-09-27 09:53:00,172.0,172.1,171.88,171.925,196016
2023-09-27 09:54:00,171.93,172.02,171.81,171.87,193400
2023-09-27 09:55:00,171.8869,171.94,171.81,171.93,206704
2023-09-27 09:56:00,171.92,171.985,171.71,171.75,220728
2023-09-27 09:57:00,171.74,171.75,171.59,171.65,197600
2023-09-27 09:58:00,171.66,171.67,171.48,171.53,216159
2023-09-27 09:59:00,171.5339,171.6,171.45,171.51,154047
2023-09-27 10:00:00,171.5,171.66,171.373,171.42,282445
2023-09-27 10:01:00,171.4,171.49,171.17,171.2,277554
2023-09-27 10:02:00,171.21,171.24,171.07,171.1299,254908
2023-09-27 10:03:00,171.125,171.2,171.11,171.155,120463
2023-09-27 10:04:00,171.16,171.28,171.12,171.1201,181619
2023-09-27 10:05:00,171.1299,171.14,170.9,170.91,352593
2023-09-27 10:06:00,170.91,171.04,170.855,170.9317,198834
2023-09-27 10:07:00,170.9401,170.96,170.78,170.85,174791
2023-09-27 10:08:00,170.86,171.0,170.77,170.825,205700
2023-09-27 10:09:00,170.85,171.03,170.8101,170.9599,151137
2023-09-27 10:10:00,170.95,170.955,170.82,170.86,138224
2023-09-27 10:11:00,170.86,170.93,170.6202,170.685,228158
2023-09-27 10:12:00,170.685,170.84,170.62,170.62,195589
2023-09-27 10:13:00,170.63,170.76,170.55,170.675,206451
2023-09-27 10:14:00,170.68,170.685,170.43,170.495,180714
2023-09-27 10:15:00,170.495,170.5699,170.36,170.49,230442
2023-09-27 10:16:00,170.5,170.55,170.43,170.47,140856
2023-09-27 10:17:00,170.469,170.51,170.365,170.365,154035
2023-09-27 10:18:00,170.37,170.54,170.31,170.49,183884
2023-09-27 10:19:00,170.49,170.6499,170.47,170.6499,249696
2023-09-27 10:20:00,170.66,170.8399,170.64,170.81,241333
2023-09-27 10:21:00,170.81,170.9099,170.75,170.9,153778
2023-09-27 10:22:00,170.91,171.1598,170.8001,171.08,291848
2023-09-27 10:23:00,171.09,171.27,171.0501,171.2168,183025
2023-09-27 10:24:00,171.21,171.29,171.16,171.24,184091
2023-09-27 10:25:00,171.25,171.3299,171.17,171.2399,157311
2023-09-27 10:26:00,171.234,171.27,171.14,171.1401,139396
2023-09-27 10:27:00,171.14,171.33,171.09,171.32,153910
2023-09-27 10:28:00,171.3299,171.39,171.18,171.2,132955
2023-09-27 10:29:00,171.19,171.38,171.1501,171.27,91165
2023-09-27 10:30:00,171.25,171.3599,171.13,171.29,95905
2023-09-27 10:31:00,171.29,171.31,171.12,171.14,84431
2023-09-27 10:32:00,171.13,171.17,170.94,171.08,163007
2023-09-27 10:33:00,171.075,171.25,171.06,171.25,95889
2023-09-27 10:34:00,171.25,171.48,171.25,171.41,182477
2023-09-27 10:35:00,171.4,171.43,171.18,171.2,78422
2023-09-27 10:36:00,171.19,171.2,170.99,171.0409,123332
2023-09-27 10:37:00,171.0476,171.0976,170.94,170.98,104940
2023-09-27 10:38:00,170.98,171.05,170.86,170.93,139611
2023-09-27 10:39:00,170.9399,170.98,170.89,170.93,66827
2023-09-27 10:40:00,170.9201,170.93,170.83,170.8934,78050
2023-09-27 10:41:00,170.9066,171.055,170.87,171.0145,88448
2023-09-27 10:42:00,171.0276,171.06,170.9501,170.98,95600
2023-09-27 10:43:00,170.96,171.07,170.95,170.97,52584
2023-09-27 10:44:00,170.965,170.9887,170.85,170.9,60549
2023-09-27 10:45:00,170.91,170.96,170.82,170.89,93583
2023-09-27 10:46:00,170.89,170.96,170.8539,170.9311,61354
2023-09-27 10:47:00,170.935,170.95,170.83,170.9,64767
2023-09-27 10:48:00,170.8932,171.1,170.8701,171.05,136881
2023-09-27 10:49:00,171.04,171.17,171.03,171.1201,76730
2023-09-27 10:50:00,171.12,171.12,170.8,170.829,101391
2023-09-27 10:51:00,170.82,170.83,170.63,170.66,149787
2023-09-27 10:52:00,170.6601,170.7435,170.57,170.61,113927
2023-09-27 10:53:00,170.61,170.73,170.6,170.7,79931
2023-09-27 10:54:00,170.6963,170.74,170.6,170.67,117089
2023-09-27 10:55:00,170.67,170.67,170.5551,170.5551,111894
2023-09-27 10:56:00,170.56,170.6,170.49,170.5299,130614
2023-09-27 10:57:00,170.51,170.54,170.35,170.353,151884
2023-09-27 10:58:00,170.36,170.43,170.28,170.2899,144004
2023-09-27 10:59:00,170.29,170.44,170.27,170.409,225216
2023-09-27 11:00:00,170.405,170.58,170.37,170.56,155401
2023-09-27 11:01:00,170.5548,170.74,170.5548,170.64,156224
2023-09-27 11:02:00,170.63,170.71,170.5801,170.68,56241
2023-09-27 11:03:00,170.67,170.68,170.6099,170.61,61647
2023-09-27 11:04:00,170.6,170.64,170.52,170.59,85691
2023-09-27 11:05:00,170.59,170.71,170.58,170.67,101806
2023-09-27 11:06:00,170.66,170.94,170.6,170.88,133735
2023-09-27 11:07:00,170.89,171.01,170.82,170.9636,110581
2023-09-27 11:08:00,170.9869,171.11,170.92,171.09,114142
2023-09-27 11:09:00,171.09,171.13,171.05,171.07,142662
2023-09-27 11:10:00,171.06,171.1479,171.05,171.05,89401
2023-09-27 11:11:00,171.05,171.1,170.96,171.08,104919
2023-09-27 11:12:00,171.0706,171.11,170.89,170.9401,84631
2023-09-27 11:13:00,170.95,171.03,170.87,171.005,88063
2023-09-27 11:14:00,171.01,171.0299,170.93,170.93,74357
2023-09-27 11:15:00,170.9311,170.95,170.82,170.865,60929
2023-09-27 11:16:00,170.8622,170.9,170.8,170.82,146101
2023-09-27 11:17:00,170.82,170.9,170.73,170.73,110074
2023-09-27 11:18:00,170.73,170.76,170.62,170.75,116779
2023-09-27 11:19:00,170.75,170.7999,170.68,170.72,76414
2023-09-27 11:20:00,170.72,170.83,170.695,170.8119,71646
2023-09-27 11:21:00,170.815,170.8776,170.75,170.7694,75167
2023-09-27 11:22:00,170.76,170.78,170.65,170.75,65357
2023-09-27 11:23:00,170.7442,170.9,170.74,170.87,67435
2023-09-27 11:24:00,170.865,170.928,170.76,170.78,105504
2023-09-27 11:25:00,170.775,170.79,170.7,170.75,56742
2023-09-27 11:26:00,170.75,170.79,170.64,170.65,65774
2023-09-27 11:27:00,170.65,170.85,170.61,170.8264,85831
2023-09-27 11:28:00,170.8299,170.97,170.77,170.91,69162
2023-09-27 11:29:00,170.91,170.975,170.8801,170.975,69194
2023-09-27 11:30:00,170.98,171.018,170.91,171.0101,73104
2023-09-27 11:31:00,171.02,171.02,170.8801,170.94,64490
2023-09-27 11:32:00,170.94,171.07,170.9,171.045,83560
2023-09-27 11:33:00,171.045,171.045,170.97,171.015,59468
2023-09-27 11:34:00,171.0101,171.08,170.99,171.05,51954
2023-09-27 11:35:00,171.05,171.08,170.96,170.98,58451
2023-09-27 11:36:00,170.99,170.99,170.86,170.86,72211
2023-09-27 11:37:00,170.865,170.88,170.76,170.79,43675
2023-09-27 11:38:00,170.8,170.8414,170.7,170.735,74823
2023-09-27 11:39:00,170.7399,170.77,170.7,170.715,52913
2023-09-27 11:40:00,170.7,170.73,170.62,170.62,62855
2023-09-27 11:41:00,170.62,170.718,170.59,170.605,77760
2023-09-27 11:42:00,170.6,170.605,170.54,170.555,47966
2023-09-27 11:43:00,170.55,170.55,170.43,170.435,66294
2023-09-27 11:44:00,170.4399,170.5,170.405,170.41,67993
2023-09-27 11:45:00,170.42,170.51,170.34,170.3992,99786
2023-09-27 11:46:00,170.39,170.44,170.3,170.34,67774
2023-09-27 11:47:00,170.335,170.39,170.1,170.125,235287
2023-09-27 11:48:00,170.13,170.2,170.02,170.075,216139
2023-09-27 11:49:00,170.0785,170.2867,170.07,170.2867,151120
2023-09-27 11:50:00,170.28,170.31,170.16,170.16,128311
2023-09-27 11:51:00,170.17,170.25,170.1456,170.21,81763
2023-09-27 11:52:00,170.215,170.28,170.19,170.27,74072
2023-09-27 11:53:00,170.2799,170.3099,170.23,170.2876,80222
2023-09-27 11:54:00,170.28,170.39,170.255,170.35,104809
2023-09-27 11:55:00,170.34,170.43,170.34,170.36,108944
2023-09-27 11:56:00,170.34,170.44,170.3,170.39,96369
2023-09-27 11:57:00,170.38,170.41,170.32,170.345,99087
2023-09-27 11:58:00,170.3401,170.38,170.29,170.322,79211
2023-09-27 11:59:00,170.33,170.4173,170.29,170.4,56258
2023-09-27 12:00:00,170.4011,170.41,170.21,170.2393,60053
2023-09-27 12:01:00,170.23,170.25,170.15,170.21,55291
2023-09-27 12:02:00,170.2,170.255,170.14,170.16,61928
2023-09-27 12:03:00,170.16,170.3,170.16,170.22,60119
2023-09-27 12:04:00,170.23,170.2399,170.17,170.18,43429
2023-09-27 12:05:00,170.185,170.2,170.04,170.11,131879
2023-09-27 12:06:00,170.1,170.17,170.0729,170.12,85674
2023-09-27 12:07:00,170.1324,170.23,170.105,170.1701,82411
2023-09-27 12:08:00,170.19,170.19,170.0914,170.1,77455
2023-09-27 12:09:00,170.1099,170.13,170.01,170.05,136047
2023-09-27 12:10:00,170.05,170.07,170.015,170.06,56492
2023-09-27 12:11:00,170.05,170.1598,170.045,170.1401,109833
2023-09-27 12:12:00,170.14,170.14,170.02,170.02,60645
2023-09-27 12:13:00,170.013,170.1,170.01,170.02,78306
2023-09-27 12:14:00,170.0299,170.03,169.64,169.8599,823960
2023-09-27 12:15:00,169.84,169.9,169.69,169.86,135495
2023-09-27 12:16:00,169.86,169.89,169.72,169.73,118415
2023-09-27 12:17:00,169.74,169.8099,169.71,169.8,79883
2023-09-27 12:18:00,169.8,169.87,169.7601,169.81,80962
2023-09-27 12:19:00,169.8,169.86,169.7438,169.76,88003
2023-09-27 12:20:00,169.75,169.81,169.67,169.7254,115060
2023-09-27 12:21:00,169.73,169.79,169.7,169.79,60851
2023-09-27 12:22:00,169.7864,169.9,169.7789,169.8,114016
2023-09-27 12:23:00,169.79,169.8397,169.75,169.77,74553
2023-09-27 12:24:00,169.78,169.78,169.68,169.715,90064
2023-09-27 12:25:00,169.705,169.85,169.7,169.84,116535
2023-09-27 12:26:00,169.84,169.89,169.79,169.86,69466
2023-09-27 12:27:00,169.855,169.855,169.75,169.8,73007
2023-09-27 12:28:00,169.795,169.9,169.71,169.74,116192
2023-09-27 12:29:00,169.73,169.85,169.7,169.84,57036
2023-09-27 12:30:00,169.85,170.04,169.8,169.97,244565
2023-09-27 12:31:00,169.97,170.0099,169.92,169.96,139541
2023-09-27 12:32:00,169.97,169.975,169.845,169.91,67231
2023-09-27 12:33:00,169.92,169.9899,169.85,169.98,66608
2023-09-27 12:34:00,169.9701,169.985,169.86,169.9499,62971
2023-09-27 12:35:00,169.95,170.02,169.9,169.965,136608
2023-09-27 12:36:00,169.96,169.965,169.8314,169.85,99235
2023-09-27 12:37:00,169.83,169.84,169.75,169.755,70088
2023-09-27 12:38:00,169.755,169.89,169.755,169.87,65536
2023-09-27 12:39:00,169.86,169.86,169.785,169.785,28102
2023-09-27 12:40:00,169.785,169.8182,169.73,169.78,57037
2023-09-27 12:41:00,169.79,170.04,169.785,169.96,124918
2023-09-27 12:42:00,169.96,170.01,169.92,169.97,61947
2023-09-27 12:43:00,169.9679,169.98,169.86,169.9,56684
2023-09-27 12:44:00,169.895,170.02,169.87,169.99,80858
2023-09-27 12:45:00,169.99,170.08,169.97,170.03,135455
2023-09-27 12:46:00,170.0207,170.11,170.0,170.09,91763
2023-09-27 12:47:00,170.1,170.11,169.99,170.0,115258
2023-09-27 12:48:00,170.0086,170.0397,169.96,170.01,55790
2023-09-27 12:49:00,170.005,170.0149,169.93,169.96,64482
2023-09-27 12:50:00,169.95,169.97,169.891,169.96,50131
2023-09-27 12:51:00,169.96,170.0,169.92,169.95,59570
2023-09-27 12:52:00,169.96,169.98,169.88,169.9,42137
2023-09-27 12:53:00,169.88,169.918,169.8699,169.915,59843
2023-09-27 12:54:00,169.91,169.95,169.88,169.945,38260
2023-09-27 12:55:00,169.94,169.95,169.87,169.9,44652
2023-09-27 12:56:00,169.8927,169.8991,169.825,169.8383,73446
2023-09-27 12:57:00,169.835,169.92,169.825,169.88,42181
2023-09-27 12:58:00,169.89,169.9,169.84,169.87,29610
2023-09-27 12:59:00,169.88,169.965,169.875,169.94,67910
2023-09-27 13:00:00,169.93,170.01,169.921,169.97,80687
2023-09-27 13:01:00,169.97,170.1,169.965,170.04,88997
2023-09-27 13:02:00,170.035,170.19,170.0057,170.155,123503
2023-09-27 13:03:00,170.14,170.16,170.075,170.1295,95060
2023-09-27 13:04:00,170.13,170.18,170.11,170.1399,56601
2023-09-27 13:05:00,170.15,170.17,170.035,170.0401,66586
2023-09-27 13:06:00,170.045,170.15,170.0105,170.13,55029
2023-09-27 13:07:00,170.14,170.14,169.97,170.0,60621
2023-09-27 13:08:00,170.0,170.2,170.0,170.175,69138
2023-09-27 13:09:00,170.17,170.17,170.08,170.1099,47082
2023-09-27 13:10:00,170.1069,170.115,170.03,170.05,35698
2023-09-27 13:11:00,170.045,170.13,169.98,170.01,117900
2023-09-27 13:12:00,170.0,170.0067,169.89,169.92,92767
2023-09-27 13:13:00,169.93,169.95,169.77,169.83,106091
2023-09-27 13:14:00,169.83,169.88,169.7,169.735,127294
2023-09-27 13:15:00,169.74,169.91,169.74,169.84,98962
2023-09-27 13:16:00,169.8451,169.85,169.77,169.78,74105
2023-09-27 13:17:00,169.7899,169.8299,169.62,169.71,99951
2023-09-27 13:18:00,169.705,169.73,169.65,169.68,99167
2023-09-27 13:19:00,169.695,169.78,169.66,169.73,75912
2023-09-27 13:20:00,169.7301,169.74,169.535,169.55,108689
2023-09-27 13:21:00,169.55,169.59,169.54,169.5419,82500
2023-09-27 13:22:00,169.545,169.6,169.51,169.565,95025
2023-09-27 13:23:00,169.56,169.6357,169.54,169.59,87205
2023-09-27 13:24:00,169.59,169.7,169.57,169.65,65571
2023-09-27 13:25:00,169.64,169.71,169.58,169.59,50106
2023-09-27 13:26:00,169.59,169.5983,169.45,169.45,108123
2023-09-27 13:27:00,169.45,169.48,169.36,169.37,139056
2023-09-27 13:28:00,169.3701,169.42,169.3,169.4009,159664
2023-09-27 13:29:00,169.4,169.4,169.29,169.3,143167
2023-09-27 13:30:00,169.2999,169.3855,169.28,169.38,111352
2023-09-27 13:31:00,169.37,169.49,169.35,169.44,137148
2023-09-27 13:32:00,169.43,169.52,169.4299,169.4301,59801
2023-09-27 13:33:00,169.44,169.5,169.44,169.4926,64289
2023-09-27 13:34:00,169.5,169.5073,169.41,169.4334,66013
2023-09-27 13:35:00,169.43,169.49,169.3241,169.3292,61686
2023-09-27 13:36:00,169.33,169.4,169.31,169.3687,78061
2023-09-27 13:37:00,169.361,169.42,169.325,169.415,86191
2023-09-27 13:38:00,169.41,169.53,169.41,169.52,131325
2023-09-27 13:39:00,169.52,169.53,169.421,169.421,55779
2023-09-27 13:40:00,169.44,169.44,169.31,169.31,61402
2023-09-27 13:41:00,169.3199,169.34,169.17,169.18,130790
2023-09-27 13:42:00,169.175,169.195,169.05,169.0968,137990
2023-09-27 13:43:00,169.09,169.27,169.07,169.26,123796
2023-09-27 13:44:00,169.26,169.41,169.23,169.41,91243
2023-09-27 13:45:00,169.41,169.51,169.39,169.44,106402
2023-09-27 13:46:00,169.45,169.46,169.36,169.4099,51545
2023-09-27 13:47:00,169.41,169.529,169.41,169.5153,74613
2023-09-27 13:48:00,169.52,169.55,169.455,169.48,87768
2023-09-27 13:49:00,169.48,169.59,169.47,169.575,78803
2023-09-27 13:50:00,169.57,169.61,169.52,169.5601,52503
2023-09-27 13:51:00,169.56,169.65,169.52,169.64,81801
2023-09-27 13:52:00,169.63,169.63,169.5,169.5,63172
2023-09-27 13:53:00,169.5001,169.51,169.465,169.5,91219
2023-09-27 13:54:00,169.4701,169.51,169.4,169.495,94546
2023-09-27 13:55:00,169.49,169.51,169.37,169.38,71516
2023-09-27 13:56:00,169.385,169.46,169.35,169.38,89163
2023-09-27 13:57:00,169.39,169.44,169.315,169.36,78594
2023-09-27 13:58:00,169.37,169.45,169.37,169.42,46051
2023-09-27 13:59:00,169.42,169.53,169.42,169.53,90777
2023-09-27 14:00:00,169.54,169.55,169.42,169.445,59479
2023-09-27 14:01:00,169.45,169.54,169.4499,169.5246,51042
2023-09-27 14:02:00,169.52,169.62,169.515,169.585,75023
2023-09-27 14:03:00,169.59,169.65,169.5501,169.5501,61682
2023-09-27 14:04:00,169.56,169.57,169.505,169.51,47888
2023-09-27 14:05:00,169.51,169.635,169.505,169.6101,72359
2023-09-27 14:06:00,169.61,169.68,169.53,169.55,78267
2023-09-27 14:07:00,169.545,169.61,169.51,169.573,59652
2023-09-27 14:08:00,169.5799,169.58,169.45,169.455,73316
2023-09-27 14:09:00,169.46,169.5642,169.46,169.51,76470
2023-09-27 14:10:00,169.51,169.51,169.42,169.4699,86335
2023-09-27 14:11:00,169.465,169.4762,169.35,169.35,78754
2023-09-27 14:12:00,169.36,169.375,169.3,169.35,109336
2023-09-27 14:13:00,169.345,169.4,169.28,169.34,98631
2023-09-27 14:14:00,169.34,169.42,169.34,169.4,56660
2023-09-27 14:15:00,169.4,169.59,169.4,169.52,72944
2023-09-27 14:16:00,169.51,169.55,169.4766,169.505,42897
2023-09-27 14:17:00,169.51,169.58,169.46,169.51,72559
2023-09-27 14:18:00,169.519,169.553,169.42,169.42,94071
2023-09-27 14:19:00,169.42,169.46,169.33,169.35,66330
2023-09-27 14:20:00,169.35,169.36,169.24,169.2534,101596
2023-09-27 14:21:00,169.2599,169.355,169.23,169.24,114249
2023-09-27 14:22:00,169.245,169.47,169.195,169.47,120610
2023-09-27 14:23:00,169.47,169.5632,169.44,169.538,70297
2023-09-27 14:24:00,169.52,169.5799,169.42,169.57,88924
2023-09-27 14:25:00,169.585,169.59,169.45,169.468,49599
2023-09-27 14:26:00,169.47,169.7699,169.45,169.75,81739
2023-09-27 14:27:00,169.75,169.83,169.67,169.7718,159455
2023-09-27 14:28:00,169.78,170.06,169.76,170.04,139454
2023-09-27 14:29:00,170.0356,170.1,170.01,170.07,125397
2023-09-27 14:30:00,170.065,170.25,170.065,170.175,127420
2023-09-27 14:31:00,170.175,170.4,170.1701,170.3578,152437
2023-09-27 14:32:00,170.3525,170.4144,170.32,170.39,116233
2023-09-27 14:33:00,170.4099,170.44,170.26,170.26,134384
2023-09-27 14:34:00,170.255,170.39,170.25,170.36,82765
2023-09-27 14:35:00,170.3699,170.489,170.31,170.45,175996
2023-09-27 14:36:00,170.45,170.47,170.32,170.4,85774
2023-09-27 14:37:00,170.3949,170.405,170.3,170.38,61849
2023-09-27 14:38:00,170.3799,170.48,170.36,170.43,282367
2023-09-27 14:39:00,170.43,170.49,170.35,170.49,145649
2023-09-27 14:40:00,170.49,170.58,170.39,170.4,100802
2023-09-27 14:41:00,170.4,170.58,170.35,170.58,114342
2023-09-27 14:42:00,170.58,170.6659,170.465,170.515,102411
2023-09-27 14:43:00,170.52,170.61,170.34,170.475,198115
2023-09-27 14:44:00,170.48,170.52,170.4001,170.5099,74077
2023-09-27 14:45:00,170.505,170.67,170.49,170.575,142675
2023-09-27 14:46:00,170.575,170.58,170.47,170.52,66131
2023-09-27 14:47:00,170.525,170.61,170.47,170.49,89791
2023-09-27 14:48:00,170.49,170.51,170.31,170.41,116317
2023-09-27 14:49:00,170.4106,170.45,170.32,170.34,77187
2023-09-27 14:50:00,170.36,170.39,170.3015,170.32,79115
2023-09-27 14:51:00,170.34,170.36,170.28,170.32,87729
2023-09-27 14:52:00,170.3,170.36,170.185,170.21,113331
2023-09-27 14:53:00,170.21,170.29,170.14,170.17,98043
2023-09-27 14:54:00,170.15,170.31,170.15,170.28,64197
2023-09-27 14:55:00,170.27,170.41,170.26,170.3,88746
2023-09-27 14:56:00,170.2999,170.31,170.2,170.3081,109128
2023-09-27 14:57:00,170.29,170.35,170.25,170.31,74508
2023-09-27 14:58:00,170.31,170.31,170.215,170.2558,74855
2023-09-27 14:59:00,170.265,170.3,170.17,170.2,64687
2023-09-27 15:00:00,170.2,170.205,170.03,170.14,147926
2023-09-27 15:01:00,170.14,170.31,170.12,170.3052,165834
2023-09-27 15:02:00,170.31,170.32,170.14,170.22,144063
2023-09-27 15:03:00,170.21,170.24,170.19,170.235,101929
2023-09-27 15:04:00,170.23,170.44,170.2022,170.425,329196
2023-09-27 15:05:00,170.44,170.58,170.4201,170.56,202119
2023-09-27 15:06:00,170.56,170.8,170.55,170.78,212152
2023-09-27 15:07:00,170.77,170.83,170.68,170.82,174394
2023-09-27 15:08:00,170.82,170.82,170.68,170.76,169770
2023-09-27 15:09:00,170.765,170.79,170.675,170.699,135752
2023-09-27 15:10:00,170.7,170.77,170.68,170.75,173292
2023-09-27 15:11:00,170.76,170.8,170.7,170.77,182160
2023-09-27 15:12:00,170.77,170.91,170.77,170.85,218594
2023-09-27 15:13:00,170.85,170.96,170.76,170.765,184865
2023-09-27 15:14:00,170.76,170.77,170.54,170.545,185484
2023-09-27 15:15:00,170.545,170.6,170.41,170.4392,141670
2023-09-27 15:16:00,170.44,170.48,170.28,170.3,122265
2023-09-27 15:17:00,170.305,170.47,170.2701,170.435,130274
2023-09-27 15:18:00,170.43,170.43,170.28,170.3774,85972
2023-09-27 15:19:00,170.369,170.3699,170.16,170.205,147082
2023-09-27 15:20:00,170.21,170.34,170.21,170.255,101787
2023-09-27 15:21:00,170.25,170.329,170.165,170.301,81786
2023-09-27 15:22:00,170.3031,170.345,170.16,170.215,93791
2023-09-27 15:23:00,170.21,170.32,170.16,170.19,82349
2023-09-27 15:24:00,170.19,170.31,170.19,170.2502,77892
2023-09-27 15:25:00,170.25,170.32,170.19,170.285,77869
2023-09-27 15:26:00,170.275,170.38,170.26,170.295,81845
2023-09-27 15:27:00,170.292,170.295,170.16,170.18,92530
2023-09-27 15:28:00,170.19,170.32,170.16,170.27,146977
2023-09-27 15:29:00,170.275,170.29,170.15,170.16,95378
2023-09-27 15:30:00,170.16,170.2,170.08,170.12,114581
2023-09-27 15:31:00,170.1199,170.2387,170.095,170.2299,176744
2023-09-27 15:32:00,170.215,170.31,170.15,170.3,103738
2023-09-27 15:33:00,170.3,170.38,170.28,170.38,166289
2023-09-27 15:34:00,170.38,170.48,170.34,170.475,159701
2023-09-27 15:35:00,170.45,170.4586,170.27,170.28,95918
2023-09-27 15:36:00,170.29,170.31,170.04,170.0765,136264
2023-09-27 15:37:00,170.07,170.12,170.04,170.0836,104482
2023-09-27 15:38:00,170.09,170.23,170.05,170.2185,94152
2023-09-27 15:39:00,170.22,170.3199,170.17,170.26,91174
2023-09-27 15:40:00,170.26,170.29,169.94,170.01,274635
2023-09-27 15:41:00,170.0,170.02,169.92,169.97,250039
2023-09-27 15:42:00,169.96,170.005,169.82,169.88,216403
2023-09-27 15:43:00,169.87,169.93,169.84,169.9,247089
2023-09-27 15:44:00,169.885,170.04,169.8701,169.99,187486
2023-09-27 15:45:00,169.99,170.07,169.92,170.0,267612
2023-09-27 15:46:00,170.0,170.13,169.98,170.05,219065
2023-09-27 15:47:00,170.04,170.07,169.99,170.04,197669
2023-09-27 15:48:00,170.04,170.0501,169.99,170.03,255578
2023-09-27 15:49:00,170.02,170.13,169.99,170.105,192616
2023-09-27 15:50:00,170.11,170.17,169.98,170.075,332940
2023-09-27 15:51:00,170.07,170.18,170.01,170.105,256958
2023-09-27 15:52:00,170.1,170.105,169.88,169.885,309505
2023-09-27 15:53:00,169.885,170.03,169.76,170.0097,317653
2023-09-27 15:54:00,170.0,170.33,169.94,170.2848,404496
2023-09-27 15:55:00,170.28,170.3,170.14,170.235,319595
2023-09-27 15:56:00,170.24,170.355,170.2,170.275,254358
2023-09-27 15:57:00,170.275,170.3698,170.24,170.305,322587
2023-09-27 15:58:00,170.305,170.33,170.25,170.25,359064
2023-09-27 15:59:00,170.25,170.46,170.15,170.43,1159350
2023-09-28 09:30:00,169.55,169.8,167.62,168.0,2092898
2023-09-28 09:31:00,167.98,168.66,167.93,168.33,452827
2023-09-28 09:32:00,168.28,168.82,168.24,168.44,341532
2023-09-28 09:33:00,168.45,168.77,168.08,168.74,331356
2023-09-28 09:34:00,168.745,168.87,168.44,168.8007,230296
2023-09-28 09:35:00,168.83,168.88,168.56,168.63,199830
2023-09-28 09:36:00,168.63,168.85,168.4,168.46,283470
2023-09-28 09:37:00,168.44,168.44,168.15,168.25,202903
2023-09-28 09:38:00,168.25,168.62,168.08,168.616,225832
2023-09-28 09:39:00,168.6162,168.7,168.4086,168.595,194383
2023-09-28 09:40:00,168.6,168.64,168.47,168.5199,143599
2023-09-28 09:41:00,168.5184,168.65,168.4,168.65,137298
2023-09-28 09:42:00,168.65,168.97,168.52,168.94,227597
2023-09-28 09:43:00,168.93,168.93,168.33,168.34,249753
2023-09-28 09:44:00,168.36,168.44,168.205,168.38,294865
2023-09-28 09:45:00,168.36,168.945,168.27,168.9394,301966
2023-09-28 09:46:00,168.92,169.1973,168.7601,169.19,332360
2023-09-28 09:47:00,169.1999,169.21,168.9,169.07,184975
2023-09-28 09:48:00,169.06,169.09,168.4,168.4205,179227
2023-09-28 09:49:00,168.4126,168.7268,168.405,168.6903,118360
2023-09-28 09:50:00,168.69,169.04,168.6624,169.01,143641
2023-09-28 09:51:00,169.01,169.24,168.97,169.12,143166
2023-09-28 09:52:00,169.1,169.37,168.99,169.3,146551
2023-09-28 09:53:00,169.31,169.65,169.28,169.6039,207111
2023-09-28 09:54:00,169.61,169.69,169.471,169.66,180700
2023-09-28 09:55:00,169.63,169.6598,169.4642,169.6396,151659
2023-09-28 09:56:00,169.6375,169.64,169.4018,169.4715,162186
2023-09-28 09:57:00,169.48,169.56,169.3494,169.51,127193
2023-09-28 09:58:00,169.52,169.55,169.354,169.354,97820
2023-09-28 09:59:00,169.355,169.62,169.355,169.61,137660
2023-09-28 10:00:00,169.61,169.87,169.52,169.8599,237568
2023-09-28 10:01:00,169.855,169.8999,169.73,169.88,157284
2023-09-28 10:02:00,169.8886,170.01,169.82,169.9949,240546
2023-09-28 10:03:00,169.99,170.0,169.88,169.9247,212624
2023-09-28 10:04:00,169.93,170.0,169.89,169.98,121114
2023-09-28 10:05:00,169.98,169.98,169.68,169.6977,162176
2023-09-28 10:06:00,169.7,169.83,169.49,169.67,161192
2023-09-28 10:07:00,169.68,169.74,169.62,169.735,79492
2023-09-28 10:08:00,169.73,169.9312,169.73,169.87,128828
2023-09-28 10:09:00,169.88,169.95,169.81,169.82,118782
2023-09-28 10:10:00,169.825,169.9083,169.76,169.86,94915
2023-09-28 10:11:00,169.87,169.95,169.83,169.89,89501
2023-09-28 10:12:00,169.8972,169.8972,169.7,169.72,94765
2023-09-28 10:13:00,169.7192,169.72,169.55,169.6192,100206
2023-09-28 10:14:00,169.61,169.67,169.45,169.4773,99830
2023-09-28 10:15:00,169.475,169.639,169.35,169.3875,151778
2023-09-28 10:16:00,169.39,169.4388,169.23,169.32,174542
2023-09-28 10:17:00,169.31,169.32,169.06,169.2,139749
2023-09-28 10:18:00,169.195,169.26,169.06,169.19,135839
2023-09-28 10:19:00,169.195,169.33,169.195,169.33,103689
2023-09-28 10:20:00,169.325,169.63,169.31,169.565,146807
2023-09-28 10:21:00,169.57,169.57,169.315,169.365,86723
2023-09-28 10:22:00,169.37,169.3777,169.221,169.26,79609
2023-09-28 10:23:00,169.26,169.34,169.09,169.11,101723
2023-09-28 10:24:00,169.11,169.23,169.1007,169.155,96470
2023-09-28 10:25:00,169.16,169.21,168.98,169.0301,132881
2023-09-28 10:26:00,169.04,169.09,168.9,169.035,149440
2023-09-28 10:27:00,169.04,169.079,168.96,169.04,88165
2023-09-28 10:28:00,169.0489,169.28,169.01,169.28,131345
2023-09-28 10:29:00,169.28,169.3599,169.06,169.13,126542
2023-09-28 10:30:00,169.14,169.18,168.84,168.9104,147412
2023-09-28 10:31:00,168.92,168.93,168.71,168.731,121413
2023-09-28 10:32:00,168.74,168.82,168.69,168.74,102866
2023-09-28 10:33:00,168.75,168.8978,168.72,168.8772,90082
2023-09-28 10:34:00,168.87,169.0,168.87,168.98,111256
2023-09-28 10:35:00,168.99,169.21,168.98,169.08,221346
2023-09-28 10:36:00,169.08,169.21,169.0301,169.12,73125
2023-09-28 10:37:00,169.125,169.22,169.0438,169.055,134125
2023-09-28 10:38:00,169.055,169.33,169.055,169.31,151926
2023-09-28 10:39:00,169.31,169.52,169.285,169.5,146784
2023-09-28 10:40:00,169.4989,169.59,169.42,169.51,112986
2023-09-28 10:41:00,169.515,169.59,169.39,169.5111,100579
2023-09-28 10:42:00,169.53,169.67,169.52,169.66,81438
2023-09-28 10:43:00,169.655,169.88,169.64,169.8701,231292
2023-09-28 10:44:00,169.8701,169.96,169.82,169.95,128120
2023-09-28 10:45:00,169.945,170.0,169.88,169.92,202198
2023-09-28 10:46:00,169.92,170.01,169.86,169.86,168767
2023-09-28 10:47:00,169.84,170.03,169.83,170.025,187114
2023-09-28 10:48:00,170.0299,170.16,169.97,170.13,155198
2023-09-28 10:49:00,170.13,170.139,169.98,170.07,119615
2023-09-28 10:50:00,170.065,170.08,170.01,170.01,69473
2023-09-28 10:51:00,170.0,170.02,169.86,169.94,144476
2023-09-28 10:52:00,169.945,170.07,169.87,170.04,140715
2023-09-28 10:53:00,170.05,170.0549,169.9214,169.9617,111309
2023-09-28 10:54:00,169.965,170.1,169.92,170.035,108395
2023-09-28 10:55:00,170.03,170.14,169.9701,170.135,133874
2023-09-28 10:56:00,170.14,170.18,170.04,170.17,127464
2023-09-28 10:57:00,170.1799,170.185,169.98,170.0149,110258
2023-09-28 10:58:00,170.0,170.27,169.99,170.25,119236
2023-09-28 10:59:00,170.25,170.27,170.15,170.249,115060
2023-09-28 11:00:00,170.24,170.29,170.13,170.17,112641
2023-09-28 11:01:00,170.185,170.2012,170.052,170.052,94280
2023-09-28 11:02:00,170.06,170.15,169.9909,170.0,196233
2023-09-28 11:03:00,170.0,170.02,169.9,170.01,120446
2023-09-28 11:04:00,170.01,170.0601,169.97,169.98,79320
2023-09-28 11:05:00,170.0,170.0792,169.95,170.045,68381
2023-09-28 11:06:00,170.05,170.1,169.8,169.8745,167044
2023-09-28 11:07:00,169.88,170.2,169.86,170.17,178896
2023-09-28 11:08:00,170.17,170.3197,170.15,170.3,132104
2023-09-28 11:09:00,170.28,170.28,170.12,170.16,95465
2023-09-28 11:10:00,170.16,170.21,170.06,170.2039,74652
2023-09-28 11:11:00,170.2088,170.21,170.05,170.08,67035
2023-09-28 11:12:00,170.0861,170.1502,169.99,170.085,124653
2023-09-28 11:13:00,170.0999,170.0999,169.9823,170.0683,89225
2023-09-28 11:14:00,170.061,170.28,170.02,170.2595,129179
2023-09-28 11:15:00,170.25,170.43,170.18,170.41,143869
2023-09-28 11:16:00,170.4,170.4,170.24,170.31,131833
2023-09-28 11:17:00,170.3,170.41,170.23,170.405,97582
2023-09-28 11:18:00,170.405,170.4395,170.27,170.3,126328
2023-09-28 11:19:00,170.3,170.34,170.1403,170.15,98484
2023-09-28 11:20:00,170.16,170.261,170.13,170.261,63806
2023-09-28 11:21:00,170.26,170.33,170.13,170.135,106603
2023-09-28 11:22:00,170.14,170.27,170.11,170.25,92308
2023-09-28 11:23:00,170.25,170.53,170.245,170.5,159462
2023-09-28 11:24:00,170.5,170.6,170.455,170.595,142503
2023-09-28 11:25:00,170.595,170.64,170.48,170.625,237426
2023-09-28 11:26:00,170.63,170.68,170.55,170.57,246032
2023-09-28 11:27:00,170.58,170.59,170.495,170.55,97361
2023-09-28 11:28:00,170.53,170.5702,170.47,170.47,82931
2023-09-28 11:29:00,170.47,170.51,170.3301,170.5,85000
2023-09-28 11:30:00,170.5,170.68,170.4901,170.5854,154201
2023-09-28 11:31:00,170.59,170.82,170.58,170.81,153874
2023-09-28 11:32:00,170.8199,170.84,170.7349,170.7352,121204
2023-09-28 11:33:00,170.7301,170.82,170.7226,170.79,117478
2023-09-28 11:34:00,170.7799,170.82,170.72,170.74,105496
2023-09-28 11:35:00,170.74,170.77,170.66,170.66,138971
2023-09-28 11:36:00,170.6673,170.71,170.6,170.66,159395
2023-09-28 11:37:00,170.66,170.67,170.4708,170.525,135228
2023-09-28 11:38:00,170.525,170.6763,170.5,170.665,84259
2023-09-28 11:39:00,170.67,170.68,170.53,170.54,65828
2023-09-28 11:40:00,170.54,170.75,170.53,170.7047,111311
2023-09-28 11:41:00,170.74,170.8098,170.715,170.78,112294
2023-09-28 11:42:00,170.774,170.815,170.75,170.785,54212
2023-09-28 11:43:00,170.79,170.94,170.74,170.9284,154523
2023-09-28 11:44:00,170.924,170.96,170.88,170.95,91394
2023-09-28 11:45:00,170.95,170.96,170.86,170.91,106529
2023-09-28 11:46:00,170.9001,171.04,170.895,170.9301,154986
2023-09-28 11:47:00,170.94,171.01,170.93,171.0071,68412
2023-09-28 11:48:00,170.99,171.02,170.89,171.02,163542
2023-09-28 11:49:00,171.01,171.037,170.96,171.005,62466
2023-09-28 11:50:00,171.02,171.165,171.01,171.1599,205099
2023-09-28 11:51:00,171.17,171.215,171.07,171.105,129187
2023-09-28 11:52:00,171.1,171.19,171.09,171.185,65596
2023-09-28 11:53:00,171.18,171.31,171.18,171.28,105632
2023-09-28 11:54:00,171.29,171.44,171.29,171.41,156859
2023-09-28 11:55:00,171.418,171.475,171.33,171.36,201683
2023-09-28 11:56:00,171.36,171.425,171.34,171.4221,102406
2023-09-28 11:57:00,171.425,171.45,171.3519,171.42,57462
2023-09-28 11:58:00,171.43,171.585,171.43,171.56,118698
2023-09-28 11:59:00,171.57,171.6181,171.54,171.6,84191
2023-09-28 12:00:00,171.6,171.735,171.58,171.7176,157439
2023-09-28 12:01:00,171.7234,171.7275,171.59,171.605,105384
2023-09-28 12:02:00,171.6,171.66,171.56,171.62,108109
2023-09-28 12:03:00,171.62,171.63,171.4,171.41,149696
2023-09-28 12:04:00,171.415,171.62,171.41,171.5,89788
2023-09-28 12:05:00,171.5,171.539,171.39,171.3932,95676
2023-09-28 12:06:00,171.392,171.46,171.31,171.38,89537
2023-09-28 12:07:00,171.38,171.42,171.37,171.38,54178
2023-09-28 12:08:00,171.38,171.45,171.34,171.41,57199
2023-09-28 12:09:00,171.4107,171.46,171.34,171.35,70466
2023-09-28 12:10:00,171.34,171.359,171.2711,171.2814,84890
2023-09-28 12:11:00,171.285,171.46,171.2805,171.3701,81879
2023-09-28 12:12:00,171.3899,171.53,171.38,171.53,68584
2023-09-28 12:13:00,171.52,171.6675,171.49,171.635,111680
2023-09-28 12:14:00,171.6399,171.705,171.58,171.6311,84772
2023-09-28 12:15:00,171.63,171.7,171.625,171.6899,68608
2023-09-28 12:16:00,171.6815,171.8,171.6815,171.75,105546
2023-09-28 12:17:00,171.76,171.92,171.74,171.915,117352
2023-09-28 12:18:00,171.91,171.98,171.88,171.96,100086
2023-09-28 12:19:00,171.945,172.03,171.86,172.01,145850
2023-09-28 12:20:00,172.005,172.005,171.74,171.74,96245
2023-09-28 12:21:00,171.74,171.78,171.6943,171.7601,77691
2023-09-28 12:22:00,171.75,171.8,171.71,171.71,50566
2023-09-28 12:23:00,171.7,171.705,171.5826,171.65,110590
2023-09-28 12:24:00,171.645,171.67,171.585,171.59,57768
2023-09-28 12:25:00,171.59,171.63,171.54,171.58,64888
2023-09-28 12:26:00,171.58,171.82,171.5601,171.82,91216
2023-09-28 12:27:00,171.82,171.8849,171.76,171.7999,97892
2023-09-28 12:28:00,171.795,171.97,171.785,171.895,96112
2023-09-28 12:29:00,171.9,171.95,171.83,171.89,53403
2023-09-28 12:30:00,171.89,171.915,171.83,171.88,54260
2023-09-28 12:31:00,171.88,171.8899,171.72,171.775,66528
2023-09-28 12:32:00,171.77,171.7751,171.63,171.63,81102
2023-09-28 12:33:00,171.62,171.66,171.5795,171.62,92458
2023-09-28 12:34:00,171.615,171.6472,171.59,171.63,57809
2023-09-28 12:35:00,171.625,171.71,171.625,171.6501,56461
2023-09-28 12:36:00,171.6599,171.76,171.6599,171.73,48363
2023-09-28 12:37:00,171.74,171.74,171.67,171.6902,34932
2023-09-28 12:38:00,171.6801,171.7282,171.68,171.7,48203
2023-09-28 12:39:00,171.695,171.73,171.63,171.64,48430
2023-09-28 12:40:00,171.65,171.6799,171.6,171.652,62373
2023-09-28 12:41:00,171.67,171.72,171.62,171.65,79923
2023-09-28 12:42:00,171.6492,171.7,171.6279,171.685,49030
2023-09-28 12:43:00,171.68,171.72,171.625,171.685,52766
2023-09-28 12:44:00,171.69,171.7299,171.6449,171.68,81461
2023-09-28 12:45:00,171.685,171.72,171.63,171.63,51027
2023-09-28 12:46:00,171.635,171.64,171.51,171.5109,73289
2023-09-28 12:47:00,171.5157,171.59,171.42,171.4399,138158
2023-09-28 12:48:00,171.435,171.46,171.36,171.3603,62985
2023-09-28 12:49:00,171.37,171.39,171.275,171.28,85482
2023-09-28 12:50:00,171.29,171.41,171.29,171.41,59241
2023-09-28 12:51:00,171.4081,171.43,171.31,171.3201,50124
2023-09-28 12:52:00,171.33,171.42,171.33,171.34,47065
2023-09-28 12:53:00,171.34,171.34,171.27,171.27,49714
2023-09-28 12:54:00,171.27,171.275,171.06,171.06,121145
2023-09-28 12:55:00,171.07,171.19,171.03,171.0401,65670
2023-09-28 12:56:00,171.04,171.18,171.0301,171.13,74132
2023-09-28 12:57:00,171.12,171.2,171.12,171.15,79245
2023-09-28 12:58:00,171.15,171.23,171.1,171.2018,54684
2023-09-28 12:59:00,171.2089,171.2282,171.1,171.13,52039
2023-09-28 13:00:00,171.135,171.22,171.115,171.158,53451
2023-09-28 13:01:00,171.1572,171.28,171.1501,171.195,169280
2023-09-28 13:02:00,171.2,171.26,171.15,171.22,114974
2023-09-28 13:03:00,171.22,171.24,171.15,171.18,57354
2023-09-28 13:04:00,171.19,171.195,171.08,171.11,93057
2023-09-28 13:05:00,171.115,171.13,170.89,170.96,186780
2023-09-28 13:06:00,170.98,171.0,170.86,171.0,121563
2023-09-28 13:07:00,171.0,171.24,170.97,171.22,73075
2023-09-28 13:08:00,171.2356,171.34,171.218,171.34,49468
2023-09-28 13:09:00,171.35,171.4,171.3,171.38,64495
2023-09-28 13:10:00,171.38,171.53,171.3528,171.369,118275
2023-09-28 13:11:00,171.35,171.42,171.31,171.315,52658
2023-09-28 13:12:00,171.32,171.35,171.25,171.35,83466
2023-09-28 13:13:00,171.3527,171.42,171.2859,171.395,68847
2023-09-28 13:14:00,171.39,171.45,171.35,171.41,34272
2023-09-28 13:15:00,171.4123,171.43,171.345,171.345,27345
2023-09-28 13:16:00,171.3425,171.35,171.28,171.3392,62680
2023-09-28 13:17:00,171.33,171.3365,171.18,171.195,87931
2023-09-28 13:18:00,171.19,171.21,171.13,171.1773,159833
2023-09-28 13:19:00,171.18,171.22,171.1548,171.1705,62602
2023-09-28 13:20:00,171.18,171.23,171.16,171.215,54312
2023-09-28 13:21:00,171.2187,171.3,171.18,171.24,64447
2023-09-28 13:22:00,171.25,171.42,171.24,171.3514,63390
2023-09-28 13:23:00,171.35,171.36,171.2607,171.332,48017
2023-09-28 13:24:00,171.36,171.4,171.33,171.38,35324
2023-09-28 13:25:00,171.36,171.36,171.23,171.2618,61870
2023-09-28 13:26:00,171.2748,171.2901,171.2077,171.2077,26608
2023-09-28 13:27:00,171.2,171.2,171.0501,171.0501,56092
2023-09-28 13:28:00,171.051,171.08,170.9,170.91,82787
2023-09-28 13:29:00,170.9101,170.9599,170.88,170.882,60185
2023-09-28 13:30:00,170.9,170.97,170.73,170.7599,141706
2023-09-28 13:31:00,170.76,170.8699,170.75,170.82,107511
2023-09-28 13:32:00,170.825,170.8424,170.71,170.735,58013
2023-09-28 13:33:00,170.74,170.86,170.72,170.83,56005
2023-09-28 13:34:00,170.82,170.86,170.71,170.7201,50350
2023-09-28 13:35:00,170.7206,170.8,170.71,170.79,39337
2023-09-28 13:36:00,170.78,170.86,170.775,170.775,41077
2023-09-28 13:37:00,170.78,170.82,170.74,170.77,27517
2023-09-28 13:38:00,170.78,170.83,170.73,170.8,85904
2023-09-28 13:39:00,170.79,170.8,170.685,170.75,96769
2023-09-28 13:40:00,170.745,170.78,170.59,170.62,102858
2023-09-28 13:41:00,170.625,170.66,170.58,170.61,75954
2023-09-28 13:42:00,170.62,170.66,170.6,170.62,52352
2023-09-28 13:43:00,170.61,170.62,170.52,170.525,64436
2023-09-28 13:44:00,170.5116,170.55,170.43,170.49,132572
2023-09-28 13:45:00,170.485,170.5472,170.465,170.485,48270
2023-09-28 13:46:00,170.49,170.66,170.48,170.6501,128070
2023-09-28 13:47:00,170.65,170.72,170.6219,170.69,52170
2023-09-28 13:48:00,170.7,170.76,170.63,170.68,71077
2023-09-28 13:49:00,170.675,170.75,170.645,170.645,53694
2023-09-28 13:50:00,170.66,170.795,170.65,170.79,76489
2023-09-28 13:51:00,170.79,170.82,170.73,170.78,41731
2023-09-28 13:52:00,170.78,170.79,170.64,170.64,72037
2023-09-28 13:53:00,170.645,170.755,170.6365,170.7199,38394
2023-09-28 13:54:00,170.71,170.72,170.66,170.6646,35913
2023-09-28 13:55:00,170.665,170.68,170.6,170.61,45352
2023-09-28 13:56:00,170.615,170.82,170.615,170.775,53337
2023-09-28 13:57:00,170.7789,170.85,170.775,170.85,41937
2023-09-28 13:58:00,170.845,170.85,170.77,170.78,48354
2023-09-28 13:59:00,170.7895,170.86,170.75,170.86,64652
2023-09-28 14:00:00,170.86,170.88,170.69,170.69,79188
2023-09-28 14:01:00,170.71,170.739,170.65,170.665,43674
2023-09-28 14:02:00,170.67,170.79,170.6401,170.74,78572
2023-09-28 14:03:00,170.7409,170.78,170.65,170.65,48170
2023-09-28 14:04:00,170.655,170.74,170.625,170.63,38039
2023-09-28 14:05:00,170.6399,170.67,170.55,170.57,88464
2023-09-28 14:06:00,170.565,170.7,170.565,170.7,52404
2023-09-28 14:07:00,170.7,170.71,170.64,170.64,65155
2023-09-28 14:08:00,170.6344,170.76,170.63,170.74,50606
2023-09-28 14:09:00,170.7409,170.7672,170.58,170.62,70780
2023-09-28 14:10:00,170.62,170.63,170.49,170.49,45492
2023-09-28 14:11:00,170.48,170.61,170.45,170.5902,82184
2023-09-28 14:12:00,170.605,170.61,170.5,170.545,31072
2023-09-28 14:13:00,170.54,170.745,170.515,170.72,76826
2023-09-28 14:14:00,170.7201,170.9099,170.72,170.8658,99283
2023-09-28 14:15:00,170.88,170.9299,170.85,170.9088,59678
2023-09-28 14:16:00,170.9004,170.97,170.8994,170.925,69687
2023-09-28 14:17:00,170.92,170.93,170.865,170.9001,56337
2023-09-28 14:18:00,170.9,170.99,170.89,170.97,54285
2023-09-28 14:19:00,170.97,171.0699,170.96,170.971,103566
2023-09-28 14:20:00,170.9651,171.04,170.9651,171.0,42801
2023-09-28 14:21:00,171.0021,171.02,170.925,170.99,81132
2023-09-28 14:22:00,170.989,170.99,170.92,170.93,36664
2023-09-28 14:23:00,170.935,171.0081,170.905,171.0081,67757
2023-09-28 14:24:00,171.0099,171.01,170.7785,170.8088,88711
2023-09-28 14:25:00,170.81,170.92,170.77,170.905,55351
2023-09-28 14:26:00,170.905,171.0,170.89,170.95,62898
2023-09-28 14:27:00,170.96,171.09,170.9417,171.08,83309
2023-09-28 14:28:00,171.0899,171.165,171.08,171.13,82947
2023-09-28 14:29:00,171.14,171.145,171.0801,171.13,49569
2023-09-28 14:30:00,171.135,171.15,170.992,171.04,103047
2023-09-28 14:31:00,171.035,171.05,170.891,170.9,40389
2023-09-28 14:32:00,170.89,170.96,170.85,170.941,70352
2023-09-28 14:33:00,170.94,171.054,170.92,170.995,56610
2023-09-28 14:34:00,171.005,171.01,170.63,170.64,112511
2023-09-28 14:35:00,170.63,170.64,170.44,170.46,110989
2023-09-28 14:36:00,170.455,170.46,170.31,170.34,119634
2023-09-28 14:37:00,170.33,170.55,170.31,170.529,99420
2023-09-28 14:38:00,170.535,170.6,170.49,170.6,71841
2023-09-28 14:39:00,170.5938,170.63,170.54,170.56,61730
2023-09-28 14:40:00,170.56,170.6,170.43,170.455,73477
2023-09-28 14:41:00,170.46,170.54,170.455,170.49,48220
2023-09-28 14:42:00,170.48,170.675,170.48,170.675,44559
2023-09-28 14:43:00,170.685,170.799,170.6199,170.799,63561
2023-09-28 14:44:00,170.7802,170.8299,170.6,170.605,82976
2023-09-28 14:45:00,170.6,170.62,170.514,170.6082,66144
2023-09-28 14:46:00,170.6099,170.64,170.5501,170.5501,62464
2023-09-28 14:47:00,170.565,170.58,170.45,170.51,51083
2023-09-28 14:48:00,170.515,170.5577,170.47,170.5171,40004
2023-09-28 14:49:00,170.51,170.58,170.44,170.4799,63430
2023-09-28 14:50:00,170.475,170.66,170.475,170.6143,48367
2023-09-28 14:51:00,170.63,170.65,170.53,170.59,45015
2023-09-28 14:52:00,170.59,170.63,170.53,170.5522,30124
2023-09-28 14:53:00,170.55,170.555,170.38,170.4107,77890
2023-09-28 14:54:00,170.4,170.54,170.4,170.53,69163
2023-09-28 14:55:00,170.54,170.56,170.45,170.48,70345
2023-09-28 14:56:00,170.48,170.68,170.43,170.68,52431
2023-09-28 14:57:00,170.69,170.69,170.5909,170.61,56257
2023-09-28 14:58:00,170.615,170.63,170.53,170.6,74442
2023-09-28 14:59:00,170.5958,170.7598,170.57,170.75,79823
2023-09-28 15:00:00,170.75,170.78,170.63,170.6313,121587
2023-09-28 15:01:00,170.64,170.68,170.55,170.555,84082
2023-09-28 15:02:00,170.555,170.74,170.55,170.72,62400
2023-09-28 15:03:00,170.73,170.78,170.661,170.69,60280
2023-09-28 15:04:00,170.69,170.7452,170.65,170.73,45936
2023-09-28 15:05:00,170.74,170.8,170.71,170.7602,74027
2023-09-28 15:06:00,170.76,170.7671,170.63,170.65,82918
2023-09-28 15:07:00,170.65,170.67,170.53,170.656,67029
2023-09-28 15:08:00,170.65,170.7191,170.61,170.6948,34410
2023-09-28 15:09:00,170.7,170.78,170.64,170.77,33231
2023-09-28 15:10:00,170.775,170.93,170.76,170.88,101633
2023-09-28 15:11:00,170.8999,170.94,170.88,170.935,67045
2023-09-28 15:12:00,170.94,171.0899,170.93,171.08,76985
2023-09-28 15:13:00,171.07,171.07,170.93,170.95,70834
2023-09-28 15:14:00,170.94,171.1099,170.935,171.07,66127
2023-09-28 15:15:00,171.07,171.13,171.045,171.12,74876
2023-09-28 15:16:00,171.12,171.24,171.1191,171.24,116343
2023-09-28 15:17:00,171.25,171.33,171.23,171.3199,80874
2023-09-28 15:18:00,171.315,171.325,171.23,171.2901,79031
2023-09-28 15:19:00,171.295,171.36,171.2871,171.295,49658
2023-09-28 15:20:00,171.29,171.35,171.28,171.33,61454
2023-09-28 15:21:00,171.34,171.36,171.285,171.295,52026
2023-09-28 15:22:00,171.29,171.39,171.28,171.35,56960
2023-09-28 15:23:00,171.3514,171.46,171.35,171.45,62934
2023-09-28 15:24:00,171.4401,171.48,171.435,171.47,74736
2023-09-28 15:25:00,171.48,171.62,171.465,171.615,138087
2023-09-28 15:26:00,171.6101,171.66,171.58,171.615,108812
2023-09-28 15:27:00,171.62,171.66,171.59,171.6299,71155
2023-09-28 15:28:00,171.6199,171.68,171.58,171.625,84221
2023-09-28 15:29:00,171.625,171.625,171.57,171.58,54823
2023-09-28 15:30:00,171.58,171.64,171.5,171.53,167928
2023-09-28 15:31:00,171.539,171.54,171.401,171.4512,162275
2023-09-28 15:32:00,171.46,171.5,171.405,171.47,91866
2023-09-28 15:33:00,171.48,171.49,171.375,171.43,79161
2023-09-28 15:34:00,171.435,171.45,171.37,171.38,80820
2023-09-28 15:35:00,171.3899,171.39,171.32,171.33,64426
2023-09-28 15:36:00,171.33,171.34,171.06,171.12,121417
2023-09-28 15:37:00,171.1187,171.12,170.96,170.97,89499
2023-09-28 15:38:00,170.97,170.98,170.845,170.85,91734
2023-09-28 15:39:00,170.855,170.92,170.76,170.8,122012
2023-09-28 15:40:00,170.79,170.91,170.75,170.85,99860
2023-09-28 15:41:00,170.86,170.87,170.76,170.765,107118
2023-09-28 15:42:00,170.76,170.82,170.74,170.79,93526
2023-09-28 15:43:00,170.8,170.805,170.64,170.75,145546
2023-09-28 15:44:00,170.76,170.85,170.71,170.82,117895
2023-09-28 15:45:00,170.8205,170.885,170.72,170.7357,118522
2023-09-28 15:46:00,170.735,170.85,170.71,170.77,102616
2023-09-28 15:47:00,170.763,170.763,170.54,170.57,162355
2023-09-28 15:48:00,170.58,170.58,170.44,170.49,189529
2023-09-28 15:49:00,170.49,170.555,170.4635,170.5347,101611
2023-09-28 15:50:00,170.535,170.78,170.51,170.705,231518
2023-09-28 15:51:00,170.71,170.74,170.48,170.66,186294
2023-09-28 15:52:00,170.6695,170.75,170.65,170.73,144699
2023-09-28 15:53:00,170.73,170.77,170.655,170.69,131688
2023-09-28 15:54:00,170.69,170.8,170.53,170.68,290410
2023-09-28 15:55:00,170.68,170.96,170.66,170.895,220811
2023-09-28 15:56:00,170.9,170.9657,170.7801,170.895,178453
2023-09-28 15:57:00,170.89,170.9,170.68,170.69,205809
2023-09-28 15:58:00,170.69,170.74,170.625,170.73,295513
2023-09-28 15:59:00,170.735,170.8,170.57,170.69,868967
2023-09-29 09:30:00,172.02,172.4,171.88,172.14,899733
2023-09-29 09:31:00,172.15,172.67,172.15,172.565,278602
2023-09-29 09:32:00,172.5559,172.5799,172.03,172.085,140835
2023-09-29 09:33:00,172.1,172.16,171.8106,171.9061,205955
2023-09-29 09:34:00,171.905,172.05,171.84,172.01,147248
2023-09-29 09:35:00,172.005,172.28,171.98,172.0,157568
2023-09-29 09:36:00,172.0,172.0499,171.82,171.92,110496
2023-09-29 09:37:00,171.91,172.09,171.86,171.925,104003
2023-09-29 09:38:00,171.93,172.0899,171.88,172.04,139422
2023-09-29 09:39:00,172.0401,172.2,172.0401,172.11,170151
2023-09-29 09:40:00,172.13,172.13,171.85,171.9628,175408
2023-09-29 09:41:00,171.9683,172.06,171.86,172.0364,137824
2023-09-29 09:42:00,172.03,172.21,171.97,172.17,182171
2023-09-29 09:43:00,172.175,172.29,172.09,172.1,145519
2023-09-29 09:44:00,172.08,172.17,171.98,172.12,119416
2023-09-29 09:45:00,172.13,172.26,172.07,172.1,160220
2023-09-29 09:46:00,172.08,172.09,171.77,171.8101,191312
2023-09-29 09:47:00,171.82,172.13,171.8,172.02,118990
2023-09-29 09:48:00,172.03,172.56,171.99,172.42,285208
2023-09-29 09:49:00,172.41,172.49,172.32,172.36,143566
2023-09-29 09:50:00,172.37,172.42,172.27,172.29,102481
2023-09-29 09:51:00,172.3067,172.3699,172.22,172.3001,96451
2023-09-29 09:52:00,172.3191,172.4,172.22,172.248,158094
2023-09-29 09:53:00,172.24,172.468,172.225,172.375,90455
2023-09-29 09:54:00,172.38,172.478,172.27,172.46,86311
2023-09-29 09:55:00,172.46,172.51,172.295,172.44,119021
2023-09-29 09:56:00,172.41,172.51,172.33,172.4785,110941
2023-09-29 09:57:00,172.48,172.65,172.47,172.5996,147408
2023-09-29 09:58:00,172.5836,172.77,172.56,172.6701,210644
2023-09-29 09:59:00,172.6748,172.8001,172.64,172.6977,193503
2023-09-29 10:00:00,172.7,172.89,172.7,172.861,226775
2023-09-29 10:01:00,172.87,172.96,172.83,172.92,217995
2023-09-29 10:02:00,172.92,173.07,172.8942,173.05,200007
2023-09-29 10:03:00,173.04,173.05,172.76,172.78,171602
2023-09-29 10:04:00,172.78,172.87,172.6401,172.76,125686
2023-09-29 10:05:00,172.8,172.81,172.7,172.725,98323
2023-09-29 10:06:00,172.725,172.74,172.64,172.671,119700
2023-09-29 10:07:00,172.68,172.68,172.562,172.645,88596
2023-09-29 10:08:00,172.66,172.81,172.66,172.808,118078
2023-09-29 10:09:00,172.79,172.83,172.6824,172.69,115738
2023-09-29 10:10:00,172.69,172.735,172.61,172.7,70630
2023-09-29 10:11:00,172.69,172.76,172.6672,172.71,88136
2023-09-29 10:12:00,172.7,172.7095,172.58,172.6399,80547
2023-09-29 10:13:00,172.64,172.69,172.435,172.46,150057
2023-09-29 10:14:00,172.4539,172.6,172.45,172.56,101310
2023-09-29 10:15:00,172.56,172.6274,172.47,172.56,74755
2023-09-29 10:16:00,172.5799,172.61,172.53,172.5475,68373
2023-09-29 10:17:00,172.545,172.565,172.465,172.56,76677
2023-09-29 10:18:00,172.5682,172.63,172.47,172.48,70536
2023-09-29 10:19:00,172.48,172.52,172.39,172.52,99204
2023-09-29 10:20:00,172.5277,172.6,172.435,172.52,72176
2023-09-29 10:21:00,172.51,172.56,172.37,172.41,66430
2023-09-29 10:22:00,172.41,172.4799,172.33,172.36,92491
2023-09-29 10:23:00,172.35,172.38,172.23,172.3,106785
2023-09-29 10:24:00,172.295,172.2985,172.08,172.1001,143072
2023-09-29 10:25:00,172.1,172.24,172.08,172.1,141977
2023-09-29 10:26:00,172.1,172.35,172.1,172.331,159106
2023-09-29 10:27:00,172.34,172.38,172.04,172.07,153172
2023-09-29 10:28:00,172.07,172.19,172.06,172.165,76094
2023-09-29 10:29:00,172.17,172.265,172.145,172.25,68433
2023-09-29 10:30:00,172.27,172.39,172.21,172.38,120860
2023-09-29 10:31:00,172.39,172.55,172.3701,172.54,134102
2023-09-29 10:32:00,172.53,172.5899,172.48,172.5899,113330
2023-09-29 10:33:00,172.59,172.6199,172.5,172.56,82147
2023-09-29 10:34:00,172.555,172.56,172.43,172.465,76116
2023-09-29 10:35:00,172.47,172.55,172.39,172.435,104224
2023-09-29 10:36:00,172.44,172.525,172.36,172.43,78935
2023-09-29 10:37:00,172.44,172.55,172.3788,172.52,95537
2023-09-29 10:38:00,172.53,172.5799,172.45,172.455,87590
2023-09-29 10:39:00,172.46,172.58,172.4,172.43,60872
2023-09-29 10:40:00,172.425,172.48,172.41,172.46,66652
2023-09-29 10:41:00,172.45,172.52,172.39,172.4101,52100
2023-09-29 10:42:00,172.42,172.4499,172.351,172.4499,60276
2023-09-29 10:43:00,172.44,172.45,172.275,172.3801,90367
2023-09-29 10:44:00,172.39,172.51,172.39,172.48,74460
2023-09-29 10:45:00,172.475,172.66,172.4401,172.65,93695
2023-09-29 10:46:00,172.65,172.72,172.56,172.7101,71015
2023-09-29 10:47:00,172.71,172.77,172.65,172.69,81228
2023-09-29 10:48:00,172.695,172.76,172.6404,172.7072,84337
2023-09-29 10:49:00,172.7006,172.77,172.69,172.77,73444
2023-09-29 10:50:00,172.76,172.79,172.655,172.655,76830
2023-09-29 10:51:00,172.65,172.65,172.4746,172.52,77787
2023-09-29 10:52:00,172.51,172.6,172.5,172.51,52662
2023-09-29 10:53:00,172.5,172.675,172.47,172.645,118889
2023-09-29 10:54:00,172.65,172.77,172.6399,172.7499,82412
2023-09-29 10:55:00,172.73,172.74,172.565,172.565,63549
2023-09-29 10:56:00,172.56,172.5762,172.37,172.37,94430
2023-09-29 10:57:00,172.37,172.4389,172.36,172.41,43551
2023-09-29 10:58:00,172.41,172.49,172.3999,172.3999,33540
2023-09-29 10:59:00,172.3913,172.45,172.39,172.435,18503
2023-09-29 11:00:00,172.44,172.53,172.43,172.43,70157
2023-09-29 11:01:00,172.45,172.59,172.42,172.475,77006
2023-09-29 11:02:00,172.47,172.52,172.39,172.49,88202
2023-09-29 11:03:00,172.47,172.525,172.39,172.4,59079
2023-09-29 11:04:00,172.395,172.4599,172.34,172.375,70115
2023-09-29 11:05:00,172.37,172.449,172.29,172.41,58779
2023-09-29 11:06:00,172.4,172.5299,172.33,172.5,73597
2023-09-29 11:07:00,172.5052,172.53,172.37,172.37,160511
2023-09-29 11:08:00,172.37,172.46,172.33,172.42,92748
2023-09-29 11:09:00,172.415,172.42,172.24,172.29,121451
2023-09-29 11:10:00,172.3,172.3799,172.26,172.35,68218
2023-09-29 11:11:00,172.33,172.34,172.255,172.255,93043
2023-09-29 11:12:00,172.2536,172.4,172.23,172.3758,122414
2023-09-29 11:13:00,172.38,172.38,172.235,172.33,54458
2023-09-29 11:14:00,172.3209,172.34,172.27,172.3,50161
2023-09-29 11:15:00,172.31,172.34,172.21,172.225,114121
2023-09-29 11:16:00,172.23,172.305,172.23,172.235,36734
2023-09-29 11:17:00,172.2388,172.31,172.23,172.27,32743
2023-09-29 11:18:00,172.2701,172.39,172.25,172.37,70636
2023-09-29 11:19:00,172.36,172.49,172.35,172.4572,86271
2023-09-29 11:20:00,172.4501,172.51,172.41,172.51,89345
2023-09-29 11:21:00,172.52,172.6,172.46,172.48,62201
2023-09-29 11:22:00,172.49,172.56,172.44,172.56,40762
2023-09-29 11:23:00,172.56,172.76,172.55,172.7,152926
2023-09-29 11:24:00,172.705,172.735,172.62,172.6222,56591
2023-09-29 11:25:00,172.61,172.62,172.57,172.5801,57247
2023-09-29 11:26:00,172.585,172.59,172.43,172.44,43077
2023-09-29 11:27:00,172.42,172.4201,172.27,172.27,42982
2023-09-29 11:28:00,172.27,172.28,172.16,172.1625,73248
2023-09-29 11:29:00,172.15,172.1504,172.02,172.06,74901
2023-09-29 11:30:00,172.06,172.085,172.01,172.05,65762
2023-09-29 11:31:00,172.045,172.09,171.94,171.99,114623
2023-09-29 11:32:00,171.98,172.09,171.93,172.07,74052
2023-09-29 11:33:00,172.075,172.075,171.98,171.98,40373
2023-09-29 11:34:00,171.98,172.01,171.84,171.85,102243
2023-09-29 11:35:00,171.84,171.975,171.75,171.86,86032
2023-09-29 11:36:00,171.86,171.96,171.8172,171.95,73212
2023-09-29 11:37:00,171.94,171.9489,171.75,171.7585,58635
2023-09-29 11:38:00,171.7591,171.78,171.58,171.66,120513
2023-09-29 11:39:00,171.6639,171.8,171.64,171.7,73808
2023-09-29 11:40:00,171.7,171.8899,171.65,171.86,49229
2023-09-29 11:41:00,171.85,171.87,171.73,171.785,93343
2023-09-29 11:42:00,171.79,171.8568,171.71,171.7212,58921
2023-09-29 11:43:00,171.72,171.755,171.605,171.6884,73795
2023-09-29 11:44:00,171.7001,171.75,171.65,171.729,45738
2023-09-29 11:45:00,171.73,171.79,171.71,171.725,40004
2023-09-29 11:46:00,171.71,171.72,171.62,171.685,50115
2023-09-29 11:47:00,171.69,171.809,171.69,171.75,41668
2023-09-29 11:48:00,171.74,171.82,171.72,171.75,46152
2023-09-29 11:49:00,171.74,171.82,171.6999,171.8013,74255
2023-09-29 11:50:00,171.8,171.899,171.775,171.83,57045
2023-09-29 11:51:00,171.83,171.88,171.73,171.86,44685
2023-09-29 11:52:00,171.87,171.89,171.82,171.84,48142
2023-09-29 11:53:00,171.84,171.845,171.61,171.6401,65842
2023-09-29 11:54:00,171.65,171.84,171.62,171.82,45455
2023-09-29 11:55:00,171.8135,171.94,171.78,171.91,65983
2023-09-29 11:56:00,171.91,171.9899,171.91,171.94,77623
2023-09-29 11:57:00,171.94,171.9493,171.87,171.92,52528
2023-09-29 11:58:00,171.92,172.0,171.905,171.96,37941
2023-09-29 11:59:00,171.97,171.97,171.87,171.9301,28629
2023-09-29 12:00:00,171.94,171.9599,171.86,171.93,36189
2023-09-29 12:01:00,171.92,171.92,171.8,171.855,41812
2023-09-29 12:02:00,171.86,171.9148,171.82,171.85,21245
2023-09-29 12:03:00,171.85,171.9,171.8,171.84,27882
2023-09-29 12:04:00,171.87,172.035,171.8683,171.99,67151
2023-09-29 12:05:00,171.98,171.99,171.9,171.9798,37421
2023-09-29 12:06:00,171.98,172.0899,171.97,172.01,63426
2023-09-29 12:07:00,172.02,172.07,171.9701,172.035,26404
2023-09-29 12:08:00,172.035,172.05,171.9718,171.99,43097
2023-09-29 12:09:00,171.96,172.0293,171.92,171.95,59799
2023-09-29 12:10:00,171.9651,172.06,171.88,172.0299,34370
2023-09-29 12:11:00,172.03,172.09,171.96,171.98,45623
2023-09-29 12:12:00,171.98,172.02,171.9069,171.91,53743
2023-09-29 12:13:00,171.91,171.926,171.63,171.64,144228
2023-09-29 12:14:00,171.64,171.7,171.57,171.64,52337
2023-09-29 12:15:00,171.63,171.68,171.58,171.61,36274
2023-09-29 12:16:00,171.6,171.6895,171.5301,171.6514,51666
2023-09-29 12:17:00,171.655,171.75,171.64,171.73,43696
2023-09-29 12:18:00,171.72,171.79,171.69,171.79,30440
2023-09-29 12:19:00,171.78,171.85,171.7503,171.8405,44552
2023-09-29 12:20:00,171.84,171.91,171.79,171.91,45242
2023-09-29 12:21:00,171.9001,171.98,171.86,171.97,45778
2023-09-29 12:22:00,171.9699,172.08,171.9699,172.03,45607
2023-09-29 12:23:00,172.04,172.05,171.915,171.94,53296
2023-09-29 12:24:00,171.95,171.99,171.89,171.9,41942
2023-09-29 12:25:00,171.89,172.01,171.88,171.9899,31437
2023-09-29 12:26:00,171.97,172.05,171.92,171.94,34137
2023-09-29 12:27:00,171.95,171.99,171.8415,171.89,28791
2023-09-29 12:28:00,171.89,171.89,171.79,171.8453,28657
2023-09-29 12:29:00,171.83,171.8775,171.76,171.835,34503
2023-09-29 12:30:00,171.84,171.9,171.76,171.88,41927
2023-09-29 12:31:00,171.89,171.92,171.87,171.87,28694
2023-09-29 12:32:00,171.86,171.93,171.795,171.85,23382
2023-09-29 12:33:00,171.84,171.86,171.64,171.66,57518
2023-09-29 12:34:00,171.69,171.795,171.64,171.7876,48091
2023-09-29 12:35:00,171.799,171.83,171.749,171.8,46004
2023-09-29 12:36:00,171.8,171.86,171.79,171.845,18895
2023-09-29 12:37:00,171.8495,171.8501,171.8,171.8455,11507
2023-09-29 12:38:00,171.84,171.87,171.72,171.72,26530
2023-09-29 12:39:00,171.72,171.73,171.62,171.6937,41435
2023-09-29 12:40:00,171.69,171.8,171.64,171.8,26736
2023-09-29 12:41:00,171.7901,171.83,171.7,171.738,50124
2023-09-29 12:42:00,171.73,171.7387,171.54,171.55,55020
2023-09-29 12:43:00,171.5403,171.64,171.54,171.56,50332
2023-09-29 12:44:00,171.5501,171.61,171.53,171.55,29081
2023-09-29 12:45:00,171.57,171.73,171.53,171.63,72893
2023-09-29 12:46:00,171.67,171.8,171.6694,171.74,48067
2023-09-29 12:47:00,171.73,171.73,171.5,171.59,73738
2023-09-29 12:48:00,171.585,171.585,171.36,171.37,72959
2023-09-29 12:49:00,171.36,171.46,171.3599,171.43,53456
2023-09-29 12:50:00,171.45,171.46,171.32,171.36,75191
2023-09-29 12:51:00,171.3785,171.44,171.32,171.4,48778
2023-09-29 12:52:00,171.39,171.4,171.23,171.24,58571
2023-09-29 12:53:00,171.24,171.3516,171.24,171.2911,35253
2023-09-29 12:54:00,171.29,171.3,171.2,171.2,34857
2023-09-29 12:55:00,171.211,171.2999,171.17,171.2057,46379
2023-09-29 12:56:00,171.2,171.3,171.185,171.2878,39228
2023-09-29 12:57:00,171.28,171.31,171.26,171.2668,37950
2023-09-29 12:58:00,171.29,171.31,171.2199,171.25,25325
2023-09-29 12:59:00,171.25,171.34,171.25,171.325,22211
2023-09-29 13:00:00,171.33,171.33,171.18,171.21,44505
2023-09-29 13:01:00,171.22,171.2499,171.07,171.1,60162
2023-09-29 13:02:00,171.109,171.109,170.97,171.0606,101578
2023-09-29 13:03:00,171.06,171.12,170.97,171.0309,44836
2023-09-29 13:04:00,171.0351,171.09,171.03,171.06,36005
2023-09-29 13:05:00,171.0499,171.0784,170.861,170.861,76846
2023-09-29 13:06:00,170.875,170.97,170.83,170.895,74263
2023-09-29 13:07:00,170.905,170.93,170.85,170.88,75893
2023-09-29 13:08:00,170.88,170.95,170.8,170.92,61250
2023-09-29 13:09:00,170.945,171.03,170.9137,170.94,44842
2023-09-29 13:10:00,170.94,171.01,170.92,170.965,63252
2023-09-29 13:11:00,170.965,171.03,170.91,170.96,41985
2023-09-29 13:12:00,170.95,170.95,170.85,170.92,49486
2023-09-29 13:13:00,170.91,170.92,170.8,170.8184,50147
2023-09-29 13:14:00,170.81,170.93,170.78,170.92,64044
2023-09-29 13:15:00,170.91,170.93,170.8,170.82,49855
2023-09-29 13:16:00,170.8185,170.93,170.79,170.89,30840
2023-09-29 13:17:00,170.88,170.94,170.85,170.8882,40985
2023-09-29 13:18:00,170.87,170.87,170.73,170.77,67173
2023-09-29 13:19:00,170.78,170.92,170.78,170.9,48522
2023-09-29 13:20:00,170.89,171.03,170.87,171.03,77364
2023-09-29 13:21:00,171.0299,171.04,170.94,171.0276,75617
2023-09-29 13:22:00,171.03,171.12,170.98,170.99,83264
2023-09-29 13:23:00,171.02,171.0295,170.921,170.98,52966
2023-09-29 13:24:00,170.97,171.0,170.94,170.9573,28039
2023-09-29 13:25:00,170.96,171.08,170.95,170.99,62217
2023-09-29 13:26:00,170.985,171.21,170.972,171.1999,63956
2023-09-29 13:27:00,171.19,171.2399,171.149,171.2273,53008
2023-09-29 13:28:00,171.24,171.25,171.12,171.19,35342
2023-09-29 13:29:00,171.195,171.24,171.17,171.23,24854
2023-09-29 13:30:00,171.23,171.25,171.17,171.2201,50034
2023-09-29 13:31:00,171.22,171.3,171.19,171.28,45386
2023-09-29 13:32:00,171.28,171.29,171.2,171.2232,38375
2023-09-29 13:33:00,171.22,171.2527,171.11,171.12,49792
2023-09-29 13:34:00,171.11,171.19,171.1001,171.15,69292
2023-09-29 13:35:00,171.17,171.21,171.13,171.2,45790
2023-09-29 13:36:00,171.2,171.21,171.051,171.07,34701
2023-09-29 13:37:00,171.06,171.14,171.021,171.12,53410
2023-09-29 13:38:00,171.12,171.215,171.115,171.16,92852
2023-09-29 13:39:00,171.155,171.23,171.1349,171.1643,46745
2023-09-29 13:40:00,171.16,171.18,171.07,171.07,28136
2023-09-29 13:41:00,171.09,171.24,171.09,171.14,36049
2023-09-29 13:42:00,171.1401,171.24,171.1294,171.24,27001
2023-09-29 13:43:00,171.24,171.28,171.21,171.24,48664
2023-09-29 13:44:00,171.24,171.27,171.13,171.15,31797
2023-09-29 13:45:00,171.14,171.19,171.02,171.029,43131
2023-09-29 13:46:00,171.04,171.11,170.99,171.106,53700
2023-09-29 13:47:00,171.0974,171.12,171.01,171.02,34465
2023-09-29 13:48:00,171.01,171.01,170.88,170.9499,65517
2023-09-29 13:49:00,170.9502,170.96,170.8,170.8626,58389
2023-09-29 13:50:00,170.86,170.91,170.8,170.8701,37916
2023-09-29 13:51:00,170.87,170.93,170.85,170.8662,31100
2023-09-29 13:52:00,170.87,170.9091,170.81,170.83,36094
2023-09-29 13:53:00,170.8312,171.0,170.82,171.0,39993
2023-09-29 13:54:00,171.01,171.0698,170.86,170.8712,50650
2023-09-29 13:55:00,170.8801,170.965,170.88,170.9321,44010
2023-09-29 13:56:00,170.94,171.04,170.93,170.945,31616
2023-09-29 13:57:00,170.95,170.9589,170.8,170.8,45781
2023-09-29 13:58:00,170.802,170.82,170.64,170.67,74731
2023-09-29 13:59:00,170.66,170.71,170.62,170.63,53433
2023-09-29 14:00:00,170.62,170.7099,170.54,170.63,48841
2023-09-29 14:01:00,170.64,170.66,170.58,170.59,57392
2023-09-29 14:02:00,170.59,170.59,170.41,170.42,112979
2023-09-29 14:03:00,170.4258,170.62,170.38,170.56,150019
2023-09-29 14:04:00,170.56,170.64,170.55,170.63,73763
2023-09-29 14:05:00,170.625,170.71,170.55,170.56,82510
2023-09-29 14:06:00,170.55,170.62,170.5,170.54,84917
2023-09-29 14:07:00,170.53,170.58,170.465,170.56,68092
2023-09-29 14:08:00,170.55,170.58,170.495,170.54,61552
2023-09-29 14:09:00,170.5599,170.58,170.49,170.58,68665
2023-09-29 14:10:00,170.59,170.6537,170.53,170.62,94876
2023-09-29 14:11:00,170.6115,170.69,170.61,170.63,44815
2023-09-29 14:12:00,170.63,170.69,170.58,170.5998,54848
2023-09-29 14:13:00,170.59,170.695,170.59,170.66,30183
2023-09-29 14:14:00,170.6465,170.72,170.61,170.63,47389
2023-09-29 14:15:00,170.62,170.7,170.6,170.63,39169
2023-09-29 14:16:00,170.63,170.72,170.62,170.66,53065
2023-09-29 14:17:00,170.65,170.67,170.42,170.4399,68065
2023-09-29 14:18:00,170.44,170.55,170.44,170.5,46455
2023-09-29 14:19:00,170.5,170.59,170.481,170.52,26153
2023-09-29 14:20:00,170.525,170.67,170.52,170.67,40571
2023-09-29 14:21:00,170.6699,170.68,170.59,170.615,40349
2023-09-29 14:22:00,170.615,170.68,170.53,170.64,50054
2023-09-29 14:23:00,170.6401,170.775,170.56,170.75,55709
2023-09-29 14:24:00,170.75,170.87,170.7131,170.8429,91073
2023-09-29 14:25:00,170.855,171.0,170.845,170.9614,98909
2023-09-29 14:26:00,170.97,171.0,170.885,170.93,43326
2023-09-29 14:27:00,170.93,170.9602,170.85,170.87,58311
2023-09-29 14:28:00,170.88,170.91,170.69,170.7202,79041
2023-09-29 14:29:00,170.725,170.729,170.46,170.54,99882
2023-09-29 14:30:00,170.545,170.6,170.49,170.535,93843
2023-09-29 14:31:00,170.52,170.58,170.52,170.5401,50217
2023-09-29 14:32:00,170.55,170.55,170.4,170.4233,75871
2023-09-29 14:33:00,170.43,170.52,170.341,170.495,83687
2023-09-29 14:34:00,170.51,170.68,170.48,170.61,62274
2023-09-29 14:35:00,170.61,170.69,170.5701,170.67,71055
2023-09-29 14:36:00,170.67,170.68,170.55,170.58,50025
2023-09-29 14:37:00,170.58,170.595,170.54,170.56,37435
2023-09-29 14:38:00,170.56,170.58,170.49,170.49,81140
2023-09-29 14:39:00,170.49,170.6,170.43,170.495,78300
2023-09-29 14:40:00,170.5,170.66,170.485,170.66,80425
2023-09-29 14:41:00,170.66,170.77,170.64,170.6873,73589
2023-09-29 14:42:00,170.67,170.77,170.63,170.73,91155
2023-09-29 14:43:00,170.73,170.94,170.7,170.94,91573
2023-09-29 14:44:00,170.96,170.99,170.86,170.89,78644
2023-09-29 14:45:00,170.891,170.96,170.84,170.925,73512
2023-09-29 14:46:00,170.925,170.98,170.85,170.97,47056
2023-09-29 14:47:00,170.97,170.98,170.89,170.925,63610
2023-09-29 14:48:00,170.93,170.96,170.83,170.895,54843
2023-09-29 14:49:00,170.9,170.96,170.9,170.9,49276
2023-09-29 14:50:00,170.9,171.0,170.85,170.86,55649
2023-09-29 14:51:00,170.86,170.9099,170.84,170.855,53142
2023-09-29 14:52:00,170.855,170.9,170.8318,170.84,31921
2023-09-29 14:53:00,170.83,170.92,170.8,170.8899,35885
2023-09-29 14:54:00,170.89,171.04,170.88,171.0387,76568
2023-09-29 14:55:00,171.0364,171.27,171.01,171.25,160214
2023-09-29 14:56:00,171.25,171.31,171.2,171.26,76641
2023-09-29 14:57:00,171.27,171.46,171.24,171.4588,189703
2023-09-29 14:58:00,171.45,171.51,171.41,171.4617,149228
2023-09-29 14:59:00,171.47,171.565,171.42,171.5401,127846
2023-09-29 15:00:00,171.55,171.64,171.53,171.5554,104265
2023-09-29 15:01:00,171.5501,171.71,171.5501,171.6533,92214
2023-09-29 15:02:00,171.6699,171.7099,171.57,171.67,87817
2023-09-29 15:03:00,171.66,171.66,171.24,171.2599,133156
2023-09-29 15:04:00,171.26,171.3,171.15,171.25,100347
2023-09-29 15:05:00,171.27,171.4,171.2405,171.32,97514
2023-09-29 15:06:00,171.3388,171.44,171.3,171.375,74644
2023-09-29 15:07:00,171.385,171.41,171.2907,171.33,51788
2023-09-29 15:08:00,171.34,171.49,171.34,171.38,62696
2023-09-29 15:09:00,171.37,171.39,171.21,171.269,51652
2023-09-29 15:10:00,171.265,171.27,171.16,171.2386,60915
2023-09-29 15:11:00,171.235,171.31,171.15,171.31,51547
2023-09-29 15:12:00,171.32,171.36,171.27,171.35,54412
2023-09-29 15:13:00,171.35,171.55,171.34,171.47,100819
2023-09-29 15:14:00,171.46,171.46,171.23,171.2999,96626
2023-09-29 15:15:00,171.29,171.42,171.29,171.3707,34286
2023-09-29 15:16:00,171.38,171.385,171.25,171.289,47612
2023-09-29 15:17:00,171.29,171.36,171.23,171.25,45913
2023-09-29 15:18:00,171.245,171.4999,171.24,171.46,71143
2023-09-29 15:19:00,171.47,171.49,171.36,171.4,54747
2023-09-29 15:20:00,171.405,171.425,171.32,171.34,74999
2023-09-29 15:21:00,171.34,171.405,171.25,171.28,70957
2023-09-29 15:22:00,171.28,171.3252,171.2,171.2899,68842
2023-09-29 15:23:00,171.29,171.34,171.18,171.2766,74177
2023-09-29 15:24:00,171.26,171.3,171.17,171.195,67553
2023-09-29 15:25:00,171.21,171.23,171.15,171.19,48341
2023-09-29 15:26:00,171.19,171.21,171.05,171.09,99918
2023-09-29 15:27:00,171.08,171.2,171.04,171.12,84142
2023-09-29 15:28:00,171.12,171.35,171.12,171.325,126881
2023-09-29 15:29:00,171.32,171.34,171.25,171.2899,38525
2023-09-29 15:30:00,171.28,171.315,171.16,171.2,87238
2023-09-29 15:31:00,171.21,171.27,171.1301,171.18,87458
2023-09-29 15:32:00,171.18,171.38,171.16,171.26,125464
2023-09-29 15:33:00,171.25,171.27,171.12,171.17,58542
2023-09-29 15:34:00,171.18,171.205,171.12,171.15,51321
2023-09-29 15:35:00,171.16,171.26,171.1,171.2442,71158
2023-09-29 15:36:00,171.25,171.31,171.2,171.22,73659
2023-09-29 15:37:00,171.23,171.4,171.22,171.35,50988
2023-09-29 15:38:00,171.35,171.38,171.24,171.28,126526
2023-09-29 15:39:00,171.26,171.42,171.2,171.36,127040
2023-09-29 15:40:00,171.35,171.37,171.3,171.365,72602
2023-09-29 15:41:00,171.36,171.37,171.16,171.175,90897
2023-09-29 15:42:00,171.17,171.27,171.109,171.16,96788
2023-09-29 15:43:00,171.155,171.19,170.97,171.1099,120127
2023-09-29 15:44:00,171.1,171.155,170.971,170.98,84998
2023-09-29 15:45:00,170.98,171.1,170.94,171.1,105532
2023-09-29 15:46:00,171.105,171.305,171.05,171.3,91595
2023-09-29 15:47:00,171.295,171.43,171.29,171.405,105525
2023-09-29 15:48:00,171.4,171.45,171.27,171.345,110728
2023-09-29 15:49:00,171.35,171.49,171.33,171.465,94329
2023-09-29 15:50:00,171.48,171.79,171.4,171.765,236838
2023-09-29 15:51:00,171.79,171.87,171.61,171.78,214244
2023-09-29 15:52:00,171.795,171.92,171.755,171.89,172459
2023-09-29 15:53:00,171.88,171.9,171.54,171.57,232332
2023-09-29 15:54:00,171.56,171.7,171.2,171.48,365331
2023-09-29 15:55:00,171.48,171.48,170.855,170.9689,353331
2023-09-29 15:56:00,170.96,170.99,170.76,170.97,362510
2023-09-29 15:57:00,170.962,171.25,170.962,171.23,395283
2023-09-29 15:58:00,171.23,171.26,171.14,171.19,334892
2023-09-29 15:59:00,171.19,171.37,171.08,171.22,948238
