Datetime,Open,High,Low,Close,Volume
2023-09-20 09:30:00,329.51,329.59,328.43,328.5776,310477
2023-09-20 09:31:00,328.44,328.7,328.16,328.23,88123
2023-09-20 09:32:00,328.23,328.76,328.17,328.34,80720
2023-09-20 09:33:00,328.39,328.5095,327.9,328.35,50400
2023-09-20 09:34:00,328.3251,328.5,328.03,328.19,20021
2023-09-20 09:35:00,328.22,328.85,328.2,328.82,55813
2023-09-20 09:36:00,328.78,329.13,328.47,328.54,47999
2023-09-20 09:37:00,328.51,329.0,328.37,328.9,32192
2023-09-20 09:38:00,328.91,329.26,328.79,328.8659,52802
2023-09-20 09:39:00,328.86,328.95,328.74,328.905,40455
2023-09-20 09:40:00,328.9,329.3086,328.87,329.135,61879
2023-09-20 09:41:00,329.18,329.39,329.01,329.235,52922
2023-09-20 09:42:00,329.21,329.255,329.0,329.13,42086
2023-09-20 09:43:00,329.1116,329.21,328.94,329.2,19964
2023-09-20 09:44:00,329.195,329.28,329.11,329.13,37133
2023-09-20 09:45:00,329.05,329.33,329.05,329.16,32292
2023-09-20 09:46:00,329.2,329.31,329.1,329.24,52144
2023-09-20 09:47:00,329.26,329.36,329.16,329.2785,47614
2023-09-20 09:48:00,329.29,329.3297,328.77,328.92,97132
2023-09-20 09:49:00,328.87,328.95,328.75,328.88,24970
2023-09-20 09:50:00,328.9,329.02,328.59,328.62,24978
2023-09-20 09:51:00,328.645,329.03,328.63,328.95,16084
2023-09-20 09:52:00,328.93,328.93,328.63,328.64,13197
2023-09-20 09:53:00,328.68,329.06,328.68,328.99,12047
2023-09-20 09:54:00,329.02,329.15,328.93,329.06,23454
2023-09-20 09:55:00,329.06,329.15,328.97,329.05,14338
2023-09-20 09:56:00,329.04,329.2,328.96,329.17,78754
2023-09-20 09:57:00,329.13,329.165,328.71,328.745,41408
2023-09-20 09:58:00,328.755,328.86,328.53,328.78,15655
2023-09-20 09:59:00,328.78,329.03,328.78,328.9,20548
2023-09-20 10:00:00,328.9,328.97,328.52,328.71,40284
2023-09-20 10:01:00,328.72,329.15,328.68,329.08,43716
2023-09-20 10:02:00,329.08,329.15,328.79,328.8499,40746
2023-09-20 10:03:00,328.82,328.885,328.59,328.59,45844
2023-09-20 10:04:00,328.59,328.6834,328.46,328.46,38496
2023-09-20 10:05:00,328.48,328.69,328.31,328.45,45669
2023-09-20 10:06:00,328.45,328.66,328.44,328.5,18869
2023-09-20 10:07:00,328.4987,328.6609,328.45,328.56,25508
2023-09-20 10:08:00,328.47,328.95,328.47,328.95,28976
2023-09-20 10:09:00,328.96,329.16,328.935,329.02,43605
2023-09-20 10:10:00,329.04,329.08,328.99,328.99,8253
2023-09-20 10:11:00,328.97,329.06,328.6347,328.65,12942
2023-09-20 10:12:00,328.65,328.76,328.44,328.4837,12891
2023-09-20 10:13:00,328.5002,328.55,328.1561,328.235,13226
2023-09-20 10:14:00,328.2,328.2,327.865,327.9966,40406
2023-09-20 10:15:00,327.98,328.1137,327.91,328.01,19537
2023-09-20 10:16:00,328.0,328.02,327.7234,327.74,13482
2023-09-20 10:17:00,327.74,327.85,327.7,327.725,25946
2023-09-20 10:18:00,327.72,328.1199,327.72,327.86,32106
2023-09-20 10:19:00,327.82,327.87,327.71,327.81,13951
2023-09-20 10:20:00,327.79,327.8694,327.73,327.74,15156
2023-09-20 10:21:00,327.7466,327.76,327.524,327.61,27137
2023-09-20 10:22:00,327.58,327.65,327.41,327.63,17176
2023-09-20 10:23:00,327.65,327.7299,327.535,327.6,26873
2023-09-20 10:24:00,327.58,327.76,327.58,327.63,22218
2023-09-20 10:25:00,327.6301,327.72,327.61,327.7,18738
2023-09-20 10:26:00,327.715,327.715,327.545,327.545,11465
2023-09-20 10:27:00,327.53,327.55,327.39,327.4615,28410
2023-09-20 10:28:00,327.5,327.74,327.47,327.64,17779
2023-09-20 10:29:00,327.67,327.755,327.62,327.6793,26418
2023-09-20 10:30:00,327.64,327.69,327.48,327.54,13427
2023-09-20 10:31:00,327.55,327.67,327.49,327.55,18500
2023-09-20 10:32:00,327.5586,327.5586,327.34,327.37,15554
2023-09-20 10:33:00,327.39,327.54,327.3124,327.45,18730
2023-09-20 10:34:00,327.45,327.73,327.45,327.715,23605
2023-09-20 10:35:00,327.7,327.7,327.5957,327.61,15473
2023-09-20 10:36:00,327.63,327.7099,327.6,327.69,20794
2023-09-20 10:37:00,327.68,327.76,327.61,327.65,22591
2023-09-20 10:38:00,327.64,327.69,327.38,327.38,36564
2023-09-20 10:39:00,327.37,327.68,327.37,327.68,9013
2023-09-20 10:40:00,327.69,327.91,327.58,327.82,37864
2023-09-20 10:41:00,327.83,327.9584,327.67,327.87,18190
2023-09-20 10:42:00,327.841,328.09,327.841,327.99,16569
2023-09-20 10:43:00,327.98,327.9895,327.89,327.9148,10095
2023-09-20 10:44:00,327.905,328.15,327.8001,328.15,29434
2023-09-20 10:45:00,328.11,328.38,328.07,328.28,32552
2023-09-20 10:46:00,328.25,328.25,327.95,327.99,17999
2023-09-20 10:47:00,327.95,328.12,327.91,328.09,30570
2023-09-20 10:48:00,328.08,328.22,328.03,328.16,14402
2023-09-20 10:49:00,328.125,328.125,327.7,327.7,33936
2023-09-20 10:50:00,327.71,327.94,327.66,327.87,20066
2023-09-20 10:51:00,327.855,327.87,327.555,327.555,53221
2023-09-20 10:52:00,327.57,327.9395,327.57,327.78,21590
2023-09-20 10:53:00,327.77,327.84,327.6679,327.68,13232
2023-09-20 10:54:00,327.65,327.85,327.62,327.79,10082
2023-09-20 10:55:00,327.77,327.85,327.71,327.82,23755
2023-09-20 10:56:00,327.83,327.985,327.83,327.895,15604
2023-09-20 10:57:00,327.9,327.9034,327.72,327.74,16027
2023-09-20 10:58:00,327.71,327.71,327.2,327.35,32620
2023-09-20 10:59:00,327.34,327.38,327.26,327.28,16169
2023-09-20 11:00:00,327.28,327.36,327.12,327.13,22771
2023-09-20 11:01:00,327.1,327.31,327.071,327.3,11647
2023-09-20 11:02:00,327.29,327.29,326.9611,327.0,22732
2023-09-20 11:03:00,327.02,327.17,327.0,327.0,12500
2023-09-20 11:04:00,326.98,326.995,326.71,326.8553,16943
2023-09-20 11:05:00,326.86,326.91,326.72,326.73,28045
2023-09-20 11:06:00,326.705,326.895,326.6702,326.895,39382
2023-09-20 11:07:00,326.905,327.1435,326.78,327.087,29622
2023-09-20 11:08:00,327.1,327.11,326.925,327.02,45454
2023-09-20 11:09:00,327.0,327.1,326.91,327.03,8057
2023-09-20 11:10:00,326.99,327.1824,326.915,327.17,21779
2023-09-20 11:11:00,327.169,327.17,326.79,326.86,11017
2023-09-20 11:12:00,326.84,326.84,326.7147,326.835,11915
2023-09-20 11:13:00,326.875,326.9,326.76,326.8,10585
2023-09-20 11:14:00,326.76,326.8396,326.69,326.75,14565
2023-09-20 11:15:00,326.74,326.8299,326.7,326.79,13878
2023-09-20 11:16:00,326.7825,326.7999,326.6,326.64,14215
2023-09-20 11:17:00,326.635,326.657,326.52,326.5541,25337
2023-09-20 11:18:00,326.55,326.687,326.539,326.66,17454
2023-09-20 11:19:00,326.67,326.67,326.47,326.47,17226
2023-09-20 11:20:00,326.4787,326.62,326.3901,326.44,32882
2023-09-20 11:21:00,326.395,326.49,326.29,326.3757,17979
2023-09-20 11:22:00,326.3799,326.57,326.37,326.46,11658
2023-09-20 11:23:00,326.45,326.4749,326.2718,326.3414,15855
2023-09-20 11:24:00,326.35,326.57,326.34,326.48,10537
2023-09-20 11:25:00,326.48,326.5,326.4,326.43,8969
2023-09-20 11:26:00,326.44,326.5,326.32,326.38,20244
2023-09-20 11:27:00,326.4,326.5529,326.37,326.51,14942
2023-09-20 11:28:00,326.5199,326.58,326.45,326.5088,7830
2023-09-20 11:29:00,326.52,326.57,326.52,326.535,9056
2023-09-20 11:30:00,326.4808,326.639,326.41,326.515,11799
2023-09-20 11:31:00,326.5,326.54,326.36,326.43,11880
2023-09-20 11:32:00,326.447,326.68,326.4188,326.62,11795
2023-09-20 11:33:00,326.6081,326.65,326.515,326.65,18602
2023-09-20 11:34:00,326.65,326.65,326.4501,326.47,14951
2023-09-20 11:35:00,326.49,326.76,326.41,326.71,14198
2023-09-20 11:36:00,326.71,326.75,326.5735,326.635,18910
2023-09-20 11:37:00,326.65,326.65,326.52,326.5625,19570
2023-09-20 11:38:00,326.54,326.54,326.29,326.295,23264
2023-09-20 11:39:00,326.305,326.38,326.2218,326.2218,28737
2023-09-20 11:40:00,326.2398,326.3,325.03,326.08,40719
2023-09-20 11:41:00,326.07,326.1,325.91,325.97,22970
2023-09-20 11:42:00,325.94,326.04,325.835,326.0201,17066
2023-09-20 11:43:00,326.025,326.05,325.95,326.0099,10691
2023-09-20 11:44:00,326.02,326.09,325.975,325.9768,14050
2023-09-20 11:45:00,325.98,326.27,325.92,326.27,19299
2023-09-20 11:46:00,326.26,326.3938,326.14,326.37,17857
2023-09-20 11:47:00,326.36,326.4494,326.33,326.42,13057
2023-09-20 11:48:00,326.42,326.5599,326.35,326.49,12761
2023-09-20 11:49:00,326.485,326.51,326.397,326.505,15077
2023-09-20 11:50:00,326.495,326.5599,326.4083,326.4083,12348
2023-09-20 11:51:00,326.4,326.6,326.4,326.6,11511
2023-09-20 11:52:00,326.62,326.7,326.55,326.68,12049
2023-09-20 11:53:00,326.66,326.91,326.655,326.8912,20085
2023-09-20 11:54:00,326.9017,326.9741,326.8401,326.965,21310
2023-09-20 11:55:00,326.95,326.98,326.85,326.86,20680
2023-09-20 11:56:00,326.87,326.99,326.85,326.95,25342
2023-09-20 11:57:00,326.97,327.08,326.92,326.93,16354
2023-09-20 11:58:00,326.92,327.04,326.85,327.03,23346
2023-09-20 11:59:00,327.04,327.22,327.02,327.2,23024
2023-09-20 12:00:00,327.19,327.2282,327.0,327.05,31013
2023-09-20 12:01:00,327.03,327.03,326.85,326.935,27546
2023-09-20 12:02:00,326.91,327.12,326.9,327.02,18732
2023-09-20 12:03:00,327.0103,327.075,326.94,327.01,9191
2023-09-20 12:04:00,327.02,327.0999,326.99,327.04,8224
2023-09-20 12:05:00,326.94,326.9647,326.85,326.8696,10727
2023-09-20 12:06:00,326.88,326.97,326.87,326.9301,7054
2023-09-20 12:07:00,326.93,327.035,326.85,326.91,18535
2023-09-20 12:08:00,326.94,326.975,326.89,326.93,7960
2023-09-20 12:09:00,326.9456,327.06,326.8617,326.8799,10114
2023-09-20 12:10:00,326.88,326.9624,326.85,326.88,7617
2023-09-20 12:11:00,326.895,326.9666,326.88,326.9532,4475
2023-09-20 12:12:00,326.96,327.025,326.85,327.0199,13237
2023-09-20 12:13:00,327.007,327.08,326.99,327.02,6930
2023-09-20 12:14:00,327.02,327.04,326.8771,326.9083,9897
2023-09-20 12:15:00,326.8885,326.94,326.78,326.7899,10452
2023-09-20 12:16:00,326.75,326.84,326.594,326.594,8704
2023-09-20 12:17:00,326.59,326.61,326.45,326.49,14386
2023-09-20 12:18:00,326.49,326.49,326.27,326.38,16009
2023-09-20 12:19:00,326.32,326.36,326.2587,326.3596,23206
2023-09-20 12:20:00,326.3,326.59,326.28,326.59,25788
2023-09-20 12:21:00,326.6,326.6087,326.43,326.48,20273
2023-09-20 12:22:00,326.48,326.49,326.39,326.4199,12116
2023-09-20 12:23:00,326.36,326.36,326.2702,326.31,14219
2023-09-20 12:24:00,326.32,326.35,326.3,326.31,6106
2023-09-20 12:25:00,326.32,326.34,326.22,326.26,12801
2023-09-20 12:26:00,326.23,326.36,326.2201,326.3225,9505
2023-09-20 12:27:00,326.36,326.57,326.36,326.57,13119
2023-09-20 12:28:00,326.5898,326.68,326.515,326.63,46699
2023-09-20 12:29:00,326.62,326.73,326.62,326.7216,25480
2023-09-20 12:30:00,326.7278,326.785,326.7,326.72,15913
2023-09-20 12:31:00,326.71,326.81,326.7,326.7436,25370
2023-09-20 12:32:00,326.72,326.79,326.71,326.7509,20542
2023-09-20 12:33:00,326.76,326.79,326.73,326.78,10609
2023-09-20 12:34:00,326.77,326.88,326.77,326.87,6079
2023-09-20 12:35:00,326.83,326.83,326.74,326.74,11005
2023-09-20 12:36:00,326.76,326.77,326.71,326.7398,5360
2023-09-20 12:37:00,326.7222,326.85,326.71,326.71,13990
2023-09-20 12:38:00,326.74,326.905,326.72,326.85,21554
2023-09-20 12:39:00,326.85,326.985,326.83,326.87,22459
2023-09-20 12:40:00,326.865,326.93,326.76,326.79,14029
2023-09-20 12:41:00,326.78,326.78,326.52,326.5399,12989
2023-09-20 12:42:00,326.54,326.6271,326.5,326.5885,12328
2023-09-20 12:43:00,326.57,326.59,326.475,326.545,13299
2023-09-20 12:44:00,326.56,326.5636,326.44,326.5,8261
2023-09-20 12:45:00,326.51,326.51,326.43,326.4992,9259
2023-09-20 12:46:00,326.49,326.61,326.48,326.51,6439
2023-09-20 12:47:00,326.5,326.6,326.47,326.6,5177
2023-09-20 12:48:00,326.64,326.67,326.3622,326.3622,6716
2023-09-20 12:49:00,326.365,326.56,326.36,326.51,11604
2023-09-20 12:50:00,326.5,326.57,326.445,326.53,8512
2023-09-20 12:51:00,326.52,326.54,326.43,326.4874,6218
2023-09-20 12:52:00,326.5461,326.6,326.5365,326.57,8601
2023-09-20 12:53:00,326.55,326.75,326.55,326.75,15515
2023-09-20 12:54:00,326.72,326.75,326.6,326.6,11843
2023-09-20 12:55:00,326.57,326.6,326.48,326.58,11671
2023-09-20 12:56:00,326.585,326.62,326.52,326.55,8485
2023-09-20 12:57:00,326.56,326.66,326.54,326.59,11662
2023-09-20 12:58:00,326.58,326.63,326.56,326.63,17746
2023-09-20 12:59:00,326.64,326.76,326.6267,326.65,14821
2023-09-20 13:00:00,326.65,326.65,326.45,326.45,20477
2023-09-20 13:01:00,326.4347,326.6022,326.425,326.55,8235
2023-09-20 13:02:00,326.5293,326.58,326.42,326.467,9314
2023-09-20 13:03:00,326.4685,326.47,326.36,326.41,9649
2023-09-20 13:04:00,326.4101,326.42,326.31,326.31,10696
2023-09-20 13:05:00,326.3,326.34,326.12,326.12,12076
2023-09-20 13:06:00,326.1296,326.2599,326.0806,326.1908,22164
2023-09-20 13:07:00,326.17,326.39,326.11,326.31,11456
2023-09-20 13:08:00,326.28,326.395,326.28,326.3547,6837
2023-09-20 13:09:00,326.368,326.45,326.265,326.265,10474
2023-09-20 13:10:00,326.27,326.31,326.17,326.31,5843
2023-09-20 13:11:00,326.28,326.29,326.1763,326.22,10440
2023-09-20 13:12:00,326.2208,326.2208,325.99,325.99,31499
2023-09-20 13:13:00,325.9709,326.11,325.97,326.1,14510
2023-09-20 13:14:00,326.07,326.15,326.07,326.11,6573
2023-09-20 13:15:00,326.1,326.13,325.93,325.94,10853
2023-09-20 13:16:00,325.945,325.9792,325.92,325.95,10987
2023-09-20 13:17:00,325.96,326.01,325.92,325.9599,9593
2023-09-20 13:18:00,325.93,326.09,325.925,326.09,14905
2023-09-20 13:19:00,326.1,326.225,326.09,326.15,16815
2023-09-20 13:20:00,326.1313,326.24,326.12,326.1348,10710
2023-09-20 13:21:00,326.12,326.32,326.12,326.14,18155
2023-09-20 13:22:00,326.125,326.1815,326.0547,326.18,13550
2023-09-20 13:23:00,326.17,326.17,326.04,326.08,2716
2023-09-20 13:24:00,326.05,326.08,325.97,326.02,3894
2023-09-20 13:25:00,326.0299,326.055,325.975,326.055,12609
2023-09-20 13:26:00,326.06,326.06,325.99,326.01,4151
2023-09-20 13:27:00,325.995,326.04,325.95,326.04,4057
2023-09-20 13:28:00,326.02,326.08,325.995,326.02,3874
2023-09-20 13:29:00,326.0322,326.09,325.9998,326.06,4669
2023-09-20 13:30:00,326.08,326.08,326.0,326.03,4788
2023-09-20 13:31:00,326.02,326.12,326.0,326.11,8173
2023-09-20 13:32:00,326.1,326.15,326.09,326.15,7331
2023-09-20 13:33:00,326.16,326.24,326.14,326.24,4737
2023-09-20 13:34:00,326.21,326.21,325.955,325.9841,18848
2023-09-20 13:35:00,325.9657,326.03,325.93,325.93,6106
2023-09-20 13:36:00,325.93,325.94,325.81,325.83,11010
2023-09-20 13:37:00,325.85,325.905,325.7399,325.76,7182
2023-09-20 13:38:00,325.75,325.78,325.65,325.65,13200
2023-09-20 13:39:00,325.63,325.73,325.59,325.63,13191
2023-09-20 13:40:00,325.57,325.84,325.535,325.77,58201
2023-09-20 13:41:00,325.77,325.8,325.64,325.71,49260
2023-09-20 13:42:00,325.72,325.8463,325.72,325.8463,10507
2023-09-20 13:43:00,325.845,325.94,325.845,325.92,8404
2023-09-20 13:44:00,325.93,325.97,325.9,325.97,10016
2023-09-20 13:45:00,325.9672,325.9799,325.78,325.78,10902
2023-09-20 13:46:00,325.78,325.82,325.71,325.71,8724
2023-09-20 13:47:00,325.67,325.7101,325.6,325.64,15027
2023-09-20 13:48:00,325.68,325.71,325.5828,325.71,30801
2023-09-20 13:49:00,325.71,325.71,325.63,325.63,5497
2023-09-20 13:50:00,325.61,325.64,325.58,325.6,7509
2023-09-20 13:51:00,325.61,325.73,325.61,325.72,13548
2023-09-20 13:52:00,325.72,325.88,325.72,325.8588,9123
2023-09-20 13:53:00,325.85,325.9202,325.85,325.87,5216
2023-09-20 13:54:00,325.89,325.95,325.85,325.9448,3532
2023-09-20 13:55:00,325.93,326.01,325.93,325.98,10147
2023-09-20 13:56:00,325.995,326.06,325.89,325.89,12126
2023-09-20 13:57:00,325.89,325.94,325.85,325.91,5299
2023-09-20 13:58:00,325.88,325.92,325.84,325.84,5863
2023-09-20 13:59:00,325.8,325.805,325.72,325.76,7781
2023-09-20 14:00:00,325.63,325.73,324.38,324.65,136576
2023-09-20 14:01:00,324.59,324.89,323.9765,324.45,113505
2023-09-20 14:02:00,324.38,324.6399,324.05,324.609,34126
2023-09-20 14:03:00,324.61,324.61,324.0,324.13,44766
2023-09-20 14:04:00,324.1,324.45,323.89,324.41,42424
2023-09-20 14:05:00,324.415,324.415,324.0,324.24,65054
2023-09-20 14:06:00,324.21,325.09,324.055,324.96,95724
2023-09-20 14:07:00,324.9975,324.9975,324.38,324.91,26676
2023-09-20 14:08:00,324.89,324.93,324.5,324.73,35949
2023-09-20 14:09:00,324.72,324.74,324.43,324.63,31572
2023-09-20 14:10:00,324.52,324.52,324.265,324.45,27470
2023-09-20 14:11:00,324.44,324.87,324.39,324.59,32391
2023-09-20 14:12:00,324.57,324.71,324.45,324.68,26113
2023-09-20 14:13:00,324.65,325.09,324.57,324.94,23912
2023-09-20 14:14:00,324.94,325.07,324.7,324.72,39423
2023-09-20 14:15:00,324.7,324.9,324.5,324.7368,44904
2023-09-20 14:16:00,324.725,324.99,324.67,324.98,15672
2023-09-20 14:17:00,324.97,325.31,324.9,325.1,25237
2023-09-20 14:18:00,325.08,325.09,324.72,324.84,24224
2023-09-20 14:19:00,324.83,325.08,324.77,325.03,14452
2023-09-20 14:20:00,324.97,325.16,324.95,325.02,17490
2023-09-20 14:21:00,325.01,325.01,324.84,324.92,16639
2023-09-20 14:22:00,324.93,325.1941,324.79,325.14,12595
2023-09-20 14:23:00,325.06,325.13,324.975,325.11,12813
2023-09-20 14:24:00,325.09,325.68,325.09,325.61,30010
2023-09-20 14:25:00,325.63,325.88,325.51,325.88,23576
2023-09-20 14:26:00,325.84,325.9,325.53,325.64,15126
2023-09-20 14:27:00,325.64,325.8239,325.55,325.57,20651
2023-09-20 14:28:00,325.64,325.6634,325.48,325.6634,12397
2023-09-20 14:29:00,325.63,325.63,325.26,325.26,14474
2023-09-20 14:30:00,325.2501,325.255,324.87,325.0832,33876
2023-09-20 14:31:00,325.01,326.6271,325.01,326.3,51523
2023-09-20 14:32:00,326.32,326.59,326.03,326.44,33472
2023-09-20 14:33:00,326.4605,326.6,326.07,326.14,30073
2023-09-20 14:34:00,326.07,326.13,325.4019,325.48,75422
2023-09-20 14:35:00,325.49,326.11,325.42,325.8214,55979
2023-09-20 14:36:00,325.7101,325.9,325.5,325.55,44835
2023-09-20 14:37:00,325.53,326.33,325.48,325.7,30433
2023-09-20 14:38:00,325.745,325.76,325.49,325.73,20512
2023-09-20 14:39:00,325.6,325.9,325.51,325.71,19238
2023-09-20 14:40:00,325.73,325.73,325.23,325.38,24792
2023-09-20 14:41:00,325.37,325.43,324.85,325.31,22223
2023-09-20 14:42:00,325.37,325.57,325.23,325.3,16613
2023-09-20 14:43:00,325.3399,325.72,325.16,325.63,17830
2023-09-20 14:44:00,325.65,325.8,325.29,325.29,14404
2023-09-20 14:45:00,325.3,325.4,324.985,324.985,37030
2023-09-20 14:46:00,325.0353,325.4,324.91,324.9163,27764
2023-09-20 14:47:00,324.91,325.28,324.27,324.3,51602
2023-09-20 14:48:00,324.26,324.86,324.2,324.46,34300
2023-09-20 14:49:00,324.4,324.505,324.21,324.39,35133
2023-09-20 14:50:00,324.43,324.4399,323.96,324.04,54247
2023-09-20 14:51:00,324.03,324.43,323.94,324.32,32132
2023-09-20 14:52:00,324.32,324.73,324.27,324.52,24532
2023-09-20 14:53:00,324.62,324.68,324.09,324.14,27423
2023-09-20 14:54:00,324.11,324.262,323.88,324.13,27762
2023-09-20 14:55:00,324.05,324.61,323.75,324.5763,45560
2023-09-20 14:56:00,324.58,324.97,324.505,324.631,46824
2023-09-20 14:57:00,324.6,324.6036,324.26,324.26,17844
2023-09-20 14:58:00,324.41,324.48,324.05,324.48,16800
2023-09-20 14:59:00,324.44,324.44,324.02,324.13,22135
2023-09-20 15:00:00,324.09,324.5699,323.89,324.4,20719
2023-09-20 15:01:00,324.38,324.49,324.29,324.43,16061
2023-09-20 15:02:00,324.4137,324.67,324.25,324.4,29011
2023-09-20 15:03:00,324.45,324.45,324.09,324.16,15003
2023-09-20 15:04:00,324.13,324.4,323.99,324.36,27759
2023-09-20 15:05:00,324.33,324.63,324.24,324.49,14834
2023-09-20 15:06:00,324.465,324.465,324.14,324.2552,18105
2023-09-20 15:07:00,324.17,324.32,323.64,323.661,37179
2023-09-20 15:08:00,323.66,323.9198,323.61,323.75,32656
2023-09-20 15:09:00,323.76,324.08,323.6,323.64,23954
2023-09-20 15:10:00,323.63,323.86,323.5,323.77,26960
2023-09-20 15:11:00,323.84,323.88,323.58,323.72,18348
2023-09-20 15:12:00,323.69,323.69,323.22,323.335,37379
2023-09-20 15:13:00,323.3,323.3409,322.99,323.1,62464
2023-09-20 15:14:00,323.08,323.122,322.76,322.84,45586
2023-09-20 15:15:00,322.82,323.21,322.7701,323.1479,47997
2023-09-20 15:16:00,323.18,323.3499,323.12,323.31,36261
2023-09-20 15:17:00,323.28,323.36,322.7,322.74,40005
2023-09-20 15:18:00,322.72,322.91,322.63,322.65,41386
2023-09-20 15:19:00,322.65,323.04,322.65,322.885,49091
2023-09-20 15:20:00,322.875,323.25,322.86,323.1,35932
2023-09-20 15:21:00,323.1,323.27,323.04,323.19,15784
2023-09-20 15:22:00,323.16,323.24,323.0681,323.14,27571
2023-09-20 15:23:00,323.12,323.66,323.1,323.64,35802
2023-09-20 15:24:00,323.61,323.76,323.5562,323.7,32368
2023-09-20 15:25:00,323.705,324.0799,323.63,323.69,37885
2023-09-20 15:26:00,323.742,323.752,323.15,323.22,32261
2023-09-20 15:27:00,323.18,323.55,323.1277,323.33,15922
2023-09-20 15:28:00,323.31,323.3308,323.07,323.26,14658
2023-09-20 15:29:00,323.23,323.4199,323.21,323.4,8841
2023-09-20 15:30:00,323.41,323.53,322.97,323.02,34121
2023-09-20 15:31:00,323.068,323.17,322.78,323.15,27877
2023-09-20 15:32:00,323.16,323.21,322.45,322.515,62599
2023-09-20 15:33:00,322.5,322.55,322.05,322.05,81529
2023-09-20 15:34:00,322.06,322.26,321.97,322.1999,118252
2023-09-20 15:35:00,322.18,322.63,322.15,322.5234,37138
2023-09-20 15:36:00,322.49,322.61,322.36,322.38,35683
2023-09-20 15:37:00,322.38,322.45,322.0,322.0547,54824
2023-09-20 15:38:00,322.12,322.33,321.88,322.095,45036
2023-09-20 15:39:00,322.08,322.24,322.02,322.0901,38177
2023-09-20 15:40:00,322.11,322.4772,322.1,322.41,42775
2023-09-20 15:41:00,322.38,322.52,322.14,322.16,33062
2023-09-20 15:42:00,322.14,322.23,322.055,322.0799,39383
2023-09-20 15:43:00,322.07,322.43,322.07,322.27,35615
2023-09-20 15:44:00,322.29,322.29,322.08,322.15,37811
2023-09-20 15:45:00,322.15,322.25,322.08,322.22,55473
2023-09-20 15:46:00,322.22,322.26,322.04,322.19,73311
2023-09-20 15:47:00,322.17,322.36,322.07,322.31,62844
2023-09-20 15:48:00,322.3,322.31,322.04,322.29,83724
2023-09-20 15:49:00,322.31,322.47,322.1538,322.335,45925
2023-09-20 15:50:00,322.31,322.5,322.07,322.39,69043
2023-09-20 15:51:00,322.38,322.42,321.94,322.01,77342
2023-09-20 15:52:00,322.01,322.1,321.8989,322.04,58094
2023-09-20 15:53:00,322.06,322.3,322.05,322.25,49901
2023-09-20 15:54:00,322.24,322.32,321.55,321.7,107549
2023-09-20 15:55:00,321.71,322.23,321.69,321.85,103594
2023-09-20 15:56:00,321.89,321.95,321.77,321.79,71559
2023-09-20 15:57:00,321.78,321.8,321.36,321.36,123907
2023-09-20 15:58:00,321.36,321.44,320.69,320.69,158177
2023-09-20 15:59:00,320.68,320.98,320.51,320.75,438075
2023-09-21 09:30:00,319.23,320.28,318.98,320.13,517982
2023-09-21 09:31:00,320.125,320.2782,319.52,319.83,90090
2023-09-21 09:32:00,319.82,319.9,319.1999,319.775,65942
2023-09-21 09:33:00,319.72,319.74,318.825,318.85,66631
2023-09-21 09:34:00,318.87,319.37,318.6144,319.25,93528
2023-09-21 09:35:00,319.28,320.1499,319.28,320.14,84861
2023-09-21 09:36:00,320.15,320.31,319.1,319.7,85876
2023-09-21 09:37:00,319.65,320.15,319.59,320.11,92524
2023-09-21 09:38:00,320.08,320.08,319.51,319.51,55093
2023-09-21 09:39:00,319.52,320.09,319.35,319.44,95285
2023-09-21 09:40:00,319.42,319.65,319.13,319.21,86493
2023-09-21 09:41:00,319.2642,319.95,319.2,319.7925,78567
2023-09-21 09:42:00,319.775,319.78,319.26,319.28,82261
2023-09-21 09:43:00,319.34,319.8,319.14,319.7,64968
2023-09-21 09:44:00,319.69,320.0,319.0,319.015,74134
2023-09-21 09:45:00,319.01,319.06,318.575,318.93,49169
2023-09-21 09:46:00,318.9,319.17,318.33,318.5,40739
2023-09-21 09:47:00,318.52,318.725,318.25,318.595,66397
2023-09-21 09:48:00,318.68,318.79,318.51,318.605,48036
2023-09-21 09:49:00,318.64,318.72,318.08,318.155,59114
2023-09-21 09:50:00,318.14,318.21,317.75,317.9377,100990
2023-09-21 09:51:00,317.95,318.12,317.74,317.99,77462
2023-09-21 09:52:00,318.05,318.11,317.565,317.72,82659
2023-09-21 09:53:00,317.76,317.77,317.39,317.5,73145
2023-09-21 09:54:00,317.48,317.56,317.43,317.55,55232
2023-09-21 09:55:00,317.52,317.95,317.5,317.89,60141
2023-09-21 09:56:00,317.89,318.0399,317.52,317.66,67472
2023-09-21 09:57:00,317.62,318.085,317.54,318.06,37639
2023-09-21 09:58:00,318.04,318.065,317.65,317.76,30259
2023-09-21 09:59:00,317.78,317.96,317.27,317.43,76551
2023-09-21 10:00:00,317.43,317.73,317.4,317.5049,40395
2023-09-21 10:01:00,317.5,317.54,317.1301,317.22,59533
2023-09-21 10:02:00,317.23,317.43,315.0,317.35,110383
2023-09-21 10:03:00,317.34,317.5,317.03,317.035,49837
2023-09-21 10:04:00,317.03,317.48,317.03,317.24,69859
2023-09-21 10:05:00,317.23,317.5,317.07,317.46,64804
2023-09-21 10:06:00,317.4505,317.83,317.38,317.58,80444
2023-09-21 10:07:00,317.56,318.08,317.54,317.97,47675
2023-09-21 10:08:00,317.95,317.95,317.6,317.7401,43492
2023-09-21 10:09:00,317.77,318.01,317.69,317.91,58201
2023-09-21 10:10:00,317.9,318.32,317.68,317.68,57418
2023-09-21 10:11:00,317.69,318.1,317.58,317.94,44629
2023-09-21 10:12:00,317.94,317.99,317.535,317.64,66251
2023-09-21 10:13:00,317.66,317.74,317.59,317.74,52996
2023-09-21 10:14:00,317.75,317.805,317.54,317.69,59135
2023-09-21 10:15:00,317.69,318.05,317.62,317.94,57677
2023-09-21 10:16:00,317.94,317.98,317.62,317.67,46198
2023-09-21 10:17:00,317.62,319.819,317.62,319.7,345565
2023-09-21 10:18:00,319.68,321.7299,319.54,321.65,513751
2023-09-21 10:19:00,321.65,323.92,321.57,323.87,506882
2023-09-21 10:20:00,323.79,323.86,321.69,321.9,417458
2023-09-21 10:21:00,321.905,323.78,321.75,323.78,323300
2023-09-21 10:22:00,323.78,324.15,322.1806,322.3,365311
2023-09-21 10:23:00,322.3,322.4195,321.29,321.47,193829
2023-09-21 10:24:00,321.41,321.85,320.85,321.57,147641
2023-09-21 10:25:00,321.59,322.02,321.05,321.16,158452
2023-09-21 10:26:00,321.2,321.3,320.48,320.7,192780
2023-09-21 10:27:00,320.65,321.27,320.49,321.0144,102406
2023-09-21 10:28:00,321.08,321.52,320.64,321.195,72006
2023-09-21 10:29:00,321.2464,321.2464,320.52,320.7,47848
2023-09-21 10:30:00,320.6644,321.03,320.28,320.935,84128
2023-09-21 10:31:00,320.9318,321.39,320.8801,321.205,77531
2023-09-21 10:32:00,321.15,321.585,320.52,320.99,140122
2023-09-21 10:33:00,320.98,321.88,320.98,321.41,112316
2023-09-21 10:34:00,321.44,321.88,321.0,321.765,92016
2023-09-21 10:35:00,321.79,322.38,321.55,321.885,148843
2023-09-21 10:36:00,321.88,322.815,321.83,322.797,105536
2023-09-21 10:37:00,322.794,323.12,322.44,322.835,133270
2023-09-21 10:38:00,322.81,324.59,322.81,324.5501,212944
2023-09-21 10:39:00,324.5501,324.8,323.82,324.495,141911
2023-09-21 10:40:00,324.5152,324.59,323.66,324.0,143759
2023-09-21 10:41:00,323.97,324.6999,323.81,324.31,126870
2023-09-21 10:42:00,324.3,325.3499,324.3,325.2,246204
2023-09-21 10:43:00,325.18,325.2523,323.8601,323.925,187387
2023-09-21 10:44:00,323.93,324.23,323.22,323.54,146262
2023-09-21 10:45:00,323.59,323.94,322.48,322.92,138584
2023-09-21 10:46:00,322.9,323.595,322.9,323.15,103821
2023-09-21 10:47:00,323.17,323.76,322.73,322.86,123757
2023-09-21 10:48:00,322.9,323.165,322.34,322.34,64725
2023-09-21 10:49:00,322.3101,322.84,322.12,322.59,74039
2023-09-21 10:50:00,322.57,322.8499,322.54,322.845,32794
2023-09-21 10:51:00,322.83,322.85,322.24,322.46,35742
2023-09-21 10:52:00,322.4785,322.86,322.4785,322.76,59558
2023-09-21 10:53:00,322.7299,323.5,322.7165,323.335,84162
2023-09-21 10:54:00,323.335,324.67,323.3261,324.43,182934
2023-09-21 10:55:00,324.39,324.62,323.79,324.0,115875
2023-09-21 10:56:00,324.01,324.38,323.74,324.12,74003
2023-09-21 10:57:00,324.12,324.55,324.0308,324.15,86688
2023-09-21 10:58:00,324.145,324.3,323.63,323.65,62509
2023-09-21 10:59:00,323.65,323.78,323.21,323.24,72957
2023-09-21 11:00:00,323.25,323.49,323.18,323.21,51710
2023-09-21 11:01:00,323.22,323.5255,323.16,323.515,38511
2023-09-21 11:02:00,323.5,323.51,322.87,322.955,42639
2023-09-21 11:03:00,322.95,323.3746,322.76,322.76,31138
2023-09-21 11:04:00,322.76,323.23,322.7,322.975,25469
2023-09-21 11:05:00,322.98,323.69,322.98,323.635,97429
2023-09-21 11:06:00,323.61,323.835,323.32,323.83,54747
2023-09-21 11:07:00,323.85,324.15,323.8,324.06,63172
2023-09-21 11:08:00,324.075,324.08,323.35,323.4637,39654
2023-09-21 11:09:00,323.43,323.6,322.9271,323.0015,38006
2023-09-21 11:10:00,323.01,323.26,322.85,322.8548,32820
2023-09-21 11:11:00,322.84,322.98,322.75,322.98,18443
2023-09-21 11:12:00,322.9376,323.08,322.62,322.62,23728
2023-09-21 11:13:00,322.62,322.64,322.14,322.14,43537
2023-09-21 11:14:00,322.16,322.34,322.09,322.32,34500
2023-09-21 11:15:00,322.325,322.39,321.86,321.94,38526
2023-09-21 11:16:00,321.9699,321.9699,321.74,321.85,27990
2023-09-21 11:17:00,321.9,322.3,321.87,322.26,29257
2023-09-21 11:18:00,322.2501,322.34,322.0403,322.13,35164
2023-09-21 11:19:00,322.15,322.25,321.77,322.2,39189
2023-09-21 11:20:00,322.18,322.68,321.96,322.34,41430
2023-09-21 11:21:00,322.35,322.49,322.24,322.335,31943
2023-09-21 11:22:00,322.33,322.64,322.33,322.525,29291
2023-09-21 11:23:00,322.5,322.55,321.98,322.07,33419
2023-09-21 11:24:00,322.035,322.035,321.77,321.97,26396
2023-09-21 11:25:00,322.005,322.07,321.705,321.86,33636
2023-09-21 11:26:00,321.8301,322.17,321.8101,322.06,36763
2023-09-21 11:27:00,322.04,322.2,321.96,322.1162,34906
2023-09-21 11:28:00,322.16,322.2256,321.81,321.915,36054
2023-09-21 11:29:00,321.91,322.1,321.76,322.02,50512
2023-09-21 11:30:00,322.04,322.23,321.8901,322.17,34705
2023-09-21 11:31:00,322.14,322.4882,322.14,322.32,33825
2023-09-21 11:32:00,322.31,322.45,322.16,322.45,32987
2023-09-21 11:33:00,322.42,322.61,322.36,322.5799,37627
2023-09-21 11:34:00,322.61,322.8,322.5,322.61,35003
2023-09-21 11:35:00,322.58,322.8829,322.58,322.66,25948
2023-09-21 11:36:00,322.695,322.71,322.5,322.6,18880
2023-09-21 11:37:00,322.6,322.66,322.075,322.11,24766
2023-09-21 11:38:00,322.08,322.31,322.03,322.3,25222
2023-09-21 11:39:00,322.3,322.3,322.0,322.13,25837
2023-09-21 11:40:00,322.11,322.34,322.1,322.1808,13624
2023-09-21 11:41:00,322.16,322.17,321.88,321.945,21146
2023-09-21 11:42:00,321.87,322.02,321.72,321.74,16467
2023-09-21 11:43:00,321.76,322.1,321.76,322.05,315317
2023-09-21 11:44:00,322.05,322.32,322.0,322.2712,28033
2023-09-21 11:45:00,322.24,322.55,322.16,322.53,26605
2023-09-21 11:46:00,322.52,322.52,322.2593,322.26,21293
2023-09-21 11:47:00,322.235,322.53,322.12,322.3,23944
2023-09-21 11:48:00,322.315,322.52,322.315,322.45,17477
2023-09-21 11:49:00,322.4799,322.5,322.2179,322.3101,14586
2023-09-21 11:50:00,322.29,322.51,322.19,322.43,16041
2023-09-21 11:51:00,322.4394,322.48,322.15,322.15,21242
2023-09-21 11:52:00,322.17,322.22,321.79,321.8,26469
2023-09-21 11:53:00,321.81,322.031,321.7771,321.99,28878
2023-09-21 11:54:00,321.94,322.1,321.93,321.9999,20275
2023-09-21 11:55:00,321.9902,322.0,321.755,321.98,18744
2023-09-21 11:56:00,321.99,322.3,321.99,322.18,16931
2023-09-21 11:57:00,322.19,322.2,321.85,321.92,12305
2023-09-21 11:58:00,321.93,321.93,321.51,321.56,33343
2023-09-21 11:59:00,321.58,321.715,321.58,321.71,18717
2023-09-21 12:00:00,321.7,321.8,321.67,321.72,19997
2023-09-21 12:01:00,321.68,321.81,321.21,321.3,38980
2023-09-21 12:02:00,321.3107,321.51,321.215,321.215,27973
2023-09-21 12:03:00,321.205,321.39,321.15,321.34,22166
2023-09-21 12:04:00,321.3601,321.6051,321.3601,321.54,21554
2023-09-21 12:05:00,321.525,321.66,321.435,321.4994,10328
2023-09-21 12:06:00,321.4586,321.4586,321.34,321.36,10172
2023-09-21 12:07:00,321.35,321.35,321.08,321.0864,18766
2023-09-21 12:08:00,321.09,321.255,321.09,321.2199,15120
2023-09-21 12:09:00,321.17,321.41,321.08,321.3453,13083
2023-09-21 12:10:00,321.31,321.35,320.85,320.96,26108
2023-09-21 12:11:00,320.97,321.422,320.9654,321.3038,31758
2023-09-21 12:12:00,321.28,321.28,320.98,321.01,22951
2023-09-21 12:13:00,320.9888,321.02,320.885,320.92,35827
2023-09-21 12:14:00,320.895,321.08,320.8801,321.07,26743
2023-09-21 12:15:00,321.0799,321.31,321.0,321.085,19877
2023-09-21 12:16:00,321.08,321.3737,321.0,321.29,39487
2023-09-21 12:17:00,321.3,321.3,320.955,321.07,44314
2023-09-21 12:18:00,321.07,321.3,321.0,321.18,46324
2023-09-21 12:19:00,321.15,321.24,321.12,321.17,16228
2023-09-21 12:20:00,321.17,321.26,321.08,321.16,28162
2023-09-21 12:21:00,321.15,321.2249,320.9002,320.9399,27989
2023-09-21 12:22:00,320.91,320.92,320.51,320.51,86705
2023-09-21 12:23:00,320.5,320.95,320.48,320.89,37234
2023-09-21 12:24:00,320.92,321.015,320.86,320.915,16975
2023-09-21 12:25:00,320.9,320.92,320.72,320.74,11051
2023-09-21 12:26:00,320.73,320.73,320.27,320.27,27017
2023-09-21 12:27:00,320.2516,320.7825,320.24,320.7825,20840
2023-09-21 12:28:00,320.77,321.02,320.705,320.96,17270
2023-09-21 12:29:00,320.96,320.99,320.67,320.69,7705
2023-09-21 12:30:00,320.69,320.84,320.67,320.6778,6970
2023-09-21 12:31:00,320.685,320.75,320.61,320.61,7989
2023-09-21 12:32:00,320.61,320.79,320.59,320.75,14503
2023-09-21 12:33:00,320.805,321.08,320.7101,321.07,19834
2023-09-21 12:34:00,321.07,321.22,320.91,321.08,45779
2023-09-21 12:35:00,321.1042,321.22,321.0827,321.15,38384
2023-09-21 12:36:00,321.14,321.23,321.0601,321.08,14664
2023-09-21 12:37:00,321.0135,321.02,320.43,320.43,61811
2023-09-21 12:38:00,320.39,320.7,320.39,320.58,28356
2023-09-21 12:39:00,320.575,320.715,320.57,320.594,11904
2023-09-21 12:40:00,320.6,320.67,320.53,320.67,17680
2023-09-21 12:41:00,320.7,320.84,320.7,320.7427,12088
2023-09-21 12:42:00,320.76,320.91,320.7401,320.89,10063
2023-09-21 12:43:00,320.91,320.98,320.53,320.56,21262
2023-09-21 12:44:00,320.58,320.8561,320.45,320.7742,20776
2023-09-21 12:45:00,320.78,320.9825,320.78,320.9813,11470
2023-09-21 12:46:00,321.0,321.0999,320.91,320.9537,16559
2023-09-21 12:47:00,320.94,320.94,320.775,320.775,11029
2023-09-21 12:48:00,320.79,321.0067,320.75,320.98,10596
2023-09-21 12:49:00,321.008,321.15,320.9672,321.13,18360
2023-09-21 12:50:00,321.14,321.1992,321.07,321.097,15147
2023-09-21 12:51:00,321.0872,321.5299,321.0872,321.3714,27993
2023-09-21 12:52:00,321.39,321.59,321.34,321.55,20155
2023-09-21 12:53:00,321.57,321.67,321.43,321.47,29946
2023-09-21 12:54:00,321.49,321.49,321.29,321.36,38182
2023-09-21 12:55:00,321.34,321.4071,321.09,321.22,18423
2023-09-21 12:56:00,321.2164,321.3,321.0701,321.24,18877
2023-09-21 12:57:00,321.2,321.22,321.1,321.1999,13856
2023-09-21 12:58:00,321.19,321.36,321.19,321.3,18963
2023-09-21 12:59:00,321.305,321.305,321.19,321.275,13972
2023-09-21 13:00:00,321.27,321.39,321.2,321.22,17940
2023-09-21 13:01:00,321.21,321.36,321.2,321.265,29856
2023-09-21 13:02:00,321.26,321.57,321.24,321.4678,23952
2023-09-21 13:03:00,321.45,321.66,321.4301,321.6568,20454
2023-09-21 13:04:00,321.655,321.75,321.64,321.67,16014
2023-09-21 13:05:00,321.64,321.85,321.605,321.84,56450
2023-09-21 13:06:00,321.8399,322.025,321.74,321.9962,67282
2023-09-21 13:07:00,321.995,322.24,321.73,322.2267,81545
2023-09-21 13:08:00,322.2499,322.58,322.19,322.5525,75393
2023-09-21 13:09:00,322.54,322.85,322.48,322.56,70388
2023-09-21 13:10:00,322.53,322.66,322.48,322.6508,17178
2023-09-21 13:11:00,322.63,323.16,322.62,323.0499,73238
2023-09-21 13:12:00,323.0131,323.17,322.66,322.68,41539
2023-09-21 13:13:00,322.71,322.8,322.57,322.61,26125
2023-09-21 13:14:00,322.66,322.83,322.5985,322.63,31078
2023-09-21 13:15:00,322.65,322.93,322.65,322.9194,26395
2023-09-21 13:16:00,322.85,323.09,322.74,322.8,31033
2023-09-21 13:17:00,322.81,322.94,322.56,322.8,32123
2023-09-21 13:18:00,322.775,322.895,322.69,322.82,31073
2023-09-21 13:19:00,322.825,322.84,322.75,322.77,18630
2023-09-21 13:20:00,322.775,322.96,322.7,322.83,36969
2023-09-21 13:21:00,322.83,323.01,322.781,322.94,35066
2023-09-21 13:22:00,322.925,323.0163,322.8376,322.8888,37733
2023-09-21 13:23:00,322.88,322.95,322.695,322.7,15804
2023-09-21 13:24:00,322.65,322.7565,322.54,322.699,14799
2023-09-21 13:25:00,322.7314,322.76,322.6201,322.64,17184
2023-09-21 13:26:00,322.63,323.4,322.6028,322.8701,75614
2023-09-21 13:27:00,322.89,323.0499,322.8165,322.8389,17143
2023-09-21 13:28:00,322.81,322.85,322.67,322.7753,16365
2023-09-21 13:29:00,322.72,322.92,322.71,322.79,10553
2023-09-21 13:30:00,322.76,322.96,322.74,322.905,9603
2023-09-21 13:31:00,322.88,323.08,322.83,322.96,21680
2023-09-21 13:32:00,322.95,322.9899,322.74,322.77,38614
2023-09-21 13:33:00,322.78,322.88,322.53,322.63,33434
2023-09-21 13:34:00,322.63,322.6411,322.2701,322.29,56698
2023-09-21 13:35:00,322.29,322.33,322.16,322.16,60220
2023-09-21 13:36:00,322.145,322.7,322.1448,322.7,51159
2023-09-21 13:37:00,322.64,322.76,322.29,322.3062,30389
2023-09-21 13:38:00,322.33,322.5099,322.12,322.18,45928
2023-09-21 13:39:00,322.17,322.3,322.08,322.08,31336
2023-09-21 13:40:00,322.06,322.18,321.92,322.0799,68816
2023-09-21 13:41:00,322.02,322.2115,322.02,322.08,20636
2023-09-21 13:42:00,322.04,322.17,321.875,321.875,33952
2023-09-21 13:43:00,321.87,322.01,321.71,321.71,27973
2023-09-21 13:44:00,321.715,321.81,321.64,321.72,17624
2023-09-21 13:45:00,321.73,322.03,321.715,322.01,15203
2023-09-21 13:46:00,321.995,322.06,321.93,321.99,19315
2023-09-21 13:47:00,321.9908,322.13,321.9,321.9772,18029
2023-09-21 13:48:00,322.01,322.0194,321.87,321.95,10107
2023-09-21 13:49:00,321.94,322.18,321.92,322.1576,7252
2023-09-21 13:50:00,322.165,322.1723,321.9415,322.05,11516
2023-09-21 13:51:00,322.045,322.28,322.03,322.18,10902
2023-09-21 13:52:00,322.155,322.18,321.99,321.99,22251
2023-09-21 13:53:00,321.97,322.0691,321.94,322.06,13674
2023-09-21 13:54:00,322.08,322.15,322.05,322.0745,21235
2023-09-21 13:55:00,322.08,322.08,321.76,321.82,16618
2023-09-21 13:56:00,321.81,321.88,321.73,321.79,9070
2023-09-21 13:57:00,321.8932,321.99,321.84,321.97,13364
2023-09-21 13:58:00,321.99,321.99,321.74,321.835,30957
2023-09-21 13:59:00,321.81,321.89,321.78,321.86,18590
2023-09-21 14:00:00,321.95,321.9952,321.73,321.74,18879
2023-09-21 14:01:00,321.7314,321.7799,321.65,321.71,11970
2023-09-21 14:02:00,321.68,321.7899,321.605,321.63,19045
2023-09-21 14:03:00,321.645,321.829,321.645,321.77,10005
2023-09-21 14:04:00,321.77,322.07,321.75,322.01,38268
2023-09-21 14:05:00,321.97,322.22,321.97,322.22,43498
2023-09-21 14:06:00,322.2425,322.53,322.23,322.45,79200
2023-09-21 14:07:00,322.43,322.55,322.365,322.39,37911
2023-09-21 14:08:00,322.41,322.42,322.065,322.105,20301
2023-09-21 14:09:00,322.12,322.12,321.89,321.95,22094
2023-09-21 14:10:00,321.8651,322.29,321.86,322.29,23837
2023-09-21 14:11:00,322.29,322.2999,321.88,321.96,24502
2023-09-21 14:12:00,321.92,322.13,321.92,322.07,16036
2023-09-21 14:13:00,322.07,322.07,321.6501,321.66,12482
2023-09-21 14:14:00,321.65,321.8,321.605,321.625,14198
2023-09-21 14:15:00,321.61,321.672,321.5,321.53,17581
2023-09-21 14:16:00,321.49,321.52,321.26,321.3398,16306
2023-09-21 14:17:00,321.32,321.68,321.32,321.63,14682
2023-09-21 14:18:00,321.6,321.7,321.445,321.46,8733
2023-09-21 14:19:00,321.48,321.48,321.26,321.26,6887
2023-09-21 14:20:00,321.2569,321.4026,321.22,321.26,15735
2023-09-21 14:21:00,321.265,321.28,321.12,321.2,11171
2023-09-21 14:22:00,321.19,321.24,321.0823,321.11,12762
2023-09-21 14:23:00,321.11,321.17,320.91,320.93,22817
2023-09-21 14:24:00,320.93,321.02,320.915,320.98,9920
2023-09-21 14:25:00,320.99,321.01,320.72,320.72,17497
2023-09-21 14:26:00,320.73,320.825,320.6136,320.685,24956
2023-09-21 14:27:00,320.67,320.89,320.65,320.79,35922
2023-09-21 14:28:00,320.8,320.9099,320.7496,320.875,11670
2023-09-21 14:29:00,320.86,320.86,320.48,320.49,48213
2023-09-21 14:30:00,320.49,320.8997,320.37,320.85,34487
2023-09-21 14:31:00,320.79,320.8199,320.34,320.385,34217
2023-09-21 14:32:00,320.4,320.57,320.4,320.565,19841
2023-09-21 14:33:00,320.585,320.85,320.585,320.63,19525
2023-09-21 14:34:00,320.61,320.79,320.59,320.71,18204
2023-09-21 14:35:00,320.71,320.89,320.67,320.8806,41490
2023-09-21 14:36:00,320.88,320.88,320.58,320.63,35587
2023-09-21 14:37:00,320.585,320.91,320.58,320.91,49962
2023-09-21 14:38:00,320.91,321.2,320.89,321.14,61139
2023-09-21 14:39:00,321.115,321.26,321.0,321.02,48461
2023-09-21 14:40:00,321.03,321.25,320.93,321.1723,34372
2023-09-21 14:41:00,321.1528,321.305,321.0,321.25,59462
2023-09-21 14:42:00,321.17,321.3048,321.13,321.24,17762
2023-09-21 14:43:00,321.21,321.23,321.08,321.095,11654
2023-09-21 14:44:00,321.06,321.2678,321.06,321.21,11977
2023-09-21 14:45:00,321.245,321.36,321.1871,321.22,25595
2023-09-21 14:46:00,321.22,321.37,321.22,321.285,32418
2023-09-21 14:47:00,321.25,321.27,320.95,321.07,19613
2023-09-21 14:48:00,321.0601,321.1233,320.96,321.0598,14247
2023-09-21 14:49:00,321.0495,321.055,320.84,320.841,23109
2023-09-21 14:50:00,320.8525,321.0,320.76,320.91,23474
2023-09-21 14:51:00,320.89,320.8926,320.78,320.83,11150
2023-09-21 14:52:00,320.85,320.89,320.64,320.68,8113
2023-09-21 14:53:00,320.69,320.75,320.4801,320.72,40072
2023-09-21 14:54:00,320.715,320.95,320.62,320.93,21824
2023-09-21 14:55:00,320.9085,320.98,320.81,320.845,17208
2023-09-21 14:56:00,320.85,321.0,320.8,320.98,27324
2023-09-21 14:57:00,321.0,321.05,320.87,320.87,18557
2023-09-21 14:58:00,320.8631,320.88,320.6727,320.71,11068
2023-09-21 14:59:00,320.63,320.68,320.53,320.54,14736
2023-09-21 15:00:00,320.57,320.65,320.5,320.57,15601
2023-09-21 15:01:00,320.58,320.58,320.39,320.42,23239
2023-09-21 15:02:00,320.41,320.78,320.33,320.66,75758
2023-09-21 15:03:00,320.64,320.88,320.625,320.87,18039
2023-09-21 15:04:00,320.87,320.87,320.6207,320.69,26532
2023-09-21 15:05:00,320.67,320.79,320.36,320.42,24042
2023-09-21 15:06:00,320.42,320.45,320.2425,320.2425,19836
2023-09-21 15:07:00,320.245,320.35,320.22,320.24,19813
2023-09-21 15:08:00,320.22,320.29,320.11,320.1499,82806
2023-09-21 15:09:00,320.135,320.4,320.04,320.05,74596
2023-09-21 15:10:00,320.04,320.28,319.89,319.9,110960
2023-09-21 15:11:00,319.88,319.92,319.75,319.86,75136
2023-09-21 15:12:00,319.855,319.865,319.56,319.67,51918
2023-09-21 15:13:00,319.66,319.89,319.645,319.89,33485
2023-09-21 15:14:00,319.88,319.97,319.81,319.895,27556
2023-09-21 15:15:00,319.89,320.15,319.86,320.09,31305
2023-09-21 15:16:00,320.1,320.13,319.83,319.83,52256
2023-09-21 15:17:00,319.83,320.08,319.78,319.935,37808
2023-09-21 15:18:00,319.925,319.99,319.8,319.86,31942
2023-09-21 15:19:00,319.855,320.13,319.78,320.1,97239
2023-09-21 15:20:00,320.09,320.475,320.09,320.4,74429
2023-09-21 15:21:00,320.41,320.65,320.41,320.51,100375
2023-09-21 15:22:00,320.51,320.5376,320.34,320.41,34226
2023-09-21 15:23:00,320.42,320.63,320.42,320.58,46961
2023-09-21 15:24:00,320.5999,320.71,320.49,320.66,43785
2023-09-21 15:25:00,320.665,320.9,320.65,320.855,57340
2023-09-21 15:26:00,320.85,320.86,320.54,320.63,54068
2023-09-21 15:27:00,320.63,320.765,320.62,320.68,26018
2023-09-21 15:28:00,320.685,320.685,320.253,320.44,41441
2023-09-21 15:29:00,320.445,320.71,320.44,320.68,39357
2023-09-21 15:30:00,320.65,320.745,320.44,320.44,49103
2023-09-21 15:31:00,320.42,320.66,320.355,320.5811,38956
2023-09-21 15:32:00,320.59,320.7,320.35,320.53,59668
2023-09-21 15:33:00,320.53,320.65,320.53,320.64,46626
2023-09-21 15:34:00,320.65,320.85,320.42,320.42,58712
2023-09-21 15:35:00,320.41,320.7422,320.3719,320.53,45132
2023-09-21 15:36:00,320.53,320.79,320.5286,320.6829,24630
2023-09-21 15:37:00,320.69,320.85,320.68,320.84,29289
2023-09-21 15:38:00,320.84,321.1696,320.84,321.13,59197
2023-09-21 15:39:00,321.11,321.2,320.98,320.98,50968
2023-09-21 15:40:00,320.98,321.24,320.945,321.19,40828
2023-09-21 15:41:00,321.19,321.2,320.95,321.04,35742
2023-09-21 15:42:00,321.05,321.2,320.8457,321.13,76785
2023-09-21 15:43:00,321.14,321.17,320.87,321.125,46079
2023-09-21 15:44:00,321.12,321.37,321.09,321.25,56510
2023-09-21 15:45:00,321.2581,321.58,321.13,321.49,95370
2023-09-21 15:46:00,321.49,321.76,321.42,321.56,85937
2023-09-21 15:47:00,321.6,321.64,321.33,321.51,51502
2023-09-21 15:48:00,321.48,321.505,321.11,321.28,50148
2023-09-21 15:49:00,321.28,321.29,320.98,321.03,47604
2023-09-21 15:50:00,321.04,321.04,320.34,320.4,163939
2023-09-21 15:51:00,320.41,320.7599,320.2001,320.275,103624
2023-09-21 15:52:00,320.28,320.39,320.05,320.35,131327
2023-09-21 15:53:00,320.35,320.38,320.1001,320.21,103915
2023-09-21 15:54:00,320.2,320.48,320.04,320.25,135631
2023-09-21 15:55:00,320.27,320.27,319.97,319.98,131209
2023-09-21 15:56:00,319.97,320.02,319.73,319.75,150493
2023-09-21 15:57:00,319.88,320.09,319.86,319.92,137983
2023-09-21 15:58:00,319.91,319.95,319.72,319.75,186287
2023-09-21 15:59:00,319.735,319.93,319.5,319.51,441830
2023-09-22 09:30:00,321.32,321.45,320.02,320.08,412278
2023-09-22 09:31:00,320.08,320.4,319.69,319.75,130996
2023-09-22 09:32:00,319.75,319.9827,319.41,319.7,77812
2023-09-22 09:33:00,319.7,320.04,319.3,319.4898,73151
2023-09-22 09:34:00,319.46,319.55,318.96,319.105,69898
2023-09-22 09:35:00,319.13,319.13,318.29,318.36,64404
2023-09-22 09:36:00,318.355,318.93,318.35,318.61,66287
2023-09-22 09:37:00,318.6018,318.7209,318.4234,318.5422,43217
2023-09-22 09:38:00,318.515,318.71,318.21,318.245,40633
2023-09-22 09:39:00,318.26,318.6672,318.21,318.289,43894
2023-09-22 09:40:00,318.33,318.62,317.84,317.92,61694
2023-09-22 09:41:00,317.89,318.13,317.81,317.99,71455
2023-09-22 09:42:00,318.04,318.6397,317.99,318.61,41446
2023-09-22 09:43:00,318.56,318.576,318.19,318.2,24676
2023-09-22 09:44:00,318.26,318.59,318.26,318.5,27619
2023-09-22 09:45:00,318.51,319.18,318.45,319.16,83416
2023-09-22 09:46:00,319.11,319.31,318.871,319.3,74939
2023-09-22 09:47:00,319.28,319.48,318.95,319.25,60368
2023-09-22 09:48:00,319.2,319.95,318.91,319.775,87885
2023-09-22 09:49:00,319.75,319.76,318.955,319.13,37617
2023-09-22 09:50:00,319.12,319.18,318.9701,319.14,61246
2023-09-22 09:51:00,319.1672,319.26,318.845,318.89,47350
2023-09-22 09:52:00,318.87,319.19,318.79,318.95,42524
2023-09-22 09:53:00,318.96,319.145,318.68,318.78,22957
2023-09-22 09:54:00,318.72,318.9999,318.45,318.945,27391
2023-09-22 09:55:00,318.91,319.08,318.8741,318.94,16408
2023-09-22 09:56:00,318.95,319.57,318.95,319.54,29861
2023-09-22 09:57:00,319.54,319.92,319.54,319.73,41444
2023-09-22 09:58:00,319.7346,319.7346,319.51,319.69,21046
2023-09-22 09:59:00,319.7,320.18,319.59,320.18,36352
2023-09-22 10:00:00,320.2,320.24,319.57,319.6999,42018
2023-09-22 10:01:00,319.69,319.89,319.64,319.8301,25096
2023-09-22 10:02:00,319.84,319.99,319.6,319.685,24596
2023-09-22 10:03:00,319.6803,320.3,319.61,320.2226,41878
2023-09-22 10:04:00,320.2,320.3,319.9,319.94,34310
2023-09-22 10:05:00,319.932,320.3817,319.915,320.345,24184
2023-09-22 10:06:00,320.36,320.83,320.35,320.725,72626
2023-09-22 10:07:00,320.78,320.86,320.48,320.55,63099
2023-09-22 10:08:00,320.56,320.6299,320.1103,320.1103,29731
2023-09-22 10:09:00,320.11,320.11,319.861,319.94,32408
2023-09-22 10:10:00,319.95,319.97,319.57,319.59,11976
2023-09-22 10:11:00,319.5787,319.61,319.39,319.4001,26507
2023-09-22 10:12:00,319.4201,319.5,319.32,319.48,31594
2023-09-22 10:13:00,319.4699,319.57,319.27,319.301,24533
2023-09-22 10:14:00,319.345,319.55,319.15,319.17,30165
2023-09-22 10:15:00,319.17,319.24,318.98,318.995,42158
2023-09-22 10:16:00,319.0,319.0,318.55,318.575,32419
2023-09-22 10:17:00,318.61,318.92,318.61,318.9,35529
2023-09-22 10:18:00,318.9,319.0541,318.891,318.99,31487
2023-09-22 10:19:00,318.97,319.3223,318.95,319.3,35903
2023-09-22 10:20:00,319.25,319.29,319.0,319.0,17284
2023-09-22 10:21:00,319.015,319.25,318.97,319.0,11860
2023-09-22 10:22:00,319.09,319.1859,318.965,319.07,15071
2023-09-22 10:23:00,319.11,319.5,319.095,319.47,31702
2023-09-22 10:24:00,319.4799,319.65,319.46,319.55,29885
2023-09-22 10:25:00,319.58,319.635,319.27,319.29,35736
2023-09-22 10:26:00,319.27,319.39,319.17,319.21,24510
2023-09-22 10:27:00,319.1886,319.25,319.01,319.23,21660
2023-09-22 10:28:00,319.22,319.36,319.22,319.275,11546
2023-09-22 10:29:00,319.275,319.52,319.275,319.41,21049
2023-09-22 10:30:00,319.41,319.6,319.39,319.59,32366
2023-09-22 10:31:00,319.62,320.0,319.59,319.965,40523
2023-09-22 10:32:00,319.96,320.11,319.77,320.025,41393
2023-09-22 10:33:00,320.04,320.18,319.8924,319.97,42052
2023-09-22 10:34:00,319.98,320.17,319.93,320.09,36629
2023-09-22 10:35:00,320.13,320.15,319.9076,319.97,44856
2023-09-22 10:36:00,319.95,320.21,319.95,320.0394,17069
2023-09-22 10:37:00,320.02,320.17,320.0,320.095,31668
2023-09-22 10:38:00,320.09,320.09,319.63,319.647,51882
2023-09-22 10:39:00,319.65,319.74,319.59,319.63,28798
2023-09-22 10:40:00,319.66,319.67,319.34,319.36,32017
2023-09-22 10:41:00,319.355,319.51,319.23,319.29,31077
2023-09-22 10:42:00,319.32,319.64,319.3145,319.5482,18232
2023-09-22 10:43:00,319.53,319.715,319.47,319.59,24283
2023-09-22 10:44:00,319.58,319.87,319.54,319.87,32228
2023-09-22 10:45:00,319.9,320.06,319.82,319.865,34229
2023-09-22 10:46:00,319.865,319.97,319.865,319.91,20287
2023-09-22 10:47:00,319.92,320.035,319.91,319.99,25197
2023-09-22 10:48:00,319.97,320.35,319.95,320.34,43586
2023-09-22 10:49:00,320.36,320.38,320.2,320.31,46455
2023-09-22 10:50:00,320.315,320.36,320.1,320.26,28786
2023-09-22 10:51:00,320.275,320.415,319.96,320.065,46985
2023-09-22 10:52:00,320.0428,320.1,319.98,320.06,29840
2023-09-22 10:53:00,320.07,320.2194,320.0,320.02,48841
2023-09-22 10:54:00,320.05,320.3999,320.05,320.3999,35855
2023-09-22 10:55:00,320.4,320.8,320.38,320.6984,43243
2023-09-22 10:56:00,320.6775,320.705,320.35,320.38,41803
2023-09-22 10:57:00,320.37,320.709,320.37,320.7,23540
2023-09-22 10:58:00,320.685,320.87,320.65,320.83,57901
2023-09-22 10:59:00,320.85,321.04,320.75,320.79,51074
2023-09-22 11:00:00,320.79,320.93,320.69,320.75,36591
2023-09-22 11:01:00,320.73,320.735,320.5,320.725,26772
2023-09-22 11:02:00,320.73,320.76,320.47,320.625,29654
2023-09-22 11:03:00,320.59,320.65,320.38,320.42,31837
2023-09-22 11:04:00,320.42,320.65,320.38,320.58,25093
2023-09-22 11:05:00,320.58,320.59,320.41,320.525,17578
2023-09-22 11:06:00,320.53,320.64,320.46,320.555,19609
2023-09-22 11:07:00,320.555,320.57,320.405,320.405,17399
2023-09-22 11:08:00,320.39,320.39,320.26,320.27,26732
2023-09-22 11:09:00,320.3,320.365,320.16,320.165,24721
2023-09-22 11:10:00,320.18,320.2,319.97,320.07,25911
2023-09-22 11:11:00,320.06,320.14,320.0,320.0,16457
2023-09-22 11:12:00,320.0,320.09,319.93,320.085,22633
2023-09-22 11:13:00,320.08,320.08,319.94,319.955,20415
2023-09-22 11:14:00,319.97,320.28,319.95,320.21,29516
2023-09-22 11:15:00,320.18,320.32,320.07,320.1185,23183
2023-09-22 11:16:00,320.1,320.12,319.99,320.07,13548
2023-09-22 11:17:00,320.08,320.35,319.99,320.35,19627
2023-09-22 11:18:00,320.35,320.45,320.21,320.375,18432
2023-09-22 11:19:00,320.36,320.47,320.15,320.21,27783
2023-09-22 11:20:00,320.21,320.24,320.055,320.12,11950
2023-09-22 11:21:00,320.11,320.16,319.985,320.145,19180
2023-09-22 11:22:00,320.11,320.2761,320.0501,320.1,20597
2023-09-22 11:23:00,320.11,320.1559,319.99,320.08,17658
2023-09-22 11:24:00,320.06,320.4,320.04,320.37,20713
2023-09-22 11:25:00,320.38,320.41,320.2701,320.41,27466
2023-09-22 11:26:00,320.41,320.44,320.31,320.33,13817
2023-09-22 11:27:00,320.31,320.43,320.23,320.345,15075
2023-09-22 11:28:00,320.35,320.48,320.34,320.4601,18870
2023-09-22 11:29:00,320.46,320.6275,320.45,320.56,16230
2023-09-22 11:30:00,320.59,320.65,320.42,320.65,19908
2023-09-22 11:31:00,320.65,320.67,320.46,320.5837,13305
2023-09-22 11:32:00,320.59,320.7,320.445,320.49,13691
2023-09-22 11:33:00,320.485,320.62,320.43,320.53,15285
2023-09-22 11:34:00,320.52,320.56,320.2501,320.27,18691
2023-09-22 11:35:00,320.26,320.27,320.14,320.235,21693
2023-09-22 11:36:00,320.22,320.325,320.16,320.28,18958
2023-09-22 11:37:00,320.275,320.32,320.1201,320.24,26789
2023-09-22 11:38:00,320.25,320.27,320.16,320.25,12835
2023-09-22 11:39:00,320.25,320.582,320.25,320.5781,19490
2023-09-22 11:40:00,320.5464,320.65,320.475,320.545,35127
2023-09-22 11:41:00,320.55,320.58,320.42,320.43,19839
2023-09-22 11:42:00,320.43,320.44,320.25,320.27,16825
2023-09-22 11:43:00,320.265,320.28,320.03,320.03,26595
2023-09-22 11:44:00,320.02,320.1413,320.0,320.115,15583
2023-09-22 11:45:00,320.1,320.1,319.99,320.06,22744
2023-09-22 11:46:00,320.07,320.075,319.98,319.9966,16004
2023-09-22 11:47:00,320.03,320.08,319.96,320.01,12166
2023-09-22 11:48:00,319.995,320.09,319.98,320.02,15639
2023-09-22 11:49:00,320.04,320.09,319.97,320.0,26776
2023-09-22 11:50:00,320.03,320.14,320.0,320.07,15606
2023-09-22 11:51:00,320.08,320.1,319.9,319.95,27914
2023-09-22 11:52:00,319.95,320.0,319.5101,319.52,28356
2023-09-22 11:53:00,319.5113,319.55,319.35,319.5363,37840
2023-09-22 11:54:00,319.5363,319.56,319.38,319.41,17392
2023-09-22 11:55:00,319.4,319.55,319.39,319.5099,10520
2023-09-22 11:56:00,319.5,319.51,319.1,319.145,28668
2023-09-22 11:57:00,319.11,319.35,319.1,319.29,22884
2023-09-22 11:58:00,319.29,319.32,319.19,319.19,17270
2023-09-22 11:59:00,319.2099,319.2099,319.0,319.05,20497
2023-09-22 12:00:00,319.04,319.0792,318.925,318.9557,18459
2023-09-22 12:01:00,318.96,319.14,318.94,319.05,18836
2023-09-22 12:02:00,319.06,319.07,319.02,319.065,13671
2023-09-22 12:03:00,319.065,319.089,318.99,319.075,14466
2023-09-22 12:04:00,319.06,319.2386,319.03,319.2,20093
2023-09-22 12:05:00,319.18,319.2022,319.08,319.0823,15484
2023-09-22 12:06:00,319.07,319.15,319.0,319.1363,14765
2023-09-22 12:07:00,319.11,319.2299,319.07,319.2299,11957
2023-09-22 12:08:00,319.23,319.35,319.2,319.24,12365
2023-09-22 12:09:00,319.24,319.31,319.16,319.195,14197
2023-09-22 12:10:00,319.18,319.21,319.05,319.09,12833
2023-09-22 12:11:00,319.1063,319.2299,319.105,319.2299,9521
2023-09-22 12:12:00,319.23,319.43,319.23,319.32,11603
2023-09-22 12:13:00,319.325,319.52,319.325,319.515,10008
2023-09-22 12:14:00,319.49,319.57,319.44,319.44,16716
2023-09-22 12:15:00,319.41,319.47,319.23,319.285,22276
2023-09-22 12:16:00,319.295,319.52,319.295,319.52,9366
2023-09-22 12:17:00,319.52,320.025,319.49,320.0191,45679
2023-09-22 12:18:00,320.0299,320.0299,319.83,319.97,21060
2023-09-22 12:19:00,319.98,320.02,319.88,319.9,30118
2023-09-22 12:20:00,319.905,319.989,319.88,319.8987,10362
2023-09-22 12:21:00,319.9,320.06,319.89,320.005,16977
2023-09-22 12:22:00,319.99,320.02,319.821,319.9993,30142
2023-09-22 12:23:00,319.97,319.9998,319.83,319.905,17198
2023-09-22 12:24:00,319.91,319.96,319.85,319.89,8367
2023-09-22 12:25:00,319.85,319.87,319.75,319.87,11531
2023-09-22 12:26:00,319.86,319.925,319.8,319.83,10387
2023-09-22 12:27:00,319.835,319.89,319.55,319.59,21003
2023-09-22 12:28:00,319.585,319.6899,319.56,319.68,10216
2023-09-22 12:29:00,319.68,319.79,319.62,319.705,10146
2023-09-22 12:30:00,319.68,319.7031,319.59,319.59,11285
2023-09-22 12:31:00,319.56,319.7799,319.54,319.7311,9137
2023-09-22 12:32:00,319.74,319.79,319.69,319.79,13523
2023-09-22 12:33:00,319.8,319.9,319.7609,319.9,12827
2023-09-22 12:34:00,319.88,319.9399,319.8,319.87,9483
2023-09-22 12:35:00,319.85,319.99,319.85,319.91,11506
2023-09-22 12:36:00,319.905,320.01,319.89,319.965,14375
2023-09-22 12:37:00,319.9799,319.99,319.91,319.95,20709
2023-09-22 12:38:00,319.95,319.95,319.8815,319.94,9477
2023-09-22 12:39:00,319.93,319.97,319.8101,319.935,9591
2023-09-22 12:40:00,319.95,320.03,319.88,319.9,13772
2023-09-22 12:41:00,319.905,320.04,319.89,320.02,24698
2023-09-22 12:42:00,320.04,320.04,319.88,319.9435,8748
2023-09-22 12:43:00,319.9501,320.0,319.87,319.87,8121
2023-09-22 12:44:00,319.8701,320.0,319.8701,319.98,8566
2023-09-22 12:45:00,319.97,319.975,319.87,319.93,6867
2023-09-22 12:46:00,319.92,320.13,319.92,320.04,19663
2023-09-22 12:47:00,320.045,320.06,319.97,319.99,9291
2023-09-22 12:48:00,319.99,319.99,319.83,319.84,19917
2023-09-22 12:49:00,319.86,319.96,319.86,319.93,13471
2023-09-22 12:50:00,319.93,319.9899,319.88,319.93,19091
2023-09-22 12:51:00,319.93,320.07,319.88,319.88,23498
2023-09-22 12:52:00,319.87,319.944,319.84,319.905,13641
2023-09-22 12:53:00,319.91,319.95,319.825,319.875,13714
2023-09-22 12:54:00,319.85,319.88,319.74,319.8218,12216
2023-09-22 12:55:00,319.85,319.98,319.85,319.86,12280
2023-09-22 12:56:00,319.88,320.0897,319.88,320.015,22292
2023-09-22 12:57:00,319.98,320.04,319.9536,320.03,9031
2023-09-22 12:58:00,320.02,320.02,319.79,319.815,26243
2023-09-22 12:59:00,319.81,319.82,319.6797,319.71,12988
2023-09-22 13:00:00,319.7344,319.7454,319.55,319.58,10427
2023-09-22 13:01:00,319.59,319.6165,319.51,319.53,13033
2023-09-22 13:02:00,319.55,319.63,319.44,319.48,30127
2023-09-22 13:03:00,319.48,319.48,319.37,319.38,7522
2023-09-22 13:04:00,319.385,319.5,319.37,319.41,11934
2023-09-22 13:05:00,319.4,319.405,319.23,319.32,19396
2023-09-22 13:06:00,319.335,319.3795,319.31,319.36,12499
2023-09-22 13:07:00,319.37,319.3899,319.23,319.23,16372
2023-09-22 13:08:00,319.26,319.3,319.21,319.295,14531
2023-09-22 13:09:00,319.28,319.28,319.03,319.03,13717
2023-09-22 13:10:00,319.06,319.1028,318.98,319.1,31730
2023-09-22 13:11:00,319.09,319.17,319.05,319.12,15250
2023-09-22 13:12:00,319.1181,319.29,319.11,319.29,17754
2023-09-22 13:13:00,319.275,319.3,319.0799,319.15,25175
2023-09-22 13:14:00,319.1391,319.15,319.015,319.015,5830
2023-09-22 13:15:00,319.01,319.06,318.95,319.03,21299
2023-09-22 13:16:00,319.0,319.0691,318.9929,319.02,9801
2023-09-22 13:17:00,319.01,319.04,318.935,318.98,10413
2023-09-22 13:18:00,318.98,319.03,318.63,318.73,25072
2023-09-22 13:19:00,318.72,318.78,318.65,318.69,29558
2023-09-22 13:20:00,318.68,318.7,318.42,318.42,42879
2023-09-22 13:21:00,318.4,318.62,318.4,318.6,22881
2023-09-22 13:22:00,318.57,318.69,318.54,318.6,13265
2023-09-22 13:23:00,318.6,318.61,318.33,318.365,28461
2023-09-22 13:24:00,318.35,318.35,318.17,318.34,43397
2023-09-22 13:25:00,318.34,318.35,318.18,318.18,25832
2023-09-22 13:26:00,318.17,318.19,318.02,318.0983,22912
2023-09-22 13:27:00,318.11,318.13,318.05,318.07,26089
2023-09-22 13:28:00,318.1,318.28,318.0125,318.12,36588
2023-09-22 13:29:00,318.13,318.24,318.02,318.23,13491
2023-09-22 13:30:00,318.2399,318.24,318.0,318.03,18810
2023-09-22 13:31:00,318.04,318.05,317.76,317.77,35629
2023-09-22 13:32:00,317.775,317.81,317.6291,317.72,35450
2023-09-22 13:33:00,317.71,317.843,317.595,317.595,11836
2023-09-22 13:34:00,317.6,317.67,317.57,317.58,19244
2023-09-22 13:35:00,317.575,317.8899,317.55,317.85,46174
2023-09-22 13:36:00,317.835,317.98,317.835,317.95,35498
2023-09-22 13:37:00,317.9,317.9399,317.72,317.73,32562
2023-09-22 13:38:00,317.74,317.74,317.42,317.53,49231
2023-09-22 13:39:00,317.53,317.67,317.5,317.635,18538
2023-09-22 13:40:00,317.65,317.67,317.55,317.595,17279
2023-09-22 13:41:00,317.62,317.68,317.5301,317.5571,16862
2023-09-22 13:42:00,317.5693,317.6,317.48,317.52,34202
2023-09-22 13:43:00,317.53,317.61,317.53,317.55,16943
2023-09-22 13:44:00,317.55,317.6625,317.48,317.58,27679
2023-09-22 13:45:00,317.575,317.8735,317.526,317.8735,20620
2023-09-22 13:46:00,317.86,317.875,317.73,317.79,17510
2023-09-22 13:47:00,317.8131,317.86,317.76,317.86,9678
2023-09-22 13:48:00,317.8699,317.8699,317.62,317.66,9154
2023-09-22 13:49:00,317.66,317.88,317.55,317.8258,19372
2023-09-22 13:50:00,317.82,317.93,317.73,317.91,16080
2023-09-22 13:51:00,317.88,318.15,317.86,318.08,27662
2023-09-22 13:52:00,318.09,318.18,318.0099,318.0099,8631
2023-09-22 13:53:00,317.99,318.0,317.67,317.705,14594
2023-09-22 13:54:00,317.73,317.7698,317.64,317.7698,17316
2023-09-22 13:55:00,317.79,317.86,317.77,317.77,9002
2023-09-22 13:56:00,317.81,317.91,317.81,317.83,10243
2023-09-22 13:57:00,317.825,318.0389,317.825,318.0389,8211
2023-09-22 13:58:00,318.03,318.07,317.91,317.91,11383
2023-09-22 13:59:00,317.89,317.89,317.72,317.72,7552
2023-09-22 14:00:00,317.7,317.95,317.695,317.95,9394
2023-09-22 14:01:00,317.95,317.95,317.81,317.81,7263
2023-09-22 14:02:00,317.845,317.9614,317.78,317.78,21175
2023-09-22 14:03:00,317.81,318.03,317.81,317.92,14341
2023-09-22 14:04:00,317.952,317.96,317.86,317.93,5290
2023-09-22 14:05:00,317.91,318.0485,317.87,317.92,7254
2023-09-22 14:06:00,317.91,318.0238,317.81,317.89,8760
2023-09-22 14:07:00,317.88,317.98,317.78,317.78,8390
2023-09-22 14:08:00,317.77,317.79,317.69,317.74,11771
2023-09-22 14:09:00,317.72,317.88,317.71,317.85,11630
2023-09-22 14:10:00,317.84,317.84,317.6201,317.675,21843
2023-09-22 14:11:00,317.67,317.71,317.58,317.61,21095
2023-09-22 14:12:00,317.58,317.69,317.29,317.325,35225
2023-09-22 14:13:00,317.35,317.3928,317.0923,317.14,40389
2023-09-22 14:14:00,317.165,317.18,316.9,316.985,47995
2023-09-22 14:15:00,316.945,317.125,316.91,317.04,22751
2023-09-22 14:16:00,317.0,317.0,316.775,316.84,16402
2023-09-22 14:17:00,316.8218,316.87,316.59,316.63,28914
2023-09-22 14:18:00,316.635,316.86,316.61,316.86,19171
2023-09-22 14:19:00,316.86,317.0,316.84,316.89,15798
2023-09-22 14:20:00,316.9,317.2899,316.9,317.2663,23189
2023-09-22 14:21:00,317.267,317.3385,317.2,317.24,19591
2023-09-22 14:22:00,317.235,317.4,317.235,317.3401,30972
2023-09-22 14:23:00,317.38,317.49,317.35,317.4218,18187
2023-09-22 14:24:00,317.47,317.63,317.47,317.52,18470
2023-09-22 14:25:00,317.52,317.8,317.47,317.765,18436
2023-09-22 14:26:00,317.79,317.8,317.68,317.795,23755
2023-09-22 14:27:00,317.795,317.8226,317.405,317.425,18231
2023-09-22 14:28:00,317.44,317.51,317.32,317.42,15626
2023-09-22 14:29:00,317.41,317.55,317.35,317.3799,9147
2023-09-22 14:30:00,317.36,317.46,317.3,317.38,16081
2023-09-22 14:31:00,317.38,317.59,317.19,317.31,23142
2023-09-22 14:32:00,317.33,317.43,317.24,317.24,11387
2023-09-22 14:33:00,317.23,317.59,317.21,317.53,23564
2023-09-22 14:34:00,317.52,317.78,317.51,317.671,17518
2023-09-22 14:35:00,317.7,317.84,317.63,317.8337,14862
2023-09-22 14:36:00,317.8473,317.9,317.78,317.8999,20812
2023-09-22 14:37:00,317.875,317.88,317.72,317.72,8585
2023-09-22 14:38:00,317.71,317.71,317.45,317.47,14473
2023-09-22 14:39:00,317.44,317.6,317.31,317.3718,13230
2023-09-22 14:40:00,317.395,317.539,317.36,317.42,11112
2023-09-22 14:41:00,317.415,317.4794,317.29,317.35,11317
2023-09-22 14:42:00,317.3,317.3696,317.18,317.29,12782
2023-09-22 14:43:00,317.29,317.49,317.22,317.24,13225
2023-09-22 14:44:00,317.22,317.3355,317.16,317.18,24282
2023-09-22 14:45:00,317.15,317.2999,317.08,317.28,15799
2023-09-22 14:46:00,317.3,317.36,317.18,317.33,12831
2023-09-22 14:47:00,317.3,317.42,317.22,317.26,10994
2023-09-22 14:48:00,317.25,317.38,317.2,317.38,8562
2023-09-22 14:49:00,317.4,317.53,317.4,317.53,10141
2023-09-22 14:50:00,317.51,317.6485,317.47,317.54,11033
2023-09-22 14:51:00,317.55,317.61,317.46,317.5201,8672
2023-09-22 14:52:00,317.5399,317.625,317.46,317.46,28982
2023-09-22 14:53:00,317.455,317.52,317.41,317.45,10448
2023-09-22 14:54:00,317.46,317.61,317.42,317.5859,6876
2023-09-22 14:55:00,317.5765,317.64,317.4,317.5595,8494
2023-09-22 14:56:00,317.57,317.72,317.57,317.7,17059
2023-09-22 14:57:00,317.685,317.75,317.63,317.705,7114
2023-09-22 14:58:00,317.68,317.68,317.44,317.44,12587
2023-09-22 14:59:00,317.41,317.54,317.351,317.46,11776
2023-09-22 15:00:00,317.43,318.055,317.35,317.935,22376
2023-09-22 15:01:00,317.9,318.06,317.77,318.005,18022
2023-09-22 15:02:00,318.01,318.14,317.97,318.03,17823
2023-09-22 15:03:00,318.045,318.06,317.8615,317.9164,13777
2023-09-22 15:04:00,317.92,317.96,317.78,317.78,9335
2023-09-22 15:05:00,317.8,317.9,317.68,317.84,26895
2023-09-22 15:06:00,317.87,317.92,317.83,317.875,7260
2023-09-22 15:07:00,317.91,318.22,317.91,318.195,30963
2023-09-22 15:08:00,318.24,318.84,318.23,318.65,50745
2023-09-22 15:09:00,318.645,318.8,318.53,318.76,25073
2023-09-22 15:10:00,318.8,318.87,318.53,318.585,30910
2023-09-22 15:11:00,318.61,318.7,318.46,318.655,14084
2023-09-22 15:12:00,318.64,318.68,318.54,318.66,9941
2023-09-22 15:13:00,318.65,318.71,318.51,318.61,19276
2023-09-22 15:14:00,318.61,318.65,318.5,318.55,8397
2023-09-22 15:15:00,318.56,318.67,318.5501,318.67,23254
2023-09-22 15:16:00,318.66,318.84,318.5164,318.53,27547
2023-09-22 15:17:00,318.55,318.62,318.395,318.6,11889
2023-09-22 15:18:00,318.64,318.82,318.615,318.82,14674
2023-09-22 15:19:00,318.815,318.91,318.7401,318.79,25845
2023-09-22 15:20:00,318.785,318.83,318.6717,318.7071,18741
2023-09-22 15:21:00,318.73,318.76,318.6,318.68,10131
2023-09-22 15:22:00,318.65,318.86,318.64,318.81,15601
2023-09-22 15:23:00,318.82,319.18,318.82,319.1231,29114
2023-09-22 15:24:00,319.12,319.3,318.96,319.12,46523
2023-09-22 15:25:00,319.13,319.213,318.94,319.0635,28463
2023-09-22 15:26:00,319.06,319.13,319.022,319.08,18421
2023-09-22 15:27:00,319.09,319.15,318.9927,319.0436,17037
2023-09-22 15:28:00,319.04,319.04,318.83,318.85,31249
2023-09-22 15:29:00,318.86,318.86,318.7342,318.75,29320
2023-09-22 15:30:00,318.79,318.85,318.73,318.825,39687
2023-09-22 15:31:00,318.84,318.86,318.7031,318.7542,35024
2023-09-22 15:32:00,318.7452,318.75,318.47,318.545,18356
2023-09-22 15:33:00,318.5348,318.625,318.36,318.435,26392
2023-09-22 15:34:00,318.435,318.55,318.39,318.41,24186
2023-09-22 15:35:00,318.405,318.54,318.3759,318.45,36521
2023-09-22 15:36:00,318.45,318.56,318.34,318.56,32784
2023-09-22 15:37:00,318.54,318.56,318.46,318.51,14083
2023-09-22 15:38:00,318.515,318.59,318.405,318.52,31806
2023-09-22 15:39:00,318.52,318.58,318.47,318.52,27278
2023-09-22 15:40:00,318.53,318.61,318.4,318.4335,28423
2023-09-22 15:41:00,318.42,318.465,318.21,318.23,39736
2023-09-22 15:42:00,318.22,318.3,318.04,318.12,46611
2023-09-22 15:43:00,318.11,318.24,317.89,317.9249,55183
2023-09-22 15:44:00,317.915,317.94,317.6673,317.72,44269
2023-09-22 15:45:00,317.7,317.81,317.58,317.69,41778
2023-09-22 15:46:00,317.69,317.78,317.42,317.44,39606
2023-09-22 15:47:00,317.435,317.455,316.9501,316.99,50231
2023-09-22 15:48:00,316.99,317.13,316.91,316.95,39527
2023-09-22 15:49:00,316.98,317.29,316.98,317.25,46956
2023-09-22 15:50:00,317.24,317.27,316.6608,316.68,93329
2023-09-22 15:51:00,316.7,316.73,316.29,316.29,82157
2023-09-22 15:52:00,316.33,316.47,316.1501,316.2,82301
2023-09-22 15:53:00,316.2,316.4999,316.15,316.42,114494
2023-09-22 15:54:00,316.425,316.69,316.27,316.415,87223
2023-09-22 15:55:00,316.42,317.16,316.42,316.705,110002
2023-09-22 15:56:00,316.67,316.93,316.65,316.78,59737
2023-09-22 15:57:00,316.8,316.89,316.38,316.64,88397
2023-09-22 15:58:00,316.665,317.02,316.665,316.9202,145996
2023-09-22 15:59:00,316.92,317.17,316.62,317.01,372479
2023-09-25 09:30:00,316.93,317.41,316.59,317.37,369712
2023-09-25 09:31:00,317.34,317.39,316.5315,316.595,48259
2023-09-25 09:32:00,316.58,316.6764,315.89,315.9613,114179
2023-09-25 09:33:00,315.99,316.22,315.65,315.84,43781
2023-09-25 09:34:00,315.8192,316.07,315.66,316.07,43885
2023-09-25 09:35:00,316.1,316.34,315.65,315.76,63588
2023-09-25 09:36:00,315.74,316.14,315.7,316.135,35778
2023-09-25 09:37:00,316.1,317.01,316.065,316.945,141805
2023-09-25 09:38:00,316.93,317.26,316.78,316.835,72319
2023-09-25 09:39:00,316.835,317.22,316.69,317.22,83958
2023-09-25 09:40:00,317.2038,317.67,317.1801,317.4,66840
2023-09-25 09:41:00,317.4168,317.4168,316.55,316.69,39969
2023-09-25 09:42:00,316.71,317.07,316.58,316.96,49578
2023-09-25 09:43:00,316.9,317.08,316.5,316.56,46746
2023-09-25 09:44:00,316.53,316.68,316.26,316.53,28281
2023-09-25 09:45:00,316.53,316.66,316.14,316.3,48230
2023-09-25 09:46:00,316.31,316.8,316.28,316.65,32182
2023-09-25 09:47:00,316.62,316.9,316.28,316.2863,56646
2023-09-25 09:48:00,316.3,316.62,316.1115,316.17,62673
2023-09-25 09:49:00,316.16,316.32,316.1334,316.1799,28169
2023-09-25 09:50:00,316.18,316.75,316.14,316.555,54892
2023-09-25 09:51:00,316.54,316.65,316.33,316.45,26741
2023-09-25 09:52:00,316.44,316.55,316.19,316.26,60490
2023-09-25 09:53:00,316.3,316.42,315.92,316.3179,37854
2023-09-25 09:54:00,316.29,316.38,316.0701,316.2125,29401
2023-09-25 09:55:00,316.2,316.3948,316.105,316.165,51426
2023-09-25 09:56:00,316.145,316.635,316.135,316.59,52513
2023-09-25 09:57:00,316.6,316.7426,316.36,316.565,56562
2023-09-25 09:58:00,316.565,316.6799,316.22,316.4355,48546
2023-09-25 09:59:00,316.44,316.59,316.23,316.39,53099
2023-09-25 10:00:00,316.43,317.01,316.42,316.9165,44793
2023-09-25 10:01:00,316.92,316.9687,316.53,316.62,49802
2023-09-25 10:02:00,316.5875,316.61,316.24,316.31,41682
2023-09-25 10:03:00,316.32,316.38,316.1804,316.285,26479
2023-09-25 10:04:00,316.26,316.845,316.2,316.71,40978
2023-09-25 10:05:00,316.64,316.85,316.53,316.66,32876
2023-09-25 10:06:00,316.63,316.98,316.62,316.71,55256
2023-09-25 10:07:00,316.78,317.0899,316.56,316.58,34579
2023-09-25 10:08:00,316.5878,316.78,316.3606,316.5916,28519
2023-09-25 10:09:00,316.6,316.85,316.47,316.715,21826
2023-09-25 10:10:00,316.715,317.37,316.64,317.36,50764
2023-09-25 10:11:00,317.31,317.4525,317.14,317.36,38459
2023-09-25 10:12:00,317.37,317.5499,317.21,317.345,35734
2023-09-25 10:13:00,317.36,317.375,316.9601,316.9901,30769
2023-09-25 10:14:00,317.05,317.38,317.05,317.329,22649
2023-09-25 10:15:00,317.3,317.48,317.1,317.44,35856
2023-09-25 10:16:00,317.3625,317.62,317.3625,317.46,31441
2023-09-25 10:17:00,317.4163,317.53,317.13,317.23,30636
2023-09-25 10:18:00,317.15,317.25,316.86,316.86,28822
2023-09-25 10:19:00,316.885,316.9,316.5,316.54,33582
2023-09-25 10:20:00,316.52,316.83,316.464,316.64,26352
2023-09-25 10:21:00,316.56,316.6499,316.29,316.4,34571
2023-09-25 10:22:00,316.384,316.51,316.3,316.3,28944
2023-09-25 10:23:00,316.32,316.52,316.18,316.51,23852
2023-09-25 10:24:00,316.52,316.85,316.46,316.49,32072
2023-09-25 10:25:00,316.39,316.47,316.15,316.36,31132
2023-09-25 10:26:00,316.34,316.36,316.12,316.18,23134
2023-09-25 10:27:00,316.19,316.33,316.07,316.25,12166
2023-09-25 10:28:00,316.2233,316.48,316.2233,316.26,18087
2023-09-25 10:29:00,316.29,316.49,316.019,316.08,24718
2023-09-25 10:30:00,316.05,316.1,315.83,315.9531,29171
2023-09-25 10:31:00,315.92,316.04,315.8,315.8,14344
2023-09-25 10:32:00,315.81,316.31,315.7826,316.23,27762
2023-09-25 10:33:00,316.25,316.5461,316.19,316.51,20232
2023-09-25 10:34:00,316.475,316.82,316.475,316.5428,35562
2023-09-25 10:35:00,316.59,316.7487,316.18,316.39,29638
2023-09-25 10:36:00,316.43,316.5,316.21,316.37,47979
2023-09-25 10:37:00,316.32,316.48,316.3,316.42,27477
2023-09-25 10:38:00,316.4,316.46,316.09,316.13,20824
2023-09-25 10:39:00,316.16,316.3,316.14,316.3,17775
2023-09-25 10:40:00,316.2812,316.3772,316.06,316.1,24164
2023-09-25 10:41:00,316.07,316.32,316.05,316.29,21484
2023-09-25 10:42:00,316.34,316.45,316.25,316.31,14210
2023-09-25 10:43:00,316.19,316.29,316.0405,316.12,12039
2023-09-25 10:44:00,316.12,316.16,315.97,316.0308,19006
2023-09-25 10:45:00,316.03,316.4,316.01,316.07,23591
2023-09-25 10:46:00,316.06,316.24,315.985,316.17,26002
2023-09-25 10:47:00,316.19,316.4,316.14,316.25,17258
2023-09-25 10:48:00,316.26,316.26,316.0159,316.18,22954
2023-09-25 10:49:00,316.16,316.16,315.85,315.88,29657
2023-09-25 10:50:00,315.91,315.9115,315.37,315.41,59467
2023-09-25 10:51:00,315.4001,315.51,315.23,315.31,22069
2023-09-25 10:52:00,315.3,315.51,315.3,315.3751,14358
2023-09-25 10:53:00,315.36,315.41,315.22,315.33,19688
2023-09-25 10:54:00,315.39,315.39,315.14,315.3,19823
2023-09-25 10:55:00,315.35,315.3612,315.12,315.18,45921
2023-09-25 10:56:00,315.19,315.445,315.175,315.4,17263
2023-09-25 10:57:00,315.39,315.485,315.3101,315.425,13955
2023-09-25 10:58:00,315.425,315.44,315.31,315.38,14915
2023-09-25 10:59:00,315.38,315.42,315.06,315.1,36909
2023-09-25 11:00:00,315.08,315.41,315.08,315.24,27370
2023-09-25 11:01:00,315.21,315.3377,315.12,315.2,14606
2023-09-25 11:02:00,315.24,315.34,315.12,315.25,16885
2023-09-25 11:03:00,315.25,315.32,315.11,315.17,16591
2023-09-25 11:04:00,315.18,315.38,315.17,315.2592,13977
2023-09-25 11:05:00,315.27,315.55,315.23,315.32,23738
2023-09-25 11:06:00,315.31,315.538,315.2,315.49,18360
2023-09-25 11:07:00,315.45,315.55,315.37,315.55,12545
2023-09-25 11:08:00,315.53,315.72,315.5,315.58,24197
2023-09-25 11:09:00,315.61,316.28,315.61,316.28,53673
2023-09-25 11:10:00,316.26,316.49,316.15,316.43,30528
2023-09-25 11:11:00,316.4292,316.4697,316.22,316.39,20880
2023-09-25 11:12:00,316.39,316.39,316.18,316.28,15195
2023-09-25 11:13:00,316.28,316.43,316.21,316.23,12851
2023-09-25 11:14:00,316.2,316.305,316.12,316.29,12369
2023-09-25 11:15:00,316.24,316.53,316.24,316.53,19441
2023-09-25 11:16:00,316.52,317.0,316.52,316.79,40304
2023-09-25 11:17:00,316.79,317.13,316.7,316.95,49033
2023-09-25 11:18:00,317.0,317.0523,316.7,316.78,40727
2023-09-25 11:19:00,316.84,317.22,316.81,317.12,43438
2023-09-25 11:20:00,317.14,317.16,316.7,316.765,17079
2023-09-25 11:21:00,316.7957,316.9,316.65,316.83,15833
2023-09-25 11:22:00,316.83,316.92,316.77,316.79,11061
2023-09-25 11:23:00,316.81,316.8981,316.675,316.78,21182
2023-09-25 11:24:00,316.785,316.98,316.742,316.9,20663
2023-09-25 11:25:00,316.92,316.965,316.69,316.83,17561
2023-09-25 11:26:00,316.83,316.95,316.7533,316.82,15122
2023-09-25 11:27:00,316.75,316.96,316.73,316.81,9300
2023-09-25 11:28:00,316.78,316.83,316.591,316.78,16534
2023-09-25 11:29:00,316.77,316.78,316.43,316.5,18288
2023-09-25 11:30:00,316.52,316.58,316.4,316.54,10696
2023-09-25 11:31:00,316.58,316.78,316.4842,316.54,9340
2023-09-25 11:32:00,316.51,316.66,316.51,316.5539,10700
2023-09-25 11:33:00,316.55,316.59,316.439,316.59,16348
2023-09-25 11:34:00,316.62,316.65,316.54,316.62,13569
2023-09-25 11:35:00,316.615,316.77,316.61,316.73,16260
2023-09-25 11:36:00,316.72,316.95,316.69,316.93,12481
2023-09-25 11:37:00,316.8811,316.8811,316.66,316.72,9231
2023-09-25 11:38:00,316.76,316.9,316.74,316.88,13384
2023-09-25 11:39:00,316.89,316.95,316.85,316.892,17307
2023-09-25 11:40:00,316.89,316.95,316.79,316.8098,13652
2023-09-25 11:41:00,316.77,316.77,316.63,316.73,11619
2023-09-25 11:42:00,316.78,316.8,316.69,316.74,8145
2023-09-25 11:43:00,316.78,317.19,316.78,317.17,51773
2023-09-25 11:44:00,317.16,317.1747,316.922,316.94,14096
2023-09-25 11:45:00,316.98,316.98,316.74,316.91,15116
2023-09-25 11:46:00,316.88,316.945,316.61,316.7,22021
2023-09-25 11:47:00,316.73,316.88,316.69,316.8606,10479
2023-09-25 11:48:00,316.885,317.0,316.86,316.95,18375
2023-09-25 11:49:00,316.91,317.0388,316.88,316.905,15365
2023-09-25 11:50:00,316.89,316.945,316.77,316.865,11679
2023-09-25 11:51:00,316.85,316.92,316.78,316.86,9462
2023-09-25 11:52:00,316.88,316.93,316.755,316.755,12849
2023-09-25 11:53:00,316.71,316.75,316.5666,316.665,11267
2023-09-25 11:54:00,316.65,316.74,316.565,316.74,8497
2023-09-25 11:55:00,316.75,316.86,316.61,316.61,12772
2023-09-25 11:56:00,316.61,316.62,316.45,316.45,8185
2023-09-25 11:57:00,316.44,316.49,316.3305,316.39,14152
2023-09-25 11:58:00,316.395,316.4,316.27,316.32,14298
2023-09-25 11:59:00,316.33,316.5,316.28,316.485,15280
2023-09-25 12:00:00,316.51,316.54,316.3305,316.37,18354
2023-09-25 12:01:00,316.47,316.58,316.43,316.43,12922
2023-09-25 12:02:00,316.45,316.5399,316.38,316.41,11317
2023-09-25 12:03:00,316.33,316.39,316.15,316.18,11537
2023-09-25 12:04:00,316.195,316.24,316.14,316.21,8551
2023-09-25 12:05:00,316.21,316.35,316.21,316.22,10958
2023-09-25 12:06:00,316.21,316.26,316.1,316.12,10951
2023-09-25 12:07:00,316.145,316.3,316.145,316.2717,8517
2023-09-25 12:08:00,316.29,316.37,316.09,316.11,21061
2023-09-25 12:09:00,316.1299,316.25,315.96,315.975,27542
2023-09-25 12:10:00,315.93,316.08,315.86,315.945,17880
2023-09-25 12:11:00,315.96,316.22,315.96,316.105,12271
2023-09-25 12:12:00,316.13,316.1653,316.01,316.075,7435
2023-09-25 12:13:00,316.07,316.25,316.07,316.2456,11567
2023-09-25 12:14:00,316.2438,316.31,316.09,316.24,7063
2023-09-25 12:15:00,316.23,316.41,316.23,316.4,6818
2023-09-25 12:16:00,316.38,316.72,316.37,316.72,22246
2023-09-25 12:17:00,316.715,316.84,316.7,316.79,25114
2023-09-25 12:18:00,316.82,316.82,316.67,316.725,8763
2023-09-25 12:19:00,316.69,316.69,316.54,316.59,9855
2023-09-25 12:20:00,316.6142,316.76,316.61,316.76,22665
2023-09-25 12:21:00,316.77,316.79,316.6,316.65,8738
2023-09-25 12:22:00,316.64,316.82,316.64,316.67,25066
2023-09-25 12:23:00,316.68,316.78,316.68,316.78,5912
2023-09-25 12:24:00,316.79,316.86,316.69,316.7701,22336
2023-09-25 12:25:00,316.7816,316.85,316.75,316.83,13317
2023-09-25 12:26:00,316.84,316.85,316.76,316.84,9244
2023-09-25 12:27:00,316.82,316.82,316.5901,316.63,11395
2023-09-25 12:28:00,316.6137,316.7,316.52,316.6627,19991
2023-09-25 12:29:00,316.63,316.6401,316.5397,316.59,7904
2023-09-25 12:30:00,316.61,316.69,316.59,316.6114,5507
2023-09-25 12:31:00,316.57,316.6501,316.55,316.61,6899
2023-09-25 12:32:00,316.605,316.63,316.55,316.63,6398
2023-09-25 12:33:00,316.615,316.645,316.56,316.5778,8225
2023-09-25 12:34:00,316.58,316.65,316.5,316.525,10047
2023-09-25 12:35:00,316.52,316.5321,316.35,316.385,11637
2023-09-25 12:36:00,316.385,316.5,316.32,316.34,10406
2023-09-25 12:37:00,316.33,316.42,316.2101,316.2101,11300
2023-09-25 12:38:00,316.23,316.33,316.1401,316.23,12789
2023-09-25 12:39:00,316.2379,316.24,316.03,316.09,12744
2023-09-25 12:40:00,316.1,316.27,316.085,316.27,19657
2023-09-25 12:41:00,316.267,316.28,316.14,316.28,9925
2023-09-25 12:42:00,316.317,316.3309,316.169,316.25,5486
2023-09-25 12:43:00,316.2522,316.27,316.1,316.12,8839
2023-09-25 12:44:00,316.09,316.14,316.0,316.0001,10471
2023-09-25 12:45:00,316.02,316.0285,315.85,315.99,12866
2023-09-25 12:46:00,315.9899,315.99,315.74,315.78,13539
2023-09-25 12:47:00,315.77,315.93,315.71,315.87,22146
2023-09-25 12:48:00,315.87,315.94,315.76,315.77,12270
2023-09-25 12:49:00,315.79,315.93,315.75,315.78,5873
2023-09-25 12:50:00,315.7952,315.7952,315.5001,315.5001,12541
2023-09-25 12:51:00,315.51,315.51,315.3313,315.43,15110
2023-09-25 12:52:00,315.44,315.58,315.4,315.5499,40308
2023-09-25 12:53:00,315.55,315.57,315.43,315.53,41403
2023-09-25 12:54:00,315.547,315.72,315.52,315.6801,22005
2023-09-25 12:55:00,315.68,315.71,315.59,315.5991,9986
2023-09-25 12:56:00,315.6069,315.66,315.56,315.56,7154
2023-09-25 12:57:00,315.5759,315.71,315.5101,315.54,22756
2023-09-25 12:58:00,315.5231,315.65,315.5231,315.56,13234
2023-09-25 12:59:00,315.55,315.71,315.55,315.6801,28450
2023-09-25 13:00:00,315.68,315.68,315.58,315.615,7169
2023-09-25 13:01:00,315.625,315.64,315.52,315.565,15629
2023-09-25 13:02:00,315.57,315.6975,315.5,315.51,28061
2023-09-25 13:03:00,315.54,315.57,315.4624,315.5,19907
2023-09-25 13:04:00,315.5,315.51,315.34,315.37,10218
2023-09-25 13:05:00,315.37,315.58,315.37,315.535,6920
2023-09-25 13:06:00,315.535,315.97,315.52,315.97,50914
2023-09-25 13:07:00,315.97,316.14,315.91,316.0701,20605
2023-09-25 13:08:00,316.0817,316.215,316.0201,316.19,21321
2023-09-25 13:09:00,316.2,316.21,316.08,316.1,12254
2023-09-25 13:10:00,316.13,316.2,316.07,316.13,10668
2023-09-25 13:11:00,316.17,316.285,316.16,316.27,11549
2023-09-25 13:12:00,316.23,316.4513,316.22,316.42,28924
2023-09-25 13:13:00,316.43,316.43,316.3058,316.32,9384
2023-09-25 13:14:00,316.36,316.36,316.26,316.34,11962
2023-09-25 13:15:00,316.35,316.4,316.19,316.36,32577
2023-09-25 13:16:00,316.35,316.39,316.2701,316.2701,14831
2023-09-25 13:17:00,316.26,316.3,316.1941,316.23,7439
2023-09-25 13:18:00,316.24,316.28,316.1,316.24,5554
2023-09-25 13:19:00,316.17,316.18,316.0101,316.15,16943
2023-09-25 13:20:00,316.09,316.129,315.94,316.11,16250
2023-09-25 13:21:00,316.13,316.18,316.01,316.09,9608
2023-09-25 13:22:00,316.09,316.11,315.93,315.93,8338
2023-09-25 13:23:00,315.95,316.05,315.92,315.92,10587
2023-09-25 13:24:00,315.94,315.94,315.7637,315.86,15853
2023-09-25 13:25:00,315.85,315.86,315.74,315.767,15464
2023-09-25 13:26:00,315.7369,315.88,315.6701,315.8,15310
2023-09-25 13:27:00,315.84,315.86,315.65,315.67,9420
2023-09-25 13:28:00,315.6425,315.71,315.39,315.4018,26095
2023-09-25 13:29:00,315.45,315.72,315.44,315.68,20024
2023-09-25 13:30:00,315.69,315.72,315.45,315.59,25248
2023-09-25 13:31:00,315.6,315.6,315.38,315.4713,13588
2023-09-25 13:32:00,315.507,315.5599,315.38,315.485,10775
2023-09-25 13:33:00,315.5,315.57,315.48,315.5,11577
2023-09-25 13:34:00,315.5,315.68,315.5,315.6452,10059
2023-09-25 13:35:00,315.6404,315.75,315.56,315.56,5416
2023-09-25 13:36:00,315.565,315.64,315.565,315.59,5444
2023-09-25 13:37:00,315.605,315.69,315.57,315.6,5985
2023-09-25 13:38:00,315.63,315.81,315.63,315.79,6382
2023-09-25 13:39:00,315.8099,315.88,315.78,315.855,20384
2023-09-25 13:40:00,315.8401,315.855,315.71,315.73,12772
2023-09-25 13:41:00,315.744,315.82,315.6353,315.72,9756
2023-09-25 13:42:00,315.6995,315.705,315.55,315.62,5520
2023-09-25 13:43:00,315.61,315.61,315.47,315.55,11516
2023-09-25 13:44:00,315.5982,315.66,315.5276,315.55,9957
2023-09-25 13:45:00,315.57,315.64,315.43,315.5011,19202
2023-09-25 13:46:00,315.49,315.63,315.48,315.625,7955
2023-09-25 13:47:00,315.66,315.67,315.27,315.27,15810
2023-09-25 13:48:00,315.298,315.665,315.298,315.65,25256
2023-09-25 13:49:00,315.63,315.78,315.62,315.74,10510
2023-09-25 13:50:00,315.74,315.81,315.7,315.7141,10015
2023-09-25 13:51:00,315.7071,315.82,315.68,315.7828,18291
2023-09-25 13:52:00,315.7984,316.0499,315.79,315.96,20173
2023-09-25 13:53:00,315.93,315.97,315.734,315.84,11814
2023-09-25 13:54:00,315.84,316.03,315.83,316.01,22094
2023-09-25 13:55:00,316.0016,316.09,315.97,316.04,15260
2023-09-25 13:56:00,316.04,316.11,316.025,316.06,19838
2023-09-25 13:57:00,316.0472,316.2345,316.0472,316.2037,10018
2023-09-25 13:58:00,316.2,316.21,316.12,316.14,20317
2023-09-25 13:59:00,316.15,316.3,316.14,316.29,13935
2023-09-25 14:00:00,316.31,316.42,316.2437,316.38,17880
2023-09-25 14:01:00,316.36,316.39,316.26,316.32,16842
2023-09-25 14:02:00,316.3,316.4,316.21,316.21,8092
2023-09-25 14:03:00,316.255,316.255,316.12,316.15,8894
2023-09-25 14:04:00,316.175,316.26,316.13,316.26,19708
2023-09-25 14:05:00,316.29,316.46,316.25,316.43,21557
2023-09-25 14:06:00,316.41,316.41,316.24,316.36,8893
2023-09-25 14:07:00,316.38,316.44,316.25,316.25,27787
2023-09-25 14:08:00,316.25,316.27,316.06,316.17,14349
2023-09-25 14:09:00,316.15,316.255,316.0915,316.12,10302
2023-09-25 14:10:00,316.09,316.33,316.0783,316.29,22709
2023-09-25 14:11:00,316.27,316.35,316.1616,316.1616,14323
2023-09-25 14:12:00,316.17,316.1963,316.04,316.1099,14182
2023-09-25 14:13:00,316.11,316.2299,316.11,316.22,12316
2023-09-25 14:14:00,316.22,316.4,316.2,316.2,27190
2023-09-25 14:15:00,316.16,316.25,316.09,316.13,8955
2023-09-25 14:16:00,316.135,316.23,316.135,316.17,7117
2023-09-25 14:17:00,316.17,316.17,316.08,316.1,10620
2023-09-25 14:18:00,316.105,316.1371,315.91,315.97,17058
2023-09-25 14:19:00,315.99,316.21,315.98,316.19,7588
2023-09-25 14:20:00,316.2,316.4,316.08,316.09,28189
2023-09-25 14:21:00,316.07,316.09,315.98,316.01,11403
2023-09-25 14:22:00,316.04,316.045,315.83,315.83,15273
2023-09-25 14:23:00,315.79,316.0,315.7264,315.97,13724
2023-09-25 14:24:00,315.97,315.9899,315.7176,315.7176,14090
2023-09-25 14:25:00,315.7399,315.78,315.66,315.76,15729
2023-09-25 14:26:00,315.7588,315.96,315.72,315.955,15159
2023-09-25 14:27:00,315.92,316.08,315.86,316.0202,9550
2023-09-25 14:28:00,316.0,316.0889,315.94,316.01,21071
2023-09-25 14:29:00,316.03,316.06,315.835,315.87,24226
2023-09-25 14:30:00,315.83,315.86,315.69,315.72,12275
2023-09-25 14:31:00,315.72,315.78,315.665,315.73,10827
2023-09-25 14:32:00,315.7101,316.02,315.71,315.95,26202
2023-09-25 14:33:00,315.9208,315.9825,315.87,315.98,9609
2023-09-25 14:34:00,315.93,316.1448,315.93,316.09,17925
2023-09-25 14:35:00,316.088,316.34,316.0848,316.34,30774
2023-09-25 14:36:00,316.31,316.45,316.31,316.3337,23132
2023-09-25 14:37:00,316.32,316.45,316.25,316.4299,15101
2023-09-25 14:38:00,316.41,316.41,316.14,316.175,32231
2023-09-25 14:39:00,316.16,316.22,316.0,316.01,14000
2023-09-25 14:40:00,316.005,316.2,316.005,316.18,23630
2023-09-25 14:41:00,316.17,316.2999,316.1,316.1,10933
2023-09-25 14:42:00,316.1025,316.24,315.96,315.96,25557
2023-09-25 14:43:00,316.0037,316.0037,315.842,315.885,14686
2023-09-25 14:44:00,315.87,315.99,315.77,315.92,20931
2023-09-25 14:45:00,315.925,316.05,315.9,316.01,19121
2023-09-25 14:46:00,316.07,316.24,316.04,316.21,13061
2023-09-25 14:47:00,316.19,316.19,315.81,315.865,12533
2023-09-25 14:48:00,315.88,315.97,315.74,315.97,12245
2023-09-25 14:49:00,315.92,316.045,315.9,315.96,9088
2023-09-25 14:50:00,315.915,315.97,315.81,315.81,9187
2023-09-25 14:51:00,315.79,316.01,315.73,316.0,14643
2023-09-25 14:52:00,315.965,316.02,315.81,315.86,12704
2023-09-25 14:53:00,315.85,316.03,315.845,316.03,8748
2023-09-25 14:54:00,316.03,316.04,315.7501,315.815,8808
2023-09-25 14:55:00,315.83,315.89,315.74,315.8301,20780
2023-09-25 14:56:00,315.82,315.82,315.5337,315.58,25853
2023-09-25 14:57:00,315.59,315.7899,315.5,315.6701,26739
2023-09-25 14:58:00,315.69,315.71,315.51,315.65,10795
2023-09-25 14:59:00,315.65,315.718,315.6,315.6,13874
2023-09-25 15:00:00,315.61,315.625,315.525,315.62,11966
2023-09-25 15:01:00,315.66,315.77,315.25,315.25,44496
2023-09-25 15:02:00,315.27,315.37,315.18,315.26,24202
2023-09-25 15:03:00,315.24,315.3,315.03,315.03,34369
2023-09-25 15:04:00,315.04,315.21,315.01,315.1867,37675
2023-09-25 15:05:00,315.185,315.2674,315.15,315.19,17419
2023-09-25 15:06:00,315.205,315.3018,315.15,315.25,16438
2023-09-25 15:07:00,315.215,315.27,315.12,315.14,18944
2023-09-25 15:08:00,315.15,315.18,315.0516,315.14,13049
2023-09-25 15:09:00,315.13,315.26,315.05,315.12,19512
2023-09-25 15:10:00,315.1,315.32,315.07,315.16,25261
2023-09-25 15:11:00,315.1701,315.28,315.14,315.24,6792
2023-09-25 15:12:00,315.2,315.265,315.05,315.15,40581
2023-09-25 15:13:00,315.15,315.16,315.0,315.07,57832
2023-09-25 15:14:00,315.05,315.45,315.05,315.41,29691
2023-09-25 15:15:00,315.4,315.7301,315.39,315.73,31996
2023-09-25 15:16:00,315.7,316.18,315.66,316.14,31803
2023-09-25 15:17:00,316.14,316.17,315.94,316.031,28725
2023-09-25 15:18:00,316.04,316.06,315.92,316.0,15064
2023-09-25 15:19:00,315.98,316.29,315.975,316.26,19410
2023-09-25 15:20:00,316.24,316.28,316.0601,316.13,25016
2023-09-25 15:21:00,316.09,316.32,316.07,316.21,18848
2023-09-25 15:22:00,316.22,316.23,316.11,316.215,18322
2023-09-25 15:23:00,316.19,316.2,315.931,315.9431,22137
2023-09-25 15:24:00,315.93,316.16,315.84,316.08,21956
2023-09-25 15:25:00,316.09,316.1,315.97,315.995,18824
2023-09-25 15:26:00,315.98,316.09,315.97,316.025,20220
2023-09-25 15:27:00,316.02,316.02,315.8601,315.89,13407
2023-09-25 15:28:00,315.86,315.9,315.68,315.78,25116
2023-09-25 15:29:00,315.775,316.19,315.775,316.1799,34431
2023-09-25 15:30:00,316.15,316.26,315.95,316.19,26857
2023-09-25 15:31:00,316.21,316.3699,316.17,316.33,49133
2023-09-25 15:32:00,316.34,316.44,316.26,316.38,37095
2023-09-25 15:33:00,316.35,316.76,316.3,316.73,83581
2023-09-25 15:34:00,316.72,316.73,316.43,316.475,21404
2023-09-25 15:35:00,316.48,316.52,316.4001,316.4801,25815
2023-09-25 15:36:00,316.51,316.69,316.49,316.64,44496
2023-09-25 15:37:00,316.6497,316.6497,316.49,316.55,17000
2023-09-25 15:38:00,316.53,316.59,316.46,316.58,14412
2023-09-25 15:39:00,316.5841,316.98,316.5841,316.95,54218
2023-09-25 15:40:00,316.94,316.99,316.831,316.8599,43736
2023-09-25 15:41:00,316.84,316.94,316.74,316.92,29630
2023-09-25 15:42:00,316.93,316.94,316.74,316.78,25771
2023-09-25 15:43:00,316.8,316.81,316.62,316.69,22494
2023-09-25 15:44:00,316.7,316.765,316.54,316.67,38828
2023-09-25 15:45:00,316.64,316.78,316.585,316.75,32734
2023-09-25 15:46:00,316.74,316.83,316.63,316.73,37069
2023-09-25 15:47:00,316.75,316.79,316.66,316.72,22465
2023-09-25 15:48:00,316.73,316.81,316.51,316.5341,31157
2023-09-25 15:49:00,316.51,316.73,316.45,316.65,29847
2023-09-25 15:50:00,316.64,317.09,316.57,317.09,46964
2023-09-25 15:51:00,317.1,317.15,316.56,316.5873,50200
2023-09-25 15:52:00,316.59,316.62,316.5,316.62,40922
2023-09-25 15:53:00,316.59,316.65,316.46,316.58,28618
2023-09-25 15:54:00,316.56,316.7,316.2229,316.675,94626
2023-09-25 15:55:00,316.63,316.95,316.37,316.93,79317
2023-09-25 15:56:00,316.94,317.28,316.92,317.26,91002
2023-09-25 15:57:00,317.27,317.39,317.12,317.2,76724
2023-09-25 15:58:00,317.2,317.34,317.08,317.265,82358
2023-09-25 15:59:00,317.25,317.63,317.11,317.6,233984
2023-09-26 09:30:00,315.19,315.5,314.6,314.86,388717
2023-09-26 09:31:00,314.82,314.85,314.3,314.39,68150
2023-09-26 09:32:00,314.37,314.705,314.29,314.54,129644
2023-09-26 09:33:00,314.51,314.82,314.22,314.245,68115
2023-09-26 09:34:00,314.22,314.63,314.2,314.49,59207
2023-09-26 09:35:00,314.5,314.98,314.33,314.44,76285
2023-09-26 09:36:00,314.45,314.95,314.4,314.92,100598
2023-09-26 09:37:00,314.92,315.2999,314.62,315.2958,115926
2023-09-26 09:38:00,315.26,315.75,314.91,315.4824,79864
2023-09-26 09:39:00,315.49,315.75,315.32,315.66,66563
2023-09-26 09:40:00,315.61,315.88,315.2515,315.3,46959
2023-09-26 09:41:00,315.32,315.495,314.97,314.971,51884
2023-09-26 09:42:00,314.98,315.55,314.92,315.32,35640
2023-09-26 09:43:00,315.27,315.27,314.6,314.61,58565
2023-09-26 09:44:00,314.595,314.93,314.5207,314.61,54117
2023-09-26 09:45:00,314.605,314.67,314.33,314.51,54117
2023-09-26 09:46:00,314.529,314.85,314.4197,314.6841,38126
2023-09-26 09:47:00,314.63,314.7,314.33,314.54,37753
2023-09-26 09:48:00,314.49,314.84,314.46,314.8199,36703
2023-09-26 09:49:00,314.77,314.8499,314.35,314.37,36033
2023-09-26 09:50:00,314.37,314.4617,314.13,314.2806,64991
2023-09-26 09:51:00,314.19,314.32,314.03,314.25,94713
2023-09-26 09:52:00,314.23,314.35,313.84,313.8495,77032
2023-09-26 09:53:00,313.8616,314.0802,313.77,314.0,64992
2023-09-26 09:54:00,313.98,314.0,313.46,313.5195,68975
2023-09-26 09:55:00,313.53,313.65,313.38,313.56,61239
2023-09-26 09:56:00,313.52,313.8,313.45,313.799,55324
2023-09-26 09:57:00,313.8,313.83,313.3001,313.3001,31130
2023-09-26 09:58:00,313.3,313.43,313.185,313.2437,26691
2023-09-26 09:59:00,313.26,313.44,313.22,313.27,23079
2023-09-26 10:00:00,313.24,313.52,313.2,313.5,57567
2023-09-26 10:01:00,313.475,313.7199,313.4401,313.61,29856
2023-09-26 10:02:00,313.63,313.63,313.235,313.46,32465
2023-09-26 10:03:00,313.45,313.48,313.18,313.29,28650
2023-09-26 10:04:00,313.29,313.3189,312.96,313.0837,54915
2023-09-26 10:05:00,313.05,313.18,312.88,313.14,55246
2023-09-26 10:06:00,313.16,313.4,313.0694,313.22,59646
2023-09-26 10:07:00,313.2,313.31,313.02,313.11,21125
2023-09-26 10:08:00,313.1,313.2,312.9,313.07,63554
2023-09-26 10:09:00,313.03,313.2099,312.76,312.79,78032
2023-09-26 10:10:00,312.82,312.84,312.51,312.65,61389
2023-09-26 10:11:00,312.66,312.86,312.63,312.6501,45269
2023-09-26 10:12:00,312.64,312.78,312.58,312.61,44736
2023-09-26 10:13:00,312.58,312.685,312.34,312.36,43673
2023-09-26 10:14:00,312.35,312.43,312.01,312.04,64770
2023-09-26 10:15:00,312.05,312.17,311.895,312.035,102852
2023-09-26 10:16:00,312.025,312.15,311.91,311.935,40563
2023-09-26 10:17:00,311.9325,312.0,311.82,311.835,62673
2023-09-26 10:18:00,311.85,312.0,311.77,311.97,82598
2023-09-26 10:19:00,311.9532,312.0,311.605,311.79,108856
2023-09-26 10:20:00,311.8,311.94,311.6,311.79,60798
2023-09-26 10:21:00,311.79,311.825,311.56,311.72,77102
2023-09-26 10:22:00,311.72,312.038,311.68,311.91,93104
2023-09-26 10:23:00,311.88,311.95,311.7858,311.95,38090
2023-09-26 10:24:00,311.94,312.03,311.8201,311.98,42347
2023-09-26 10:25:00,311.99,312.3,311.99,312.264,69596
2023-09-26 10:26:00,312.27,312.36,312.06,312.071,84119
2023-09-26 10:27:00,312.07,312.23,312.0301,312.22,45598
2023-09-26 10:28:00,312.24,312.5,312.1,312.47,71526
2023-09-26 10:29:00,312.47,312.56,312.34,312.56,67535
2023-09-26 10:30:00,312.54,312.575,312.37,312.49,62982
2023-09-26 10:31:00,312.5,312.72,312.46,312.6033,63187
2023-09-26 10:32:00,312.58,312.68,312.4501,312.545,44048
2023-09-26 10:33:00,312.5299,312.5299,312.22,312.31,52136
2023-09-26 10:34:00,312.3,312.35,312.09,312.22,53664
2023-09-26 10:35:00,312.205,312.455,312.2,312.41,35466
2023-09-26 10:36:00,312.43,312.66,312.27,312.3416,27042
2023-09-26 10:37:00,312.36,312.64,312.36,312.57,35562
2023-09-26 10:38:00,312.59,312.67,312.5,312.65,23535
2023-09-26 10:39:00,312.65,313.04,312.65,312.95,81499
2023-09-26 10:40:00,312.96,312.96,312.65,312.705,43148
2023-09-26 10:41:00,312.68,312.75,312.52,312.52,35362
2023-09-26 10:42:00,312.53,312.76,312.5205,312.75,22787
2023-09-26 10:43:00,312.73,312.94,312.685,312.93,72200
2023-09-26 10:44:00,312.86,312.9399,312.73,312.8999,58329
2023-09-26 10:45:00,312.89,313.41,312.87,313.2899,69616
2023-09-26 10:46:00,313.289,313.289,312.72,312.72,49137
2023-09-26 10:47:00,312.7,312.725,312.4,312.43,52674
2023-09-26 10:48:00,312.4264,312.58,312.4101,312.515,60591
2023-09-26 10:49:00,312.515,312.73,312.5,312.69,24399
2023-09-26 10:50:00,312.6601,312.68,312.51,312.5393,18674
2023-09-26 10:51:00,312.51,312.53,312.16,312.18,52655
2023-09-26 10:52:00,312.1801,312.55,312.1801,312.55,29104
2023-09-26 10:53:00,312.555,312.64,312.46,312.6344,17929
2023-09-26 10:54:00,312.5961,312.6033,312.35,312.5,13826
2023-09-26 10:55:00,312.48,312.77,312.48,312.705,21563
2023-09-26 10:56:00,312.7,312.87,312.59,312.85,17126
2023-09-26 10:57:00,312.85,312.9,312.73,312.77,35337
2023-09-26 10:58:00,312.79,312.9,312.75,312.79,23125
2023-09-26 10:59:00,312.8,313.16,312.8,312.89,43070
2023-09-26 11:00:00,312.89,313.14,312.84,312.88,29909
2023-09-26 11:01:00,312.875,312.99,312.81,312.9,19784
2023-09-26 11:02:00,312.875,312.89,312.675,312.78,51013
2023-09-26 11:03:00,312.78,312.84,312.77,312.77,21353
2023-09-26 11:04:00,312.69,312.85,312.68,312.81,31287
2023-09-26 11:05:00,312.79,312.88,312.56,312.56,27146
2023-09-26 11:06:00,312.55,312.6297,312.32,312.37,22660
2023-09-26 11:07:00,312.345,312.4356,312.05,312.05,26168
2023-09-26 11:08:00,312.06,312.2512,311.88,312.09,53506
2023-09-26 11:09:00,312.09,312.16,312.03,312.11,22826
2023-09-26 11:10:00,312.11,312.225,312.04,312.225,17950
2023-09-26 11:11:00,312.24,312.24,311.91,311.983,21409
2023-09-26 11:12:00,311.97,312.0,311.84,311.84,23790
2023-09-26 11:13:00,311.86,311.96,311.77,311.77,27550
2023-09-26 11:14:00,311.785,311.88,311.74,311.84,26678
2023-09-26 11:15:00,311.8219,311.87,311.71,311.71,22788
2023-09-26 11:16:00,311.7,311.88,311.62,311.88,28640
2023-09-26 11:17:00,311.85,311.9,311.75,311.8,20027
2023-09-26 11:18:00,311.78,311.93,311.74,311.825,20765
2023-09-26 11:19:00,311.825,311.84,311.73,311.7628,16696
2023-09-26 11:20:00,311.79,311.91,311.7387,311.76,11220
2023-09-26 11:21:00,311.75,311.8,311.68,311.71,16398
2023-09-26 11:22:00,311.68,311.76,311.61,311.76,16839
2023-09-26 11:23:00,311.7601,311.765,311.675,311.7,8841
2023-09-26 11:24:00,311.69,311.69,311.26,311.34,90874
2023-09-26 11:25:00,311.3414,311.365,311.2,311.29,29624
2023-09-26 11:26:00,311.3,311.34,311.28,311.2999,22427
2023-09-26 11:27:00,311.285,311.29,311.13,311.25,36434
2023-09-26 11:28:00,311.24,311.35,311.1727,311.28,32534
2023-09-26 11:29:00,311.2373,311.35,311.08,311.08,40123
2023-09-26 11:30:00,311.0838,311.2673,310.93,311.1,110424
2023-09-26 11:31:00,311.08,311.125,310.95,310.985,41249
2023-09-26 11:32:00,310.98,311.26,310.83,311.2394,71161
2023-09-26 11:33:00,311.24,311.44,311.1586,311.415,44899
2023-09-26 11:34:00,311.4102,311.57,311.2028,311.57,54377
2023-09-26 11:35:00,311.56,311.7,311.47,311.655,34558
2023-09-26 11:36:00,311.6499,311.7,311.51,311.6383,55172
2023-09-26 11:37:00,311.64,311.95,311.62,311.95,31316
2023-09-26 11:38:00,311.95,312.19,311.93,312.12,40145
2023-09-26 11:39:00,312.115,312.28,312.01,312.04,43629
2023-09-26 11:40:00,312.04,312.06,311.82,311.985,23859
2023-09-26 11:41:00,312.0,312.0,311.84,311.88,19401
2023-09-26 11:42:00,311.88,312.1,311.82,312.075,22676
2023-09-26 11:43:00,311.98,312.22,311.98,312.1726,15439
2023-09-26 11:44:00,312.1655,312.19,311.98,311.98,12567
2023-09-26 11:45:00,311.9875,312.145,311.9875,312.145,17732
2023-09-26 11:46:00,312.17,312.17,311.7,311.731,27092
2023-09-26 11:47:00,311.72,311.96,311.71,311.96,39945
2023-09-26 11:48:00,311.955,311.9899,311.8737,311.915,20921
2023-09-26 11:49:00,311.91,312.12,311.87,312.03,31584
2023-09-26 11:50:00,312.079,312.12,311.88,311.8972,17295
2023-09-26 11:51:00,311.925,312.01,311.69,311.71,13505
2023-09-26 11:52:00,311.71,311.9,311.52,311.8199,55074
2023-09-26 11:53:00,311.83,311.83,311.67,311.6755,11778
2023-09-26 11:54:00,311.59,311.6071,311.36,311.39,24317
2023-09-26 11:55:00,311.42,311.43,311.33,311.34,27423
2023-09-26 11:56:00,311.3464,311.46,311.29,311.435,14590
2023-09-26 11:57:00,311.435,311.57,311.4,311.5646,15527
2023-09-26 11:58:00,311.565,311.565,311.41,311.4752,7708
2023-09-26 11:59:00,311.46,311.55,311.44,311.455,17501
2023-09-26 12:00:00,311.46,311.64,311.46,311.55,21482
2023-09-26 12:01:00,311.55,311.6545,311.3801,311.395,15680
2023-09-26 12:02:00,311.394,311.55,311.38,311.54,11456
2023-09-26 12:03:00,311.5,311.5,311.3,311.32,16938
2023-09-26 12:04:00,311.3,311.4,311.2804,311.32,18547
2023-09-26 12:05:00,311.34,311.41,311.25,311.41,18254
2023-09-26 12:06:00,311.39,311.64,311.39,311.62,30744
2023-09-26 12:07:00,311.64,311.67,311.49,311.5,27663
2023-09-26 12:08:00,311.5399,311.92,311.49,311.92,19914
2023-09-26 12:09:00,311.9199,311.9199,311.8,311.83,18251
2023-09-26 12:10:00,311.81,311.87,311.74,311.87,17928
2023-09-26 12:11:00,311.86,311.94,311.8,311.8955,18024
2023-09-26 12:12:00,311.91,311.98,311.87,311.965,25787
2023-09-26 12:13:00,311.97,312.07,311.97,312.04,25210
2023-09-26 12:14:00,312.09,312.09,311.93,312.09,24993
2023-09-26 12:15:00,312.07,312.14,312.0,312.02,9313
2023-09-26 12:16:00,312.02,312.23,312.0043,312.2224,28561
2023-09-26 12:17:00,312.213,312.25,312.02,312.02,21166
2023-09-26 12:18:00,312.03,312.07,311.8468,311.9699,66673
2023-09-26 12:19:00,311.97,312.13,311.9503,312.02,38666
2023-09-26 12:20:00,312.0363,312.14,311.97,312.1,42352
2023-09-26 12:21:00,312.14,312.32,312.12,312.3,31150
2023-09-26 12:22:00,312.32,312.36,312.182,312.27,35925
2023-09-26 12:23:00,312.27,312.44,312.265,312.43,17351
2023-09-26 12:24:00,312.435,312.7,312.42,312.7,83742
2023-09-26 12:25:00,312.7,312.7,312.62,312.62,21127
2023-09-26 12:26:00,312.61,312.61,312.45,312.51,15476
2023-09-26 12:27:00,312.51,312.56,312.31,312.4,10723
2023-09-26 12:28:00,312.38,312.38,312.15,312.27,28178
2023-09-26 12:29:00,312.2589,312.35,312.24,312.28,14354
2023-09-26 12:30:00,312.2799,312.29,312.2206,312.26,6805
2023-09-26 12:31:00,312.27,312.28,312.12,312.1204,14598
2023-09-26 12:32:00,312.13,312.33,312.0901,312.31,23266
2023-09-26 12:33:00,312.29,312.47,312.25,312.45,36812
2023-09-26 12:34:00,312.46,312.48,312.305,312.465,10094
2023-09-26 12:35:00,312.46,312.67,312.46,312.58,10398
2023-09-26 12:36:00,312.54,312.63,312.5386,312.57,12551
2023-09-26 12:37:00,312.58,312.62,312.5,312.501,19358
2023-09-26 12:38:00,312.52,312.65,312.52,312.59,9562
2023-09-26 12:39:00,312.61,312.63,312.5,312.5399,18341
2023-09-26 12:40:00,312.535,312.6,312.5069,312.535,21055
2023-09-26 12:41:00,312.55,312.65,312.54,312.639,14780
2023-09-26 12:42:00,312.65,312.65,312.48,312.5,19433
2023-09-26 12:43:00,312.48,312.69,312.4,312.6725,38513
2023-09-26 12:44:00,312.65,312.66,312.47,312.5007,22450
2023-09-26 12:45:00,312.51,312.545,312.31,312.31,14289
2023-09-26 12:46:00,312.35,312.57,312.35,312.57,30962
2023-09-26 12:47:00,312.58,312.58,312.42,312.47,32526
2023-09-26 12:48:00,312.47,312.5192,312.43,312.43,10338
2023-09-26 12:49:00,312.425,312.59,312.4103,312.56,10066
2023-09-26 12:50:00,312.55,312.675,312.5242,312.675,29450
2023-09-26 12:51:00,312.6977,312.6999,312.545,312.5695,14230
2023-09-26 12:52:00,312.57,312.81,312.51,312.81,40293
2023-09-26 12:53:00,312.8,312.81,312.56,312.565,23377
2023-09-26 12:54:00,312.58,312.68,312.57,312.68,8041
2023-09-26 12:55:00,312.62,312.63,312.5501,312.61,6826
2023-09-26 12:56:00,312.57,312.6,312.465,312.5,10960
2023-09-26 12:57:00,312.48,312.58,312.475,312.57,7592
2023-09-26 12:58:00,312.59,312.64,312.53,312.5799,7265
2023-09-26 12:59:00,312.58,312.59,312.3,312.3328,14040
2023-09-26 13:00:00,312.34,312.5,312.28,312.34,19681
2023-09-26 13:01:00,312.34,312.35,312.2,312.21,14154
2023-09-26 13:02:00,312.27,312.55,312.14,312.33,21910
2023-09-26 13:03:00,312.34,312.62,312.34,312.615,20671
2023-09-26 13:04:00,312.62,312.63,312.42,312.5,14777
2023-09-26 13:05:00,312.505,312.52,312.345,312.3596,13224
2023-09-26 13:06:00,312.34,312.34,312.0,312.07,18129
2023-09-26 13:07:00,312.0647,312.1109,311.93,311.95,14853
2023-09-26 13:08:00,311.99,312.6,311.99,312.58,55035
2023-09-26 13:09:00,312.54,312.7,312.41,312.6634,15985
2023-09-26 13:10:00,312.67,312.81,312.65,312.798,25740
2023-09-26 13:11:00,312.76,312.88,312.74,312.8563,18674
2023-09-26 13:12:00,312.861,312.92,312.8,312.83,19537
2023-09-26 13:13:00,312.87,312.91,312.82,312.84,10284
2023-09-26 13:14:00,312.86,312.88,312.84,312.85,12551
2023-09-26 13:15:00,312.85,312.87,312.71,312.71,11126
2023-09-26 13:16:00,312.765,312.765,312.54,312.585,21096
2023-09-26 13:17:00,312.57,312.59,312.36,312.5,19516
2023-09-26 13:18:00,312.5,312.52,312.29,312.29,5748
2023-09-26 13:19:00,312.3001,312.312,312.17,312.1892,15344
2023-09-26 13:20:00,312.22,312.3,312.17,312.3,16668
2023-09-26 13:21:00,312.31,312.3373,312.15,312.18,9221
2023-09-26 13:22:00,312.178,312.3,312.165,312.21,17481
2023-09-26 13:23:00,312.22,312.24,312.03,312.04,18529
2023-09-26 13:24:00,312.06,312.2,312.06,312.08,10337
2023-09-26 13:25:00,312.07,312.07,311.96,311.99,36336
2023-09-26 13:26:00,312.02,312.16,312.0,312.01,25236
2023-09-26 13:27:00,312.01,312.01,311.8201,311.84,22236
2023-09-26 13:28:00,311.84,311.87,311.72,311.75,34704
2023-09-26 13:29:00,311.7409,311.76,311.55,311.6,23347
2023-09-26 13:30:00,311.58,311.72,311.5,311.71,24456
2023-09-26 13:31:00,311.71,311.84,311.67,311.78,26250
2023-09-26 13:32:00,311.7899,311.82,311.71,311.75,11101
2023-09-26 13:33:00,311.75,311.82,311.67,311.7111,7875
2023-09-26 13:34:00,311.67,311.71,311.55,311.56,22813
2023-09-26 13:35:00,311.57,311.59,311.36,311.39,28687
2023-09-26 13:36:00,311.35,311.44,311.25,311.28,26897
2023-09-26 13:37:00,311.28,311.28,310.99,311.2504,53474
2023-09-26 13:38:00,311.2776,311.32,310.92,310.97,31698
2023-09-26 13:39:00,310.98,311.1,310.98,311.04,18116
2023-09-26 13:40:00,311.06,311.11,310.92,310.99,16586
2023-09-26 13:41:00,310.985,311.05,310.9,311.0,31644
2023-09-26 13:42:00,311.04,311.13,310.9916,311.06,17031
2023-09-26 13:43:00,311.04,311.07,310.93,310.97,16466
2023-09-26 13:44:00,310.94,310.97,310.84,310.9099,31859
2023-09-26 13:45:00,310.895,310.93,310.69,310.72,44645
2023-09-26 13:46:00,310.72,310.92,310.69,310.865,26287
2023-09-26 13:47:00,310.865,310.97,310.76,310.78,32070
2023-09-26 13:48:00,310.78,310.8664,310.66,310.7748,59275
2023-09-26 13:49:00,310.81,310.81,310.7,310.79,22920
2023-09-26 13:50:00,310.78,311.01,310.77,310.98,39344
2023-09-26 13:51:00,310.9536,311.37,310.91,311.315,81290
2023-09-26 13:52:00,311.28,311.45,311.0,311.02,33823
2023-09-26 13:53:00,311.0,311.21,310.945,311.15,12512
2023-09-26 13:54:00,311.175,311.32,311.06,311.23,20398
2023-09-26 13:55:00,311.22,311.22,311.1261,311.14,13501
2023-09-26 13:56:00,311.17,311.38,311.17,311.28,10965
2023-09-26 13:57:00,311.28,311.37,311.24,311.34,15326
2023-09-26 13:58:00,311.33,311.4208,311.27,311.4185,20712
2023-09-26 13:59:00,311.44,311.7031,311.44,311.62,41583
2023-09-26 14:00:00,311.58,311.67,311.5,311.65,28122
2023-09-26 14:01:00,311.66,311.685,311.28,311.29,27071
2023-09-26 14:02:00,311.2809,311.47,311.24,311.35,24503
2023-09-26 14:03:00,311.3709,311.52,311.32,311.3895,20044
2023-09-26 14:04:00,311.38,311.6,311.38,311.55,16354
2023-09-26 14:05:00,311.55,311.77,311.4545,311.7,16932
2023-09-26 14:06:00,311.66,311.74,311.6,311.65,17593
2023-09-26 14:07:00,311.63,311.63,311.5,311.61,22515
2023-09-26 14:08:00,311.59,311.61,311.3901,311.47,17803
2023-09-26 14:09:00,311.48,311.67,311.48,311.53,16395
2023-09-26 14:10:00,311.55,311.78,311.53,311.5999,14977
2023-09-26 14:11:00,311.585,311.6699,311.52,311.55,14762
2023-09-26 14:12:00,311.545,311.545,311.25,311.27,16065
2023-09-26 14:13:00,311.2799,311.37,311.21,311.23,27593
2023-09-26 14:14:00,311.2,311.46,311.15,311.4,27539
2023-09-26 14:15:00,311.39,311.5,311.35,311.39,27625
2023-09-26 14:16:00,311.3671,311.62,311.3671,311.56,11727
2023-09-26 14:17:00,311.59,311.59,311.41,311.45,8648
2023-09-26 14:18:00,311.4034,311.505,311.4034,311.4734,4982
2023-09-26 14:19:00,311.45,311.45,311.32,311.335,12163
2023-09-26 14:20:00,311.3779,311.4636,311.3266,311.3266,12276
2023-09-26 14:21:00,311.33,311.49,311.28,311.4572,13593
2023-09-26 14:22:00,311.465,311.64,311.465,311.64,33464
2023-09-26 14:23:00,311.63,311.77,311.495,311.59,47205
2023-09-26 14:24:00,311.575,311.63,311.47,311.61,32231
2023-09-26 14:25:00,311.62,311.62,311.5,311.55,15240
2023-09-26 14:26:00,311.56,311.58,311.27,311.3204,20835
2023-09-26 14:27:00,311.3199,311.34,311.04,311.045,18661
2023-09-26 14:28:00,311.03,311.06,310.985,311.01,20628
2023-09-26 14:29:00,311.03,311.03,310.74,310.8695,19553
2023-09-26 14:30:00,310.8646,311.03,310.8301,310.8301,24879
2023-09-26 14:31:00,310.88,311.11,310.83,311.05,34162
2023-09-26 14:32:00,311.07,311.09,310.88,310.9901,18177
2023-09-26 14:33:00,310.99,311.15,310.96,310.98,12213
2023-09-26 14:34:00,310.98,311.06,310.95,311.0137,11790
2023-09-26 14:35:00,311.02,311.04,310.965,310.99,7023
2023-09-26 14:36:00,310.9766,311.06,310.9766,311.01,8958
2023-09-26 14:37:00,310.99,311.105,310.985,311.06,15155
2023-09-26 14:38:00,311.07,311.07,310.96,310.96,9915
2023-09-26 14:39:00,310.94,310.94,310.67,310.67,53567
2023-09-26 14:40:00,310.69,310.72,310.4491,310.46,37180
2023-09-26 14:41:00,310.4588,310.6893,310.43,310.67,27212
2023-09-26 14:42:00,310.68,310.85,310.598,310.75,38275
2023-09-26 14:43:00,310.765,310.81,310.56,310.58,17139
2023-09-26 14:44:00,310.5699,310.635,310.56,310.62,16779
2023-09-26 14:45:00,310.61,310.82,310.61,310.715,16595
2023-09-26 14:46:00,310.72,310.7775,310.6999,310.7775,20566
2023-09-26 14:47:00,310.77,310.97,310.77,310.83,29744
2023-09-26 14:48:00,310.81,310.82,310.73,310.78,17570
2023-09-26 14:49:00,310.7726,310.97,310.76,310.835,20243
2023-09-26 14:50:00,310.83,310.96,310.825,310.87,28868
2023-09-26 14:51:00,310.862,310.87,310.69,310.7,55680
2023-09-26 14:52:00,310.7,310.74,310.57,310.6025,17494
2023-09-26 14:53:00,310.58,310.66,310.42,310.42,26494
2023-09-26 14:54:00,310.43,310.5,310.395,310.46,34105
2023-09-26 14:55:00,310.435,310.69,310.37,310.67,57528
2023-09-26 14:56:00,310.6954,310.77,310.485,310.54,38158
2023-09-26 14:57:00,310.558,310.66,310.52,310.625,16362
2023-09-26 14:58:00,310.64,310.755,310.61,310.71,18428
2023-09-26 14:59:00,310.705,310.94,310.62,310.93,31846
2023-09-26 15:00:00,310.9167,310.9329,310.58,310.618,18049
2023-09-26 15:01:00,310.62,310.64,310.48,310.49,26558
2023-09-26 15:02:00,310.48,310.5,310.28,310.33,29622
2023-09-26 15:03:00,310.3208,310.63,310.3079,310.5999,41506
2023-09-26 15:04:00,310.59,310.59,310.26,310.3175,31850
2023-09-26 15:05:00,310.32,310.415,310.24,310.2599,19107
2023-09-26 15:06:00,310.26,310.51,310.22,310.38,36013
2023-09-26 15:07:00,310.38,310.61,310.34,310.61,32304
2023-09-26 15:08:00,310.615,310.68,310.5237,310.58,21997
2023-09-26 15:09:00,310.6,310.64,310.475,310.5,35135
2023-09-26 15:10:00,310.499,310.51,310.36,310.435,35281
2023-09-26 15:11:00,310.435,310.66,310.36,310.64,38161
2023-09-26 15:12:00,310.66,310.74,310.6,310.66,23259
2023-09-26 15:13:00,310.65,310.82,310.57,310.62,21974
2023-09-26 15:14:00,310.575,310.58,310.27,310.33,18817
2023-09-26 15:15:00,310.33,311.13,310.33,310.8,120504
2023-09-26 15:16:00,310.8,311.13,310.43,310.45,139033
2023-09-26 15:17:00,310.45,310.68,310.32,310.55,52162
2023-09-26 15:18:00,310.56,310.6,310.02,310.23,99608
2023-09-26 15:19:00,310.21,310.54,310.21,310.535,40472
2023-09-26 15:20:00,310.54,310.69,310.45,310.5,43787
2023-09-26 15:21:00,310.49,310.95,310.47,310.685,64093
2023-09-26 15:22:00,310.72,310.84,310.64,310.65,22437
2023-09-26 15:23:00,310.63,310.66,310.33,310.3899,62386
2023-09-26 15:24:00,310.37,310.44,310.22,310.34,29435
2023-09-26 15:25:00,310.33,310.34,310.15,310.28,47564
2023-09-26 15:26:00,310.29,310.41,310.19,310.3399,49894
2023-09-26 15:27:00,310.32,310.38,310.2553,310.35,37450
2023-09-26 15:28:00,310.36,310.65,310.34,310.57,73482
2023-09-26 15:29:00,310.5417,310.58,310.4,310.42,49704
2023-09-26 15:30:00,310.4299,310.6,310.28,310.3342,86564
2023-09-26 15:31:00,310.325,310.56,310.325,310.46,72396
2023-09-26 15:32:00,310.4535,310.6,310.35,310.38,42979
2023-09-26 15:33:00,310.37,310.42,310.2967,310.32,47662
2023-09-26 15:34:00,310.31,310.32,310.12,310.14,48465
2023-09-26 15:35:00,310.15,310.25,310.15,310.2,35197
2023-09-26 15:36:00,310.22,310.31,310.19,310.31,34748
2023-09-26 15:37:00,310.29,310.4,310.26,310.3264,25839
2023-09-26 15:38:00,310.3169,310.38,310.27,310.38,32424
2023-09-26 15:39:00,310.375,310.42,310.06,310.0701,55452
2023-09-26 15:40:00,310.08,310.37,310.0609,310.35,55621
2023-09-26 15:41:00,310.34,310.44,310.25,310.39,46122
2023-09-26 15:42:00,310.4,310.51,310.33,310.3962,35134
2023-09-26 15:43:00,310.43,310.66,310.28,310.65,52794
2023-09-26 15:44:00,310.62,310.77,310.55,310.73,45824
2023-09-26 15:45:00,310.74,310.92,310.57,310.77,62499
2023-09-26 15:46:00,310.76,310.9,310.71,310.87,73819
2023-09-26 15:47:00,310.855,311.04,310.84,311.0,86140
2023-09-26 15:48:00,310.995,311.0,310.661,310.83,93707
2023-09-26 15:49:00,310.84,310.87,310.72,310.75,31992
2023-09-26 15:50:00,310.77,311.25,310.72,311.04,109113
2023-09-26 15:51:00,311.03,311.385,311.01,311.31,83920
2023-09-26 15:52:00,311.29,311.4303,311.2001,311.32,88204
2023-09-26 15:53:00,311.32,311.57,311.3,311.39,76369
2023-09-26 15:54:00,311.4,311.5,311.1,311.37,116893
2023-09-26 15:55:00,311.37,311.8624,311.33,311.8624,122446
2023-09-26 15:56:00,311.8437,311.93,311.76,311.89,129139
2023-09-26 15:57:00,311.89,311.92,311.76,311.82,142400
2023-09-26 15:58:00,311.83,312.09,311.83,311.99,180241
2023-09-26 15:59:00,311.99,312.43,311.98,312.14,458206
2023-09-27 09:30:00,312.3,312.95,312.3,312.7728,290036
2023-09-27 09:31:00,312.74,313.27,312.59,313.26,96189
2023-09-27 09:32:00,313.32,313.6299,313.0001,313.24,56523
2023-09-27 09:33:00,313.1901,313.55,313.14,313.2283,62356
2023-09-27 09:34:00,313.2275,313.34,313.0,313.165,43904
2023-09-27 09:35:00,313.18,313.19,311.81,311.9701,66097
2023-09-27 09:36:00,311.92,312.33,311.81,312.18,48126
2023-09-27 09:37:00,312.16,312.41,312.0,312.06,41721
2023-09-27 09:38:00,311.99,312.345,311.87,312.2931,32521
2023-09-27 09:39:00,312.3085,312.31,312.14,312.3,23800
2023-09-27 09:40:00,312.3,312.35,312.0,312.06,33765
2023-09-27 09:41:00,312.06,312.92,311.92,312.85,50499
2023-09-27 09:42:00,312.86,313.27,312.81,313.17,68494
2023-09-27 09:43:00,313.16,313.16,312.76,312.81,25253
2023-09-27 09:44:00,312.8,313.13,312.59,313.1211,28045
2023-09-27 09:45:00,313.1,313.49,313.1,313.275,43418
2023-09-27 09:46:00,313.26,313.37,313.13,313.335,36818
2023-09-27 09:47:00,313.28,313.45,313.26,313.345,28979
2023-09-27 09:48:00,313.33,313.7,313.2,313.445,50517
2023-09-27 09:49:00,313.46,313.46,312.89,313.0494,45186
2023-09-27 09:50:00,312.99,313.06,312.6301,312.78,42498
2023-09-27 09:51:00,312.83,312.955,312.77,312.9493,35337
2023-09-27 09:52:00,312.94,312.9972,312.55,312.59,34119
2023-09-27 09:53:00,312.59,312.79,312.3901,312.58,38351
2023-09-27 09:54:00,312.56,312.89,312.55,312.79,32867
2023-09-27 09:55:00,312.74,312.8,312.39,312.59,22388
2023-09-27 09:56:00,312.605,312.6998,312.41,312.435,28465
2023-09-27 09:57:00,312.44,312.5,312.28,312.44,36682
2023-09-27 09:58:00,312.44,312.44,312.1,312.24,31126
2023-09-27 09:59:00,312.25,312.32,312.1,312.19,28669
2023-09-27 10:00:00,312.205,312.5024,312.145,312.2,48961
2023-09-27 10:01:00,312.19,312.41,311.71,311.77,38793
2023-09-27 10:02:00,311.74,311.77,311.37,311.5751,56263
2023-09-27 10:03:00,311.55,311.68,311.4306,311.5,28611
2023-09-27 10:04:00,311.53,311.81,311.4172,311.745,43076
2023-09-27 10:05:00,311.72,311.76,311.49,311.58,30354
2023-09-27 10:06:00,311.58,311.9,311.51,311.88,30455
2023-09-27 10:07:00,311.88,311.91,311.675,311.83,26554
2023-09-27 10:08:00,311.8,311.8851,311.56,311.6062,23646
2023-09-27 10:09:00,311.64,311.735,311.49,311.52,24747
2023-09-27 10:10:00,311.46,311.51,311.15,311.245,72665
2023-09-27 10:11:00,311.266,311.36,310.88,310.8803,94915
2023-09-27 10:12:00,310.93,310.97,310.6184,310.655,65247
2023-09-27 10:13:00,310.6415,310.97,310.6415,310.77,68248
2023-09-27 10:14:00,310.74,310.9,310.6317,310.6885,78353
2023-09-27 10:15:00,310.68,311.094,310.59,311.08,56701
2023-09-27 10:16:00,311.0969,311.3,310.725,310.75,110710
2023-09-27 10:17:00,310.78,310.925,310.61,310.655,46855
2023-09-27 10:18:00,310.7,311.0,310.7,310.9,26475
2023-09-27 10:19:00,310.97,311.12,310.9501,311.03,30989
2023-09-27 10:20:00,311.07,311.18,311.02,311.06,47811
2023-09-27 10:21:00,311.08,311.21,311.04,311.21,57893
2023-09-27 10:22:00,311.2125,311.53,311.0737,311.3124,90402
2023-09-27 10:23:00,311.32,311.46,311.18,311.36,85207
2023-09-27 10:24:00,311.35,311.422,310.755,310.8,94080
2023-09-27 10:25:00,310.8,311.21,310.79,311.06,56829
2023-09-27 10:26:00,311.07,311.66,311.0489,311.57,94533
2023-09-27 10:27:00,311.6,311.78,311.47,311.77,56035
2023-09-27 10:28:00,311.8,311.92,311.545,311.5698,31235
2023-09-27 10:29:00,311.5425,311.68,311.38,311.61,46193
2023-09-27 10:30:00,311.58,311.9,311.45,311.86,27496
2023-09-27 10:31:00,311.87,311.95,311.6849,311.7053,37913
2023-09-27 10:32:00,311.65,311.775,311.52,311.555,30492
2023-09-27 10:33:00,311.525,311.67,311.4297,311.63,26796
2023-09-27 10:34:00,311.56,312.03,311.56,311.98,57299
2023-09-27 10:35:00,311.97,311.97,311.61,311.74,48963
2023-09-27 10:36:00,311.78,311.89,311.67,311.785,34114
2023-09-27 10:37:00,311.77,311.85,311.67,311.78,29508
2023-09-27 10:38:00,311.74,311.82,311.62,311.641,14923
2023-09-27 10:39:00,311.64,311.67,311.45,311.52,16619
2023-09-27 10:40:00,311.54,311.54,311.3,311.42,29267
2023-09-27 10:41:00,311.4176,311.6,311.3801,311.5245,36162
2023-09-27 10:42:00,311.535,311.5999,311.15,311.15,35943
2023-09-27 10:43:00,311.11,311.39,311.07,311.28,10234
2023-09-27 10:44:00,311.175,311.34,311.04,311.1,17580
2023-09-27 10:45:00,311.11,311.22,310.99,311.125,18516
2023-09-27 10:46:00,311.155,311.32,311.14,311.3075,21237
2023-09-27 10:47:00,311.305,311.335,311.16,311.28,17335
2023-09-27 10:48:00,311.3,311.77,311.26,311.68,36491
2023-09-27 10:49:00,311.6701,311.69,311.48,311.485,26119
2023-09-27 10:50:00,311.485,311.485,310.85,310.85,15722
2023-09-27 10:51:00,310.85,310.92,310.52,310.56,37859
2023-09-27 10:52:00,310.55,310.655,310.33,310.33,46239
2023-09-27 10:53:00,310.31,310.48,310.3,310.31,30198
2023-09-27 10:54:00,310.3091,310.37,310.19,310.3,46927
2023-09-27 10:55:00,310.28,310.42,310.23,310.375,32452
2023-09-27 10:56:00,310.375,310.3784,310.25,310.28,17780
2023-09-27 10:57:00,310.285,310.36,310.1755,310.2,29513
2023-09-27 10:58:00,310.2,310.4,310.19,310.36,29297
2023-09-27 10:59:00,310.37,310.48,310.32,310.3472,38033
2023-09-27 11:00:00,310.35,310.77,310.3,310.62,64631
2023-09-27 11:01:00,310.6256,310.97,310.6,310.655,41372
2023-09-27 11:02:00,310.65,310.67,310.52,310.555,22974
2023-09-27 11:03:00,310.5406,310.605,310.47,310.485,13894
2023-09-27 11:04:00,310.4899,310.525,310.36,310.36,18447
2023-09-27 11:05:00,310.395,310.6,310.33,310.45,29948
2023-09-27 11:06:00,310.44,310.65,310.36,310.6,27646
2023-09-27 11:07:00,310.63,310.67,310.5,310.6,36169
2023-09-27 11:08:00,310.6,310.96,310.575,310.93,51772
2023-09-27 11:09:00,310.93,310.99,310.86,310.979,38605
2023-09-27 11:10:00,310.97,310.98,310.82,310.8504,39665
2023-09-27 11:11:00,310.84,311.0699,310.84,310.95,41388
2023-09-27 11:12:00,310.99,311.03,310.5,310.645,30431
2023-09-27 11:13:00,310.66,310.9,310.56,310.8699,21665
2023-09-27 11:14:00,310.87,311.15,310.855,311.11,19227
2023-09-27 11:15:00,311.07,311.0842,310.86,310.89,17982
2023-09-27 11:16:00,310.905,311.07,310.8472,310.85,13781
2023-09-27 11:17:00,310.88,311.18,310.88,310.95,16019
2023-09-27 11:18:00,310.9699,311.06,310.84,311.0529,14349
2023-09-27 11:19:00,311.06,311.16,310.97,311.0,11078
2023-09-27 11:20:00,310.97,311.2,310.96,311.16,8484
2023-09-27 11:21:00,311.1683,311.29,311.15,311.2,10012
2023-09-27 11:22:00,311.16,311.22,311.01,311.22,50442
2023-09-27 11:23:00,311.23,311.6,311.23,311.5849,60687
2023-09-27 11:24:00,311.6,311.7,311.39,311.43,25133
2023-09-27 11:25:00,311.42,311.49,311.3095,311.49,25750
2023-09-27 11:26:00,311.45,311.53,311.28,311.31,14711
2023-09-27 11:27:00,311.31,311.6,311.28,311.59,19025
2023-09-27 11:28:00,311.61,311.8483,311.59,311.765,54828
2023-09-27 11:29:00,311.78,311.838,311.69,311.81,28569
2023-09-27 11:30:00,311.8177,311.877,311.61,311.75,18983
2023-09-27 11:31:00,311.78,311.82,311.41,311.48,25241
2023-09-27 11:32:00,311.48,311.6999,311.38,311.64,12980
2023-09-27 11:33:00,311.625,311.66,311.48,311.51,20287
2023-09-27 11:34:00,311.53,311.78,311.53,311.705,28698
2023-09-27 11:35:00,311.7062,311.7499,311.48,311.5,9545
2023-09-27 11:36:00,311.495,311.495,311.3,311.335,20926
2023-09-27 11:37:00,311.34,311.355,311.235,311.28,16441
2023-09-27 11:38:00,311.3,311.39,311.26,311.33,14212
2023-09-27 11:39:00,311.31,311.38,311.18,311.2079,8915
2023-09-27 11:40:00,311.17,311.3,311.1,311.16,26771
2023-09-27 11:41:00,311.13,311.32,311.11,311.26,7546
2023-09-27 11:42:00,311.27,311.27,311.145,311.155,7027
2023-09-27 11:43:00,311.15,311.17,310.83,310.855,20864
2023-09-27 11:44:00,310.8599,310.91,310.78,310.82,22107
2023-09-27 11:45:00,310.81,310.94,310.65,310.84,12510
2023-09-27 11:46:00,310.835,310.95,310.7,310.78,18682
2023-09-27 11:47:00,310.78,310.9,310.6,310.74,22066
2023-09-27 11:48:00,310.72,310.81,310.55,310.55,11437
2023-09-27 11:49:00,310.51,310.73,310.51,310.65,13652
2023-09-27 11:50:00,310.67,310.86,310.67,310.725,9381
2023-09-27 11:51:00,310.67,310.74,310.59,310.6401,9309
2023-09-27 11:52:00,310.68,310.85,310.57,310.785,15596
2023-09-27 11:53:00,310.85,310.9712,310.81,310.96,10867
2023-09-27 11:54:00,310.92,311.01,310.89,310.97,9540
2023-09-27 11:55:00,310.965,311.03,310.84,310.9,18460
2023-09-27 11:56:00,310.88,311.1118,310.81,310.99,19901
2023-09-27 11:57:00,310.98,311.0899,310.8101,310.95,7413
2023-09-27 11:58:00,310.92,310.93,310.67,310.75,13738
2023-09-27 11:59:00,310.77,310.86,310.67,310.84,13707
2023-09-27 12:00:00,310.83,310.83,310.55,310.58,14359
2023-09-27 12:01:00,310.5601,310.665,310.5,310.64,20012
2023-09-27 12:02:00,310.6,310.7,310.48,310.504,24686
2023-09-27 12:03:00,310.49,310.68,310.49,310.54,20096
2023-09-27 12:04:00,310.55,310.55,310.31,310.34,21613
2023-09-27 12:05:00,310.32,310.43,310.27,310.4,15775
2023-09-27 12:06:00,310.4,310.53,310.36,310.45,7832
2023-09-27 12:07:00,310.46,310.78,310.43,310.7255,22926
2023-09-27 12:08:00,310.74,310.74,310.62,310.6209,6194
2023-09-27 12:09:00,310.66,310.68,310.515,310.55,8465
2023-09-27 12:10:00,310.56,310.64,310.51,310.61,6515
2023-09-27 12:11:00,310.63,310.73,310.62,310.65,10659
2023-09-27 12:12:00,310.639,310.71,310.555,310.68,9832
2023-09-27 12:13:00,310.67,310.7735,310.59,310.61,7895
2023-09-27 12:14:00,310.595,310.65,310.5,310.565,13969
2023-09-27 12:15:00,310.59,310.74,310.48,310.6914,11620
2023-09-27 12:16:00,310.7,310.7,310.41,310.41,6896
2023-09-27 12:17:00,310.4,310.45,310.3504,310.41,9322
2023-09-27 12:18:00,310.41,310.56,310.4,310.5,12095
2023-09-27 12:19:00,310.48,310.5,310.39,310.43,12372
2023-09-27 12:20:00,310.38,310.51,310.35,310.45,11814
2023-09-27 12:21:00,310.4819,310.59,310.4,310.556,11226
2023-09-27 12:22:00,310.56,310.7356,310.5236,310.6753,21133
2023-09-27 12:23:00,310.68,310.685,310.55,310.55,10340
2023-09-27 12:24:00,310.576,310.576,310.45,310.5163,12662
2023-09-27 12:25:00,310.49,310.78,310.47,310.735,26286
2023-09-27 12:26:00,310.71,310.7299,310.65,310.71,18105
2023-09-27 12:27:00,310.695,310.8599,310.63,310.7528,24360
2023-09-27 12:28:00,310.72,310.9,310.61,310.64,24129
2023-09-27 12:29:00,310.67,310.8496,310.65,310.81,18488
2023-09-27 12:30:00,310.83,311.11,310.7388,311.025,24396
2023-09-27 12:31:00,311.0,311.01,310.84,310.8448,13066
2023-09-27 12:32:00,310.85,310.85,310.675,310.76,13203
2023-09-27 12:33:00,310.755,310.89,310.67,310.87,24686
2023-09-27 12:34:00,310.85,310.8631,310.67,310.825,7231
2023-09-27 12:35:00,310.81,311.04,310.79,310.94,26540
2023-09-27 12:36:00,310.94,310.94,310.78,310.79,13415
2023-09-27 12:37:00,310.78,310.8,310.58,310.5816,23850
2023-09-27 12:38:00,310.64,310.7642,310.64,310.76,4749
2023-09-27 12:39:00,310.74,310.77,310.67,310.67,3156
2023-09-27 12:40:00,310.6721,310.6773,310.59,310.67,7888
2023-09-27 12:41:00,310.64,311.09,310.64,311.005,18815
2023-09-27 12:42:00,310.96,310.96,310.78,310.8,16772
2023-09-27 12:43:00,310.805,310.805,310.64,310.69,23728
2023-09-27 12:44:00,310.67,311.06,310.67,311.01,16873
2023-09-27 12:45:00,310.99,311.14,310.99,311.06,21791
2023-09-27 12:46:00,311.09,311.18,311.03,311.16,40587
2023-09-27 12:47:00,311.159,311.175,311.04,311.085,18556
2023-09-27 12:48:00,311.1,311.1374,311.04,311.0912,13089
2023-09-27 12:49:00,311.08,311.12,311.053,311.09,10263
2023-09-27 12:50:00,311.08,311.1499,311.05,311.105,17335
2023-09-27 12:51:00,311.1,311.28,311.07,311.19,31827
2023-09-27 12:52:00,311.21,311.23,311.03,311.08,23578
2023-09-27 12:53:00,311.05,311.2206,311.05,311.22,13427
2023-09-27 12:54:00,311.22,311.24,311.19,311.24,10304
2023-09-27 12:55:00,311.23,311.26,311.19,311.2,13307
2023-09-27 12:56:00,311.1757,311.26,311.15,311.17,18817
2023-09-27 12:57:00,311.18,311.2,311.0652,311.11,17254
2023-09-27 12:58:00,311.09,311.105,310.96,311.01,17113
2023-09-27 12:59:00,311.0,311.11,310.97,311.0135,17004
2023-09-27 13:00:00,311.03,311.3569,311.02,311.2201,13167
2023-09-27 13:01:00,311.2607,311.4699,311.2399,311.33,31990
2023-09-27 13:02:00,311.31,311.61,311.2701,311.53,54456
2023-09-27 13:03:00,311.5,311.81,311.5,311.7105,46947
2023-09-27 13:04:00,311.72,311.7473,311.67,311.6819,18843
2023-09-27 13:05:00,311.695,311.73,311.45,311.45,12991
2023-09-27 13:06:00,311.5,311.71,311.495,311.63,7648
2023-09-27 13:07:00,311.64,311.65,311.41,311.41,12798
2023-09-27 13:08:00,311.41,311.84,311.41,311.82,12588
2023-09-27 13:09:00,311.77,311.81,311.69,311.81,18480
2023-09-27 13:10:00,311.795,311.8128,311.74,311.765,8586
2023-09-27 13:11:00,311.75,311.9,311.64,311.71,23588
2023-09-27 13:12:00,311.71,311.71,311.52,311.55,14566
2023-09-27 13:13:00,311.57,311.58,311.21,311.25,26596
2023-09-27 13:14:00,311.28,311.35,311.0,311.14,30914
2023-09-27 13:15:00,311.14,311.416,311.14,311.35,16420
2023-09-27 13:16:00,311.4022,311.46,311.2818,311.32,11786
2023-09-27 13:17:00,311.32,311.4,311.05,311.09,17105
2023-09-27 13:18:00,311.03,311.1,310.92,310.95,18256
2023-09-27 13:19:00,310.95,311.01,310.8504,310.96,33992
2023-09-27 13:20:00,310.99,311.0,310.75,310.75,15656
2023-09-27 13:21:00,310.75,310.91,310.64,310.71,31771
2023-09-27 13:22:00,310.67,310.77,310.6501,310.6501,12088
2023-09-27 13:23:00,310.65,310.87,310.65,310.84,8672
2023-09-27 13:24:00,310.8,310.93,310.7414,310.78,15522
2023-09-27 13:25:00,310.76,310.87,310.6,310.7,12100
2023-09-27 13:26:00,310.65,310.65,310.4907,310.4907,18361
2023-09-27 13:27:00,310.48,310.53,310.4301,310.4411,16062
2023-09-27 13:28:00,310.445,310.48,310.345,310.4275,24058
2023-09-27 13:29:00,310.4,310.4999,310.38,310.38,9446
2023-09-27 13:30:00,310.32,310.53,310.31,310.53,19829
2023-09-27 13:31:00,310.495,310.53,310.41,310.43,17793
2023-09-27 13:32:00,310.42,310.49,310.39,310.4491,8268
2023-09-27 13:33:00,310.45,310.53,310.4,310.4,16531
2023-09-27 13:34:00,310.39,310.4245,310.3501,310.39,6426
2023-09-27 13:35:00,310.39,310.49,310.24,310.24,19823
2023-09-27 13:36:00,310.25,310.43,310.221,310.35,13137
2023-09-27 13:37:00,310.35,310.38,310.32,310.3799,13420
2023-09-27 13:38:00,310.375,310.6,310.3185,310.57,19434
2023-09-27 13:39:00,310.56,310.56,310.23,310.23,7759
2023-09-27 13:40:00,310.255,310.2692,310.03,310.04,32476
2023-09-27 13:41:00,310.02,310.202,309.87,309.99,147123
2023-09-27 13:42:00,309.98,310.05,309.81,309.84,27417
2023-09-27 13:43:00,309.81,310.14,309.75,310.13,20541
2023-09-27 13:44:00,310.1338,310.35,310.05,310.35,23662
2023-09-27 13:45:00,310.36,310.38,310.23,310.24,21734
2023-09-27 13:46:00,310.24,310.26,310.16,310.16,15810
2023-09-27 13:47:00,310.16,310.25,310.16,310.22,22090
2023-09-27 13:48:00,310.19,310.19,310.001,310.001,16596
2023-09-27 13:49:00,310.01,310.18,309.96,310.1093,16510
2023-09-27 13:50:00,310.15,310.155,309.99,310.09,6373
2023-09-27 13:51:00,310.1,310.25,310.02,310.17,13107
2023-09-27 13:52:00,310.17,310.17,310.0904,310.1103,8672
2023-09-27 13:53:00,310.105,310.25,310.06,310.23,16511
2023-09-27 13:54:00,310.19,310.33,310.13,310.29,15989
2023-09-27 13:55:00,310.289,310.34,310.13,310.13,20035
2023-09-27 13:56:00,310.135,310.24,310.03,310.235,17224
2023-09-27 13:57:00,310.235,310.35,310.2,310.2464,13906
2023-09-27 13:58:00,310.25,310.3799,310.1792,310.25,21261
2023-09-27 13:59:00,310.25,310.27,310.11,310.11,8834
2023-09-27 14:00:00,310.115,310.12,309.98,309.9903,21893
2023-09-27 14:01:00,310.01,310.19,309.99,310.171,11275
2023-09-27 14:02:00,310.15,310.32,310.15,310.3,13121
2023-09-27 14:03:00,310.31,310.4,310.25,310.32,15779
2023-09-27 14:04:00,310.335,310.34,310.24,310.2799,8428
2023-09-27 14:05:00,310.2505,310.41,310.2403,310.41,28477
2023-09-27 14:06:00,310.39,310.4948,310.18,310.2149,20599
2023-09-27 14:07:00,310.21,310.29,310.0701,310.08,15354
2023-09-27 14:08:00,310.08,310.09,309.91,309.94,53293
2023-09-27 14:09:00,309.9247,309.99,309.86,309.9,28301
2023-09-27 14:10:00,309.885,309.89,309.7276,309.8,25314
2023-09-27 14:11:00,309.8,309.8091,309.71,309.7701,19682
2023-09-27 14:12:00,309.79,309.83,309.69,309.83,26603
2023-09-27 14:13:00,309.83,310.1816,309.77,310.07,53270
2023-09-27 14:14:00,310.07,310.225,310.07,310.2,31278
2023-09-27 14:15:00,310.2076,310.45,310.1878,310.33,24047
2023-09-27 14:16:00,310.325,310.38,310.27,310.345,23279
2023-09-27 14:17:00,310.38,310.42,310.24,310.35,16034
2023-09-27 14:18:00,310.38,310.385,310.3,310.32,15577
2023-09-27 14:19:00,310.2785,310.2895,310.07,310.11,13214
2023-09-27 14:20:00,310.1037,310.12,309.98,310.02,11969
2023-09-27 14:21:00,310.015,310.2303,310.0,310.14,17476
2023-09-27 14:22:00,310.12,310.23,310.1,310.2,8768
2023-09-27 14:23:00,310.21,310.32,310.2,310.25,10611
2023-09-27 14:24:00,310.25,310.47,310.24,310.465,27677
2023-09-27 14:25:00,310.48,310.59,310.31,310.325,21821
2023-09-27 14:26:00,310.34,310.95,310.34,310.94,40805
2023-09-27 14:27:00,310.92,311.0224,310.8586,311.0224,31545
2023-09-27 14:28:00,311.02,311.3,310.915,311.26,22287
2023-09-27 14:29:00,311.32,311.37,311.16,311.34,12842
2023-09-27 14:30:00,311.31,311.7,311.31,311.6314,40181
2023-09-27 14:31:00,311.63,311.98,311.61,311.952,52215
2023-09-27 14:32:00,311.94,312.01,311.75,311.95,31101
2023-09-27 14:33:00,311.97,312.21,311.8747,311.88,56334
2023-09-27 14:34:00,311.9,312.17,311.86,312.14,43575
2023-09-27 14:35:00,312.1952,312.6,312.195,312.585,33192
2023-09-27 14:36:00,312.5997,312.66,312.31,312.54,30698
2023-09-27 14:37:00,312.56,312.56,312.34,312.4492,19299
2023-09-27 14:38:00,312.43,312.67,312.34,312.51,27559
2023-09-27 14:39:00,312.53,312.8,312.53,312.76,41553
2023-09-27 14:40:00,312.74,312.76,312.4,312.42,18844
2023-09-27 14:41:00,312.4088,312.68,312.25,312.64,31347
2023-09-27 14:42:00,312.68,312.75,312.5113,312.6,39412
2023-09-27 14:43:00,312.65,313.0,312.5701,312.81,50522
2023-09-27 14:44:00,312.825,312.977,312.73,312.9,22562
2023-09-27 14:45:00,312.91,313.15,312.91,313.1,47431
2023-09-27 14:46:00,313.07,313.16,312.99,313.04,41469
2023-09-27 14:47:00,313.04,313.09,312.77,312.793,48308
2023-09-27 14:48:00,312.76,312.79,312.48,312.665,31020
2023-09-27 14:49:00,312.66,312.75,312.4666,312.5036,17103
2023-09-27 14:50:00,312.52,312.535,312.4,312.46,20874
2023-09-27 14:51:00,312.48,312.56,312.4,312.43,11480
2023-09-27 14:52:00,312.43,312.655,312.31,312.48,14904
2023-09-27 14:53:00,312.4899,312.6799,312.3936,312.46,21263
2023-09-27 14:54:00,312.45,312.64,312.385,312.56,17253
2023-09-27 14:55:00,312.56,312.91,312.56,312.63,25955
2023-09-27 14:56:00,312.61,312.635,312.38,312.54,15150
2023-09-27 14:57:00,312.48,312.66,312.46,312.617,33735
2023-09-27 14:58:00,312.6,312.8,312.52,312.8,38579
2023-09-27 14:59:00,312.8031,312.83,312.6667,312.695,21142
2023-09-27 15:00:00,312.695,312.78,312.47,312.65,18296
2023-09-27 15:01:00,312.64,312.85,312.64,312.79,20867
2023-09-27 15:02:00,312.7951,312.89,312.6201,312.68,24131
2023-09-27 15:03:00,312.67,312.8701,312.6501,312.8701,13775
2023-09-27 15:04:00,312.89,313.32,312.89,313.285,52754
2023-09-27 15:05:00,313.31,313.34,313.04,313.06,35106
2023-09-27 15:06:00,313.08,313.4,313.07,313.4,28850
2023-09-27 15:07:00,313.35,313.65,313.26,313.63,30706
2023-09-27 15:08:00,313.66,313.79,313.55,313.729,45405
2023-09-27 15:09:00,313.69,313.79,313.48,313.592,36025
2023-09-27 15:10:00,313.61,314.0,313.605,313.9699,43596
2023-09-27 15:11:00,313.97,314.08,313.84,313.91,46966
2023-09-27 15:12:00,313.9,314.22,313.88,314.1675,68663
2023-09-27 15:13:00,314.15,314.299,313.8,313.8,55508
2023-09-27 15:14:00,313.73,313.7515,313.43,313.5599,54139
2023-09-27 15:15:00,313.52,313.629,313.2,313.35,29416
2023-09-27 15:16:00,313.3396,313.39,313.01,313.03,36239
2023-09-27 15:17:00,313.05,313.24,312.95,313.1225,40216
2023-09-27 15:18:00,313.09,313.25,313.0198,313.25,25167
2023-09-27 15:19:00,313.26,313.28,313.07,313.21,31034
2023-09-27 15:20:00,313.2647,313.4034,313.0682,313.12,16691
2023-09-27 15:21:00,313.115,313.27,313.03,313.17,26578
2023-09-27 15:22:00,313.18,313.3506,313.04,313.28,45217
2023-09-27 15:23:00,313.26,313.445,313.2,313.25,37753
2023-09-27 15:24:00,313.26,313.51,313.26,313.42,27786
2023-09-27 15:25:00,313.43,313.68,313.3601,313.63,43552
2023-09-27 15:26:00,313.615,313.85,313.61,313.7125,33638
2023-09-27 15:27:00,313.71,313.71,313.44,313.55,42602
2023-09-27 15:28:00,313.52,313.715,313.4901,313.54,35497
2023-09-27 15:29:00,313.535,313.535,313.2243,313.2549,25612
2023-09-27 15:30:00,313.22,313.29,313.1001,313.16,23193
2023-09-27 15:31:00,313.16,313.25,313.11,313.18,24664
2023-09-27 15:32:00,313.13,313.31,313.11,313.2464,33666
2023-09-27 15:33:00,313.245,313.26,313.13,313.26,19304
2023-09-27 15:34:00,313.26,313.64,313.25,313.61,59033
2023-09-27 15:35:00,313.57,313.57,313.29,313.3,27591
2023-09-27 15:36:00,313.27,313.48,313.15,313.22,28248
2023-09-27 15:37:00,313.19,313.26,313.03,313.07,25978
2023-09-27 15:38:00,313.07,313.27,313.01,313.27,37008
2023-09-27 15:39:00,313.25,313.34,313.165,313.195,15758
2023-09-27 15:40:00,313.2,313.2,312.76,312.76,40265
2023-09-27 15:41:00,312.72,312.73,312.34,312.36,33507
2023-09-27 15:42:00,312.36,312.41,312.15,312.22,40721
2023-09-27 15:43:00,312.18,312.34,311.96,312.025,35203
2023-09-27 15:44:00,312.0,312.2988,311.92,312.19,21644
2023-09-27 15:45:00,312.19,312.2,312.01,312.09,45871
2023-09-27 15:46:00,312.07,312.33,312.0639,312.2139,24536
2023-09-27 15:47:00,312.2063,312.31,312.1,312.15,36912
2023-09-27 15:48:00,312.1,312.155,311.92,312.02,29118
2023-09-27 15:49:00,311.99,312.16,311.87,312.1,25616
2023-09-27 15:50:00,312.13,312.57,312.08,312.5185,46785
2023-09-27 15:51:00,312.49,312.77,312.44,312.725,34755
2023-09-27 15:52:00,312.72,312.74,312.44,312.5984,40720
2023-09-27 15:53:00,312.59,312.85,312.32,312.79,41947
2023-09-27 15:54:00,312.78,312.95,312.57,312.9099,52896
2023-09-27 15:55:00,312.92,312.9955,312.691,312.76,57432
2023-09-27 15:56:00,312.72,312.81,312.6,312.68,50397
2023-09-27 15:57:00,312.67,312.84,312.6,312.67,57731
2023-09-27 15:58:00,312.69,312.69,312.53,312.53,60275
2023-09-27 15:59:00,312.52,312.88,312.19,312.83,209630
2023-09-28 09:30:00,310.99,311.26,310.27,310.3512,354732
2023-09-28 09:31:00,310.25,310.32,309.9522,310.17,124121
2023-09-28 09:32:00,310.17,310.2,309.77,309.77,62745
2023-09-28 09:33:00,309.75,309.92,309.45,309.85,91248
2023-09-28 09:34:00,309.88,310.45,309.8,310.37,93758
2023-09-28 09:35:00,310.385,310.44,309.885,310.1,73966
2023-09-28 09:36:00,310.1,310.73,310.08,310.49,64848
2023-09-28 09:37:00,310.4607,310.52,310.02,310.0301,43225
2023-09-28 09:38:00,310.0,310.5,309.94,310.5,50555
2023-09-28 09:39:00,310.5,310.55,310.0,310.12,35931
2023-09-28 09:40:00,310.155,310.3892,310.03,310.19,47898
2023-09-28 09:41:00,310.1865,310.4,309.73,310.4,65254
2023-09-28 09:42:00,310.37,310.7808,310.12,310.635,62991
2023-09-28 09:43:00,310.59,310.61,309.87,309.9786,31856
2023-09-28 09:44:00,309.96,310.1,309.76,309.98,76199
2023-09-28 09:45:00,309.95,310.465,309.58,310.34,79385
2023-09-28 09:46:00,310.35,310.64,310.3081,310.52,40254
2023-09-28 09:47:00,310.54,310.97,310.54,310.78,52775
2023-09-28 09:48:00,310.78,310.84,310.29,310.29,38685
2023-09-28 09:49:00,310.24,310.38,309.91,310.2799,45324
2023-09-28 09:50:00,310.25,310.5,310.1129,310.25,30672
2023-09-28 09:51:00,310.2456,310.725,310.2,310.435,54745
2023-09-28 09:52:00,310.39,310.68,310.21,310.52,35468
2023-09-28 09:53:00,310.46,311.0,310.46,310.89,56147
2023-09-28 09:54:00,310.85,311.24,310.71,311.06,43325
2023-09-28 09:55:00,311.06,311.22,310.77,311.19,53033
2023-09-28 09:56:00,311.205,311.32,311.11,311.17,41055
2023-09-28 09:57:00,311.18,311.45,310.97,311.14,60081
2023-09-28 09:58:00,311.156,311.48,311.156,311.35,60367
2023-09-28 09:59:00,311.33,311.7092,311.28,311.57,54224
2023-09-28 10:00:00,311.57,311.98,311.5,311.94,56757
2023-09-28 10:01:00,311.93,312.0188,311.665,311.96,64664
2023-09-28 10:02:00,311.93,312.1189,311.79,311.97,44548
2023-09-28 10:03:00,311.98,312.06,311.8,311.81,43083
2023-09-28 10:04:00,311.82,311.9399,311.7601,311.8,82559
2023-09-28 10:05:00,311.8,311.82,311.28,311.29,79064
2023-09-28 10:06:00,311.27,311.58,311.1,311.27,42829
2023-09-28 10:07:00,311.3,311.33,311.13,311.24,22850
2023-09-28 10:08:00,311.23,311.65,311.23,311.65,51471
2023-09-28 10:09:00,311.66,311.93,311.6301,311.78,38524
2023-09-28 10:10:00,311.77,311.77,311.5,311.69,23547
2023-09-28 10:11:00,311.61,311.7499,311.51,311.7,24033
2023-09-28 10:12:00,311.595,311.595,311.33,311.4,28774
2023-09-28 10:13:00,311.365,311.4899,311.11,311.46,24780
2023-09-28 10:14:00,311.42,311.6,311.42,311.565,18831
2023-09-28 10:15:00,311.57,311.81,311.41,311.41,23433
2023-09-28 10:16:00,311.44,311.48,311.03,311.2,42264
2023-09-28 10:17:00,311.18,311.2,310.75,310.84,29542
2023-09-28 10:18:00,310.85,310.94,310.5,310.875,38667
2023-09-28 10:19:00,310.98,311.13,310.88,311.1,21856
2023-09-28 10:20:00,311.07,311.5499,311.01,311.4301,27668
2023-09-28 10:21:00,311.46,311.49,311.1,311.23,23157
2023-09-28 10:22:00,311.28,311.3,311.045,311.09,29736
2023-09-28 10:23:00,311.11,311.23,310.89,310.89,28228
2023-09-28 10:24:00,310.94,311.13,310.92,311.04,9609
2023-09-28 10:25:00,311.15,311.17,310.87,311.0,30190
2023-09-28 10:26:00,311.01,311.07,310.78,311.0,45555
2023-09-28 10:27:00,311.03,311.08,310.8873,310.9844,37437
2023-09-28 10:28:00,310.975,311.185,310.91,311.15,20118
2023-09-28 10:29:00,311.18,311.32,310.88,310.92,33624
2023-09-28 10:30:00,310.945,310.96,310.26,310.31,37074
2023-09-28 10:31:00,310.31,310.31,309.88,309.939,65675
2023-09-28 10:32:00,309.965,310.21,309.9,309.91,38608
2023-09-28 10:33:00,309.93,310.18,309.88,310.1099,31946
2023-09-28 10:34:00,310.1241,310.37,310.115,310.25,24263
2023-09-28 10:35:00,310.3,310.65,310.18,310.2917,56117
2023-09-28 10:36:00,310.27,310.35,310.045,310.08,18707
2023-09-28 10:37:00,310.1,310.28,310.04,310.11,41684
2023-09-28 10:38:00,310.09,310.3,310.08,310.286,23233
2023-09-28 10:39:00,310.3,310.5428,310.22,310.4899,26273
2023-09-28 10:40:00,310.49,310.64,310.29,310.415,34170
2023-09-28 10:41:00,310.39,310.5233,310.19,310.46,17275
2023-09-28 10:42:00,310.42,310.75,310.42,310.595,19127
2023-09-28 10:43:00,310.61,311.21,310.595,311.21,60109
2023-09-28 10:44:00,311.2062,311.67,311.17,311.59,65822
2023-09-28 10:45:00,311.6,311.7499,311.35,311.3832,50514
2023-09-28 10:46:00,311.39,311.66,311.2699,311.57,47347
2023-09-28 10:47:00,311.54,311.8,311.42,311.7,33685
2023-09-28 10:48:00,311.71,311.725,311.44,311.51,23018
2023-09-28 10:49:00,311.52,311.65,311.3561,311.56,19476
2023-09-28 10:50:00,311.55,311.8699,311.54,311.6943,20821
2023-09-28 10:51:00,311.67,311.81,311.54,311.65,17878
2023-09-28 10:52:00,311.65,311.6587,311.42,311.54,17911
2023-09-28 10:53:00,311.52,311.65,311.3105,311.39,19746
2023-09-28 10:54:00,311.385,311.5499,311.27,311.2902,18750
2023-09-28 10:55:00,311.3,311.64,311.13,311.5,30955
2023-09-28 10:56:00,311.52,311.5899,311.35,311.57,12183
2023-09-28 10:57:00,311.4725,311.5599,311.13,311.2353,12563
2023-09-28 10:58:00,311.1965,311.62,311.1965,311.62,20612
2023-09-28 10:59:00,311.61,311.7259,311.37,311.45,34527
2023-09-28 11:00:00,311.445,311.5164,311.22,311.22,18980
2023-09-28 11:01:00,311.265,311.3519,311.165,311.2,15370
2023-09-28 11:02:00,311.205,311.39,311.01,311.37,36945
2023-09-28 11:03:00,311.4,311.41,311.06,311.17,30487
2023-09-28 11:04:00,311.14,311.19,310.91,310.93,20439
2023-09-28 11:05:00,310.93,311.04,310.8,311.03,24778
2023-09-28 11:06:00,311.075,311.319,310.92,310.98,25909
2023-09-28 11:07:00,310.98,311.5,310.91,311.46,23099
2023-09-28 11:08:00,311.47,311.83,311.45,311.745,33165
2023-09-28 11:09:00,311.74,311.74,311.54,311.6242,18393
2023-09-28 11:10:00,311.61,311.62,311.3,311.4341,22182
2023-09-28 11:11:00,311.47,311.47,311.17,311.19,12022
2023-09-28 11:12:00,311.14,311.3,311.06,311.22,18582
2023-09-28 11:13:00,311.22,311.25,310.92,311.0799,23292
2023-09-28 11:14:00,311.08,311.24,310.95,311.24,12893
2023-09-28 11:15:00,311.15,311.39,311.04,311.2999,39465
2023-09-28 11:16:00,311.295,311.36,310.99,311.09,23563
2023-09-28 11:17:00,311.0786,311.34,311.005,311.34,8764
2023-09-28 11:18:00,311.32,311.4499,311.23,311.33,20270
2023-09-28 11:19:00,311.31,311.5,311.2315,311.24,13843
2023-09-28 11:20:00,311.27,311.415,311.17,311.415,9418
2023-09-28 11:21:00,311.43,311.71,311.43,311.48,28520
2023-09-28 11:22:00,311.45,311.91,311.4,311.89,29416
2023-09-28 11:23:00,311.81,312.24,311.81,312.24,50645
2023-09-28 11:24:00,312.19,312.5199,312.175,312.49,60559
2023-09-28 11:25:00,312.49,312.8,312.38,312.8,85216
2023-09-28 11:26:00,312.82,312.83,312.3,312.36,49062
2023-09-28 11:27:00,312.345,312.79,312.345,312.72,30922
2023-09-28 11:28:00,312.7,312.85,312.6915,312.74,39047
2023-09-28 11:29:00,312.76,312.87,312.59,312.87,21364
2023-09-28 11:30:00,312.88,313.1,312.84,312.93,56303
2023-09-28 11:31:00,312.91,313.35,312.8349,313.22,65260
2023-09-28 11:32:00,313.22,313.5,313.165,313.37,84347
2023-09-28 11:33:00,313.4,313.5799,313.35,313.53,40533
2023-09-28 11:34:00,313.51,313.56,313.3101,313.35,41804
2023-09-28 11:35:00,313.38,313.48,313.27,313.41,34159
2023-09-28 11:36:00,313.43,313.49,313.29,313.48,32968
2023-09-28 11:37:00,313.4401,313.49,313.185,313.2608,32054
2023-09-28 11:38:00,313.27,313.44,313.26,313.43,17149
2023-09-28 11:39:00,313.435,313.4799,313.25,313.3,23933
2023-09-28 11:40:00,313.26,313.545,313.215,313.46,32357
2023-09-28 11:41:00,313.455,313.7,313.455,313.6129,41887
2023-09-28 11:42:00,313.61,313.72,313.53,313.7,40625
2023-09-28 11:43:00,313.7,313.79,313.58,313.6998,33984
2023-09-28 11:44:00,313.69,313.802,313.58,313.74,43109
2023-09-28 11:45:00,313.7,313.76,313.32,313.49,65814
2023-09-28 11:46:00,313.51,313.7001,313.51,313.52,20578
2023-09-28 11:47:00,313.53,313.72,313.47,313.7,28074
2023-09-28 11:48:00,313.7165,313.8838,313.565,313.845,25494
2023-09-28 11:49:00,313.8663,313.92,313.79,313.88,38771
2023-09-28 11:50:00,313.9,314.03,313.835,313.9,56951
2023-09-28 11:51:00,313.93,314.01,313.67,313.7875,34060
2023-09-28 11:52:00,313.76,313.9191,313.7201,313.9191,23054
2023-09-28 11:53:00,313.9,313.9999,313.8,313.98,45891
2023-09-28 11:54:00,314.0,314.124,313.96,314.0685,40730
2023-09-28 11:55:00,314.065,314.08,313.53,313.59,43482
2023-09-28 11:56:00,313.6,313.81,313.56,313.81,48915
2023-09-28 11:57:00,313.85,313.85,313.55,313.58,15593
2023-09-28 11:58:00,313.59,313.71,313.59,313.65,18682
2023-09-28 11:59:00,313.6401,313.9489,313.62,313.86,23288
2023-09-28 12:00:00,313.86,314.0,313.76,313.955,19914
2023-09-28 12:01:00,313.95,313.985,313.8,313.86,23020
2023-09-28 12:02:00,313.85,313.94,313.75,313.85,19753
2023-09-28 12:03:00,313.84,313.99,313.82,313.835,15653
2023-09-28 12:04:00,313.87,314.017,313.73,313.97,29360
2023-09-28 12:05:00,313.95,314.19,313.94,314.14,56585
2023-09-28 12:06:00,314.13,314.22,313.99,314.0178,56861
2023-09-28 12:07:00,314.04,314.18,314.01,314.0901,21385
2023-09-28 12:08:00,314.08,314.46,314.05,314.31,58809
2023-09-28 12:09:00,314.305,314.44,314.27,314.29,21044
2023-09-28 12:10:00,314.29,314.42,314.19,314.3,47801
2023-09-28 12:11:00,314.32,314.448,314.26,314.35,37835
2023-09-28 12:12:00,314.32,314.58,314.32,314.515,33969
2023-09-28 12:13:00,314.5,314.5,314.21,314.3499,32538
2023-09-28 12:14:00,314.32,314.48,314.3,314.43,20321
2023-09-28 12:15:00,314.44,314.52,314.3,314.439,18730
2023-09-28 12:16:00,314.44,314.46,314.245,314.26,20247
2023-09-28 12:17:00,314.285,314.53,314.27,314.5232,16798
2023-09-28 12:18:00,314.55,314.57,314.44,314.47,7585
2023-09-28 12:19:00,314.42,314.585,314.31,314.58,23706
2023-09-28 12:20:00,314.5434,314.69,314.49,314.51,29347
2023-09-28 12:21:00,314.49,314.7,314.42,314.61,28910
2023-09-28 12:22:00,314.5995,314.8146,314.59,314.76,40808
2023-09-28 12:23:00,314.76,314.77,314.6,314.6237,36748
2023-09-28 12:24:00,314.65,314.68,314.4,314.4,29685
2023-09-28 12:25:00,314.43,314.53,314.4,314.453,18264
2023-09-28 12:26:00,314.46,314.81,314.45,314.78,23255
2023-09-28 12:27:00,314.82,315.08,314.77,315.05,48645
2023-09-28 12:28:00,315.05,315.26,315.03,315.235,39437
2023-09-28 12:29:00,315.24,315.46,315.1868,315.45,38113
2023-09-28 12:30:00,315.44,315.48,315.28,315.31,26535
2023-09-28 12:31:00,315.34,315.3513,314.91,314.91,20047
2023-09-28 12:32:00,314.89,314.94,314.79,314.82,45080
2023-09-28 12:33:00,314.8012,314.82,314.6,314.7125,14264
2023-09-28 12:34:00,314.7,314.75,314.59,314.6456,10872
2023-09-28 12:35:00,314.69,314.72,314.59,314.62,12194
2023-09-28 12:36:00,314.661,314.875,314.64,314.83,20273
2023-09-28 12:37:00,314.83,314.9099,314.74,314.9099,11255
2023-09-28 12:38:00,314.9072,315.12,314.9,315.11,24097
2023-09-28 12:39:00,315.15,315.1599,314.96,315.015,15842
2023-09-28 12:40:00,315.03,315.09,314.97,314.975,12274
2023-09-28 12:41:00,314.99,315.1,314.94,315.1,12588
2023-09-28 12:42:00,315.1,315.12,315.01,315.01,17278
2023-09-28 12:43:00,315.03,315.34,315.03,315.2799,23392
2023-09-28 12:44:00,315.29,315.31,315.1201,315.21,12613
2023-09-28 12:45:00,315.204,315.25,314.9501,314.99,27143
2023-09-28 12:46:00,314.99,315.015,314.77,314.81,19510
2023-09-28 12:47:00,314.8,315.03,314.77,314.82,19670
2023-09-28 12:48:00,314.8,314.91,314.67,314.6939,18505
2023-09-28 12:49:00,314.6567,314.7118,314.3699,314.3699,32847
2023-09-28 12:50:00,314.37,314.62,314.37,314.62,29029
2023-09-28 12:51:00,314.58,314.655,314.49,314.535,10890
2023-09-28 12:52:00,314.535,314.65,314.52,314.53,9568
2023-09-28 12:53:00,314.53,314.5506,314.382,314.415,18176
2023-09-28 12:54:00,314.4097,314.42,313.98,313.99,29316
2023-09-28 12:55:00,314.0,314.2,313.89,313.93,26594
2023-09-28 12:56:00,313.93,314.2472,313.93,314.21,13981
2023-09-28 12:57:00,314.23,314.3,314.21,314.2343,12199
2023-09-28 12:58:00,314.2,314.37,314.061,314.29,13272
2023-09-28 12:59:00,314.2767,314.32,314.18,314.22,7458
2023-09-28 13:00:00,314.24,314.35,314.17,314.22,6315
2023-09-28 13:01:00,314.3,314.55,314.18,314.24,18389
2023-09-28 13:02:00,314.26,314.29,314.1,314.2,10202
2023-09-28 13:03:00,314.2,314.21,313.96,314.07,15886
2023-09-28 13:04:00,314.05,314.07,313.92,313.95,23763
2023-09-28 13:05:00,313.92,313.96,313.6514,313.92,30572
2023-09-28 13:06:00,313.93,314.09,313.75,314.07,26334
2023-09-28 13:07:00,314.0398,314.4671,314.0398,314.445,16757
2023-09-28 13:08:00,314.4491,314.65,314.44,314.54,9831
2023-09-28 13:09:00,314.56,314.56,314.4525,314.52,9032
2023-09-28 13:10:00,314.54,314.67,314.44,314.44,13671
2023-09-28 13:11:00,314.38,314.54,314.375,314.39,9197
2023-09-28 13:12:00,314.35,314.4,314.27,314.4,7916
2023-09-28 13:13:00,314.4,314.42,314.31,314.4,14461
2023-09-28 13:14:00,314.41,314.58,314.4,314.55,9481
2023-09-28 13:15:00,314.5,314.56,314.42,314.55,8133
2023-09-28 13:16:00,314.53,314.61,314.42,314.61,8352
2023-09-28 13:17:00,314.52,314.63,314.38,314.4,8806
2023-09-28 13:18:00,314.39,314.48,314.35,314.395,5998
2023-09-28 13:19:00,314.43,314.48,314.34,314.375,10745
2023-09-28 13:20:00,314.37,314.42,314.31,314.4,7454
2023-09-28 13:21:00,314.4011,314.5301,314.32,314.47,14997
2023-09-28 13:22:00,314.5,314.66,314.45,314.45,23523
2023-09-28 13:23:00,314.45,314.45,314.29,314.35,4591
2023-09-28 13:24:00,314.37,314.61,314.335,314.59,14184
2023-09-28 13:25:00,314.51,314.5625,314.25,314.26,15204
2023-09-28 13:26:00,314.245,314.295,314.1,314.1,12676
2023-09-28 13:27:00,314.1,314.17,313.95,313.99,29299
2023-09-28 13:28:00,314.02,314.0659,313.89,313.895,19054
2023-09-28 13:29:00,313.9,314.0,313.8957,313.915,14041
2023-09-28 13:30:00,313.93,314.02,313.67,313.79,42161
2023-09-28 13:31:00,313.805,313.94,313.56,313.615,25465
2023-09-28 13:32:00,313.59,313.63,313.4,313.4001,25528
2023-09-28 13:33:00,313.44,313.605,313.43,313.5532,13685
2023-09-28 13:34:00,313.54,313.6,313.39,313.4,10870
2023-09-28 13:35:00,313.41,313.58,313.34,313.58,13093
2023-09-28 13:36:00,313.57,313.68,313.5,313.52,14939
2023-09-28 13:37:00,313.54,313.65,313.53,313.63,13917
2023-09-28 13:38:00,313.6,313.84,313.6,313.84,29377
2023-09-28 13:39:00,313.83,313.865,313.575,313.595,7015
2023-09-28 13:40:00,313.63,313.64,313.31,313.36,18864
2023-09-28 13:41:00,313.3101,313.44,313.27,313.37,14935
2023-09-28 13:42:00,313.3868,313.46,313.35,313.44,8238
2023-09-28 13:43:00,313.44,313.49,313.34,313.3801,17922
2023-09-28 13:44:00,313.34,313.36,313.09,313.24,24203
2023-09-28 13:45:00,313.252,313.44,313.235,313.32,14158
2023-09-28 13:46:00,313.33,313.7601,313.33,313.7601,21157
2023-09-28 13:47:00,313.745,313.79,313.665,313.79,10276
2023-09-28 13:48:00,313.785,313.785,313.56,313.605,19026
2023-09-28 13:49:00,313.6037,313.8,313.5836,313.64,5890
2023-09-28 13:50:00,313.61,313.765,313.61,313.765,7772
2023-09-28 13:51:00,313.71,313.71,313.62,313.63,8560
2023-09-28 13:52:00,313.61,313.61,313.33,313.33,10029
2023-09-28 13:53:00,313.37,313.42,313.28,313.42,10221
2023-09-28 13:54:00,313.37,313.4399,313.32,313.4101,5409
2023-09-28 13:55:00,313.41,313.41,313.25,313.27,6542
2023-09-28 13:56:00,313.2501,313.475,313.245,313.415,11190
2023-09-28 13:57:00,313.42,313.56,313.42,313.52,14068
2023-09-28 13:58:00,313.5501,313.555,313.36,313.38,9167
2023-09-28 13:59:00,313.36,313.45,313.29,313.37,7186
2023-09-28 14:00:00,313.41,313.51,313.2276,313.34,14820
2023-09-28 14:01:00,313.355,313.39,313.2789,313.32,4340
2023-09-28 14:02:00,313.3,313.67,313.3,313.6,10562
2023-09-28 14:03:00,313.53,313.6,313.38,313.42,6565
2023-09-28 14:04:00,313.4,313.58,313.345,313.3755,9509
2023-09-28 14:05:00,313.39,313.43,313.21,313.33,7640
2023-09-28 14:06:00,313.385,313.5347,313.355,313.52,7168
2023-09-28 14:07:00,313.5,313.52,313.4,313.46,6914
2023-09-28 14:08:00,313.46,313.76,313.45,313.745,10466
2023-09-28 14:09:00,313.76,313.78,313.59,313.685,10566
2023-09-28 14:10:00,313.68,313.695,313.36,313.36,16699
2023-09-28 14:11:00,313.36,313.47,313.3492,313.46,6428
2023-09-28 14:12:00,313.48,313.48,313.24,313.31,9776
2023-09-28 14:13:00,313.31,313.69,313.295,313.67,9009
2023-09-28 14:14:00,313.67,313.9899,313.67,313.929,27839
2023-09-28 14:15:00,313.94,314.04,313.86,313.955,25528
2023-09-28 14:16:00,313.99,314.32,313.96,314.27,28547
2023-09-28 14:17:00,314.24,314.24,314.08,314.1209,25751
2023-09-28 14:18:00,314.11,314.33,314.11,314.285,10390
2023-09-28 14:19:00,314.31,314.52,314.28,314.3092,22432
2023-09-28 14:20:00,314.3,314.405,314.29,314.38,14554
2023-09-28 14:21:00,314.36,314.37,314.3,314.34,9729
2023-09-28 14:22:00,314.39,314.405,314.31,314.3255,20678
2023-09-28 14:23:00,314.35,314.37,314.13,314.25,10375
2023-09-28 14:24:00,314.24,314.255,313.88,313.905,12001
2023-09-28 14:25:00,313.87,314.0437,313.79,314.04,8015
2023-09-28 14:26:00,314.04,314.21,313.97,314.005,6585
2023-09-28 14:27:00,314.06,314.16,314.03,314.06,6090
2023-09-28 14:28:00,314.07,314.23,314.045,314.1997,9520
2023-09-28 14:29:00,314.18,314.18,313.96,314.02,7092
2023-09-28 14:30:00,314.02,314.03,313.79,313.86,12037
2023-09-28 14:31:00,313.82,313.84,313.75,313.78,9381
2023-09-28 14:32:00,313.76,314.02,313.75,313.96,6258
2023-09-28 14:33:00,313.93,313.96,313.83,313.83,3890
2023-09-28 14:34:00,313.84,313.86,313.28,313.28,17006
2023-09-28 14:35:00,313.2718,313.36,313.065,313.17,23738
2023-09-28 14:36:00,313.15,313.15,312.84,312.903,36480
2023-09-28 14:37:00,312.83,313.29,312.81,313.29,24300
2023-09-28 14:38:00,313.28,313.31,313.15,313.31,9694
2023-09-28 14:39:00,313.28,313.3625,313.21,313.225,3408
2023-09-28 14:40:00,313.2,313.33,313.1,313.14,10677
2023-09-28 14:41:00,313.15,313.26,313.13,313.1609,6406
2023-09-28 14:42:00,313.14,313.38,313.13,313.355,9103
2023-09-28 14:43:00,313.395,313.57,313.315,313.57,11616
2023-09-28 14:44:00,313.6,313.7,313.3043,313.33,13275
2023-09-28 14:45:00,313.29,313.41,313.264,313.41,5392
2023-09-28 14:46:00,313.45,313.4819,313.22,313.23,5821
2023-09-28 14:47:00,313.2301,313.2799,312.98,313.045,16016
2023-09-28 14:48:00,313.059,313.15,312.91,312.96,9776
2023-09-28 14:49:00,312.96,313.07,312.845,312.95,16037
2023-09-28 14:50:00,312.965,313.21,312.965,313.18,10063
2023-09-28 14:51:00,313.2592,313.2999,313.075,313.21,7101
2023-09-28 14:52:00,313.2,313.23,313.02,313.04,7131
2023-09-28 14:53:00,313.03,313.03,312.72,312.77,13795
2023-09-28 14:54:00,312.745,312.88,312.72,312.875,27047
2023-09-28 14:55:00,312.9,312.92,312.73,312.85,16942
2023-09-28 14:56:00,312.8581,313.19,312.78,313.175,18444
2023-09-28 14:57:00,313.2,313.2271,313.12,313.14,8538
2023-09-28 14:58:00,313.164,313.3,313.07,313.2383,7390
2023-09-28 14:59:00,313.24,313.49,313.205,313.48,16131
2023-09-28 15:00:00,313.4816,313.7,313.44,313.52,23816
2023-09-28 15:01:00,313.49,313.55,313.44,313.485,12041
2023-09-28 15:02:00,313.525,313.6,313.4203,313.56,19468
2023-09-28 15:03:00,313.53,313.67,313.4579,313.5,12400
2023-09-28 15:04:00,313.51,313.555,313.445,313.53,18443
2023-09-28 15:05:00,313.54,313.7,313.5,313.52,23170
2023-09-28 15:06:00,313.51,313.55,313.44,313.46,9567
2023-09-28 15:07:00,313.48,313.54,313.26,313.41,11412
2023-09-28 15:08:00,313.37,313.49,313.33,313.49,7344
2023-09-28 15:09:00,313.52,313.55,313.4099,313.54,12283
2023-09-28 15:10:00,313.55,313.85,313.5,313.6887,14763
2023-09-28 15:11:00,313.7,313.76,313.68,313.73,12582
2023-09-28 15:12:00,313.73,313.94,313.72,313.9345,25900
2023-09-28 15:13:00,313.93,313.95,313.66,313.7072,14695
2023-09-28 15:14:00,313.68,313.89,313.67,313.87,26107
2023-09-28 15:15:00,313.87,314.025,313.82,314.0,42044
2023-09-28 15:16:00,314.0299,314.21,313.99,314.13,29213
2023-09-28 15:17:00,314.15,314.27,314.11,314.26,37374
2023-09-28 15:18:00,314.27,314.275,314.1,314.21,8714
2023-09-28 15:19:00,314.2127,314.3,314.15,314.15,15338
2023-09-28 15:20:00,314.17,314.17,314.025,314.12,14267
2023-09-28 15:21:00,314.15,314.155,314.0123,314.07,24003
2023-09-28 15:22:00,314.01,314.15,314.0,314.055,18310
2023-09-28 15:23:00,314.1,314.15,314.04,314.15,18659
2023-09-28 15:24:00,314.15,314.32,314.14,314.25,28373
2023-09-28 15:25:00,314.25,314.52,314.23,314.5,38157
2023-09-28 15:26:00,314.51,314.59,314.41,314.5,35110
2023-09-28 15:27:00,314.495,314.52,314.425,314.49,24849
2023-09-28 15:28:00,314.485,314.65,314.42,314.615,20695
2023-09-28 15:29:00,314.6,314.65,314.47,314.59,29291
2023-09-28 15:30:00,314.56,314.65,314.28,314.35,25687
2023-09-28 15:31:00,314.36,314.39,314.21,314.33,32884
2023-09-28 15:32:00,314.35,314.43,314.22,314.43,20483
2023-09-28 15:33:00,314.43,314.46,314.1254,314.1976,25114
2023-09-28 15:34:00,314.2,314.2,314.08,314.12,19150
2023-09-28 15:35:00,314.11,314.11,313.91,313.96,16123
2023-09-28 15:36:00,313.98,314.0211,313.58,313.66,29231
2023-09-28 15:37:00,313.6692,313.6692,313.31,313.32,15540
2023-09-28 15:38:00,313.32,313.32,313.13,313.22,33992
2023-09-28 15:39:00,313.23,313.36,313.11,313.18,29717
2023-09-28 15:40:00,313.16,313.455,313.13,313.4,26145
2023-09-28 15:41:00,313.42,313.5196,313.32,313.38,16872
2023-09-28 15:42:00,313.38,313.47,313.28,313.45,22705
2023-09-28 15:43:00,313.44,313.47,313.14,313.32,34874
2023-09-28 15:44:00,313.33,313.48,313.2,313.47,23848
2023-09-28 15:45:00,313.46,313.58,313.3101,313.3399,37371
2023-09-28 15:46:00,313.34,313.6,313.34,313.5201,22039
2023-09-28 15:47:00,313.52,313.52,313.045,313.06,19557
2023-09-28 15:48:00,313.06,313.1,312.81,312.93,39178
2023-09-28 15:49:00,312.95,313.15,312.95,313.115,29938
2023-09-28 15:50:00,313.1125,313.68,313.05,313.62,68624
2023-09-28 15:51:00,313.63,313.8,313.28,313.48,53039
2023-09-28 15:52:00,313.51,313.68,313.48,313.63,24104
2023-09-28 15:53:00,313.62,313.81,313.59,313.68,36248
2023-09-28 15:54:00,313.69,313.78,313.33,313.56,65238
2023-09-28 15:55:00,313.55,314.01,313.54,313.85,73970
2023-09-28 15:56:00,313.88,314.03,313.71,313.94,50438
2023-09-28 15:57:00,313.93,313.93,313.76,313.81,51317
2023-09-28 15:58:00,313.82,313.97,313.75,313.96,70266
2023-09-28 15:59:00,313.96,313.99,313.39,313.67,325999
2023-09-29 09:30:00,317.9,318.0,317.05,317.13,463292
2023-09-29 09:31:00,317.086,317.65,316.95,317.46,110550
2023-09-29 09:32:00,317.44,317.58,317.17,317.325,47632
2023-09-29 09:33:00,317.28,317.35,316.94,317.035,56080
2023-09-29 09:34:00,317.04,317.46,316.99,317.09,39129
2023-09-29 09:35:00,317.11,317.43,316.925,316.99,69922
2023-09-29 09:36:00,316.995,317.0699,316.73,316.995,64199
2023-09-29 09:37:00,316.985,317.38,316.95,317.1095,56520
2023-09-29 09:38:00,317.11,317.2404,316.83,317.1191,60523
2023-09-29 09:39:00,317.1,317.72,317.1,317.63,62681
2023-09-29 09:40:00,317.69,317.7,317.22,317.565,51361
2023-09-29 09:41:00,317.6233,318.06,317.55,318.0209,67706
2023-09-29 09:42:00,317.97,318.33,317.65,318.045,94374
2023-09-29 09:43:00,318.06,318.4199,317.94,317.94,42322
2023-09-29 09:44:00,317.95,318.042,317.73,317.88,34318
2023-09-29 09:45:00,317.89,318.347,317.77,318.347,55358
2023-09-29 09:46:00,318.32,318.59,318.11,318.1944,39469
2023-09-29 09:47:00,318.17,318.74,318.17,318.52,45615
2023-09-29 09:48:00,318.4975,319.45,318.49,319.395,101970
2023-09-29 09:49:00,319.375,319.41,318.57,318.58,79619
2023-09-29 09:50:00,318.66,318.89,318.47,318.598,34107
2023-09-29 09:51:00,318.5669,318.7,318.27,318.3938,50998
2023-09-29 09:52:00,318.34,318.88,318.34,318.575,34088
2023-09-29 09:53:00,318.55,318.73,318.51,318.67,16212
2023-09-29 09:54:00,318.68,318.98,318.68,318.9,29660
2023-09-29 09:55:00,318.89,319.1,318.65,318.7899,49345
2023-09-29 09:56:00,318.75,318.804,318.5142,318.775,40991
2023-09-29 09:57:00,318.81,318.94,318.61,318.61,32419
2023-09-29 09:58:00,318.63,319.0,318.62,318.765,50988
2023-09-29 09:59:00,318.75,319.07,318.53,318.56,40833
2023-09-29 10:00:00,318.58,319.0834,318.58,319.0,61161
2023-09-29 10:01:00,318.975,319.05,318.78,319.02,33548
2023-09-29 10:02:00,319.0245,319.31,318.9717,319.23,28734
2023-09-29 10:03:00,319.18,319.36,318.85,319.07,64357
2023-09-29 10:04:00,319.07,319.26,318.97,319.11,40815
2023-09-29 10:05:00,319.13,319.47,318.93,319.44,51230
2023-09-29 10:06:00,319.415,319.415,318.88,318.9001,59381
2023-09-29 10:07:00,318.9261,319.09,318.69,318.875,34942
2023-09-29 10:08:00,318.9,319.035,318.74,319.035,26341
2023-09-29 10:09:00,319.02,319.16,318.7401,318.7401,14929
2023-09-29 10:10:00,318.75,318.99,318.61,318.76,38692
2023-09-29 10:11:00,318.68,319.01,318.61,319.01,27392
2023-09-29 10:12:00,319.0,319.0699,318.82,318.9,15163
2023-09-29 10:13:00,318.945,318.97,318.5825,318.64,39937
2023-09-29 10:14:00,318.621,319.02,318.58,318.9908,32932
2023-09-29 10:15:00,319.005,319.12,318.82,318.855,30725
2023-09-29 10:16:00,318.87,318.91,318.67,318.7,37542
2023-09-29 10:17:00,318.7,318.78,318.58,318.75,45231
2023-09-29 10:18:00,318.71,318.7781,318.34,318.4019,30907
2023-09-29 10:19:00,318.4,318.59,318.29,318.59,41285
2023-09-29 10:20:00,318.6,318.6,318.391,318.5,27905
2023-09-29 10:21:00,318.48,318.55,318.32,318.37,30753
2023-09-29 10:22:00,318.35,318.5,318.27,318.325,24596
2023-09-29 10:23:00,318.31,318.35,317.82,317.86,49465
2023-09-29 10:24:00,317.8,317.8,317.4,317.4101,26474
2023-09-29 10:25:00,317.41,317.58,317.3401,317.4599,25582
2023-09-29 10:26:00,317.46,318.05,317.46,317.96,43086
2023-09-29 10:27:00,317.96,318.01,317.52,317.53,39071
2023-09-29 10:28:00,317.535,317.744,317.49,317.67,30459
2023-09-29 10:29:00,317.68,317.84,317.62,317.79,40816
2023-09-29 10:30:00,317.82,318.11,317.73,318.05,21457
2023-09-29 10:31:00,318.1,318.4,318.0511,318.385,30760
2023-09-29 10:32:00,318.33,318.38,318.24,318.34,31675
2023-09-29 10:33:00,318.38,318.44,318.14,318.18,24504
2023-09-29 10:34:00,318.195,318.195,318.0,318.03,20466
2023-09-29 10:35:00,318.1,318.25,317.781,317.91,18722
2023-09-29 10:36:00,317.92,317.98,317.71,317.74,40925
2023-09-29 10:37:00,317.75,317.92,317.6801,317.89,16012
2023-09-29 10:38:00,317.9,317.98,317.61,317.63,26644
2023-09-29 10:39:00,317.65,317.8791,317.64,317.64,11783
2023-09-29 10:40:00,317.64,317.75,317.6,317.7,21549
2023-09-29 10:41:00,317.63,317.78,317.6,317.68,29659
2023-09-29 10:42:00,317.65,317.735,317.5428,317.73,20039
2023-09-29 10:43:00,317.72,317.74,317.46,317.52,22674
2023-09-29 10:44:00,317.54,317.865,317.53,317.8,18478
2023-09-29 10:45:00,317.77,318.17,317.74,318.11,15581
2023-09-29 10:46:00,318.115,318.115,317.91,317.97,13884
2023-09-29 10:47:00,317.97,318.03,317.78,317.95,23698
2023-09-29 10:48:00,317.91,318.1,317.76,317.835,18564
2023-09-29 10:49:00,317.8445,318.0199,317.77,317.97,10910
2023-09-29 10:50:00,317.955,317.9776,317.77,317.77,11751
2023-09-29 10:51:00,317.7,317.78,317.55,317.71,16324
2023-09-29 10:52:00,317.67,317.7999,317.53,317.575,20169
2023-09-29 10:53:00,317.57,317.99,317.5001,317.9699,22368
2023-09-29 10:54:00,317.95,318.24,317.91,318.15,33128
2023-09-29 10:55:00,318.15,318.16,317.7864,317.7864,17709
2023-09-29 10:56:00,317.78,317.83,317.4,317.415,30741
2023-09-29 10:57:00,317.43,317.56,317.39,317.4201,15450
2023-09-29 10:58:00,317.36,317.5022,317.36,317.37,12595
2023-09-29 10:59:00,317.39,317.53,317.39,317.4902,9059
2023-09-29 11:00:00,317.53,317.78,317.53,317.64,32329
2023-09-29 11:01:00,317.64,317.9838,317.54,317.79,19858
2023-09-29 11:02:00,317.755,317.99,317.75,317.98,31814
2023-09-29 11:03:00,317.97,318.036,317.88,317.93,20562
2023-09-29 11:04:00,317.9,318.0104,317.84,317.86,25403
2023-09-29 11:05:00,317.82,317.82,317.57,317.62,21656
2023-09-29 11:06:00,317.57,317.91,317.52,317.91,9674
2023-09-29 11:07:00,317.9099,318.02,317.71,317.96,27396
2023-09-29 11:08:00,317.95,317.975,317.83,317.88,20535
2023-09-29 11:09:00,317.88,317.93,317.78,317.8425,23754
2023-09-29 11:10:00,317.84,317.9,317.65,317.8393,33056
2023-09-29 11:11:00,317.805,317.815,317.66,317.77,9526
2023-09-29 11:12:00,317.76,318.199,317.76,318.199,29904
2023-09-29 11:13:00,318.19,318.2,317.96,318.13,17288
2023-09-29 11:14:00,318.11,318.14,317.86,317.87,15144
2023-09-29 11:15:00,317.83,317.838,317.4,317.4,33372
2023-09-29 11:16:00,317.4264,317.67,317.4264,317.55,18393
2023-09-29 11:17:00,317.53,317.69,317.49,317.58,14764
2023-09-29 11:18:00,317.56,317.85,317.56,317.81,19619
2023-09-29 11:19:00,317.82,318.0683,317.82,318.03,13356
2023-09-29 11:20:00,318.0084,318.3883,317.96,318.3883,25197
2023-09-29 11:21:00,318.4,318.64,318.29,318.36,49610
2023-09-29 11:22:00,318.38,318.56,318.3202,318.47,55774
2023-09-29 11:23:00,318.5,318.8,318.46,318.65,52121
2023-09-29 11:24:00,318.6499,318.89,318.52,318.7973,52199
2023-09-29 11:25:00,318.77,318.77,318.49,318.58,13906
2023-09-29 11:26:00,318.53,318.54,318.17,318.18,13551
2023-09-29 11:27:00,318.11,318.15,317.74,317.74,33087
2023-09-29 11:28:00,317.73,317.73,317.48,317.58,17920
2023-09-29 11:29:00,317.57,317.61,317.25,317.2685,25443
2023-09-29 11:30:00,317.29,317.48,317.2,317.46,12997
2023-09-29 11:31:00,317.49,317.67,317.4201,317.55,20999
2023-09-29 11:32:00,317.57,317.65,317.44,317.56,13915
2023-09-29 11:33:00,317.54,317.57,317.47,317.52,13823
2023-09-29 11:34:00,317.51,317.556,317.33,317.54,46453
2023-09-29 11:35:00,317.51,317.735,317.31,317.49,38522
2023-09-29 11:36:00,317.5699,317.67,317.46,317.63,17815
2023-09-29 11:37:00,317.6699,317.6699,317.39,317.45,15617
2023-09-29 11:38:00,317.44,317.5,317.21,317.4,19355
2023-09-29 11:39:00,317.4,317.56,317.27,317.51,19914
2023-09-29 11:40:00,317.53,317.7699,317.505,317.7699,29977
2023-09-29 11:41:00,317.69,317.86,317.51,317.68,37600
2023-09-29 11:42:00,317.67,318.0,317.5897,317.59,20897
2023-09-29 11:43:00,317.58,317.59,317.31,317.4,21881
2023-09-29 11:44:00,317.48,317.595,317.41,317.595,13385
2023-09-29 11:45:00,317.65,317.83,317.61,317.64,19175
2023-09-29 11:46:00,317.57,317.725,317.46,317.64,15088
2023-09-29 11:47:00,317.69,317.83,317.66,317.66,7435
2023-09-29 11:48:00,317.7,317.81,317.61,317.63,12646
2023-09-29 11:49:00,317.61,317.68,317.51,317.6195,14628
2023-09-29 11:50:00,317.58,317.76,317.5,317.7499,16475
2023-09-29 11:51:00,317.71,317.79,317.53,317.79,10046
2023-09-29 11:52:00,317.8,317.85,317.6,317.6,8167
2023-09-29 11:53:00,317.61,317.63,317.15,317.25,21360
2023-09-29 11:54:00,317.27,317.4425,317.085,317.42,38959
2023-09-29 11:55:00,317.41,317.56,317.34,317.4799,14707
2023-09-29 11:56:00,317.47,317.82,317.46,317.55,18184
2023-09-29 11:57:00,317.6199,317.66,317.48,317.62,7985
2023-09-29 11:58:00,317.61,317.77,317.59,317.65,13876
2023-09-29 11:59:00,317.65,317.661,317.49,317.58,16584
2023-09-29 12:00:00,317.535,317.6,317.405,317.5562,7952
2023-09-29 12:01:00,317.45,317.5,317.32,317.3739,10525
2023-09-29 12:02:00,317.37,317.53,317.36,317.39,10096
2023-09-29 12:03:00,317.37,317.47,317.29,317.36,13580
2023-09-29 12:04:00,317.365,317.6385,317.36,317.6075,9611
2023-09-29 12:05:00,317.58,317.66,317.41,317.65,10595
2023-09-29 12:06:00,317.69,317.83,317.64,317.65,17721
2023-09-29 12:07:00,317.68,317.845,317.6,317.77,10872
2023-09-29 12:08:00,317.77,317.77,317.63,317.67,8869
2023-09-29 12:09:00,317.6774,317.74,317.52,317.53,13635
2023-09-29 12:10:00,317.51,317.87,317.46,317.79,31829
2023-09-29 12:11:00,317.79,317.9,317.77,317.9,21317
2023-09-29 12:12:00,317.88,317.93,317.7,317.74,14911
2023-09-29 12:13:00,317.78,317.79,317.27,317.27,31069
2023-09-29 12:14:00,317.32,317.455,317.2364,317.33,17928
2023-09-29 12:15:00,317.32,317.539,317.3,317.39,26680
2023-09-29 12:16:00,317.43,317.69,317.35,317.67,29592
2023-09-29 12:17:00,317.69,317.8247,317.6201,317.79,21354
2023-09-29 12:18:00,317.79,317.97,317.74,317.965,11987
2023-09-29 12:19:00,317.9312,318.01,317.855,317.9058,15637
2023-09-29 12:20:00,317.9,318.05,317.86,318.03,14247
2023-09-29 12:21:00,318.0,318.18,317.87,318.16,15601
2023-09-29 12:22:00,318.13,318.33,318.12,318.31,19826
2023-09-29 12:23:00,318.282,318.31,318.01,318.1,28269
2023-09-29 12:24:00,318.08,318.1425,317.97,318.02,7914
2023-09-29 12:25:00,317.98,318.1,317.975,318.07,8348
2023-09-29 12:26:00,318.05,318.1675,318.0,318.02,10842
2023-09-29 12:27:00,318.06,318.08,317.825,317.955,13643
2023-09-29 12:28:00,317.96,317.98,317.75,317.86,15475
2023-09-29 12:29:00,317.865,317.95,317.76,317.89,14828
2023-09-29 12:30:00,317.92,318.02,317.76,318.0,11375
2023-09-29 12:31:00,318.02,318.22,318.015,318.1799,14628
2023-09-29 12:32:00,318.17,318.22,318.0,318.0937,21493
2023-09-29 12:33:00,318.08,318.19,317.83,317.843,18806
2023-09-29 12:34:00,317.88,318.09,317.84,318.06,11039
2023-09-29 12:35:00,318.04,318.13,317.99,318.05,14500
2023-09-29 12:36:00,318.03,318.15,318.03,318.13,14111
2023-09-29 12:37:00,318.11,318.12,318.035,318.095,6454
2023-09-29 12:38:00,318.11,318.14,317.85,317.87,9968
2023-09-29 12:39:00,317.85,317.9024,317.7,317.88,13538
2023-09-29 12:40:00,317.85,318.05,317.76,318.045,8016
2023-09-29 12:41:00,318.05,318.11,317.925,318.05,9837
2023-09-29 12:42:00,318.01,318.01,317.65,317.67,15671
2023-09-29 12:43:00,317.65,317.78,317.62,317.64,10228
2023-09-29 12:44:00,317.64,317.79,317.6,317.7,11407
2023-09-29 12:45:00,317.69,317.9299,317.65,317.765,12959
2023-09-29 12:46:00,317.78,317.93,317.78,317.8,12121
2023-09-29 12:47:00,317.75,317.75,317.4,317.55,21120
2023-09-29 12:48:00,317.46,317.52,317.09,317.1082,23685
2023-09-29 12:49:00,317.14,317.28,317.13,317.265,17032
2023-09-29 12:50:00,317.29,317.38,317.23,317.25,16441
2023-09-29 12:51:00,317.27,317.28,317.05,317.26,18606
2023-09-29 12:52:00,317.255,317.2605,316.905,316.907,30000
2023-09-29 12:53:00,316.9,317.07,316.9,317.03,18849
2023-09-29 12:54:00,317.0,317.0,316.79,316.81,17521
2023-09-29 12:55:00,316.82,316.97,316.76,316.9,24526
2023-09-29 12:56:00,316.89,317.1,316.86,317.08,7547
2023-09-29 12:57:00,317.12,317.15,317.02,317.025,15440
2023-09-29 12:58:00,317.09,317.11,316.89,316.9,16073
2023-09-29 12:59:00,316.96,317.02,316.9,316.99,4930
2023-09-29 13:00:00,316.96,316.96,316.68,316.685,24056
2023-09-29 13:01:00,316.67,316.73,316.33,316.45,36849
2023-09-29 13:02:00,316.44,316.45,316.16,316.31,42964
2023-09-29 13:03:00,316.34,316.44,316.14,316.3,22873
2023-09-29 13:04:00,316.3,316.5,316.28,316.37,15253
2023-09-29 13:05:00,316.35,316.36,316.07,316.07,21406
2023-09-29 13:06:00,316.07,316.15,315.9,315.96,38613
2023-09-29 13:07:00,315.95,316.1499,315.91,316.0,12931
2023-09-29 13:08:00,315.98,315.985,315.68,315.89,28826
2023-09-29 13:09:00,315.915,316.04,315.87,315.91,29194
2023-09-29 13:10:00,315.91,316.0789,315.91,315.99,15328
2023-09-29 13:11:00,315.98,316.115,315.9478,316.055,20222
2023-09-29 13:12:00,316.03,316.0397,315.86,315.98,24430
2023-09-29 13:13:00,315.96,315.96,315.64,315.67,23950
2023-09-29 13:14:00,315.69,315.8299,315.6,315.78,10855
2023-09-29 13:15:00,315.8,315.82,315.55,315.58,17029
2023-09-29 13:16:00,315.57,315.76,315.52,315.654,15518
2023-09-29 13:17:00,315.62,315.7699,315.62,315.63,8538
2023-09-29 13:18:00,315.62,315.62,315.22,315.38,26167
2023-09-29 13:19:00,315.38,315.58,315.36,315.52,20222
2023-09-29 13:20:00,315.54,315.83,315.44,315.82,15827
2023-09-29 13:21:00,315.78,315.78,315.55,315.6699,23815
2023-09-29 13:22:00,315.63,315.78,315.52,315.61,24715
2023-09-29 13:23:00,315.61,315.61,315.41,315.52,34667
2023-09-29 13:24:00,315.46,315.575,315.44,315.54,15494
2023-09-29 13:25:00,315.505,315.66,315.49,315.56,25331
2023-09-29 13:26:00,315.55,316.059,315.535,316.059,25596
2023-09-29 13:27:00,316.04,316.04,315.865,315.97,35041
2023-09-29 13:28:00,316.02,316.05,315.8137,315.994,25685
2023-09-29 13:29:00,316.0,316.0,315.9,315.981,10944
2023-09-29 13:30:00,315.97,316.15,315.8909,316.05,29224
2023-09-29 13:31:00,316.025,316.295,315.98,316.27,13168
2023-09-29 13:32:00,316.24,316.29,316.06,316.14,17326
2023-09-29 13:33:00,316.1593,316.23,315.85,315.89,25398
2023-09-29 13:34:00,315.89,315.95,315.7906,315.905,21325
2023-09-29 13:35:00,315.9,316.06,315.845,316.06,9018
2023-09-29 13:36:00,316.06,316.085,315.85,315.89,13976
2023-09-29 13:37:00,315.855,316.0,315.78,315.93,14407
2023-09-29 13:38:00,315.96,316.14,315.96,316.0,10799
2023-09-29 13:39:00,315.9999,316.12,315.91,316.059,16036
2023-09-29 13:40:00,316.03,316.17,315.91,315.9501,35808
2023-09-29 13:41:00,315.989,316.28,315.9799,316.09,37430
2023-09-29 13:42:00,316.09,316.36,316.09,316.3428,7375
2023-09-29 13:43:00,316.36,316.4599,316.31,316.37,13814
2023-09-29 13:44:00,316.39,316.415,316.2105,316.235,12043
2023-09-29 13:45:00,316.21,316.31,316.02,316.07,12742
2023-09-29 13:46:00,316.04,316.3,315.99,316.3,16900
2023-09-29 13:47:00,316.2992,316.33,316.1,316.14,18390
2023-09-29 13:48:00,316.13,316.14,315.96,316.07,26447
2023-09-29 13:49:00,316.085,316.085,315.75,315.96,21626
2023-09-29 13:50:00,315.98,316.08,315.87,316.015,14992
2023-09-29 13:51:00,316.03,316.14,315.9682,315.9682,7212
2023-09-29 13:52:00,315.96,316.01,315.735,315.7501,12677
2023-09-29 13:53:00,315.79,316.16,315.79,316.15,10199
2023-09-29 13:54:00,316.18,316.325,316.0,316.0,13357
2023-09-29 13:55:00,316.02,316.13,315.95,316.04,7545
2023-09-29 13:56:00,316.015,316.18,316.0,316.07,4212
2023-09-29 13:57:00,316.08,316.1,315.79,315.83,13587
2023-09-29 13:58:00,315.81,315.84,315.44,315.5,29886
2023-09-29 13:59:00,315.5,315.54,315.4,315.4,25218
2023-09-29 14:00:00,315.4,315.6753,315.4,315.53,17539
2023-09-29 14:01:00,315.55,315.61,315.3873,315.56,17547
2023-09-29 14:02:00,315.49,315.63,315.409,315.48,7054
2023-09-29 14:03:00,315.5,315.84,315.44,315.75,12945
2023-09-29 14:04:00,315.8,315.93,315.72,315.868,25488
2023-09-29 14:05:00,315.87,316.0,315.61,315.62,11538
2023-09-29 14:06:00,315.5801,315.71,315.5,315.57,12087
2023-09-29 14:07:00,315.57,315.7,315.48,315.67,8487
2023-09-29 14:08:00,315.68,315.73,315.46,315.49,35031
2023-09-29 14:09:00,315.54,315.64,315.39,315.5,15030
2023-09-29 14:10:00,315.52,315.65,315.38,315.49,8750
2023-09-29 14:11:00,315.56,315.66,315.53,315.58,9153
2023-09-29 14:12:00,315.565,315.81,315.565,315.67,6790
2023-09-29 14:13:00,315.65,315.855,315.65,315.8391,5067
2023-09-29 14:14:00,315.72,315.9131,315.71,315.735,11165
2023-09-29 14:15:00,315.72,315.805,315.65,315.71,5351
2023-09-29 14:16:00,315.75,315.87,315.65,315.75,10317
2023-09-29 14:17:00,315.77,315.77,315.39,315.4413,24225
2023-09-29 14:18:00,315.42,315.62,315.42,315.465,6690
2023-09-29 14:19:00,315.455,315.6,315.455,315.48,13365
2023-09-29 14:20:00,315.4625,315.73,315.435,315.73,5237
2023-09-29 14:21:00,315.6796,315.7099,315.57,315.58,6052
2023-09-29 14:22:00,315.59,315.715,315.46,315.715,21180
2023-09-29 14:23:00,315.63,315.97,315.5501,315.89,16643
2023-09-29 14:24:00,315.879,316.15,315.83,316.05,13900
2023-09-29 14:25:00,316.06,316.24,316.06,316.175,17265
2023-09-29 14:26:00,316.2,316.29,316.08,316.13,14925
2023-09-29 14:27:00,316.2,316.25,316.03,316.1,16545
2023-09-29 14:28:00,316.05,316.08,315.59,315.7,27133
2023-09-29 14:29:00,315.68,315.685,315.17,315.33,30877
2023-09-29 14:30:00,315.31,315.47,315.18,315.42,13548
2023-09-29 14:31:00,315.42,315.54,315.4,315.49,16223
2023-09-29 14:32:00,315.53,315.53,315.13,315.19,22567
2023-09-29 14:33:00,315.21,315.33,314.98,315.28,32189
2023-09-29 14:34:00,315.27,315.66,315.24,315.56,32375
2023-09-29 14:35:00,315.54,315.73,315.49,315.65,16948
2023-09-29 14:36:00,315.66,315.7,315.415,315.52,20665
2023-09-29 14:37:00,315.49,315.5,315.38,315.445,16209
2023-09-29 14:38:00,315.45,315.48,315.28,315.28,16321
2023-09-29 14:39:00,315.3,315.51,315.26,315.48,24054
2023-09-29 14:40:00,315.44,315.64,315.38,315.64,33392
2023-09-29 14:41:00,315.63,315.8204,315.5601,315.59,27807
2023-09-29 14:42:00,315.5873,315.76,315.55,315.705,7321
2023-09-29 14:43:00,315.71,316.0,315.6501,316.0,12552
2023-09-29 14:44:00,316.0692,316.16,315.969,315.98,11719
2023-09-29 14:45:00,315.98,316.06,315.898,315.9394,14511
2023-09-29 14:46:00,315.88,315.95,315.78,315.89,14020
2023-09-29 14:47:00,315.89,315.89,315.67,315.78,15630
2023-09-29 14:48:00,315.7301,315.7978,315.52,315.5808,12696
2023-09-29 14:49:00,315.64,315.72,315.59,315.5922,10863
2023-09-29 14:50:00,315.535,315.72,315.52,315.52,21419
2023-09-29 14:51:00,315.525,315.58,315.41,315.46,22708
2023-09-29 14:52:00,315.46,315.59,315.46,315.4903,16010
2023-09-29 14:53:00,315.49,315.62,315.44,315.56,20145
2023-09-29 14:54:00,315.55,315.715,315.505,315.715,14046
2023-09-29 14:55:00,315.7,316.03,315.6672,316.0,36850
2023-09-29 14:56:00,316.0062,316.14,315.92,316.005,17473
2023-09-29 14:57:00,316.05,316.43,315.99,316.37,51094
2023-09-29 14:58:00,316.4,316.44,316.17,316.29,33108
2023-09-29 14:59:00,316.275,316.55,316.18,316.52,38147
2023-09-29 15:00:00,316.535,316.64,316.47,316.5,39668
2023-09-29 15:01:00,316.49,316.68,316.455,316.585,13544
2023-09-29 15:02:00,316.6,316.67,316.54,316.62,34443
2023-09-29 15:03:00,316.63,316.66,315.99,316.11,24836
2023-09-29 15:04:00,316.11,316.11,315.815,316.03,12792
2023-09-29 15:05:00,316.07,316.28,316.01,316.18,18531
2023-09-29 15:06:00,316.23,316.415,316.21,316.395,17658
2023-09-29 15:07:00,316.3971,316.44,316.24,316.3428,14787
2023-09-29 15:08:00,316.3341,316.61,316.31,316.315,21633
2023-09-29 15:09:00,316.33,316.375,316.11,316.15,10290
2023-09-29 15:10:00,316.11,316.16,315.97,316.108,16997
2023-09-29 15:11:00,316.105,316.21,315.92,316.21,11823
2023-09-29 15:12:00,316.26,316.34,316.15,316.33,14300
2023-09-29 15:13:00,316.325,316.71,316.29,316.575,21602
2023-09-29 15:14:00,316.48,316.55,316.15,316.1627,21698
2023-09-29 15:15:00,316.22,316.39,316.1401,316.27,18968
2023-09-29 15:16:00,316.26,316.29,316.06,316.15,16243
2023-09-29 15:17:00,316.16,316.25,316.04,316.08,13358
2023-09-29 15:18:00,316.0771,316.57,316.0771,316.46,14579
2023-09-29 15:19:00,316.48,316.5,316.18,316.21,9699
2023-09-29 15:20:00,316.2,316.265,316.01,316.085,22529
2023-09-29 15:21:00,316.1,316.215,315.99,316.04,13944
2023-09-29 15:22:00,316.105,316.14,315.97,316.1,19624
2023-09-29 15:23:00,316.1,316.22,315.98,316.1578,8676
2023-09-29 15:24:00,316.14,316.21,315.965,316.02,12163
2023-09-29 15:25:00,316.04,316.09,315.91,315.99,9637
2023-09-29 15:26:00,315.97,316.0092,315.63,315.76,23076
2023-09-29 15:27:00,315.76,315.93,315.65,315.75,13444
2023-09-29 15:28:00,315.755,316.26,315.755,316.21,25047
2023-09-29 15:29:00,316.215,316.215,316.03,316.09,14891
2023-09-29 15:30:00,316.05,316.16,315.94,316.015,30015
2023-09-29 15:31:00,316.03,316.19,315.95,316.135,17851
2023-09-29 15:32:00,316.14,316.35,316.0101,316.19,24515
2023-09-29 15:33:00,316.145,316.25,316.0001,316.1,12017
2023-09-29 15:34:00,316.1,316.13,315.99,316.0399,12341
2023-09-29 15:35:00,316.05,316.235,315.98,316.21,22673
2023-09-29 15:36:00,316.22,316.36,316.04,316.06,19665
2023-09-29 15:37:00,316.11,316.44,316.05,316.365,26857
2023-09-29 15:38:00,316.375,316.65,316.34,316.64,50887
2023-09-29 15:39:00,316.62,316.76,316.46,316.73,61069
2023-09-29 15:40:00,316.71,316.75,316.575,316.7296,15564
2023-09-29 15:41:00,316.73,316.75,316.36,316.41,40875
2023-09-29 15:42:00,316.395,316.58,316.32,316.51,53447
2023-09-29 15:43:00,316.51,316.52,316.03,316.31,44659
2023-09-29 15:44:00,316.33,316.355,316.05,316.1,38059
2023-09-29 15:45:00,316.12,316.3,316.01,316.19,24109
2023-09-29 15:46:00,316.19,316.64,316.08,316.64,24408
2023-09-29 15:47:00,316.63,316.9597,316.63,316.895,27852
2023-09-29 15:48:00,316.88,317.0195,316.67,316.87,42709
2023-09-29 15:49:00,316.905,317.08,316.79,317.04,27123
2023-09-29 15:50:00,317.08,317.51,316.92,317.46,59851
2023-09-29 15:51:00,317.45,317.81,317.32,317.77,79631
2023-09-29 15:52:00,317.81,317.88,317.55,317.67,59242
2023-09-29 15:53:00,317.645,317.68,316.98,317.07,77109
2023-09-29 15:54:00,317.095,317.21,316.0,316.41,160011
2023-09-29 15:55:00,316.39,316.41,315.2906,315.45,189519
2023-09-29 15:56:00,315.44,315.65,315.172,315.64,179138
2023-09-29 15:57:00,315.64,316.16,315.53,316.14,190290
2023-09-29 15:58:00,316.11,316.17,315.81,315.845,195605
2023-09-29 15:59:00,315.84,316.33,315.65,315.75,495656
