Datetime,Open,High,Low,Close,Volume
2023-09-20 09:30:00,444.01,444.02,443.575,443.61,429832
2023-09-20 09:31:00,443.6,443.6599,443.44,443.5,204461
2023-09-20 09:32:00,443.505,443.745,443.5,443.57,170677
2023-09-20 09:33:00,443.59,443.76,443.55,443.76,147083
2023-09-20 09:34:00,443.73,443.81,443.6501,443.72,104308
2023-09-20 09:35:00,443.73,443.875,443.71,443.77,125033
2023-09-20 09:36:00,443.77,444.01,443.72,443.945,218442
2023-09-20 09:37:00,443.95,444.0292,443.86,443.92,119635
2023-09-20 09:38:00,443.91,444.01,443.89,443.96,77920
2023-09-20 09:39:00,443.96,444.04,443.94,444.0,104191
2023-09-20 09:40:00,444.019,444.12,443.92,443.98,158313
2023-09-20 09:41:00,443.985,444.17,443.98,444.093,126177
2023-09-20 09:42:00,444.1,444.11,443.8714,443.939,134322
2023-09-20 09:43:00,443.939,444.01,443.86,443.9701,193067
2023-09-20 09:44:00,443.979,444.1,443.942,444.02,161179
2023-09-20 09:45:00,444.03,444.16,444.02,444.11,94435
2023-09-20 09:46:00,444.13,444.21,444.04,444.18,93975
2023-09-20 09:47:00,444.18,444.26,444.12,444.22,126493
2023-09-20 09:48:00,444.22,444.2478,443.99,444.03,93676
2023-09-20 09:49:00,444.03,444.1401,443.99,444.07,82673
2023-09-20 09:50:00,444.07,444.17,443.89,443.9,129769
2023-09-20 09:51:00,443.91,444.15,443.91,444.1,119233
2023-09-20 09:52:00,444.11,444.125,444.03,444.06,102832
2023-09-20 09:53:00,444.05,444.185,444.0,444.18,193090
2023-09-20 09:54:00,444.18,444.23,444.12,444.165,101967
2023-09-20 09:55:00,444.16,444.26,444.15,444.26,161818
2023-09-20 09:56:00,444.25,444.38,444.23,444.37,110418
2023-09-20 09:57:00,444.38,444.42,444.15,444.16,156923
2023-09-20 09:58:00,444.16,444.2,444.05,444.1601,101448
2023-09-20 09:59:00,444.17,444.23,444.06,444.1,92546
2023-09-20 10:00:00,444.11,444.15,443.95,444.09,158618
2023-09-20 10:01:00,444.1,444.391,444.09,444.36,87292
2023-09-20 10:02:00,444.35,444.435,444.18,444.2,185026
2023-09-20 10:03:00,444.19,444.2372,444.11,444.11,68972
2023-09-20 10:04:00,444.11,444.2099,444.03,444.0303,91501
2023-09-20 10:05:00,444.04,444.09,443.84,443.94,128036
2023-09-20 10:06:00,443.94,444.035,443.865,443.88,79542
2023-09-20 10:07:00,443.88,444.0,443.84,443.89,86294
2023-09-20 10:08:00,443.88,444.195,443.84,444.19,130428
2023-09-20 10:09:00,444.18,444.26,444.07,444.0813,59678
2023-09-20 10:10:00,444.09,444.22,444.09,444.185,75912
2023-09-20 10:11:00,444.185,444.22,443.9401,443.975,82271
2023-09-20 10:12:00,443.99,444.06,443.85,443.88,91026
2023-09-20 10:13:00,443.89,443.895,443.64,443.72,120532
2023-09-20 10:14:00,443.68,443.68,443.4407,443.54,179865
2023-09-20 10:15:00,443.53,443.7,443.45,443.6301,250668
2023-09-20 10:16:00,443.63,443.63,443.4,443.43,128961
2023-09-20 10:17:00,443.43,443.55,443.41,443.51,91824
2023-09-20 10:18:00,443.51,443.69,443.48,443.61,81737
2023-09-20 10:19:00,443.615,443.7,443.56,443.623,41524
2023-09-20 10:20:00,443.62,443.6888,443.59,443.64,37316
2023-09-20 10:21:00,443.64,443.65,443.52,443.58,65760
2023-09-20 10:22:00,443.58,443.65,443.5,443.65,56561
2023-09-20 10:23:00,443.645,443.787,443.62,443.762,76323
2023-09-20 10:24:00,443.77,443.78,443.6995,443.7,96185
2023-09-20 10:25:00,443.705,443.79,443.675,443.7701,55842
2023-09-20 10:26:00,443.77,443.82,443.62,443.62,64157
2023-09-20 10:27:00,443.62,443.7,443.55,443.63,51195
2023-09-20 10:28:00,443.63,443.811,443.63,443.7901,81476
2023-09-20 10:29:00,443.79,443.86,443.76,443.7979,58956
2023-09-20 10:30:00,443.8,443.83,443.68,443.725,76469
2023-09-20 10:31:00,443.74,443.77,443.62,443.635,93807
2023-09-20 10:32:00,443.66,443.77,443.65,443.73,105119
2023-09-20 10:33:00,443.74,443.8,443.7,443.77,48242
2023-09-20 10:34:00,443.77,443.99,443.77,443.99,78641
2023-09-20 10:35:00,443.985,443.985,443.83,443.83,118345
2023-09-20 10:36:00,443.835,443.91,443.78,443.91,51252
2023-09-20 10:37:00,443.905,443.93,443.83,443.86,51536
2023-09-20 10:38:00,443.865,443.87,443.645,443.655,44768
2023-09-20 10:39:00,443.649,443.72,443.63,443.71,38705
2023-09-20 10:40:00,443.7,443.755,443.66,443.73,75843
2023-09-20 10:41:00,443.73,443.755,443.58,443.72,85892
2023-09-20 10:42:00,443.715,443.76,443.69,443.735,44986
2023-09-20 10:43:00,443.73,443.75,443.655,443.69,28245
2023-09-20 10:44:00,443.69,443.84,443.655,443.8201,33356
2023-09-20 10:45:00,443.82,443.905,443.7825,443.89,44850
2023-09-20 10:46:00,443.885,443.885,443.68,443.71,118097
2023-09-20 10:47:00,443.7,443.75,443.6636,443.74,40189
2023-09-20 10:48:00,443.745,443.775,443.7028,443.72,80861
2023-09-20 10:49:00,443.72,443.76,443.56,443.56,55404
2023-09-20 10:50:00,443.57,443.67,443.54,443.63,42950
2023-09-20 10:51:00,443.63,443.64,443.54,443.54,34027
2023-09-20 10:52:00,443.57,443.685,443.565,443.61,36693
2023-09-20 10:53:00,443.6,443.68,443.59,443.645,63077
2023-09-20 10:54:00,443.645,443.73,443.62,443.665,20567
2023-09-20 10:55:00,443.67,443.83,443.67,443.82,125549
2023-09-20 10:56:00,443.81,443.8795,443.8,443.87,122587
2023-09-20 10:57:00,443.86,443.86,443.72,443.72,76813
2023-09-20 10:58:00,443.72,443.72,443.49,443.63,87186
2023-09-20 10:59:00,443.62,443.67,443.5701,443.63,45697
2023-09-20 11:00:00,443.63,443.71,443.5606,443.6104,81845
2023-09-20 11:01:00,443.61,443.785,443.605,443.76,51256
2023-09-20 11:02:00,443.76,443.77,443.55,443.575,111300
2023-09-20 11:03:00,443.57,443.669,443.56,443.61,40103
2023-09-20 11:04:00,443.61,443.61,443.435,443.52,60181
2023-09-20 11:05:00,443.52,443.54,443.45,443.495,66601
2023-09-20 11:06:00,443.5,443.58,443.4906,443.58,51539
2023-09-20 11:07:00,443.585,443.7,443.56,443.6825,43677
2023-09-20 11:08:00,443.682,443.84,443.65,443.8099,104443
2023-09-20 11:09:00,443.8,443.8848,443.75,443.8397,70382
2023-09-20 11:10:00,443.84,443.9469,443.84,443.86,46553
2023-09-20 11:11:00,443.86,443.87,443.77,443.825,35263
2023-09-20 11:12:00,443.8279,443.83,443.705,443.8,61766
2023-09-20 11:13:00,443.79,443.945,443.79,443.9,113367
2023-09-20 11:14:00,443.89,443.8925,443.76,443.8,48522
2023-09-20 11:15:00,443.79,443.84,443.71,443.7401,74678
2023-09-20 11:16:00,443.74,443.74,443.58,443.605,46445
2023-09-20 11:17:00,443.6146,443.6972,443.56,443.61,71607
2023-09-20 11:18:00,443.605,443.63,443.55,443.555,42348
2023-09-20 11:19:00,443.57,443.59,443.5,443.5029,51850
2023-09-20 11:20:00,443.505,443.595,443.49,443.52,59042
2023-09-20 11:21:00,443.525,443.56,443.43,443.465,65516
2023-09-20 11:22:00,443.46,443.54,443.39,443.48,48958
2023-09-20 11:23:00,443.4806,443.49,443.37,443.4099,55128
2023-09-20 11:24:00,443.41,443.49,443.4,443.425,61410
2023-09-20 11:25:00,443.4207,443.425,443.3225,443.415,55191
2023-09-20 11:26:00,443.412,443.46,443.3125,443.34,58823
2023-09-20 11:27:00,443.3312,443.415,443.28,443.335,65101
2023-09-20 11:28:00,443.34,443.345,443.25,443.29,60100
2023-09-20 11:29:00,443.32,443.35,443.28,443.29,49725
2023-09-20 11:30:00,443.275,443.36,443.23,443.3295,87266
2023-09-20 11:31:00,443.3201,443.38,443.27,443.32,142557
2023-09-20 11:32:00,443.33,443.49,443.32,443.48,91765
2023-09-20 11:33:00,443.4729,443.5,443.42,443.455,68407
2023-09-20 11:34:00,443.45,443.455,443.3588,443.41,220287
2023-09-20 11:35:00,443.43,443.51,443.38,443.505,72169
2023-09-20 11:36:00,443.5,443.5401,443.37,443.39,59462
2023-09-20 11:37:00,443.4,443.43,443.35,443.39,64240
2023-09-20 11:38:00,443.38,443.38,443.2217,443.245,65111
2023-09-20 11:39:00,443.24,443.32,443.17,443.17,110340
2023-09-20 11:40:00,443.18,443.26,443.16,443.245,51751
2023-09-20 11:41:00,443.25,443.3,443.17,443.215,35318
2023-09-20 11:42:00,443.215,443.245,443.17,443.24,50041
2023-09-20 11:43:00,443.24,443.35,443.235,443.325,93522
2023-09-20 11:44:00,443.33,443.41,443.27,443.27,63851
2023-09-20 11:45:00,443.29,443.44,443.24,443.42,40869
2023-09-20 11:46:00,443.43,443.57,443.385,443.55,86714
2023-09-20 11:47:00,443.55,443.55,443.5,443.54,78895
2023-09-20 11:48:00,443.53,443.6,443.5,443.55,43697
2023-09-20 11:49:00,443.565,443.565,443.49,443.52,72840
2023-09-20 11:50:00,443.54,443.5485,443.465,443.5,45301
2023-09-20 11:51:00,443.505,443.545,443.49,443.5414,34812
2023-09-20 11:52:00,443.545,443.595,443.465,443.5803,23429
2023-09-20 11:53:00,443.59,443.6801,443.59,443.6477,49907
2023-09-20 11:54:00,443.655,443.66,443.57,443.66,43032
2023-09-20 11:55:00,443.66,443.695,443.61,443.62,41043
2023-09-20 11:56:00,443.625,443.68,443.615,443.655,85695
2023-09-20 11:57:00,443.659,443.72,443.615,443.6407,32170
2023-09-20 11:58:00,443.65,443.69,443.605,443.6577,53213
2023-09-20 11:59:00,443.65,443.76,443.64,443.745,61105
2023-09-20 12:00:00,443.74,443.76,443.615,443.64,54958
2023-09-20 12:01:00,443.64,443.64,443.54,443.59,60093
2023-09-20 12:02:00,443.59,443.665,443.56,443.65,39000
2023-09-20 12:03:00,443.65,443.66,443.59,443.6,34447
2023-09-20 12:04:00,443.6,443.68,443.595,443.605,15743
2023-09-20 12:05:00,443.6,443.615,443.53,443.55,18019
2023-09-20 12:06:00,443.56,443.595,443.52,443.575,22928
2023-09-20 12:07:00,443.57,443.62,443.49,443.505,40789
2023-09-20 12:08:00,443.5,443.555,443.48,443.555,39027
2023-09-20 12:09:00,443.55,443.65,443.55,443.56,28927
2023-09-20 12:10:00,443.57,443.62,443.57,443.58,34687
2023-09-20 12:11:00,443.585,443.665,443.5549,443.66,37242
2023-09-20 12:12:00,443.65,443.7118,443.605,443.7118,38373
2023-09-20 12:13:00,443.71,443.76,443.7,443.73,36619
2023-09-20 12:14:00,443.72,443.745,443.66,443.71,38286
2023-09-20 12:15:00,443.71,443.76,443.685,443.72,41924
2023-09-20 12:16:00,443.71,443.75,443.6837,443.74,38443
2023-09-20 12:17:00,443.745,443.745,443.65,443.708,42183
2023-09-20 12:18:00,443.705,443.71,443.65,443.7061,30880
2023-09-20 12:19:00,443.7,443.7,443.63,443.64,37338
2023-09-20 12:20:00,443.648,443.75,443.6201,443.75,37905
2023-09-20 12:21:00,443.745,443.75,443.665,443.665,25311
2023-09-20 12:22:00,443.66,443.66,443.62,443.63,30205
2023-09-20 12:23:00,443.63,443.655,443.6,443.64,53789
2023-09-20 12:24:00,443.64,443.64,443.58,443.585,40551
2023-09-20 12:25:00,443.59,443.6,443.49,443.545,34421
2023-09-20 12:26:00,443.53,443.6374,443.5201,443.58,27849
2023-09-20 12:27:00,443.59,443.74,443.585,443.735,54140
2023-09-20 12:28:00,443.7384,443.86,443.7384,443.825,85893
2023-09-20 12:29:00,443.82,443.85,443.7628,443.841,49917
2023-09-20 12:30:00,443.85,443.9,443.83,443.85,49962
2023-09-20 12:31:00,443.84,443.86,443.78,443.795,31379
2023-09-20 12:32:00,443.795,443.8868,443.78,443.85,45441
2023-09-20 12:33:00,443.85,443.875,443.825,443.84,21253
2023-09-20 12:34:00,443.86,443.88,443.85,443.88,17563
2023-09-20 12:35:00,443.86,443.86,443.8,443.82,32019
2023-09-20 12:36:00,443.81,443.83,443.77,443.82,17249
2023-09-20 12:37:00,443.829,443.87,443.81,443.84,33553
2023-09-20 12:38:00,443.84,443.945,443.8388,443.94,32678
2023-09-20 12:39:00,443.94,443.96,443.9,443.9,39835
2023-09-20 12:40:00,443.9,443.96,443.87,443.89,55366
2023-09-20 12:41:00,443.88,443.9,443.81,443.861,36760
2023-09-20 12:42:00,443.86,443.94,443.85,443.91,34605
2023-09-20 12:43:00,443.91,443.93,443.84,443.9201,46031
2023-09-20 12:44:00,443.93,443.94,443.89,443.895,30078
2023-09-20 12:45:00,443.9,443.9,443.8,443.825,54557
2023-09-20 12:46:00,443.83,443.9,443.8,443.86,70182
2023-09-20 12:47:00,443.86,443.91,443.84,443.91,54746
2023-09-20 12:48:00,443.9099,443.97,443.77,443.7899,53918
2023-09-20 12:49:00,443.8,443.86,443.78,443.85,43843
2023-09-20 12:50:00,443.845,443.89,443.8,443.845,62749
2023-09-20 12:51:00,443.84,443.84,443.77,443.83,48774
2023-09-20 12:52:00,443.83,443.885,443.83,443.88,31930
2023-09-20 12:53:00,443.865,443.98,443.861,443.97,45769
2023-09-20 12:54:00,443.97,443.98,443.87,443.87,41806
2023-09-20 12:55:00,443.87,443.93,443.855,443.92,25193
2023-09-20 12:56:00,443.91,443.955,443.89,443.945,52189
2023-09-20 12:57:00,443.95,444.0,443.935,443.965,43269
2023-09-20 12:58:00,443.96,444.0,443.925,443.975,73313
2023-09-20 12:59:00,443.98,444.01,443.96,443.9703,78611
2023-09-20 13:00:00,443.98,443.995,443.86,443.87,111209
2023-09-20 13:01:00,443.87,443.95,443.86,443.91,94871
2023-09-20 13:02:00,443.91,443.95,443.815,443.885,37244
2023-09-20 13:03:00,443.9,443.91,443.86,443.88,19266
2023-09-20 13:04:00,443.875,443.955,443.8428,443.8913,51715
2023-09-20 13:05:00,443.895,443.9,443.77,443.79,24756
2023-09-20 13:06:00,443.795,443.9338,443.789,443.93,31938
2023-09-20 13:07:00,443.92,443.95,443.87,443.91,36915
2023-09-20 13:08:00,443.915,443.98,443.9101,443.97,60723
2023-09-20 13:09:00,443.97,444.01,443.855,443.875,38962
2023-09-20 13:10:00,443.87,443.89,443.82,443.88,40814
2023-09-20 13:11:00,443.87,443.89,443.73,443.75,33435
2023-09-20 13:12:00,443.74,443.76,443.63,443.68,74464
2023-09-20 13:13:00,443.68,443.72,443.64,443.65,49504
2023-09-20 13:14:00,443.65,443.68,443.6475,443.6768,45404
2023-09-20 13:15:00,443.66,443.66,443.59,443.605,47649
2023-09-20 13:16:00,443.6,443.65,443.58,443.6,50676
2023-09-20 13:17:00,443.6,443.715,443.59,443.66,38915
2023-09-20 13:18:00,443.665,443.805,443.655,443.805,53059
2023-09-20 13:19:00,443.805,443.85,443.76,443.795,55428
2023-09-20 13:20:00,443.8,443.925,443.78,443.92,42697
2023-09-20 13:21:00,443.915,443.99,443.84,443.865,108107
2023-09-20 13:22:00,443.86,443.88,443.79,443.8599,37599
2023-09-20 13:23:00,443.85,443.85,443.81,443.84,19207
2023-09-20 13:24:00,443.81,443.86,443.77,443.7901,38129
2023-09-20 13:25:00,443.8,443.83,443.725,443.83,33324
2023-09-20 13:26:00,443.83,443.83,443.715,443.715,17553
2023-09-20 13:27:00,443.719,443.729,443.65,443.68,24391
2023-09-20 13:28:00,443.68,443.735,443.67,443.68,16319
2023-09-20 13:29:00,443.68,443.6981,443.62,443.625,22781
2023-09-20 13:30:00,443.63,443.65,443.555,443.59,50693
2023-09-20 13:31:00,443.58,443.625,443.55,443.58,22377
2023-09-20 13:32:00,443.58,443.59,443.54,443.57,46679
2023-09-20 13:33:00,443.58,443.66,443.54,443.64,24919
2023-09-20 13:34:00,443.63,443.65,443.56,443.575,17591
2023-09-20 13:35:00,443.57,443.57,443.495,443.52,110129
2023-09-20 13:36:00,443.515,443.5575,443.48,443.52,45039
2023-09-20 13:37:00,443.52,443.58,443.48,443.53,48697
2023-09-20 13:38:00,443.5321,443.5321,443.39,443.4,79732
2023-09-20 13:39:00,443.39,443.41,443.24,443.245,93017
2023-09-20 13:40:00,443.25,443.25,443.07,443.11,162192
2023-09-20 13:41:00,443.105,443.19,443.075,443.19,82799
2023-09-20 13:42:00,443.2097,443.22,443.175,443.21,47983
2023-09-20 13:43:00,443.208,443.23,443.17,443.22,75600
2023-09-20 13:44:00,443.22,443.23,443.195,443.2,33503
2023-09-20 13:45:00,443.2,443.23,443.17,443.21,40775
2023-09-20 13:46:00,443.21,443.22,443.15,443.18,28813
2023-09-20 13:47:00,443.17,443.2,443.09,443.1305,41423
2023-09-20 13:48:00,443.135,443.22,443.1301,443.205,27009
2023-09-20 13:49:00,443.215,443.22,443.19,443.2,42029
2023-09-20 13:50:00,443.2,443.2,443.15,443.16,26257
2023-09-20 13:51:00,443.18,443.27,443.165,443.25,35484
2023-09-20 13:52:00,443.26,443.44,443.24,443.44,90865
2023-09-20 13:53:00,443.43,443.5,443.415,443.49,65522
2023-09-20 13:54:00,443.5,443.64,443.49,443.6195,49461
2023-09-20 13:55:00,443.62,443.68,443.59,443.68,42711
2023-09-20 13:56:00,443.68,443.71,443.52,443.59,98353
2023-09-20 13:57:00,443.59,443.645,443.56,443.57,86468
2023-09-20 13:58:00,443.57,443.62,443.565,443.6,49876
2023-09-20 13:59:00,443.605,443.605,443.53,443.575,64826
2023-09-20 14:00:00,443.59,443.59,442.2,442.37,734509
2023-09-20 14:01:00,442.35,442.4,441.5419,442.04,853408
2023-09-20 14:02:00,442.0,442.3407,441.76,442.29,585643
2023-09-20 14:03:00,442.27,442.32,441.94,442.07,529012
2023-09-20 14:04:00,442.06,442.18,441.8,442.14,394034
2023-09-20 14:05:00,442.16,442.169,441.53,441.88,593947
2023-09-20 14:06:00,441.88,442.65,441.745,442.465,430715
2023-09-20 14:07:00,442.4612,442.48,442.0,442.39,147657
2023-09-20 14:08:00,442.3716,442.38,442.04,442.2,182501
2023-09-20 14:09:00,442.18,442.19,441.9,442.01,173534
2023-09-20 14:10:00,442.005,442.0899,441.73,442.02,269185
2023-09-20 14:11:00,442.01,442.33,441.92,442.1632,239168
2023-09-20 14:12:00,442.16,442.3496,442.07,442.2,169057
2023-09-20 14:13:00,442.2,442.55,442.12,442.42,164711
2023-09-20 14:14:00,442.42,442.48,442.19,442.19,105729
2023-09-20 14:15:00,442.18,442.19,442.03,442.11,269041
2023-09-20 14:16:00,442.1,442.41,442.05,442.4,116738
2023-09-20 14:17:00,442.39,442.6699,442.355,442.5088,171941
2023-09-20 14:18:00,442.5,442.52,442.22,442.32,182133
2023-09-20 14:19:00,442.31,442.49,442.25,442.45,63541
2023-09-20 14:20:00,442.4,442.49,442.32,442.335,139984
2023-09-20 14:21:00,442.34,442.3687,442.2,442.3196,80907
2023-09-20 14:22:00,442.3,442.47,442.19,442.395,98820
2023-09-20 14:23:00,442.38,442.47,442.3,442.465,68155
2023-09-20 14:24:00,442.45,442.86,442.41,442.78,282004
2023-09-20 14:25:00,442.79,442.9301,442.62,442.915,170429
2023-09-20 14:26:00,442.92,442.95,442.69,442.76,118382
2023-09-20 14:27:00,442.75,442.9295,442.73,442.8,118777
2023-09-20 14:28:00,442.8,442.85,442.67,442.815,115255
2023-09-20 14:29:00,442.8,442.8,442.52,442.6,111393
2023-09-20 14:30:00,442.57,442.57,442.22,442.3488,169182
2023-09-20 14:31:00,442.32,443.58,442.32,443.31,438087
2023-09-20 14:32:00,443.33,443.67,443.16,443.59,335759
2023-09-20 14:33:00,443.59,443.75,443.38,443.42,406691
2023-09-20 14:34:00,443.41,443.41,442.81,442.9,359921
2023-09-20 14:35:00,442.9001,443.54,442.81,443.28,297272
2023-09-20 14:36:00,443.28,443.42,443.07,443.16,219523
2023-09-20 14:37:00,443.17,443.72,443.06,443.35,345667
2023-09-20 14:38:00,443.33,443.365,443.09,443.2,123110
2023-09-20 14:39:00,443.19,443.33,443.08,443.24,105996
2023-09-20 14:40:00,443.24,443.26,442.78,442.84,258257
2023-09-20 14:41:00,442.82,442.88,442.44,442.8,247646
2023-09-20 14:42:00,442.79,443.0,442.77,442.9,143542
2023-09-20 14:43:00,442.91,443.34,442.8,443.216,215968
2023-09-20 14:44:00,443.23,443.35,442.98,442.98,128721
2023-09-20 14:45:00,443.01,443.16,442.75,442.79,175138
2023-09-20 14:46:00,442.81,442.97,442.6682,442.6682,141616
2023-09-20 14:47:00,442.66,442.94,442.13,442.14,300014
2023-09-20 14:48:00,442.16,442.52,442.09,442.23,346008
2023-09-20 14:49:00,442.22,442.34,441.995,442.06,290386
2023-09-20 14:50:00,442.06,442.09,441.61,441.61,427113
2023-09-20 14:51:00,441.61,441.83,441.47,441.79,392968
2023-09-20 14:52:00,441.78,442.25,441.76,442.16,306192
2023-09-20 14:53:00,442.18,442.36,441.8,441.82,238258
2023-09-20 14:54:00,441.83,441.92,441.63,441.84,191316
2023-09-20 14:55:00,441.84,442.22,441.58,442.205,314023
2023-09-20 14:56:00,442.21,442.49,442.03,442.2054,279888
2023-09-20 14:57:00,442.21,442.25,442.01,442.05,157019
2023-09-20 14:58:00,442.09,442.17,441.82,442.06,121674
2023-09-20 14:59:00,442.08,442.12,441.72,441.81,212507
2023-09-20 15:00:00,441.8,442.05,441.54,441.98,238541
2023-09-20 15:01:00,441.9975,442.15,441.94,442.05,133215
2023-09-20 15:02:00,442.03,442.26,441.85,441.91,217720
2023-09-20 15:03:00,441.9,441.98,441.64,441.7,157203
2023-09-20 15:04:00,441.72,441.95,441.59,441.89,174980
2023-09-20 15:05:00,441.87,442.0969,441.76,441.98,135702
2023-09-20 15:06:00,441.96,441.97,441.665,441.7719,160144
2023-09-20 15:07:00,441.78,441.86,441.32,441.33,263092
2023-09-20 15:08:00,441.3399,441.51,441.255,441.34,329974
2023-09-20 15:09:00,441.36,441.6299,441.32,441.3809,183679
2023-09-20 15:10:00,441.37,441.57,441.27,441.4429,136857
2023-09-20 15:11:00,441.45,441.52,441.37,441.43,84270
2023-09-20 15:12:00,441.44,441.45,441.07,441.19,233315
2023-09-20 15:13:00,441.17,441.2,440.87,440.902,277606
2023-09-20 15:14:00,440.89,440.89,440.6,440.68,238112
2023-09-20 15:15:00,440.68,440.94,440.61,440.74,407527
2023-09-20 15:16:00,440.74,440.98,440.7,440.935,293030
2023-09-20 15:17:00,440.935,440.935,440.46,440.49,250522
2023-09-20 15:18:00,440.4999,440.52,440.25,440.26,275830
2023-09-20 15:19:00,440.26,440.459,440.24,440.43,177949
2023-09-20 15:20:00,440.42,440.64,440.37,440.55,236992
2023-09-20 15:21:00,440.55,440.595,440.39,440.54,149520
2023-09-20 15:22:00,440.55,440.55,440.3,440.33,194214
2023-09-20 15:23:00,440.34,440.655,440.295,440.6,191687
2023-09-20 15:24:00,440.5901,440.82,440.59,440.78,345006
2023-09-20 15:25:00,440.79,441.1064,440.76,440.9601,261490
2023-09-20 15:26:00,440.97,440.97,440.56,440.66,197530
2023-09-20 15:27:00,440.66,440.9,440.62,440.7984,163929
2023-09-20 15:28:00,440.8,440.87,440.61,440.8278,179881
2023-09-20 15:29:00,440.83,440.909,440.76,440.865,106034
2023-09-20 15:30:00,440.88,440.93,440.49,440.5,250847
2023-09-20 15:31:00,440.51,440.54,440.28,440.515,166708
2023-09-20 15:32:00,440.512,440.57,439.87,439.93,637187
2023-09-20 15:33:00,439.925,439.95,439.55,439.55,472801
2023-09-20 15:34:00,439.545,439.65,439.44,439.54,323484
2023-09-20 15:35:00,439.53,439.78,439.45,439.65,361918
2023-09-20 15:36:00,439.65,439.755,439.53,439.54,362766
2023-09-20 15:37:00,439.54,439.679,439.3,439.34,388978
2023-09-20 15:38:00,439.35,439.42,439.15,439.2,281236
2023-09-20 15:39:00,439.18,439.35,439.16,439.29,227223
2023-09-20 15:40:00,439.29,439.47,439.27,439.395,395327
2023-09-20 15:41:00,439.395,439.53,439.23,439.23,288415
2023-09-20 15:42:00,439.23,439.29,439.13,439.15,279148
2023-09-20 15:43:00,439.16,439.41,439.1299,439.2795,279988
2023-09-20 15:44:00,439.2899,439.32,439.17,439.1806,235002
2023-09-20 15:45:00,439.19,439.225,439.12,439.12,266442
2023-09-20 15:46:00,439.13,439.15,438.98,439.0,476355
2023-09-20 15:47:00,439.01,439.25,438.925,439.24,277533
2023-09-20 15:48:00,439.24,439.3,439.09,439.275,341595
2023-09-20 15:49:00,439.275,439.41,439.27,439.39,450175
2023-09-20 15:50:00,439.39,439.545,439.13,439.5086,652468
2023-09-20 15:51:00,439.5,439.57,439.29,439.3299,376368
2023-09-20 15:52:00,439.32,439.41,439.2,439.3699,460012
2023-09-20 15:53:00,439.37,439.56,439.3,439.52,374350
2023-09-20 15:54:00,439.53,439.56,439.16,439.18,489400
2023-09-20 15:55:00,439.18,439.36,439.09,439.11,680849
2023-09-20 15:56:00,439.11,439.185,438.99,439.0,579829
2023-09-20 15:57:00,438.995,439.04,438.69,438.71,665237
2023-09-20 15:58:00,438.71,438.815,438.43,438.43,1174805
2023-09-20 15:59:00,438.43,438.639,438.43,438.58,2365812
2023-09-21 09:30:00,435.7,435.97,435.55,435.97,711564
2023-09-21 09:31:00,435.965,435.97,435.61,435.7499,468584
2023-09-21 09:32:00,435.73,435.79,435.61,435.68,291986
2023-09-21 09:33:00,435.675,435.685,435.08,435.15,562206
2023-09-21 09:34:00,435.15,435.19,435.0,435.19,335689
2023-09-21 09:35:00,435.18,435.52,435.09,435.44,209042
2023-09-21 09:36:00,435.44,435.64,435.29,435.34,278159
2023-09-21 09:37:00,435.33,435.38,435.075,435.34,194333
2023-09-21 09:38:00,435.33,435.35,434.97,435.04,247287
2023-09-21 09:39:00,435.03,435.19,434.765,434.84,378130
2023-09-21 09:40:00,434.84,435.13,434.74,434.96,309653
2023-09-21 09:41:00,434.96,435.26,434.935,435.18,249768
2023-09-21 09:42:00,435.18,435.18,434.73,434.79,242218
2023-09-21 09:43:00,434.785,434.92,434.735,434.8299,203611
2023-09-21 09:44:00,434.82,435.01,434.74,434.74,123051
2023-09-21 09:45:00,434.74,435.01,434.7,434.985,204469
2023-09-21 09:46:00,434.985,435.2,434.765,434.81,223995
2023-09-21 09:47:00,434.8,435.026,434.71,434.965,206832
2023-09-21 09:48:00,434.99,435.1973,434.97,435.01,127110
2023-09-21 09:49:00,435.01,435.0399,434.75,434.85,197122
2023-09-21 09:50:00,434.88,434.94,434.635,434.7,197158
2023-09-21 09:51:00,434.7139,434.9,434.61,434.88,208251
2023-09-21 09:52:00,434.88,434.9,434.56,434.59,265835
2023-09-21 09:53:00,434.59,434.64,434.425,434.48,247259
2023-09-21 09:54:00,434.48,434.7,434.44,434.66,200003
2023-09-21 09:55:00,434.65,434.67,434.33,434.364,441738
2023-09-21 09:56:00,434.36,434.49,434.3,434.35,167648
2023-09-21 09:57:00,434.35,434.45,434.3,434.44,143581
2023-09-21 09:58:00,434.44,434.45,434.25,434.3212,192154
2023-09-21 09:59:00,434.325,434.5,434.11,434.15,363397
2023-09-21 10:00:00,434.145,434.35,434.07,434.1088,256727
2023-09-21 10:01:00,434.11,434.24,434.03,434.21,266009
2023-09-21 10:02:00,434.21,434.29,434.11,434.13,311033
2023-09-21 10:03:00,434.14,434.235,434.06,434.065,200557
2023-09-21 10:04:00,434.06,434.2,434.03,434.06,267904
2023-09-21 10:05:00,434.06,434.27,434.01,434.24,196992
2023-09-21 10:06:00,434.23,434.63,434.2,434.37,327899
2023-09-21 10:07:00,434.35,434.67,434.31,434.65,323365
2023-09-21 10:08:00,434.66,434.66,434.47,434.6,414856
2023-09-21 10:09:00,434.59,434.82,434.55,434.82,396314
2023-09-21 10:10:00,434.82,434.97,434.73,434.7373,484867
2023-09-21 10:11:00,434.74,434.92,434.6625,434.72,260670
2023-09-21 10:12:00,434.71,434.76,434.51,434.59,253229
2023-09-21 10:13:00,434.58,434.6,434.48,434.6,106915
2023-09-21 10:14:00,434.6,434.765,434.55,434.68,116240
2023-09-21 10:15:00,434.67,434.94,434.6484,434.9,364436
2023-09-21 10:16:00,434.9,435.04,434.89,434.97,264600
2023-09-21 10:17:00,434.97,435.2482,434.96,435.17,362851
2023-09-21 10:18:00,435.18,435.49,435.15,435.43,244384
2023-09-21 10:19:00,435.43,435.56,435.36,435.4501,256896
2023-09-21 10:20:00,435.46,435.48,435.3299,435.4,208876
2023-09-21 10:21:00,435.42,435.55,435.34,435.545,152798
2023-09-21 10:22:00,435.54,435.57,435.205,435.205,243123
2023-09-21 10:23:00,435.2,435.26,435.04,435.0588,249851
2023-09-21 10:24:00,435.06,435.1304,434.98,435.05,221913
2023-09-21 10:25:00,435.04,435.15,434.88,434.9112,215964
2023-09-21 10:26:00,434.92,434.98,434.72,434.775,215506
2023-09-21 10:27:00,434.77,434.91,434.75,434.85,147709
2023-09-21 10:28:00,434.84,434.92,434.66,434.78,269951
2023-09-21 10:29:00,434.79,434.79,434.62,434.6885,139212
2023-09-21 10:30:00,434.69,434.7,434.5601,434.62,220812
2023-09-21 10:31:00,434.63,434.71,434.495,434.63,115028
2023-09-21 10:32:00,434.63,434.85,434.44,434.45,400848
2023-09-21 10:33:00,434.445,434.76,434.445,434.63,203241
2023-09-21 10:34:00,434.645,434.67,434.565,434.615,118977
2023-09-21 10:35:00,434.611,434.79,434.6,434.7,134739
2023-09-21 10:36:00,434.69,434.94,434.69,434.91,116397
2023-09-21 10:37:00,434.91,434.95,434.8297,434.92,184868
2023-09-21 10:38:00,434.93,435.15,434.86,435.135,152272
2023-09-21 10:39:00,435.13,435.37,435.085,435.295,161107
2023-09-21 10:40:00,435.318,435.325,435.065,435.2,258084
2023-09-21 10:41:00,435.2,435.44,435.2,435.245,159292
2023-09-21 10:42:00,435.25,435.32,435.12,435.23,122875
2023-09-21 10:43:00,435.23,435.27,435.045,435.05,137298
2023-09-21 10:44:00,435.05,435.06,434.85,434.85,154340
2023-09-21 10:45:00,434.85,434.9204,434.7,434.73,130624
2023-09-21 10:46:00,434.73,434.85,434.7299,434.7299,62260
2023-09-21 10:47:00,434.71,434.79,434.63,434.669,103325
2023-09-21 10:48:00,434.69,434.705,434.4899,434.4996,139746
2023-09-21 10:49:00,434.5,434.61,434.44,434.55,97250
2023-09-21 10:50:00,434.55,434.5775,434.43,434.44,126964
2023-09-21 10:51:00,434.44,434.45,434.33,434.4399,135031
2023-09-21 10:52:00,434.42,434.55,434.4,434.45,167981
2023-09-21 10:53:00,434.44,434.56,434.4,434.5301,84783
2023-09-21 10:54:00,434.53,434.6469,434.45,434.46,180107
2023-09-21 10:55:00,434.46,434.57,434.33,434.4,164473
2023-09-21 10:56:00,434.41,434.51,434.3,434.5,149143
2023-09-21 10:57:00,434.49,434.58,434.32,434.34,101273
2023-09-21 10:58:00,434.345,434.36,434.08,434.09,176258
2023-09-21 10:59:00,434.1,434.14,434.01,434.105,178038
2023-09-21 11:00:00,434.12,434.275,434.095,434.14,159055
2023-09-21 11:01:00,434.15,434.2401,434.1178,434.1902,199016
2023-09-21 11:02:00,434.19,434.25,434.0901,434.1899,101925
2023-09-21 11:03:00,434.17,434.29,434.13,434.1501,78524
2023-09-21 11:04:00,434.15,434.3,434.14,434.28,79605
2023-09-21 11:05:00,434.29,434.54,434.29,434.45,182431
2023-09-21 11:06:00,434.44,434.47,434.2,434.395,100925
2023-09-21 11:07:00,434.4,434.55,434.39,434.51,123368
2023-09-21 11:08:00,434.51,434.57,434.41,434.43,102096
2023-09-21 11:09:00,434.42,434.44,434.1401,434.2301,91265
2023-09-21 11:10:00,434.24,434.3299,434.2,434.23,130271
2023-09-21 11:11:00,434.24,434.39,434.18,434.34,66503
2023-09-21 11:12:00,434.33,434.41,434.17,434.17,79286
2023-09-21 11:13:00,434.16,434.23,433.87,433.895,286177
2023-09-21 11:14:00,433.895,433.97,433.78,433.95,249732
2023-09-21 11:15:00,433.94,433.985,433.72,433.75,217738
2023-09-21 11:16:00,433.75,433.77,433.65,433.67,192814
2023-09-21 11:17:00,433.6701,433.82,433.6599,433.8,132406
2023-09-21 11:18:00,433.8,433.84,433.7,433.75,109817
2023-09-21 11:19:00,433.75,433.89,433.705,433.8726,136723
2023-09-21 11:20:00,433.88,434.19,433.79,434.095,207432
2023-09-21 11:21:00,434.1,434.17,434.0234,434.0599,132988
2023-09-21 11:22:00,434.05,434.17,434.03,434.15,119327
2023-09-21 11:23:00,434.15,434.17,433.93,433.94,140269
2023-09-21 11:24:00,433.935,433.94,433.805,433.85,144321
2023-09-21 11:25:00,433.87,433.89,433.765,433.84,101846
2023-09-21 11:26:00,433.84,433.89,433.775,433.8501,100493
2023-09-21 11:27:00,433.85,433.875,433.7399,433.77,85678
2023-09-21 11:28:00,433.78,433.88,433.735,433.79,154535
2023-09-21 11:29:00,433.77,433.85,433.76,433.8,62097
2023-09-21 11:30:00,433.8,433.95,433.72,433.93,129975
2023-09-21 11:31:00,433.93,434.19,433.93,434.09,207384
2023-09-21 11:32:00,434.08,434.0972,433.9,434.0414,130683
2023-09-21 11:33:00,434.04,434.2,434.0299,434.1901,117613
2023-09-21 11:34:00,434.1921,434.34,434.19,434.24,122748
2023-09-21 11:35:00,434.2499,434.405,434.24,434.33,116736
2023-09-21 11:36:00,434.34,434.36,434.24,434.33,108858
2023-09-21 11:37:00,434.34,434.38,434.07,434.1,108550
2023-09-21 11:38:00,434.09,434.21,434.02,434.17,105317
2023-09-21 11:39:00,434.16,434.2,434.04,434.19,69475
2023-09-21 11:40:00,434.18,434.21,434.11,434.12,133663
2023-09-21 11:41:00,434.115,434.14,434.03,434.08,68881
2023-09-21 11:42:00,434.09,434.12,433.88,433.99,115397
2023-09-21 11:43:00,433.985,434.05,433.95,434.035,70397
2023-09-21 11:44:00,434.03,434.1899,433.95,434.1699,133379
2023-09-21 11:45:00,434.16,434.3595,434.139,434.3595,110339
2023-09-21 11:46:00,434.35,434.35,434.24,434.25,70082
2023-09-21 11:47:00,434.2604,434.51,434.23,434.405,117689
2023-09-21 11:48:00,434.41,434.52,434.4,434.44,87395
2023-09-21 11:49:00,434.45,434.495,434.36,434.4201,77445
2023-09-21 11:50:00,434.42,434.52,434.38,434.45,59395
2023-09-21 11:51:00,434.45,434.45,434.25,434.255,113928
2023-09-21 11:52:00,434.265,434.305,434.11,434.16,143051
2023-09-21 11:53:00,434.16,434.23,434.1232,434.175,75855
2023-09-21 11:54:00,434.17,434.22,434.05,434.07,63589
2023-09-21 11:55:00,434.08,434.28,434.045,434.22,105328
2023-09-21 11:56:00,434.23,434.325,434.19,434.1965,97626
2023-09-21 11:57:00,434.195,434.22,434.045,434.1,49157
2023-09-21 11:58:00,434.11,434.1101,433.88,433.94,182356
2023-09-21 11:59:00,433.925,434.05,433.9,433.92,144285
2023-09-21 12:00:00,433.92,433.96,433.81,433.86,174418
2023-09-21 12:01:00,433.83,433.89,433.64,433.73,131906
2023-09-21 12:02:00,433.73,433.82,433.69,433.71,118001
2023-09-21 12:03:00,433.7304,433.7304,433.65,433.665,83640
2023-09-21 12:04:00,433.655,433.81,433.655,433.7,123473
2023-09-21 12:05:00,433.71,433.75,433.69,433.72,103456
2023-09-21 12:06:00,433.71,433.725,433.64,433.72,55504
2023-09-21 12:07:00,433.72,433.72,433.6499,433.68,54967
2023-09-21 12:08:00,433.68,433.715,433.63,433.6799,142116
2023-09-21 12:09:00,433.67,433.79,433.64,433.74,93245
2023-09-21 12:10:00,433.74,433.76,433.43,433.4799,245605
2023-09-21 12:11:00,433.48,433.755,433.47,433.67,96289
2023-09-21 12:12:00,433.67,433.672,433.5,433.51,90137
2023-09-21 12:13:00,433.51,433.57,433.48,433.56,81487
2023-09-21 12:14:00,433.55,433.59,433.49,433.569,86440
2023-09-21 12:15:00,433.57,433.67,433.505,433.51,73714
2023-09-21 12:16:00,433.51,433.6699,433.48,433.59,105077
2023-09-21 12:17:00,433.6,433.66,433.43,433.62,114884
2023-09-21 12:18:00,433.61,433.79,433.5601,433.7101,91031
2023-09-21 12:19:00,433.719,433.75,433.67,433.735,48941
2023-09-21 12:20:00,433.72,433.84,433.68,433.75,85100
2023-09-21 12:21:00,433.74,433.83,433.665,433.685,47503
2023-09-21 12:22:00,433.67,433.77,433.58,433.58,203099
2023-09-21 12:23:00,433.58,433.76,433.52,433.73,76704
2023-09-21 12:24:00,433.72,433.8,433.7,433.72,124167
2023-09-21 12:25:00,433.71,433.735,433.655,433.68,47392
2023-09-21 12:26:00,433.675,433.69,433.54,433.55,88372
2023-09-21 12:27:00,433.53,433.6872,433.52,433.65,111400
2023-09-21 12:28:00,433.66,433.86,433.5807,433.82,138475
2023-09-21 12:29:00,433.82,433.8574,433.7,433.7526,72126
2023-09-21 12:30:00,433.78,433.805,433.67,433.7,88794
2023-09-21 12:31:00,433.695,433.85,433.69,433.77,136865
2023-09-21 12:32:00,433.77,433.83,433.73,433.82,160201
2023-09-21 12:33:00,433.8201,433.9999,433.79,433.995,153262
2023-09-21 12:34:00,433.995,434.17,433.96,434.115,111332
2023-09-21 12:35:00,434.12,434.13,433.94,433.94,122308
2023-09-21 12:36:00,433.94,434.065,433.92,433.92,116640
2023-09-21 12:37:00,433.92,433.92,433.62,433.64,173094
2023-09-21 12:38:00,433.64,433.695,433.605,433.61,52567
2023-09-21 12:39:00,433.6003,433.73,433.595,433.64,49919
2023-09-21 12:40:00,433.63,433.719,433.6,433.71,65640
2023-09-21 12:41:00,433.715,433.8495,433.7,433.8,107328
2023-09-21 12:42:00,433.8,433.92,433.78,433.91,114272
2023-09-21 12:43:00,433.91,433.96,433.6561,433.6561,147761
2023-09-21 12:44:00,433.66,433.74,433.5512,433.71,76823
2023-09-21 12:45:00,433.72,433.88,433.7,433.835,59818
2023-09-21 12:46:00,433.83,433.9567,433.81,433.915,92015
2023-09-21 12:47:00,433.91,433.94,433.845,433.9001,73962
2023-09-21 12:48:00,433.9,433.915,433.8036,433.89,93481
2023-09-21 12:49:00,433.9,433.95,433.86,433.92,83975
2023-09-21 12:50:00,433.92,433.921,433.825,433.8527,69095
2023-09-21 12:51:00,433.875,434.08,433.87,434.015,97878
2023-09-21 12:52:00,434.02,434.045,433.92,434.03,72414
2023-09-21 12:53:00,434.04,434.105,433.955,433.96,83149
2023-09-21 12:54:00,433.97,433.97,433.79,433.84,86140
2023-09-21 12:55:00,433.84,433.855,433.63,433.665,114119
2023-09-21 12:56:00,433.68,433.755,433.66,433.73,119684
2023-09-21 12:57:00,433.72,433.72,433.62,433.6401,51553
2023-09-21 12:58:00,433.63,433.72,433.62,433.635,52732
2023-09-21 12:59:00,433.63,433.65,433.54,433.577,62326
2023-09-21 13:00:00,433.58,433.62,433.49,433.518,89700
2023-09-21 13:01:00,433.51,433.66,433.49,433.5,105200
2023-09-21 13:02:00,433.495,433.79,433.495,433.701,96156
2023-09-21 13:03:00,433.7,433.8301,433.7,433.79,71493
2023-09-21 13:04:00,433.78,433.846,433.74,433.8,49366
2023-09-21 13:05:00,433.8,433.9065,433.745,433.86,75539
2023-09-21 13:06:00,433.87,433.93,433.77,433.915,58058
2023-09-21 13:07:00,433.93,434.05,433.891,434.0001,96425
2023-09-21 13:08:00,434.01,434.13,433.96,434.11,69309
2023-09-21 13:09:00,434.108,434.14,434.0,434.01,65362
2023-09-21 13:10:00,434.0,434.09,433.99,434.06,72991
2023-09-21 13:11:00,434.05,434.26,434.05,434.25,361390
2023-09-21 13:12:00,434.24,434.32,434.12,434.2,123638
2023-09-21 13:13:00,434.199,434.2699,434.17,434.23,91364
2023-09-21 13:14:00,434.2385,434.36,434.21,434.3489,76119
2023-09-21 13:15:00,434.35,434.69,434.35,434.66,283345
2023-09-21 13:16:00,434.66,434.72,434.48,434.48,278513
2023-09-21 13:17:00,434.475,434.6799,434.43,434.58,171888
2023-09-21 13:18:00,434.585,434.68,434.55,434.62,107762
2023-09-21 13:19:00,434.62,434.66,434.56,434.6,78222
2023-09-21 13:20:00,434.59,434.69,434.46,434.52,202149
2023-09-21 13:21:00,434.52,434.65,434.485,434.625,100942
2023-09-21 13:22:00,434.63,434.705,434.6001,434.62,108573
2023-09-21 13:23:00,434.635,434.69,434.52,434.5296,70989
2023-09-21 13:24:00,434.52,434.615,434.445,434.58,115939
2023-09-21 13:25:00,434.58,434.73,434.56,434.68,143492
2023-09-21 13:26:00,434.68,434.75,434.66,434.72,62351
2023-09-21 13:27:00,434.735,434.815,434.72,434.78,117607
2023-09-21 13:28:00,434.78,434.795,434.67,434.72,131746
2023-09-21 13:29:00,434.71,434.79,434.58,434.595,133703
2023-09-21 13:30:00,434.6,434.765,434.57,434.74,76169
2023-09-21 13:31:00,434.74,434.86,434.71,434.7499,100493
2023-09-21 13:32:00,434.74,434.76,434.65,434.74,144808
2023-09-21 13:33:00,434.74,434.765,434.6,434.63,83001
2023-09-21 13:34:00,434.62,434.655,434.56,434.57,90437
2023-09-21 13:35:00,434.569,434.74,434.541,434.7,202919
2023-09-21 13:36:00,434.69,434.88,434.67,434.86,101925
2023-09-21 13:37:00,434.86,434.9,434.68,434.7,69683
2023-09-21 13:38:00,434.71,434.75,434.61,434.65,65379
2023-09-21 13:39:00,434.635,434.715,434.58,434.59,42986
2023-09-21 13:40:00,434.57,434.785,434.55,434.741,113514
2023-09-21 13:41:00,434.74,434.82,434.705,434.705,74697
2023-09-21 13:42:00,434.69,434.74,434.59,434.59,83318
2023-09-21 13:43:00,434.58,434.64,434.39,434.39,230409
2023-09-21 13:44:00,434.4,434.52,434.34,434.4887,143840
2023-09-21 13:45:00,434.49,434.61,434.42,434.57,66893
2023-09-21 13:46:00,434.56,434.605,434.51,434.585,38314
2023-09-21 13:47:00,434.575,434.65,434.5003,434.58,53278
2023-09-21 13:48:00,434.59,434.59,434.465,434.49,51240
2023-09-21 13:49:00,434.5,434.555,434.48,434.53,51898
2023-09-21 13:50:00,434.53,434.59,434.445,434.53,79885
2023-09-21 13:51:00,434.535,434.68,434.49,434.61,113156
2023-09-21 13:52:00,434.61,434.64,434.39,434.43,83168
2023-09-21 13:53:00,434.43,434.5,434.4,434.49,64876
2023-09-21 13:54:00,434.49,434.62,434.4885,434.51,88657
2023-09-21 13:55:00,434.5116,434.54,434.35,434.37,100203
2023-09-21 13:56:00,434.37,434.41,434.28,434.35,101272
2023-09-21 13:57:00,434.37,434.46,434.3,434.46,75147
2023-09-21 13:58:00,434.46,434.54,434.455,434.47,80446
2023-09-21 13:59:00,434.47,434.5,434.4,434.42,29796
2023-09-21 14:00:00,434.43,434.49,434.24,434.29,96035
2023-09-21 14:01:00,434.295,434.315,434.24,434.26,104912
2023-09-21 14:02:00,434.255,434.295,434.1,434.12,110312
2023-09-21 14:03:00,434.12,434.26,434.12,434.195,91636
2023-09-21 14:04:00,434.19,434.195,434.07,434.09,72737
2023-09-21 14:05:00,434.08,434.2599,434.065,434.25,75088
2023-09-21 14:06:00,434.24,434.36,434.21,434.3117,97254
2023-09-21 14:07:00,434.31,434.38,434.2899,434.35,56814
2023-09-21 14:08:00,434.37,434.37,434.185,434.185,85865
2023-09-21 14:09:00,434.195,434.2,434.03,434.035,81248
2023-09-21 14:10:00,434.04,434.28,434.0,434.28,164508
2023-09-21 14:11:00,434.285,434.31,434.175,434.19,83722
2023-09-21 14:12:00,434.185,434.2601,434.15,434.17,48090
2023-09-21 14:13:00,434.17,434.175,433.96,433.96,110280
2023-09-21 14:14:00,433.95,433.99,433.891,433.91,90864
2023-09-21 14:15:00,433.91,433.92,433.79,433.82,164842
2023-09-21 14:16:00,433.815,433.835,433.705,433.76,168963
2023-09-21 14:17:00,433.76,433.91,433.76,433.905,159369
2023-09-21 14:18:00,433.905,433.98,433.85,433.88,169067
2023-09-21 14:19:00,433.88,433.895,433.781,433.7999,54257
2023-09-21 14:20:00,433.8,433.84,433.68,433.73,73917
2023-09-21 14:21:00,433.72,433.81,433.6701,433.8063,82447
2023-09-21 14:22:00,433.8,433.88,433.74,433.775,159511
2023-09-21 14:23:00,433.76,433.85,433.7,433.71,111012
2023-09-21 14:24:00,433.72,433.79,433.705,433.79,179804
2023-09-21 14:25:00,433.78,433.8,433.44,433.44,277344
2023-09-21 14:26:00,433.45,433.5,433.361,433.4,166277
2023-09-21 14:27:00,433.3999,433.515,433.3757,433.4681,120960
2023-09-21 14:28:00,433.47,433.53,433.4,433.445,122252
2023-09-21 14:29:00,433.45,433.46,433.32,433.33,186546
2023-09-21 14:30:00,433.33,433.45,433.24,433.37,232861
2023-09-21 14:31:00,433.37,433.37,433.14,433.2101,199451
2023-09-21 14:32:00,433.21,433.3,433.14,433.2263,216652
2023-09-21 14:33:00,433.22,433.31,433.19,433.2,72731
2023-09-21 14:34:00,433.2,433.2969,433.15,433.25,98741
2023-09-21 14:35:00,433.25,433.37,433.18,433.35,155569
2023-09-21 14:36:00,433.342,433.345,433.2,433.28,188724
2023-09-21 14:37:00,433.275,433.4,433.23,433.4,168433
2023-09-21 14:38:00,433.41,433.585,433.3801,433.5699,276872
2023-09-21 14:39:00,433.56,433.77,433.5234,433.55,298828
2023-09-21 14:40:00,433.55,433.61,433.49,433.6,173599
2023-09-21 14:41:00,433.6007,433.71,433.56,433.67,126352
2023-09-21 14:42:00,433.67,433.73,433.6217,433.65,121746
2023-09-21 14:43:00,433.6401,433.6401,433.53,433.54,109259
2023-09-21 14:44:00,433.54,433.62,433.51,433.59,65421
2023-09-21 14:45:00,433.59,433.66,433.555,433.57,107845
2023-09-21 14:46:00,433.56,433.64,433.55,433.585,94355
2023-09-21 14:47:00,433.58,433.58,433.36,433.41,151360
2023-09-21 14:48:00,433.415,433.49,433.381,433.47,96958
2023-09-21 14:49:00,433.46,433.505,433.33,433.33,146876
2023-09-21 14:50:00,433.33,433.39,433.285,433.305,118140
2023-09-21 14:51:00,433.305,433.37,433.27,433.36,98393
2023-09-21 14:52:00,433.365,433.39,433.17,433.19,121948
2023-09-21 14:53:00,433.2,433.2499,433.12,433.215,181324
2023-09-21 14:54:00,433.22,433.37,433.17,433.37,173206
2023-09-21 14:55:00,433.365,433.4,433.2,433.21,210081
2023-09-21 14:56:00,433.22,433.36,433.18,433.255,195053
2023-09-21 14:57:00,433.25,433.29,433.185,433.21,100731
2023-09-21 14:58:00,433.21,433.225,433.105,433.15,131916
2023-09-21 14:59:00,433.15,433.16,433.07,433.08,125144
2023-09-21 15:00:00,433.08,433.1426,432.98,433.0195,261960
2023-09-21 15:01:00,433.02,433.03,432.925,433.01,145343
2023-09-21 15:02:00,433.01,433.255,432.975,433.175,196410
2023-09-21 15:03:00,433.17,433.39,433.13,433.365,154167
2023-09-21 15:04:00,433.365,433.39,433.2,433.23,120126
2023-09-21 15:05:00,433.22,433.27,432.98,433.0107,122458
2023-09-21 15:06:00,433.01,433.04,432.92,432.9387,127174
2023-09-21 15:07:00,432.93,433.02,432.93,432.9581,155641
2023-09-21 15:08:00,432.955,433.03,432.92,432.94,254958
2023-09-21 15:09:00,432.94,433.1687,432.87,433.01,247714
2023-09-21 15:10:00,433.02,433.13,432.935,432.935,210423
2023-09-21 15:11:00,432.935,432.95,432.805,432.83,202011
2023-09-21 15:12:00,432.82,432.83,432.6,432.62,369692
2023-09-21 15:13:00,432.61,432.66,432.595,432.62,174798
2023-09-21 15:14:00,432.625,432.73,432.605,432.695,205030
2023-09-21 15:15:00,432.6912,432.71,432.61,432.6216,218957
2023-09-21 15:16:00,432.63,432.65,432.37,432.38,331700
2023-09-21 15:17:00,432.38,432.66,432.36,432.545,224681
2023-09-21 15:18:00,432.55,432.6,432.43,432.5336,163055
2023-09-21 15:19:00,432.55,432.64,432.49,432.52,141957
2023-09-21 15:20:00,432.525,432.66,432.49,432.61,237824
2023-09-21 15:21:00,432.62,432.77,432.62,432.64,226544
2023-09-21 15:22:00,432.645,432.665,432.47,432.5,152147
2023-09-21 15:23:00,432.5,432.61,432.5,432.55,104518
2023-09-21 15:24:00,432.56,432.65,432.4912,432.595,182414
2023-09-21 15:25:00,432.6,432.665,432.555,432.56,222700
2023-09-21 15:26:00,432.56,432.57,432.27,432.29,359225
2023-09-21 15:27:00,432.2899,432.38,432.27,432.28,282680
2023-09-21 15:28:00,432.2771,432.278,432.01,432.1,511512
2023-09-21 15:29:00,432.09,432.19,432.04,432.11,257616
2023-09-21 15:30:00,432.11,432.2,431.88,431.895,790553
2023-09-21 15:31:00,431.89,432.04,431.87,431.99,330397
2023-09-21 15:32:00,431.99,431.99,431.765,431.97,620398
2023-09-21 15:33:00,431.96,432.11,431.95,432.085,280346
2023-09-21 15:34:00,432.08,432.28,431.96,431.9699,264140
2023-09-21 15:35:00,431.96,432.26,431.94,432.18,312273
2023-09-21 15:36:00,432.18,432.395,432.175,432.325,373599
2023-09-21 15:37:00,432.32,432.4,432.265,432.4,300872
2023-09-21 15:38:00,432.39,432.4,432.305,432.37,266633
2023-09-21 15:39:00,432.36,432.4,432.135,432.16,313960
2023-09-21 15:40:00,432.15,432.295,432.15,432.21,292126
2023-09-21 15:41:00,432.22,432.225,432.015,432.04,357328
2023-09-21 15:42:00,432.04,432.225,431.89,432.21,526535
2023-09-21 15:43:00,432.21,432.375,432.1,432.33,432097
2023-09-21 15:44:00,432.33,432.36,432.2,432.215,299618
2023-09-21 15:45:00,432.21,432.3701,432.11,432.315,470758
2023-09-21 15:46:00,432.315,432.35,432.19,432.345,339529
2023-09-21 15:47:00,432.34,432.37,432.23,432.33,267454
2023-09-21 15:48:00,432.32,432.32,432.135,432.265,380779
2023-09-21 15:49:00,432.265,432.32,432.05,432.1,442731
2023-09-21 15:50:00,432.095,432.095,431.77,431.83,671907
2023-09-21 15:51:00,431.83,432.01,431.78,431.82,656697
2023-09-21 15:52:00,431.83,431.865,431.65,431.815,767728
2023-09-21 15:53:00,431.82,431.8394,431.65,431.815,702165
2023-09-21 15:54:00,431.81,432.03,431.75,431.9,791350
2023-09-21 15:55:00,431.91,431.975,431.69,431.69,816251
2023-09-21 15:56:00,431.69,431.82,431.5805,431.6602,1056021
2023-09-21 15:57:00,431.665,431.7399,431.58,431.62,1037093
2023-09-21 15:58:00,431.63,431.77,431.58,431.59,1454714
2023-09-21 15:59:00,431.6,431.6,431.23,431.41,2364560
2023-09-22 09:30:00,432.46,432.54,432.135,432.14,470799
2023-09-22 09:31:00,432.13,432.3314,432.02,432.31,367076
2023-09-22 09:32:00,432.315,432.6,432.25,432.5,247251
2023-09-22 09:33:00,432.49,432.64,432.49,432.5601,239948
2023-09-22 09:34:00,432.565,432.5906,432.11,432.14,310978
2023-09-22 09:35:00,432.14,432.36,432.05,432.1015,289385
2023-09-22 09:36:00,432.11,432.3,432.1,432.17,195337
2023-09-22 09:37:00,432.18,432.34,432.1479,432.305,203307
2023-09-22 09:38:00,432.3012,432.41,432.21,432.32,198396
2023-09-22 09:39:00,432.31,432.46,432.11,432.16,255334
2023-09-22 09:40:00,432.16,432.28,431.96,432.0,345915
2023-09-22 09:41:00,432.0,432.0,431.78,431.88,354488
2023-09-22 09:42:00,431.88,432.0797,431.86,432.06,222340
2023-09-22 09:43:00,432.06,432.06,431.875,431.93,290496
2023-09-22 09:44:00,431.93,432.06,431.91,431.9699,166868
2023-09-22 09:45:00,431.9319,432.4,431.84,432.355,276227
2023-09-22 09:46:00,432.355,432.46,432.23,432.29,181306
2023-09-22 09:47:00,432.29,432.43,432.21,432.3401,168761
2023-09-22 09:48:00,432.34,432.51,432.28,432.43,296799
2023-09-22 09:49:00,432.42,432.43,432.16,432.34,196520
2023-09-22 09:50:00,432.34,432.37,432.025,432.2099,194288
2023-09-22 09:51:00,432.22,432.22,432.01,432.08,173494
2023-09-22 09:52:00,432.065,432.15,431.845,431.895,209890
2023-09-22 09:53:00,431.9,431.96,431.75,431.83,192961
2023-09-22 09:54:00,431.82,431.85,431.67,431.84,166272
2023-09-22 09:55:00,431.85,432.01,431.82,431.895,255507
2023-09-22 09:56:00,431.89,432.06,431.79,432.04,193509
2023-09-22 09:57:00,432.02,432.11,431.98,432.02,248186
2023-09-22 09:58:00,432.01,432.2,431.945,432.19,105487
2023-09-22 09:59:00,432.2,432.475,432.185,432.4536,164248
2023-09-22 10:00:00,432.465,432.48,432.06,432.22,255612
2023-09-22 10:01:00,432.21,432.33,432.17,432.29,138429
2023-09-22 10:02:00,432.28,432.415,432.2,432.28,95758
2023-09-22 10:03:00,432.27,432.57,432.23,432.54,186235
2023-09-22 10:04:00,432.54,432.705,432.5,432.565,150315
2023-09-22 10:05:00,432.57,432.9,432.5336,432.89,203666
2023-09-22 10:06:00,432.89,433.1103,432.88,433.08,291088
2023-09-22 10:07:00,433.09,433.11,432.97,433.035,250206
2023-09-22 10:08:00,433.035,433.08,432.83,432.845,258399
2023-09-22 10:09:00,432.84,432.9329,432.7699,432.84,99763
2023-09-22 10:10:00,432.85,432.9111,432.611,432.645,135914
2023-09-22 10:11:00,432.645,432.685,432.51,432.52,179004
2023-09-22 10:12:00,432.54,432.65,432.42,432.61,247344
2023-09-22 10:13:00,432.57,432.57,432.41,432.47,144746
2023-09-22 10:14:00,432.45,432.57,432.19,432.1967,230249
2023-09-22 10:15:00,432.2,432.2899,431.99,432.23,424747
2023-09-22 10:16:00,432.225,432.23,431.96,431.97,139943
2023-09-22 10:17:00,431.97,432.209,431.97,432.2,217293
2023-09-22 10:18:00,432.195,432.28,432.1,432.205,93625
2023-09-22 10:19:00,432.2,432.45,432.15,432.445,190829
2023-09-22 10:20:00,432.45,432.52,432.345,432.345,174188
2023-09-22 10:21:00,432.36,432.465,432.21,432.21,175500
2023-09-22 10:22:00,432.21,432.44,432.21,432.4,159496
2023-09-22 10:23:00,432.41,432.84,432.41,432.83,196105
2023-09-22 10:24:00,432.8208,432.95,432.82,432.855,179945
2023-09-22 10:25:00,432.865,432.91,432.57,432.5882,159640
2023-09-22 10:26:00,432.59,432.61,432.46,432.51,140669
2023-09-22 10:27:00,432.49,432.6108,432.36,432.585,191412
2023-09-22 10:28:00,432.585,432.75,432.565,432.72,147431
2023-09-22 10:29:00,432.72,432.84,432.715,432.755,183354
2023-09-22 10:30:00,432.765,433.06,432.75,433.01,220890
2023-09-22 10:31:00,433.01,433.295,432.995,433.26,230344
2023-09-22 10:32:00,433.27,433.28,433.11,433.27,304094
2023-09-22 10:33:00,433.27,433.38,433.2101,433.29,297781
2023-09-22 10:34:00,433.29,433.43,433.26,433.42,133294
2023-09-22 10:35:00,433.44,433.46,433.33,433.36,135850
2023-09-22 10:36:00,433.36,433.59,433.36,433.43,209085
2023-09-22 10:37:00,433.43,433.4901,433.41,433.47,103889
2023-09-22 10:38:00,433.4706,433.4706,433.24,433.275,302116
2023-09-22 10:39:00,433.29,433.44,433.27,433.2899,123699
2023-09-22 10:40:00,433.29,433.31,433.17,433.19,199229
2023-09-22 10:41:00,433.185,433.21,432.97,433.04,252992
2023-09-22 10:42:00,433.04,433.27,433.0,433.1906,215358
2023-09-22 10:43:00,433.19,433.33,433.14,433.2,140154
2023-09-22 10:44:00,433.19,433.3001,433.12,433.2831,111603
2023-09-22 10:45:00,433.29,433.42,433.26,433.27,105347
2023-09-22 10:46:00,433.26,433.35,433.23,433.23,76145
2023-09-22 10:47:00,433.23,433.345,433.23,433.29,75661
2023-09-22 10:48:00,433.2898,433.48,433.27,433.4601,193085
2023-09-22 10:49:00,433.4681,433.48,433.2909,433.3,127390
2023-09-22 10:50:00,433.315,433.445,433.2,433.43,199236
2023-09-22 10:51:00,433.43,433.58,433.24,433.31,146804
2023-09-22 10:52:00,433.3,433.3,433.22,433.25,123893
2023-09-22 10:53:00,433.25,433.295,433.131,433.195,178041
2023-09-22 10:54:00,433.185,433.41,433.185,433.375,96881
2023-09-22 10:55:00,433.38,433.81,433.38,433.775,410399
2023-09-22 10:56:00,433.775,433.78,433.56,433.61,167844
2023-09-22 10:57:00,433.61,433.72,433.56,433.71,74708
2023-09-22 10:58:00,433.72,433.74,433.64,433.68,111291
2023-09-22 10:59:00,433.6801,433.75,433.64,433.66,113349
2023-09-22 11:00:00,433.67,433.795,433.43,433.46,149498
2023-09-22 11:01:00,433.46,433.46,433.3,433.43,138284
2023-09-22 11:02:00,433.42,433.46,433.3,433.4,266215
2023-09-22 11:03:00,433.41,433.42,433.31,433.35,75016
2023-09-22 11:04:00,433.33,433.4,433.28,433.3401,96433
2023-09-22 11:05:00,433.35,433.43,433.291,433.42,92497
2023-09-22 11:06:00,433.43,433.52,433.35,433.5076,105934
2023-09-22 11:07:00,433.51,433.59,433.45,433.47,128866
2023-09-22 11:08:00,433.47,433.47,433.26,433.2801,125108
2023-09-22 11:09:00,433.29,433.31,433.14,433.145,147282
2023-09-22 11:10:00,433.15,433.21,433.051,433.1,188725
2023-09-22 11:11:00,433.091,433.15,432.97,432.99,148200
2023-09-22 11:12:00,432.99,433.09,432.94,433.0809,93048
2023-09-22 11:13:00,433.08,433.08,432.97,432.97,96581
2023-09-22 11:14:00,432.97,433.22,432.95,433.1799,122026
2023-09-22 11:15:00,433.18,433.35,433.16,433.27,194441
2023-09-22 11:16:00,433.28,433.29,433.1283,433.2,133805
2023-09-22 11:17:00,433.2,433.3999,433.17,433.3764,98895
2023-09-22 11:18:00,433.38,433.51,433.375,433.495,94345
2023-09-22 11:19:00,433.49,433.51,433.295,433.305,99237
2023-09-22 11:20:00,433.305,433.41,433.29,433.4,82612
2023-09-22 11:21:00,433.41,433.43,433.31,433.4,64270
2023-09-22 11:22:00,433.41,433.51,433.32,433.365,89826
2023-09-22 11:23:00,433.36,433.39,433.2,433.22,86338
2023-09-22 11:24:00,433.215,433.47,433.21,433.45,81935
2023-09-22 11:25:00,433.459,433.5,433.4,433.5,96221
2023-09-22 11:26:00,433.5,433.64,433.499,433.63,135317
2023-09-22 11:27:00,433.62,433.68,433.59,433.66,91509
2023-09-22 11:28:00,433.66,433.845,433.66,433.845,302303
2023-09-22 11:29:00,433.845,433.9,433.82,433.87,118585
2023-09-22 11:30:00,433.875,433.892,433.78,433.88,131733
2023-09-22 11:31:00,433.88,433.89,433.775,433.8275,94091
2023-09-22 11:32:00,433.82,433.9304,433.67,433.7309,161051
2023-09-22 11:33:00,433.73,433.86,433.71,433.8403,98858
2023-09-22 11:34:00,433.85,433.905,433.71,433.77,75516
2023-09-22 11:35:00,433.775,433.84,433.76,433.84,56885
2023-09-22 11:36:00,433.83,433.96,433.8,433.9,144277
2023-09-22 11:37:00,433.91,433.95,433.84,433.9,113949
2023-09-22 11:38:00,433.91,433.99,433.8572,433.94,78184
2023-09-22 11:39:00,433.94,434.1,433.94,434.0899,208857
2023-09-22 11:40:00,434.08,434.0805,433.87,433.89,169834
2023-09-22 11:41:00,433.89,433.921,433.8,433.83,96196
2023-09-22 11:42:00,433.821,433.845,433.71,433.74,75528
2023-09-22 11:43:00,433.75,433.755,433.61,433.61,134461
2023-09-22 11:44:00,433.63,433.63,433.53,433.59,153743
2023-09-22 11:45:00,433.58,433.65,433.55,433.6499,81506
2023-09-22 11:46:00,433.645,433.71,433.53,433.555,63224
2023-09-22 11:47:00,433.58,433.62,433.54,433.54,57068
2023-09-22 11:48:00,433.542,433.605,433.5016,433.54,65866
2023-09-22 11:49:00,433.54,433.58,433.41,433.43,83671
2023-09-22 11:50:00,433.44,433.58,433.43,433.56,57668
2023-09-22 11:51:00,433.565,433.61,433.41,433.43,80137
2023-09-22 11:52:00,433.441,433.47,433.23,433.23,103972
2023-09-22 11:53:00,433.22,433.27,433.15,433.27,108559
2023-09-22 11:54:00,433.26,433.3,433.21,433.215,56595
2023-09-22 11:55:00,433.21,433.3301,433.21,433.32,91851
2023-09-22 11:56:00,433.31,433.34,432.92,432.94,135524
2023-09-22 11:57:00,432.94,433.06,432.93,433.04,136147
2023-09-22 11:58:00,433.03,433.04,432.92,432.96,113952
2023-09-22 11:59:00,432.96,432.99,432.89,432.91,106901
2023-09-22 12:00:00,432.92,432.92,432.77,432.8107,142139
2023-09-22 12:01:00,432.8,433.04,432.8,432.99,113388
2023-09-22 12:02:00,432.991,432.991,432.87,432.92,68516
2023-09-22 12:03:00,432.915,432.96,432.82,432.9199,96093
2023-09-22 12:04:00,432.9,432.9601,432.85,432.86,72341
2023-09-22 12:05:00,432.86,432.86,432.7,432.73,97702
2023-09-22 12:06:00,432.735,432.8799,432.655,432.86,116573
2023-09-22 12:07:00,432.86,433.0,432.79,432.995,171908
2023-09-22 12:08:00,432.99,433.02,432.88,432.89,102242
2023-09-22 12:09:00,432.89,432.98,432.865,432.865,126935
2023-09-22 12:10:00,432.86,432.895,432.72,432.76,79148
2023-09-22 12:11:00,432.75,432.84,432.74,432.84,34853
2023-09-22 12:12:00,432.84,432.99,432.84,432.8999,75971
2023-09-22 12:13:00,432.8946,433.01,432.8946,433.01,53946
2023-09-22 12:14:00,433.011,433.03,432.97,432.97,80064
2023-09-22 12:15:00,432.9618,433.04,432.87,432.93,98075
2023-09-22 12:16:00,432.9323,433.22,432.9323,433.21,87616
2023-09-22 12:17:00,433.211,433.3021,433.16,433.3021,123643
2023-09-22 12:18:00,433.3,433.408,433.27,433.4,106846
2023-09-22 12:19:00,433.39,433.43,433.34,433.365,103650
2023-09-22 12:20:00,433.365,433.4,433.345,433.38,94410
2023-09-22 12:21:00,433.3783,433.405,433.281,433.34,95838
2023-09-22 12:22:00,433.338,433.41,433.235,433.41,91689
2023-09-22 12:23:00,433.42,433.42,433.31,433.39,54520
2023-09-22 12:24:00,433.39,433.5,433.34,433.37,70229
2023-09-22 12:25:00,433.3678,433.3678,433.21,433.255,94236
2023-09-22 12:26:00,433.259,433.33,433.21,433.25,53632
2023-09-22 12:27:00,433.259,433.31,433.14,433.15,80454
2023-09-22 12:28:00,433.15,433.25,433.115,433.245,79650
2023-09-22 12:29:00,433.245,433.27,433.18,433.24,81825
2023-09-22 12:30:00,433.26,433.29,433.15,433.15,109090
2023-09-22 12:31:00,433.15,433.3,433.13,433.25,69482
2023-09-22 12:32:00,433.255,433.35,433.255,433.33,74821
2023-09-22 12:33:00,433.32,433.475,433.3111,433.46,109612
2023-09-22 12:34:00,433.455,433.5,433.32,433.36,83876
2023-09-22 12:35:00,433.36,433.47,433.315,433.4,96161
2023-09-22 12:36:00,433.4,433.475,433.39,433.46,27716
2023-09-22 12:37:00,433.46,433.63,433.45,433.615,147775
2023-09-22 12:38:00,433.6299,433.66,433.54,433.58,68463
2023-09-22 12:39:00,433.59,433.65,433.51,433.63,37849
2023-09-22 12:40:00,433.64,433.76,433.63,433.63,109204
2023-09-22 12:41:00,433.64,433.74,433.64,433.71,53214
2023-09-22 12:42:00,433.72,433.7572,433.63,433.72,77037
2023-09-22 12:43:00,433.73,433.73,433.58,433.635,75376
2023-09-22 12:44:00,433.63,433.69,433.62,433.66,53526
2023-09-22 12:45:00,433.665,433.68,433.58,433.68,55884
2023-09-22 12:46:00,433.688,433.725,433.65,433.71,40249
2023-09-22 12:47:00,433.71,433.72,433.625,433.651,50549
2023-09-22 12:48:00,433.66,433.66,433.49,433.55,78060
2023-09-22 12:49:00,433.549,433.5901,433.52,433.57,56401
2023-09-22 12:50:00,433.57,433.6,433.46,433.48,101142
2023-09-22 12:51:00,433.479,433.61,433.46,433.54,50165
2023-09-22 12:52:00,433.55,433.6,433.52,433.56,59617
2023-09-22 12:53:00,433.55,433.61,433.495,433.53,46479
2023-09-22 12:54:00,433.5292,433.54,433.44,433.5,46712
2023-09-22 12:55:00,433.51,433.61,433.5,433.53,40372
2023-09-22 12:56:00,433.53,433.7,433.53,433.65,57204
2023-09-22 12:57:00,433.65,433.71,433.6,433.692,40775
2023-09-22 12:58:00,433.695,433.695,433.52,433.54,56648
2023-09-22 12:59:00,433.535,433.54,433.38,433.4,81730
2023-09-22 13:00:00,433.4082,433.46,433.31,433.3501,94371
2023-09-22 13:01:00,433.345,433.375,433.26,433.31,65766
2023-09-22 13:02:00,433.33,433.415,433.32,433.32,58662
2023-09-22 13:03:00,433.315,433.39,433.29,433.345,53483
2023-09-22 13:04:00,433.34,433.44,433.34,433.38,41744
2023-09-22 13:05:00,433.38,433.38,433.19,433.27,91464
2023-09-22 13:06:00,433.28,433.44,433.27,433.44,51049
2023-09-22 13:07:00,433.439,433.455,433.29,433.29,74879
2023-09-22 13:08:00,433.29,433.3,433.2,433.275,74959
2023-09-22 13:09:00,433.27,433.275,433.09,433.11,73774
2023-09-22 13:10:00,433.11,433.15,432.94,433.03,140218
2023-09-22 13:11:00,433.02,433.1,432.95,433.08,99191
2023-09-22 13:12:00,433.07,433.28,433.055,433.24,140875
2023-09-22 13:13:00,433.255,433.255,433.045,433.079,67219
2023-09-22 13:14:00,433.07,433.0999,432.98,433.005,36863
2023-09-22 13:15:00,433.0,433.02,432.9001,432.97,121859
2023-09-22 13:16:00,432.96,433.02,432.955,432.98,48509
2023-09-22 13:17:00,432.97,432.97,432.85,432.9001,64597
2023-09-22 13:18:00,432.9,432.9206,432.67,432.705,117224
2023-09-22 13:19:00,432.71,432.76,432.66,432.74,121747
2023-09-22 13:20:00,432.72,432.745,432.42,432.42,187248
2023-09-22 13:21:00,432.42,432.61,432.405,432.56,93576
2023-09-22 13:22:00,432.55,432.57,432.47,432.5,69637
2023-09-22 13:23:00,432.5,432.52,432.19,432.24,131815
2023-09-22 13:24:00,432.23,432.231,431.97,432.215,256622
2023-09-22 13:25:00,432.21,432.28,432.0829,432.09,136447
2023-09-22 13:26:00,432.0823,432.15,432.01,432.15,90457
2023-09-22 13:27:00,432.13,432.14,432.0,432.03,125438
2023-09-22 13:28:00,432.03,432.18,431.96,432.12,293795
2023-09-22 13:29:00,432.115,432.21,432.0448,432.14,188058
2023-09-22 13:30:00,432.14,432.15,432.005,432.03,111638
2023-09-22 13:31:00,432.03,432.03,431.85,431.8611,128949
2023-09-22 13:32:00,431.8612,431.92,431.76,431.81,305242
2023-09-22 13:33:00,431.81,431.93,431.8,431.84,78487
2023-09-22 13:34:00,431.845,431.99,431.845,431.94,142869
2023-09-22 13:35:00,431.95,432.19,431.93,432.09,227608
2023-09-22 13:36:00,432.09,432.135,432.04,432.12,221976
2023-09-22 13:37:00,432.125,432.125,431.89,431.915,190505
2023-09-22 13:38:00,431.915,431.915,431.34,431.39,459021
2023-09-22 13:39:00,431.405,431.5785,431.3807,431.57,185111
2023-09-22 13:40:00,431.58,431.625,431.425,431.54,181022
2023-09-22 13:41:00,431.529,431.57,431.43,431.435,132795
2023-09-22 13:42:00,431.43,431.47,431.255,431.295,250392
2023-09-22 13:43:00,431.305,431.38,431.23,431.245,192727
2023-09-22 13:44:00,431.245,431.42,431.24,431.3657,114754
2023-09-22 13:45:00,431.36,431.5299,431.3,431.5299,103696
2023-09-22 13:46:00,431.52,431.57,431.385,431.42,178472
2023-09-22 13:47:00,431.42,431.46,431.3434,431.4501,93243
2023-09-22 13:48:00,431.455,431.48,431.28,431.31,117076
2023-09-22 13:49:00,431.29,431.48,431.21,431.4,136970
2023-09-22 13:50:00,431.41,431.55,431.3401,431.5499,119119
2023-09-22 13:51:00,431.54,431.82,431.52,431.77,260753
2023-09-22 13:52:00,431.77,431.87,431.75,431.7999,561574
2023-09-22 13:53:00,431.79,431.82,431.53,431.55,140161
2023-09-22 13:54:00,431.55,431.71,431.55,431.7,89083
2023-09-22 13:55:00,431.705,431.8,431.64,431.64,165773
2023-09-22 13:56:00,431.65,431.78,431.65,431.69,86637
2023-09-22 13:57:00,431.68,431.89,431.67,431.8699,62218
2023-09-22 13:58:00,431.87,431.945,431.7501,431.77,89339
2023-09-22 13:59:00,431.765,431.765,431.62,431.62,69568
2023-09-22 14:00:00,431.61,431.81,431.591,431.7901,66719
2023-09-22 14:01:00,431.795,431.799,431.57,431.5913,120193
2023-09-22 14:02:00,431.5901,431.71,431.41,431.411,142892
2023-09-22 14:03:00,431.42,431.6899,431.42,431.58,80469
2023-09-22 14:04:00,431.58,431.61,431.5,431.561,75741
2023-09-22 14:05:00,431.57,431.719,431.53,431.605,61893
2023-09-22 14:06:00,431.6,431.7,431.4999,431.61,59826
2023-09-22 14:07:00,431.61,431.69,431.46,431.47,61187
2023-09-22 14:08:00,431.47,431.49,431.4,431.43,140841
2023-09-22 14:09:00,431.425,431.5499,431.405,431.525,76344
2023-09-22 14:10:00,431.53,431.53,431.3,431.31,159459
2023-09-22 14:11:00,431.31,431.37,431.19,431.22,154283
2023-09-22 14:12:00,431.21,431.24,430.9,430.9716,325977
2023-09-22 14:13:00,430.96,431.01,430.88,430.95,188415
2023-09-22 14:14:00,430.95,431.07,430.905,430.92,282395
2023-09-22 14:15:00,430.915,431.055,430.89,430.98,289775
2023-09-22 14:16:00,430.97,430.97,430.61,430.681,275214
2023-09-22 14:17:00,430.68,430.75,430.55,430.6,171762
2023-09-22 14:18:00,430.591,430.72,430.56,430.66,134291
2023-09-22 14:19:00,430.65,430.79,430.65,430.68,133271
2023-09-22 14:20:00,430.69,431.015,430.69,430.99,184602
2023-09-22 14:21:00,430.985,431.015,430.91,430.93,116687
2023-09-22 14:22:00,430.94,431.04,430.86,430.895,134624
2023-09-22 14:23:00,430.9,431.02,430.9,431.0,74267
2023-09-22 14:24:00,431.0,431.2,431.0,431.13,223227
2023-09-22 14:25:00,431.13,431.45,431.11,431.36,176687
2023-09-22 14:26:00,431.355,431.42,431.31,431.34,114440
2023-09-22 14:27:00,431.34,431.36,431.085,431.1,145195
2023-09-22 14:28:00,431.105,431.14,431.01,431.03,129732
2023-09-22 14:29:00,431.03,431.15,430.98,431.0,94262
2023-09-22 14:30:00,430.99,431.05,430.93,430.9401,141958
2023-09-22 14:31:00,430.94,431.1182,430.765,430.79,180957
2023-09-22 14:32:00,430.79,430.91,430.78,430.79,154318
2023-09-22 14:33:00,430.785,431.08,430.785,431.03,111447
2023-09-22 14:34:00,431.025,431.24,430.99,431.145,125087
2023-09-22 14:35:00,431.1399,431.25,431.09,431.22,102891
2023-09-22 14:36:00,431.21,431.279,431.15,431.2412,122473
2023-09-22 14:37:00,431.25,431.261,431.14,431.1401,107023
2023-09-22 14:38:00,431.14,431.14,430.81,430.825,148428
2023-09-22 14:39:00,430.82,430.96,430.8,430.8624,110353
2023-09-22 14:40:00,430.87,430.98,430.8,430.86,118980
2023-09-22 14:41:00,430.86,430.927,430.76,430.84,100189
2023-09-22 14:42:00,430.84,430.86,430.6701,430.75,167377
2023-09-22 14:43:00,430.73,430.93,430.68,430.68,135071
2023-09-22 14:44:00,430.68,430.75,430.61,430.6376,150869
2023-09-22 14:45:00,430.64,430.755,430.555,430.74,128461
2023-09-22 14:46:00,430.74,430.83,430.68,430.83,108646
2023-09-22 14:47:00,430.83,430.91,430.72,430.755,127387
2023-09-22 14:48:00,430.76,430.93,430.73,430.91,89908
2023-09-22 14:49:00,430.92,431.0401,430.91,431.0401,89071
2023-09-22 14:50:00,431.035,431.155,430.99,431.09,132480
2023-09-22 14:51:00,431.091,431.115,430.97,431.045,72096
2023-09-22 14:52:00,431.04,431.12,430.87,430.9,123000
2023-09-22 14:53:00,430.9,431.019,430.87,430.97,73991
2023-09-22 14:54:00,430.9699,431.06,430.898,431.01,74686
2023-09-22 14:55:00,431.01,431.08,430.875,431.01,137895
2023-09-22 14:56:00,431.01,431.19,431.0012,431.175,148699
2023-09-22 14:57:00,431.17,431.22,431.13,431.16,185102
2023-09-22 14:58:00,431.15,431.15,430.92,430.93,90308
2023-09-22 14:59:00,430.94,431.1,430.875,431.07,93922
2023-09-22 15:00:00,431.05,431.64,430.95,431.59,289521
2023-09-22 15:01:00,431.595,431.8399,431.5,431.829,231857
2023-09-22 15:02:00,431.83,431.98,431.78,431.91,225842
2023-09-22 15:03:00,431.91,431.935,431.73,431.795,142678
2023-09-22 15:04:00,431.8,431.83,431.63,431.66,97111
2023-09-22 15:05:00,431.66,431.77,431.57,431.75,115722
2023-09-22 15:06:00,431.75,431.7805,431.7,431.755,66692
2023-09-22 15:07:00,431.76,432.1,431.76,432.1,203287
2023-09-22 15:08:00,432.095,432.655,432.07,432.51,413462
2023-09-22 15:09:00,432.52,432.68,432.401,432.67,204853
2023-09-22 15:10:00,432.675,432.785,432.52,432.5799,239178
2023-09-22 15:11:00,432.578,432.7,432.47,432.66,148488
2023-09-22 15:12:00,432.65,432.76,432.59,432.725,149670
2023-09-22 15:13:00,432.73,432.765,432.63,432.69,159504
2023-09-22 15:14:00,432.695,432.695,432.52,432.64,153792
2023-09-22 15:15:00,432.64,432.81,432.64,432.74,239528
2023-09-22 15:16:00,432.74,432.87,432.55,432.5799,153046
2023-09-22 15:17:00,432.57,432.61,432.45,432.5888,190006
2023-09-22 15:18:00,432.58,432.76,432.58,432.7476,104821
2023-09-22 15:19:00,432.7459,432.86,432.665,432.74,141380
2023-09-22 15:20:00,432.74,432.76,432.55,432.6,165107
2023-09-22 15:21:00,432.59,432.69,432.4509,432.495,126073
2023-09-22 15:22:00,432.49,432.75,432.455,432.715,136538
2023-09-22 15:23:00,432.72,433.05,432.72,433.005,210535
2023-09-22 15:24:00,433.01,433.21,432.8599,432.925,297167
2023-09-22 15:25:00,432.915,432.99,432.72,432.8,142801
2023-09-22 15:26:00,432.7913,432.92,432.79,432.84,122054
2023-09-22 15:27:00,432.83,432.885,432.76,432.82,116143
2023-09-22 15:28:00,432.815,432.86,432.7,432.7399,186434
2023-09-22 15:29:00,432.74,432.765,432.57,432.59,93099
2023-09-22 15:30:00,432.6,432.78,432.6,432.725,219504
2023-09-22 15:31:00,432.72,432.79,432.595,432.64,238676
2023-09-22 15:32:00,432.64,432.65,432.26,432.29,449050
2023-09-22 15:33:00,432.298,432.37,432.09,432.15,198827
2023-09-22 15:34:00,432.15,432.24,432.01,432.0199,137548
2023-09-22 15:35:00,432.02,432.125,431.92,431.995,206678
2023-09-22 15:36:00,432.0,432.1,431.85,432.1,217565
2023-09-22 15:37:00,432.09,432.1,431.95,432.02,135636
2023-09-22 15:38:00,432.01,432.075,431.9301,432.0601,146244
2023-09-22 15:39:00,432.06,432.06,431.93,431.97,132013
2023-09-22 15:40:00,431.975,432.02,431.79,431.798,267954
2023-09-22 15:41:00,431.79,431.85,431.59,431.59,256616
2023-09-22 15:42:00,431.6,431.68,431.39,431.41,245874
2023-09-22 15:43:00,431.392,431.52,431.18,431.22,261922
2023-09-22 15:44:00,431.21,431.24,430.95,430.98,690334
2023-09-22 15:45:00,430.98,431.295,430.9,431.18,753911
2023-09-22 15:46:00,431.18,431.3,430.9,430.91,714072
2023-09-22 15:47:00,430.9,430.93,430.545,430.585,870277
2023-09-22 15:48:00,430.58,430.705,430.42,430.44,666915
2023-09-22 15:49:00,430.43,430.71,430.42,430.65,675680
2023-09-22 15:50:00,430.64,430.71,430.29,430.3,798346
2023-09-22 15:51:00,430.3,430.31,430.06,430.12,770047
2023-09-22 15:52:00,430.125,430.22,429.99,430.03,830668
2023-09-22 15:53:00,430.03,430.32,430.01,430.285,766271
2023-09-22 15:54:00,430.28,430.36,430.11,430.2374,964583
2023-09-22 15:55:00,430.23,430.8,430.22,430.5,989003
2023-09-22 15:56:00,430.5,430.7,430.48,430.61,644793
2023-09-22 15:57:00,430.605,430.65,430.3,430.42,707585
2023-09-22 15:58:00,430.43,430.57,430.38,430.47,1188962
2023-09-22 15:59:00,430.48,430.58,430.21,430.38,3652920
2023-09-25 09:30:00,429.16,429.415,429.11,429.29,586999
2023-09-25 09:31:00,429.3,429.41,429.03,429.04,292155
2023-09-25 09:32:00,429.045,429.06,428.78,428.89,320333
2023-09-25 09:33:00,428.89,428.995,428.72,428.81,247506
2023-09-25 09:34:00,428.82,428.96,428.75,428.86,240388
2023-09-25 09:35:00,428.86,429.22,428.76,429.18,216983
2023-09-25 09:36:00,429.18,429.3,428.96,429.04,131275
2023-09-25 09:37:00,429.04,429.2,428.911,429.185,88785
2023-09-25 09:38:00,429.18,429.26,429.0,429.07,116486
2023-09-25 09:39:00,429.04,429.36,429.01,429.35,146687
2023-09-25 09:40:00,429.35,429.68,429.34,429.64,232153
2023-09-25 09:41:00,429.63,429.67,429.47,429.6616,203864
2023-09-25 09:42:00,429.67,429.79,429.52,429.701,107738
2023-09-25 09:43:00,429.71,429.89,429.605,429.61,234777
2023-09-25 09:44:00,429.6,429.786,429.5,429.75,121496
2023-09-25 09:45:00,429.76,429.81,429.525,429.695,195509
2023-09-25 09:46:00,429.69,430.07,429.68,430.04,200719
2023-09-25 09:47:00,430.04,430.1,429.89,429.93,142496
2023-09-25 09:48:00,429.94,430.08,429.81,429.81,170531
2023-09-25 09:49:00,429.81,429.9299,429.78,429.86,115187
2023-09-25 09:50:00,429.87,430.12,429.79,430.03,239915
2023-09-25 09:51:00,430.03,430.15,429.98,430.081,127108
2023-09-25 09:52:00,430.09,430.29,430.03,430.19,115797
2023-09-25 09:53:00,430.17,430.185,429.96,430.13,226849
2023-09-25 09:54:00,430.1099,430.255,430.04,430.2088,99002
2023-09-25 09:55:00,430.21,430.45,430.17,430.39,146529
2023-09-25 09:56:00,430.38,430.69,430.375,430.65,183929
2023-09-25 09:57:00,430.65,430.76,430.4,430.46,203777
2023-09-25 09:58:00,430.47,430.62,430.38,430.47,132253
2023-09-25 09:59:00,430.47,430.62,430.46,430.56,91627
2023-09-25 10:00:00,430.57,430.71,430.48,430.66,160800
2023-09-25 10:01:00,430.62,430.66,430.395,430.405,164727
2023-09-25 10:02:00,430.4,430.41,430.065,430.08,173933
2023-09-25 10:03:00,430.07,430.18,430.02,430.09,246419
2023-09-25 10:04:00,430.09,430.185,429.95,430.06,302077
2023-09-25 10:05:00,430.07,430.21,429.97,430.2,148570
2023-09-25 10:06:00,430.205,430.3395,430.03,430.03,158762
2023-09-25 10:07:00,430.04,430.22,429.88,429.89,145877
2023-09-25 10:08:00,429.89,429.94,429.68,429.855,189224
2023-09-25 10:09:00,429.85,429.96,429.78,429.879,89529
2023-09-25 10:10:00,429.86,430.13,429.8,430.12,164872
2023-09-25 10:11:00,430.12,430.27,430.01,430.25,211731
2023-09-25 10:12:00,430.25,430.46,430.23,430.3607,139400
2023-09-25 10:13:00,430.37,430.41,430.14,430.185,103106
2023-09-25 10:14:00,430.19,430.41,430.18,430.3,52654
2023-09-25 10:15:00,430.29,430.415,430.12,430.36,138673
2023-09-25 10:16:00,430.37,430.53,430.32,430.48,123384
2023-09-25 10:17:00,430.49,430.64,430.31,430.345,170114
2023-09-25 10:18:00,430.35,430.44,430.07,430.09,108900
2023-09-25 10:19:00,430.0899,430.1199,429.87,429.9,124818
2023-09-25 10:20:00,429.9,430.09,429.86,430.0,122055
2023-09-25 10:21:00,429.995,430.12,429.82,429.89,195000
2023-09-25 10:22:00,429.9,429.925,429.75,429.78,144591
2023-09-25 10:23:00,429.78,429.85,429.56,429.75,231484
2023-09-25 10:24:00,429.74,429.95,429.725,429.759,179451
2023-09-25 10:25:00,429.75,429.765,429.43,429.52,177978
2023-09-25 10:26:00,429.5,429.57,429.3,429.31,147637
2023-09-25 10:27:00,429.305,429.51,429.23,429.48,284428
2023-09-25 10:28:00,429.47,429.755,429.4689,429.61,164810
2023-09-25 10:29:00,429.63,429.74,429.52,429.53,80009
2023-09-25 10:30:00,429.52,429.655,429.41,429.52,124909
2023-09-25 10:31:00,429.53,429.53,429.36,429.42,93228
2023-09-25 10:32:00,429.435,429.74,429.4,429.72,138774
2023-09-25 10:33:00,429.72,429.9,429.61,429.889,98393
2023-09-25 10:34:00,429.88,430.18,429.85,429.98,125398
2023-09-25 10:35:00,429.99,430.14,429.77,429.85,141510
2023-09-25 10:36:00,429.85,429.99,429.81,429.89,82743
2023-09-25 10:37:00,429.905,430.06,429.87,430.03,56802
2023-09-25 10:38:00,430.04,430.07,429.85,429.85,117263
2023-09-25 10:39:00,429.85,430.065,429.85,430.04,73244
2023-09-25 10:40:00,430.02,430.06,429.81,429.855,133040
2023-09-25 10:41:00,429.85,430.0112,429.8,429.9749,88861
2023-09-25 10:42:00,429.97,430.06,429.921,430.0,83225
2023-09-25 10:43:00,429.9888,430.0,429.79,429.88,83615
2023-09-25 10:44:00,429.88,429.88,429.72,429.85,85425
2023-09-25 10:45:00,429.84,430.18,429.83,430.02,130622
2023-09-25 10:46:00,430.0076,430.06,429.8579,430.0362,118647
2023-09-25 10:47:00,430.02,430.21,430.005,430.17,91375
2023-09-25 10:48:00,430.16,430.21,430.07,430.1992,87952
2023-09-25 10:49:00,430.17,430.18,429.98,430.025,83486
2023-09-25 10:50:00,430.03,430.041,429.68,429.73,161627
2023-09-25 10:51:00,429.73,429.8001,429.52,429.59,152848
2023-09-25 10:52:00,429.58,429.6896,429.57,429.62,90761
2023-09-25 10:53:00,429.62,429.69,429.53,429.6101,97549
2023-09-25 10:54:00,429.62,429.66,429.46,429.49,78784
2023-09-25 10:55:00,429.48,429.54,429.33,429.38,169372
2023-09-25 10:56:00,429.37,429.52,429.36,429.4401,121543
2023-09-25 10:57:00,429.445,429.52,429.35,429.45,80991
2023-09-25 10:58:00,429.45,429.46,429.325,429.39,76171
2023-09-25 10:59:00,429.39,429.44,429.21,429.215,94841
2023-09-25 11:00:00,429.211,429.35,429.19,429.25,121959
2023-09-25 11:01:00,429.262,429.345,429.15,429.28,157154
2023-09-25 11:02:00,429.27,429.34,429.14,429.26,92878
2023-09-25 11:03:00,429.27,429.33,429.2,429.22,91212
2023-09-25 11:04:00,429.23,429.43,429.215,429.3901,97467
2023-09-25 11:05:00,429.385,429.58,429.37,429.518,131924
2023-09-25 11:06:00,429.51,429.62,429.43,429.54,80986
2023-09-25 11:07:00,429.54,429.6201,429.48,429.61,83990
2023-09-25 11:08:00,429.62,429.85,429.61,429.84,119685
2023-09-25 11:09:00,429.83,430.41,429.83,430.32,256300
2023-09-25 11:10:00,430.33,430.47,430.19,430.3986,167422
2023-09-25 11:11:00,430.39,430.48,430.348,430.45,126282
2023-09-25 11:12:00,430.4479,430.505,430.31,430.5,98638
2023-09-25 11:13:00,430.51,430.55,430.345,430.345,102783
2023-09-25 11:14:00,430.3499,430.44,430.255,430.41,185146
2023-09-25 11:15:00,430.42,430.66,430.415,430.66,142951
2023-09-25 11:16:00,430.669,430.96,430.5821,430.83,302156
2023-09-25 11:17:00,430.84,431.16,430.74,431.1,295189
2023-09-25 11:18:00,431.1,431.36,431.07,431.25,283383
2023-09-25 11:19:00,431.255,431.47,431.16,431.42,343854
2023-09-25 11:20:00,431.43,431.44,431.14,431.19,257808
2023-09-25 11:21:00,431.199,431.2999,431.15,431.28,301186
2023-09-25 11:22:00,431.28,431.375,431.27,431.32,88551
2023-09-25 11:23:00,431.32,431.3999,431.24,431.395,58550
2023-09-25 11:24:00,431.39,431.48,431.32,431.39,121028
2023-09-25 11:25:00,431.38,431.43,431.21,431.3,136329
2023-09-25 11:26:00,431.305,431.395,431.29,431.31,87464
2023-09-25 11:27:00,431.31,431.42,431.25,431.27,100769
2023-09-25 11:28:00,431.2688,431.29,431.16,431.25,175390
2023-09-25 11:29:00,431.25,431.27,430.93,430.98,162921
2023-09-25 11:30:00,430.99,431.135,430.95,431.075,210057
2023-09-25 11:31:00,431.08,431.21,431.0,431.04,101828
2023-09-25 11:32:00,431.04,431.19,430.98,431.04,156007
2023-09-25 11:33:00,431.0499,431.07,430.88,431.07,91766
2023-09-25 11:34:00,431.08,431.13,431.02,431.07,44537
2023-09-25 11:35:00,431.105,431.15,431.05,431.095,88050
2023-09-25 11:36:00,431.09,431.225,431.07,431.2,69670
2023-09-25 11:37:00,431.2,431.2,430.98,431.03,46904
2023-09-25 11:38:00,431.025,431.075,430.98,431.01,51428
2023-09-25 11:39:00,431.01,431.04,430.92,430.97,66506
2023-09-25 11:40:00,430.97,431.0,430.91,430.985,149622
2023-09-25 11:41:00,430.98,431.03,430.87,431.03,93431
2023-09-25 11:42:00,431.04,431.15,431.0,431.15,89547
2023-09-25 11:43:00,431.15,431.69,431.15,431.675,387392
2023-09-25 11:44:00,431.675,431.689,431.5217,431.55,128882
2023-09-25 11:45:00,431.55,431.64,431.44,431.57,129909
2023-09-25 11:46:00,431.57,431.66,431.32,431.38,86469
2023-09-25 11:47:00,431.37,431.53,431.35,431.52,100779
2023-09-25 11:48:00,431.53,431.5307,431.39,431.43,90423
2023-09-25 11:49:00,431.41,431.41,431.285,431.359,59930
2023-09-25 11:50:00,431.35,431.48,431.3099,431.435,93797
2023-09-25 11:51:00,431.435,431.53,431.42,431.53,87561
2023-09-25 11:52:00,431.529,431.57,431.4501,431.46,64755
2023-09-25 11:53:00,431.455,431.49,431.385,431.43,98841
2023-09-25 11:54:00,431.438,431.438,431.34,431.39,57065
2023-09-25 11:55:00,431.391,431.56,431.35,431.35,137700
2023-09-25 11:56:00,431.36,431.42,431.3,431.3,44204
2023-09-25 11:57:00,431.29,431.3,431.1299,431.175,105571
2023-09-25 11:58:00,431.175,431.19,431.09,431.17,72356
2023-09-25 11:59:00,431.17,431.31,431.11,431.27,34268
2023-09-25 12:00:00,431.26,431.329,431.13,431.195,34340
2023-09-25 12:01:00,431.19,431.38,431.19,431.3299,90348
2023-09-25 12:02:00,431.32,431.39,431.215,431.2214,94609
2023-09-25 12:03:00,431.22,431.255,431.04,431.11,49088
2023-09-25 12:04:00,431.12,431.1599,431.055,431.1302,67353
2023-09-25 12:05:00,431.14,431.27,431.135,431.21,63780
2023-09-25 12:06:00,431.21,431.21,431.09,431.155,33392
2023-09-25 12:07:00,431.16,431.36,431.15,431.34,83263
2023-09-25 12:08:00,431.33,431.4,431.31,431.3199,118939
2023-09-25 12:09:00,431.32,431.405,431.2301,431.24,43934
2023-09-25 12:10:00,431.22,431.35,431.18,431.34,53263
2023-09-25 12:11:00,431.33,431.43,431.305,431.33,51581
2023-09-25 12:12:00,431.33,431.37,431.27,431.29,32195
2023-09-25 12:13:00,431.2732,431.47,431.2732,431.4,46736
2023-09-25 12:14:00,431.4,431.45,431.3,431.4082,89054
2023-09-25 12:15:00,431.4,431.52,431.39,431.5075,121776
2023-09-25 12:16:00,431.5077,431.74,431.5077,431.7396,137867
2023-09-25 12:17:00,431.74,431.82,431.721,431.8,118709
2023-09-25 12:18:00,431.8,431.8409,431.755,431.84,72373
2023-09-25 12:19:00,431.83,431.83,431.71,431.789,40274
2023-09-25 12:20:00,431.78,431.805,431.75,431.805,76829
2023-09-25 12:21:00,431.8,431.81,431.71,431.77,58334
2023-09-25 12:22:00,431.79,431.89,431.775,431.8503,108954
2023-09-25 12:23:00,431.86,431.895,431.79,431.875,91269
2023-09-25 12:24:00,431.885,432.02,431.845,431.95,112218
2023-09-25 12:25:00,431.94,431.965,431.88,431.93,66351
2023-09-25 12:26:00,431.928,431.9501,431.9,431.95,116254
2023-09-25 12:27:00,431.945,431.96,431.81,431.82,49087
2023-09-25 12:28:00,431.8207,431.95,431.78,431.95,93823
2023-09-25 12:29:00,431.95,431.95,431.87,431.89,38357
2023-09-25 12:30:00,431.9,431.955,431.84,431.91,83063
2023-09-25 12:31:00,431.88,431.91,431.75,431.8018,103635
2023-09-25 12:32:00,431.8,431.86,431.75,431.825,108534
2023-09-25 12:33:00,431.845,431.85,431.8,431.85,45197
2023-09-25 12:34:00,431.88,431.895,431.7,431.71,49695
2023-09-25 12:35:00,431.709,431.72,431.61,431.6682,85724
2023-09-25 12:36:00,431.66,431.74,431.6112,431.62,66793
2023-09-25 12:37:00,431.62,431.66,431.4,431.425,134040
2023-09-25 12:38:00,431.43,431.4999,431.33,431.46,111089
2023-09-25 12:39:00,431.45,431.45,431.34,431.36,75923
2023-09-25 12:40:00,431.355,431.51,431.33,431.5,131112
2023-09-25 12:41:00,431.5,431.56,431.38,431.5513,66715
2023-09-25 12:42:00,431.56,431.61,431.43,431.49,73998
2023-09-25 12:43:00,431.5,431.52,431.395,431.4,26712
2023-09-25 12:44:00,431.39,431.419,431.33,431.34,49685
2023-09-25 12:45:00,431.345,431.385,431.23,431.365,96804
2023-09-25 12:46:00,431.37,431.41,431.175,431.195,71699
2023-09-25 12:47:00,431.181,431.31,431.15,431.29,61068
2023-09-25 12:48:00,431.26,431.28,431.18,431.21,24989
2023-09-25 12:49:00,431.2001,431.35,431.15,431.15,38629
2023-09-25 12:50:00,431.15,431.17,430.86,430.86,157770
2023-09-25 12:51:00,430.865,430.87,430.68,430.7879,224594
2023-09-25 12:52:00,430.78,430.79,430.63,430.64,91308
2023-09-25 12:53:00,430.64,430.82,430.61,430.82,127839
2023-09-25 12:54:00,430.81,431.055,430.795,431.05,175957
2023-09-25 12:55:00,431.05,431.07,430.95,431.0,141818
2023-09-25 12:56:00,430.98,431.03,430.9,430.9,48663
2023-09-25 12:57:00,430.91,431.055,430.84,430.85,54437
2023-09-25 12:58:00,430.8421,430.98,430.8421,430.95,32476
2023-09-25 12:59:00,430.931,431.119,430.89,431.08,40455
2023-09-25 13:00:00,431.1,431.1,430.97,431.02,65817
2023-09-25 13:01:00,431.03,431.05,430.94,431.03,59444
2023-09-25 13:02:00,431.03,431.11,430.955,430.98,65595
2023-09-25 13:03:00,430.98,431.02,430.94,430.975,80119
2023-09-25 13:04:00,430.96,430.97,430.82,430.88,70569
2023-09-25 13:05:00,430.88,431.01,430.84,430.9701,70338
2023-09-25 13:06:00,430.97,431.32,430.95,431.3199,67735
2023-09-25 13:07:00,431.31,431.48,431.305,431.45,99683
2023-09-25 13:08:00,431.45,431.555,431.41,431.5284,59990
2023-09-25 13:09:00,431.545,431.56,431.46,431.4888,48235
2023-09-25 13:10:00,431.485,431.58,431.455,431.545,81309
2023-09-25 13:11:00,431.545,431.695,431.545,431.6584,95936
2023-09-25 13:12:00,431.655,431.8,431.65,431.775,106397
2023-09-25 13:13:00,431.77,431.8,431.711,431.8,78809
2023-09-25 13:14:00,431.8,431.85,431.68,431.72,60752
2023-09-25 13:15:00,431.75,431.76,431.58,431.65,108543
2023-09-25 13:16:00,431.64,431.77,431.63,431.71,73221
2023-09-25 13:17:00,431.719,431.73,431.63,431.65,57966
2023-09-25 13:18:00,431.645,431.715,431.58,431.66,59475
2023-09-25 13:19:00,431.655,431.685,431.47,431.5501,86022
2023-09-25 13:20:00,431.54,431.6108,431.43,431.6108,71729
2023-09-25 13:21:00,431.61,431.65,431.5277,431.54,49799
2023-09-25 13:22:00,431.52,431.55,431.31,431.33,107224
2023-09-25 13:23:00,431.335,431.4504,431.33,431.42,40962
2023-09-25 13:24:00,431.425,431.429,431.19,431.235,78107
2023-09-25 13:25:00,431.24,431.27,431.12,431.13,49723
2023-09-25 13:26:00,431.125,431.19,431.04,431.13,102403
2023-09-25 13:27:00,431.14,431.2,430.98,430.98,71452
2023-09-25 13:28:00,430.99,431.0005,430.66,430.7304,154983
2023-09-25 13:29:00,430.75,430.99,430.72,430.98,72788
2023-09-25 13:30:00,430.99,431.03,430.765,430.9,118255
2023-09-25 13:31:00,430.89,430.89,430.7,430.76,81253
2023-09-25 13:32:00,430.762,430.8147,430.66,430.7599,126433
2023-09-25 13:33:00,430.77,430.87,430.765,430.84,50537
2023-09-25 13:34:00,430.85,431.03,430.845,430.99,188876
2023-09-25 13:35:00,430.97,431.05,430.88,430.92,77797
2023-09-25 13:36:00,430.8999,431.0,430.8999,430.955,62490
2023-09-25 13:37:00,430.955,431.1,430.95,431.04,51222
2023-09-25 13:38:00,431.03,431.2201,431.03,431.2001,101647
2023-09-25 13:39:00,431.205,431.28,431.19,431.261,62363
2023-09-25 13:40:00,431.25,431.28,431.125,431.17,105219
2023-09-25 13:41:00,431.168,431.235,431.03,431.0814,83798
2023-09-25 13:42:00,431.085,431.085,430.91,431.03,122447
2023-09-25 13:43:00,431.04,431.04,430.905,431.0199,54764
2023-09-25 13:44:00,431.0288,431.03,430.9107,430.96,53566
2023-09-25 13:45:00,430.96,431.05,430.885,430.95,60322
2023-09-25 13:46:00,430.95,431.07,430.92,431.065,41951
2023-09-25 13:47:00,431.06,431.09,430.62,430.66,119634
2023-09-25 13:48:00,430.6595,430.96,430.62,430.91,146657
2023-09-25 13:49:00,430.91,431.1,430.9,431.06,53615
2023-09-25 13:50:00,431.04,431.12,431.035,431.07,56573
2023-09-25 13:51:00,431.065,431.14,431.03,431.115,52592
2023-09-25 13:52:00,431.13,431.4,431.13,431.34,88809
2023-09-25 13:53:00,431.33,431.33,431.07,431.13,66281
2023-09-25 13:54:00,431.14,431.2201,431.1,431.21,40351
2023-09-25 13:55:00,431.19,431.3,431.18,431.26,79379
2023-09-25 13:56:00,431.25,431.34,431.22,431.32,49137
2023-09-25 13:57:00,431.3,431.45,431.3,431.4,65392
2023-09-25 13:58:00,431.39,431.39,431.29,431.325,36834
2023-09-25 13:59:00,431.32,431.5,431.32,431.47,166639
2023-09-25 14:00:00,431.48,431.69,431.455,431.68,130545
2023-09-25 14:01:00,431.6782,431.68,431.54,431.575,108758
2023-09-25 14:02:00,431.565,431.695,431.49,431.5,98273
2023-09-25 14:03:00,431.51,431.61,431.5,431.55,90372
2023-09-25 14:04:00,431.56,431.66,431.56,431.6499,72022
2023-09-25 14:05:00,431.649,431.73,431.63,431.69,60955
2023-09-25 14:06:00,431.699,431.699,431.55,431.61,88481
2023-09-25 14:07:00,431.62,431.64,431.47,431.5,96878
2023-09-25 14:08:00,431.495,431.51,431.31,431.38,156964
2023-09-25 14:09:00,431.37,431.46,431.32,431.325,109027
2023-09-25 14:10:00,431.3201,431.3799,431.25,431.3685,65950
2023-09-25 14:11:00,431.37,431.49,431.315,431.3799,64777
2023-09-25 14:12:00,431.37,431.41,431.22,431.25,78689
2023-09-25 14:13:00,431.25,431.4,431.2428,431.29,55877
2023-09-25 14:14:00,431.299,431.39,431.28,431.2801,67053
2023-09-25 14:15:00,431.27,431.34,431.19,431.22,81978
2023-09-25 14:16:00,431.22,431.4,431.22,431.32,53583
2023-09-25 14:17:00,431.31,431.32,431.245,431.27,53265
2023-09-25 14:18:00,431.29,431.3,431.055,431.11,122591
2023-09-25 14:19:00,431.1,431.3,431.08,431.275,100235
2023-09-25 14:20:00,431.28,431.36,431.18,431.18,104150
2023-09-25 14:21:00,431.17,431.2185,431.1,431.13,59185
2023-09-25 14:22:00,431.13,431.14,430.91,430.91,96062
2023-09-25 14:23:00,430.9,431.1,430.85,431.04,92216
2023-09-25 14:24:00,431.05,431.075,430.89,430.89,83031
2023-09-25 14:25:00,430.9,431.01,430.86,430.99,124042
2023-09-25 14:26:00,430.99,431.18,430.96,431.15,151516
2023-09-25 14:27:00,431.155,431.23,431.11,431.2,59923
2023-09-25 14:28:00,431.2,431.24,431.04,431.085,59281
2023-09-25 14:29:00,431.055,431.11,430.98,430.995,49872
2023-09-25 14:30:00,430.986,430.99,430.84,430.85,106321
2023-09-25 14:31:00,430.86,430.915,430.84,430.85,62551
2023-09-25 14:32:00,430.85,431.13,430.85,431.08,59053
2023-09-25 14:33:00,431.08,431.15,431.04,431.135,101582
2023-09-25 14:34:00,431.1301,431.26,431.09,431.165,65089
2023-09-25 14:35:00,431.15,431.47,431.14,431.46,100538
2023-09-25 14:36:00,431.46,431.66,431.46,431.57,173922
2023-09-25 14:37:00,431.58,431.6801,431.525,431.6681,109823
2023-09-25 14:38:00,431.66,431.6698,431.4,431.43,236368
2023-09-25 14:39:00,431.42,431.45,431.265,431.3226,201434
2023-09-25 14:40:00,431.33,431.53,431.3,431.51,155239
2023-09-25 14:41:00,431.51,431.54,431.3401,431.35,106726
2023-09-25 14:42:00,431.36,431.505,431.27,431.29,89037
2023-09-25 14:43:00,431.3,431.32,431.14,431.1401,182890
2023-09-25 14:44:00,431.14,431.21,431.06,431.15,108192
2023-09-25 14:45:00,431.15,431.27,431.13,431.24,59413
2023-09-25 14:46:00,431.24,431.41,431.24,431.36,73134
2023-09-25 14:47:00,431.35,431.35,431.1,431.125,87100
2023-09-25 14:48:00,431.13,431.28,431.07,431.23,68662
2023-09-25 14:49:00,431.23,431.3,431.14,431.14,58155
2023-09-25 14:50:00,431.13,431.19,431.015,431.02,103863
2023-09-25 14:51:00,431.02,431.25,430.97,431.22,76492
2023-09-25 14:52:00,431.2197,431.26,431.03,431.07,48621
2023-09-25 14:53:00,431.08,431.25,431.05,431.25,46878
2023-09-25 14:54:00,431.26,431.3,431.03,431.0694,78362
2023-09-25 14:55:00,431.06,431.13,431.005,431.03,70858
2023-09-25 14:56:00,431.04,431.04,430.83,430.85,108986
2023-09-25 14:57:00,430.86,430.96,430.81,430.9,194512
2023-09-25 14:58:00,430.89,430.95,430.78,430.9,105695
2023-09-25 14:59:00,430.9,430.95,430.835,430.84,79023
2023-09-25 15:00:00,430.86,430.86,430.72,430.85,82320
2023-09-25 15:01:00,430.84,431.0,430.5,430.5,232835
2023-09-25 15:02:00,430.5,430.6,430.39,430.4109,193904
2023-09-25 15:03:00,430.41,430.4899,430.12,430.16,208616
2023-09-25 15:04:00,430.16,430.34,430.145,430.26,193514
2023-09-25 15:05:00,430.262,430.33,430.2,430.23,136792
2023-09-25 15:06:00,430.24,430.25,430.1,430.19,135005
2023-09-25 15:07:00,430.19,430.215,430.11,430.13,124735
2023-09-25 15:08:00,430.13,430.165,430.03,430.0802,172238
2023-09-25 15:09:00,430.08,430.16,429.98,430.03,125283
2023-09-25 15:10:00,430.025,430.26,429.985,430.139,213725
2023-09-25 15:11:00,430.13,430.25,430.12,430.2099,153063
2023-09-25 15:12:00,430.21,430.23,430.11,430.23,112271
2023-09-25 15:13:00,430.23,430.25,430.13,430.205,117325
2023-09-25 15:14:00,430.205,430.52,430.205,430.51,209238
2023-09-25 15:15:00,430.51,430.75,430.47,430.74,348597
2023-09-25 15:16:00,430.74,431.35,430.7301,431.305,338639
2023-09-25 15:17:00,431.305,431.33,431.115,431.21,244986
2023-09-25 15:18:00,431.22,431.225,431.1,431.12,128603
2023-09-25 15:19:00,431.105,431.31,431.09,431.285,192409
2023-09-25 15:20:00,431.28,431.3001,431.17,431.27,149332
2023-09-25 15:21:00,431.24,431.46,431.2005,431.315,203860
2023-09-25 15:22:00,431.33,431.36,431.24,431.31,191016
2023-09-25 15:23:00,431.3,431.3299,431.04,431.04,177884
2023-09-25 15:24:00,431.035,431.14,430.93,431.035,183085
2023-09-25 15:25:00,431.035,431.05,430.92,430.9233,115253
2023-09-25 15:26:00,430.92,431.04,430.89,430.95,90763
2023-09-25 15:27:00,430.93,430.94,430.825,430.87,141537
2023-09-25 15:28:00,430.86,430.875,430.6,430.675,149260
2023-09-25 15:29:00,430.678,431.07,430.63,431.0597,200794
2023-09-25 15:30:00,431.05,431.15,430.82,431.0596,194504
2023-09-25 15:31:00,431.06,431.205,431.06,431.16,133019
2023-09-25 15:32:00,431.17,431.29,431.13,431.25,140974
2023-09-25 15:33:00,431.25,431.32,431.16,431.31,86234
2023-09-25 15:34:00,431.315,431.32,431.09,431.1504,126028
2023-09-25 15:35:00,431.16,431.17,431.0,431.17,94433
2023-09-25 15:36:00,431.17,431.24,431.14,431.175,133989
2023-09-25 15:37:00,431.18,431.18,431.0501,431.14,119054
2023-09-25 15:38:00,431.14,431.31,431.11,431.31,114342
2023-09-25 15:39:00,431.3,431.57,431.295,431.55,210633
2023-09-25 15:40:00,431.555,431.615,431.44,431.44,143856
2023-09-25 15:41:00,431.435,431.49,431.33,431.445,235287
2023-09-25 15:42:00,431.445,431.455,431.31,431.3699,110174
2023-09-25 15:43:00,431.36,431.3769,431.205,431.2906,141262
2023-09-25 15:44:00,431.3,431.31,431.135,431.17,126712
2023-09-25 15:45:00,431.16,431.4,431.15,431.38,162049
2023-09-25 15:46:00,431.38,431.46,431.25,431.295,220229
2023-09-25 15:47:00,431.29,431.3288,431.225,431.295,156724
2023-09-25 15:48:00,431.29,431.41,431.25,431.275,174961
2023-09-25 15:49:00,431.28,431.54,431.25,431.47,187311
2023-09-25 15:50:00,431.46,431.84,431.33,431.84,303596
2023-09-25 15:51:00,431.84,431.88,431.38,431.4194,281773
2023-09-25 15:52:00,431.4,431.46,431.255,431.325,190294
2023-09-25 15:53:00,431.32,431.335,431.1,431.16,301609
2023-09-25 15:54:00,431.15,431.155,430.9888,431.1499,205806
2023-09-25 15:55:00,431.15,431.795,431.05,431.7906,374263
2023-09-25 15:56:00,431.7906,432.07,431.77,432.01,465517
2023-09-25 15:57:00,432.01,432.19,431.925,432.06,346539
2023-09-25 15:58:00,432.07,432.155,431.99,432.08,552284
2023-09-25 15:59:00,432.08,432.27,432.05,432.22,1812669
2023-09-26 09:30:00,429.09,429.46,429.06,429.35,620801
2023-09-26 09:31:00,429.36,429.39,429.01,429.1,372641
2023-09-26 09:32:00,429.1083,429.24,429.01,429.205,266438
2023-09-26 09:33:00,429.21,429.415,429.19,429.3065,348661
2023-09-26 09:34:00,429.3,429.54,429.29,429.415,289893
2023-09-26 09:35:00,429.415,429.625,429.3,429.35,229914
2023-09-26 09:36:00,429.34,429.57,429.29,429.468,142287
2023-09-26 09:37:00,429.47,429.58,429.395,429.555,141491
2023-09-26 09:38:00,429.5569,429.76,429.42,429.7416,186073
2023-09-26 09:39:00,429.75,429.75,429.5688,429.6202,176640
2023-09-26 09:40:00,429.62,429.68,429.32,429.32,322545
2023-09-26 09:41:00,429.32,429.44,429.3,429.38,169268
2023-09-26 09:42:00,429.38,429.685,429.38,429.65,177772
2023-09-26 09:43:00,429.6592,429.66,429.53,429.55,146666
2023-09-26 09:44:00,429.54,429.82,429.5159,429.73,272691
2023-09-26 09:45:00,429.7,429.76,429.4,429.53,143294
2023-09-26 09:46:00,429.525,429.7653,429.51,429.57,154197
2023-09-26 09:47:00,429.57,429.575,429.18,429.25,163237
2023-09-26 09:48:00,429.23,429.49,429.23,429.455,97998
2023-09-26 09:49:00,429.43,429.48,429.08,429.11,135749
2023-09-26 09:50:00,429.09,429.13,428.67,428.7688,443448
2023-09-26 09:51:00,428.76,428.89,428.6799,428.82,336860
2023-09-26 09:52:00,428.81,428.88,428.65,428.6712,231909
2023-09-26 09:53:00,428.66,428.81,428.61,428.725,210878
2023-09-26 09:54:00,428.72,428.79,428.61,428.73,131269
2023-09-26 09:55:00,428.73,428.88,428.58,428.67,394238
2023-09-26 09:56:00,428.682,428.79,428.58,428.77,165736
2023-09-26 09:57:00,428.78,428.79,428.54,428.61,126077
2023-09-26 09:58:00,428.59,428.62,428.53,428.5899,122892
2023-09-26 09:59:00,428.58,428.72,428.58,428.7,125767
2023-09-26 10:00:00,428.69,428.94,428.59,428.84,342073
2023-09-26 10:01:00,428.809,428.92,428.56,428.59,199014
2023-09-26 10:02:00,428.56,428.65,428.46,428.65,317915
2023-09-26 10:03:00,428.6499,428.6799,428.5,428.62,83048
2023-09-26 10:04:00,428.62,428.62,428.18,428.21,390534
2023-09-26 10:05:00,428.2,428.615,428.11,428.615,396270
2023-09-26 10:06:00,428.62,428.79,428.43,428.515,245268
2023-09-26 10:07:00,428.51,428.58,428.42,428.44,124979
2023-09-26 10:08:00,428.43,428.48,428.38,428.46,323705
2023-09-26 10:09:00,428.465,428.52,428.31,428.35,178745
2023-09-26 10:10:00,428.35,428.38,428.16,428.21,195325
2023-09-26 10:11:00,428.21,428.35,428.2,428.22,196254
2023-09-26 10:12:00,428.21,428.23,427.9,427.97,357576
2023-09-26 10:13:00,427.97,428.09,427.66,427.68,275326
2023-09-26 10:14:00,427.675,427.76,427.44,427.48,310025
2023-09-26 10:15:00,427.48,427.58,427.34,427.3929,476851
2023-09-26 10:16:00,427.39,427.43,427.245,427.26,216907
2023-09-26 10:17:00,427.25,427.32,427.17,427.18,215790
2023-09-26 10:18:00,427.17,427.27,427.0101,427.08,322238
2023-09-26 10:19:00,427.08,427.22,426.9917,427.125,290566
2023-09-26 10:20:00,427.12,427.27,427.09,427.1899,208259
2023-09-26 10:21:00,427.19,427.29,427.12,427.29,257348
2023-09-26 10:22:00,427.29,427.59,427.23,427.52,526418
2023-09-26 10:23:00,427.5216,427.5775,427.43,427.48,166630
2023-09-26 10:24:00,427.48,427.5,427.35,427.4003,266239
2023-09-26 10:25:00,427.41,427.45,427.35,427.38,148580
2023-09-26 10:26:00,427.3701,427.51,427.345,427.37,179061
2023-09-26 10:27:00,427.38,427.56,427.29,427.5315,178378
2023-09-26 10:28:00,427.54,427.9101,427.51,427.9101,400256
2023-09-26 10:29:00,427.9263,427.93,427.8,427.93,292065
2023-09-26 10:30:00,427.93,427.94,427.74,427.92,287500
2023-09-26 10:31:00,427.928,428.06,427.89,427.94,206049
2023-09-26 10:32:00,427.9,427.9,427.6679,427.69,349599
2023-09-26 10:33:00,427.68,427.8,427.605,427.8,105539
2023-09-26 10:34:00,427.795,427.8,427.63,427.68,131669
2023-09-26 10:35:00,427.66,427.755,427.575,427.6479,115230
2023-09-26 10:36:00,427.645,427.78,427.55,427.57,147284
2023-09-26 10:37:00,427.565,427.83,427.56,427.77,127002
2023-09-26 10:38:00,427.78,427.9,427.72,427.74,100950
2023-09-26 10:39:00,427.7399,427.93,427.71,427.8597,70089
2023-09-26 10:40:00,427.86,427.99,427.8,427.9677,189645
2023-09-26 10:41:00,427.97,428.03,427.895,427.9001,139853
2023-09-26 10:42:00,427.9,428.105,427.835,428.1,266185
2023-09-26 10:43:00,428.0899,428.33,428.0899,428.29,232755
2023-09-26 10:44:00,428.29,428.435,428.23,428.4,149845
2023-09-26 10:45:00,428.395,428.71,428.3693,428.66,352180
2023-09-26 10:46:00,428.67,428.67,428.2,428.22,383909
2023-09-26 10:47:00,428.2199,428.225,428.05,428.05,224966
2023-09-26 10:48:00,428.06,428.115,428.0003,428.01,139588
2023-09-26 10:49:00,428.01,428.095,427.91,427.9205,113303
2023-09-26 10:50:00,427.929,428.0,427.83,427.88,223840
2023-09-26 10:51:00,427.8791,427.88,427.639,427.65,198162
2023-09-26 10:52:00,427.64,427.82,427.63,427.7495,118883
2023-09-26 10:53:00,427.74,427.92,427.7,427.8799,159191
2023-09-26 10:54:00,427.8701,427.8785,427.6641,427.75,116470
2023-09-26 10:55:00,427.75,427.94,427.73,427.83,75576
2023-09-26 10:56:00,427.83,427.87,427.76,427.82,111521
2023-09-26 10:57:00,427.82,427.91,427.67,427.68,108701
2023-09-26 10:58:00,427.671,427.73,427.6399,427.66,100308
2023-09-26 10:59:00,427.65,428.06,427.631,428.025,389834
2023-09-26 11:00:00,428.01,428.24,427.98,428.12,270083
2023-09-26 11:01:00,428.12,428.2,428.05,428.13,92308
2023-09-26 11:02:00,428.12,428.15,427.91,427.95,232360
2023-09-26 11:03:00,427.95,428.08,427.95,427.99,45190
2023-09-26 11:04:00,427.97,428.11,427.91,428.0212,73357
2023-09-26 11:05:00,428.03,428.04,427.8,427.8,134510
2023-09-26 11:06:00,427.8,427.83,427.67,427.7199,166759
2023-09-26 11:07:00,427.71,427.77,427.51,427.53,159200
2023-09-26 11:08:00,427.54,427.65,427.39,427.6,287519
2023-09-26 11:09:00,427.61,427.695,427.59,427.6263,89783
2023-09-26 11:10:00,427.63,427.64,427.53,427.6026,88331
2023-09-26 11:11:00,427.61,427.6312,427.46,427.52,113641
2023-09-26 11:12:00,427.52,427.6,427.4399,427.45,123512
2023-09-26 11:13:00,427.46,427.53,427.36,427.37,160026
2023-09-26 11:14:00,427.38,427.48,427.36,427.45,98517
2023-09-26 11:15:00,427.45,427.5095,427.34,427.35,91969
2023-09-26 11:16:00,427.342,427.45,427.28,427.44,164720
2023-09-26 11:17:00,427.445,427.55,427.39,427.5299,178328
2023-09-26 11:18:00,427.525,427.558,427.39,427.4,109180
2023-09-26 11:19:00,427.4,427.48,427.3588,427.43,67959
2023-09-26 11:20:00,427.44,427.487,427.35,427.3501,73969
2023-09-26 11:21:00,427.34,427.49,427.295,427.39,67999
2023-09-26 11:22:00,427.382,427.39,427.32,427.36,73960
2023-09-26 11:23:00,427.36,427.38,427.29,427.32,86760
2023-09-26 11:24:00,427.31,427.33,427.16,427.205,115403
2023-09-26 11:25:00,427.2,427.255,427.135,427.19,104926
2023-09-26 11:26:00,427.1885,427.1885,427.0801,427.13,131372
2023-09-26 11:27:00,427.12,427.1399,427.03,427.0801,161410
2023-09-26 11:28:00,427.08,427.11,426.96,426.97,181258
2023-09-26 11:29:00,426.96,426.97,426.76,426.78,197697
2023-09-26 11:30:00,426.78,426.9,426.69,426.86,198344
2023-09-26 11:31:00,426.85,426.855,426.67,426.7,181099
2023-09-26 11:32:00,426.695,426.98,426.63,426.965,385381
2023-09-26 11:33:00,426.97,427.105,426.89,427.09,199963
2023-09-26 11:34:00,427.085,427.2,426.9699,427.19,195660
2023-09-26 11:35:00,427.185,427.2,427.07,427.135,207763
2023-09-26 11:36:00,427.13,427.239,427.01,427.16,192583
2023-09-26 11:37:00,427.16,427.3199,427.14,427.29,225383
2023-09-26 11:38:00,427.2877,427.35,427.28,427.32,128445
2023-09-26 11:39:00,427.31,427.4,427.27,427.275,130915
2023-09-26 11:40:00,427.27,427.29,427.0501,427.11,254145
2023-09-26 11:41:00,427.11,427.1202,426.99,427.02,187525
2023-09-26 11:42:00,427.02,427.25,426.93,427.2,312853
2023-09-26 11:43:00,427.21,427.43,427.17,427.32,177028
2023-09-26 11:44:00,427.32,427.33,427.1399,427.1399,93040
2023-09-26 11:45:00,427.1393,427.3094,427.12,427.3,123640
2023-09-26 11:46:00,427.31,427.3299,426.9501,426.9999,129058
2023-09-26 11:47:00,426.995,427.04,426.85,426.93,168914
2023-09-26 11:48:00,426.91,426.93,426.86,426.8899,109386
2023-09-26 11:49:00,426.89,427.19,426.855,427.11,173140
2023-09-26 11:50:00,427.1112,427.13,426.95,426.97,76514
2023-09-26 11:51:00,426.9795,427.075,426.9196,426.925,41177
2023-09-26 11:52:00,426.94,427.25,426.91,427.2199,221441
2023-09-26 11:53:00,427.22,427.2799,427.17,427.19,96052
2023-09-26 11:54:00,427.17,427.19,426.93,426.95,71436
2023-09-26 11:55:00,426.95,426.9872,426.84,426.87,115299
2023-09-26 11:56:00,426.86,426.91,426.8493,426.89,72986
2023-09-26 11:57:00,426.9,427.13,426.88,427.1289,175996
2023-09-26 11:58:00,427.12,427.145,427.035,427.115,86270
2023-09-26 11:59:00,427.11,427.1901,427.05,427.1,71506
2023-09-26 12:00:00,427.11,427.24,427.07,427.215,120224
2023-09-26 12:01:00,427.2104,427.311,427.145,427.155,144372
2023-09-26 12:02:00,427.16,427.165,427.082,427.14,92421
2023-09-26 12:03:00,427.13,427.13,426.97,426.9805,85182
2023-09-26 12:04:00,426.98,427.0349,426.93,426.96,116633
2023-09-26 12:05:00,426.96,427.01,426.87,427.01,81410
2023-09-26 12:06:00,427.005,427.23,426.98,427.1882,184411
2023-09-26 12:07:00,427.19,427.21,427.11,427.18,58803
2023-09-26 12:08:00,427.185,427.43,427.12,427.4299,150123
2023-09-26 12:09:00,427.42,427.49,427.37,427.4603,165910
2023-09-26 12:10:00,427.47,427.51,427.39,427.46,80838
2023-09-26 12:11:00,427.47,427.62,427.381,427.6092,124925
2023-09-26 12:12:00,427.61,427.7,427.58,427.66,147412
2023-09-26 12:13:00,427.6505,427.66,427.57,427.65,73095
2023-09-26 12:14:00,427.645,427.65,427.43,427.49,100046
2023-09-26 12:15:00,427.48,427.52,427.4,427.47,89877
2023-09-26 12:16:00,427.47,427.71,427.46,427.7016,72336
2023-09-26 12:17:00,427.7,427.72,427.5,427.51,76737
2023-09-26 12:18:00,427.515,427.515,427.25,427.251,140455
2023-09-26 12:19:00,427.26,427.395,427.25,427.3299,109813
2023-09-26 12:20:00,427.32,427.32,427.23,427.29,83701
2023-09-26 12:21:00,427.3,427.365,427.28,427.35,58011
2023-09-26 12:22:00,427.36,427.41,427.29,427.3199,95531
2023-09-26 12:23:00,427.31,427.509,427.31,427.505,36977
2023-09-26 12:24:00,427.51,427.77,427.49,427.76,141584
2023-09-26 12:25:00,427.7598,427.76,427.65,427.65,96458
2023-09-26 12:26:00,427.65,427.67,427.56,427.67,284704
2023-09-26 12:27:00,427.67,427.7,427.57,427.625,144491
2023-09-26 12:28:00,427.63,427.63,427.49,427.59,79012
2023-09-26 12:29:00,427.59,427.645,427.56,427.64,73339
2023-09-26 12:30:00,427.62,427.625,427.49,427.535,59168
2023-09-26 12:31:00,427.52,427.54,427.44,427.45,93020
2023-09-26 12:32:00,427.45,427.6,427.43,427.6,103670
2023-09-26 12:33:00,427.61,427.729,427.54,427.68,86141
2023-09-26 12:34:00,427.68,427.7212,427.5,427.56,150307
2023-09-26 12:35:00,427.565,427.79,427.55,427.76,192275
2023-09-26 12:36:00,427.76,427.76,427.59,427.69,77306
2023-09-26 12:37:00,427.675,427.78,427.64,427.665,29509
2023-09-26 12:38:00,427.665,427.78,427.65,427.65,30767
2023-09-26 12:39:00,427.66,427.73,427.64,427.69,29529
2023-09-26 12:40:00,427.7,427.7991,427.682,427.77,42022
2023-09-26 12:41:00,427.77,427.88,427.77,427.87,87757
2023-09-26 12:42:00,427.87,427.87,427.6636,427.71,75702
2023-09-26 12:43:00,427.705,427.705,427.58,427.63,191578
2023-09-26 12:44:00,427.63,427.63,427.54,427.62,64002
2023-09-26 12:45:00,427.61,427.62,427.525,427.54,81160
2023-09-26 12:46:00,427.54,427.74,427.54,427.74,203550
2023-09-26 12:47:00,427.74,427.745,427.59,427.66,35171
2023-09-26 12:48:00,427.67,427.68,427.59,427.64,73480
2023-09-26 12:49:00,427.65,427.76,427.615,427.7411,20175
2023-09-26 12:50:00,427.74,427.82,427.6801,427.82,38570
2023-09-26 12:51:00,427.81,427.84,427.77,427.83,61241
2023-09-26 12:52:00,427.8274,427.965,427.79,427.93,64450
2023-09-26 12:53:00,427.93,427.94,427.75,427.76,121971
2023-09-26 12:54:00,427.76,427.8404,427.75,427.82,33636
2023-09-26 12:55:00,427.82,427.83,427.735,427.765,113760
2023-09-26 12:56:00,427.76,427.769,427.72,427.735,53607
2023-09-26 12:57:00,427.73,427.7967,427.72,427.78,54807
2023-09-26 12:58:00,427.79,427.85,427.75,427.75,67744
2023-09-26 12:59:00,427.76,427.77,427.56,427.56,75735
2023-09-26 13:00:00,427.57,427.67,427.5,427.57,133857
2023-09-26 13:01:00,427.56,427.58,427.41,427.44,99436
2023-09-26 13:02:00,427.45,427.74,427.34,427.58,198026
2023-09-26 13:03:00,427.58,427.8799,427.57,427.87,99822
2023-09-26 13:04:00,427.86,427.88,427.63,427.7,66737
2023-09-26 13:05:00,427.7,427.7,427.5401,427.5401,44230
2023-09-26 13:06:00,427.545,427.545,427.2,427.23,146480
2023-09-26 13:07:00,427.23,427.255,427.06,427.11,103542
2023-09-26 13:08:00,427.13,427.87,427.125,427.85,373477
2023-09-26 13:09:00,427.87,427.88,427.77,427.85,110458
2023-09-26 13:10:00,427.855,427.88,427.77,427.86,77497
2023-09-26 13:11:00,427.85,427.94,427.79,427.93,94645
2023-09-26 13:12:00,427.938,427.97,427.86,427.93,109757
2023-09-26 13:13:00,427.92,427.98,427.92,427.93,83130
2023-09-26 13:14:00,427.9201,427.97,427.85,427.85,36436
2023-09-26 13:15:00,427.84,427.97,427.84,427.92,105643
2023-09-26 13:16:00,427.92,427.925,427.8,427.82,86081
2023-09-26 13:17:00,427.825,427.8299,427.655,427.67,77792
2023-09-26 13:18:00,427.665,427.7201,427.51,427.52,69375
2023-09-26 13:19:00,427.529,427.54,427.41,427.4499,98895
2023-09-26 13:20:00,427.45,427.55,427.415,427.52,167630
2023-09-26 13:21:00,427.52,427.545,427.4,427.4,56038
2023-09-26 13:22:00,427.41,427.49,427.37,427.43,56864
2023-09-26 13:23:00,427.425,427.52,427.38,427.4,49205
2023-09-26 13:24:00,427.41,427.49,427.375,427.38,171599
2023-09-26 13:25:00,427.38,427.38,427.21,427.2927,94970
2023-09-26 13:26:00,427.291,427.47,427.29,427.3503,95152
2023-09-26 13:27:00,427.3512,427.38,427.15,427.195,147856
2023-09-26 13:28:00,427.2,427.23,427.12,427.12,94048
2023-09-26 13:29:00,427.1323,427.14,426.97,426.98,111405
2023-09-26 13:30:00,426.97,427.095,426.91,427.061,161398
2023-09-26 13:31:00,427.08,427.2,427.04,427.11,120283
2023-09-26 13:32:00,427.11,427.12,427.01,427.06,79483
2023-09-26 13:33:00,427.06,427.19,427.025,427.05,61156
2023-09-26 13:34:00,427.04,427.08,426.9,426.91,102843
2023-09-26 13:35:00,426.91,426.93,426.745,426.745,200056
2023-09-26 13:36:00,426.74,426.8196,426.65,426.67,218676
2023-09-26 13:37:00,426.65,426.65,426.33,426.5,352183
2023-09-26 13:38:00,426.505,426.5404,426.23,426.28,231905
2023-09-26 13:39:00,426.275,426.42,426.275,426.3,128238
2023-09-26 13:40:00,426.3,426.36,426.195,426.22,150084
2023-09-26 13:41:00,426.22,426.37,426.17,426.31,114124
2023-09-26 13:42:00,426.31,426.37,426.2,426.25,150403
2023-09-26 13:43:00,426.26,426.262,426.07,426.105,170876
2023-09-26 13:44:00,426.095,426.19,426.035,426.135,164542
2023-09-26 13:45:00,426.139,426.2,426.09,426.139,112377
2023-09-26 13:46:00,426.131,426.25,426.02,426.135,171653
2023-09-26 13:47:00,426.1384,426.28,426.0801,426.18,177561
2023-09-26 13:48:00,426.17,426.18,426.045,426.1,117496
2023-09-26 13:49:00,426.101,426.1382,426.01,426.06,98229
2023-09-26 13:50:00,426.06,426.345,426.05,426.32,146477
2023-09-26 13:51:00,426.3199,426.61,426.23,426.59,322237
2023-09-26 13:52:00,426.6,426.68,426.34,426.35,242263
2023-09-26 13:53:00,426.36,426.48,426.27,426.39,114251
2023-09-26 13:54:00,426.385,426.5201,426.38,426.51,71298
2023-09-26 13:55:00,426.5,426.53,426.415,426.43,153761
2023-09-26 13:56:00,426.42,426.6,426.4194,426.55,113348
2023-09-26 13:57:00,426.56,426.62,426.48,426.5887,90762
2023-09-26 13:58:00,426.59,426.63,426.54,426.62,79402
2023-09-26 13:59:00,426.63,426.78,426.63,426.71,191567
2023-09-26 14:00:00,426.73,426.74,426.62,426.65,145558
2023-09-26 14:01:00,426.649,426.67,426.34,426.3699,241402
2023-09-26 14:02:00,426.36,426.54,426.36,426.38,153290
2023-09-26 14:03:00,426.37,426.4688,426.32,426.38,71090
2023-09-26 14:04:00,426.38,426.495,426.3618,426.43,151528
2023-09-26 14:05:00,426.42,426.58,426.37,426.4914,62379
2023-09-26 14:06:00,426.49,426.515,426.38,426.38,89326
2023-09-26 14:07:00,426.38,426.39,426.27,426.36,141926
2023-09-26 14:08:00,426.35,426.4,426.26,426.28,131549
2023-09-26 14:09:00,426.28,426.37,426.24,426.25,51267
2023-09-26 14:10:00,426.26,426.44,426.21,426.27,106560
2023-09-26 14:11:00,426.262,426.28,426.13,426.205,90864
2023-09-26 14:12:00,426.2,426.21,426.03,426.07,189568
2023-09-26 14:13:00,426.07,426.13,425.99,425.99,163522
2023-09-26 14:14:00,425.99,426.16,425.91,426.12,329773
2023-09-26 14:15:00,426.11,426.16,425.975,425.99,226891
2023-09-26 14:16:00,425.988,426.251,425.9803,426.24,136782
2023-09-26 14:17:00,426.23,426.24,426.04,426.07,72337
2023-09-26 14:18:00,426.06,426.1066,426.03,426.04,42934
2023-09-26 14:19:00,426.04,426.05,425.8,425.86,235865
2023-09-26 14:20:00,425.86,425.959,425.85,425.9,116238
2023-09-26 14:21:00,425.9,425.99,425.83,425.9399,125250
2023-09-26 14:22:00,425.94,426.165,425.94,426.165,229622
2023-09-26 14:23:00,426.165,426.37,426.155,426.36,185996
2023-09-26 14:24:00,426.36,426.38,426.21,426.2207,108622
2023-09-26 14:25:00,426.22,426.248,426.13,426.18,49159
2023-09-26 14:26:00,426.19,426.24,426.07,426.13,57504
2023-09-26 14:27:00,426.12,426.17,425.9725,425.9787,43573
2023-09-26 14:28:00,425.97,426.05,425.925,426.01,129023
2023-09-26 14:29:00,426.0001,426.0001,425.82,425.9043,100015
2023-09-26 14:30:00,425.9,426.0,425.815,425.85,170090
2023-09-26 14:31:00,425.845,426.088,425.75,426.045,161453
2023-09-26 14:32:00,426.055,426.095,425.92,426.04,127195
2023-09-26 14:33:00,426.03,426.18,425.935,425.952,83249
2023-09-26 14:34:00,425.96,426.015,425.92,425.9596,58902
2023-09-26 14:35:00,425.961,425.98,425.87,425.9,77863
2023-09-26 14:36:00,425.9,425.925,425.85,425.88,64923
2023-09-26 14:37:00,425.89,426.005,425.82,425.88,133318
2023-09-26 14:38:00,425.88,425.91,425.815,425.82,80725
2023-09-26 14:39:00,425.81,425.81,425.64,425.697,189215
2023-09-26 14:40:00,425.7,425.76,425.58,425.585,146868
2023-09-26 14:41:00,425.59,425.8,425.59,425.795,116657
2023-09-26 14:42:00,425.788,425.84,425.6518,425.8099,164926
2023-09-26 14:43:00,425.8,425.85,425.63,425.635,77384
2023-09-26 14:44:00,425.63,425.655,425.58,425.64,101057
2023-09-26 14:45:00,425.63,425.739,425.61,425.62,95801
2023-09-26 14:46:00,425.615,425.665,425.575,425.59,99474
2023-09-26 14:47:00,425.58,425.71,425.58,425.62,166291
2023-09-26 14:48:00,425.61,425.625,425.53,425.6,126872
2023-09-26 14:49:00,425.59,425.79,425.59,425.68,176311
2023-09-26 14:50:00,425.69,425.799,425.69,425.7699,150591
2023-09-26 14:51:00,425.77,425.77,425.61,425.63,138476
2023-09-26 14:52:00,425.64,425.7,425.47,425.61,256666
2023-09-26 14:53:00,425.6,425.7,425.53,425.53,112588
2023-09-26 14:54:00,425.53,425.59,425.525,425.56,110025
2023-09-26 14:55:00,425.5515,425.74,425.5,425.74,187284
2023-09-26 14:56:00,425.75,425.76,425.54,425.605,124321
2023-09-26 14:57:00,425.61,425.67,425.56,425.6,96634
2023-09-26 14:58:00,425.6,425.701,425.6,425.64,143785
2023-09-26 14:59:00,425.64,425.83,425.5633,425.82,162756
2023-09-26 15:00:00,425.815,425.8199,425.59,425.655,176783
2023-09-26 15:01:00,425.6507,425.72,425.63,425.6996,80711
2023-09-26 15:02:00,425.6916,425.75,425.52,425.58,149804
2023-09-26 15:03:00,425.58,425.96,425.58,425.9199,208351
2023-09-26 15:04:00,425.915,425.92,425.59,425.6,182586
2023-09-26 15:05:00,425.6099,425.72,425.58,425.5842,143226
2023-09-26 15:06:00,425.58,425.8,425.56,425.7405,149775
2023-09-26 15:07:00,425.74,425.98,425.69,425.97,165026
2023-09-26 15:08:00,425.98,425.99,425.89,425.965,185718
2023-09-26 15:09:00,425.9695,426.04,425.94,425.9877,202087
2023-09-26 15:10:00,425.98,426.01,425.86,425.91,237886
2023-09-26 15:11:00,425.915,426.03,425.905,425.98,219011
2023-09-26 15:12:00,425.985,426.01,425.88,425.925,177601
2023-09-26 15:13:00,425.92,426.03,425.8988,425.94,211773
2023-09-26 15:14:00,425.95,425.95,425.67,425.7,227808
2023-09-26 15:15:00,425.7,425.7776,425.64,425.71,124224
2023-09-26 15:16:00,425.71,425.76,425.51,425.53,233397
2023-09-26 15:17:00,425.52,425.57,425.45,425.505,155190
2023-09-26 15:18:00,425.5,425.52,425.25,425.305,278728
2023-09-26 15:19:00,425.31,425.38,425.28,425.31,275236
2023-09-26 15:20:00,425.31,425.3701,425.24,425.3,121492
2023-09-26 15:21:00,425.3,425.46,425.285,425.31,243073
2023-09-26 15:22:00,425.31,425.3899,425.29,425.31,128335
2023-09-26 15:23:00,425.31,425.38,425.24,425.265,125781
2023-09-26 15:24:00,425.265,425.305,425.17,425.205,170801
2023-09-26 15:25:00,425.205,425.21,425.02,425.13,307217
2023-09-26 15:26:00,425.1299,425.24,425.095,425.2,165371
2023-09-26 15:27:00,425.2,425.2,425.08,425.15,121625
2023-09-26 15:28:00,425.16,425.41,425.16,425.345,290599
2023-09-26 15:29:00,425.34,425.37,425.21,425.24,124574
2023-09-26 15:30:00,425.24,425.4,425.215,425.305,177678
2023-09-26 15:31:00,425.31,425.48,425.309,425.3674,257720
2023-09-26 15:32:00,425.37,425.4799,425.25,425.285,189415
2023-09-26 15:33:00,425.28,425.3,425.215,425.2721,137852
2023-09-26 15:34:00,425.27,425.27,425.12,425.14,333062
2023-09-26 15:35:00,425.14,425.2,425.08,425.17,177576
2023-09-26 15:36:00,425.165,425.34,425.16,425.33,351967
2023-09-26 15:37:00,425.338,425.41,425.265,425.38,133300
2023-09-26 15:38:00,425.38,425.48,425.36,425.435,145009
2023-09-26 15:39:00,425.435,425.47,425.37,425.45,167340
2023-09-26 15:40:00,425.45,425.56,425.405,425.495,218182
2023-09-26 15:41:00,425.5,425.61,425.47,425.605,288078
2023-09-26 15:42:00,425.6082,425.62,425.52,425.5701,230468
2023-09-26 15:43:00,425.59,425.85,425.54,425.845,318354
2023-09-26 15:44:00,425.84,425.92,425.78,425.88,366512
2023-09-26 15:45:00,425.88,425.91,425.59,425.7,412125
2023-09-26 15:46:00,425.7091,425.825,425.615,425.63,230974
2023-09-26 15:47:00,425.638,425.73,425.615,425.66,251287
2023-09-26 15:48:00,425.67,425.69,425.495,425.64,320581
2023-09-26 15:49:00,425.645,425.65,425.45,425.47,323610
2023-09-26 15:50:00,425.46,425.61,425.22,425.595,492988
2023-09-26 15:51:00,425.595,425.85,425.595,425.835,325511
2023-09-26 15:52:00,425.83,425.855,425.765,425.835,223849
2023-09-26 15:53:00,425.84,425.91,425.78,425.89,419974
2023-09-26 15:54:00,425.885,425.965,425.7,425.75,618688
2023-09-26 15:55:00,425.75,425.92,425.72,425.9101,680169
2023-09-26 15:56:00,425.915,425.965,425.89,425.94,644385
2023-09-26 15:57:00,425.95,425.97,425.83,425.895,570685
2023-09-26 15:58:00,425.895,426.04,425.895,425.96,886850
2023-09-26 15:59:00,425.97,426.03,425.81,425.83,2376574
2023-09-27 09:30:00,427.09,427.35,426.95,427.295,782111
2023-09-27 09:31:00,427.29,427.64,427.28,427.424,315424
2023-09-27 09:32:00,427.42,427.67,427.26,427.345,175236
2023-09-27 09:33:00,427.33,427.42,427.21,427.33,187536
2023-09-27 09:34:00,427.33,427.45,427.16,427.225,111142
2023-09-27 09:35:00,427.22,427.4501,427.12,427.14,119858
2023-09-27 09:36:00,427.14,427.17,426.87,426.875,172875
2023-09-27 09:37:00,426.87,427.03,426.79,426.82,262999
2023-09-27 09:38:00,426.8,427.0,426.78,426.9384,222225
2023-09-27 09:39:00,426.93,426.95,426.76,426.875,103198
2023-09-27 09:40:00,426.88,426.93,426.72,426.75,146483
2023-09-27 09:41:00,426.75,426.86,426.66,426.69,204286
2023-09-27 09:42:00,426.69,426.85,426.64,426.78,95067
2023-09-27 09:43:00,426.76,426.92,426.7301,426.9,107160
2023-09-27 09:44:00,426.89,427.3999,426.85,427.3799,200854
2023-09-27 09:45:00,427.37,427.645,427.17,427.185,241042
2023-09-27 09:46:00,427.18,427.3,427.07,427.27,124814
2023-09-27 09:47:00,427.28,427.3399,427.19,427.19,111572
2023-09-27 09:48:00,427.195,427.29,427.03,427.18,114652
2023-09-27 09:49:00,427.18,427.18,426.84,426.92,139451
2023-09-27 09:50:00,426.95,427.03,426.83,426.91,141504
2023-09-27 09:51:00,426.9,427.2,426.89,427.16,106814
2023-09-27 09:52:00,427.17,427.18,426.97,427.12,87545
2023-09-27 09:53:00,427.12,427.315,427.08,427.2,102121
2023-09-27 09:54:00,427.21,427.305,427.11,427.19,84636
2023-09-27 09:55:00,427.2,427.2307,426.98,427.17,92835
2023-09-27 09:56:00,427.18,427.22,426.98,426.9802,128612
2023-09-27 09:57:00,426.98,427.0,426.82,426.95,153077
2023-09-27 09:58:00,426.91,426.955,426.83,426.87,106946
2023-09-27 09:59:00,426.875,426.94,426.78,426.88,133305
2023-09-27 10:00:00,426.905,427.119,426.82,426.82,140801
2023-09-27 10:01:00,426.83,426.93,426.41,426.48,237299
2023-09-27 10:02:00,426.47,426.48,426.32,426.38,248273
2023-09-27 10:03:00,426.37,426.53,426.33,426.36,139745
2023-09-27 10:04:00,426.365,426.58,426.36,426.4587,154279
2023-09-27 10:05:00,426.45,426.5,426.32,426.34,167571
2023-09-27 10:06:00,426.33,426.46,426.25,426.379,193739
2023-09-27 10:07:00,426.38,426.38,426.21,426.235,142429
2023-09-27 10:08:00,426.235,426.39,426.16,426.22,231519
2023-09-27 10:09:00,426.23,426.36,426.205,426.3,122451
2023-09-27 10:10:00,426.29,426.35,426.15,426.165,134672
2023-09-27 10:11:00,426.161,426.23,425.935,425.9895,171355
2023-09-27 10:12:00,425.99,426.0877,425.8592,425.87,205269
2023-09-27 10:13:00,425.895,426.17,425.86,426.06,196460
2023-09-27 10:14:00,426.07,426.075,425.86,425.91,153980
2023-09-27 10:15:00,425.91,426.04,425.8501,426.03,311003
2023-09-27 10:16:00,426.035,426.11,425.88,425.96,200297
2023-09-27 10:17:00,425.96,426.025,425.89,425.9099,85535
2023-09-27 10:18:00,425.9,426.08,425.865,426.02,114522
2023-09-27 10:19:00,426.03,426.08,425.99,426.06,85137
2023-09-27 10:20:00,426.07,426.32,426.07,426.27,201485
2023-09-27 10:21:00,426.27,426.4599,426.2,426.4599,235976
2023-09-27 10:22:00,426.455,426.84,426.3001,426.72,528008
2023-09-27 10:23:00,426.725,426.97,426.7,426.87,356896
2023-09-27 10:24:00,426.87,427.0,426.74,426.81,368104
2023-09-27 10:25:00,426.81,426.95,426.8,426.87,187240
2023-09-27 10:26:00,426.87,426.91,426.79,426.8,104255
2023-09-27 10:27:00,426.8,427.02,426.78,427.0,173744
2023-09-27 10:28:00,427.0,427.03,426.72,426.74,211798
2023-09-27 10:29:00,426.74,426.89,426.62,426.83,209701
2023-09-27 10:30:00,426.82,426.84,426.57,426.6475,293710
2023-09-27 10:31:00,426.63,426.689,426.43,426.4583,146022
2023-09-27 10:32:00,426.455,426.515,426.35,426.41,194132
2023-09-27 10:33:00,426.41,426.57,426.39,426.48,89476
2023-09-27 10:34:00,426.49,426.88,426.49,426.85,279552
2023-09-27 10:35:00,426.85,426.93,426.69,426.85,149600
2023-09-27 10:36:00,426.85,426.89,426.6292,426.7,100510
2023-09-27 10:37:00,426.7,426.77,426.6405,426.7,88321
2023-09-27 10:38:00,426.71,426.83,426.64,426.66,110038
2023-09-27 10:39:00,426.66,426.7199,426.52,426.56,147114
2023-09-27 10:40:00,426.57,426.57,426.2499,426.3299,152125
2023-09-27 10:41:00,426.32,426.51,426.26,426.495,130641
2023-09-27 10:42:00,426.495,426.4999,426.2718,426.28,130168
2023-09-27 10:43:00,426.275,426.46,426.265,426.335,91605
2023-09-27 10:44:00,426.3299,426.3786,426.26,426.31,84220
2023-09-27 10:45:00,426.32,426.36,426.13,426.15,136107
2023-09-27 10:46:00,426.16,426.245,426.08,426.21,128053
2023-09-27 10:47:00,426.22,426.25,426.04,426.1867,119057
2023-09-27 10:48:00,426.18,426.5,426.1401,426.44,176310
2023-09-27 10:49:00,426.42,426.5,426.37,426.46,82148
2023-09-27 10:50:00,426.452,426.452,425.911,425.94,194611
2023-09-27 10:51:00,425.94,425.945,425.585,425.61,250752
2023-09-27 10:52:00,425.605,425.72,425.43,425.44,255279
2023-09-27 10:53:00,425.445,425.5,425.32,425.3484,246331
2023-09-27 10:54:00,425.34,425.405,425.21,425.34,230759
2023-09-27 10:55:00,425.345,425.47,425.31,425.3991,258853
2023-09-27 10:56:00,425.38,425.43,425.21,425.22,165808
2023-09-27 10:57:00,425.2,425.28,425.01,425.01,219347
2023-09-27 10:58:00,425.03,425.18,425.01,425.145,218765
2023-09-27 10:59:00,425.15,425.27,425.09,425.16,196531
2023-09-27 11:00:00,425.17,425.35,425.045,425.34,246439
2023-09-27 11:01:00,425.335,425.6583,425.32,425.6,311421
2023-09-27 11:02:00,425.59,425.5967,425.48,425.565,155946
2023-09-27 11:03:00,425.56,425.595,425.5,425.5,66886
2023-09-27 11:04:00,425.505,425.55,425.46,425.52,95423
2023-09-27 11:05:00,425.52,425.63,425.435,425.4682,104842
2023-09-27 11:06:00,425.44,425.63,425.31,425.615,122680
2023-09-27 11:07:00,425.625,425.76,425.585,425.755,145085
2023-09-27 11:08:00,425.75,425.98,425.67,425.96,187608
2023-09-27 11:09:00,425.959,426.015,425.895,425.98,227558
2023-09-27 11:10:00,425.98,426.02,425.9,425.91,177490
2023-09-27 11:11:00,425.905,426.03,425.85,426.0101,202467
2023-09-27 11:12:00,426.0,426.05,425.69,425.7703,145033
2023-09-27 11:13:00,425.78,425.885,425.69,425.87,166861
2023-09-27 11:14:00,425.87,426.06,425.86,425.92,101181
2023-09-27 11:15:00,425.91,425.94,425.69,425.72,102920
2023-09-27 11:16:00,425.7101,425.795,425.64,425.67,79659
2023-09-27 11:17:00,425.66,425.82,425.6012,425.6012,135489
2023-09-27 11:18:00,425.605,425.755,425.52,425.745,91770
2023-09-27 11:19:00,425.755,425.84,425.58,425.6,87296
2023-09-27 11:20:00,425.6,425.69,425.5599,425.66,53991
2023-09-27 11:21:00,425.66,425.78,425.62,425.62,49623
2023-09-27 11:22:00,425.62,425.6599,425.45,425.64,106234
2023-09-27 11:23:00,425.62,425.88,425.62,425.879,195782
2023-09-27 11:24:00,425.88,425.97,425.64,425.64,162550
2023-09-27 11:25:00,425.64,425.7501,425.58,425.72,91268
2023-09-27 11:26:00,425.7094,425.79,425.63,425.63,75110
2023-09-27 11:27:00,425.63,425.96,425.61,425.92,174573
2023-09-27 11:28:00,425.92,426.05,425.865,425.92,173814
2023-09-27 11:29:00,425.93,425.97,425.87,425.96,60779
2023-09-27 11:30:00,425.97,426.02,425.88,426.02,146432
2023-09-27 11:31:00,426.03,426.09,425.77,425.85,263391
2023-09-27 11:32:00,425.86,426.04,425.78,426.02,89744
2023-09-27 11:33:00,426.03,426.05,425.92,425.96,46655
2023-09-27 11:34:00,425.95,426.1,425.95,426.05,98098
2023-09-27 11:35:00,426.0499,426.12,425.93,425.95,106433
2023-09-27 11:36:00,425.955,425.96,425.76,425.82,122051
2023-09-27 11:37:00,425.8,425.82,425.655,425.71,101223
2023-09-27 11:38:00,425.71,425.76,425.55,425.64,168349
2023-09-27 11:39:00,425.6298,425.66,425.51,425.5289,90591
2023-09-27 11:40:00,425.525,425.555,425.37,425.4,124655
2023-09-27 11:41:00,425.395,425.55,425.365,425.47,110395
2023-09-27 11:42:00,425.47,425.48,425.375,425.3899,107433
2023-09-27 11:43:00,425.38,425.38,425.04,425.0502,189584
2023-09-27 11:44:00,425.06,425.12,425.03,425.05,130780
2023-09-27 11:45:00,425.05,425.12,424.9,424.99,304680
2023-09-27 11:46:00,424.985,425.1,424.815,424.84,257547
2023-09-27 11:47:00,424.84,424.879,424.64,424.7,196036
2023-09-27 11:48:00,424.691,424.78,424.59,424.62,151082
2023-09-27 11:49:00,424.61,424.92,424.61,424.87,255675
2023-09-27 11:50:00,424.88,424.98,424.84,424.84,218220
2023-09-27 11:51:00,424.845,424.9,424.753,424.805,134682
2023-09-27 11:52:00,424.81,424.87,424.71,424.815,89607
2023-09-27 11:53:00,424.81,424.88,424.745,424.805,109204
2023-09-27 11:54:00,424.805,424.92,424.77,424.83,93401
2023-09-27 11:55:00,424.82,424.97,424.805,424.87,122463
2023-09-27 11:56:00,424.865,425.02,424.8,424.955,116956
2023-09-27 11:57:00,424.94,425.005,424.815,424.925,103468
2023-09-27 11:58:00,424.91,424.91,424.77,424.86,82251
2023-09-27 11:59:00,424.85,424.93,424.77,424.8809,106505
2023-09-27 12:00:00,424.88,424.89,424.645,424.66,152872
2023-09-27 12:01:00,424.66,424.66,424.52,424.5399,378977
2023-09-27 12:02:00,424.53,424.62,424.35,424.358,255856
2023-09-27 12:03:00,424.35,424.505,424.35,424.38,124543
2023-09-27 12:04:00,424.39,424.39,424.18,424.1988,182591
2023-09-27 12:05:00,424.19,424.21,423.97,424.065,274016
2023-09-27 12:06:00,424.07,424.19,424.03,424.155,229310
2023-09-27 12:07:00,424.16,424.35,424.12,424.31,211343
2023-09-27 12:08:00,424.3099,424.32,424.125,424.155,178633
2023-09-27 12:09:00,424.155,424.18,424.0,424.0301,127126
2023-09-27 12:10:00,424.02,424.145,424.01,424.09,99148
2023-09-27 12:11:00,424.09,424.2499,424.09,424.2299,74589
2023-09-27 12:12:00,424.225,424.225,424.07,424.15,157052
2023-09-27 12:13:00,424.141,424.265,424.08,424.11,91362
2023-09-27 12:14:00,424.1,424.12,423.92,424.0001,136371
2023-09-27 12:15:00,424.03,424.06,423.805,424.0,296294
2023-09-27 12:16:00,423.99,424.0203,423.81,423.8304,96967
2023-09-27 12:17:00,423.831,423.9,423.76,423.89,98490
2023-09-27 12:18:00,423.9,423.995,423.85,423.9093,89965
2023-09-27 12:19:00,423.905,423.95,423.82,423.8378,81475
2023-09-27 12:20:00,423.83,423.88,423.775,423.855,102810
2023-09-27 12:21:00,423.855,423.9,423.765,423.84,147083
2023-09-27 12:22:00,423.85,424.07,423.82,423.97,212706
2023-09-27 12:23:00,423.97,423.99,423.8401,423.86,84953
2023-09-27 12:24:00,423.86,423.8999,423.77,423.88,204061
2023-09-27 12:25:00,423.87,424.14,423.87,424.06,175124
2023-09-27 12:26:00,424.0595,424.17,424.0,424.09,117260
2023-09-27 12:27:00,424.09,424.09,423.9001,424.04,141565
2023-09-27 12:28:00,424.04,424.17,423.8936,423.928,231383
2023-09-27 12:29:00,423.91,424.1999,423.9001,424.1999,160439
2023-09-27 12:30:00,424.2,424.48,424.09,424.48,335552
2023-09-27 12:31:00,424.4799,424.48,424.38,424.42,164374
2023-09-27 12:32:00,424.43,424.43,424.24,424.3188,144819
2023-09-27 12:33:00,424.32,424.4772,424.27,424.4772,103736
2023-09-27 12:34:00,424.46,424.49,424.345,424.4501,105436
2023-09-27 12:35:00,424.45,424.66,424.4,424.56,213548
2023-09-27 12:36:00,424.54,424.54,424.3499,424.36,84936
2023-09-27 12:37:00,424.3408,424.35,424.18,424.19,221782
2023-09-27 12:38:00,424.185,424.3999,424.18,424.3601,96489
2023-09-27 12:39:00,424.36,424.38,424.26,424.2619,53573
2023-09-27 12:40:00,424.265,424.29,424.13,424.229,169045
2023-09-27 12:41:00,424.23,424.68,424.23,424.6001,268365
2023-09-27 12:42:00,424.59,424.5985,424.47,424.54,52743
2023-09-27 12:43:00,424.53,424.5367,424.395,424.44,70422
2023-09-27 12:44:00,424.44,424.7,424.39,424.6595,190885
2023-09-27 12:45:00,424.655,424.82,424.65,424.77,151073
2023-09-27 12:46:00,424.775,424.86,424.74,424.855,154312
2023-09-27 12:47:00,424.86,424.88,424.68,424.7,118663
2023-09-27 12:48:00,424.71,424.7399,424.63,424.66,78302
2023-09-27 12:49:00,424.67,424.68,424.58,424.625,37441
2023-09-27 12:50:00,424.63,424.6603,424.565,424.6175,124704
2023-09-27 12:51:00,424.6,424.66,424.5294,424.58,76426
2023-09-27 12:52:00,424.59,424.61,424.36,424.39,122655
2023-09-27 12:53:00,424.36,424.5,424.35,424.48,92404
2023-09-27 12:54:00,424.4899,424.4899,424.37,424.3999,35762
2023-09-27 12:55:00,424.4,424.405,424.24,424.26,238718
2023-09-27 12:56:00,424.25,424.27,424.12,424.12,121433
2023-09-27 12:57:00,424.11,424.17,424.07,424.09,46056
2023-09-27 12:58:00,424.095,424.11,423.97,424.045,178056
2023-09-27 12:59:00,424.05,424.1,423.99,424.07,91995
2023-09-27 13:00:00,424.0699,424.36,424.05,424.27,160178
2023-09-27 13:01:00,424.25,424.41,424.25,424.27,107627
2023-09-27 13:02:00,424.26,424.51,424.18,424.4501,102118
2023-09-27 13:03:00,424.47,424.66,424.38,424.59,95965
2023-09-27 13:04:00,424.58,424.65,424.57,424.61,89095
2023-09-27 13:05:00,424.62,424.68,424.37,424.38,192077
2023-09-27 13:06:00,424.38,424.5099,424.3001,424.47,81224
2023-09-27 13:07:00,424.48,424.49,424.215,424.27,87944
2023-09-27 13:08:00,424.2501,424.59,424.2501,424.5499,75956
2023-09-27 13:09:00,424.54,424.55,424.4204,424.46,40672
2023-09-27 13:10:00,424.465,424.515,424.335,424.37,162239
2023-09-27 13:11:00,424.37,424.51,424.27,424.43,178436
2023-09-27 13:12:00,424.42,424.45,424.22,424.25,125365
2023-09-27 13:13:00,424.25,424.3099,423.98,424.04,220801
2023-09-27 13:14:00,424.045,424.12,423.72,423.77,233071
2023-09-27 13:15:00,423.78,423.94,423.74,423.89,176673
2023-09-27 13:16:00,423.9,423.92,423.72,423.7336,170722
2023-09-27 13:17:00,423.74,423.85,423.485,423.51,194742
2023-09-27 13:18:00,423.5086,423.58,423.4,423.5399,201573
2023-09-27 13:19:00,423.53,423.71,423.495,423.65,130464
2023-09-27 13:20:00,423.652,423.69,423.28,423.3,195681
2023-09-27 13:21:00,423.305,423.3899,423.18,423.195,174365
2023-09-27 13:22:00,423.195,423.2899,423.15,423.17,85486
2023-09-27 13:23:00,423.17,423.35,423.135,423.24,227010
2023-09-27 13:24:00,423.2386,423.33,423.17,423.25,154962
2023-09-27 13:25:00,423.235,423.36,423.11,423.125,136732
2023-09-27 13:26:00,423.125,423.125,422.96,422.9631,214235
2023-09-27 13:27:00,422.961,422.98,422.88,422.9,131348
2023-09-27 13:28:00,422.88,422.94,422.76,422.835,227033
2023-09-27 13:29:00,422.83,422.9,422.795,422.8094,107141
2023-09-27 13:30:00,422.8,422.95,422.74,422.92,227565
2023-09-27 13:31:00,422.93,423.06,422.82,423.0,221653
2023-09-27 13:32:00,423.0,423.06,422.97,423.015,221573
2023-09-27 13:33:00,423.02,423.07,422.94,423.05,228620
2023-09-27 13:34:00,423.05,423.1,422.96,423.01,118027
2023-09-27 13:35:00,423.0,423.12,422.87,422.8867,112219
2023-09-27 13:36:00,422.885,422.99,422.85,422.95,111939
2023-09-27 13:37:00,422.945,423.0,422.84,422.95,105029
2023-09-27 13:38:00,422.9507,423.1099,422.94,423.1099,154531
2023-09-27 13:39:00,423.09,423.12,422.85,422.86,68735
2023-09-27 13:40:00,422.8601,422.871,422.51,422.535,372819
2023-09-27 13:41:00,422.53,422.65,422.31,422.35,269752
2023-09-27 13:42:00,422.34,422.44,422.29,422.33,279219
2023-09-27 13:43:00,422.33,422.62,422.3,422.58,215533
2023-09-27 13:44:00,422.57,422.8474,422.525,422.84,139023
2023-09-27 13:45:00,422.85,422.99,422.8101,422.92,222563
2023-09-27 13:46:00,422.93,422.93,422.765,422.7795,139292
2023-09-27 13:47:00,422.78,422.95,422.78,422.92,183793
2023-09-27 13:48:00,422.93,422.951,422.78,422.78,161448
2023-09-27 13:49:00,422.785,422.9599,422.72,422.92,169972
2023-09-27 13:50:00,422.93,422.995,422.87,422.9837,175454
2023-09-27 13:51:00,422.9801,423.15,422.895,423.15,298416
2023-09-27 13:52:00,423.14,423.17,423.1,423.11,172212
2023-09-27 13:53:00,423.1101,423.21,423.085,423.18,201773
2023-09-27 13:54:00,423.17,423.27,423.125,423.26,111533
2023-09-27 13:55:00,423.24,423.26,423.05,423.1,194783
2023-09-27 13:56:00,423.1,423.17,423.01,423.1699,106269
2023-09-27 13:57:00,423.16,423.29,423.13,423.1801,119783
2023-09-27 13:58:00,423.19,423.32,423.1,423.17,92850
2023-09-27 13:59:00,423.18,423.335,423.18,423.31,65336
2023-09-27 14:00:00,423.309,423.33,423.05,423.07,134693
2023-09-27 14:01:00,423.08,423.16,423.07,423.129,155916
2023-09-27 14:02:00,423.11,423.33,423.1,423.26,209385
2023-09-27 14:03:00,423.25,423.33,423.195,423.205,82206
2023-09-27 14:04:00,423.2,423.2272,423.1,423.14,173919
2023-09-27 14:05:00,423.14,423.29,423.115,423.27,61470
2023-09-27 14:06:00,423.2601,423.3199,423.02,423.025,94969
2023-09-27 14:07:00,423.02,423.175,422.98,423.02,179789
2023-09-27 14:08:00,423.01,423.01,422.81,422.82,220895
2023-09-27 14:09:00,422.83,422.96,422.8029,422.8199,128989
2023-09-27 14:10:00,422.815,422.88,422.66,422.7901,171234
2023-09-27 14:11:00,422.78,422.8,422.668,422.668,216511
2023-09-27 14:12:00,422.67,422.77,422.605,422.76,210815
2023-09-27 14:13:00,422.7514,423.0,422.72,422.9,213894
2023-09-27 14:14:00,422.9,423.0,422.89,422.971,100669
2023-09-27 14:15:00,422.97,423.23,422.95,423.16,277455
2023-09-27 14:16:00,423.15,423.245,423.1282,423.21,134718
2023-09-27 14:17:00,423.205,423.345,423.17,423.24,129533
2023-09-27 14:18:00,423.24,423.335,423.1634,423.17,112669
2023-09-27 14:19:00,423.165,423.2012,423.01,423.065,126427
2023-09-27 14:20:00,423.06,423.1,422.96,423.04,160715
2023-09-27 14:21:00,423.03,423.335,423.02,423.199,175824
2023-09-27 14:22:00,423.19,423.32,423.13,423.29,133964
2023-09-27 14:23:00,423.298,423.44,423.275,423.38,173638
2023-09-27 14:24:00,423.375,423.43,423.28,423.425,130107
2023-09-27 14:25:00,423.42,423.48,423.292,423.3286,130069
2023-09-27 14:26:00,423.3281,423.855,423.3281,423.82,187191
2023-09-27 14:27:00,423.815,423.985,423.71,423.97,259831
2023-09-27 14:28:00,423.97,424.385,423.91,424.37,269847
2023-09-27 14:29:00,424.37,424.4399,424.26,424.38,271602
2023-09-27 14:30:00,424.385,424.75,424.37,424.71,394610
2023-09-27 14:31:00,424.71,425.18,424.7,425.155,412260
2023-09-27 14:32:00,425.14,425.3,425.095,425.2708,532254
2023-09-27 14:33:00,425.275,425.31,424.97,424.97,343092
2023-09-27 14:34:00,424.97,425.18,424.95,425.13,321397
2023-09-27 14:35:00,425.135,425.57,425.135,425.54,382661
2023-09-27 14:36:00,425.55,425.59,425.35,425.52,279270
2023-09-27 14:37:00,425.559,425.62,425.45,425.6,191711
2023-09-27 14:38:00,425.61,425.72,425.49,425.65,267281
2023-09-27 14:39:00,425.66,425.89,425.635,425.85,231949
2023-09-27 14:40:00,425.86,425.9,425.58,425.61,294967
2023-09-27 14:41:00,425.609,425.92,425.5,425.92,289589
2023-09-27 14:42:00,425.9138,426.06,425.76,425.87,391742
2023-09-27 14:43:00,425.895,426.23,425.84,426.02,489631
2023-09-27 14:44:00,426.02,426.1,425.935,426.08,129781
2023-09-27 14:45:00,426.08,426.33,426.078,426.225,321244
2023-09-27 14:46:00,426.22,426.22,426.04,426.14,220570
2023-09-27 14:47:00,426.13,426.2,425.975,425.9901,288723
2023-09-27 14:48:00,425.99,426.03,425.765,425.88,305380
2023-09-27 14:49:00,425.91,425.94,425.69,425.725,182870
2023-09-27 14:50:00,425.725,425.765,425.61,425.67,203161
2023-09-27 14:51:00,425.66,425.73,425.59,425.64,146536
2023-09-27 14:52:00,425.63,425.79,425.53,425.66,194670
2023-09-27 14:53:00,425.655,425.92,425.61,425.705,215758
2023-09-27 14:54:00,425.695,426.01,425.685,425.95,209171
2023-09-27 14:55:00,425.95,426.14,425.89,425.955,346448
2023-09-27 14:56:00,425.95,425.955,425.73,425.88,207955
2023-09-27 14:57:00,425.875,426.0,425.84,425.9388,147692
2023-09-27 14:58:00,425.93,426.03,425.82,425.961,144523
2023-09-27 14:59:00,425.955,426.0199,425.85,425.88,118775
2023-09-27 15:00:00,425.885,425.94,425.69,425.865,245587
2023-09-27 15:01:00,425.865,426.185,425.83,426.14,301763
2023-09-27 15:02:00,426.15,426.2899,426.06,426.1301,261370
2023-09-27 15:03:00,426.139,426.27,426.08,426.255,126875
2023-09-27 15:04:00,426.25,426.71,426.24,426.69,428462
2023-09-27 15:05:00,426.71,426.73,426.53,426.55,267655
2023-09-27 15:06:00,426.535,426.88,426.535,426.8555,251675
2023-09-27 15:07:00,426.85,427.22,426.76,427.2,381412
2023-09-27 15:08:00,427.21,427.23,427.0,427.1599,472183
2023-09-27 15:09:00,427.15,427.25,426.96,427.02,294424
2023-09-27 15:10:00,427.03,427.34,426.9909,427.29,297816
2023-09-27 15:11:00,427.3,427.37,427.17,427.3,312786
2023-09-27 15:12:00,427.2988,427.4,427.23,427.35,320854
2023-09-27 15:13:00,427.36,427.539,427.11,427.13,531828
2023-09-27 15:14:00,427.129,427.129,426.73,426.75,485207
2023-09-27 15:15:00,426.74,426.88,426.48,426.595,582255
2023-09-27 15:16:00,426.61,426.7,426.45,426.47,370114
2023-09-27 15:17:00,426.475,426.705,426.455,426.61,230272
2023-09-27 15:18:00,426.61,426.61,426.3596,426.59,144981
2023-09-27 15:19:00,426.585,426.5899,426.31,426.41,135138
2023-09-27 15:20:00,426.42,426.69,426.405,426.57,156088
2023-09-27 15:21:00,426.57,426.73,426.44,426.705,161109
2023-09-27 15:22:00,426.7001,426.8,426.46,426.64,186618
2023-09-27 15:23:00,426.63,426.81,426.541,426.6,224383
2023-09-27 15:24:00,426.605,426.81,426.6,426.6399,174207
2023-09-27 15:25:00,426.64,426.84,426.53,426.78,102304
2023-09-27 15:26:00,426.78,426.935,426.7099,426.79,167808
2023-09-27 15:27:00,426.765,426.79,426.58,426.65,146421
2023-09-27 15:28:00,426.66,426.9,426.63,426.77,239865
2023-09-27 15:29:00,426.7605,426.78,426.48,426.5,144083
2023-09-27 15:30:00,426.52,426.55,426.28,426.31,376270
2023-09-27 15:31:00,426.31,426.42,426.25,426.295,151411
2023-09-27 15:32:00,426.2999,426.43,426.23,426.365,264090
2023-09-27 15:33:00,426.36,426.43,426.25,426.43,107670
2023-09-27 15:34:00,426.43,426.61,426.3896,426.55,171981
2023-09-27 15:35:00,426.55,426.55,426.23,426.26,143242
2023-09-27 15:36:00,426.265,426.3,425.91,425.94,353223
2023-09-27 15:37:00,425.94,426.0,425.83,425.87,234269
2023-09-27 15:38:00,425.86,426.15,425.81,426.12,378730
2023-09-27 15:39:00,426.12,426.21,425.98,426.0105,154229
2023-09-27 15:40:00,426.01,426.01,425.47,425.5012,324198
2023-09-27 15:41:00,425.5,425.5,425.19,425.1901,408566
2023-09-27 15:42:00,425.21,425.245,424.92,425.019,361059
2023-09-27 15:43:00,425.015,425.1,424.86,424.915,507402
2023-09-27 15:44:00,424.91,425.2195,424.855,425.11,353089
2023-09-27 15:45:00,425.1,425.145,424.87,425.055,323057
2023-09-27 15:46:00,425.05,425.34,425.01,425.28,316898
2023-09-27 15:47:00,425.275,425.345,425.13,425.195,232524
2023-09-27 15:48:00,425.19,425.21,424.9805,425.09,306803
2023-09-27 15:49:00,425.09,425.24,424.98,425.19,383720
2023-09-27 15:50:00,425.19,425.79,425.12,425.72,1002344
2023-09-27 15:51:00,425.73,425.98,425.62,425.84,611012
2023-09-27 15:52:00,425.83,425.83,425.495,425.57,329008
2023-09-27 15:53:00,425.555,425.79,425.32,425.745,365831
2023-09-27 15:54:00,425.74,425.92,425.62,425.865,397053
2023-09-27 15:55:00,425.865,425.94,425.66,425.75,476289
2023-09-27 15:56:00,425.75,425.86,425.635,425.81,376829
2023-09-27 15:57:00,425.8,425.995,425.775,425.8108,439707
2023-09-27 15:58:00,425.81,425.86,425.72,425.725,531287
2023-09-27 15:59:00,425.725,426.06,425.53,426.02,1770522
2023-09-28 09:30:00,425.48,425.64,425.06,425.219,490494
2023-09-28 09:31:00,425.21,425.64,425.14,425.4999,357007
2023-09-28 09:32:00,425.5,425.71,425.33,425.445,222905
2023-09-28 09:33:00,425.44,425.84,425.29,425.8,243613
2023-09-28 09:34:00,425.8,426.23,425.75,426.1999,356814
2023-09-28 09:35:00,426.19,426.24,425.97,426.015,306658
2023-09-28 09:36:00,426.01,426.08,425.62,425.6706,138629
2023-09-28 09:37:00,425.68,425.71,425.39,425.42,184346
2023-09-28 09:38:00,425.4,425.71,425.34,425.71,166196
2023-09-28 09:39:00,425.7029,425.8,425.6,425.75,96516
2023-09-28 09:40:00,425.76,425.894,425.52,425.61,190698
2023-09-28 09:41:00,425.6,425.6,425.3,425.55,108806
2023-09-28 09:42:00,425.55,425.94,425.36,425.94,278374
2023-09-28 09:43:00,425.91,425.91,425.0201,425.03,151180
2023-09-28 09:44:00,425.03,425.2,424.87,425.06,254565
2023-09-28 09:45:00,425.065,425.5299,424.95,425.51,184280
2023-09-28 09:46:00,425.51,425.61,425.39,425.59,114818
2023-09-28 09:47:00,425.605,425.78,425.46,425.61,161331
2023-09-28 09:48:00,425.61,425.67,425.06,425.09,156249
2023-09-28 09:49:00,425.08,425.33,425.0404,425.24,106242
2023-09-28 09:50:00,425.23,425.57,425.21,425.5301,128746
2023-09-28 09:51:00,425.54,425.96,425.5,425.82,177847
2023-09-28 09:52:00,425.81,425.98,425.61,425.86,176579
2023-09-28 09:53:00,425.855,426.44,425.84,426.41,300998
2023-09-28 09:54:00,426.39,426.52,426.22,426.455,207962
2023-09-28 09:55:00,426.46,426.655,426.35,426.655,241475
2023-09-28 09:56:00,426.64,426.64,426.45,426.4801,208314
2023-09-28 09:57:00,426.49,426.645,426.37,426.51,407034
2023-09-28 09:58:00,426.54,426.56,426.33,426.45,118093
2023-09-28 09:59:00,426.445,426.77,426.4135,426.7,149824
2023-09-28 10:00:00,426.72,427.21,426.65,427.21,476786
2023-09-28 10:01:00,427.2,427.2,426.9028,427.17,227096
2023-09-28 10:02:00,427.155,427.2599,427.0,427.17,138000
2023-09-28 10:03:00,427.18,427.195,426.94,427.07,113243
2023-09-28 10:04:00,427.08,427.25,427.03,427.18,150821
2023-09-28 10:05:00,427.18,427.2,426.77,426.771,206850
2023-09-28 10:06:00,426.78,427.0401,426.535,426.73,342050
2023-09-28 10:07:00,426.74,426.99,426.71,426.94,155606
2023-09-28 10:08:00,426.93,427.1,426.91,427.07,118617
2023-09-28 10:09:00,427.061,427.17,426.98,427.0195,105869
2023-09-28 10:10:00,426.99,427.09,426.86,427.03,166579
2023-09-28 10:11:00,427.029,427.18,427.0,427.06,109549
2023-09-28 10:12:00,427.06,427.125,426.945,427.04,149552
2023-09-28 10:13:00,427.02,427.08,426.79,427.0,196539
2023-09-28 10:14:00,427.01,427.0799,426.875,426.955,95384
2023-09-28 10:15:00,426.99,427.13,426.72,426.78,163450
2023-09-28 10:16:00,426.77,426.84,426.53,426.59,304412
2023-09-28 10:17:00,426.59,426.61,426.18,426.25,315401
2023-09-28 10:18:00,426.24,426.49,425.95,426.48,292177
2023-09-28 10:19:00,426.495,426.74,426.47,426.715,198188
2023-09-28 10:20:00,426.74,427.1,426.69,427.0399,177907
2023-09-28 10:21:00,427.025,427.05,426.63,426.75,120177
2023-09-28 10:22:00,426.76,426.76,426.445,426.5,107315
2023-09-28 10:23:00,426.49,426.62,426.35,426.42,98028
2023-09-28 10:24:00,426.4092,426.6,426.39,426.52,66717
2023-09-28 10:25:00,426.565,426.615,426.36,426.43,84628
2023-09-28 10:26:00,426.44,426.46,426.185,426.33,222624
2023-09-28 10:27:00,426.34,426.39,426.21,426.29,60902
2023-09-28 10:28:00,426.27,426.689,426.27,426.65,173418
2023-09-28 10:29:00,426.669,426.79,426.32,426.39,149931
2023-09-28 10:30:00,426.38,426.43,425.77,425.8,331146
2023-09-28 10:31:00,425.805,425.83,425.38,425.44,404557
2023-09-28 10:32:00,425.435,425.6,425.32,425.425,306485
2023-09-28 10:33:00,425.41,425.7,425.3996,425.655,163374
2023-09-28 10:34:00,425.66,425.815,425.64,425.742,137148
2023-09-28 10:35:00,425.775,426.18,425.75,426.0809,272715
2023-09-28 10:36:00,426.07,426.2,426.01,426.0199,112652
2023-09-28 10:37:00,426.035,426.19,425.995,426.06,112862
2023-09-28 10:38:00,426.04,426.3391,426.04,426.32,103647
2023-09-28 10:39:00,426.32,426.48,426.24,426.4601,83102
2023-09-28 10:40:00,426.46,426.51,426.23,426.33,211762
2023-09-28 10:41:00,426.33,426.355,426.065,426.24,140020
2023-09-28 10:42:00,426.24,426.51,426.23,426.46,112220
2023-09-28 10:43:00,426.45,426.8201,426.405,426.82,162195
2023-09-28 10:44:00,426.8194,427.08,426.78,427.06,167584
2023-09-28 10:45:00,427.06,427.14,426.9,426.96,208724
2023-09-28 10:46:00,426.95,427.16,426.92,427.05,141291
2023-09-28 10:47:00,427.04,427.36,427.04,427.34,189531
2023-09-28 10:48:00,427.35,427.365,427.1826,427.245,184672
2023-09-28 10:49:00,427.24,427.34,427.07,427.27,158216
2023-09-28 10:50:00,427.27,427.4,427.23,427.25,115958
2023-09-28 10:51:00,427.24,427.34,427.1,427.2,278483
2023-09-28 10:52:00,427.2,427.2692,427.08,427.26,186982
2023-09-28 10:53:00,427.25,427.305,427.1,427.295,152359
2023-09-28 10:54:00,427.3,427.44,427.2701,427.3231,136199
2023-09-28 10:55:00,427.32,427.46,427.205,427.45,193137
2023-09-28 10:56:00,427.45,427.45,427.255,427.355,177900
2023-09-28 10:57:00,427.36,427.38,427.07,427.11,144858
2023-09-28 10:58:00,427.125,427.56,427.09,427.511,235989
2023-09-28 10:59:00,427.515,427.53,427.28,427.36,170679
2023-09-28 11:00:00,427.35,427.43,427.175,427.21,151612
2023-09-28 11:01:00,427.21,427.34,427.19,427.21,110035
2023-09-28 11:02:00,427.2195,427.4,427.02,427.315,353961
2023-09-28 11:03:00,427.32,427.33,427.06,427.1799,195640
2023-09-28 11:04:00,427.18,427.27,427.0788,427.0799,86173
2023-09-28 11:05:00,427.07,427.28,427.01,427.28,93152
2023-09-28 11:06:00,427.29,427.405,426.9711,427.0201,147829
2023-09-28 11:07:00,427.02,427.44,426.97,427.4304,186394
2023-09-28 11:08:00,427.44,427.74,427.42,427.705,352962
2023-09-28 11:09:00,427.695,427.72,427.53,427.6,158003
2023-09-28 11:10:00,427.6,427.65,427.43,427.62,110149
2023-09-28 11:11:00,427.6167,427.63,427.41,427.455,77351
2023-09-28 11:12:00,427.46,427.54,427.285,427.45,157901
2023-09-28 11:13:00,427.45,427.46,427.095,427.3,215611
2023-09-28 11:14:00,427.28,427.48,427.22,427.48,113629
2023-09-28 11:15:00,427.4682,427.565,427.31,427.5,143642
2023-09-28 11:16:00,427.5,427.5,427.18,427.25,120052
2023-09-28 11:17:00,427.24,427.4,427.11,427.39,204127
2023-09-28 11:18:00,427.3807,427.43,427.22,427.325,151854
2023-09-28 11:19:00,427.315,427.44,427.15,427.16,108151
2023-09-28 11:20:00,427.16,427.32,427.1,427.3123,94452
2023-09-28 11:21:00,427.31,427.45,427.195,427.2,120313
2023-09-28 11:22:00,427.205,427.54,427.19,427.5,120780
2023-09-28 11:23:00,427.52,427.81,427.45,427.79,157417
2023-09-28 11:24:00,427.78,428.1,427.75,428.095,354661
2023-09-28 11:25:00,428.095,428.15,427.9,428.15,288544
2023-09-28 11:26:00,428.135,428.21,427.92,427.965,300833
2023-09-28 11:27:00,427.97,428.23,427.97,428.21,133820
2023-09-28 11:28:00,428.21,428.28,428.18,428.1925,418667
2023-09-28 11:29:00,428.2,428.31,428.04,428.305,182676
2023-09-28 11:30:00,428.31,428.61,428.28,428.47,366790
2023-09-28 11:31:00,428.47,428.8,428.39,428.74,396287
2023-09-28 11:32:00,428.75,428.86,428.71,428.72,471853
2023-09-28 11:33:00,428.73,428.875,428.725,428.78,173839
2023-09-28 11:34:00,428.79,428.87,428.67,428.68,228242
2023-09-28 11:35:00,428.69,428.83,428.65,428.76,202203
2023-09-28 11:36:00,428.77,428.83,428.68,428.785,136976
2023-09-28 11:37:00,428.77,428.81,428.65,428.7106,165147
2023-09-28 11:38:00,428.72,428.835,428.68,428.825,160554
2023-09-28 11:39:00,428.83,428.845,428.63,428.65,140835
2023-09-28 11:40:00,428.64,429.03,428.63,428.9501,319190
2023-09-28 11:41:00,428.955,429.04,428.91,428.98,192246
2023-09-28 11:42:00,428.985,429.1,428.97,429.1,180929
2023-09-28 11:43:00,429.1,429.29,428.98,429.255,225684
2023-09-28 11:44:00,429.25,429.31,429.1655,429.2901,209471
2023-09-28 11:45:00,429.29,429.32,429.13,429.2,236698
2023-09-28 11:46:00,429.2,429.37,429.19,429.21,191738
2023-09-28 11:47:00,429.2,429.31,429.15,429.2688,180681
2023-09-28 11:48:00,429.27,429.271,429.065,429.2183,257502
2023-09-28 11:49:00,429.22,429.33,429.18,429.32,119501
2023-09-28 11:50:00,429.32,429.43,429.27,429.39,313997
2023-09-28 11:51:00,429.395,429.525,429.31,429.35,253600
2023-09-28 11:52:00,429.34,429.528,429.325,429.52,153213
2023-09-28 11:53:00,429.51,429.59,429.42,429.55,270455
2023-09-28 11:54:00,429.57,429.615,429.51,429.58,180806
2023-09-28 11:55:00,429.58,429.61,429.34,429.35,306571
2023-09-28 11:56:00,429.359,429.42,429.24,429.34,249064
2023-09-28 11:57:00,429.34,429.38,429.2,429.24,225231
2023-09-28 11:58:00,429.24,429.46,429.235,429.39,179065
2023-09-28 11:59:00,429.39,429.5071,429.38,429.44,151402
2023-09-28 12:00:00,429.44,429.53,429.3826,429.48,163432
2023-09-28 12:01:00,429.49,429.5304,429.36,429.4,181431
2023-09-28 12:02:00,429.405,429.43,429.21,429.26,207590
2023-09-28 12:03:00,429.25,429.31,429.085,429.09,270418
2023-09-28 12:04:00,429.09,429.29,429.09,429.24,131050
2023-09-28 12:05:00,429.23,429.3,429.18,429.19,133875
2023-09-28 12:06:00,429.19,429.2401,428.99,429.1,152027
2023-09-28 12:07:00,429.1,429.23,429.06,429.11,117234
2023-09-28 12:08:00,429.105,429.25,429.06,429.23,282514
2023-09-28 12:09:00,429.22,429.28,429.1079,429.1201,71986
2023-09-28 12:10:00,429.125,429.19,429.065,429.09,147917
2023-09-28 12:11:00,429.09,429.24,429.0,429.01,133121
2023-09-28 12:12:00,429.0199,429.19,429.01,429.18,96577
2023-09-28 12:13:00,429.18,429.25,429.11,429.24,96414
2023-09-28 12:14:00,429.24,429.28,429.145,429.25,112839
2023-09-28 12:15:00,429.25,429.325,429.2,429.29,174560
2023-09-28 12:16:00,429.3,429.33,429.22,429.27,114346
2023-09-28 12:17:00,429.27,429.47,429.24,429.46,175521
2023-09-28 12:18:00,429.47,429.49,429.43,429.44,123040
2023-09-28 12:19:00,429.44,429.57,429.3401,429.565,160039
2023-09-28 12:20:00,429.56,429.6,429.3827,429.3827,161237
2023-09-28 12:21:00,429.38,429.51,429.3273,429.51,95451
2023-09-28 12:22:00,429.5,429.62,429.48,429.56,89405
2023-09-28 12:23:00,429.56,429.56,429.36,429.39,185265
2023-09-28 12:24:00,429.4,429.495,429.3804,429.421,91766
2023-09-28 12:25:00,429.43,429.55,429.41,429.4501,66241
2023-09-28 12:26:00,429.46,429.6907,429.45,429.6876,133151
2023-09-28 12:27:00,429.6799,429.94,429.665,429.9,272154
2023-09-28 12:28:00,429.89,430.2199,429.88,430.13,629742
2023-09-28 12:29:00,430.14,430.23,430.08,430.13,132456
2023-09-28 12:30:00,430.13,430.2499,430.09,430.14,177406
2023-09-28 12:31:00,430.15,430.159,429.87,429.91,306949
2023-09-28 12:32:00,429.905,429.9106,429.7601,429.78,210230
2023-09-28 12:33:00,429.79,429.825,429.55,429.63,187973
2023-09-28 12:34:00,429.63,429.76,429.62,429.76,106864
2023-09-28 12:35:00,429.7586,429.85,429.7,429.76,106041
2023-09-28 12:36:00,429.755,429.9038,429.74,429.89,136750
2023-09-28 12:37:00,429.89,429.905,429.74,429.85,141683
2023-09-28 12:38:00,429.85,429.96,429.85,429.95,103610
2023-09-28 12:39:00,429.9501,430.02,429.82,429.8236,120320
2023-09-28 12:40:00,429.875,429.97,429.85,429.925,122918
2023-09-28 12:41:00,429.93,430.055,429.93,430.04,86029
2023-09-28 12:42:00,430.04,430.06,429.97,430.03,59683
2023-09-28 12:43:00,430.0264,430.12,429.98,430.11,132247
2023-09-28 12:44:00,430.09,430.135,429.98,430.02,88965
2023-09-28 12:45:00,430.01,430.06,429.7701,429.8,86956
2023-09-28 12:46:00,429.79,429.81,429.65,429.6604,150384
2023-09-28 12:47:00,429.66,429.8,429.57,429.58,110489
2023-09-28 12:48:00,429.57,429.65,429.4,429.4,160342
2023-09-28 12:49:00,429.41,429.42,429.2001,429.21,112721
2023-09-28 12:50:00,429.21,429.4,429.2099,429.3884,209324
2023-09-28 12:51:00,429.395,429.435,429.22,429.23,106569
2023-09-28 12:52:00,429.235,429.39,429.21,429.285,87338
2023-09-28 12:53:00,429.28,429.28,429.1,429.105,209481
2023-09-28 12:54:00,429.11,429.12,428.62,428.62,429867
2023-09-28 12:55:00,428.62,428.845,428.57,428.61,344076
2023-09-28 12:56:00,428.6,428.97,428.6,428.915,251478
2023-09-28 12:57:00,428.925,429.0,428.88,428.91,120714
2023-09-28 12:58:00,428.89,429.07,428.8,429.0,106018
2023-09-28 12:59:00,429.005,429.05,428.858,428.92,90544
2023-09-28 13:00:00,428.94,429.0199,428.845,428.9211,98970
2023-09-28 13:01:00,428.94,429.23,428.91,428.98,187544
2023-09-28 13:02:00,428.99,429.055,428.8,428.93,216532
2023-09-28 13:03:00,428.93,428.97,428.765,428.81,79844
2023-09-28 13:04:00,428.82,428.85,428.59,428.6099,114721
2023-09-28 13:05:00,428.6199,428.64,428.29,428.47,199682
2023-09-28 13:06:00,428.48,428.5579,428.33,428.5401,109062
2023-09-28 13:07:00,428.57,428.88,428.51,428.85,177489
2023-09-28 13:08:00,428.85,429.02,428.82,429.0101,106437
2023-09-28 13:09:00,429.02,429.07,428.92,429.029,77622
2023-09-28 13:10:00,429.025,429.2,428.93,428.93,138677
2023-09-28 13:11:00,428.9301,429.06,428.87,428.94,83414
2023-09-28 13:12:00,428.935,428.94,428.78,428.919,85041
2023-09-28 13:13:00,428.92,428.985,428.85,428.945,81090
2023-09-28 13:14:00,428.96,429.06,428.925,428.99,89546
2023-09-28 13:15:00,428.995,429.05,428.93,428.97,91608
2023-09-28 13:16:00,428.96,428.99,428.84,428.98,90115
2023-09-28 13:17:00,428.97,429.0,428.7788,428.7903,47051
2023-09-28 13:18:00,428.79,428.84,428.74,428.83,104729
2023-09-28 13:19:00,428.85,428.9099,428.74,428.78,43065
2023-09-28 13:20:00,428.78,428.9103,428.74,428.88,59693
2023-09-28 13:21:00,428.86,429.03,428.82,429.0,74181
2023-09-28 13:22:00,429.0,429.27,428.9601,429.12,316808
2023-09-28 13:23:00,429.11,429.1182,428.965,429.03,54146
2023-09-28 13:24:00,429.08,429.18,429.04,429.17,58659
2023-09-28 13:25:00,429.16,429.17,428.84,428.9,240058
2023-09-28 13:26:00,428.9,429.0,428.85,428.855,89831
2023-09-28 13:27:00,428.85,428.88,428.73,428.7909,67199
2023-09-28 13:28:00,428.78,428.81,428.44,428.475,159268
2023-09-28 13:29:00,428.48,428.55,428.435,428.47,79432
2023-09-28 13:30:00,428.47,428.51,428.1,428.15,202829
2023-09-28 13:31:00,428.15,428.265,427.95,428.125,299631
2023-09-28 13:32:00,428.11,428.155,427.86,427.9,292581
2023-09-28 13:33:00,427.9,428.1,427.85,428.015,168654
2023-09-28 13:34:00,428.02,428.06,427.8685,427.895,97091
2023-09-28 13:35:00,427.9,428.06,427.83,428.06,151647
2023-09-28 13:36:00,428.05,428.3099,428.04,428.22,365239
2023-09-28 13:37:00,428.23,428.34,428.16,428.21,123785
2023-09-28 13:38:00,428.2299,428.3087,428.08,428.23,231103
2023-09-28 13:39:00,428.22,428.25,428.07,428.1519,43606
2023-09-28 13:40:00,428.18,428.22,427.81,427.88,212595
2023-09-28 13:41:00,427.87,427.995,427.8,427.95,98178
2023-09-28 13:42:00,427.9501,428.07,427.92,428.05,89489
2023-09-28 13:43:00,428.03,428.04,427.79,427.82,147343
2023-09-28 13:44:00,427.82,427.89,427.66,427.78,136295
2023-09-28 13:45:00,427.8,427.88,427.75,427.78,88423
2023-09-28 13:46:00,427.77,428.29,427.77,428.26,248215
2023-09-28 13:47:00,428.27,428.3601,428.2,428.315,118498
2023-09-28 13:48:00,428.31,428.34,428.15,428.23,87532
2023-09-28 13:49:00,428.23,428.4099,428.21,428.25,76762
2023-09-28 13:50:00,428.26,428.4,428.25,428.391,54267
2023-09-28 13:51:00,428.39,428.395,428.23,428.23,56435
2023-09-28 13:52:00,428.23,428.235,427.96,427.96,199499
2023-09-28 13:53:00,427.97,428.145,427.94,428.08,61858
2023-09-28 13:54:00,428.07,428.12,428.01,428.0999,26126
2023-09-28 13:55:00,428.09,428.1101,427.91,427.92,79412
2023-09-28 13:56:00,427.95,428.16,427.95,428.07,48950
2023-09-28 13:57:00,428.0797,428.195,428.07,428.195,20189
2023-09-28 13:58:00,428.19,428.21,428.03,428.06,46417
2023-09-28 13:59:00,428.058,428.17,427.98,428.155,83227
2023-09-28 14:00:00,428.17,428.225,427.98,428.05,123158
2023-09-28 14:01:00,428.075,428.1086,427.97,427.99,53098
2023-09-28 14:02:00,427.9989,428.24,427.98,428.17,81143
2023-09-28 14:03:00,428.1618,428.22,428.0,428.02,62211
2023-09-28 14:04:00,428.0,428.145,427.93,427.94,52049
2023-09-28 14:05:00,427.94,428.03,427.84,427.98,93638
2023-09-28 14:06:00,427.98,428.245,427.98,428.225,85108
2023-09-28 14:07:00,428.23,428.23,428.095,428.13,85325
2023-09-28 14:08:00,428.14,428.375,428.1324,428.375,281945
2023-09-28 14:09:00,428.38,428.425,428.26,428.37,118012
2023-09-28 14:10:00,428.37,428.4,428.14,428.145,90872
2023-09-28 14:11:00,428.13,428.3501,428.11,428.35,118174
2023-09-28 14:12:00,428.35,428.36,428.2,428.28,91722
2023-09-28 14:13:00,428.275,428.55,428.24,428.5399,86078
2023-09-28 14:14:00,428.5499,428.777,428.5498,428.74,289647
2023-09-28 14:15:00,428.75,428.845,428.69,428.78,168547
2023-09-28 14:16:00,428.776,429.01,428.765,428.95,109681
2023-09-28 14:17:00,428.94,428.94,428.82,428.86,70001
2023-09-28 14:18:00,428.84,428.99,428.83,428.9601,106105
2023-09-28 14:19:00,428.95,429.105,428.87,428.89,121272
2023-09-28 14:20:00,428.87,428.995,428.87,428.97,66082
2023-09-28 14:21:00,428.97,429.0,428.86,428.94,77526
2023-09-28 14:22:00,428.94,428.94,428.82,428.835,197635
2023-09-28 14:23:00,428.835,428.97,428.8,428.96,107952
2023-09-28 14:24:00,428.9525,428.97,428.64,428.675,91196
2023-09-28 14:25:00,428.669,428.8895,428.61,428.85,97798
2023-09-28 14:26:00,428.8501,429.01,428.75,428.82,91264
2023-09-28 14:27:00,428.815,428.98,428.8101,428.89,55442
2023-09-28 14:28:00,428.9,429.045,428.89,428.985,84461
2023-09-28 14:29:00,428.98,428.9976,428.81,428.85,48320
2023-09-28 14:30:00,428.87,428.91,428.7,428.775,95994
2023-09-28 14:31:00,428.775,428.83,428.64,428.64,63215
2023-09-28 14:32:00,428.635,428.85,428.63,428.8,131664
2023-09-28 14:33:00,428.765,428.83,428.685,428.69,32401
2023-09-28 14:34:00,428.7,428.71,428.1,428.1,195837
2023-09-28 14:35:00,428.095,428.115,427.79,427.82,310825
2023-09-28 14:36:00,427.82,427.84,427.48,427.5018,408900
2023-09-28 14:37:00,427.49,427.99,427.47,427.9301,304347
2023-09-28 14:38:00,427.935,427.99,427.815,427.99,251253
2023-09-28 14:39:00,427.985,428.06,427.91,427.94,181990
2023-09-28 14:40:00,427.93,428.0399,427.79,427.85,81697
2023-09-28 14:41:00,427.86,427.99,427.84,427.875,100866
2023-09-28 14:42:00,427.88,428.21,427.88,428.21,85352
2023-09-28 14:43:00,428.2199,428.395,428.095,428.38,95341
2023-09-28 14:44:00,428.38,428.48,428.15,428.15,127693
2023-09-28 14:45:00,428.15,428.235,428.03,428.22,89321
2023-09-28 14:46:00,428.215,428.27,428.065,428.07,67945
2023-09-28 14:47:00,428.08,428.11,427.86,427.93,209235
2023-09-28 14:48:00,427.92,428.01,427.85,427.91,69011
2023-09-28 14:49:00,427.915,428.02,427.76,427.86,100261
2023-09-28 14:50:00,427.88,428.1192,427.85,428.03,64299
2023-09-28 14:51:00,428.08,428.1,427.89,427.99,67305
2023-09-28 14:52:00,427.985,428.055,427.88,427.925,59317
2023-09-28 14:53:00,427.93,427.93,427.66,427.715,113676
2023-09-28 14:54:00,427.71,427.94,427.7,427.94,82280
2023-09-28 14:55:00,427.95,427.98,427.81,427.83,78379
2023-09-28 14:56:00,427.8391,428.14,427.76,428.1199,97725
2023-09-28 14:57:00,428.13,428.16,427.99,428.03,85133
2023-09-28 14:58:00,428.025,428.13,427.91,428.08,63924
2023-09-28 14:59:00,428.05,428.39,428.03,428.385,119941
2023-09-28 15:00:00,428.39,428.52,428.28,428.3,169500
2023-09-28 15:01:00,428.3,428.365,428.241,428.29,44072
2023-09-28 15:02:00,428.29,428.51,428.28,428.49,120360
2023-09-28 15:03:00,428.49,428.59,428.42,428.51,237293
2023-09-28 15:04:00,428.52,428.62,428.435,428.57,70770
2023-09-28 15:05:00,428.59,428.73,428.57,428.63,121248
2023-09-28 15:06:00,428.64,428.67,428.47,428.49,109262
2023-09-28 15:07:00,428.49,428.55,428.32,428.46,217267
2023-09-28 15:08:00,428.46,428.57,428.38,428.55,58122
2023-09-28 15:09:00,428.55,428.6,428.43,428.58,64442
2023-09-28 15:10:00,428.585,428.84,428.545,428.6763,76359
2023-09-28 15:11:00,428.68,428.82,428.68,428.74,59951
2023-09-28 15:12:00,428.74,428.96,428.71,428.94,162509
2023-09-28 15:13:00,428.93,428.94,428.725,428.78,93605
2023-09-28 15:14:00,428.765,429.01,428.75,428.9834,157152
2023-09-28 15:15:00,428.97,429.18,428.96,429.18,130784
2023-09-28 15:16:00,429.17,429.35,429.16,429.28,266664
2023-09-28 15:17:00,429.28,429.43,429.25,429.405,103268
2023-09-28 15:18:00,429.4,429.45,429.33,429.4301,110096
2023-09-28 15:19:00,429.44,429.48,429.31,429.33,142898
2023-09-28 15:20:00,429.33,429.39,429.27,429.365,115354
2023-09-28 15:21:00,429.37,429.4199,429.28,429.3,121199
2023-09-28 15:22:00,429.29,429.4699,429.26,429.37,141532
2023-09-28 15:23:00,429.38,429.47,429.37,429.47,57273
2023-09-28 15:24:00,429.47,429.54,429.45,429.53,110867
2023-09-28 15:25:00,429.565,429.735,429.5201,429.71,166568
2023-09-28 15:26:00,429.73,429.765,429.62,429.67,153778
2023-09-28 15:27:00,429.67,429.725,429.61,429.7,136061
2023-09-28 15:28:00,429.69,429.76,429.62,429.71,95042
2023-09-28 15:29:00,429.71,429.73,429.665,429.69,85890
2023-09-28 15:30:00,429.695,429.76,429.4,429.4425,196628
2023-09-28 15:31:00,429.45,429.46,429.1599,429.24,201261
2023-09-28 15:32:00,429.25,429.28,429.11,429.27,224154
2023-09-28 15:33:00,429.275,429.29,429.0499,429.17,158043
2023-09-28 15:34:00,429.165,429.185,429.04,429.04,126577
2023-09-28 15:35:00,429.05,429.055,428.9,428.93,210110
2023-09-28 15:36:00,428.945,428.97,428.49,428.59,326100
2023-09-28 15:37:00,428.59,428.59,428.28,428.3001,353773
2023-09-28 15:38:00,428.31,428.32,428.1,428.12,382960
2023-09-28 15:39:00,428.13,428.27,428.03,428.055,178399
2023-09-28 15:40:00,428.06,428.38,427.975,428.33,256780
2023-09-28 15:41:00,428.3301,428.375,428.24,428.28,181789
2023-09-28 15:42:00,428.285,428.37,428.22,428.33,235849
2023-09-28 15:43:00,428.34,428.365,428.07,428.28,205658
2023-09-28 15:44:00,428.2801,428.51,428.22,428.445,241119
2023-09-28 15:45:00,428.49,428.5878,428.35,428.37,245373
2023-09-28 15:46:00,428.38,428.679,428.375,428.625,310789
2023-09-28 15:47:00,428.62,428.625,428.165,428.195,219877
2023-09-28 15:48:00,428.2,428.205,428.005,428.03,254905
2023-09-28 15:49:00,428.04,428.13,427.97,428.09,264344
2023-09-28 15:50:00,428.09,428.505,428.01,428.435,470230
2023-09-28 15:51:00,428.44,428.505,428.09,428.32,329328
2023-09-28 15:52:00,428.34,428.415,428.25,428.37,223425
2023-09-28 15:53:00,428.37,428.46,428.28,428.3001,192011
2023-09-28 15:54:00,428.3,428.34,428.02,428.245,360437
2023-09-28 15:55:00,428.24,428.65,428.21,428.51,566521
2023-09-28 15:56:00,428.515,428.66,428.4,428.6198,440264
2023-09-28 15:57:00,428.61,428.61,428.41,428.45,394380
2023-09-28 15:58:00,428.46,428.585,428.405,428.54,536244
2023-09-28 15:59:00,428.54,428.69,428.25,428.53,1723999
2023-09-29 09:30:00,431.69,431.85,431.2,431.2,1050293
2023-09-29 09:31:00,431.21,431.48,431.18,431.248,465978
2023-09-29 09:32:00,431.25,431.29,431.04,431.17,281624
2023-09-29 09:33:00,431.18,431.26,431.08,431.11,273129
2023-09-29 09:34:00,431.1,431.18,430.94,431.15,266773
2023-09-29 09:35:00,431.15,431.39,431.14,431.1638,232794
2023-09-29 09:36:00,431.165,431.38,430.9713,431.05,278608
2023-09-29 09:37:00,431.02,431.25,430.94,431.0705,163891
2023-09-29 09:38:00,431.09,431.19,430.97,431.12,235959
2023-09-29 09:39:00,431.14,431.3632,431.115,431.278,231785
2023-09-29 09:40:00,431.28,431.305,430.77,430.85,313739
2023-09-29 09:41:00,430.84,430.97,430.73,430.95,245402
2023-09-29 09:42:00,430.94,431.18,430.88,430.95,348448
2023-09-29 09:43:00,430.97,431.21,430.88,430.94,218931
2023-09-29 09:44:00,430.92,430.95,430.77,430.91,127179
2023-09-29 09:45:00,430.96,431.19,430.83,431.05,203199
2023-09-29 09:46:00,431.04,431.04,430.57,430.585,302246
2023-09-29 09:47:00,430.59,430.86,430.57,430.65,241382
2023-09-29 09:48:00,430.66,431.215,430.63,430.94,406858
2023-09-29 09:49:00,430.93,431.0085,430.8,430.83,154593
2023-09-29 09:50:00,430.82,430.94,430.74,430.7699,244695
2023-09-29 09:51:00,430.76,430.91,430.73,430.81,180934
2023-09-29 09:52:00,430.82,431.08,430.7359,430.91,161936
2023-09-29 09:53:00,430.905,431.09,430.89,430.985,192415
2023-09-29 09:54:00,430.99,431.195,430.92,431.1399,201013
2023-09-29 09:55:00,431.128,431.3,430.96,431.1804,412034
2023-09-29 09:56:00,431.19,431.32,431.08,431.26,136774
2023-09-29 09:57:00,431.255,431.41,431.22,431.29,135799
2023-09-29 09:58:00,431.299,431.559,431.299,431.44,234097
2023-09-29 09:59:00,431.44,431.55,431.34,431.39,182471
2023-09-29 10:00:00,431.41,431.76,431.41,431.69,395648
2023-09-29 10:01:00,431.7,431.7209,431.53,431.605,198388
2023-09-29 10:02:00,431.605,431.74,431.55,431.6201,220861
2023-09-29 10:03:00,431.63,431.68,431.41,431.435,208362
2023-09-29 10:04:00,431.47,431.58,431.395,431.5099,232501
2023-09-29 10:05:00,431.51,431.53,431.32,431.45,211865
2023-09-29 10:06:00,431.445,431.46,431.105,431.14,272980
2023-09-29 10:07:00,431.14,431.15,430.95,431.0602,221253
2023-09-29 10:08:00,431.07,431.24,431.05,431.23,297125
2023-09-29 10:09:00,431.22,431.2999,431.1,431.13,126060
2023-09-29 10:10:00,431.13,431.26,431.06,431.2,174624
2023-09-29 10:11:00,431.185,431.3,431.1417,431.24,132705
2023-09-29 10:12:00,431.22,431.26,431.09,431.1995,134375
2023-09-29 10:13:00,431.21,431.265,430.72,430.77,386410
2023-09-29 10:14:00,430.765,430.9901,430.73,430.93,143259
2023-09-29 10:15:00,430.93,431.07,430.865,430.96,211529
2023-09-29 10:16:00,430.965,431.005,430.78,430.78,193455
2023-09-29 10:17:00,430.77,430.85,430.66,430.85,178859
2023-09-29 10:18:00,430.845,430.88,430.69,430.6999,113555
2023-09-29 10:19:00,430.69,430.83,430.6,430.83,121882
2023-09-29 10:20:00,430.83,430.98,430.72,430.91,126122
2023-09-29 10:21:00,430.92,430.94,430.665,430.675,101755
2023-09-29 10:22:00,430.67,430.685,430.54,430.6,124802
2023-09-29 10:23:00,430.61,430.61,430.33,430.4799,319621
2023-09-29 10:24:00,430.47,430.47,430.07,430.11,294126
2023-09-29 10:25:00,430.11,430.26,430.04,430.085,303840
2023-09-29 10:26:00,430.1,430.63,430.045,430.57,456586
2023-09-29 10:27:00,430.59,430.65,430.18,430.18,238069
2023-09-29 10:28:00,430.19,430.31,430.1519,430.25,216904
2023-09-29 10:29:00,430.25,430.38,430.23,430.34,103595
2023-09-29 10:30:00,430.35,430.525,430.29,430.45,187724
2023-09-29 10:31:00,430.46,430.725,430.4,430.71,194650
2023-09-29 10:32:00,430.7001,430.81,430.63,430.8079,247757
2023-09-29 10:33:00,430.8087,430.845,430.67,430.81,120348
2023-09-29 10:34:00,430.82,430.8291,430.65,430.74,114435
2023-09-29 10:35:00,430.75,430.86,430.53,430.585,147823
2023-09-29 10:36:00,430.585,430.7,430.48,430.59,130944
2023-09-29 10:37:00,430.61,430.74,430.52,430.71,134477
2023-09-29 10:38:00,430.72,430.77,430.53,430.549,137431
2023-09-29 10:39:00,430.545,430.79,430.54,430.68,115002
2023-09-29 10:40:00,430.66,430.69,430.585,430.64,134929
2023-09-29 10:41:00,430.678,430.75,430.585,430.62,102879
2023-09-29 10:42:00,430.63,430.655,430.49,430.59,67572
2023-09-29 10:43:00,430.59,430.6,430.4,430.53,106588
2023-09-29 10:44:00,430.53,430.79,430.53,430.74,99208
2023-09-29 10:45:00,430.74,431.09,430.68,431.05,168067
2023-09-29 10:46:00,431.04,431.08,430.87,430.96,133255
2023-09-29 10:47:00,430.96,431.1,430.925,430.96,97467
2023-09-29 10:48:00,430.96,431.02,430.835,430.95,70196
2023-09-29 10:49:00,430.94,431.06,430.93,431.0279,69163
2023-09-29 10:50:00,431.03,431.12,430.97,430.97,96313
2023-09-29 10:51:00,430.95,431.01,430.821,430.87,96221
2023-09-29 10:52:00,430.86,430.94,430.71,430.71,99916
2023-09-29 10:53:00,430.7,431.029,430.655,430.99,280278
2023-09-29 10:54:00,431.0,431.3,430.96,431.22,201069
2023-09-29 10:55:00,431.215,431.225,430.92,430.92,94375
2023-09-29 10:56:00,430.9206,430.97,430.48,430.49,197127
2023-09-29 10:57:00,430.481,430.54,430.44,430.48,122591
2023-09-29 10:58:00,430.4701,430.7099,430.47,430.535,105399
2023-09-29 10:59:00,430.54,430.62,430.5,430.5408,48348
2023-09-29 11:00:00,430.56,430.73,430.47,430.4805,120016
2023-09-29 11:01:00,430.485,430.69,430.415,430.49,89392
2023-09-29 11:02:00,430.48,430.52,430.25,430.405,156469
2023-09-29 11:03:00,430.4,430.475,430.25,430.26,153857
2023-09-29 11:04:00,430.25,430.3099,430.12,430.16,151422
2023-09-29 11:05:00,430.17,430.18,429.93,430.07,166448
2023-09-29 11:06:00,430.06,430.23,429.94,430.1987,158465
2023-09-29 11:07:00,430.18,430.36,430.09,430.31,252098
2023-09-29 11:08:00,430.315,430.43,430.23,430.3699,196398
2023-09-29 11:09:00,430.36,430.385,430.16,430.268,131689
2023-09-29 11:10:00,430.27,430.42,430.23,430.39,113037
2023-09-29 11:11:00,430.38,430.41,430.28,430.32,83778
2023-09-29 11:12:00,430.3,430.56,430.3,430.53,122978
2023-09-29 11:13:00,430.53,430.57,430.43,430.535,107829
2023-09-29 11:14:00,430.53,430.53,430.29,430.34,69995
2023-09-29 11:15:00,430.33,430.34,430.165,430.22,290105
2023-09-29 11:16:00,430.21,430.3099,430.2099,430.22,80772
2023-09-29 11:17:00,430.229,430.36,430.22,430.3095,76210
2023-09-29 11:18:00,430.31,430.44,430.2716,430.4,47690
2023-09-29 11:19:00,430.399,430.545,430.39,430.45,83861
2023-09-29 11:20:00,430.45,430.68,430.43,430.665,98234
2023-09-29 11:21:00,430.68,430.85,430.59,430.611,193242
2023-09-29 11:22:00,430.61,430.78,430.57,430.78,88981
2023-09-29 11:23:00,430.78,431.325,430.76,431.24,440043
2023-09-29 11:24:00,431.25,431.36,431.165,431.23,179837
2023-09-29 11:25:00,431.22,431.25,431.141,431.17,141690
2023-09-29 11:26:00,431.175,431.1789,430.83,430.85,307750
2023-09-29 11:27:00,430.84,430.84,430.525,430.535,174363
2023-09-29 11:28:00,430.52,430.52,430.281,430.395,160353
2023-09-29 11:29:00,430.36,430.36,429.97,429.99,198015
2023-09-29 11:30:00,430.01,430.165,429.87,430.1401,277141
2023-09-29 11:31:00,430.14,430.18,430.0,430.09,145047
2023-09-29 11:32:00,430.08,430.2095,430.0,430.11,111150
2023-09-29 11:33:00,430.11,430.13,429.89,429.9,155705
2023-09-29 11:34:00,429.93,429.93,429.56,429.6199,236352
2023-09-29 11:35:00,429.605,429.83,429.5,429.625,196605
2023-09-29 11:36:00,429.64,429.7,429.47,429.66,178908
2023-09-29 11:37:00,429.66,429.7,429.365,429.4,143891
2023-09-29 11:38:00,429.39,429.4,429.1,429.28,230821
2023-09-29 11:39:00,429.28,429.47,429.25,429.33,189274
2023-09-29 11:40:00,429.35,429.49,429.26,429.45,164547
2023-09-29 11:41:00,429.45,429.67,429.26,429.5499,339795
2023-09-29 11:42:00,429.54,429.7,429.315,429.33,255159
2023-09-29 11:43:00,429.325,429.33,429.09,429.21,208741
2023-09-29 11:44:00,429.2,429.31,429.15,429.2904,90289
2023-09-29 11:45:00,429.3,429.44,429.22,429.25,159912
2023-09-29 11:46:00,429.24,429.28,429.085,429.205,75956
2023-09-29 11:47:00,429.2,429.3413,429.19,429.2438,95343
2023-09-29 11:48:00,429.24,429.3299,429.18,429.2183,46128
2023-09-29 11:49:00,429.19,429.19,429.02,429.12,123329
2023-09-29 11:50:00,429.11,429.229,429.05,429.19,81008
2023-09-29 11:51:00,429.18,429.309,429.0,429.27,120917
2023-09-29 11:52:00,429.275,429.32,429.14,429.1701,90559
2023-09-29 11:53:00,429.17,429.17,428.635,428.71,342186
2023-09-29 11:54:00,428.702,429.0221,428.66,428.97,255129
2023-09-29 11:55:00,428.97,429.11,428.89,429.0477,205613
2023-09-29 11:56:00,429.065,429.33,429.055,429.25,262770
2023-09-29 11:57:00,429.25,429.3,429.16,429.26,154559
2023-09-29 11:58:00,429.25,429.38,429.19,429.3,111457
2023-09-29 11:59:00,429.3,429.31,429.14,429.23,61967
2023-09-29 12:00:00,429.23,429.25,429.07,429.2,89711
2023-09-29 12:01:00,429.1799,429.1799,428.94,429.04,93403
2023-09-29 12:02:00,429.05,429.17,428.96,429.005,73133
2023-09-29 12:03:00,429.01,429.0899,428.94,429.03,110693
2023-09-29 12:04:00,429.04,429.29,429.01,429.25,82485
2023-09-29 12:05:00,429.26,429.41,429.13,429.405,50567
2023-09-29 12:06:00,429.3975,429.63,429.3899,429.4882,203725
2023-09-29 12:07:00,429.48,429.6386,429.44,429.63,87172
2023-09-29 12:08:00,429.63,429.6478,429.52,429.5499,93202
2023-09-29 12:09:00,429.54,429.65,429.45,429.475,61702
2023-09-29 12:10:00,429.42,429.67,429.33,429.57,140687
2023-09-29 12:11:00,429.58,429.68,429.56,429.62,139341
2023-09-29 12:12:00,429.61,429.67,429.48,429.49,99968
2023-09-29 12:13:00,429.49,429.53,428.8,428.8,323363
2023-09-29 12:14:00,428.81,428.9704,428.72,428.8699,185758
2023-09-29 12:15:00,428.86,428.93,428.72,428.75,140863
2023-09-29 12:16:00,428.74,428.99,428.66,428.945,164933
2023-09-29 12:17:00,428.94,429.18,428.93,429.1301,201733
2023-09-29 12:18:00,429.1193,429.31,429.055,429.2999,71214
2023-09-29 12:19:00,429.28,429.37,429.2126,429.33,76180
2023-09-29 12:20:00,429.32,429.44,429.28,429.4001,86877
2023-09-29 12:21:00,429.4,429.62,429.305,429.62,152473
2023-09-29 12:22:00,429.585,429.74,429.585,429.72,207237
2023-09-29 12:23:00,429.7201,429.75,429.43,429.48,218276
2023-09-29 12:24:00,429.48,429.52,429.39,429.4,86156
2023-09-29 12:25:00,429.39,429.61,429.3401,429.5699,55268
2023-09-29 12:26:00,429.56,429.66,429.47,429.51,55689
2023-09-29 12:27:00,429.52,429.61,429.415,429.4899,60979
2023-09-29 12:28:00,429.49,429.49,429.3199,429.43,62871
2023-09-29 12:29:00,429.435,429.53,429.305,429.41,47725
2023-09-29 12:30:00,429.43,429.51,429.3,429.49,65753
2023-09-29 12:31:00,429.485,429.57,429.465,429.5203,68844
2023-09-29 12:32:00,429.5,429.595,429.32,429.44,114164
2023-09-29 12:33:00,429.425,429.46,429.1,429.125,134193
2023-09-29 12:34:00,429.13,429.38,429.1,429.3381,190794
2023-09-29 12:35:00,429.33,429.46,429.28,429.42,81086
2023-09-29 12:36:00,429.4002,429.56,429.395,429.535,71901
2023-09-29 12:37:00,429.53,429.56,429.45,429.52,101438
2023-09-29 12:38:00,429.51,429.57,429.25,429.27,58646
2023-09-29 12:39:00,429.27,429.27,429.1,429.1635,78153
2023-09-29 12:40:00,429.16,429.43,429.09,429.4,93725
2023-09-29 12:41:00,429.41,429.5,429.34,429.4,74914
2023-09-29 12:42:00,429.4,429.42,429.04,429.0412,84672
2023-09-29 12:43:00,429.045,429.13,428.925,428.93,94104
2023-09-29 12:44:00,428.93,429.03,428.88,428.95,147464
2023-09-29 12:45:00,428.95,429.265,428.93,429.07,222929
2023-09-29 12:46:00,429.11,429.34,429.105,429.2,111194
2023-09-29 12:47:00,429.2,429.2,428.78,428.93,142307
2023-09-29 12:48:00,428.92,428.92,428.36,428.37,236860
2023-09-29 12:49:00,428.36,428.7,428.35,428.53,258904
2023-09-29 12:50:00,428.55,428.62,428.42,428.4201,120447
2023-09-29 12:51:00,428.43,428.49,428.225,428.3699,151080
2023-09-29 12:52:00,428.36,428.37,428.0305,428.06,227281
2023-09-29 12:53:00,428.065,428.255,428.05,428.195,205464
2023-09-29 12:54:00,428.2,428.23,427.89,427.92,199783
2023-09-29 12:55:00,427.925,428.105,427.915,428.02,147446
2023-09-29 12:56:00,428.015,428.22,427.96,428.2,242689
2023-09-29 12:57:00,428.2,428.28,428.12,428.1299,164380
2023-09-29 12:58:00,428.1499,428.25,428.0,428.08,145313
2023-09-29 12:59:00,428.08,428.25,428.08,428.2201,114513
2023-09-29 13:00:00,428.23,428.24,427.83,427.86,182098
2023-09-29 13:01:00,427.86,427.93,427.54,427.61,266430
2023-09-29 13:02:00,427.6,427.6,427.295,427.48,307634
2023-09-29 13:03:00,427.475,427.59,427.35,427.425,142764
2023-09-29 13:04:00,427.43,427.59,427.4,427.55,200343
2023-09-29 13:05:00,427.535,427.555,427.14,427.14,189700
2023-09-29 13:06:00,427.14,427.22,427.0,427.0296,278149
2023-09-29 13:07:00,427.025,427.14,426.95,426.99,168831
2023-09-29 13:08:00,427.0,427.04,426.72,426.885,365944
2023-09-29 13:09:00,426.89,427.14,426.89,426.965,191961
2023-09-29 13:10:00,426.97,427.125,426.95,427.05,214538
2023-09-29 13:11:00,427.03,427.16,426.99,427.03,121716
2023-09-29 13:12:00,427.015,427.015,426.76,426.88,236297
2023-09-29 13:13:00,426.87,426.87,426.66,426.7,175719
2023-09-29 13:14:00,426.685,426.835,426.631,426.8,137663
2023-09-29 13:15:00,426.79,426.91,426.6301,426.67,287444
2023-09-29 13:16:00,426.66,426.83,426.58,426.75,118754
2023-09-29 13:17:00,426.74,427.02,426.72,426.88,218123
2023-09-29 13:18:00,426.865,426.865,426.5,426.549,215644
2023-09-29 13:19:00,426.56,426.85,426.55,426.75,112052
2023-09-29 13:20:00,426.75,427.08,426.73,427.0693,180233
2023-09-29 13:21:00,427.07,427.08,426.885,427.07,166377
2023-09-29 13:22:00,427.07,427.16,426.945,427.02,186574
2023-09-29 13:23:00,427.01,427.04,426.81,427.0,99612
2023-09-29 13:24:00,426.99,427.04,426.92,426.96,136292
2023-09-29 13:25:00,426.9603,427.25,426.96,427.1,156754
2023-09-29 13:26:00,427.09,427.45,427.08,427.435,177019
2023-09-29 13:27:00,427.44,427.57,427.35,427.55,225839
2023-09-29 13:28:00,427.55,427.59,427.3,427.42,187970
2023-09-29 13:29:00,427.43,427.52,427.39,427.5,58896
2023-09-29 13:30:00,427.495,427.59,427.36,427.5497,126433
2023-09-29 13:31:00,427.54,427.68,427.49,427.625,113409
2023-09-29 13:32:00,427.62,427.65,427.46,427.52,162529
2023-09-29 13:33:00,427.5218,427.5786,427.21,427.225,268745
2023-09-29 13:34:00,427.22,427.31,427.165,427.26,221862
2023-09-29 13:35:00,427.26,427.49,427.2,427.49,88535
2023-09-29 13:36:00,427.48,427.49,427.18,427.19,94023
2023-09-29 13:37:00,427.18,427.34,427.11,427.25,104059
2023-09-29 13:38:00,427.26,427.43,427.22,427.22,87715
2023-09-29 13:39:00,427.23,427.3885,427.19,427.32,73523
2023-09-29 13:40:00,427.32,427.36,427.16,427.18,103975
2023-09-29 13:41:00,427.18,427.49,427.18,427.3,65551
2023-09-29 13:42:00,427.305,427.55,427.29,427.55,253728
2023-09-29 13:43:00,427.56,427.6484,427.51,427.56,138624
2023-09-29 13:44:00,427.56,427.65,427.43,427.48,178986
2023-09-29 13:45:00,427.46,427.58,427.32,427.35,192817
2023-09-29 13:46:00,427.35,427.455,427.24,427.44,159126
2023-09-29 13:47:00,427.43,427.47,427.27,427.28,47101
2023-09-29 13:48:00,427.28,427.28,426.88,427.04,228491
2023-09-29 13:49:00,427.0499,427.07,426.73,426.87,202517
2023-09-29 13:50:00,426.8518,426.93,426.68,426.76,176717
2023-09-29 13:51:00,426.755,426.86,426.685,426.6999,95150
2023-09-29 13:52:00,426.695,426.75,426.55,426.56,135524
2023-09-29 13:53:00,426.57,427.02,426.55,427.02,240966
2023-09-29 13:54:00,427.04,427.139,426.7,426.705,212766
2023-09-29 13:55:00,426.71,426.85,426.68,426.785,149121
2023-09-29 13:56:00,426.78,426.9799,426.73,426.835,128209
2023-09-29 13:57:00,426.83,426.87,426.54,426.57,209690
2023-09-29 13:58:00,426.57,426.58,426.18,426.2103,263205
2023-09-29 13:59:00,426.22,426.31,426.17,426.17,129184
2023-09-29 14:00:00,426.17,426.37,426.145,426.215,189313
2023-09-29 14:01:00,426.21,426.26,426.03,426.12,265503
2023-09-29 14:02:00,426.1183,426.205,426.02,426.065,417752
2023-09-29 14:03:00,426.06,426.44,426.01,426.35,264028
2023-09-29 14:04:00,426.35,426.59,426.34,426.5595,258562
2023-09-29 14:05:00,426.555,426.74,426.37,426.38,206394
2023-09-29 14:06:00,426.38,426.57,426.27,426.4303,169197
2023-09-29 14:07:00,426.43,426.5711,426.37,426.54,149436
2023-09-29 14:08:00,426.54,426.58,426.365,426.409,242107
2023-09-29 14:09:00,426.42,426.51,426.28,426.315,196015
2023-09-29 14:10:00,426.33,426.49,426.22,426.29,232905
2023-09-29 14:11:00,426.2995,426.5,426.29,426.4,126879
2023-09-29 14:12:00,426.41,426.62,426.38,426.4399,110763
2023-09-29 14:13:00,426.44,426.6099,426.41,426.52,108704
2023-09-29 14:14:00,426.51,426.6574,426.45,426.48,121278
2023-09-29 14:15:00,426.48,426.61,426.44,426.47,103337
2023-09-29 14:16:00,426.48,426.6652,426.44,426.6,136816
2023-09-29 14:17:00,426.59,426.59,426.15,426.17,146128
2023-09-29 14:18:00,426.18,426.3521,426.17,426.21,91730
2023-09-29 14:19:00,426.2,426.41,426.2,426.31,84948
2023-09-29 14:20:00,426.32,426.6,426.27,426.56,269890
2023-09-29 14:21:00,426.56,426.58,426.42,426.44,113152
2023-09-29 14:22:00,426.44,426.5,426.269,426.47,257334
2023-09-29 14:23:00,426.48,426.73,426.34,426.66,249410
2023-09-29 14:24:00,426.65,426.8799,426.58,426.805,166219
2023-09-29 14:25:00,426.815,427.03,426.815,426.95,203957
2023-09-29 14:26:00,426.96,427.12,426.89,427.04,266267
2023-09-29 14:27:00,427.04,427.11,426.84,426.87,147467
2023-09-29 14:28:00,426.86,427.0,426.52,426.565,316538
2023-09-29 14:29:00,426.57,426.57,426.16,426.26,323178
2023-09-29 14:30:00,426.27,426.42,426.16,426.3009,215914
2023-09-29 14:31:00,426.305,426.45,426.305,426.37,108581
2023-09-29 14:32:00,426.365,426.38,425.99,426.07,273171
2023-09-29 14:33:00,426.07,426.22,425.91,426.14,359376
2023-09-29 14:34:00,426.15,426.49,426.09,426.355,264915
2023-09-29 14:35:00,426.35,426.55,426.29,426.52,171358
2023-09-29 14:36:00,426.55,426.55,426.29,426.4099,178583
2023-09-29 14:37:00,426.41,426.44,426.3,426.36,88906
2023-09-29 14:38:00,426.365,426.41,426.24,426.24,109734
2023-09-29 14:39:00,426.23,426.49,426.14,426.4218,331649
2023-09-29 14:40:00,426.425,426.64,426.375,426.6394,140672
2023-09-29 14:41:00,426.63,426.78,426.58,426.605,128641
2023-09-29 14:42:00,426.65,426.87,426.6201,426.83,159431
2023-09-29 14:43:00,426.84,427.17,426.77,427.165,212786
2023-09-29 14:44:00,427.17,427.32,427.09,427.16,203154
2023-09-29 14:45:00,427.15,427.25,427.06,427.155,138066
2023-09-29 14:46:00,427.15,427.2099,427.02,427.16,152211
2023-09-29 14:47:00,427.1596,427.185,426.98,427.07,115511
2023-09-29 14:48:00,427.07,427.12,426.83,426.895,260629
2023-09-29 14:49:00,426.91,427.0,426.87,426.89,110042
2023-09-29 14:50:00,426.89,427.05,426.79,426.8,126123
2023-09-29 14:51:00,426.8,426.885,426.735,426.7699,129983
2023-09-29 14:52:00,426.78,426.91,426.77,426.795,87760
2023-09-29 14:53:00,426.79,426.98,426.76,426.93,248336
2023-09-29 14:54:00,426.925,427.16,426.86,427.15,183739
2023-09-29 14:55:00,427.135,427.59,427.12,427.54,240106
2023-09-29 14:56:00,427.55,427.6689,427.505,427.625,232264
2023-09-29 14:57:00,427.635,428.145,427.635,428.145,493165
2023-09-29 14:58:00,428.14,428.19,427.93,428.0085,309791
2023-09-29 14:59:00,428.01,428.23,427.95,428.21,271148
2023-09-29 15:00:00,428.21,428.47,428.18,428.292,387924
2023-09-29 15:01:00,428.2987,428.46,428.2206,428.34,248539
2023-09-29 15:02:00,428.35,428.46,428.26,428.35,215181
2023-09-29 15:03:00,428.35,428.35,427.575,427.61,562779
2023-09-29 15:04:00,427.62,427.68,427.275,427.52,284084
2023-09-29 15:05:00,427.525,427.79,427.5,427.629,289833
2023-09-29 15:06:00,427.63,427.87,427.63,427.79,359332
2023-09-29 15:07:00,427.78,427.845,427.615,427.72,114534
2023-09-29 15:08:00,427.72,428.01,427.72,427.79,239177
2023-09-29 15:09:00,427.79,427.85,427.47,427.53,278830
2023-09-29 15:10:00,427.52,427.6,427.335,427.525,274525
2023-09-29 15:11:00,427.5299,427.71,427.39,427.705,390607
2023-09-29 15:12:00,427.74,427.89,427.67,427.885,324275
2023-09-29 15:13:00,427.88,428.29,427.87,428.1599,366804
2023-09-29 15:14:00,428.15,428.15,427.73,427.82,432149
2023-09-29 15:15:00,427.81,428.08,427.78,427.96,374467
2023-09-29 15:16:00,427.96,427.98,427.71,427.79,250167
2023-09-29 15:17:00,427.8,427.9099,427.65,427.75,159568
2023-09-29 15:18:00,427.745,428.2,427.74,428.12,264084
2023-09-29 15:19:00,428.13,428.17,427.88,427.92,107701
2023-09-29 15:20:00,427.9,427.95,427.68,427.7299,230909
2023-09-29 15:21:00,427.73,427.875,427.62,427.66,191865
2023-09-29 15:22:00,427.67,427.77,427.555,427.69,215801
2023-09-29 15:23:00,427.7,427.84,427.535,427.7,154969
2023-09-29 15:24:00,427.69,427.76,427.5,427.5499,123410
2023-09-29 15:25:00,427.56,427.6,427.39,427.52,148968
2023-09-29 15:26:00,427.5,427.55,427.12,427.19,256468
2023-09-29 15:27:00,427.17,427.35,427.08,427.19,116989
2023-09-29 15:28:00,427.215,427.74,427.215,427.675,206864
2023-09-29 15:29:00,427.66,427.72,427.52,427.58,217280
2023-09-29 15:30:00,427.59,427.6942,427.26,427.305,293147
2023-09-29 15:31:00,427.325,427.45,427.21,427.31,267268
2023-09-29 15:32:00,427.3,427.51,427.165,427.31,374621
2023-09-29 15:33:00,427.3,427.33,427.09,427.145,226837
2023-09-29 15:34:00,427.145,427.22,427.035,427.05,162192
2023-09-29 15:35:00,427.07,427.1298,426.88,427.115,233671
2023-09-29 15:36:00,427.115,427.29,427.05,427.06,353820
2023-09-29 15:37:00,427.08,427.46,427.08,427.37,149164
2023-09-29 15:38:00,427.379,427.44,427.24,427.3103,206221
2023-09-29 15:39:00,427.28,427.57,427.13,427.46,270193
2023-09-29 15:40:00,427.46,427.535,427.34,427.5,182202
2023-09-29 15:41:00,427.49,427.54,427.02,427.05,232528
2023-09-29 15:42:00,427.05,427.26,427.02,427.18,174906
2023-09-29 15:43:00,427.18,427.27,426.935,427.18,277436
2023-09-29 15:44:00,427.18,427.31,427.012,427.05,156749
2023-09-29 15:45:00,427.05,427.26,426.995,427.26,169573
2023-09-29 15:46:00,427.25,427.68,427.12,427.67,351406
2023-09-29 15:47:00,427.6625,427.8342,427.615,427.768,298660
2023-09-29 15:48:00,427.76,427.84,427.49,427.605,341042
2023-09-29 15:49:00,427.61,427.9,427.55,427.85,377434
2023-09-29 15:50:00,427.85,428.44,427.73,428.41,794411
2023-09-29 15:51:00,428.43,428.665,428.28,428.62,854756
2023-09-29 15:52:00,428.625,428.875,428.595,428.835,1231591
2023-09-29 15:53:00,428.83,428.83,428.225,428.255,719414
2023-09-29 15:54:00,428.25,428.375,427.62,427.93,731617
2023-09-29 15:55:00,427.935,427.935,426.92,427.065,1193294
2023-09-29 15:56:00,427.08,427.105,426.74,427.075,1030142
2023-09-29 15:57:00,427.085,427.535,427.06,427.52,1117452
2023-09-29 15:58:00,427.53,427.545,427.3,427.3398,1062192
2023-09-29 15:59:00,427.34,427.56,427.14,427.39,3605969
