Date,SPY,AAPL,MSFT,AMZN
2003-12-02,-0.0032577866575216,-0.0078642656481907,-0.0069900971823775,-0.0132623052734119
2003-12-03,-0.0014928161010761,-0.0239582475239187,0.0003893909825147,-0.0459109457716417
2003-12-04,0.0047506027585977,0.0056894607047408,0.0204364301026855,0.0056141856879436
2003-12-05,-0.0076492910288469,-0.014287982257156,-0.0084321994495939,-0.0046439711944507
2003-12-08,0.0073704676616426,0.0095479683038186,0.0099579553710918,-0.0093531469066481
2003-12-09,-0.0084948002077049,-0.0289185919241032,0.005320824905082,-0.0346579200631277
2003-12-10,-0.0009379104045267,-0.0034280452582205,0.007928919145988,-0.0028414876029482
2003-12-11,0.0114756122420319,0.0399161699443479,0.0007518895598118,0.0320027310861737
2003-12-12,0.0026865549532149,-0.015199967091814,0.001502025122673,0.0037331804826282
2003-12-15,-0.0055663934431394,-0.0350746961352761,0.0033714052600523,-0.0114399669725248
2003-12-16,0.0065835464274089,-0.0024823604353095,0.0118964429861888,-0.0182168985198949
2003-12-17,0.0013853615699867,-0.0119992046822958,-0.0007399141297008,-0.039560164699833
2003-12-18,0.0117443317040806,0.0080165465232026,0.0132264042458183,0.0242926925690444
2003-12-19,-0.005212870188533,-0.0171113924980768,-0.0014607634633318,0.0100011038723966
2003-12-22,0.0039350313874179,0.0075831047207855,-0.0066009434165653,0.0131142805566932
2003-12-23,0.0028273081900967,-0.0020147644971825,-0.001104435407657,0.0506115627628876
2003-12-24,-0.0018231545615151,0.0298357766359872,-0.0040602619582641,0.0158793506746741
2003-12-26,0.0016409886078281,0.0179672861863293,0.0062680320787337,0.0028092536501323
2003-12-29,0.0127620865934146,0.0176501524649634,0.0091453783752594,0.0
2003-12-30,0.0001798561155927,0.0061267537090068,0.0021828739080734,-0.0120415377844156
2003-12-31,0.0021557540011273,0.0042185255557732,-0.0054656769208083,-0.0039829355640779
2004-01-02,-0.0030553582359605,-0.0042185255557733,0.0029184491817564,-0.0137774854403035
2004-01-05,0.0122547264664373,0.040972678828709,0.0248260918264757,0.0260545307570648
2004-01-06,0.0013326819972502,-0.0036167161417864,0.0035472932519646,-0.0045155297798691
2004-01-07,0.0025714933256834,0.022382552973681,-0.0010627310791448,-0.0215390009771956
2004-01-08,0.004947006555362,0.033518573306935,-0.0017741871572507,-0.0325072680118998
2004-01-09,-0.0089400905247202,-0.0155325917667593,-0.0179146297696981,0.0265163330966152
2004-01-12,0.004789790956129,0.0312486056436311,-0.0032595485449498,0.0260202167908569
2004-01-13,-0.0052344527981305,0.0162986456745858,-0.0050909859172335,0.0363474092433658
2004-01-14,0.0082385193796089,0.0033128296923166,0.0097954080895073,0.0160783880964839
2004-01-15,0.00141056181371,-0.0574012287314512,-0.00579334244741,0.0067869522888324
2004-01-16,0.0067606385953242,-0.0057074996718297,0.009756705190466,-0.0082216727644927
2004-01-20,-0.0009630116743365,0.0004424353810898,0.0103736956557992,0.0158464991369635
2004-01-21,0.0078520731471313,-0.0052929319826323,0.0070920355430485,-0.007268891148923
2004-01-22,-0.0031334345421909,-0.0192052310613822,-0.0103003495752414,0.0172874299945202
2004-01-23,-0.0020944243627912,0.0169910588748261,0.01664071339056,-0.0012249542173941
2004-01-26,0.0119834709480003,0.0197503665578581,0.0111737217992956,-0.001401787508324
2004-01-27,-0.0098018740270749,0.0026039625354079,-0.0192821721053799,-0.0228794231146453
2004-01-28,-0.0135149051369323,-0.0241297909228324,-0.0193002306183944,-0.0702238302514034
2004-01-29,0.0051993948372473,0.0070800951957411,0.0071917232411807,-0.054174146839489
2004-01-30,-0.002640381748727,-0.0053046333661745,-0.0093590344043205,0.0236911301144131
2004-02-02,0.0036945854833616,-0.0106974014517645,-0.009082828746471,-0.0431809254049213
2004-02-03,0.0006144393434478,-0.0026915839756563,-0.0040229056602884,-0.0714819829152184
2004-02-04,-0.0081942394270677,-0.0213390363583199,-0.0103131222580647,0.009963549711191
2004-02-05,0.001856190041059,0.0285015402379017,-0.0018527866884469,0.0142187673853078
2004-02-06,0.0124617672365379,0.0128543444862777,0.0044412183427965,0.0067107081581821
2004-02-09,-0.0023575649426545,-0.0017666406945621,-0.0066694247800621,-0.0106280145821056
2004-02-10,0.0049705792331873,0.0135831766624889,0.0044515182893302,-0.0059048832044083
2004-02-11,0.0109867448848472,0.0350623362776869,0.0047993604671811,0.0334335032826351
2004-02-12,-0.0048296773483064,-0.002944813359575,-0.0073936657262305,-0.0016985142087686
2004-02-13,-0.0053744928259352,-0.0312486056436311,-0.0134484450310587,-0.0145550514718309
2004-02-17,0.0096878190440086,0.0069328589803698,0.0149315342080874,-0.0184968824806948
2004-02-18,-0.0043133262180733,0.0043091107902081,-0.0081849137053726,-0.0146020293587987
2004-02-19,-0.0040715610455193,-0.0345537811951046,-0.0116473075357939,-0.0049151126653839
2004-02-20,-0.0026075634070808,-0.0031193913887019,0.004148291996537,0.0115788423440049
2004-02-23,-0.0026143805740709,-0.009419967150441,0.0015042845963538,-0.026925566473794
2004-02-24,-0.0016593165677866,0.0076318113556875,0.0100959194216249,-0.0382477956426748
2004-02-25,0.0040996175870615,0.0199253011157829,-0.0067194549670981,0.0145440049005908
2004-02-26,0.0013048586080048,0.0100353721934456,-0.0075186893362263,0.0163994898349764
2004-02-27,8.693006481777622e-05,0.037481057658265,0.0011312686522976,-0.0147706354899663
2004-03-01,0.0095164659711671,0.0041724793200604,0.0063874206839286,-0.0009304490087412
2004-03-02,-0.0058722103111163,-0.0087818489472797,-0.0116778401488908,-0.022594512605613
2004-03-03,0.001903608777667,0.0046093696272193,-0.0007585848400468,0.0272381243860956
2004-03-04,0.0033656989700767,0.0505401466405954,0.0,0.0278684092785577
2004-03-05,0.0017216152999855,0.0609046541449121,-0.0007581272991171,-0.0067812194760976
2004-03-08,-0.0082909188974918,-0.0280635236874823,-0.0199321643658699,-0.0134720612752078
2004-03-09,-0.0057401444791113,0.0414380911000604,-0.0042680740340981,-0.0183278532412632
2004-03-10,-0.0145846900827586,0.0211755457455257,-0.0137012028011834,-0.0275355635519179
2004-03-11,-0.0149802177160204,-0.0193344028880596,-0.0110977739169366,-0.0065194001281498
2004-03-12,0.0123215844591234,0.0149900581837271,0.0114919307801828,0.0277131925724749
2004-03-15,-0.0143900235256591,-0.0411097488070866,-0.0087055058314392,-0.0325699286854249
2004-03-16,0.0055660436365562,-0.0241087138893915,0.0007940976272728,0.0252386909305678
2004-03-17,0.0117480881265421,0.0142318297608796,-0.0019877662425892,0.015778026596826
2004-03-18,-0.0012394866571386,-0.0200564877765815,-0.0095963593290835,0.0048945442078938
2004-03-19,-0.0147251779406205,0.0073759389012293,-0.0105009114064037,-0.0048945442078937
2004-03-22,-0.0130306793572968,0.0,-0.0052917059373118,-0.0466312812817392
2004-03-23,-0.0012759753827438,-0.0222904487862959,-0.0143886550162335,-0.015293835344315
2004-03-24,-0.0024654169452706,0.008270053060444,0.010707981618832,-0.0150265787593531
2004-03-25,0.016232503326897,0.0523308747459738,0.0314544195478372,0.0578450874937582
2004-03-26,-0.0009899654320625,0.0063092001586037,-0.0063718110474188,-0.006930365891346
2004-03-29,0.0130603878081949,0.0316665158321926,0.0111241029896734,0.0251019573520886
2004-03-30,0.0039913131171813,0.0003578076146932,-0.0043555098203069,0.0240307312255559
2004-03-31,-0.0005312555464065,-0.032024323446886,-0.010772044662021,-0.0119431828441742
2004-04-01,0.0052117957290265,0.0025848014469478,0.0059990232069879,0.0331773215237573
2004-04-02,0.0085972983267381,0.0142810254279349,0.0302398300184659,0.0297280506704333
2004-04-05,0.0075708493715671,0.0293831729534145,0.0038612430288262,0.018700168787424
2004-04-06,-0.0017353583530683,-0.0174543168688733,-0.0057975630514714,-0.0111350186901502
2004-04-07,-0.0066219637291121,-0.0188585695899415,-0.0081724474780845,-0.0127859581272169
2004-04-08,-0.0010495933789597,0.0080211463475922,-0.0043079995152699,0.0479069784092414
2004-04-12,0.0051499262775281,0.0183555167923143,0.00508932192702,-0.0029148469524018
2004-04-13,-0.0137630925507531,-0.0403892071565511,-0.0062667952812702,-0.0291960657031185
2004-04-14,-0.0011481564520308,-0.0108290978896313,0.002354064228633,0.0044982404219298
2004-04-15,0.0006184018925817,0.0951749601528883,-0.0114335401739676,0.0042653082365993
2004-04-16,0.0051092429678502,-0.0041036510807442,-0.0023809752321162,-0.0322224871578196
2004-04-19,0.001053833416226,-0.0288569343089029,0.0145983500746844,0.0347729667550451
2004-04-20,-0.0156578014237445,-0.022112013202629,-0.0078649310439019,-0.0413882058737644
2004-04-21,0.0053352429596319,0.0,0.0047270321466686,0.0114387520884245
2004-04-22,0.0140022542228782,0.0017993524804325,0.0194554833990761,0.0664232269029844
2004-04-23,0.0006119683715925,-0.0028829080804807,0.0594673275408345,-0.0540331107864153
2004-04-26,-0.0044672259285621,-0.0207918833913956,-0.0109533913613017,0.0205266988965726
2004-04-27,0.0022799027764151,-0.0070294544190592,-0.0007341408702452,0.0157483569681391
2004-04-28,-0.0136692458617633,-0.018354185788177,-0.0245453353084593,-0.0216919108689871
2004-04-29,-0.007397208544238,0.0120264148186377,-0.0030165111835534,-0.0167457755963898
2004-04-30,-0.0058314434304592,-0.0376836881396292,-0.0133058829920362,-0.0577061740875252
2004-05-03,0.0091357554345047,0.0111883248235487,0.0083847897675792,0.0184075189490221
2004-05-04,0.001781578949763,0.0026808444747457,-0.00075985837756,-0.0104120451728249
2004-05-05,0.0019560777998375,0.0193221661037565,-0.0011399272252004,0.0070287104917176
2004-05-06,-0.0066842189957835,-0.0026294744772028,-0.0068672936394903,-0.0256306936618933
2004-05-07,-0.0137759347806402,0.0033787760738847,-0.0131020982773845,-0.0291648140329181
2004-05-10,-0.0105724645013708,-0.0147312436723383,0.0058011168769042,-0.0153923192849863
2004-05-11,0.0078489040343302,0.0322020503811237,0.0003857077449788,0.0343054125914728
2004-05-12,0.001998002662673,0.0058759658552966,0.0,0.0074662036050052
2004-05-13,-0.0007260846207538,-0.0040375353323731,0.0061487216866493,0.0136213580150911
2004-05-14,-0.0005449096493018,-0.0047918564445657,-0.0092374423180024,-0.0129242509809352
2004-05-17,-0.0105019000906793,-0.0156440268268163,-0.0124513032025922,-0.0227896624442852
2004-05-18,0.0067703826777633,0.0156440268268164,0.0112902123658279,-0.0021410737333526
2004-05-19,-0.002373563283419,-0.0220432794614224,-0.0081634158591788,-0.0071702028033964
2004-05-20,0.0004568922270735,0.0090228196095711,0.0042841361354988,-0.0171771490819518
2004-05-21,0.0040116756938036,0.0148667630087764,0.0061993723886947,0.0046256929710595
2004-05-24,0.0016365127754577,0.0084479107608068,-0.0050337712370902,0.0111112254250708
2004-05-25,0.0159513137511049,0.0383901346358356,0.0131122117268421,0.0466946995665988
2004-05-26,0.0018757542009998,0.0035142068546848,0.001531781446752,0.0242340021718772
2004-05-27,0.0,-0.0119971563127215,0.0019111579069126,0.0635030781133565
2004-05-28,0.0051624502725937,-0.0039149490758929,0.0015258489527196,0.0183109568847209
2004-06-01,0.0005325286359983,0.0,-0.0045855308947653,0.0350486598185158
2004-06-02,0.0036313754975591,0.0301921553327544,0.0007655840319046,0.0023861614026181
2004-06-03,-0.0073650450496079,-0.0181458918471884,-0.0092272819332758,-0.0190481949706944
2004-06-04,0.0052409624738532,0.0132920531921119,0.0023152161080373,0.0308943354748569
2004-06-07,0.0158217240826779,0.0351623288272259,0.0183279829387782,0.0157728905239114
2004-06-08,0.0015684910848942,0.0179534008883965,0.0064118692164808,0.0034715560419572
2004-06-09,-0.009448062583482,-0.0049552967619925,-0.0048996229668791,-0.0332776840746591
2004-06-10,0.0045602113578815,0.0177235932300955,0.0112694451808691,-0.0059892373083161
2004-06-14,-0.009582912140424,-0.0203773712649904,0.0048446114980633,-0.0139129172335292
2004-06-15,0.0059890966407542,0.018749271108868,0.0187818056935117,0.0173112213535353
2004-06-16,0.0013163092594304,0.0646594814766016,-0.0032889175804147,0.0091379261202585
2004-06-17,-0.0013163092594302,0.0021372898471236,0.0163370699670394,-0.0159461222214288
2004-06-18,-0.0009663958582117,0.0030436460259237,0.0206712768798618,-0.0034215591395811
2004-06-21,-0.0042279636662278,-0.0177822749087314,0.0,0.003421559139581
2004-06-22,0.0037004447512341,0.0205120546688836,-0.0021190109509016,-0.0155920947598361
2004-06-23,0.0084070904135816,0.0209912691963891,0.0003532540537395,0.036272887495014
2004-06-24,-0.0027945175814229,-0.01555196998946,0.0031753197694859,0.0041245271080248
2004-06-25,-0.0054367022724368,0.0155519699894601,0.0063199900527309,0.0151724365517719
2004-06-28,-0.0007916612103659,-0.03656627183757,-0.0102024525335033,0.0302333132466575
2004-06-29,0.0025486677240371,0.0003073763216191,0.007749909723939,0.0059757414052731
2004-06-30,0.0041168542356731,0.001228561354776,0.0021028520658522,0.0127649499445288
2004-07-01,-0.0102799306197493,-0.0074002547380377,0.002447956681084,-0.0344087796855418
2004-07-02,-0.0031844343584132,-0.038503143563261,-0.0020982659373718,0.0005706134248978
2004-07-06,-0.0081843709227711,-0.0041908394056961,-0.0194381885853857,-0.0260055105727194
2004-07-07,0.0021415195121093,-0.0182593795431594,0.0028508432201203,-0.0046948443042077
2004-07-08,-0.0081443149416858,-0.0082615836358438,-0.0165057899474794,-0.029852963149681
2004-07-09,0.0033194306709795,-0.003656391593492,0.0079285319226481,-0.0241271159480851
2004-07-12,0.0014320238731097,-0.0300853412582791,0.0010756723133722,0.0149946323848125
2004-07-13,0.0008046131586028,0.0027429013499606,-0.010452623336364,0.0111506477195097
2004-07-14,-0.003312002311434,0.0122440866828396,0.0190213827141925,-0.0020181641562371
2004-07-15,-0.0043130626660091,0.1072860465527206,-0.0092857839909433,-0.0169098457292816
2004-07-16,-0.0047840502852207,-0.0224175720981343,-0.0140923204299167,-0.0327898228229908
2004-07-19,-0.000452509171032,-0.0071682677966783,0.0169584854886383,-0.0231969164151521
2004-07-20,0.0070359301621658,0.0071682677966782,0.0131510672614623,0.0208587285075044
2004-07-21,-0.0133015579246064,-0.0181758736501697,0.0188884137526564,-0.0486199296709998
2004-07-22,0.0027290110632904,0.001893496636625,0.0048392275302305,0.023405793581625
2004-07-23,-0.0096760225488987,-0.0314218826488035,-0.0340203920367564,-0.1363413479530953
2004-07-26,-0.0020200172142925,0.0180766786712903,0.0222272243157967,-0.0304746792577482
2004-07-27,0.0098775268052309,0.0367448302223644,-0.0077063648907035,0.008473538952917
2004-07-28,0.0007278020699718,-0.0049462081671141,0.0049105194815992,-0.0295818145237117
2004-07-29,0.0048083558280386,0.0113992994278285,-0.0035048507900656,0.015937633233872
2004-07-30,0.0011758854414484,-0.0092329615739192,0.0003513476055518,0.0087742498402212
2004-08-02,0.0044197970293852,-0.023779673027886,0.0010522356255533,-0.016058361131204
2004-08-03,-0.0062294247400188,-0.0092271862581846,-0.0159043533972493,-0.0181799237043552
2004-08-04,-0.0008154020836838,0.0158554715515651,-0.0003566057426886,-0.0131140645642451
2004-08-05,-0.0163571061369558,-0.0126642017708606,-0.0190684868267348,-0.0415294106283135
2004-08-06,-0.0155056260984534,-0.0526507387387639,-0.014267615117455,-0.0033755306312812
2004-08-09,0.0012156919251007,0.017307870287522,0.0014729501390362,-0.0048015909226458
2004-08-10,0.0128147356760619,0.0394771912735568,0.0196728980078831,0.0491675938776302
2004-08-11,-0.0024018487297211,-0.0163144314874765,-0.0112464064785397,-0.0146622230274401
2004-08-12,-0.0117221548786215,-0.0208535543233901,-0.0195252287128531,-0.0074125253609702
2004-08-13,0.0015896024666589,0.0153564376890983,0.0051949413086714,-0.00441867606543
2004-08-16,0.013548833838075,-0.0019472697689176,0.0025870009576446,0.04914595868209
2004-08-17,0.0023017088834152,0.0029205559296877,-0.0014780249918109,0.0073510438666825
2004-08-18,0.0125201544077252,0.0277938588504482,0.0150435329970765,0.0291295244757312
2004-08-19,-0.0036393452961002,-0.0329906734060824,-0.0124589231576652,-0.0187208955058627
2004-08-20,0.0065413152296401,0.0029272017107486,0.002945666228108,0.0225246277451094
2004-08-23,-0.0023572087070658,0.0090498355199178,0.0044146648676045,-0.0015197571314161
2004-08-24,0.0004537411031157,0.0276065462198487,0.0,-0.0101911710061883
2004-08-25,0.0080423331408281,0.0338501371818552,0.0113159190516929,0.0315085926669424
2004-08-26,8.999685017109143e-05,0.0475652117042888,-0.0040003452602045,-0.0027332604915275
2004-08-27,0.0025166290470953,-0.0089851584525964,0.0007286166854737,-0.0072418845652919
2004-08-30,-0.0076594201897284,-0.0067180934312152,-0.0058435600536183,-0.0406653651832602
2004-08-31,0.0046026885100057,0.0107864637119434,0.0,-0.0044473585402845
2004-09-01,0.001799208833686,0.0389521769616206,0.0032911631190142,0.0026184880109275
2004-09-02,0.0111723019358332,-0.0055917994744535,0.0083621815530682,0.0242843243331943
2004-09-03,-0.0041861561910727,-0.0121322187362812,-0.0186374786689589,-0.0112937545375448
2004-09-07,0.0068490372249212,0.0149311021222042,0.0091798155304999,-0.0059547101520323
2004-09-08,-0.0042640199633511,0.0163651157024981,-0.0036618787381951,-0.01306866482566
2004-09-09,0.001867746351655,-0.018044246651736,0.0007332502293575,0.0015772873932484
2004-09-10,0.0048752478781025,0.0047505412893996,0.0076688733507873,0.0130482018257306
2004-09-13,0.0019434635092396,-0.0078365997942563,-0.0087695951167364,0.0366546506490072
2004-09-14,0.0022039062122952,-0.0028122712394891,0.0069486121093076,0.064366674330765
2004-09-15,-0.0069809853605741,-0.0082064238235752,-0.0091525810533906,-0.0108389374055012
2004-09-16,0.0028336156390394,0.032149000219657,0.0025714404806744,0.0084926200456535
2004-09-17,0.000265240265027,0.0215001652690044,0.0091291829348184,0.0091196703605484
2004-09-20,-0.0055848733435281,0.0152304478829243,0.0,0.007190104036184
2004-09-21,0.0062918369643481,0.0079233556509634,-0.0091291829348183,0.0004621072170957
2004-09-22,-0.0140559204087949,-0.0290950800715161,-0.0051493336473711,-0.0451239891364922
2004-09-23,-0.0043995581627324,0.0094366397663803,0.0084457266153,0.01081611313671
2004-09-24,0.0015285710839441,0.0005358467393657,-0.0021962509592759,-0.0215062052209635
2004-09-27,-0.0059475709249963,0.006414914166953,-0.0036715824893273,-0.0249796591580136
2004-09-28,0.0061272493011872,0.0134974424413834,0.0029383670675502,-0.0126009731855941
2004-09-29,0.0043026240633087,0.0166837082246932,0.0113034173317639,0.0351350454069289
2004-09-30,-0.0001789068794467,0.0018076606657872,0.0025352974633038,0.0004895960930113
2004-10-01,0.0150058309613458,-0.0020659204919994,0.0214671466938844,-0.0095906305017019
2004-10-04,0.0033433077068505,0.003099840317127,-0.0046120298094801,0.0132549805161937
2004-10-05,-0.0006150331872471,0.0148410153805729,0.0092032803438463,-0.0012199586727154
2004-10-06,0.0070065096579302,0.0317475957248831,0.0052713240747399,0.0097182494689213
2004-10-07,-0.0099992061966144,-0.0254184341726721,-0.0126980716496791,-0.0050903030770948
2004-10-08,-0.0075211609687781,-0.0142351277898683,-0.0064107308285791,-0.0283444730091425
2004-10-11,0.0020407264967907,-0.0121050868167082,0.0024978086648851,0.0037429862788342
2004-10-12,-0.0023072155056963,-0.0078055220519859,-0.0010697662526201,0.0017419439517354
2004-10-13,-0.0072221793124554,0.0374210043370462,0.0,-0.0059850552722519
2004-10-14,-0.0093500636223028,0.1236091572241377,-0.008239362372953,-0.0222568620809339
2004-10-15,0.0044162119451065,0.01149396766155,0.006811319960688,-0.0141663669819816
2004-10-18,0.0052917294657523,0.0482679131268225,0.0148942833217684,0.0185047685805796
2004-10-19,-0.0097982715676432,-0.00693513264611,-0.0081289870742953,-0.0242279891974545
2004-10-20,0.0004515692106537,0.0010540009089889,0.0182846486018057,0.0005216484208013
2004-10-21,0.0026150878332494,0.0098503702061222,-0.0048896110328137,0.0287863618614906
2004-10-22,-0.0097738334614494,-0.0111164208415664,-0.0291322017230853,-0.1316872076110772
2004-10-25,-0.0008188145842553,0.0029493101232145,-0.0039734678648145,-0.0183758998911861
2004-10-26,0.0147267421873837,0.0087933383656626,0.0097246643797243,-0.0041297993798754
2004-10-27,0.0129206520138389,0.0474285019494668,0.0089209295071488,0.0117544697494768
2004-10-28,0.0021225797303164,0.0368862032344167,-0.0049861815628894,0.0064065449175735
2004-10-29,0.0024706621585693,0.004016006156535,-0.001428492073079,-0.0093322345410519
2004-11-01,0.0002643521185593,0.0009538794974253,0.003924804355941,0.0280243675532043
2004-11-02,8.810184579064222e-05,0.0198216431853403,0.0056823785510394,0.0319623507029585
2004-11-03,0.0113005451182178,0.033271700148185,0.0081112762721726,-0.0088692377407797
2004-11-04,0.0159865145819729,-0.0156716684016607,0.0184445502687747,0.0271882736079083
2004-11-05,0.0038502721362325,0.0049478565448734,0.0106332309891836,-0.0095277704559578
2004-11-08,-0.0010252905887918,-0.0062339646895766,-0.0010243378007731,0.0205746293931937
2004-11-09,-0.0002564869846917,-0.0060858103876623,0.0165964635628829,0.002141328441343
2004-11-10,-0.000855432045321,0.0128684314870789,-0.0013449495362968,0.0182810760700265
2004-11-11,0.009030560603715,0.0099945534197668,0.0083742654293899,0.0192413632530631
2004-11-12,0.00911783437848,0.0036094333291008,-0.0003334869194302,0.0411206879960234
2004-11-15,-0.0031143495564815,-0.004694928433973,0.0184236344387484,0.0105717026369515
2004-11-16,-0.0070217284398873,-0.0054464246673596,-0.0099066845623378,-0.0202576097284978
2004-11-17,0.0056719728781259,-0.0007274724748483,0.0018419832360046,-0.0042516007522352
2004-11-18,0.0013497555617616,0.0088848316826616,-0.0036874715078683,0.0117106109690316
2004-11-19,-0.0111903507511507,-0.0039786367067979,-0.0077878186421395,-0.0461308348555109
2004-11-22,0.005865119452398,0.1061765585616011,-0.0078488913446161,-0.0130550157016436
2004-11-23,-0.0002542911647523,-0.0013065402767357,-0.0045128653154157,0.0068098744048626
2004-11-24,0.0041453466577189,0.0443751550593359,0.0041374266572435,0.0114197970867983
2004-11-26,0.00084388190662,0.0077751354059102,-0.0015020883430924,0.0087359240055074
2004-11-29,-0.0032105468604902,0.0585178890198208,0.006369850180337,-0.0038446798608097
2004-11-30,-0.0040702167613533,-0.020519018325012,0.0014933595252128,0.0188252824726182
2004-12-01,0.0150949444583381,0.0109758760846112,0.016278485637723,0.0075320466555819
2004-12-02,-0.0008373106074053,-0.0388018082644161,-0.0058887485037565,0.0047411192989368
2004-12-03,0.0006699045636561,-0.0395702444782734,0.0051542722892403,-0.0019935217167752
2004-12-06,-0.0006699045636561,0.0482730783473771,0.0036661594631804,-0.0150794513558576
2004-12-07,-0.0111187129279603,-0.0449280633259498,-0.0095591416039165,-0.0332119596860285
2004-12-08,0.0050692910179538,0.0061811471616572,0.0106563107668106,0.0135207467958466
2004-12-09,0.0054628870572119,0.0111578415535562,-0.0047633286260746,0.0280130362276741
2004-12-10,-0.0010901925688761,0.0179657849952675,-0.0055231885902953,-0.0195264223503553
2004-12-13,0.0090211102925896,-0.003691337898138,0.0062576648048117,0.019777520907858
2004-12-14,0.0039005817328733,0.0058384269437579,-0.0007344762145162,0.0151989969587176
2004-12-15,0.0020685953344721,-0.0004600645792919,-0.0044164248728923,0.013752672552037
2004-12-16,-0.0020685953344722,0.0203253646072771,0.0018425567796319,-0.0234433931899394
2004-12-17,-0.0122506636493361,-0.0244714271205135,-0.0073906320597412,-0.0009992506452244
2004-12-20,0.0004191641927491,-0.0355524906129779,-0.0003711740199113,-0.0268506505523864
2004-12-21,0.0090113250592261,0.0153468545128883,0.0044426920321769,0.0112332046660572
2004-12-22,0.0038136342025568,0.0009405082551745,-0.00370064110734,0.0032948958968524
2004-12-23,0.0004136504712551,0.0040715454371073,0.0014822397580188,-0.0150417112573027
2004-12-27,-0.0043103515011223,-0.0133689925388427,-0.0059417066834157,0.0818391921808184
2004-12-28,0.0071186460699777,0.016020239707707,0.00371741600056,0.0548019248379958
2004-12-29,8.2477627990297e-05,0.004043293686005,-0.0018571404143477,0.0042481897316023
2004-12-30,0.0001649348511077,0.0055716324294373,-0.0052179350529668,0.0033411324098349
2004-12-31,-0.0014028141096539,-0.0061928515482574,-0.0014960446732386,-0.015236682847509
2005-01-03,-0.0081254074439169,-0.0173854538284032,0.0007485432558176,0.005179608472237
2005-01-04,-0.0116392354374286,0.0102171786425477,0.0037331065678543,-0.0549411180313009
2005-01-05,-0.0035437094121294,0.0087200872271991,-0.0022384480381847,-0.0088190298669592
2005-01-06,0.0037121446491791,0.0007750039086846,-0.0011207308382341,-0.0173875426106464
2005-01-07,-0.0014326046355289,0.0702831431968023,-0.0029955050692641,0.0304689516516065
2005-01-10,0.0034516176878405,-0.0041963498637254,0.0048629421307989,-0.0114069677933764
2005-01-11,-0.0060693097040365,-0.0659320695173404,-0.0026156467548393,-0.0047915760098993
2005-01-12,0.0041345036325336,0.013844185007551,0.0018689405315388,0.0157258423054643
2005-01-13,-0.0087107828054536,0.064195272869882,-0.0192277809900333,0.0070671672230923
2005-01-14,0.006012636143285,0.0057141689684147,-0.0057260964684215,0.0447579006414936
2005-01-18,0.0095791002193677,0.0063897680903432,0.0076276228751291,0.0006731740409044
2005-01-19,-0.0094102526039393,-0.010958866773232,-0.0130017393369284,-0.0140051984223021
2005-01-20,-0.0077966496643146,0.0082653590445534,-0.0046297382300796,-0.0370756088022149
2005-01-21,-0.0064012508940303,0.0004261190382003,-0.0081543706296963,-0.0287376097673569
2005-01-24,-0.0035167510619503,0.0038222483132854,0.0007794778485297,-0.0191322980811572
2005-01-25,0.0039447782910163,0.0180673647376212,0.0135427589455769,0.0137729673484519
2005-01-26,0.0048666051225801,0.0027723984595233,-0.0003842000571149,0.0097229740204788
2005-01-27,0.000510899193674,0.0053825300864503,0.003837459772902,0.0231929104783537
2005-01-28,-0.0026424598762619,0.0182791348272287,0.0026767422250295,-0.0021294223118014
2005-01-31,0.0083298399195565,0.0387110036020404,0.003812481413362,0.0234093086585653
2005-02-01,0.0069169402728104,0.0081588769117798,0.0041770313026949,-0.0172699741450564
2005-02-02,0.0032730506329395,0.0267263963247007,0.0026491930492504,-0.0142249909313474
2005-02-03,-0.002432785059595,-0.0231213924311162,-0.0106387057653075,-0.1582581168623193
2005-02-04,0.0109427646663993,0.0131510503130757,0.0053336094617812,-0.0008395131317184
2005-02-07,-0.0010805869469244,0.0012677684197517,-0.006097568213408,-0.0008402185062293
2005-02-08,0.0006651147568106,0.0245257668804775,0.0030538139126462,0.016947203768736
2005-02-09,-0.0083459005549819,-0.027062912997154,-0.0064999685219952,-0.0113590361112891
2005-02-10,0.0042651120478775,-0.0048370335495358,-0.0003837379387484,-0.0030696270789428
2005-02-11,0.0070683425964351,0.0357248949518327,-0.0034596771065985,0.0
2005-02-14,0.0008282945888947,0.0412495898347657,0.001539326408391,0.0069628466794288
2005-02-15,0.0033888531006409,0.0436966876000355,-1.1018606234958857e-07,0.0030483604040805
2005-02-16,0.0002475145427429,0.0192674736401717,-0.0054138006563321,-0.0133706727290881
2005-02-17,-0.0078678612006136,-0.0260773887478365,-0.0054433808936071,0.0008409250670746
2005-02-18,0.0006649489065557,-0.0114529228349804,-0.0066498117986486,-0.0107043275617738
2005-02-22,-0.0144790578185003,-0.0176652752579009,-0.0098598376313761,-0.0168503201481456
2005-02-23,0.0056323968832739,0.0338902285243426,-0.0011899873420007,-0.0168461724258548
2005-02-24,0.0081817120286708,0.007902133434162,0.0067236196142197,0.0159817436153637
2005-02-25,0.0092692875871869,0.0006744078831938,-0.0047411310734298,0.0086108453979384
2005-02-28,-0.0063633948868715,0.0081696861483681,-0.0035701898059213,0.0054154329298153
2005-03-01,0.0056217079271637,-0.0080567096867451,0.0047573696708858,0.00595155504796
2005-03-02,8.243683282351617e-05,-0.0085770675099915,-0.0007916736520244,0.0031034021239979
2005-03-03,0.0003296793897822,-0.0542560199843564,-0.0035684917480957,0.0042164503789348
2005-03-04,0.0095137271334689,0.0241158860119108,0.0,0.0055944201853245
2005-03-07,0.0026086262449237,-0.0014031878240439,0.0118483435348837,0.0130249866874632
2005-03-08,-0.0046513609504236,-0.0533265548880451,-0.0027523215430519,-0.01358302241623
2005-03-09,-0.0101114758500669,-0.0295463579412631,-0.0035500844517214,-0.0120737111771336
2005-03-10,0.0018985518930722,0.0121243073239068,0.0047301451734243,-0.0139384990227841
2005-03-11,-0.0073666682519412,0.0109857955679109,-0.0134599652661397,-0.0045937491061435
2005-03-14,0.0056333509924239,0.0012410259097434,0.0007966939275683,-0.0043258899471226
2005-03-15,-0.007545953962052,0.0157484851361362,-0.0079966216025633,-0.0122130043762336
2005-03-16,-0.007938870927398,0.0053568393008348,-0.0113042174731926,-0.0091110108577645
2005-03-17,0.0017603424638845,0.0256514989882746,-0.003660633023546,0.0029481153428122
2005-03-18,-0.0043646199890527,0.0166656033252308,-0.0094166480332767,0.0055775867478765
2005-03-21,-0.0049753444118034,0.0170783312698603,-0.0045355387366083,-0.0144481357473859
2005-03-22,-0.0101963666970121,-0.0201092662978478,-0.0087150261840606,-0.0155645165411115
2005-03-23,0.0006830018194308,-0.0065589398745632,0.0078883023663857,0.0009045681304269
2005-03-24,-0.0009392478169893,-0.0011759464339654,0.0041269777810543,-0.0090827145743193
2005-03-28,0.0024742984339575,0.0007063559098204,-0.0033002539633793,0.015391883767584
2005-03-29,-0.0074413378486566,-0.0185111622786314,-0.0116373933257286,0.0011972464764441
2005-03-30,0.0138121387549406,0.0248390584859267,0.0099835572987225,0.0262745741877542
2005-03-31,-0.0006776215742939,-0.0267571793637127,0.0004138189332855,-0.001457938733244
2005-04-01,-0.0065456943026338,-0.0188960449911497,-0.0020706908018745,-0.0076157368674134
2005-04-04,0.00281054564772,0.0048799437792347,0.0045493661264039,0.0286934624703096
2005-04-05,0.004497440649647,0.0192819085884219,0.0098568686017942,0.0079681696491768
2005-04-06,0.0024523288261494,0.0104491516026577,0.0081400010249372,-0.0131242967985474
2005-04-07,0.0060626659258481,0.0286425558364756,0.0172795218989332,0.0022948948683385
2005-04-08,-0.0084303315000316,0.004124154619466,-0.0063942947473619,-0.008633147144703
2005-04-11,0.0,-0.0425000127541593,0.0012014695918106,0.0
2005-04-12,0.0056561714257263,0.0174983564078528,0.0139195807894325,0.0008666763506519
2005-04-13,-0.0117703209074522,-0.0387138695133018,-0.0111196418615393,-0.0095750042424362
2005-04-14,-0.0100159207383795,-0.0966268940864824,-0.0080196402934526,-0.0096675719994018
2005-04-15,-0.0168319087461099,-0.0526218066022682,-0.0154165002253844,-0.0283643436805105
2005-04-18,0.0028832312140847,0.0076092206751192,0.0077387117785136,-0.0006058770255018
2005-04-19,0.0059151181514218,0.0404405647513451,-0.000811914995061,-0.0066889881507965
2005-04-20,-0.0132706679525119,-0.0435344939815571,-0.0126661324494237,0.0142361937861795
2005-04-21,0.0195820190369526,0.0459570038343145,0.0387143255503366,0.0143328819716958
2005-04-22,-0.0067450964826961,-0.0462383218951124,-0.0119378183641111,-0.0206687004207817
2005-04-25,0.0085533373852694,0.0408446892030429,0.0003998945713028,0.0147216118253599
2005-04-26,-0.0089004692120652,-0.0215942064960473,-0.009246009425878,-0.0247597189278447
2005-04-27,0.0041576499908354,-0.0066532307531437,0.009246009425878,-0.0307334447836452
2005-04-28,-0.011125712327945,-0.0114705930391002,-0.0218451016938115,0.0249078879129624
2005-04-29,0.0118169765047845,0.0145248747803509,0.0341739599573997,-0.0049321924893187
2005-05-02,0.0045675953069816,0.0102082066874789,-0.0027706155345334,0.0226101901927261
2005-05-03,-0.0008602151068078,-0.0060565102556568,0.0051389964197614,0.0033177530056379
2005-05-04,0.0125712520580265,0.0256279436135785,-0.0059320128418667,0.0223323260544913
2005-05-05,-0.0025527583638049,-0.0127323259549356,0.0007930164221054,0.0
2005-05-06,-0.0010229307856437,0.0151518185796496,-0.0003964296016739,0.0163555047720807
2005-05-09,0.006376217139276,-0.0072761108442097,-0.0043712433597294,0.0034702174790071
2005-05-10,-0.0107353846900197,-0.0149890278002341,-0.0083982595473637,-0.0119066311521403
2005-05-11,0.0047002607577688,-0.0224907293355759,0.0004016379448003,-0.0120501090716596
2005-05-12,-0.0099392472757473,-0.0424498641755939,0.0036066436920111,0.0008866558878496
2005-05-13,-0.004487795570436,0.0185783177137999,0.011928266406489,0.0014760150281206
2005-05-16,0.0101549926032437,0.022184408325627,0.010648959180017,0.0187030583321279
2005-05-17,0.0069966155724709,-0.0053591221226589,-0.0011778630548121,0.0054857940374499
2005-05-18,0.0101515126072509,0.0134832292446142,0.0093824570550459,0.0171285946150712
2005-05-19,0.0046185579852547,0.0466087692142453,0.0085241289293316,0.0073322381510475
2005-05-20,-0.0015091811366177,0.0,-0.006968752302402,-0.0025320030407312
2005-05-23,0.0038522784429143,0.0571881154486354,0.004264247645418,0.0050576112304386
2005-05-24,0.0001671542001383,-0.0015100763401801,-0.0038758917998318,-0.0039314849853034
2005-05-25,-0.0033484042669258,0.0020132059415911,-0.0015546614573285,-0.0081932934682275
2005-05-26,0.0064357278422935,0.0238459194184935,0.0073632925916341,0.0056577237198588
2005-05-27,0.0010824764785712,-0.0044285210737476,0.006542080815923,0.0014094435032336
2005-05-31,-0.0060937623354889,-0.0199205279461569,-0.0104112470054936,0.0002816504736264
2005-06-01,0.0093341789468443,0.0134906845118371,0.0003878944425021,0.0274979136334491
2005-06-02,0.0016576879055019,-0.0064731060362087,-0.0007754976696233,-0.0024687984011036
2005-06-03,-0.0068974387383397,-0.045996658032926,-0.0140571913002712,-0.0227787626652407
2005-06-06,0.0013333335308641,-0.0084030422135499,-0.0023620665215202,0.0050448537488249
2005-06-07,-0.0001665695015094,-0.0370708772395939,0.0055035230094004,-0.0118111609283446
2005-06-08,-0.0020010011679182,0.0103444509753419,-0.0043215961022954,-0.0148193079646719
2005-06-09,0.0052441124051016,0.0195803876056227,0.0043215961022954,0.0105669982261415
2005-06-10,-0.002327322137672,-0.0501051395503455,-0.0031414564878802,-0.0071276139242321
2005-06-13,0.002493352355553,0.0025099139042326,-0.004730175727093,-0.0022916079922594
2005-06-14,0.0025699496009938,0.0027811183515323,0.0019735983194199,0.0048634053806309
2005-06-15,0.0022329745043123,0.0309060315795147,-0.0039509303064035,0.005691534999788
2005-06-16,0.0036282714825832,0.0226350183628226,-0.0087470914986262,0.0096018811697103
2005-06-17,0.0009050146654158,0.0086505782263893,0.0,-0.0076174722973939
2005-06-20,-0.0007404056115461,-0.0184410057414983,0.0027916411156621,0.0107043275617738
2005-06-21,-0.00197709925182,0.0066261163215659,0.0015914402433309,-0.0087238487704297
2005-06-22,0.0002473512813041,0.0180604049307354,-0.0031854172062838,-0.0045325856635791
2005-06-23,-0.0106917433066543,0.0087817829973343,0.0095267593329006,0.0059448158093206
2005-06-24,-0.0076955628634455,-0.0294882440296658,-0.0107244234856098,-0.0116395920196748
2005-06-27,-0.000756016668375,-0.0176319952700536,0.0003989828463867,-0.0149600028203916
2005-06-28,0.0092844964548694,0.0056439743942993,0.0007986813063225,-0.0231647947913447
2005-06-29,-0.0012496356855906,-0.0255175294160657,0.0007971925618277,-0.0107367568843366
2005-06-30,-0.0071109179879987,0.0120255551974921,-0.0100146618396231,-0.0078266504281119
2005-07-01,0.002682989787526,-0.008457226985075,-0.0052474558930358,-0.0054545589782723
2005-07-05,0.0088363362548493,0.0397475893745421,0.0108680769651311,0.0349341390058664
2005-07-06,-0.0081667120563954,-0.0156572436562887,-0.0112723203327484,-0.0005870267265727
2005-07-07,0.002507104773018,0.0063995788625014,-0.0020260980295187,-0.0029403137913957
2005-07-08,0.0116174238306127,0.0163409664595799,0.0176924591297954,0.0227083993698124
2005-07-11,0.0062505343727262,-0.0039298398329773,0.007939193189216,0.0241729387091423
2005-07-12,0.0022930154998345,0.0036686763916073,0.0125741789644416,0.0200284859041429
2005-07-13,0.0009811136425954,0.002872503002893,0.0019503343522731,0.005493010241301
2005-07-14,0.0026116068055145,0.0607007647975688,0.012008738011022,0.0184537122694333
2005-07-15,0.0011404367479114,0.0194420439622275,-0.0069555107185158,-0.0010761367732105
2005-07-18,-0.0055514878472535,-0.0014449741478945,-0.0093495635175662,0.0010761367732104
2005-07-19,0.0066906254806062,0.0401567960713106,0.0235944811818006,0.0260099588201597
2005-07-20,0.0048673739317431,0.0101354625636883,0.0011461458358054,0.0
2005-07-21,-0.006658030441469,-0.0078232237684544,0.0095005608790791,-0.0057803629154995
2005-07-22,0.0054434062182909,0.0162684688896731,-0.0291654823022305,0.0
2005-07-25,-0.0037340736625803,-0.0043276952602809,0.0003890412826188,0.0
2005-07-26,0.0017064157230526,-0.0041175498609378,-0.0058561434383324,-0.0055489639012347
2005-07-27,0.0046170751494498,0.0082174631639478,0.0070232458672137,0.145482742345207
2005-07-28,0.0058821329100436,-0.0043279281778157,0.0011658524939973,0.0454572830621434
2005-07-29,-0.0076616367364202,-0.0266072693345714,-0.0054516999271653,-0.0116702854847602
2005-08-01,0.0009710309874495,0.0023422552116022,0.0120320963839813,-0.0048845567809257
2005-08-02,0.0070119167004056,0.0102400165731489,0.0337601206009342,0.0345616201539369
2005-08-03,0.0009633138739643,0.0006935444762673,0.0162783591840012,-0.0086374970173914
2005-08-04,-0.0073284000214166,-0.0118701146473253,0.0025656313089447,-0.0141970277942169
2005-08-05,-0.0076268118175185,0.0065352218296046,0.0159769991652849,-0.0041882569765299
2005-08-08,-0.0026913526011735,-0.0079409234432977,-0.0229558157051398,0.0085780796537822
2005-08-09,0.0067554076136835,0.0270632471052517,0.0080763237792962,0.0058958572360527
2005-08-10,-0.0013799263523367,-0.0100912918431552,-0.014733337773114,-0.0258036148939775
2005-08-11,0.0071226525322271,0.0141910242075617,0.0118039012076407,0.0100034178627892
2005-08-12,-0.0059861042689511,0.0466233307590274,-0.0081005875699744,-0.0225935122228613
2005-08-15,0.0029975313083278,0.0336987856624447,0.0059153445474902,0.0188261947477824
2005-08-16,-0.0117988268151587,-0.030450526103119,-0.0144794986112726,-0.0172437370873853
2005-08-17,0.00098175578531,0.0192731570908215,0.0078228491162091,-0.0033940523587478
2005-08-18,-0.0008999059796576,-0.018193220609912,-0.0048360528095406,-0.0088788289604724
2005-08-19,0.0005727611333605,-0.0102025070674234,-0.0037353297510309,-0.0002287021164915
2005-08-22,0.0017163176948269,0.0008721015710642,0.007085908494427,0.001142987894466
2005-08-23,-0.0034355862013394,-0.0028376576683337,-0.0014877368233843,-0.0080284867526582
2005-08-24,-0.0064943300308763,0.0006556147273239,-0.0022353928231076,-0.0244795998116778
2005-08-25,0.0023066160651162,0.0063157862044733,0.0081728957618505,-0.0014170999064917
2005-08-26,-0.0060248603819943,-0.0069714009317973,-0.002222776521882,0.0014170999064918
2005-08-29,0.0061071412064947,0.0021841939267421,0.0066519408734369,0.0098638657902576
2005-08-30,-0.0030489084637779,0.0157987252870456,0.0011044546401267,-0.0070356763020053
2005-08-31,0.0100181491508159,0.0068482850450938,0.0073312261477404,0.0049301661078585
2005-09-01,0.0010616145703272,-0.0135264249995351,-0.00659577414975,-0.0203461004779112
2005-09-02,-0.0028607645486059,-0.0008661765073875,-0.0066397250391159,-0.0079184576917201
2005-09-06,0.0125265994587716,0.054318353782631,-0.000740142912904,0.0495813987085356
2005-09-07,0.0025027260469917,-0.0024625314619775,-0.0055712465818144,0.0025186046513463
2005-09-08,-0.0037159748713508,0.0223455269785969,-0.0089791165002071,-0.01776491522422
2005-09-09,0.0079000813939249,0.0302726152033372,-0.0011274320688312,-0.0002328017703449
2005-09-12,-0.0007229206307049,0.0017523701887865,0.0011274320688313,0.0354525407419302
2005-09-13,-0.0072580963789819,-0.0113483857564611,-0.0048968725779597,-0.0128917311845064
2005-09-14,-0.003242807868072,-0.0240974245943329,-0.0064406179193972,-0.0190744608779861
2005-09-15,0.0004870920700299,0.0052270064919622,-0.0015214202977171,-0.0090899122563269
2005-09-16,0.0039690627618653,0.0265153167725473,-0.0076420716585217,0.002105017734376
2005-09-19,-0.00551233561822,0.0275414329558189,-0.0026892049282899,-0.0011689072049818
2005-09-20,-0.0079161469412531,0.0103943503049858,-0.0061730105921024,-0.0207996153517173
2005-09-21,-0.0091362419939022,-0.0205138201259112,-0.0136373111408772,-0.014918467250362
2005-09-22,0.0038786927108171,-0.00403840012796,-0.0059018661467732,0.0199214556487645
2005-09-23,0.0004940711562955,0.0247399858930623,-0.0027664471967433,0.0026106577067929
2005-09-26,0.0003292452083409,0.0119583841348758,0.0,0.0268927699719654
2005-09-27,0.0,-0.0074576021136881,0.0027664471967432,-0.004161855718279
2005-09-28,0.0012337049720388,-0.0451663580019449,0.0129386206172063,0.0048538174573408
2005-09-29,0.0088380280683916,0.0243685178752105,0.0104633978503351,0.032216942371934
2005-09-30,0.000895802006237,0.0239745046831874,-0.0081287921067963,0.0113221322697797
2005-10-03,-0.0017108644036294,0.0153631754406187,-0.0089794091615128,0.0155517316783889
2005-10-04,-0.009915269497831,-0.012755125239298,-0.0206026100894797,-0.0237530410853086
2005-10-05,-0.0146000104803026,-0.0182115669984551,-0.0124873773284389,-0.0098412782641182
2005-10-06,-0.004102999266592,-0.020674197097062,0.0024289513832979,-0.0108475639949504
2005-10-07,0.003685096297578,-0.0077674919806517,-0.0056775086599647,-0.0066112175146621
2005-10-10,-0.007131201830262,-0.0182948653207914,-0.0053003202998246,0.0009144948053879
2005-10-11,-0.0020227566947398,0.0239323846673897,-0.0020466882349846,-0.0082607170073667
2005-10-12,-0.0060080569978678,-0.0464187906723399,-0.0045168943530653,-0.019779586086976
2005-10-13,-0.0006792324934259,0.0872480678709343,0.0118639028878746,0.0016437716510879
2005-10-14,0.0082047404653274,0.0048262721947075,0.0032485572766666,0.0270818541428358
2005-10-17,0.0029440236598015,-0.0104245274215052,-0.0056913551794064,0.0277013546652791
2005-10-18,-0.0100452454867658,-0.0232855499656664,0.0016293681460538,-0.0082525281560781
2005-10-19,0.014904911523269,0.050968587947036,0.0209430582706475,0.0267389701072504
2005-10-20,-0.0150746043796071,0.021606387140501,-0.0120287103360403,-0.018708590124917
2005-10-21,0.0015262000588375,-0.0085867350299554,-0.0004035226134827,0.0206691614968545
2005-10-24,0.0166362432023722,0.0200982999322866,0.0128305446563268,0.0211032810046302
2005-10-25,-0.0024193896588518,-0.012224660610541,-0.0027922001088813,-0.0163268932874286
2005-10-26,-0.004269039254588,0.0164421034077171,0.0031907490386387,-0.1497203954185566
2005-10-27,-0.0103715251549809,-0.0288168639942037,-0.0104085343986144,-0.017510915651808
2005-10-28,0.0164764991654344,-0.0171108581581121,0.0269969125472671,-0.0028201531317756
2005-10-31,0.0071446677603508,0.0556992229332498,0.0066366307223458,0.0230945424678915
2005-11-01,-0.003565953109071,-0.0015644463574745,0.0100660069374551,0.0127136200802008
2005-11-02,0.0100021499289329,0.0417262464514314,0.0190767856505301,0.0093689048220222
2005-11-03,0.0045954454744122,0.0312007771767851,-0.0007556522428016,0.0196823265441549
2005-11-04,0.0001637331153881,-0.0113817076521594,0.0082857806515089,-0.0113733833357081
2005-11-07,0.002207777175447,-0.0151593811946298,0.0130435547223842,0.0072745228653227
2005-11-08,-0.0029447874041158,-0.005493631347335,0.0014791906713994,0.0134391271525741
2005-11-09,0.0017188463409254,0.0034994373728318,-0.0033323671655267,-0.0131975520819465
2005-11-10,0.0085501925552629,0.0176434727978988,0.0048103688864641,0.0186652942193598
2005-11-11,0.0030764272968434,0.0058671142717824,0.0069889429851412,0.0117842513829241
2005-11-14,-0.0007277726436128,-0.0014628817932946,0.0032937578882603,-0.0035207171680104
2005-11-15,-0.0037280211748276,0.0134161741787067,0.0076658652872956,0.0441552526943713
2005-11-16,0.0019467884149879,0.041977751570815,0.0086891340737092,0.0189420705290748
2005-11-17,0.0093564160544553,-0.0066423089669302,0.0082571105184328,0.0312932966217236
2005-11-18,0.0044857492712581,0.0006185266605637,0.0035690225432684,0.0261839283008364
2005-11-21,0.0052610723183563,0.0061775532592347,0.0032011649689361,0.0002083984586056
2005-11-22,0.0050753479287952,0.023730615271201,-0.0089174269482329,0.0177617226186375
2005-11-23,0.0035532431083543,0.0088303821369688,0.000358396395266,-0.0125658260698617
2005-11-25,0.002047244809524,0.0326895517133246,-0.0057474675274144,-0.0037383221106071
2005-11-28,-0.008372876718853,0.0046041221409978,-0.0003598503826353,0.0060159915909805
2005-11-29,0.0002379347276959,-0.0226487142044367,-0.0025259093954387,0.0041279728380305
2005-11-30,-0.0060451981743444,-0.0041205644100109,0.0,-0.0018554793489542
2005-12-01,0.0119752412487614,0.0542379666925132,0.0075578048240968,0.0110815827222469
2005-12-02,0.0003152833635324,0.014283090717175,0.0042934539951574,0.0012237407197164
2005-12-05,-0.0022880596987474,-0.0112151084822772,-0.0057282370730508,-0.0046991607567742
2005-12-06,0.0012630251126442,0.0305777252971632,-0.0057619546722443,0.0087675146188228
2005-12-07,-0.0047445921679371,-0.0013519908613378,0.0021648423214797,-0.008767514618823
2005-12-08,-0.0011103181408735,0.001756562255621,-0.0021648423214797,-0.0098786561742655
2005-12-09,0.00277348725668,0.003369082755944,0.0007218454533903,0.0080338262977566
2005-12-12,0.0008700811306271,0.0077728860280578,-0.0094275615912169,0.0067478019047518
2005-12-13,0.0055978385621765,0.0009337983585975,-0.011725098349035,0.0087248194728327
2005-12-14,0.0041583363831881,-0.0404159547368354,-0.0014756320301194,-0.001819836716986
2005-12-15,-0.0013319232587608,0.0023579690746264,-0.0062952906830155,0.0014157146666285
2005-12-16,-0.0081080461503723,-0.0149353966672094,-0.0007434575737017,-0.0054716926464003
2005-12-19,-0.0058660493220908,0.0037899125368351,-0.0026055131292198,-0.017217068042995
2005-12-20,-0.0002385401355087,0.010174986136508,0.0011170958549864,-0.0047663544799658
2005-12-21,0.0025414992633294,0.0190928477687173,-0.0048515349072217,0.0170944333593002
2005-12-22,0.004432140219339,0.0070496685756484,-0.0052507864286762,0.0050921792486836
2005-12-23,0.0006315623482997,-0.0090928609897191,0.0018785005991537,0.0
2005-12-27,-0.0095952522389783,0.0119256943703989,-0.0067795770877789,-0.013499898211667
2005-12-28,0.0014332353755271,-0.0089307985784507,-0.0026494329297794,-0.0103499164429199
2005-12-29,-0.002948326770172,-0.0292386560508534,-0.0045570253798464,-0.0014575744381686
2005-12-30,-0.0048798144912029,0.0061384793440878,-0.0045791321149823,-0.0176586467906878
2006-01-03,0.0163846821367293,0.03901200247046,0.0260445018428526,0.0090784957953451
2006-01-04,0.003858120607912,0.0029384452431215,0.0048318557135732,-0.0069598509350599
2006-01-05,0.0,-0.0079000326938986,0.0007407942567948,0.0084299761604594
2006-01-06,0.0096195947678192,0.0254856068938305,-0.0029680010199533,0.0046063733042066
2006-01-09,0.0036514821289023,-0.0032823869651402,-0.001860162544136,-0.0166407210123416
2006-01-10,-0.0003102458723402,0.0613283867421797,0.0051991939269935,-0.0308446753510984
2006-01-11,0.0035620294747972,0.0369065457274403,0.010683519015982,-0.0158978839589089
2006-01-12,-0.0062807945005534,0.00463765116879,-0.0055119472222072,-0.0127675605999024
2006-01-13,0.0011660902320291,0.0153054487823576,0.0018402075818113,0.0009013069560128
2006-01-17,-0.0035803276104074,-0.0103350217080444,-0.0073828097384905,-0.0090498355199179
2006-01-18,-0.0038279801441219,-0.0265564842768204,-0.0059452594190757,0.0072464085207672
2006-01-19,0.0055419101367611,-0.0427233679577954,0.0070567327130359,0.0029289195208852
2006-01-20,-0.0184615793666581,-0.0380375128055265,-0.0228345941015871,-0.0119951647586383
2006-01-23,0.0019011412570243,0.0205524976745975,-0.0022742713055706,-0.0043354317764459
2006-01-24,0.0023713551543997,-0.0212094892119078,-0.002660400027443,0.0066097106734863
2006-01-25,-0.0017384437408672,-0.0244950675551232,0.0045558331863552,-0.0095869257433269
2006-01-26,0.0072498347486559,-0.0255257360782898,0.00378044277892,0.0244688238460112
2006-01-27,0.0078210941455833,-0.0041559582034651,0.0475323170714705,0.0120134926488239
2006-01-30,0.0011679060773935,0.0404054104107415,0.007527594620626,-0.0057662612643881
2006-01-31,-0.0039764583994325,0.0067773331033575,0.0053435058231624,-0.0031187372126547
2006-02-01,0.0019512201312617,-0.0011929509504441,-0.0039156454944893,-0.0189194832461659
2006-02-02,-0.0087712990888478,-0.0450182171468835,-0.0129218744355212,-0.0285997352356134
2006-02-03,-0.0052841323315639,-0.0034734662414586,-0.0050707319755407,-0.1089023704985377
2006-02-06,0.0007904513888766,-0.0654206549348521,-0.0135258182122879,-0.0099633755508248
2006-02-07,-0.0080920711299579,0.0044478896119271,-0.0085013723315484,-0.011395379703615
2006-02-08,0.0090397887810533,0.0177410082305863,-0.0011144599104595,0.0171757426191145
2006-02-09,-0.0014219135028642,-0.0577309464758631,-0.0093333788178377,-0.0047268995576042
2006-02-10,0.0025264501043104,0.0356909419947744,0.0011246391955563,0.0138546197303906
2006-02-13,-0.0031590612277328,-0.0393931563005171,-0.0113042536761568,-0.0172824411487479
2006-02-14,0.0100740659943408,0.0442834843486653,0.0098040639469145,0.0102484144913679
2006-02-15,0.0037517630375873,0.0230910841423224,0.0119766058990724,0.0260626285757702
2006-02-16,0.0073841227824792,0.0193147190216506,-0.0026073720897435,-0.0028057664115029
2006-02-17,-0.0017051624035468,-0.0039755863585944,-0.0041121636761423,0.0010211897747279
2006-02-21,-0.003263406159624,-0.017364196500818,-0.0060104552269426,-0.0232328467223368
2006-02-22,0.0075981137751664,0.0319115569017297,0.0067598554368218,0.0111674969191731
2006-02-23,-0.0035592733335107,0.0060109001943531,-0.0022481411088491,-0.0214051503199955
2006-02-24,0.0013942682351647,-0.0040498395557226,-0.0011261276464521,0.0118034157248844
2006-02-27,0.0037856884552109,-0.00659939976891,0.0156484110893805,-0.0089052448121077
2006-02-28,-0.0103868851050514,-0.0358511749563616,-0.0066763275767418,-0.015109631391766
2006-03-01,0.0084572021319776,0.0088670929581906,0.009998292297566,-0.0085837436913914
2006-03-02,-0.0016238163243274,0.0073534091067705,-0.0062834525278652,-0.0064865092296067
2006-03-03,-0.0014714426662647,-0.0275264611904105,-0.0014844060542653,0.0089081436701381
2006-03-06,-0.0069215192528792,-0.0336368310161012,-0.0007427679915417,-0.0094505901168539
2006-03-07,-0.0017965245995736,0.012596150945217,0.0055582970941418,0.0018972766227946
2006-03-08,0.0024206469478094,-0.0098507013654546,0.0069972339172896,-0.003254681473542
2006-03-09,-0.005003919745302,-0.0267018191232379,-0.0092167840661316,-0.0189228188421451
2006-03-10,0.0073409154338485,-0.0116419396974288,0.0062764937539508,0.0027647239064826
2006-03-13,0.0022539161603386,0.0386479523626267,-0.0022107099910795,-0.0008286148796162
2006-03-14,0.0102723436588414,0.0246631357598951,0.0044168025933431,0.0196996794662559
2006-03-15,0.0043703347306226,-0.016323882890899,0.0047622911059125,-0.0005420054333228
2006-03-16,0.0017580742154847,-0.0294181187081911,-0.0032944860751767,-0.0032582162954035
2006-03-17,-0.0025234194235153,0.00542789008691,0.0083989515533505,-0.0214411732222412
2006-03-20,-0.0016858241540491,-0.0104165064481764,0.0140819030038904,0.0066463828160464
2006-03-21,-0.006000018000097,-0.0346617586601719,-0.0053926394562822,-0.008593261472987
2006-03-22,0.0060000180000969,-0.0022670401920126,-0.0214980054687547,0.0022246950221111
2006-03-23,-0.002534076994375,-0.0247905051195636,-0.0111115984838479,-0.0089286307443014
2006-03-24,0.0009222257032356,-0.003329378897326,0.0059412647695745,-0.005903038926278
2006-03-27,-0.0009991162495806,-0.007533825431331,0.0,-0.0062217395272528
2006-03-28,-0.0064800041605317,-0.013533983951697,-0.0040813919864634,0.0124050082437912
2006-03-29,0.0076327420403398,0.0598321242265247,0.0044518877630333,0.0174980162310236
2006-03-30,-0.0019219686869695,0.0067162616156218,0.0077418232747636,0.0095904283501419
2006-03-31,-0.0042413790206989,-0.0004781645741641,-0.0007342704811861,-0.0038251412760434
2006-04-03,0.0023157092555979,-0.0011169592437057,0.0127800092827165,-0.0107335556431087
2006-04-04,0.0063789940783002,-0.0239063638053185,0.0028986411393796,0.0172820101490981
2006-04-05,0.0043573053689556,0.0941643603775877,0.0036116401907843,0.0153828428003958
2006-04-06,-0.0016795179152172,0.0582329754717897,-0.006510281330164,0.030852809713241
2006-04-07,-0.0103683583122722,-0.0205638393439685,-0.0113115410916135,-0.037570556325318
2006-04-10,0.0008488637311817,-0.0161783219903635,0.0014669353582034,-0.0130259643693545
2006-04-11,-0.0075881122904922,-0.009952141781535,-0.0058803331554879,-0.0151372093569736
2006-04-12,0.0012428151358904,-0.0190049395756435,0.0025766583988281,0.0019393273843776
2006-04-13,0.0006984053362688,-0.0036043628072907,-0.0047905267724952,0.0134709940868157
2006-04-17,-0.0028743465118733,-0.0252911819584376,-0.0085331471812453,-0.0375617949984039
2006-04-18,0.0171234419128698,0.0215229586048503,0.0140586812960695,0.0282338809989752
2006-04-19,0.0018337413451417,-0.0086457633538833,-0.0070045567400213,0.0166738863616483
2006-04-20,0.001220628775296,0.0297142495429335,0.0,-0.0150214486405591
2006-04-21,-0.0001524971409742,-0.0087616969794963,0.0044301057491716,-0.0085671382080232
2006-04-24,-0.0023666843126883,-0.0194297616307347,-0.001474817256283,-0.0066833999820673
2006-04-25,-0.0049038486134791,0.0063675208430719,0.0,-0.0067283685286845
2006-04-26,0.0029145595106413,0.0294841264104667,-0.0003686409351029,0.0067283685286845
2006-04-27,0.0035168231965467,0.0175990800116691,0.0055196412383632,-0.0013980150466525
2006-04-28,0.0007628929268389,0.0147409838064013,-0.1207693163852924,-0.0149403765643207
2006-05-01,-0.0042031317848452,-0.0112870185984984,0.0057806393699618,-0.0177655102178837
2006-05-02,0.0061078217058392,0.0286097542355435,-0.0115947713875834,-0.0060896229943741
2006-05-03,-0.0038894233969375,-0.0067250023284851,-0.0356116853014384,-0.0122916385115567
2006-05-04,0.0034326285660025,-0.0001399469180369,0.0115853334872532,0.0149060190856275
2006-05-05,0.0102277492954333,0.0106279251990459,0.0152418089879927,0.0164008855394167
2006-05-08,-0.0007540341180671,0.0,-0.0029451756995727,-0.0100388050865324
2006-05-09,0.0003770881299633,-0.0120345257505764,-0.0046469587831796,0.0043146910026436
2006-05-10,-0.001282680222643,-0.0060724818935684,0.0063309528677829,-0.019710783063933
2006-05-11,-0.0126886935849487,-0.0353187677634943,-0.0234103417591762,-0.0186148084422318
2006-05-12,-0.0113038998253696,-0.0066249463246976,-0.0021556191011004,-0.024148471965048
2006-05-15,0.0026258896769131,0.0013279196529138,0.0030283936044359,0.0015264848025943
2006-05-16,-0.0018528531510947,-0.0423345141468947,-0.0060664137934402,-0.000610314330815
2006-05-17,-0.0165962748040472,0.0042992556883205,-0.0122428767082384,-0.0357347327573423
2006-05-18,-0.006700588705725,-0.0323913748276172,0.0043898231918348,0.0311454635737013
2006-05-19,0.004104512826881,0.0208322142442066,-0.0118972782703577,0.0399752700048525
2006-05-22,-0.0038672555202203,-0.0176717275424857,0.014084953782955,0.0258848245718296
2006-05-23,-0.0043586866168579,-0.0036353962251996,-0.0039411573315822,-0.0312024146501535
2006-05-24,0.001587175954174,0.0030048284950102,0.0306784397816097,0.0414852816057374
2006-05-25,0.0114323001740738,0.0155083477230327,0.0101607205980541,0.0124260282842509
2006-05-26,0.005784429479734,-0.0121986511677538,-0.0008426020595827,0.0122735152977028
2006-05-30,-0.0158696079317999,-0.0373529610858407,-0.0243236091912525,-0.0404524112212132
2006-05-31,0.0084429951216473,-0.0239701948720813,-0.0218353622799912,-0.0008664260469815
2006-06-01,0.0122063485808976,0.0393683391882656,0.0074772430014268,0.0132034065048339
2006-06-02,0.0019371487433477,-0.0082370368552317,-0.0026318847513652,-0.0088787637548955
2006-06-05,-0.0178444357668341,-0.0272912709279976,-0.0114899973523951,-0.0372204135910779
2006-06-06,-0.0010869376772832,-0.0046770405414296,-0.0165811571514332,-0.002391630437448
2006-06-07,-0.0058835345077338,-0.0196154351522009,-0.0040744257543314,0.0107175780288111
2006-06-08,0.0014647806471099,0.0368800705724682,0.0031709398959936,-0.0065359709797854
2006-06-09,-0.0044665056841781,-0.0253351010779207,-0.0086313199285475,0.0068320479619631
2006-06-12,-0.0126854393959555,-0.038545759176622,-0.0096260115692763,-0.0053428444104955
2006-06-13,-0.0100193286715135,0.0230655791145899,-0.0092551726711606,-0.0038765517459232
2006-06-14,0.005177354404624,-0.0124205496526737,0.0170555464673731,0.0062546741508907
2006-06-15,0.0209175824829562,0.030261211907226,0.0086458777469814,0.0373003614132088
2006-06-16,-0.0081061758954166,-0.0311296175071898,0.001358521983501,0.003711638807789
2006-06-19,-0.0091461936631673,-0.0062740724339668,0.020157363937917,-0.0005701254430369
2006-06-20,5.060851186194338e-06,0.0047099602028831,0.0004430928451062,0.0116230932892919
2006-06-21,0.0097072835798412,0.0067632697973009,0.0227882301887432,0.0324442708912817
2006-06-22,-0.0050536096952511,0.029293416904826,-0.008703276405788,-0.0076691693337628
2006-06-23,-0.0008754424343611,-0.0126681449434109,-0.0167482095850782,0.0049369271968898
2006-06-26,0.0048514782418239,0.0027161709616888,0.0141218821037602,0.0060011091173932
2006-06-27,-0.0091099589183733,-0.0268012996454848,0.0017520405337334,-0.0079181301070499
2006-06-28,0.0056526267121531,-0.0248584401092689,0.0130376899666367,0.0060125898543938
2006-06-29,0.0213572381313191,0.0513204813591302,0.0132961625944512,0.0484008318694001
2006-06-30,-0.0020914486840161,-0.0292520964444839,-0.0072696463614446,0.0041450836551688
2006-07-03,0.0079198445441037,0.0118040602371479,0.0170217539962095,-0.0018113603089484
2006-07-05,-0.007151402428886,-0.0165299297483142,-0.0148780392647151,-0.0396248352036388
2006-07-06,0.0027497532093464,-0.0218146486966448,0.0055521982319152,-0.0083886298976209
2006-07-07,-0.0067730064515024,-0.0066569688272814,-0.0076959129634096,-0.0189280098855187
2006-07-10,0.0014772996919216,-0.0072456421970708,0.0085473631979684,-0.0089013105114319
2006-07-11,0.004138174820828,0.0117487671432212,-0.0171680490567379,-0.0036389123429402
2006-07-12,-0.01087927962092,-0.0495457610786049,-0.0201143219481783,-0.0293092540206637
2006-07-13,-0.013011235140953,-0.0134968068404449,-0.016926698333398,-0.0263327093407716
2006-07-14,-0.0049147419440313,-0.030705612766253,0.0013471863185988,-0.0243072732646899
2006-07-17,-0.001379171531693,0.0329994513281316,0.0084871438664319,0.0225268573641141
2006-07-18,0.0019303758922168,0.0100701090252873,0.0114992955353389,-0.0053603463668698
2006-07-19,0.0184558717774014,0.0224303269448476,0.0286108641379706,0.0291325589893789
2006-07-20,-0.0084994069439074,0.1118089407112113,-0.0237844509534412,-0.0087387681080474
2006-07-21,-0.0070821885772585,0.0036298492587175,0.0436710456002584,-0.0293920519555616
2006-07-24,0.0164887297910569,0.0114623916803911,0.0054316893191386,0.0331882311384751
2006-07-25,0.006288934433247,0.0082696265135647,0.0091244651734622,-0.0212084532461569
2006-07-26,-0.0003682483043167,0.0308449174187616,0.0061739869796446,-0.2461815347495512
2006-07-27,-0.0039457269631014,-0.0073860220284011,-0.0207301414722455,0.0113594557335831
2006-07-28,0.0120915801570598,0.0339598024501506,0.0157942716991596,0.0227070988300232
2006-07-31,-0.0014606977491241,0.0354952607757394,-0.0078658077633193,-0.0103589531574831
2006-08-01,-0.0044660188950217,-0.0115428104347636,-0.0029138033830285,-0.0214253638236568
2006-08-02,0.0061210489703483,0.0144823003593191,0.012839199578216,-0.0087770073084794
2006-08-03,0.0016473326977704,0.0207624899752642,-0.0037105394056297,0.0227368642677957
2006-08-04,-0.0007046679581246,-0.0187110898738059,0.0032987757794344,0.0222313713038142
2006-08-07,-0.0027674954768653,-0.0160882579333395,-0.0028859420122315,-0.0188649944572207
2006-08-08,-0.003284996752345,-0.036824774602214,0.0049419119166788,-0.0158076306287198
2006-08-09,-0.0040761907603802,-0.0185404434250859,0.0041007396865589,-0.0057066922989915
2006-08-10,0.0047836199913719,0.0075199408023676,0.0008177891162943,0.0106262859486634
2006-08-11,-0.0038420321781453,-0.0065774343987518,-0.0012269633676537,-0.0159820753385679
2006-08-14,0.0012101684535022,0.0045461563699856,0.0040848008607328,0.0174909402042378
2006-08-15,0.0136435095313866,0.0385048499877013,0.007337700820548,0.04568013316906
2006-08-16,0.0078484258295101,0.0227634599495513,0.003244236627919,0.0064608982823999
2006-08-17,0.0016205608753626,-0.0057530519957363,0.0,0.039977272906002
2006-08-18,0.003692121966007,0.0047235364512417,0.0431839834711575,0.0010307508213748
2006-08-21,-0.0036701788360079,-0.0200798965598723,0.0127141309121004,-0.0345886008267196
2006-08-22,0.0009923904687929,0.0158000795414042,-0.0193280068934093,0.0084956263189944
2006-08-23,-0.0043988414398697,-0.0045949504125429,0.0019496164849005,-0.008140197134517
2006-08-24,0.0023819864173662,0.0074009357142021,0.0027236697623288,-0.0060595444723745
2006-08-25,-0.000652191009342,0.0137667901941062,0.0042637198233512,0.0021428579628285
2006-08-28,0.0051383717569456,-0.0260830744048233,0.0038618729591392,0.0309121908515578
2006-08-29,0.0020674984347227,-0.0074920008570068,-0.0042482260999761,0.0208804437040169
2006-08-30,0.000433727994519,0.0071937121627021,-0.0015495121259522,0.0382169783938885
2006-08-31,-0.0003295573816842,0.0132035863586762,-0.003883391056283,0.0052032637718989
2006-09-01,0.0054830574983391,0.0077815245162329,0.0054329031822351,0.029719394480876
2006-09-05,0.001748543996846,0.0443369995559653,-0.0089409124742374,0.0146900594484113
2006-09-06,-0.009731606271874,-0.0204945598941581,0.0,-0.0453830058478175
2006-09-07,-0.0047511324459425,0.038792775485244,-0.0070533744863952,-0.0353580529695225
2006-09-08,0.0037563527209611,-0.0038531167638466,0.0066628531841719,0.0258978617185721
2006-09-11,0.0005281123739605,-0.0002759544906981,0.0120363972752251,0.0091354632078308
2006-09-12,0.0103545298696238,0.0017916614392306,0.0007720910132752,0.0297574348302382
2006-09-13,0.0040343439014194,0.021386067664043,0.0019260604725772,-0.0015775362160989
2006-09-14,-0.0013013704690264,-0.0004043627541153,0.0133817746979862,-0.0006317119603631
2006-09-15,-0.0016862058687362,-0.0009444470055122,0.0195571097487555,0.0271171360894246
2006-09-18,0.0010097554948994,-0.0028378095114574,-0.002237555135456,-0.013622501681296
2006-09-19,-0.0021638445813763,-0.0016256768179541,0.0026098991417122,-0.0157087741708177
2006-09-20,0.0052184739354564,0.0199965606820013,0.011843061231859,0.016954880251065
2006-09-21,-0.0051810057539386,-0.0081388058355222,-0.0103552782787164,-0.0609749322339675
2006-09-22,-0.0024943883106111,-0.0223502398325882,-0.008961973263054,0.0203085918505352
2006-09-25,0.0087780092044596,0.0369789284784654,0.0108190102789607,0.0303392262275824
2006-09-26,0.0074957714407092,0.024257672041881,0.0092336514006432,0.0220883144129804
2006-09-27,0.0003681018079112,-0.015582348149811,0.0087851370871531,-0.00524449759835
2006-09-28,0.0019332469981666,0.0078215249645781,-0.0014585848218212,-0.0152722307611594
2006-09-29,-0.0024592894426397,-0.0003896052343152,-0.0018264070750343,0.0087555281023787
2006-10-02,-0.0033783097762712,-0.027925645448136,0.000365231061845,-0.039694050564493
2006-10-03,0.0020946808428773,-0.0104746250323876,0.0003655070017528,0.0265318423691669
2006-10-04,0.012209782472116,0.0173966614185222,0.0206120025322937,0.0328915781016336
2006-10-05,0.0024906598934887,-0.0073232752828786,-0.0007165270584446,0.0169495583137732
2006-10-06,-0.0026858970209794,-0.0081857650118709,-0.0017922607305638,-0.0221523244491717
2006-10-09,0.0007961788341767,0.0055090804294065,-0.0053969445949229,0.0239514253842188
2006-10-10,0.0020686872478334,-0.0110482309408627,-0.0010824580874144,-0.0230313210408211
2006-10-11,-0.0024612165657965,-0.0078887354614348,-0.005431766651151,0.0088509657623806
2006-10-12,0.0094935475107909,0.0273434088969542,0.0243912981394061,0.0192603004624421
2006-10-13,0.0020378474705605,-0.0031937912011398,0.0053014746218369,-0.0068790461190489
2006-10-16,0.0025146131802432,0.0050522825651264,0.0028156648958184,-0.02184552892598
2006-10-17,-0.0036521409791672,-0.0148306478253601,-0.0003518264255571,-0.0039957022579073
2006-10-18,0.0014803776561355,0.0032260114144121,0.0028095804738216,-0.0049398062783477
2006-10-19,0.0007715988316532,0.0581185708743032,-0.0080972321868626,0.0070933219544849
2006-10-20,0.0011915182551929,0.0120804830016808,0.0049362924995909,0.0009215174972504
2006-10-23,0.0061435817525109,0.0187107023478001,0.0007031856390071,0.0094729508998368
2006-10-24,0.0002460411248656,-0.0050460024159468,-0.0059934926962985,0.0225539555641991
2006-10-25,0.0035122576748187,0.0077431333031472,0.0010601345981004,0.113710923955984
2006-10-26,0.0049952724383868,0.0062243829463155,0.0014124253548018,0.016320446478438
2006-10-27,-0.0083135869165879,-0.0218948706548968,-0.0003528699470785,-0.0015678080033998
2006-10-30,0.0004587008910209,0.0001237968113416,0.0066819054354868,-0.0023563304527344
2006-10-31,1.1061536448184503e-05,0.0081740100194681,0.0062892793655183,-0.0015739772399533
2006-11-01,-0.0072318437466105,-0.0239653869759084,0.0034769575025847,-0.0140121261504506
2006-11-02,-7.38232782402822e-05,-0.0022767052542584,-0.0013890795405157,-0.0029329443768335
2006-11-03,-0.0021630928107869,-0.0087749321400326,-0.0013917915876616,0.0002669870527139
2006-11-06,0.0112839279067894,0.0179753016584211,0.0038216101973097,0.0198235644428661
2006-11-07,0.0022258739468872,0.0099861244916679,0.0038070127078141,0.014549490224029
2006-11-08,0.0023112084067367,0.0238109580018533,0.0010357086392476,0.017894137991918
2006-11-09,-0.0051239410149151,0.010736669065633,0.0096157453729058,-0.0160902462516315
2006-11-10,0.0018490259075556,-0.0026433375467981,-0.0006839999247952,0.0107555454251909
2006-11-13,0.0027747915944305,0.0146894993258068,0.0037548871789506,0.0184232340104119
2006-11-14,0.0064381859054036,0.0076763686173882,-0.0006840025851392,0.0373049392062202
2006-11-15,0.0026251250601901,-0.0112398257798854,-0.0037701605481217,0.0259198912103773
2006-11-16,0.0022940899166371,0.0183907555812129,0.0119473791141799,0.0056179923042232
2006-11-17,0.0010226909385853,0.0027992700677036,-0.0023782927632963,-0.0067923905601648
2006-11-20,-0.0004574040353045,0.0071958967099516,0.0165294038860112,-0.0025885412736007
2006-11-21,0.0016809564634701,0.0243346916258742,0.0010036084218267,0.0023534960263086
2006-11-22,0.0024134919572952,0.0191163215806131,0.0,0.0098246404285183
2006-11-24,-0.0035541433346473,0.0145104883105751,-0.0053620512177926,-0.01288526671411
2006-11-27,-0.0135919944128984,-0.0230734207201093,-0.0094533937716476,-0.0374773621804874
2006-11-28,0.0036275675898752,0.025036122810584,-0.003057290466292,0.0017121197774137
2006-11-29,0.0095368287140752,-0.0001095184503657,0.0061052151968964,-0.0071122310837903
2006-11-30,0.0008277269344766,-0.0015262199604788,-0.0071266936959031,-0.0071631774735696
2006-12-01,-0.0027828318055891,-0.0037154847924246,-0.0082078847039825,-0.0233239413191533
2006-12-04,0.008825113969014,-0.0021928139772436,0.0071855044569495,-0.0078971242155922
2006-12-05,0.004002058813462,0.0016450611087671,-0.0068418654148506,-0.0030737729119053
2006-12-06,-0.0010424676055644,-0.0159037335883982,-0.0048183563243516,-0.0020544434550141
2006-12-07,-0.0039242819723613,-0.0315509939926719,-0.0048405728080169,-0.0202551718383993
2006-12-08,0.0018238357437524,0.0139193895852107,0.0188843764411531,0.0088796613746323
2006-12-11,0.0022784739674457,0.0055366132080768,0.004751131631236,0.005962428551788
2006-12-12,-0.001018422528769,-0.0298498576635854,-0.0037312315858197,-0.0059624285517879
2006-12-13,0.001348355983428,0.0332238031589537,0.0040693716134442,0.0010395011331048
2006-12-14,0.0086791819425744,-0.0056303303065626,0.0174442236386739,0.0134160939012265
2006-12-15,-0.0044332409500347,-0.0094175806354885,0.0039829782828257,0.0250550876741784
2006-12-18,-0.0032297705863003,-0.0259843666046556,-0.009987069694349,-0.0189232340208287
2006-12-19,0.0021973945227688,0.0097800347026937,0.0033399162554371,0.0040671128762591
2006-12-20,-0.0013908263454029,-0.018121603984921,0.0033291693564419,0.0148561211445695
2006-12-21,-0.0034515009019831,-0.022188909239473,-0.0036626734162891,-0.0030037569518285
2006-12-22,-0.0051871955757612,-0.0084797659032973,-0.0114057818552972,0.0087358598741685
2006-12-26,0.0043556838070678,-0.0084293349490028,0.0117392859151444,-0.0109946135010917
2006-12-27,0.0072007492836279,0.0001225319649695,0.0010001707472333,0.0122363869128639
2006-12-28,-0.0014379349274735,-0.008005378828561,-0.0013336748070805,-0.0019875782940732
2006-12-29,-0.0045051804136998,0.0479239195290858,-0.0040103278402001,-0.0188282203147133
2007-01-03,-0.0010164781926594,-0.0123340755028254,0.0,-0.0194479005587331
2007-01-04,0.0012192786195996,0.0219532012442077,-0.0016758101568143,0.0051546505886644
2007-01-05,-0.0061158593200076,-0.007146740235304,-0.0057196438582827,-0.0137183463655395
2007-01-08,0.0025383878921012,0.0049261212024277,0.0097366843893203,-0.0229349712824959
2007-01-09,-0.0005214055182636,0.0797995182597135,0.0010020349574715,0.0074389290969984
2007-01-10,0.0020457987495701,0.0467458241601938,-0.0100638926708673,-0.0168160909095953
2007-01-11,0.0063264940965723,-0.0124480073732085,0.0344630783741564,0.006706933256718
2007-01-12,0.0048293774726566,-0.012393770990082,0.0164763206088027,0.0211648111920431
2007-01-16,0.0008021117514761,0.0258719813239442,-0.001603488145453,0.0119699581676554
2007-01-17,-0.0008034127576869,-0.0223903380655969,-0.0019274243681716,-0.0203822054623074
2007-01-18,-0.0029516434113251,-0.0639282557720643,-0.0032205174308182,-0.0240460423588987
2007-01-19,0.0028953767704987,-0.0064198969153303,0.0035421923468609,0.0010810811863727
2007-01-22,-0.0052633361906913,-0.0195111297606237,-0.0126154581315922,-0.0018926597511407
2007-01-23,0.0035273713694963,-0.0126386175808738,0.0006506557806928,-0.0141730363737383
2007-01-24,0.0084782214165764,0.011601174805008,0.0113218876385709,0.0225277541529699
2007-01-25,-0.011317624693231,-0.0052041867890318,-0.0208005602554203,-0.0048426244757879
2007-01-26,-0.0012148154367245,-0.0101377687545578,0.0049140264843467,-0.0062221220623088
2007-01-29,-0.0009905224928651,0.0065378851062274,-0.0022902289796794,0.015616903280992
2007-01-30,0.0057585560018076,-0.0045491793207333,-0.001639049339755,-0.0102041701742416
2007-01-31,0.0066832892702015,0.0021020447153365,0.0123900337766602,0.0165956699618536
2007-02-01,0.0055737229391925,-0.011614946149965,-0.0097690437188367,0.0269755783317864
2007-02-02,0.0016934909226559,0.0001178617537631,-0.0121808119622323,-0.0344363110467138
2007-02-05,-0.000882072814046,-0.009603523223567,-0.0193990155739712,-0.0061703750433845
2007-02-06,0.000699420427771,0.0024988610725573,-0.0033829462753308,0.0294333854919731
2007-02-07,0.0017942909623023,0.0234888901890463,-0.0047550729202372,0.0183823946418039
2007-02-08,-0.0011661796030725,0.0003481420400935,-0.0037522499457168,0.0030737729119052
2007-02-09,-0.0070635048924657,-0.0343494480336161,-0.0096158100603331,-0.0097662045829439
2007-02-12,-0.0032035069142292,0.0191499662286735,-0.0013806533522869,0.0033518144052801
2007-02-13,0.0077282954893382,-0.0021231169609925,0.0058771403244078,0.0117708626201125
2007-02-14,0.0078426937866335,0.0070590798936953,0.0133541302146016,0.0208944039344232
2007-02-15,0.0011302789255462,-0.0010555740697549,0.0020387085592557,-0.0019950131305198
2007-02-16,-0.0008494528926262,-0.0044697132227632,-0.0247436689449061,0.0067172786476045
2007-02-20,0.002902048858177,0.0125345006440908,0.0031264919278259,0.0288387531796705
2007-02-21,-0.0013360280961675,0.0376969192384595,0.0178760006524516,-0.0060408544218415
2007-02-22,-0.0006308757235626,0.0034696578848554,0.001361931593332,-0.006321440938798
2007-02-23,-0.003463269163435,-0.0049278827899975,-0.0168128654520225,-0.0053803015579985
2007-02-26,-0.0011343255971941,-0.0063070423294653,0.0058650724578461,0.0024491807491397
2007-02-27,-0.0350086501238246,-0.0531326330073899,-0.042155893056951,-0.051447802151873
2007-02-28,0.0056951050409616,0.0080700228622041,0.0107066468146856,0.0079518182243542
2007-03-01,-0.0025688893982089,0.0285448918843635,-0.0028440843393835,-0.0074368851542738
2007-03-02,-0.0114284683199702,-0.0191347704934811,-0.0118169479624144,-0.0303132695346123
2007-03-05,-0.0093785181673885,0.0105983321892463,-0.0075937981518193,-0.0171264555369482
2007-03-06,0.0153651189336672,0.0214323524009584,0.0101120202591115,0.040465655735487
2007-03-07,-0.0021728716497402,-0.0053437384446802,-0.0079365593508902,-0.0057187574623456
2007-03-08,0.007145653869422,0.0031868931564519,-0.010559288933268,-0.0068009678825821
2007-03-09,0.0006711181101166,-0.0003405646338879,-0.0010986344928403,0.0192363612904689
2007-03-12,0.0026805377274547,0.0213683932244595,0.005481446204978,-0.0007726980423092
2007-03-13,-0.0202501444093839,-0.0164924030279802,-0.0265887325233152,-0.0258398821505033
2007-03-14,0.0067085882116068,0.0179376557905335,0.025129843992201,0.006851146692853
2007-03-15,0.0037041981472738,-0.0047890982373464,-0.0043886637202137,-0.007909347849801
2007-03-16,-0.0077998023632902,0.0002230005096901,0.0018308705551621,0.0018511178100943
2007-03-19,0.0108344881697403,0.0170429992209593,0.0181297182681866,0.0157277160681953
2007-03-20,0.0063152915046307,0.0038338566232238,0.0003591718163132,0.0033753115259299
2007-03-21,0.0169344803068586,0.0257903618811812,0.0241315697285416,0.031132904812809
2007-03-22,-0.0003578225925596,0.0009582385204483,-0.0088040771298133,-0.007819436991834
2007-03-23,0.0010895978294422,-0.0046939465092161,-0.0088828238448453,-0.0129987812191431
2007-03-26,0.0009529057046168,0.0246090955812455,0.0071125897958213,0.0007693294391501
2007-03-27,-0.0061943328274369,-0.0040768393184826,-0.0178765103446664,0.009186081437081
2007-03-28,-0.0077750647783659,-0.0235304066695399,-0.0028904204568184,-0.000762291994733
2007-03-29,0.0037687347851139,0.0054544242321747,0.0039720713583467,0.0118763240513127
2007-03-30,-0.0011680557884149,-0.0090003892598129,0.0043145924569408,-0.0005025125733884
2007-04-02,0.0025858114638813,0.0079333542713321,-0.0046752801493213,0.0157090875366375
2007-04-03,0.0094239256655389,0.0090352858339627,0.0046752801493211,0.0188707964725143
2007-04-04,0.0011175741523635,-0.002437106457848,0.0223530466591965,0.0082205491946728
2007-04-05,0.0033267275349919,0.0043402575453313,0.0017528581421519,0.0036053398024494
2007-04-09,0.0005963107667496,-0.0109384369214459,0.0007005467077768,-0.0004799616122855
2007-04-10,0.0026229064264017,0.0063862507405348,-0.0059679249790221,0.0047892811850277
2007-04-11,-0.0064673286385008,-0.0177692356383597,-0.0102638503444619,-0.0043093195727421
2007-04-12,0.0061837329309586,-0.0043297371196887,0.0151810878652449,0.014056217133587
2007-04-13,0.003459953337939,-0.0213790195841922,0.0024492895270225,0.0033065689078005
2007-04-16,0.0106822467185362,0.0131006924177299,0.0041861892545034,0.0637129033516862
2007-04-17,0.0020373202299156,-0.0118824361534335,0.0041678222350016,-0.0028802501356285
2007-04-18,0.0007052303565683,0.0005533291194117,-0.0087034665099894,-0.001776593849476
2007-04-19,-0.0011785122055613,-0.0014392197674808,0.0031423071836086,-0.0078099247800252
2007-04-20,0.0092158819909982,0.0077246079610682,0.0114365593359886,0.0069204428445737
2007-04-23,-0.0022870274631107,0.0275387207130239,-0.0083047718158717,-0.004012488664755
2007-04-24,-0.0003608919552141,-0.0028913419323072,0.0003475112698942,-0.0004468275320098
2007-04-25,0.0101523860003704,0.0223770549842224,0.0069227780918965,0.2386209218481712
2007-04-26,-0.0006877249560279,0.0359481974492896,0.0037875473400026,0.0999241848447719
2007-04-27,-8.864858372330772e-05,0.0108676337874294,0.0344507675194075,-0.0028712733077546
2007-04-30,-0.0078327467477391,-0.0012019198379758,-0.0059937125860911,-0.0204961584681604
2007-05-01,0.002633009215959,-0.0033118334183425,0.0152472695743378,0.0115102186704457
2007-05-02,0.0065397512429287,0.0092062317239827,0.0068840064259442,-0.0139589995855805
2007-05-03,0.0045978634478707,9.981839977658224e-05,0.0116924897227645,0.0163738763930404
2007-05-04,0.0021555155208372,0.0040751411979881,-0.0133268317777288,0.0165846569547239
2007-05-07,0.002591421823756,0.0303841339660546,0.004895804533658,-0.0388601898213033
2007-05-08,-0.0010816832072892,0.0109100232356872,0.0013019289858304,0.0164700013212587
2007-05-09,0.0034694050663628,0.0171754151946833,0.0009750306164495,0.0163622514657791
2007-05-10,-0.0138451859153547,0.0042942183059578,-0.0065191433250887,-0.0311894070092954
2007-05-11,0.0096558900130678,0.012958355169832,0.0100866841543843,0.0104507809437175
2007-05-14,-0.0017353100852634,0.0056857443556788,0.0025865268124951,0.0022716219406637
2007-05-15,-0.0012116035190161,-0.0169684123997048,0.0009710235204205,-0.0183191253122509
2007-05-16,0.0088488989671153,-0.001675687125806,0.0054864524229231,0.0426559011883805
2007-05-17,-0.0008308396346283,0.0193751023287991,-0.0029005976565959,-0.0167481385062255
2007-05-18,0.0065572743595578,0.0052861041727587,-0.0048537341887462,0.0180127608688843
2007-05-21,0.00153191092775,0.0176578278867044,0.0071103771191373,0.0760244374266138
2007-05-22,-0.0006430715729605,0.0138352976177966,-0.0116617146971311,0.0084560935427309
2007-05-23,-0.0011896982990415,-0.0057415363377543,-0.0035903225526548,0.0017406444777841
2007-05-24,-0.0095803497721068,-0.019680530328449,-0.0134983574512198,0.0050596421635811
2007-05-25,0.0054121138799302,0.0261261667532099,0.0102223234673992,-0.011602740752517
2007-05-29,0.0016759858386458,0.0064043561315973,0.0101194243163942,0.0156321029461319
2007-05-30,0.0082814604516707,0.0379249898567702,0.0103392683963388,0.0032977304242305
2007-05-31,0.0002755214561228,0.0201703322580048,-0.0135923361762573,-0.0103598048852073
2007-06-01,0.0037061983642755,-0.023290680627195,-0.0032638207217929,-0.0081324874587041
2007-06-04,0.0018767217092138,0.0244452257227606,0.0042408075715838,0.0264763666921321
2007-06-05,-0.0052976976961453,0.0109843042952401,-0.0045673094024459,0.0448468291817329
2007-06-06,-0.0086111203555062,0.0078763920206291,-0.0095290918373413,-0.0186383358964335
2007-06-07,-0.0175732427081479,0.00347144407794,-0.0223678294867292,-0.0034642867044504
2007-06-08,0.0112390688551762,0.0033794708018506,0.0144128345744625,0.0165201994985546
2007-06-11,0.0009631543354257,-0.0351517050505171,-0.0009984115458245,-0.0286703384951301
2007-06-12,-0.0106814190392049,0.0015796421141052,-0.0056790796609119,-0.0155766389287372
2007-06-13,0.01521948760568,-0.0242148466621034,0.0179286707753664,0.0116346374844836
2007-06-14,0.0048377604204616,0.0105819345188275,0.0042686567131814,0.0147030584005516
2007-06-15,0.0021786310681712,0.0146294556288655,-0.0009835285225627,0.0063738611241928
2007-06-18,-0.0012048772808232,0.0373834956101758,0.0006556871388897,-0.0079040833049604
2007-06-19,0.0017386218587268,-0.0114976026360059,-0.0016400474173354,-0.0285249501044002
2007-06-20,-0.0136555942083625,-0.0172103495636721,-0.0148838464218186,-0.0102225352086857
2007-06-21,0.0063713869933536,0.0191491227910942,0.0069731975977901,0.0082150782684031
2007-06-22,-0.0129647806946832,-0.0072898629291103,-0.0244527794204983,-0.0116943511316497
2007-06-25,-0.0032059321427599,-0.0053806890024144,0.0,-0.0029086698808317
2007-06-26,-0.0031974109431855,-0.0222332336081132,0.0010170978682971,-0.0173355303517783
2007-06-27,0.0091389632610808,0.0185479242226395,0.0117864002868856,0.0097331545550529
2007-06-28,-0.0004054753922449,-0.0109713168049231,-0.0013396051466672,0.010946617372284
2007-06-29,-0.0015767688022889,0.0122010822699763,-0.0121425491037001,-0.0069920168321978
2007-07-02,0.010654602779022,-0.0064116316461717,0.0091207297786458,0.0173892224076685
2007-07-03,0.0037721644976206,0.0475877892173685,0.0093709955344383,-0.0023011659802223
2007-07-05,0.0003486911579878,0.0429430945004811,-0.0010001951329664,-0.0104212840668389
2007-07-06,0.0035693471884467,-0.0033958228887741,-0.0006668287671643,0.0034858423096859
2007-07-09,0.0009102832090496,-0.0150022962831891,-0.0033425471625859,0.0439662414931497
2007-07-10,-0.014273475488864,0.015380457561607,-0.0182434656216099,-0.0251506056174532
2007-07-11,0.005802610234432,0.000301826527496,0.0054399674664272,0.0063825477290021
2007-07-12,0.0188629592390648,0.0126099497259684,0.0194771343795458,0.0287087720822678
2007-07-13,0.0030841387392199,0.0269335251289618,-0.0083487602589666,0.0312419756399225
2007-07-16,-0.0019146139727004,0.0026827634076297,0.0070177943562914,-0.0189534539911811
2007-07-17,-0.0001001030291067,0.0058479629002245,0.02466795838838,0.0013561162913673
2007-07-18,-0.0019691382694882,-0.0057038006681328,0.0045384184780465,-0.006389798098771
2007-07-19,0.0044616338002648,0.0135202406751647,0.0189010073798142,0.0004090816174863
2007-07-20,-0.012282094318965,0.0264332858277081,-0.0111693398565597,-0.0237285239626307
2007-07-23,0.0048647264137645,-0.0003479360661165,0.0009623465295319,0.0015344914777766
2007-07-24,-0.0199590428087377,-0.0632680361937945,-0.012582741032645,-0.0353253270366887
2007-07-25,0.0046587765510273,0.0174169164945134,-0.0029267384216239,0.218714987120244
2007-07-26,-0.0235515826481715,0.061729923730575,-0.0240574259471635,-0.0255022928109362
2007-07-27,-0.0159346848789852,-0.0148358186340053,-0.019876276151142,0.0003570366000438
2007-07-30,0.0101851951634468,-0.0169663423634083,0.0003403798791111,-0.016073273947154
2007-07-31,-0.0126938661220498,-0.0708227893914954,-0.0140438584647195,-0.0516115528797819
2007-08-01,0.0075277610460355,0.0242932749195333,0.0106367271773813,-0.0157847358174801
2007-08-02,0.0045665282504521,0.0109765253257933,0.0074804714330147,0.0305717351074484
2007-08-03,-0.0268051672429836,-0.0345865247471912,-0.0191526616834134,-0.0371904082862054
2007-08-06,0.0238013340706669,0.0254596677513982,0.0198297929046167,0.0282432123133951
2007-08-07,0.0061387644585975,-0.0016277331473901,0.0003385110225168,0.0017705834902567
2007-08-08,0.0142378025991985,-0.007582450830675,0.0151134740950615,-0.017334107229677
2007-08-09,-0.029820361653561,-0.0585420528121126,-0.0236095877717964,-0.0483338527643337
2007-08-10,0.0003839109616761,-0.0110587274642883,-0.0203422448122078,0.0089999935857001
2007-08-13,-0.0003411056100079,0.0220749187659021,-0.0027901113510816,0.0012028066936261
2007-08-14,-0.0181306553254198,-0.0298647508911383,-0.0091551923435815,-0.0191483736227075
2007-08-15,-0.0136659559589788,-0.0338655536195724,-0.0060316536181682,-0.0146748844842898
2007-08-16,0.0032827132631879,-0.0240572188792904,-0.0103734656538378,0.00564856499457
2007-08-17,0.0241781641311325,0.041911308910323,0.0156973897132389,0.0301761615235747
2007-08-20,-0.0002764210123297,0.0013100508320034,0.0003540007091071,-0.0042746525149697
2007-08-21,0.0010904499361725,0.0428425496108872,-0.0067460602979484,0.0366688036370871
2007-08-22,0.0116568579390154,0.0379930530364968,0.0053295986349437,0.0129497290125039
2007-08-23,-0.0010564211243615,-0.010926733691645,0.0028308709893175,-0.0154046691949863
2007-08-24,0.0115194337965128,0.0317632547608559,0.0178605304834968,0.0249134571640136
2007-08-27,-0.0084949357827024,-0.0228007444648843,-0.0111690656842116,-0.007599783253103
2007-08-28,-0.0236073664766527,-0.0419251047212354,-0.0198523015245275,-0.0313837340585726
2007-08-29,0.0218330540528848,0.055667840261324,0.0233561867542949,0.036456668209767
2007-08-30,-0.0041144695279377,0.0160546855411121,-0.0049089521579267,-0.0046915701346226
2007-08-31,0.0111164773023816,0.0162340969632962,0.0097936356935155,0.0155120078655129
2007-09-04,0.0103609671752077,0.0401981895510105,0.0027804969188552,0.0343186006432742
2007-09-05,-0.0110533263376924,-0.0526959624922355,-0.0115204505155093,0.0126165686755303
2007-09-06,0.0043938520440995,-0.0128785996816028,0.0149855334885245,0.0289500095166579
2007-09-07,-0.0169574470613715,-0.0242909536806713,-0.0163908031476644,-0.0197979874739777
2007-09-10,-0.001236384679387,0.0368043143407215,0.0014052696591399,-0.0140595667535485
2007-09-11,0.0134643947853806,-0.0089644068929465,0.0156773503319656,0.0346691955266481
2007-09-12,0.0003071874248579,0.0099872235287235,0.0,0.0117526413246009
2007-09-13,0.0083921135148416,0.0025546435535862,0.007918651033342,-0.0004582951500929
2007-09-14,0.0001964396325546,0.0116665010193636,-0.004124045062323,0.0058275889085624
2007-09-17,-0.0050983032613482,-0.0028864462981459,-0.0107320027063305,-0.0098466561546573
2007-09-18,0.0286356229216795,0.017972395018254,0.0069373967353116,0.0209503279061563
2007-09-19,0.0060605979747724,-0.0010651523850768,-0.0090279872821648,0.0028129413766146
2007-09-20,-0.0064984515536121,-0.0032729941081861,-0.0087582274969267,0.007276830319002
2007-09-21,-0.0001444228323927,0.0270001501879222,0.0080605684003734,0.018237587549781
2007-09-24,-0.0052848352786364,0.0282478632151295,0.0148971729956394,0.0140303568590328
2007-09-25,-0.0003330738759991,0.0325113487001968,0.0163715147632006,0.0095663652107015
2007-09-26,0.0055687111030511,-0.0026800410826197,-0.0020322980707261,-0.000535016865793
2007-09-27,0.0039143535895676,0.0112601991415762,-0.000338790371759,-0.0005353032620733
2007-09-28,-0.002994963501021,-0.0066883947947268,-0.0010180449960183,-0.0024660924951934
2007-10-01,0.0131578055734245,0.0185277054772513,0.0104679702751393,0.0027873088371598
2007-10-02,-0.0002477598634551,0.0134058988588271,-0.0023540643990283,-0.0113044213984625
2007-10-03,-0.0043441708745483,-0.0033503187313098,-0.0084531094160468,0.0010821340737846
2007-10-04,0.0021083990003336,-0.0106952958726169,0.0087896906670451,-0.0021654404304049
2007-10-05,0.0097919038241371,0.0328022164966659,0.0043662503979472,0.0126018146751898
2007-10-08,-0.0032147004386328,0.0392325078799851,0.0,0.0255719766867894
2007-10-09,0.0080538959245204,-0.0002980623898361,0.0086751246368986,-0.0055448172611121
2007-10-10,-0.0016298517225904,-0.0063945280997111,0.0043095714400479,-0.0069481277524395
2007-10-11,-0.0051236400084463,-0.0277203010232852,-0.0106415711597572,-0.0578422085541293
2007-10-12,0.0047173651277707,0.0304745790065426,0.0086549091393887,0.0333529346805462
2007-10-15,-0.0084080312196301,-0.0016157260090384,-0.0043180221923146,-0.0201209631171696
2007-10-16,-0.0065948686531789,0.0154507858173563,0.0092778431949291,-0.0111075228412845
2007-10-17,0.0018468616306301,0.0185208334696372,0.0247566038906877,0.0113284196833578
2007-10-18,-0.0007448025794199,0.0043317985240263,0.0025705302190202,-0.0077605710998543
2007-10-19,-0.0259159036895446,-0.0179112481033174,-0.0322869551123226,-0.0010021714551817
2007-10-22,0.0038078355367132,0.0228562138163558,0.0112065538755202,0.016901810802603
2007-10-23,0.0087471952278256,0.0654841635860431,0.0127013568212541,0.0992954960774954
2007-10-24,-0.0024317851884113,-0.001236222869519,0.0112636832314745,-0.1277386978072385
2007-10-25,-0.0009791372388126,-0.0170869347660108,0.0234037874121928,-0.0058777155765708
2007-10-26,0.0137031803246871,0.010449725477947,0.0907818001918123,0.0200893350595895
2007-10-29,0.0038339199372983,0.0021091410545465,-0.013218989378431,0.0011104942840271
2007-10-30,-0.0064547523871621,0.0102663918137732,0.0285165598435546,-0.0208597896690451
2007-10-31,0.0119571561509158,0.0156523845211534,0.0342667539021133,0.0102599693639024
2007-11-01,-0.0264918283814188,-0.0133023317280311,0.0067686534475605,-0.0169687329419057
2007-11-02,0.0008197868260646,0.0022915549819974,0.0,-0.019236900299108
2007-11-05,-0.004882559505018,-0.009036406610938,-0.0089443510908797,-0.0189028228906002
2007-11-06,0.0119585057854857,0.0296872088861261,-0.0087502487306896,0.0337948729976846
2007-11-07,-0.0292162473219901,-0.0290429291988721,-0.0247474086724831,-0.0026389780675874
2007-11-08,-0.0005285047880573,-0.0598899029931134,-0.022204006590583,-0.0405635260878632
2007-11-09,-0.014320461328797,-0.0592829896683323,-0.0295046932491956,-0.0577497799127711
2007-11-12,-0.0099694480827574,-0.0727925807444815,-0.0104304447953122,-0.0242490552533143
2007-11-13,0.0289290335992172,0.1001707334106918,0.0351431390879477,0.0364696797813914
2007-11-14,-0.0068184982477297,-0.0229130043170368,-0.015499541981821,-0.0170490964249111
2007-11-15,-0.0132135409757909,-0.0109566744348482,-0.0050231237941045,-0.0084421069301568
2007-11-16,0.0052130933268394,0.0126408861969139,0.0097274107875102,0.0095878011551536
2007-11-19,-0.0175315780473438,-0.0147731074429982,-0.0038209030939982,0.0073520422428237
2007-11-20,0.00450709476896,0.0294496549440321,0.0180923541824496,0.0151660486618849
2007-11-21,-0.0159453240233664,-0.0023126249116393,-0.0101729590756092,-0.0078676646862865
2007-11-23,0.0167895203550894,0.018117958432593,-0.0035115197279862,0.0207216298254571
2007-11-26,-0.0234249333401876,0.0058130600565811,-0.0339930425096411,-0.0015977389252749
2007-11-27,0.0148066287580407,0.0130701871118385,0.002726014922434,0.0514224373397532
2007-11-28,0.028361252683396,0.0304786359141085,0.0191739617427036,0.0535690065294214
2007-11-29,0.0005400885970024,0.0223324063027855,-0.0032698412187252,-0.0128171161137903
2007-11-30,0.00771637795007,-0.0112964187112893,0.0002980208560429,0.0156922701457233
2007-12-03,-0.0058622568039943,-0.0186110215129421,-0.0204457379116057,0.003857391678894
2007-12-04,-0.0065314164055697,0.0052973778320542,-0.0045667383175953,0.0377769936106585
2007-12-05,0.0155313812450376,0.0311543056509623,0.041249105245724,-0.013006579946861
2007-12-06,0.0149505447307659,0.0237060225538378,0.0116449586541698,0.0108859132630121
2007-12-07,-0.0017708506332861,0.022642427373351,-0.0005794153305125,0.001060895495217
2007-12-10,0.0074809109546418,-0.0004634426104518,0.0066393300007371,-0.0137727047598424
2007-12-11,-0.0254694273990215,-0.0296301458492389,-0.019170584084703,-0.0247060506509908
2007-12-12,0.0061287602798453,0.0122303722297045,0.0107923091078767,0.0058232324088602
2007-12-13,0.0012495673474959,0.0050691079176492,0.0215247702719496,0.0121952730938182
2007-12-14,-0.0137419946993506,-0.0075345479139418,0.0025521265008216,-0.0365921362584717
2007-12-17,-0.01504092505337,-0.0319673165716848,-0.0264006443659744,-0.0458253225277008
2007-12-18,0.0062318341483102,-0.0077306900409228,0.010126029575371,0.0209334309896486
2007-12-19,-0.0013249149079481,0.0007649995566989,0.0014385298398647,0.0282539926541909
2007-12-20,0.0051150255730061,0.0220893049944174,0.0207663036788832,0.0133364946227622
2007-12-21,0.0113821613521637,0.0351629519300596,0.0150878343264589,0.0074791373711886
2007-12-24,0.0080536735207,0.0249055707554248,0.0143176717429541,-0.002743184909992
2007-12-26,0.0008171894640059,0.0007543497700028,0.0008195269764583,0.0200158972094503
2007-12-27,-0.014081540864526,-0.001912092446175,-0.017636139617192,0.0149655385294053
2007-12-28,0.0014499727699711,0.0063253252198417,0.004161350004706,0.0021197676193984
2007-12-31,-0.0068580782123472,-0.0087959361851624,-0.0145009974538527,-0.0193495801228335
2008-01-02,-0.0143379231402353,-0.016492505150319,-0.0107315912084989,0.0382279593432084
2008-01-03,-3.9236518659695e-06,0.0004617747420677,0.0042499717334737,-0.0108639948702934
2008-01-04,-0.0248553035519394,-0.0794059040220621,-0.0283889426329235,-0.0698109472533647
2008-01-07,0.0032291422671656,-0.0134755547385119,0.0066674427898133,0.0003378188197207
2008-01-08,-0.018181114299963,-0.0366347278529823,-0.0340908254418592,-0.0106396023475466
2008-01-09,0.0135945143890219,0.0464934950357136,0.0291668355841258,-0.0307360994446434
2008-01-10,0.0079313833880852,-0.0077219989330324,-0.0031989500179396,-0.0113288915208955
2008-01-11,-0.01363108291496,-0.0303972030937919,-0.0123097463718969,-0.0384709349670711
2008-01-14,0.0108002592446721,0.0346574608365574,0.0140556964920537,0.0218367932771519
2008-01-15,-0.0252044833552209,-0.0560206862806309,-0.0114052289314812,-0.0322509712072712
2008-01-16,-0.0054970988009786,-0.0572141885279941,-0.0229070583568172,0.0013699485298415
2008-01-17,-0.0294491634191667,0.0077997004174373,-0.0036180074301518,-0.002866581385904
2008-01-18,-0.0060401997624831,0.0029170377435825,-0.003024857013708,-0.0045033851440346
2008-01-22,-0.0110951179319607,-0.0360922063377473,-0.0323253370351979,-0.0161783103964752
2008-01-23,0.0212227415458728,-0.1125681228742474,-0.0009389489539352,-0.0591842096573313
2008-01-24,0.0100140266061791,-0.0252685440830949,0.0405085636229638,0.0488094768317796
2008-01-25,-0.0159699843806882,-0.0420978818447779,-0.00936705962422,-0.0009016552423829
2008-01-28,0.0174015976159665,0.0,-0.0067009567153208,-0.0232053171009843
2008-01-29,0.0061772060861491,0.0116999680404681,-0.0036745888975204,-0.02497292093138
2008-01-30,-0.0047057610161635,0.0048531797439538,-0.0123455346841378,0.0035097228252335
2008-01-31,0.0167693118334475,0.0237738810397355,0.0123455346841378,0.0459563453915595
2008-02-01,0.0121335447956005,-0.0119658847809257,-0.0682258259806627,-0.0403126862303056
2008-02-04,-0.010486111206037,-0.0158252595990054,-0.0085756487282437,-0.0091533819864873
2008-02-05,-0.0323650854173256,-0.017548244741873,-0.0378039355080865,-0.0254738507403215
2008-02-06,-0.0072323164231779,-0.0585774576768823,-0.0191013000831715,-0.0512275892066732
2008-02-07,0.0080846356190851,-0.0062492283087945,-0.0141244288271454,0.0347237181060915
2008-02-08,-0.0041993597203169,0.0343742366073447,0.0155263031974748,0.0358739389028855
2008-02-11,0.0058974778828965,0.0311483972545488,-0.0123306250175863,0.0227328371711446
2008-02-12,0.0072634145998478,-0.0361016362812901,0.0045975335058737,-0.0098904842599175
2008-02-13,0.0138493583065164,0.0357150015712686,0.021641515165771,0.0431135241121101
2008-02-14,-0.0134492457884257,-0.0151052124183582,-0.0160117313264032,-0.0251429905938022
2008-02-15,0.0008909433317147,-0.0224540259467939,-0.0028108090057321,-0.0381869468822499
2008-02-19,-0.0008237056483676,-0.0198538669347932,-0.0049576149669252,-0.0121347324659934
2008-02-20,0.0083341329871595,0.0133339252593013,0.001773486335468,0.0214117430647946
2008-02-21,-0.0125653721953563,-0.0185856376185218,-0.0042612238733027,-0.0521227071251124
2008-02-22,0.0079182788249726,-0.0172620500194953,-0.0150596918439304,0.0307109640603178
2008-02-25,0.0136850515157931,0.0023416928345119,0.0057640504064677,0.0163746348717898
2008-02-26,0.0068746726775768,-0.0049397816578851,0.019210494242226,-0.0217999803070916
2008-02-27,-0.0006711334227594,0.0314761657242152,-0.0042371980309592,-0.0115040550426162
2008-02-28,-0.0088475252766803,0.0549827697798264,-0.0117460224244276,-0.0435478265412864
2008-02-29,-0.0273288748575596,-0.0383685538895122,-0.026484332999926,-0.0510993869583493
2008-03-03,0.0005657098995238,-0.0266681326840508,-0.0077506733061255,-0.032154070248876
2008-03-04,-0.0034329702724654,0.0234638539708717,0.021987013670485,0.0455584770992711
2008-03-05,0.0057004905490315,-0.0010438110802795,0.0190276069610726,-0.0053709942666666
2008-03-06,-0.022011051953863,-0.029013229233927,-0.0197527204640024,-0.0352342091437253
2008-03-07,-0.0083947378347342,0.010855956111636,0.0108222230523358,0.0212891427536032
2008-03-10,-0.0154649987616948,-0.0211632313566776,0.0064384776666615,-0.0097209921977566
2008-03-11,0.036311267010871,0.0620340300634542,0.0429159755686269,0.0563615696508678
2008-03-12,-0.0087131130481652,-0.0104197236811155,-0.0224499250011328,-0.0095766106729168
2008-03-13,0.005127140592375,0.0150419116623546,-0.0003489856430512,0.0268502371839846
2008-03-14,-0.0208708585583053,-0.0104495255772719,-0.0233310974919972,-0.0014647724898146
2008-03-17,-0.0088007939704975,0.0009472694389412,0.0120866455654379,-0.0250848032367035
2008-03-18,0.0413486823309743,0.0469361383105302,0.0388126885104671,0.0748377738517786
2008-03-19,-0.0244439642748291,-0.0240022035868749,-0.0275682365839076,-0.0215698783413772
2008-03-20,0.0187105374233044,0.0273845046608543,0.0193775302878196,0.0421379303489382
2008-03-24,0.0151888776619954,0.0459023691556418,-0.0003428767714087,0.0370164294286461
2008-03-25,0.0023028353320398,0.0103382255136634,-0.0010289126852049,-0.0103230138524042
2008-03-26,-0.0087509903889283,0.0285292705283381,-0.0201046652072591,-0.0183934835829507
2008-03-27,-0.0113082084696503,-0.0337207492903363,-0.0180181405483897,-0.0414997309067527
2008-03-28,-0.0079389112551089,0.0194881259247879,-0.0050038779034768,-0.0147982210989499
2008-03-31,0.0056869985959695,0.0034201335730852,0.0166995037783625,0.0218355478195261
2008-04-01,0.0352303515087607,0.0411626281283235,0.0387054111572892,0.0730053809529601
2008-04-02,-0.0017355373065647,-0.0137369251530404,-0.0115925481287951,0.0086974001881527
2008-04-03,0.0012986271864661,0.0275508231439706,-0.005501843549653,-0.0319113151958218
2008-04-04,0.0008045134211738,0.0096493421220501,0.0055018435496528,0.0254278899954994
2008-04-07,0.0015629634252815,0.0181903305540285,0.0,0.0003901931505577
2008-04-08,-0.0047734682772221,-0.0197596787318649,-0.0141597417997907,0.0051880790817778
2008-04-09,-0.0080347954202804,-0.0092016880358118,0.0048577952844933,-0.0383724313901262
2008-04-10,0.0045026779070913,0.0203277296947771,0.0075864322696057,0.005897349889017
2008-04-11,-0.0204871251637357,-0.049132834835778,-0.02892708300745,-0.0386916536110555
2008-04-14,-0.0033675545465789,0.0043402017484786,-0.0078095223544125,0.0085754329109439
2008-04-15,0.0045909630102999,0.0040522222535618,0.0067480174988428,-0.0015160915315263
2008-04-16,0.0225072908781837,0.0352256793384293,0.0244768926552569,0.0284198881064427
2008-04-17,0.0006412303164906,0.005126890601957,0.0092834137328625,-0.007400962261775
2008-04-18,0.0179469879641385,0.0415232430712273,0.0263436047356494,0.0786703663690167
2008-04-21,-0.0015295462059542,0.0432630994169483,0.0139032232827789,0.0009982531400474
2008-04-22,-0.0088132122122216,-0.048492436903891,-0.0056045776381873,-0.0072600143640236
2008-04-23,0.0029070188779308,0.0166520821028095,0.0389032477201073,0.0174350618221013
2008-04-24,0.0064059299982511,0.0364682970824899,0.011067197620616,-0.0417226057101092
2008-04-25,0.0064693578831149,0.0046652774615995,-0.0639518981508675,0.0399927152502954
2008-04-28,-0.0010111464423026,0.0146801823913012,-0.0285636615878771,0.0136340624523143
2008-04-29,-0.0038680841933151,0.0161825423330285,-0.0121468189305675,-0.0151192112401444
2008-04-30,-0.0038092094144074,-0.0063038849397148,-0.0041983636583798,-0.02648080942137
2008-05-01,0.0171538714343422,0.0341889585347956,0.0303894534242195,0.0092411569731926
2008-05-02,0.0032181484085784,0.0052087154538205,-0.0054575067117526,-0.026171149644234
2008-05-05,-0.0044511360836576,0.0207297628173406,-0.0054870301520863,-0.018143159030711
2008-05-06,0.0076404813519974,0.0103936768880345,0.0210964432585199,-0.0027699021864571
2008-05-07,-0.0178360570403185,-0.0220458851600701,-0.0166356265466619,-0.0339880925241545
2008-05-08,0.0037004998823286,0.0134368662187502,0.0020514685569504,-0.0053435764608941
2008-05-09,-0.0065196651879233,-0.0087378625985238,0.0040915211544167,-0.0052341717294372
2008-05-12,0.0109587336987789,0.0253504933278359,0.0202093793395079,0.0288573174928731
2008-05-13,-0.0001608273220635,0.0095211641031926,-0.0033519015319786,0.0004024414837333
2008-05-14,0.0041556051240557,-0.0196704918249531,0.0050242419791999,-0.0048400202040009
2008-05-15,0.0106775129104247,0.0184586652542382,0.0172244998399405,0.0255468922546139
2008-05-16,0.0012648437549077,-0.0111831369239551,-0.0152222872513853,0.0044566858403179
2008-05-19,0.000929698208311,-0.021659250190112,-0.017830210279395,0.0734818653493546
2008-05-20,-0.0092893105321464,0.0124495760399265,-0.0240479268865319,-0.019263217572268
2008-05-21,-0.0160636371327779,-0.0423586349026655,-0.0178921019004523,-0.030438773048596
2008-05-22,0.0027907328316884,-0.0064180882505819,0.0077575145948053,0.0121859847655314
2008-05-23,-0.0132508010660412,0.0230032566472228,-0.0148624942067621,-0.0115476189602591
2008-05-27,0.0068001406038088,0.0286202417094838,0.013808199168186,0.0285607888869899
2008-05-28,0.004129828837905,0.0031061332974061,-0.0091842000807109,-0.0067206226820545
2008-05-29,0.0054141211360526,-0.0017125293777547,0.0046024264946076,0.0033659571765565
2008-05-30,0.0015169894871851,0.0109736322953606,0.0003534427697909,0.0156822377941381
2008-06-02,-0.010488910035337,-0.0141389451679531,-0.0185323557360299,-0.0171768202120951
2008-06-03,-0.0057472784358568,-0.0039303255625608,-0.0177829979213706,-0.0014968195385392
2008-06-04,0.0001631037953199,-0.0009714267097615,0.0083862663493065,0.0172023300197918
2008-06-05,0.0192993998289262,0.0226370003518662,0.0272223182213151,0.0362668503095739
2008-06-06,-0.0311221252778652,-0.020210378829259,-0.0290391762538176,-0.0469990818594602
2008-06-09,0.0008315838459858,-0.0219476343050079,0.0079711287550036,-0.0149946580518901
2008-06-10,-0.0024268274673926,0.0219476343050079,0.0064744911107937,0.0023891869271304
2008-06-11,-0.0167394694768681,-0.026362124709639,-0.02799647515467,-0.0298301276679085
2008-06-12,0.0033285194480389,-0.042653678692394,0.0404676899223935,-0.0147301105630916
2008-06-13,0.0148735554050239,-0.0051498803384544,0.0289675710915491,0.0388923598421715
2008-06-16,7.966421358620711e-05,0.025601934457973,-0.0048275107206351,0.0314565626826148
2008-06-17,-0.0067558755559271,0.0256245660193037,-0.0045038522556314,0.0154250948102368
2008-06-18,-0.0096953086367942,-0.0148812305495961,-0.0118760518127417,-0.0054384084731428
2008-06-19,0.003986704761338,0.0119558863915543,0.0163799040683732,0.0208665683478194
2008-06-20,-0.0236896131185719,-0.0316169414781591,-0.0244939722245208,-0.0382242954295032
2008-06-23,5.1801215941763766e-05,-0.0121113686738224,-0.0092531793181895,-0.0051922480353562
2008-06-24,-0.0028114758477302,0.0005193839154339,-0.0086174927104503,-0.0129742338900153
2008-06-25,0.0058702347490114,0.0236149162143463,0.0221124546100616,0.0108649211158938
2008-06-26,-0.0294834395252691,-0.0528399332945211,-0.0213912613673187,-0.0537084620214781
2008-06-27,-0.0036956533367879,0.0108174364388,-0.0043334983062835,-0.0217284648039735
2008-06-30,0.0013090633327196,-0.0157029037128576,-0.0043526572991581,-0.0179746713807296
2008-07-01,0.0040237057736475,0.0423301881719383,-0.0235391554516022,0.0039469258451668
2008-07-02,-0.0183101047525128,-0.0379201202678564,-0.037540062109337,-0.0300587913826314
2008-07-03,0.0011065395079584,0.0114689892252468,0.0038566247300671,0.0078081824478117
2008-07-07,-0.0083873492323145,0.029195597912661,0.0019229328151074,0.006782502296731
2008-07-08,0.0173049289346757,0.0247537511560867,-0.0069397420147139,0.0345726833851827
2008-07-09,-0.0229083980311281,-0.0299624522088307,-0.0242762393896305,-0.0608495271697137
2008-07-10,0.0069578748102508,0.0135659205000163,0.0086816276615222,0.0002832058925753
2008-07-11,-0.0110649187811305,-0.0231965306906031,-0.0078894341767722,-0.030037466974368
2008-07-14,-0.0090567937086647,0.0075051963400313,-0.0039685620317462,-0.0335293238881005
2008-07-15,-0.0109224431639156,-0.0246871773924964,0.0389914488558784,0.011252087811504
2008-07-16,0.0248524030087973,0.0185139608343902,0.0415713908695357,0.0693011436240777
2008-07-17,0.0119519407376917,-0.0058029928219749,0.0094923430891146,0.0037513069347239
2008-07-18,0.0002759032909872,-0.039535508453223,-0.0622150278430726,-0.0423486064328679
2008-07-21,-0.000524501197345,0.0068793617651353,-0.0085442956938303,-0.0093023926623135
2008-07-22,0.0134017971998057,-0.0260135851142829,0.0062206766136226,-0.0074753004749398
2008-07-23,0.0040476377579703,0.0258329762949895,0.0241254737269313,0.0371134934493591
2008-07-24,-0.0232773795247981,-0.0444597467832158,-0.0381768921704298,0.109717327936092
2008-07-25,0.0041541513264633,0.0192438757089418,0.0279086496488844,-0.0052219439811516
2008-07-28,-0.0187302194238922,-0.0487900417656994,-0.0255528852777094,-0.0302051610033668
2008-07-29,0.0231255956437646,0.0172086606303067,0.0236397260557665,0.0289273688540404
2008-07-30,0.0165687439317336,0.0176678977792269,0.0045855104080155,0.0
2008-07-31,-0.0130055001614128,-0.005833806740215,-0.0196349242224773,-0.0242004692964363
2008-08-01,-0.0055859389119991,-0.0145116810550456,-0.0109460766124797,-0.0077586029276051
2008-08-04,-0.008973685473221,-0.0221379134473843,-0.0063091974089876,-0.0005281922742633
2008-08-05,0.0283496548897314,0.0472258842911945,0.036127300955716,0.0439290369180897
2008-08-06,0.0037975921311061,0.0218587159097683,0.0304365362738369,-0.0129772813587212
2008-08-07,-0.0179555484279641,-0.0037836375361548,0.0136004671436279,-0.0147061473896954
2008-08-08,0.0235470413346354,0.0359067508324935,0.0266587236974869,0.0452255400270012
2008-08-11,0.0071399608496415,0.0233758522803419,-0.0082099892316239,0.0899776188098148
2008-08-12,-0.0120395914382905,0.0180997519591324,0.0078545474758746,-0.0095814580391676
2008-08-13,-0.0025925125498582,0.0144370989497322,-0.0074962054780407,-0.0064390242019873
2008-08-14,0.0055433443863339,0.0001115914463087,0.0,0.0153391285922656
2008-08-15,0.0041628000162496,-0.0201663284496929,-0.0035891623959323,-0.0186899896628047
2008-08-18,-0.0150836673083914,-0.001993471299701,-0.0043245227034122,-0.038822644245075
2008-08-19,-0.0092401948065122,-0.0106616854968353,-0.0094716492320635,-0.022142023806454
2008-08-20,0.0062208030772315,0.0132240983604768,-0.0010990194393591,0.0102803499936199
2008-08-21,0.0025464968763744,-0.0088540391292474,-0.0040387847671871,0.0136648840147287
2008-08-22,0.0113382299672486,0.01424196530887,0.0239922805152295,0.0237371695702349
2008-08-25,-0.0197526392407861,-0.0242756655620027,-0.0064860406186605,-0.0286736674644923
2008-08-26,0.0036782206331017,0.0062971599069493,-0.014200440359161,-0.0132436174171775
2008-08-27,0.0080895733839021,0.0059143345576626,0.0105780825041347,-0.0003669949273559
2008-08-28,0.0148248478474023,-0.0053387044500814,0.0136944384910582,0.0204669572407608
2008-08-29,-0.0137201158483642,-0.0245297853944382,-0.0235395357654137,-0.031787368523443
2008-09-02,-0.0040558292122483,-0.0198981475933204,-0.0069864032619247,0.0073973953405302
2008-09-03,-0.0015269382906104,0.0046226527568883,-0.0074074102861827,-0.0078925061316814
2008-09-04,-0.0302150711327835,-0.0349845962094013,-0.0206580014438491,-0.034512241325535
2008-09-05,0.0044303274229276,-0.0064716846006966,-0.026924800732055,0.0147566600936512
2008-09-08,0.0203703122515926,-0.0142094685914656,0.0181578411672919,0.0245724867352928
2008-09-09,-0.034559471798873,-0.0403158122236018,-0.0007659346997883,-0.0264684615180016
2008-09-10,0.0061492790246347,-0.0004614957560395,0.0129425427189999,-0.029530968620806
2008-09-11,0.0139547494389146,0.0068364762120597,0.0334729296554272,0.0354597150945857
2008-09-12,0.0021110668523828,-0.0246040829030853,0.010189372341557,-0.0153351969166346
2008-09-15,-0.048014490087525,-0.0593338621419164,-0.0293925482188321,-0.0123363168176064
2008-09-16,0.017287463782816,-0.0034246637105824,-0.0314357178917408,0.0178129910172248
2008-09-17,-0.048003627777301,-0.0900838605504923,-0.0561858001867319,-0.0957675433655041
2008-09-18,0.0424969174522358,0.0478100942909167,0.0276961124881843,0.0670340070016184
2008-09-19,0.0337339241706521,0.0496098266028247,-0.0039671545888357,0.0571584138399486
2008-09-22,-0.0389331646949061,-0.0725422323194205,0.0094938125568771,-0.0778948102962192
2008-09-23,-0.0157299121918907,-0.0326529282187436,0.0015736652099477,-0.0432271266256786
2008-09-24,-0.0019666607202702,0.0146362030917313,0.0109462224665209,-0.0254035676001393
2008-09-25,0.0194629159751533,0.0247096721621018,0.0340185334622973,0.0298529631496811
2008-09-26,0.0033879963813825,-0.0283682894299907,0.0292553771636987,-0.0193310403975554
2008-09-29,-0.0919288693156214,-0.1974699165507107,-0.0912666486325309,-0.1097706661353791
2008-09-30,0.0527647306976326,0.0767777948132496,0.0650130344956723,0.1384914468827734
2008-10-01,-0.0044052478100713,-0.0407630230543772,-0.0078996346487748,-0.0446891839261255
2008-10-02,-0.0409430898408413,-0.0862788221911298,-0.0087236295835749,-0.0324257997897247
2008-10-03,-0.0135736506955073,-0.0307372662129317,0.0026629773204231,-0.0053587505431051
2008-10-06,-0.0392338926099974,0.0109625973561866,-0.0550596913252586,-0.0267731335829615
2008-10-07,-0.0590138393917529,-0.0959619541222817,-0.069824609244102,-0.1085509096560809
2008-10-08,-0.0108422150683347,0.0070405502447591,-0.0095155435350407,0.0418331031366
2008-10-09,-0.079094099688583,-0.0117626860142046,-0.0313420585338165,-0.0858499885533744
2008-10-10,-0.0117246137946148,0.0869359953724869,-0.0365339573683147,0.0044543503493803
2008-10-13,0.1093977870377586,0.1301940939993159,0.1706253854610824,0.0976508725877734
2008-10-14,-0.0053183574965597,-0.0576812028667418,-0.0564664858767315,-0.1046083531552721
2008-10-15,-0.0944413453254728,-0.0607027565470067,-0.0616109163584317,-0.1367589371153891
2008-10-16,0.0415794279614111,0.039437101850138,0.0653385253828871,0.0317166267822317
2008-10-17,-0.0062127966586406,-0.0450681610868717,-0.010806545948833,0.007132980510819
2008-10-20,0.046496079177054,0.0106213120787491,0.0324797329009251,0.0447864848617427
2008-10-21,-0.0312225035754978,-0.0732175151199592,-0.0565878686996851,-0.053113257794482
2008-10-22,-0.0626312310904965,0.0571405195092245,-0.0815771720645624,-0.0047894723364743
2008-10-23,0.0125562368316888,0.0139416048905279,0.0360351478588032,0.0065796269667061
2008-10-24,-0.0350494199073205,-0.019012939811052,-0.016260148013783,-0.0273989741881145
2008-10-27,-0.0322132064982594,-0.0455326519324111,-0.0361652497813545,0.0125838884029737
2008-10-28,0.1022529223466082,0.0815030496106126,0.0867749837668383,0.1224781948617617
2008-10-29,-0.0109740372998435,0.0453960990769971,-0.0043382660876083,0.0150538572937496
2008-10-30,0.0256001920349823,0.0602248725152282,-0.0162177797388793,-0.0031690167366192
2008-10-31,0.0152181974052728,-0.0315624428016552,-0.013345156405599,0.0093023926623134
2008-11-03,-0.0025215164229572,-0.0058732403485534,0.0129030789906994,-0.0260168642867879
2008-11-04,0.0399277681599868,0.0369855273234494,0.0394419544404362,0.0469355975166151
2008-11-05,-0.0533893900573844,-0.0718025679968705,-0.0636042915191219,-0.1173126587047331
2008-11-06,-0.0511348389111366,-0.0415079522358058,-0.0558804307629224,-0.0960414975559773
2008-11-07,0.0286894581837135,-0.0087160768820093,0.0292615024558406,0.04127932322052
2008-11-10,-0.0125612963214985,-0.024315969298235,-0.009346014284545,-0.0153581394895072
2008-11-11,-0.0222237863968962,-0.0116446359168107,-0.0047058075496321,-0.0455967542961913
2008-11-12,-0.0525994059948702,-0.0503107912871079,-0.0433803788032432,-0.1080037948611618
2008-11-13,0.0667632394796167,0.0677790735260017,0.0457359866064593,0.077967556851042
2008-11-14,-0.0422299752723617,-0.0664485052893695,-0.0576295161165566,-0.0734062717852042
2008-11-17,-0.0259981442803614,-0.0235463445529834,-0.0375862498590783,-0.0506001845018905
2008-11-18,0.0100675565506809,0.0198826454764473,0.0221598548685835,-0.0320006826928822
2008-11-19,-0.0626498559633313,-0.0410953759331593,-0.0701947302937462,-0.0700339959953619
2008-11-20,-0.0691237387781551,-0.0695807540336869,-0.0424407394789259,-0.0228597508973342
2008-11-21,0.0612153443863041,0.0256347274736578,0.1156889190232008,0.0779544047043079
2008-11-24,0.0624083254973842,0.1182941240793974,0.0500477443550681,0.1153448340166677
2008-11-25,0.006644446788682,-0.0234025204543088,-0.0344185856070395,-0.0073208497941238
2008-11-26,0.0349109344145685,0.0452172877576877,0.0247049319932388,0.0410969033991732
2008-11-28,0.0095673441308083,-0.0248316876384701,-0.013264532328436,-0.0290812093008418
2008-12-01,-0.0929327928600483,-0.0411954362331673,-0.0829736247666871,-0.0536379613468046
2008-12-02,0.0389907917579528,0.0390346003839991,0.0286039721402319,0.0176345495602151
2008-12-03,0.0258900906668806,0.0364219187184634,0.0369082052235261,0.0931227928585244
2008-12-04,-0.0295123140534735,-0.0479510048841428,-0.0389992176386122,0.0456147378036722
2008-12-05,0.0356182185557434,0.0279400929049703,0.0389992176386123,0.0196700210866995
2008-12-08,0.0376080519293481,0.0590710730260092,0.055787927312792,0.0632296458705277
2008-12-09,-0.0232146100947273,0.0034037029221315,-0.0197074636116044,-0.0031170880488956
2008-12-10,0.0118529470164884,-0.0186616180835821,0.000484970961766,-0.0307106849159345
2008-12-11,-0.0284820479716896,-0.0332316411162114,-0.0579292968813743,-0.029609105317588
2008-12-12,0.0069577279755391,0.0338423425496692,-0.0046375169850926,0.0603197902335226
2008-12-15,-0.0126354788182167,-0.0364767196238838,-0.0166670607001057,-0.0479612395297258
2008-12-16,0.0497478400533399,0.0071507071820232,0.0546748353434605,0.0745319208768958
2008-12-17,-0.0095252464897975,-0.0679598244836857,-0.0226310351439743,0.010396086449186
2008-12-18,-0.0210699321955805,0.0030230805901311,-0.0184808757993392,-0.0209013879145598
2008-12-19,-0.0052439021601495,0.0063537147285428,-0.0093704329276491,-0.0100348198293272
2008-12-22,-0.0183997603873041,-0.0484901775296222,0.0031325390693952,-0.0339283035917888
2008-12-23,-0.0095774259379623,0.0074367643266722,0.0052004992422167,0.0245751566851408
2008-12-24,0.0062347927905269,-0.0156344950916121,-0.0057216377950828,0.0070230487650255
2008-12-26,0.0053269372561932,0.0090136270602786,-0.0020888289734618,0.0065878943940276
2008-12-29,-0.0033841415464729,0.0092799020299091,-0.0089264888960487,-0.0470535501295146
2008-12-30,0.0242883699813524,-0.0037017865611695,0.0198445185456703,0.02715821865231
2008-12-31,0.0140737030285109,-0.0109534408910538,0.0051571656857568,0.0101921697662278
2009-01-02,0.0314878072919723,0.0613481270255051,0.0447652841876502,0.0583277766705283
2009-01-05,-0.0046549090132268,0.041337669574441,0.0093020066219065,-0.0055340484346414
2009-01-06,0.0077725662301454,-0.0166312703449145,0.0116281465246232,0.0592526554430634
2009-01-07,-0.0298616434228417,-0.0218455834585574,-0.0621010911055339,-0.0204304393917194
2009-01-08,0.003429246203716,0.0183996837373128,0.0307869484955048,0.0169375961620213
2009-01-09,-0.0215080672088205,-0.0231355098612818,-0.0302748202833762,-0.0292911683595967
2009-01-12,-0.0227943081636583,-0.0214244114613072,-0.00256430933154,-0.0668591123062353
2009-01-13,0.001819249010823,-0.01077332113759,0.017816115175764,-0.0090936101157761
2009-01-14,-0.0338753182658016,-0.0275094641129976,-0.0375266061207402,-0.0592528711627975
2009-01-15,0.0013623851682616,-0.023117775357023,0.0078273304357135,0.0590584888121029
2009-01-16,0.0075121859199136,-0.0126727196779749,0.024134438511658,0.0029117753271946
2009-01-20,-0.0541647953605961,-0.0514657310850231,-0.0644367894004163,-0.0630019365716669
2009-01-21,0.0427216635441106,0.057520544717816,0.0475520023688969,0.0424391832751567
2009-01-22,-0.0152286006270464,0.0646289071345009,-0.1245784403241257,-0.0119428171084211
2009-01-23,0.0053477179905301,0.0,0.0052466306928644,0.0137220011301907
2009-01-26,0.0055317377814776,0.0143823849602177,0.0246923672188941,-0.0199487963824682
2009-01-27,0.0108391426099156,0.0120860820920947,0.0017003583321835,-0.0242695709144578
2009-01-28,0.0330709873563386,0.0375321751307147,0.0212894212967857,0.0388712904912547
2009-01-29,-0.0335489819329505,-0.012820393959233,-0.0252612771849006,-0.0071742037480003
2009-01-30,-0.0230072215547277,-0.0313466202390354,-0.0282516263479633,0.1624589276977028
2009-02-02,-0.0005337579906698,0.0151950907685383,0.0418037031791518,0.0388479290073324
2009-02-03,0.0156935612631463,0.015935995134794,0.0368883354955587,0.0391263631461349
2009-02-04,-0.0067351597219784,0.0061118696149229,0.0070024536666874,-0.0405992379725847
2009-02-05,0.0162507427908181,0.0306327513770532,0.0217691595438096,0.0341308080672073
2009-02-06,0.0268609925464905,0.0332373814184893,0.032043800199486,0.0519657494671816
2009-02-09,0.0015136593695587,0.0275942332896966,-0.0112535418485424,0.0024013218803035
2009-02-10,-0.050177535300517,-0.0467290600012065,-0.033475891615586,-0.0523115721653888
2009-02-11,0.0083267948069217,-0.0103776763593783,0.0215740001140684,0.0162936394861003
2009-02-12,0.0019563926453688,0.0249896751635467,0.0025996034730734,-0.0060790460763821
2009-02-13,-0.0099000574112294,-0.0011080610567249,-0.0088660378072977,-0.0110046700882507
2009-02-17,-0.0462476625466157,-0.047818044522169,-0.0469716730655911,-0.0254556288741012
2009-02-18,-0.0007537050430027,-0.0016937692998477,0.0016567727726248,0.010966083122644
2009-02-19,-0.0113740753115493,-0.0403275506962582,-0.0116573435714582,-0.006436064050894
2009-02-20,-0.0112105832463028,0.0061589202732379,0.005012600296889,0.0303655792114845
2009-02-23,-0.0350864733121474,-0.047721775772407,-0.0448809190021496,-0.0342471949536604
2009-02-24,0.0391008620860767,0.0372504415489863,-0.0023268489387298,0.0611297036170676
2009-02-25,-0.0104153860931835,0.0100324338612649,-0.0123063166665223,-0.0292341598216464
2009-02-26,-0.015583385990775,-0.0218467971938617,-0.0323576622988078,-0.0217382617892058
2009-02-27,-0.0236593483076045,0.0013444328874868,-0.0165797516351699,0.0385479961226749
2009-03-02,-0.0474012658658957,-0.0154591123763801,-0.0225433118550235,-0.0441781887480378
2009-03-03,-0.0063668132993519,0.0048780273412235,0.0056834391769433,-0.0046891508024858
2009-03-04,0.0236914863684009,0.0311933738764534,0.0150001501351154,0.0491759815282823
2009-03-05,-0.0430964728980367,-0.0258888365040955,-0.0541704463039417,-0.0006173792447988
2009-03-06,0.001449697253809,-0.0406624070506549,0.0006543109027565,-0.0487206899732784
2009-03-09,-0.0097752150946491,-0.0260093522537122,-0.0085437837863946,-0.0196437811027242
2009-03-10,0.0612124917190572,0.0643053459720924,0.0841469651539294,0.0827730587909534
2009-03-11,0.0027534987129058,0.0446820915365435,0.0375155189019431,0.0421663955366863
2009-03-12,0.0398033682804332,0.0388343546987675,-0.0058616621207894,0.0150596532773332
2009-03-13,0.0076781592899116,-0.0043682958794833,-0.0213912795801117,-0.0137474128032526
2009-03-16,-0.0034802648077595,-0.0053304882854356,-0.024317393500143,-0.0243356895544847
2009-03-17,0.0314139237976432,0.0434760779243292,0.0392209101794453,0.0632032765567867
2009-03-18,0.0205216481496794,0.0184913048292438,0.003543996630249,-0.0014025247740854
2009-03-19,-0.0129713232789568,0.0009850085759501,0.0105571695547026,-0.0162720251082155
2009-03-20,-0.027087076361828,-0.0002952379315272,-0.0046782773445437,-0.0019991438901429
2009-03-23,0.0685285111011154,0.0580330961472562,0.0718023640177588,0.0772680477709416
2009-03-24,-0.0203549352891235,-0.0108336193352621,-0.0220634044398788,-0.0373383895147231
2009-03-25,0.0095766733852571,-9.37902763152547e-05,-0.0027931087626544,-0.0056470090149489
2009-03-26,0.0230312209074669,0.0312468718487469,0.0517687103856363,0.0176608053872371
2009-03-27,-0.0203338400581788,-0.0278719275749916,-0.0378830514102771,-0.0439707472492384
2009-03-30,-0.0353362939295973,-0.0223345327654617,-0.0365107610480371,0.0129615790385741
2009-03-31,0.0130243579697881,0.006011027764697,0.0496613727037119,0.0276108097439914
2009-04-01,0.016585618258103,0.0333971103136401,0.0499044649652916,0.0008166599065559
2009-04-02,0.0283474557740299,0.0363185106720678,-0.0010365444736724,0.0379116410982928
2009-04-03,0.0096839696877358,0.0286858110648409,-0.0283925566564443,0.0236888949151552
2009-04-06,-0.0083077800453382,0.0209872840231137,0.0005329029764509,-0.0023053288898323
2009-04-07,-0.0234741361455762,-0.0295587519821372,0.0,-0.0323155155270724
2009-04-08,0.011714867974508,0.0114125642010864,0.0226626424993882,0.0192805500402658
2009-04-09,0.0372897236648446,0.02755695805368,0.0247053035650204,0.0356018460674379
2009-04-13,0.0026057076468979,0.0054210931448483,-0.004075111802188,-0.0104594236883371
2009-04-14,-0.0202107153252623,-0.0160144962051122,-0.0123275975202715,-0.0220295793986106
2009-04-15,0.0124577513365311,-0.0056794879635766,-0.0272410637989726,-0.0330445388483804
2009-04-16,0.0154193249531901,0.0318738160518782,0.0482086130320271,0.0334329637901448
2009-04-17,0.0049295065407463,0.0160904282594527,-0.0287491063909104,0.0103027311835863
2009-04-20,-0.0436127557766675,-0.0239433536022383,-0.0312115981184662,-0.0061688924586609
2009-04-21,0.0209767607025672,0.010401874017416,0.019160147119751,0.0149705310128112
2009-04-22,-0.0074919161899335,-0.002055351071884,-0.0100667018893914,0.0058250133047887
2009-04-23,0.0098622007424855,0.031512105431996,0.0074270655087998,0.0176464124751293
2009-04-24,0.0166125311235247,-0.0120339621759359,0.1000078959914498,0.046655338210288
2009-04-27,-0.0100863928673298,0.0066769776923298,-0.0246925981430472,-0.0159927027148255
2009-04-28,-0.0027032962461749,-0.0066769776923298,-0.0233089600433974,-0.0086999098755457
2009-04-29,0.0214551786791963,0.0099585186502366,0.0159290092406045,-0.0321872535952364
2009-04-30,-0.00089385914218,0.0054987762186416,0.0004937035989574,0.009107417451401
2009-05-01,0.0053875440832771,0.0111434499921699,-0.0009875183898516,-0.0195642056463645
2009-05-04,0.0332219802052618,0.0372569051848639,-0.002473336887607,0.0102060987978119
2009-05-05,-0.0036644195265864,0.0048339999360884,-0.0200107358165054,0.0263514969359854
2009-05-06,0.0175632364555916,-0.0015832776499456,0.0,0.0010982977490625
2009-05-07,-0.0131892503772568,-0.026305277131441,-0.0240361924799606,-0.0336113985863538
2009-05-08,0.0237126584149304,0.0010068682269576,0.0051626863966617,-0.016918294517947
2009-05-11,-0.0213229409692118,0.0029366862495445,-0.0051626863966615,0.0084313223018795
2009-05-12,-0.0009303323154681,-0.0405583819549913,0.0290761704785143,-0.0086879299501954
2009-05-13,-0.026754203749215,-0.0404305384454034,-0.0070633750840899,-0.049181617654035
2009-05-14,0.0103775485579086,0.028544956348876,0.0155740378651422,0.012324335496486
2009-05-15,-0.0112638300390664,-0.0043194969499402,0.0079443397647603,-0.0203086799630898
2009-05-18,0.0299140069840848,0.03396962170737,0.0186193924480136,0.0314302033069512
2009-05-19,-0.0015574467232335,0.0062966097173527,-0.0078473369670373,0.0249655405471128
2009-05-20,-0.0050480256198662,-0.0124741362228324,0.0034406996809141,0.0012833677326137
2009-05-21,-0.016535501026637,-0.0135179447702357,-0.0278624169135808,-0.0261172513774233
2009-05-22,-0.0014821957795529,-0.0136205669344357,-0.0035376807731811,-0.0042216421538283
2009-05-26,0.0258526371042828,0.0654048228150829,0.0294352834947262,0.0357111244103742
2009-05-27,-0.0188870106993246,0.0172089707197513,-0.0103778325828255,-0.016593087631347
2009-05-28,0.0154001668209898,0.0150681368072085,0.0157714833823456,0.0071082690254122
2009-05-29,0.0134134709653512,0.0054635857474199,0.0212877372707012,0.0043690637477105
2009-06-01,0.0254144794216669,0.0257318166767894,0.0241203713193977,0.0628622227168971
2009-06-02,0.0020163372522667,0.0010043979427026,0.0,0.0223845517326141
2009-06-03,-0.0135745458810921,0.0104122743206645,0.0153029491020027,0.0087920383475752
2009-06-04,0.0115508341080397,0.0196009854397307,0.0045912380017765,-0.0018691594227035
2009-06-05,-0.0024565205504262,0.0064491279369918,0.014100751749848,0.0235740059378725
2009-06-08,-0.0008012305175725,-0.005684593113649,-0.0040732693085852,-0.0137996670080557
2009-06-09,0.0035324627870865,-0.0078863447740218,0.0013598626101061,0.0083026307197402
2009-06-10,-0.0034268844493698,-0.0174580867231066,0.0210624664803499,-0.0056429009066367
2009-06-11,0.0063143775638009,-0.002141161119166,0.0123406231404717,-0.0104482027786824
2009-06-12,0.0014102899708214,-0.0215234415798161,0.0216645502196619,-0.0189674061123319
2009-06-15,-0.0239241624236993,-0.0064453923698264,0.0038501051179569,-0.01076179225393
2009-06-16,-0.0127338515073879,0.001908852071109,0.0012801382288784,-0.0124600898314884
2009-06-17,-0.0013585418120639,-0.0056638494039616,0.0097602889830148,0.0060679797837562
2009-06-18,0.0084693722565506,0.0022110732708986,-0.0076298871154066,-0.0127855622969719
2009-06-19,-0.0025313087547056,0.0261487112828678,0.0239654592265585,0.0165293019512105
2009-06-22,-0.0307765877144192,-0.0152433700912223,-0.0333711877178214,-0.0470137775942506
2009-06-23,0.0023150629585799,-0.0247633630471896,0.0025732053454862,-0.0187469623439517
2009-06-24,0.0065251529336691,0.0163565846228386,0.0055547130448435,0.0202619228659949
2009-06-25,0.0212139930124537,0.0263709518951811,0.0135424600902581,0.0362955552130699
2009-06-26,-0.0012694297781404,0.0182789115300275,-0.0186687771747887,0.0202319039715849
2009-06-29,0.009044394534613,-0.0033051423015159,0.021606853687894,-0.0101852177597798
2009-06-30,-0.0084788118989173,0.0032345533176872,-0.0037794196079061,0.0075589777401129
2009-07-01,0.0044575218515593,0.0028043972303521,0.011294842373627,-0.0249317040439909
2009-07-02,-0.0295424692636931,-0.0198697768864781,-0.0282655779992064,-0.0283389583184661
2009-07-06,0.002580461700177,-0.0101209590311594,-0.0073006652940156,-0.0155002468059551
2009-07-07,-0.0198643371366415,-0.0234302471802076,-0.0293049976087736,-0.0321370269777021
2009-07-08,-0.0010773452973326,0.0133516370482082,0.001330851097426,0.0226168212771006
2009-07-09,0.0035437176995879,-0.00628686087234,-0.0053334699448629,0.0095202057006012
2009-07-10,-0.0040371646769547,0.0157167232461167,-0.0022308510588433,-0.0060361064280513
2009-07-13,0.0247001421230892,0.0272032789603827,0.0368305067354994,0.0482809039049614
2009-07-14,0.0052863678086697,-0.0004920177369735,-0.0051795311862455,0.0058744508672883
2009-07-15,0.0291928285287,0.0318895942119374,0.0427763518816354,0.0312337701547504
2009-07-16,0.0086299800848745,0.0043474182455655,0.0131795738710972,0.0182824733634846
2009-07-17,-0.0003987864950333,0.0282708948303151,-0.0061561232866389,-0.0030239613645892
2009-07-20,0.0113519286937934,0.0076147784588761,0.0098319055817347,0.0273454538905288
2009-07-21,0.0036277611758811,-0.0091978917855689,0.0121554311243776,0.0088016817368266
2009-07-22,-0.0003505084991803,0.0339368271247714,-0.0012085713736016,-0.0024746919266047
2009-07-23,0.0229932986572408,0.0068670664158811,0.0301848828040758,0.055636815304665
2009-07-24,0.0030268927059086,0.0136560737295852,-0.0861582664794177,-0.0818820460304801
2009-07-27,0.0029638294703394,0.00068732189373,-0.0146051841232625,-0.0263589324927003
2009-07-28,-0.0026010626927626,-0.0006246870181354,0.0154577758899379,0.0087460668609453
2009-07-29,-0.004442888601665,0.0001870544092989,0.0139630345116223,-0.0075596863682517
2009-07-30,0.011927122824307,0.0170998313012274,0.0004199493426721,0.0205370123514494
2009-07-31,0.0007260748824952,0.0036790730221828,-0.0122549061669288,-0.0038405633473713
2009-08-03,0.0151959935945426,0.018435115858768,0.0130943321367141,0.0194001465457911
2009-08-04,0.0030273379247077,-0.005301852581737,-0.0025212928286224,-0.0189338373743665
2009-08-05,-0.0025741743195615,-0.002661004021155,0.0016818668588371,-0.0177557724845258
2009-08-06,-0.0054854194363509,-0.0072946549650298,-0.0148088476549338,0.0021332077300144
2009-08-07,0.01332594723728,0.0097138965890902,0.0042535000612885,0.0100124518637446
2009-08-10,-0.0033147789774467,-0.0047845141092746,-0.005960366256203,-0.0103676706230298
2009-08-11,-0.0123890011674267,-0.0115400552576854,-0.0124596851896741,-0.0104762862917549
2009-08-12,0.0117858602361804,0.0151156801460059,0.0171457809657454,0.0283171350859447
2009-08-13,0.0069040116783308,0.018638553704595,0.003817893981362,-0.0159478051621319
2009-08-14,-0.0085424805886741,-0.0097853697933533,0.0029591342028796,-0.0121300095924083
2009-08-17,-0.0242754713444757,-0.0440676183539116,-0.018748435216113,-0.0306146358196069
2009-08-18,0.0102328884281622,0.0272581136396087,0.0197006505846383,0.0129919709505703
2009-08-19,0.0069434707777387,0.0036517773503102,0.0029645972852779,0.0106590156458651
2009-08-20,0.0109011834986024,0.0104557295650881,0.0008451998294852,0.0130470460482086
2009-08-21,0.018556126119116,0.0172260416597111,0.0307847471223634,0.0107636026455098
2009-08-24,-0.0005318883445161,-0.0009460183659762,0.0093782087548268,-0.0058997221271883
2009-08-25,0.0023602419935782,0.0020088787087017,0.0,-0.0036753850135554
2009-08-26,0.0002161729314306,-0.011816488842416,-0.0036597037465487,-0.002259350506259
2009-08-27,0.0028780651231101,0.0121118419139754,0.0056866343748034,0.0036836830912706
2009-08-28,-0.0018513342522524,0.0035341429789981,-0.0004045952791069,-0.0185556290572418
2009-08-31,-0.0080361626504419,-0.0108787900593198,-0.001216491242352,-0.0191527660029871
2009-09-01,-0.0222354813373535,-0.0174514170032985,-0.0267231990885742,-0.02532096613999
2009-09-02,-0.0030376123161241,-0.0007263599828217,-0.0058503807793032,-0.0129690311074404
2009-09-03,0.0085301606566612,0.0082597975000559,0.0104230126567136,0.004086851154482
2009-09-04,0.0130269596676436,0.0223248983983434,0.0209322171041741,0.0052119866284929
2009-09-08,0.0089214436275136,0.0152664834969528,0.0080914955540605,0.0254128966545464
2009-09-09,0.0077640025073139,-0.010404588788153,-0.0016134981166741,0.016427977642409
2009-09-10,0.0103254545060295,0.0082629335961237,0.008839196747132,0.0193876865623629
2009-09-11,-0.0011431771659659,-0.0023206714915215,-0.0056157603032311,0.0081953068694261
2009-09-14,0.0063044391408184,0.0090207799084933,0.0056157603032311,-0.0080760533960274
2009-09-15,0.0031233552282423,0.0082545777191855,0.0079680420327922,-0.0037034867012137
2009-09-16,0.0151599016649115,0.0375923950280974,0.0,0.0821121020796882
2009-09-17,-0.0029153483550463,0.0146283434060061,0.0039603643839867,-0.0028707097113218
2009-09-18,-0.0021210548486836,0.0025435375703355,-0.0015820225122218,-0.0017706954604342
2009-09-21,-0.0034039677031454,-0.0054195341151409,0.0015820225122218,0.0030966625055376
2009-09-22,0.0065816112603296,0.0024967130204501,0.0184064699453696,0.0346190503956474
2009-09-23,-0.01012037955591,0.005513751650046,-0.0023309098528376,-0.0147211598480609
2009-09-24,-0.0093814958119099,-0.0090978690060066,0.0089063725354893,-0.0029269900023149
2009-09-25,-0.0061153818523954,-0.0079194706543852,-0.0151491025306901,-0.0174126942348076
2009-09-28,0.0178230423119161,0.0205150440557452,0.0108995400960592,0.0184977637857133
2009-09-29,-0.0022105512854339,-0.0041451201856979,-0.0031018373187297,-0.0053281265613461
2009-09-30,-0.003238378581774,-0.0001614733654085,-0.0011659125763589,0.0177225299885967
2009-10-01,-0.0260788314921411,-0.0245229904177886,-0.0332047621136016,-0.0251640176002798
2009-10-02,-0.0044793870752769,0.0220918530983619,0.0032104479082939,-0.0131573571484527
2009-10-05,0.0147699213348856,0.006039239139878,-0.0129034006940968,-0.0132199998376521
2009-10-06,0.013622545232114,0.0212222597812696,0.0188950268061132,0.0249483927418509
2009-10-07,0.0032290059693684,0.0012623700047768,-0.000398037845696,0.0331055762612069
2009-10-08,0.0074319410491371,-0.0051640843853174,0.0224550464910626,0.013214421371399
2009-10-09,0.0056337849484718,0.0063198152321787,-0.0046861107530456,0.0051327824414422
2009-10-12,0.0043706507245675,0.0017837899865189,0.0066317902009704,-0.0222924027242687
2009-10-13,-0.0027233938356775,-0.0041491514765054,0.0034929993444472,0.0130554314120898
2009-10-14,0.0174116000301933,0.0066613876515968,0.0057947733593765,0.0273562225197241
2009-10-15,0.0041380089857535,-0.0038234856678855,0.0284810265690634,-0.0149896847058276
2009-10-16,-0.0081211872675584,-0.0132592921079903,-0.0078927516504101,-0.0072127004789911
2009-10-19,0.0093410434515924,0.0095791425778773,-0.0052970930984685,-0.0067368675847581
2009-10-20,-0.0062307335184451,0.0458111610240659,0.0003791160542582,0.0031635584751924
2009-10-21,-0.0087409896980895,0.0305214488042279,0.0079317093730579,-0.0165608880470137
2009-10-22,0.0106354482605554,0.0013652940554907,0.0003764279873415,0.0003210788276099
2009-10-23,-0.0122409857565518,-0.0061589615632028,0.0523833250232227,0.2374020349270767
2009-10-26,-0.0117674179504804,-0.0071846975409253,0.0232814738320042,0.0506010132937894
2009-10-27,-0.0032889362380622,-0.0255609071847802,-0.0031431843364148,-0.0208349314407298
2009-10-28,-0.0195732506632606,-0.0255038720605676,-0.0201382894955893,-0.0035287878725445
2009-10-29,0.0223155573991169,0.0203224145169674,0.0071123396775576,0.0076980152484216
2009-10-30,-0.0284132869474723,-0.0408007360243874,-0.0175160864748586,-0.0312382995873895
2009-11-02,0.0064218184003784,0.0042878909721308,0.0053947242225284,0.0002524721242108
2009-11-03,0.0024208431367975,-0.0029628469323203,-0.01263334225703,-0.0039627386286046
2009-11-04,0.0013957822692052,0.0108552109562079,0.0190685260187872,-0.0107870413621304
2009-11-05,0.0191159225394506,0.016734284432029,0.0145063785596018,0.0295339289914797
2009-11-06,0.0026209775264707,0.0015964052345318,0.0017546776552714,0.0453057505119612
2009-11-09,0.0221855086393036,0.0359814653834272,0.0163452948195845,0.0037173293884282
2009-11-10,0.000182232453205,0.0075168882075226,0.0006900237271285,0.0271023519450332
2009-11-11,0.0049978144412212,0.001329355450328,0.0037842967114911,-0.0018457284329329
2009-11-12,-0.0101477800168421,-0.0062183974520932,0.0082079213264857,0.0047611823930569
2009-11-13,0.0057068265730079,0.0121051226966886,0.0091538574329822,0.018520453467916
2009-11-16,0.0145184372751026,0.0106061767304144,-0.0030418951326867,-0.0104325107065653
2009-11-17,0.0010315144125988,0.0017893256312401,0.0198626087660148,-0.0025871266903161
2009-11-18,-0.0003180815546597,-0.0050369580343341,0.0036598879812982,0.0003047154742857
2009-11-19,-0.0134716521451246,-0.0268180944316398,-0.0110201394268294,-0.0176737349689743
2009-11-20,-0.0030407369564308,-0.0029463286390731,-0.005387191222717,0.0051807577698048
2009-11-23,0.0135203952377313,0.0293758994963459,0.0107454278212498,0.0254334884749043
2009-11-24,-0.0004708271512726,-0.0070188759163312,-0.0010024462140534,-0.000451229608318
2009-11-25,0.004601159622307,-0.0012234512397364,-0.0040199971809767,0.0081657568769695
2009-11-27,-0.0170849466224763,-0.0177878221480093,-0.0193194080650606,-0.0172333722778585
2009-11-30,0.003869265155697,-0.0033958778233491,0.0064814371896888,0.0311626187547091
2009-12-01,0.0120016477229038,-0.0148161747389568,0.0201957162678769,0.0188774236601371
2009-12-02,0.0004656701230706,-0.0037637543983724,-0.0076935385960078,0.026715747379047
2009-12-03,-0.0083682102759978,0.0012732170304413,0.001677529622801,-0.0076212351103319
2009-12-04,0.0054678984418497,-0.016213831069738,0.0050160784451002,-0.0257592717982403
2009-12-07,-0.0024161428990811,-0.0228644176793734,-0.0063578148643986,-0.0247998286881534
2009-12-08,-0.0101380952053397,0.0048568768898764,-0.0074125066795927,-0.0007453786868657
2009-12-09,0.0037508505231915,0.0409171257328769,0.0047231763772568,-0.0210994188519351
2009-12-10,0.0058915772510224,-0.0069503013008046,0.0053713590602944,0.0305246992095478
2009-12-11,0.00382122139412,-0.0090005157213137,-0.0006699879965973,-0.0091270622088284
2009-12-14,0.0069476051514384,0.011796140551808,0.0086723054619659,-0.0208646894073061
2009-12-15,-0.0055418092728149,-0.0143675794832785,-0.0029929847282355,-0.008791769484715
2009-12-16,0.001138749117607,0.0044190401519303,0.0026609362806854,-0.0144633017379557
2009-12-17,-0.0117785105525269,-0.0163872563802085,-0.0167507486037098,-0.011360642419583
2009-12-18,0.000439559654372,0.0184362449318113,0.0253516825028966,0.0122950763763784
2009-12-21,0.0104725303310363,0.0142257223681577,0.0052560538601842,0.0329956828037845
2009-12-22,0.0035845273547406,0.0106876053875405,0.0097818540240483,0.0072034527738797
2009-12-23,0.0025080087684604,0.0086471865398811,0.0032393130467968,0.0380697994886189
2009-12-24,0.0052319083080077,0.0337628767120072,0.0025841380814681,-0.0033884895981123
2009-12-28,0.0012833125688195,0.012219220968573,0.0054685322950498,0.0060479700515109
2009-12-29,-0.0010988245306828,-0.0119324163442279,0.007033348043638,0.0007175660468632
2009-12-30,0.000311674769136,0.0120740091984324,-0.0137933706403205,-0.0211678798968926
2009-12-31,-0.010058464804126,-0.0043089501129684,-0.0156251973026905,-0.0145384649960351
2010-01-04,0.0159445603303579,0.0154451943563309,0.0153020959502146,-0.004619634174942
2010-01-05,0.0031154447405223,0.0017273664264318,0.0003231013524759,0.0058825889135966
2010-01-06,0.0009753492137541,-0.0160337723210747,-0.0061559042142203,-0.0182817708723146
2010-01-07,0.0040474446193104,-0.0018509547757069,-0.0104536235500308,-0.0171596202828262
2010-01-08,0.002865687708794,0.0066264641195938,0.0068723789528839,0.0267168288979971
2010-01-11,0.0017375138739568,-0.0088604529545279,-0.0128015886744605,-0.0243350521967649
2010-01-12,-0.0094174064077019,-0.0114404510070818,-0.0066290921487809,-0.0229770257313486
2010-01-13,0.0083755849038292,0.0140067216332203,0.0092684731919401,0.0137255527611613
2010-01-14,0.0024416048551323,-0.0058083492174409,0.0198993564426684,-0.0137255527611612
2010-01-15,-0.0108442396528091,-0.0168531039733076,-0.003234950477458,-0.0016503599172032
2010-01-19,0.0124088444145243,0.0432878825796312,0.0077466776189944,0.0036898962376221
2010-01-20,-0.0104960268466417,-0.0155121554118239,-0.0165343532525983,-0.0144443886305276
2010-01-21,-0.0190801785687734,-0.0174372133850304,-0.0191427288822607,0.0066561260006233
2010-01-22,-0.0223697447381188,-0.0508708848063982,-0.0356150610366605,-0.0418525100502529
2010-01-25,0.0046240658053399,0.0265466628924439,0.0123543385594406,-0.0092662200202943
2010-01-26,-0.0041999058658538,0.0140342098224026,0.0061204677533163,-0.006922751697524
2010-01-27,0.0049015556649166,0.0093762470474977,0.0057458858568863,0.0270007733267208
2010-01-28,-0.0117879785275114,-0.0421996728338351,-0.0173384772391567,0.0263702071747702
2010-01-29,-0.0098641394921596,-0.036953378056895,-0.034185255551684,-0.0049316040134419
2010-02-01,0.0141402687436664,0.013805937760715,0.0081285908660067,-0.0535579108434253
2010-02-02,0.0128750791511829,0.0057862476834223,0.0017581677447749,-0.0063294021168111
2010-02-03,-0.0051478853877691,0.0170596040587532,0.005955833236514,0.0082624194855325
2010-02-04,-0.0315609199791724,-0.0367039686585696,-0.0279809409400862,-0.0268906604496676
2010-02-05,0.002881927653439,0.017600217389334,0.0064444120360087,0.0124289089788441
2010-02-08,-0.0085457537461426,-0.0068792578835601,-0.0107643360787192,-0.0047818381613738
2010-02-09,0.0129580670454267,0.0106070700731886,0.010407610229781,0.0102189427119207
2010-02-10,-0.0019741996869454,-0.0054691287848652,-0.0007145887352644,-0.0056926956062513
2010-02-11,0.009744127739804,0.0180307853404836,0.0046337992779891,0.0229953278378656
2010-02-12,-0.002537165280821,0.0085703986102792,-0.0067794994149627,-0.0035870737107062
2010-02-16,0.0179463707061016,0.0149586237575761,0.0195906586653634,-0.0179607678171229
2010-02-17,0.0043846862838936,-0.0041873320028191,0.0084305028741038,-0.0104345797938152
2010-02-18,0.006621042595249,0.0018740668187946,0.0132033811191963,0.0151033205012147
2010-02-19,0.0023210884760748,-0.0062283974010724,-0.0069277345726021,-0.0047538289865404
2010-02-22,-0.0010289139111719,-0.0062177610584727,-0.0013910868527605,0.0041608347720355
2010-02-23,-0.0121339656145698,-0.0169069274024622,-0.0140206220966354,-0.0065462507949656
2010-02-24,0.0098287963988161,0.0181037678670877,0.0105338182026379,0.0209325671418063
2010-02-25,-0.0018294378110778,0.0066556284057116,-0.0010484669223634,-0.0127775780125003
2010-02-26,0.0014329240754253,0.0128869834023665,0.0024445927262822,0.0016906174779074
2010-03-01,0.0100910353509335,0.0211319668455203,0.0121337561953078,0.0505582269944007
2010-03-02,0.0023142746543893,-0.0006697966837353,-0.019485489656419,0.007917824385811
2010-03-03,0.0005742387952199,0.0022953252988212,0.0,0.0028637359480507
2010-03-04,0.0037398087733881,0.0065709427510712,0.0059556076571922,0.0207538303438726
2010-03-05,0.0138836702400851,0.0383607404462029,-0.0013977557998363,0.0029521463329729
2010-03-08,9.539616320808688e-07,0.0005934698558621,0.0013977557998363,0.0092657600603711
2010-03-09,0.0017498969984252,0.0178242481591427,0.0059199830823955,-0.0099641653966398
2010-03-10,0.0046248343314924,0.0081275905987704,0.0058856422369647,0.0130337710606915
2010-03-11,0.0043505375645432,0.0029311858189585,0.0072225513558732,0.0232506971180536
2010-03-12,-0.0002116119146885,0.0048664431151439,0.0030794812749806,-0.0132631936729161
2010-03-15,0.0004665916701476,-0.0122550538972583,0.0006834472127963,-0.005248158081241
2010-03-16,0.0077281629953818,0.0027214876074975,0.0027275159029132,0.005020549112465
2010-03-17,0.0057909277506928,-0.0014716701774253,0.008813662634598,-0.0034203658929713
2010-03-18,-0.0003145652284041,0.0023623199680056,-0.0006753357122224,0.0107536060889472
2010-03-19,-0.0092245468757742,-0.0107409591519076,-0.0006756143740492,-0.0183198464722631
2010-03-22,0.0051063278946468,0.0111862074875028,0.000337975284288,0.000920174898146
2010-03-23,0.007259265504315,0.0159343849088364,0.0094148953563395,-0.0093174354429073
2010-03-24,-0.0055012272906364,0.0044130818170795,-0.0077270406126767,-0.009483164733087
2010-03-25,-0.0017059449727012,-0.0119292843313007,0.012068494203358,0.0509300606660941
2010-03-26,0.000733649106352,0.0185774929770412,-0.0117315574016666,0.0024463483789394
2010-03-29,0.0058453800382689,0.0064322529202319,-0.0023627668296419,0.0004441483528488
2010-03-30,0.0001566276020247,0.0147788063566079,0.0060647779114866,0.0107472510333985
2010-03-31,-0.0032684247987876,-0.0036100267668174,-0.0162550063627263,-0.0059482459207532
2010-04-01,0.0074120430504189,0.0041189361261853,-0.0044483670693152,-0.0296007858878155
2010-04-05,0.0079249556599858,0.0106227105723799,0.0037649198565187,-0.0024306886255468
2010-04-06,0.0016810413385976,0.0043931091699687,0.0017071825126604,0.030483543640023
2010-04-07,-0.005447410763366,0.0044155461627405,0.0010227331321142,-0.0051029952100843
2010-04-08,0.0033984341048264,-0.0027052071365629,0.0192344779132539,0.0441648106591031
2010-04-09,0.0066490156161359,0.0076386450729453,0.0139401234777671,-0.0064052599604976
2010-04-12,0.0017793091219155,0.0020659327855959,-0.0006596565647134,0.00810642283177
2010-04-13,0.0007578072010738,0.0005776535051655,0.0042784123631911,-0.0073926978710603
2010-04-14,0.0110887328941589,0.0133577907209529,0.0120778753260164,0.028971228847257
2010-04-15,0.0008357346962281,0.0130609399532442,0.0016213085681973,0.0106171283429459
2010-04-16,-0.0162468887003979,-0.0061254658653033,-0.0065002087084439,-0.0253494597306776
2010-04-19,0.0045153558182546,-0.0013346586920271,0.0119917989585426,0.0018271262988881
2010-04-20,0.008024775704706,-0.0100880182822389,0.0102567041656542,0.0123505739043538
2010-04-21,-0.0010053168673004,0.0580933617129962,-0.0009574858266279,0.015346273716317
2010-04-22,0.0023259483617909,0.0275844534697307,0.0019133856176068,0.0246876156010576
2010-04-23,0.0070793171003647,0.0162299455408321,-0.0137935251502791,-0.0439945657244921
2010-04-26,-0.0042895966254905,-0.0049229920941835,0.0048333955619266,0.0239400578183891
2010-04-27,-0.0236305738561715,-0.0280709409247332,-0.0083923493524603,-0.0352127135081728
2010-04-28,0.0066102680960535,-0.0016809604441799,0.0019428291362205,-0.0189791388259903
2010-04-29,0.0129195121097298,0.0265560361599002,0.0029073330746252,0.0169350852508567
2010-04-30,-0.0167607054170297,-0.0285070747982191,-0.0149500450346455,-0.0332132526105452
2010-05-03,0.0130157217053484,0.0199462089185694,0.0104240990263074,0.0028406006208735
2010-05-04,-0.0240910063960222,-0.0292199865409471,-0.0239396640337893,-0.0573252848169803
2010-05-05,-0.0062434548728084,-0.0104532657638362,-0.0093365850343422,0.0084369268674998
2010-05-06,-0.0326977487736082,-0.0387908798403865,-0.0295789191776734,-0.0171010175783755
2010-05-07,-0.0153966969370007,-0.043108882927268,-0.0269294715416495,-0.0294080871603508
2010-05-10,0.0429737626191757,0.0740563279271413,0.0255481997322918,0.0492548924450833
2010-05-11,-0.0031936646840017,0.0099119564449751,-0.0020752640329704,-0.006341950578069
2010-05-12,0.0139521673239943,0.0214808355870697,0.0192051699708203,0.0258025134298565
2010-05-13,-0.0121291080660452,-0.0143335969932333,-0.0068169348051446,-0.0180904910892934
2010-05-14,-0.0189241047458551,-0.017728727956515,-0.0106586101246968,-0.0226163485864724
2010-05-17,0.0012940012461091,0.0015745132408626,0.0003456389919914,0.0029521463329729
2010-05-18,-0.0140857174376599,-0.0073428199968462,-0.007315796547539,-0.0206128227652225
2010-05-19,-0.0050318886358664,-0.016058458243225,-0.0126674232373793,-0.0134733173790191
2010-05-20,-0.0395330680469267,-0.0435369314775781,-0.0408366129483366,-0.0399561950474933
2010-05-21,0.0148812152909792,0.0189974388979831,-0.01000950532425,0.0248331863556676
2010-05-24,-0.0129338776871575,0.0181565719209748,-0.0214654514091331,-0.0049011697522689
2010-05-25,0.0003502696642549,-0.0062599055013931,-0.007642362183449,0.0221889417669209
2010-05-26,-0.0054670514562955,-0.0045366038222235,-0.0415099831667499,-0.0133028929970212
2010-05-27,0.0325832034894365,0.0371523517047407,0.0388209204989974,0.0279318706905165
2010-05-28,-0.0123869647215757,0.01383725214944,-0.0077222888135881,-0.0098351046584961
2010-06-01,-0.0172048938556402,0.0152596826780227,0.0034828285846982,-0.01785330894013
2010-06-02,0.0255681383773655,0.0118912971914434,0.0217774521011912,0.0246055290574166
2010-06-03,0.0040666922723,-0.0031492847776339,0.0150036160724084,0.0192110036447235
2010-06-04,-0.034847969458155,-0.0275893260054428,-0.0406510862260613,-0.0476375202378589
2010-06-07,-0.013508628718044,-0.019807555512121,-0.0195778301072576,-0.0062096776055055
2010-06-08,0.0110097021259256,-0.0064360883043608,-0.0071427719510524,-0.026324957992836
2010-06-09,-0.0058737526122796,-0.024893464020687,-0.0128258052554762,-0.0078564290058248
2010-06-10,0.0289514730764125,0.0296144389923551,0.008435333526523,0.0439685950479949
2010-06-11,0.004701512948782,0.0119048150106639,0.0260576469404325,-0.0014619885644992
2010-06-14,-0.0017797902810698,0.003032819063945,-0.0062548451358931,0.0064814291549294
2010-06-15,0.0231202793916512,0.0210525745995722,0.0414801362902574,0.0240167924431394
2010-06-16,-0.0005334317447392,0.0286959546731019,-0.0098295860925499,0.0004729250501953
2010-06-17,0.0014043025808969,0.0171394707280954,0.0018981637760942,-0.007990864942174
2010-06-18,-0.0034339923887143,0.0080592315691252,0.0026506383000392,-0.0004767201742913
2010-06-21,-0.0038613365172573,-0.0143320128916363,-0.0187063511777431,-0.0264126796297549
2010-06-22,-0.0160573287423391,0.0135293202730938,-0.0069602691211877,-0.0019603044748499
2010-06-23,-0.002972801403378,-0.0105725426702723,-0.0180120360280664,-0.0070561500510902
2010-06-24,-0.0168163313820498,-0.0072966950486609,-0.0123234977513833,-0.0260253240517139
2010-06-25,0.0028449565761315,-0.0085866881310144,-0.0189789631830444,0.0223132142002734
2010-06-28,-0.0018376941119064,0.0059813108521266,-0.009009163375023,-0.0268022743792547
2010-06-29,-0.031450195746355,-0.04626459063056,-0.0420053279125121,-0.0812247869255415
2010-06-30,-0.0100458443807958,-0.0182794612600795,-0.0129534727209261,0.0059668786756268
2010-07-01,-0.0031616112519718,-0.0121999284709528,0.0064977102707691,0.0154394130390044
2010-07-02,-0.0046418159973441,-0.0062167054418045,0.0047386267421834,-0.0165383142484902
2010-07-06,0.0053362677653859,0.0068206787903311,0.0233604070409854,0.0083942098735268
2010-07-07,0.0312901704768157,0.0395872161956126,0.0199506999981721,0.0301602349393384
2010-07-08,0.0093813427023769,-0.0022449227001538,0.0045165538285855,0.0242990400760082
2010-07-09,0.0071612130393114,0.0059105844222665,-0.0057518016150751,0.0089087448891096
2010-07-12,0.0007566498236556,-0.0090147639749236,0.0228115426862655,0.0190063583427204
2010-07-13,0.0153169328319643,-0.0215687306100464,0.01200973284302,0.0340549440886355
2010-07-14,-0.0001372533858042,0.003686315193419,0.0122607019655368,-0.0028345837971265
2010-07-15,0.0011874951867501,-0.0050777350668399,0.0027475575820648,-0.0101076830539497
2010-07-16,-0.0291808219769081,-0.0061828856558894,-0.0246043742389354,-0.0296841582877001
2010-07-19,0.0059691906562467,-0.0174380466143176,0.0135677269937736,0.0121630489117149
2010-07-20,0.0113506475492484,0.025369818110358,0.0098601789068492,0.0013331113455741
2010-07-21,-0.0127368288023559,0.0092857099661187,-0.0142297223788039,-0.022482317708948
2010-07-22,0.0222420076467537,0.0186264992059719,0.0282590882551458,0.0222324946656368
2010-07-23,0.0081680860111628,0.0035459592740651,-0.0011614353425602,-0.0100444470500936
2010-07-26,0.011118861293738,-0.0025424597039512,0.0111731067750522,-0.0039617365426277
2010-07-27,-0.0010492303415364,0.0183432361490424,0.0022963089870936,-0.010784293368122
2010-07-28,-0.0068750858306252,-0.011884905479249,-0.0080598792079798,0.0
2010-07-29,-0.0040019721895268,-0.0109809410683381,0.0030781547927393,-0.0023077919554922
2010-07-30,5.570837296249428e-05,-0.0033377716018936,-0.0084876913469053,0.008775349177745
2010-08-02,0.0217367412055666,0.0177236772182473,0.0199469769376584,0.0183229197385905
2010-08-03,-0.004774608720529,0.0003053637198591,-0.0064775611755124,0.0193828493802973
2010-08-04,0.0063603988620677,0.0040010084234875,-0.016573340270279,0.0412858633908852
2010-08-05,-0.0012181636022664,-0.0048794649231167,-0.0140909449733623,0.0019576373661211
2010-08-06,-0.0035980300063539,-0.0061710252378009,0.0070705477502997,0.003825887938274
2010-08-09,0.0054692732121803,0.0063620926595292,0.0023450677659335,0.0039665616852288
2010-08-10,-0.0059469835624071,-0.0089802161891665,-0.0213107989487111,0.009040744652149
2010-08-11,-0.0280026171095116,-0.0361889214864819,-0.00841168013673,-0.0321259406774145
2010-08-12,-0.0052360155010908,0.0063746310962023,-0.0149957484280615,0.0053079942411759
2010-08-13,-0.0039938445706992,-0.010740982812585,-0.0036815997356605,-0.0148858470108489
2010-08-16,0.0001696166342985,-0.0058780616777929,0.0040902464448459,0.0110066512346831
2010-08-17,0.0123577439814757,0.017333877314415,0.0138548779730936,0.0218892354673183
2010-08-18,0.0016127024030441,0.0043556703292617,0.0044418669944762,0.006111968274177
2010-08-19,-0.0169945014136146,-0.0126848197356004,-0.0154286858210536,-0.0161732784344746
2010-08-20,-0.0036594083548427,-0.0009607147873744,-0.0086294031552912,0.0014882703565583
2010-08-23,-0.0040186774183969,-0.0155020709233191,0.0020614660171191,-0.0091209941966812
2010-08-24,-0.0145386433893064,-0.0241706337401405,-0.0099340999953505,-0.0164858589770188
2010-08-25,0.0033789924125476,0.012260949301269,0.0024926976179907,0.0184586353122339
2010-08-26,-0.0076524908166021,-0.0108034595327832,-0.0116866302584412,-0.0158121764116928
2010-08-27,0.016636324958883,0.0055610825168215,0.0046077227438493,0.0141553059391585
2010-08-30,-0.0145586286496998,0.0036358196172998,-0.0121926100114293,-0.0227618340290378
2010-08-31,0.0004302106497291,0.0024709775026505,-0.0072171500596782,0.0083662301192408
2010-09-01,0.029078091805098,0.0293071540734584,0.0181554700090288,0.0595543592170722
2010-09-02,0.0090733099070029,0.0073238509553657,0.0016720736368489,0.0203219544906349
2010-09-03,0.0130938379718844,0.0258359575155779,0.0145140742274583,0.0261328739970818
2010-09-07,-0.0114298541472797,-0.0037167214387713,-0.0136787586676302,-0.0113765221050036
2010-09-08,0.0066101216451015,0.019626615633971,-0.0012530991345984,0.0138951432327504
2010-09-09,0.0048027924290567,0.0005701828009073,0.0033376626855853,0.0088724108067801
2010-09-10,0.0048407935337002,0.0012917058548957,-0.0066859568232473,0.0145678271073016
2010-09-13,0.011366796812295,0.01368663602089,0.0514816298863854,0.0182955261412338
2010-09-14,-0.0007110899418582,0.0038124495351771,-0.0031910075522721,0.004676440679791
2010-09-15,0.0035335001725982,0.0080253492018813,0.0035891620097874,-0.002060440289391
2010-09-16,-0.0002007534697656,0.0232277979195318,0.0083250371145572,0.0182578816527501
2010-09-17,-0.004514616221023,-0.0043484457092822,-0.0043519291959041,0.0012818352235841
2010-09-20,0.0151017035414974,0.0281436960182448,0.0082923165336542,0.0198925189767652
2010-09-21,-0.0025469682999642,0.0019047305931866,-0.0110718078305745,-0.0037744639718724
2010-09-22,-0.0047140688947274,0.0139279909977342,-0.0217046841178886,0.0072713170716585
2010-09-23,-0.0083378807801825,0.0040576987961064,-0.0073413037870099,0.0066955744427471
2010-09-24,0.020960390729651,0.0116996736043875,0.0142249669961306,0.0502688902442062
2010-09-27,-0.005667111326467,-0.0039764422767875,-0.0020199868219968,-0.0084973957095074
2010-09-28,0.0050105322043653,-0.0148787129854876,-0.0020236534296406,0.0020685123494246
2010-09-29,-0.0024788495686728,0.0017764991475086,-0.0073201418151907,-0.0044557480603491
2010-09-30,-0.003077297720292,-0.0126768730623814,-0.000408125926144,-0.0122134092138891
2010-10-01,0.0044127861055478,-0.0043444687423566,-0.0045013208963789,-0.0215601877098876
2010-10-04,-0.0079895350139506,-0.0138286604373194,-0.0194667303788937,0.0108703755618019
2010-10-05,0.0206105996247639,0.0362983529002132,0.0182351790129127,0.0346584996035738
2010-10-06,-0.0001672916893089,0.0008649805958733,0.0032798132592017,-0.0345941474686695
2010-10-07,-0.0016428052291567,0.0001036101860945,0.0040850419102503,0.0055828424916628
2010-10-08,0.0060826368471387,0.0166302902726323,0.0016292708917045,-0.0046180570815639
2010-10-11,0.000147572823762,0.0043769998043055,0.0008133234215413,-0.016333242740701
2010-10-12,0.0038038110874263,0.0107093635599757,0.0097126687282647,0.0222942256835623
2010-10-13,0.0071879694646898,0.0053450913769052,0.0203318518888849,-0.0084069161911145
2010-10-14,-0.0036388363717252,0.0072035681825304,-0.0043506722764059,0.0023173489610762
2010-10-15,0.0020120676549186,0.0402937468727638,0.0122123794490764,0.0569226330292705
2010-10-18,0.0072225267892524,0.0103049664449967,0.010904062081753,-0.0065813765892976
2010-10-19,-0.0159955451904949,-0.0271257277006165,-0.0282819185825474,-0.0303533217504433
2010-10-20,0.0106064368661125,0.0033547202897817,0.0083311275910269,0.0
2010-10-21,0.0018265757345358,-0.0032577989009133,0.0043371559779232,0.0389370654418347
2010-10-22,0.0023716573099024,-0.0066453847295347,-0.0015745942994805,0.0249040107981176
2010-10-25,0.0021524398084489,0.0044458329524833,-0.0075144158248938,-0.0007689350628772
2010-10-26,8.906780685551214e-06,-0.0025613222599354,0.0277956660858408,0.0056055612190516
2010-10-27,-0.0025629373249263,-0.0007140111013724,0.0057747976607966,-0.0144612251665296
2010-10-28,0.0012063981760389,-0.0084494962308732,0.0087907628103173,-0.0040077816468507
2010-10-29,-0.0004466994875338,-0.0140545276900864,0.0147310178618679,-0.0096968266658451
2010-11-01,0.0009476401969535,0.0105756804002749,0.0104438828338198,-0.0161682543444732
2010-11-02,0.0077152259749502,0.0168856001810627,0.01619464382129,0.0124088514205673
2010-11-03,0.003847764646561,0.0110591290418308,-0.0132304441527435,0.0231786526591191
2010-11-04,0.0192270621712982,0.0173357278362023,0.0040611030602775,0.0027267355365241
2010-11-05,0.0039708004524623,-0.0035880141525616,-0.0107427936119982,0.0108331939645109
2010-11-08,-0.0019869959875996,0.0046872616360765,-0.0014909619367632,0.0071187136892534
2010-11-09,-0.0077468807574086,-0.0080036490739344,0.0052084528199373,-0.0100509231558485
2010-11-10,0.0045551371343067,0.0061502032926312,-0.0003706300717336,0.0178118795206663
2010-11-11,-0.0042456297242445,-0.0043487319596915,-0.0096985783009769,-0.017224749395768
2010-11-12,-0.0118014025439348,-0.0276002369152367,-0.0154865165638168,-0.027914325470122
2010-11-15,-0.0011531545841485,-0.0032190055211152,-0.0026679996761877,-0.0417831435446584
2010-11-16,-0.0160148511378571,-0.0179093880282634,-0.008872015825516,-0.0070734158757267
2010-11-17,0.0003739270106147,-0.0036205152637644,-0.0093425181442401,0.0036061153177053
2010-11-18,0.0151977937049671,0.0260469335290979,0.0105041132513748,0.036094703321778
2010-11-19,0.0025754917805449,-0.005527173842988,-0.005821666872014,0.0039514930288105
2010-11-22,-0.0015177894737681,0.0213846365295044,0.0015560228630451,0.0332359578919103
2010-11-23,-0.0143001103180913,-0.0148853432504234,-0.023993510550495,-0.0129361796883002
2010-11-24,0.0148073916873917,0.019470655271283,0.0099030481320084,0.0524074178733893
2010-11-26,-0.0072366229034696,0.0006352126022648,-0.00474098166532,-0.0002821272412564
2010-11-29,-0.0010993140005137,0.0059188767717535,0.0023726102857219,0.0128404578990696
2010-11-30,-0.0060119688205926,-0.0182168881034238,-0.0019770316923137,-0.0230504161319675
2010-12-01,0.0214389596631127,0.0167319830740171,0.0304117811489036,0.0065350424363128
2010-12-02,0.0126989286879645,0.0055162073355874,0.0321205233667233,-0.0001132887732039
2010-12-03,0.0026526932964679,-0.0022341096510512,0.004822763716115,-0.0048266752800256
2010-12-06,-0.0012583448794279,0.0085008385409914,-0.0066839541997787,0.0134002514026208
2010-12-07,0.0005246106902481,-0.0060782750595053,0.0011171395531174,-0.0072149571759949
2010-12-08,0.0039356410498406,0.0087608421590178,0.0133088947927253,-0.0027190862501396
2010-12-09,0.0038934815830045,-0.0039018069669819,-0.0055240502230757,-0.0082019027882673
2010-12-10,0.0059461435168184,0.0024992109037318,0.0095558054888864,0.0043941064224646
2010-12-13,0.0002040089839921,0.0034564385216629,-0.00329701530091,-0.0078315202912162
2010-12-14,0.0009168398999784,-0.0042991066419522,0.0134860462770216,-0.0017806374790142
2010-12-15,-0.0050934859448966,0.0002181668121591,0.0082929248369089,0.009327411619498
2010-12-16,0.0061633452059649,0.0027745028448889,0.0050140352869363,0.0139704203665363
2010-12-17,-0.0044110145057563,-0.0019946334450903,-0.0032199572206118,-0.0025870325434728
2010-12-20,0.0025667685420222,0.0049784763921909,-0.0032310567524776,0.0316483863795758
2010-12-21,0.0061606715907182,0.0061567925484606,0.0093055289254292,0.0079339618445546
2010-12-22,0.0035157285505005,0.0029571399552129,0.0042657032072343,5.41257340934238e-05
2010-12-23,-0.0015819033309061,-0.0048095218916601,0.0038944481574629,-0.011814483413763
2010-12-27,0.0006096969367101,0.003332248728007,-0.0081601513646974,-0.0024675800089691
2010-12-28,0.0007804807478634,0.0024300873822828,-0.0021396715521501,-0.0057814768864212
2010-12-29,0.0011831777900151,-0.0005531561091234,-0.0014290879047605,0.0125118243078219
2010-12-30,-0.0014852045328279,-0.0050233887968336,-0.0042997907823655,-0.0033868709311853
2010-12-31,-0.0001950822362371,-0.0034044913780947,0.0021519514324954,-0.0151622477396774
2011-01-03,0.0112794523218464,0.0214995840964565,0.0025051872256283,0.023173844669879
2011-01-04,-0.0012991575149816,0.0052051105927592,0.0039234810734247,0.0042791821114216
2011-01-05,0.0051467178084246,0.0081469947976494,-0.0032090757637081,0.0129422100241663
2011-01-06,-0.0017455146109954,-0.0008087460716763,0.0288650244037938,-0.0083583855664844
2011-01-07,-0.0018510692342486,0.0071360243729299,-0.0076627708649994,-0.0019927298906061
2011-01-10,-0.0013787564565702,0.0186576202760946,-0.0133759668293967,-0.0043763745997988
2011-01-11,0.0037119173249942,-0.0023686025186353,-0.0039056481356073,-0.0018427190732699
2011-01-12,0.0090573014352455,0.0081046558365657,0.0155314404845926,-0.0014114328384077
2011-01-13,-0.0017100332837274,0.0036517464236151,-0.0126893695797126,0.0078461483116758
2011-01-14,0.0073727927727753,0.0080668772057034,0.0038944481574629,0.0172067940903477
2011-01-18,0.0013918199973375,-0.0227249500339311,0.0126407191804109,0.0131580845775112
2011-01-19,-0.0100253199605575,-0.0053274780571477,-0.0066511640241198,-0.0231682847724812
2011-01-20,-0.0012957665897433,-0.0183470617894495,-0.0042242076271398,-0.0266263052323604
2011-01-21,0.002424747440498,-0.0180775581438357,-0.0117082866176414,-0.0252670796093625
2011-01-24,0.0058512995258511,0.0323138163631057,0.0127659555795783,-0.0032178874409513
2011-01-25,0.0002926587746708,0.0116374599460482,0.002463704159246,-0.0008485363258387
2011-01-26,0.004238515628796,0.0071508544174365,0.0115325206435193,-0.0074413135556043
2011-01-27,0.0022842098441583,-0.001863218505057,0.0031222378818327,0.050366358272638
2011-01-28,-0.0179692110425387,-0.0209336939016247,-0.0395673692423507,-0.0748964890527758
2011-01-31,0.007618903717147,0.009534788875012,-0.0007211703879871,-0.0088033903835189
2011-02-01,0.0165381087237728,0.0166880614636886,0.0093323941376141,0.0144552626754994
2011-02-02,-0.0025485862664886,-0.0020598788235283,-0.0017872401985712,0.0082166878205231
2011-02-03,0.0024877808412008,-0.0025591859662567,-0.0104341585075019,0.0010367470114194
2011-02-04,0.0028811026225289,0.0088702768516792,0.0043310120087854,0.0126989465371229
2011-02-07,0.0062245967896988,0.0154075745244618,0.0153658069070007,0.0028380084890195
2011-02-08,0.004478731506652,0.009390567819995,0.0028326453481578,0.0368897708166589
2011-02-09,-0.0026670998971019,0.0082988351346715,-0.0110223100624417,0.0121621653346808
2011-02-10,0.0008358108024351,-0.0101585264124785,-0.0169468312966025,0.0048989358023568
2011-02-11,0.0056125398547115,0.0064943082000193,-0.0091319305996935,0.0161938232238873
2011-02-14,0.0025792171182539,0.0065080223552777,-0.0007347399649008,0.0061632665399873
2011-02-15,-0.0031145445590409,0.0020024034051747,-0.0040716455757656,-0.0073264262354716
2011-02-16,0.0063966447835035,0.0089348392430123,0.0022230044265418,-0.0128312688161978
2011-02-17,0.0031442028667513,-0.0133900515313771,0.0070071355660158,0.0060900877368922
2011-02-18,0.0019172145870592,-0.0218388134386476,-0.005527968364052,-0.0067333124588979
2011-02-22,-0.020673176997457,-0.0346831094676208,-0.0175212790997824,-0.0331437728553774
2011-02-23,-0.0060735871989231,0.0117731404340255,0.0,-0.0209472795001671
2011-02-24,-0.0007517144362166,0.0007589291657142,0.0067466692459373,0.0060378819550245
2011-02-25,0.0107179965832594,0.0152812772046682,-0.0082521467645537,-0.0028733223520614
2011-02-28,0.0055786885694262,0.014400892678367,0.0011291390886762,-0.0225382546791346
2011-03-01,-0.0158076827686135,-0.0111030722494893,-0.0159274718642635,-0.0224676097990578
2011-03-02,0.001769394251449,0.0080121223239566,-0.0030627812348148,0.0151118672702373
2011-03-03,0.0170507394592717,0.0209088885328311,0.0045908822159285,0.0044662352016969
2011-03-04,-0.0073804676155341,0.001223088699717,-0.0095876676784269,-0.0065029550421924
2011-03-07,-0.0083150642696119,-0.0129726121940098,-0.0089027391898258,-0.0152020535842487
2011-03-08,0.0090328641487097,0.0011245881997674,0.0073599054630916,-0.0130370629432776
2011-03-09,-0.0012071368216894,-0.0092909831347522,-0.000772434618057,0.0128596163985835
2011-03-10,-0.0189824780677179,-0.016592197418052,-0.0187137954082807,-0.0173637227429695
2011-03-11,0.0073266004319154,0.0152298391080988,0.0105699337736421,0.0115497528775496
2011-03-14,-0.0060105128552158,0.0044500581809328,0.0003892247105665,-0.0080048217161076
2011-03-15,-0.0112117377830865,-0.0232626002950418,-0.0117463932392371,-0.0099455326879864
2011-03-16,-0.0195738437183603,-0.0456670105533672,-0.0239156263896011,-0.0023045677007864
2011-03-17,0.0132750188934837,0.0139321427841594,-0.000403047116349,-0.0229076249654563
2011-03-18,-4.460390667754094e-05,-0.0119344569836362,0.0008068654670799,0.0052665941615554
2011-03-21,0.0148817741794352,0.0257635736393199,0.0211454136351934,0.0165475369825299
2011-03-22,-0.0034366937163079,0.0055844532811568,-0.0011850970834982,-0.0117389462485131
2011-03-23,0.0029184095405925,-0.0059082224286881,0.009441884862198,0.0165897925298213
2011-03-24,0.0092889356701004,0.0168968079601781,0.0105157651453334,0.034365191254616
2011-03-25,0.0031476289376988,0.0188659028839438,-0.0073882279484199,-0.0007015903000602
2011-03-28,-0.0027516131389132,-0.0031339703842302,-0.0082306958169079,-0.0095790113343068
2011-03-29,0.0072379862833301,0.0014825078142063,0.0031433113310829,0.0306446051188809
2011-03-30,0.0067666004892193,-0.00666077050339,0.0046968952243394,0.0271172417484759
2011-03-31,-0.0018315726451066,-0.0003441419265008,-0.0086274413104509,0.0039493863043296
2011-04-01,0.0049641243262039,-0.0113988748609998,0.0035383172195044,0.0
2011-04-04,0.0004691624723258,-0.0098285127039257,0.0027436354593221,0.0154794177927512
2011-04-05,-0.0001736765085644,-0.0067642182793149,0.008961560525464,0.0127639350661048
2011-04-06,0.0025886618075544,-0.0025115020234002,0.0142499247262505,-0.0137483485992524
2011-04-07,-0.0014832124339283,0.0001187695166418,0.0019105282559863,0.011695403523824
2011-04-08,-0.004016351883446,-0.0089728536551935,-0.004974137416807,-0.0010821926276662
2011-04-11,-0.0027769365006655,-0.0127958484230163,-0.0034582992604834,-0.0036339023039605
2011-04-12,-0.0077904983562442,0.0048250886426232,-0.0131733284037748,-0.0195331569775738
2011-04-13,0.0002902507959348,0.0111591097186885,-0.0003902850093493,0.009978857235136
2011-04-14,9.4906653643952e-05,-0.0110989145919384,-0.0082272203399175,-0.002581638851118
2011-04-15,0.0039032746266747,-0.0150335162605899,-0.0019690577600296,-0.0100047817910987
2011-04-18,-0.011056297089966,0.0133171814260954,-0.0114965440899684,-0.0093205641958798
2011-04-19,0.005735504249142,0.0179486955579108,0.0027873329742029,0.0026878726004386
2011-04-20,0.0134288785172915,0.0133770078404224,0.0239647550969136,0.027849272858578
2011-04-21,0.005274308031457,0.0239224156545277,-0.0093603674663472,0.0109261147533024
2011-04-25,-0.0015932422830423,0.0065654671596602,0.0035206267994844,-0.0025315787402161
2011-04-26,0.0089383297684225,-0.0073641898496932,0.0223947798833782,-0.016969840494219
2011-04-27,0.0063878398824448,-0.0007710241841119,0.0072284006311418,0.0756701084868482
2011-04-28,0.0036177825719543,-0.0097571620957257,0.0124318387208563,-0.0079653216646242
2011-04-29,0.0022927892068303,0.0097004873450204,-0.03002352316264,0.0037863328083943
2011-05-02,-0.0017567645217492,-0.0110569669373376,-0.0100811743500209,0.0271049338859091
2011-05-03,-0.0033775071137752,0.0055293754558341,0.0058283954871899,-0.0137125559720705
2011-05-04,-0.0066912557732734,0.0039268096656261,0.0096397251505723,0.0076301760678372
2011-05-05,-0.0090489068646131,-0.0080997055291431,-0.010414555436275,-0.0144054067580734
2011-05-06,0.003916502717133,-0.0002596617905478,0.0030968690831908,0.0024828367749295
2011-05-09,0.0045346325855028,0.0027077730918691,-0.0015470116206629,0.0160646025038066
2011-05-10,0.0080388249124145,0.0053083778784971,-0.0062135938725033,0.0155164451185054
2011-05-11,-0.0106019037498833,-0.0063732718662523,-0.0121498354379267,0.0021551732479834
2011-05-12,0.0049795515752912,-0.0019024174745977,-0.0015788577804725,0.0082349107098369
2011-05-13,-0.0080463380915547,-0.0176696258776965,-0.0115193774205023,-0.0171797779380884
2011-05-16,-0.0061468057775567,-0.0213721359919183,-0.0185486181576526,-0.0508880385252776
2011-05-17,-0.0001178530152181,0.0084845194153206,0.0044959573608968,0.0118766241625791
2011-05-18,0.0089126555293238,0.0110351464746843,0.0069089455033494,0.0116357526112902
2011-05-19,0.0022519902210685,0.0019404679270834,0.0012143650996276,0.0086388170180706
2011-05-20,-0.0076982780182483,-0.015716238873841,-0.00934758660867,-0.0007548119618657
2011-05-23,-0.0119331403521081,-0.0024497181404862,-0.0131528180059645,-0.0123080035253631
2011-05-24,-0.0008136014027212,-0.0066301048119389,-0.0008279095910313,-0.0151483037378683
2011-05-25,0.0032342383102604,0.0137223264812306,0.0016553984607154,-0.0052395523597064
2011-05-26,0.0041697370119574,-0.0052989201778658,0.0196484992116449,0.0141509359260768
2011-05-27,0.0042466894166485,0.0071683710064111,0.0036412622436327,-0.0044715208264623
2011-05-31,0.0105054394612145,0.0304149507112341,0.0100462682226681,0.0131008475245169
2011-06-01,-0.0228564991269689,-0.0066924769543872,-0.0234638106143484,-0.0220523470301952
2011-06-02,-0.0011688387560626,0.0017060631532706,-0.0086332971208147,0.0064758677291551
2011-06-03,-0.009693347888021,-0.0077150442727834,-0.0128817349188807,-0.0279097624487944
2011-06-06,-0.0107564931245458,-0.0158486063635875,0.0041736270043357,-0.0140640268994624
2011-06-07,-0.0009131361640986,-0.0179086774503879,0.0020803791115237,0.009966859915392
2011-06-08,-0.0039608140072482,0.0006024406696013,-0.0050001039996519,0.0026624083884491
2011-06-09,0.0073196252825997,-0.0022600785030809,0.0008352754568045,0.0086305568408045
2011-06-10,-0.0140075081003451,-0.0170072069997489,-0.0104891632016675,-0.0167463577006788
2011-06-13,0.0010000767438034,0.0021457990271853,0.0138222955944604,-0.0012874847548539
2011-06-14,0.0125235667910408,0.0177234649419202,0.0074594249530757,0.0195089243793036
2011-06-15,-0.0174786419069192,-0.0172642276120289,-0.020017086502565,-0.0211743826308698
2011-06-16,0.0019108259073707,-0.0048779065003732,0.010892617192457,-0.0126073687843748
2011-06-17,-0.0019031520288231,-0.0151842105429153,0.0107749293604016,0.0147021728268974
2011-06-20,0.0053833948813079,-0.0155453423860389,0.0086188600173628,0.007217545833643
2011-06-21,0.0134339275756067,0.0311598144010405,0.0117815194448387,0.0340915329178245
2011-06-22,-0.0064461554552255,-0.0083038736559681,-0.0044524888259558,-0.0134765943636375
2011-06-23,-0.0028323032352578,0.0263690721737876,-0.0008114701216859,0.013116131937942
2011-06-24,-0.0117979344545826,-0.0148425540010049,-0.0134891533052409,-0.0083267011574281
2011-06-27,0.0091367449476012,0.0172848089876245,0.0363675821897269,0.0441920560377549
2011-06-28,0.0130745092998753,0.0096511121169307,0.0235306401109707,0.0054509550232017
2011-06-29,0.0083686648089733,-0.0036455497082948,-0.0070009033680928,0.0090030864189946
2011-06-30,0.0100609950218061,0.0048675729143594,0.0147228481108877,0.001517116790854
2011-07-01,0.0144042492869088,0.0223595576833699,0.0007691214682542,0.0241569309943304
2011-07-05,-0.0013018750160173,0.017815343926237,0.0003842899225498,0.0175077813503969
2011-07-06,0.0013768226815624,0.0066454773069803,0.0114591999809428,0.0046796847066002
2011-07-07,0.0104340275315387,0.0153472687676999,0.0165730004039537,0.011835006911798
2011-07-08,-0.0069810805179643,0.0070016948039868,0.0055877626517414,0.0070801638231819
2011-07-11,-0.0182189386058941,-0.0160007951392003,-0.0108314380191449,-0.026601387513232
2011-07-12,-0.0044327740139728,-0.0007063778132577,-0.0033851337268322,-0.0062296676056474
2011-07-13,0.0031862972935699,0.0119983622259573,0.0033851337268321,0.0106892454695276
2011-07-14,-0.0067179802463253,-0.0006986283880694,-0.0060264006647811,-0.0147214133575512
2011-07-15,0.0055279822316974,0.0197876295933346,0.0116435060518303,0.0117662314334585
2011-07-18,-0.0081196639245292,0.0240429290855825,-0.0071201359951582,-0.0063148183455276
2011-07-19,0.0161499938253758,0.0081264350285969,0.0351042928446858,0.0304034218791768
2011-07-20,-0.0005283669929316,0.0263190533180442,-0.0175828704549777,-0.011577353085092
2011-07-21,0.0135139028646251,0.0010076821874538,0.0014772741113608,-0.01091530568623
2011-07-22,0.0009177379657787,0.0153986129373491,0.0157424734549719,0.0154053264218635
2011-07-25,-0.0056407360789325,0.0131348517541468,0.0137084547977036,-0.0140929287645445
2011-07-26,-0.0041095599719145,0.0122459772036585,0.0060723157966691,0.0032267898084962
2011-07-27,-0.0204400917530246,-0.0271877535340471,-0.0270720854947374,0.0382002022343634
2011-07-28,-0.0031410185207934,-0.0019630501175999,0.014168940128557,0.0061825383976167
2011-07-29,-0.0064634691325864,-0.0034260671832113,-0.0116115671609299,-0.0061825383976167
2011-08-01,-0.0041373473468268,0.0159297101460118,-0.004755474663044,-0.0054073671771833
2011-08-02,-0.0258460882253438,-0.019958419548403,-0.0173849846784986,-0.0444394398890894
2011-08-03,0.0053509672531324,0.0093671103088475,0.0044676999454934,-0.0082531417567206
2011-08-04,-0.0488439997744894,-0.0394887608440517,-0.0370831121375182,-0.0412269155066491
2011-08-05,-0.00057407465793,-0.0099871780124639,-0.0100738599864176,0.0060369325805046
2011-08-08,-0.0686342643482546,-0.0561759510390307,-0.0478558274885941,-0.045416483045004
2011-08-09,0.046216813997945,0.057219255151501,0.0439536481896296,0.0571383367726911
2011-08-10,-0.0446203456056346,-0.0279803776552901,-0.0554578946985232,-0.054920869448357
2011-08-11,0.0452802213410274,0.0271513617520749,0.0400945429850196,0.0215555238836486
2011-08-12,0.0052428703463403,0.0087652872781964,-0.003579196203218,0.0196681825527667
2011-08-15,0.0215485332072146,0.0168861515340993,0.0162026703685991,0.0032078991112069
2011-08-16,-0.0095755808188259,-0.0076713363552185,0.0,-0.0263100816045521
2011-08-17,0.0012171592083415,-0.0001049248482172,-0.00395272807453,-0.0088921090976792
2011-08-18,-0.0453743046495016,-0.0385582109768214,-0.0232382973490125,-0.0708976965234737
2011-08-19,-0.0150707515880538,-0.0277553321532746,-0.025453169753635,-0.0198650881554312
2011-08-22,0.0002582707833858,0.001151052493286,-0.0029141884506529,-0.0077987322635971
2011-08-23,0.0335876014165318,0.0470195562488176,0.0303921906094398,0.0863399413834837
2011-08-24,0.0131184287359511,0.0068821266250291,0.0072555338294109,0.0009295600751973
2011-08-25,-0.0156059881052346,-0.0065606500961543,-0.0133420107468216,-0.0088138272768328
2011-08-26,0.015088095876279,0.0260412632404382,0.0272999418612712,0.0370090792224711
2011-08-29,0.0278979334473185,0.0165215997884259,0.0230976170076514,0.0357849912550655
2011-08-30,0.0025644753434979,5.113932783757226e-05,0.0149797151291527,0.0210332343627105
2011-08-31,0.0050046450641297,-0.0133192323379612,0.0140074622789067,0.0202283091138186
2011-09-01,-0.0118087968009085,-0.0099238564284374,-0.0147701428237713,-0.0125770178315386
2011-09-02,-0.02545722211389,-0.0184884466879051,-0.0157663704556981,-0.0120226752270804
2011-09-06,-0.0074052458186268,0.0150972331180437,-0.0113035472637844,0.0290038632705881
2011-09-07,0.028348921791864,0.0109735609390074,0.0190256493948479,0.0170615035726585
2011-09-08,-0.0105930243426316,0.0005466963461089,0.0084258508240986,-0.0120781045551106
2011-09-09,-0.0269197230758415,-0.0174892445769903,-0.0184758008657869,-0.0273900243780101
2011-09-12,0.0069661290930786,0.0064957738789569,0.0058101775228939,0.024162876678451
2011-09-13,0.0093848078970679,0.0122423956901141,0.0057768093473295,0.0136212521297857
2011-09-14,0.0133170880548697,0.0120941603735971,0.0175110788871638,0.0137527614337128
2011-09-15,0.0171331457004528,0.0093578550182228,0.0183216408605314,0.0187387256741495
2011-09-16,0.0005414488342074,0.019005679613651,0.0048053452608906,0.0537376103706338
2011-09-19,-0.0098436101732662,0.0274111826384634,0.0033129753682385,0.0099379183355576
2011-09-20,-0.0016332172285793,0.0044120237511534,-0.0084885913055503,-0.0355450735224321
2011-09-21,-0.0297843085027061,-0.0031735091998462,-0.0373840045892313,-0.0059339699405638
2011-09-22,-0.032382406326738,-0.0253591634008509,-0.0364391028420642,-0.0379742397096097
2011-09-23,0.006190773415171,0.0061532343684414,0.0,0.0017008329227749
2011-09-26,0.0230474283702836,-0.00279875730025,0.0150499523840266,0.0275234592521824
2011-09-27,0.0106353127641235,-0.0097459224081295,0.0090000899712358,-0.0248438095758568
2011-09-28,-0.0206209908985536,-0.0056508392261165,-0.0035119289041064,0.0242345311167617
2011-09-29,0.0081250377884768,-0.0163545167722656,-0.0050952310964127,-0.0321602414737784
2011-09-30,-0.025259382763326,-0.0239683608879492,-0.0222495941197,-0.0283147463335595
2011-10-03,-0.0287935760594156,-0.0177803144204285,-0.0145691661748901,-0.0198507253866948
2011-10-04,0.0223399732498901,-0.0056217564567442,0.0324868628671865,0.0024500577653625
2011-10-05,0.0181895233233951,0.0153182951899288,0.0214728640853522,0.0324102441507545
2011-10-06,0.0181932189856675,-0.0023290031250494,0.0172317493100874,0.0091155026777437
2011-10-07,-0.0081578843446723,-0.0202640675943863,-0.0034224448349972,0.0144764432867865
2011-10-10,0.0334851497192076,0.0501285195227948,0.0259463673756704,0.0288578548102611
2011-10-11,0.0005560068068219,0.0290986793801696,0.0022245082471919,0.0178239508700429
2011-10-12,0.0098876943338687,0.0047355083296846,-0.0014826753544808,0.0056321476878698
2011-10-13,-0.0028953011310078,0.0153955400845998,0.0081270364775823,-0.0027909355058044
2011-10-14,0.0171855072873497,0.0326850616400369,0.0033057680884537,0.0437463614344909
2011-10-17,-0.0194985310987813,-0.0047748255931693,-0.0106910508909043,-0.0179131241639945
2011-10-18,0.0201751692197479,0.0053434181679643,0.0121567909854768,0.0063758674269931
2011-10-19,-0.0125505215594487,-0.0575655199668387,-0.0066127218302512,-0.0519668462765084
2011-10-20,0.0045604163309297,-0.0083382191719885,-0.0033229489810669,0.0089436034938974
2011-10-21,0.0186048954669509,-0.0061917431580621,0.0044283364159027,0.0049958471933716
2011-10-24,0.0127729600537025,0.0323079415315392,0.0011041669024919,0.0119817686945453
2011-10-25,-0.020211343863192,-0.019912584340269,-0.0140746449199779,-0.0450200819395093
2011-10-26,0.0104592720536463,0.007089473280889,-0.0082395628136823,-0.1353253973546399
2011-10-27,0.0336912583611697,0.0101580013656286,0.0245181916623238,0.0413702313077746
2011-10-28,0.0004062436694511,0.0006422378233458,-0.0099576074212168,0.0497154955247752
2011-10-31,-0.0249883426053814,-0.0004198057706401,-0.0130579132662695,-0.0176872517040328
2011-11-01,-0.0282411975197369,-0.0206428464232838,-0.0243260913229618,-0.0066258084086525
2011-11-02,0.0160250217610514,0.0022675550193141,0.0007688407566268,0.0164597375403352
2011-11-03,0.018752233955745,0.0141416654241246,0.0197951102211561,0.0123068548752991
2011-11-04,-0.0062857418751005,-0.0070459585339747,-0.0106099003320651,-0.0083262895637932
2011-11-07,0.0063349597400805,-0.0012750312361137,0.0207358437831365,0.0023991891179816
2011-11-08,0.0122271971894787,0.016130264264452,0.0133435667504383,0.0045518366368643
2011-11-09,-0.0371524548201641,-0.027324888661958,-0.0359861599737155,-0.0315489458589954
2011-11-10,0.0086807480921874,-0.0257799333007811,0.0030488824459601,-0.0020378671065249
2011-11-11,0.0192250395374579,-0.0015587298389047,0.0236896263156292,0.0308305982572843
2011-11-14,-0.0094400662038287,-0.0140341674305576,-0.0055890470539952,0.0070590685501572
2011-11-15,0.0049836505946695,0.0249206243173163,0.0067537153950482,-0.0050371019589797
2011-11-16,-0.0163983243245852,-0.0104963961653418,-0.025375108352954,-0.0271758383121038
2011-11-17,-0.0168557828909271,-0.0193135564139531,-0.0205396280349113,-0.0358733335363626
2011-11-18,-0.0003287467250058,-0.0065663644957172,-0.0094417072062152,-0.0367516339745056
2011-11-21,-0.01868949412319,-0.0159423875760302,-0.0119284897592096,-0.0408452439197346
2011-11-22,-0.0040513867853739,0.0201211535989223,-0.0084352480080083,0.0161957469667776
2011-11-23,-0.0221946121629237,-0.0256100184904405,-0.012992661144521,-0.0175705356773896
2011-11-25,-0.0025288634646278,-0.0093629220773383,-0.0069714547831217,-0.0354920259667152
2011-11-28,0.0287996552184607,0.0339363920809305,0.0231855555812076,0.0624289785374453
2011-11-29,0.0025554732320929,-0.0077937518330835,-0.0012068304061366,-0.0301167740003932
2011-11-30,0.0423078779516827,0.0238296259948266,0.029355872141949,0.0204903669852129
2011-12-01,-0.0018688481317511,0.0148809172874397,-0.0117973420268858,0.0248587604153905
2011-12-02,-0.0002023244568465,0.0045521156294379,-0.0023760022187802,-0.0055957008355531
2011-12-05,0.0102220613836332,0.0084579162308974,0.0188532223794069,0.0010706912079008
2011-12-06,0.0011123714870838,-0.0052555908549957,-0.0015573798100225,-0.0218951126121693
2011-12-07,0.0022884628795437,-0.0047687926524355,-0.0023406761003439,0.0171959518553952
2011-12-08,-0.0212217351347102,0.0040267641980566,-0.0078435825886834,-0.0250920370148522
2011-12-09,0.0166362994208004,0.0075486423177574,0.0117416384990499,0.0132984150611766
2011-12-12,-0.0148898742024461,-0.0045328441289471,-0.007420214873289,-0.0183510573892538
2011-12-13,-0.0084807072623927,-0.0077626198525077,0.0097524802725804,-0.0487083819501601
2011-12-14,-0.011229009952659,-0.022419607588909,-0.0066215254270179,-0.0016633403701901
2011-12-15,0.0033058528653791,-0.003293192807115,-0.0011729534283185,0.0058096270964558
2011-12-16,-0.0031014108657959,0.0054739647898276,0.0170680691197164,0.0
2011-12-19,-0.011784280374879,0.0031184605103045,-0.0182422025011615,-0.0107047806663028
2011-12-20,0.0295329254142092,0.035317871364796,0.0193953172035121,0.0176320720988689
2011-12-21,0.00195800844596,0.0012620015139734,-0.0104267049667304,-0.0457949829375416
2011-12-22,0.0084767144811263,0.0052827013838068,0.0019388219297999,0.0264886164415214
2011-12-23,0.0089904424947955,0.0119222387627886,0.0084878830369306,-0.0098229860042625
2011-12-27,9.101558605465844e-05,0.0079027046213994,0.0003840601390587,-0.005713493127057
2011-12-28,-0.0123249476387603,-0.0096149579893027,-0.0084843658589115,-0.0135939950378845
2011-12-29,0.0106617599430933,0.0061404960584209,0.0077160495810476,-0.0001725377430591
2011-12-30,-0.0042371207095444,-0.0002963925859863,-0.0023084485025428,-0.0043809154687547
2012-01-03,0.0153584058522708,0.0152657336982605,0.030724777597188,0.033683927381018
2012-01-04,0.0003957043110522,0.0053595015495316,0.0232610785859922,-0.0085264442064691
2012-01-05,0.0029328205933081,0.0110410515449351,0.0101671600328264,0.0005631899225229
2012-01-06,-0.0021668671630287,0.0103993761728152,0.0154151242841084,0.0277625958947072
2012-01-09,0.0022757590205645,-0.0015871266651722,-0.013249918742994,-0.0224280519809965
2012-01-10,0.0088470964192236,0.0035741023930076,0.0035986072578133,0.0043587663309553
2012-01-11,0.0004094452384654,-0.0016321093558023,-0.0043198216618996,-0.002456455009228
2012-01-12,0.0023639754899357,-0.0027487458281909,0.0100506482332408,-0.0167408018637187
2012-01-13,-0.0049643219901532,-0.0037565902675714,0.0088892258753874,0.0140541328346825
2012-01-17,0.0035398662632602,0.0115810791448999,0.0003537059094721,0.0179964865884301
2012-01-18,0.0111844244063648,0.0103300709988018,-0.0010625201923453,0.0419355436215734
2012-01-19,0.0049454552565192,-0.0031741094509125,-0.0039036972393008,0.0261027089061153
2012-01-20,0.0006838028946778,-0.0175706438406343,0.055002373687987,-0.0182681918763832
2012-01-23,0.000484337869116,0.0167751722009845,0.0006728381850317,-0.0256764410722371
2012-01-24,-0.0009992643886876,-0.0165131681041963,-0.0132050034042094,0.0048781892014505
2012-01-25,0.0086210112025,0.0605672468920997,0.0074704799144899,0.004268949919576
2012-01-26,-0.005706136373013,-0.0045554659152025,-0.0020320150301327,0.0289692802027207
2012-01-27,-0.0015480353651726,0.0059425740110345,-0.0091944573467762,0.0105483496266607
2012-01-30,-0.0024861981487256,0.0127294364648446,0.0129165207720841,-0.0166188795926911
2012-01-31,-0.0004552597242322,0.0076306237377841,-0.0027054757500475,0.0118473151664017
2012-02-01,0.0090451430731226,-0.0006356900329817,0.0121174326511945,-0.0801712903073429
2012-02-02,0.0011698727938198,-0.0023480371653283,0.0020055275718807,0.0125146990212909
2012-02-03,0.0145726341871599,0.0099694903191368,0.0096358537785104,0.0322713440139627
2012-02-06,-0.0004068888448248,0.0092892179257342,-0.0013237039988627,-0.0244874972255793
2012-02-07,0.0020297042959889,0.010420582468882,0.0049549329958521,0.0057169458514253
2012-02-08,0.0025038893450948,0.0166048108642775,0.0101620063476125,0.0069792259922485
2012-02-09,0.0014850250699374,0.0340086987455299,0.0035814525271843,-0.0026993483971459
2012-02-10,-0.0068753262209529,0.0005068682430128,-0.0088132041925783,0.0030227810990112
2012-02-13,0.0069695762930948,0.0184335758945387,0.00261913236189,0.0320871798827756
2012-02-14,-0.0007776680501262,0.0135567916814915,-0.0042881785873498,-0.0015147956616938
2012-02-15,-0.0050392658307869,-0.0234141466375827,-0.0066333822303611,-0.0363560278127191
2012-02-16,0.0110658971485811,0.0090812810078336,0.040435674258972,-0.0249189622690607
2012-02-17,0.002354519494901,-0.0001794734241395,-0.0012789781260404,0.0141822866581189
2012-02-21,0.0007389027793874,0.025036697751971,0.0060614962250384,-0.0013159339545655
2012-02-22,-0.003296243147909,-0.0035217419729386,-0.0054217826667037,-0.0092603461886476
2012-02-23,0.00443673105014,0.0065083775941738,0.0031929625686429,-0.0094028010762089
2012-02-24,0.0017868003356593,0.0115902440682536,0.0035001138395451,0.0013407074238865
2012-02-27,0.0014370146764155,0.0063923312807296,-0.004137947192373,-0.0033551449021402
2012-02-28,0.0034945452093299,0.0181881307930738,0.0164508988736805,0.0290915555967161
2012-02-29,-0.004559448408086,0.013044429674758,-0.0040875212251186,-0.0226150659832241
2012-03-01,0.0061724375325515,0.0037353365399277,0.0171798280090633,0.0019459044863696
2012-03-02,-0.0032035710815501,0.0013035142303105,-0.0065247860328305,-0.0041186678136448
2012-03-05,-0.0038080791560101,-0.0222948122849982,-0.0087663931494606,0.0053398725171764
2012-03-06,-0.0153916728650814,-0.0054539582708939,-0.0075758539968576,0.0045938921249874
2012-03-07,0.0071428230836935,0.0008105102418358,0.0088328040383578,0.0146908304540817
2012-03-08,0.0098265865577939,0.0210696062121606,0.0053247846716698,0.0208402577529244
2012-03-09,0.0035970506982655,0.0058503936933638,-0.0006245680764739,-0.0178518559527309
2012-03-12,0.0002262946026032,0.0124503819482967,0.0015616468999738,-0.0050583447987826
2012-03-13,0.0182234268977653,0.0287484907774371,0.0194722084928702,0.0065221167117649
2012-03-14,-0.0011542925153873,0.0371133331482948,0.0030562673557575,-0.0127029103525278
2012-03-15,0.0059337674451714,-0.0068417948422918,0.0024377802602135,0.0118357486267339
2012-03-16,-0.0032555249507449,1.711384783988439e-05,-0.0076391329025937,0.0033560711374502
2012-03-19,0.0039651803989969,0.0261760602432109,-0.0123459219481195,0.0025366341151112
2012-03-20,-0.0029906667587123,0.0080523661806777,-0.0065428481581019,0.0360499537199995
2012-03-21,-0.0018355183968258,-0.0057262295593051,-0.0025045349563861,-0.0031245143369757
2012-03-22,-0.0071776472870181,-0.0052586266183427,0.0028168090589532,0.0034884059013061
2012-03-23,0.0030890026673143,-0.0055047466536618,0.0003122939739068,0.0136281275013554
2012-03-26,0.01379366872135,0.0181712269619373,0.0179574841057963,0.0393607140802764
2012-03-27,-0.0027211077678188,0.0122809895913411,-0.0021504722475496,0.0125886406883584
2012-03-28,-0.0047102999359777,0.0050968340003974,-0.0101993382793406,-0.0210534091978323
2012-03-29,-0.0015932513661919,-0.0126438508456711,-0.0021771069996268,0.0170051168747039
2012-03-30,0.0036875587282903,-0.0170498253872323,0.0043493292370996,-0.0103164601351107
2012-04-02,0.0075322946899456,0.0313277544501045,0.0009295486527422,-0.0222697439754314
2012-04-03,-0.0037590554288259,0.0171324834158358,-0.0108982980234355,0.0080963958403536
2012-04-04,-0.0102218780057831,-0.0079927338432454,-0.0231205670213187,-0.0288093085652644
2012-04-05,-0.0002765542197187,0.0148970286062377,0.0098835245457881,0.0020598390310068
2012-04-09,-0.0113824361841391,0.004015984305659,-0.0134142928244341,-0.0130483910040136
2012-04-10,-0.0171953844856015,-0.0123194653393063,-0.0204653381240017,-0.0258164001068381
2012-04-11,0.0075505903830239,-0.0035709620116319,-0.0039457358393018,0.0052807163653344
2012-04-12,0.0136691994395132,-0.0054922511344624,0.0205448570767358,0.0143666972180313
2012-04-13,-0.0125170667439079,-0.0285687051912176,-0.0055024283834136,-0.0117632900679252
2012-04-16,-0.0005057475600704,-0.04235683841088,0.0087252726381432,-0.0158309007311203
2012-04-17,0.0153411479494866,0.0497152879238639,0.0115164537485019,0.015459400129793
2012-04-18,-0.0040488678900129,-0.0022335558044608,-0.0095877371543004,0.0141255708741011
2012-04-19,-0.0058991160895646,-0.034959547257853,-0.0041836649541552,0.0001569981948432
2012-04-20,0.0011846565226857,-0.0249232328002997,0.0444659148354493,-0.0058780477841908
2012-04-23,-0.0084075272972365,-0.0022361043516386,-0.0092968384100989,-0.0092010590429293
2012-04-24,0.0036609891868266,-0.0201783216038145,-0.0062457102842817,0.0110416632805855
2012-04-25,0.0136586131446696,0.0850222679988098,0.0087334237866305,0.0212613596932302
2012-04-26,0.0066985110366389,-0.0037771778783107,-0.002799015793773,0.0080428701278457
2012-04-27,0.0024188369930014,-0.0077645918231233,-0.0040567130319955,0.1462253685892041
2012-04-30,-0.0038649248783474,-0.0320502446262623,0.0012503100305351,0.0220172381515131
2012-05-01,0.0056303811448732,-0.0031727725552437,-0.0003128612863944,-0.0080530374159325
2012-05-02,-0.002385600772045,0.0065912224864817,-0.0065817347131701,0.0009124682898625
2012-05-03,-0.0074918009985008,-0.0071243423496055,-0.0012588079395642,-0.0034805342945736
2012-05-04,-0.0162206967934878,-0.0288927558399836,-0.0248658630881127,-0.0240837328394675
2012-05-07,0.0003679894375126,0.0074553206959287,-0.0107088618200808,0.0052098525944507
2012-05-08,-0.0041496117840501,-0.0022848469221496,-0.0049060890758022,-0.0056117369911165
2012-05-09,-0.0064318657259105,0.0017577784778703,0.0084882770224134,-0.0041174422652838
2012-05-10,0.0028118139276779,0.0023516236150593,-0.0006503235476748,0.0165013640410086
2012-05-11,-0.0032825626134113,-0.0067001096569701,0.0135703299404243,0.0043576889611082
2012-05-14,-0.0110414221549115,-0.0150950864495851,-0.0155241276661303,-0.0210833135040547
2012-05-15,-0.0055594419544927,-0.0090875896926843,-0.0088978031062508,0.0065277885382238
2012-05-16,-0.0040557374700854,-0.0128998803954348,-0.0103144308805578,-0.0014717362451342
2012-05-17,-0.0150048319145131,-0.0296619254235868,-0.0060382784103106,-0.0257687962170204
2012-05-18,-0.0073874012607222,0.000490254884347,-0.0152571647650453,-0.020870242240639
2012-05-21,0.0158523453945736,0.0566259278549367,0.0162660659606805,0.0197246880108435
2012-05-22,0.0005061358356808,-0.0077082851135415,0.0003361858011539,-0.0128277875652443
2012-05-23,0.0017242771963173,0.0241070100958952,-0.0220836065198103,0.0090151092518146
2012-05-24,0.0015273669701347,-0.0092262142921098,-0.0013752280350886,-0.0094331597491124
2012-05-25,-0.0021615512360452,-0.0053743190174328,-0.0003436104183373,-0.0109780842335717
2012-05-29,0.0111294672150649,0.0175930466248742,0.017059264906673,0.0086989604767176
2012-05-30,-0.0140777784490978,0.0119853485245281,-0.0074704396074612,-0.026040435513205
2012-05-31,-0.0021620131303931,-0.0024892748445648,-0.0051251915605353,0.0174354158538414
2012-06-01,-0.0247937001196332,-0.0294036294479693,-0.0256784043371958,-0.0222743281583944
2012-06-04,0.0001308774193984,0.0058647071080989,0.0035088975203654,0.0300408124103828
2012-06-05,0.0057118073686659,-0.0025903165174833,-0.001402134232667,-0.0063584299500762
2012-06-06,0.0229593932921372,0.0152170309725789,0.0290379274582672,0.020564726110811
2012-06-07,-6.283711706350155e-05,0.0004546816227898,-0.004097262097462,0.0053157489301014
2012-06-08,0.0080526377617683,0.0149302014311275,0.0142667290481801,-0.0014635933823766
2012-06-11,-0.0125851346848095,-0.015892810913148,-0.0256207619600049,-0.009103929722905
2012-06-12,0.0115342181489581,0.0086989072689966,0.0134048048763733,-0.0003695832990418
2012-06-13,-0.0066427257101794,-0.0069668536876723,-0.0054776007015341,-0.0078395391644617
2012-06-14,0.0107127608967435,-0.0011019581851083,0.007182995986213,-0.0013048140161512
2012-06-15,0.0051077686431772,0.0045390606163865,0.0229121134328453,0.0180226689686805
2012-06-18,0.0014595845068503,0.0200881656643931,-0.0060139021638869,0.0195466643689911
2012-06-19,0.0097864491597846,0.0027789657842312,0.0284130714926252,0.0061340271582768
2012-06-20,-0.001646384311005,-0.0028468337439233,0.0074637820034481,-0.0045185179216221
2012-06-21,-0.0223516667567293,-0.0138737997522148,-0.025873668731342,-0.0110463487127192
2012-06-22,0.0071394301445768,0.0076397622573155,0.0184098867278937,0.0071827381740477
2012-06-25,-0.0159593057002789,-0.0196557885848604,-0.0274081423303075,-0.0094521654371004
2012-06-26,0.0047592924594341,0.0022047076554655,0.0050089730015691,0.024862167321216
2012-06-27,0.009171802833963,0.0043088818094884,0.0049842555903571,4.432329411461341e-05
2012-06-28,-0.002066130005579,-0.0095320538893816,-0.0086549752283647,-0.0192877346124537
2012-06-29,0.0246301993637306,0.0259330485539362,0.0224803378138356,0.0313151060666874
2012-07-02,0.0025156589376356,0.0144839729216271,-0.0009814271981488,0.0042388684091739
2012-07-03,0.0064242086556916,0.0115608236842562,0.0065232039484949,0.0009153318716882
2012-07-05,-0.0046825274395716,0.0174145989419242,-0.0019522255974358,-0.0108194401754826
2012-07-06,-0.0091239751999984,-0.0066784869104361,-0.0167522990614498,-0.0088916999974459
2012-07-09,-0.001627991645677,0.0131340329509282,-0.0063129896731224,0.0
2012-07-10,-0.0081355815558252,-0.0092957171869429,-0.0087048590141975,-0.0249703672237156
2012-07-11,0.0001030253735613,-0.0062340823142072,-0.0149052354746314,-0.0051613607169497
2012-07-12,-0.0049926746845414,-0.0091911464918905,-0.0231326481623827,-0.0138798253419131
2012-07-13,0.0163555082164559,0.0100835893621356,0.0261991981583794,0.0139714088203176
2012-07-16,-0.0023166369591616,0.0032019542433222,0.0017002744822243,-0.0109577523678599
2012-07-17,0.0073695108236948,4.915317847937753e-05,0.0074450733089747,0.0042500179461495
2012-07-18,0.0067945375112861,-0.0011207696295092,0.0262866852014126,0.0024861891259257
2012-07-19,0.002808733695834,0.0132071521187269,0.0071988507629148,0.0392260189108242
2012-07-20,-0.0100822060658732,-0.0164449447490769,-0.0180956102482337,0.0093298216698005
2012-07-23,-0.0089166954482784,-0.0007784573688122,-0.0282844022093439,-0.0100375044805289
2012-07-24,-0.009063776185591,-0.0048307843032418,-0.0044501390046872,-0.0132281185088329
2012-07-25,-0.0002694681565271,-0.0441441594683569,-0.0110382092269258,-0.0272233858265565
2012-07-26,0.0163909151073092,-0.0001564724216235,0.0113811003184583,0.013545258119187
2012-07-27,0.018913768171187,0.0177241082727111,0.0203675467550511,0.0757364415256527
2012-07-30,-0.0004517324756707,0.0167263812865087,-0.0040403651965001,-0.0051963531303205
2012-07-31,-0.0043061066446483,0.0260924516427384,-0.0057520387420789,-0.0118879092327377
2012-08-01,-0.0027395283531802,-0.0064886281830071,-0.0020381487193439,-0.0051999515523809
2012-08-02,-0.0074328008020718,0.0016138648810771,-0.0075082585766366,-0.0055303662233444
2012-08-03,0.0189234254707175,0.012930493164966,0.0190026254334057,0.017862985168855
2012-08-06,0.0023368044102084,0.0110643520374945,0.0067002586097502,-0.0041794670187153
2012-08-07,0.0050930396405679,-0.0026380392290309,0.0102974227686148,0.0109234961424232
2012-08-08,0.0009298476210834,-0.0016925254175369,0.0023107384631283,-0.0092581457137655
2012-08-09,0.0008405270228326,0.0056866907005878,0.005589150631701,-0.001366237083836
2012-08-10,0.0022032977143935,0.0015618514954814,-0.0026264227404792,-0.0056125765894437
2012-08-13,-0.0010596681500876,0.013261749392474,-0.0009865873336392,-0.0013327889502715
2012-08-14,4.458027367565255e-05,0.0026785983626437,-0.0019892658684116,0.0032214447033331
2012-08-15,0.0014859490826203,-0.0013617635110604,0.0023205008172713,0.0179771527151501
2012-08-16,0.0071233955233281,0.0086961856206563,0.019023361308925,0.0172457663750277
2012-08-17,0.001855592281333,0.0183276790796285,0.0038908514651017,-0.0015744119924365
2012-08-20,5.350904080261254e-06,0.0259522778434481,-0.0051916156344126,-0.0034058846680094
2012-08-21,-0.0034759278497452,-0.0137606558664623,0.0019499505637886,-0.0037515675513513
2012-08-22,0.0002840644862907,0.0193378614131541,-0.0084772091421167,0.0151282545334592
2012-08-23,-0.0080595489444703,-0.0093733627409095,-0.0092105563399415,-0.0078464164690472
2012-08-24,0.0065455454492158,0.0008901616274011,0.0098651663719815,0.0186476015863947
2012-08-27,-0.000481162781417,0.0186131602656155,0.0042447935819379,-0.0074337637594259
2012-08-28,-0.0007460327444787,-0.0013033548645544,-0.0019568657513519,0.00893828778014
2012-08-29,0.001076066116942,-0.0019731859931094,0.0006530501648636,0.0040954581501869
2012-08-30,-0.0076671830591525,-0.0143570116273098,-0.0108253752242303,-0.0036486033908573
2012-08-31,0.0050457657245967,0.0020615430790693,0.0163563229440625,0.0082914184083459
2012-09-04,-0.0011469972319023,0.0145204450120208,-0.0140501837487297,-0.0015721055339081
2012-09-05,-0.000811355248404,-0.007047331502554,0.0,-0.0067193128744378
2012-09-06,0.0202691310308062,0.0089712390650677,0.0311006327542188,0.0207402932772225
2012-09-07,0.004067254766304,0.0061474776248062,-0.0128413499102231,0.0304027177039733
2012-09-10,-0.0060784603307418,-0.0263567142942695,-0.0074590715619563,-0.0079422380567163
2012-09-11,0.0031213209244334,-0.0032495875906282,0.0022759447939994,-0.0055386677201453
2012-09-12,0.0023403479147322,0.0138309682966145,-0.0003244853269918,-0.0001564639158287
2012-09-13,0.016224215212664,0.0195012430989886,0.0051844051056562,0.0178731956571218
2012-09-14,0.0039301589786479,0.0120790536449988,0.0086887839977045,0.0039500732076617
2012-09-17,-0.0030710696445738,0.0122213889163516,0.0,-0.0125947704511403
2012-09-18,-0.0012554102757525,0.0030391653839022,-0.0009619693276929,0.0029027596579614
2012-09-19,0.0011950476681878,0.0002710076126003,-0.0041780663047155,0.0112600386505497
2012-09-20,-0.0003934002180792,-0.0048550960791943,0.012800338465927,-0.0033302103544438
2012-09-21,-0.0054101198779639,0.0019878068366641,-0.0083011166580807,-0.0128889644134805
2012-09-24,-0.0022361781131126,-0.0133730633988416,-0.0132323752787986,-0.0104242847641959
2012-09-25,-0.0104449963943733,-0.0252881398666773,-0.0127516707490471,-0.0092261033732928
2012-09-26,-0.00554776727158,-0.0124899642587542,-0.0072656837755589,-0.0111127744298849
2012-09-27,0.0096642431131713,0.0239743938387552,-0.0003313185560278,0.0273394343659693
2012-09-28,-0.0044881265304961,-0.0210920055056872,-0.0133513756930412,-0.0088861636582527
2012-10-01,0.0026931301789467,-0.0116248378676322,-0.009113978773199,-0.0091245473387724
2012-10-02,0.0009388116672673,0.0029075117851853,0.0057480947093593,-0.0056107268018068
2012-10-03,0.0038399823189727,0.0152167233856649,0.0067202700075624,0.0210068531792945
2012-10-04,0.0071501157739616,-0.0069492231847379,0.0056773601794329,0.0176227957725819
2012-10-05,1.0443272860587618e-05,-0.0215413434395204,-0.006012367413701,-0.0075533134940593
2012-10-08,-0.0034623981841704,-0.0223442195561342,-0.0023474513682282,0.0021253171823246
2012-10-09,-0.0098984093248997,-0.0036422268245578,-0.0169323066133626,-0.0317661312196871
2012-10-10,-0.0061273368885018,0.007926228554299,-0.010298741277287,-0.0240761704972353
2012-10-11,0.0003596615282651,-0.0201893330528679,-0.0010358171461662,-0.0031479349803115
2012-10-12,-0.0029530362052984,0.0025598770978839,0.008598383987128,-0.0076452343280875
2012-10-15,0.0080333542986381,0.0079878477489069,0.0105605683571659,0.0074814341639209
2012-10-16,0.0102056670322377,0.023402375283626,-0.0006779934219034,-0.0009833648256171
2012-10-17,0.004216488004246,-0.0080037820863385,0.0033850873293552,0.0144478837369835
2012-10-18,-0.002395028300224,-0.0187440334205755,-0.0030462426231405,-0.0107243990037493
2012-10-19,-0.0166733023343285,-0.0367049250855228,-0.0295860576683243,-0.0200068548063351
2012-10-22,0.0004612189487276,0.0388993418998171,-0.0225995241905149,-0.0262584211623671
2012-10-23,-0.0145268843780141,-0.0331439633342365,0.0017840614492211,0.0022645227477169
2012-10-24,-0.0030796429752422,0.0056411884807747,-0.0053619386407954,-0.0251525792268883
2012-10-25,0.0030005812503332,-0.0118885850248486,-0.0007171762096873,-0.0246794829991173
2012-10-26,-0.0007379090531298,-0.0091306510814738,0.0117666672824408,0.0664656062343632
2012-10-29,-2.5902624363963916e-06,0.0,0.0,0.0
2012-10-30,-2.5831918984926248e-06,0.0,0.0,0.0
2012-10-31,0.0002792221119,-0.0144754752153989,0.0116304277097765,-0.0227123298500002
2012-11-01,0.0109256516321712,0.0020478886220038,0.0337615133942467,-0.0032256011452221
2012-11-02,-0.009399492125915,-0.0336509782582752,-0.0006779731263634,0.001205441854251
2012-11-05,0.0022716017502148,0.0134665177723758,0.0043968587026134,0.0081842984955878
2012-11-06,0.0078284986763845,-0.0030323157359255,0.0077326613080937,0.0136898448573437
2012-11-07,-0.0230523931290011,-0.0390140145938514,-0.0264688652162855,-0.0234242642282601
2012-11-08,-0.0122362756820263,-0.036964587316496,-0.009328180068004,-0.0205052786483797
2012-11-09,0.0017285723518653,0.0171641643095464,0.0006939904966336,-0.0045849394783644
2012-11-12,0.0001320580031821,-0.0077621239395912,-0.0213856470242069,0.000706745026988
2012-11-13,-0.0036669772545366,0.0001291088921768,-0.0326825649365833,0.0005738627742629
2012-11-14,-0.0135322385863487,-0.0111506983163316,-0.0092715662039258,-0.0162388175204201
2012-11-15,-0.0015224137471916,-0.021195943259419,-0.006728816011593,-0.0105964242540836
2012-11-16,0.0048956272368299,0.0039109828378952,-0.0052653199596077,0.0207709954938849
2012-11-19,0.019651392572281,0.0696268682387936,0.0078872072375373,0.019695541479855
2012-11-20,0.0007399422788544,-0.0085557551601915,-0.0007482586683456,0.0175628583864825
2012-11-21,0.0023180410400865,0.0014074739886631,0.0089450453384896,0.0180162139683319
2012-11-23,0.0130252358742311,0.0172962234813035,0.027449372973059,0.0077420821523527
2012-11-26,-0.0019963113879678,0.0310611956490073,-0.0112543357930449,0.0154708359715037
2012-11-27,-0.0051249430730482,-0.0080898469954672,-0.011382710538354,-0.000903453718386
2012-11-28,0.0080850321989883,-0.0031515140371671,0.0102869766507914,0.0151274010678402
2012-11-29,0.0044010692419263,0.0109529382626997,-0.0150993032924516,0.0166944765739979
2012-11-30,0.0001582138986813,-0.0069467168771283,-0.0123203755672062,0.0030994223333747
2012-12-03,-0.0046680185577802,0.0015537812999999,-0.0071626620895878,-0.0068474331004954
2012-12-04,-0.0016864311708782,-0.017797069167292,-0.00227314654835,0.0085915965426165
2012-12-05,0.0018932402595916,-0.0665212802432655,0.0113126180360006,0.0058051303314883
2012-12-06,0.0035372542112138,0.0155617268556527,0.0022467794989996,-0.002325903321243
2012-12-07,0.002968926586462,-0.0258972363139444,-0.010151983080645,-0.0003947576239483
2012-12-10,0.0003721444273728,-0.0064531288243628,0.017977832772203,-0.0219552168663224
2012-12-11,0.0064894940363379,0.0216026642948482,0.0140066288598396,0.011716219565228
2012-12-12,0.0006636669290713,-0.0044245150394144,-0.0029324500493104,0.0042591367001878
2012-12-13,-0.0060496725425443,-0.0174230786822678,-0.0047836767491905,-0.0020277933828659
2012-12-14,-0.0040878303735169,-0.038293767861022,-0.0111277147199905,-0.0082328016760685
2012-12-17,0.0117397213783098,0.0175778481198475,0.0107587412883807,0.0185672762628141
2012-12-18,0.0113636640770691,0.0286320083445184,0.0168318278256942,0.0254359763743831
2012-12-19,-0.00753723261616,-0.0143180461180439,-0.0091125502341128,-0.0092980858538954
2012-12-20,0.0056496238552666,-0.0087402900814251,0.0134571915830262,0.0135134590244587
2012-12-21,-0.0164317964871012,-0.0046109409558572,-0.008343793968326,-0.0176695311153858
2012-12-24,-0.0023214713483944,0.001616318186096,-0.0143098865574164,0.0065950504781136
2012-12-26,-0.0047950833460108,-0.0138795746656866,-0.0074184654440364,-0.0393939552874389
2012-12-27,-0.0010351894826672,0.0040074478018254,0.003716293774337,-0.0012878820148525
2012-12-28,-0.0110172830347506,-0.0106767904002657,-0.0153242273201616,-0.0126853308985659
2012-12-31,0.0167990310868507,0.0433565090101976,0.0060079733513632,0.0229422420068986
2013-01-02,0.0252690601579695,0.031190043712706,0.0335023890645247,0.025346706996693
2013-01-03,-0.0020935932880943,-0.0127027115116199,-0.0134869344513346,0.0045367378458029
2013-01-04,0.0048431384725456,-0.0282497868754116,-0.0188930701843432,0.0025887231194728
2013-01-07,-0.0031233085436042,-0.0058991567554918,-0.0018714330376679,0.0352948824237744
2013-01-08,-0.0029092767006252,0.0026871793698467,-0.0052589247425422,-0.0077780662866055
2013-01-09,0.0026666444082406,-0.0157519983008528,0.0056337946341585,-0.0001126274098763
2013-01-10,0.0075650211318291,0.0123191007897237,-0.0090295456950947,-0.0037992108742375
2013-01-11,5.6940944015194195e-05,-0.0061502204580392,0.0138865457392607,0.0097510523600691
2013-01-14,-0.0009352171285798,-0.0363038461205897,0.0022336693107687,0.0177192199530367
2013-01-15,0.0011311673852004,-0.0320576233989104,0.0118299801713371,-0.0030479431634514
2013-01-16,0.0003134025097527,0.0406704010175837,-0.0062670393103282,-0.0109832289488054
2013-01-17,0.0056267914306547,-0.0067607783674215,0.0077360231144509,0.0057470357100108
2013-01-18,0.0034014344204588,-0.005345800759156,0.0,0.0060449870772295
2013-01-22,0.0044542012814982,0.0094951702637733,-0.0036766264097581,-0.0071177302581364
2013-01-23,0.0015233556099644,0.0181397843722876,0.0168012686330743,-0.0077280711573132
2013-01-24,3.6305542022696805e-05,-0.1318845610818581,0.0007241870664649,0.0197580148195253
2013-01-25,0.0054181739416661,-0.0238564353689231,0.0090070449318595,0.0377836673927335
2013-01-28,-0.0018205149803877,0.0223681516758794,0.0010756598406254,-0.0283932435212681
2013-01-29,0.005131230214947,0.0185884719408598,0.0035766011964579,-0.058518903143493
2013-01-30,-0.0036447116412873,-0.0031470525997922,-0.0057287270626334,0.0465654080435441
2013-01-31,-0.0025055871040339,-0.0029375221921217,-0.0144665506133667,-0.0269774469704585
2013-02-01,0.0100023391542568,-0.0041140013565582,0.0173348628235238,-0.0018850146957713
2013-02-04,-0.0115735498781603,-0.0252263519432304,-0.0176997118954428,-0.0191251210063491
2013-02-05,0.0104632452686276,0.0344863770598977,0.0021846934207631,0.0262318835125059
2013-02-06,0.0006702249159635,-0.0010708832843731,-0.0058350544276475,-0.0176527424211231
2013-02-07,-0.0013961076852236,0.0293003808674884,-0.0021977172120216,-0.0076179907127047
2013-02-08,0.0056181522966963,0.0143344815785933,0.0098490877081822,0.0065877904956777
2013-02-11,-0.0005560623284333,0.0103675061380661,0.0111895169625297,-0.0182607739977481
2013-02-12,0.001636833526299,-0.0253856444417826,0.0007173392590301,0.0057762173355027
2013-02-13,0.0010531330422563,-0.0019037900084387,0.0053660662775746,0.0407879777066684
2013-02-14,0.0008073828691358,-0.0008997126218688,0.0003564274950013,-0.0008538917561396
2013-02-15,-0.0009611776622957,-0.0138772260954587,-0.0010702327354923,-0.0155337841734955
2013-02-19,0.0074450363382287,-0.0003691552977505,0.0096723320388896,0.0174262131692272
2013-02-20,-0.0123944108075464,-0.0245160460574105,-0.0064378880259388,-0.0124591286389882
2013-02-21,-0.0060795790715081,-0.006235084907036,-0.0137284988539744,-0.0017657560706959
2013-02-22,0.0088420103734203,0.0105922441025185,0.0097742217859869,-0.0019572424194566
2013-02-25,-0.0184140498144551,-0.0179275686240339,-0.0141488897138825,-0.0211319710352578
2013-02-26,0.0062222953955847,0.0138378805624672,0.0,-0.0019644479864793
2013-02-27,0.0128368996997988,-0.0098486401685592,0.0159480481652705,0.0148870930267189
2013-02-28,-0.000818881250244,-0.0071562590692752,-0.0003595728257653,0.0038671567757292
2013-03-01,0.0023262100847105,-0.0250737079296795,0.0053810205681851,0.0055470793733478
2013-03-04,0.0045924836338328,-0.0245035547499669,0.0071301048449515,0.0273562572700725
2013-03-05,0.0095149145897833,0.0260588642033101,0.0070799263288832,0.009039609577725
2013-03-06,0.0013585804381247,-0.0127919375255102,-0.0092134993230598,-0.0065528648330882
2013-03-07,0.0019015979921935,0.0114920530339946,0.0017782574641173,0.000328665074991
2013-03-08,0.0045151013883144,0.0026442850805552,-0.0049875456152177,0.0011312424801909
2013-03-11,0.0033193735268361,0.0141450411479759,-0.0046535728254948,-0.0108172589174119
2013-03-12,-0.0023478626325101,-0.0217949277898101,0.0014341697639439,0.0105984086101479
2013-03-13,0.0016405021213044,-0.0001866271283278,0.0003583301453086,0.0035322215047395
2013-03-14,0.0055789216493037,0.0096416141577854,0.0078486185314599,-0.034616280767367
2013-03-15,-0.0060675650970378,0.0254761813997708,-0.0035600729654279,-0.0148611424112089
2013-03-18,-0.0055144712007475,0.0268201735937097,0.0021375470065746,-0.0151241073352958
2013-03-19,-0.0024097039827868,-0.0027026141513432,0.0028429880712131,-0.0057554115706207
2013-03-20,0.0066804271090412,-0.0053169294184967,0.004955766376562,0.0033872601445652
2013-03-21,-0.008296866306141,0.001436745162249,-0.0074428467064812,-0.0152351821813912
2013-03-22,0.0071359184175251,0.0200740326712436,0.0049680765012648,0.0170603190878588
2013-03-25,-0.0033432299175902,0.0036090502620585,-0.0031907807431056,-0.0067345564691056
2013-03-26,0.0080847915316984,-0.0052772118482698,0.0,0.0166176620455444
2013-03-27,-0.0005339760931567,-0.0198426162472812,0.007429593586841,0.0189880326701859
2013-03-28,0.004038286050741,-0.0210573007667962,0.0084242708967668,0.0044754583060254
2013-04-01,-0.0044203811796102,-0.0315547058590637,0.0,-0.0184818742975878
2013-04-02,0.0051608861093188,0.002049523656214,0.0066186795764891,0.0065151774475445
2013-04-03,-0.0104110228771609,0.0051057707988564,-0.0083679109116788,-0.016426137492098
2013-04-04,0.0040989713476201,-0.0099333538781368,0.0013994597392733,0.0001930092071384
2013-04-05,-0.0043038113718054,-0.0106243106146676,0.0034906978975139,-0.013992765621328
2013-04-08,0.0065992434702287,0.0070873968116988,-0.0038403367450669,0.013490864176512
2013-04-09,0.0035304283371574,0.0018052104784498,0.0350551638256284,0.0084216691099921
2013-04-10,0.012165601598215,0.020193573340219,0.0223752255209398,0.0138048626134585
2013-04-11,0.0036258882196827,-0.0031264052526738,-0.045262708697724,0.0190047244713007
2013-04-12,-0.002820708778058,-0.0104843736192653,-0.005196505497612,0.0111292422294265
2013-04-15,-0.0232005655935148,-0.0234224956084967,-0.0034796824222427,-0.0190538330616369
2013-04-16,0.0141773557086234,0.0151050702814379,0.0097124410616234,0.0171096274639878
2013-04-17,-0.0144070336734999,-0.0565627450775327,-0.0048445556419563,-0.0183056210285865
2013-04-18,-0.0066903176154763,-0.0270503400148824,-0.0013882029974244,-0.0302972947553156
2013-04-19,0.0088299833175475,-0.0038845393548487,0.0334729257243236,0.0034632735582006
2013-04-22,0.0046573816140999,0.0206289357907126,0.034986944877634,0.0123314598304881
2013-04-23,0.0103440446170685,0.0185394100238893,-0.0074882619083637,0.0200964599736031
2013-04-24,0.000124800548704,-0.001651487713914,0.0372078175083268,-0.0004463621559008
2013-04-25,0.0040471805854105,0.0071761781617349,0.0056514775737985,0.0217863919823099
2013-04-26,-0.0018027094028137,0.021367523154078,-0.0047072673751732,-0.0751614237055243
2013-04-29,0.0071654461102589,0.0304985004197148,0.0254672086866834,-0.0200977927087047
2013-04-30,0.0024868937625441,0.0290087277180182,0.0149142648414182,0.016165578920316
2013-05-01,-0.0092895172644235,-0.0079130889589445,-0.0115467727138662,-0.0222302198751156
2013-05-02,0.0094278487620028,0.0140824424780749,0.0133577379486009,0.0172535131818621
2013-05-03,0.0105615943149838,0.0099607326976989,0.0099026154669767,0.0215441156806746
2013-05-06,0.0019046295899217,0.0235658783988953,0.007733478981977,-0.0090702686962101
2013-05-07,0.0052617566844667,-0.0044599331310307,-0.0131227953483321,0.0078294294195488
2013-05-08,0.0045499910098377,0.0112307068255759,-0.0096532162614687,0.0036792512603172
2013-05-09,-0.0032225940519435,-0.008762498281877,-0.0100533099608318,0.0057050497810538
2013-05-10,0.0043020522905585,-0.0083538511994143,0.0009183516578479,0.0132497785943901
2013-05-13,0.000137277587916,0.0038997451498334,0.0103466818735149,0.0033324528132096
2013-05-14,0.0102732685086306,-0.0242166629144407,0.0220120699400208,0.0143385085460015
2013-05-15,0.0053942777669756,-0.0344020759428567,0.0094986380171495,-0.0066182073345692
2013-05-16,-0.0049629691577683,0.0132728086491709,0.0067712788594091,-0.0091958136521072
2013-05-17,0.0102234918236009,-0.0030417923161848,0.0229163835600227,0.0216479746975883
2013-05-20,-0.0006886366444012,0.0220736144655091,0.0060043361278457,-0.008446090430157
2013-05-21,0.0017422408022385,-0.0074101777695407,-0.006578205931186,0.0045853684323048
2013-05-22,-0.0081611256923843,0.0038366017047291,-0.0069102603937513,-0.0221888686701426
2013-05-23,-0.0027787728682435,0.001788347722072,-0.0133795810887152,-0.0044210758801644
2013-05-24,-0.0005372375952648,0.006784726513646,0.0035070554663134,-0.000229208848465
2013-05-28,0.0063158610770489,-0.0083690766526129,0.0216493694973853,0.020982566669202
2013-05-29,-0.0068945380614944,0.0079198354280232,-0.0040055041988008,-0.0066063826476412
2013-05-30,0.0038112055473621,0.0147906985903639,0.0042908287933072,0.0048839228493566
2013-05-31,-0.0143531890008395,-0.0041051139796142,-0.0037181100171304,0.0088428462723209
2013-06-03,0.0059901057808132,0.0021988854497233,0.0195778448780998,-0.0086554786001908
2013-06-04,-0.0054640127838068,-0.0031333069325521,-0.0170020395594017,-0.0044312664046141
2013-06-05,-0.0135740077687653,-0.0093916085206752,-0.0060201376750685,0.005517307144261
2013-06-06,0.0085534381043038,-0.0150528755135787,0.0051620426753485,0.0024672909712667
2013-06-07,0.0127036353178711,0.0076114121278553,0.0201055325656076,0.0331956310642996
2013-06-10,-0.0002874636852639,-0.0066312303201434,-0.0056227385621662,0.0150556666856114
2013-06-11,-0.0101524625661718,-0.0029436543799469,-0.0179211009460488,-0.0226329711354044
2013-06-12,-0.0081316644852784,-0.0124395545353947,0.0045824540182435,-0.0113826830596739
2013-06-13,0.0147433569281755,0.0086849114964484,-0.0080324150914038,0.0150516121076446
2013-06-14,-0.0058779493202688,-0.0136489576449103,-0.0092594830934171,-0.0065480971720757
2013-06-17,0.0075116245601337,0.0045238157363729,0.0172918981848211,0.0147453083696999
2013-06-18,0.0077352666580295,-0.0005322818967582,-0.0005718063673021,0.0132187270064986
2013-06-19,-0.0138712782449333,-0.020520548437249,-0.0112118378412292,-0.01285915704829
2013-06-20,-0.0250405651188925,-0.0146702602587299,-0.0323179875071954,-0.0171142683323251
2013-06-21,-0.002617968843356,-0.0080447751964543,-0.0065906313271677,-0.0002926115602444
2013-06-24,-0.0122166051589407,-0.0268630150740638,0.0134348436916777,-0.010110937838161
2013-06-25,0.0095422763894814,0.0002236633320449,-0.0014840812449833,0.0054542239505698
2013-06-26,0.0097426772175057,-0.0113904062804654,0.0199948791357214,0.0199402597090464
2013-06-27,0.0062589378998666,-0.0108352505259971,0.0078297933890916,-7.205649232117285e-05
2013-06-28,-0.0042947764981032,0.0069591632822935,-0.0023137873353328,0.0005042864453817
2013-07-01,0.0055050098355857,0.0315011679354065,-0.0052248709708405,0.0157562344263985
2013-07-02,-0.0003318655914497,0.0224002741714348,-0.0122988259848156,0.005761463722009
2013-07-03,0.0008235743669739,0.0055047807096664,0.0020603136417499,0.0010567846552057
2013-07-05,0.010137045082979,-0.0080648641867054,0.0058636551694506,0.0064922759666125
2013-07-08,0.0055310643386073,-0.0056940997678885,0.0035013381849586,0.016341196630028
2013-07-09,0.0071965497187724,0.0174353601867505,0.0005823839057381,0.00322957746523
2013-07-10,0.0002252962718164,-0.0038429941887735,0.0101377523998319,0.0027403846834759
2013-07-11,0.0135355668597937,0.0154716379447894,0.0281309017165546,0.0247651974844857
2013-07-12,0.0030651987550529,-0.0018269476293071,-0.0005606471659365,0.0259891770393789
2013-07-15,0.0013699937123193,0.0021779538209766,0.0139199326426744,-0.0031915613621498
2013-07-16,-0.0037110736932271,0.0064363049043848,0.0027609781148249,0.0009780908447982
2013-07-17,0.0028730305062892,0.0002557106723696,-0.0147201544226648,0.0059133319364488
2013-07-18,0.0051172777027659,0.0033641226247023,-0.0084295301444972,-0.0149480590110566
2013-07-19,0.0016259311396131,-0.0158986406285329,-0.121033071354027,0.0036761127163426
2013-07-22,0.0020436741143906,0.0031954416228825,0.0192399776756595,-0.0057498803088866
2013-07-23,-0.0018531771955749,-0.0173199035714109,-0.0059530904447749,-0.008006130037516
2013-07-24,-0.003796356943688,0.0500861939712754,0.0043901569869918,-0.0070666960746895
2013-07-25,0.0025632893122566,-0.0045731878545463,-0.0179958204765975,0.0148091825567633
2013-07-26,0.0008196752899956,0.0056623263667535,0.0073003108123668,0.0279831716634704
2013-07-29,-0.0036766536160643,0.0153022098597121,-0.0025328637789907,-0.0191233926265354
2013-07-30,0.0004076592742712,0.0122737299517819,0.0097807588179716,-0.0121281334096802
2013-07-31,1.3715899024375324e-05,-0.0017441324580186,-0.000314309582132,-0.0039428177579839
2013-08-01,0.012529273347273,0.0091288644744005,-0.0053534398706757,0.0143379901506474
2013-08-02,0.001647368692138,0.0127501469686712,0.006922751551777,-0.0044606325396703
2013-08-05,-0.001380399725002,0.0148288367012461,-0.00597574705641,-0.0106412107890487
2013-08-06,-0.0056940736300352,-0.0089870187318779,-0.003792799160308,-0.0007976867508428
2013-08-07,-0.0034871509203197,-0.0005807126708988,0.0150851891971848,-0.0128502922780788
2013-08-08,0.0040914058530389,-0.0019934294339328,0.025559355791516,-0.0039483726313678
2013-08-09,-0.0033855228743315,-0.0143319221782813,-0.005793310375903,0.0051264867754074
2013-08-12,-0.0011199539014161,0.0280122240232864,0.0051851030539632,-0.0019193540701613
2013-08-13,0.0029850481749602,0.0464276335417203,-0.0126409806660837,-0.0092101013347507
2013-08-14,-0.0049737593332138,0.0180762124619439,0.0037164704839467,-0.008986751295035
2013-08-15,-0.0141630000905448,-0.0011846706735666,-0.0174621544487457,-0.0168571513905809
2013-08-16,-0.0032498783311933,0.0088383626023483,0.0003145616683777,-0.0057764168389391
2013-08-19,-0.0058277974028883,0.0107120717608098,-0.0129770292632999,0.0026297811400418
2013-08-20,0.0038348605132635,-0.0132237814789565,0.0073002550123645,0.0053085725197652
2013-08-21,-0.005724510282159,0.0025710665760438,-0.0003161251793298,-0.0088164864547802
2013-08-22,0.0085548964477991,0.0011936885287911,0.0243764253806352,0.0179701858196459
2013-08-23,0.0040659118143535,-0.0038644534580169,0.0703296925407179,0.0009659503286694
2013-08-26,-0.0040174837474378,0.0038845984012035,-0.0174165122217492,-0.0131895980317035
2013-08-27,-0.0159330717158006,-0.029006842905945,-0.026407658732468,-0.0186202791325889
2013-08-28,0.002918655157707,0.0047163168245761,-0.0072417018483892,0.0023110710540498
2013-08-29,0.0020963220152034,0.0016287787357112,0.0159231639524356,0.0084872141118303
2013-08-30,-0.0030832520765788,-0.0091532894998839,-0.0044812730357844,-0.0106203207227062
2013-09-03,0.0042090903653122,0.0027875877618041,-0.0465766751180238,0.0274509145951656
2013-09-04,0.0082674935782315,0.0204817078826562,-0.0215609282724927,0.0166201202239095
2013-09-05,0.0012305376093175,-0.0068822799333359,0.0009611811915458,0.0015653183173686
2013-09-06,0.0001684963913569,0.0059389035745502,-0.0025651544292401,0.0059665239041403
2013-09-09,0.009940731229323,0.0158308669260261,0.0162400525607271,0.0129289710019052
2013-09-10,0.0072820884044247,-0.0230418943736363,0.0227958134127209,0.0021664147656883
2013-09-11,0.0031716731838541,-0.0559818489835404,0.0107477808240059,-0.002400001152001
2013-09-12,-0.0030881130621571,0.0105912517234142,-0.0015282487084194,-0.002606517766435
2013-09-13,0.0026963580918803,-0.0166174997393039,0.0103465528187751,-0.0031502422245446
2013-09-16,0.005649646522341,-0.0323080827567464,-0.0069873443649319,-0.0062628576033562
2013-09-17,0.0041994535683003,0.0114861969825899,0.0039554765582801,0.0270246191472519
2013-09-18,0.0120429736629002,0.0203485939006785,0.0117736643266356,0.0255125814005533
2013-09-19,-0.0016850115393111,0.0162651620318713,0.0095581870868064,9.613997988469164e-05
2013-09-20,-0.0120958986243454,-0.010407478018162,-0.0255923709894476,0.0136221075223067
2013-09-23,-0.0047272626198534,0.0485040775097512,-0.0015259167276981,-0.0154503495518704
2013-09-24,-0.0024996574172581,-0.0031438864943162,-0.0088972022606323,0.008439677984008
2013-09-25,-0.0027020709169198,-0.0155983840854264,0.0018471602472432,-0.0047225589541735
2013-09-26,0.003666049948332,0.0096927664291042,0.0079658860649331,0.0173443160756274
2013-09-27,-0.004029061812992,-0.0071626183898794,0.0151428820293057,-0.0066548114331126
2013-09-30,-0.0059977968654589,-0.0125064092591819,0.0003001022856127,-0.010721489801404
2013-10-01,0.0080282664325735,0.0232407478659826,0.0089746170140221,0.0262330412183697
2013-10-02,-0.0004758027706154,0.0032739623442469,0.0100736323284136,-0.0013719953513128
2013-10-03,-0.0090107578713873,-0.0126418502344401,-0.0017706273138799,-0.0181029710546922
2013-10-04,0.0070524860027979,-0.0007864698836133,0.0005910410924012,0.0135060431066908
2013-10-07,-0.0085376793559585,0.0097238813984754,-0.0172676126094895,-0.0286474197830533
2013-10-08,-0.0120910326906567,-0.0140600553672478,-0.008747068133361,-0.0221774735258677
2013-10-09,0.0006691750183405,0.0116793668291644,0.0018160700899416,-0.0166265925723889
2013-10-10,0.0217245850878606,0.0062484523734197,0.0206499179968179,0.0230039974875368
2013-10-11,0.0062507739330613,0.0064529425842998,0.0109001637513406,0.0185701534845354
2013-10-14,0.0040666551314444,0.0065332904396477,0.0093325398103869,-0.0006113354652339
2013-10-15,-0.0070810787793662,0.0053082992780638,0.0011603586321096,-0.0139363785325655
2013-10-16,0.0138212032557033,0.0048609474651715,0.0043395049621395,0.0132602568693063
2013-10-17,0.0067514837314267,0.0067420277628615,0.0080505711258045,0.0009013940023777
2013-10-18,0.0065319361913648,0.0086634925687032,0.0011448874145245,0.0567919342351258
2013-10-21,0.0001011593751625,0.0242095387066938,0.0008580888419628,-0.0075987971052044
2013-10-22,0.0057095827900175,-0.0028622111054522,-0.0117870971994754,0.0185139878873304
2013-10-23,-0.0047187975893323,0.0097431665922569,-0.023999017338793,-0.0175343184887076
2013-10-24,0.0032603459820912,0.0131522628516727,-0.0011852868086631,0.0165414038074463
2013-10-25,0.0043653115830862,-0.0112488616639523,0.057899589945012,0.0897093386227095
2013-10-28,0.0013337197848379,0.0074251046571041,-0.0044880812077995,-0.014496767923147
2013-10-29,0.0056116979603334,-0.0252269805612525,-0.0014070459901618,0.0125961765151834
2013-10-30,-0.004794587016898,0.0157848073698917,0.0005630559917429,-0.0044764504695167
2013-10-31,-0.0037503942162744,-0.0042005853681797,-0.0036644941995172,0.0081366860036758
2013-11-01,0.0028866740356578,-0.0051210830892478,0.0033832420138219,-0.013913837624432
2013-11-04,0.0035589546203343,0.0128391789327347,0.0114736681494645,-0.0007245520777156
2013-11-05,-0.0026946559295433,-0.0024708499593248,0.0192891607798343,0.0004180427300544
2013-11-06,0.004790153277251,-0.0028364636085519,0.0411715477426258,-0.0075797138030629
2013-11-07,-0.0130027762299661,-0.0163156219434788,-0.0179712509987521,-0.036074510363832
2013-11-08,0.0133016620001686,0.0156239533411562,0.0074390196693028,0.019456708979414
2013-11-11,0.0007211365643593,-0.0029050313919907,-0.0050415696778128,0.0115513640664815
2013-11-12,-0.0023010803531469,0.0018480895075718,-0.0061373020028071,-0.0137803888299638
2013-11-13,0.0083294693338753,0.0011913459209681,0.0211871789330921,0.0189591787557569
2013-11-14,0.0049936445791196,0.0143599565354507,-0.0036753322849375,0.0309026535618887
2013-11-15,0.0041989953225362,-0.0060205067942208,-0.0047457930249992,0.004806015338184
2013-11-18,-0.0036443715998149,-0.0121885303957499,-0.0170578043358954,-0.0081322267713305
2013-11-19,-0.0018525641160103,0.0017725256946298,-0.0048872189618595,-0.0033920592760695
2013-11-20,-0.0035830853007406,-0.0087959756637828,0.0092116021001216,-0.0065153974074549
2013-11-21,0.0081314666187363,0.0118512677589539,0.0085927166058619,0.0173622050542871
2013-11-22,0.005062822206452,-0.0025742608366177,0.0045355233772179,0.0091470227031403
2013-11-25,-0.0012411078447248,0.007551083811459,0.0018611651138544,0.0115630903146533
2013-11-26,0.0002533673658364,0.0182762282917181,-0.0077343504227452,0.0124802077647961
2013-11-27,0.0027028719309634,0.0232744200165461,0.0066711206023609,0.0139050248990899
2013-11-29,-0.0007484947789737,0.018348132261628,0.0139972856484628,0.0177108670583902
2013-12-02,-0.0026752243006581,-0.0087420843859609,0.0083577638966348,-0.0033591236797845
2013-12-03,-0.0031279628897304,0.0270069238901,-0.0036479121555675,-0.0196670259882857
2013-12-04,-0.0010475751234268,-0.002332989129021,0.0163108407297225,0.003373909924962
2013-12-05,-0.0042968887557969,0.0051191937632915,-0.0244360539816794,-0.0038159043300775
2013-12-06,0.0112070814140863,-0.0139728749417949,0.0094290664883281,0.0063776528943628
2013-12-09,0.0018432437164377,0.0113811840549664,0.0090829070066931,-0.0053379585014006
2013-12-10,-0.0031651763720837,-0.001554965150605,-0.015621300778801,0.0074806412877916
2013-12-11,-0.0112217267509861,-0.007435762522123,-0.0132068969308362,-0.0145202490208649
2013-12-12,-0.0034939114016606,-0.0014621584237322,-0.0104236311504117,-0.0024625915603727
2013-12-13,-9.60908357730334e-05,-0.0109602882297963,-0.0143419754446443,0.0078120294349476
2013-12-16,0.0062783706166931,0.0055220916007234,0.0054360977426034,0.0122348624652915
2013-12-17,-0.0030837428738979,-0.0045118911895469,-0.0100803984699129,-0.0033993491568925
2013-12-18,0.0164679439903317,-0.0076331683036866,0.0016417782714072,0.0212103253866384
2013-12-19,-0.0004417642269038,-0.0115228267011462,-0.0090619088756761,-0.0019464835331943
2013-12-20,-0.0006111975850048,0.0083406539845644,0.0150578363045185,0.0175828145466424
2013-12-23,0.005461109523619,0.0376592723183682,-0.004903196541359,0.0017885040094257
2013-12-24,0.0030212828982527,-0.0042538302716571,0.0124835229639677,-0.0092755367373731
2013-12-26,0.0047318414175174,-0.0066638518753722,0.0096616927857353,0.0129172645113801
2013-12-27,-0.0001576387567013,-0.0067793536669012,-0.0040147339606353,-0.0157268189788864
2013-12-30,-0.0001086263674647,-0.0099948000840548,0.0,-0.0119022442410463
2013-12-31,0.0040106332692185,0.0116541230440264,0.0032131964332081,0.0136843170707705
2014-01-02,-0.0087424476955103,-0.0141634803123892,-0.0067055644706153,-0.0020583871402897
2014-01-03,-0.0003101676305069,-0.0222105839424098,-0.0067500591643906,-0.0038518695715329
2014-01-06,-0.0024983284372021,0.0054378392645162,-0.0213589813750806,-0.0071134250109053
2014-01-07,0.0060679554656596,-0.0071772762498964,0.0077200277293951,0.0111160985990355
2014-01-08,8.250484810581539e-05,0.0063127113471654,-0.0180136954792587,0.0097256840252917
2014-01-09,0.0003445801544095,-0.012852130646166,-0.0064525908762577,-0.0022666990753663
2014-01-10,0.002299578280701,-0.0066952078414706,0.0142523177648963,-0.0083890959898453
2014-01-13,-0.0125413412029734,0.0052222496311684,-0.0298530831945572,-0.0169409107537393
2014-01-14,0.010753604034064,0.0197025404105478,0.0226124826677723,0.0166392004898812
2014-01-15,0.0051702917775776,0.0198779657972293,0.0270214756915206,-0.0042096832206257
2014-01-16,-0.0013213473060567,-0.0055954284882667,0.0035298817953222,-0.0001768413521936
2014-01-17,-0.003893342588397,-0.0248066472763058,-0.013921009822635,0.0095799377384687
2014-01-21,0.0027861110183508,0.0154167507069093,-0.0057896701793834,0.0184470557164947
2014-01-22,0.0006899961622508,0.0044339723820709,-0.0066567014026567,-0.0061855074679191
2014-01-23,-0.0089124909881311,0.008431651259117,0.0036110120132087,-0.0116110754020428
2014-01-24,-0.0210636746888305,-0.0183442407350018,0.0205857013969691,-0.0311656658670138
2014-01-27,-0.0048450000329485,0.0080798775895246,-0.0214177282620634,-0.0034113850942208
2014-01-28,0.0061052865118791,-0.0833030252323325,0.0066390438574433,0.020879241421612
2014-01-29,-0.0101375821195382,-0.0114173870629856,0.0106951310341895,-0.0262784864661797
2014-01-30,0.011232411066477,-0.0019388200817033,0.0054410836061766,0.0477981276298094
2014-01-31,-0.0064743611435369,0.0016394529500103,0.0262397175423875,-0.1165028202083761
2014-02-03,-0.0230562916156818,0.0018557554006126,-0.0366029638661152,-0.035586240797215
2014-02-04,0.0076487198147461,0.014372318364288,-0.0035701817110144,0.005186468908882
2014-02-05,-0.0017270452267675,0.0074407632799585,-0.0146873098879321,-0.0043202257379441
2014-02-06,0.0128344677320796,0.0058122166954427,0.0099998592565868,0.0232236843794453
2014-02-07,0.013168467297566,0.0138931553636493,0.0104488918398828,0.0181374033665041
2014-02-10,0.0015837688616285,0.0177556167154288,0.0065424318152925,-0.0005817577236307
2014-02-11,0.0110191064998852,0.0130901788425565,0.0100039549534952,0.0025460949036269
2014-02-12,0.0002216927257714,-7.467629770950124e-05,0.0080389598343794,-0.0352759348622651
2014-02-13,0.0058752689184458,0.0157548353875273,0.0037292868342415,0.0225079068563128
2014-02-14,0.0048531809507348,-0.0008089563569993,0.0002661353590762,0.0004197886726038
2014-02-18,0.0013104796419567,0.0036699495767605,0.0021399492486721,-0.0104079136309013
2014-02-19,-0.0064752723899503,-0.0159138334923992,0.0024020407988386,-0.01788855598306
2014-02-20,0.0061665039243636,-0.0116421151790421,0.0063779395393828,0.0069423385324752
2014-02-21,-0.0017854937298551,-0.0111703451445622,0.006074476373474,-0.0087287222608429
2014-02-24,0.0061581849596371,0.0043692666436805,-0.0076648854171328,0.0143731967342338
2014-02-25,-0.0013237404028525,-0.0104611418087448,-0.0039878161247065,0.0184204048411522
2014-02-26,0.0002112879488854,-0.0090624837586747,-0.0018665337804166,0.0041218796173879
2014-02-27,0.0050545008024165,0.0197511312046781,0.0103549433845783,0.0009167558599089
2014-02-28,0.0027777296559829,-0.0027134946916762,0.0118155268099919,0.0054553393952538
2014-03-03,-0.0073327089158767,0.0028835478594526,-0.0139311416693005,-0.0064276832370553
2014-03-04,0.0151062081044341,0.0065725784444636,0.0165379797229373,0.011386371083574
2014-03-05,0.000133651822702,0.0021064972043466,-0.0078414237956536,0.0230088790005793
2014-03-06,0.0018832343264771,-0.0030288580163589,0.0010493467678851,-0.0005641142883938
2014-03-07,0.0006049615158779,-0.000584496306473,-0.0065746082763074,-0.0002686839856888
2014-03-10,-0.0004013039189411,0.0009046381920655,-0.0021134427149458,-0.0041207182498435
2014-03-11,-0.0050344112177667,0.0096904529335788,0.0052748671114863,-0.0046257469477941
2014-03-12,0.0005597062483866,0.000969812637494,0.006553460966133,0.0049225209614199
2014-03-13,-0.0115884752718879,-0.0111692709616547,-0.0099788020824476,0.0023445405875445
2014-03-14,-0.0027927997479036,-0.0112948887798312,-0.0050272272845372,0.0059845867981717
2014-03-17,0.0095202931535887,0.0038998627380447,0.0092406592448655,0.0034723717821274
2014-03-18,0.0071801841296672,0.0088075528902254,0.038664709565633,0.0098963676312267
2014-03-19,-0.0061159168928257,-0.000263604831681,-0.0071044867998414,-0.0147342027266951
2014-03-20,0.0060066817542692,-0.0048302195186869,0.0266347373202661,-0.0114795652583396
2014-03-21,-0.0073410581069566,0.0078562947539585,-0.0042241976710276,-0.0228905675742065
2014-03-24,-0.0048706852925024,0.0117909578737693,0.0084305098957059,-0.0246197670932614
2014-03-25,0.004489417479024,0.0106989262199599,-0.0039583607181431,0.0080955489662235
2014-03-26,-0.0069879408031464,-0.0096054698343099,-0.0137280666107402,-0.0323754856226896
2014-03-27,-0.0017331836582293,-0.0043074963245361,-0.0108652816038624,-0.0144896064661736
2014-03-28,0.0046552431318129,-0.001117304600229,0.02360108518629,-0.0005320054659435
2014-03-31,0.0079269527238172,-0.0002231962235391,0.0169771778329507,-0.0056916526341408
2014-04-01,0.0070709009059988,0.0091060971515787,0.010435430857203,0.0194894881897515
2014-04-02,0.0030248599732851,0.0016600396060882,-0.0016913105610385,-0.0030075210639553
2014-04-03,-0.0011252830743119,-0.0069542510313953,-0.0082568366666024,-0.0246911504321235
2014-04-04,-0.0125788448020251,-0.0130210926964441,-0.0281915911314576,-0.0323502975032529
2014-04-07,-0.0107920023273953,-0.0158245986005765,-0.0017574764696811,-0.0163559423658486
2014-04-08,0.0040627574744794,-5.720638973845324e-05,0.0005024132597782,0.0288778344096025
2014-04-09,0.0109285335929714,0.0130578271759793,0.0161920973709831,0.0143883006735076
2014-04-10,-0.021076030379624,-0.0129818563457053,-0.0278109896784255,-0.0453137990997339
2014-04-11,-0.0094241270275633,-0.0074200953452609,-0.0038182938481391,-0.0171112883075191
2014-04-14,0.0081777329704467,0.0039755727717857,-0.0007653390789075,0.0133199343615582
2014-04-15,0.0067211643695307,-0.0071564397038489,0.0144429288182225,0.000537983208912
2014-04-16,0.0104353086068445,0.0020254641698904,0.0162205008996629,0.0237600273163
2014-04-17,0.0013955509127948,0.0113605688647534,-0.0097003340583723,0.0037929090386093
2014-04-18,0.0,0.0,0.0,0.0
2014-04-21,0.0037736822037449,0.0117979468784628,-0.0017514392889339,0.0181773269748196
2014-04-22,0.0040760115126643,0.0009973852514908,0.0012512945949561,-0.0046956870026391
2014-04-23,-0.0020876310351324,-0.0131574067280591,-0.0075301123154259,-0.0144978835424894
2014-04-24,0.0017275047154565,0.078794690645358,0.0042742305030978,0.0379958962928553
2014-04-25,-0.0081109210387723,0.0073175399847996,0.0012534487947827,-0.1040596007172073
2014-04-28,0.0032823329121317,0.0379967951342667,0.0237690097459048,-0.0241513379164605
2014-04-29,0.0047580255905557,-0.0029667748632056,-0.0088471583658437,0.0127313432305117
2014-04-30,0.0030217540884048,-0.0037890469906563,-0.0027189396101655,0.0124069017994091
2014-05-01,-8.070830067755187e-05,0.0023527927399607,-0.0099503308531679,0.0122873347488888
2014-05-02,-0.0013551314510783,0.0018583117793339,-0.007780260214608,0.0003896736532502
2014-05-05,0.0019341691563652,0.0140419354464214,-0.0065726697955344,0.0066013248169039
2014-05-06,-0.0089795749027487,-0.0109588023490765,-0.0094276379584424,-0.0417227925268097
2014-05-07,0.0060055915068995,-0.0035051906259831,0.0091742028836936,-0.0158284244811087
2014-05-08,-0.0011226777980719,-0.0017844172509363,0.0055654655202942,-0.0151113833679953
2014-05-09,0.0016891988715843,-0.0041755070554727,-0.0025259667766093,0.0135044080670539
2014-05-12,0.0096301821897222,0.0123733736596362,0.0108162939332531,0.0356952700414824
2014-05-13,0.000663808788065,0.0015674078354209,0.0182255484633939,0.005860099074491
2014-05-14,-0.0045045484522208,0.000185313518289,-0.0044629478356494,-0.0233132466010962
2014-05-15,-0.0091806313576957,-0.0085399793104443,-0.0160324506245157,-0.0081982881881224
2014-05-16,0.0037166793831645,0.0146508475318454,0.0057909799280317,0.0084670512079489
2014-05-19,0.0038987947504119,0.0117792354436963,-0.002010783400396,-0.0031625367004056
2014-05-20,-0.0064623570334463,0.0001983047175179,-0.0017622485512641,0.014817563522055
2014-05-21,0.0081795984505128,0.0026425366423228,0.0167440900416448,0.0126032681117991
2014-05-22,0.0024822748093068,0.0015818330567707,-0.0062151866150223,-0.000327911860231
2014-05-23,0.0042209493406469,0.0112336949643087,0.0004989627849427,0.0237554717774111
2014-05-27,0.0059440133817013,0.0185522512283807,0.0017427340658155,-0.0045581563848935
2014-05-28,-0.000959135074865,-0.0025927938821763,-0.0044882250385269,-0.0021256731247922
2014-05-29,0.0054504208214179,0.018056917488864,0.0082138173628742,0.0116038100421357
2014-05-30,0.0018363425016122,-0.003752998841382,0.0147642131594818,-0.0039276470269881
2014-06-02,0.0008078764954873,-0.0068959481533963,-0.0036704593863908,-0.0119411129372062
2014-06-03,-0.0003260801224151,0.0140426659499843,-0.0123337270347592,-0.0053568947802617
2014-06-04,0.0020594336190785,0.0113541831743548,0.0007440521127349,-0.0013355703403903
2014-06-05,0.0065293482652355,0.0039157283654035,0.0218335196657175,0.053284533710645
2014-06-06,0.0047290107060415,-0.0027532421684241,0.0065304579868328,0.0186767420963343
2014-06-09,0.0009822701261105,0.0158750302552362,-0.0050753530577503,-0.0066040990516357
2014-06-10,-0.0002441117711074,0.0058523204946508,-0.0038849663775272,0.0148811518559853
2014-06-11,-0.0034141440205894,-0.0041466522750995,-0.0060997355111451,0.0083581616766361
2014-06-12,-0.0067908569100058,-0.0168683234214313,-0.0068761386968952,-0.0281060989761892
2014-06-13,0.0031189991828982,-0.011003884299162,0.0158909206057429,0.001103928509298
2014-06-16,0.0008352510776048,0.0100281745459559,0.0065274136165112,0.0041292630817807
2014-06-17,0.0021752171426214,-0.0013025107505947,0.0043276547248257,-0.0061234039194493
2014-06-18,0.0076498690501652,0.0010852576233218,-0.0007199905182897,0.0265470135061316
2014-06-19,0.0014104312321854,-0.0034772732830965,-0.0033672036772726,-0.0223178999122466
2014-06-20,-0.0030515038754407,-0.0103957194761858,0.0040871941955624,-0.0085996232859942
2014-06-23,-0.0001324186066449,-0.0008802444300091,0.0074100024292519,0.009333299034238
2014-06-24,-0.0063644430625224,-0.0060740971783893,-0.0057320190378914,-0.0094566255851789
2014-06-25,0.0048989099562511,0.0008863546892314,0.0066845041256665,0.0100676111238291
2014-06-26,-0.0010103850550272,0.0059577006422102,-0.0074031746616814,-0.0053588234743227
2014-06-27,0.0019510272609312,0.0118117320194134,0.0126237307623021,-0.003444779342233
2014-06-30,-0.0003322371353529,0.0102752568818479,-0.0131033283964255,0.0006468006693499
2014-07-01,0.006840214819699,0.0063283161250208,0.0040687207681531,0.0231608880856678
2014-07-02,0.0007132179558888,-0.0004275491851735,0.000716292589928,0.0013830199241032
2014-07-03,0.0054529452278204,0.0058667283736599,-0.0023897989320215,0.0138439421972763
2014-07-07,-0.0038893657029855,0.0204214523214106,0.0045350727819701,-0.0117431010884644
2014-07-08,-0.0067715978036179,-0.006481503887864,-0.0050134436140641,-0.0296358551275952
2014-07-09,0.0046851551547678,0.0004196866977095,-0.0026362635520994,0.0188448778207748
2014-07-10,-0.0041403423532313,-0.0036759518668871,0.0004794364118715,-0.0062321256526217
2014-07-11,0.0015556545320731,0.0018922395034008,0.0095491577238458,0.05424690877595
2014-07-14,0.0048215828179658,0.0128347107874756,0.0011872829404129,0.0260022632167566
2014-07-15,-0.0019233857134725,-0.0117851275332957,0.0073293265365035,-0.0024797690096872
2014-07-16,0.0042972981645157,-0.0056811773364952,0.0376791656370814,0.0041107133370453
2014-07-17,-0.011779720900266,-0.0179919861625817,0.0101572606653427,-0.0097410810419017
2014-07-18,0.0101839956518035,0.0142922844905542,0.003586732329415,0.0174662088091495
2014-07-21,-0.0022892304009335,-0.0052025611626909,0.0033504732794741,0.0030622777716727
2014-07-22,0.0049901271325881,0.0082688756255376,-0.0002226794212536,0.0029974487333704
2014-07-23,0.0017561840802991,0.0257427791146018,0.0008916486262356,-0.0075106753798246
2014-07-24,0.0005031794676939,-0.0016477839671805,-0.0105296595665599,0.0013114755978106
2014-07-25,-0.0048366079451675,0.0065743522348551,0.0022493007231266,-0.1014610674928533
2014-07-28,0.0002876588287754,0.0137274662627325,-0.0119810009822328,-0.0111729538201522
2014-07-29,-0.0044856361942873,-0.0064848874553471,-0.0018216850902154,-0.0012804298996463
2014-07-30,0.0002317322782089,-0.0023400706531745,-0.0070880831855234,0.0078131477132624
2014-07-31,-0.0200889508339693,-0.0263240026982822,-0.0096842688396394,-0.029962902359047
2014-08-01,-0.0028344090159171,0.0055285326977343,-0.0069745867827882,-0.0191280729172346
2014-08-04,0.0071486936029647,-0.0056334081844089,0.0118287417073987,0.0212345463119992
2014-08-05,-0.0096184101737141,-0.0049287295738976,-0.0067092172947032,-0.0042494113180245
2014-08-06,0.0003143351300973,-0.0016837207078463,-0.0079235801702917,0.005014302836338
2014-08-07,-0.0053181311189086,-0.0001056775025137,0.0113993498507744,-0.0078037943609111
2014-08-08,0.011444823885884,0.0027477391652497,-0.0006942478475469,0.0170318482401162
2014-08-11,0.0029281180159202,0.0131079620324258,0.0,0.0048179206133378
2014-08-12,-0.0015824486097057,-0.0002084374767453,0.0073803983012722,0.0031051542239895
2014-08-13,0.0069104990868616,0.0131465242544915,0.0127851036977154,0.0215621123577341
2014-08-14,0.0043678586609293,0.0026700379152164,0.0043015074247981,0.0210170747118059
2014-08-15,4.632558426141188e-05,0.0049113721395485,0.0116774161627215,0.0012596127050726
2014-08-18,0.0085274920805045,0.0119712623838406,0.0071189158805293,0.0026940270931693
2014-08-19,0.0051654338332264,0.0137216541563212,0.0110918544642819,0.0017919546054863
2014-08-20,0.002526810552552,0.0003975703925354,-0.0084183041609534,0.0019376673573855
2014-08-21,0.0029572756526387,9.936790582112576e-05,0.0059885405457628,-0.0085840004276702
2014-08-22,-0.0018562798954931,0.0073303056518012,-0.0015488680275071,-0.0039729171896082
2014-08-25,0.004771383147954,0.0021690850388264,0.0004422736405048,0.0073016054324977
2014-08-26,0.0010520996223989,-0.0064220467541464,-0.0035481056009661,0.0231126075238829
2014-08-27,0.0002532843784875,0.0122156726208655,-0.0031154043257008,0.0039416119101205
2014-08-28,-0.0015536206118252,0.0011746694314537,0.0002227879807114,-0.0092507102679631
2014-08-29,0.0033733521552463,0.0024419684972453,0.0121805273881429,-0.0028862860695227
2014-09-02,-0.0004980156715253,0.0077745270857687,-0.0075122716892437,0.0098030784120145
2014-09-03,-0.0005965648763688,-0.0431237511123521,-0.0028873735633791,-0.0099210065545048
2014-09-04,-0.0014996266796133,-0.0083226218874779,0.0066507052841281,0.0202941473791423
2014-09-05,0.0050147285401261,0.0086256512501993,0.0142591562370652,0.0012421245442562
2014-09-08,-0.002894467665842,-0.0061827644809487,0.0121239640242,-0.0117319846119283
2014-09-09,-0.0065205682405021,-0.0037686474511849,0.0062210325026477,-0.0374697227435558
2014-09-10,0.0037218219996161,0.0302550490096367,0.0017096162941749,0.0047801266302726
2014-09-11,0.0011488343643204,0.0042484722972123,0.0034099932330841,-0.0024477462534143
2014-09-12,-0.005928210554142,0.0022648702131194,-0.0064034243988533,0.0020251174962933
2014-09-15,-0.000701015896834,-0.0002949656259554,-0.0098988567704769,-0.022288276844343
2014-09-16,0.007427916789466,-0.0076051242393683,0.011182671642071,0.011877681264394
2014-09-17,0.0013097437914752,0.0071131002477732,-0.0051455039520374,-0.0115380557178931
2014-09-18,0.0049977360830598,0.0020650083472225,0.0034333343364677,0.0030816048090148
2014-09-19,-0.0051411826380683,-0.008187372218942,0.0178349110723247,0.0192594934003259
2014-09-22,-0.0080396657425798,0.0009899781158682,-0.0097271349317031,-0.0207991395859185
2014-09-23,-0.0056905916147743,0.0155134277687774,-0.0106819151904144,-0.0026847100100751
2014-09-24,0.0078139242233992,-0.008709014728809,0.0111065394259532,0.0140528212838251
2014-09-25,-0.0162921097277744,-0.03887873849202,-0.0223372133333643,-0.019319516810749
2014-09-26,0.0087113848492786,0.029002166502337,0.0080041184732675,0.0039681361552037
2014-09-29,-0.002465270414272,-0.006372686439047,0.0006461745897234,-0.0043098837313451
2014-09-30,-0.0027346788976431,0.006372686439047,-0.0017242536945866,0.001924689384396
2014-10-01,-0.0132321170805579,-0.0157057648967337,-0.0099717408996772,-0.0155652462713048
2014-10-02,8.765601464464624e-05,0.0072331998539185,-0.0030548279082256,0.0029880343681179
2014-10-03,0.0110930528885163,-0.0028066097469591,0.0071858190863481,0.0135071230316037
2014-10-06,-0.0015384820808941,0.0,0.0,-0.0016744507276986
2014-10-07,-0.0152173596614903,-0.0087716071249133,-0.0122244306249596,-0.016333852411839
2014-10-08,0.0176212001958711,0.0205469474996041,0.0270838453089317,0.0178844186536366
2014-10-09,-0.0207868463838309,0.0021802620630523,-0.020080495553903,-0.0229765463642672
2014-10-10,-0.0113975551289353,-0.0028748379219893,-0.0405041067863814,-0.012700406847279
2014-10-13,-0.0165727666839292,-0.0091754993650419,-0.008667753993105,-0.0159915359146292
2014-10-14,0.0015779065495538,-0.010676872275625,0.0018306992111587,0.0060511603733506
2014-10-15,-0.0080220859916555,-0.0123289661294992,-0.0117307062676711,-0.0076187123745549
2014-10-16,0.0001740339980269,-0.0132097337883541,-0.0111679264113674,-0.0102164054020269
2014-10-17,0.0127639519705313,0.0145416528051502,0.0206096410346827,0.002572136620058
2014-10-20,0.0090997668495997,0.0211729212206441,0.0102607470522961,0.0084283519349492
2014-10-21,0.0193699651812611,0.0268026269201028,0.017986439772681,0.0293485684198561
2014-10-22,-0.0072048989332896,0.0050620297600449,-0.0112032778878643,-0.0075123702021701
2014-10-23,0.0122136865043749,0.0177080631270816,0.0143178857545178,0.0006707658160942
2014-10-24,0.0070184723562643,0.0037134606411761,0.0243568491132059,-0.0870868519740626
2014-10-27,-0.0014907212951711,-0.0010460665217816,-0.0047807133231459,0.0100862162102814
2014-10-28,0.0118430087274567,0.0153887051659951,0.0125544546402108,0.0191958896489772
2014-10-29,-0.0012692490947779,0.0056052652858636,0.0027922810017117,-0.0049855116744714
2014-10-30,0.0062644576436916,-0.0033595639071931,-0.0123020756371417,0.0166898123747008
2014-10-31,0.0116410624181456,0.0094894987074501,0.0193556803315924,0.0211411774395772
2014-11-03,-0.0001196539404869,0.0128794057607542,0.0103823644244099,0.0008508132323837
2014-11-04,-0.0028251059495436,-0.0073392713609064,0.0027365399117315,-0.0095641042576309
2014-11-05,0.0060178167080702,0.0023913633386519,0.0060777126548081,-0.0209908763285333
2014-11-06,0.0040643337277073,0.0028555878434069,0.0173989924870708,0.0004046125889712
2014-11-07,0.0005291931499475,0.0028482775671266,-0.0004109511132284,0.0107964166892666
2014-11-10,0.0031623049538057,-0.0016528759297525,0.0043051565845683,0.0173566682577116
2014-11-11,0.0006917299561195,0.0079623724470192,-0.0004093535701594,0.0223628712534333
2014-11-12,-0.0004130062588333,0.0140306670322621,-0.0018435703301505,-0.0016037981369441
2014-11-13,0.0006094330948409,0.014013420701262,0.0168723142445666,0.0158286079933891
2014-11-14,0.0003510286260965,0.0119827530896273,-0.0006049666094725,0.0352046898359552
2014-11-17,0.0007789545799358,-0.0016654243076872,-0.0024232030767416,-0.0146576282661279
2014-11-18,0.0052973052627473,0.0129001781620176,-0.0083768904914582,0.005802664511581
2014-11-19,-0.0014352711896506,-0.0069526249266139,-0.0107257673189262,0.004942678182263
2014-11-20,0.0019970240016044,0.0142007501228129,0.0099045516475999,0.0121752280146617
2014-11-21,0.005331529099784,0.0013746495552776,-0.0148940888943715,0.0063030804150729
2014-11-24,0.0028682051146062,0.0183758176306231,-0.0081620181674346,0.0090083958741153
2014-11-25,-0.0010049851726489,-0.0087206305880375,-0.0025248181320753,-0.0017891696253335
2014-11-26,0.0030262404391494,0.0118345655200786,0.0058811868278876,-0.0043973089506996
2014-11-28,-0.0024964748242839,-0.0005882951994341,0.0012558516507239,0.0150848587270626
2014-12-01,-0.0067859184498234,-0.0329943855669275,0.0167999296019558,-0.0380402171358855
2014-12-02,0.0063870367028664,-0.003831125054225,-0.0032960203970166,0.0009505297568561
2014-12-03,0.004003751636591,0.0112770031145797,-0.007872602958371,-0.0305246081896378
2014-12-04,-0.0011440063411608,-0.0038028057637701,0.0156833561749434,0.0013576877194075
2014-12-05,0.0016567329853041,-0.0042517768761674,-0.0086365482669079,-0.0136605466311926
2014-12-08,-0.0071079172658319,-0.02286813939728,-0.0149816866475082,-0.0193459616001461
2014-12-09,-0.0002329683159128,0.0151865412795454,-0.0023086478536316,0.0189300481041565
2014-12-10,-0.0163427992546946,-0.0191980135541977,-0.014605029656253,-0.0215423797882988
2014-12-11,0.0047710142292367,-0.0029522159302868,0.0057406507879241,0.0049576096320891
2014-12-12,-0.0162344742030108,-0.0170774734668979,-0.0046750432755021,-0.0001301490208123
2014-12-15,-0.0063050445010252,-0.013764162008706,-0.0059818971431197,-0.0040757160382793
2014-12-16,-0.0084878517142648,-0.01376909982839,-0.0328894638215461,-0.0366351084717339
2014-12-17,0.020095306641612,0.0246129992406003,0.0127613193471875,0.0128634295510569
2014-12-18,0.0237701420023,0.0291831127318787,0.0381775620307321,-0.0038551195061079
2014-12-19,-0.0009439964275076,-0.0077528489080972,0.0029414943607541,0.0072620502205934
2014-12-22,0.0039457086791356,0.0103240434141038,0.0066924255372576,0.0218991668157982
2014-12-23,0.0017956530141114,-0.0035480276029739,0.0097477145932702,-0.0008158869959634
2014-12-24,-0.0001090200184221,-0.0047207576979558,-0.0064191611240866,-0.0107005550655955
2014-12-26,0.0032948241660769,0.0175227215984434,-0.0054152501415608,0.0198006861158837
2014-12-29,0.0010289960867668,-0.0007021012023627,-0.0090214166737707,0.0094988880950259
2014-12-30,-0.0047848691639241,-0.0122777520254291,-0.0091034455844881,-0.0055918132657778
2014-12-31,-0.010361350180627,-0.0192021379646018,-0.012196729226146,0.0001611214053271
2015-01-02,-0.0002146180247354,-0.0095578775145484,0.0066514395573778,-0.0059140217938632
2015-01-05,-0.0183856222745126,-0.0285760479577316,-0.0092381035436576,-0.0207307124430989
2015-01-06,-0.0089323528012823,9.419737641807596e-05,-0.0147862239151958,-0.0230980343134697
2015-01-07,0.01186788644838,0.0139246740711563,0.0126254058123778,0.0105439659030457
2015-01-08,0.0177451538262594,0.0377026168264739,0.0289937520784452,0.0068127434220021
2015-01-09,-0.0084417394433846,0.0010717067921822,-0.0084406017219787,-0.0118182128465767
2015-01-12,-0.0081282029231343,-0.0249491850840981,-0.0125816816878492,-0.0187652105255035
2015-01-13,-0.0024837578139172,0.0088396106214637,-0.0051634444620942,0.0113624015229196
2015-01-14,-0.0058014943430913,-0.0038179183937642,-0.0086654165482186,-0.0049999253836067
2015-01-15,-0.0092657281336526,-0.0275152963625519,-0.0104990296859232,-0.0217857018471385
2015-01-16,0.0133235942834648,-0.0078006732368574,0.0165727541411614,0.0131214124438072
2015-01-20,0.0015792303200902,0.0254310925717712,0.0032388041166806,-0.0044813753511939
2015-01-21,0.0048300987112073,0.0076054561378435,-0.0101832624201791,0.0266255139239063
2015-01-22,0.0151507441118483,0.0256828160775706,0.0260089145356406,0.0430304875608205
2015-01-23,-0.0055109465461748,0.0051471487927969,0.0010602136133117,0.0066483840782026
2015-01-26,0.0025679410508699,0.0010612538601735,-0.0036097061367378,-0.0087774858212235
2015-01-27,-0.0134558961037965,-0.0356410666866854,-0.097098497561399,-0.0094418377976699
2015-01-28,-0.0134938279855611,0.0549927886889037,-0.0350664154770493,-0.0093014786486098
2015-01-29,0.0095493665450432,0.0306587487464887,0.0197124778997938,0.0255662059421237
2015-01-30,-0.0130541765743639,-0.0147423115435668,-0.039078099338745,0.1284951577411822
2015-02-02,0.0128852592620718,0.0124690279530728,0.0215484433100128,0.0276512200348408
2015-02-03,0.0143425947086929,0.0001684639648645,0.0077219472587676,-0.0025273495644923
2015-02-04,-0.0038595890195236,0.0076403876514893,0.0057524548034561,0.0032952934747509
2015-02-05,0.0104164410870512,0.0071123357889815,0.0144743815121636,0.0247495039355786
2015-02-06,-0.0031490394164547,-0.0084565677780587,-0.0009426557211168,0.0010425973372457
2015-02-09,-0.00417009557617,0.0066203387472511,-0.0011795296132098,-0.0099888588990654
2015-02-10,0.0106407723507889,0.0190293549882784,0.0056494279693317,0.0065630446992399
2015-02-11,0.0003334207223508,0.0231682358615783,-0.0051777333412252,0.0057208699883796
2015-02-12,0.0098104857605224,0.0125727465038567,0.0166146076129511,0.0053967245601284
2015-02-13,0.0041275462899794,0.0048910741802276,0.0179396427496096,0.0122794168033699
2015-02-17,0.0017460765097226,0.0058844577415536,0.0004589720181672,-0.0169033952787077
2015-02-18,-0.0002801944009898,0.0069379625127115,-0.0011477856426061,-0.0055020970667824
2015-02-19,-0.0008962193168963,-0.002099772527075,-0.0006897113568179,0.0149663192026697
2015-02-20,0.0062072725736432,0.0081411473624904,0.0082420541179466,0.0122205379848066
2015-02-23,-0.0002969042085383,0.0266682588555535,0.0065902574317788,-0.0092171899149884
2015-02-24,0.0027779948996393,-0.0062602493261062,-0.0013597773076131,-0.0040857277696035
2015-02-25,-0.0006005320894063,-0.0259057075981933,-0.0022707871411265,0.017749981695273
2015-02-26,-0.001307816147296,0.0125769105475766,0.0015896564305521,-0.0014801410568097
2015-02-27,-0.0029473970869499,-0.0151424706947455,-0.0047776980404008,-0.0121315546667547
2015-03-02,0.0061408012512654,0.0048920640038126,0.0006843916177146,0.0143640400258115
2015-03-03,-0.0045266093354606,0.0020895802238729,-0.0137681948625675,-0.0027264222946378
2015-03-04,-0.0041813158405121,-0.0063591654192233,-0.0050963619592542,-0.0049261305337581
2015-03-05,0.0012322946875134,-0.0167096166608509,0.001160813602916,0.0132634479578912
2015-03-06,-0.0140958335746832,0.0015020013151943,-0.0175506021273322,-0.0201590851161905
2015-03-09,0.0040179053631465,0.0042562484675846,0.0115010521619638,-0.004033486205676
2015-03-10,-0.0169771173203592,-0.0209025539639494,-0.019322097115377,-0.0241967243367343
2015-03-11,-0.0017618960825989,-0.0183998676678955,-0.0011901394926685,-0.0085339973133282
2015-03-12,0.0127175815871595,0.0179176810662331,-0.0231335857737424,0.0212534965276943
2015-03-13,-0.0060513853831282,-0.006934441073961,0.0087380712273106,-0.0098280109510552
2015-03-16,0.0133972696547783,0.0109441020420822,0.0043402920287486,0.007447025596897
2015-03-17,-0.0033123582083973,0.0165883834941747,0.0033626658189346,-0.0038374863243773
2015-03-18,0.0120458453737329,0.0111936407054608,0.0190035190604524,0.008620458474862
2015-03-19,-0.0048467760051929,-0.0075791271298558,-0.0049535007702931,-0.0050775916815506
2015-03-20,0.0045089383246864,-0.0126284389847357,0.0138546232173919,0.013967954498582
2015-03-23,-0.0017484261845995,0.0103513331577576,-0.000466573642038,-0.0089702828416014
2015-03-24,-0.0060709695077222,-0.0040962909689235,0.0009328224805224,-0.0027229594314358
2015-03-25,-0.0146371319524505,-0.0264740243158281,-0.0341428578314632,-0.0084021700929841
2015-03-26,-0.0023515028977042,0.0069459147154579,-0.0060479218792026,-0.0097791680169188
2015-03-27,0.0025483485110668,-0.0080003176823932,-0.0058410216373663,0.0087003028782892
2015-03-30,0.0122415586621669,0.0249996035912325,-0.0002442617380795,0.0108167195676065
2015-03-31,-0.0087271469327325,-0.0154709987098039,-0.0073503894137471,-0.0066694591596054
2015-04-01,-0.0038465200289363,-0.0014474001068439,0.0014740619860176,-0.0049571737915462
2015-04-02,0.0035364564453998,0.0085745876383484,-0.0106158476848165,0.0053601562757525
2015-04-06,0.0065837714971208,0.0160687402032073,0.0307941097727171,0.0127856117339211
2015-04-07,-0.0020429953125296,-0.0105778566373521,-0.000481512030682,-0.0069997225048723
2015-04-08,0.0030559419475457,-0.0032590606762442,-0.0026522603461969,0.0179726122483166
2015-04-09,0.0044433205117693,0.0076141120451206,0.0014477837236923,0.0061197985312209
2015-04-10,0.00517098737606,0.0042576610546297,0.0057693000605958,-0.0023231845894394
2015-04-13,-0.0044963589587178,-0.0019687325429552,0.0009581065712142,-0.0007581600603683
2015-04-14,0.0016350897711279,-0.0043450727040593,-0.0026374123284988,0.0071664865025955
2015-04-15,0.0051305738433788,0.0037930788852221,0.0145395266038533,-0.0043197733292515
2015-04-16,-0.0007533873317981,-0.0048230917842792,-0.0023689097182744,0.0067317046700293
2015-04-17,-0.0113713458837049,-0.0113185502857882,-0.0128912506336543,-0.0275227456485886
2015-04-20,0.0092021819293545,0.0225888026406287,0.0305239736302952,0.0364712935318362
2015-04-21,-0.0014655609254361,-0.0054224521867835,-0.0063122564819035,0.0042782731871888
2015-04-22,0.0051042063778603,0.0133841639297866,0.0081748609836806,-0.0035340250359114
2015-04-23,0.0024453324478157,0.008130499938364,0.00810828230556,0.000487310695854
2015-04-24,0.0022395727839042,0.0046933511251507,0.0994134675914517,0.1321778333187706
2015-04-27,-0.0041421899281373,0.0180282396013863,0.0033365955158558,-0.0148023441374045
2015-04-28,0.0028488486929686,-0.0158812270799845,0.0232543101388895,-0.0213173182574747
2015-04-29,-0.0036736006307195,-0.014815505086728,-0.002036169669952,0.0001397493830009
2015-04-30,-0.0101185490939429,-0.0275045495860936,-0.0085976053798354,-0.0178351195745041
2015-05-01,0.0108429645366012,0.0299115641085299,0.0004109518888297,0.0025808574084002
2015-05-04,0.0029283051795432,-0.0019402527099991,-0.0086688493037288,0.0004019813131641
2015-05-05,-0.0117893648502553,-0.0227909293293035,-0.0133558626909659,-0.0043826989356931
2015-05-06,-0.0040850591958799,-0.0062995407954011,-0.0281226228752387,-0.0049744833565479
2015-05-07,0.0040021147098624,0.0061661148691427,0.0090341309583908,0.0183933883561785
2015-05-08,0.0133511280132396,0.0186655931941961,0.0222349330622536,0.0158270498753317
2015-05-11,-0.0048919272419207,-0.0102388576593232,-0.0079895665850993,-0.0019387455007533
2015-05-12,-0.0028948441775409,-0.0035687856209512,-0.0004226067117513,-0.0042367085207989
2015-05-13,-8.349581114323201e-05,0.0011116151596118,0.0058959335950224,-0.0096750219152741
2015-05-14,0.0108020839839123,0.0230634586686467,0.0226270147450599,0.0125940092092553
2015-05-15,0.0008732515310607,-0.0013967444773272,-0.0086582917814754,-0.0146342271139523
2015-05-18,0.0030900542856577,0.0109670670766789,-0.0060220427616133,-0.0017856309328732
2015-05-19,-0.0004452405177764,-0.0009224163499694,-0.0025192589239596,-0.0083357469503998
2015-05-20,-0.0008217216351477,-7.653677478898956e-05,0.0,0.0050853377760789
2015-05-21,0.0024646791542338,0.0101740526010992,-0.003368200259158,0.0181654342230016
2015-05-22,-0.0022283074809894,0.0087144070075752,-0.0110263670281027,-0.009310357719831
2015-05-26,-0.0102892947622996,-0.0222775033596596,-0.0066320311006669,-0.0050638954770713
2015-05-27,0.0092473347664745,0.0184979480656514,0.0216571223492956,0.0138876069681152
2015-05-28,-0.001092887422452,-0.0019711405604227,-0.0033662662351387,-0.0113055202460185
2015-05-29,-0.0062967691475252,-0.0114478118061181,-0.0125119556435858,0.0062163788355045
2015-06-01,0.0021459027451371,0.001993676859129,0.0078646226692336,0.0039295522284731
2015-06-02,-0.0009559095694723,-0.0044527339117117,-0.0065853455988082,0.0001624299524402
2015-06-03,0.0022984989693756,0.0012301820720675,-0.0014928198113725,0.0129096516149125
2015-06-04,-0.0086077362238184,-0.0058579623992169,-0.0105141345357975,-0.0133970206441354
2015-06-05,-0.0013924537062691,-0.005503511012415,-0.0047565879592645,-0.0089306085955939
2015-06-08,-0.0063019598793525,-0.0066290123866133,-0.0089258902233705,-0.0081134434870089
2015-06-09,0.0004390716439542,-0.0029778810607153,-0.001750876663653,0.0046644765168579
2015-06-10,0.0119838094898721,0.0113930082404813,0.0208114072228305,0.0123563615909309
2015-06-11,0.0020177518276298,-0.0022528065137906,-0.0036534996520596,0.0050941365631779
2015-06-12,-0.0069284152112541,-0.0111040095372349,-0.0101724710079557,-0.0070692966703919
2015-06-15,-0.0045943293018549,-0.0019679866536063,-0.0107162876744897,-0.0146442945561741
2015-06-16,0.0056579003150266,0.0053436746991908,0.007666376657487,0.0084379237209854
2015-06-17,0.0019834605804338,-0.0023540448295483,0.0030499110170027,0.0012863510024555
2015-06-18,0.0099273038275873,0.004545773851877,0.0161833311859712,0.0267082763503059
2015-06-19,-0.0101772318100175,-0.0100600632648694,-0.0133593634702324,-0.010225295255205
2015-06-22,0.0060716099258167,0.0079464856199203,0.0028159412372716,0.0031450995692476
2015-06-23,0.0007160552107181,-0.0045554836742691,-0.0069460134673522,0.0219893245452377
2015-06-24,-0.007348698128122,0.0084658519737208,-0.0058984605289578,-0.0116145324206928
2015-06-25,-0.0029373188369463,-0.0047727365614346,0.0002191284804846,-0.0016800694505137
2015-06-26,-0.0002227787023261,-0.0058997013241972,-0.0085799755278536,-0.0045546879012981
2015-06-29,-0.0209727178718641,-0.0176702694030808,-0.0198602833827765,-0.0189876661923996
2015-06-30,0.0027115106883731,0.0072011669969709,-0.0049703498562954,0.0097923115942997
2015-07-01,0.0071509716219489,0.0092846863723701,0.0067717684025776,0.0075733140135653
2015-07-02,-0.0003179549292394,-0.0012645134115778,-0.0011253968923748,0.0007313907475252
2015-07-06,-0.0038316169391135,-0.0034857850238515,-0.0002249895167283,-0.0038226083743621
2015-07-07,0.0060570140973362,-0.0024634183937329,-0.0020296109640661,0.0015582752133443
2015-07-08,-0.0164684773363769,-0.025136273729572,-0.0013554780094623,-0.0162049201484531
2015-07-09,0.00225980699767,-0.0206075510132563,0.0063092450406347,0.0108554107718796
2015-07-10,0.0122342973622664,0.0263835255283486,0.0020195917270197,0.0207776464076339
2015-07-13,0.0110748056692683,0.019121467589092,0.0206330729383301,0.0268289876660239
2015-07-14,0.0044420840798098,-0.0003978732925155,0.0017550017083864,0.0217130791810564
2015-07-15,-0.0007194905595654,0.0095869408973887,0.0030642044020137,-0.0094523557590253
2015-07-16,0.0079868883219989,0.0132378642915662,0.0194767701962863,0.0305147145198058
2015-07-17,0.0011001983174841,0.0086003167059764,-0.0008576188474779,0.0157124958525619
2015-07-20,0.0009479000735364,0.0187251737308353,0.0064143577752447,0.0104830279033253
2015-07-21,-0.0042301114693925,-0.0100452639668036,0.0076434414549258,-0.0002049380151638
2015-07-22,-0.0022811902014832,-0.0432146184162905,-0.0374961566893792,0.0005531256863035
2015-07-23,-0.0056138522704946,-0.0004791946332136,0.012438455163785,-0.0125510846965839
2015-07-24,-0.0107365725616152,-0.00528717218692,-0.0036934640126508,0.0934646586310321
2015-07-27,-0.0057737346909566,-0.013993111968639,-0.0129261579110328,0.0037517082550624
2015-07-28,0.0122804041496715,0.0049561260765947,-0.0002200995047097,-0.0101755683971084
2015-07-29,0.007397781470165,-0.0031655547724766,0.0207363588941575,0.0056302243336291
2015-07-30,0.0001065190365217,-0.0050541681821206,0.0126648556109624,0.0145625603066735
2015-07-31,-0.0022528778806054,-0.008782250354469,-0.0038465497688213,-0.0011370200030082
2015-08-03,-0.0027604882723727,-0.0238605857129398,0.002351894096285,-0.0020912272599988
2015-08-04,-0.0022170647793835,-0.0326094954587959,0.0154750066193427,-0.0058673185619301
2015-08-05,0.0034746000519487,0.0066075783639252,0.0008408368940668,0.0095612521621888
2015-08-06,-0.0074803945777597,0.0021737870399331,-0.020382778622176,-0.0141590970865208
2015-08-07,-0.0028424331160538,0.0033818134864626,0.0025704331777797,-0.0130029584124128
2015-08-10,0.0127149510206746,0.0357118089443929,0.0125443435249203,0.002637061678507
2015-08-11,-0.0093921021667932,-0.0534408370382683,-0.0196294316646459,0.0065812726845939
2015-08-12,0.0011706331137891,0.0153020724681367,0.0070850881397255,-0.0029428997371917
2015-08-13,-0.0011239768916478,-0.0007812632237943,-0.0002139200296082,0.0071051958206023
2015-08-14,0.0038865852913336,0.0070097210159615,0.0057614431499224,0.0035055351679451
2015-08-17,0.0053630033366611,0.0102952850406464,0.0067852776659378,0.0069370508986499
2015-08-18,-0.0024312235953937,-0.0056493255268276,0.0055156326449817,-0.0003737853305177
2015-08-19,-0.0081928140464341,-0.0128722830230429,-0.0140605370382015,-0.003932772901051
2015-08-20,-0.0212374539553147,-0.020733186288585,-0.02059246025434,-0.0326910011154089
2015-08-21,-0.0320765632530823,-0.0631132774654091,-0.0583957952898357,-0.0421938765422697
2015-08-24,-0.0399977622199718,-0.0252791045554078,-0.0328056637526794,-0.064960527256149
2015-08-25,-0.0135421446909545,0.0059944356588234,-0.0294602510869064,0.0064534392037417
2015-08-26,0.0381921207200332,0.055770144983907,0.0538720683925636,0.0711675604562834
2015-08-27,0.0239914545689375,0.0290215175169058,0.027481129471734,0.0345423977374103
2015-08-28,0.0007194767715751,0.0032713949829913,0.0006832258479855,-0.0006948030924643
2015-08-31,-0.0082701031359048,-0.0046892031123614,-0.0093770246365268,-0.0099330722612532
2015-09-01,-0.0298249743258673,-0.0457262603294778,-0.0398458544807764,-0.032397392034141
2015-09-02,0.0182014011940315,0.041994366074841,0.0361626570846648,0.0278245318137868
2015-09-03,0.0012121052607065,-0.0176912514653505,0.0032237867915847,-0.0114847559389929
2015-09-04,-0.0153012247638622,-0.0100167032874155,-0.0206723127550886,-0.0113976842308758
2015-09-08,0.024761427234998,0.0274410370313417,0.0295976764266487,0.0364807196511111
2015-09-09,-0.0138380292250043,-0.0194196316431811,-0.0188594373032037,-0.0012567695696944
2015-09-10,0.0053150480632389,0.0217321642447413,0.0050947761433415,0.0102971664225924
2015-09-11,0.0047512124296805,0.0144634695220325,0.0043791536669734,0.0136925918376146
2015-09-14,-0.0040191056556577,0.0095853218073001,-0.0101708025471089,-0.0153407016758042
2015-09-15,0.0126884334443008,0.0083769909629499,0.0216050550508289,0.0018970065569098
2015-09-16,0.0086548641367659,0.001117172275825,0.0072497749823801,0.0095641258219544
2015-09-17,-0.0023897492227373,-0.0216219579691402,-0.0011294250988322,0.0215341166729382
2015-09-18,-0.0214775557380962,-0.0041343341316874,-0.0175546023872676,0.0025761136154856
2015-09-21,0.0045605099645422,0.0153945610365468,0.0143856457226203,0.014936207492054
2015-09-22,-0.0123662517692384,-0.0158352264480489,-0.0047722925082233,-0.018384934326322
2015-09-23,-0.0020006943337195,0.0080800570042731,-0.000683485996434,-0.0043370660803996
2015-09-24,-0.003365795675258,0.0059305275426016,0.0009112798160946,-0.004337147707284
2015-09-25,-0.0004657461923135,-0.0025247929891569,0.0006829669649476,-0.017958894760805
2015-09-28,-0.0256880103380695,-0.0199873274985211,-0.0149032676659785,-0.0392734008550355
2015-09-29,0.0012839745143929,-0.0305217547293689,0.0034587528824432,-0.0159782634444648
2015-09-30,0.0189159152440647,0.0113059860354086,0.0187008928190494,0.0313927527247543
2015-10-01,0.0020406874629578,-0.0065492774410105,0.0078767062110083,0.0171026726484901
2015-10-02,0.0142829828857941,0.0072741029992875,0.0212914023621501,0.0224456188333939
2015-10-05,0.0181616157121841,0.0036173449105833,0.022994707697302,0.0207027887943999
2015-10-06,-0.0035977628767744,0.0047727750979528,0.0025699894941465,-0.0114692512656719
2015-10-07,0.0083804154845096,-0.0047727750979528,0.0010688907494425,0.0082637069869201
2015-10-08,0.0087737569792953,-0.0116218898657616,0.0137935560081704,-0.0163336899568072
2015-10-09,0.0007454500338379,0.0236451374186041,-0.0071914858226818,0.012377096335896
2015-10-12,0.0012670034589549,-0.004648461017366,-0.0023374129933791,0.019065008883462
2015-10-13,-0.0067438657066516,0.0017010819883634,-0.0023432765721808,-0.0023474339115226
2015-10-14,-0.0046722964066817,-0.0142344269524967,-0.0044885237617278,-0.0074424194486291
2015-10-15,0.0147705923973325,0.0148603357397544,0.0070443778642984,0.0318106056154008
2015-10-16,0.0045411835419864,-0.0073576617904327,0.0105796243778119,0.0146843443397593
2015-10-19,0.0002862114460629,0.0061948234917041,0.0023128999553418,0.0041786216037645
2015-10-20,-0.0013949381108645,0.0180934932578909,0.003144915295985,-0.0216404131091759
2015-10-21,-0.0057042951437025,-8.780755246502834e-05,-0.0120039509784886,-0.0091524749557796
2015-10-22,0.0164990540428274,0.0151795468184522,0.0174321637335551,0.0145400892287772
2015-10-23,0.0109539645758696,0.0305250131114949,0.0960102801317252,0.0604170515038074
2015-10-26,-0.0019061477524552,-0.032431413041517,0.025767032452417,0.0158659881475795
2015-10-27,-0.0025584837557408,-0.0063525912814212,-0.0103764681270585,0.0039356899011153
2015-10-28,0.0118552716139215,0.0403783923507752,0.0053868615062807,0.0099177269445581
2015-10-29,-0.0003436416850487,0.0105089423995273,-0.0115523393390513,0.015197462363436
2015-10-30,-0.0048183500924897,-0.0085825144531171,-0.0135849785016951,-0.0010379337598013
2015-11-02,0.0117808850486764,0.0139606329400249,0.0113337918136285,0.0039067221304977
2015-11-03,0.0027304571622845,0.0114053723332634,0.0169478765314905,-0.004849841276229
2015-11-04,-0.0031892106769704,-0.0046613437304914,0.0046061040125415,0.0247039871769006
2015-11-05,-0.0009273826908195,-0.0046204127043563,-0.0003675115494911,0.0226756585196876
2015-11-06,-0.0002366269328917,0.0011571515368026,0.0098810827916468,0.0056576325518101
2015-11-09,-0.009640462413932,-0.0040555372186939,-0.013934996343984,-0.0059016644530153
2015-11-10,0.0017603852323945,-0.0320245957148918,-0.0120741115973342,0.0063717906960116
2015-11-11,-0.0032199203971315,-0.0056681170592545,0.0026129140177039,0.0203617730020936
2015-11-12,-0.0138647647427241,-0.0033643398045949,-0.0061700037846217,-0.0114278128194914
2015-11-13,-0.011241132888351,-0.0296439670809798,-0.0090430677994974,-0.0355555329813027
2015-11-16,0.0149130872866741,0.0162464721833679,0.0174472427491531,0.008464086130442
2015-11-17,-0.0011232662470073,-0.0043009355864558,-0.0082724028554209,-0.0069862031014129
2015-11-18,0.0160612706891096,0.0311742649934487,0.0164767038511524,0.0309778685259477
2015-11-19,-0.0010755295043665,0.0126235704426572,0.001670096436858,-0.0034268798156204
2015-11-20,0.0039299900118221,0.0043681658291939,0.0046239810875314,0.0107994311321198
2015-11-23,-0.0011886602921771,-0.0130773834849753,0.0,0.0156448000161633
2015-11-24,0.0012389834724243,0.0095505035918489,0.0011067997950831,-0.0116138002312114
2015-11-25,-2.909091347102475e-05,-0.0071756793844453,-0.010376326525984,0.0062235793966323
2015-11-27,0.000801140785965,-0.001865492987937,0.0044599335599245,-0.0030846830382624
2015-11-30,-0.0045839589515037,0.0041506127540838,0.0077580233465353,-0.0126452217827086
2015-12-01,0.0106517225079239,-0.0081482216634391,0.0158803839944145,0.0212231557355352
2015-12-02,-0.0107729099843834,-0.0090746402076504,-0.0001810233471565,-0.0045016201976465
2015-12-03,-0.0143662504190386,-0.0093313338133373,-0.0184629652320699,-0.0145428637675426
2015-12-04,0.0202208545619312,0.0327058760757511,0.0310622083847272,0.0095452927684771
2015-12-07,-0.0069067964392985,-0.0063207874734218,-0.0017901184813454,-0.0041862895437249
2015-12-08,-0.0063952194763211,-0.0004226137869589,-0.0003586955038335,0.0111346495812081
2015-12-09,-0.0076693990274516,-0.0223230977018889,-0.0146249227085566,-0.0186874871452189
2015-12-10,0.0023451956403417,0.0047455884731616,0.0052606115482028,-0.0037222881133622
2015-12-11,-0.0193628172420214,-0.0260750665304611,-0.0221356887713274,-0.0340463291352455
2015-12-14,0.0047820240748751,-0.0062041706915961,0.0197809573760034,0.027365619962648
2015-12-15,0.0105072531340545,-0.0178505564823743,0.0010873530331597,0.001108928769732
2015-12-16,0.0144205857887173,0.0076636058534005,0.0167077454085831,0.0256757680301069
2015-12-17,-0.0149259812831751,-0.0214239909627881,-0.0076904236822469,-0.0076054194847615
2015-12-18,-0.0239020244241299,-0.0274425457492567,-0.0285916909097674,-0.0097544204301939
2015-12-21,0.0078682976574901,0.0121864306468657,0.0128489336362331,0.000556866014569
2015-12-22,0.0088776673195623,-0.000932270616257,0.0094392676665844,-0.0020486276548379
2015-12-23,0.0124156010745696,0.012787532926008,0.0084556100651647,0.0008290311865248
2015-12-24,-0.001601314828759,-0.00535469027027,-0.002690728224855,-0.001372072354929
2015-12-28,-0.0021777893308898,-0.0112636719281069,0.005017049443631,0.0185506861089931
2015-12-29,0.0107637450421236,0.0178145463807372,0.0106666012102373,0.0274199055060939
2015-12-30,-0.0071420627362059,-0.0131444950782557,-0.0042529210055411,-0.0070859562009883
2015-12-31,-0.0094499588341892,-0.0193815871461148,-0.0148494986002043,-0.0193125516175453
2016-01-04,-0.0151975077475515,0.0008542117423258,-0.0123325986428489,-0.059276293468121
2016-01-05,0.0020099278109556,-0.0253785927852827,0.0045517232894744,-0.0050362874188383
2016-01-06,-0.0128424467472197,-0.019763622318158,-0.0183324340949385,-0.0018003542053678
2016-01-07,-0.0239488935237337,-0.0431208444274063,-0.0354019762828137,-0.0398411866472228
2016-01-08,-0.0109022927590035,0.0052735927154307,0.0030623960671828,-0.0014649670518506
2016-01-11,0.0008537112980555,0.0160629123330335,-0.0005734543716004,0.0174564316471882
2016-01-12,0.0077714213864901,0.0144087357492312,0.00913591209003,0.0002428558722877
2016-01-13,-0.0251630637456486,-0.0260466577756178,-0.0218359172781879,-0.0601665465051604
2016-01-14,0.0165579344664749,0.0216352075458112,0.0280689394406686,0.0190504650472106
2016-01-15,-0.021788946172184,-0.0243083598540484,-0.0407359158746447,-0.0392422634698046
2016-01-19,0.0005324414796646,-0.0048505822315911,-0.0084686088028802,0.0075131830882334
2016-01-20,-0.0115757412794329,0.0013441955290701,0.004538693404293,-0.0047285409805936
2016-01-21,0.0051987752968605,-0.0050755452687168,-0.0061222910544545,0.0056680103841849
2016-01-22,0.0200512754718494,0.0518016878324207,0.0352280569428355,0.0364732597679654
2016-01-25,-0.0157426711012109,-0.0197153275714233,-0.0096082028555491,0.0002514858636284
2016-01-26,0.0140250126945277,0.0055156219907063,0.0073103922923068,0.007881287768631
2016-01-27,-0.0108498349250044,-0.0679650519533292,-0.0183774686206261,-0.0302234721501048
2016-01-28,0.0055889343915467,0.0071463877160077,0.0162670930306662,0.0853886788806772
2016-01-29,0.0244401999420831,0.0339581175810874,0.0565708883175207,-0.0791512083224468
2016-02-01,-0.0004221338197467,-0.0093924465310704,-0.006921546766097,-0.0209853032130634
2016-02-02,-0.0188681857537281,-0.0204292789093017,-0.0317543936096117,-0.040310327325034
2016-02-03,0.0053030412845768,0.0195993928323676,-0.0159759204738626,-0.0388353876542648
2016-02-04,0.0017165930411964,0.0080029950814901,-0.0030725002967429,0.0097253164512684
2016-02-05,-0.0185695525916996,-0.027071612444599,-0.036025626548367,-0.065760027946951
2016-02-08,-0.0141270167974673,0.0104749390926329,-0.0150651965177739,-0.0283387462717406
2016-02-09,-0.0004457636805171,-0.0002103037030875,-0.0026345523574815,-0.0124310121465393
2016-02-10,0.0001470251131239,-0.0076088952528557,0.0086875304475686,0.0172951717326609
2016-02-11,-0.0121628358220599,-0.0060646421533739,-0.0004019266264576,0.0268345579690943
2016-02-12,0.0193699158594166,0.0030899212109407,0.0161692793994814,0.006449720646999
2016-02-16,0.0166616394256335,0.0278044202214181,0.0187697709117772,0.027273179844643
2016-02-17,0.0163868361289951,0.0151983694732919,0.0256993896929065,0.0246411254305557
2016-02-18,-0.0046089274130385,-0.0191383391064085,-0.004397321411666,-0.0171848247541008
2016-02-19,0.0001183145214624,-0.0022879945203654,-0.0071144755891609,0.0186815883357463
2016-02-22,0.0142855792639701,0.0087081942406887,0.0158900579403076,0.04496367682461
2016-02-23,-0.0124229613374132,-0.0228644666583569,-0.0283172417206153,-0.011794067382229
2016-02-24,0.0044592182997733,0.0147808854707535,0.0035105235887705,0.0019874259371469
2016-02-25,0.011481794628394,0.0068443481386209,0.0143054037257527,0.0020014611933766
2016-02-26,-0.001763261509295,0.0015492417278695,-0.015473991289184,0.000144058793528
2016-02-29,-0.0080385193261164,-0.0022729016118153,-0.0082211704681259,-0.0048928106598291
2016-03-01,0.0235145858576609,0.0389463412505098,0.0328660270778138,0.0468819641814585
2016-03-02,0.00424724602571,0.0021862202972126,0.0070120017193162,0.0020185471593994
2016-03-03,0.00358054174744,0.0074162403740097,-0.0113960830031395,-0.0046989807461231
2016-03-04,0.0033000599006119,0.0147673629088993,-0.0061312661361928,-0.0040776368065099
2016-03-07,0.0009395385719704,-0.0111288599998001,-0.0194067746699403,-0.021689199718568
2016-03-08,-0.0110562812504487,-0.0082799475608923,0.0120763392518181,-0.0045233280074131
2016-03-09,0.0051792182533609,0.0008905688436537,0.0227780935246727,-0.0014110904328722
2016-03-10,0.0002115847727114,0.0004944227857573,-0.0150632498568191,-0.0009655937803175
2016-03-11,0.0164374251897022,0.0107162594698486,0.0194067651526963,0.0189276035286619
2016-03-14,-0.0011934066881614,0.0025389351433054,0.0018824588454846,0.0065793864526238
2016-03-15,-0.0018118336997109,0.0198947369218626,0.0078685632036947,0.0063456604881318
2016-03-16,0.0056078506109963,0.0132036710466153,0.0140818466832796,-0.0047772937799745
2016-03-17,0.0065437932218485,-0.0016055126755031,0.0056878496946652,-0.0261633507768593
2016-03-18,-0.0007603539904077,0.0011336556346795,-0.0216378058314163,-0.013243320083265
2016-03-21,0.0009884295759589,-9.44394459807856e-05,0.006893661508587,0.0034355855978582
2016-03-22,-0.0007284145321148,0.0076187527881075,0.0038912127512679,0.0116650105389721
2016-03-23,-0.0064018844100535,-0.0055436784059272,-0.00185126176674,0.016193502911486
2016-03-24,-0.0003856372545852,-0.0043436383365805,0.004437106488367,0.0231143227103773
2016-03-28,0.0005493783527467,-0.0045530832417347,-0.0124362280256933,-0.0052974445842696
2016-03-29,0.0089715947415463,0.0233959303254094,0.0216174231075726,0.0238396945388462
2016-03-30,0.0044411940210752,0.0173083864727107,0.0061954153558176,0.0081002999100069
2016-03-31,-0.0020414911235617,-0.00521622036576,0.0032643605519271,-0.0084708935984588
2016-04-01,0.0063077796156343,0.0091333722611006,0.0061372630772523,0.0081534502439868
2016-04-04,-0.0029980329434022,0.01022120439859,-0.0025224794576378,-0.0089117391803038
2016-04-05,-0.0101914672089061,-0.0118591571650372,-0.0158198461715713,-0.0119561176294832
2016-04-06,0.010805631193521,0.0104184185226184,0.0102113924422953,0.0268316920737624
2016-04-07,-0.0120047267767163,-0.0220511344429181,-0.0120464029448538,-0.0178469598087174
2016-04-08,0.0027798827133827,0.0011050934047723,-0.00073453259434,0.0053455435275876
2016-04-11,-0.0027427183519945,0.0033073294978965,-0.0020232920744972,0.0022342663781816
2016-04-12,0.0096315851443567,0.0129411906546391,0.0062409646365026,0.0120759369248904
2016-04-13,0.0101261047415555,0.0143834997493194,0.0127274841264082,0.0191303956427655
2016-04-14,0.0002716775995899,0.0005353602604143,0.0001804915384377,0.0095989148784411
2016-04-15,-0.0009920395754783,-0.0202755450697412,0.0052248201370455,0.0082462124216163
2016-04-18,0.0065290949155646,-0.0218110704363454,0.0144501593140202,0.015001391340651
2016-04-19,0.0030697919416497,-0.0053174772560587,-0.0012403549799295,-0.0117951100304795
2016-04-20,0.0008137588091653,0.0020557259227263,-0.0142888016186022,0.0080737061110164
2016-04-21,-0.0051753563170516,-0.0108869630513973,0.0034121762014014,-0.0031487933855886
2016-04-22,4.1110106501021894e-05,-0.00274033073213,-0.0744116090401389,-0.0167802262008297
2016-04-25,-0.001811270007622,-0.0056936964211911,0.006353194933014,0.0091441723089651
2016-04-26,0.0018628107918608,-0.0069711892898885,-0.0129408944044751,-0.0149952614289218
2016-04-27,0.0017161590851434,-0.0646217114428281,-0.0097678722139445,-0.0168543445050998
2016-04-28,-0.0091964134873589,-0.0310432648474883,-0.0206272269707182,-0.0075627257107842
2016-04-29,-0.005067443543879,-0.0115608519099875,-0.0006012973601013,0.0913609845582414
2016-05-02,0.0077715858507992,-0.0010674357800185,0.014729439016854,0.0361201947066767
2016-05-03,-0.008675461896325,0.0163123283632477,-0.0165357733222929,-0.0184926415496597
2016-05-04,-0.0057366639762749,-0.0104556677326294,0.0018063343054387,-0.000625948076643
2016-05-05,-2.4781165237474604e-06,-0.0040673809079466,0.001402405393056,-0.0177599998981233
2016-05-06,0.0032898911681453,-0.0055925586118423,0.008970717808233,0.0222958297833797
2016-05-09,0.0007601294549094,0.0007548958281117,-0.0063708470837653,0.0085691892573047
2016-05-10,0.0123947569881831,0.0067661195404825,0.0187956775339998,0.0337314060210473
2016-05-11,-0.0090615040516792,-0.0097884699238643,0.0005880769646442,0.0143474608890163
2016-05-12,-7.629824954571021e-05,-0.0237365212594349,0.008970432290182,0.006568150259196
2016-05-13,-0.0084145859710808,0.0019904447269264,-0.0083830077416646,-0.0112198399730366
2016-05-16,0.0098168008920808,0.0364468700167808,0.0145758052152732,0.0010419125672172
2016-05-17,-0.0091212478630816,-0.004162988861185,-0.0188279088949699,-0.0218938845224071
2016-05-18,0.0003531615318583,0.0113800090030025,0.0059222039292541,0.0031305958831034
2016-05-19,-0.00369761889453,-0.0038146067858957,-0.0096904178554071,0.0015329272255447
2016-05-20,0.0061233600078947,0.0107699725596215,0.0059439029502209,0.0061085454156643
2016-05-23,-0.0020402109797868,0.0126275318811315,-0.011723834509078,-0.0086456040838869
2016-05-24,0.0135445384125392,0.015129073512604,0.030705094880737,0.0106356545484725
2016-05-25,0.0069767639395921,0.0174166633939796,0.0102206456383245,0.0058759435054305
2016-05-26,-7.038998608858535e-05,0.0078987179366327,-0.0044222982204446,0.0092183108444112
2016-05-27,0.0044227421754116,-0.0005980325674227,0.0082524113190361,-0.0037416994043554
2016-05-31,-0.0009383892427327,-0.0048946002957479,0.0129134753120473,0.0147037902711743
2016-06-01,0.0012900303735503,-0.0141188588834881,-0.0028346329715048,-0.00464559193033
2016-06-02,0.0029177794395443,-0.007544239145853,-0.0070255502671215,0.0121575051272993
2016-06-03,-0.0028959061264632,0.0020446338060783,-0.0132347526272108,-0.0037144315390856
2016-06-06,0.0048811599454466,0.0072248105389231,0.0065435046999967,0.0016387590449177
2016-06-07,0.0013006053402027,0.0040470410127865,-0.0005755584640838,-0.0041227523733752
2016-06-08,0.0034876820695321,-0.0009090100279809,-0.0011526883935095,0.0039989848518871
2016-06-09,-0.0016680254881241,0.0071504186536423,-0.0081032878317436,0.0013889666414317
2016-06-10,-0.0091584442942496,-0.008262925821612,-0.0027156602015947,-0.0134759503572669
2016-06-13,-0.0078084408806918,-0.0151913633051125,-0.02637442949691,-0.0037260343324246
2016-06-14,-0.0017260430729221,0.0012323915270421,-0.006202029640279,0.0056603382036668
2016-06-15,-0.0017541784222759,-0.0032886839985021,-0.0028135068406954,-0.0070314471593945
2016-06-16,0.0032681489343984,0.0042117144619511,0.0139892805261632,0.0045398151049669
2016-06-17,-0.0084538783608182,-0.0230206222250602,-0.0051729964182221,-0.0156193919147248
2016-06-20,0.0057919449528388,-0.0024156960522109,-0.0011978582867854,0.0107294749395892
2016-06-21,0.0027902705828744,0.0084815181855987,0.0221219776585967,0.0025317708634187
2016-06-22,-0.0016443839360723,-0.003760811881607,-0.0039144791343101,-0.0073190832654695
2016-06-23,0.0132754491170758,0.0057396364566581,0.0178820762372308,0.0160262806369942
2016-06-24,-0.0365689379959736,-0.0284975834983659,-0.0408944937419776,-0.0325423628609719
2016-06-27,-0.0182562727630996,-0.014668311127738,-0.02849739030873,-0.0109328721056075
2016-06-28,0.0178136056454942,0.0167000737952328,0.0206401641515109,0.0237127403682854
2016-06-29,0.0169994329917893,0.0086175888885878,0.0220053271391105,0.0107478822055921
2016-06-30,0.0134570101847228,0.0126318060848166,0.0123882537932901,2.7920237054879965e-05
2016-07-01,0.0021197948351907,0.0030288086351128,-0.0001954150508372,0.0139599023836447
2016-07-05,-0.0067966696599037,-0.0094299055812173,0.0001954150508372,0.003329227625222
2016-07-06,0.0056797074290572,0.0056686255903819,0.0040956117774866,0.0129768828169022
2016-07-07,-0.0007721964190383,0.0042825905847904,0.0,-0.0014110083877887
2016-07-08,0.0151111806028226,0.007683852989815,0.0177474530107318,0.0124666545307735
2016-07-11,0.0034308827005105,0.0030980837646496,0.0055293315798035,0.010629618819643
2016-07-12,0.0069709412270506,0.004526731125321,0.011720579808884,-0.007416834476393
2016-07-13,0.0002233146083851,-0.0056615106935779,0.0056222059128458,-0.007485747708554
2016-07-14,0.0052560835788918,0.0196261751354872,0.0042890325381543,-0.0019274181320188
2016-07-15,-0.0009342824303089,-0.0001011273276465,-0.0007448765872241,-0.0078015890335804
2016-07-18,0.002412003792247,0.0105736387604291,0.0048302336184471,0.0008563177124172
2016-07-19,-0.0014106663353469,0.0004006738814126,-0.0162543332564884,0.0052573933033983
2016-07-20,0.0043752600458636,0.0009008970600072,0.0517546233744138,0.0077675244308326
2016-07-21,-0.0035963317317539,-0.0053165081706905,-0.001969231750953,-0.0017313429380193
2016-07-22,0.0045283175205293,-0.0077744825134781,0.0137046611999747,0.0005774563878747
2016-07-25,-0.0030042964424656,-0.0134695638571997,0.0028246783058706,-0.0070732880550461
2016-07-26,0.000348940637467,-0.0069067465326466,0.0005284401949575,-0.0054501220984014
2016-07-27,-0.0011573445777958,0.0629405386737566,-0.0100931567007858,0.0014671596163792
2016-07-28,0.0016836474994939,0.013411195129541,0.0003558945049492,0.0214071611957151
2016-07-29,0.0016322992775473,-0.0012466075107165,0.0083270489470622,0.0082041720470722
2016-08-01,-0.001267656011112,0.0175023436903475,-0.0017661178604361,0.0116997962502072
2016-08-02,-0.0063450787487346,-0.0149147280959058,0.0,-0.0093698863908465
2016-08-03,0.0034244386277854,0.0124603974529192,0.0068694091292684,-0.0078405124862878
2016-08-04,0.0004623351605113,0.0061584000884496,0.0073450248609374,0.0080903695191734
2016-08-05,0.0085582270255346,0.0150927075684462,0.0098831526704129,0.0068249288837905
2016-08-08,-0.0008160878154371,0.008246752849572,0.0017238738647143,0.0007568873050712
2016-08-09,0.0004240347279552,0.0040516004989035,0.0024083195284648,0.0022803765248754
2016-08-10,-0.0024919387834251,-0.007471786251842,-0.0030973898947012,0.0003253365550742
2016-08-11,0.0048376330498087,-0.0006485382685286,0.0048140849107545,0.0034809490470205
2016-08-12,-0.0007514949074639,0.0023136109945495,-0.0061940354258366,0.0017100147115521
2016-08-15,0.0028961946220093,0.0119455652984505,0.0031020238409494,-0.0052820733505017
2016-08-16,-0.0052980893238335,-0.0009137918506504,-0.0055557222062927,-0.0058074067153111
2016-08-17,0.0021043149946492,-0.0014639565174595,0.0020870529965088,0.0007718867211521
2016-08-18,0.002211938064504,-0.001282677770691,0.0006947430708134,-0.0002223283167419
2016-08-19,-0.0013072467163676,0.0025635541693233,0.0003470084886227,-0.0093969949729364
2016-08-22,-0.0005452328491464,-0.0078026640837833,0.0008675789983676,0.0028612549929986
2016-08-23,0.0019675464504948,0.0031284228930568,0.0038073011942253,0.0039029965508424
2016-08-24,-0.0051804508861133,-0.0075620003252923,0.0010361022498628,-0.0068435352962596
2016-08-25,-0.0013478653681618,-0.0042670399740164,0.0037890352410605,0.0025981406294126
2016-08-26,-0.0015570898586465,-0.0058736435919822,-0.0024098107934296,0.0127994313880439
2016-08-29,0.0053241293972507,-0.001123019919406,0.0012057453742688,0.0029734162880584
2016-08-30,-0.0017870390238803,-0.0077058966321108,-0.0036210720717626,-0.0048216511326751
2016-08-31,-0.0021861695388319,0.0009429975083193,-0.0074554790776279,0.002056249613557
2016-09-01,-2.9812915404633173e-05,0.005919927350616,0.0022596861268886,0.0018963234688499
2016-09-02,0.0042139644731543,0.0093259903869081,0.0013884917565138,0.0023590538852444
2016-09-06,0.0029834950042751,-0.0002787392322592,-0.0010412120027106,0.0210471794608
2016-09-07,9.361566531240966e-05,0.0061096763511891,0.0008674996869557,-0.0055805146889531
2016-09-08,-0.0021751500658249,-0.0265586108911474,-0.0039968484047949,-0.0005355298822451
2016-09-09,-0.0247096032003539,-0.0229100945956617,-0.0214721171660114,-0.0309828956840656
2016-09-12,0.014556465898298,0.0221516279839227,0.0148334757338914,0.0148211090382558
2016-09-13,-0.0145680401252768,0.0235262680269986,-0.0091567606150635,-0.0136772637813198
2016-09-14,-0.0005183090614814,0.0347748502659976,-0.004787461504503,0.0001051704882382
2016-09-15,0.01016813762557,0.0334333702577567,0.0163950681730269,0.0112362197783354
2016-09-16,-0.0088159455037826,-0.0056403174686834,0.0010487774519546,0.0114067933190769
2016-09-19,-1.5182124270709704e-06,-0.011728897895904,-0.0056053535641703,-0.004402576594016
2016-09-20,0.0003100236321101,-8.805567775333854e-05,-0.0021100179566624,0.0065839033737057
2016-09-21,0.0108547199007189,-0.000175829862359,0.0165840784437269,0.0121277949028499
2016-09-22,0.006493387071787,0.0093788811537321,0.0010381464176975,0.0187657846389261
2016-09-23,-0.0057546863119509,-0.0168041503625175,-0.0067678354138868,0.0013039090462868
2016-09-26,-0.0085543783421258,0.001507106577716,-0.0092713859321724,-0.0082122950206082
2016-09-27,0.0064816291137816,0.0018585579418366,0.0182853500968104,0.0209879737686955
2016-09-28,0.0054874379966698,0.0075759215480278,0.0013792244476307,0.0153332160830062
2016-09-29,-0.0093334914107078,-0.0156550217980807,-0.0109156905152842,0.0003980769399342
2016-09-30,0.0079534024550056,0.0077254957230156,0.0034784751365744,0.009913953352302
2016-10-03,-0.0031452059001732,-0.0046990343619573,-0.0031299691207125,-0.0006809593519865
2016-10-04,-0.0048590619529682,0.0042568432284494,-0.0031397772962829,-0.0032440638888801
2016-10-05,0.004700319098868,0.0004421911335077,0.006963796340644,0.0123095473164707
2016-10-06,0.0005061442462181,0.0074028300536111,0.0017333455090732,-0.0032027880333885
2016-10-07,-0.0032378304610863,0.0014915033222869,0.0010385822720743,-0.0026530421429101
2016-10-10,0.0045799728152172,0.0172966361801511,0.0041436141138767,0.0027124230284058
2016-10-11,-0.0125007600019031,0.0021519389831531,-0.0147533604308918,-0.0128057423153381
2016-10-12,0.001229918638662,0.0089026867078,-0.0013998639225217,0.0037114914610344
2016-10-13,-0.0030695347273277,-0.0030727111674196,-0.003332449848287,-0.0057833836903909
2016-10-14,0.0002007426546118,0.0055411558932937,0.0087461132623153,-0.0076503060384462
2016-10-17,-0.0030127711846131,-0.0006803926528166,-0.0034893022321854,-0.0122379900804516
2016-10-18,0.0061177435812189,-0.0006805244906061,0.0076601465241334,0.0057647897385947
2016-10-19,0.0023268571048812,-0.0029843539141355,-0.0022569972798835,4.889503161046049e-05
2016-10-20,-0.0013099770178462,-0.00051217803754,-0.0048788690516162,-0.0090540605130757
2016-10-21,-7.588095091600512e-05,-0.0039372679096388,0.0412340451458138,0.0106426914897045
2016-10-24,0.0047471722578739,0.0089644487216633,0.0222121731927131,0.0230535712328641
2016-10-25,-0.0037655585936154,0.0050869418611583,-0.0001638844393618,-0.0034782228849345
2016-10-26,-0.0017268037231459,-0.0227514220182125,-0.0059202222039929,-0.0151893230753959
2016-10-27,-0.002955386265863,-0.009649109980825,-0.0087799681471817,-0.0051556103106692
2016-10-28,-0.0030456893390859,-0.0066609305749237,-0.0038342130090852,-0.0527374553077297
2016-10-31,-0.0001145251433726,-0.0015840825810977,0.0008348586041853,0.0172402388799305
2016-11-01,-0.0067866312093937,-0.0182204762760054,-0.0020047700239195,-0.0055992222921772
2016-11-02,-0.0063880663060805,0.0008962731891029,-0.0062066497206916,-0.0255982822586544
2016-11-03,-0.0040644302356773,-0.0107762972023135,-0.0037086839363932,0.0019183479360165
2016-11-04,-0.0016513305069217,-0.0090548824129995,-0.0084803757525888,-0.0157419943724032
2016-11-07,0.0219123243734645,0.0143218347718654,0.0287102406096148,0.038810545138384
2016-11-08,0.0042319727045836,0.0058698613106338,0.0008271159391063,0.0035863151542792
2016-11-09,0.0110804936247802,-0.0016218349179804,-0.0049735761652518,-0.0203516566764685
2016-11-10,0.0020686703018773,-0.0282638101892301,-0.0247341142016585,-0.0389679348361224
2016-11-11,-0.0013829189695043,0.0059197551008058,0.0054367170378779,-0.004549761857181
2016-11-14,3.7073966478832514e-05,-0.0254052921670202,-0.0153666612508295,-0.0273527700470724
2016-11-15,0.007638520341234,0.0131569356210353,0.0195547899681027,0.0330602978460406
2016-11-16,-0.001302759884469,0.0265331501220771,0.0131623744920187,0.0043632673789404
2016-11-17,0.0047150184604605,-0.0003638285439145,0.0164605410333555,0.0131880889500167
2016-11-18,-0.0022307722742599,0.0010001417228292,-0.004793903137545,0.0049585743440579
2016-11-21,0.0074104524046461,0.01505955129077,0.0084155153557772,0.0257650085552771
2016-11-22,0.0021955920882286,0.0006263682757645,0.0042630350141501,0.0068100664615477
2016-11-23,0.0008460808923049,-0.0051114923611255,-0.0118500708527957,-0.0066562065037264
2016-11-25,0.0038995143238821,0.0050217987152942,0.0021498502252389,0.0003204121727542
2016-11-28,-0.0051278850957478,-0.0019697824035259,0.0013207997875302,-0.017581278955305
2016-11-29,0.001556776292251,-0.0009862902148497,0.0078882825046297,-0.0055582014419525
2016-11-30,-0.0024387733214679,-0.0084692934542176,-0.0136794820382559,-0.0157957935403571
2016-12-01,-0.003452416682759,-0.0093636088036148,-0.0177470173350899,-0.0092624507323639
2016-12-02,0.0003818191798629,0.003737919228738,0.0008439180614071,-0.004460981034968
2016-12-05,0.0058747384352981,-0.0072144380023479,0.0162387538601007,0.0253664608001634
2016-12-06,0.0034191690090188,0.0076691260062853,-0.0044935381365497,0.0070338068460774
2016-12-07,0.0132191915871531,0.0097746854707406,0.023410324875881,0.007426066931419
2016-12-08,0.0022435184882433,0.0097693108595023,-0.0058833204615848,-0.0040188380668917
2016-12-09,0.0058887121882025,0.016190141544444,0.0156127013948504,0.0017317304570563
2016-12-12,-0.001087194382079,-0.005720524956991,0.0032221160838729,-0.0111723712122992
2016-12-13,0.0066494253635347,0.0165437693084693,0.0129446973689103,0.0185346859286059
2016-12-14,-0.0080431700339252,0.0,-0.0047750836679188,-0.0071541038797481
2016-12-15,0.003903789796079,0.0054542727956954,-0.0015964243436732,-0.0102235923331727
2016-12-16,-0.0076212386866163,0.0012943552208814,-0.0044843411315573,-0.0042534220614814
2016-12-19,0.0019985153579835,0.005760695235547,0.0209665368739642,0.0108022341119351
2016-12-20,0.0037796104050546,0.0026542488698308,-0.0012583394639756,0.0067915588720306
2016-12-21,-0.0024283431253237,0.000939938932165,0.0,-0.0008042962647065
2016-12-22,-0.0017482597836761,-0.0065993858583422,0.0001573574709207,-0.0055434446484096
2016-12-23,0.001339965607744,0.0019756356847838,-0.0048898581690164,-0.0075315399926109
2016-12-27,0.0022510216823506,0.0063309236167558,0.0006322135399728,0.0141126241768933
2016-12-28,-0.0082215915931762,-0.0042729683567447,-0.0045933568404073,0.0009458579540162
2016-12-29,-0.0002556890150856,-0.0002571926451035,-0.0014296471863573,-0.0090810106910985
2016-12-30,-0.0046052286231821,-0.0078262506997733,-0.0121564546508174,-0.0201720348639809
2017-01-03,0.0084747279770293,0.0028450990725944,0.0070558895572737,0.0050546951751476
2017-01-04,0.0059331378232049,-0.0011197012383808,-0.0044843411315573,0.0046464789510239
2017-01-05,-0.000770794240597,0.0050724536511575,0.0,0.0302696184789449
2017-01-06,0.0038215758090767,0.0110865030554507,0.0086304676291159,0.0197159721732191
2017-01-09,-0.0035330236748342,0.0091178391789235,-0.003187969598817,0.0011676994858443
2017-01-10,6.814907391407567e-06,0.0010079844683112,-0.0003191376163509,-0.001280822883012
2017-01-11,0.0029123927892983,0.0053587286370811,0.0090614070433328,0.0039124771878761
2017-01-12,-0.0021261856816203,-0.0041841497685955,-0.0092211016790706,0.0181320064112816
2017-01-13,0.0018367832359664,-0.0017624583759758,0.0014362469656791,0.0042924067043093
2017-01-17,-0.002978668643922,0.0080322078495039,-0.0027150388264791,-0.0091218809643231
2017-01-18,0.00192504512697,-8.338500070055417e-05,-0.0004798679181069,-0.0027701971367345
2017-01-19,-0.0035973149804341,-0.0017515074394746,-0.0032050059993032,0.001930047837273
2017-01-20,0.003390579181457,0.001834892440175,0.0070377794563123,-0.0008779686102837
2017-01-23,-0.0026684518513312,0.0006663639051182,0.0035004112910748,0.0117452600446872
2017-01-24,0.0065408885510351,-0.0009164680253082,0.0088552001429939,0.005559929257848
2017-01-25,0.0079940222127725,0.0157951256652775,0.0025157677826413,0.0169748490001412
2017-01-26,-0.0007169288129195,0.0004923804161022,0.0092222007052169,0.0031390454678806
2017-01-27,-0.0008241390973316,8.187515278966735e-05,0.0232229014791342,-0.0040359712790001
2017-01-30,-0.0059785377529972,-0.0026274045423907,-0.0099303737945347,-0.0064700520466686
2017-01-31,-0.0008871208027092,-0.0023048815580771,-0.0073970909849699,-0.0083441886874118
2017-02-01,0.0005231660492187,0.0591937984364098,-0.0166893690714852,0.0107137626989123
2017-02-02,0.0006246002633266,-0.0017103187173095,-0.0064694010359582,0.0090893646271441
2017-02-03,0.0073095404525211,0.0042700911560878,0.0080411327025971,-0.0360613086691008
2017-02-06,-0.0021096713345858,0.0093301900396923,-0.0006283100489664,-0.0031646667158899
2017-02-07,0.0002728713900625,0.0094724135789949,-0.003305409904449,0.0059994995217191
2017-02-08,0.0009980045692012,0.0038699294357081,-0.0014197750587037,0.0088347049658922
2017-02-09,0.005908987491414,0.0071999231801301,0.0113032700129526,0.002010908170783
2017-02-10,0.0036012816158204,-0.0022680594659509,-0.0009373531895033,0.0073992645440859
2017-02-13,0.0054721131170854,0.0088168476036219,0.0111872203949574,0.0109015916170094
2017-02-14,0.0042780947687219,0.0128953781503414,0.0037237745076414,-0.0001673720205711
2017-02-15,0.0051122954981195,0.0036229091563192,-0.0006197317185368,0.0075159638307379
2017-02-16,-0.0007645104551899,-0.0011814001944001,-0.000154743625575,0.0017074059980991
2017-02-17,0.0016857710261523,0.0027296064841442,0.0015485876293486,0.0011011301862241
2017-02-21,0.0060100407001383,0.0071948483475991,-0.0020138754688378,0.0133647279223404
2017-02-22,-0.0009882891520768,0.0029949999447092,-0.0020178207269723,-0.000969597949145
2017-02-23,0.0005254749731349,-0.0042395481504351,0.0040316961958103,-0.0040051113381034
2017-02-24,0.0017194069538085,0.0009517346079534,0.0,-0.0081888957706004
2017-02-27,0.001153342913177,0.0019738598337943,-0.0060534778951658,0.0040144101896242
2017-02-28,-0.0025435918841767,0.0004383849583152,-0.0038999642139337,-0.0042511047028811
2017-03-01,0.0137146113662794,0.0202328847345187,0.0148932311925854,0.0094693664375438
2017-03-02,-0.0057828878952953,-0.0059548172823991,-0.0144243546052565,-0.0049001562194922
2017-03-03,0.0005227534658519,0.0058832399147521,0.0037422874615133,0.0011419894492643
2017-03-06,-0.0032514725164838,-0.0031522729124083,0.0003111030196992,-0.0038549522966881
2017-03-07,-0.0028406307759367,0.0012908428470697,0.0020208300380797,-0.0006972108693932
2017-03-08,-0.0019814542886644,-0.0037342429001309,0.009119854261471,0.0052814825184512
2017-03-09,0.0008044301768917,-0.0023048318754249,-0.0040087809549478,0.0029351355179223
2017-03-10,0.0032660434989378,0.0033114199833558,0.0030852270323013,-0.0006332836877432
2017-03-13,0.0006887389278092,0.0004315466713597,-0.0033941694099784,0.0024955110634475
2017-03-14,-0.0033227370287583,-0.001509964812815,-0.0046467772386964,-0.0024134460659527
2017-03-15,0.0083235263280502,0.0105209035396555,0.0052646507976464,0.0005159777426928
2017-03-16,-0.0015839453475895,0.0016356866307265,-0.0017002700206137,0.0005274761460562
2017-03-17,-0.0056642334623406,-0.0049872821702656,0.0035520909576597,-0.0013014957005562
2017-03-20,-0.0019853788789256,0.0104459248271185,0.0009244749139824,0.0054525549297752
2017-03-21,-0.0124052694419451,-0.0115184037361028,-0.0111508488407772,-0.0161987110256175
2017-03-22,0.0019202853482625,0.0112352627071368,0.0126896150851345,0.0057472102187894
2017-03-23,-0.0010510973222355,-0.0035415434754396,-0.0024632411583395,-0.000802175299022
2017-03-24,-0.0008542654563601,-0.0019891795628282,0.0016941791877448,-0.0020909759499065
2017-03-27,-0.001020268663061,0.0017048317175569,0.0018452217926088,0.0014299205526655
2017-03-28,0.0072303050398477,0.0205152458988314,0.0029141474916423,0.0107821954676317
2017-03-29,0.0012815741218474,0.0022229781130346,0.0027531148804671,0.0211760885911622
2017-03-30,0.0029568389596248,-0.0013195762901906,0.00365905221765,0.002307724941915
2017-03-31,-0.0022630813136893,-0.0018775928458172,0.0022803115402592,0.0115720794493912
2017-04-03,-0.0016026983024474,0.0002786075414791,-0.0047181470829873,0.005590408530476
2017-04-04,0.0007154524352152,0.007418418666495,0.0027422761334238,0.0170383251111729
2017-04-05,-0.0029591048832849,-0.005193865715177,-0.0025897143013732,0.0026981201428628
2017-04-06,0.0022199855727734,-0.002503160492797,0.0025897143013733,-0.012171253569123
2017-04-07,-0.0008278049240712,-0.0022297758347733,-0.0007611175786598,-0.0037922372512007
2017-04-10,0.000736255156822,-0.0011867724201951,-0.0022864352790011,0.0134969639018252
2017-04-11,-0.0012973633922891,-0.0108144858362808,-0.0007632416763557,-0.0051730191055147
2017-04-12,-0.0037487023365853,0.0011990038584548,-0.0038250545803473,-0.0068164547419121
2017-04-13,-0.0068336947460397,-0.0053026080684671,-0.0043019364188572,-0.0129823820565533
2017-04-17,0.0085643772936904,0.0055146893957881,0.0081269909992044,0.0193886946317146
2017-04-18,-0.0028749886490363,-0.0044519827473707,-0.0013755916125831,0.0019825344600272
2017-04-19,-0.0015778831662069,-0.0036897007083874,-0.0053666130155663,-0.0050804889160658
2017-04-20,0.0075515871121386,0.012433246807767,0.0070474479891551,0.0031756019713901
2017-04-21,-0.0030474048932328,-0.0011940646758106,0.0136468883881722,-0.0039210087381304
2017-04-24,0.0107913189310624,0.0095835051532826,0.0168751396381784,0.0098343154958177
2017-04-25,0.006064719602198,0.0061769575678953,0.0057583347581773,0.000231445211305
2017-04-26,-0.000475325111759,-0.0058987586646244,-0.0013257234161154,0.0018382643629963
2017-04-27,0.0006563848430163,0.0007653559156952,0.0064660329649746,0.0099471513464044
2017-04-28,-0.0019078264398483,-0.0009742290144749,0.0027790856481652,0.0071717000959597
2017-05-01,0.0017332769598819,0.0201918344615721,0.0137812170502454,0.02481414112716
2017-05-02,0.001187853475429,0.0063245006298338,-0.0015861378329713,-0.0013613345640049
2017-05-03,-0.0010653990596322,-0.0030554236434223,-0.0031794484739203,-0.0062607556580728
2017-05-04,0.0006363219643215,-0.0036104899073661,-0.0039165578559253,-0.0037262415483335
2017-05-05,0.0040731881600482,0.0164476443241177,0.0027576711729248,-0.0036117110940794
2017-05-08,0.0001526855888744,0.0268254447786697,-0.0008700313999035,0.0158139224470013
2017-05-09,-0.0009794914426523,0.0063848162979077,0.0014495478351587,0.0039750402416795
2017-05-10,0.0015093050545149,-0.0047522206649428,0.003903251543997,-0.0040699195634517
2017-05-11,-0.0018455383102519,0.0086113509597982,-0.0123395120396055,-0.0014024689117882
2017-05-12,-0.0014649873447168,0.0138689493952009,-0.001169340307102,0.0143849683031354
2017-05-15,0.0048731849636824,-0.0025656517451057,0.0007309481069547,-0.0035221260594589
2017-05-16,-0.0004843626298168,-0.0014785289235102,0.0199350026817856,0.0084198746947313
2017-05-17,-0.0179795951706385,-0.0341523403798441,-0.0281995938092494,-0.0223054102427168
2017-05-18,0.0036858215968117,0.0151262531035898,0.0034025635597513,0.0144282236481174
2017-05-19,0.0067317769219633,0.003403092741447,-0.0002953260726347,0.0014074952784928
2017-05-22,0.005149415632939,0.0060581149525673,0.0111648052547478,0.0112199505712402
2017-05-23,0.0018468959832299,-0.0012346384249433,0.0033549013859243,0.0008958661001917
2017-05-24,0.0025133674478795,-0.0029956370564056,0.0013091387619232,0.0090272501501635
2017-05-25,0.0045589974314784,0.0034506549359063,0.0122847758260041,0.0132035578971259
2017-05-26,0.000433120993893,-0.00169098805717,0.0048716468832987,0.002413120276548
2017-05-30,-0.001047030025503,0.0003902405039225,0.0064117121466913,0.0009234321703333
2017-05-31,-0.0003066734935876,-0.0059394658028953,-0.0081284420299754,-0.0020890673505444
2017-06-01,0.0076313040134732,0.0027456868492196,0.0037156960309725,0.0013363410459646
2017-06-02,0.0036949711862846,0.0147105608231068,0.0234045343693009,0.0107656182938812
2017-06-05,-0.0011805657553802,-0.0098263698498428,0.007220336905112,0.0045687890557021
2017-06-06,-0.0027769250465749,0.0033725243024286,0.0033146789621791,-0.0082806551099015
2017-06-07,0.001770014876727,0.0059392129545306,-0.0017940228392674,0.0070241261233051
2017-06-08,0.0002935214184784,-0.0024487201203351,-0.0060965332149755,0.0001979468769553
2017-06-09,-0.0008382524643101,-0.0395489097980949,-0.0229153985532501,-0.0321462871746462
2017-06-12,-0.0009087792462608,-0.0241858367354903,-0.0077088796085191,-0.013791801654329
2017-06-13,0.0047335459256394,0.0080132774726347,0.0123908230900734,0.0163235777495513
2017-06-14,-0.0009172462792286,-0.0098025834134266,-0.0053931804833569,-0.0044143209206525
2017-06-15,-0.0020506472614151,-0.0060117545024196,-0.0052795617880612,-0.0126764412317916
2017-06-16,-0.0045833610076228,-0.0140985823178397,0.0014300945314033,0.0241215452815993
2017-06-19,0.0083199861428298,0.0282061753174613,0.0123515340336857,0.0075243838466661
2017-06-20,-0.0067113042432209,-0.0091299960819082,-0.0136382897143609,-0.0025958480387362
2017-06-21,-0.0004968162374495,0.005913130871164,0.0051362229373331,0.0096650875222725
2017-06-22,-0.0004509518637839,-0.0016464001284875,-0.0001424809896704,-0.0009283814827647
2017-06-23,0.0015487859279602,0.0044530365402914,0.0134309476566204,0.0024338878315211
2017-06-26,0.0003239880064547,-0.0031494129769971,-0.0095954659959249,-0.0097711967203117
2017-06-27,-0.0080975205109385,-0.0144367432257971,-0.0188927124163218,-0.0174556378090891
2017-06-28,0.0089617861889453,0.014505395727055,0.008488721991479,0.0137767326816239
2017-06-29,-0.0086036278777278,-0.0148531580732015,-0.0189464395480458,-0.0146473177006737
2017-06-30,0.0015798589659819,0.0023638010771719,0.0064036640922916,-0.0081587544239034
2017-07-03,0.0023903261077544,-0.0036167597432893,-0.0110866247299443,-0.014924935775899
2017-07-05,0.0016451992234541,0.0041026691145353,0.0132610260913456,0.0184311370886532
2017-07-06,-0.0090416722909147,-0.009483775867548,-0.007410498739545,-0.006465161375206
2017-07-07,0.0063793571066781,0.0101080048537238,0.0128959065254085,0.0140132958300456
2017-07-10,0.0009245510532786,0.006084902781403,0.0074585466872943,0.0179326096060983
2017-07-11,-0.0007740726478063,0.0032348870445595,0.0001424467357487,-0.00235107104124
2017-07-12,0.0073515551171426,0.0014422649827526,0.0164381573585372,0.0123761775189193
2017-07-13,0.0018963011507912,0.0138326284957845,0.0086762421706405,-0.0058590598599998
2017-07-14,0.0046594487005009,0.0085575098570627,0.0139744865205226,0.0011785223157762
2017-07-17,-2.2107489367590247e-05,0.0034829557025179,0.0078018258934538,0.0081815503042507
2017-07-18,0.0006136434177429,0.0034705824751945,-0.000682305087673,0.0141659689829191
2017-07-19,0.0054291166042219,0.0062441015418605,0.0076107144817385,0.0023594184913313
2017-07-20,-8.770365511017413e-05,-0.0045127490358465,0.0048625443265593,0.0017805868944588
2017-07-21,-0.0003632931796528,-0.0004660165988969,-0.0058104354215289,-0.0029498115121461
2017-07-24,-0.0010389811560435,0.0120387171506049,-0.002578551734337,0.0128644721786272
2017-07-25,0.0029126067840315,0.0042650813765624,0.0079845905089163,0.0008851560767877
2017-07-26,0.0002800128347641,0.0047026451487777,-0.0018887785505986,0.0123575572518249
2017-07-27,-0.0008655586935688,-0.0190783170530009,-0.0120919213757069,-0.006479916069683
2017-07-28,-0.0013170350311931,-0.0070653257127985,-0.0016415792807381,-0.0251315239158072
2017-07-31,-0.0007243811486042,-0.005163812314422,-0.0046659757434039,-0.0321371007006163
2017-08-01,0.0024434348066611,0.0088358499421844,-0.0016517358827811,0.0084780417088463
2017-08-02,0.0006783177035858,0.0461686852894541,-0.00441849896786,-0.0003012730435221
2017-08-03,-0.0019935962700807,-0.0100413363972772,-0.001523619272495,-0.0090477668378646
2017-08-04,0.0018951297494788,0.0052570479005525,0.0073189804955808,0.0006685439397585
2017-08-07,0.0016703262405832,0.0153556089237502,-0.0038598399478962,0.0047376808596652
2017-08-08,-0.0022877085524833,0.0079649820274612,0.005371910047224,-0.002451893403863
2017-08-09,-0.0002499927695964,0.0061033416521679,-0.0044058292706177,-0.0079418832417839
2017-08-10,-0.01417276861957,-0.0323696670833749,-0.0147347090439674,-0.0258816365764527
2017-08-11,0.0013320600429714,0.0138106023238991,0.015149030788273,0.0115019836746747
2017-08-14,0.0100044435706162,0.014937356620141,0.0149223982063722,0.015692484158339
2017-08-15,-0.0002669410817622,0.0108885359054663,0.0002727125303216,-0.000569673052177
2017-08-16,0.0016938191393084,-0.0040305790297271,0.0058561012488096,-0.0046509068939877
2017-08-17,-0.0154483066722983,-0.0193850128812583,-0.0171179127214422,-0.0181668439175249
2017-08-18,-0.0018138594161977,-0.002283042067065,0.0012420935399799,-0.0021885951707531
2017-08-21,0.0011815228535088,-0.0018430099697679,-0.0047013490882444,-0.0054190825441205
2017-08-22,0.0098827033690676,0.0162151004337312,0.0139014824508741,0.0141759176269447
2017-08-23,-0.0033585454208271,0.0012510099918802,-0.0060321508047681,-0.0092472784496509
2017-08-24,-0.0020510383053929,-0.0044476881651848,-0.0004123625194647,-0.0058101865413286
2017-08-25,0.0017725267826738,0.0036972806248328,0.0017866600496853,-0.007577611256253
2017-08-28,0.0005258273450343,0.0100210659396698,0.0001369512155425,0.0008036674093115
2017-08-29,0.0009735327761846,0.0088786007538038,0.0030166967251912,0.0084628522530751
2017-08-30,0.0048362608762717,0.002697109618036,0.0130558448174392,0.0140819229139494
2017-08-31,0.0057113785355467,0.0039712701892864,0.0102166438897595,0.0133561443181889
2017-09-01,0.002092453735482,0.0003048878837628,-0.0111628197844535,-0.0023993886202786
2017-09-05,-0.0075519593401876,-0.0120809195345354,-0.0044728678552018,-0.0133573652507686
2017-09-06,0.0031169030319287,-0.0010498188079279,-0.0028568986601159,0.0026175787433821
2017-09-07,4.3123369692820594e-05,-0.0040224255199945,0.0127249084967868,0.0119861549311918
2017-09-08,-0.0014455001478099,-0.0164436348384357,-0.0048544749868611,-0.0139513208518882
2017-09-11,0.010740962249318,0.0179306087241849,0.0104881925203278,0.0124084811790676
2017-09-12,0.0034030779059473,-0.0039705841808112,-0.0010704509553269,0.0047130571219629
2017-09-13,0.0007698366821817,-0.0075507033117488,0.0070718745385161,0.0171733928866718
2017-09-14,-0.0007780636166127,-0.0086180491982168,-0.0058674633136713,-0.0074204205314547
2017-09-15,-0.0029835407323412,0.0100577436289424,0.0071960624150112,-0.0054775275911951
2017-09-18,0.0014924845113476,-0.0075970561020805,-0.0019941137231541,-0.0128509148809483
2017-09-19,0.0011171372056612,0.0003780345830683,0.0037187707756238,-0.0044546047732395
2017-09-20,0.0006318374023249,-0.0168999033874293,-0.0066496483484836,0.0034481550528057
2017-09-21,-0.0030136949328763,-0.0173207737211495,-0.0097891657606749,-0.0088345864536008
2017-09-22,0.0006670703842015,-0.0098272668950163,0.0026916200920508,-0.0099492318022569
2017-09-25,-0.0022266033994984,-0.008861495768072,-0.0155756675999832,-0.0161596644933259
2017-09-26,0.0001494738466155,0.017057465792244,0.0,-0.001267000127264
2017-09-27,0.0040730550454705,0.0070925243167648,0.0080212661074719,0.0129879305952432
2017-09-28,0.0014032172249792,-0.0061786325245802,0.0002707652301937,0.0057989016286092
2017-09-29,0.0037190261424701,0.0054652463948665,0.008358070769388,0.0051623318382531
2017-10-02,0.0038745768008189,-0.0020135409260842,0.0016097288887249,-0.0022494099688514
2017-10-03,0.0021927315899113,0.0043465941154285,-0.0047020863841452,-0.0021812782517108
2017-10-04,0.0013081790078922,-0.0064944679038519,0.0057735412483914,0.0086864139709583
2017-10-05,0.0057929520276611,0.0123678479280752,0.0169927832866528,0.0158252495025754
2017-10-06,-0.0007672908357905,-0.0005794353114227,0.0003946616488453,0.0088610680127211
2017-10-09,-0.0018106271497008,0.003470986293654,0.0038084960398183,0.0014238327736033
2017-10-10,0.0023403032554087,0.0003851981897744,0.0,-0.0038317700512767
2017-10-11,0.0018095433198457,0.0041607595397219,0.0017027330260699,0.0078700637481503
2017-10-12,-0.0016009680162025,-0.0035195189857983,0.0091179884884629,0.0059421296228933
2017-10-13,0.0008946585348843,0.0063256415503784,0.0047862180013065,0.0020060789113722
2017-10-16,0.0017648117768494,0.0182417928215086,0.0020627719248706,0.0033843399080949
2017-10-17,0.0006671851537346,0.0036835717873208,-0.0007731417132012,0.0027685867085666
2017-10-18,0.0007812410079312,-0.0044344754542578,0.0002578127569044,-0.0120931424680436
2017-10-19,0.0004094540919015,-0.0239447132230791,0.0038579903815563,-0.0104758647303495
2017-10-20,0.0051563824315811,0.0017292696181811,0.0114854351489566,-0.0037573056153257
2017-10-23,-0.0039492102121942,-0.0005120624866205,0.0002539180635357,-0.0170432351880444
2017-10-24,0.0016375926429433,0.0059374803750066,0.0003803595728423,0.0098857568518519
2017-10-25,-0.0046672864667247,-0.0044017799267178,-0.0029207588622248,-0.0030685006823815
2017-10-26,0.0012684960873927,0.0063730866533021,0.001652102333148,-0.0004935281437837
2017-10-27,0.0080141135829818,0.0352030630165509,0.0621469573983726,0.1241306882634802
2017-10-30,-0.0031148534534806,0.0222587652386622,0.0009540879646386,0.008952026426213
2017-10-31,0.0009752048666449,0.0138196105196233,-0.0084995583218535,-0.0050267915048774
2017-11-01,0.0015872723996442,-0.0128001917334218,0.0,-0.0014486820121728
2017-11-02,0.0003006599213594,0.0072834612594271,0.0104051232384521,-0.0086082521271507
2017-11-03,0.0031706218136833,0.0257788741152625,0.0010703035103967,0.0157586924735792
2017-11-06,0.0013439200234305,0.010093494701991,0.0039140997846938,0.0081173604368916
2017-11-07,-0.0001924953210665,0.0032086528712495,-0.0023705904904048,0.0022372470304716
2017-11-08,0.0014567911345002,0.0081471569786429,0.0034353839368051,0.0086080182490455
2017-11-09,-0.0035184652675284,-0.0020450877524705,-0.0055736513457841,-0.0033156381882854
2017-11-10,-0.0005436568411314,-0.0033149670007942,-0.0026194151493245,-0.0033533084715365
2017-11-13,0.0009955462293754,-0.0040154249523512,0.0007150655144758,0.003388715635908
2017-11-14,-0.0021500811669607,-0.0152331828571112,0.0014288042391417,0.0067696165146143
2017-11-15,-0.0052935825477727,-0.0132776349803485,-0.0078026803199728,-0.0089683531570597
2017-11-16,0.0084588596109439,0.0118762395697266,0.0026476507864459,0.0093640913230789
2017-11-17,-0.0025482043540077,-0.0055679498048352,-0.0096618694560382,-0.0065367895495727
2017-11-20,0.0013035018142443,-0.0009996332588597,0.0015760497476572,-0.0031646475468966
2017-11-21,0.0065076930252939,0.0184199014713099,0.0143165371604586,0.0116340091874955
2017-11-22,-0.0006661965012949,0.0104570503085347,-0.0073130289289553,0.0145233753439622
2017-11-24,0.0020851570903017,5.7081103330768656e-05,0.0018028842585524,0.0254821320336327
2017-11-27,-0.0002718159382547,-0.0050421715458451,0.0073001985572545,0.0082542212451717
2017-11-28,0.0098093677715092,-0.0058763837436199,0.0119701275085205,-0.0018665544899394
2017-11-29,-0.0002326103337093,-0.0209611068975916,-0.0183097254074255,-0.0274597338720461
2017-11-30,0.008485994143289,0.013886992415839,0.0099099301067876,0.0132422186957278
2017-12-01,-0.0019865361864932,-0.004665898117387,0.001068892532053,-0.0123126173951091
2017-12-04,-0.0010222561607576,-0.0073349142100436,-0.0384710053236107,-0.0247367405481224
2017-12-05,-0.0036889609378725,-0.0009426453348543,0.0062701763480159,0.0066974130608545
2017-12-06,-9.099327520742085e-05,-0.0037207992415676,0.0144798857644487,0.0093988451656987
2017-12-07,0.0030812307434287,0.0018329386936958,-0.0035090820548056,0.0064355841834291
2017-12-08,0.005560781907806,0.0002948021908543,0.0200422439108059,0.0019037042485193
2017-12-11,0.0031819227650191,0.0192967497959265,0.0126339986287242,0.0059376044726057
2017-12-12,0.0015735342377051,-0.0056333867255044,0.004098071837837,-0.0032904399585941
2017-12-13,-0.0004281272574804,0.0033143362457219,-0.0026914571732528,-0.0008157444182442
2017-12-14,-0.00389393122902,-0.0002904043013818,-0.0077626790048155,0.0086641348927202
2017-12-15,0.0038843261113651,0.0101100192240103,0.0251849515625525,0.004147197171253
2017-12-18,0.0053869456132589,0.0139845120631888,-0.0054262985902254,0.0096551903784917
2017-12-19,-0.003217243914164,-0.0107133508783778,-0.0063875797239842,-0.0026913841994318
2017-12-20,-0.0006989246791242,-0.0010892795262072,-0.0036183451605336,-0.008253712817799
2017-12-21,0.0019852473642251,0.0037782091258993,-0.0002338493013141,-0.002431615138052
2017-12-22,-0.0004644351615101,0.0,0.0001169252105321,-0.0054628154129276
2017-12-26,-0.0010132035320334,-0.0256973481201443,-0.0012869927035657,0.0071638772642222
2017-12-27,0.0008587078853962,0.0001758885723119,0.00362323155001,0.0046629277966425
2017-12-28,0.0020163293511586,0.002809795061973,0.0001164509289309,0.0032427700158953
2017-12-29,-0.0051381416075012,-0.0108724919852504,-0.0021017828476712,-0.0141199764298076
2018-01-02,0.0082989865820504,0.0177463028874206,0.0047816379744606,0.0165703904789235
2018-01-03,0.0063664786993906,-0.0001743655521037,0.0046430959598182,0.0126944013374642
2018-01-04,0.0042258599572887,0.004634275296095,0.008762542305887,0.0044660297735172
2018-01-05,0.0069930400702882,0.011320899964847,0.0123220331721114,0.0160332949055845
2018-01-08,0.0016741449485477,-0.0037211652510488,0.0010200112030366,0.0143216248638832
2018-01-09,0.0016025616082288,-0.0001146443816477,-0.0006800459564294,0.004664810954321
2018-01-10,-0.0011014379755554,-0.0002294983090799,-0.0045443682862547,0.0013003596037533
2018-01-11,0.0070808716843759,0.0056641348921612,0.002956264777787,0.0176614087934048
2018-01-12,0.0067141120009403,0.010273379758496,0.0171097319002388,0.0220933580495342
2018-01-16,-0.0035092933908709,-0.0050953589528525,-0.0140491115956298,-0.000260622366641
2018-01-17,0.0093538325766699,0.0163814582791523,0.0200580098888508,-0.0075849988655301
2018-01-18,-0.0015269048047981,0.0008931373966811,-0.0004437739224922,-0.0012981395159202
2018-01-19,0.0043890738272218,-0.0044729258980114,-0.0011105714486159,0.0009737007909821
2018-01-22,0.0080373067737729,-0.0082146273417898,0.017730677736825,0.0249680963549104
2018-01-23,0.0022043683987504,0.0002260806032556,0.0031607405973207,0.0261962374625536
2018-01-24,-0.0005582407959601,-0.0160569607024524,-0.0008710983463362,-0.0036983920312772
2018-01-25,0.0006001375985073,-0.018012167438815,0.0055391549022578,0.0149446747358578
2018-01-26,0.0117689876702719,0.002334655066703,0.0185637791961012,0.0173385926307837
2018-01-29,-0.0066819001787068,-0.0209154935242243,-0.0014895988612968,0.011086309428228
2018-01-30,-0.0108787075022681,-0.0059116176235545,-0.0126435936730788,0.0141062886938145
2018-01-31,0.0005069097950996,0.0027510446613965,0.0241826628868514,0.0090491251098397
2018-02-01,-0.0004489113890968,0.0020882744377013,-0.0079254487544443,-0.0428734416686736
2018-02-02,-0.0213415569679652,-0.0443596935965706,-0.0266626083301367,0.0283357035099528
2018-02-05,-0.0417638795864596,-0.0253013974730023,-0.0420576519466423,-0.0283357035099529
2018-02-06,0.0173642700126922,0.0409415132182061,0.037142455803595,0.0373096186674973
2018-02-07,-0.0049705266954448,-0.0216393792868925,-0.0190124489731793,-0.0182267170912653
2018-02-08,-0.0380354138028831,-0.0279023400022533,-0.0526977333306429,-0.0479117248496398
2018-02-09,0.0150997550014127,0.0121572914033405,0.0366111927518101,-0.0081038171417917
2018-02-12,0.0138128215439995,0.0394890788829046,0.0107157327488031,0.0342167398665
2018-02-13,0.002656626332453,0.0099677230238873,0.007822902461697,0.0201953630548513
2018-02-14,0.0135662316260852,0.0182692085997949,0.015537097609214,0.0255041950871529
2018-02-15,0.0121969728572409,0.033026969566159,0.0201675943306104,0.0073537433830284
2018-02-16,0.0004533467055325,-0.0032424976429192,-0.0071485729045231,-0.008981420706525
2018-02-20,-0.0057736349525704,-0.0033691421422097,0.0077956554949239,0.0134796348431946
2018-02-21,-0.0054722055036791,-0.0045491582777671,-0.0133546747801869,0.0098738086860635
2018-02-22,0.0010476693349303,0.0083243622967942,0.002620082286577,0.0016305044056134
2018-02-23,0.0159003241626793,0.0172417652604162,0.0250832808218932,0.009821432760884
2018-02-26,0.011769986037014,0.0195791703510998,0.0143553359353464,0.0145273518446807
2018-02-27,-0.0126019861852579,-0.0032458249270114,-0.0128680632684876,-0.006572423023904
2018-02-28,-0.0110141689256957,-0.0015148373942854,-0.0045752121203377,0.0003107891491
2018-03-01,-0.0132167865372155,-0.0176716144391302,-0.0098596133640213,-0.0126419329790452
2018-03-02,0.0051276006220033,0.0068906230400426,0.0021516909989973,0.0045428277951537
2018-03-05,0.0109381037529117,0.0034554759696608,0.0063208968253941,0.0154507456022144
2018-03-06,0.0026795837858776,-0.0008485197601509,-0.0034234190629142,0.0091663589950931
2018-03-07,-0.0004152067303216,-0.0093261158823267,0.0057698220824151,0.0047750848582512
2018-03-08,0.0047032191921083,0.0108532099861163,0.0060543918414409,0.0044303269324493
2018-03-09,0.0171816900122041,0.0170352004487494,0.0220990032446868,0.0172678818886583
2018-03-12,-0.0012698043311124,0.0096211692098485,0.0023794310599128,0.0122747784906902
2018-03-13,-0.0063019569636164,-0.0096767875838158,-0.0246900972935618,-0.0064082289133518
2018-03-14,-0.0054473971232083,-0.0085379421797241,-0.0059493681772077,0.0017741183196253
2018-03-15,-0.0007173476061696,0.0011765845860391,0.0035102147391876,-0.0054707004957688
2018-03-16,-0.0022703136479477,-0.0035327302035573,0.0044497036449241,-0.0067469756275886
2018-03-19,-0.0142919660082509,-0.0153974089598395,-0.0182415450616025,-0.0171665349556335
2018-03-20,0.0014970551838675,-0.0003423556452967,0.0025804717756966,0.0265580592155669
2018-03-21,-0.0017438654917078,-0.0229152654965241,-0.007004056488793,-0.0029352400633918
2018-03-22,-0.0254411533915541,-0.0142302135498816,-0.029518815991483,-0.0236292401758493
2018-03-23,-0.0211788612138064,-0.0234290305860492,-0.0294987521876853,-0.0324714363209657
2018-03-26,0.0267989872709619,0.0463794286729646,0.0729768628386682,0.0395277159164353
2018-03-27,-0.0174300880820355,-0.0259752981474497,-0.0470482115276937,-0.038531916187657
2018-03-28,-0.0027508159741077,-0.0111105667794783,-0.0008947652722829,-0.0448295737855415
2018-03-29,0.0137159442013251,0.0077780525860567,0.020813566388914,0.011060402906907
2018-04-02,-0.0225817351132728,-0.0065779086800059,-0.0305934978110807,-0.0534650631148025
2018-04-03,0.0125760082185603,0.0102070648607711,0.0133534963128633,0.0145152107951766
2018-04-04,0.0115674252688303,0.0189418196645369,0.0287869528771061,0.0132164253813877
2018-04-05,0.0069738970910934,0.0069106104388115,0.0005414054033441,0.0287758322669208
2018-04-06,-0.0221365976386376,-0.0259118516694913,-0.0235487894297167,-0.0325688050648456
2018-04-09,0.003621080663925,0.0098692233431709,0.0059669089546902,0.0006047572398657
2018-04-10,0.0165982834733207,0.0186431855068166,0.0229795632140581,0.0212089154598914
2018-04-11,-0.0054975005132156,-0.0046861278337062,-0.0110426268643905,-0.0064052300197003
2018-04-12,0.0083348207727163,0.0098102388809697,0.0185511653545938,0.0149191892112415
2018-04-13,-0.0028828662438056,0.0033821997230931,-0.0053574614272563,-0.012301882303011
2018-04-16,0.0080938730984268,0.0062190655007598,0.01164223908224,0.0074574991265928
2018-04-17,0.0105820653838246,0.0136701135808734,0.0199753154182113,0.0423309641524047
2018-04-18,0.0008303656165984,-0.0022468775619306,0.0038441940237302,0.0158397864135884
2018-04-19,-0.0056092966650378,-0.0287491694705553,-0.0034276471873731,0.0188481021360912
2018-04-20,-0.0085192609007043,-0.0418351691796571,-0.0116165656007704,-0.019077236151258
2018-04-23,5.492295135059597e-05,-0.002900803320014,0.0036772367865027,-0.0063243912703914
2018-04-24,-0.0134280237094751,-0.014017023156111,-0.0236651118089913,-0.0388033303997008
2018-04-25,0.0018308446734911,0.0043475517016681,-0.0087368243034946,5.476224721088057e-05
2018-04-26,0.0103628944609276,0.0034775067560964,0.0209046049323659,0.0388145140909033
2018-04-27,0.0011578672557169,-0.011637599615639,0.0164144403916,0.0353756124418491
2018-04-30,-0.0081784513690074,0.0179504067682972,-0.024296079595628,-0.0041353336510447
2018-05-01,0.0025453223313538,0.0229705361771675,0.0157017335976451,0.0102465456442576
2018-05-02,-0.0072218416076384,0.0432272120216956,-0.015808497890188,-0.0079824024557606
2018-05-03,-0.0021484632661843,0.001810343403285,0.0059707752536567,0.0015277427382182
2018-05-04,0.0128805317638666,0.0384834103085976,0.0115206656661533,0.0056264124150329
2018-05-07,0.0034616593079575,0.0072089828314618,0.0110772777058376,0.0120652305890471
2018-05-08,-0.0002507509738,0.0047951438177334,-0.0042700762005415,-0.004855155678077
2018-05-09,0.0097345827773236,0.0070165117981728,0.011725091163145,0.0097551758970152
2018-05-10,0.0095255921457652,0.014202498711187,0.0099563270912257,0.000671416323943
2018-05-11,0.002043092555071,-0.0038106945895119,-0.0021470399947871,-0.0038418846337314
2018-05-14,0.0009269734844547,-0.0023355445409573,0.0033721227846019,-0.0008550235190492
2018-05-15,-0.0067976404230777,-0.0091300635560045,-0.0072690554164286,-0.0159995731345564
2018-05-16,0.0043156993995034,0.0092893558101161,0.0025767519957651,0.0070557036347326
2018-05-17,-0.0005647438121919,-0.0063439009319022,-0.0100347855819007,-0.0034837210997077
2018-05-18,-0.0025554269218265,-0.0036428768678162,0.0018698315678467,-0.0046829463547588
2018-05-21,0.007358891825687,0.0070599095491048,0.0127860840467954,0.0070194570381551
2018-05-22,-0.0031163068527747,-0.0025080015398015,-0.0010248872132684,-0.0025640932327337
2018-05-23,0.0032523734335713,0.0063911839506617,0.0118269234994426,0.0128549483821057
2018-05-24,-0.0019828210103631,-0.0011156064143582,-0.0035537233422553,0.0007550991876506
2018-05-25,-0.0022461497515332,0.0022826693522932,0.000508515047214,0.0044067641339481
2018-05-29,-0.0115601505626799,-0.0036123522917767,-0.0035648197607781,0.001687870772678
2018-05-30,0.0127451834594229,-0.0021310695487255,0.0095453596604801,0.007424895743183
2018-05-31,-0.0066607146740418,-0.0033659768169104,-0.0011123723986355,0.0029067867497075
2018-06-01,0.0108551555428545,0.0178735293565659,0.0195368255183808,0.007287966545834
2018-06-04,0.0044777179444888,0.0083232469852487,0.0086929790661698,0.0143523622376511
2018-06-05,0.0007617499315171,0.007685510965007,0.0051016909883509,0.0184916242258005
2018-06-06,0.0085303093574785,0.0034597921230424,0.0029312328771016,-0.0003537513775799
2018-06-07,-0.0005345177174655,-0.0026842862649056,-0.015833465725784,-0.0038109026660178
2018-06-08,0.0031387949690094,-0.0091390991762085,0.0074070343873492,-0.0031482051528727
2018-06-11,0.0010684973208898,-0.0024546010502793,-0.0057231808307331,0.0030417056629543
2018-06-12,0.0017701227499683,0.0054756632087965,0.0025696810393967,0.0056849913834838
2018-06-13,-0.0039793514993432,-0.0082511329588748,-0.004551136118821,0.0035902625193097
2018-06-14,0.0027541417283501,0.0005245348244257,0.00563616162965,0.0110830250468994
2018-06-15,-0.0053984842182233,-0.010326151683871,-0.0128007196031735,-0.0045874556539586
2018-06-18,-0.0021137583317406,-0.0005293128443994,0.0072637683221923,0.0045468250795037
2018-06-19,-0.0039839308005436,-0.0162920796113992,0.0,0.0063552376734889
2018-06-20,0.0017011829545425,0.0043526449830575,0.0099641927887858,0.0087808971717126
2018-06-21,-0.0062603049361571,-0.0055920776167417,-0.0071917324320834,-0.0114128871470976
2018-06-22,0.0018726072587916,-0.002915683974652,-0.0072438177402291,-0.0084449046358539
2018-06-25,-0.0137995905898007,-0.0149830646940924,-0.0203228718477562,-0.0310902799321308
2018-06-26,0.002191811377618,0.0123293600170247,0.0069884542082319,0.0166598493599897
2018-06-27,-0.0086333820220406,-0.0014648756690506,-0.0156651447413755,-0.0182485079995822
2018-06-28,0.0062783740559218,0.0072500532839446,0.0111130271972941,0.0243561042348858
2018-06-29,0.0008148648280586,-0.0021043706752812,-0.0002029929577172,-0.0009702786501752
2018-07-02,0.0030890652869071,0.0111202592196522,0.0140978174636481,0.0081909186717467
2018-07-03,-0.0049702662576422,-0.0175698929845169,-0.0096453078278696,-0.011632532635072
2018-07-05,0.0088056099440032,0.0080147280077831,0.0071424103122516,0.0034005023983808
2018-07-06,0.0084924398402783,0.0137668322371284,0.0139361101725186,0.0063922851147623
2018-07-09,0.0090556564998682,0.0137898035261248,0.006797814982486,0.0164599430656277
2018-07-10,0.0034753500341527,-0.0012076773112455,0.0026474254971713,0.0023262706304079
2018-07-11,-0.0071073968093519,-0.0130610828552501,-0.0013719716037394,0.0068208961217671
2018-07-12,0.0087833810029376,0.0166267591959086,0.0214395029932956,0.0234382761036766
2018-07-13,0.0010713612081677,0.0015695163332874,0.0118308570365682,0.0090923126799382
2018-07-16,-0.000980640768453,-0.0021974365848357,-0.0049442993719149,0.0052042083197394
2018-07-17,0.0039681799272335,0.0028244179392269,0.0098644937366508,0.0116955419774323
2018-07-18,0.0021525263591481,-0.0054994893169142,-0.0078648326437101,-0.0005478823314821
2018-07-19,-0.0038499903477728,0.0077428568234323,-0.0068727532595954,-0.0163849402223517
2018-07-20,-0.0009138240535319,-0.0022956283780066,0.0177534291580145,0.0004025621420945
2018-07-23,0.0018312959290247,0.0008876688417024,0.0158704362057641,-0.0064717985982885
2018-07-24,0.0048027490481371,0.0072280697757987,-0.0028754922257415,0.0150034211901331
2018-07-25,0.0090446550604218,0.009386085244767,0.0290196522516501,0.0186148657983101
2018-07-26,-0.0030282174362205,-0.0031363699829164,-0.0109777258611173,-0.0302941398831524
2018-07-27,-0.0065723904300869,-0.01677135506147,-0.0178559857838247,0.0051141238851156
2018-07-30,-0.0056758086412011,-0.0056183787438544,-0.0216860615978193,-0.021160353201734
2018-07-31,0.0048930724026694,0.0019987713498492,0.0067156918047678,-0.0010009054217092
2018-08-01,-0.0010483283665896,0.0572405470241739,0.0018837158909432,0.011039033828793
2018-08-02,0.005000809729439,0.0288116627003345,0.0120645115920237,0.0204660981297301
2018-08-03,0.0047466549588537,0.0028890152191483,0.0043598174542403,-0.0060367527346001
2018-08-06,0.0036143917665886,0.0051789937195165,0.0008325654662342,0.0133261216314593
2018-08-07,0.0028189584504667,-0.0094189708403631,0.006912122580753,0.0079402934863257
2018-08-08,-0.000234888176202,0.0006755975740831,0.0055869690637151,0.0128248759059026
2018-08-09,-0.0011832774367921,0.0078341739312005,0.0016425691515854,0.0063408472672385
2018-08-10,-0.0068256418971581,-0.0029831171314349,-0.0061279548865632,-0.0064574072953237
2018-08-13,-0.003991490833276,0.0064361555195878,-0.0072741385348193,0.0052346028318237
2018-08-14,0.0064362569165401,0.0042042163083611,0.0123985074564065,0.0122909945118459
2018-08-15,-0.0074253899029382,0.0023334759650469,-0.013653344832421,-0.0194784651090207
2018-08-16,0.0081574666968531,0.014543806295729,-0.0001857838965391,0.0020694277934358
2018-08-17,0.0033812660864119,0.01977312988343,-0.0005575588733727,-0.0022818883537136
2018-08-20,0.0024531661124708,-0.0097912829097067,-0.0066216173846296,-0.0029316554755541
2018-08-21,0.0020940251147432,-0.0019514782082463,-0.0083625677336758,0.0035689761187184
2018-08-22,-0.0003702855819082,4.663554392394456e-05,0.0101389119052928,0.0113402933676191
2018-08-23,-0.0016312702960103,0.0020438287949271,0.0046593511511726,-0.0010505384652289
2018-08-24,0.0061572203184694,0.00310442508087,0.0077793121057698,0.0013077157364673
2018-08-27,0.0077269363413182,0.0082010313196193,0.0110092307126676,0.0116305159032555
2018-08-28,0.0002727252480047,0.0080433163205964,0.0060037681764686,0.0026628276046407
2018-08-29,0.0057480509723351,0.0148188404927601,0.0158361747929404,0.0332166529750748
2018-08-30,-0.0042659215650094,0.009151832345226,-0.0006249351890393,0.0021397840210652
2018-08-31,0.000233942858679,0.0114877483527447,0.0033887327152737,0.0051455497836035
2018-09-04,-0.0015675172023156,0.0032018643758455,-0.0055348943692903,0.0132275497194394
2018-09-05,-0.0027891340206729,-0.0065462870100704,-0.029248251399249,-0.0221558119091056
2018-09-06,-0.0033511489666344,-0.016757037288129,0.0023017596997912,-0.018471964870594
2018-09-07,-0.0021321245864707,-0.0081008244172278,-0.0048860886283801,-0.0031914777551891
2018-09-10,0.0018838680085538,-0.0135115945359979,0.0107545123248585,-0.0067128144588683
2018-09-11,0.0037788805223295,0.0249684602408058,0.0168619228179326,0.0245238977357596
2018-09-12,0.0003604163083199,-0.0124966597843378,0.0042161451850465,0.0014332074558494
2018-09-13,0.0055045790205142,0.0238679172363514,0.0106850519903151,-6.532876704326335e-05
2018-09-14,0.0004174005670344,-0.0114161344453328,0.0040655685718307,-0.0099393353209421
2018-09-17,-0.0055427302802702,-0.0269866922852031,-0.0109086523881253,-0.0320587099215366
2018-09-18,0.0053642659450626,0.0016507508552902,0.0094965136046584,0.0171577784383783
2018-09-19,0.0012468204953121,0.0005955398295184,-0.0134278546254181,-0.0075656954089367
2018-09-20,0.0078121677927863,0.0075729590790059,0.0166025608392244,0.0092386262174081
2018-09-21,-0.0048697298421964,-0.0108295090375599,0.0060570888435382,-0.0151790876474004
2018-09-24,-0.0035242347018043,0.0142776628633048,0.0035819169218286,0.0100536567704545
2018-09-25,-0.0012354238284594,0.0063209215741815,-0.0019203011743626,0.0205639913226048
2018-09-26,-0.0032966595988531,-0.0079979559237305,-0.0041149999304477,0.00015191168231
2018-09-27,0.0029381342561149,0.0203433193272216,0.0037655217195589,0.0191237849578657
2018-09-28,2.109470159052547e-05,0.003505687123575,-0.0003496096531281,-0.0049701544058371
2018-10-01,0.0036150461058968,0.0067106617744165,0.0107833159216733,0.000678751110488
2018-10-02,-0.0003737920514521,0.008849564951988,-0.003986648780477,-0.0166265516837589
2018-10-03,0.0007232494975346,0.0120948833028701,0.0001738062455048,-0.0094545196020688
2018-10-04,-0.0079657896009492,-0.0177373236162153,-0.0208817153612999,-0.0224442149824572
2018-10-05,-0.0055381791739834,-0.0163620322358834,-0.0058689176309572,-0.0104079359263981
2018-10-08,-0.0003959254823647,-0.0023208365080991,-0.0114810631737229,-0.013441582071687
2018-10-09,-0.001133531636094,0.0137582719191875,0.0126398194277519,0.0031595050300768
2018-10-10,-0.033375691970121,-0.0474333733040643,-0.0558700017218006,-0.0634982657958649
2018-10-11,-0.0207698442654044,-0.0088671517683731,-0.0023579147882071,-0.0206591109092659
2018-10-12,0.0141925216884694,0.0350961131127175,0.0339739090655633,0.0394865853290541
2018-10-15,-0.0058949021836069,-0.0216178696396731,-0.0181429733051993,-0.0155852896419031
2018-10-16,0.0212684175050147,0.0217978586817142,0.0311094833041669,0.0329610863045172
2018-10-17,-0.0002126711190724,-0.004330880685569,-0.0026157782096503,0.0064463635006093
2018-10-18,-0.0143917146236671,-0.0236508062677313,-0.0201642037568716,-0.0338746198962084
2018-10-19,-0.0003417856656652,0.015115125155121,0.0014737754290158,-0.0037853131761524
2018-10-22,-0.0042785640158969,0.0060914196567696,0.0088869868734439,0.0142234729627496
2018-10-23,-0.0054737279502005,0.0093826652974409,-0.014054319858784,-0.0115796463623259
2018-10-24,-0.0313244574915599,-0.0349037249838411,-0.0549513862562618,-0.0609002753767242
2018-10-25,0.0184323305460579,0.0216616626760683,0.0568000170860834,0.0684871850162544
2018-10-26,-0.0174604955059042,-0.0160518849066944,-0.0124501410898153,-0.0814234737098848
2018-10-29,-0.0065658911089467,-0.01894851639929,-0.0295074200164913,-0.0653533476656147
2018-10-30,0.0156169185045407,0.0049820826399956,-0.001156169923888,-0.0055126192965866
2018-10-31,0.0108059759233305,0.0257324919024303,0.0292601536773808,0.043216807789507
2018-11-01,0.0105159859576451,0.0152354760835875,-0.0083674443789104,0.0413842874735477
2018-11-02,-0.0062413139927985,-0.0686327285402103,0.002263426148425,0.0
2018-11-05,0.0056004703747099,-0.028799108024888,0.0126363288850662,-0.0229139574493467
2018-11-06,0.0063007734817849,0.0107559174108507,0.001951449424498,0.0091788291484932
2018-11-07,0.0209577616429226,0.0298776518225723,0.0386061664449678,0.0663397706688916
2018-11-08,-0.0019868679398985,-0.0034954060905761,-0.0018773355181744,-0.0003304352866854
2018-11-09,-0.0090578052589506,-0.0194696988747315,-0.0197006149590017,-0.0245041711072093
2018-11-12,-0.0198191100834731,-0.0516872123877528,-0.0249504781910813,-0.045139740108121
2018-11-13,-0.0014465001284432,-0.0100415994714933,0.0006549385634416,-0.0034760776767089
2018-11-14,-0.0073167648409205,-0.0286539401943001,-0.0142827991018984,-0.0199128855219878
2018-11-15,0.0108274393034821,0.0243790810961529,0.0217677307116753,0.01269572273023
2018-11-16,0.0022750432297837,0.0110147621559978,0.0093707134298111,-0.016204011535317
2018-11-19,-0.0166937045474529,-0.0404387764436863,-0.034478185467299,-0.0522513141778399
2018-11-20,-0.0181835146595934,-0.0489571217661267,-0.0282090072281627,-0.0111911928138223
2018-11-21,0.0031076376745327,-0.0011305833304695,0.0136706585928098,0.0141228360929758
2018-11-23,-0.0065107942226699,-0.0257268307316531,-0.0003877364219749,-0.0097192687005475
2018-11-26,0.0154681460202772,0.0134331444222373,0.032454503036519,0.0514287804674949
2018-11-27,0.0032514571025487,-0.0021785769764849,0.0062731287686928,5.692514535280473e-05
2018-11-28,0.0226811383410107,0.0377317694234443,0.0364744116738889,0.059130409344548
2018-11-29,-0.0019529376825394,-0.0077116195242298,-0.0084045285405467,-0.0024945408479393
2018-11-30,0.0082871151687287,-0.0054170045473339,0.0063324938591122,0.0098700703127315
2018-12-03,0.01083221959492,0.0343456751989384,0.0107635408918696,0.047482842923137
2018-12-04,-0.0327138697037597,-0.0449856945715268,-0.0323676266210824,-0.0604468873163717
2018-12-06,-0.0012075469007174,-0.0112122484707428,0.0061549212100334,0.0182866428711093
2018-12-07,-0.023334967943447,-0.0363082882830754,-0.0408449930499354,-0.0421056090699304
2018-12-10,0.0017553428534419,0.0065663704549273,0.0260830878206257,0.0072779759347961
2018-12-11,-0.0003066005269995,-0.0057356216420334,0.0092518562537757,0.0013458700534058
2018-12-12,0.0053868867050353,0.0027833627609417,0.0045021894601613,0.0122779467642469
2018-12-13,-1.9300461769711984e-05,0.0108805949529148,0.0033862521660868,-0.0031066757291551
2018-12-14,-0.0190596275233447,-0.0325206359724065,-0.031745861865824,-0.0409066947197898
2018-12-17,-0.020828161586438,-0.0093497513114956,-0.0300615642736732,-0.0456256492414114
2018-12-18,0.0001452449676323,0.0129088792267447,0.0104420319820896,0.0199004091707148
2018-12-19,-0.01534131827565,-0.031688687626824,-0.0026968655439877,-0.0370295850373597
2018-12-20,-0.015787979180177,-0.0255585548203364,-0.0212482737635962,-0.0231749777856876
2018-12-21,-0.0266343571176593,-0.0396722327308234,-0.0328456849924495,-0.0587707778701891
2018-12-24,-0.0273872898260333,-0.0262146207923433,-0.0426348530029646,-0.0246134847158261
2018-12-26,0.0483869638554259,0.0680525141895185,0.0660777147283221,0.0902539811584145
2018-12-27,0.0086073633641704,-0.0065107825707022,0.00614668562708,-0.0063153244897356
2018-12-28,-0.0010836910220308,0.0005123100936685,-0.0078384859650049,0.0111442611066124
2018-12-31,0.0085728561064826,0.0096187242660706,0.0116854337781358,0.0160742519553638
2019-01-02,0.0012806682251062,0.0011405615796946,-0.0044402758231013,0.0244396630204351
2019-01-03,-0.0247952483053981,-0.1049244843830551,-0.0374815268328344,-0.0255655253868243
2019-01-04,0.0337186831468382,0.0418032452987064,0.0454599007937784,0.0488511160131715
2019-01-07,0.006978874879392,-0.0022281456657472,0.0012745956148042,0.0337765073077519
2019-01-08,0.0096512349209525,0.0188834138540521,0.0072245923103455,0.0164758796591409
2019-01-09,0.0043990164150667,0.0168393685806343,0.0141982819452748,0.0017128954420932
2019-01-10,0.0044959793323361,0.0031910416783923,-0.00644636164631,-0.0019302946232043
2019-01-11,-0.0001522946015997,-0.0098664349431011,-0.0077519202989648,-0.0095002141883527
2019-01-14,-0.0051454121862203,-0.0151512616145883,-0.0073223983562379,-0.0143352417738664
2019-01-15,0.0106662043706781,0.0202599799278346,0.0285925265433691,0.0348480031798867
2019-01-16,0.0022429122961555,0.0121425100631706,0.0035172669939468,0.0054908932183575
2019-01-17,0.0076471674280673,0.0059200848585461,0.0069978454222736,0.0055907753942548
2019-01-18,0.0131033645387779,0.0061401627425996,0.0148718251823834,0.0017583543793275
2019-01-22,-0.0142048189063725,-0.0227012993793285,-0.0190267084280808,-0.0384800380869774
2019-01-23,0.0021981569466257,0.0040359270300697,0.0096992162153289,0.004798031412365
2019-01-24,0.0014047592132042,-0.0079575780646741,-0.00479088813825,0.0090502630030827
2019-01-25,0.0084687206045526,0.032599322639644,0.0090921904761044,0.0094062337824888
2019-01-28,-0.0078726698679745,-0.0092973226131408,-0.0196941668612486,-0.019756081154744
2019-01-29,-0.0014456701796641,-0.010418824248854,-0.0205758521026692,-0.0272375450940416
2019-01-30,0.0155139163546139,0.0661008646238706,0.032871348798691,0.0469097830895121
2019-01-31,0.0087584850152687,0.0071754860969378,-0.01850045139047,0.0285045793228811
2019-02-01,0.0010228679784957,0.000480569498004,-0.0159264296033509,-0.0553211928026956
2019-02-04,0.0067547504338197,0.0280091561076007,0.0283924668609579,0.0043441290617161
2019-02-05,0.0047020825781809,0.0169645427272377,0.0138996891276692,0.0154918598156258
2019-02-06,-0.0021309375396586,0.0003446559021984,-0.0111609053773607,-0.0112456878566738
2019-02-07,-0.0092411693870022,-0.0191211911487037,-0.0071934977901618,-0.0159100029440015
2019-02-08,0.0009917553327021,0.0011742332528748,0.0037924547818454,-0.016330832861616
2019-02-11,0.0007140885629631,-0.0057672108401542,-0.0039824014631875,0.0017488570175208
2019-02-12,0.0128476211065345,0.0085799911977413,0.0154615796415017,0.0291192667207535
2019-02-13,0.0030914096855686,-0.0041633005430582,-0.000748648591321,0.0012141880475735
2019-02-14,-0.0023051259908347,0.0036367923621817,0.0008425492640203,-0.0106356265902714
2019-02-15,0.0108596942831003,-0.002227585721224,0.0122721222900152,-0.0091005519380668
2019-02-19,0.001563478508359,0.0029884515341336,-0.0004622142386693,0.0121341611543079
2019-02-20,0.0019654623507604,0.0064147105037825,-0.0052126922314162,-0.0033725813990574
2019-02-21,-0.0034413584794789,-0.0056545446157255,0.0208726340416623,-0.0016412325918345
2019-02-22,0.0063922946236953,0.0111038273912765,0.0141576293413296,0.0074562386514849
2019-02-25,0.0013644781662596,0.0072578062302742,0.0055715244938981,0.0008821893604529
2019-02-26,-0.0007770277408961,0.0005743263826932,0.0068764864318111,0.0020798685899837
2019-02-27,-0.0003878182274503,0.0030921114294865,-0.0016923072547207,0.0028619115768172
2019-02-28,-0.0025261786476666,-0.0098842730878824,-0.0012488669848079,-0.0007680285269331
2019-03-01,0.0068942174780834,0.0104564032080505,0.0044529343760619,0.019266452173415
2019-03-04,-0.0038531718767595,0.0050167864441694,-0.0024020384576403,0.014513749481627
2019-03-05,-0.0010957584433112,-0.0018216292194446,-0.005001028337963,-0.0022074494001841
2019-03-06,-0.0064777034527704,-0.0057705150357356,0.0004475686700956,-0.013970632238455
2019-03-07,-0.0079258861751278,-0.0116419459086329,-0.0122446596978564,-0.0261024374935768
2019-03-08,-0.0020389548614524,0.0023738558728659,0.0010863307599915,-0.0031724057939492
2019-03-11,0.0145111733085919,0.034055960602377,0.0207764528720934,0.0302749242196115
2019-03-12,0.0029817845458331,0.0111726048746504,0.0069774619170683,0.0014833900561437
2019-03-13,0.0069670211174868,0.0044123445066226,0.0077149599499813,0.0105294874395005
2019-03-14,-0.0005295100565715,0.0110550310323975,0.0007859255420666,-0.0027183667243656
2019-03-15,0.0006278573969207,0.0129244617362185,0.0114535145370233,0.0153831874256567
2019-03-18,0.0037094508285257,0.0101567366309031,0.0142197167603897,0.0172474704166155
2019-03-19,-8.793935949385898e-05,-0.0079562267329449,0.0006801929982994,0.0112444223199595
2019-03-20,-0.0029056034679048,0.0087004969834266,-0.0011056816591066,0.0199044983112964
2019-03-21,0.0108355080849502,0.0361682693854989,0.0227149799388976,0.0121609117038697
2019-03-22,-0.0190863100005941,-0.0209256269849767,-0.0267219558770634,-0.0304093877421586
2019-03-25,-0.0007660741994059,-0.0121649076568129,0.0051978043347252,0.0053629964964622
2019-03-26,0.0071515402186976,-0.010385467563864,0.0021223329881312,0.0053401400346005
2019-03-27,-0.0046379636762184,0.0089541281560003,-0.0097154498530278,-0.0101762831746356
2019-03-28,0.0037340361079131,0.0013255108882955,0.0013694409393822,0.004362605481975
2019-03-29,0.006742075074517,0.0064964900847802,0.0086005524827377,0.0041247382974809
2019-04-01,0.0115003698909712,0.006768229916576,0.0091154744930226,0.0186045187708089
2019-04-02,5.347575696080914e-05,0.0144319614906681,0.001427358990109,-0.0001158269872881
2019-04-03,0.0021459537099022,0.0068314611980035,0.006522861167358,0.0036977932695246
2019-04-04,0.0023095530479938,0.0017391782905027,-0.0050978094718021,-0.001011144262613
2019-04-05,0.004620981686998,0.0066718933041544,0.0044306431911408,0.0100762530701153
2019-04-08,0.0010633989607483,0.0156137079751762,0.0003335424235689,0.0068237220300648
2019-04-09,-0.0057766568075283,-0.0030033206935172,-0.0054346306992041,-0.0076077748731233
2019-04-10,0.0035469491046235,0.0055983839300691,0.0076001893018046,0.0062392217633731
2019-04-11,4.7351400071148906e-05,-0.0083592280140532,0.0011641976258986,-0.0017662896719675
2019-04-12,0.0066801277669101,-0.0004019209330191,0.0051393883084963,-0.0005478407491672
2019-04-15,-0.0006048180027402,0.0018085934606644,0.000826400850831,0.0009815805318039
2019-04-16,0.0005054667362371,0.0001004754085093,-0.0023157308178477,0.0098007478296552
2019-04-17,-0.0021695522557633,0.0192859533257907,0.0082460799095913,0.0009549393828685
2019-04-18,0.0015880286173188,0.0035871000435659,0.0130540630234564,-0.0016797919425764
2019-04-22,0.0010355390962591,0.0032809963104779,0.0031561761983032,0.013667835844337
2019-04-23,0.008835595206028,0.0143205406559428,0.013483306227313,0.0191342466622346
2019-04-24,-0.0021893415654671,-0.0015436300321049,-0.0034339088647079,-0.0115122561533982
2019-04-25,-0.0003678741402958,-0.0091164105765073,0.0325807194869071,0.000262891687558
2019-04-26,0.0046869970176061,-0.0047854146496999,0.005713530061568,0.0251149902107265
2019-04-29,0.0011136056956112,0.0015162636328291,-0.0009241635853973,-0.0062740404269726
2019-04-30,0.0009695632816105,-0.0194440132677246,0.0063754938021392,-0.0061631523744168
2019-05-01,-0.007508643370974,0.0479188534319501,-0.0210469723529056,-0.0078165297901621
2019-05-02,-0.0020879375732203,-0.0065290350482749,-0.0131452031551798,-0.0056133232189089
2019-05-03,0.0096661509385821,0.0123545924499378,0.0210898691101327,0.0319134264760366
2019-05-06,-0.0043904190902126,-0.0155631561512285,-0.0058355941020077,-0.0060874554177448
2019-05-07,-0.0166119170982569,-0.0273269495619731,-0.020736171627569,-0.0152654280544962
2019-05-08,-0.0015770087591218,0.0001971815940935,-7.969749706876288e-05,-0.0016829040443615
2019-05-09,-0.0026751123780139,-0.0108023883903493,-7.988800750242951e-05,-0.0093775481968539
2019-05-10,0.0040354895391212,-0.013950228579248,0.0129045975711102,-0.0052192051918345
2019-05-13,-0.0243275542703195,-0.0598768339194793,-0.0301843323719289,-0.0362582792127518
2019-05-14,0.0080770395025235,0.0157063645181366,0.01112557945101,0.0095227759047174
2019-05-15,0.0060108923334515,0.0119079829441886,0.0139840408912913,0.0167224928967352
2019-05-16,0.0091130666681827,-0.0044095578733911,0.022829041881035,0.0192769545441375
2019-05-17,-0.0057381065028578,-0.0056980064318736,-0.0066926175399403,-0.0204267053492435
2019-05-20,-0.006733222456736,-0.0317692439912869,-0.0145507421015135,-0.0053809039527574
2019-05-21,0.0084533832643939,0.0189895555109515,0.0053729438366094,-0.0007803384730101
2019-05-22,-0.0028103415433641,-0.0206840002476831,0.0060494498499487,0.0011621867228703
2019-05-23,-0.011845978701079,-0.0172171164461904,-0.0117392792771408,-0.0240545230724519
2019-05-24,0.0014859195027316,-0.0038480956639847,0.0004754233947599,0.0042871702548337
2019-05-28,-0.00837581191819,-0.0041432237912672,-0.0006339619284732,0.007186414391571
2019-05-29,-0.006881362781265,-0.0047803328100331,-0.0097172250189192,-0.0094321221827384
2019-05-30,0.0022183224336938,0.0051730505366452,0.006303106564564,-0.0015788819270314
2019-05-31,-0.0130435822565699,-0.0182817001404436,-0.0164392355297651,-0.0229726168281655
2019-06-03,-0.0027570455052005,-0.0101615360086198,-0.0315400292422104,-0.0475209136452573
2019-06-04,0.0211631770296493,0.035930557095925,0.0273267527933134,0.0215480385514106
2019-06-05,0.0082047616946653,0.0160143302943892,0.0214474960958233,0.0051557007683191
2019-06-06,0.0063593214320473,0.0145750452155481,0.0156911552443892,0.0090814338660679
2019-06-07,0.0104826476266875,0.0262688038848104,0.027623131656585,0.027918910369554
2019-06-10,0.0046297582230789,0.0126986174643643,0.0090908526875422,0.0308921103375391
2019-06-11,-0.0003025433025433,0.0115130834671498,-0.003777795768474,0.0016485760903498
2019-06-12,-0.0020195984910113,-0.0031877065533153,-0.0046284508604627,-0.0045065605012455
2019-06-13,0.0043729092602271,-0.0002061316301213,0.0062925774939298,0.0080416579727908
2019-06-14,-0.001478138087795,-0.007288729111388,0.0009821261000816,-0.000336911802002
2019-06-17,0.000929069004239,0.0059486480198082,0.0030154924482788,0.0087121462456474
2019-06-18,0.009652198639499,0.0232462755172069,0.0172385103028288,0.0081005778572344
2019-06-19,0.0029621058597753,-0.002927078400044,0.0039131975911804,0.0038948755621781
2019-06-20,0.0094772568525852,0.0080036439754771,0.0092435147981018,0.0049125101009931
2019-06-21,-0.0060606263785511,-0.0034150074277982,0.0001457657605506,-0.0035983733408179
2019-06-24,-0.0017332187529444,-0.0010065540604916,0.0058958848874229,0.0013593853253112
2019-06-25,-0.0095407713123401,-0.0152736327629735,-0.0320806309925875,-0.0187919259378724
2019-06-26,-0.0012278879727422,0.0213982931132385,0.0037403341705533,0.0103600301626911
2019-06-27,0.0039640344102253,-0.0003003434828193,0.001641164609997,0.0033928035859331
2019-06-28,0.005776193381739,-0.0091535534803307,-0.0014174224409334,-0.0056082992562891
2019-07-01,0.0076562487919819,0.018174670272507,0.0127581762956668,0.0149694761904832
2019-07-02,0.0029543458930376,0.0058374148232678,0.0066112709707709,0.0062855439345938
2019-07-03,0.0078792185602438,0.0082525218206906,0.0064223879705053,0.0024216715752986
2019-07-05,-0.0017097327631327,-0.0008806413741481,-0.0029144514269494,0.0020145038822439
2019-07-08,-0.0048373547928609,-0.0208297044220976,-0.0007295942687642,0.0048315290497106
2019-07-09,0.0015412245058362,0.0060811964075077,-0.0036576034497221,0.0182616340920594
2019-07-10,0.0045055479343448,0.0098398285028556,0.0101346444948944,0.0145344882470546
2019-07-11,0.0022862778702954,-0.0073088867078883,0.0039818172172783,-0.008132493073288
2019-07-12,0.0047019650895223,0.0076534050882379,0.00360620003227,0.004950133111908
2019-07-15,0.000169325375053,0.0093512258964092,0.0,0.0049553497373031
2019-07-16,-0.0033756197489771,-0.0034658468810046,-0.013189234891362,-0.0055024909219202
2019-07-17,-0.0065272733519543,-0.0056394485240637,-0.0059266696772314,-0.0089307701118246
2019-07-18,0.0036731428244592,0.0112957961056615,0.0011004851432623,-0.0071185838599533
2019-07-19,-0.0061526244903105,-0.0150401924293622,0.0014645409262548,-0.0067877251591166
2019-07-22,0.0028453627677214,0.0225970138527175,0.0131618302664196,0.0106883439711428
2019-07-23,0.0068354880698296,0.0077872466911615,0.0061931737007482,0.004452144363668
2019-07-24,0.0047138344311353,-0.0008144456455827,0.0102135271293297,0.0031636599360104
2019-07-25,-0.0052616381809767,-0.0079386583899337,-0.0037729381223973,-0.0135812968731411
2019-07-26,0.0073532329404385,0.0034718286828178,0.0081697680770878,-0.0157119094148094
2019-07-29,-0.0016164481825422,0.0092951232666554,-0.0021958797198972,-0.0158737406234064
2019-07-30,-0.0024812228929887,-0.0043013471959006,-0.0048333768412732,-0.0073052402255246
2019-07-31,-0.0109161776832454,0.020198767305511,-0.0295011305595346,-0.0168648920700805
2019-08-01,-0.0089338589289374,-0.0218764896797398,0.0130501282606668,-0.0061578122342095
2019-08-02,-0.0072176385744595,-0.0213851867023961,-0.0084377146933049,-0.0174420060763094
2019-08-05,-0.0301416324557802,-0.0537677782377092,-0.0348591893476581,-0.0323908290004019
2019-08-06,0.0129916422790969,0.0187533746168275,0.0185844449189758,0.0127782742409662
2019-08-07,0.0007903526535781,0.010302056724349,0.0043707053106551,0.0031106209269966
2019-08-08,0.018812897780226,0.0218164046247511,0.026335662583282,0.0217807298256896
2019-08-09,-0.0064727585355569,-0.0082746108620826,-0.0085322608101114,-0.0139050550875316
2019-08-12,-0.011834943954189,-0.0025408707826864,-0.0140403237690486,-0.0126152932599184
2019-08-13,0.014661130672787,0.0414763578848378,0.0204826645749239,0.0218446919684959
2019-08-14,-0.0293741108796335,-0.0302171001014891,-0.0305771056753746,-0.0342240620855078
2019-08-15,0.0026437423679334,-0.0049940616581503,-0.0022417968674886,0.0074369612619265
2019-08-16,0.014439792507542,0.0233207381240256,0.018161375226917,0.0092191567924193
2019-08-19,0.0120532342774382,0.0184724160418304,0.0166099147642728,0.0130519906437352
2019-08-20,-0.0078520102940585,4.75544636893907e-05,-0.0083434718042403,-0.0081493194610949
2019-08-21,0.0082279355087007,0.0107803146832478,0.0110851011571366,0.0122266509690215
2019-08-22,-0.000479128594829,-0.0008468884564198,-0.0073038024585568,-0.0104074582433649
2019-08-23,-0.0262078567864668,-0.047322676141443,-0.0323809404389844,-0.0309735747631605
2019-08-26,0.0110099741962049,0.0188208360106939,0.0153255038584404,0.0109422349185659
2019-08-27,-0.0031978028452589,-0.0113478351130972,0.0021387745160017,-0.0039878604748277
2019-08-28,0.0065378563772106,0.0066878730173641,-0.0013272942797371,0.0013726633350712
2019-08-29,0.0127316898066062,0.0167901512525151,0.0187086559387059,0.0124767279724849
2019-08-30,0.0007663714921471,-0.0012925352563833,-0.0018840944389923,-0.0056755132750486
2019-09-03,-0.006831798582613,-0.0146707340926632,-0.0132895772917461,0.0075992885913712
2019-09-04,0.0108270131255783,0.0168239928922596,0.0116198506046069,0.0060048309644898
2019-09-05,0.0131055602835366,0.0193631451423959,0.0174304816848578,0.022025804200457
2019-09-06,0.0009376087491684,-9.396363502106428e-05,-0.0068065717942905,-0.0039246803691178
2019-09-09,-1.5820839446996304e-05,0.0042579993780635,-0.0114235366456411,-0.0011787846178418
2019-09-10,0.0003747584790629,0.0117439056460806,-0.0105262274775519,-0.0059147577425429
2019-09-11,0.0072217147724054,0.0313001010946592,0.0002935650943766,0.0013393789804068
2019-09-12,0.00301506157383,-0.0022386891663588,0.0102326623831752,0.011215050672676
2019-09-13,-0.0004517369043762,-0.0196457763309635,-0.0014551002209545,-0.0022861947062171
2019-09-16,-0.0031017230121189,0.0052431952606186,-0.007235615177035,-0.0172741038894962
2019-09-17,0.0025682120375259,0.0036314983192289,0.007744827167064,0.0081039009609219
2019-09-18,0.0003457601135747,0.0093355848732927,0.0081914021270029,-0.0027967083792429
2019-09-19,7.620787834283604e-05,-0.0081582470674229,0.0182414228049952,0.0022203715919701
2019-09-20,-0.0094728339725354,-0.0147258332204486,-0.0116220606430616,-0.0151233586906996
2019-09-23,-9.626052544263786e-05,0.0045365852006966,-0.0021536895406783,-0.0049504887017164
2019-09-24,-0.0083781525703857,-0.0047664247395239,-0.012729604929885,-0.0247765073331404
2019-09-25,0.0061422252738606,0.0152725458095107,0.0143094945150824,0.0152256033404573
2019-09-26,-0.0023765702221304,-0.0051710505098012,0.0012907815809567,-0.0162424326520084
2019-09-27,-0.0051902566825384,-0.0048779308572394,-0.0130559449078106,-0.0083052460526757
2019-09-30,0.0050803454833394,0.023262686801618,0.0093945607683414,0.006043920182131
2019-10-01,-0.0122969698968514,0.0027644382350349,-0.0141981831325295,-0.0001498000875642
2019-10-02,-0.0180720752022262,-0.02538749162923,-0.0178129529000429,-0.0130015285091166
2019-10-03,0.008185416528724,0.0084586328275847,0.0120327849493659,0.006510307636491
2019-10-04,0.0141107989180392,0.0276464239020896,0.0134113254203946,0.0087931469160065
2019-10-07,-0.0044850922186668,0.0002201218274226,-0.007266346923334,-0.0040260860358429
2019-10-08,-0.0156560077033679,-0.0117842935665163,-0.010631010016199,-0.0157936834764648
2019-10-09,0.0093730628893204,0.0116521717977809,0.0187659352973355,0.0096164825687028
2019-10-10,0.0064118056106226,0.013388195635927,0.0062015104066334,-0.0010051914390393
2019-10-11,0.0109605649660368,0.026251032475599,0.0041613191056269,0.0067551890527993
2019-10-14,-0.0013887134506174,-0.0014406150833749,-0.0009312466888052,0.0026006847278772
2019-10-15,0.0099015385174792,-0.002334415461726,0.0143713588319631,0.0176669419560178
2019-10-16,-0.0019355326528781,-0.0040453578989758,-0.0082274318625273,0.0056702203332825
2019-10-17,0.0028292237476395,0.0038752882098604,-0.005141112847964,0.0056383396390849
2019-10-18,-0.0039093943144084,0.0047913082362677,-0.0164565683846945,-0.0169087377953123
2019-10-21,0.0068720800209044,0.017194031432053,0.0073956150708467,0.0158899810839649
2019-10-22,-0.0035433537658169,-0.0022893962941843,-0.0149929289516089,-0.0112238699055857
2019-10-23,0.0028728435103199,0.0133296871952299,0.0063592419682308,-0.0020182098522788
2019-10-24,0.0019172841558656,0.0016435240930832,0.0194826406115276,0.0105055003676862
2019-10-25,0.0040746497645002,0.0122411116524164,0.0056294170066557,-0.0109822990252629
2019-10-28,0.0055608254076414,0.0099671084554004,0.024288568602579,0.0089023400632152
2019-10-29,-0.0008251723962911,-0.0233996616613199,-0.0094763441279605,-0.0081191479871505
2019-10-30,0.0033235656231493,-0.0001232225780306,0.0123848768116699,0.0097553265161568
2019-10-31,-0.0029610662571784,0.0223578912966868,-0.0086118676132691,-0.0018725042092234
2019-11-01,0.0096863981624607,0.0279854491578063,0.002438493354186,0.0082845573928481
2019-11-04,0.0037048940800318,0.006545571130639,0.0057583057168495,0.0073524760054412
2019-11-05,-0.0011790261894293,-0.0014380032406718,-0.0006225938403335,-0.0016359833162736
2019-11-06,0.0007718102775852,0.0004277534791133,-0.002772650496418,-0.0033023701954492
2019-11-07,0.0031919008915565,0.0114752824723693,0.0013873946666026,-0.0042243049871494
2019-11-08,0.0027284299378056,0.0027330496554629,0.0117153289637267,-0.001298292308477
2019-11-11,-0.0019665458473716,0.0078875120278993,0.001026889666656,-0.0079999978712338
2019-11-12,0.0016130666749325,-0.0009157600007458,0.0065493671119676,0.0035778777118065
2019-11-13,0.0007416968202239,0.0095357933839778,0.0016298488228765,-0.0140977832297187
2019-11-14,0.0010859756434226,-0.0069432680655774,0.0050787131274691,0.0008495685487923
2019-11-15,0.0078173121443123,0.0118093328330056,0.0128178660039951,-0.008648943600155
2019-11-18,0.0005147527541998,0.0050293388338914,0.002463663221992,0.0074684911107715
2019-11-19,-0.0005331022908431,-0.0030371558918004,0.00033271944482,0.0001483459379321
2019-11-20,-0.0035614092844403,-0.0117094778059372,-0.0017360721274422,-0.0041506382623585
2019-11-21,-0.0015095740896684,-0.004493906914839,-0.0009361328525214,-0.0062179822279315
2019-11-22,0.0021695609324166,-0.0008778543897564,0.0007357213916047,0.0063268945087407
2019-11-25,0.0075728561303786,0.0173818991292972,0.0109034575779298,0.0159795870626047
2019-11-26,0.0022078082789448,-0.0078393950314505,0.0052762091305514,0.0129385188247833
2019-11-27,0.0042667991838276,0.0133427390912481,0.0019054336267778,0.0119322552070791
2019-11-29,-0.0037921381798205,-0.0022052359067294,-0.0061898959052256,-0.00978645175288
2019-12-02,-0.0086083561918373,-0.011629536239076,-0.0121629062695331,-0.0107191623038111
2019-12-03,-0.0066086323595506,-0.0179910640679583,-0.0016059212660618,-0.006554900652736
2019-12-04,0.0063826250301808,0.0087875756222647,0.0036101469640781,-0.0052511810851468
2019-12-05,0.0017678648247652,0.0145644107747617,0.0005338374789061,-0.011544817440242
2019-12-06,0.0091035415561103,0.0191320831737304,0.0120656779089602,0.0063687185467455
2019-12-09,-0.0030723886302448,-0.0140991125273686,-0.0025732004930431,-0.0011939071897216
2019-12-10,-0.0010625660068689,0.0058272781464021,-0.0015206729574252,-0.0059047499549398
2019-12-11,0.0029028593552747,0.0084935728697765,0.0037646242725887,0.0054530357920907
2019-12-12,0.0086464532082659,0.0025450186633226,0.0101003212134553,0.0066172567683451
2019-12-13,0.000237269908192,0.0135016986866798,0.0083828278194787,0.000346409113509
2019-12-16,0.0071194681385907,0.0169728927363763,0.0064505523365733,0.0046854298710616
2019-12-17,0.0003247606577221,0.0019633811170096,-0.0054156666628616,0.0120510802888461
2019-12-18,-0.0003496739071909,-0.0023920426954387,-0.002070836710562,-0.0037093833106356
2019-12-19,0.004492412731378,0.0010001742457607,0.0086429088331305,0.0046136798691116
2019-12-20,7.868058535559453e-05,-0.002073419866914,0.0108586721462338,-0.0032301651329329
2019-12-23,0.0008611901136616,0.0161868402986753,0.0,0.0036318520358706
2019-12-24,-0.0001286483752867,0.0009500955078368,-0.0001907963033315,-0.0021160017465891
2019-12-26,0.0052070900628999,0.0196460610844726,0.0081634207392679,0.0435062345531144
2019-12-27,3.932954769733898e-05,-0.0003792697723129,0.0018259645866494,0.0005510021439155
2019-12-30,-0.0056707886109753,0.005917401196723,-0.0086558878815978,-0.0123283301336911
2019-12-31,0.0030149186189429,0.0072800039889324,0.0006979714007729,0.0005142459890196
2020-01-02,0.0084668159083793,0.0225600013427467,0.0183467023996752,0.0267885695279538
2020-01-03,-0.0069935397644253,-0.0097696389601858,-0.0125299395303984,-0.0122133099718377
2020-01-06,0.0035266038374321,0.0079364096835027,0.0025815684948031,0.0147758691717845
2020-01-07,-0.002709956252529,-0.0047139258781475,-0.0091595191675444,0.0020894346957535
2020-01-08,0.004919170383331,0.0159581033364901,0.0158029501701014,-0.0078392851812339
2020-01-09,0.0068952357382913,0.0210184377947657,0.0124152986066063,0.0047876980855777
2020-01-10,-0.0028668914265179,0.0022583128278581,-0.0046375692819363,-0.0094551590705894
2020-01-13,0.0069480807235258,0.0211391305060033,0.0119525145517489,0.0043132594665926
2020-01-14,-0.0014229585144303,-0.0135951789325616,-0.007068143859363,-0.0116255236845611
2020-01-15,0.0018784711719511,-0.0042948226849489,0.0064554790427487,-0.0039770223234805
2020-01-16,0.0083593845012076,0.0124485396989042,0.0181575863927717,0.0085135648901038
2020-01-17,0.0038642154222016,0.0110105479600361,0.005580893213127,-0.0070645555675305
2020-01-21,-0.0026454952435896,-0.0068002496134067,-0.0035971417408117,0.0145235417117599
2020-01-22,0.0003227515846036,0.003563287378619,-0.0048163703554603,-0.0024024290282783
2020-01-23,0.00120922726387,0.0048044096212152,0.0061368193980917,-0.001527078506858
2020-01-24,-0.0090633909272686,-0.0028861621046835,-0.0101277739099502,-0.0122471115415849
2020-01-27,-0.015851116886561,-0.0298461549062526,-0.0168645881207879,-0.0180493790507667
2020-01-28,0.0100170146630721,0.0278964109407617,0.0194061623553297,0.0135323816104384
2020-01-29,-0.0008479037235551,0.0207164147477283,0.0154724868059561,0.0025598289491841
2020-01-30,0.0032723367839407,-0.0014503329611791,0.027817192362621,0.0068013071363821
2020-01-31,-0.0177712507236501,-0.0453516844962992,-0.0148688455006527,0.071195704370881
2020-02-03,0.0072264281161179,-0.0027501010792782,0.0240868137912424,-0.0022527047643878
2020-02-04,0.0148555436223058,0.032480292900366,0.0323860209062803,0.0224338164042124
2020-02-05,0.0112005674576333,0.0081216632740624,-0.0012220677800434,-0.0047927047318862
2020-02-06,0.003479231600334,0.0116290243028981,0.020521916474805,0.0050658723784827
2020-02-07,-0.0052232242565703,-0.0136863117149891,0.0014148471807715,0.0140696983720017
2020-02-10,0.0074377812623455,0.0047384029941161,0.0258204386217739,0.0259343547012161
2020-02-11,0.0017205749127315,-0.0060514821800367,-0.0228340721445501,0.0078838694651772
2020-02-12,0.0064622670305857,0.0234701015204142,0.0014629215898657,0.0042683464438221
2020-02-13,-0.0013150434433511,-0.0071463378432715,-0.0054287341577915,-0.00470084650087
2020-02-14,0.0019854254906496,0.0002460580066422,0.0088874399632299,-0.007001620298225
2020-02-18,-0.0028599453733885,-0.0184801546327513,0.0100921767166951,0.0096958344880757
2020-02-19,0.0048574984771942,0.0143788072159973,0.0029943362507343,0.0067269739482471
2020-02-20,-0.0037685661162687,-0.0103119609722121,-0.0153890137975941,-0.0079199085002346
2020-02-21,-0.0105238931820095,-0.0228950490784007,-0.0321231792976898,-0.0268922014538017
2020-02-24,-0.0338833842751997,-0.0486656248810249,-0.0440724111268664,-0.0422350275408913
2020-02-25,-0.0306476749051663,-0.0344593166338957,-0.016639590541056,-0.0183579763600552
2020-02-26,-0.0037683209723058,0.0157394781305275,0.0124172841923102,0.0034663030789559
2020-02-27,-0.044830004203841,-0.067602682563346,-0.0730642356695357,-0.0493333958670519
2020-02-28,-0.0080863689188071,-0.0005850926896247,0.0239244507300575,-0.0002918857316541
2020-03-02,0.0448773387025558,0.0890182205821801,0.0644188793108701,0.0365885142696476
2020-03-03,-0.028397932261805,-0.0322745432165841,-0.0491055254204477,-0.0232786683662642
2020-03-04,0.041250213580993,0.0453410299514598,0.0360572530422941,0.0344142058847482
2020-03-05,-0.0341928768483383,-0.032974847908286,-0.0254156519146545,-0.0265665781091544
2020-03-06,-0.017113289758297,-0.01336925887462,-0.0286744543894324,-0.011994570309344
2020-03-09,-0.0786045016511177,-0.0823950629188076,-0.0701782684465749,-0.054301855732369
2020-03-10,0.0480491798994301,0.0695461660522145,0.0661471895004878,0.0494138418027747
2020-03-11,-0.0498372759319916,-0.0353479419168326,-0.0463601742605267,-0.0382304544271457
2020-03-12,-0.0993093594052942,-0.1039777381270278,-0.0996417137988959,-0.0825350321734267
2020-03-13,0.0886988029998283,0.1131574305187638,0.1329287852626808,0.0626445414335682
2020-03-16,-0.1269598767600317,-0.1377080651907918,-0.1594534205518285,-0.0551930069234198
2020-03-17,0.0579470859012133,0.0430308854585239,0.0791221117089372,0.0679073320447645
2020-03-18,-0.0529402374817865,-0.0247845113323209,-0.0430074195647721,0.0121832265003824
2020-03-19,0.0047497080673942,-0.0076915945981879,0.0163190137711626,0.0274503791583939
2020-03-20,-0.0500077756772327,-0.0655902999100744,-0.038282183842125,-0.0186964895577896
2020-03-23,-0.0297348853578475,-0.0214729338105508,-0.0100246236069329,0.0302724162583169
2020-03-24,0.0897992645832742,0.0956057024040206,0.0869991117772695,0.0193972145000277
2020-03-25,0.01147887795894,-0.0055238301708422,-0.0096186962238535,-0.0283661422307232
2020-03-26,0.0605937692064829,0.0512850974271232,0.0606725774462258,0.0362674359819282
2020-03-27,-0.0342873225694808,-0.0422838370835991,-0.0419274951198549,-0.02873429617442
2020-03-30,0.0331257787074239,0.0281384233744955,0.0679769574362591,0.0330512869377886
2020-03-31,-0.0160422698741134,-0.0020428865546359,-0.0158523219204506,-0.0072719992047805
2020-04-01,-0.0451375954225889,-0.0540519414718788,-0.036154156310439,-0.0217874235950796
2020-04-02,0.0227285099791044,0.0165490171941557,0.0204972892862268,0.0058172555222537
2020-04-03,-0.0151203283023956,-0.0144756268399653,-0.0092530106842703,-0.0063993193041587
2020-04-06,0.0679373040075874,0.0836400597621731,0.0717322942847468,0.0466251788306652
2020-04-07,-0.0015954379998183,-0.011649908504783,-0.0108285494320085,0.006988981224589
2020-04-08,0.0337031389414991,0.0252724318469344,0.0099813057445937,0.0154888902141939
2020-04-09,0.0144819953681498,0.0071902834122384,6.045062843686789e-05,-0.0001175007821928
2020-04-13,-0.0101258255098395,0.0194375358027276,0.0022382865342455,0.0599044322978916
2020-04-14,0.0301994988758008,0.0492691905883903,0.0482975634130241,0.0514242572426822
2020-04-15,-0.0221916058660742,-0.0091691779780711,-0.0105326929690841,0.0106121926802851
2020-04-16,0.0057968324682913,0.0079142677612107,0.0295789271659641,0.0426327111351286
2020-04-17,0.0264448464694011,-0.013661676546754,0.0087731192006911,-0.0138779905017255
2020-04-20,-0.0180238774895541,-0.0209750488322449,-0.0200199535222645,0.0078052156878553
2020-04-21,-0.0310944348967229,-0.0313981694468284,-0.0422366842472685,-0.0277415954232306
2020-04-22,0.022670440565316,0.0283966059124529,0.033400892999151,0.0150782824776462
2020-04-23,-0.0004578680412757,-0.003882851807761,-0.0121762728283476,0.0151002375366382
2020-04-24,0.0138223843181583,0.0284605277493449,0.0180945615649538,0.0044784684737578
2020-04-27,0.0145997081112457,0.0007069014256172,-0.0028685939519023,-0.014299619486348
2020-04-28,-0.0052533805337933,-0.0163424663668264,-0.0246624071801131,-0.0264062091241517
2020-04-29,0.0262273838705621,0.0323174409758581,0.0438958673987832,0.0250205273231613
2020-04-30,-0.0092044455648229,0.0208763119384316,0.0099819358632194,0.0418035047661396
2020-05-01,-0.0283133100824217,-0.0162300420004606,-0.0262322445595645,-0.0790151691882589
2020-05-04,0.0042390073563607,0.0140494798877345,0.0241655972190573,0.0130161613823213
2020-05-05,0.0089898821593582,0.0148974669433493,0.0106787662858381,0.000781209377146
2020-05-06,-0.0069118118919261,0.0102644895596175,0.0097987737273177,0.0143329374159719
2020-05-07,0.0117681799162627,0.0102914540698193,0.0057904882848198,0.0069296272540303
2020-05-08,0.0168763375134614,0.0235229905191666,0.0058650949482846,0.0050555843457167
2020-05-11,0.0001859920881416,0.0156128915558951,0.0110927049790586,0.0122750984211329
2020-05-12,-0.0205493402133807,-0.0114940540640172,-0.0229121971517673,-0.0218432544618498
2020-05-13,-0.0175056772333465,-0.0121475404437069,-0.0152381661073924,0.0046435221879312
2020-05-14,0.0116432772741275,0.0061245305707784,0.0043300850947989,0.0088000870262212
2020-05-15,0.0040048982688163,-0.0059295905271856,0.0144631559805273,0.0087233869511988
2020-05-18,0.0310522968144458,0.0232876472453945,0.0095092983997841,0.0068155696223229
2020-05-19,-0.0104253322012609,-0.0057949518079862,-0.0069464417006582,0.0094634995518522
2020-05-20,0.0166536971231037,0.0192611837444689,0.0137752025303498,0.019651906615529
2020-05-21,-0.0077218137225821,-0.0074833309813028,-0.0120838594140922,-0.0207099063064395
2020-05-22,0.0025056443162277,0.0064179297269046,0.0004359720474608,-0.004037960937693
2020-05-26,0.0121855558111752,-0.0067966883906304,-0.0106278916753101,-0.0061826924669684
2020-05-27,0.0146932345984182,0.0043477237979055,0.0013209006100525,-0.004747288074492
2020-05-28,-0.001986503945079,0.0004398753651998,-0.0022576722653906,-0.0038616027491527
2020-05-29,0.0049355005720402,-0.0009743545341465,0.0101468414446022,0.0170419136781728
2020-06-01,0.0037723452185381,0.0122228715833849,-0.0022943637973109,0.0116702514784289
2020-06-02,0.0081794669191417,0.004618769869891,0.0113124586364002,0.0005542445173012
2020-06-03,0.0136062883711981,0.0054899158729653,0.0024307393694301,0.0024197991825251
2020-06-04,-0.0031563566027955,-0.0086493663570663,-0.0132512821154599,-0.0072079600251895
2020-06-05,0.0257815133773265,0.0280827451260237,0.023128733679384,0.0090623081197417
2020-06-08,0.0119234865938531,0.0058950661254895,0.0061776135955499,0.0164012173228814
2020-06-09,-0.0077241285879629,0.0310896552264588,0.0076157038458553,0.0299734119179035
2020-06-10,-0.0052942149148651,0.0254022544087895,0.03642027022566,0.0177547455885833
2020-06-11,-0.060402461015206,-0.0492013456932745,-0.0551940256049632,-0.0343868081909385
2020-06-12,0.0132007744745371,0.0085966684340234,0.0078609271006362,-0.005071588614712
2020-06-15,0.0082785890367381,0.0122912222455793,0.0063714325744467,0.0108096797863939
2020-06-16,0.0187211900559838,0.0261571992532511,0.0242097145858421,0.016419192808823
2020-06-17,-0.0035892447599672,-0.0013926795836594,0.0034552469405808,0.0097826568509678
2020-06-18,0.0006239452617783,0.0003980781641609,0.0106514679983833,0.004910407660376
2020-06-19,-0.0098720399488451,-0.0057311214190626,-0.0059775672686871,0.0078927107993157
2020-06-22,0.0064609357361223,0.0258275538253939,0.0273950104183762,0.0144040436591237
2020-06-23,0.0043030511015202,0.0211201917364467,0.0066587078166617,0.0184700745998519
2020-06-24,-0.0261868501560781,-0.0178099418368028,-0.0203634790029745,-0.0109152261307367
2020-06-25,0.0109454946114496,0.0131882410675952,0.0125572560492973,0.0073529692415688
2020-06-26,-0.0245290701874555,-0.0312074793849323,-0.0202188958261252,-0.0226575151339821
2020-06-29,0.0146967537182216,0.0227849589463769,0.0106898219072207,-0.0046489416697395
2020-06-30,0.0153672299606107,0.0083129490466269,0.0252282791143881,0.0288444554493882
2020-07-01,0.0050328492377777,-0.0018932316432076,0.0058303725274845,0.042535780876529
2020-07-02,0.004738867966135,0.0,0.0075920151750177,0.004021506588351
2020-07-06,0.0157670728181812,0.0263989203418184,0.0212979041545411,0.0560868642125349
2020-07-07,-0.0108722966738147,-0.0031078963803429,-0.0116962383016961,-0.0187948923891279
2020-07-08,0.0078116547352647,0.0230230751302919,0.0217544784525565,0.0266376278375355
2020-07-09,-0.0053771759440354,0.0042910625347613,0.0069767124156591,0.0324180032983159
2020-07-10,0.0104083650719858,0.0017475929756951,-0.0030376004027235,0.0054429108008984
2020-07-13,-0.0094024185406887,-0.0046237400461457,-0.0313757539082955,-0.0304592268146056
2020-07-14,0.013430247873255,0.0164129491175577,0.0061622787408481,-0.0064641467452453
2020-07-15,0.009053434024807,0.006853785588644,-0.0014889716885046,-0.0246628631944374
2020-07-16,-0.0033795938165492,-0.0123810948358956,-0.0200025592431214,-0.0029856516066291
2020-07-17,0.002877798346822,-0.0020224434496681,-0.0051130099769732,-0.0127243677034572
2020-07-20,0.0083694764329383,0.020855073607451,0.0420830313980866,0.0763082368841326
2020-07-21,0.0016879979832303,-0.0138977333787832,-0.0135603211834722,-0.018484693168859
2020-07-22,0.0057450650510012,0.002805248889603,0.0142688282806722,-0.0123050250967879
2020-07-23,-0.0123120562688015,-0.0465850278172009,-0.0444689869427032,-0.0372542040007118
2020-07-24,-0.0061952113920699,-0.0024803631254812,-0.0061409118443037,0.0074589919846133
2020-07-27,0.0073651883314929,0.0234236697045962,0.0125881108795182,0.0152704565958733
2020-07-28,-0.0064828522899498,-0.0165639234909219,-0.0090177374828833,-0.0181260676506809
2020-07-29,0.0123375875723347,0.0189870181627734,0.0100473954466422,0.0110046954429775
2020-07-30,-0.003566578440678,0.0120276564064829,-0.0007842708694088,0.0060308101176439
2020-07-31,0.0077325106623542,0.0995636058759566,0.0054289306858039,0.0362941518713838
2020-08-03,0.0071706918460796,0.0248853732719993,0.0547165467568595,-0.0168216609270939
2020-08-04,0.0035858728710684,0.0066558454820531,-0.0151226132693365,0.0086198604808937
2020-08-05,0.006402791762126,0.0036182048773282,-0.0016422605143856,0.0208713132275932
2020-08-06,0.006511821104002,0.0342943516267034,0.0158869130342773,0.006211530745452
2020-08-07,0.0008346626283303,-0.0229981345584863,-0.0180494173989654,-0.0180029390558305
2020-08-10,0.002746424382749,0.014430068836173,-0.0201088113658468,-0.0061118242425362
2020-08-11,-0.0079813892903689,-0.0301911295748045,-0.023662968468388,-0.0216711265977708
2020-08-12,0.0140200756065852,0.0326940913748573,0.0281667254771506,0.0261335768835953
2020-08-13,-0.001802818949258,0.0175427523588126,-0.0023450783666386,-0.000385908545414
2020-08-14,-0.0001039386267464,-0.0008915481971779,0.0009578568485588,-0.004121038561452
2020-08-17,0.0027212052896566,-0.0026142370749309,0.0065842523171879,0.010865074982315
2020-08-18,0.0024480508775253,0.0082981875505844,0.0057379317736102,0.0400613831782001
2020-08-19,-0.0042366737871751,0.0012539639958531,-0.0060855191046882,-0.0158257122169269
2020-08-20,0.0031754343066935,0.0219469106996365,0.0230046404960114,0.0112507449543648
2020-08-21,0.0034835987080064,0.0502485761650788,-0.0072965692159725,-0.0038438173537399
2020-08-24,0.0100884615112483,0.0118893034476977,0.0031403566777241,0.0068991655818602
2020-08-25,0.0035906893526005,-0.0082374904067553,0.0129255869698582,0.0117314642681923
2020-08-26,0.0101292752271522,0.0135073543306432,0.0213892981301711,0.0280971181919679
2020-08-27,0.0017305477490621,-0.0120262627651198,0.0242568444110365,-0.0122336800924454
2020-08-28,0.006782904939563,-0.0016212911044355,0.0102307502329442,0.0005292481587766
2020-08-31,-0.0020805667665466,0.0333496936164564,-0.0148757322917428,0.0143477966065204
2020-09-01,0.0074978608112076,0.0390598811457035,0.0076856987779056,0.0138589976287265
2020-09-02,0.015308165284916,-0.0209360587986845,0.0190888222252681,0.0091970491438114
2020-09-03,-0.0354691231510678,-0.0834478277409604,-0.0639487200636469,-0.0473894624093251
2020-09-04,-0.0081520491844555,0.0006616599919461,-0.0141354438305158,-0.0220282074871275
2020-09-08,-0.0280220685256088,-0.0696662350099138,-0.0556138162021194,-0.0449391699686763
2020-09-09,0.0199343212395349,0.0391116530261879,0.0417018562957104,0.0370131103158988
2020-09-10,-0.0176355192352879,-0.033190536423015,-0.0284183667686937,-0.0290225602898834
2020-09-11,0.000573500130154,-0.0132159055149059,-0.0065460568143571,-0.0187214723768616
2020-09-14,0.0129275461983077,0.0295587302179605,0.0067410773139978,-0.0042610500330711
2020-09-15,0.0051993013447471,0.0015591121297564,0.0162729645803426,0.0169869016165006
2020-09-16,-0.0045790554963197,-0.0299578411532502,-0.0180272813259128,-0.0250340955069966
2020-09-17,-0.00840404234877,-0.0160924108093594,-0.0104913991135277,-0.0227945007373891
2020-09-18,-0.0152356723896957,-0.0322340010964506,-0.0124970352730704,-0.0180498295099648
2020-09-21,-0.0116018931039813,0.0298748653312631,0.0106718251998094,0.0018798459862033
2020-09-22,0.010460190569707,0.0155936175755344,0.0238085052001873,0.0553621912702706
2020-09-23,-0.0239451721412866,-0.042851254236343,-0.0334825023287518,-0.0421446297849198
2020-09-24,0.0030295712888643,0.0102163558938656,0.012878442405964,0.0066217115465132
2020-09-25,0.0158717184548493,0.0368296168464645,0.0225305716458411,0.0246426026943441
2020-09-28,0.0159846777773164,0.023588615887957,0.0077649619545078,0.0251784601866447
2020-09-29,-0.0047035795953161,-0.007596687916895,-0.0104632242784189,-0.0092326159718907
2020-09-30,0.0082535646343623,0.0149633757234869,0.0147036708967321,0.0012233997750431
2020-10-01,0.0053774872335758,0.0084265680177875,0.0100761144227552,0.0227734597243016
2020-10-02,-0.0096161076783489,-0.0328128034306512,-0.0299557189840881,-0.0303383290112002
2020-10-05,0.0179189746891801,0.0303265201216742,0.0201173787570991,0.0234665391230459
2020-10-06,-0.0140511554491622,-0.0290884724005305,-0.0214762275813903,-0.0315116076776679
2020-10-07,0.0172694638738014,0.0168247758087083,0.0188584766310191,0.0304138123205387
2020-10-08,0.0082714355311651,-0.0009563642247323,0.0035679937810913,-0.0016097363000218
2020-10-09,0.0087618392418186,0.0172463806290469,0.0245326930621417,0.0296755426262961
2020-10-12,0.0162750029211076,0.0615845902265683,0.0255726620265671,0.0464540197625578
2020-10-13,-0.0063252622284018,-0.0268855053474746,0.0065726613220781,0.0002033119572941
2020-10-14,-0.0065478303362147,0.0007428501731897,-0.0090147783938196,-0.0234816275564704
2020-10-15,-0.0015059337304542,-0.0039684230367921,-0.0054480189864067,-0.0074780337317709
2020-10-16,0.0001426240421822,-0.0140995804788822,0.0,-0.0199481280684192
2020-10-19,-0.016459373256184,-0.0258736953921102,-0.0250773792191075,-0.0202169503741152
2020-10-20,0.0047275029889143,0.0131055550428585,0.0020052485063062,0.0030508941668742
2020-10-21,-0.0021776452704967,-0.00546113533846,0.0006984451247308,-0.010018906571695
2020-10-22,0.0052830365085622,-0.009629509433145,0.0004190269539863,-0.0026848887508399
2020-10-23,0.0034493742454444,-0.0061528508179458,0.0062163336283885,0.0087763474862713
2020-10-26,-0.0187455024416475,8.691337139648671e-05,-0.0288541202007259,0.0008235529303257
2020-10-27,-0.0030137153243318,0.0133824607524861,0.0149768549741305,0.0244230039204261
2020-10-28,-0.0358983101741056,-0.0474189736413084,-0.0508369535426316,-0.0383199901787612
2020-10-29,0.0119498509180553,0.0363805620528567,0.0100149497518383,0.0151341347248942
2020-10-30,-0.0120931370461066,-0.0576482083794188,-0.0110516069393462,-0.0559953405060607
2020-11-02,0.0122347736156933,-0.0008270893788241,-0.0006916768164966,-0.0104857310597473
2020-11-03,0.0176264722150815,0.0152368630187861,0.0200613325791856,0.0145156549041147
2020-11-04,0.0217952755968531,0.040024831830209,0.0471210391576661,0.0613111279139848
2020-11-05,0.0194384186458684,0.0348783520477206,0.0313889599054117,0.0246357630645009
2020-11-06,-0.0001701866804451,-0.0011367439236708,0.0019238740044828,-0.0032050643952225
2020-11-09,0.0117105008037039,-0.0201699240043365,-0.0241126205320857,-0.0519488344197548
2020-11-10,-0.0012365694132112,-0.0030135674649268,-0.034377124717804,-0.0351950880951661
2020-11-11,0.0076054116175525,0.0299011541322455,0.0259159690368523,0.033173228301639
2020-11-12,-0.0098056443573459,-0.0023460154374003,-0.0051390923480997,-0.0086784829702708
2020-11-13,0.0135780982189758,0.0004194197137427,0.0049542528790656,0.0059399731856797
2020-11-16,0.011568040371319,0.0086825449534805,0.003320161260643,0.0007187881207957
2020-11-17,-0.0046511152176849,-0.0075932978719963,-0.0128334714515079,0.00146814309271
2020-11-18,-0.0113978782265414,-0.0114566699685496,-0.0132714184837175,-0.0096778897749427
2020-11-19,0.0039915934331405,0.0051548528107765,0.0063279698361137,0.0037155839985077
2020-11-20,-0.0067985375166631,-0.0110178548813874,-0.0096021601713626,-0.0056688535339364
2020-11-23,0.0057158428898385,-0.0301939246494419,-0.0013318083731831,-0.000325961357833
2020-11-24,0.0160073619540362,0.0115275132748083,0.0176904106422462,0.0063284240888663
2020-11-25,-0.0015540181296706,0.0074394525945198,4.668396587850731e-05,0.0212632155738168
2020-11-27,0.0024807626568951,0.0048147530000626,0.0063388156981601,0.0032192567960789
2020-11-30,-0.0044401874686801,0.0208800283736361,-0.0054041664689939,-0.0085804299811556
2020-12-01,0.0112086383409646,0.0303618386546796,0.0099472394070164,0.0162931356024042
2020-12-02,0.0018773094775495,0.0029292162889086,-0.003892859604218,-0.0051528772219764
2020-12-03,-0.0004453793177173,-0.0011381350504976,-0.0052606163853818,-0.0052579890974161
2020-12-04,0.0088239443605163,-0.0056282501257572,0.0005600738259638,-0.0076071876982692
2020-12-07,-0.001937041311979,0.0121952237907534,-0.000326734419421,-0.001449259693759
2020-12-08,0.0027902136823236,0.0050778732726947,0.0079945236510693,0.0060897669589257
2020-12-09,-0.0079072437445067,-0.0211252389956809,-0.019682147772076,-0.023272566458509
2020-12-10,-0.001210639156882,0.0119175683121675,-0.006061819040622,-0.0008734822952232
2020-12-11,-0.0012445049109362,-0.0067575713231805,0.0129314533477735,0.0048023046578473
2020-12-14,-0.0041774854505907,-0.0051599969889868,0.0043980847159936,0.0129277744645743
2020-12-15,0.0128033351300031,0.0488761670874848,-0.0003269016336837,0.0025782754503801
2020-12-16,0.0017666111517444,-0.0005474541695281,0.0237661014513897,0.0236786562847879
2020-12-17,0.0057659858483473,0.0069394711003577,0.0006384236962072,-0.001506879947655
2020-12-18,-0.0077079181910422,-0.0159778599791567,-0.0037899824944954,-0.0106964000459395
2020-12-21,-0.0038927198408555,0.0123191279285433,0.0181336333286909,0.001413907863751
2020-12-22,-0.0020104957366313,0.0280669433349265,0.0060465995314701,0.000106027099261
2020-12-23,0.0007610975830603,-0.0070004475894296,-0.0131249486293555,-0.0066491789496678
2020-12-24,0.0036279536358884,0.0076827198470423,0.0077967820883706,-0.0039572366044543
2020-12-28,0.0086846763379175,0.0351409221409089,0.0098728052731937,0.0344701527548248
2020-12-29,-0.0022322362999485,-0.0134043285795866,-0.0036072499908711,0.0115170482463006
2020-12-30,0.0014479832538702,-0.0085631664812238,-0.0110805445357021,-0.0109417012920794
2020-12-31,0.0064953933961248,-0.0077327025911174,0.0033325760362532,-0.0088403305516701
