ticker,date,window_start,window_end,n_days,mu,sigma
AAPL,2019-01-02,2018-07-03,2019-01-02,126,-0.3259959213353225,0.3272233564334995
AAPL,2019-01-03,2018-07-05,2019-01-03,126,-0.5007051041323978,0.3578679863594386
AAPL,2019-01-04,2018-07-05,2019-01-04,127,-0.4138143724835282,0.3617430455861309
AAPL,2019-01-07,2018-07-09,2019-01-07,126,-0.4651180253563032,0.36225458895400864
AAPL,2019-01-08,2018-07-09,2019-01-08,127,-0.4239862275879769,0.36199380943027126
AAPL,2019-01-09,2018-07-10,2019-01-09,127,-0.4179351221254852,0.36227987289880825
AAPL,2019-01-10,2018-07-11,2019-01-10,127,-0.40920695531140094,0.3623438018646859
AAPL,2019-01-11,2018-07-12,2019-01-11,127,-0.40286796890304233,0.36217002869739007
AAPL,2019-01-14,2018-07-16,2019-01-14,126,-0.4727604080231744,0.36314917981242895
AAPL,2019-01-15,2018-07-16,2019-01-15,127,-0.42883698007169885,0.36304678890284486
AAPL,2019-01-16,2018-07-17,2019-01-16,127,-0.4003829127071509,0.36356920572136153
AAPL,2019-01-17,2018-07-18,2019-01-17,127,-0.39424032952865884,0.3636704970334944
AAPL,2019-01-18,2018-07-19,2019-01-18,127,-0.37114432701686795,0.3637881934506092
AAPL,2019-01-22,2018-07-23,2019-01-22,126,-0.43038697256333425,0.36622735376949284
AAPL,2019-01-23,2018-07-24,2019-01-23,126,-0.42409045618660013,0.36629939269340217
AAPL,2019-01-24,2018-07-25,2019-01-24,126,-0.4544617518675462,0.36618417138492765
AAPL,2019-01-25,2018-07-26,2019-01-25,126,-0.40803527707779175,0.3690743102895093
AAPL,2019-01-28,2018-07-30,2019-01-28,125,-0.38990898799302326,0.3700832284186074
AAPL,2019-01-29,2018-07-30,2019-01-29,126,-0.40765212071300905,0.3688133844757328
AAPL,2019-01-30,2018-07-31,2019-01-30,126,-0.26421363397755915,0.3809904442051405
AAPL,2019-01-31,2018-08-01,2019-01-31,126,-0.25386020448338087,0.3811442231588001
AAPL,2019-02-01,2018-08-02,2019-02-01,126,-0.36738015953572045,0.37199987579692917
AAPL,2019-02-04,2018-08-06,2019-02-04,125,-0.3777613087847604,0.37331441342117805
AAPL,2019-02-05,2018-08-06,2019-02-05,126,-0.3408341177050094,0.37273388734910384
AAPL,2019-02-06,2018-08-07,2019-02-06,126,-0.35050279333964607,0.3726257907089391
AAPL,2019-02-07,2018-08-08,2019-02-07,126,-0.36990723395632674,0.3732992092311744
AAPL,2019-02-08,2018-08-09,2019-02-08,126,-0.3689099625987442,0.37330564737102634
AAPL,2019-02-11,2018-08-13,2019-02-11,125,-0.39326766986161205,0.3746142361079557
AAPL,2019-02-12,2018-08-13,2019-02-12,126,-0.3729865154830998,0.3733882723105423
AAPL,2019-02-13,2018-08-14,2019-02-13,126,-0.3941854276083925,0.3732360935752074
AAPL,2019-02-14,2018-08-15,2019-02-14,126,-0.395320275500751,0.37321927620738893
AAPL,2019-02-15,2018-08-16,2019-02-15,126,-0.40444239887329303,0.3731788744371935
AAPL,2019-02-19,2018-08-20,2019-02-19,125,-0.4708361631086511,0.37276271384482385
AAPL,2019-02-20,2018-08-21,2019-02-20,125,-0.43816488038705637,0.37277289970167693
AAPL,2019-02-21,2018-08-22,2019-02-21,125,-0.4456302622645346,0.3728142719546613
AAPL,2019-02-22,2018-08-23,2019-02-22,125,-0.42333896350027234,0.37325397646351244
AAPL,2019-02-25,2018-08-27,2019-02-25,124,-0.42246583261456283,0.3748860573407214
AAPL,2019-02-26,2018-08-27,2019-02-26,125,-0.4179282639661369,0.3733850365675801
AAPL,2019-02-27,2018-08-28,2019-02-27,125,-0.4282278464646456,0.3731812835685705
AAPL,2019-02-28,2018-08-29,2019-02-28,125,-0.4643698667121387,0.3730982357031523
AAPL,2019-03-01,2018-09-04,2019-03-01,123,-0.5231442428508368,0.3749570251180778
AAPL,2019-03-04,2018-09-05,2019-03-04,123,-0.5194258659303674,0.37501878742254235
AAPL,2019-03-05,2018-09-06,2019-03-05,123,-0.5097460792373777,0.37496304321981133
AAPL,2019-03-06,2018-09-07,2019-03-06,123,-0.4872371068178402,0.3744006372656991
AAPL,2019-03-07,2018-09-10,2019-03-07,123,-0.4944920874343777,0.37455540228414075
AAPL,2019-03-08,2018-09-10,2019-03-08,124,-0.4856799602779537,0.37308092492937317
AAPL,2019-03-11,2018-09-12,2019-03-11,123,-0.4433279931729981,0.3758007470899744
AAPL,2019-03-12,2018-09-13,2019-03-12,123,-0.394834865578973,0.3759309510285666
AAPL,2019-03-13,2018-09-14,2019-03-13,123,-0.43469506336670993,0.3742396245514728
AAPL,2019-03-14,2018-09-17,2019-03-14,123,-0.38865657799770104,0.37441980276608244
AAPL,2019-03-15,2018-09-17,2019-03-15,124,-0.35925640916282386,0.373464531055664
AAPL,2019-03-18,2018-09-19,2019-03-18,123,-0.2894604867062156,0.37350700080449734
AAPL,2019-03-19,2018-09-20,2019-03-19,123,-0.306981179175653,0.37362506958780817
AAPL,2019-03-20,2018-09-21,2019-03-20,123,-0.304671101517816,0.37368335080755294
AAPL,2019-03-21,2018-09-24,2019-03-21,123,-0.20838297011447637,0.37722236112493635
AAPL,2019-03-22,2018-09-24,2019-03-22,124,-0.2492287364862482,0.3767768214003972
AAPL,2019-03-25,2018-09-26,2019-03-25,123,-0.31838018969152887,0.37785109114616977
AAPL,2019-03-26,2018-09-27,2019-03-26,123,-0.32327167695424236,0.3779544277451932
AAPL,2019-03-27,2018-09-28,2019-03-27,123,-0.3466056295977194,0.3769585984838209
AAPL,2019-03-28,2018-10-01,2019-03-28,123,-0.35107233212853656,0.37691320068784917
AAPL,2019-03-29,2018-10-01,2019-03-29,124,-0.3350385592777855,0.37554636618764076
AAPL,2019-04-01,2018-10-02,2019-04-01,124,-0.33492156595662165,0.3755489002534813
AAPL,2019-04-02,2018-10-03,2019-04-02,124,-0.32357669557156304,0.3759429955624652
AAPL,2019-04-03,2018-10-04,2019-04-03,124,-0.3342733275911312,0.3756339855486687
AAPL,2019-04-04,2018-10-05,2019-04-04,124,-0.29469204952263794,0.37491613693988
AAPL,2019-04-05,2018-10-08,2019-04-05,124,-0.24788116858643205,0.3744414832693905
AAPL,2019-04-08,2018-10-09,2019-04-08,124,-0.21143354592687266,0.375182394692922
AAPL,2019-04-09,2018-10-10,2019-04-09,124,-0.24549742768817626,0.37460676448296837
AAPL,2019-04-10,2018-10-11,2019-04-10,124,-0.137723211373647,0.3687140693957995
AAPL,2019-04-11,2018-10-12,2019-04-11,124,-0.13669097922777004,0.36869129629571407
AAPL,2019-04-12,2018-10-15,2019-04-12,124,-0.20883214519168794,0.365116865186197
AAPL,2019-04-15,2018-10-16,2019-04-15,124,-0.16122352663293782,0.3639093925753491
AAPL,2019-04-16,2018-10-17,2019-04-16,124,-0.20531820876880563,0.36248025740459555
AAPL,2019-04-17,2018-10-18,2019-04-17,124,-0.15732270739088036,0.36357279644023166
AAPL,2019-04-18,2018-10-19,2019-04-18,124,-0.10196825262921301,0.362109033919549
AAPL,2019-04-22,2018-10-23,2019-04-22,123,-0.13952277681608466,0.362816016629375
AAPL,2019-04-23,2018-10-24,2019-04-23,123,-0.12940615413037307,0.36316402436366596
AAPL,2019-04-24,2018-10-25,2019-04-24,123,-0.0610586425219377,0.359761984061558
AAPL,2019-04-25,2018-10-26,2019-04-25,123,-0.12411615845404413,0.3585866879491845
AAPL,2019-04-26,2018-10-29,2019-04-26,123,-0.10103363402508032,0.35793894035064205
AAPL,2019-04-29,2018-10-30,2019-04-29,123,-0.05910579200805435,0.3569457378455952
AAPL,2019-04-30,2018-10-31,2019-04-30,123,-0.10914950069704268,0.3579193115257254
AAPL,2019-05-01,2018-11-02,2019-05-01,122,-0.09568660207673191,0.36345030039874465
AAPL,2019-05-02,2018-11-05,2019-05-02,122,0.03259315825087155,0.34986724201951797
AAPL,2019-05-03,2018-11-05,2019-05-03,123,0.05764002117065563,0.3488695379844338
AAPL,2019-05-06,2018-11-07,2019-05-06,122,0.06323517449687367,0.34820885063922374
AAPL,2019-05-07,2018-11-08,2019-05-07,122,-0.054925149674483115,0.3477778740913868
AAPL,2019-05-08,2018-11-09,2019-05-08,122,-0.04729783740778803,0.34774589110224813
AAPL,2019-05-09,2018-11-12,2019-05-09,122,-0.02939486821053958,0.34696723054472106
AAPL,2019-05-10,2018-11-12,2019-05-10,123,-0.057736841655742235,0.3461091698844054
AAPL,2019-05-13,2018-11-14,2019-05-13,122,-0.05438469740028653,0.34996575115521766
AAPL,2019-05-14,2018-11-15,2019-05-14,122,0.037244784464745925,0.34826157737263813
AAPL,2019-05-15,2018-11-16,2019-05-15,122,0.011484811232819348,0.3469130577643441
AAPL,2019-05-16,2018-11-19,2019-05-16,122,-0.020375259647557206,0.3466054743940002
AAPL,2019-05-17,2018-11-19,2019-05-17,123,-0.03188357152710734,0.34527566203830035
AAPL,2019-05-20,2018-11-21,2019-05-20,122,0.08688719315765946,0.3374596126854765
AAPL,2019-05-21,2018-11-23,2019-05-21,122,0.12844682420715284,0.33851370765958055
AAPL,2019-05-22,2018-11-23,2019-05-22,123,0.08502556496631251,0.33848561713249103
AAPL,2019-05-23,2018-11-26,2019-05-23,123,0.10246010155116238,0.33734936013503497
AAPL,2019-05-24,2018-11-26,2019-05-24,124,0.09381348696345808,0.3360299671388288
AAPL,2019-05-28,2018-11-29,2019-05-28,122,-0.014391613958755219,0.3339199078222176
AAPL,2019-05-29,2018-11-30,2019-05-29,122,-0.00833682500811957,0.3338065221367532
AAPL,2019-05-30,2018-12-03,2019-05-30,122,0.01353771500141135,0.33379778092318146
AAPL,2019-05-31,2018-12-03,2019-05-31,123,-0.02402753825381748,0.3334613122175727
AAPL,2019-06-03,2018-12-04,2019-06-03,123,-0.11521304414247373,0.33003383343823733
AAPL,2019-06-04,2018-12-06,2019-06-04,123,0.050566593420109905,0.32779833108648054
AAPL,2019-06-05,2018-12-06,2019-06-05,124,0.08270405020048097,0.32724053163392913
AAPL,2019-06-06,2018-12-07,2019-06-06,124,0.13511048575649184,0.32744215533573373
AAPL,2019-06-07,2018-12-10,2019-06-07,124,0.26228328596864703,0.32516005115797175
AAPL,2019-06-10,2018-12-11,2019-06-10,124,0.2747455944071801,0.3254908955380752
AAPL,2019-06-11,2018-12-12,2019-06-11,124,0.3097994144677787,0.3256785516229783
AAPL,2019-06-12,2018-12-13,2019-06-12,124,0.29766466070009473,0.3257314154387848
AAPL,2019-06-13,2018-12-14,2019-06-13,124,0.27513357119263426,0.32543835377257857
AAPL,2019-06-14,2018-12-17,2019-06-14,124,0.32641131739405893,0.322069545260634
AAPL,2019-06-17,2018-12-18,2019-06-17,124,0.3575016128092898,0.3217718567507894
AAPL,2019-06-18,2018-12-19,2019-06-18,124,0.37850986978668133,0.32286375235092335
AAPL,2019-06-19,2018-12-20,2019-06-19,124,0.4369608820862663,0.3193908909761541
AAPL,2019-06-20,2018-12-21,2019-06-20,124,0.5051679312519527,0.3170904687798537
AAPL,2019-06-21,2018-12-24,2019-06-21,124,0.5788519697710027,0.3114902417690715
AAPL,2019-06-24,2018-12-26,2019-06-24,124,0.6300812666776702,0.30882446199420205
AAPL,2019-06-25,2018-12-26,2019-06-25,125,0.5942489728940938,0.30861026628738863
AAPL,2019-06-26,2018-12-27,2019-06-26,125,0.5001940632043131,0.2952472473695511
AAPL,2019-06-27,2018-12-28,2019-06-27,125,0.5127143084054847,0.2950156634859322
AAPL,2019-06-28,2018-12-31,2019-06-28,125,0.49322792744030275,0.29543594894976594
AAPL,2019-07-01,2019-01-02,2019-07-01,125,0.510476714589278,0.29613580202855094
AAPL,2019-07-02,2019-01-03,2019-07-02,125,0.5199455707283215,0.29618235830105677
AAPL,2019-07-03,2019-01-04,2019-07-03,125,0.748110415235073,0.25363672568265927
AAPL,2019-07-05,2019-01-07,2019-07-05,125,0.6620596997025975,0.24752209270886397
AAPL,2019-07-08,2019-01-09,2019-07-08,124,0.5912197529435755,0.24956521229090564
AAPL,2019-07-09,2019-01-10,2019-07-09,124,0.5693563707852854,0.24875511961446842
AAPL,2019-07-10,2019-01-11,2019-07-10,124,0.5828684214285492,0.24898660825587415
AAPL,2019-07-11,2019-01-14,2019-07-11,124,0.5880660194549501,0.24875688446623168
AAPL,2019-07-12,2019-01-14,2019-07-12,125,0.5987907559571982,0.2478669178603424
AAPL,2019-07-15,2019-01-16,2019-07-15,124,0.6122415839161847,0.24647877646798733
AAPL,2019-07-16,2019-01-17,2019-07-16,124,0.5805213746425378,0.24622283071170423
AAPL,2019-07-17,2019-01-18,2019-07-17,124,0.5570294197036848,0.24642634402769875
AAPL,2019-07-18,2019-01-22,2019-07-18,124,0.5675069971834565,0.24670423414654832
AAPL,2019-07-19,2019-01-22,2019-07-19,125,0.532645913268394,0.24693111115214117
AAPL,2019-07-22,2019-01-23,2019-07-22,125,0.6239673127441985,0.2460545715019566
AAPL,2019-07-23,2019-01-24,2019-07-23,125,0.63152997318096,0.24616052864251262
AAPL,2019-07-24,2019-01-25,2019-07-24,125,0.6459305281378483,0.24575206175294656
AAPL,2019-07-25,2019-01-28,2019-07-25,125,0.5642059583822189,0.24240061355609405
AAPL,2019-07-26,2019-01-28,2019-07-26,126,0.5666717906813288,0.24143536020478762
AAPL,2019-07-29,2019-01-30,2019-07-29,125,0.6296918855861401,0.2413485256806117
AAPL,2019-07-30,2019-01-31,2019-07-30,125,0.4877610265574806,0.22369971190665996
AAPL,2019-07-31,2019-02-01,2019-07-31,125,0.5140159614739644,0.2250796598956399
AAPL,2019-08-01,2019-02-04,2019-08-01,125,0.46894413017163156,0.22761856302753608
AAPL,2019-08-02,2019-02-04,2019-08-02,126,0.4224519779559541,0.22907747305587586
AAPL,2019-08-05,2019-02-06,2019-08-05,125,0.2267687760013457,0.23897613653893168
AAPL,2019-08-06,2019-02-07,2019-08-06,125,0.26388075293003804,0.24031486595184706
AAPL,2019-08-07,2019-02-08,2019-08-07,125,0.3231980206421123,0.2389238048487784
AAPL,2019-08-08,2019-02-11,2019-08-08,125,0.3648126381278158,0.24069589587526635
AAPL,2019-08-09,2019-02-11,2019-08-09,126,0.34536807800581126,0.24012514161585954
AAPL,2019-08-12,2019-02-13,2019-08-12,125,0.3373380619310652,0.24072131226507915
AAPL,2019-08-13,2019-02-14,2019-08-13,125,0.4293476133217039,0.24723552924462378
AAPL,2019-08-14,2019-02-15,2019-08-14,125,0.3610981661149439,0.25133629216789294
AAPL,2019-08-15,2019-02-19,2019-08-15,125,0.3555209506260999,0.25144884417405666
AAPL,2019-08-16,2019-02-19,2019-08-16,126,0.39934083202791193,0.2523505499689107
AAPL,2019-08-19,2019-02-20,2019-08-19,126,0.43030876104330673,0.2534717841564994
AAPL,2019-08-20,2019-02-21,2019-08-20,126,0.41757444896311924,0.25339333724915253
AAPL,2019-08-21,2019-02-22,2019-08-21,126,0.4504441675610664,0.2535032302206148
AAPL,2019-08-22,2019-02-25,2019-08-22,126,0.4265427358656728,0.25318099441507835
AAPL,2019-08-23,2019-02-25,2019-08-23,127,0.32928401835772614,0.2614556304426854
AAPL,2019-08-26,2019-02-27,2019-08-26,126,0.35387479037824043,0.2635325779398757
AAPL,2019-08-27,2019-02-28,2019-08-27,126,0.32499489729307385,0.2641366581606828
AAPL,2019-08-28,2019-03-01,2019-08-28,126,0.35813918950356616,0.26376280299508487
AAPL,2019-08-29,2019-03-01,2019-08-29,127,0.38863508655970924,0.26360454710101794
AAPL,2019-08-30,2019-03-01,2019-08-30,128,0.38305419615995734,0.2625948077723964
AAPL,2019-09-03,2019-03-04,2019-09-03,128,0.3335851445991779,0.263264015273398
AAPL,2019-09-04,2019-03-05,2019-09-04,128,0.3568305822938548,0.26411257031686863
AAPL,2019-09-05,2019-03-06,2019-09-05,128,0.39853810681872787,0.26526745231303667
AAPL,2019-09-06,2019-03-07,2019-09-06,128,0.40971381738888574,0.2650747797078427
AAPL,2019-09-09,2019-03-11,2019-09-09,127,0.43977907998474486,0.2654794679805448
AAPL,2019-09-10,2019-03-11,2019-09-10,128,0.4594641201630849,0.26480411294095535
AAPL,2019-09-11,2019-03-12,2019-09-11,128,0.45403852175726517,0.2641659575151383
AAPL,2019-09-12,2019-03-13,2019-09-12,128,0.42763503661402796,0.26389205104690294
AAPL,2019-09-13,2019-03-14,2019-09-13,128,0.3802706112150308,0.2655546336424133
AAPL,2019-09-16,2019-03-18,2019-09-16,127,0.3460873327835322,0.2658181270033747
AAPL,2019-09-17,2019-03-18,2019-09-17,128,0.35053303781214284,0.2647884880288732
AAPL,2019-09-18,2019-03-19,2019-09-18,128,0.3489163952893468,0.264737049963514
AAPL,2019-09-19,2019-03-20,2019-09-19,128,0.34851866775584345,0.2647513449957141
AAPL,2019-09-20,2019-03-21,2019-09-20,128,0.30239808016696434,0.2655059744980487
AAPL,2019-09-23,2019-03-25,2019-09-23,127,0.28353565233870465,0.26009438646670663
AAPL,2019-09-24,2019-03-25,2019-09-24,128,0.27193663134887053,0.2592002242914136
AAPL,2019-09-25,2019-03-26,2019-09-25,128,0.3259541178606941,0.25927740893663326
AAPL,2019-09-26,2019-03-27,2019-09-26,128,0.3362200014358813,0.2589143257507491
AAPL,2019-09-27,2019-03-28,2019-09-27,128,0.3089881352535652,0.2588339693452517
AAPL,2019-09-30,2019-04-01,2019-09-30,127,0.34205932394684346,0.2616065773640512
AAPL,2019-10-01,2019-04-02,2019-10-01,127,0.3341147924212648,0.2615017282507187
AAPL,2019-10-02,2019-04-03,2019-10-02,127,0.25510296418335676,0.26351821431287253
AAPL,2019-10-03,2019-04-04,2019-10-03,127,0.2583316826924471,0.2636000340723609
AAPL,2019-10-04,2019-04-05,2019-10-04,127,0.30973818579575224,0.2662532167048115
AAPL,2019-10-07,2019-04-08,2019-10-07,127,0.2969362455427109,0.2661445255398793
AAPL,2019-10-08,2019-04-09,2019-10-08,127,0.24257170705053394,0.2659706466599824
AAPL,2019-10-09,2019-04-10,2019-10-09,127,0.27165189687578717,0.2663345267086732
AAPL,2019-10-10,2019-04-11,2019-10-10,127,0.2871088460874108,0.2668245474220738
AAPL,2019-10-11,2019-04-12,2019-10-11,127,0.3557843235944356,0.2688070428307011
AAPL,2019-10-14,2019-04-15,2019-10-14,127,0.35372329268191877,0.26882504131541596
AAPL,2019-10-15,2019-04-16,2019-10-15,127,0.34550251907213714,0.26887590272996365
AAPL,2019-10-16,2019-04-17,2019-10-16,127,0.3372761411706707,0.26897848703058314
AAPL,2019-10-17,2019-04-18,2019-10-17,127,0.30669749857842976,0.26779531102873205
AAPL,2019-10-18,2019-04-22,2019-10-18,127,0.30908695105528766,0.2678219970890489
AAPL,2019-10-21,2019-04-22,2019-10-21,128,0.3405229586320232,0.26770465843358504
AAPL,2019-10-22,2019-04-23,2019-10-22,128,0.32955624819159457,0.26773907917001316
AAPL,2019-10-23,2019-04-24,2019-10-23,128,0.32760550544081574,0.26764711560939103
AAPL,2019-10-24,2019-04-25,2019-10-24,128,0.33388021512478006,0.26761728230323645
AAPL,2019-10-25,2019-04-26,2019-10-25,128,0.3759278370129745,0.26764166815495555
AAPL,2019-10-28,2019-04-29,2019-10-28,128,0.40497186687613973,0.2677555494510118
AAPL,2019-10-29,2019-04-30,2019-10-29,128,0.35591863895328324,0.2700448404014647
AAPL,2019-10-30,2019-05-01,2019-10-30,128,0.39395644562361776,0.2684399008174156
AAPL,2019-10-31,2019-05-01,2019-10-31,129,0.43457840036114986,0.2689641759039786
AAPL,2019-11-01,2019-05-02,2019-11-01,129,0.3956387268953803,0.26361380336640866
AAPL,2019-11-04,2019-05-06,2019-11-04,128,0.400147181478172,0.2640596955048217
AAPL,2019-11-05,2019-05-06,2019-11-05,129,0.39423614273299745,0.2630601882929426
AAPL,2019-11-06,2019-05-07,2019-11-06,129,0.4254741987550594,0.2619575591115965
AAPL,2019-11-07,2019-05-08,2019-11-07,129,0.5012739078454045,0.2590943596808054
AAPL,2019-11-08,2019-05-09,2019-11-08,129,0.5062276966164516,0.25908407184213883
AAPL,2019-11-11,2019-05-13,2019-11-11,128,0.5744428544600888,0.25859623975379226
AAPL,2019-11-12,2019-05-13,2019-11-12,129,0.5682008825635924,0.2576228300022815
AAPL,2019-11-13,2019-05-14,2019-11-13,129,0.7037976428773223,0.2424877823336055
AAPL,2019-11-14,2019-05-15,2019-11-14,129,0.6595518489928581,0.24217929374620556
AAPL,2019-11-15,2019-05-16,2019-11-15,129,0.6593591371477572,0.24217188212882673
AAPL,2019-11-18,2019-05-20,2019-11-18,128,0.6943111584619374,0.24265314406320465
AAPL,2019-11-19,2019-05-20,2019-11-19,129,0.6829958527007302,0.2418389678112874
AAPL,2019-11-20,2019-05-21,2019-11-20,129,0.7221823726907164,0.2377998750279002
AAPL,2019-11-21,2019-05-22,2019-11-21,129,0.67630770190545,0.2369286298193861
AAPL,2019-11-22,2019-05-23,2019-11-22,129,0.7149987775348889,0.23468941639323906
AAPL,2019-11-25,2019-05-28,2019-11-25,128,0.7962774557370924,0.2345622378172168
AAPL,2019-11-26,2019-05-28,2019-11-26,129,0.7747905952435832,0.2341494028332871
AAPL,2019-11-27,2019-05-28,2019-11-27,130,0.7946950541339755,0.23367780803997948
AAPL,2019-11-29,2019-05-30,2019-11-29,129,0.8139796422670437,0.23421832236665455
AAPL,2019-12-02,2019-06-03,2019-12-02,128,0.823250862659051,0.23409881613097785
AAPL,2019-12-03,2019-06-04,2019-12-03,128,0.80783647929223,0.23524494448423716
AAPL,2019-12-04,2019-06-05,2019-12-04,128,0.7543987345159616,0.23079345588673766
AAPL,2019-12-05,2019-06-06,2019-12-05,128,0.7515442054616948,0.2306400592945123
AAPL,2019-12-06,2019-06-07,2019-12-06,128,0.7605158739418649,0.2311825496925417
AAPL,2019-12-09,2019-06-10,2019-12-09,128,0.6810415385053878,0.23006257315464324
AAPL,2019-12-10,2019-06-11,2019-12-10,128,0.667513589223151,0.22967185383972097
AAPL,2019-12-11,2019-06-12,2019-12-11,128,0.6615689277345712,0.2294796091173086
AAPL,2019-12-12,2019-06-13,2019-12-12,128,0.672855230504828,0.22933238974230227
AAPL,2019-12-13,2019-06-14,2019-12-13,128,0.6998425214410304,0.22979734235480165
AAPL,2019-12-16,2019-06-17,2019-12-16,128,0.7476075894538168,0.23020970848774794
AAPL,2019-12-17,2019-06-18,2019-12-17,128,0.7397615952389301,0.23017518778524967
AAPL,2019-12-18,2019-06-19,2019-12-18,128,0.6892861562577837,0.22849112303660454
AAPL,2019-12-19,2019-06-20,2019-12-19,128,0.6970179349042135,0.22836442054986908
AAPL,2019-12-20,2019-06-21,2019-12-20,128,0.6771787154645039,0.2283435339472224
AAPL,2019-12-23,2019-06-24,2019-12-23,128,0.715769853175999,0.22895967983971954
AAPL,2019-12-24,2019-06-25,2019-12-24,128,0.7196220070136471,0.22891090222193186
AAPL,2019-12-26,2019-06-27,2019-12-26,127,0.7521181880532843,0.2281023614256466
AAPL,2019-12-27,2019-06-28,2019-12-27,127,0.7519615784079886,0.22810466176934643
AAPL,2019-12-30,2019-07-01,2019-12-30,127,0.7818661498931666,0.2274878691820975
AAPL,2019-12-31,2019-07-01,2019-12-31,128,0.7900903284503371,0.22666627432428366
AAPL,2020-01-02,2019-07-03,2020-01-02,127,0.7934302120935439,0.228195057021384
AAPL,2020-01-03,2019-07-05,2020-01-03,127,0.7576697040873954,0.2288001879709894
AAPL,2020-01-06,2019-07-08,2020-01-06,127,0.7751649550049403,0.22883768396665258
AAPL,2020-01-07,2019-07-08,2020-01-07,128,0.7598284372213601,0.22819689003425042
AAPL,2020-01-08,2019-07-09,2020-01-08,128,0.8322544337460809,0.22640016951752795
AAPL,2020-01-09,2019-07-10,2020-01-09,128,0.8616621277272449,0.22773014247586387
AAPL,2020-01-10,2019-07-11,2020-01-10,128,0.8467360187420938,0.22755439776035427
AAPL,2020-01-13,2019-07-15,2020-01-13,127,0.8946649815326978,0.22923884488763893
AAPL,2020-01-14,2019-07-15,2020-01-14,128,0.8609099028409928,0.22959836784808296
AAPL,2020-01-15,2019-07-16,2020-01-15,128,0.8340442446964449,0.22969679743815957
AAPL,2020-01-16,2019-07-17,2020-01-16,128,0.8653756932756407,0.22985064947984243
AAPL,2020-01-17,2019-07-18,2020-01-17,128,0.898155373853713,0.2297336877179852
AAPL,2020-01-21,2019-07-22,2020-01-21,127,0.8991638805060566,0.22934575341891858
AAPL,2020-01-22,2019-07-23,2020-01-22,127,0.8613961712818611,0.22774892118860263
AAPL,2020-01-23,2019-07-24,2020-01-23,127,0.8554774709540932,0.2276732251851987
AAPL,2020-01-24,2019-07-25,2020-01-24,127,0.8513666634919402,0.2277685117587391
AAPL,2020-01-27,2019-07-29,2020-01-27,126,0.8073648913753502,0.2329226639020345
AAPL,2020-01-28,2019-07-29,2020-01-28,127,0.8563611958296538,0.23458950001856285
AAPL,2020-01-29,2019-07-30,2020-01-29,127,0.87902391593383,0.23571268588381497
AAPL,2020-01-30,2019-07-31,2020-01-30,127,0.8846810465413082,0.23555841423968676
AAPL,2020-01-31,2019-08-01,2020-01-31,127,0.7546124335172438,0.24420926576761712
AAPL,2020-02-03,2019-08-05,2020-02-03,126,0.8416245716905566,0.24022122902809584
AAPL,2020-02-04,2019-08-05,2020-02-04,127,0.8994466916842703,0.24276165076853917
AAPL,2020-02-05,2019-08-06,2020-02-05,127,1.0222509378336129,0.22877780247083884
AAPL,2020-02-06,2019-08-07,2020-02-06,127,1.0081144316988873,0.22808150967410357
AAPL,2020-02-07,2019-08-08,2020-02-07,127,0.9605154644019336,0.22925604890046677
AAPL,2020-02-10,2019-08-12,2020-02-10,126,0.9505318214711922,0.22810548447789958
AAPL,2020-02-11,2019-08-12,2020-02-11,127,0.9310396535118172,0.22761950443944717
AAPL,2020-02-12,2019-08-13,2020-02-12,127,0.9826519765069475,0.22913830471276717
AAPL,2020-02-13,2019-08-14,2020-02-13,127,0.8861722967944778,0.22335419246199203
AAPL,2020-02-14,2019-08-15,2020-02-14,127,0.9466188782373847,0.21821538481748715
AAPL,2020-02-18,2019-08-19,2020-02-18,126,0.8805180642801114,0.2192082269178146
AAPL,2020-02-19,2019-08-20,2020-02-19,126,0.8723308466284436,0.21872022945940242
AAPL,2020-02-20,2019-08-21,2020-02-20,126,0.8516118157566419,0.21953537838699208
AAPL,2020-02-21,2019-08-22,2020-02-21,126,0.7842610882333441,0.22239369359103803
AAPL,2020-02-24,2019-08-26,2020-02-24,125,0.7895351194083561,0.2238410444464898
AAPL,2020-02-25,2019-08-26,2020-02-25,126,0.7143503343992279,0.22919500566526022
AAPL,2020-02-26,2019-08-27,2020-02-26,126,0.7081876186388962,0.22880281496163646
AAPL,2020-02-27,2019-08-28,2020-02-27,126,0.595677923738398,0.24877957801452785
AAPL,2020-02-28,2019-08-29,2020-02-28,126,0.58113199232442,0.2487373490920039
AAPL,2020-03-02,2019-09-03,2020-03-02,125,0.7339985871084893,0.2776753880463064
AAPL,2020-03-03,2019-09-04,2020-03-03,125,0.6985093079146637,0.2810453322967296
AAPL,2020-03-04,2019-09-05,2020-03-04,125,0.755999654626011,0.28680077911196367
AAPL,2020-03-05,2019-09-06,2020-03-05,125,0.6504862606358384,0.290337969708678
AAPL,2020-03-06,2019-09-09,2020-03-06,125,0.6237232654328057,0.2911971393640388
AAPL,2020-03-09,2019-09-10,2020-03-09,125,0.4490306918423131,0.3151277132112109
AAPL,2020-03-10,2019-09-11,2020-03-10,125,0.5655600488210795,0.3292136074059631
AAPL,2020-03-11,2019-09-12,2020-03-11,125,0.4311975941099125,0.3308558670236962
AAPL,2020-03-12,2019-09-13,2020-03-12,125,0.22609167140520453,0.36327152894289116
AAPL,2020-03-13,2019-09-16,2020-03-13,125,0.4938229364142527,0.39551621514458457
AAPL,2020-03-16,2019-09-17,2020-03-16,125,0.20563319534421043,0.442405144610637
AAPL,2020-03-17,2019-09-18,2020-03-17,125,0.28506235981702965,0.44643324692097086
AAPL,2020-03-18,2019-09-19,2020-03-18,125,0.21627624586651303,0.4477854786292237
AAPL,2020-03-19,2019-09-20,2020-03-19,125,0.21721701724449066,0.44776687256491887
AAPL,2020-03-20,2019-09-23,2020-03-20,125,0.11467425239820406,0.4570925174157375
AAPL,2020-03-23,2019-09-24,2020-03-23,125,0.062239062071529114,0.4581112312833921
AAPL,2020-03-24,2019-09-25,2020-03-24,125,0.26458927039291436,0.47763053880442313
AAPL,2020-03-25,2019-09-26,2020-03-25,125,0.22266377641652474,0.477284647020784
AAPL,2020-03-26,2019-09-27,2020-03-26,125,0.3364793706573624,0.48253174548167593
AAPL,2020-03-27,2019-09-30,2020-03-27,125,0.26106906370502264,0.4864178315933673
AAPL,2020-03-30,2019-10-01,2020-03-30,125,0.27089854863594204,0.48691961419594854
AAPL,2020-03-31,2019-10-01,2020-03-31,126,0.26466278704543367,0.4849880693012235
AAPL,2020-04-01,2019-10-02,2020-04-01,126,0.151030027631605,0.4911994876741094
AAPL,2020-04-02,2019-10-03,2020-04-02,126,0.2349030452783767,0.49030625042633036
AAPL,2020-04-03,2019-10-04,2020-04-03,126,0.18903452594327774,0.49066913423701597
AAPL,2020-04-06,2019-10-07,2020-04-06,126,0.30102179766344506,0.5030895050113786
AAPL,2020-04-07,2019-10-08,2020-04-07,126,0.2772817369990328,0.503415812699909
AAPL,2020-04-08,2019-10-09,2020-04-08,126,0.3513951878259345,0.5042308563583465
AAPL,2020-04-09,2019-10-10,2020-04-09,126,0.3424714110548486,0.5040873268744163
AAPL,2020-04-13,2019-10-14,2020-04-13,125,0.3044845706487506,0.5052310489373835
AAPL,2020-04-14,2019-10-15,2020-04-14,125,0.4067155388830311,0.5098005110084148
AAPL,2020-04-15,2019-10-16,2020-04-15,125,0.3929366576500783,0.510000413747931
AAPL,2020-04-16,2019-10-17,2020-04-16,125,0.41704726298101313,0.5100160137130237
AAPL,2020-04-17,2019-10-18,2020-04-17,125,0.38169274203167947,0.5104684917725378
AAPL,2020-04-20,2019-10-21,2020-04-20,125,0.32974776618155827,0.5114424279983109
AAPL,2020-04-21,2019-10-22,2020-04-21,125,0.23178588920973273,0.5130264050788972
AAPL,2020-04-22,2019-10-23,2020-04-22,125,0.29364886965831266,0.514484361958781
AAPL,2020-04-23,2019-10-24,2020-04-23,125,0.2589483910282839,0.5142376997371116
AAPL,2020-04-24,2019-10-25,2020-04-24,125,0.3130114703993068,0.5157105381472273
AAPL,2020-04-27,2019-10-28,2020-04-27,125,0.2897585025820787,0.5154705808422615
AAPL,2020-04-28,2019-10-29,2020-04-28,125,0.23671839974047157,0.5159093923080151
AAPL,2020-04-29,2019-10-30,2020-04-29,125,0.3490440786570213,0.5166324354517758
AAPL,2020-04-30,2019-10-31,2020-04-30,125,0.39137914024221043,0.5173677130928963
AAPL,2020-05-01,2019-11-04,2020-05-01,124,0.259241130255062,0.5177889197112515
AAPL,2020-05-04,2019-11-05,2020-05-04,124,0.27449100934206366,0.5180631517883659
AAPL,2020-05-05,2019-11-06,2020-05-05,124,0.30768890036120367,0.518423156526459
AAPL,2020-05-06,2019-11-07,2020-05-06,124,0.3276796865893248,0.5185819517839454
AAPL,2020-05-07,2019-11-08,2020-05-07,124,0.32527384177123875,0.5185371076450881
AAPL,2020-05-08,2019-11-11,2020-05-08,124,0.36752436675231465,0.5195016679277327
AAPL,2020-05-11,2019-11-12,2020-05-11,124,0.38322433159953123,0.5198141832724466
AAPL,2020-05-12,2019-11-13,2020-05-12,124,0.3617265081806251,0.5201344111394526
AAPL,2020-05-13,2019-11-14,2020-05-13,124,0.317660378143717,0.5203610267708201
AAPL,2020-05-14,2019-11-15,2020-05-14,124,0.3442175173079255,0.5202723889218035
AAPL,2020-05-15,2019-11-18,2020-05-15,124,0.30816744725334105,0.520157434334603
AAPL,2020-05-18,2019-11-19,2020-05-18,124,0.3452730417670422,0.5210815865269116
AAPL,2020-05-19,2019-11-20,2020-05-19,124,0.339668488776085,0.521144202134267
AAPL,2020-05-20,2019-11-21,2020-05-20,124,0.40260886547529623,0.5214245390653804
AAPL,2020-05-21,2019-11-22,2020-05-21,124,0.3965335843079678,0.5215134985596152
AAPL,2020-05-22,2019-11-25,2020-05-22,124,0.4113605004160199,0.5215469477818936
AAPL,2020-05-26,2019-11-27,2020-05-26,123,0.38122947597146545,0.5231503341594046
AAPL,2020-05-27,2019-11-29,2020-05-27,123,0.3628006641509576,0.5228885567130358
AAPL,2020-05-28,2019-11-29,2020-05-28,124,0.36076879260159816,0.5207606060738538
AAPL,2020-05-29,2019-12-02,2020-05-29,124,0.36327026119749356,0.5207459504885772
AAPL,2020-06-01,2019-12-02,2020-06-01,125,0.38500540822001683,0.5188677794790522
AAPL,2020-06-02,2019-12-03,2020-06-02,125,0.41776199333569536,0.5185432300233005
AAPL,2020-06-03,2019-12-04,2020-06-03,125,0.46509964889659666,0.5178062889491695
AAPL,2020-06-04,2019-12-05,2020-06-04,125,0.42994677386626534,0.5179230803087976
AAPL,2020-06-05,2019-12-06,2020-06-05,125,0.45719973591841073,0.5189597632212498
AAPL,2020-06-08,2019-12-09,2020-06-08,125,0.43051390954915647,0.5184021056920562
AAPL,2020-06-09,2019-12-10,2020-06-09,125,0.5216144653408739,0.5195710671409661
AAPL,2020-06-10,2019-12-11,2020-06-10,125,0.5610776174858442,0.5206011253670755
AAPL,2020-06-11,2019-12-12,2020-06-11,125,0.4447646616627349,0.5256106517438063
AAPL,2020-06-12,2019-12-13,2020-06-12,125,0.4569647876004673,0.5256991304482022
AAPL,2020-06-15,2019-12-16,2020-06-15,125,0.4545244670952091,0.5256472420059897
AAPL,2020-06-16,2019-12-17,2020-06-16,125,0.4730400290332279,0.5263471659978426
AAPL,2020-06-17,2019-12-18,2020-06-17,125,0.46627421066068,0.5263676180171315
AAPL,2020-06-18,2019-12-19,2020-06-18,125,0.471899094313633,0.5263368248703562
AAPL,2020-06-19,2019-12-20,2020-06-19,125,0.4583288022533487,0.5264462635282705
AAPL,2020-06-22,2019-12-23,2020-06-22,125,0.5145771652170433,0.5275165052399552
AAPL,2020-06-23,2019-12-24,2020-06-23,125,0.5245228017155892,0.5278317507195321
AAPL,2020-06-24,2019-12-26,2020-06-24,125,0.48670256642879367,0.5285850278096457
AAPL,2020-06-25,2019-12-26,2020-06-25,126,0.5092163297828041,0.5267070811577419
AAPL,2020-06-26,2019-12-27,2020-06-26,126,0.4075092488439953,0.5281842333920156
AAPL,2020-06-29,2019-12-30,2020-06-29,126,0.45383770628137476,0.5290229579954991
AAPL,2020-06-30,2019-12-31,2020-06-30,126,0.45862880198118283,0.529071382358249
AAPL,2020-07-01,2020-01-02,2020-07-01,126,0.4402823307169026,0.5290395789819214
AAPL,2020-07-02,2020-01-03,2020-07-02,126,0.39516232803140916,0.5282117062415552
AAPL,2020-07-06,2020-01-07,2020-07-06,125,0.4552396402865579,0.531180387213614
AAPL,2020-07-07,2020-01-08,2020-07-07,125,0.45847739575413426,0.5311452155963043
AAPL,2020-07-08,2020-01-09,2020-07-08,125,0.4727203788904366,0.5316219241830149
AAPL,2020-07-09,2020-01-10,2020-07-09,125,0.4389979903662687,0.5309279419897256
AAPL,2020-07-10,2020-01-13,2020-07-10,125,0.4379683791443081,0.5309274279658195
AAPL,2020-07-13,2020-01-14,2020-07-13,125,0.386030432111176,0.530273928201692
AAPL,2020-07-14,2020-01-15,2020-07-14,125,0.4465268182602168,0.5302459795664136
AAPL,2020-07-15,2020-01-16,2020-07-15,125,0.469002412539778,0.5302230317143912
AAPL,2020-07-16,2020-01-17,2020-07-16,125,0.41894586931762245,0.5303874639760586
AAPL,2020-07-17,2020-01-21,2020-07-17,125,0.39267135863565816,0.5302434386545597
AAPL,2020-07-20,2020-01-21,2020-07-20,126,0.4312650664963087,0.5288228215059735
AAPL,2020-07-21,2020-01-22,2020-07-21,126,0.41707009896555824,0.5291482803148403
AAPL,2020-07-22,2020-01-23,2020-07-22,126,0.4155540219875249,0.5291438551249059
AAPL,2020-07-23,2020-01-24,2020-07-23,126,0.3127751471106919,0.5334989832004254
AAPL,2020-07-24,2020-01-27,2020-07-24,126,0.313586745069097,0.53349296279815
AAPL,2020-07-27,2020-01-28,2020-07-27,126,0.42012639429079357,0.5325526639479714
AAPL,2020-07-28,2020-01-29,2020-07-28,126,0.3312057254274272,0.5318494352669181
AAPL,2020-07-29,2020-01-30,2020-07-29,126,0.32774693225751683,0.5317278570352254
AAPL,2020-07-30,2020-01-31,2020-07-30,126,0.3547029109928417,0.5319288792838174
AAPL,2020-07-31,2020-02-03,2020-07-31,126,0.644533491737354,0.5455528080640011
AAPL,2020-08-03,2020-02-04,2020-08-03,126,0.6998044404399089,0.5464099926326345
AAPL,2020-08-04,2020-02-05,2020-08-04,126,0.6481555456032826,0.5447979934077015
AAPL,2020-08-05,2020-02-06,2020-08-05,126,0.6391486288098154,0.544742734005397
AAPL,2020-08-06,2020-02-07,2020-08-06,126,0.6844792834574243,0.5464458190531392
AAPL,2020-08-07,2020-02-10,2020-08-07,126,0.6658556377704308,0.5471675150370685
AAPL,2020-08-10,2020-02-11,2020-08-10,126,0.6852389694545433,0.5474139712231958
AAPL,2020-08-11,2020-02-12,2020-08-11,126,0.6369596746650092,0.5492550965093892
AAPL,2020-08-12,2020-02-13,2020-08-12,126,0.6554076543738958,0.5501183505342404
AAPL,2020-08-13,2020-02-14,2020-08-13,126,0.7047858347780647,0.5503444439224426
AAPL,2020-08-14,2020-02-18,2020-08-14,126,0.7025106223704238,0.5503574247033046
AAPL,2020-08-17,2020-02-18,2020-08-17,127,0.6917917376046507,0.5482219286591766
AAPL,2020-08-18,2020-02-19,2020-08-18,127,0.7449267157952073,0.5474455496986447
AAPL,2020-08-19,2020-02-20,2020-08-19,127,0.7188837197993314,0.5472099715599656
AAPL,2020-08-20,2020-02-21,2020-08-20,127,0.782893449415912,0.5475444497870441
AAPL,2020-08-21,2020-02-24,2020-08-21,127,0.9280288317888016,0.5502846516912538
AAPL,2020-08-24,2020-02-25,2020-08-24,127,1.0481850675276851,0.5453526061223384
AAPL,2020-08-25,2020-02-26,2020-08-25,127,1.1002157778366568,0.542884136230747
AAPL,2020-08-26,2020-02-27,2020-08-26,127,1.09578668179279,0.5427997080342302
AAPL,2020-08-27,2020-02-28,2020-08-27,127,1.2060643021798225,0.5336339878746923
AAPL,2020-08-28,2020-03-02,2020-08-28,127,1.2040082234354734,0.5336568424230083
AAPL,2020-08-31,2020-03-02,2020-08-31,128,1.2602591184972818,0.5330613299359163
AAPL,2020-09-01,2020-03-02,2020-09-01,129,1.3267926915997632,0.5331045699924596
AAPL,2020-09-02,2020-03-03,2020-09-02,129,1.1119982853673753,0.5211118234193707
AAPL,2020-09-03,2020-03-04,2020-09-03,129,1.0120318690872008,0.5329778885666865
AAPL,2020-09-04,2020-03-05,2020-09-04,129,0.9247512393988477,0.5298065368277945
AAPL,2020-09-08,2020-03-09,2020-09-08,128,0.8860604185097293,0.5388229913184606
AAPL,2020-09-09,2020-03-10,2020-09-09,128,1.12527676552644,0.5272288402955897
AAPL,2020-09-10,2020-03-11,2020-09-10,128,0.9230138825283323,0.5217431555849127
AAPL,2020-09-11,2020-03-12,2020-09-11,128,0.966586329194624,0.5193783939625405
AAPL,2020-09-14,2020-03-16,2020-09-14,127,1.0146343910954376,0.47545660407354323
AAPL,2020-09-15,2020-03-16,2020-09-15,128,1.0097770619204625,0.47359368074817393
AAPL,2020-09-16,2020-03-17,2020-09-16,128,1.2219103154943707,0.43191431709533806
AAPL,2020-09-17,2020-03-18,2020-09-17,128,1.1055113259669749,0.4295034096516742
AAPL,2020-09-18,2020-03-19,2020-09-18,128,1.090845142993846,0.4306330688600148
AAPL,2020-09-21,2020-03-23,2020-09-21,127,1.30412347860451,0.42186913685534416
AAPL,2020-09-22,2020-03-23,2020-09-22,128,1.3246349485297462,0.42045915520888266
AAPL,2020-09-23,2020-03-24,2020-09-23,128,1.2825463801914663,0.4242091546243985
AAPL,2020-09-24,2020-03-25,2020-09-24,128,1.1144361042496005,0.4045184576359522
AAPL,2020-09-25,2020-03-26,2020-09-25,128,1.197819453064922,0.40681076685013967
AAPL,2020-09-28,2020-03-30,2020-09-28,127,1.2361960912559609,0.3984428476162915
AAPL,2020-09-29,2020-03-30,2020-09-29,128,1.211582329956636,0.39725857686556193
AAPL,2020-09-30,2020-03-31,2020-09-30,128,1.185643954893714,0.3961518303861346
AAPL,2020-10-01,2020-04-02,2020-10-01,127,1.3230064411776346,0.38876499728674163
AAPL,2020-10-02,2020-04-03,2020-10-02,127,1.2250601514339239,0.3920995729498494
AAPL,2020-10-05,2020-04-06,2020-10-05,127,1.313958899735759,0.39275893066282364
AAPL,2020-10-06,2020-04-07,2020-10-06,127,1.0902770878853545,0.37962025344521083
AAPL,2020-10-07,2020-04-08,2020-10-07,127,1.1467780362869278,0.3793424457566834
AAPL,2020-10-08,2020-04-09,2020-10-08,127,1.0947334960502342,0.37827467950016114
AAPL,2020-10-09,2020-04-13,2020-10-09,127,1.1146873267481552,0.3786910001056131
AAPL,2020-10-12,2020-04-13,2020-10-12,128,1.2272234940164908,0.3856298627897979
AAPL,2020-10-13,2020-04-14,2020-10-13,128,1.1360250067520297,0.38762994467627243
AAPL,2020-10-14,2020-04-15,2020-10-14,128,1.0404887740596032,0.3824565727654342
AAPL,2020-10-15,2020-04-16,2020-10-15,128,1.0507277603502456,0.3821672645725318
AAPL,2020-10-16,2020-04-17,2020-10-16,128,1.007387996627565,0.3829866150387727
AAPL,2020-10-19,2020-04-20,2020-10-19,128,0.983345584525768,0.38448430615373824
AAPL,2020-10-20,2020-04-21,2020-10-20,128,1.050441773404879,0.383079941725187
AAPL,2020-10-21,2020-04-22,2020-10-21,128,1.1015053093057277,0.38001811264535945
AAPL,2020-10-22,2020-04-23,2020-10-22,128,1.026641394719083,0.3789919929641321
AAPL,2020-10-23,2020-04-24,2020-10-23,128,1.0221723341677813,0.3790999268760259
AAPL,2020-10-26,2020-04-27,2020-10-26,128,0.9663117808611948,0.3775629456895458
AAPL,2020-10-27,2020-04-28,2020-10-27,128,0.99126678828597,0.3777734314007326
AAPL,2020-10-28,2020-04-29,2020-10-28,128,0.9300849145893325,0.3835553096316372
AAPL,2020-10-29,2020-04-30,2020-10-29,128,0.9380841842096734,0.3841988651091961
AAPL,2020-10-30,2020-05-01,2020-10-30,128,0.7834890348339046,0.3929411419768908
AAPL,2020-11-02,2020-05-04,2020-11-02,128,0.8138135978077534,0.3920302186911112
AAPL,2020-11-03,2020-05-04,2020-11-03,129,0.8372700000009807,0.39085631465499915
AAPL,2020-11-04,2020-05-05,2020-11-04,129,0.8880125479816279,0.39393381137194994
AAPL,2020-11-05,2020-05-06,2020-11-05,129,0.9270449746971442,0.39605374097799523
AAPL,2020-11-06,2020-05-07,2020-11-06,129,0.9047727976600234,0.3960010690116507
AAPL,2020-11-09,2020-05-11,2020-11-09,128,0.8055596094736364,0.3978127767045256
AAPL,2020-11-10,2020-05-11,2020-11-10,129,0.7934279923369296,0.3963508272280994
AAPL,2020-11-11,2020-05-12,2020-11-11,129,0.8213399471372439,0.3977361403458309
AAPL,2020-11-12,2020-05-13,2020-11-12,129,0.8392105342217967,0.39727332774132423
AAPL,2020-11-13,2020-05-14,2020-11-13,129,0.8637599447619317,0.3966972807339883
AAPL,2020-11-16,2020-05-18,2020-11-16,128,0.8872180414967265,0.3980857711475374
AAPL,2020-11-17,2020-05-18,2020-11-17,129,0.8655069631615341,0.39683184538689803
AAPL,2020-11-18,2020-05-19,2020-11-18,129,0.7976343434877815,0.39638073073648583
AAPL,2020-11-19,2020-05-20,2020-11-19,129,0.8190246594872251,0.3961888276482498
AAPL,2020-11-20,2020-05-21,2020-11-20,129,0.759874909613459,0.3960400024998662
AAPL,2020-11-23,2020-05-26,2020-11-23,128,0.7084646519108235,0.40002349827738737
AAPL,2020-11-24,2020-05-26,2020-11-24,129,0.7254915410064878,0.39864402811298827
AAPL,2020-11-25,2020-05-26,2020-11-25,130,0.7343319295665858,0.39714665137424554
AAPL,2020-11-27,2020-05-28,2020-11-27,129,0.7542140130002982,0.3984639621643714
AAPL,2020-11-30,2020-06-01,2020-11-30,128,0.8022661217013236,0.40075575464316865
AAPL,2020-12-01,2020-06-02,2020-12-01,128,0.8379772131229348,0.4023724959622251
AAPL,2020-12-02,2020-06-03,2020-12-02,128,0.8346509045103752,0.4023687025737621
AAPL,2020-12-03,2020-06-04,2020-12-03,128,0.8216019292548077,0.40240499276063413
AAPL,2020-12-04,2020-06-05,2020-12-04,128,0.8275497518351981,0.40224987042782373
AAPL,2020-12-07,2020-06-08,2020-12-07,128,0.7962711942063829,0.40092186174942845
AAPL,2020-12-08,2020-06-09,2020-12-08,128,0.7946623457774452,0.40091243860739206
AAPL,2020-12-09,2020-06-10,2020-12-09,128,0.6918642727776051,0.40038677175974774
AAPL,2020-12-10,2020-06-11,2020-12-10,128,0.6653162970248818,0.3993182985049427
AAPL,2020-12-11,2020-06-12,2020-12-11,128,0.7488774778160041,0.3927717705830427
AAPL,2020-12-14,2020-06-15,2020-12-14,128,0.7217940427644516,0.39285513544288786
AAPL,2020-12-15,2020-06-16,2020-12-15,128,0.7938206529219531,0.39791823753280137
AAPL,2020-12-16,2020-06-17,2020-12-16,128,0.741245866495856,0.39661653763596916
AAPL,2020-12-17,2020-06-18,2020-12-17,128,0.7576497881550155,0.3966081753248212
AAPL,2020-12-18,2020-06-19,2020-12-18,128,0.7254096599353587,0.39748651068057156
AAPL,2020-12-21,2020-06-22,2020-12-21,128,0.7609460883384584,0.39751758592770925
AAPL,2020-12-22,2020-06-23,2020-12-22,128,0.7653548864353505,0.3977848649404235
AAPL,2020-12-23,2020-06-24,2020-12-23,128,0.7099923777625319,0.3972047507685961
AAPL,2020-12-24,2020-06-25,2020-12-24,128,0.7601810554526024,0.39618711823843955
AAPL,2020-12-28,2020-06-29,2020-12-28,127,0.8716498860898493,0.3970827731605707
AAPL,2020-12-29,2020-06-30,2020-12-29,127,0.7998412210777033,0.39683227189901993
AAPL,2020-12-30,2020-07-01,2020-12-30,127,0.7663547556208649,0.39710712619278626
AAPL,2020-12-31,2020-07-01,2020-12-31,128,0.7451438508663141,0.39582938999015327
MSFT,2019-01-02,2018-07-03,2019-01-02,126,0.03837865023198539,0.2991148823313852
MSFT,2019-01-03,2018-07-05,2019-01-03,126,-0.017293787777944658,0.3035112243763193
MSFT,2019-01-04,2018-07-05,2019-01-04,127,0.07304628141741042,0.3090323768134806
MSFT,2019-01-07,2018-07-09,2019-01-07,126,0.034018164069681944,0.30950087982632757
MSFT,2019-01-08,2018-07-09,2019-01-08,127,0.04808571602351972,0.3084319755184663
MSFT,2019-01-09,2018-07-10,2019-01-09,127,0.06277010716228207,0.3089248037542746
MSFT,2019-01-10,2018-07-11,2019-01-10,127,0.044725742121673934,0.30904916453002945
MSFT,2019-01-11,2018-07-12,2019-01-11,127,0.032066316364218805,0.3092437458538294
MSFT,2019-01-14,2018-07-16,2019-01-14,126,-0.04886470583366709,0.30869175327913395
MSFT,2019-01-15,2018-07-16,2019-01-15,127,0.008254832707770415,0.3101267350347885
MSFT,2019-01-16,2018-07-17,2019-01-16,127,0.02504471242585931,0.31008419128428455
MSFT,2019-01-17,2018-07-18,2019-01-17,127,0.019356559865049364,0.30992989380404296
MSFT,2019-01-18,2018-07-19,2019-01-18,127,0.06447181791367533,0.31041914157177425
MSFT,2019-01-22,2018-07-23,2019-01-22,126,0.005168730355228135,0.31168375350840927
MSFT,2019-01-23,2018-07-24,2019-01-23,126,-0.007173709625641678,0.31117285643224707
MSFT,2019-01-24,2018-07-25,2019-01-24,126,-0.011004501450660342,0.3112199725051687
MSFT,2019-01-25,2018-07-26,2019-01-25,126,-0.050859425001750225,0.3087343725971379
MSFT,2019-01-28,2018-07-30,2019-01-28,125,-0.03284097811783723,0.30981781670786457
MSFT,2019-01-29,2018-07-30,2019-01-29,126,-0.07373203963970099,0.3099277696003108
MSFT,2019-01-30,2018-07-31,2019-01-30,126,0.03538278115331828,0.3119330131816791
MSFT,2019-01-31,2018-08-01,2019-01-31,126,-0.015049505237156424,0.31289837576505786
MSFT,2019-02-01,2018-08-02,2019-02-01,126,-0.050669796225745856,0.31368812057032014
MSFT,2019-02-04,2018-08-06,2019-02-04,125,-0.02694738876112811,0.31702535277197363
MSFT,2019-02-05,2018-08-06,2019-02-05,126,0.0010658576589808177,0.3163754173340426
MSFT,2019-02-06,2018-08-07,2019-02-06,126,-0.022921084028208583,0.316766530717181
MSFT,2019-02-07,2018-08-08,2019-02-07,126,-0.05113232477003926,0.31676597019842095
MSFT,2019-02-08,2018-08-09,2019-02-08,126,-0.05472135333377892,0.3167100060054874
MSFT,2019-02-11,2018-08-13,2019-02-11,125,-0.05414510786851812,0.3179070938809989
MSFT,2019-02-12,2018-08-13,2019-02-12,126,-0.022792225507194175,0.3174081010203188
MSFT,2019-02-13,2018-08-14,2019-02-13,126,-0.009741245620197958,0.3172444768514433
MSFT,2019-02-14,2018-08-15,2019-02-14,126,-0.03285316200497057,0.3167517102303653
MSFT,2019-02-15,2018-08-16,2019-02-15,126,0.018997772239901067,0.31664227287716695
MSFT,2019-02-19,2018-08-20,2019-02-19,125,0.01971650953680563,0.3179159144212648
MSFT,2019-02-20,2018-08-21,2019-02-20,125,0.022556902645683493,0.31786186173598907
MSFT,2019-02-21,2018-08-22,2019-02-21,125,0.08149506942476603,0.31899043489234913
MSFT,2019-02-22,2018-08-23,2019-02-22,125,0.08959680377581683,0.31929263099818483
MSFT,2019-02-25,2018-08-27,2019-02-25,124,0.07636356051362844,0.3204384579043809
MSFT,2019-02-26,2018-08-27,2019-02-26,125,0.08961564867605117,0.3192802003221616
MSFT,2019-02-27,2018-08-28,2019-02-27,125,0.06400934813379733,0.31892802712642865
MSFT,2019-02-28,2018-08-29,2019-02-28,125,0.049388035648663446,0.3188285360830998
MSFT,2019-03-01,2018-09-04,2019-03-01,123,0.021206917840800435,0.32066273667330963
MSFT,2019-03-04,2018-09-05,2019-03-04,123,0.02762545190369294,0.3205806851232044
MSFT,2019-03-05,2018-09-06,2019-03-05,123,0.07730268939510773,0.31786123680058015
MSFT,2019-03-06,2018-09-07,2019-03-06,123,0.07350385899280402,0.31784827830422446
MSFT,2019-03-07,2018-09-10,2019-03-07,123,0.058427762167535854,0.3182701169988426
MSFT,2019-03-08,2018-09-10,2019-03-08,124,0.060164274984875886,0.3169760362287556
MSFT,2019-03-11,2018-09-12,2019-03-11,123,0.04663979321877199,0.3183845022981901
MSFT,2019-03-12,2018-09-13,2019-03-12,123,0.0522971250599868,0.3184812349352073
MSFT,2019-03-13,2018-09-14,2019-03-13,123,0.04621205844076605,0.3183077318677248
MSFT,2019-03-14,2018-09-17,2019-03-14,123,0.03949278979441911,0.31825972164080096
MSFT,2019-03-15,2018-09-17,2019-03-15,124,0.062450796839061344,0.31737219872867706
MSFT,2019-03-18,2018-09-19,2019-03-18,123,0.09498476752110047,0.31861566338663844
MSFT,2019-03-19,2018-09-20,2019-03-19,123,0.12388906021359516,0.31799237116578666
MSFT,2019-03-20,2018-09-21,2019-03-20,123,0.08760875850969653,0.3171482413977629
MSFT,2019-03-21,2018-09-24,2019-03-21,123,0.12173712075384982,0.31866034459928966
MSFT,2019-03-22,2018-09-24,2019-03-22,124,0.0664494594492211,0.31972324577498473
MSFT,2019-03-25,2018-09-26,2019-03-25,123,0.07423457313571312,0.3210580885385859
MSFT,2019-03-26,2018-09-27,2019-03-26,123,0.08701349911523987,0.3210052638710438
MSFT,2019-03-27,2018-09-28,2019-03-27,123,0.05939394760067278,0.32128840435206674
MSFT,2019-03-28,2018-10-01,2019-03-28,123,0.06291590491215711,0.32129135780123413
MSFT,2019-03-29,2018-10-01,2019-03-29,124,0.0798870607245592,0.32020400941501226
MSFT,2019-04-01,2018-10-02,2019-04-01,124,0.07649757653084807,0.3201011296291764
MSFT,2019-04-02,2018-10-03,2019-04-02,124,0.08750023748397623,0.3200455071958991
MSFT,2019-04-03,2018-10-04,2019-04-03,124,0.10040315555096603,0.3201664199438438
MSFT,2019-04-04,2018-10-05,2019-04-04,124,0.1324801255844628,0.31880484978408974
MSFT,2019-04-05,2018-10-08,2019-04-05,124,0.1534114911261457,0.3187196933743077
MSFT,2019-04-08,2018-10-09,2019-04-08,124,0.1774218186303208,0.31824618378502945
MSFT,2019-04-09,2018-10-10,2019-04-09,124,0.14068987159811883,0.3179002463814965
MSFT,2019-04-10,2018-10-11,2019-04-10,124,0.2696776791622204,0.3075255643926724
MSFT,2019-04-11,2018-10-12,2019-04-11,124,0.27683552051992116,0.3074861125507402
MSFT,2019-04-12,2018-10-15,2019-04-12,124,0.2182363331749112,0.3038965711762768
MSFT,2019-04-15,2018-10-16,2019-04-15,124,0.2567869967823287,0.30266627486609704
MSFT,2019-04-16,2018-10-17,2019-04-16,124,0.1888583358246861,0.29959331615202345
MSFT,2019-04-17,2018-10-18,2019-04-17,124,0.210932434583145,0.29974346484483644
MSFT,2019-04-18,2018-10-19,2019-04-18,124,0.2784405251367153,0.29871405512436405
MSFT,2019-04-22,2018-10-23,2019-04-22,123,0.26594365381061086,0.29974017750861276
MSFT,2019-04-23,2018-10-24,2019-04-23,123,0.3223622048162737,0.29946435985055725
MSFT,2019-04-24,2018-10-25,2019-04-24,123,0.4279102072770191,0.28835588916412364
MSFT,2019-04-25,2018-10-26,2019-04-25,123,0.3782901829274861,0.2807805858365441
MSFT,2019-04-26,2018-10-29,2019-04-26,123,0.41550355796934363,0.28011927541786097
MSFT,2019-04-29,2018-10-30,2019-04-29,123,0.4740643760232931,0.27651706402280596
MSFT,2019-04-30,2018-10-31,2019-04-30,123,0.48949510170588545,0.2765563224791166
MSFT,2019-05-01,2018-11-02,2019-05-01,122,0.40687785027604145,0.27642960770246666
MSFT,2019-05-02,2018-11-05,2019-05-02,122,0.37505018974728427,0.27724015893110737
MSFT,2019-05-03,2018-11-05,2019-05-03,123,0.41520951353595303,0.2775234664843907
MSFT,2019-05-06,2018-11-07,2019-05-06,122,0.37642688784595174,0.2784146764997391
MSFT,2019-05-07,2018-11-08,2019-05-07,122,0.253850910843662,0.27498237401296705
MSFT,2019-05-08,2018-11-09,2019-05-08,122,0.2575640647888974,0.27495523518206244
MSFT,2019-05-09,2018-11-12,2019-05-09,122,0.2980921237378948,0.2733166448087381
MSFT,2019-05-10,2018-11-12,2019-05-10,123,0.32210729824343753,0.27271079083211447
MSFT,2019-05-13,2018-11-14,2019-05-13,122,0.3125837861670664,0.2749790728710666
MSFT,2019-05-14,2018-11-15,2019-05-14,122,0.3650666664566792,0.2744159681950817
MSFT,2019-05-15,2018-11-16,2019-05-15,122,0.34898888092605035,0.27344194552052525
MSFT,2019-05-16,2018-11-19,2019-05-16,122,0.3767880511695631,0.27494053289656684
MSFT,2019-05-17,2018-11-19,2019-05-17,123,0.3600130294522076,0.2740621066498916
MSFT,2019-05-20,2018-11-21,2019-05-20,122,0.46239334567456164,0.26777995326754506
MSFT,2019-05-21,2018-11-23,2019-05-21,122,0.44525380371913076,0.26728121930184073
MSFT,2019-05-22,2018-11-23,2019-05-22,123,0.45402784890992814,0.26625412302316065
MSFT,2019-05-23,2018-11-26,2019-05-23,123,0.43077102940178214,0.2669418140832546
MSFT,2019-05-24,2018-11-26,2019-05-24,124,0.42826325251531216,0.2658602901617761
MSFT,2019-05-28,2018-11-29,2019-05-28,122,0.27863909794418135,0.25930625412110936
MSFT,2019-05-29,2018-11-30,2019-05-29,122,0.2759276265298386,0.25941336217735234
MSFT,2019-05-30,2018-12-03,2019-05-30,122,0.2758669249050326,0.259412129921254
MSFT,2019-05-31,2018-12-03,2019-05-31,123,0.23994371938953887,0.25956296569834214
MSFT,2019-06-03,2018-12-04,2019-06-03,123,0.15327299033435074,0.26329594493769737
MSFT,2019-06-04,2018-12-06,2019-06-04,123,0.27557367011018513,0.2617123709948789
MSFT,2019-06-05,2018-12-06,2019-06-05,124,0.31693814870726006,0.2622564375281508
MSFT,2019-06-06,2018-12-07,2019-06-06,124,0.3363182372286934,0.2629726465316536
MSFT,2019-06-07,2018-12-10,2019-06-07,124,0.4754631358258165,0.25854984365205536
MSFT,2019-06-10,2018-12-11,2019-06-10,124,0.4409305289424526,0.256417816835128
MSFT,2019-06-11,2018-12-12,2019-06-11,124,0.4144509135423981,0.25630953881782786
MSFT,2019-06-12,2018-12-13,2019-06-12,124,0.39589509611661217,0.25643146435764225
MSFT,2019-06-13,2018-12-14,2019-06-13,124,0.40180149920222896,0.25650707446833265
MSFT,2019-06-14,2018-12-17,2019-06-14,124,0.46831321668132636,0.2519951861111558
MSFT,2019-06-17,2018-12-18,2019-06-17,124,0.5355343319549727,0.24778775562566097
MSFT,2019-06-18,2018-12-19,2019-06-18,124,0.5493465298326036,0.24844368223153693
MSFT,2019-06-19,2018-12-20,2019-06-19,124,0.5627798839460103,0.24835653693267135
MSFT,2019-06-20,2018-12-21,2019-06-20,124,0.6247470671520422,0.24624506406506802
MSFT,2019-06-21,2018-12-24,2019-06-21,124,0.6917942090049137,0.24098390793912294
MSFT,2019-06-24,2018-12-26,2019-06-24,124,0.790421192459572,0.23202480495945232
MSFT,2019-06-25,2018-12-26,2019-06-25,125,0.7194232708388388,0.2364354085515406
MSFT,2019-06-26,2018-12-27,2019-06-26,125,0.5937511116343752,0.21844202433310184
MSFT,2019-06-27,2018-12-28,2019-06-27,125,0.5846679812639382,0.21837680083941013
MSFT,2019-06-28,2018-12-31,2019-06-28,125,0.597612845328465,0.2179596812034365
MSFT,2019-07-01,2019-01-02,2019-07-01,125,0.5997754942438088,0.21805814157207365
MSFT,2019-07-02,2019-01-03,2019-07-02,125,0.6220554125802541,0.21792020704190848
MSFT,2019-07-03,2019-01-04,2019-07-03,125,0.7105657048237894,0.21034771322310564
MSFT,2019-07-05,2019-01-07,2019-07-05,125,0.6130430107468016,0.20144456644954972
MSFT,2019-07-08,2019-01-09,2019-07-08,124,0.5992316389555126,0.2021874480081056
MSFT,2019-07-09,2019-01-10,2019-07-09,124,0.5629438718624555,0.20165036448000156
MSFT,2019-07-10,2019-01-11,2019-07-10,124,0.5966407553107095,0.2015734254462036
MSFT,2019-07-11,2019-01-14,2019-07-11,124,0.6204867380050102,0.20105995060628384
MSFT,2019-07-12,2019-01-14,2019-07-12,125,0.622792943366027,0.2002541710496559
MSFT,2019-07-15,2019-01-16,2019-07-15,124,0.5845890775612619,0.19707869519484872
MSFT,2019-07-16,2019-01-17,2019-07-16,124,0.5506371543749878,0.1983059659554964
MSFT,2019-07-17,2019-01-18,2019-07-17,124,0.524371204334058,0.1985191451225477
MSFT,2019-07-18,2019-01-22,2019-07-18,124,0.4963842874803594,0.19767014677960293
MSFT,2019-07-19,2019-01-22,2019-07-19,125,0.49536572768784715,0.196872783231779
MSFT,2019-07-22,2019-01-23,2019-07-22,125,0.5602578216959595,0.1951953260117679
MSFT,2019-07-23,2019-01-24,2019-07-23,125,0.5531896399865643,0.19498579773510866
MSFT,2019-07-24,2019-01-25,2019-07-24,125,0.5834385411660068,0.19505711262713585
MSFT,2019-07-25,2019-01-28,2019-07-25,125,0.5575024419114263,0.1950040454804268
MSFT,2019-07-26,2019-01-28,2019-07-26,126,0.5694173555107493,0.19440511236781344
MSFT,2019-07-29,2019-01-30,2019-07-29,125,0.650730159070781,0.1899284288428779
MSFT,2019-07-30,2019-01-31,2019-07-30,125,0.5747174321806139,0.18519449299781318
MSFT,2019-07-31,2019-02-01,2019-07-31,125,0.5525400629757787,0.18833517710718248
MSFT,2019-08-01,2019-02-04,2019-08-01,125,0.6109568036296393,0.18716001595767115
MSFT,2019-08-02,2019-02-04,2019-08-02,126,0.5892325107221588,0.18704174146926278
MSFT,2019-08-05,2019-02-06,2019-08-05,125,0.43840925860998436,0.19062132119917902
MSFT,2019-08-06,2019-02-07,2019-08-06,125,0.4983758848073979,0.19120806728198336
MSFT,2019-08-07,2019-02-08,2019-08-07,125,0.521689318258645,0.19078536189703585
MSFT,2019-08-08,2019-02-11,2019-08-08,125,0.5671364251863421,0.19385918528898133
MSFT,2019-08-09,2019-02-11,2019-08-09,126,0.545570820826546,0.19368342803875077
MSFT,2019-08-12,2019-02-13,2019-08-12,125,0.49848807146727303,0.19469083316418068
MSFT,2019-08-13,2019-02-14,2019-08-13,125,0.5412903988104233,0.1964127362751806
MSFT,2019-08-14,2019-02-15,2019-08-14,125,0.47794837445260335,0.20182878430406104
MSFT,2019-08-15,2019-02-19,2019-08-15,125,0.4486883134310755,0.20136400901642018
MSFT,2019-08-16,2019-02-19,2019-08-16,126,0.4814500455243458,0.20189044048449456
MSFT,2019-08-19,2019-02-20,2019-08-19,126,0.5155943035302304,0.20292692937115345
MSFT,2019-08-20,2019-02-21,2019-08-20,126,0.509332744384583,0.20320081450133903
MSFT,2019-08-21,2019-02-22,2019-08-21,126,0.4897576786155309,0.2018371142542229
MSFT,2019-08-22,2019-02-25,2019-08-22,126,0.44683481501575706,0.20150058623846706
MSFT,2019-08-23,2019-02-25,2019-08-23,127,0.3790644858374891,0.20638526721849107
MSFT,2019-08-26,2019-02-27,2019-08-26,126,0.38782792000325017,0.20791562619842482
MSFT,2019-08-27,2019-02-28,2019-08-27,126,0.3954900835446953,0.20786617869991203
MSFT,2019-08-28,2019-03-01,2019-08-28,126,0.39533322895483636,0.2078683519436025
MSFT,2019-08-29,2019-03-01,2019-08-29,127,0.42934305625876473,0.2084448255553266
MSFT,2019-08-30,2019-03-01,2019-08-30,128,0.42227950270497727,0.20768357695279246
MSFT,2019-09-03,2019-03-04,2019-09-03,128,0.3873489328589806,0.20870236358190822
MSFT,2019-09-04,2019-03-05,2019-09-04,128,0.41495452695027846,0.20910418984409293
MSFT,2019-09-05,2019-03-06,2019-09-05,128,0.45911656230770814,0.2100557320302414
MSFT,2019-09-06,2019-03-07,2019-09-06,128,0.44483497326844906,0.21039623409939806
MSFT,2019-09-09,2019-03-11,2019-09-09,127,0.4478113719370229,0.2111214657285012
MSFT,2019-09-10,2019-03-11,2019-09-10,128,0.42358933524733455,0.2109960199754406
MSFT,2019-09-11,2019-03-12,2019-09-11,128,0.3832636499349533,0.2092680066425528
MSFT,2019-09-12,2019-03-13,2019-09-12,128,0.3896723258526016,0.20948615625521746
MSFT,2019-09-13,2019-03-14,2019-09-13,128,0.37161876989107157,0.2093454471563925
MSFT,2019-09-16,2019-03-18,2019-09-16,127,0.3359014852087691,0.21004730538387642
MSFT,2019-09-17,2019-03-18,2019-09-17,128,0.34852488334073184,0.2094120572414287
MSFT,2019-09-18,2019-03-19,2019-09-18,128,0.33665663890625197,0.2088488886421629
MSFT,2019-09-19,2019-03-20,2019-09-19,128,0.37123031008818486,0.21018875884172186
MSFT,2019-09-20,2019-03-21,2019-09-20,128,0.3505261889635246,0.21096130418079745
MSFT,2019-09-23,2019-03-25,2019-09-23,127,0.3569636248779354,0.20589499003421088
MSFT,2019-09-24,2019-03-25,2019-09-24,128,0.3291134368528653,0.2060410591801794
MSFT,2019-09-25,2019-03-26,2019-09-25,128,0.34705207689544526,0.20677789043894043
MSFT,2019-09-26,2019-03-27,2019-09-26,128,0.34541496006256983,0.20677523628495809
MSFT,2019-09-27,2019-03-28,2019-09-27,128,0.3388383604234648,0.20718333397659897
MSFT,2019-09-30,2019-04-01,2019-09-30,127,0.34036457563347383,0.20806225861336428
MSFT,2019-10-01,2019-04-02,2019-10-01,127,0.294104404596947,0.2089121626343418
MSFT,2019-10-02,2019-04-03,2019-10-02,127,0.25592677785428164,0.2106153124091886
MSFT,2019-10-03,2019-04-04,2019-10-03,127,0.2668598549650399,0.2110460352308926
MSFT,2019-10-04,2019-04-05,2019-10-04,127,0.3035866423101846,0.21157595225523135
MSFT,2019-10-07,2019-04-08,2019-10-07,127,0.28037686664996736,0.21186064571557423
MSFT,2019-10-08,2019-04-09,2019-10-08,127,0.25862043188759287,0.2125032967592282
MSFT,2019-10-09,2019-04-10,2019-10-09,127,0.30664045260513473,0.21376232794498623
MSFT,2019-10-10,2019-04-11,2019-10-10,127,0.3038651212540881,0.21368786009130164
MSFT,2019-10-11,2019-04-12,2019-10-11,127,0.3098121654500825,0.21372839457429707
MSFT,2019-10-14,2019-04-15,2019-10-14,127,0.2977664960066204,0.21367734411169997
MSFT,2019-10-15,2019-04-16,2019-10-15,127,0.32464310554398335,0.21448264404060247
MSFT,2019-10-16,2019-04-17,2019-10-16,127,0.31291280110887143,0.21484267188234446
MSFT,2019-10-17,2019-04-18,2019-10-17,127,0.28634923752695024,0.2147973701113919
MSFT,2019-10-18,2019-04-22,2019-10-18,127,0.22779270906353113,0.2155438429987511
MSFT,2019-10-21,2019-04-22,2019-10-21,128,0.24057319569470315,0.21488670262442716
MSFT,2019-10-22,2019-04-23,2019-10-22,128,0.20484214493081374,0.21602365029664541
MSFT,2019-10-23,2019-04-24,2019-10-23,128,0.19081664342074656,0.2154249728405326
MSFT,2019-10-24,2019-04-25,2019-10-24,128,0.23593360020208531,0.21693474856390701
MSFT,2019-10-25,2019-04-26,2019-10-25,128,0.18287322344409113,0.21238209399587493
MSFT,2019-10-28,2019-04-29,2019-10-28,128,0.21944283057170577,0.21483276077128313
MSFT,2019-10-29,2019-04-30,2019-10-29,128,0.20260572512853484,0.21530914785741334
MSFT,2019-10-30,2019-05-01,2019-10-30,128,0.21443669792854794,0.2157822899285752
MSFT,2019-10-31,2019-05-01,2019-10-31,129,0.1959512147000795,0.2153442722853103
MSFT,2019-11-01,2019-05-02,2019-11-01,129,0.241829798872074,0.2131488470925466
MSFT,2019-11-04,2019-05-06,2019-11-04,128,0.2394146974569943,0.21127471266293518
MSFT,2019-11-05,2019-05-06,2019-11-05,129,0.23634253974210306,0.21045928121821111
MSFT,2019-11-06,2019-05-07,2019-11-06,129,0.2423259644599998,0.21030869143666592
MSFT,2019-11-07,2019-05-08,2019-11-07,129,0.28554409396489244,0.20807632623824704
MSFT,2019-11-08,2019-05-09,2019-11-08,129,0.3085855410045861,0.20859339786260322
MSFT,2019-11-11,2019-05-13,2019-11-11,128,0.28776940762156067,0.20875364171009225
MSFT,2019-11-12,2019-05-13,2019-11-12,129,0.29833274951764127,0.2080739042590435
MSFT,2019-11-13,2019-05-14,2019-11-13,129,0.36048138254935286,0.20332859157643038
MSFT,2019-11-14,2019-05-15,2019-11-14,129,0.34866889949871566,0.20293621874246148
MSFT,2019-11-15,2019-05-16,2019-11-15,129,0.3463907904165556,0.2028001644623866
MSFT,2019-11-18,2019-05-20,2019-11-18,128,0.3221787200134518,0.20102060376623407
MSFT,2019-11-19,2019-05-20,2019-11-19,129,0.32033117412260737,0.20023819057051148
MSFT,2019-11-20,2019-05-21,2019-11-20,129,0.34536448290916555,0.19904217893712772
MSFT,2019-11-21,2019-05-22,2019-11-21,129,0.33303977495830595,0.1989877325527928
MSFT,2019-11-22,2019-05-23,2019-11-22,129,0.32265946820247027,0.19887774050723034
MSFT,2019-11-25,2019-05-28,2019-11-25,128,0.3688221436727904,0.1992520436456251
MSFT,2019-11-26,2019-05-28,2019-11-26,129,0.3762700704729932,0.19854371325507597
MSFT,2019-11-27,2019-05-28,2019-11-27,130,0.3770692951151088,0.19777349986922954
MSFT,2019-11-29,2019-05-30,2019-11-29,129,0.3881213465704654,0.198189978363502
MSFT,2019-12-02,2019-06-03,2019-12-02,128,0.38716332677264376,0.1981784541919897
MSFT,2019-12-03,2019-06-04,2019-12-03,128,0.4460961018506867,0.19263835360774975
MSFT,2019-12-04,2019-06-05,2019-12-04,128,0.3994040341243802,0.18923938872897492
MSFT,2019-12-05,2019-06-06,2019-12-05,128,0.3582302687223236,0.1871473446135461
MSFT,2019-12-06,2019-06-07,2019-12-06,128,0.3510926102181987,0.18666734823197068
MSFT,2019-12-09,2019-06-10,2019-12-09,128,0.291643581298617,0.18302076369429002
MSFT,2019-12-10,2019-06-11,2019-12-10,128,0.2707521401850873,0.18271341998504723
MSFT,2019-12-11,2019-06-12,2019-12-11,128,0.28560127964092874,0.18262243939151673
MSFT,2019-12-12,2019-06-13,2019-12-12,128,0.3145985496614556,0.18286953303095482
MSFT,2019-12-13,2019-06-14,2019-12-13,128,0.31871372998987957,0.1830074045040036
MSFT,2019-12-16,2019-06-17,2019-12-16,128,0.329479694142973,0.18315143982876414
MSFT,2019-12-17,2019-06-18,2019-12-17,128,0.3128808496429159,0.18337733821874852
MSFT,2019-12-18,2019-06-19,2019-12-18,128,0.2748655727103003,0.18203149968720486
MSFT,2019-12-19,2019-06-20,2019-12-19,128,0.28417719171789113,0.1822977931814
MSFT,2019-12-20,2019-06-21,2019-12-20,128,0.28735703274702595,0.18245449250495147
MSFT,2019-12-23,2019-06-24,2019-12-23,128,0.2870700564059416,0.1824561837265543
MSFT,2019-12-24,2019-06-25,2019-12-24,128,0.27508690281164405,0.18234115828723688
MSFT,2019-12-26,2019-06-27,2019-12-26,127,0.3496855148451865,0.1771302025657353
MSFT,2019-12-27,2019-06-28,2019-12-27,127,0.3500522045626377,0.17713092285061008
MSFT,2019-12-30,2019-07-01,2019-12-30,127,0.33568926526305093,0.17765300171421747
MSFT,2019-12-31,2019-07-01,2019-12-31,128,0.334440824073455,0.17695443513998854
MSFT,2020-01-02,2019-07-03,2020-01-02,127,0.3350448328738444,0.17839152237097247
MSFT,2020-01-03,2019-07-05,2020-01-03,127,0.2974386397224438,0.17930469898580703
MSFT,2020-01-06,2019-07-08,2020-01-06,127,0.30834412807111744,0.17922079190976278
MSFT,2020-01-07,2019-07-08,2020-01-07,128,0.2879023862094596,0.17910730563851657
MSFT,2020-01-08,2019-07-09,2020-01-08,128,0.32045083307347744,0.18026289260723
MSFT,2020-01-09,2019-07-10,2020-01-09,128,0.3520943589968727,0.18080072101907707
MSFT,2020-01-10,2019-07-11,2020-01-10,128,0.32301156312373724,0.18057213970726016
MSFT,2020-01-13,2019-07-15,2020-01-13,127,0.3342152236219905,0.18184311465027306
MSFT,2020-01-14,2019-07-15,2020-01-14,128,0.3176887589643229,0.18150834299839788
MSFT,2020-01-15,2019-07-16,2020-01-15,128,0.33039798332973397,0.18164533058933627
MSFT,2020-01-16,2019-07-17,2020-01-16,128,0.39211203773287306,0.18200473551116847
MSFT,2020-01-17,2019-07-18,2020-01-17,128,0.4147675521732659,0.181782057343359
MSFT,2020-01-21,2019-07-22,2020-01-21,127,0.4058061448029555,0.18264986479334977
MSFT,2020-01-22,2019-07-23,2020-01-22,127,0.37013286482883095,0.18213076233277758
MSFT,2020-01-23,2019-07-24,2020-01-23,127,0.3700210436928513,0.18212785599721867
MSFT,2020-01-24,2019-07-25,2020-01-24,127,0.329658777063729,0.1824281305189929
MSFT,2020-01-27,2019-07-29,2020-01-27,126,0.2897522804132766,0.18455002127305178
MSFT,2020-01-28,2019-07-29,2020-01-28,127,0.3259774822489452,0.18560642002006367
MSFT,2020-01-29,2019-07-30,2020-01-29,127,0.36103597330811943,0.1866080344497103
MSFT,2020-01-30,2019-07-31,2020-01-30,127,0.42582292952372025,0.19005138229076463
MSFT,2020-01-31,2019-08-01,2020-01-31,127,0.4548570699555177,0.18632978004158965
MSFT,2020-02-03,2019-08-05,2020-02-03,126,0.49741584714895737,0.18847748210062104
MSFT,2020-02-04,2019-08-05,2020-02-04,127,0.5577612126704836,0.19255404140959315
MSFT,2020-02-05,2019-08-06,2020-02-05,127,0.6245057373558286,0.18529463051463238
MSFT,2020-02-06,2019-08-07,2020-02-06,127,0.6283501691044043,0.18565120565377685
MSFT,2020-02-07,2019-08-08,2020-02-07,127,0.6224850017915643,0.18563811892438306
MSFT,2020-02-10,2019-08-12,2020-02-10,126,0.6434594326458463,0.1855865210199658
MSFT,2020-02-11,2019-08-12,2020-02-11,127,0.5930842703381884,0.18827613577523886
MSFT,2020-02-12,2019-08-13,2020-02-12,127,0.6238466154598156,0.18683733309740483
MSFT,2020-02-13,2019-08-14,2020-02-13,127,0.5724318715177336,0.18540243300335346
MSFT,2020-02-14,2019-08-15,2020-02-14,127,0.6507394738872474,0.17966359183303676
MSFT,2020-02-18,2019-08-19,2020-02-18,126,0.6442492696008859,0.17920534028944257
MSFT,2020-02-19,2019-08-20,2020-02-19,126,0.6170181125738079,0.17808374395074136
MSFT,2020-02-20,2019-08-21,2020-02-20,126,0.6029270285871,0.17921962235396469
MSFT,2020-02-21,2019-08-22,2020-02-21,126,0.5165104676774472,0.18530841173288198
MSFT,2020-02-24,2019-08-26,2020-02-24,125,0.51179701226855,0.19066250081018324
MSFT,2020-02-25,2019-08-26,2020-02-25,126,0.4744559501366865,0.19172519177729208
MSFT,2020-02-26,2019-08-27,2020-02-26,126,0.4686395108044259,0.19135787371994392
MSFT,2020-02-27,2019-08-28,2020-02-27,126,0.31823349043335014,0.2187331590480957
MSFT,2020-02-28,2019-08-29,2020-02-28,126,0.36873698045294034,0.22103344178938364
MSFT,2020-03-02,2019-09-03,2020-03-02,125,0.46763702100385657,0.23798772395625042
MSFT,2020-03-03,2019-09-04,2020-03-03,125,0.39543206957639304,0.24784876852468388
MSFT,2020-03-04,2019-09-05,2020-03-04,125,0.4446978728907709,0.2522523258819766
MSFT,2020-03-05,2019-09-06,2020-03-05,125,0.35832006755415324,0.254173187593137
MSFT,2020-03-06,2019-09-09,2020-03-06,125,0.31423441624234666,0.25748676779611673
MSFT,2020-03-09,2019-09-10,2020-03-09,125,0.1957848769316654,0.2761969272835243
MSFT,2020-03-10,2019-09-11,2020-03-10,125,0.3503584855593924,0.2908847046235663
MSFT,2020-03-11,2019-09-12,2020-03-11,125,0.2563045470199086,0.29868017963997395
MSFT,2020-03-12,2019-09-13,2020-03-12,125,0.03479780463685196,0.3308054017937729
MSFT,2020-03-13,2019-09-16,2020-03-13,125,0.3057157177718628,0.38074795909366355
MSFT,2020-03-16,2019-09-17,2020-03-16,125,-0.0011553778637232598,0.44374253669788577
MSFT,2020-03-17,2019-09-18,2020-03-17,125,0.142741227772694,0.45763151302780386
MSFT,2020-03-18,2019-09-19,2020-03-18,125,0.039524403242076664,0.4616540235382472
MSFT,2020-03-19,2019-09-20,2020-03-19,125,0.03564882662986932,0.4615090260092773
MSFT,2020-03-20,2019-09-23,2020-03-20,125,-0.01809798173944364,0.46443318033702996
MSFT,2020-03-23,2019-09-24,2020-03-23,125,-0.03396578481701203,0.4646392963609726
MSFT,2020-03-24,2019-09-25,2020-03-24,125,0.167087308064612,0.48045306246071867
MSFT,2020-03-25,2019-09-26,2020-03-25,125,0.11884807553491626,0.48027306464207153
MSFT,2020-03-26,2019-09-27,2020-03-26,125,0.2385617759992984,0.4878204000665462
MSFT,2020-03-27,2019-09-30,2020-03-27,125,0.18035673077181857,0.49121523209326146
MSFT,2020-03-30,2019-10-01,2020-03-30,125,0.29845884245434035,0.5002775473422986
MSFT,2020-03-31,2019-10-01,2020-03-31,126,0.2643854776415786,0.498854588507171
MSFT,2020-04-01,2019-10-02,2020-04-01,126,0.22047353128575864,0.5011684573755188
MSFT,2020-04-02,2019-10-03,2020-04-02,126,0.29709401565829907,0.5012170369400356
MSFT,2020-04-03,2019-10-04,2020-04-03,126,0.2545224243910269,0.5011917444933602
MSFT,2020-04-06,2019-10-07,2020-04-06,126,0.3711643621197318,0.5107954647346461
MSFT,2020-04-07,2019-10-08,2020-04-07,126,0.36403995710238135,0.5109431524741194
MSFT,2020-04-08,2019-10-09,2020-04-08,126,0.4052645886239663,0.5107925702129397
MSFT,2020-04-09,2019-10-10,2020-04-09,126,0.367853619286171,0.5102105392263471
MSFT,2020-04-13,2019-10-14,2020-04-13,125,0.35441736959678205,0.5122051250970058
MSFT,2020-04-14,2019-10-15,2020-04-14,125,0.45366265076207024,0.5164998266210117
MSFT,2020-04-15,2019-10-16,2020-04-15,125,0.403456082331159,0.516478395863554
MSFT,2020-04-16,2019-10-17,2020-04-16,125,0.47967370213259714,0.5178041714626688
MSFT,2020-04-17,2019-10-18,2020-04-17,125,0.5077247939426868,0.5177963555687254
MSFT,2020-04-20,2019-10-21,2020-04-20,125,0.5005410095053466,0.5180793308397003
MSFT,2020-04-21,2019-10-22,2020-04-21,125,0.4004822940800248,0.5218056188100563
MSFT,2020-04-22,2019-10-23,2020-04-22,125,0.4980442391327565,0.5232024783681212
MSFT,2020-04-23,2019-10-24,2020-04-23,125,0.46067664130285396,0.5235487220582209
MSFT,2020-04-24,2019-10-25,2020-04-24,125,0.45787827394496056,0.5234572991224389
MSFT,2020-04-27,2019-10-28,2020-04-27,125,0.4407462838525077,0.5234705808564575
MSFT,2020-04-28,2019-10-29,2020-04-28,125,0.34206111667460143,0.5238011689160776
MSFT,2020-04-29,2019-10-30,2020-04-29,125,0.44965949511251574,0.5270296415160406
MSFT,2020-04-30,2019-10-31,2020-04-30,125,0.44481516616044087,0.5269424547876321
MSFT,2020-05-01,2019-11-04,2020-05-01,124,0.40763758430914226,0.5303816409272152
MSFT,2020-05-04,2019-11-05,2020-05-04,124,0.4450459509104036,0.5313243677392957
MSFT,2020-05-05,2019-11-06,2020-05-05,124,0.46801323116681587,0.531464515901537
MSFT,2020-05-06,2019-11-07,2020-05-06,124,0.49356160942795596,0.5315423009724185
MSFT,2020-05-07,2019-11-08,2020-05-07,124,0.502509831942399,0.5315696683688677
MSFT,2020-05-08,2019-11-11,2020-05-08,124,0.4906206466852099,0.5314158750286235
MSFT,2020-05-11,2019-11-12,2020-05-11,124,0.5110769810297715,0.5315738852867169
MSFT,2020-05-12,2019-11-13,2020-05-12,124,0.4512034794615362,0.5327184534369452
MSFT,2020-05-13,2019-11-14,2020-05-13,124,0.41692332008711835,0.5332713118330087
MSFT,2020-05-14,2019-11-15,2020-05-14,124,0.4154019147304018,0.5332625309537476
MSFT,2020-05-15,2019-11-18,2020-05-15,124,0.4187455685536756,0.5333382875655862
MSFT,2020-05-18,2019-11-19,2020-05-18,124,0.4330641174633835,0.5334545577586981
MSFT,2020-05-19,2019-11-20,2020-05-19,124,0.4182709835225736,0.5335942095437556
MSFT,2020-05-20,2019-11-21,2020-05-20,124,0.4497938965367954,0.5338500767947483
MSFT,2020-05-21,2019-11-22,2020-05-21,124,0.4271388393310218,0.534202910309433
MSFT,2020-05-22,2019-11-25,2020-05-22,124,0.42652967130905145,0.534204183997701
MSFT,2020-05-26,2019-11-27,2020-05-26,123,0.3750745896716011,0.5364833832330204
MSFT,2020-05-27,2019-11-29,2020-05-27,123,0.3738770098324574,0.5364830970677469
MSFT,2020-05-28,2019-11-29,2020-05-28,124,0.3662736999880138,0.5343244404346904
MSFT,2020-05-29,2019-12-02,2020-05-29,124,0.399474166215084,0.5343531999372322
MSFT,2020-06-01,2019-12-02,2020-06-01,125,0.3916529354699836,0.5322226950436072
MSFT,2020-06-02,2019-12-03,2020-06-02,125,0.43897927112034524,0.5320368133742729
MSFT,2020-06-03,2019-12-04,2020-06-03,125,0.4471171789614976,0.5320160631780203
MSFT,2020-06-04,2019-12-05,2020-06-04,125,0.41312453793714965,0.5324363221348689
MSFT,2020-06-05,2019-12-06,2020-06-05,125,0.4586758486773134,0.5333067915568306
MSFT,2020-06-08,2019-12-09,2020-06-08,125,0.4468055110214765,0.5331424103527511
MSFT,2020-06-09,2019-12-10,2020-06-09,125,0.46734634216869725,0.5331698863064018
MSFT,2020-06-10,2019-12-11,2020-06-10,125,0.5438352836257973,0.5353986290174166
MSFT,2020-06-11,2019-12-12,2020-06-11,125,0.42497464547265174,0.5415483027368269
MSFT,2020-06-12,2019-12-13,2020-06-12,125,0.4204600269412084,0.541486925338926
MSFT,2020-06-15,2019-12-16,2020-06-15,125,0.41640505412722423,0.5414437684863793
MSFT,2020-06-16,2019-12-17,2020-06-16,125,0.4522075252217505,0.5423499962302671
MSFT,2020-06-17,2019-12-18,2020-06-17,125,0.470091287046289,0.5422565767976396
MSFT,2020-06-18,2019-12-19,2020-06-18,125,0.4957394533395246,0.5423697575132032
MSFT,2020-06-19,2019-12-20,2020-06-19,125,0.4662645735182589,0.5424013152278302
MSFT,2020-06-22,2019-12-23,2020-06-22,125,0.4996018314748994,0.543466593738316
MSFT,2020-06-23,2019-12-24,2020-06-23,125,0.5130257864332882,0.5434994647738499
MSFT,2020-06-24,2019-12-26,2020-06-24,125,0.47235765811080943,0.5444213610217052
MSFT,2020-06-25,2019-12-26,2020-06-25,126,0.4937232999069359,0.5424497273616352
MSFT,2020-06-26,2019-12-27,2020-06-26,126,0.4369586667761496,0.5432796933567461
MSFT,2020-06-29,2019-12-30,2020-06-29,126,0.45468638141729123,0.5434273173108825
MSFT,2020-06-30,2019-12-31,2020-06-30,126,0.5224547154092658,0.5442246230314618
MSFT,2020-07-01,2020-01-02,2020-07-01,126,0.532719517662688,0.5442468777596218
MSFT,2020-07-02,2020-01-03,2020-07-02,126,0.5112101432133738,0.5438125523130496
MSFT,2020-07-06,2020-01-07,2020-07-06,125,0.5782923151423964,0.5462803809102899
MSFT,2020-07-07,2020-01-08,2020-07-07,125,0.5731782893679453,0.546400336469392
MSFT,2020-07-08,2020-01-09,2020-07-08,125,0.5851765703853742,0.5467650223992967
MSFT,2020-07-09,2020-01-10,2020-07-09,125,0.5742123806244246,0.5466155025867
MSFT,2020-07-10,2020-01-13,2020-07-10,125,0.577437917884918,0.5465790809735878
MSFT,2020-07-13,2020-01-14,2020-07-13,125,0.4900881286694689,0.5484815462540739
MSFT,2020-07-14,2020-01-15,2020-07-14,125,0.5167606606314941,0.5483613975390268
MSFT,2020-07-15,2020-01-16,2020-07-15,125,0.500744647957289,0.5483477244131045
MSFT,2020-07-16,2020-01-17,2020-07-16,125,0.42381379435532673,0.548737490368092
MSFT,2020-07-17,2020-01-21,2020-07-17,125,0.40225488552408445,0.5487931359384054
MSFT,2020-07-20,2020-01-21,2020-07-20,126,0.4832284492287968,0.5495842736234405
MSFT,2020-07-21,2020-01-22,2020-07-21,126,0.46330209034347547,0.5499663065070584
MSFT,2020-07-22,2020-01-23,2020-07-22,126,0.5014724876157413,0.5501629990140543
MSFT,2020-07-23,2020-01-24,2020-07-23,126,0.4002608749341512,0.554035275785033
MSFT,2020-07-24,2020-01-27,2020-07-24,126,0.4082345990654428,0.5538939791570519
MSFT,2020-07-27,2020-01-28,2020-07-27,126,0.4671399970660577,0.5534784188528082
MSFT,2020-07-28,2020-01-29,2020-07-28,126,0.4102921973896301,0.5531207796904881
MSFT,2020-07-29,2020-01-30,2020-07-29,126,0.3994420146710027,0.552900198438696
MSFT,2020-07-30,2020-01-31,2020-07-30,126,0.34223908820694326,0.5516426394268783
MSFT,2020-07-31,2020-02-03,2020-07-31,126,0.38283464057985483,0.5511856114368516
MSFT,2020-08-03,2020-02-04,2020-08-03,126,0.44409410651109127,0.5553998746816439
MSFT,2020-08-04,2020-02-05,2020-08-04,126,0.34907683815985635,0.5541814108499071
MSFT,2020-08-05,2020-02-06,2020-08-05,126,0.3482364526911734,0.5541857148794217
MSFT,2020-08-06,2020-02-07,2020-08-06,126,0.33896644581011515,0.5539016861302425
MSFT,2020-08-07,2020-02-10,2020-08-07,126,0.30003791665064306,0.5545803095353842
MSFT,2020-08-10,2020-02-11,2020-08-10,126,0.20817941667540119,0.5542717720105553
MSFT,2020-08-11,2020-02-12,2020-08-11,126,0.2065216240277259,0.5543443391185209
MSFT,2020-08-12,2020-02-13,2020-08-12,126,0.2599292318022943,0.5556915568667019
MSFT,2020-08-13,2020-02-14,2020-08-13,126,0.26609654338460054,0.5556363942735416
MSFT,2020-08-14,2020-02-18,2020-08-14,126,0.2502373771552584,0.5555242297496125
MSFT,2020-08-17,2020-02-18,2020-08-17,127,0.26133181972829816,0.5533714289275559
MSFT,2020-08-18,2020-02-19,2020-08-18,127,0.25269190062863406,0.5532629080176297
MSFT,2020-08-19,2020-02-20,2020-08-19,127,0.23467517976590718,0.5533453724291478
MSFT,2020-08-20,2020-02-21,2020-08-20,127,0.3108578638760529,0.5537234458203675
MSFT,2020-08-21,2020-02-24,2020-08-21,127,0.3601201138019808,0.5518334257619177
MSFT,2020-08-24,2020-02-25,2020-08-24,127,0.4538021412567573,0.5480420771130367
MSFT,2020-08-25,2020-02-26,2020-08-25,127,0.512466902931959,0.5476347126014394
MSFT,2020-08-26,2020-02-27,2020-08-26,127,0.5302696392496036,0.5481205662296759
MSFT,2020-08-27,2020-02-28,2020-08-27,127,0.7233791839764087,0.5384866514957993
MSFT,2020-08-28,2020-03-02,2020-08-28,127,0.6962074318089077,0.5377608507121746
MSFT,2020-08-31,2020-03-02,2020-08-31,128,0.661481713298532,0.5362109471804049
MSFT,2020-09-01,2020-03-02,2020-09-01,129,0.6713678712732111,0.5341591002976614
MSFT,2020-09-02,2020-03-03,2020-09-02,129,0.5828161318501748,0.5275581283317209
MSFT,2020-09-03,2020-03-04,2020-09-03,129,0.5538201237099732,0.5308042181936422
MSFT,2020-09-04,2020-03-05,2020-09-04,129,0.4557692740049488,0.5291339756404558
MSFT,2020-09-08,2020-03-09,2020-09-08,128,0.4563301675963609,0.5342430579784987
MSFT,2020-09-09,2020-03-10,2020-09-09,128,0.6765941631827348,0.527347971705951
MSFT,2020-09-10,2020-03-11,2020-09-10,128,0.49041822427778436,0.5214262608457313
MSFT,2020-09-11,2020-03-12,2020-09-11,128,0.5688022679999296,0.5170818360363332
MSFT,2020-09-14,2020-03-16,2020-09-14,127,0.5206070848680683,0.4632598077932064
MSFT,2020-09-15,2020-03-16,2020-09-15,128,0.548577241035086,0.4618627323566973
MSFT,2020-09-16,2020-03-17,2020-09-16,128,0.8270099526361084,0.40246714434575176
MSFT,2020-09-17,2020-03-18,2020-09-17,128,0.6505833532043801,0.3883539557506889
MSFT,2020-09-18,2020-03-19,2020-09-18,128,0.7106506722786669,0.38357726381207613
MSFT,2020-09-21,2020-03-23,2020-09-21,127,0.7810024004716848,0.3803412968451311
MSFT,2020-09-22,2020-03-23,2020-09-22,128,0.8217738138308686,0.3799536786027563
MSFT,2020-09-23,2020-03-24,2020-09-23,128,0.7755911150972866,0.3829947010870532
MSFT,2020-09-24,2020-03-25,2020-09-24,128,0.6296660472725286,0.36443886692426497
MSFT,2020-09-25,2020-03-26,2020-09-25,128,0.6929599183909902,0.3651089572538965
MSFT,2020-09-28,2020-03-30,2020-09-28,127,0.6766289702388768,0.3517236755086623
MSFT,2020-09-29,2020-03-30,2020-09-29,128,0.650743333610749,0.35082161292282676
MSFT,2020-09-30,2020-03-31,2020-09-30,128,0.5458615507360549,0.33887722971515255
MSFT,2020-10-01,2020-04-02,2020-10-01,127,0.6733471798656196,0.33499716800871865
MSFT,2020-10-02,2020-04-03,2020-10-02,127,0.5732356988883014,0.3371597138256835
MSFT,2020-10-05,2020-04-06,2020-10-05,127,0.631513951953065,0.3376892490727679
MSFT,2020-10-06,2020-04-07,2020-10-06,127,0.4465647589588393,0.32475059733334743
MSFT,2020-10-07,2020-04-08,2020-10-07,127,0.5054712988634324,0.32513906150156585
MSFT,2020-10-08,2020-04-09,2020-10-08,127,0.49274567197522134,0.3249498824295645
MSFT,2020-10-09,2020-04-13,2020-10-09,127,0.541304767198005,0.32648933715577083
MSFT,2020-10-12,2020-04-13,2020-10-12,128,0.5874220020690749,0.32685812417889903
MSFT,2020-10-13,2020-04-14,2020-10-13,128,0.5959553024326207,0.3269122579809376
MSFT,2020-10-14,2020-04-15,2020-10-14,128,0.48312162950039717,0.3207666855103547
MSFT,2020-10-15,2020-04-16,2020-10-15,128,0.4931320814037923,0.3204542817133328
MSFT,2020-10-16,2020-04-17,2020-10-16,128,0.4348985685458,0.31807395662255006
MSFT,2020-10-19,2020-04-20,2020-10-19,128,0.3682553997818226,0.3201253461166728
MSFT,2020-10-20,2020-04-21,2020-10-20,128,0.41161751627556986,0.3186811569604478
MSFT,2020-10-21,2020-04-22,2020-10-21,128,0.4961460522266952,0.31258915038983376
MSFT,2020-10-22,2020-04-23,2020-10-22,128,0.4312130034502787,0.30941798549776023
MSFT,2020-10-23,2020-04-24,2020-10-23,128,0.4674234474119775,0.30885568566279614
MSFT,2020-10-26,2020-04-27,2020-10-26,128,0.3749932301857952,0.31097523017284395
MSFT,2020-10-27,2020-04-28,2020-10-27,128,0.41012645775892204,0.31148679639896226
MSFT,2020-10-28,2020-04-29,2020-10-28,128,0.3585953196077129,0.3179680162226749
MSFT,2020-10-29,2020-04-30,2020-10-29,128,0.2918922629902899,0.3124945828509142
MSFT,2020-10-30,2020-05-01,2020-10-30,128,0.25048247559773884,0.3127096659897332
MSFT,2020-11-02,2020-05-04,2020-11-02,128,0.300765468341904,0.310341747383245
MSFT,2020-11-03,2020-05-04,2020-11-03,129,0.33762353300556963,0.31024988953027216
MSFT,2020-11-04,2020-05-05,2020-11-04,129,0.38246672190889863,0.31519446042641047
MSFT,2020-11-05,2020-05-06,2020-11-05,129,0.4229238443285314,0.3176987134636841
MSFT,2020-11-06,2020-05-07,2020-11-06,129,0.4075403192885746,0.31749302414195707
MSFT,2020-11-09,2020-05-11,2020-11-09,128,0.3403055768702977,0.3206566968076391
MSFT,2020-11-10,2020-05-11,2020-11-10,129,0.2705122357404006,0.32328157231390314
MSFT,2020-11-11,2020-05-12,2020-11-11,129,0.29946930971376406,0.32484612136330193
MSFT,2020-11-12,2020-05-13,2020-11-12,129,0.3341888632837185,0.3231957310293646
MSFT,2020-11-13,2020-05-14,2020-11-13,129,0.3736345189781958,0.3223895069858153
MSFT,2020-11-16,2020-05-18,2020-11-16,128,0.34609091277255416,0.3231201405944499
MSFT,2020-11-17,2020-05-18,2020-11-17,129,0.3183380002256356,0.32246740906725097
MSFT,2020-11-18,2020-05-19,2020-11-18,129,0.2738361346857714,0.32289216630198897
MSFT,2020-11-19,2020-05-20,2020-11-19,129,0.29976754326923255,0.32277500147745536
MSFT,2020-11-20,2020-05-21,2020-11-20,129,0.25410013706123663,0.3226341530216305
MSFT,2020-11-23,2020-05-26,2020-11-23,128,0.27639507490037957,0.3233891487220364
MSFT,2020-11-24,2020-05-26,2020-11-24,129,0.3088104889077107,0.3229572643551032
MSFT,2020-11-25,2020-05-26,2020-11-25,130,0.30652551868073785,0.32170724280935153
MSFT,2020-11-27,2020-05-28,2020-11-27,129,0.3394655870765661,0.3226069092449753
MSFT,2020-11-30,2020-06-01,2020-11-30,128,0.3159464074181977,0.32373368780907824
MSFT,2020-12-01,2020-06-02,2020-12-01,128,0.340047063726718,0.3239230782711372
MSFT,2020-12-02,2020-06-03,2020-12-02,128,0.31011159344050176,0.32369761205408987
MSFT,2020-12-03,2020-06-04,2020-12-03,128,0.2949692367982144,0.323820903099795
MSFT,2020-12-04,2020-06-05,2020-12-04,128,0.3221603438078919,0.32317960748881835
MSFT,2020-12-07,2020-06-08,2020-12-07,128,0.27598239098837074,0.32170528178394014
MSFT,2020-12-08,2020-06-09,2020-12-08,128,0.279559432660175,0.3217723326042357
MSFT,2020-12-09,2020-06-10,2020-12-09,128,0.2258167872873704,0.32295456375501136
MSFT,2020-12-10,2020-06-11,2020-12-10,128,0.1421801740443776,0.31916089384560614
MSFT,2020-12-11,2020-06-12,2020-12-11,128,0.27630221073257905,0.3097195804248178
MSFT,2020-12-14,2020-06-15,2020-12-14,128,0.26948473978781357,0.3096076010915885
MSFT,2020-12-15,2020-06-16,2020-12-15,128,0.2562973943155564,0.3095226306814475
MSFT,2020-12-16,2020-06-17,2020-12-16,128,0.25542403095710353,0.3094572928723859
MSFT,2020-12-17,2020-06-18,2020-12-17,128,0.24987841019474363,0.309438431474598
MSFT,2020-12-18,2020-06-19,2020-12-18,128,0.22144680453688956,0.309207243070915
MSFT,2020-12-21,2020-06-22,2020-12-21,128,0.26891573071297625,0.3099961320094997
MSFT,2020-12-22,2020-06-23,2020-12-22,128,0.22688604677937924,0.30783816765975114
MSFT,2020-12-23,2020-06-24,2020-12-23,128,0.1879369731512833,0.3083549812676906
MSFT,2020-12-24,2020-06-25,2020-12-24,128,0.24337748717486823,0.3070585729951847
MSFT,2020-12-28,2020-06-29,2020-12-28,127,0.28008660244872996,0.3066271922972618
MSFT,2020-12-29,2020-06-30,2020-12-29,127,0.2517176093910988,0.3063952646094706
MSFT,2020-12-30,2020-07-01,2020-12-30,127,0.17967175458934287,0.30491801259790474
MSFT,2020-12-31,2020-07-01,2020-12-31,128,0.1848290780779881,0.30373741607584614
SPY,2019-01-02,2018-07-03,2019-01-02,126,-0.16670793782431303,0.17825632404867414
SPY,2019-01-03,2018-07-05,2019-01-03,126,-0.20635790191982473,0.18139953713039095
SPY,2019-01-04,2018-07-05,2019-01-04,127,-0.13782667314090322,0.18711369984923062
SPY,2019-01-07,2018-07-09,2019-01-07,126,-0.15955888543592778,0.18725077872090856
SPY,2019-01-08,2018-07-09,2019-01-08,127,-0.13915203436887247,0.1870680353099087
SPY,2019-01-09,2018-07-10,2019-01-09,127,-0.14839198162375306,0.18670435399183388
SPY,2019-01-10,2018-07-11,2019-01-10,127,-0.1463667959297208,0.18675431710870535
SPY,2019-01-11,2018-07-12,2019-01-11,127,-0.13256612068284088,0.1865250333004344
SPY,2019-01-14,2018-07-16,2019-01-14,126,-0.16361854154640554,0.18689360572561223
SPY,2019-01-15,2018-07-16,2019-01-15,127,-0.14116576955461566,0.18683165636311233
SPY,2019-01-16,2018-07-17,2019-01-16,127,-0.1347694280405875,0.1868723234623978
SPY,2019-01-17,2018-07-18,2019-01-17,127,-0.12746938984995657,0.1871213179809487
SPY,2019-01-18,2018-07-19,2019-01-18,127,-0.10574016763525955,0.18806590812896984
SPY,2019-01-22,2018-07-23,2019-01-22,126,-0.12546138432503895,0.1897605580863648
SPY,2019-01-23,2018-07-24,2019-01-23,126,-0.12472766228983721,0.18977034497641113
SPY,2019-01-24,2018-07-25,2019-01-24,126,-0.1315236419597028,0.18963990700563452
SPY,2019-01-25,2018-07-26,2019-01-25,126,-0.13267551087144192,0.18958307556338266
SPY,2019-01-28,2018-07-30,2019-01-28,125,-0.13025339195377403,0.1904054654687417
SPY,2019-01-29,2018-07-30,2019-01-29,126,-0.1321109752341041,0.18964686303218128
SPY,2019-01-30,2018-07-31,2019-01-30,126,-0.08973152524247396,0.1908502239274831
SPY,2019-01-31,2018-08-01,2019-01-31,126,-0.08200070001727688,0.19114261850077272
SPY,2019-02-01,2018-08-02,2019-02-01,126,-0.07785830732710508,0.19114926913751185
SPY,2019-02-04,2018-08-06,2019-02-04,125,-0.08451448572273815,0.19189760102397735
SPY,2019-02-05,2018-08-06,2019-02-05,126,-0.07443957067968832,0.19126119240737227
SPY,2019-02-06,2018-08-07,2019-02-06,126,-0.08593022929218286,0.191196993882172
SPY,2019-02-07,2018-08-08,2019-02-07,126,-0.11005048496712178,0.19155554458846677
SPY,2019-02-08,2018-08-09,2019-02-08,126,-0.107597197949314,0.19156600465216186
SPY,2019-02-11,2018-08-13,2019-02-11,125,-0.09087239161272978,0.19212141988260498
SPY,2019-02-12,2018-08-13,2019-02-12,126,-0.06445593994241783,0.19226094069600175
SPY,2019-02-13,2018-08-14,2019-02-13,126,-0.05029013890472811,0.1922444246899838
SPY,2019-02-14,2018-08-15,2019-02-14,126,-0.06777290471947772,0.19203348970148473
SPY,2019-02-15,2018-08-16,2019-02-15,126,-0.03120273634739945,0.1924004605620873
SPY,2019-02-19,2018-08-20,2019-02-19,125,-0.05156247085639066,0.1927595842879247
SPY,2019-02-20,2018-08-21,2019-02-20,125,-0.052545681639997864,0.1927471618173123
SPY,2019-02-21,2018-08-22,2019-02-21,125,-0.06370501496594988,0.19277301556569124
SPY,2019-02-22,2018-08-23,2019-02-22,125,-0.05007165327145279,0.19300363438882792
SPY,2019-02-25,2018-08-27,2019-02-25,124,-0.05690038360237067,0.1935745353548313
SPY,2019-02-26,2018-08-27,2019-02-26,125,-0.05801166845919815,0.1927940015093084
SPY,2019-02-27,2018-08-28,2019-02-27,125,-0.07437101366983508,0.19245735181961562
SPY,2019-02-28,2018-08-29,2019-02-28,125,-0.0800136039235088,0.19248159752788888
SPY,2019-03-01,2018-09-04,2019-03-01,123,-0.07070575526012186,0.19404841083764626
SPY,2019-03-04,2018-09-05,2019-03-04,123,-0.0753885599589811,0.19410729193945497
SPY,2019-03-05,2018-09-06,2019-03-05,123,-0.07191920511755732,0.1940775537979365
SPY,2019-03-06,2018-09-07,2019-03-06,123,-0.07832482894280991,0.19423110591788234
SPY,2019-03-07,2018-09-10,2019-03-07,123,-0.09019497463664507,0.19452014853522656
SPY,2019-03-08,2018-09-10,2019-03-08,124,-0.09361127826930196,0.19374262409232787
SPY,2019-03-11,2018-09-12,2019-03-11,123,-0.07624386553992596,0.19558654056935496
SPY,2019-03-12,2018-09-13,2019-03-12,123,-0.07087325744355623,0.19564087681662828
SPY,2019-03-13,2018-09-14,2019-03-13,123,-0.06787703461073465,0.19574138524835838
SPY,2019-03-14,2018-09-17,2019-03-14,123,-0.06981704662007325,0.1957392154225163
SPY,2019-03-15,2018-09-17,2019-03-15,124,-0.06797803766326692,0.1949461719358714
SPY,2019-03-18,2018-09-19,2019-03-18,123,-0.06056521991044033,0.19551216644229302
SPY,2019-03-19,2018-09-20,2019-03-19,123,-0.0632998498568715,0.19550052934619266
SPY,2019-03-20,2018-09-21,2019-03-20,123,-0.08525821048853194,0.19518909507887952
SPY,2019-03-21,2018-09-24,2019-03-21,123,-0.05308162546706194,0.19572972009040523
SPY,2019-03-22,2018-09-24,2019-03-22,124,-0.09144185526288916,0.19678092868863917
SPY,2019-03-25,2018-09-26,2019-03-25,123,-0.0840033073270088,0.19752982374894376
SPY,2019-03-26,2018-09-27,2019-03-26,123,-0.06259723940812344,0.1977720417479799
SPY,2019-03-27,2018-09-28,2019-03-27,123,-0.0781190010255874,0.1978171952802607
SPY,2019-03-28,2018-10-01,2019-03-28,123,-0.07051199911995037,0.19790140374766568
SPY,2019-03-29,2018-10-01,2019-03-29,124,-0.056241717523998085,0.19734932358963014
SPY,2019-04-01,2018-10-02,2019-04-01,124,-0.040216704670458334,0.19798265921904584
SPY,2019-04-02,2018-10-03,2019-04-02,124,-0.03934838622110296,0.19798264908984367
SPY,2019-04-03,2018-10-04,2019-04-03,124,-0.036457084112098366,0.1980059830866381
SPY,2019-04-04,2018-10-05,2019-04-04,124,-0.015574936148117368,0.1977160626057463
SPY,2019-04-05,2018-10-08,2019-04-05,124,0.005071100440330166,0.19766997376047413
SPY,2019-04-08,2018-10-09,2019-04-08,124,0.008036824308591903,0.19767462822608872
SPY,2019-04-09,2018-10-10,2019-04-09,124,-0.0013992042656141505,0.197841461941504
SPY,2019-04-10,2018-10-11,2019-04-10,124,0.07363713082177077,0.19199771554295908
SPY,2019-04-11,2018-10-12,2019-04-11,124,0.11594304459354259,0.1895975360466509
SPY,2019-04-12,2018-10-15,2019-04-12,124,0.10067592146263123,0.1887834735659606
SPY,2019-04-15,2018-10-16,2019-04-15,124,0.11142673770116776,0.18857261784860938
SPY,2019-04-16,2018-10-17,2019-04-16,124,0.06923106355816758,0.18618242317692893
SPY,2019-04-17,2018-10-18,2019-04-17,124,0.06525417608682867,0.1862138157175943
SPY,2019-04-18,2018-10-19,2019-04-18,124,0.09772913815721923,0.185027649893992
SPY,2019-04-22,2018-10-23,2019-04-22,123,0.11011135856509023,0.1856610446598302
SPY,2019-04-23,2018-10-24,2019-04-23,123,0.1394280206412663,0.18584972889772286
SPY,2019-04-24,2018-10-25,2019-04-24,123,0.1991194776605785,0.18011770442585828
SPY,2019-04-25,2018-10-26,2019-04-25,123,0.160601985132439,0.1783152256974003
SPY,2019-04-26,2018-10-29,2019-04-26,123,0.20597733566840956,0.1764806484081953
SPY,2019-04-29,2018-10-30,2019-04-29,123,0.2217109388777496,0.17615904874730012
SPY,2019-04-30,2018-10-31,2019-04-30,123,0.1917017232990632,0.1748708600526555
SPY,2019-05-01,2018-11-02,2019-05-01,122,0.13372130690404402,0.17479462302127963
SPY,2019-05-02,2018-11-05,2019-05-02,122,0.1423004122953049,0.17456127173360406
SPY,2019-05-03,2018-11-05,2019-05-03,123,0.1609473198093481,0.17433182233028474
SPY,2019-05-06,2018-11-07,2019-05-06,122,0.12861492847524092,0.17485194921215105
SPY,2019-05-07,2018-11-08,2019-05-07,122,0.05101198550165943,0.17403717867671745
SPY,2019-05-08,2018-11-09,2019-05-08,122,0.05185857987506506,0.1740274375454542
SPY,2019-05-09,2018-11-12,2019-05-09,122,0.0650425028750332,0.17356099291975316
SPY,2019-05-10,2018-11-12,2019-05-10,123,0.07278153426514314,0.1729327565704123
SPY,2019-05-13,2018-11-14,2019-05-13,122,0.0670534328843843,0.17483257294323531
SPY,2019-05-14,2018-11-15,2019-05-14,122,0.0988504713642847,0.17484191798959972
SPY,2019-05-15,2018-11-16,2019-05-15,122,0.08890153827864694,0.17437964918358614
SPY,2019-05-16,2018-11-19,2019-05-16,122,0.10302598013501371,0.17481303088974703
SPY,2019-05-17,2018-11-19,2019-05-17,123,0.09043224990041814,0.1743172974206045
SPY,2019-05-20,2018-11-21,2019-05-20,122,0.14930699933467,0.17148430212317564
SPY,2019-05-21,2018-11-23,2019-05-21,122,0.16034903120880936,0.17181937474823414
SPY,2019-05-22,2018-11-23,2019-05-22,123,0.15328760763046262,0.17118485040483902
SPY,2019-05-23,2018-11-26,2019-05-23,123,0.1423569857722586,0.17181233212746186
SPY,2019-05-24,2018-11-26,2019-05-24,124,0.14422871745706747,0.17111751986407073
SPY,2019-05-28,2018-11-29,2019-05-28,122,0.04377597960987999,0.16851268054259635
SPY,2019-05-29,2018-11-30,2019-05-29,122,0.03359595399612076,0.16879085158739726
SPY,2019-05-30,2018-12-03,2019-05-30,122,0.0210604149040796,0.16840520539767895
SPY,2019-05-31,2018-12-03,2019-05-31,123,-0.005834244799657475,0.16876285727880921
SPY,2019-06-03,2018-12-04,2019-06-03,123,-0.03367566598039144,0.16807686915417003
SPY,2019-06-04,2018-12-06,2019-06-04,123,0.07670657610756866,0.16415050636394946
SPY,2019-06-05,2018-12-06,2019-06-05,124,0.09276216780876363,0.163869355468794
SPY,2019-06-06,2018-12-07,2019-06-06,124,0.10813999700115429,0.16407520686989677
SPY,2019-06-07,2018-12-10,2019-06-07,124,0.17686611896626794,0.16109575594632214
SPY,2019-06-10,2018-12-11,2019-06-10,124,0.18270767278198133,0.16118635728802702
SPY,2019-06-11,2018-12-12,2019-06-11,124,0.1827159181091033,0.16118630419069663
SPY,2019-06-12,2018-12-13,2019-06-12,124,0.1676640288397185,0.16109322390121544
SPY,2019-06-13,2018-12-14,2019-06-13,124,0.17659013246829183,0.16117664381628286
SPY,2019-06-14,2018-12-17,2019-06-14,124,0.21232025615989286,0.15869006640940306
SPY,2019-06-17,2018-12-18,2019-06-17,124,0.25653656348933374,0.15560393389802887
SPY,2019-06-18,2018-12-19,2019-06-18,124,0.27585714675796447,0.1560841618930443
SPY,2019-06-19,2018-12-20,2019-06-19,124,0.3130544280654428,0.15430623421676576
SPY,2019-06-20,2018-12-21,2019-06-20,124,0.36439990774492753,0.1527893898801509
SPY,2019-06-21,2018-12-24,2019-06-21,124,0.4062110379566633,0.1477754120981479
SPY,2019-06-24,2018-12-26,2019-06-24,124,0.4583467307826184,0.14186856859599625
SPY,2019-06-25,2018-12-26,2019-06-25,125,0.4354457619706789,0.14221295563827183
SPY,2019-06-26,2018-12-27,2019-06-26,125,0.3354222206850939,0.1256101350767556
SPY,2019-06-27,2018-12-28,2019-06-27,125,0.3260612695139396,0.12523596449492488
SPY,2019-06-28,2018-12-31,2019-06-28,125,0.33989079647193843,0.12535000467604188
SPY,2019-07-01,2019-01-02,2019-07-01,125,0.33804291612590615,0.1252493659074139
SPY,2019-07-02,2019-01-03,2019-07-02,125,0.3414170503044567,0.12527025768601047
SPY,2019-07-03,2019-01-04,2019-07-03,125,0.4072887755055896,0.11988359520712023
SPY,2019-07-05,2019-01-07,2019-07-05,125,0.33586508903108825,0.11081412740370229
SPY,2019-07-08,2019-01-09,2019-07-08,124,0.2949462504145009,0.11065182852939405
SPY,2019-07-09,2019-01-10,2019-07-09,124,0.28913847976025864,0.11055594867519723
SPY,2019-07-10,2019-01-11,2019-07-10,124,0.2891579256288584,0.11055654329523265
SPY,2019-07-11,2019-01-14,2019-07-11,124,0.2941137342007731,0.1105524628205256
SPY,2019-07-12,2019-01-14,2019-07-12,125,0.301239985947643,0.11022011596544143
SPY,2019-07-15,2019-01-16,2019-07-15,124,0.29279377909262444,0.10946676601105737
SPY,2019-07-16,2019-01-17,2019-07-16,124,0.2813754720331616,0.10964597193289718
SPY,2019-07-17,2019-01-18,2019-07-17,124,0.25256935044795564,0.10977817879160458
SPY,2019-07-18,2019-01-22,2019-07-18,124,0.23340470631885588,0.10846371597419305
SPY,2019-07-19,2019-01-22,2019-07-19,125,0.21913377769583947,0.10849205131714885
SPY,2019-07-22,2019-01-23,2019-07-22,125,0.2535069439508125,0.10635754349405796
SPY,2019-07-23,2019-01-24,2019-07-23,125,0.26285580349519216,0.10666654382851326
SPY,2019-07-24,2019-01-25,2019-07-24,125,0.26952689913454153,0.1067927490887038
SPY,2019-07-25,2019-01-28,2019-07-25,125,0.24184649582291493,0.10663876274681613
SPY,2019-07-26,2019-01-28,2019-07-26,126,0.254633545070277,0.10659552255436246
SPY,2019-07-29,2019-01-30,2019-07-29,125,0.27219762743087184,0.1062751348081914
SPY,2019-07-30,2019-01-31,2019-07-30,125,0.2359194267077046,0.10436248221272901
SPY,2019-07-31,2019-02-01,2019-07-31,125,0.1962553067075021,0.10510172486870362
SPY,2019-08-01,2019-02-04,2019-08-01,125,0.17618254526211585,0.10600166956905119
SPY,2019-08-02,2019-02-04,2019-08-02,126,0.16034899394444935,0.10616879858734156
SPY,2019-08-05,2019-02-06,2019-08-05,125,0.07776927951295977,0.11467730323432601
SPY,2019-08-06,2019-02-07,2019-08-06,125,0.10825640042757093,0.11602576760848045
SPY,2019-08-07,2019-02-08,2019-08-07,125,0.12847994886138067,0.11519784353723728
SPY,2019-08-08,2019-02-11,2019-08-08,125,0.1644073720355901,0.11809198962830682
SPY,2019-08-09,2019-02-11,2019-08-09,126,0.1501570345514942,0.11804951643044737
SPY,2019-08-12,2019-02-13,2019-08-12,125,0.10015863712255421,0.11852014876051138
SPY,2019-08-13,2019-02-14,2019-08-13,125,0.12348319463278767,0.12018139774362045
SPY,2019-08-14,2019-02-15,2019-08-14,125,0.06891212109696744,0.12739026487669525
SPY,2019-08-15,2019-02-19,2019-08-15,125,0.05234876203599256,0.12653397983134526
SPY,2019-08-16,2019-02-19,2019-08-16,126,0.08081288068571091,0.12762391740107434
SPY,2019-08-19,2019-02-20,2019-08-19,126,0.10179239222386904,0.12868759759177237
SPY,2019-08-20,2019-02-21,2019-08-20,126,0.08215744693423055,0.12919540184247869
SPY,2019-08-21,2019-02-22,2019-08-21,126,0.10549603491058868,0.12956287752575602
SPY,2019-08-22,2019-02-25,2019-08-22,126,0.09175318847354141,0.12928831522356618
SPY,2019-08-23,2019-02-25,2019-08-23,127,0.03902773100375228,0.1341037828710587
SPY,2019-08-26,2019-02-27,2019-08-26,126,0.060182522442291386,0.13549448853695018
SPY,2019-08-27,2019-02-28,2019-08-27,126,0.05456255320667225,0.13557893703606852
SPY,2019-08-28,2019-03-01,2019-08-28,126,0.0726906232564275,0.13581504525103147
SPY,2019-08-29,2019-03-01,2019-08-29,127,0.09738113670531359,0.13640587128707768
SPY,2019-08-30,2019-03-01,2019-08-30,128,0.09812914044996748,0.1358688248161723
SPY,2019-09-03,2019-03-04,2019-09-03,128,0.07110604633047046,0.13592986526481454
SPY,2019-09-04,2019-03-05,2019-09-04,128,0.10000766055382368,0.13660267644796653
SPY,2019-09-05,2019-03-06,2019-09-05,128,0.12796650679730467,0.13774332274995904
SPY,2019-09-06,2019-03-07,2019-09-06,128,0.14256540269487192,0.1373896319141227
SPY,2019-09-09,2019-03-11,2019-09-09,127,0.16342932783166336,0.13735672890613287
SPY,2019-09-10,2019-03-11,2019-09-10,128,0.1628903419636329,0.1368154249165557
SPY,2019-09-11,2019-03-12,2019-09-11,128,0.14853922047051668,0.1357276263708057
SPY,2019-09-12,2019-03-13,2019-09-12,128,0.14860473461938434,0.135728798245808
SPY,2019-09-13,2019-03-14,2019-09-13,128,0.13399905476384072,0.13543598356288877
SPY,2019-09-16,2019-03-18,2019-09-16,127,0.12870441953503783,0.1360606676636281
SPY,2019-09-17,2019-03-18,2019-09-17,128,0.1327550837063003,0.13555468154330894
SPY,2019-09-18,2019-03-19,2019-09-18,128,0.1261328176112383,0.13548011805921156
SPY,2019-09-19,2019-03-20,2019-09-19,128,0.12645598248572962,0.13547889908683408
SPY,2019-09-20,2019-03-21,2019-09-20,128,0.11352674742973923,0.13611849849744206
SPY,2019-09-23,2019-03-25,2019-09-23,127,0.13060132363257584,0.13302502105531497
SPY,2019-09-24,2019-03-25,2019-09-24,128,0.11308651291875046,0.13308696149330299
SPY,2019-09-25,2019-03-26,2019-09-25,128,0.1266872275067444,0.13331463465590576
SPY,2019-09-26,2019-03-27,2019-09-26,128,0.10792876007636337,0.1330417880031567
SPY,2019-09-27,2019-03-28,2019-09-27,128,0.10684143322017178,0.13308576923715065
SPY,2019-09-30,2019-04-01,2019-09-30,127,0.09697614563788266,0.13339271525444812
SPY,2019-10-01,2019-04-02,2019-10-01,127,0.049756227318736364,0.13363848031890133
SPY,2019-10-02,2019-04-03,2019-10-02,127,0.013790567147752687,0.13609400773245903
SPY,2019-10-03,2019-04-04,2019-10-03,127,0.025774383134704495,0.13654477052108463
SPY,2019-10-04,2019-04-05,2019-10-04,127,0.049191028483142774,0.13793119395829825
SPY,2019-10-07,2019-04-08,2019-10-07,127,0.031122283410483377,0.13794326263028886
SPY,2019-10-08,2019-04-09,2019-10-08,127,-0.002053232175006372,0.1397145679765579
SPY,2019-10-09,2019-04-10,2019-10-09,127,0.02800762895574885,0.14009285828868484
SPY,2019-10-10,2019-04-11,2019-10-10,127,0.0336922261172591,0.14029136424974378
SPY,2019-10-11,2019-04-12,2019-10-11,127,0.055346791618229634,0.1411177467518417
SPY,2019-10-14,2019-04-15,2019-10-14,127,0.03933617754880522,0.14083639668927284
SPY,2019-10-15,2019-04-16,2019-10-15,127,0.06018343615585577,0.1414989103528612
SPY,2019-10-16,2019-04-17,2019-10-16,127,0.05533987831288651,0.1415314849973309
SPY,2019-10-17,2019-04-18,2019-10-17,127,0.06525870943774813,0.14153788135647272
SPY,2019-10-18,2019-04-22,2019-10-18,127,0.05435043716377003,0.1416464383764433
SPY,2019-10-21,2019-04-22,2019-10-21,128,0.06745523191458305,0.1413964720658721
SPY,2019-10-22,2019-04-23,2019-10-22,128,0.058440536592370446,0.14149306197752015
SPY,2019-10-23,2019-04-24,2019-10-23,128,0.04670136919144591,0.1410201882709362
SPY,2019-10-24,2019-04-25,2019-10-24,128,0.05478628858031964,0.14100069131191237
SPY,2019-10-25,2019-04-26,2019-10-25,128,0.06353250751788686,0.14110184849356364
SPY,2019-10-28,2019-04-29,2019-10-28,128,0.06525285716077028,0.1411616597766866
SPY,2019-10-29,2019-04-30,2019-10-29,128,0.06143588779233469,0.14116457986157613
SPY,2019-10-30,2019-05-01,2019-10-30,128,0.06607032990223946,0.1412272216784131
SPY,2019-10-31,2019-05-01,2019-10-31,129,0.05977374829982708,0.14074658889899894
SPY,2019-11-01,2019-05-02,2019-11-01,129,0.09336406199304804,0.14093528049472562
SPY,2019-11-04,2019-05-06,2019-11-04,128,0.08646787138437667,0.14091690372600804
SPY,2019-11-05,2019-05-06,2019-11-05,129,0.08349436385631111,0.1403814894961627
SPY,2019-11-06,2019-05-07,2019-11-06,129,0.09357871890038158,0.14022497932197095
SPY,2019-11-07,2019-05-08,2019-11-07,129,0.13226524706652662,0.138220378274411
SPY,2019-11-08,2019-05-09,2019-11-08,129,0.14067587149773506,0.1382224731586123
SPY,2019-11-11,2019-05-13,2019-11-11,128,0.13522502207086823,0.13864949313704866
SPY,2019-11-12,2019-05-13,2019-11-12,129,0.13732787307871336,0.13811502657486643
SPY,2019-11-13,2019-05-14,2019-11-13,129,0.1863003635811717,0.13359751031780234
SPY,2019-11-14,2019-05-15,2019-11-14,129,0.17264340162385924,0.13319828393719887
SPY,2019-11-15,2019-05-16,2019-11-15,129,0.17617222171949454,0.13336430783262096
SPY,2019-11-18,2019-05-20,2019-11-18,128,0.17191753386102615,0.13305406294322297
SPY,2019-11-19,2019-05-20,2019-11-19,129,0.16954343067378952,0.1325441860791233
SPY,2019-11-20,2019-05-21,2019-11-20,129,0.17573953082431903,0.1322691208185268
SPY,2019-11-21,2019-05-22,2019-11-21,129,0.15627700948149928,0.13185129192820444
SPY,2019-11-22,2019-05-23,2019-11-22,129,0.16600519106209616,0.13177990099574746
SPY,2019-11-25,2019-05-28,2019-11-25,128,0.20260753367069761,0.13145550182700996
SPY,2019-11-26,2019-05-28,2019-11-26,129,0.20534986043521947,0.13095569624085363
SPY,2019-11-27,2019-05-28,2019-11-27,130,0.21204127223436875,0.13053563324367362
SPY,2019-11-29,2019-05-30,2019-11-29,129,0.23608181855361152,0.13010745960675385
SPY,2019-12-02,2019-06-03,2019-12-02,128,0.24229073678466984,0.12981059153387028
SPY,2019-12-03,2019-06-04,2019-12-03,128,0.23470792516516642,0.13014158904525047
SPY,2019-12-04,2019-06-05,2019-12-04,128,0.2056087134162148,0.12720143721723615
SPY,2019-12-05,2019-06-06,2019-12-05,128,0.19293607270359742,0.126779457868978
SPY,2019-12-06,2019-06-07,2019-12-06,128,0.19833875607284787,0.12707783053636956
SPY,2019-12-09,2019-06-10,2019-12-09,128,0.17165227844201147,0.1264474368291102
SPY,2019-12-10,2019-06-11,2019-12-10,128,0.16044551511430216,0.12634693478513462
SPY,2019-12-11,2019-06-12,2019-12-11,128,0.16675615159688068,0.12637969939029356
SPY,2019-12-12,2019-06-13,2019-12-12,128,0.187754940879833,0.12681603434312932
SPY,2019-12-13,2019-06-14,2019-12-13,128,0.1796129009055139,0.12671399978514844
SPY,2019-12-16,2019-06-17,2019-12-16,128,0.19653943816371036,0.1269929649903982
SPY,2019-12-17,2019-06-18,2019-12-17,128,0.19534970610650626,0.12699438739208468
SPY,2019-12-18,2019-06-19,2019-12-18,128,0.17565851953021044,0.1263810628650393
SPY,2019-12-19,2019-06-20,2019-12-19,128,0.17867131118367807,0.12645370397888359
SPY,2019-12-20,2019-06-21,2019-12-20,128,0.16016786415756823,0.1258467514013797
SPY,2019-12-23,2019-06-24,2019-12-23,128,0.1737951903766137,0.12549020159614654
SPY,2019-12-24,2019-06-25,2019-12-24,128,0.17695418830762688,0.1254489188388901
SPY,2019-12-26,2019-06-27,2019-12-26,127,0.21004744046509996,0.12522480517678838
SPY,2019-12-27,2019-06-28,2019-12-27,127,0.2022598371158337,0.1251505913718851
SPY,2019-12-30,2019-07-01,2019-12-30,127,0.17954614056336163,0.12527946401223364
SPY,2019-12-31,2019-07-01,2019-12-31,128,0.18407905737125435,0.12482707481808096
SPY,2020-01-02,2019-07-03,2020-01-02,127,0.18127470151029204,0.12537667350204906
SPY,2020-01-03,2019-07-05,2020-01-03,127,0.15176340152748374,0.12542837142465885
SPY,2020-01-06,2019-07-08,2020-01-06,127,0.16215361273490447,0.12545221409252846
SPY,2020-01-07,2019-07-08,2020-01-07,128,0.15555156126324654,0.12504588837810018
SPY,2020-01-08,2019-07-09,2020-01-08,128,0.17475972020387404,0.12495072063386922
SPY,2020-01-09,2019-07-10,2020-01-09,128,0.18530042981776904,0.12524827268630864
SPY,2020-01-10,2019-07-11,2020-01-10,128,0.17078593982607096,0.12523509625526894
SPY,2020-01-13,2019-07-15,2020-01-13,127,0.17205101900938322,0.12589427547341372
SPY,2020-01-14,2019-07-15,2020-01-14,128,0.16790542084808774,0.12543245117513901
SPY,2020-01-15,2019-07-16,2020-01-15,128,0.17127030163573082,0.12544193909043522
SPY,2020-01-16,2019-07-17,2020-01-16,128,0.19437359125328063,0.12576940003177925
SPY,2020-01-17,2019-07-18,2020-01-17,128,0.21483183477740128,0.1254174995639634
SPY,2020-01-21,2019-07-22,2020-01-21,127,0.21619401125919174,0.12555793801509904
SPY,2020-01-22,2019-07-23,2020-01-22,127,0.2111885150533193,0.12552835721332997
SPY,2020-01-23,2019-07-24,2020-01-23,127,0.2000245959737778,0.1252405963514046
SPY,2020-01-24,2019-07-25,2020-01-24,127,0.17268710943584212,0.12588014161232547
SPY,2020-01-27,2019-07-29,2020-01-27,126,0.13817221875836694,0.12789901660512693
SPY,2020-01-28,2019-07-29,2020-01-28,127,0.15696052959565657,0.12808681783224865
SPY,2020-01-29,2019-07-30,2020-01-29,127,0.15848551545128453,0.12806451847627884
SPY,2020-01-30,2019-07-31,2020-01-30,127,0.16990202756613784,0.12804151325899948
SPY,2020-01-31,2019-08-01,2020-01-31,127,0.15629983539147485,0.12963674276831225
SPY,2020-02-03,2019-08-05,2020-02-03,126,0.20429616151456464,0.12927114225792033
SPY,2020-02-04,2019-08-05,2020-02-04,127,0.23216467199729363,0.13026822295040877
SPY,2020-02-05,2019-08-06,2020-02-05,127,0.31419801355776694,0.12338723914777718
SPY,2020-02-06,2019-08-07,2020-02-06,127,0.29532299394321365,0.12229910603351012
SPY,2020-02-07,2019-08-08,2020-02-07,127,0.28339054212150194,0.12262954909372183
SPY,2020-02-10,2019-08-12,2020-02-10,126,0.2758349574435339,0.12037986004378567
SPY,2020-02-11,2019-08-12,2020-02-11,127,0.27707708280231164,0.11990445305313878
SPY,2020-02-12,2019-08-13,2020-02-12,127,0.3133833597169833,0.11872120103589505
SPY,2020-02-13,2019-08-14,2020-02-13,127,0.2816826047778736,0.11723368183725914
SPY,2020-02-14,2019-08-15,2020-02-14,127,0.3439078265519793,0.10895064479161831
SPY,2020-02-18,2019-08-19,2020-02-18,126,0.30675029324910774,0.10792457811949237
SPY,2020-02-19,2019-08-20,2020-02-19,126,0.2923588216486195,0.10694337528195845
SPY,2020-02-20,2019-08-21,2020-02-20,126,0.3005257100041998,0.10640420220938064
SPY,2020-02-21,2019-08-22,2020-02-21,126,0.2630220526227802,0.10720629795430316
SPY,2020-02-24,2019-08-26,2020-02-24,125,0.25061828887365,0.11202880454501594
SPY,2020-02-25,2019-08-26,2020-02-25,126,0.18733390502463898,0.1202185761144158
SPY,2020-02-26,2019-08-27,2020-02-26,126,0.1577773146876158,0.11948872917736383
SPY,2020-02-27,2019-08-28,2020-02-27,126,0.07451291197045329,0.13559469440004224
SPY,2020-02-28,2019-08-29,2020-02-28,126,0.045264461378417664,0.13581453635414412
SPY,2020-03-02,2019-09-03,2020-03-02,125,0.10888720031551068,0.14939035961337302
SPY,2020-03-03,2019-09-04,2020-03-03,125,0.06540987481825933,0.1545698554637203
SPY,2020-03-04,2019-09-05,2020-03-04,125,0.1267430469363756,0.16451296568211965
SPY,2020-03-05,2019-09-06,2020-03-05,125,0.03138939767851517,0.17073898820917932
SPY,2020-03-06,2019-09-09,2020-03-06,125,-0.005001213712535161,0.1724790813723754
SPY,2020-03-09,2019-09-10,2020-03-09,125,-0.16343599422886373,0.20542377696423084
SPY,2020-03-10,2019-09-11,2020-03-10,125,-0.06732436064540244,0.21674705478162568
SPY,2020-03-11,2019-09-12,2020-03-11,125,-0.1823552859054673,0.22760939223931942
SPY,2020-03-12,2019-09-13,2020-03-12,125,-0.3886413185993828,0.26713145520916926
SPY,2020-03-13,2019-09-16,2020-03-13,125,-0.20891383015250556,0.2962721053282734
SPY,2020-03-16,2019-09-17,2020-03-16,125,-0.4586118681082988,0.34619131822588045
SPY,2020-03-17,2019-09-18,2020-03-17,125,-0.3469680583991051,0.35639703624563945
SPY,2020-03-18,2019-09-19,2020-03-18,125,-0.4543926295513525,0.36382686169962697
SPY,2020-03-19,2019-09-20,2020-03-19,125,-0.4449708531702248,0.36393641924655606
SPY,2020-03-20,2019-09-23,2020-03-20,125,-0.5266892956468947,0.3701782656791889
SPY,2020-03-23,2019-09-24,2020-03-23,125,-0.5864407633090227,0.37224013233134834
SPY,2020-03-24,2019-09-25,2020-03-24,125,-0.38851509032724457,0.39443621969954645
SPY,2020-03-25,2019-09-26,2020-03-25,125,-0.3777563985141251,0.3947201777549169
SPY,2020-03-26,2019-09-27,2020-03-26,125,-0.25080819422603917,0.4044420724561755
SPY,2020-03-27,2019-09-30,2020-03-27,125,-0.30946787905411655,0.40715640334556147
SPY,2020-03-30,2019-10-01,2020-03-30,125,-0.2529282856743618,0.4099769687301392
SPY,2020-03-31,2019-10-01,2020-03-31,126,-0.2830054580759658,0.40888725110949387
SPY,2020-04-01,2019-10-02,2020-04-01,126,-0.34868670912744015,0.4133102658889586
SPY,2020-04-02,2019-10-03,2020-04-02,126,-0.26708553876478014,0.4140161556332697
SPY,2020-04-03,2019-10-04,2020-04-03,126,-0.3136970284270184,0.41427880117601934
SPY,2020-04-06,2019-10-07,2020-04-06,126,-0.20604401824792262,0.42515187747215233
SPY,2020-04-07,2019-10-08,2020-04-07,126,-0.20026470981022548,0.42512126418501267
SPY,2020-04-08,2019-10-09,2020-04-08,126,-0.10154641652049179,0.42736764153357854
SPY,2020-04-09,2019-10-10,2020-04-09,126,-0.09132855156283348,0.4276642162461411
SPY,2020-04-13,2019-10-14,2020-04-13,125,-0.14749554328571737,0.42918404294110546
SPY,2020-04-14,2019-10-15,2020-04-14,125,-0.08381370723565876,0.43140165408864867
SPY,2020-04-15,2019-10-16,2020-04-15,125,-0.14851348631290304,0.4322601467751842
SPY,2020-04-16,2019-10-17,2020-04-16,125,-0.13292503822862334,0.4323506232920556
SPY,2020-04-17,2019-10-18,2020-04-17,125,-0.08531594282155185,0.4340202492496103
SPY,2020-04-20,2019-10-21,2020-04-20,125,-0.1137707409026468,0.43471836326843105
SPY,2020-04-21,2019-10-22,2020-04-21,125,-0.19031123497658223,0.4367561031235267
SPY,2020-04-22,2019-10-23,2020-04-22,125,-0.13746422560501873,0.4380001676771744
SPY,2020-04-23,2019-10-24,2020-04-23,125,-0.1441789400930352,0.43797287032801974
SPY,2020-04-24,2019-10-25,2020-04-24,125,-0.12017825816585395,0.4384363409099858
SPY,2020-04-27,2019-10-28,2020-04-27,125,-0.09895974053881491,0.4389128194165873
SPY,2020-04-28,2019-10-29,2020-04-28,125,-0.12076117971674677,0.43888329211493693
SPY,2020-04-29,2019-10-30,2020-04-29,125,-0.06622322628277047,0.44051775762040923
SPY,2020-04-30,2019-10-31,2020-04-30,125,-0.09147969683772197,0.4406695925272237
SPY,2020-05-01,2019-11-04,2020-05-01,124,-0.16342499907755367,0.44399050672222207
SPY,2020-05-04,2019-11-05,2020-05-04,124,-0.16233954306436935,0.4440018890878671
SPY,2020-05-05,2019-11-06,2020-05-05,124,-0.14167369706522062,0.44421339669974663
SPY,2020-05-06,2019-11-07,2020-05-06,124,-0.15728880018390543,0.4443011617372378
SPY,2020-05-07,2019-11-08,2020-05-07,124,-0.13985958797240405,0.44462017894370204
SPY,2020-05-08,2019-11-11,2020-05-08,124,-0.11110738870574856,0.4452911784493844
SPY,2020-05-11,2019-11-12,2020-05-11,124,-0.10673287612712591,0.44528664194673134
SPY,2020-05-12,2019-11-13,2020-05-12,124,-0.15177260625498792,0.44619887280092024
SPY,2020-05-13,2019-11-14,2020-05-13,124,-0.18885597933159975,0.4468440668366743
SPY,2020-05-14,2019-11-15,2020-05-14,124,-0.1674008179530707,0.4471862327579653
SPY,2020-05-15,2019-11-18,2020-05-15,124,-0.17514862679681978,0.4470711000016051
SPY,2020-05-18,2019-11-19,2020-05-18,124,-0.11308845660986912,0.4493541071550014
SPY,2020-05-19,2019-11-20,2020-05-19,124,-0.13319202062136298,0.44957913794496585
SPY,2020-05-20,2019-11-21,2020-05-20,124,-0.09210970759958094,0.4502229048397143
SPY,2020-05-21,2019-11-22,2020-05-21,124,-0.10473458169227547,0.450342330735256
SPY,2020-05-22,2019-11-25,2020-05-22,124,-0.10405157352517597,0.45034653823543597
SPY,2020-05-26,2019-11-27,2020-05-26,123,-0.0999704266980087,0.4523895097184981
SPY,2020-05-27,2019-11-29,2020-05-27,123,-0.07860894926323989,0.4528574438848598
SPY,2020-05-28,2019-11-29,2020-05-28,124,-0.0820120947866002,0.4510191207636203
SPY,2020-05-29,2019-12-02,2020-05-29,124,-0.06427528054894788,0.4510532915332284
SPY,2020-06-01,2019-12-02,2020-06-01,125,-0.056156030343983955,0.44926724006740887
SPY,2020-06-02,2019-12-03,2020-06-02,125,-0.022311778952249766,0.44926277824721506
SPY,2020-06-03,2019-12-04,2020-06-03,125,0.01844150124094142,0.4495833094310847
SPY,2020-06-04,2019-12-05,2020-06-04,125,-0.0007890857311396644,0.4495152574590911
SPY,2020-06-05,2019-12-06,2020-06-05,125,0.04762242975082521,0.4509981816677136
SPY,2020-06-08,2019-12-09,2020-06-08,125,0.05330743894691301,0.4511292136884156
SPY,2020-06-09,2019-12-10,2020-06-09,125,0.04392953119215318,0.45124636337436763
SPY,2020-06-10,2019-12-11,2020-06-10,125,0.03539852699363394,0.4513099319592494
SPY,2020-06-11,2019-12-12,2020-06-11,125,-0.09222499887325572,0.4594008326106165
SPY,2020-06-12,2019-12-13,2020-06-12,125,-0.0830434872004532,0.45962786096563296
SPY,2020-06-15,2019-12-16,2020-06-15,125,-0.06683218783730402,0.45978979586989144
SPY,2020-06-16,2019-12-17,2020-06-16,125,-0.04344311645183939,0.4604630681154047
SPY,2020-06-17,2019-12-18,2020-06-17,125,-0.05133375137390297,0.46048801514597215
SPY,2020-06-18,2019-12-19,2020-06-18,125,-0.04937093512925858,0.4604894629506923
SPY,2020-06-19,2019-12-20,2020-06-19,125,-0.0783296717325893,0.46064389272513606
SPY,2020-06-22,2019-12-23,2020-06-22,125,-0.065463045348642,0.4607439834204771
SPY,2020-06-23,2019-12-24,2020-06-23,125,-0.058524253597121316,0.4607869164175136
SPY,2020-06-24,2019-12-26,2020-06-24,125,-0.11105758838719618,0.4622580825399137
SPY,2020-06-25,2019-12-26,2020-06-25,126,-0.08828518973265176,0.4606868412107411
SPY,2020-06-26,2019-12-27,2020-06-26,126,-0.14775751023336348,0.46188151036271957
SPY,2020-06-29,2019-12-30,2020-06-29,126,-0.11844266189231512,0.46238640336853987
SPY,2020-06-30,2019-12-31,2020-06-30,126,-0.07636662474914324,0.462866314350279
SPY,2020-07-01,2020-01-02,2020-07-01,126,-0.0723307635114736,0.46290427191812605
SPY,2020-07-02,2020-01-03,2020-07-02,126,-0.07978665939596219,0.4627921567914656
SPY,2020-07-06,2020-01-07,2020-07-06,125,-0.04164919104085842,0.4650839594781286
SPY,2020-07-07,2020-01-08,2020-07-07,125,-0.058104469330169765,0.4653190574387571
SPY,2020-07-08,2020-01-09,2020-07-08,125,-0.05227322087667125,0.4654022295026037
SPY,2020-07-09,2020-01-10,2020-07-09,125,-0.07701440282824194,0.465347803268815
SPY,2020-07-10,2020-01-13,2020-07-10,125,-0.05025148572725894,0.4655809944734423
SPY,2020-07-13,2020-01-14,2020-07-13,125,-0.08321409224391627,0.4656496726052649
SPY,2020-07-14,2020-01-15,2020-07-14,125,-0.05327002816634297,0.46605623353364467
SPY,2020-07-15,2020-01-16,2020-07-15,125,-0.038805303054985016,0.4662329275752082
SPY,2020-07-16,2020-01-17,2020-07-16,125,-0.062471083343580994,0.466095219844987
SPY,2020-07-17,2020-01-21,2020-07-17,125,-0.06445970016754651,0.46607963785785267
SPY,2020-07-20,2020-01-21,2020-07-20,126,-0.047209162379706626,0.4643718095686756
SPY,2020-07-21,2020-01-22,2020-07-21,126,-0.038542175926066236,0.4643660036438122
SPY,2020-07-22,2020-01-23,2020-07-22,126,-0.02769754899327026,0.46444051110332313
SPY,2020-07-23,2020-01-24,2020-07-23,126,-0.05474011605861406,0.46475662667630385
SPY,2020-07-24,2020-01-27,2020-07-24,126,-0.04900375698821513,0.4646642588316592
SPY,2020-07-27,2020-01-28,2020-07-27,126,-0.0025711465521087717,0.4642469994085996
SPY,2020-07-28,2020-01-29,2020-07-28,126,-0.03557088045815249,0.46411494516303115
SPY,2020-07-29,2020-01-30,2020-07-29,126,-0.009199897866372098,0.464448945663708
SPY,2020-07-30,2020-01-31,2020-07-30,126,-0.022877728315609858,0.46445142362037534
SPY,2020-07-31,2020-02-03,2020-07-31,126,0.028129794456399182,0.463894282839402
SPY,2020-08-03,2020-02-04,2020-08-03,126,0.02801832191632414,0.4638925661878788
SPY,2020-08-04,2020-02-05,2020-08-04,126,0.005478980413847978,0.46344400994048396
SPY,2020-08-05,2020-02-06,2020-08-05,126,-0.004116570977165779,0.4632603343611909
SPY,2020-08-06,2020-02-07,2020-08-06,126,0.0019486080301689412,0.4633263129718453
SPY,2020-08-07,2020-02-10,2020-08-07,126,0.014064381799970604,0.46326763330348714
SPY,2020-08-10,2020-02-11,2020-08-10,126,0.004681668040777964,0.4631644240348875
SPY,2020-08-11,2020-02-12,2020-08-11,126,-0.014722260365422457,0.4632957593729199
SPY,2020-08-12,2020-02-13,2020-08-12,126,0.0003933567865761489,0.4636333757285925
SPY,2020-08-13,2020-02-14,2020-08-13,126,-0.0005821942252381973,0.46363668137830755
SPY,2020-08-14,2020-02-18,2020-08-14,126,-0.004760922460029349,0.4636280382911502
SPY,2020-08-17,2020-02-18,2020-08-17,127,0.0006761220711004758,0.4618007101991286
SPY,2020-08-18,2020-02-19,2020-08-18,127,0.011208524080786212,0.4617954337231949
SPY,2020-08-19,2020-02-20,2020-08-19,127,-0.006836605136702179,0.46178354927577464
SPY,2020-08-20,2020-02-21,2020-08-20,127,0.006942041371854002,0.46177462376786166
SPY,2020-08-21,2020-02-24,2020-08-21,127,0.034736434728419724,0.4615559944367383
SPY,2020-08-24,2020-02-25,2020-08-24,127,0.12198765628893242,0.4592239416925785
SPY,2020-08-25,2020-02-26,2020-08-25,127,0.1899251979657602,0.45710950300603115
SPY,2020-08-26,2020-02-27,2020-08-26,127,0.21750153058200905,0.45725371860337494
SPY,2020-08-27,2020-02-28,2020-08-27,127,0.30988939744918553,0.45262855455516
SPY,2020-08-28,2020-03-02,2020-08-28,127,0.3393937833728816,0.4525010754610071
SPY,2020-08-31,2020-03-02,2020-08-31,128,0.3326461536186418,0.4507417090746268
SPY,2020-09-01,2020-03-02,2020-09-01,129,0.34471448517527564,0.4490605680613228
SPY,2020-09-02,2020-03-03,2020-09-02,129,0.2869514487315125,0.4453062505875647
SPY,2020-09-03,2020-03-04,2020-09-03,129,0.2731379595524882,0.4463381201377168
SPY,2020-09-04,2020-03-05,2020-09-04,129,0.17663121368509924,0.44291326174758333
SPY,2020-09-08,2020-03-09,2020-09-08,128,0.2238517131390363,0.4430567186660641
SPY,2020-09-09,2020-03-10,2020-09-09,128,0.4178500207050093,0.4293364937931981
SPY,2020-09-10,2020-03-11,2020-09-10,128,0.28853326928353284,0.42512492721231016
SPY,2020-09-11,2020-03-12,2020-09-11,128,0.38777948465588186,0.41896898463588167
SPY,2020-09-14,2020-03-16,2020-09-14,127,0.43753839285121154,0.3763551693395227
SPY,2020-09-15,2020-03-16,2020-09-15,128,0.44435624867953316,0.37490201798332706
SPY,2020-09-16,2020-03-17,2020-09-16,128,0.6852934905424659,0.32790362090833924
SPY,2020-09-17,2020-03-18,2020-09-17,128,0.5546647068003099,0.3188195326334311
SPY,2020-09-18,2020-03-19,2020-09-18,128,0.6288955693253642,0.31015142501779364
SPY,2020-09-21,2020-03-23,2020-09-21,127,0.7006298334576591,0.3030030914287099
SPY,2020-09-22,2020-03-23,2020-09-22,128,0.7157496630678813,0.30200011942890004
SPY,2020-09-23,2020-03-24,2020-09-23,128,0.7271481609629848,0.3008680823448751
SPY,2020-09-24,2020-03-25,2020-09-24,128,0.5563203272896157,0.27461953468018563
SPY,2020-09-25,2020-03-26,2020-09-25,128,0.5649687320159374,0.2749827372199114
SPY,2020-09-28,2020-03-30,2020-09-28,127,0.5489363145307028,0.2590630819216831
SPY,2020-09-29,2020-03-30,2020-09-29,128,0.5353875772451535,0.2582217405068949
SPY,2020-09-30,2020-03-31,2020-09-30,128,0.48642040578881324,0.25462992455805794
SPY,2020-10-01,2020-04-02,2020-10-01,127,0.6223170455007716,0.24540596724696845
SPY,2020-10-02,2020-04-03,2020-10-02,127,0.5581371742434644,0.24429261960516127
SPY,2020-10-05,2020-04-06,2020-10-05,127,0.623695476242496,0.24403671526883486
SPY,2020-10-06,2020-04-07,2020-10-06,127,0.4610097141708347,0.22676784094637942
SPY,2020-10-07,2020-04-08,2020-10-07,127,0.4984424328491988,0.2277528947066802
SPY,2020-10-08,2020-04-09,2020-10-08,127,0.4479795252948358,0.22344448073696618
SPY,2020-10-09,2020-04-13,2020-10-09,127,0.43662929424101427,0.22293873322993257
SPY,2020-10-12,2020-04-13,2020-10-12,128,0.465259539880686,0.2229947935251895
SPY,2020-10-13,2020-04-14,2020-10-13,128,0.47274189884101614,0.22265341994843202
SPY,2020-10-14,2020-04-15,2020-10-14,128,0.4003955944548615,0.21932305577186295
SPY,2020-10-15,2020-04-16,2020-10-15,128,0.44112051147186226,0.21677836109873397
SPY,2020-10-16,2020-04-17,2020-10-16,128,0.42998878863296003,0.21671410613251596
SPY,2020-10-19,2020-04-20,2020-10-19,128,0.3455211060482139,0.2153529707804165
SPY,2020-10-20,2020-04-21,2020-10-20,128,0.3903128863651991,0.2136464917654663
SPY,2020-10-21,2020-04-22,2020-10-21,128,0.44724281594183224,0.2086744530875089
SPY,2020-10-22,2020-04-23,2020-10-22,128,0.41301136420509854,0.20663586570057307
SPY,2020-10-23,2020-04-24,2020-10-23,128,0.42070374745707745,0.2066299208319068
SPY,2020-10-26,2020-04-27,2020-10-26,128,0.3565857203987106,0.2078783261267617
SPY,2020-10-27,2020-04-28,2020-10-27,128,0.3219092930099181,0.20712936424935702
SPY,2020-10-28,2020-04-29,2020-10-28,128,0.26157708778055044,0.21341436140158107
SPY,2020-10-29,2020-04-30,2020-10-29,128,0.23346819478030426,0.21099709435263295
SPY,2020-10-30,2020-05-01,2020-10-30,128,0.22778108342652767,0.21131100457878121
SPY,2020-11-02,2020-05-04,2020-11-02,128,0.3076101232071905,0.20781665540670036
SPY,2020-11-03,2020-05-04,2020-11-03,129,0.3396586571218687,0.20826939193561278
SPY,2020-11-04,2020-05-05,2020-11-04,129,0.3739546229870158,0.21018588923508727
SPY,2020-11-05,2020-05-06,2020-11-05,129,0.3943657175188022,0.21142416282226473
SPY,2020-11-06,2020-05-07,2020-11-06,129,0.40753540397844057,0.2111017408332743
SPY,2020-11-09,2020-05-11,2020-11-09,128,0.37738042908954417,0.21082427012768118
SPY,2020-11-10,2020-05-11,2020-11-10,129,0.3720393754366854,0.21003388943930487
SPY,2020-11-11,2020-05-12,2020-11-11,129,0.38653312521506933,0.2102000798017358
SPY,2020-11-12,2020-05-13,2020-11-12,129,0.4075208101431389,0.2085074734557584
SPY,2020-11-13,2020-05-14,2020-11-13,129,0.46824260405000157,0.20741827669667487
SPY,2020-11-16,2020-05-18,2020-11-16,128,0.46386798327500534,0.20820415053204416
SPY,2020-11-17,2020-05-18,2020-11-17,129,0.4511862079406514,0.2075876509066986
SPY,2020-11-18,2020-05-19,2020-11-18,129,0.3682602846047687,0.20425915298928504
SPY,2020-11-19,2020-05-20,2020-11-19,129,0.3964235811929024,0.20360025208325383
SPY,2020-11-20,2020-05-21,2020-11-20,129,0.35060991352452214,0.20281742085489965
SPY,2020-11-23,2020-05-26,2020-11-23,128,0.37487145268206046,0.20328871952639938
SPY,2020-11-24,2020-05-26,2020-11-24,129,0.40323566787380594,0.20350745395457934
SPY,2020-11-25,2020-05-26,2020-11-25,130,0.39712145066956883,0.2027646919970108
SPY,2020-11-27,2020-05-28,2020-11-27,129,0.35253864801057483,0.20215839549247477
SPY,2020-11-30,2020-06-01,2020-11-30,128,0.3407454000098628,0.20300086434484899
SPY,2020-12-01,2020-06-02,2020-12-01,128,0.3553856020946392,0.20344444356624666
SPY,2020-12-02,2020-06-03,2020-12-02,128,0.3429782296315049,0.20322041248599798
SPY,2020-12-03,2020-06-04,2020-12-03,128,0.31531400886895333,0.20249547747812777
SPY,2020-12-04,2020-06-05,2020-12-04,128,0.3389002263904711,0.20267568647586237
SPY,2020-12-07,2020-06-08,2020-12-07,128,0.2843293218459013,0.1997548434819297
SPY,2020-12-08,2020-06-09,2020-12-08,128,0.2663481908013282,0.19918571125762186
SPY,2020-12-09,2020-06-10,2020-12-09,128,0.2659876828368828,0.1992018943802843
SPY,2020-12-10,2020-06-11,2020-12-10,128,0.27402722261041035,0.19902593599100912
SPY,2020-12-11,2020-06-12,2020-12-11,128,0.39049444869069255,0.17906813376030709
SPY,2020-12-14,2020-06-15,2020-12-14,128,0.3562809994630977,0.17848370827783044
SPY,2020-12-15,2020-06-16,2020-12-15,128,0.3651890933342121,0.17894135390720298
SPY,2020-12-16,2020-06-17,2020-12-16,128,0.3318097661164927,0.17726760590417795
SPY,2020-12-17,2020-06-18,2020-12-17,128,0.3502278763766126,0.1772398661229252
SPY,2020-12-18,2020-06-19,2020-12-18,128,0.33382452020387066,0.17769626741448963
SPY,2020-12-21,2020-06-22,2020-12-21,128,0.34559630666647567,0.1771458827590284
SPY,2020-12-22,2020-06-23,2020-12-22,128,0.32891817595449013,0.1770617046347887
SPY,2020-12-23,2020-06-24,2020-12-23,128,0.32194495496502384,0.17701245137715388
SPY,2020-12-24,2020-06-25,2020-12-24,128,0.3806428499304575,0.17272486985483526
SPY,2020-12-28,2020-06-29,2020-12-28,127,0.42782586042053056,0.1692056004851296
SPY,2020-12-29,2020-06-30,2020-12-29,127,0.394234478652192,0.16828238608634127
SPY,2020-12-30,2020-07-01,2020-12-30,127,0.36661518597424964,0.16713737609617563
SPY,2020-12-31,2020-07-01,2020-12-31,128,0.3765388105824463,0.16662821898734553
