ticker,date,window_start,window_end,n_days,mu,kappa,theta,xi,rho,v0,lam,mu_j,sigma_j,kappa_j
AAPL,2013-01-02,2012-07-03,2013-01-02,127,-0.14212022407276428,195.38260438241787,0.06798829078307328,5.149208705382586,-0.1464576055323364,0.0982495010220804,3.968503937007874,0.0015527939977642014,0.09627127903765689,0.006206051814595659
AAPL,2013-01-03,2012-07-05,2013-01-03,127,-0.19103551102765115,197.63715919547352,0.06804414655381907,5.180959210258181,-0.13889082107005213,0.09960672507459804,3.968503937007874,0.0015527939977642014,0.09627127903765689,0.006206051814595659
AAPL,2013-01-04,2012-07-05,2013-01-04,128,-0.24601892992904872,198.38711995214425,0.06910021456167413,5.2309060550631905,-0.15306741501966387,0.10915435974073347,3.9375,0.0015527939977642014,0.09627127903765689,0.006206051814595659
AAPL,2013-01-07,2012-07-09,2013-01-07,127,-0.2815237832430323,200.73040228697118,0.06902186636528466,5.258724423828265,-0.1520069933590113,0.1057711322944992,3.968503937007874,0.0015527939977642014,0.09627127903765689,0.006206051814595659
AAPL,2013-01-08,2012-07-09,2013-01-08,128,-0.2739151087633154,200.08618739992107,0.06848851564101545,5.2299545823928595,-0.15206923715098264,0.10295177537732854,3.9375,0.0015527939977642014,0.09627127903765689,0.006206051814595659
AAPL,2013-01-09,2012-07-10,2013-01-09,128,-0.33168717126687763,200.38906235847844,0.06863976089884348,5.239687350793492,-0.15560910293985789,0.09788127859856603,3.9375,0.0015527939977642014,0.09627127903765689,0.006206051814595659
AAPL,2013-01-10,2012-07-11,2013-01-10,128,-0.2884575353135439,200.80653206897443,0.06877046067133896,5.250133790737659,-0.1567150604213063,0.09920268707028858,3.9375,0.0015527939977642014,0.09627127903765689,0.006206051814595659
AAPL,2013-01-11,2012-07-12,2013-01-11,128,-0.28828981160120826,200.89951591617012,0.06876838353010331,5.251269885874686,-0.1558844999422218,0.0940564883548473,3.9375,0.0015527939977642014,0.09627127903765689,0.006206051814595659
AAPL,2013-01-14,2012-07-16,2013-01-14,127,-0.3655838486995396,204.91653210486749,0.07160026620083809,5.41160766560992,-0.19022749023181465,0.1096372032726084,3.968503937007874,0.0015527939977642014,0.09627127903765689,0.006206051814595659
AAPL,2013-01-15,2012-07-16,2013-01-15,128,-0.426797636380698,198.28803399141862,0.07308739255585184,5.378361304534192,-0.17933341026999902,0.11832673383922299,3.9375,0.0015527939977642014,0.09627127903765689,0.006206051814595659
AAPL,2013-01-16,2012-07-17,2013-01-16,128,-0.3518607428321747,188.88743084856748,0.07637505057176139,5.366087762150308,-0.15140343424756922,0.12057876018247025,3.9375,0.0015527939977642014,0.09627127903765689,0.006206051814595659
AAPL,2013-01-17,2012-07-18,2013-01-17,128,-0.3654806059239766,198.253056499877,0.07646646198795827,5.50080095057738,-0.1387147513949164,0.1174194887377779,3.9375,0.0015527939977642014,0.09627127903765689,0.006206051814595659
AAPL,2013-01-18,2012-07-19,2013-01-18,128,-0.37393066818327014,197.85444705802723,0.07652110491034658,5.49723129557893,-0.14124472152637746,0.10792491694477016,3.9375,0.0015527939977642014,0.09627127903765689,0.006206051814595659
AAPL,2013-01-22,2012-07-23,2013-01-22,127,-0.35125246033418467,197.51676276863574,0.07641818480746586,5.48884319847795,-0.1396316749260391,0.10654673870916549,3.968503937007874,0.0015527939977642014,0.09627127903765689,0.006206051814595659
AAPL,2013-01-23,2012-07-24,2013-01-23,127,-0.31311328498412744,198.37961616501445,0.07708033150236106,5.524599448887207,-0.13491278101213683,0.1095786479855531,3.968503937007874,0.0015527939977642014,0.09627127903765689,0.006206051814595659
AAPL,2013-01-24,2012-07-25,2013-01-24,127,-0.4374813247992144,219.6435369064814,0.08595424790676975,6.138657070016161,-0.25071623043642477,0.1095786479855531,3.968503937007874,-0.03112884642153224,0.14249009815922664,-0.02075864277204853
AAPL,2013-01-25,2012-07-26,2013-01-25,127,-0.39658127301475565,213.86989223465557,0.08317302005655099,5.958631758190397,-0.2580846395422588,0.11615307276971149,3.968503937007874,-0.03112884642153224,0.14249009815922664,-0.02075864277204853
AAPL,2013-01-28,2012-07-30,2013-01-28,126,-0.39002362208868513,213.60044454499302,0.08422210698726375,5.99231469866011,-0.2630681532522145,0.12212573346870864,4.0,-0.03112884642153224,0.14249009815922664,-0.02075864277204853
AAPL,2013-01-29,2012-07-30,2013-01-29,127,-0.34942907367920184,213.61666674212233,0.08424492121018347,5.993353821771851,-0.2636516749177561,0.12396039782305797,3.968503937007874,-0.03112884642153224,0.14249009815922664,-0.02075864277204853
AAPL,2013-01-30,2012-07-31,2013-01-30,127,-0.389493916393985,213.51024916891438,0.08370086754217783,5.972481723606796,-0.2728950514537791,0.12388652944923599,3.968503937007874,-0.03112884642153224,0.14249009815922664,-0.02075864277204853
AAPL,2013-01-31,2012-08-01,2013-01-31,127,-0.44801834364506243,212.13500743273477,0.0823457385580414,5.904827601506394,-0.2757105161641364,0.122622151649772,3.968503937007874,-0.03112884642153224,0.14249009815922664,-0.02075864277204853
AAPL,2013-02-01,2012-08-02,2013-02-01,127,-0.44323109596294197,212.11419533591305,0.08229498114435375,5.902717898416153,-0.2756630314456876,0.10026780925309689,3.968503937007874,-0.03112884642153224,0.14249009815922664,-0.02075864277204853
AAPL,2013-02-04,2012-08-06,2013-02-04,126,-0.5276298863924569,213.29935869990484,0.08390683412126843,5.976871632896685,-0.28443316695040166,0.09623040931985531,4.0,-0.03112884642153224,0.14249009815922664,-0.02075864277204853
AAPL,2013-02-05,2012-08-06,2013-02-05,127,-0.45388431114856426,211.66781186528792,0.08563322881697656,6.014908926345239,-0.26704467818114475,0.10856582519549486,3.968503937007874,-0.03112884642153224,0.14249009815922664,-0.02075864277204853
AAPL,2013-02-06,2012-08-07,2013-02-06,127,-0.4783489455574492,214.7466068486732,0.08538874225745485,6.049840843275347,-0.2648151301545913,0.09900298118552568,3.968503937007874,-0.03112884642153224,0.14249009815922664,-0.02075864277204853
AAPL,2013-02-07,2012-08-08,2013-02-07,127,-0.41396109064286574,216.64221158652785,0.08710547324255494,6.137263199594991,-0.2446506303971563,0.10888752840817414,3.968503937007874,-0.03112884642153224,0.14249009815922664,-0.02075864277204853
AAPL,2013-02-08,2012-08-09,2013-02-08,127,-0.38165064453866737,217.9629569945065,0.0875139404857484,6.170359264551651,-0.2495745454285008,0.11126660555810979,3.968503937007874,-0.03112884642153224,0.14249009815922664,-0.02075864277204853
AAPL,2013-02-11,2012-08-13,2013-02-11,126,-0.37838993269314647,218.6789192746104,0.08836745817338183,6.210550921777379,-0.2520236914639518,0.10957892235474297,4.0,-0.03112884642153224,0.14249009815922664,-0.02075864277204853
AAPL,2013-02-12,2012-08-13,2013-02-12,127,-0.42654027242623505,219.19534462178947,0.08895969129054358,6.238681044748023,-0.2572747022990808,0.11549097074822971,3.968503937007874,-0.03112884642153224,0.14249009815922664,-0.02075864277204853
AAPL,2013-02-13,2012-08-14,2013-02-13,127,-0.45711399985847545,220.31046758182978,0.08861243613614961,6.242310832774982,-0.25612571229313025,0.11508056120479468,3.968503937007874,-0.03112884642153224,0.14249009815922664,-0.02075864277204853
AAPL,2013-02-14,2012-08-15,2013-02-14,127,-0.4643278748032535,220.30193590856072,0.08859960347687461,6.241737956213337,-0.256123842271974,0.09927464408064893,3.968503937007874,-0.03112884642153224,0.14249009815922664,-0.02075864277204853
AAPL,2013-02-15,2012-08-16,2013-02-15,127,-0.4895590473733997,220.57065905123693,0.08898410105343137,6.259080903469799,-0.25776452830301694,0.08925327831406604,3.968503937007874,-0.03112884642153224,0.14249009815922664,-0.02075864277204853
AAPL,2013-02-19,2012-08-20,2013-02-19,126,-0.5491767900095148,220.1446436329466,0.08886566170976105,6.248870680810119,-0.2707873501857749,0.06940593539449914,4.0,-0.03112884642153224,0.14249009815922664,-0.02075864277204853
AAPL,2013-02-20,2012-08-21,2013-02-20,126,-0.6517414482596476,220.3966305611174,0.0887183550874581,6.247261741013684,-0.2804312256155708,0.07606987607636731,4.0,-0.03112884642153224,0.14249009815922664,-0.02075864277204853
AAPL,2013-02-21,2012-08-22,2013-02-21,126,-0.6364475459872654,220.91241496021243,0.08841254218220433,6.243778484420813,-0.2825735693477482,0.07619346045286361,4.0,-0.03112884642153224,0.14249009815922664,-0.02075864277204853
AAPL,2013-02-22,2012-08-23,2013-02-22,126,-0.6542208972959749,220.46678386054649,0.08788058390216753,6.21868467958524,-0.2828537954135166,0.0764579089743353,4.0,-0.03112884642153224,0.14249009815922664,-0.02075864277204853
AAPL,2013-02-25,2012-08-27,2013-02-25,125,-0.6788892022549065,220.9276379735826,0.08907190442814793,6.26723355917978,-0.2898861420377439,0.0763660602506917,4.032,-0.03112884642153224,0.14249009815922664,-0.02075864277204853
AAPL,2013-02-26,2012-08-27,2013-02-26,126,-0.6452921449646104,220.89452450549624,0.0887427334931806,6.255173531284553,-0.2901718261842427,0.07183434941008589,4.0,-0.03112884642153224,0.14249009815922664,-0.02075864277204853
AAPL,2013-02-27,2012-08-28,2013-02-27,126,-0.7031338684276103,220.66079547611628,0.08823577854544079,6.233980461840075,-0.2895512944949947,0.0669942874553814,4.0,-0.03112884642153224,0.14249009815922664,-0.02075864277204853
AAPL,2013-02-28,2012-08-29,2013-02-28,126,-0.7150284801984946,220.91057385349114,0.08833640236891527,6.241063365042269,-0.28936733008011734,0.0634624565126267,4.0,-0.03112884642153224,0.14249009815922664,-0.02075864277204853
AAPL,2013-03-01,2012-09-04,2013-03-01,124,-0.7490688934301019,222.34148618745908,0.09064056267954311,6.342376723810166,-0.29648931640991544,0.07088789918395097,4.064516129032258,-0.03112884642153224,0.14249009815922664,-0.02075864277204853
AAPL,2013-03-04,2012-09-05,2013-03-04,124,-0.829675843758142,222.266245414324,0.09144527071030913,6.369390381019285,-0.29499572947533065,0.07798944108901605,4.064516129032258,-0.03112884642153224,0.14249009815922664,-0.02075864277204853
AAPL,2013-03-05,2012-09-06,2013-03-05,124,-0.7612925542673408,222.34085525343056,0.0927453418546488,6.415583697927347,-0.2915112175093651,0.0859351138458736,4.064516129032258,-0.03112884642153224,0.14249009815922664,-0.02075864277204853
AAPL,2013-03-06,2012-09-07,2013-03-06,124,-0.8062460009954193,223.40412871751843,0.09291709541935435,6.4368575217563855,-0.2877879300997983,0.08026229184538773,4.064516129032258,-0.03112884642153224,0.14249009815922664,-0.02075864277204853
AAPL,2013-03-07,2012-09-10,2013-03-07,124,-0.7952063862157844,222.31669085744076,0.09311182904272107,6.427897601136826,-0.28110106637152904,0.06757537680801254,4.064516129032258,-0.03112884642153224,0.14249009815922664,-0.02075864277204853
AAPL,2013-03-08,2012-09-10,2013-03-08,125,-0.7833237339676892,221.79954993041554,0.09236914787476387,6.39476051821519,-0.28136139995782017,0.06764552223895451,4.032,-0.03112884642153224,0.14249009815922664,-0.02075864277204853
AAPL,2013-03-11,2012-09-12,2013-03-11,124,-0.6993727937191929,220.9711992448723,0.09208283914633661,6.372908352220671,-0.2822652037891932,0.05974436068013096,4.064516129032258,-0.03112884642153224,0.14249009815922664,-0.02075864277204853
AAPL,2013-03-12,2012-09-13,2013-03-12,124,-0.7729607102255782,221.0720249194552,0.09266889033258213,6.394614409156563,-0.28822000850901286,0.06297885886296309,4.064516129032258,-0.03112884642153224,0.14249009815922664,-0.02075864277204853
AAPL,2013-03-13,2012-09-14,2013-03-13,124,-0.8136274585639691,221.3227135361922,0.0918834277056506,6.3710655475537274,-0.2873657649402207,0.06168945461690933,4.064516129032258,-0.03112884642153224,0.14249009815922664,-0.02075864277204853
AAPL,2013-03-14,2012-09-17,2013-03-14,124,-0.8186621696359188,221.04753668463798,0.09177407041897379,6.363313542435825,-0.28691571087787093,0.05507181197502532,4.064516129032258,-0.03112884642153224,0.14249009815922664,-0.02075864277204853
AAPL,2013-03-15,2012-09-17,2013-03-15,125,-0.7598112762832504,221.61072096791207,0.09235767168642879,6.391640755921553,-0.27428633873103303,0.06281674880283901,4.032,-0.03112884642153224,0.14249009815922664,-0.02075864277204853
AAPL,2013-03-18,2012-09-19,2013-03-18,124,-0.5934779847537637,246.39572457493117,0.10343875422304695,7.132449586108665,-0.03839552245824268,0.07143889554837615,2.032258064516129,-0.1318845610818582,0.0,-0.12355783522488362
AAPL,2013-03-19,2012-09-20,2013-03-19,124,-0.5995702830018427,247.62688882708392,0.10345356829530296,7.150758715325434,-0.038190115759858576,0.06921561617813486,2.032258064516129,-0.1318845610818582,0.0,-0.12355783522488362
AAPL,2013-03-20,2012-09-21,2013-03-20,124,-0.6005164781360235,247.6418057173788,0.10346319301633362,7.15130672559565,-0.03818379869763477,0.0695532177318239,2.032258064516129,-0.1318845610818582,0.0,-0.12355783522488362
AAPL,2013-03-21,2012-09-24,2013-03-21,124,-0.6016454825421431,247.36961136458783,0.10345932668203787,7.147241935068984,-0.037459117153067774,0.06236555040028993,2.032258064516129,-0.1318845610818582,0.0,-0.12355783522488362
AAPL,2013-03-22,2012-09-24,2013-03-22,125,-0.5559978880607275,247.36622454727788,0.1034439097773191,7.146660470978881,-0.03352053865079843,0.06673463644694841,2.016,-0.1318845610818582,0.0,-0.12355783522488362
AAPL,2013-03-25,2012-09-26,2013-03-25,124,-0.4739157254518747,246.8626542427464,0.1026350268739185,7.11141434298713,-0.032314139938159146,0.065544591750949,2.032258064516129,-0.1318845610818582,0.0,-0.12355783522488362
AAPL,2013-03-26,2012-09-27,2013-03-26,124,-0.4591383790499063,246.03596225396532,0.10237247515800024,7.090410566428653,-0.0372063292383558,0.06202200672841368,2.032258064516129,-0.1318845610818582,0.0,-0.12355783522488362
AAPL,2013-03-27,2012-09-28,2013-03-27,124,-0.6972285078770142,222.24585164853733,0.0928239412156266,6.416930267166519,-0.2756628468137367,0.0644489165013228,4.064516129032258,-0.03112884642153224,0.14249009815922664,-0.02075864277204853
AAPL,2013-03-28,2012-10-01,2013-03-28,124,-0.697156822678649,222.11141550530755,0.0928209197342455,6.41488477145495,-0.27717635711662764,0.06860588693028546,4.064516129032258,-0.03112884642153224,0.14249009815922664,-0.02075864277204853
AAPL,2013-04-01,2012-10-02,2013-04-01,124,-0.589670636621626,246.38163106264204,0.10376166651332241,7.143369550152684,-0.04858467687900815,0.07993973594611102,2.032258064516129,-0.1318845610818582,0.0,-0.12355783522488362
AAPL,2013-04-02,2012-10-03,2013-04-02,124,-0.59142846595903,247.74780120554325,0.10375295289099695,7.1628461549858935,-0.05201758070684466,0.07244585256060503,2.032258064516129,-0.1318845610818582,0.0,-0.12355783522488362
AAPL,2013-04-03,2012-10-04,2013-04-03,124,-0.6121435883320028,247.36200929838816,0.10333196993704058,7.142731754920373,-0.05227697934340451,0.06555358896139493,2.032258064516129,-0.1318845610818582,0.0,-0.12355783522488362
AAPL,2013-04-04,2012-10-05,2013-04-04,124,-0.6182574170696981,246.76085620259514,0.10343518712185393,7.137609312472675,-0.049353748871788866,0.058588874349815766,2.032258064516129,-0.1318845610818582,0.0,-0.12355783522488362
AAPL,2013-04-05,2012-10-08,2013-04-05,124,-0.7445945969170983,222.78248798899583,0.09354398636846781,6.449543074590452,-0.2849757779595097,0.05797978207438041,4.064516129032258,-0.03112884642153224,0.14249009815922664,-0.02075864277204853
AAPL,2013-04-08,2012-10-09,2013-04-08,124,-0.6838014221245253,221.98986647911738,0.09261647567658604,6.406062720734539,-0.28573917065210497,0.056997749001944445,4.064516129032258,-0.03112884642153224,0.14249009815922664,-0.02075864277204853
AAPL,2013-04-09,2012-10-10,2013-04-09,124,-0.6725493385150338,221.92069566813424,0.09259580541506764,6.404349811102018,-0.2864703642706652,0.05695294749735555,4.064516129032258,-0.03112884642153224,0.14249009815922664,-0.02075864277204853
AAPL,2013-04-10,2012-10-11,2013-04-10,124,-0.4992981920049293,245.76167391315232,0.10248201621368763,7.09024748977371,-0.04362696862203786,0.059445326079381786,2.032258064516129,-0.1318845610818582,0.0,-0.12355783522488362
AAPL,2013-04-11,2012-10-12,2013-04-11,124,-0.611965496779782,221.9662405951593,0.09248657900154883,6.401228160109008,-0.27567198330033393,0.053862392468672644,4.064516129032258,-0.03112884642153224,0.14249009815922664,-0.02075864277204853
AAPL,2013-04-12,2012-10-15,2013-04-12,124,-0.638909358916845,222.07827226958344,0.09270009554332659,6.410229994321477,-0.27661113964380696,0.05518103959471256,4.064516129032258,-0.03112884642153224,0.14249009815922664,-0.02075864277204853
AAPL,2013-04-15,2012-10-16,2013-04-15,124,-0.5554177033962979,245.815125488247,0.10287198508478242,7.104497199729915,-0.052535962299268976,0.06064887051826174,2.032258064516129,-0.1318845610818582,0.0,-0.12355783522488362
AAPL,2013-04-16,2012-10-17,2013-04-16,124,-0.7209284358563296,221.8196678412133,0.09304153399559525,6.418284181999014,-0.2941095577537694,0.05559839847217933,4.064516129032258,-0.03112884642153224,0.14249009815922664,-0.02075864277204853
AAPL,2013-04-17,2012-10-18,2013-04-17,124,-0.6719037158705449,247.9508053514781,0.1086408911558603,7.332632296915194,-0.1141289107973859,0.08535866750149003,2.032258064516129,-0.1318845610818582,0.0,-0.12355783522488362
AAPL,2013-04-18,2012-10-19,2013-04-18,124,-0.688921514746686,244.99386275656562,0.10942021059264381,7.314874203141882,-0.07559623429304757,0.09405166876152658,2.032258064516129,-0.1318845610818582,0.0,-0.12355783522488362
AAPL,2013-04-19,2012-10-22,2013-04-19,124,-0.6216797488594512,249.23127079574058,0.10669090332725611,7.285266582695485,-0.07927349401687585,0.09389350765222367,2.032258064516129,-0.1318845610818582,0.0,-0.12355783522488362
AAPL,2013-04-22,2012-10-23,2013-04-22,124,-0.6591118004000561,252.0,0.10446263776862079,1e-06,-0.08064485856768842,0.09897537271457671,2.032258064516129,-0.1318845610818582,0.0,-0.12355783522488362
AAPL,2013-04-23,2012-10-24,2013-04-23,124,-0.5532239135199924,251.11771253684404,0.1029161924797609,7.182258213810042,-0.07799593495136488,0.0982642879507496,2.032258064516129,-0.1318845610818582,0.0,-0.12355783522488362
AAPL,2013-04-24,2012-10-25,2013-04-24,124,-0.7166415291819398,232.76712913413533,0.09368597203377295,6.597487783687983,-0.3013152119190188,0.09814071396525133,4.064516129032258,-0.03112884642153224,0.14249009815922664,-0.02075864277204853
AAPL,2013-04-25,2012-10-26,2013-04-25,124,-0.529105491390257,251.18209032149048,0.1026725176650779,7.1746699436239805,-0.07764456308405505,0.09842449678266066,2.032258064516129,-0.1318845610818582,0.0,-0.12355783522488362
AAPL,2013-04-26,2012-10-29,2013-04-26,124,-0.46662142710278476,251.77392890194406,0.10343712716634004,7.209814477497926,-0.07339709153836066,0.0991785962970989,2.032258064516129,-0.1318845610818582,0.0,-0.12355783522488362
AAPL,2013-04-29,2012-10-30,2013-04-29,124,-0.4041366945355644,252.0,0.1053428178087672,1e-06,-0.06669111721982732,0.10501957964431513,2.032258064516129,-0.1318845610818582,0.0,-0.12355783522488362
AAPL,2013-04-30,2012-10-31,2013-04-30,124,-0.34470417921084373,251.87120919625343,0.10706687946341896,7.336641906702902,-0.06630615044886362,0.10316926150790817,2.032258064516129,-0.1318845610818582,0.0,-0.12355783522488362
AAPL,2013-05-01,2012-11-02,2013-05-01,123,-0.33820459540206865,251.64419369475118,0.10763233506624047,7.3526742283244255,-0.05042438380131906,0.10387025866376569,2.048780487804878,-0.1318845610818582,0.0,-0.12355783522488362
AAPL,2013-05-02,2012-11-05,2013-05-02,123,-0.23960769355321318,250.65044150227644,0.10570293806459426,7.272073378655976,-0.04433003550885021,0.1059372141521398,2.048780487804878,-0.1318845610818582,0.0,-0.12355783522488362
AAPL,2013-05-03,2012-11-05,2013-05-03,124,-0.21725230872903964,250.3697237675904,0.10504683679057726,7.245408575842173,-0.04470308085188714,0.10594375027142035,2.032258064516129,-0.1318845610818582,0.0,-0.12355783522488362
AAPL,2013-05-06,2012-11-07,2013-05-06,123,-0.19190861910111226,249.12685907708854,0.10666141548098379,7.282733765402972,-0.01789289843412181,0.11125344605551536,2.048780487804878,-0.1318845610818582,0.0,-0.12355783522488362
AAPL,2013-05-07,2012-11-08,2013-05-07,123,-0.12053461476807327,252.0,0.10355850574769372,1e-06,-0.01940304389613267,0.11088936377511681,2.048780487804878,-0.1318845610818582,0.0,-0.12355783522488362
AAPL,2013-05-08,2012-11-09,2013-05-08,123,-0.020983679327071587,252.0,0.1009966738722957,1e-06,-0.011453385928693733,0.11236380366628325,2.048780487804878,-0.1318845610818582,0.0,-0.12355783522488362
AAPL,2013-05-09,2012-11-12,2013-05-09,123,-0.07453711353230817,252.0,0.10054673580346857,1e-06,-0.012002462228678621,0.10839181532900058,2.048780487804878,-0.1318845610818582,0.0,-0.12355783522488362
AAPL,2013-05-10,2012-11-12,2013-05-10,124,-0.2356120422079506,233.3136929296576,0.09067718895410908,6.498298010395436,-0.22116022235183383,0.10911196436969667,4.064516129032258,-0.03112884642153224,0.14249009815922664,-0.02075864277204853
AAPL,2013-05-13,2012-11-14,2013-05-13,123,-0.06797084248760185,252.0,0.1005978124956314,1e-06,-0.01151148097969897,0.10797539543424023,2.048780487804878,-0.1318845610818582,0.0,-0.12355783522488362
AAPL,2013-05-14,2012-11-15,2013-05-14,123,-0.09495955624763038,252.0,0.10155233208433626,1e-06,-0.014293931849840617,0.10842939698041952,2.048780487804878,-0.1318845610818582,0.0,-0.12355783522488362
AAPL,2013-05-15,2012-11-16,2013-05-15,123,-0.12223779752817411,252.0,0.10306894826685625,1e-06,-0.021465651864976256,0.11989347315207059,2.048780487804878,-0.1318845610818582,0.0,-0.12355783522488362
AAPL,2013-05-16,2012-11-19,2013-05-16,123,-0.10290025568849022,245.72848094487395,0.1034012405537018,7.121493932900351,-0.19092253782322308,0.08361535297684951,2.048780487804878,-0.1318845610818582,0.0,-0.12355783522488362
AAPL,2013-05-17,2012-11-19,2013-05-17,124,-0.10829563298922243,245.388627857686,0.10257953640387243,7.088234357427334,-0.19077611596107183,0.07494573224373807,2.032258064516129,-0.1318845610818582,0.0,-0.12355783522488362
AAPL,2013-05-20,2012-11-21,2013-05-20,123,-0.18973551236208072,235.30604578282583,0.09426189299385536,6.65372898488727,-0.22813285525501978,0.08061158995860877,2.048780487804878,-0.1318845610818582,0.0,-0.12355783522488362
AAPL,2013-05-21,2012-11-23,2013-05-21,123,-0.20794902255115677,235.6416197341183,0.09437122330033039,6.662332110715942,-0.2300569023239901,0.07616388287123509,2.048780487804878,-0.1318845610818582,0.0,-0.12355783522488362
AAPL,2013-05-22,2012-11-23,2013-05-22,124,-0.19839802537926288,234.9970101061918,0.09363413463272985,6.627179822963713,-0.23009264968205453,0.0722160003345171,2.032258064516129,-0.1318845610818582,0.0,-0.12355783522488362
AAPL,2013-05-23,2012-11-26,2013-05-23,124,-0.23017025864207913,234.0085872841131,0.09302777518473537,6.591779945047304,-0.2449454312616846,0.07222164964538706,2.032258064516129,-0.1318845610818582,0.0,-0.12355783522488362
AAPL,2013-05-24,2012-11-26,2013-05-24,125,-0.21452573170594347,233.37770915788508,0.09237110113884212,6.559613223594499,-0.24455352804238484,0.07215606941565914,2.016,-0.1318845610818582,0.0,-0.12355783522488362
AAPL,2013-05-28,2012-11-29,2013-05-28,123,-0.2762688227157491,232.70177627334948,0.09188149794227546,6.532724880668975,-0.25049253260980775,0.06751771419498614,2.048780487804878,-0.1318845610818582,0.0,-0.12355783522488362
AAPL,2013-05-29,2012-11-30,2013-05-29,123,-0.2825339203742605,232.6449272442552,0.0917632581720161,6.527722628350374,-0.2506231273883506,0.057108497379253796,2.048780487804878,-0.1318845610818582,0.0,-0.12355783522488362
AAPL,2013-05-30,2012-12-03,2013-05-30,123,-0.23763368514632557,233.06489982730565,0.09211545479606399,6.546138244030815,-0.24852059294694556,0.04963559915092813,2.048780487804878,-0.1318845610818582,0.0,-0.12355783522488362
AAPL,2013-05-31,2012-12-03,2013-05-31,124,-0.2441121813879228,232.76667279897737,0.09140107462794946,6.516532062141651,-0.24808704498785622,0.04908641895788949,2.032258064516129,-0.1318845610818582,0.0,-0.12355783522488362
AAPL,2013-06-03,2012-12-04,2013-06-03,124,-0.2427905045933682,232.11697081021927,0.09140603444051028,6.507607741918906,-0.24616464516845968,0.046764657890761986,2.032258064516129,-0.1318845610818582,0.0,-0.12355783522488362
AAPL,2013-06-04,2012-12-05,2013-06-04,124,-0.2127476746490231,230.303028304277,0.09077722671067144,6.07177212979989,-0.11856518723697322,0.04569187488826485,2.032258064516129,-0.1318845610818582,0.0,-0.12355783522488362
AAPL,2013-06-05,2012-12-06,2013-06-05,124,-0.0957015179490822,212.28038696487286,0.08189191483686213,5.890551189858067,-0.09057913268993971,0.040086095118993935,2.032258064516129,-0.1318845610818582,0.0,-0.12355783522488362
AAPL,2013-06-06,2012-12-07,2013-06-06,124,-0.1584241179250692,211.8468640253918,0.08185999835768595,5.88338639137377,-0.08442911386488307,0.04256647181132234,2.032258064516129,-0.1318845610818582,0.0,-0.12355783522488362
AAPL,2013-06-07,2012-12-10,2013-06-07,124,-0.08977225282479578,210.47125493699545,0.08060464242241526,5.819114587093981,-0.08872036073451077,0.041748129636658644,2.032258064516129,-0.1318845610818582,0.0,-0.12355783522488362
AAPL,2013-06-10,2012-12-11,2013-06-10,124,-0.09013714369420009,209.34094220374288,0.0806094167855991,5.803639966903874,-0.09664453162203152,0.04135443170968532,2.032258064516129,-0.1318845610818582,0.0,-0.12355783522488362
AAPL,2013-06-11,2012-12-12,2013-06-11,124,-0.1404271624425614,208.1679645711202,0.07967105482715282,5.753574190175467,-0.09816374524648573,0.04062097096464484,2.032258064516129,-0.1318845610818582,0.0,-0.12355783522488362
AAPL,2013-06-12,2012-12-13,2013-06-12,124,-0.15684821897091097,207.72734683756713,0.0799479806669388,5.75746189783802,-0.09602716293020697,0.042295385022309714,2.032258064516129,-0.1318845610818582,0.0,-0.12355783522488362
AAPL,2013-06-13,2012-12-14,2013-06-13,124,-0.1033586781169553,207.23423010801997,0.07948058011626417,5.733789515908614,-0.06407568202495804,0.036163156122183605,2.032258064516129,-0.1318845610818582,0.0,-0.12355783522488362
AAPL,2013-06-14,2012-12-17,2013-06-14,124,-0.052866871820531895,204.6583387467939,0.07685789808151036,5.603243034361474,-0.04970366018494909,0.024196650709557153,2.032258064516129,-0.1318845610818582,0.0,-0.12355783522488362
AAPL,2013-06-17,2012-12-18,2013-06-17,124,-0.07961171865496738,204.3607164626216,0.07626679246688957,5.577594475053613,-0.06354569953650055,0.022328220222106947,2.032258064516129,-0.1318845610818582,0.0,-0.12355783522488362
AAPL,2013-06-18,2012-12-19,2013-06-18,124,-0.13936294744197297,202.6312370376308,0.07458779928305717,5.4924685733074785,-0.07109310403657418,0.022220590104380735,2.032258064516129,-0.1318845610818582,0.0,-0.12355783522488362
AAPL,2013-06-19,2012-12-20,2013-06-19,124,-0.15207051316912545,203.38021027218713,0.07503051301321018,5.5189160765772405,-0.07852646133135843,0.021426771535503552,2.032258064516129,-0.1318845610818582,0.0,-0.12355783522488362
AAPL,2013-06-20,2012-12-21,2013-06-20,124,-0.16421972036165233,204.05876418534626,0.07531493263978378,5.538582869957008,-0.07604764583090046,0.02335044115329566,2.032258064516129,-0.1318845610818582,0.0,-0.12355783522488362
AAPL,2013-06-21,2012-12-24,2013-06-21,124,-0.17125489295214436,204.5739251528571,0.0754039677871716,5.54884667596471,-0.07500870951532225,0.023950427897144754,2.032258064516129,-0.1318845610818582,0.0,-0.12355783522488362
AAPL,2013-06-24,2012-12-26,2013-06-24,124,-0.2296027952412523,205.87754110306793,0.07687705959031346,5.6206087397996995,-0.0861217736559587,0.032571508592676865,2.032258064516129,-0.1318845610818582,0.0,-0.12355783522488362
AAPL,2013-06-25,2012-12-26,2013-06-25,125,-0.22729661818547256,207.51756112582063,0.0762571849675859,5.620155061457553,-0.08616551206086524,0.03201971872973045,2.016,-0.1318845610818582,0.0,-0.12355783522488362
AAPL,2013-06-26,2012-12-27,2013-06-26,125,-0.22223798566066938,207.44862886928135,0.07612935342007056,5.614509758947999,-0.0864961820418138,0.03273611766433164,2.016,-0.1318845610818582,0.0,-0.12355783522488362
AAPL,2013-06-27,2012-12-28,2013-06-27,125,-0.25240217903656664,207.58173422275584,0.07633530858177495,5.623902551107039,-0.08562527358325182,0.03339226399338135,2.016,-0.1318845610818582,0.0,-0.12355783522488362
AAPL,2013-06-28,2012-12-31,2013-06-28,125,-0.21656136993975234,204.00482683959743,0.07620206581794657,5.570370474055567,-0.1605137601056261,0.031348246258964936,2.016,-0.1318845610818582,0.0,-0.12355783522488362
AAPL,2013-07-01,2013-01-02,2013-07-01,125,-0.2406544824465862,213.02631174501158,0.0743985113852959,5.624439287184076,-0.107891385667781,0.04305390570507362,2.016,-0.1318845610818582,0.0,-0.12355783522488362
AAPL,2013-07-02,2013-01-03,2013-07-02,125,-0.258517562482073,210.3767032221485,0.07344122324780432,5.553276012038724,-0.12611485948022458,0.04901715193388688,2.016,-0.1318845610818582,0.0,-0.12355783522488362
AAPL,2013-07-03,2013-01-04,2013-07-03,125,-0.22151523958074842,210.29845735798622,0.07317488308804904,5.542166235195621,-0.11489608120299942,0.04926297191382209,2.016,-0.1318845610818582,0.0,-0.12355783522488362
AAPL,2013-07-05,2013-01-07,2013-07-05,125,-0.18049426766499047,207.8066418998335,0.07168522080669937,5.45286834176911,-0.119536950595646,0.04898504859875473,2.016,-0.1318845610818582,0.0,-0.12355783522488362
AAPL,2013-07-08,2013-01-09,2013-07-08,124,-0.18704702464052186,207.90568967617324,0.07224836285204914,5.475549111488625,-0.11652775905125522,0.04665505313002715,2.032258064516129,-0.1318845610818582,0.0,-0.12355783522488362
AAPL,2013-07-09,2013-01-10,2013-07-09,124,-0.11905341212933429,208.14397784961434,0.07236282070783494,5.483024100208108,-0.11071213625552041,0.049607751413167034,2.032258064516129,-0.1318845610818582,0.0,-0.12355783522488362
AAPL,2013-07-10,2013-01-11,2013-07-10,124,-0.1521659969633283,208.55040248421398,0.07208215490894898,5.477720680377343,-0.11036134456365729,0.049257296078480825,2.032258064516129,-0.1318845610818582,0.0,-0.12355783522488362
AAPL,2013-07-11,2013-01-14,2013-07-11,124,-0.10786755535753335,205.4572654362813,0.07249507917716902,5.452497838333898,-0.06874504690745115,0.05202577383351356,2.032258064516129,-0.1318845610818582,0.0,-0.12355783522488362
AAPL,2013-07-12,2013-01-14,2013-07-12,125,-0.11071048477066082,205.309003865263,0.07191722458610587,5.4287637631970105,-0.06834065353996197,0.050208916480727665,2.016,-0.1318845610818582,0.0,-0.12355783522488362
AAPL,2013-07-15,2013-01-16,2013-07-15,124,0.03290922414827768,223.46057566422226,0.06770589244023312,5.495335046155239,-0.10538655151062146,0.04936070602246966,2.032258064516129,-0.1318845610818582,0.0,-0.12355783522488362
AAPL,2013-07-16,2013-01-17,2013-07-16,124,-0.037228923986081804,215.8094084007333,0.06440191532215638,5.267021181957946,-0.11990656492987772,0.04762228973482546,2.032258064516129,-0.1318845610818582,0.0,-0.12355783522488362
AAPL,2013-07-17,2013-01-18,2013-07-17,124,-0.02285367814846027,215.7157570350914,0.06430840337484964,5.262053804024468,-0.12006034775227249,0.04737749548440117,2.032258064516129,-0.1318845610818582,0.0,-0.12355783522488362
AAPL,2013-07-18,2013-01-22,2013-07-18,124,-0.005008957069335863,215.40215827646975,0.06427304088127171,5.2567816134817305,-0.12077619927357769,0.04750990344859817,2.032258064516129,-0.1318845610818582,0.0,-0.12355783522488362
AAPL,2013-07-19,2013-01-22,2013-07-19,125,-0.037278702886440244,215.50821114378365,0.06426839722099112,5.257885589075685,-0.12398465425828277,0.045489989836635075,2.016,-0.1318845610818582,0.0,-0.12355783522488362
AAPL,2013-07-22,2013-01-23,2013-07-22,125,-0.05008137722115334,215.27795483531858,0.06410592344989804,5.248429233500131,-0.12991463473261633,0.043029921569911665,2.016,-0.1318845610818582,0.0,-0.12355783522488362
AAPL,2013-07-23,2013-01-24,2013-07-23,125,-0.12214461400996059,215.8598950911722,0.06404684018560586,5.253095799644889,-0.12966827524378685,0.04585304939104953,2.016,-0.1318845610818582,0.0,-0.12355783522488362
AAPL,2013-07-24,2013-01-25,2013-07-24,125,-0.007253011200787861,220.15370171694502,0.05801279237461164,4.67772288753824,-0.05911004968286892,0.04585304939104953,4.032,-0.003238275553128389,0.07541218800776317,-0.0003946985890788124
AAPL,2013-07-25,2013-01-28,2013-07-25,125,0.03225413004817906,222.59355983113437,0.056889619234267136,4.698136621655304,-0.0554871531987125,0.037444559010452586,4.032,-0.003238275553128389,0.07541218800776317,-0.0003946985890788124
AAPL,2013-07-26,2013-01-28,2013-07-26,126,0.04350132451893419,221.70974424965428,0.05649599011827042,4.702993348986687,-0.05532892114891945,0.03782870198562291,4.0,-0.003238275553128389,0.07541218800776317,-0.0003946985890788124
AAPL,2013-07-29,2013-01-30,2013-07-29,125,-0.008705268507503175,221.8082337438597,0.05570205195891531,4.759055063753083,-0.048381374963062634,0.0390816972419022,4.032,-0.003238275553128389,0.07541218800776317,-0.0003946985890788124
AAPL,2013-07-30,2013-01-31,2013-07-30,125,0.022888529890843504,222.877350304443,0.055990398363220804,4.731789244248856,-0.049780181777576524,0.03948059875751993,4.032,-0.003238275553128389,0.07541218800776317,-0.0003946985890788124
AAPL,2013-07-31,2013-02-01,2013-07-31,125,0.025333523492421274,223.49640062021115,0.05597895174755642,4.722427464711063,-0.049307909627454946,0.038935943290817794,4.032,-0.003238275553128389,0.07541218800776317,-0.0003946985890788124
AAPL,2013-08-01,2013-02-04,2013-08-01,125,0.05246524860950781,220.47154677740502,0.056115013635169526,4.678586106195835,-0.02557857510120285,0.0280280943143853,4.032,-0.003238275553128389,0.07541218800776317,-0.0003946985890788124
AAPL,2013-08-02,2013-02-04,2013-08-02,126,0.07795373076673037,220.3292303846733,0.05599284977058045,4.671685629967079,-0.023972974264265014,0.023957621891592534,4.0,-0.003238275553128389,0.07541218800776317,-0.0003946985890788124
AAPL,2013-08-05,2013-02-06,2013-08-05,125,0.08999677345031257,222.0815671225822,0.053158175959231,4.565484703007442,-0.05753409487679599,0.026232723338601032,4.032,-0.003238275553128389,0.07541218800776317,-0.0003946985890788124
AAPL,2013-08-06,2013-02-07,2013-08-06,125,0.07377834960664373,217.90153291861668,0.05332129927710866,4.4252028728412585,-0.09945547609207152,0.02642141699464654,4.032,-0.003238275553128389,0.07541218800776317,-0.0003946985890788124
AAPL,2013-08-07,2013-02-08,2013-08-07,125,0.012558548210923408,215.37423532616617,0.05156308689396241,4.500613762020363,-0.08545637243565653,0.026036390455120198,4.032,-0.003238275553128389,0.07541218800776317,-0.0003946985890788124
AAPL,2013-08-08,2013-02-11,2013-08-08,125,-0.020893757278154835,214.29114706296608,0.05115025024756259,4.524609429660702,-0.08395574252895874,0.02243617416791635,4.032,-0.003238275553128389,0.07541218800776317,-0.0003946985890788124
AAPL,2013-08-09,2013-02-11,2013-08-09,126,-0.049851423662418536,214.4854626835826,0.05115518215135423,4.5243778604225335,-0.08831440986273634,0.024723798835788704,4.0,-0.003238275553128389,0.07541218800776317,-0.0003946985890788124
AAPL,2013-08-12,2013-02-13,2013-08-12,125,0.03790304692898252,209.32006281344798,0.05163821354287582,4.590567416064083,-0.04048555705546667,0.03126755620422248,4.032,-0.003238275553128389,0.07541218800776317,-0.0003946985890788124
AAPL,2013-08-13,2013-02-14,2013-08-13,125,0.1369235244463816,177.78035313072357,0.05604698579045136,4.4596266175411,0.06006511601510817,0.05709380522795111,4.032,-0.003238275553128389,0.07541218800776317,-0.0003946985890788124
AAPL,2013-08-14,2013-02-15,2013-08-14,125,0.17580102949614448,196.79270078040344,0.05671476524972111,4.719902728873929,0.013434445001867726,0.06095787691742743,4.032,-0.003238275553128389,0.07541218800776317,-0.0003946985890788124
AAPL,2013-08-15,2013-02-19,2013-08-15,125,0.20180528938489875,197.4679597990711,0.05632309177172178,4.71163944539484,0.013998457962395815,0.06047760600281865,4.032,-0.003238275553128389,0.07541218800776317,-0.0003946985890788124
AAPL,2013-08-16,2013-02-19,2013-08-16,126,0.2181396610494707,197.00895471398334,0.056027626488721026,4.693800012640771,0.014829792943769536,0.0614142211893302,4.0,-0.003238275553128389,0.07541218800776317,-0.0003946985890788124
AAPL,2013-08-19,2013-02-20,2013-08-19,126,0.2406595741039642,194.77117088740414,0.05626054806819902,4.676756977714152,0.03749583926908958,0.06265539511382671,4.0,-0.003238275553128389,0.07541218800776317,-0.0003946985890788124
AAPL,2013-08-20,2013-02-21,2013-08-20,126,0.263608369860177,192.56953084770498,0.055394464474192245,4.614317312576236,0.030549656441490013,0.06172061458704224,4.0,-0.003238275553128389,0.07541218800776317,-0.0003946985890788124
AAPL,2013-08-21,2013-02-22,2013-08-21,126,0.28150474222901734,192.6254731888359,0.055328891837774535,4.612255223006784,0.029224034411641734,0.061677409021120636,4.0,-0.003238275553128389,0.07541218800776317,-0.0003946985890788124
AAPL,2013-08-22,2013-02-25,2013-08-22,126,0.2624044518695057,191.5711862591564,0.055103777102358885,4.5902492113743145,0.03524483502490435,0.05809475901209009,4.0,-0.003238275553128389,0.07541218800776317,-0.0003946985890788124
AAPL,2013-08-23,2013-02-25,2013-08-23,127,0.2525144780831874,190.8812747416093,0.05469305383060684,4.564868128414693,0.03511136358192409,0.05802299845260459,3.968503937007874,-0.003238275553128389,0.07541218800776317,-0.0003946985890788124
AAPL,2013-08-26,2013-02-27,2013-08-26,126,0.27075669313723105,190.18680641271817,0.05412247985566037,4.532726581003656,0.036200225276667726,0.05781933643086468,4.0,-0.003238275553128389,0.07541218800776317,-0.0003946985890788124
AAPL,2013-08-27,2013-02-28,2013-08-27,126,0.2318222811225434,193.37130909714588,0.05563529524271286,4.633953839134199,-0.0002433356912571621,0.06510620813621884,4.0,-0.003238275553128389,0.07541218800776317,-0.0003946985890788124
AAPL,2013-08-28,2013-03-01,2013-08-28,126,0.2559504192294031,196.18555402587944,0.055576423979260006,4.665082174920722,0.016809563508789514,0.0635653985057451,4.0,-0.003238275553128389,0.07541218800776317,-0.0003946985890788124
AAPL,2013-08-29,2013-03-01,2013-08-29,127,0.2571864338067617,195.49858899512864,0.05513716087448845,4.638467302265424,0.01680122740414171,0.0635607295714106,3.968503937007874,-0.003238275553128389,0.07541218800776317,-0.0003946985890788124
AAPL,2013-08-30,2013-03-01,2013-08-30,128,0.2368386926339241,195.13563954278266,0.054867129776948936,4.622797875857529,0.015519870867162562,0.06356608807633118,3.9375,-0.003238275553128389,0.07541218800776317,-0.0003946985890788124
AAPL,2013-09-03,2013-03-04,2013-09-03,128,0.29256128401689185,197.15777462913815,0.05362528940932271,4.593801913661648,0.014691957167219284,0.061708540850015765,3.9375,-0.003238275553128389,0.07541218800776317,-0.0003946985890788124
AAPL,2013-09-04,2013-03-05,2013-09-04,128,0.38253180928213926,201.33980041881009,0.0532634417341344,4.62657829307222,0.023099306173258588,0.06410381236855485,3.9375,-0.003238275553128389,0.07541218800776317,-0.0003946985890788124
AAPL,2013-09-05,2013-03-06,2013-09-05,128,0.3166495210088467,200.8707136638197,0.05200004448116288,4.566049916213497,0.017213845154536556,0.06370300362527892,3.9375,-0.003238275553128389,0.07541218800776317,-0.0003946985890788124
AAPL,2013-09-06,2013-03-07,2013-09-06,128,0.3541112032089675,200.4660409216376,0.051743318301185386,4.550174278077037,0.017613696248425265,0.06412220380681889,3.9375,-0.003238275553128389,0.07541218800776317,-0.0003946985890788124
AAPL,2013-09-09,2013-03-11,2013-09-09,127,0.3603602629185749,200.89801025252234,0.05238216339894486,4.583107238161417,0.018764035408305742,0.06708191484747651,3.968503937007874,-0.003238275553128389,0.07541218800776317,-0.0003946985890788124
AAPL,2013-09-10,2013-03-11,2013-09-10,128,0.3114164720846473,200.61601353495203,0.05302828973604929,4.60804906257819,0.008969846890466936,0.07098821368349448,3.9375,-0.003238275553128389,0.07541218800776317,-0.0003946985890788124
AAPL,2013-09-11,2013-03-12,2013-09-11,128,0.28539140090700443,200.5721894732694,0.05304915036075656,4.608451911274057,0.018065146575642142,0.07098821368349448,5.90625,-0.020819466696599065,0.06140679030961368,-0.0187559462225676
AAPL,2013-09-12,2013-03-13,2013-09-12,128,0.3506819388056642,200.19971007949647,0.052317656323939206,4.572317168092084,0.011483117894602136,0.0629180927035496,5.90625,-0.020819466696599065,0.06140679030961368,-0.0187559462225676
AAPL,2013-09-13,2013-03-14,2013-09-13,128,0.31755729962193635,200.69915630833592,0.05287428696322708,4.60230632317786,0.006194956246476143,0.04036548639916738,5.90625,-0.020819466696599065,0.06140679030961368,-0.0187559462225676
AAPL,2013-09-16,2013-03-18,2013-09-16,127,0.2826004959863942,221.2677244919491,0.058540139034484476,5.084712424893832,0.09090316606771108,0.04897023945253664,3.968503937007874,-0.05627229703053649,0.0004107555672266237,-0.05471821681389433
AAPL,2013-09-17,2013-03-18,2013-09-17,128,0.30333002887231686,223.53218429424513,0.058339400198678726,5.101894771640567,0.07930981968373498,0.050536590770753224,3.9375,-0.05627229703053649,0.0004107555672266237,-0.05471821681389433
AAPL,2013-09-18,2013-03-19,2013-09-18,128,0.19173619739605333,203.6527823660068,0.05313332673925744,4.647390482390764,-0.0599819651188053,0.05456797421368296,5.90625,-0.020819466696599065,0.06140679030961368,-0.0187559462225676
AAPL,2013-09-19,2013-03-20,2013-09-19,128,0.32832242185268345,222.39227474438448,0.05824339006829875,5.084680363401661,0.07970477944200997,0.056365658387854345,3.9375,-0.05627229703053649,0.0004107555672266237,-0.05471821681389433
AAPL,2013-09-20,2013-03-21,2013-09-20,128,0.31814132465335376,223.06277382882644,0.05840348178881324,5.0993333665134175,0.08144160561483767,0.05556702481299823,3.9375,-0.05627229703053649,0.0004107555672266237,-0.05471821681389433
AAPL,2013-09-23,2013-03-25,2013-09-23,127,0.37510494739791866,225.64961319007537,0.06279710049674446,5.318235670561623,0.1680329222308308,0.08371944663380049,3.968503937007874,-0.05627229703053649,0.0004107555672266237,-0.05471821681389433
AAPL,2013-09-24,2013-03-25,2013-09-24,128,0.3658401510172391,236.89189637938406,0.06231847885484065,5.428302112608247,0.1658462148072304,0.08382095619362499,3.9375,-0.05627229703053649,0.0004107555672266237,-0.05471821681389433
AAPL,2013-09-25,2013-03-26,2013-09-25,128,0.32742528232226853,237.4800942018926,0.06277904753940552,5.45508413942262,0.16167464675952262,0.0865614632201928,3.9375,-0.05627229703053649,0.0004107555672266237,-0.05471821681389433
AAPL,2013-09-26,2013-03-27,2013-09-26,128,0.35736523887701654,237.06481901119986,0.06291124905172084,5.456048147976365,0.16877154423889804,0.08750777861591924,3.9375,-0.05627229703053649,0.0004107555672266237,-0.05471821681389433
AAPL,2013-09-27,2013-03-28,2013-09-27,128,0.3827252345918204,237.0421583832766,0.062226396417045186,5.426010229765306,0.171371918839068,0.0780266526178654,3.9375,-0.05627229703053649,0.0004107555672266237,-0.05471821681389433
AAPL,2013-09-30,2013-04-01,2013-09-30,128,0.3998270176070484,238.56144227426105,0.061652397130994865,5.418207031401062,0.19017647126718618,0.07963665215588592,3.9375,-0.05627229703053649,0.0004107555672266237,-0.05471821681389433
AAPL,2013-10-01,2013-04-02,2013-10-01,128,0.509417925057142,236.39319140796414,0.06074126293003115,5.353525513344073,0.19830771950229586,0.08608640545028928,3.9375,-0.05627229703053649,0.0004107555672266237,-0.05471821681389433
AAPL,2013-10-02,2013-04-03,2013-10-02,128,0.5118668024332074,237.8498888387215,0.06075429949445948,5.370571110202806,0.19696809014438588,0.08520963889944361,3.9375,-0.05627229703053649,0.0004107555672266237,-0.05471821681389433
AAPL,2013-10-03,2013-04-04,2013-10-03,128,0.4763715603666139,237.9964439790905,0.06102179445825859,5.384039128588503,0.19548901249520267,0.08703418768128665,3.9375,-0.05627229703053649,0.0004107555672266237,-0.05471821681389433
AAPL,2013-10-04,2013-04-05,2013-10-04,128,0.49466532835566035,237.97070628054277,0.060825688489477656,5.375090150029792,0.1965019259479738,0.08200760580633486,3.9375,-0.05627229703053649,0.0004107555672266237,-0.05471821681389433
AAPL,2013-10-07,2013-04-08,2013-10-07,128,0.5353617123819463,237.8697437393397,0.06078904427630699,5.372330796827495,0.19732399804797313,0.0825738629147846,3.9375,-0.05627229703053649,0.0004107555672266237,-0.05471821681389433
AAPL,2013-10-08,2013-04-09,2013-10-08,128,0.4930668080240527,238.32675357284046,0.061083952203034184,5.390517359556469,0.19494916975405396,0.08452283788993181,3.9375,-0.05627229703053649,0.0004107555672266237,-0.05471821681389433
AAPL,2013-10-09,2013-04-10,2013-10-09,128,0.5128151207254827,237.76319770103166,0.06135024985235157,5.395863695149209,0.18880458388122948,0.0831523330327397,3.9375,-0.05627229703053649,0.0004107555672266237,-0.05471821681389433
AAPL,2013-10-10,2013-04-11,2013-10-10,128,0.48492487879188495,237.04004389092233,0.06061277535798377,5.355172077347207,0.1869550189273293,0.07724970416158478,3.9375,-0.05627229703053649,0.0004107555672266237,-0.05471821681389433
AAPL,2013-10-11,2013-04-12,2013-10-11,128,0.504083574465831,236.91204046306206,0.06067650747436841,5.356539849293049,0.1885755037468954,0.07640329442071535,3.9375,-0.05627229703053649,0.0004107555672266237,-0.05471821681389433
AAPL,2013-10-14,2013-04-15,2013-10-14,128,0.5381189025836584,235.97392685516692,0.0605420310619293,5.339996706776665,0.2016544609941514,0.07360180545731174,3.9375,-0.05627229703053649,0.0004107555672266237,-0.05471821681389433
AAPL,2013-10-15,2013-04-16,2013-10-15,128,0.5955804923567785,235.40846569372476,0.0595011605433202,5.287547023668899,0.2062230174246152,0.061414195415016366,3.9375,-0.05627229703053649,0.0004107555672266237,-0.05471821681389433
AAPL,2013-10-16,2013-04-17,2013-10-16,128,0.5750922467242461,234.86980488831898,0.05909209186742416,5.263307718558346,0.22427279494368196,0.060114548484651954,3.9375,-0.05627229703053649,0.0004107555672266237,-0.05471821681389433
AAPL,2013-10-17,2013-04-18,2013-10-17,128,0.3945269253622187,199.2174641589378,0.049856140677101576,4.452495799620809,-0.0025277679647722007,0.032428261324050724,5.90625,0.014202807499162251,0.060786842962278355,0.01617982604943813
AAPL,2013-10-18,2013-04-19,2013-10-18,128,0.46652601185072706,195.40719745168985,0.04853230445757308,4.350770957034686,-0.008624795666184643,0.028360151281089555,5.90625,0.014202807499162251,0.060786842962278355,0.01617982604943813
AAPL,2013-10-21,2013-04-22,2013-10-21,128,0.5231636732227967,195.43454591053953,0.049683464888250435,4.402375581152399,-0.0028052949697051767,0.03221870650270413,5.90625,0.014202807499162251,0.060786842962278355,0.01617982604943813
AAPL,2013-10-22,2013-04-23,2013-10-22,128,0.4758055210801289,198.34022993834614,0.04884206563752899,4.397267679707343,0.0035108335370731465,0.031017226347267977,5.90625,0.014202807499162251,0.060786842962278355,0.01617982604943813
AAPL,2013-10-23,2013-04-24,2013-10-23,128,0.45807229432195795,197.35274735229524,0.04834052429308952,4.363728806255375,0.002777694411688527,0.03203776962273196,5.90625,0.014202807499162251,0.060786842962278355,0.01617982604943813
AAPL,2013-10-24,2013-04-25,2013-10-24,128,0.4879166554621807,197.7849899496318,0.048683757579693294,4.383986382168456,0.003726926520995259,0.031193838807247885,5.90625,0.014202807499162251,0.060786842962278355,0.01617982604943813
AAPL,2013-10-25,2013-04-26,2013-10-25,128,0.45077177517359507,196.81502942453852,0.048835036920836454,4.380012762888947,-0.007753175789309049,0.03158488481947463,5.90625,0.014202807499162251,0.060786842962278355,0.01617982604943813
AAPL,2013-10-28,2013-04-29,2013-10-28,128,0.4226638594836962,200.71316507183957,0.048025736165829114,4.386371702244279,-0.03075688083929967,0.031630833743113596,5.90625,0.014202807499162251,0.060786842962278355,0.01617982604943813
AAPL,2013-10-29,2013-04-30,2013-10-29,128,0.3103212898260661,211.15097727866697,0.047433520078928246,4.471154854805686,-0.05139824356122637,0.037390717051269486,5.90625,0.014202807499162251,0.060786842962278355,0.01617982604943813
AAPL,2013-10-30,2013-05-01,2013-10-30,128,0.28366186640424296,207.60539593884434,0.046239350260459354,4.377293488236454,-0.07231617199451212,0.03389905043928236,5.90625,0.014202807499162251,0.060786842962278355,0.01617982604943813
AAPL,2013-10-31,2013-05-01,2013-10-31,129,0.27300941101388077,207.8895592635035,0.045907661125008985,4.364549354731514,-0.0701582218786168,0.03398216349532822,5.86046511627907,0.014202807499162251,0.060786842962278355,0.01617982604943813
AAPL,2013-11-01,2013-05-02,2013-11-01,129,0.18722406091519275,235.30196321676456,0.04185601846545171,4.433760381330172,-0.16955036656820766,0.03237907287121182,7.813953488372094,0.022259014009801792,0.0521820854149079,0.02390167247064201
AAPL,2013-11-04,2013-05-06,2013-11-04,128,0.258234913709334,206.49828809230956,0.045934060457946076,4.3511708137695475,-0.08730334393017859,0.034349784640679254,5.90625,0.014202807499162251,0.060786842962278355,0.01617982604943813
AAPL,2013-11-05,2013-05-06,2013-11-05,129,0.15965557097122754,234.22706128580825,0.04160082962351228,4.410116037853747,-0.18795433956114352,0.03328839940151782,7.813953488372094,0.022259014009801792,0.0521820854149079,0.02390167247064201
AAPL,2013-11-06,2013-05-07,2013-11-06,129,0.10642844948421291,230.71126137077616,0.040497462544111976,4.318458884314349,-0.19574052805677833,0.031012723827988614,7.813953488372094,0.022259014009801792,0.0521820854149079,0.02390167247064201
AAPL,2013-11-07,2013-05-08,2013-11-07,129,0.08252738083831837,231.55776562533168,0.04099402051210439,4.352817092109003,-0.2056932765452121,0.0325702267464565,7.813953488372094,0.022259014009801792,0.0521820854149079,0.02390167247064201
AAPL,2013-11-08,2013-05-09,2013-11-08,129,0.09138416581372728,231.3827751329258,0.04123186646278881,4.363776469766029,-0.20661977635478643,0.03503100387778118,7.813953488372094,0.022259014009801792,0.0521820854149079,0.02390167247064201
AAPL,2013-11-11,2013-05-13,2013-11-11,128,0.12100220068725634,232.72889129456863,0.04128366774353244,4.3791999328605264,-0.20468064623687998,0.0346325887504874,7.875,0.022259014009801792,0.0521820854149079,0.02390167247064201
AAPL,2013-11-12,2013-05-13,2013-11-12,129,0.12375993152902318,231.8132074614111,0.04096028391819742,4.353424863060112,-0.20468475776917797,0.03416136736079782,7.813953488372094,0.022259014009801792,0.0521820854149079,0.02390167247064201
AAPL,2013-11-13,2013-05-14,2013-11-13,129,0.11829979868363086,228.32946198386847,0.04093248588462285,4.319122512925817,-0.18085481498840558,0.03384026252733283,7.813953488372094,0.022259014009801792,0.0521820854149079,0.02390167247064201
AAPL,2013-11-14,2013-05-15,2013-11-14,129,0.1960702634946118,245.70539439590848,0.04016592524802344,4.104440463188619,-0.135561982883734,0.03603121702462332,7.813953488372094,0.022259014009801792,0.0521820854149079,0.02390167247064201
AAPL,2013-11-15,2013-05-16,2013-11-15,129,0.2532875068982624,245.98795918040415,0.03785305649255186,4.215518908495859,-0.1112195268587955,0.035920715789072015,7.813953488372094,0.022259014009801792,0.0521820854149079,0.02390167247064201
AAPL,2013-11-18,2013-05-20,2013-11-18,128,0.20976784344065535,243.4741777002855,0.038083414701891034,4.176496133192827,-0.1425507955714599,0.03680276582571383,7.875,0.022259014009801792,0.0521820854149079,0.02390167247064201
AAPL,2013-11-19,2013-05-20,2013-11-19,129,0.21166311249350406,243.4560848904966,0.03778508134850957,4.168345219852079,-0.14277145680463058,0.029807246821080415,7.813953488372094,0.022259014009801792,0.0521820854149079,0.02390167247064201
AAPL,2013-11-20,2013-05-21,2013-11-20,129,0.149430018792852,241.24860972103022,0.03695877280883834,4.220364106100074,-0.15393860920603342,0.03063737004666864,7.813953488372094,0.022259014009801792,0.0521820854149079,0.02390167247064201
AAPL,2013-11-21,2013-05-22,2013-11-21,129,0.1882610929782965,241.8245856568269,0.03713122510368147,4.210825823095194,-0.15148580739306794,0.03118364907366792,7.813953488372094,0.022259014009801792,0.0521820854149079,0.02390167247064201
AAPL,2013-11-22,2013-05-23,2013-11-22,129,0.17533679409494088,242.69789247628628,0.03711491023300932,4.196583965305273,-0.15023592865582172,0.029187386682493367,7.813953488372094,0.022259014009801792,0.0521820854149079,0.02390167247064201
AAPL,2013-11-25,2013-05-28,2013-11-25,128,0.1746738522173742,243.17540544010743,0.03743005158692466,4.198418914522397,-0.14981652024496697,0.028353170418408662,7.875,0.022259014009801792,0.0521820854149079,0.02390167247064201
AAPL,2013-11-26,2013-05-28,2013-11-26,129,0.21012133763573898,244.03134576966679,0.037803996543700404,4.20627584491595,-0.136754399546478,0.03169983051523322,7.813953488372094,0.022259014009801792,0.0521820854149079,0.02390167247064201
AAPL,2013-11-27,2013-05-28,2013-11-27,130,0.25500254800505573,240.53041338585624,0.03858736207931282,4.2279461613319045,-0.12417435858896504,0.030563407461658712,7.753846153846153,0.022259014009801792,0.0521820854149079,0.02390167247064201
AAPL,2013-11-29,2013-05-30,2013-11-29,129,0.29493807333731015,237.50732158758007,0.039307100636003386,4.1882363918442005,-0.13676685840183497,0.0316133332270859,7.813953488372094,0.022259014009801792,0.0521820854149079,0.02390167247064201
AAPL,2013-12-02,2013-06-03,2013-12-02,128,0.25783456919348907,238.81426470546245,0.03930057276279641,4.164201654697588,-0.13284841130490405,0.03231868269079665,7.875,0.022259014009801792,0.0521820854149079,0.02390167247064201
AAPL,2013-12-03,2013-06-04,2013-12-03,128,0.30825090537877103,242.07977795503322,0.04077302266503618,4.277319496476231,-0.09087122926166842,0.04075646404278078,7.875,0.022259014009801792,0.0521820854149079,0.02390167247064201
AAPL,2013-12-04,2013-06-05,2013-12-04,128,0.30987735768917357,247.20754608496088,0.0407641319951775,4.2094778275936555,-0.08146840619408738,0.03884364391409293,7.875,0.022259014009801792,0.0521820854149079,0.02390167247064201
AAPL,2013-12-05,2013-06-06,2013-12-05,128,0.3393670526533633,246.03816886569632,0.04063813978722174,4.223120795923601,-0.0769082414722361,0.03908485645726846,7.875,0.022259014009801792,0.0521820854149079,0.02390167247064201
AAPL,2013-12-06,2013-06-07,2013-12-06,128,0.34156189252505326,245.9569321389918,0.04057443291281658,4.240796305304281,-0.07988116662962684,0.04133120495730523,7.875,0.022259014009801792,0.0521820854149079,0.02390167247064201
AAPL,2013-12-09,2013-06-10,2013-12-09,128,0.3492230419253107,246.55101775755065,0.040719938029671936,4.221460485062288,-0.08148961058673651,0.039691186930391274,7.875,0.022259014009801792,0.0521820854149079,0.02390167247064201
AAPL,2013-12-10,2013-06-11,2013-12-10,128,0.3595393227537279,247.12742689067647,0.040635486938279355,4.21336317477009,-0.08096460391559487,0.03679090691374702,7.875,0.022259014009801792,0.0521820854149079,0.02390167247064201
AAPL,2013-12-11,2013-06-12,2013-12-11,128,0.3504101997551121,246.40353378333717,0.04073024191183227,4.218082474921667,-0.07787937339095527,0.0373531231965105,7.875,0.022259014009801792,0.0521820854149079,0.02390167247064201
AAPL,2013-12-12,2013-06-13,2013-12-12,128,0.37271910153042553,245.67234108698017,0.040420109962918505,4.23515966638607,-0.07641339502200754,0.037337792865647625,7.875,0.022259014009801792,0.0521820854149079,0.02390167247064201
AAPL,2013-12-13,2013-06-14,2013-12-13,128,0.33279498595773493,245.3008432591269,0.04051095236659211,4.243202472140055,-0.07609281245662688,0.03876229622136928,7.875,0.022259014009801792,0.0521820854149079,0.02390167247064201
AAPL,2013-12-16,2013-06-17,2013-12-16,128,0.37175550539241015,244.90147208747007,0.04019432544413456,4.249086562287649,-0.075831094202545,0.03665371794873026,7.875,0.022259014009801792,0.0521820854149079,0.02390167247064201
AAPL,2013-12-17,2013-06-18,2013-12-17,128,0.35339261712360515,245.08885313710553,0.04019410647501354,4.245793226291945,-0.0757252044295777,0.03646304586929491,7.875,0.022259014009801792,0.0521820854149079,0.02390167247064201
AAPL,2013-12-18,2013-06-19,2013-12-18,128,0.3389617834579115,242.53835677123453,0.04031194072866167,4.219935618689182,-0.057375857208896396,0.03537950569102633,7.875,0.022259014009801792,0.0521820854149079,0.02390167247064201
AAPL,2013-12-19,2013-06-20,2013-12-19,128,0.35724747601837936,243.01488034152513,0.039726005422281226,4.258458958497881,-0.06718178280956988,0.03693510994518458,7.875,0.022259014009801792,0.0521820854149079,0.02390167247064201
AAPL,2013-12-20,2013-06-21,2013-12-20,128,0.40401159206120296,242.66701269898326,0.03943000697997077,4.266977246838626,-0.07150141087873026,0.03684147779733301,7.875,0.022259014009801792,0.0521820854149079,0.02390167247064201
AAPL,2013-12-23,2013-06-24,2013-12-23,128,0.4968940112042293,245.33504664531443,0.04218067311435827,4.544823640060672,0.07214541407482367,0.05217469672598796,7.875,0.022259014009801792,0.0521820854149079,0.02390167247064201
AAPL,2013-12-24,2013-06-25,2013-12-24,128,0.5428417093510561,249.9598710458199,0.0407509256971316,4.509042941930012,0.08298233137919786,0.05231231576348942,7.875,0.022259014009801792,0.0521820854149079,0.02390167247064201
AAPL,2013-12-26,2013-06-27,2013-12-26,127,0.5564804919507245,249.5757660193265,0.04090730002317962,4.514213554332597,0.08634332641482437,0.05216097242456009,7.937007874015748,0.022259014009801792,0.0521820854149079,0.02390167247064201
AAPL,2013-12-27,2013-06-28,2013-12-27,127,0.5647901342961885,249.25908229453538,0.040760928962279716,4.5032703323582775,0.08682676852519554,0.04870424181139926,7.937007874015748,0.022259014009801792,0.0521820854149079,0.02390167247064201
AAPL,2013-12-30,2013-07-01,2013-12-30,127,0.5300551849602552,245.46325928458975,0.04086637165279119,4.430099209544066,0.0321929644280169,0.04340261063076265,7.937007874015748,0.022259014009801792,0.0521820854149079,0.02390167247064201
AAPL,2013-12-31,2013-07-01,2013-12-31,128,0.5494647319129513,245.42180745257792,0.04081282255195558,4.4189590969447385,0.03297798540144188,0.04099258614798397,7.875,0.022259014009801792,0.0521820854149079,0.02390167247064201
AAPL,2014-01-02,2013-07-03,2014-01-02,127,0.41448183989886184,252.0,0.03849455358244258,1e-06,0.056504590274897855,0.04248274776976192,7.937007874015748,0.022259014009801792,0.0521820854149079,0.02390167247064201
AAPL,2014-01-03,2013-07-05,2014-01-03,127,0.35769914158729094,252.0,0.03944315416745991,1e-06,0.04185976031168632,0.03964998098244802,7.937007874015748,0.022259014009801792,0.0521820854149079,0.02390167247064201
AAPL,2014-01-06,2013-07-08,2014-01-06,127,0.3853632169507694,252.0,0.03937047995203073,1e-06,0.03726619260540451,0.03993950807353504,7.937007874015748,0.022259014009801792,0.0521820854149079,0.02390167247064201
AAPL,2014-01-07,2013-07-08,2014-01-07,128,0.3676693715320215,252.0,0.039157664389357645,1e-06,0.036795913539750355,0.040243193868509566,7.875,0.022259014009801792,0.0521820854149079,0.02390167247064201
AAPL,2014-01-08,2013-07-09,2014-01-08,128,0.3920703102497123,252.0,0.039172759092593636,1e-06,0.02795513318631857,0.038378502953472685,7.875,0.022259014009801792,0.0521820854149079,0.02390167247064201
AAPL,2014-01-09,2013-07-10,2014-01-09,128,0.33051831275055943,252.0,0.03889065215937353,1e-06,0.02102941727063062,0.03880625389330983,7.875,0.022259014009801792,0.0521820854149079,0.02390167247064201
AAPL,2014-01-10,2013-07-11,2014-01-10,128,0.3247218785531426,252.0,0.03895173615400093,1e-06,0.016458363997195486,0.03931514859036051,7.875,0.022259014009801792,0.0521820854149079,0.02390167247064201
AAPL,2014-01-13,2013-07-15,2014-01-13,127,0.31010616169221616,252.0,0.03882703293870493,1e-06,0.01485442098847515,0.038978924513458496,7.937007874015748,0.022259014009801792,0.0521820854149079,0.02390167247064201
AAPL,2014-01-14,2013-07-15,2014-01-14,128,0.3476459521903271,252.0,0.039302814163832904,1e-06,0.028307772389293672,0.04361155080993649,7.875,0.022259014009801792,0.0521820854149079,0.02390167247064201
AAPL,2014-01-15,2013-07-16,2014-01-15,128,0.3836169442710992,252.0,0.040096187473753535,1e-06,0.027881710355715104,0.046911618083803834,7.875,0.022259014009801792,0.0521820854149079,0.02390167247064201
AAPL,2014-01-16,2013-07-17,2014-01-16,128,0.3591653570537754,252.0,0.04007562671072583,1e-06,0.0328418575993028,0.04692140197565014,7.875,0.022259014009801792,0.0521820854149079,0.02390167247064201
AAPL,2014-01-17,2013-07-18,2014-01-17,128,0.30823217799678837,252.0,0.041326083960790856,1e-06,0.0018146506742515937,0.05406155301946724,7.875,0.022259014009801792,0.0521820854149079,0.02390167247064201
AAPL,2014-01-21,2013-07-22,2014-01-21,127,0.36800414460738434,252.0,0.04160796440833722,1e-06,0.00021604024614151987,0.056214484347546334,7.937007874015748,0.022259014009801792,0.0521820854149079,0.02390167247064201
AAPL,2014-01-22,2013-07-23,2014-01-22,127,0.3705416222603558,252.0,0.04162732387588005,1e-06,0.009880969521512562,0.05485709925835021,7.937007874015748,0.022259014009801792,0.0521820854149079,0.02390167247064201
AAPL,2014-01-23,2013-07-24,2014-01-23,127,0.4233009053277796,252.0,0.04115838605616106,1e-06,0.007134072975169691,0.054875414067131936,7.937007874015748,0.022259014009801792,0.0521820854149079,0.02390167247064201
AAPL,2014-01-24,2013-07-25,2014-01-24,127,0.3826069571781965,252.0,0.04151034112322601,1e-06,-0.0033942600709953754,0.04189489858626852,5.952755905511811,0.012983287355977128,0.059734583179547475,0.014876974308609903
AAPL,2014-01-27,2013-07-29,2014-01-27,126,0.4000400726632553,252.0,0.04187304085248741,1e-06,-0.012534487823498744,0.04246117078484814,6.0,0.012983287355977128,0.059734583179547475,0.014876974308609903
AAPL,2014-01-28,2013-07-29,2014-01-28,127,0.5850217609804105,239.70068074809626,0.0502915443126218,4.905266481591124,0.17998172911410276,0.04246117078484814,3.968503937007874,-0.0696424371079365,0.019318988995513774,-0.06709865701933893
AAPL,2014-01-29,2013-07-30,2014-01-29,127,0.5311550535842515,239.52945047250586,0.050082281699744595,4.893301757975401,0.17962901000797046,0.043492568451197665,3.968503937007874,-0.0696424371079365,0.019318988995513774,-0.06709865701933893
AAPL,2014-01-30,2013-07-31,2014-01-30,127,0.5025025527167455,239.46488669051502,0.049786160685726576,4.878156449878558,0.17957574641918733,0.0429861610972171,3.968503937007874,-0.0696424371079365,0.019318988995513774,-0.06709865701933893
AAPL,2014-01-31,2013-08-01,2014-01-31,127,0.5093238608993312,239.1991077186909,0.049785446634542055,4.87541363417888,0.17908910516522158,0.041819662424278,3.968503937007874,-0.0696424371079365,0.019318988995513774,-0.06709865701933893
AAPL,2014-02-03,2013-08-05,2014-02-03,126,0.47273888782029644,238.6296952702019,0.049694203754785456,4.8651428615848635,0.17820223947957625,0.04023116535445723,4.0,-0.0696424371079365,0.019318988995513774,-0.06709865701933893
AAPL,2014-02-04,2013-08-05,2014-02-04,127,0.4979315705401389,238.69479028760693,0.049713082211638705,4.866730543567268,0.1805933666814341,0.04030267768171753,3.968503937007874,-0.0696424371079365,0.019318988995513774,-0.06709865701933893
AAPL,2014-02-05,2013-08-06,2014-02-05,127,0.4830372145228234,238.67230321183294,0.04938139086115544,4.850239197817103,0.1780623405388081,0.03504733671122411,3.968503937007874,-0.0696424371079365,0.019318988995513774,-0.06709865701933893
AAPL,2014-02-06,2013-08-07,2014-02-06,127,0.5128724731443021,238.67376851026765,0.04928666982132639,4.8456000900952025,0.1776986433677028,0.03509787791580093,3.968503937007874,-0.0696424371079365,0.019318988995513774,-0.06709865701933893
AAPL,2014-02-07,2013-08-08,2014-02-07,127,0.5420517911019508,239.2933841521491,0.049675117819451144,4.870968093510343,0.1794427837254712,0.03679595557489495,3.968503937007874,-0.0696424371079365,0.019318988995513774,-0.06709865701933893
AAPL,2014-02-10,2013-08-12,2014-02-10,126,0.6156844992444351,239.31739437857317,0.050290907568153465,4.901312072845969,0.17126591125995058,0.04010089477960609,4.0,-0.0696424371079365,0.019318988995513774,-0.06709865701933893
AAPL,2014-02-11,2013-08-12,2014-02-11,127,0.6371488237970733,239.37475711715,0.05023402751638254,4.899126584246816,0.16891749836221814,0.040175001019413986,3.968503937007874,-0.0696424371079365,0.019318988995513774,-0.06709865701933893
AAPL,2014-02-12,2013-08-13,2014-02-12,127,0.5805256327499452,252.0,0.04865211441412894,1e-06,0.10145018061504514,0.039637158241521434,3.968503937007874,-0.0696424371079365,0.019318988995513774,-0.06709865701933893
AAPL,2014-02-13,2013-08-14,2014-02-13,127,0.424299446987332,252.0,0.04038714053824629,1e-06,-0.014433020984687702,0.0422884736040556,5.952755905511811,-0.0302602655687072,0.06956635661970689,-0.027456550736875474
AAPL,2014-02-14,2013-08-15,2014-02-14,127,0.385919910355286,252.0,0.039724431250031646,1e-06,-0.015088685637902475,0.03763804534515485,5.952755905511811,-0.0302602655687072,0.06956635661970689,-0.027456550736875474
AAPL,2014-02-18,2013-08-19,2014-02-18,126,0.3808956570028143,252.0,0.03991206894160705,1e-06,-0.016960748820107306,0.033058065413076564,6.0,-0.0302602655687072,0.06956635661970689,-0.027456550736875474
AAPL,2014-02-19,2013-08-20,2014-02-19,126,0.32634502184989744,252.0,0.04019582834797939,1e-06,-0.023620833100010705,0.03572136073055464,6.0,-0.0302602655687072,0.06956635661970689,-0.027456550736875474
AAPL,2014-02-20,2013-08-21,2014-02-20,126,0.3295855089033811,252.0,0.04011525073178589,1e-06,-0.019956263475523834,0.029963389891566758,6.0,-0.0302602655687072,0.06956635661970689,-0.027456550736875474
AAPL,2014-02-21,2013-08-22,2014-02-21,126,0.30143237269530926,252.0,0.04035734739261655,1e-06,-0.019579171367347208,0.028608594791042614,6.0,-0.0302602655687072,0.06956635661970689,-0.027456550736875474
AAPL,2014-02-24,2013-08-26,2014-02-24,125,0.3184448344089792,252.0,0.040693787639597,1e-06,-0.020127695559790194,0.02860175935006595,6.048,-0.0302602655687072,0.06956635661970689,-0.027456550736875474
AAPL,2014-02-25,2013-08-26,2014-02-25,126,0.29442326879749453,252.0,0.0405871531300194,1e-06,-0.022181414645038658,0.029061872289913457,6.0,-0.0302602655687072,0.06956635661970689,-0.027456550736875474
AAPL,2014-02-26,2013-08-27,2014-02-26,126,0.2678975394943288,252.0,0.040724500315374494,1e-06,0.03075451779180241,0.02600928161470382,6.0,-0.0302602655687072,0.06956635661970689,-0.027456550736875474
AAPL,2014-02-27,2013-08-28,2014-02-27,126,0.3677919254770695,252.0,0.03979990667814312,1e-06,0.04956112761968425,0.02990715475873631,6.0,-0.0302602655687072,0.06956635661970689,-0.027456550736875474
AAPL,2014-02-28,2013-08-29,2014-02-28,126,0.3525698726145024,252.0,0.039769419613761806,1e-06,0.052643156913268166,0.028431230671885056,6.0,-0.0302602655687072,0.06956635661970689,-0.027456550736875474
AAPL,2014-03-03,2013-09-04,2014-03-03,124,0.37426820651870046,252.0,0.04024788407531266,1e-06,0.038509458991371356,0.028485900571267514,6.096774193548387,-0.0302602655687072,0.06956635661970689,-0.027456550736875474
AAPL,2014-03-04,2013-09-05,2014-03-04,124,0.3453004328127118,252.0,0.039464181631211605,1e-06,0.03242455975745177,0.02897203234846748,6.096774193548387,-0.0302602655687072,0.06956635661970689,-0.027456550736875474
AAPL,2014-03-05,2013-09-06,2014-03-05,124,0.3640208612316881,252.0,0.039374776932488975,1e-06,0.03250104677732823,0.0289839543768477,6.096774193548387,-0.0302602655687072,0.06956635661970689,-0.027456550736875474
AAPL,2014-03-06,2013-09-09,2014-03-06,124,0.34534420072830707,252.0,0.03932042699954927,1e-06,0.025666687420374888,0.026615279725473406,6.096774193548387,-0.0302602655687072,0.06956635661970689,-0.027456550736875474
AAPL,2014-03-07,2013-09-09,2014-03-07,125,0.34130619031880255,252.0,0.038998834091806524,1e-06,0.025692035890674206,0.0259549998584002,6.048,-0.0302602655687072,0.06956635661970689,-0.027456550736875474
AAPL,2014-03-10,2013-09-11,2014-03-10,124,0.36102895008340696,252.0,0.0376951618762711,1e-06,0.051223826493706576,0.02555943794652534,6.096774193548387,-0.0302602655687072,0.06956635661970689,-0.027456550736875474
AAPL,2014-03-11,2013-09-12,2014-03-11,124,0.37808604179798405,252.0,0.03758015259261799,1e-06,0.052889669488687494,0.024370059291718153,4.064516129032258,-0.017399473861290593,0.09320169615747956,-0.012971333382047034
AAPL,2014-03-12,2013-09-13,2014-03-12,124,0.35821224958772363,251.39254213579838,0.03735039040177985,4.329166146798206,0.060490373578678265,0.02059820263099756,4.064516129032258,-0.017399473861290593,0.09320169615747956,-0.012971333382047034
AAPL,2014-03-13,2013-09-16,2014-03-13,124,0.36946596804647436,252.0,0.0370376859074334,1e-06,0.12451512277368762,0.020039000611214577,4.064516129032258,-0.017399473861290593,0.09320169615747956,-0.012971333382047034
AAPL,2014-03-14,2013-09-16,2014-03-14,125,0.34332143194432807,252.0,0.03699793868186311,1e-06,0.12355406411041693,0.021569827843206442,4.032,-0.017399473861290593,0.09320169615747956,-0.012971333382047034
AAPL,2014-03-17,2013-09-18,2014-03-17,124,0.39720013732972975,252.0,0.034904027746490374,1e-06,0.13996383307196505,0.018773756938656478,4.064516129032258,-0.017399473861290593,0.09320169615747956,-0.012971333382047034
AAPL,2014-03-18,2013-09-19,2014-03-18,124,0.37336126573436773,252.0,0.03420897810692647,1e-06,0.14779619311235714,0.019696779868975573,4.064516129032258,-0.017399473861290593,0.09320169615747956,-0.012971333382047034
AAPL,2014-03-19,2013-09-20,2014-03-19,124,0.33921987844244,252.0,0.03366266274528085,1e-06,0.14410033366097613,0.019535991360311408,4.064516129032258,-0.017399473861290593,0.09320169615747956,-0.012971333382047034
AAPL,2014-03-20,2013-09-23,2014-03-20,124,0.35074011731020777,252.0,0.03348712082986156,1e-06,0.1425200517267745,0.016776962450410108,4.064516129032258,-0.017399473861290593,0.09320169615747956,-0.012971333382047034
AAPL,2014-03-21,2013-09-23,2014-03-21,125,0.3639843950393739,252.0,0.03334132134790978,1e-06,0.14296634213529869,0.015891152707438128,4.032,-0.017399473861290593,0.09320169615747956,-0.012971333382047034
AAPL,2014-03-24,2013-09-25,2014-03-24,124,0.3945826127691099,252.0,0.03360590632070285,1e-06,0.15694241526325295,0.016062153630626266,2.032258064516129,-0.08330302523233257,0.0,-0.07992770014906103
AAPL,2014-03-25,2013-09-26,2014-03-25,124,0.4484600290045364,252.0,0.03334193618995715,1e-06,0.15962001128688963,0.017206672005705075,2.032258064516129,-0.08330302523233257,0.0,-0.07992770014906103
AAPL,2014-03-26,2013-09-27,2014-03-26,124,0.40892217909900397,252.0,0.0333384846702949,1e-06,0.15904934453350836,0.01700062675924723,2.032258064516129,-0.08330302523233257,0.0,-0.07992770014906103
AAPL,2014-03-27,2013-09-30,2014-03-27,124,0.4147716974767808,252.0,0.033271390023477725,1e-06,0.16511128376680723,0.016237737711763033,2.032258064516129,-0.08330302523233257,0.0,-0.07992770014906103
AAPL,2014-03-28,2013-09-30,2014-03-28,125,0.40915611314827716,252.0,0.033005609371123575,1e-06,0.16518853330358835,0.011571431940226445,2.016,-0.08330302523233257,0.0,-0.07992770014906103
AAPL,2014-03-31,2013-10-01,2014-03-31,125,0.43411877189813214,252.0,0.03268784457343812,1e-06,0.14635554704609688,0.011483673097575796,2.016,-0.08330302523233257,0.0,-0.07992770014906103
AAPL,2014-04-01,2013-10-02,2014-04-01,125,0.40539351399466594,251.4605012602449,0.03175867310794521,3.992514932074232,0.15262846389214904,0.012378946982490653,2.016,-0.08330302523233257,0.0,-0.07992770014906103
AAPL,2014-04-02,2013-10-03,2014-04-02,125,0.4021136064945362,250.9138699511253,0.03174249003794265,3.98715681153918,0.15973997680135632,0.011893630311512474,2.016,-0.08330302523233257,0.0,-0.07992770014906103
AAPL,2014-04-03,2013-10-04,2014-04-03,125,0.4136722758426598,250.11170358651782,0.03151598518289851,3.9665500358196266,0.15739771518707832,0.012420721634741339,2.016,-0.08330302523233257,0.0,-0.07992770014906103
AAPL,2014-04-04,2013-10-07,2014-04-04,125,0.38880836496497206,250.53736898333932,0.031859295188327155,3.9914879651835973,0.14961733755209464,0.01434522012425486,2.016,-0.08330302523233257,0.0,-0.07992770014906103
AAPL,2014-04-07,2013-10-08,2014-04-07,125,0.3368872604507701,250.09305685020146,0.03217605116378904,4.0077228012779615,0.14993354582966578,0.017346135543499903,2.016,-0.08330302523233257,0.0,-0.07992770014906103
AAPL,2014-04-08,2013-10-09,2014-04-08,125,0.3653446632115147,251.0524626039717,0.031774310560091626,3.9902563458620026,0.15266551107326826,0.0173363543712497,2.016,-0.08330302523233257,0.0,-0.07992770014906103
AAPL,2014-04-09,2013-10-10,2014-04-09,125,0.36814605036794473,251.32993441761943,0.031843609017663754,3.996812145935771,0.1586923901571721,0.01825557804124788,2.016,-0.08330302523233257,0.0,-0.07992770014906103
AAPL,2014-04-10,2013-10-11,2014-04-10,125,0.3290651003903677,251.662751828628,0.032106756841483466,4.015948881531511,0.15787332589022088,0.020266634732792128,2.016,-0.08330302523233257,0.0,-0.07992770014906103
AAPL,2014-04-11,2013-10-14,2014-04-11,125,0.3008715071786799,252.0,0.03213402435299958,1e-06,0.16019452031132558,0.019430297146206994,2.016,-0.08330302523233257,0.0,-0.07992770014906103
AAPL,2014-04-14,2013-10-15,2014-04-14,125,0.29567356482141205,252.0,0.03207939988778614,1e-06,0.16009186063840225,0.018089065141987055,2.016,-0.08330302523233257,0.0,-0.07992770014906103
AAPL,2014-04-15,2013-10-16,2014-04-15,125,0.2703419985033317,252.0,0.03212621617954705,1e-06,0.15905948921721402,0.018521133540297913,2.016,-0.08330302523233257,0.0,-0.07992770014906103
AAPL,2014-04-16,2013-10-17,2014-04-16,125,0.2645795647096955,252.0,0.03208653368842428,1e-06,0.15873571765570232,0.01763948774657056,2.016,-0.08330302523233257,0.0,-0.07992770014906103
AAPL,2014-04-17,2013-10-18,2014-04-17,125,0.2739656321103138,252.0,0.03225644588049728,1e-06,0.16125047075518284,0.01918740419565277,2.016,-0.08330302523233257,0.0,-0.07992770014906103
AAPL,2014-04-18,2013-10-21,2014-04-18,125,0.25635917947069153,251.17935637813676,0.03210391250889269,4.011912378126261,0.13332865526113824,0.01890743194846832,2.016,-0.08330302523233257,0.0,-0.07992770014906103
AAPL,2014-04-21,2013-10-22,2014-04-21,125,0.23113562188428652,247.99123827878464,0.03119567562269384,3.9295774466006237,0.13363360088022871,0.019837074147899703,2.016,-0.08330302523233257,0.0,-0.07992770014906103
AAPL,2014-04-22,2013-10-23,2014-04-22,125,0.23897931770646147,248.30126831661568,0.031181048495934036,3.9311110499445947,0.13166556537860055,0.01818069122500642,2.016,-0.08330302523233257,0.0,-0.07992770014906103
AAPL,2014-04-23,2013-10-24,2014-04-23,125,0.1924394428942054,248.59673110380083,0.03133994680443324,3.9434589139232434,0.121699366811295,0.018884495179575626,2.016,-0.08330302523233257,0.0,-0.07992770014906103
AAPL,2014-04-24,2013-10-25,2014-04-24,125,0.16705789170943047,248.60249249016815,0.031240340936452123,3.937232920777018,0.1206979251541522,0.018884495179575626,4.032,-0.0022541672934872636,0.11462039411196534,0.0043240720162824875
AAPL,2014-04-25,2013-10-28,2014-04-25,125,0.2050963731361426,248.80529672685424,0.03109079942977726,3.929400005599129,0.11975469350806679,0.01841987126787127,4.032,-0.0022541672934872636,0.11462039411196534,0.0043240720162824875
AAPL,2014-04-28,2013-10-29,2014-04-28,125,0.2677310560649627,252.0,0.03393578572123442,1e-06,0.27704887242795256,0.03552229425854566,4.032,-0.0022541672934872636,0.11462039411196534,0.0043240720162824875
AAPL,2014-04-29,2013-10-30,2014-04-29,125,0.31333733115364487,252.0,0.03264997355556357,1e-06,0.2822853440951265,0.03561293486077672,4.032,-0.0022541672934872636,0.11462039411196534,0.0043240720162824875
AAPL,2014-04-30,2013-10-31,2014-04-30,125,0.27323480026861896,252.0,0.03216891320446591,1e-06,0.27999924453655056,0.03578461958729513,4.032,-0.0022541672934872636,0.11462039411196534,0.0043240720162824875
AAPL,2014-05-01,2013-11-04,2014-05-01,124,0.2995888906129683,252.0,0.032353409513577805,1e-06,0.27806157232693274,0.03485599512741378,4.064516129032258,-0.0022541672934872636,0.11462039411196534,0.0043240720162824875
AAPL,2014-05-02,2013-11-04,2014-05-02,125,0.3009604814892216,252.0,0.032097448763976695,1e-06,0.2780549194933619,0.034864366221518936,4.032,-0.0022541672934872636,0.11462039411196534,0.0043240720162824875
AAPL,2014-05-05,2013-11-06,2014-05-05,124,0.31101547585551653,252.0,0.03241471503782146,1e-06,0.28121143559219663,0.036650138345604606,4.064516129032258,-0.0022541672934872636,0.11462039411196534,0.0043240720162824875
AAPL,2014-05-06,2013-11-07,2014-05-06,124,0.2942381859980402,252.0,0.03264616221345357,1e-06,0.29647631151395987,0.03605669627260546,4.064516129032258,-0.0022541672934872636,0.11462039411196534,0.0043240720162824875
AAPL,2014-05-07,2013-11-08,2014-05-07,124,0.32069907691614563,252.0,0.03212168585414483,1e-06,0.3000491115899327,0.03319911755806681,4.064516129032258,-0.0022541672934872636,0.11462039411196534,0.0043240720162824875
AAPL,2014-05-08,2013-11-11,2014-05-08,124,0.28474080323411816,252.0,0.03162404002778043,1e-06,0.2986146147224623,0.03323728802631977,4.064516129032258,-0.0022541672934872636,0.11462039411196534,0.0043240720162824875
AAPL,2014-05-09,2013-11-11,2014-05-09,125,0.2738711399722218,252.0,0.031402654210570154,1e-06,0.2981521242789355,0.03140042412967039,4.032,-0.0022541672934872636,0.11462039411196534,0.0043240720162824875
AAPL,2014-05-12,2013-11-13,2014-05-12,124,0.3038572928990584,252.0,0.03195180649789567,1e-06,0.30031353010917133,0.03121528550815581,4.064516129032258,-0.0022541672934872636,0.11462039411196534,0.0043240720162824875
AAPL,2014-05-13,2013-11-14,2014-05-13,124,0.30463407652563307,252.0,0.03195394945264339,1e-06,0.29564418311959306,0.030584072936833073,4.064516129032258,-0.0022541672934872636,0.11462039411196534,0.0043240720162824875
AAPL,2014-05-14,2013-11-15,2014-05-14,124,0.27535530570329875,252.0,0.031528081824190986,1e-06,0.29360073692255184,0.030394822883668595,4.064516129032258,-0.0022541672934872636,0.11462039411196534,0.0043240720162824875
AAPL,2014-05-15,2013-11-18,2014-05-15,124,0.2701511493583127,252.0,0.03160385687033866,1e-06,0.29643652134336473,0.030655422292324437,4.064516129032258,-0.0022541672934872636,0.11462039411196534,0.0043240720162824875
AAPL,2014-05-16,2013-11-18,2014-05-16,125,0.29797116910357113,252.0,0.03178668021299566,1e-06,0.2989757607510346,0.033181960231898976,4.032,-0.0022541672934872636,0.11462039411196534,0.0043240720162824875
AAPL,2014-05-19,2013-11-20,2014-05-19,124,0.34625946160846716,252.0,0.03202047401234095,1e-06,0.29923294437172737,0.03329821458438571,4.064516129032258,-0.0022541672934872636,0.11462039411196534,0.0043240720162824875
AAPL,2014-05-20,2013-11-21,2014-05-20,124,0.36483781124853104,252.0,0.03186074347541102,1e-06,0.2989106758802552,0.0332986864815176,4.064516129032258,-0.0022541672934872636,0.11462039411196534,0.0043240720162824875
AAPL,2014-05-21,2013-11-22,2014-05-21,124,0.34581649779450657,252.0,0.03158505227875302,1e-06,0.2980333047994016,0.03171218387382546,4.064516129032258,-0.0022541672934872636,0.11462039411196534,0.0043240720162824875
AAPL,2014-05-22,2013-11-25,2014-05-22,124,0.35440121632839044,252.0,0.03157653256559782,1e-06,0.29768784190745196,0.031730272895580655,4.064516129032258,-0.0022541672934872636,0.11462039411196534,0.0043240720162824875
AAPL,2014-05-23,2013-11-25,2014-05-23,125,0.3745352806753619,252.0,0.03157836049142945,1e-06,0.29945935515642175,0.0311672155045034,4.032,-0.0022541672934872636,0.11462039411196534,0.0043240720162824875
AAPL,2014-05-27,2013-11-29,2014-05-27,123,0.31710223420207523,252.0,0.030874572225431482,1e-06,0.30394107559841116,0.03465489111504495,4.097560975609756,-0.0022541672934872636,0.11462039411196534,0.0043240720162824875
AAPL,2014-05-28,2013-11-29,2014-05-28,124,0.3091474285257595,252.0,0.030635387946445103,1e-06,0.30535646427524094,0.017410484790725295,4.064516129032258,-0.0022541672934872636,0.11462039411196534,0.0043240720162824875
AAPL,2014-05-29,2013-12-02,2014-05-29,124,0.3085459029295597,252.0,0.030613489377189256,1e-06,0.3098141906188105,0.021217490984053858,4.064516129032258,-0.0022541672934872636,0.11462039411196534,0.0043240720162824875
AAPL,2014-05-30,2013-12-02,2014-05-30,125,0.2983483288567318,252.0,0.03039345629344349,1e-06,0.3120714975032314,0.02121422846252599,4.032,-0.0022541672934872636,0.11462039411196534,0.0043240720162824875
AAPL,2014-06-02,2013-12-03,2014-06-02,125,0.30213065674783923,252.0,0.030334308126807832,1e-06,0.2810639267806685,0.021718450069611477,4.032,-0.0022541672934872636,0.11462039411196534,0.0043240720162824875
AAPL,2014-06-03,2013-12-04,2014-06-03,125,0.27556973804126167,252.0,0.029243993308126985,1e-06,0.2847281508052093,0.02404336780137531,4.032,-0.0022541672934872636,0.11462039411196534,0.0043240720162824875
AAPL,2014-06-04,2013-12-05,2014-06-04,125,0.30361174958964093,252.0,0.029496965735726407,1e-06,0.28175873137173446,0.023224266095079295,4.032,-0.0022541672934872636,0.11462039411196534,0.0043240720162824875
AAPL,2014-06-05,2013-12-06,2014-06-05,125,0.30114611316469947,252.0,0.029474688902629387,1e-06,0.29012226700282306,0.02196711705154527,4.032,-0.0022541672934872636,0.11462039411196534,0.0043240720162824875
AAPL,2014-06-06,2013-12-09,2014-06-06,125,0.3241326778711184,252.0,0.029090212929388203,1e-06,0.29284352732878066,0.021910644824907354,4.032,-0.0022541672934872636,0.11462039411196534,0.0043240720162824875
AAPL,2014-06-09,2013-12-10,2014-06-09,125,0.3333395822814266,252.0,0.029341158289129116,1e-06,0.2983632785112997,0.02489663411305795,4.032,-0.0022541672934872636,0.11462039411196534,0.0043240720162824875
AAPL,2014-06-10,2013-12-11,2014-06-10,125,0.34851548457902437,252.0,0.029406374533968407,1e-06,0.29702578675777686,0.025098411665079635,4.032,-0.0022541672934872636,0.11462039411196534,0.0043240720162824875
AAPL,2014-06-11,2013-12-12,2014-06-11,125,0.35525414947536543,252.0,0.02932832452195951,1e-06,0.2966673729630721,0.023467543857514882,4.032,-0.0022541672934872636,0.11462039411196534,0.0043240720162824875
AAPL,2014-06-12,2013-12-13,2014-06-12,125,0.32369029923617704,252.0,0.02990690510573242,1e-06,0.2852560799540089,0.026852546670244597,4.032,-0.0022541672934872636,0.11462039411196534,0.0043240720162824875
AAPL,2014-06-13,2013-12-16,2014-06-13,125,0.3236009804599157,252.0,0.029908866918744306,1e-06,0.2897862676206689,0.028305160213075997,4.032,-0.0022541672934872636,0.11462039411196534,0.0043240720162824875
AAPL,2014-06-16,2013-12-17,2014-06-16,125,0.33283295527453854,252.0,0.030052426584171132,1e-06,0.2887292904281462,0.028636756670292154,4.032,-0.0022541672934872636,0.11462039411196534,0.0043240720162824875
AAPL,2014-06-17,2013-12-18,2014-06-17,125,0.3394082712958068,252.0,0.030014195053940027,1e-06,0.29090807116190665,0.026081347080540475,4.032,-0.0022541672934872636,0.11462039411196534,0.0043240720162824875
AAPL,2014-06-18,2013-12-19,2014-06-18,125,0.35727041221943456,252.0,0.029897235350612023,1e-06,0.29521052167378536,0.024430475838191846,4.032,-0.0022541672934872636,0.11462039411196534,0.0043240720162824875
AAPL,2014-06-19,2013-12-20,2014-06-19,125,0.3737539850759257,252.0,0.029649980109667108,1e-06,0.29644593969280436,0.024575101094884026,4.032,-0.0022541672934872636,0.11462039411196534,0.0043240720162824875
AAPL,2014-06-20,2013-12-23,2014-06-20,125,0.335367268717316,252.0,0.02972886732579234,1e-06,0.1916836689359159,0.025788156897142353,4.032,-0.0022541672934872636,0.11462039411196534,0.0043240720162824875
AAPL,2014-06-23,2013-12-24,2014-06-23,125,0.2564082587938117,252.0,0.02682483169777857,1e-06,0.19278616929527234,0.025767428510387196,4.032,-0.0022541672934872636,0.11462039411196534,0.0043240720162824875
AAPL,2014-06-24,2013-12-26,2014-06-24,125,0.25267893147270093,252.0,0.026863347919788484,1e-06,0.19266270366195462,0.024695813558163755,4.032,-0.0022541672934872636,0.11462039411196534,0.0043240720162824875
AAPL,2014-06-25,2013-12-26,2014-06-25,126,0.2524424996195855,252.0,0.026648304609209954,1e-06,0.19266606563025962,0.020575008746093908,4.0,-0.0022541672934872636,0.11462039411196534,0.0043240720162824875
AAPL,2014-06-26,2013-12-27,2014-06-26,126,0.2780927515101556,252.0,0.026630191652206512,1e-06,0.1935475859255483,0.02092026814801477,4.0,-0.0022541672934872636,0.11462039411196534,0.0043240720162824875
AAPL,2014-06-27,2013-12-30,2014-06-27,126,0.3158746353242792,252.0,0.026820324386429825,1e-06,0.19920312474730137,0.01868184507720004,4.0,-0.0022541672934872636,0.11462039411196534,0.0043240720162824875
AAPL,2014-06-30,2013-12-31,2014-06-30,126,0.3570686220614362,252.0,0.026831877520038457,1e-06,0.19717212540900175,0.0197797959214146,4.0,-0.0022541672934872636,0.11462039411196534,0.0043240720162824875
AAPL,2014-07-01,2014-01-02,2014-07-01,126,0.3462452080002316,252.0,0.026637246135081442,1e-06,0.20123026746263148,0.01968971772994093,4.0,-0.0022541672934872636,0.11462039411196534,0.0043240720162824875
AAPL,2014-07-02,2014-01-03,2014-07-02,126,0.37416016480715325,252.0,0.026229938176888467,1e-06,0.23163794599461993,0.017325553705815483,4.0,-0.0022541672934872636,0.11462039411196534,0.0043240720162824875
AAPL,2014-07-03,2014-01-06,2014-07-03,126,0.4312205091914237,252.0,0.02529735214956881,1e-06,0.24182207760178687,0.016191566020857553,4.0,-0.0022541672934872636,0.11462039411196534,0.0043240720162824875
AAPL,2014-07-07,2014-01-08,2014-07-07,125,0.48012916459388566,252.0,0.026191314246880468,1e-06,0.2620724510837239,0.02101199945626592,4.032,-0.0022541672934872636,0.11462039411196534,0.0043240720162824875
AAPL,2014-07-08,2014-01-09,2014-07-08,125,0.45391662606358163,252.0,0.026195738727857153,1e-06,0.27832312694722666,0.02142515405879081,4.032,-0.0022541672934872636,0.11462039411196534,0.0043240720162824875
AAPL,2014-07-09,2014-01-10,2014-07-09,125,0.4811076664754237,252.0,0.025857687642036702,1e-06,0.27606975453313176,0.01840306867462574,4.032,-0.0022541672934872636,0.11462039411196534,0.0043240720162824875
AAPL,2014-07-10,2014-01-13,2014-07-10,125,0.4872934592038385,252.0,0.025793533797727516,1e-06,0.27576781166792835,0.01815422427809246,4.032,-0.0022541672934872636,0.11462039411196534,0.0043240720162824875
AAPL,2014-07-11,2014-01-13,2014-07-11,126,0.48720919223329967,252.0,0.02559279807133644,1e-06,0.2757664130644699,0.017990854421064194,4.0,-0.0022541672934872636,0.11462039411196534,0.0043240720162824875
AAPL,2014-07-14,2014-01-15,2014-07-14,125,0.466400324104557,252.0,0.02528717438420891,1e-06,0.266992595619887,0.016553128012441642,4.032,-0.0022541672934872636,0.11462039411196534,0.0043240720162824875
AAPL,2014-07-15,2014-01-16,2014-07-15,125,0.40152959630543245,252.0,0.024762186076066926,1e-06,0.25992202691134697,0.01676677314812203,4.032,-0.0022541672934872636,0.11462039411196534,0.0043240720162824875
AAPL,2014-07-16,2014-01-17,2014-07-16,125,0.40135391573832985,252.0,0.024764167156573216,1e-06,0.3353827649748333,0.015947311042576597,4.032,-0.0022541672934872636,0.11462039411196534,0.0043240720162824875
AAPL,2014-07-17,2014-01-21,2014-07-17,125,0.4153156604591313,252.0,0.0241666235621003,1e-06,0.331590482987176,0.019811491424405994,4.032,-0.0022541672934872636,0.11462039411196534,0.0043240720162824875
AAPL,2014-07-18,2014-01-21,2014-07-18,126,0.441011951033007,252.0,0.024386859563870888,1e-06,0.32325257262096635,0.022248590766605562,4.0,-0.0022541672934872636,0.11462039411196534,0.0043240720162824875
AAPL,2014-07-21,2014-01-22,2014-07-21,126,0.3991081882012377,252.0,0.02395884658769122,1e-06,0.32985424871992763,0.0224282933246,4.0,-0.0022541672934872636,0.11462039411196534,0.0043240720162824875
AAPL,2014-07-22,2014-01-23,2014-07-22,126,0.4069017012444118,252.0,0.024057846399323974,1e-06,0.32962830549165417,0.021951933172796766,4.0,-0.0022541672934872636,0.11462039411196534,0.0043240720162824875
AAPL,2014-07-23,2014-01-24,2014-07-23,126,0.44208238043459036,252.0,0.02526012607080888,1e-06,0.3903202918339238,0.029894923328236213,4.0,-0.0022541672934872636,0.11462039411196534,0.0043240720162824875
AAPL,2014-07-24,2014-01-27,2014-07-24,126,0.4760138893498412,252.0,0.02458176650639287,1e-06,0.39460587145077936,0.029484769753875904,4.0,-0.0022541672934872636,0.11462039411196534,0.0043240720162824875
AAPL,2014-07-25,2014-01-27,2014-07-25,127,0.4854596723405104,252.0,0.024472248142674544,1e-06,0.39485533866241557,0.029994007545949768,3.968503937007874,-0.0022541672934872636,0.11462039411196534,0.0043240720162824875
AAPL,2014-07-28,2014-01-29,2014-07-28,126,0.423632733986911,252.0,0.021985809997451325,1e-06,0.33020358843851794,0.03182939714257692,4.0,0.05839574288981231,0.02884846857403299,0.06057568521602197
AAPL,2014-07-29,2014-01-30,2014-07-29,126,0.43365684609275706,252.0,0.021806355590729926,1e-06,0.33320366714550714,0.030659838166697897,4.0,0.05839574288981231,0.02884846857403299,0.06057568521602197
AAPL,2014-07-30,2014-01-31,2014-07-30,126,0.43284140138299293,252.0,0.021809844789543342,1e-06,0.33370302154990406,0.02945857848678455,4.0,0.05839574288981231,0.02884846857403299,0.06057568521602197
AAPL,2014-07-31,2014-02-03,2014-07-31,126,0.3760124431300112,252.0,0.023212642036681545,1e-06,0.20334933231882024,0.03729344488375626,4.0,0.05839574288981231,0.02884846857403299,0.06057568521602197
AAPL,2014-08-01,2014-02-03,2014-08-01,127,0.3841498655036035,252.0,0.023088559282748566,1e-06,0.1788500781087271,0.037658027389566355,3.968503937007874,0.05839574288981231,0.02884846857403299,0.06057568521602197
AAPL,2014-08-04,2014-02-05,2014-08-04,126,0.34281967529616447,252.0,0.022912462478369148,1e-06,0.17323963940098383,0.0376258288211087,4.0,0.05839574288981231,0.02884846857403299,0.06057568521602197
AAPL,2014-08-05,2014-02-06,2014-08-05,126,0.3176816736899401,252.0,0.022849314971031303,1e-06,0.17379676969085692,0.032912908744672224,4.0,0.05839574288981231,0.02884846857403299,0.06057568521602197
AAPL,2014-08-06,2014-02-07,2014-08-06,126,0.30244799445099835,252.0,0.022786422787417,1e-06,0.16596053828771795,0.03244280901795585,4.0,0.05839574288981231,0.02884846857403299,0.06057568521602197
AAPL,2014-08-07,2014-02-10,2014-08-07,126,0.273998753464924,252.0,0.022394179507155394,1e-06,0.15819776245686634,0.0324408293876795,4.0,0.05839574288981231,0.02884846857403299,0.06057568521602197
AAPL,2014-08-08,2014-02-10,2014-08-08,127,0.2773462055943481,252.0,0.02223024701326697,1e-06,0.15826067484712952,0.03236927876839042,3.968503937007874,0.05839574288981231,0.02884846857403299,0.06057568521602197
AAPL,2014-08-11,2014-02-12,2014-08-11,126,0.24353501331332658,252.0,0.021769776411077045,1e-06,0.1763574659924904,0.034388135948053886,4.0,0.05839574288981231,0.02884846857403299,0.06057568521602197
AAPL,2014-08-12,2014-02-13,2014-08-12,126,0.243263176078512,252.0,0.02176985337194263,1e-06,0.16138622380950812,0.032411899690256804,4.0,0.05839574288981231,0.02884846857403299,0.06057568521602197
AAPL,2014-08-13,2014-02-14,2014-08-13,126,0.23796241474363294,252.0,0.021616654162226783,1e-06,0.16941518577940332,0.03281920211823155,4.0,0.05839574288981231,0.02884846857403299,0.06057568521602197
AAPL,2014-08-14,2014-02-18,2014-08-14,126,0.2450326289097493,252.0,0.02162981240742398,1e-06,0.16724768146534308,0.03251744203671138,4.0,0.05839574288981231,0.02884846857403299,0.06057568521602197
AAPL,2014-08-15,2014-02-18,2014-08-15,127,0.2529736941118009,252.0,0.021505403005971542,1e-06,0.16745195226158271,0.02892236215933459,3.968503937007874,0.05839574288981231,0.02884846857403299,0.06057568521602197
AAPL,2014-08-18,2014-02-19,2014-08-18,127,0.26970914073087443,252.0,0.021767165673795805,1e-06,0.19704974920440704,0.028190862884580427,3.968503937007874,0.05839574288981231,0.02884846857403299,0.06057568521602197
AAPL,2014-08-19,2014-02-20,2014-08-19,127,0.32945428383069475,252.0,0.021636193605661335,1e-06,0.19261729629046892,0.0301254686861901,3.968503937007874,0.05839574288981231,0.02884846857403299,0.06057568521602197
AAPL,2014-08-20,2014-02-21,2014-08-20,127,0.35372628994299476,252.0,0.021363265945873216,1e-06,0.1935466618648877,0.029306873783467035,3.968503937007874,0.05839574288981231,0.02884846857403299,0.06057568521602197
AAPL,2014-08-21,2014-02-24,2014-08-21,127,0.37644603145256816,252.0,0.021111736204750636,1e-06,0.1954300999268653,0.021354704152717327,3.968503937007874,0.05839574288981231,0.02884846857403299,0.06057568521602197
AAPL,2014-08-22,2014-02-24,2014-08-22,128,0.3881189758398804,252.0,0.02105164950470583,1e-06,0.19662251633973357,0.02196692242007333,3.9375,0.05839574288981231,0.02884846857403299,0.06057568521602197
AAPL,2014-08-25,2014-02-26,2014-08-25,127,0.40787802341764284,252.0,0.020970439465877663,1e-06,0.20333851760114008,0.021504716291245923,3.968503937007874,0.05839574288981231,0.02884846857403299,0.06057568521602197
AAPL,2014-08-26,2014-02-27,2014-08-26,127,0.4132011444187715,252.0,0.020888013436312247,1e-06,0.17735140172647518,0.01973830854546182,3.968503937007874,0.05839574288981231,0.02884846857403299,0.06057568521602197
AAPL,2014-08-27,2014-02-28,2014-08-27,127,0.3980096599138054,252.0,0.020402390231323207,1e-06,0.1772667019343243,0.0210243352527216,3.968503937007874,0.05839574288981231,0.02884846857403299,0.06057568521602197
AAPL,2014-08-28,2014-03-03,2014-08-28,127,0.4058481987860356,252.0,0.020390328089703386,1e-06,0.1770728180313618,0.020975182264057708,3.968503937007874,0.05839574288981231,0.02884846857403299,0.06057568521602197
AAPL,2014-08-29,2014-03-03,2014-08-29,128,0.4075111183298432,252.0,0.020240426509274528,1e-06,0.1770866508729855,0.012731303369046092,3.9375,0.05839574288981231,0.02884846857403299,0.06057568521602197
AAPL,2014-09-02,2014-03-03,2014-09-02,129,0.41972899004073994,252.0,0.02020098775246648,1e-06,0.17845277147945898,0.013089846540455303,3.906976744186047,0.05839574288981231,0.02884846857403299,0.06057568521602197
AAPL,2014-09-03,2014-03-04,2014-09-03,129,0.4172930767824754,252.0,0.02034468335557372,1e-06,0.17779151336570626,0.013089846540455303,5.86046511627907,0.024555911555757575,0.06206061249847041,0.026835426600134937
AAPL,2014-09-04,2014-03-05,2014-09-04,129,0.3875026761185918,252.0,0.020396817850920325,1e-06,0.17661171597324998,0.013540215508172472,5.86046511627907,0.024555911555757575,0.06206061249847041,0.026835426600134937
AAPL,2014-09-05,2014-03-06,2014-09-05,129,0.4005409842102967,252.0,0.020536746908956616,1e-06,0.17663471376091988,0.014141529319501897,5.86046511627907,0.024555911555757575,0.06206061249847041,0.026835426600134937
AAPL,2014-09-08,2014-03-10,2014-09-08,128,0.3985653812052151,252.0,0.020758922179207936,1e-06,0.17751525672754134,0.01456622925396017,5.90625,0.024555911555757575,0.06206061249847041,0.026835426600134937
AAPL,2014-09-09,2014-03-10,2014-09-09,129,0.38786486899169326,252.0,0.02062257423580194,1e-06,0.17793155691880755,0.014736527684481571,5.86046511627907,0.024555911555757575,0.06206061249847041,0.026835426600134937
AAPL,2014-09-10,2014-03-11,2014-09-10,129,0.4465656906268354,252.0,0.022451673476435893,1e-06,0.27027644689812347,0.025630342725144837,5.86046511627907,0.024555911555757575,0.06206061249847041,0.026835426600134937
AAPL,2014-09-11,2014-03-12,2014-09-11,129,0.4356817293541022,252.0,0.022299962754040448,1e-06,0.23843185579044363,0.023785112903744736,5.86046511627907,0.024555911555757575,0.06206061249847041,0.026835426600134937
AAPL,2014-09-12,2014-03-13,2014-09-12,129,0.43827184450535306,252.0,0.022308340955101313,1e-06,0.24752204464314062,0.02384614719455151,5.86046511627907,0.024555911555757575,0.06206061249847041,0.026835426600134937
AAPL,2014-09-15,2014-03-17,2014-09-15,128,0.48647111459830567,252.0,0.021978291597509577,1e-06,0.2510767268548242,0.021773218051510192,5.90625,0.024555911555757575,0.06206061249847041,0.026835426600134937
AAPL,2014-09-16,2014-03-17,2014-09-16,129,0.4673999842576775,252.0,0.021919536541207516,1e-06,0.2475730914614876,0.022381723798240622,5.86046511627907,0.024555911555757575,0.06206061249847041,0.026835426600134937
AAPL,2014-09-17,2014-03-18,2014-09-17,129,0.4738264592771353,252.0,0.021990311072726094,1e-06,0.24587421395876402,0.02269941922434155,5.86046511627907,0.024555911555757575,0.06206061249847041,0.026835426600134937
AAPL,2014-09-18,2014-03-19,2014-09-18,129,0.460341370191129,252.0,0.021843693615846052,1e-06,0.24527228863900327,0.02103085686127758,5.86046511627907,0.024555911555757575,0.06206061249847041,0.026835426600134937
AAPL,2014-09-19,2014-03-20,2014-09-19,129,0.4444938354166075,252.0,0.02197762076853448,1e-06,0.24250934280147912,0.019575848114067415,5.86046511627907,0.024555911555757575,0.06206061249847041,0.026835426600134937
AAPL,2014-09-22,2014-03-24,2014-09-22,128,0.4439450143072219,252.0,0.021983951915003935,1e-06,0.24000297683450186,0.019585712047501938,5.90625,0.024555911555757575,0.06206061249847041,0.026835426600134937
AAPL,2014-09-23,2014-03-24,2014-09-23,129,0.4714484967153538,252.0,0.02229080898842883,1e-06,0.25059840807743716,0.022473590853378255,5.86046511627907,0.024555911555757575,0.06206061249847041,0.026835426600134937
AAPL,2014-09-24,2014-03-25,2014-09-24,129,0.4304485515101977,252.0,0.022164449488360053,1e-06,0.25787572894525745,0.022738953532551627,5.86046511627907,0.024555911555757575,0.06206061249847041,0.026835426600134937
AAPL,2014-09-25,2014-03-26,2014-09-25,129,0.40407982958032407,252.0,0.027626879985982657,1e-06,0.15210206480948396,0.040821170054454174,3.906976744186047,0.017835469766503076,0.08620935691857384,0.021785407228777087
AAPL,2014-09-26,2014-03-27,2014-09-26,129,0.4806871079806004,229.0481615780694,0.029112808127675895,3.6482613332639375,0.09882915307801075,0.050419765782256196,3.906976744186047,0.017835469766503076,0.08620935691857384,0.021785407228777087
AAPL,2014-09-29,2014-03-31,2014-09-29,128,0.4826063139995007,233.80722943355988,0.029385478637024894,3.7031886642588963,0.11179639530733869,0.049116427480699235,3.9375,0.017835469766503076,0.08620935691857384,0.021785407228777087
AAPL,2014-09-30,2014-03-31,2014-09-30,129,0.491451279894307,233.6022548994042,0.029234679634981428,3.692055075188464,0.11171620519761608,0.04958720289082593,3.906976744186047,0.017835469766503076,0.08620935691857384,0.021785407228777087
AAPL,2014-10-01,2014-04-02,2014-10-01,128,0.4461743552280488,234.25207218594696,0.029794101360132275,3.732392879077456,0.10066292475448739,0.052475696981025104,3.9375,0.017835469766503076,0.08620935691857384,0.021785407228777087
AAPL,2014-10-02,2014-04-03,2014-10-02,128,0.45732067572370916,234.89431977329667,0.029893228257398156,3.743718215908951,0.0991159231549963,0.05237820788565753,3.9375,0.017835469766503076,0.08620935691857384,0.021785407228777087
AAPL,2014-10-03,2014-04-04,2014-10-03,128,0.46561595829258184,234.47663426779337,0.029812259159126282,3.7353191621210127,0.10468618827976711,0.05164154016393506,3.9375,0.017835469766503076,0.08620935691857384,0.021785407228777087
AAPL,2014-10-06,2014-04-07,2014-10-06,128,0.4916581436854699,234.2707264379971,0.029473161449107506,3.712383722063094,0.1094635982917718,0.050748717850054255,3.9375,0.017835469766503076,0.08620935691857384,0.021785407228777087
AAPL,2014-10-07,2014-04-08,2014-10-07,128,0.5057641266367954,233.5001456654915,0.029126207790476442,3.6843937398735944,0.10598501788764152,0.05121329202917767,3.9375,0.017835469766503076,0.08620935691857384,0.021785407228777087
AAPL,2014-10-08,2014-04-09,2014-10-08,128,0.5469724344154816,233.6865140374742,0.0299705553484374,3.738907374528508,0.11545843346243248,0.056108984204459866,3.9375,0.017835469766503076,0.08620935691857384,0.021785407228777087
AAPL,2014-10-09,2014-04-10,2014-10-09,128,0.5252173041896269,235.31790248472288,0.029639048732649068,3.731127592685467,0.11546741589300674,0.04518161082951665,3.9375,0.017835469766503076,0.08620935691857384,0.021785407228777087
AAPL,2014-10-10,2014-04-11,2014-10-10,128,0.5454313410370588,234.7674203576448,0.02931852093044342,3.7065548272001214,0.11316112309602666,0.04506419294412701,3.9375,0.017835469766503076,0.08620935691857384,0.021785407228777087
AAPL,2014-10-13,2014-04-14,2014-10-13,128,0.541920532997497,234.88820704765354,0.029376784877773666,3.7111902964864725,0.11075851795915553,0.04601291476231436,3.9375,0.017835469766503076,0.08620935691857384,0.021785407228777087
AAPL,2014-10-14,2014-04-15,2014-10-14,128,0.5126156429026745,235.11141255401802,0.02957316572322616,3.7253428680691325,0.11033529808945283,0.04737981792474858,3.9375,0.017835469766503076,0.08620935691857384,0.021785407228777087
AAPL,2014-10-15,2014-04-16,2014-10-15,128,0.5022705900513742,235.3884327180371,0.029774743276401183,3.740219218905575,0.1082857814518324,0.048509803818261886,3.9375,0.017835469766503076,0.08620935691857384,0.021785407228777087
AAPL,2014-10-16,2014-04-17,2014-10-16,128,0.47180019413488594,235.24775475382998,0.030115532399712524,3.760438602636526,0.10431584970215403,0.04999661427775351,3.9375,0.017835469766503076,0.08620935691857384,0.021785407228777087
AAPL,2014-10-17,2014-04-18,2014-10-17,128,0.47816236201567897,235.0227398167312,0.030280326682461965,3.7689094776458365,0.10431885532552745,0.052482959159730606,3.9375,0.017835469766503076,0.08620935691857384,0.021785407228777087
AAPL,2014-10-20,2014-04-21,2014-10-20,128,0.5205082044569682,233.8199561345555,0.031176911868493213,3.814501772697228,0.11049722317588559,0.057058073509700075,3.9375,0.017835469766503076,0.08620935691857384,0.021785407228777087
AAPL,2014-10-21,2014-04-22,2014-10-21,128,0.5505175645402476,226.91972442951862,0.03233529038703555,3.8269694253081785,0.12255251496990205,0.06566688254747974,3.9375,0.017835469766503076,0.08620935691857384,0.021785407228777087
AAPL,2014-10-22,2014-04-23,2014-10-22,128,0.5586468535573559,230.03616153125105,0.032384549122938935,3.8560927343704186,0.12282121736946663,0.06308637499733395,3.9375,0.017835469766503076,0.08620935691857384,0.021785407228777087
AAPL,2014-10-23,2014-04-24,2014-10-23,128,0.6203777932676378,230.6116070319035,0.03266546541874919,3.877622193238782,0.13271314715551322,0.06593911774332711,3.9375,0.017835469766503076,0.08620935691857384,0.021785407228777087
AAPL,2014-10-24,2014-04-25,2014-10-24,128,0.6346051500756208,252.0,0.02699667886023735,1e-06,0.32941274856116304,0.047965919541759404,5.90625,-0.014668564823368424,0.04565889987326832,-0.013533780866264444
AAPL,2014-10-27,2014-04-28,2014-10-27,128,0.6177441193583525,252.0,0.026890935353534862,1e-06,0.3290259132023414,0.037885542661823965,5.90625,-0.014668564823368424,0.04565889987326832,-0.013533780866264444
AAPL,2014-10-28,2014-04-29,2014-10-28,128,0.643618798584324,252.0,0.02715113972505326,1e-06,0.3354890593651632,0.040239956032650064,3.9375,-0.04100124480218592,0.0030016772100591935,-0.040167740782559136
AAPL,2014-10-29,2014-04-30,2014-10-29,128,0.660762878882462,252.0,0.027196374216725182,1e-06,0.3330602886285187,0.04012965043034396,3.9375,-0.04100124480218592,0.0030016772100591935,-0.040167740782559136
AAPL,2014-10-30,2014-05-01,2014-10-30,128,0.6616218450493889,252.0,0.027190233801823404,1e-06,0.3329671177455223,0.037305037854204505,3.9375,-0.04100124480218592,0.0030016772100591935,-0.040167740782559136
AAPL,2014-10-31,2014-05-01,2014-10-31,129,0.6752417807126022,252.0,0.02715482052465245,1e-06,0.33395667972970194,0.03775781472130826,3.906976744186047,-0.04100124480218592,0.0030016772100591935,-0.040167740782559136
AAPL,2014-11-03,2014-05-05,2014-11-03,128,0.6979374449472084,252.0,0.027684115246068258,1e-06,0.3303625333837776,0.03965383913504934,3.9375,-0.04100124480218592,0.0030016772100591935,-0.040167740782559136
AAPL,2014-11-04,2014-05-05,2014-11-04,129,0.6778789108692898,252.0,0.027573011628662006,1e-06,0.3323984109382475,0.04030021798435763,3.906976744186047,-0.04100124480218592,0.0030016772100591935,-0.040167740782559136
AAPL,2014-11-05,2014-05-06,2014-11-05,129,0.6547612402302518,252.0,0.02719311203983577,1e-06,0.3315673797739763,0.039445548309120976,3.906976744186047,-0.04100124480218592,0.0030016772100591935,-0.040167740782559136
AAPL,2014-11-06,2014-05-07,2014-11-06,129,0.6821724711633681,252.0,0.02697099295572027,1e-06,0.33014967907820914,0.03447727627367988,3.906976744186047,-0.04100124480218592,0.0030016772100591935,-0.040167740782559136
AAPL,2014-11-07,2014-05-08,2014-11-07,129,0.6947793529323736,252.0,0.026962711330454754,1e-06,0.33028789805751574,0.03451758598290964,3.906976744186047,-0.04100124480218592,0.0030016772100591935,-0.040167740782559136
AAPL,2014-11-10,2014-05-12,2014-11-10,128,0.7089075715343567,252.0,0.027140927092405506,1e-06,0.3284074778400081,0.034451193652047005,3.9375,-0.04100124480218592,0.0030016772100591935,-0.040167740782559136
AAPL,2014-11-11,2014-05-12,2014-11-11,129,0.7191249753541563,252.0,0.027053019339679744,1e-06,0.3290210808233891,0.034201708688693,3.906976744186047,-0.04100124480218592,0.0030016772100591935,-0.040167740782559136
AAPL,2014-11-12,2014-05-13,2014-11-12,129,0.722413462991177,252.0,0.027139848701062442,1e-06,0.3317671872715801,0.03519607687805523,3.906976744186047,-0.04100124480218592,0.0030016772100591935,-0.040167740782559136
AAPL,2014-11-13,2014-05-14,2014-11-13,129,0.7471094885202475,252.0,0.02752463324036844,1e-06,0.3301553234055931,0.03572854752519391,3.906976744186047,-0.04100124480218592,0.0030016772100591935,-0.040167740782559136
AAPL,2014-11-14,2014-05-15,2014-11-14,129,0.770518581212982,252.0,0.027809476639484514,1e-06,0.33207844611098436,0.03535761918336743,3.906976744186047,-0.04100124480218592,0.0030016772100591935,-0.040167740782559136
AAPL,2014-11-17,2014-05-19,2014-11-17,128,0.7610812229898283,252.0,0.027460576887744784,1e-06,0.33364568244845305,0.03285338684519678,3.9375,-0.04100124480218592,0.0030016772100591935,-0.040167740782559136
AAPL,2014-11-18,2014-05-19,2014-11-18,129,0.7806856613665105,252.0,0.0275745603637954,1e-06,0.3370559401159804,0.02947085088835089,3.906976744186047,-0.04100124480218592,0.0030016772100591935,-0.040167740782559136
AAPL,2014-11-19,2014-05-20,2014-11-19,129,0.7435169305529812,252.0,0.027395161376744224,1e-06,0.3385329536022105,0.021430349090974566,3.906976744186047,-0.04100124480218592,0.0030016772100591935,-0.040167740782559136
AAPL,2014-11-20,2014-05-21,2014-11-20,129,0.7713013104123067,252.0,0.027795230186043234,1e-06,0.3418780571010839,0.023542794996082434,3.906976744186047,-0.04100124480218592,0.0030016772100591935,-0.040167740782559136
AAPL,2014-11-21,2014-05-22,2014-11-21,129,0.7687855029639966,252.0,0.027785123719086063,1e-06,0.34201822222048606,0.019802564936327847,3.906976744186047,-0.04100124480218592,0.0030016772100591935,-0.040167740782559136
AAPL,2014-11-24,2014-05-27,2014-11-24,128,0.7860075544288296,252.0,0.02842358572444601,1e-06,0.34428832253155095,0.02368913554025206,3.9375,-0.04100124480218592,0.0030016772100591935,-0.040167740782559136
AAPL,2014-11-25,2014-05-27,2014-11-25,129,0.762514590156276,252.0,0.028350679130229588,1e-06,0.35064756673353464,0.024588597252472363,3.906976744186047,-0.04100124480218592,0.0030016772100591935,-0.040167740782559136
AAPL,2014-11-26,2014-05-27,2014-11-26,130,0.779856745788335,252.0,0.028404926552214955,1e-06,0.35134228093216296,0.02342753358482969,3.8769230769230765,-0.04100124480218592,0.0030016772100591935,-0.040167740782559136
AAPL,2014-11-28,2014-05-29,2014-11-28,129,0.7531624395228821,252.0,0.027932983031699256,1e-06,0.3391189776240668,0.02305465869263093,3.906976744186047,-0.04100124480218592,0.0030016772100591935,-0.040167740782559136
AAPL,2014-12-01,2014-06-02,2014-12-01,128,0.6645433107728156,252.0,0.029651657792092646,1e-06,0.18507218330690384,0.03598277240414144,3.9375,-0.04100124480218592,0.0030016772100591935,-0.040167740782559136
AAPL,2014-12-02,2014-06-03,2014-12-02,128,0.6706729569711589,252.0,0.02958590462858619,1e-06,0.18890545952541904,0.03507829560569036,3.9375,-0.04100124480218592,0.0030016772100591935,-0.040167740782559136
AAPL,2014-12-03,2014-06-04,2014-12-03,128,0.6651416313003491,252.0,0.029445853293112955,1e-06,0.19316985007211845,0.034613796083643525,3.9375,-0.04100124480218592,0.0030016772100591935,-0.040167740782559136
AAPL,2014-12-04,2014-06-05,2014-12-04,128,0.6348276534240993,252.0,0.029216941005353287,1e-06,0.1952920737796643,0.0341409532144588,3.9375,-0.04100124480218592,0.0030016772100591935,-0.040167740782559136
AAPL,2014-12-05,2014-06-06,2014-12-05,128,0.6184926429409581,252.0,0.029222430361299467,1e-06,0.19498700201867156,0.034289261070305936,3.9375,-0.04100124480218592,0.0030016772100591935,-0.040167740782559136
AAPL,2014-12-08,2014-06-09,2014-12-08,128,0.578262848483245,252.0,0.03025317327541037,1e-06,0.1472714061216162,0.04046683008105031,3.9375,-0.04100124480218592,0.0030016772100591935,-0.040167740782559136
AAPL,2014-12-09,2014-06-10,2014-12-09,128,0.5768858705318642,252.0,0.03021040217627174,1e-06,0.138200089610625,0.04313705029228162,3.9375,-0.04100124480218592,0.0030016772100591935,-0.040167740782559136
AAPL,2014-12-10,2014-06-11,2014-12-10,128,0.5267852024341666,252.0,0.03087903031478187,1e-06,0.12821781264340773,0.047527030999337805,3.9375,-0.04100124480218592,0.0030016772100591935,-0.040167740782559136
AAPL,2014-12-11,2014-06-12,2014-12-11,128,0.5291740751237919,252.0,0.030862072022398778,1e-06,0.14759975922992513,0.0468708254463056,3.9375,-0.04100124480218592,0.0030016772100591935,-0.040167740782559136
AAPL,2014-12-12,2014-06-13,2014-12-12,128,0.5287557750328595,252.0,0.030876271552323933,1e-06,0.12632082953557167,0.04800819123801436,3.9375,-0.04100124480218592,0.0030016772100591935,-0.040167740782559136
AAPL,2014-12-15,2014-06-16,2014-12-15,128,0.5232352196137713,252.0,0.03101300492458906,1e-06,0.13013781150979645,0.04792510559063052,3.9375,-0.04100124480218592,0.0030016772100591935,-0.040167740782559136
AAPL,2014-12-16,2014-06-17,2014-12-16,128,0.47564067086507844,252.0,0.0311910525753091,1e-06,0.12838025105620055,0.048477126452357015,3.9375,-0.04100124480218592,0.0030016772100591935,-0.040167740782559136
AAPL,2014-12-17,2014-06-18,2014-12-17,128,0.5274716908474693,252.0,0.0323992589700339,1e-06,0.14860815077312017,0.05571343957427516,3.9375,-0.04100124480218592,0.0030016772100591935,-0.040167740782559136
AAPL,2014-12-18,2014-06-19,2014-12-18,128,0.5836674010645826,252.0,0.03410021153925902,1e-06,0.16091057179332013,0.06393631323959205,3.9375,-0.04100124480218592,0.0030016772100591935,-0.040167740782559136
AAPL,2014-12-19,2014-06-20,2014-12-19,128,0.575116249814581,252.0,0.03419624201267192,1e-06,0.1784814331139418,0.06407752531345143,3.9375,-0.04100124480218592,0.0030016772100591935,-0.040167740782559136
AAPL,2014-12-22,2014-06-23,2014-12-22,128,0.6165557755951605,252.0,0.03419327179064944,1e-06,0.1783001239913271,0.06293662013384022,3.9375,-0.04100124480218592,0.0030016772100591935,-0.040167740782559136
AAPL,2014-12-23,2014-06-24,2014-12-23,128,0.6112202092492307,252.0,0.03421689912987924,1e-06,0.1805208760846889,0.0630650061954999,3.9375,-0.04100124480218592,0.0030016772100591935,-0.040167740782559136
AAPL,2014-12-24,2014-06-25,2014-12-24,128,0.6139268882100986,252.0,0.034187680923299824,1e-06,0.17995721833921896,0.05928038475128662,3.9375,-0.04100124480218592,0.0030016772100591935,-0.040167740782559136
AAPL,2014-12-26,2014-06-27,2014-12-26,127,0.6403664945100545,252.0,0.03500704652717493,1e-06,0.18622765584417808,0.062052341243649015,3.968503937007874,-0.04100124480218592,0.0030016772100591935,-0.040167740782559136
AAPL,2014-12-29,2014-06-30,2014-12-29,127,0.6151386067349536,252.0,0.034726774007699565,1e-06,0.18861884535294568,0.060377573304240914,3.968503937007874,-0.04100124480218592,0.0030016772100591935,-0.040167740782559136
AAPL,2014-12-30,2014-07-01,2014-12-30,127,0.5696717407778841,252.0,0.03481782118597246,1e-06,0.18284407772464387,0.0621823385469158,3.968503937007874,-0.04100124480218592,0.0030016772100591935,-0.040167740782559136
AAPL,2014-12-31,2014-07-01,2014-12-31,128,0.5267462605567923,252.0,0.03527893347662128,1e-06,0.16939108319737872,0.05354345002858639,3.9375,-0.04100124480218592,0.0030016772100591935,-0.040167740782559136
MSFT,2013-01-02,2012-07-03,2013-01-02,127,-0.1713699371350532,239.36893094535563,0.039255061578282124,4.33074096117079,0.19385145517939298,0.04040428214916422,0.0,0.0,0.0,0.0
MSFT,2013-01-03,2012-07-05,2013-01-03,127,-0.211075093644951,240.70186281761636,0.0395315575877901,4.358049661873894,0.20941003157176738,0.041971406221383845,0.0,0.0,0.0,0.0
MSFT,2013-01-04,2012-07-05,2013-01-04,128,-0.2466218014012752,240.53549177653463,0.03992545886796056,4.378194264061878,0.20171292682454314,0.046192777090506676,0.0,0.0,0.0,0.0
MSFT,2013-01-07,2012-07-09,2013-01-07,127,-0.21516261016390817,240.45647111382328,0.03968236005080046,4.364127872699729,0.20957688899033114,0.044699100307938965,0.0,0.0,0.0,0.0
MSFT,2013-01-08,2012-07-09,2013-01-08,128,-0.22383516035888323,239.8185644014615,0.03942678993275379,4.3442778602630625,0.20926699524519007,0.04497039956390618,0.0,0.0,0.0,0.0
MSFT,2013-01-09,2012-07-10,2013-01-09,128,-0.20031492875392393,239.59877333941222,0.03941081510813242,4.341406876367482,0.2099772939474067,0.04411452214202825,0.0,0.0,0.0,0.0
MSFT,2013-01-10,2012-07-11,2013-01-10,128,-0.20095415565693997,239.12025449123863,0.03942215141673157,4.337693174081624,0.2139603048640962,0.04121448483332232,0.0,0.0,0.0,0.0
MSFT,2013-01-11,2012-07-12,2013-01-11,128,-0.14427033639208958,240.05463315866717,0.03936440819188485,4.3429756620279365,0.2329128326312791,0.04117429083993767,0.0,0.0,0.0,0.0
MSFT,2013-01-14,2012-07-16,2013-01-14,127,-0.14705896843200775,243.99956878322982,0.037260465851881565,4.259897561411053,0.23509321474738484,0.04113097102351568,0.0,0.0,0.0,0.0
MSFT,2013-01-15,2012-07-16,2013-01-15,128,-0.12261979677881195,243.97688149241986,0.03724489193565801,4.258809196877605,0.23724669828324207,0.042535749434877576,0.0,0.0,0.0,0.0
MSFT,2013-01-16,2012-07-17,2013-01-16,128,-0.1383054458079,244.402577312282,0.03731652460595004,4.266620067619358,0.2376952701410096,0.041521146396810135,0.0,0.0,0.0,0.0
MSFT,2013-01-17,2012-07-18,2013-01-17,128,-0.1377326383783688,242.265147215572,0.03732522045076981,4.248417086375756,0.21110233492213792,0.04085029287101436,0.0,0.0,0.0,0.0
MSFT,2013-01-18,2012-07-19,2013-01-18,128,-0.18948454986865015,239.54448920709632,0.03596483424485341,4.146795415277185,0.2251062379951507,0.037450567735568485,0.0,0.0,0.0,0.0
MSFT,2013-01-22,2012-07-23,2013-01-22,127,-0.1766499909302831,242.7212462186087,0.035522267906914845,4.14843916156837,0.2733819276305991,0.03661631585542088,0.0,0.0,0.0,0.0
MSFT,2013-01-23,2012-07-24,2013-01-23,127,-0.08718865980989311,239.7712844309778,0.034494971491748516,4.063094900355677,0.28033254683753,0.03783055532396231,0.0,0.0,0.0,0.0
MSFT,2013-01-24,2012-07-25,2013-01-24,127,-0.07692149311752834,240.64331829546688,0.03445671652211105,4.068219103249664,0.28223878710478056,0.03700142191341861,0.0,0.0,0.0,0.0
MSFT,2013-01-25,2012-07-26,2013-01-25,127,-0.03714665809379615,240.38130465927372,0.034375927297368665,4.061234259542005,0.2839958720910527,0.03551766997483958,0.0,0.0,0.0,0.0
MSFT,2013-01-28,2012-07-30,2013-01-28,126,-0.09878744730634104,238.5616140320822,0.0335623333948185,3.9976690866514892,0.27374323083110275,0.03487115094942002,0.0,0.0,0.0,0.0
MSFT,2013-01-29,2012-07-30,2013-01-29,127,-0.09091271542591736,237.96238575478753,0.033323445755346404,3.9784105192732704,0.2737184625635759,0.034858925789835966,0.0,0.0,0.0,0.0
MSFT,2013-01-30,2012-07-31,2013-01-30,127,-0.09426285078234002,237.9489169403603,0.03335617353672389,3.9802510404925084,0.2736806982928404,0.03243476223941381,0.0,0.0,0.0,0.0
MSFT,2013-01-31,2012-08-01,2013-01-31,127,-0.1115546381174931,238.76531315442034,0.033705789084075045,4.0079136185745705,0.26616593158400925,0.03451298635371465,0.0,0.0,0.0,0.0
MSFT,2013-02-01,2012-08-02,2013-02-01,127,-0.07311370182770806,238.6582325633278,0.03429380909639687,4.041816188689559,0.26835373905092375,0.02465003510667,0.0,0.0,0.0,0.0
MSFT,2013-02-04,2012-08-06,2013-02-04,126,-0.13208212680695564,235.89073227435787,0.03435759434639495,4.022048462665616,0.2630945890662815,0.026226623910115116,0.0,0.0,0.0,0.0
MSFT,2013-02-05,2012-08-06,2013-02-05,127,-0.12670712783971716,236.90237109251456,0.03409653271458371,4.015321263554283,0.2600886596961281,0.02200052132234168,0.0,0.0,0.0,0.0
MSFT,2013-02-06,2012-08-07,2013-02-06,127,-0.15158034740998716,236.5004453560393,0.03407501230098914,4.01064736228022,0.25898565997342315,0.022367068505051293,0.0,0.0,0.0,0.0
MSFT,2013-02-07,2012-08-08,2013-02-07,127,-0.17637385351329704,236.14988644234674,0.033874192201836746,3.9958468108507454,0.2599078036782734,0.022093152563006768,0.0,0.0,0.0,0.0
MSFT,2013-02-08,2012-08-09,2013-02-08,127,-0.16141586918452927,236.48888926671415,0.03405607869114774,4.009434999570056,0.2610694459857479,0.022876331203449847,0.0,0.0,0.0,0.0
MSFT,2013-02-11,2012-08-13,2013-02-11,126,-0.1462433693687748,237.6508942658623,0.03450050220728475,4.045413514303182,0.2606381749790762,0.023400402336189112,0.0,0.0,0.0,0.0
MSFT,2013-02-12,2012-08-13,2013-02-12,127,-0.14366846493850433,237.58712488345444,0.03422986575726174,4.028974651746766,0.26009811671313204,0.0210925434127167,0.0,0.0,0.0,0.0
MSFT,2013-02-13,2012-08-14,2013-02-13,127,-0.13106319950522896,237.71991891046244,0.03428507025180949,4.033348926662206,0.2602185569102562,0.021378208077182194,0.0,0.0,0.0,0.0
MSFT,2013-02-14,2012-08-15,2013-02-14,127,-0.1264087528313702,237.81411522071107,0.034277470292673425,4.033700804170605,0.2602007935306266,0.019700351393641645,0.0,0.0,0.0,0.0
MSFT,2013-02-15,2012-08-16,2013-02-15,127,-0.13313682255811427,235.89530765729148,0.03426905840184209,4.01690187547285,0.24882414554945212,0.01924278679033264,0.0,0.0,0.0,0.0
MSFT,2013-02-19,2012-08-20,2013-02-19,126,-0.16067722547726238,234.98760843170274,0.03397408906873924,3.9918744826261285,0.25534505559613374,0.019647282231651176,0.0,0.0,0.0,0.0
MSFT,2013-02-20,2012-08-21,2013-02-20,126,-0.16316977026031498,235.3775461872752,0.03400307612741734,3.9968891663412056,0.2559391629537976,0.02014463905846553,0.0,0.0,0.0,0.0
MSFT,2013-02-21,2012-08-22,2013-02-21,126,-0.1945266690958416,235.89619277796606,0.03437241487458206,4.022962408526693,0.2518362649490998,0.022244088246785306,0.0,0.0,0.0,0.0
MSFT,2013-02-22,2012-08-23,2013-02-22,126,-0.15802380723963338,236.11488694919095,0.034419759547947,4.0275977272390335,0.24955292674465546,0.020003121652876474,0.0,0.0,0.0,0.0
MSFT,2013-02-25,2012-08-27,2013-02-25,125,-0.18913185318533118,236.49052583382257,0.034731476636917544,4.049011251199292,0.2466508305352225,0.022399121251617013,0.0,0.0,0.0,0.0
MSFT,2013-02-26,2012-08-27,2013-02-26,126,-0.18763080673147936,236.84894210669987,0.03445582999694201,4.0359666478410166,0.24587070432239036,0.021425598950762573,0.0,0.0,0.0,0.0
MSFT,2013-02-27,2012-08-28,2013-02-27,126,-0.1642242975648136,238.1514471190017,0.03492847393239909,4.074711866549698,0.25251585869541265,0.024463797305031305,0.0,0.0,0.0,0.0
MSFT,2013-02-28,2012-08-29,2013-02-28,126,-0.1610297117136401,239.5475221641531,0.03492107387049551,4.086204735157378,0.2516875474927864,0.024311843903013573,0.0,0.0,0.0,0.0
MSFT,2013-03-01,2012-09-04,2013-03-01,124,-0.1652588222554784,239.20766583679148,0.03476044874282666,4.0739033347791604,0.25136630780120545,0.024265488726178557,0.0,0.0,0.0,0.0
MSFT,2013-03-04,2012-09-05,2013-03-04,124,-0.12221500995219088,238.51335546054517,0.03446258216536848,4.050519659910983,0.2519503643064179,0.022364176427589408,0.0,0.0,0.0,0.0
MSFT,2013-03-05,2012-09-06,2013-03-05,124,-0.10782677257413746,233.55903000944542,0.03456444982600759,4.0141504127931,0.19655590578950133,0.019359711080133797,0.0,0.0,0.0,0.0
MSFT,2013-03-06,2012-09-07,2013-03-06,124,-0.18975549260215577,232.42051000332683,0.03277126499891032,3.8990994634571794,0.17814441676191828,0.016619016303265944,0.0,0.0,0.0,0.0
MSFT,2013-03-07,2012-09-10,2013-03-07,124,-0.16004467761559318,232.04719734369544,0.032442571506064846,3.8763794719370197,0.17609140731025993,0.0165996880744575,0.0,0.0,0.0,0.0
MSFT,2013-03-08,2012-09-10,2013-03-08,125,-0.1688192121549474,231.51021732773418,0.0322331801663243,3.859376474688458,0.1757402563049954,0.016489621087540728,0.0,0.0,0.0,0.0
MSFT,2013-03-11,2012-09-12,2013-03-11,124,-0.16910446714409702,232.10382676306276,0.03241353801303786,3.8751173201952964,0.17612192496952517,0.016691530436718748,0.0,0.0,0.0,0.0
MSFT,2013-03-12,2012-09-13,2013-03-12,124,-0.16553042615284022,232.0643368067192,0.03241750407070289,3.875024700018614,0.17579738494181057,0.015552158207458927,0.0,0.0,0.0,0.0
MSFT,2013-03-13,2012-09-14,2013-03-13,124,-0.17533825591096622,231.58854145395614,0.032363141866967045,3.8678031105855184,0.17515106133585087,0.01405123553511853,0.0,0.0,0.0,0.0
MSFT,2013-03-14,2012-09-17,2013-03-14,124,-0.17704568895526943,231.5583907318414,0.032334905359421816,3.8658637584927305,0.17621380585963178,0.014784270381996487,0.0,0.0,0.0,0.0
MSFT,2013-03-15,2012-09-17,2013-03-15,125,-0.18280643054192952,231.2229420874247,0.03210177714149708,3.849111441578528,0.17649531691353493,0.01459082380868259,0.0,0.0,0.0,0.0
MSFT,2013-03-18,2012-09-19,2013-03-18,124,-0.17798165888311018,231.8896644889006,0.032368067424887466,3.870611362702523,0.17660566831070762,0.014644128608436087,0.0,0.0,0.0,0.0
MSFT,2013-03-19,2012-09-20,2013-03-19,124,-0.16371306450622303,231.0396058927334,0.03234901773511221,3.862373356842811,0.1728157806110466,0.01472737480521537,0.0,0.0,0.0,0.0
MSFT,2013-03-20,2012-09-21,2013-03-20,124,-0.17965525939751356,230.43207941237435,0.032065946451203066,3.8403781227012357,0.17148539434853238,0.013899442164917702,0.0,0.0,0.0,0.0
MSFT,2013-03-21,2012-09-24,2013-03-21,124,-0.17791103336684305,229.99700147342577,0.03203848542047667,3.8351076741229475,0.17503774809855424,0.014066836943257473,0.0,0.0,0.0,0.0
MSFT,2013-03-22,2012-09-24,2013-03-22,125,-0.16647210287335862,229.68697717823989,0.03183193601390366,3.820148088706592,0.1744443730441442,0.012101358183323536,0.0,0.0,0.0,0.0
MSFT,2013-03-25,2012-09-26,2013-03-25,124,-0.1916504990468743,218.00984573699412,0.02934323081927396,3.57332489286924,0.10166996744775733,0.011077106226070457,2.032258064516129,0.03376151339424682,0.0,0.03433790157600125
MSFT,2013-03-26,2012-09-27,2013-03-26,124,-0.17676470789694826,217.78847176266066,0.02923507536802958,3.564922054844738,0.10172347205601608,0.008674813264443098,2.032258064516129,0.03376151339424682,0.0,0.03433790157600125
MSFT,2013-03-27,2012-09-28,2013-03-27,124,-0.16086430253107215,216.9936953113695,0.029347940818417986,3.5652735827787714,0.11044003247991492,0.009337199594830594,2.032258064516129,0.03376151339424682,0.0,0.03433790157600125
MSFT,2013-03-28,2012-10-01,2013-03-28,124,-0.11625078268853728,216.72892627751068,0.029128125330823134,3.5497289546326023,0.10846044122936317,0.007136736793154436,2.032258064516129,0.03376151339424682,0.0,0.03433790157600125
MSFT,2013-04-01,2012-10-02,2013-04-01,124,-0.16757971855823028,206.39068514590363,0.02687688357212913,3.327476426767514,-0.05362731974308222,0.007135185281750087,4.064516129032258,0.03363195122938567,0.00018322857071706035,0.034203916559795156
MSFT,2013-04-02,2012-10-03,2013-04-02,124,-0.16578146129169993,206.3117781049326,0.026899122213852194,3.3282163606174007,-0.05277778090485555,0.0073134037255221385,4.064516129032258,0.03363195122938567,0.00018322857071706035,0.034203916559795156
MSFT,2013-04-03,2012-10-04,2013-04-03,124,-0.1969472120429198,206.47712871954792,0.026950472179597392,3.332726321109755,-0.05315684602944759,0.007543606180631645,4.064516129032258,0.03363195122938567,0.00018322857071706035,0.034203916559795156
MSFT,2013-04-04,2012-10-05,2013-04-04,124,-0.2057835309848884,206.52314835727057,0.02688793914170083,3.3292285694063786,-0.05365510900030478,0.00696560374950481,4.064516129032258,0.03363195122938567,0.00018322857071706035,0.034203916559795156
MSFT,2013-04-05,2012-10-08,2013-04-05,124,-0.1861542485387719,206.40338525939498,0.02683844057853182,3.3251981715549195,-0.053644875974404226,0.006093160573932939,4.064516129032258,0.03363195122938567,0.00018322857071706035,0.034203916559795156
MSFT,2013-04-08,2012-10-09,2013-04-08,124,-0.18923791341552085,204.46270399649288,0.026857521643401557,3.310705141271268,-0.03756367819847127,0.006232192414414789,4.064516129032258,0.03363195122938567,0.00018322857071706035,0.034203916559795156
MSFT,2013-04-09,2012-10-10,2013-04-09,124,-0.015199843500127833,226.16942848331365,0.030686629652949833,3.721962835946347,0.19114973402522725,0.006232192414414789,2.032258064516129,0.03505516382562801,0.0,0.035676839120405424
MSFT,2013-04-10,2012-10-11,2013-04-10,124,0.05174194213526358,228.13624760439387,0.03149505107241765,3.7870304010908953,0.21283408780299057,0.011941493684603326,2.032258064516129,0.03505516382562801,0.0,0.035676839120405424
MSFT,2013-04-11,2012-10-12,2013-04-11,124,0.12568443973601268,220.51900140042883,0.034010526532642804,3.8691019405935445,0.2226898946075075,0.02642799893419654,2.032258064516129,-0.0452627086977242,0.0,-0.04425363403377469
MSFT,2013-04-12,2012-10-15,2013-04-12,124,0.09742173932825277,222.61039283701388,0.03391438026007001,3.881907179515381,0.22620021729346437,0.026727360851895345,2.032258064516129,-0.0452627086977242,0.0,-0.04425363403377469
MSFT,2013-04-15,2012-10-16,2013-04-15,124,0.0686563474875136,222.2906311601385,0.033710695801572384,3.867451925094259,0.22610349849905903,0.026871118323094884,2.032258064516129,-0.0452627086977242,0.0,-0.04425363403377469
MSFT,2013-04-16,2012-10-17,2013-04-16,124,0.0899440669171788,222.6999392001025,0.03390301858812873,3.8820374362233654,0.22714090589730973,0.027263886705372522,2.032258064516129,-0.0452627086977242,0.0,-0.04425363403377469
MSFT,2013-04-17,2012-10-18,2013-04-17,124,0.07308333497595464,223.04465722616692,0.03392762629212421,3.8864504609338484,0.22778774199624083,0.027393433903558608,2.032258064516129,-0.0452627086977242,0.0,-0.04425363403377469
MSFT,2013-04-18,2012-10-19,2013-04-18,124,0.07648029420912884,219.07647606435623,0.03391256266112942,3.8508682818586246,0.30348382762957643,0.027361729907839506,2.032258064516129,-0.0452627086977242,0.0,-0.04425363403377469
MSFT,2013-04-19,2012-10-22,2013-04-19,124,0.205674308964798,232.55089183570854,0.03441472275010952,3.9967927447030456,0.34721682938117854,0.04070998001231579,2.032258064516129,-0.0452627086977242,0.0,-0.04425363403377469
MSFT,2013-04-22,2012-10-23,2013-04-22,124,0.3236563431532015,195.48193296091188,0.03587621584112337,3.7414255916850228,0.3467464752881737,0.055104300310214516,2.032258064516129,-0.0452627086977242,0.0,-0.04425363403377469
MSFT,2013-04-23,2012-10-24,2013-04-23,124,0.30465938798156333,206.64064001437833,0.03598457828153573,3.8525347422305853,0.3499416964374359,0.055112437501959426,2.032258064516129,-0.0452627086977242,0.0,-0.04425363403377469
MSFT,2013-04-24,2012-10-25,2013-04-24,124,0.39187547375049675,210.3816940400858,0.0387620511842334,4.034482493566756,0.4061383289785665,0.0714293162972858,2.032258064516129,-0.0452627086977242,0.0,-0.04425363403377469
MSFT,2013-04-25,2012-10-26,2013-04-25,124,0.40492344735568797,220.6491282398372,0.038826433818192375,4.135188823769808,0.3727839503265715,0.0716904137014847,2.032258064516129,-0.0452627086977242,0.0,-0.04425363403377469
MSFT,2013-04-26,2012-10-29,2013-04-26,124,0.3711719714717951,220.3464165422747,0.038588168652467475,4.119652329237949,0.3723603275395993,0.07195631409518115,2.032258064516129,-0.0452627086977242,0.0,-0.04425363403377469
MSFT,2013-04-29,2012-10-30,2013-04-29,124,0.4233486917079269,222.60079200238894,0.039916964075307745,4.211362156691642,0.38833961640517406,0.07907687238428664,2.032258064516129,-0.0452627086977242,0.0,-0.04425363403377469
MSFT,2013-04-30,2012-10-31,2013-04-30,124,0.4539047465049789,222.56438072851145,0.04037268516905987,4.234987512419521,0.373831149161822,0.08089447585170081,2.032258064516129,-0.0452627086977242,0.0,-0.04425363403377469
MSFT,2013-05-01,2012-11-02,2013-05-01,123,0.3400141634262636,214.6904218192599,0.03834518073462845,4.053612357624458,0.3468304774826164,0.08249441137296906,2.048780487804878,-0.0452627086977242,0.0,-0.04425363403377469
MSFT,2013-05-02,2012-11-05,2013-05-02,123,0.3690059600729116,215.17809598371457,0.038712789897882065,4.077620007246231,0.34643339270011236,0.08410987829817615,2.048780487804878,-0.0452627086977242,0.0,-0.04425363403377469
MSFT,2013-05-03,2012-11-05,2013-05-03,124,0.3862941969640102,215.2194900022303,0.03859895885690638,4.072012291378576,0.34441876015612777,0.08444635661890823,2.032258064516129,-0.0452627086977242,0.0,-0.04425363403377469
MSFT,2013-05-06,2012-11-07,2013-05-06,123,0.3803801957978138,213.88536335210378,0.038875437458288226,4.073884045230682,0.3907067823647815,0.08514053513414224,2.048780487804878,-0.0452627086977242,0.0,-0.04425363403377469
MSFT,2013-05-07,2012-11-08,2013-05-07,123,0.40794748765620953,211.6876603803095,0.037784002596344866,3.9956021557737817,0.3778817472863977,0.08706080856545226,2.048780487804878,-0.0452627086977242,0.0,-0.04425363403377469
MSFT,2013-05-08,2012-11-09,2013-05-08,123,0.4072761014205291,211.98010603843923,0.03779674644457447,3.9990353873775004,0.3781460142111638,0.08800204533995429,2.048780487804878,-0.0452627086977242,0.0,-0.04425363403377469
MSFT,2013-05-09,2012-11-12,2013-05-09,123,0.385076759491994,210.48278852255405,0.0380045171775786,3.9958243599494763,0.40576174861666353,0.07446849970387757,2.048780487804878,-0.0452627086977242,0.0,-0.04425363403377469
MSFT,2013-05-10,2012-11-12,2013-05-10,124,0.3838275550878121,210.28396032136231,0.03769726524265034,3.977759141824091,0.4057760442693646,0.06847081153573216,2.032258064516129,-0.0452627086977242,0.0,-0.04425363403377469
MSFT,2013-05-13,2012-11-14,2013-05-13,123,0.4468344835532842,193.60358901460455,0.032482991284102126,3.5429514069393955,0.457478020748916,0.05314239724043736,4.097560975609756,-0.0040274455946986976,0.05831546832832154,-0.0023243930765451948
MSFT,2013-05-14,2012-11-15,2013-05-14,123,0.5846460559862328,213.26496062371365,0.03589963663144304,3.9091763786147333,0.47369039817218206,0.07510048981200879,2.048780487804878,-0.0452627086977242,0.0,-0.04425363403377469
MSFT,2013-05-15,2012-11-16,2013-05-15,123,0.6181650593898645,214.72560644644952,0.035992478304674745,3.9276093101340233,0.464880859865767,0.07505120116567271,2.048780487804878,-0.0452627086977242,0.0,-0.04425363403377469
MSFT,2013-05-16,2012-11-19,2013-05-16,123,0.6430275421963582,214.80997944265164,0.03602992018192834,3.9304236362915432,0.46422866804422763,0.07531976714195912,2.048780487804878,-0.0452627086977242,0.0,-0.04425363403377469
MSFT,2013-05-17,2012-11-19,2013-05-17,124,0.684750315488467,216.02888198591566,0.03681293286450178,3.9841584728870765,0.4747912738611798,0.08159856947685544,2.032258064516129,-0.0452627086977242,0.0,-0.04425363403377469
MSFT,2013-05-20,2012-11-21,2013-05-20,123,0.6880193972939527,218.5507747160869,0.03705949460166959,4.020743859698407,0.4666216221324145,0.06858595302633622,2.048780487804878,-0.0452627086977242,0.0,-0.04425363403377469
MSFT,2013-05-21,2012-11-23,2013-05-21,123,0.6559549766385571,216.94207769123076,0.03698360326729004,4.001814877564228,0.44622433698645303,0.05441619080316585,2.048780487804878,-0.0452627086977242,0.0,-0.04425363403377469
MSFT,2013-05-22,2012-11-23,2013-05-22,124,0.636464402688444,216.6857454450946,0.03678075631450541,3.988466832934302,0.4448602703042318,0.05431632239078021,2.032258064516129,-0.0452627086977242,0.0,-0.04425363403377469
MSFT,2013-05-23,2012-11-26,2013-05-23,124,0.5528148382691999,214.85850401046076,0.035603824351910625,3.9075548667197397,0.42764552048540827,0.039851420467298795,2.032258064516129,-0.0452627086977242,0.0,-0.04425363403377469
MSFT,2013-05-24,2012-11-26,2013-05-24,125,0.4837693745733672,195.98411381445345,0.032792647068059684,3.5816171281562634,0.4106717711290092,0.03961574333861858,4.032,-0.0040274455946986976,0.05831546832832154,-0.0023243930765451948
MSFT,2013-05-28,2012-11-29,2013-05-28,123,0.6348185389957106,216.38673450084613,0.03614135190464636,3.9509178481368847,0.4498611350715384,0.044974185340533865,2.048780487804878,-0.0452627086977242,0.0,-0.04425363403377469
MSFT,2013-05-29,2012-11-30,2013-05-29,123,0.5856787530328784,200.1848178082442,0.033115376481540386,3.637566176879526,0.44063767233883105,0.037383769487680206,4.097560975609756,-0.0040274455946986976,0.05831546832832154,-0.0023243930765451948
MSFT,2013-05-30,2012-12-03,2013-05-30,123,0.6202739885605586,199.7059754384482,0.032837592419716816,3.6179425800426146,0.4397030864535715,0.034935480479362305,4.097560975609756,-0.0040274455946986976,0.05831546832832154,-0.0023243930765451948
MSFT,2013-05-31,2012-12-03,2013-05-31,124,0.6075097450123835,199.2871586494125,0.03259698702454758,3.600881863923189,0.43920118814692777,0.03350143706328787,4.064516129032258,-0.0040274455946986976,0.05831546832832154,-0.0023243930765451948
MSFT,2013-06-03,2012-12-04,2013-06-03,124,0.6627442348144932,200.91375159322354,0.03328273331167095,3.6533796907131144,0.4478266600694043,0.035959791226897235,4.064516129032258,-0.0040274455946986976,0.05831546832832154,-0.0023243930765451948
MSFT,2013-06-04,2012-12-05,2013-06-04,124,0.7034104522006627,217.8250115226486,0.03643017130991671,3.979834070859348,0.45620883075714447,0.03825188190000917,2.032258064516129,-0.0452627086977242,0.0,-0.04425363403377469
MSFT,2013-06-05,2012-12-06,2013-06-05,124,0.6678994404999351,218.48560798295284,0.036242229977893774,3.9755695839668097,0.45884747277988414,0.037969106225554335,2.032258064516129,-0.0452627086977242,0.0,-0.04425363403377469
MSFT,2013-06-06,2012-12-07,2013-06-06,124,0.673872174812455,218.2304340235055,0.036286480904309866,3.975672211537012,0.46379154528424293,0.036222373347489276,2.032258064516129,-0.0452627086977242,0.0,-0.04425363403377469
MSFT,2013-06-07,2012-12-10,2013-06-07,124,0.735863182477948,219.01843407675003,0.03690351146673105,4.0165637745066025,0.46789425069637947,0.03995494761416165,2.032258064516129,-0.0452627086977242,0.0,-0.04425363403377469
MSFT,2013-06-10,2012-12-11,2013-06-10,124,0.6875107924270453,220.38161745808094,0.036306113132371705,3.996299672711402,0.4760415185303309,0.03912150138740061,2.032258064516129,-0.0452627086977242,0.0,-0.04425363403377469
MSFT,2013-06-11,2012-12-12,2013-06-11,124,0.6220978825808343,220.8247597736484,0.0365621701420424,4.014397301557326,0.4555384117214033,0.04296537125961256,2.032258064516129,-0.0452627086977242,0.0,-0.04425363403377469
MSFT,2013-06-12,2012-12-13,2013-06-12,124,0.6374942714021649,222.09777311859162,0.036587574244704824,4.02735020877294,0.45367870793089077,0.04193271196806374,2.032258064516129,-0.0452627086977242,0.0,-0.04425363403377469
MSFT,2013-06-13,2012-12-14,2013-06-13,124,0.6308383196766547,221.8643702565907,0.03667287753330553,4.02992312732388,0.4567121812115697,0.03689257359793857,2.032258064516129,-0.0452627086977242,0.0,-0.04425363403377469
MSFT,2013-06-14,2012-12-17,2013-06-14,124,0.6346659161798774,221.7549005429086,0.036594843566244414,4.024640068058482,0.4553559799328545,0.0368387404336559,2.032258064516129,-0.0452627086977242,0.0,-0.04425363403377469
MSFT,2013-06-17,2012-12-18,2013-06-17,124,0.6480509205530733,221.92470759114948,0.03697030149826417,4.046782007344389,0.45643633985782484,0.03987665473896409,2.032258064516129,-0.0452627086977242,0.0,-0.04425363403377469
MSFT,2013-06-18,2012-12-19,2013-06-18,124,0.612394694401568,222.37170941181367,0.03639053049591539,4.018967060342335,0.45445489324822824,0.033578650663583336,2.032258064516129,-0.0452627086977242,0.0,-0.04425363403377469
MSFT,2013-06-19,2012-12-20,2013-06-19,124,0.6080937149138178,222.2775504291944,0.03647794527212852,4.0229392168830245,0.44777407846059963,0.034654489728885754,2.032258064516129,-0.0452627086977242,0.0,-0.04425363403377469
MSFT,2013-06-20,2012-12-21,2013-06-20,124,0.514310421167997,222.71743951143065,0.03824677283656483,4.123395539437588,0.3589512902510148,0.04666864400779158,2.032258064516129,-0.0452627086977242,0.0,-0.04425363403377469
MSFT,2013-06-21,2012-12-24,2013-06-21,124,0.5179022665791503,228.0117760285379,0.03819313068959901,4.169190641356626,0.3700438456670355,0.04661686067876596,2.032258064516129,-0.0452627086977242,0.0,-0.04425363403377469
MSFT,2013-06-24,2012-12-26,2013-06-24,124,0.5747451285529045,227.97920942817123,0.038143390748760726,4.16617737586309,0.3699202056891375,0.046634642697689827,2.032258064516129,-0.0452627086977242,0.0,-0.04425363403377469
MSFT,2013-06-25,2012-12-26,2013-06-25,125,0.5670940511150926,228.1060954224554,0.03784025880142969,4.150744301735069,0.3706774965168387,0.04651347940686478,2.016,-0.0452627086977242,0.0,-0.04425363403377469
MSFT,2013-06-26,2012-12-27,2013-06-26,125,0.6228050417126647,229.56931428955943,0.038540903266358305,4.202409300698098,0.37871794773797324,0.045686679311078233,2.016,-0.0452627086977242,0.0,-0.04425363403377469
MSFT,2013-06-27,2012-12-28,2013-06-27,125,0.631164734478134,230.0000076329184,0.03863742500768789,4.211613400396386,0.384985946437729,0.046229818518629305,2.016,-0.0452627086977242,0.0,-0.04425363403377469
MSFT,2013-06-28,2012-12-31,2013-06-28,125,0.6576053060602058,229.35190809881442,0.038171065818623645,4.180216817514185,0.38702757840911817,0.0460731273198254,2.016,-0.0452627086977242,0.0,-0.04425363403377469
MSFT,2013-07-01,2013-01-02,2013-07-01,125,0.6347772675989529,225.65804814590558,0.03815318912736197,4.145446574307341,0.3451673820052787,0.04623482653457477,2.016,-0.0452627086977242,0.0,-0.04425363403377469
MSFT,2013-07-02,2013-01-03,2013-07-02,125,0.5416973789502939,223.78391047290538,0.03617956383694785,4.020004866288424,0.3219643150347681,0.04345045586098077,2.016,-0.0452627086977242,0.0,-0.04425363403377469
MSFT,2013-07-03,2013-01-04,2013-07-03,125,0.5732933992684979,224.0752651879946,0.03581852809367981,4.002499747637381,0.33430387951724594,0.040032562378455816,2.016,-0.0452627086977242,0.0,-0.04425363403377469
MSFT,2013-07-05,2013-01-07,2013-07-05,125,0.5524447665557021,206.03639457390727,0.03261249329883278,3.6622202379548505,0.29611753646931455,0.040010247110289124,4.032,-0.0040274455946986976,0.05831546832832154,-0.0023243930765451948
MSFT,2013-07-08,2013-01-09,2013-07-08,124,0.578933554668639,206.38162440483373,0.03284077116310074,3.6780927159823347,0.29711170162754175,0.03983759932432909,4.064516129032258,-0.0040274455946986976,0.05831546832832154,-0.0023243930765451948
MSFT,2013-07-09,2013-01-10,2013-07-09,124,0.5684994931640327,205.99174333893538,0.03277591117389185,3.670986434089533,0.2998618259834087,0.03499088009953253,4.064516129032258,-0.0040274455946986976,0.05831546832832154,-0.0023243930765451948
MSFT,2013-07-10,2013-01-11,2013-07-10,124,0.6080909613601103,205.83410396530832,0.03281978670439715,3.6720368411240787,0.29937622246410744,0.035844786116914475,4.064516129032258,-0.0040274455946986976,0.05831546832832154,-0.0023243930765451948
MSFT,2013-07-11,2013-01-14,2013-07-11,124,0.7085613414984544,222.93547121819458,0.036615553942270423,4.036480675885116,0.35988804212809034,0.04148696738413041,2.032258064516129,-0.0452627086977242,0.0,-0.04425363403377469
MSFT,2013-07-12,2013-01-14,2013-07-12,125,0.7017077574072088,227.24491734991332,0.0363209060069429,4.058877198141316,0.3574514174647075,0.041238752669114684,2.016,-0.0452627086977242,0.0,-0.04425363403377469
MSFT,2013-07-15,2013-01-16,2013-07-15,124,0.7071182542679446,227.5003499125553,0.03671623335223339,4.083199328024498,0.35779332839686656,0.04278969066002652,2.032258064516129,-0.0452627086977242,0.0,-0.04425363403377469
MSFT,2013-07-16,2013-01-17,2013-07-16,124,0.7256146802121609,227.9523555199466,0.03665138375097486,4.083642510149799,0.35748002008364177,0.04185231033594561,2.032258064516129,-0.0452627086977242,0.0,-0.04425363403377469
MSFT,2013-07-17,2013-01-18,2013-07-17,124,0.6796069018434351,228.66065939268782,0.03697270811630125,4.107871435178036,0.34640630605874667,0.04086438877666009,2.032258064516129,-0.0452627086977242,0.0,-0.04425363403377469
MSFT,2013-07-18,2013-01-22,2013-07-18,124,0.6623366449620272,229.37363658008223,0.03711828826728627,4.122362760341458,0.3486734210478911,0.041713148967883605,2.032258064516129,-0.0452627086977242,0.0,-0.04425363403377469
MSFT,2013-07-19,2013-01-22,2013-07-19,125,0.5650097156330873,226.60102661236456,0.040982460339816784,4.305369563138193,0.17984556002057472,0.041713148967883605,2.016,-0.1210330713540273,0.0,-0.11399534226535357
MSFT,2013-07-22,2013-01-23,2013-07-22,125,0.6115821690970015,226.59960891911945,0.041707283792390526,4.343261893760437,0.18122327118834178,0.044646806166066026,2.016,-0.1210330713540273,0.0,-0.11399534226535357
MSFT,2013-07-23,2013-01-24,2013-07-23,125,0.5653394393581458,226.81289279710174,0.04120563442027005,4.319094013814845,0.18435546040728185,0.03253864979800716,2.016,-0.1210330713540273,0.0,-0.11399534226535357
MSFT,2013-07-24,2013-01-25,2013-07-24,125,0.572789636293411,226.68397763805967,0.041243737290663,4.319862308490322,0.18368075067017864,0.03224869448296462,2.016,-0.1210330713540273,0.0,-0.11399534226535357
MSFT,2013-07-25,2013-01-28,2013-07-25,125,0.51791284530203,227.48838074859108,0.041737012447500055,4.35332183576933,0.17202105938555656,0.033968948838238,2.016,-0.1210330713540273,0.0,-0.11399534226535357
MSFT,2013-07-26,2013-01-28,2013-07-26,126,0.5284869691373452,227.91857502553532,0.04151055813644169,4.345598846069836,0.16945520990057494,0.03458205332802339,2.0,-0.1210330713540273,0.0,-0.11399534226535357
MSFT,2013-07-29,2013-01-30,2013-07-29,125,0.5181469329719142,228.42958582023206,0.041830010236214146,4.3671755276151085,0.17017019705077643,0.0298614958152733,2.016,-0.1210330713540273,0.0,-0.11399534226535357
MSFT,2013-07-30,2013-01-31,2013-07-30,125,0.5496662107292732,228.0833184878678,0.04195772735059229,4.370521146227138,0.1767668687248394,0.03027378675774687,2.016,-0.1210330713540273,0.0,-0.11399534226535357
MSFT,2013-07-31,2013-02-01,2013-07-31,125,0.578427216695976,227.96507598870315,0.04153261494231656,4.347196618023573,0.17597649907514865,0.030210728901910143,2.016,-0.1210330713540273,0.0,-0.11399534226535357
MSFT,2013-08-01,2013-02-04,2013-08-01,125,0.532318730575506,227.94826727621333,0.040980169668391686,4.318028553082204,0.17762625861865605,0.030227049403354266,2.016,-0.1210330713540273,0.0,-0.11399534226535357
MSFT,2013-08-02,2013-02-04,2013-08-02,126,0.5420164478592847,227.66468027520438,0.04074894408096458,4.303150104792724,0.1776796461007267,0.028987009824668564,2.0,-0.1210330713540273,0.0,-0.11399534226535357
MSFT,2013-08-05,2013-02-06,2013-08-05,125,0.5657738095146336,227.21535593929605,0.04050377048744141,4.285949527003277,0.17852922707542307,0.029364585751626284,2.016,-0.1210330713540273,0.0,-0.11399534226535357
MSFT,2013-08-06,2013-02-07,2013-08-06,125,0.5699241992514852,227.24540968355424,0.040463811142722045,4.284118136797866,0.1784502409480332,0.029124620233916806,2.016,-0.1210330713540273,0.0,-0.11399534226535357
MSFT,2013-08-07,2013-02-08,2013-08-07,125,0.6050475251798718,227.6589244073841,0.040916462021649884,4.311931598236066,0.18094074177880948,0.03170826300226967,2.016,-0.1210330713540273,0.0,-0.11399534226535357
MSFT,2013-08-08,2013-02-11,2013-08-08,125,0.6369748441879378,227.0417860952988,0.04204695869284383,4.365165131976594,0.19268076904437903,0.03954356097183344,2.016,-0.1210330713540273,0.0,-0.11399534226535357
MSFT,2013-08-09,2013-02-11,2013-08-09,126,0.6201997317166141,228.87636779682185,0.04177824491264595,4.368738583318608,0.19836512086851543,0.03871302202852836,2.0,-0.1210330713540273,0.0,-0.11399534226535357
MSFT,2013-08-12,2013-02-13,2013-08-12,125,0.6115410053737294,229.08787806024745,0.04191430888701937,4.377868331775762,0.1979875492851312,0.029539473976053422,2.016,-0.1210330713540273,0.0,-0.11399534226535357
MSFT,2013-08-13,2013-02-14,2013-08-13,125,0.5749460390043586,229.54726213494848,0.04218053413440691,4.396150806357099,0.19376347097614116,0.03145323477952096,2.016,-0.1210330713540273,0.0,-0.11399534226535357
MSFT,2013-08-14,2013-02-15,2013-08-14,125,0.5817745134657631,230.0532723709997,0.04220834581424005,4.402444196114001,0.19340903701590764,0.02929380631649829,2.016,-0.1210330713540273,0.0,-0.11399534226535357
MSFT,2013-08-15,2013-02-19,2013-08-15,125,0.5484618983710879,230.74646589881462,0.04282570809529406,4.441199593105211,0.18201261513378986,0.032861452370593895,2.016,-0.1210330713540273,0.0,-0.11399534226535357
MSFT,2013-08-16,2013-02-19,2013-08-16,126,0.5447083595075692,231.25589731340563,0.04248330191180283,4.4282897151734515,0.18242876620464493,0.030262444404387214,2.0,-0.1210330713540273,0.0,-0.11399534226535357
MSFT,2013-08-19,2013-02-20,2013-08-19,126,0.49904724712235454,231.49228294076752,0.04263419806316573,4.438413846138492,0.17725309574021808,0.03143060012491,2.0,-0.1210330713540273,0.0,-0.11399534226535357
MSFT,2013-08-20,2013-02-21,2013-08-20,126,0.5267433434875742,231.4114034212543,0.04265808226232394,4.438881260359014,0.18083972805837797,0.027628003912337985,2.0,-0.1210330713540273,0.0,-0.11399534226535357
MSFT,2013-08-21,2013-02-22,2013-08-21,126,0.5537826888156581,230.9987863945251,0.04227832482308432,4.4151373722043745,0.18232348011460017,0.02720393170376199,2.0,-0.1210330713540273,0.0,-0.11399534226535357
MSFT,2013-08-22,2013-02-25,2013-08-22,126,0.583220731262469,232.4716850923907,0.04328365302396142,4.481542004745141,0.2016738606849171,0.03410317133536895,2.0,-0.1210330713540273,0.0,-0.11399534226535357
MSFT,2013-08-23,2013-02-25,2013-08-23,127,0.583220731262469,232.4716850923907,0.04328365302396142,4.481542004745141,0.2016738606849171,0.03410317133536895,3.968503937007874,-0.025351689406654776,0.13531390801657445,-0.01606630030170264
MSFT,2013-08-26,2013-02-27,2013-08-26,126,0.5812834720631155,231.18637355886003,0.04384232959749618,4.497885686717832,0.20351333798637192,0.03385699545550167,4.0,-0.025351689406654776,0.13531390801657445,-0.01606630030170264
MSFT,2013-08-27,2013-02-28,2013-08-27,126,0.4952057451419046,229.52748479358831,0.04474266909960159,4.527503335493612,0.1824623808213588,0.041585834276781655,4.0,-0.025351689406654776,0.13531390801657445,-0.01606630030170264
MSFT,2013-08-28,2013-03-01,2013-08-28,126,0.48121948293463696,231.80691783734332,0.04484898252030378,4.555331424532043,0.18877791543050362,0.04213815643763813,4.0,-0.025351689406654776,0.13531390801657445,-0.01606630030170264
MSFT,2013-08-29,2013-03-01,2013-08-29,127,0.5094708255992698,232.01894256724282,0.045001341715057736,4.565148810840869,0.19170199137896732,0.04403276332404787,3.968503937007874,-0.025351689406654776,0.13531390801657445,-0.01606630030170264
MSFT,2013-08-30,2013-03-01,2013-08-30,128,0.4964648602769133,232.26712017311266,0.04468435182542517,4.551474196910008,0.19341386981139339,0.04427255953414181,3.9375,-0.025351689406654776,0.13531390801657445,-0.01606630030170264
MSFT,2013-09-03,2013-03-04,2013-09-03,128,0.3925494689044946,238.9527264929751,0.04896521439081464,4.832594011378506,0.041903911914191586,0.0699612876933541,3.9375,-0.025351689406654776,0.13531390801657445,-0.01606630030170264
MSFT,2013-09-04,2013-03-05,2013-09-04,128,0.3351674026696063,234.25221092183418,0.04979328485655779,4.825115616596766,0.08472708686098968,0.07496467736044139,3.9375,-0.025351689406654776,0.13531390801657445,-0.01606630030170264
MSFT,2013-09-05,2013-03-06,2013-09-05,128,0.3229299123949314,235.36347449110087,0.04969488188147892,4.831765524170581,0.08522104920510014,0.07454724915725087,3.9375,-0.025351689406654776,0.13531390801657445,-0.01606630030170264
MSFT,2013-09-06,2013-03-07,2013-09-06,128,0.3362266021825713,235.15145212868674,0.04953826477641857,4.821972326197835,0.08521717336451393,0.07445358545855588,3.9375,-0.025351689406654776,0.13531390801657445,-0.01606630030170264
MSFT,2013-09-09,2013-03-11,2013-09-09,127,0.378126285875076,236.29783025245882,0.05040974511117598,4.876043863272165,0.08933823695398228,0.0748877019472798,3.968503937007874,-0.025351689406654776,0.13531390801657445,-0.01606630030170264
MSFT,2013-09-10,2013-03-11,2013-09-10,128,0.42071691043166837,235.99358633823172,0.05104896598731898,4.90370189801745,0.09450026838298123,0.0732841232353232,3.9375,-0.025351689406654776,0.13531390801657445,-0.01606630030170264
MSFT,2013-09-11,2013-03-12,2013-09-11,128,0.4515196177306695,237.0398878292164,0.05123668409251634,4.9235880655206845,0.08997595596508051,0.07426755140567505,3.9375,-0.025351689406654776,0.13531390801657445,-0.01606630030170264
MSFT,2013-09-12,2013-03-13,2013-09-12,128,0.4455947807859433,237.36560785989283,0.05123724149492228,4.926996492087307,0.0903616650038054,0.07397295441088987,3.9375,-0.025351689406654776,0.13531390801657445,-0.01606630030170264
MSFT,2013-09-13,2013-03-14,2013-09-13,128,0.4655712261328757,237.5093217202701,0.051451087004399605,4.938761944201392,0.0908743112553744,0.07334003556726665,3.9375,-0.025351689406654776,0.13531390801657445,-0.01606630030170264
MSFT,2013-09-16,2013-03-18,2013-09-16,127,0.44656360184111543,238.24822714008758,0.05181138456702244,4.963727414292484,0.09107110331729693,0.07376016550825984,3.968503937007874,-0.025351689406654776,0.13531390801657445,-0.01606630030170264
MSFT,2013-09-17,2013-03-18,2013-09-17,128,0.45093039938750756,237.812463275032,0.051431474691811,4.940970719605627,0.09097924174360199,0.07028879298999498,3.9375,-0.025351689406654776,0.13531390801657445,-0.01606630030170264
MSFT,2013-09-18,2013-03-19,2013-09-18,128,0.4702026340276291,238.2190090744777,0.05169957482075295,4.958064573243541,0.09214407165007503,0.07195103566159196,3.9375,-0.025351689406654776,0.13531390801657445,-0.01606630030170264
MSFT,2013-09-19,2013-03-20,2013-09-19,128,0.48363303205881536,238.62154790986756,0.05186612753917961,4.970238477697083,0.09158392731229273,0.0710265034842221,3.9375,-0.025351689406654776,0.13531390801657445,-0.01606630030170264
MSFT,2013-09-20,2013-03-21,2013-09-20,128,0.42253675732679596,239.81969297803522,0.05312694720414453,5.042899787208086,0.07333087341728828,0.07824661223961375,3.9375,-0.025351689406654776,0.13531390801657445,-0.01606630030170264
MSFT,2013-09-23,2013-03-25,2013-09-23,127,0.4278299399960869,242.34576672002174,0.05339522013379049,5.082172427513326,0.07524028456441541,0.0782733540803841,3.968503937007874,-0.025351689406654776,0.13531390801657445,-0.01606630030170264
MSFT,2013-09-24,2013-03-25,2013-09-24,128,0.4066400597605675,241.94678731155383,0.053129768961560284,5.065349072198247,0.07418746862323015,0.07209275520513114,3.9375,-0.025351689406654776,0.13531390801657445,-0.01606630030170264
MSFT,2013-09-25,2013-03-26,2013-09-25,128,0.41671594174126536,242.1610104086151,0.053116230800017136,5.066945356340487,0.07415023865100626,0.06849368044123515,3.9375,-0.025351689406654776,0.13531390801657445,-0.01606630030170264
MSFT,2013-09-26,2013-03-27,2013-09-26,128,0.4326477138711313,242.1943318167915,0.05324314148161612,5.073343985184536,0.07420597107368306,0.06088677125406315,3.9375,-0.025351689406654776,0.13531390801657445,-0.01606630030170264
MSFT,2013-09-27,2013-03-28,2013-09-27,128,0.448074290756062,242.56701711558847,0.05359135751219183,5.093821697494598,0.07628795992160793,0.06300914681997334,3.9375,-0.025351689406654776,0.13531390801657445,-0.01606630030170264
MSFT,2013-09-30,2013-04-01,2013-09-30,128,0.4318259535337532,243.0676131865895,0.053449600954671266,5.092326813517545,0.07645453538745613,0.05996766175348158,3.9375,-0.025351689406654776,0.13531390801657445,-0.01606630030170264
MSFT,2013-10-01,2013-04-02,2013-10-01,128,0.4497751875617979,243.1865464150684,0.053610688455768024,5.101242283510477,0.07680744139540481,0.06069320506380715,3.9375,-0.025351689406654776,0.13531390801657445,-0.01606630030170264
MSFT,2013-10-02,2013-04-03,2013-10-02,128,0.4566850930656461,243.32430343255066,0.05372603075367166,5.108173134137741,0.07733217693385314,0.03587830190266425,3.9375,-0.025351689406654776,0.13531390801657445,-0.01606630030170264
MSFT,2013-10-03,2013-04-04,2013-10-03,128,0.4698796602612436,243.42324563328486,0.053592257129789385,5.102846855355422,0.07766180140204419,0.03033743982002126,3.9375,-0.025351689406654776,0.13531390801657445,-0.01606630030170264
MSFT,2013-10-04,2013-04-05,2013-10-04,128,0.46826282296749966,243.38874189627592,0.05358903881381151,5.102331984851705,0.07764903811963064,0.030330545343500364,3.9375,-0.025351689406654776,0.13531390801657445,-0.01606630030170264
MSFT,2013-10-07,2013-04-08,2013-10-07,128,0.42674620195349267,244.27316106580747,0.054161009760650906,5.138800274132049,0.07097231032861392,0.03382963047932706,3.9375,-0.025351689406654776,0.13531390801657445,-0.01606630030170264
MSFT,2013-10-08,2013-04-09,2013-10-08,128,0.41693273917690465,241.33309797063964,0.054284535789879206,5.113602836422999,0.0307042692664539,0.03158289320438077,3.9375,-0.025351689406654776,0.13531390801657445,-0.01606630030170264
MSFT,2013-10-09,2013-04-10,2013-10-09,128,0.35045455170553197,245.04812588928846,0.051833402989339125,5.035134080867769,0.048588844988672775,0.0253866812214686,3.9375,-0.025351689406654776,0.13531390801657445,-0.01606630030170264
MSFT,2013-10-10,2013-04-11,2013-10-10,128,0.3470039366572877,252.0,0.051684939781663886,1e-06,0.15240258650883431,0.029117533069081825,3.9375,-0.025351689406654776,0.13531390801657445,-0.01606630030170264
MSFT,2013-10-11,2013-04-12,2013-10-11,128,0.45932968155541687,249.43937870463606,0.047825141323965877,4.87967755506619,0.14192097309876955,0.030515269377376825,3.9375,-0.025351689406654776,0.13531390801657445,-0.01606630030170264
MSFT,2013-10-14,2013-04-15,2013-10-14,128,0.48838777217141516,249.88782345004014,0.04794532658381738,4.890194961139181,0.1414105749662483,0.03027581110634596,3.9375,-0.025351689406654776,0.13531390801657445,-0.01606630030170264
MSFT,2013-10-15,2013-04-16,2013-10-15,128,0.49766785428011934,249.83376465723777,0.04792380306860827,4.888568326623242,0.14082779617730276,0.02970609251691757,3.9375,-0.025351689406654776,0.13531390801657445,-0.01606630030170264
MSFT,2013-10-16,2013-04-17,2013-10-16,128,0.48692198208115123,249.4976067960679,0.047772802652490114,4.877575924795756,0.14038192947093303,0.029744318619077555,3.9375,-0.025351689406654776,0.13531390801657445,-0.01606630030170264
MSFT,2013-10-17,2013-04-18,2013-10-17,128,0.5127122356166733,249.70396556262267,0.047855486604657375,4.883813534372186,0.14057145996578643,0.028858628904381716,3.9375,-0.025351689406654776,0.13531390801657445,-0.01606630030170264
MSFT,2013-10-18,2013-04-19,2013-10-18,128,0.5177784164405708,245.54757871211635,0.04785425392391713,4.842934428675375,0.09810314170981824,0.027778050826048277,3.9375,-0.025351689406654776,0.13531390801657445,-0.01606630030170264
MSFT,2013-10-21,2013-04-22,2013-10-21,128,0.4525487426758499,252.0,0.045614853043746365,1e-06,0.09524145668433383,0.01992725318923842,3.9375,-0.025351689406654776,0.13531390801657445,-0.01606630030170264
MSFT,2013-10-22,2013-04-23,2013-10-22,128,0.3590006585216301,252.0,0.0434445517407849,1e-06,0.07967981036073628,0.021566540051598606,3.9375,-0.025351689406654776,0.13531390801657445,-0.01606630030170264
MSFT,2013-10-23,2013-04-24,2013-10-23,128,0.32597914766077185,252.0,0.04448430927442376,1e-06,-0.007736242178013794,0.0275280515535316,3.9375,-0.025351689406654776,0.13531390801657445,-0.01606630030170264
MSFT,2013-10-24,2013-04-25,2013-10-24,128,0.24919293902679218,252.0,0.041718275716595435,1e-06,0.004163229140820634,0.027503966399609142,3.9375,-0.025351689406654776,0.13531390801657445,-0.01606630030170264
MSFT,2013-10-25,2013-04-26,2013-10-25,128,0.23979310375022858,252.0,0.04198763249761362,1e-06,0.004078319891249114,0.027503966399609142,5.90625,0.0023987370439007747,0.1070756057929259,0.008164478771085726
MSFT,2013-10-28,2013-04-29,2013-10-28,128,0.24023498306365354,252.0,0.04198356926329507,1e-06,-0.021712691478854945,0.0269842167851489,5.90625,0.0023987370439007747,0.1070756057929259,0.008164478771085726
MSFT,2013-10-29,2013-04-30,2013-10-29,128,0.18605648563513444,252.0,0.04068002580051181,1e-06,-0.01178610875117099,0.024256291612328288,5.90625,0.0023987370439007747,0.1070756057929259,0.008164478771085726
MSFT,2013-10-30,2013-05-01,2013-10-30,128,0.15712444859418806,252.0,0.04023223538087219,1e-06,-0.01363838266653593,0.024259015260344376,5.90625,0.0023987370439007747,0.1070756057929259,0.008164478771085726
MSFT,2013-10-31,2013-05-01,2013-10-31,129,0.1485484407618669,252.0,0.03993978896094503,1e-06,-0.013735662279808901,0.023453632466623346,5.86046511627907,0.0023987370439007747,0.1070756057929259,0.008164478771085726
MSFT,2013-11-01,2013-05-02,2013-11-01,129,0.17840847021724304,252.0,0.03969602569378183,1e-06,-0.014788158196944973,0.02237325156545575,5.86046511627907,0.0023987370439007747,0.1070756057929259,0.008164478771085726
MSFT,2013-11-04,2013-05-06,2013-11-04,128,0.15607378048249798,252.0,0.0397215845742334,1e-06,-0.010853336719887802,0.023915370842088342,5.90625,0.0023987370439007747,0.1070756057929259,0.008164478771085726
MSFT,2013-11-05,2013-05-06,2013-11-05,129,0.19341342124468675,252.0,0.040150477350189936,1e-06,-0.003282871973731528,0.028376039570297096,5.86046511627907,0.0023987370439007747,0.1070756057929259,0.008164478771085726
MSFT,2013-11-06,2013-05-07,2013-11-06,129,0.2602895587659839,246.81629241861177,0.04342105664290719,4.625062352465769,0.0810352712962489,0.04513915034979995,5.86046511627907,0.0023987370439007747,0.1070756057929259,0.008164478771085726
MSFT,2013-11-07,2013-05-08,2013-11-07,129,0.25059264746514387,242.7196139134414,0.043722572852319085,4.6024150100440036,0.11417812986666355,0.04809660628816591,5.86046511627907,0.0023987370439007747,0.1070756057929259,0.008164478771085726
MSFT,2013-11-08,2013-05-09,2013-11-08,129,0.28477711932668637,243.26526055169978,0.04364688171121827,4.603595362195788,0.11185612498673084,0.048721097124990224,5.86046511627907,0.0023987370439007747,0.1070756057929259,0.008164478771085726
MSFT,2013-11-11,2013-05-13,2013-11-11,128,0.29530760774964515,243.39923434475065,0.04384184287289052,4.615135862923291,0.11082099214215699,0.043909076863481514,5.90625,0.0023987370439007747,0.1070756057929259,0.008164478771085726
MSFT,2013-11-12,2013-05-13,2013-11-12,129,0.28068929257141484,242.95776022853798,0.04356922469072601,4.596590229451054,0.11055096738503774,0.04293531173629301,5.86046511627907,0.0023987370439007747,0.1070756057929259,0.008164478771085726
MSFT,2013-11-13,2013-05-14,2013-11-13,129,0.30237028669056976,243.34649003024757,0.0442529101414283,4.636219051041009,0.11111052181723383,0.047276914758257856,5.86046511627907,0.0023987370439007747,0.1070756057929259,0.008164478771085726
MSFT,2013-11-14,2013-05-15,2013-11-14,129,0.2509954822406524,243.74110431873981,0.043310863830148955,4.590323531089924,0.1190541097236776,0.047422854381252974,5.86046511627907,0.0023987370439007747,0.1070756057929259,0.008164478771085726
MSFT,2013-11-15,2013-05-16,2013-11-15,129,0.2225066201563548,243.45223959207505,0.04317546068465954,4.58042591579961,0.11937005491615506,0.047467149358689356,5.86046511627907,0.0023987370439007747,0.1070756057929259,0.008164478771085726
MSFT,2013-11-18,2013-05-20,2013-11-18,128,0.1300478121388658,241.65976331890002,0.04295629936731068,4.5519353907306135,0.10206289417099186,0.050181033278410024,5.90625,0.0023987370439007747,0.1070756057929259,0.008164478771085726
MSFT,2013-11-19,2013-05-20,2013-11-19,129,0.11924124872198139,242.0781843499812,0.04266314617482133,4.54030211738079,0.10394840563927982,0.05045192298228069,5.86046511627907,0.0023987370439007747,0.1070756057929259,0.008164478771085726
MSFT,2013-11-20,2013-05-21,2013-11-20,129,0.12565578066653327,242.184581945217,0.042760749296650954,4.546491517573455,0.10473842000196543,0.0514613305437638,5.86046511627907,0.0023987370439007747,0.1070756057929259,0.008164478771085726
MSFT,2013-11-21,2013-05-22,2013-11-21,129,0.15599762574062925,242.3440312210816,0.042821873267442086,4.551237308449524,0.10463442910162449,0.05068011996310904,5.86046511627907,0.0023987370439007747,0.1070756057929259,0.008164478771085726
MSFT,2013-11-22,2013-05-23,2013-11-22,129,0.17888919328256847,241.98401017361425,0.042767511814633764,4.544967822785638,0.10760888497914761,0.04401553763204034,5.86046511627907,0.0023987370439007747,0.1070756057929259,0.008164478771085726
MSFT,2013-11-25,2013-05-28,2013-11-25,128,0.2039754273531215,240.30334559640667,0.04273094894492515,4.527220666232385,0.09548211265960047,0.044040246001187194,5.90625,0.0023987370439007747,0.1070756057929259,0.008164478771085726
MSFT,2013-11-26,2013-05-28,2013-11-26,129,0.1868878739095905,239.9276431168246,0.042511454782412875,4.512046986630815,0.09455785315441426,0.04451637364359535,5.86046511627907,0.0023987370439007747,0.1070756057929259,0.008164478771085726
MSFT,2013-11-27,2013-05-28,2013-11-27,130,0.19865350003467194,239.6397116653706,0.04226502577013399,4.4962499842168,0.09436343841111156,0.045026662503669115,5.815384615384615,0.0023987370439007747,0.1070756057929259,0.008164478771085726
MSFT,2013-11-29,2013-05-30,2013-11-29,129,0.19293695581406922,239.08794807638574,0.04202283196660286,4.478184544895841,0.094298894367021,0.04737394618536706,5.86046511627907,0.0023987370439007747,0.1070756057929259,0.008164478771085726
MSFT,2013-12-02,2013-06-03,2013-12-02,128,0.21017510242342546,238.85996044973103,0.04243484981598986,4.497938352540348,0.08312494909405278,0.04805103058073028,5.90625,0.0023987370439007747,0.1070756057929259,0.008164478771085726
MSFT,2013-12-03,2013-06-04,2013-12-03,128,0.1633519762435512,239.08500310895838,0.041688960566085835,4.460332010786649,0.0815939610224186,0.04807336181957811,5.90625,0.0023987370439007747,0.1070756057929259,0.008164478771085726
MSFT,2013-12-04,2013-06-05,2013-12-04,128,0.23051074290642573,239.0800348299856,0.04164254050516577,4.457801743060224,0.08452528018581724,0.04968614339365412,5.90625,0.0023987370439007747,0.1070756057929259,0.008164478771085726
MSFT,2013-12-05,2013-06-06,2013-12-05,128,0.19338425563229864,238.49987292932994,0.04277327191712838,4.512433329943546,0.07064836646630422,0.05238673152091698,5.90625,0.0023987370439007747,0.1070756057929259,0.008164478771085726
MSFT,2013-12-06,2013-06-07,2013-12-06,128,0.2019865756392655,238.72812338593783,0.042898789307410916,4.521211212297128,0.05315299733327705,0.03311246293673297,5.90625,0.0023987370439007747,0.1070756057929259,0.008164478771085726
MSFT,2013-12-09,2013-06-10,2013-12-09,128,0.17976496251249383,237.77793992767718,0.04225017509546109,4.477963225117067,0.04965446552501126,0.030226862983517983,5.90625,0.0023987370439007747,0.1070756057929259,0.008164478771085726
MSFT,2013-12-10,2013-06-11,2013-12-10,128,0.15960786108375863,237.43407602887447,0.042678393351213,4.497343308057219,0.05403014007210475,0.03249109527609586,5.90625,0.0023987370439007747,0.1070756057929259,0.008164478771085726
MSFT,2013-12-11,2013-06-12,2013-12-11,128,0.1691116963784272,236.8845642058222,0.0423825579863383,4.476539795587318,0.05715552402066436,0.0342791516968017,5.90625,0.0023987370439007747,0.1070756057929259,0.008164478771085726
MSFT,2013-12-12,2013-06-13,2013-12-12,128,0.13885942867841813,237.21835128750305,0.04255926684062381,4.489021614907399,0.058765811622012505,0.0351309790226358,5.90625,0.0023987370439007747,0.1070756057929259,0.008164478771085726
MSFT,2013-12-13,2013-06-14,2013-12-13,128,0.12613935500628506,237.46165747214522,0.04284387073661144,4.506315385833391,0.05670605328240532,0.03221252752477887,5.90625,0.0023987370439007747,0.1070756057929259,0.008164478771085726
MSFT,2013-12-16,2013-06-17,2013-12-16,128,0.1557656459717029,237.31700540370332,0.0427305980097353,4.498983508384938,0.05030670127212471,0.032405044619928054,5.90625,0.0023987370439007747,0.1070756057929259,0.008164478771085726
MSFT,2013-12-17,2013-06-18,2013-12-17,128,0.10058309591575856,236.60368622201466,0.04233264906573895,4.471250096097194,0.04865047880472152,0.033354147202441155,5.90625,0.0023987370439007747,0.1070756057929259,0.008164478771085726
MSFT,2013-12-18,2013-06-19,2013-12-18,128,0.10504568254739641,236.48013616560425,0.04233742390805442,4.470334632462325,0.050871504931946,0.029894868168010364,5.90625,0.0023987370439007747,0.1070756057929259,0.008164478771085726
MSFT,2013-12-19,2013-06-20,2013-12-19,128,0.10937993934195146,235.3314086562309,0.042249552283595594,4.454833622781505,0.10048097187079315,0.030593667567489134,5.90625,0.0023987370439007747,0.1070756057929259,0.008164478771085726
MSFT,2013-12-20,2013-06-21,2013-12-20,128,0.20488960014636712,231.65198945634452,0.040601041096795,4.332784491639336,0.09409853141640659,0.03229628541856176,5.90625,0.0023987370439007747,0.1070756057929259,0.008164478771085726
MSFT,2013-12-23,2013-06-24,2013-12-23,128,0.20829146867455745,231.79926485595485,0.04056194060550062,4.332074089783551,0.09340339009407654,0.031698764110416264,5.90625,0.0023987370439007747,0.1070756057929259,0.008164478771085726
MSFT,2013-12-24,2013-06-25,2013-12-24,128,0.20637360608749344,231.74212010233862,0.04051223273977395,4.328885147973993,0.0949886667721274,0.03332197258985567,5.90625,0.0023987370439007747,0.1070756057929259,0.008164478771085726
MSFT,2013-12-26,2013-06-27,2013-12-26,127,0.1900542441490002,230.03734794905117,0.04021168909985611,4.296905674235547,0.08689123283352035,0.03440058505271449,5.952755905511811,0.0023987370439007747,0.1070756057929259,0.008164478771085726
MSFT,2013-12-27,2013-06-28,2013-12-27,127,0.16598310792213578,230.16727818287487,0.04011985628464014,4.293208310845771,0.08717965425510095,0.0338761600004688,5.952755905511811,0.0023987370439007747,0.1070756057929259,0.008164478771085726
MSFT,2013-12-30,2013-07-01,2013-12-30,127,0.1706853208939414,230.09797908060915,0.040108976363817946,4.2919798798438515,0.08749223629232135,0.03334211379937387,5.952755905511811,0.0023987370439007747,0.1070756057929259,0.008164478771085726
MSFT,2013-12-31,2013-07-01,2013-12-31,128,0.17579764233613732,229.5610760156715,0.039808919009645255,4.27090394761751,0.087521461682484,0.031114921308898456,5.90625,0.0023987370439007747,0.1070756057929259,0.008164478771085726
MSFT,2014-01-02,2013-07-03,2014-01-02,127,0.19920060224393085,229.2060904348052,0.039858457532270825,4.270254970160742,0.09044859113482634,0.030816269839110653,5.952755905511811,0.0023987370439007747,0.1070756057929259,0.008164478771085726
MSFT,2014-01-03,2013-07-05,2014-01-03,127,0.18129565105725798,229.3396346301738,0.03994242719693162,4.275995803704466,0.09012196599750243,0.03120334226664704,5.952755905511811,0.0023987370439007747,0.1070756057929259,0.008164478771085726
MSFT,2014-01-06,2013-07-08,2014-01-06,127,0.12597222840224348,230.63071973681238,0.04079968167778301,4.333785883067858,0.074095601529934,0.03348529298749497,5.952755905511811,0.0023987370439007747,0.1070756057929259,0.008164478771085726
MSFT,2014-01-07,2013-07-08,2014-01-07,128,0.14052802647748622,231.56311226572788,0.040593435461896296,4.331547476029946,0.06900605911032104,0.027035030114860015,5.90625,0.0023987370439007747,0.1070756057929259,0.008164478771085726
MSFT,2014-01-08,2013-07-09,2014-01-08,128,0.09715371861042356,232.54867426653433,0.04122289891505609,4.374281064921618,0.06046744333990785,0.02986206127459795,5.90625,0.0023987370439007747,0.1070756057929259,0.008164478771085726
MSFT,2014-01-09,2013-07-10,2014-01-09,128,0.08297120944992052,233.2841702008079,0.04130615317918953,4.385614930959893,0.06192126727864516,0.02937170202648749,5.90625,0.0023987370439007747,0.1070756057929259,0.008164478771085726
MSFT,2014-01-10,2013-07-11,2014-01-10,128,0.09126617322589053,232.4704508695384,0.041508467927699313,4.388667888788163,0.03548236716466224,0.028880944310285345,5.90625,0.0023987370439007747,0.1070756057929259,0.008164478771085726
MSFT,2014-01-13,2013-07-15,2014-01-13,127,-0.024696850472161223,228.12267927674037,0.04204551399273472,4.375468391959527,-0.003504241547754685,0.03748235770643873,5.952755905511811,0.0023987370439007747,0.1070756057929259,0.008164478771085726
MSFT,2014-01-14,2013-07-15,2014-01-14,128,0.021087489389845417,223.2604993357074,0.042739979815551866,4.364189381522522,-0.01747063960707423,0.042314425138924444,5.90625,0.0023987370439007747,0.1070756057929259,0.008164478771085726
MSFT,2014-01-15,2013-07-16,2014-01-15,128,0.047500200176319236,218.86836135890803,0.043821353393073886,4.3753708837446394,-0.00722933806917071,0.048608039805636404,5.90625,0.0023987370439007747,0.1070756057929259,0.008164478771085726
MSFT,2014-01-16,2013-07-17,2014-01-16,128,0.049050309996202045,221.69993446885098,0.043831104916796114,4.4040726830806545,-0.0060300653079921225,0.0484029466874981,5.90625,0.0023987370439007747,0.1070756057929259,0.008164478771085726
MSFT,2014-01-17,2013-07-18,2014-01-17,128,0.05066138550986241,221.74149593280438,0.04378496183839779,4.40216645766041,-0.012023455877404767,0.049509107661534234,5.90625,0.0023987370439007747,0.1070756057929259,0.008164478771085726
MSFT,2014-01-21,2013-07-22,2014-01-21,127,0.15109064540067255,216.25475088158643,0.03965302856769401,4.137152179491032,0.08816178437640995,0.04987900580025717,5.952755905511811,0.027217535789235175,0.0642091584994208,0.02971178614367176
MSFT,2014-01-22,2013-07-23,2014-01-22,127,0.0984619104995775,214.61664275810557,0.038990786656534895,4.08689220688125,0.083821786033056,0.04942532757337409,5.952755905511811,0.027217535789235175,0.0642091584994208,0.02971178614367176
MSFT,2014-01-23,2013-07-24,2014-01-23,127,0.11789863484967403,214.62457009701413,0.03894526432365423,4.084581190321456,0.08375581856129491,0.04686093925640442,5.952755905511811,0.027217535789235175,0.0642091584994208,0.02971178614367176
MSFT,2014-01-24,2013-07-25,2014-01-24,127,0.15081216058607855,215.20823066775185,0.03976730788136353,4.133072470181189,0.1128544869193041,0.05165769644458813,5.952755905511811,0.027217535789235175,0.0642091584994208,0.02971178614367176
MSFT,2014-01-27,2013-07-29,2014-01-27,126,0.13007080346357658,212.32080534728027,0.04025774857807197,4.1304893249887575,0.11395281652604067,0.05529226530437637,6.0,0.027217535789235175,0.0642091584994208,0.02971178614367176
MSFT,2014-01-28,2013-07-29,2014-01-28,127,0.1425140957910938,214.13170898169005,0.040022664957619344,4.135937613699588,0.10769402812633705,0.05470100845463786,5.952755905511811,0.027217535789235175,0.0642091584994208,0.02971178614367176
MSFT,2014-01-29,2013-07-30,2014-01-29,127,0.16939679492755805,214.24508768211263,0.04024208873251227,4.148357533053356,0.10742966598150448,0.05588022132340362,5.952755905511811,0.027217535789235175,0.0642091584994208,0.02971178614367176
MSFT,2014-01-30,2013-07-31,2014-01-30,127,0.16057745498100645,214.39423737783423,0.04010784212956086,4.142873651144944,0.10633341461468654,0.05623548601311645,5.952755905511811,0.027217535789235175,0.0642091584994208,0.02971178614367176
MSFT,2014-01-31,2013-08-01,2014-01-31,127,0.11892717698625309,222.7141792048492,0.0455483256654259,4.4997732371885135,0.02146945407445772,0.0643738637577473,3.968503937007874,0.06411464124286481,0.00878940983626813,0.06625580924623886
MSFT,2014-02-03,2013-08-05,2014-02-03,126,0.04231035230147649,210.85931917879003,0.04848278535131212,4.517214017487784,-0.01428568719210866,0.07991161218472195,4.0,0.06411464124286481,0.00878940983626813,0.06625580924623886
MSFT,2014-02-04,2013-08-05,2014-02-04,127,0.03477438315365938,219.50403030653868,0.04812061940256014,4.591634811824533,-0.006667441637959,0.07951780696944463,3.968503937007874,0.06411464124286481,0.00878940983626813,0.06625580924623886
MSFT,2014-02-05,2013-08-06,2014-02-05,127,0.01721187248531065,220.17689933514058,0.04848351456058584,4.6159745839768656,-0.01091696884088955,0.07663193880580198,3.968503937007874,0.06411464124286481,0.00878940983626813,0.06625580924623886
MSFT,2014-02-06,2013-08-07,2014-02-06,127,0.04501787185377058,220.0143126784136,0.04865610806970296,4.622475700153189,-0.017006537902393447,0.07711671908990896,3.968503937007874,0.06411464124286481,0.00878940983626813,0.06625580924623886
MSFT,2014-02-07,2013-08-08,2014-02-07,127,0.035671096381449795,220.20207363290066,0.04841744674735746,4.613092149752327,-0.032597293484711534,0.07453295248025406,3.968503937007874,0.06411464124286481,0.00878940983626813,0.06625580924623886
MSFT,2014-02-10,2013-08-12,2014-02-10,126,0.00908497113226214,218.38231104303853,0.047499055154337465,4.550212720971289,-0.03854964760116274,0.0745469623007508,4.0,0.06411464124286481,0.00878940983626813,0.06625580924623886
MSFT,2014-02-11,2013-08-12,2014-02-11,127,0.02918026454945027,218.1702494350156,0.04732082220836127,4.539462064494967,-0.03765631471452133,0.07331036893723047,3.968503937007874,0.06411464124286481,0.00878940983626813,0.06625580924623886
MSFT,2014-02-12,2013-08-13,2014-02-12,127,0.034933639818768805,217.98754909784415,0.047396905204742976,4.5412072540105815,-0.03571920838439155,0.06339138852520147,3.968503937007874,0.06411464124286481,0.00878940983626813,0.06625580924623886
MSFT,2014-02-13,2013-08-14,2014-02-13,127,0.06793609909942534,217.68378928281584,0.047102797391935944,4.5239404604323825,-0.03526282302203068,0.05742238701990236,3.968503937007874,0.06411464124286481,0.00878940983626813,0.06625580924623886
MSFT,2014-02-14,2013-08-15,2014-02-14,127,0.06098022348768736,216.579560433646,0.0470750948810813,4.511124592716697,-0.02808196215015812,0.04866131517368518,3.968503937007874,0.06411464124286481,0.00878940983626813,0.06625580924623886
MSFT,2014-02-18,2013-08-19,2014-02-18,126,0.10066926231676554,215.44782987462588,0.046844148115037315,4.488272542097453,-0.024997842712708825,0.04856674698126054,4.0,0.06411464124286481,0.00878940983626813,0.06625580924623886
MSFT,2014-02-19,2013-08-20,2014-02-19,126,0.1319235014753052,214.9170082309317,0.04651363489647023,4.466897829133482,-0.023892107542580695,0.04631045040746915,4.0,0.06411464124286481,0.00878940983626813,0.06625580924623886
MSFT,2014-02-20,2013-08-21,2014-02-20,126,0.13004911841731032,214.93082636523243,0.04648799672033847,4.465810147278494,-0.023639440950676972,0.0463963443912529,4.0,0.06411464124286481,0.00878940983626813,0.06625580924623886
MSFT,2014-02-21,2013-08-22,2014-02-21,126,0.14303646996010583,212.8681248225237,0.0465627824516037,4.4479025696051835,-0.045300890965362516,0.046307395467026065,4.0,0.06411464124286481,0.00878940983626813,0.06625580924623886
MSFT,2014-02-24,2013-08-26,2014-02-24,125,0.17397913889233788,203.94635915321325,0.041399705314183174,4.105226174968944,0.035446108637582276,0.046855928195404954,4.032,0.005661457413493887,0.07387587549911592,0.008425576950613634
MSFT,2014-02-25,2013-08-26,2014-02-25,126,0.16447180984138338,203.5263114470254,0.041098155067423696,4.0860335683619216,0.03580842416187967,0.041961507100676504,4.0,0.005661457413493887,0.07387587549911592,0.008425576950613634
MSFT,2014-02-26,2013-08-27,2014-02-26,126,0.19607337893183316,205.18581843994485,0.04048878055691194,4.07212878892023,0.0587218044922169,0.036498685474026585,4.0,0.005661457413493887,0.07387587549911592,0.008425576950613634
MSFT,2014-02-27,2013-08-28,2014-02-27,126,0.2707844735567984,201.52252413144421,0.03928946462156814,3.9753954711094965,0.05070730798716751,0.037256460863907805,4.0,0.005661457413493887,0.07387587549911592,0.008425576950613634
MSFT,2014-02-28,2013-08-29,2014-02-28,126,0.30951368018512065,201.11271939015572,0.039466605233587825,3.980293900770056,0.045507017713649844,0.03755911101541747,4.0,0.005661457413493887,0.07387587549911592,0.008425576950613634
MSFT,2014-03-03,2013-09-04,2014-03-03,124,0.17713493524716004,202.59584299582568,0.03644793117524639,3.8391244646190916,-0.12660479552977277,0.039532766824226,4.064516129032258,0.04953556884381882,0.011828512077281965,0.05085647872198429
MSFT,2014-03-04,2013-09-05,2014-03-04,124,0.25583104028690096,199.13205637172618,0.03605264468858138,3.7854685256028016,-0.12401042413868854,0.03455255078357006,4.064516129032258,0.04953556884381882,0.011828512077281965,0.05085647872198429
MSFT,2014-03-05,2013-09-06,2014-03-05,124,0.23764861031334014,200.5605140335131,0.03617774421793169,3.805607068207245,-0.11844982452604082,0.019213082343877082,4.064516129032258,0.04953556884381882,0.011828512077281965,0.05085647872198429
MSFT,2014-03-06,2013-09-09,2014-03-06,124,0.2451146291795335,199.07513942563324,0.036166427169334485,3.7908954240485926,-0.13022832361007486,0.019073341518152383,4.064516129032258,0.04953556884381882,0.011828512077281965,0.05085647872198429
MSFT,2014-03-07,2013-09-09,2014-03-07,125,0.22965189816482665,198.60310871312691,0.03596095068376832,3.7756270543676003,-0.13086977691563728,0.01700344234506525,4.032,0.04953556884381882,0.011828512077281965,0.05085647872198429
MSFT,2014-03-10,2013-09-11,2014-03-10,124,0.14653735807211737,198.24288662269763,0.03464679218440756,3.7026341982820994,-0.13918726973489162,0.015857075804559,4.064516129032258,0.04953556884381882,0.011828512077281965,0.05085647872198429
MSFT,2014-03-11,2013-09-12,2014-03-11,124,0.13523265105937296,197.85292542436713,0.034465660843928464,3.6893089814050066,-0.1395413382734197,0.014880814392906333,4.064516129032258,0.04953556884381882,0.011828512077281965,0.05085647872198429
MSFT,2014-03-12,2013-09-13,2014-03-12,124,0.1519260185838579,197.4781580725777,0.03454954855903504,3.6902960510059835,-0.14245381506564606,0.014882547631828807,4.064516129032258,0.04953556884381882,0.011828512077281965,0.05085647872198429
MSFT,2014-03-13,2013-09-16,2014-03-13,124,0.10994249862395511,197.5200931197653,0.03453410908865617,3.6898631148848717,-0.14504427682840493,0.01487651614729807,4.064516129032258,0.04953556884381882,0.011828512077281965,0.05085647872198429
MSFT,2014-03-14,2013-09-16,2014-03-14,125,0.09874897200340796,197.32804021687704,0.03430512283241457,3.6758211876984515,-0.1437439337811645,0.014404293814717679,4.032,0.04953556884381882,0.011828512077281965,0.05085647872198429
MSFT,2014-03-17,2013-09-18,2014-03-17,124,0.12490819978197998,197.4554610050775,0.034629526247557496,3.6943525357628686,-0.1461872967083461,0.015262080250569687,4.064516129032258,0.04953556884381882,0.011828512077281965,0.05085647872198429
MSFT,2014-03-18,2013-09-19,2014-03-18,124,0.18045363748876156,200.95670076547714,0.03743114780262189,3.8747911970539115,0.0015676561197097473,0.033200747503754666,4.064516129032258,0.04953556884381882,0.011828512077281965,0.05085647872198429
MSFT,2014-03-19,2013-09-20,2014-03-19,124,0.14603565536224275,218.11843157318907,0.03734669639000131,4.032299339421109,0.05915138863192222,0.03375147970258146,4.064516129032258,0.04953556884381882,0.011828512077281965,0.05085647872198429
MSFT,2014-03-20,2013-09-23,2014-03-20,124,0.2539146003954223,216.12291253536216,0.03745914577010812,4.019849803495723,0.09136713462557572,0.04219515288802503,4.064516129032258,0.04953556884381882,0.011828512077281965,0.05085647872198429
MSFT,2014-03-21,2013-09-23,2014-03-21,125,0.24319580028571153,220.40463910143762,0.03719115799297641,4.044927130320113,0.0972103064505531,0.04192114168637576,4.032,0.04953556884381882,0.011828512077281965,0.05085647872198429
MSFT,2014-03-24,2013-09-25,2014-03-24,124,0.284132769786227,220.73087292970234,0.037474490325116634,4.063309409806624,0.09994828982479925,0.04233123249305211,4.064516129032258,0.04953556884381882,0.011828512077281965,0.05085647872198429
MSFT,2014-03-25,2013-09-26,2014-03-25,124,0.2721410379560854,220.73790982112524,0.03749980727500333,4.064746510191055,0.09972612939580064,0.04181425030645799,4.064516129032258,0.04953556884381882,0.011828512077281965,0.05085647872198429
MSFT,2014-03-26,2013-09-27,2014-03-26,124,0.22733057833092393,220.72537465280644,0.037758013233704125,4.078600654163698,0.089245260000934,0.04388493593155148,4.064516129032258,0.04953556884381882,0.011828512077281965,0.05085647872198429
MSFT,2014-03-27,2013-09-30,2014-03-27,124,0.17360879771159252,220.31728344339484,0.03752821292207128,4.062409620839095,0.09061815491148795,0.045259780683285004,4.064516129032258,0.04953556884381882,0.011828512077281965,0.05085647872198429
MSFT,2014-03-28,2013-09-30,2014-03-28,125,0.3024433614427501,213.91284048802748,0.041499782927396284,4.20941579083869,0.22932264009615613,0.050657217116957184,2.016,0.057899589945011876,0.0,0.05960859501123594
MSFT,2014-03-31,2013-10-01,2014-03-31,125,0.33633548271637287,213.53402920243636,0.04208534660045299,4.235254256681519,0.21927924758185796,0.05244063183744528,2.016,0.057899589945011876,0.0,0.05960859501123594
MSFT,2014-04-01,2013-10-02,2014-04-01,125,0.33930423342993354,213.90455475075362,0.04214297019392094,4.241828177384795,0.21584342660835945,0.051418489945029525,2.016,0.057899589945011876,0.0,0.05960859501123594
MSFT,2014-04-02,2013-10-03,2014-04-02,125,0.3153948333642736,213.93280477185783,0.04194255390930567,4.232009308497934,0.21586159656955872,0.04817075904220057,2.016,0.057899589945011876,0.0,0.05960859501123594
MSFT,2014-04-03,2013-10-04,2014-04-03,125,0.30221318209906334,214.22860317390112,0.04207473244257084,4.241601808604517,0.21428406102070421,0.048251008137351385,2.016,0.057899589945011876,0.0,0.05960859501123594
MSFT,2014-04-04,2013-10-07,2014-04-04,125,0.24371944564412384,215.2437883797085,0.04368919174256676,4.332442473123181,0.1820254546522055,0.05777498431995951,2.016,0.057899589945011876,0.0,0.05960859501123594
MSFT,2014-04-07,2013-10-08,2014-04-07,125,0.2752400448959931,219.0220661030122,0.04308950953397111,4.340204542700311,0.1794592779511469,0.057293343314614664,2.016,0.057899589945011876,0.0,0.05960859501123594
MSFT,2014-04-08,2013-10-09,2014-04-08,125,0.2940373780497921,218.7582057506002,0.04293453200957428,4.329781984595312,0.17956871518265394,0.057242772662305576,2.016,0.057899589945011876,0.0,0.05960859501123594
MSFT,2014-04-09,2013-10-10,2014-04-09,125,0.32325317542739224,218.06293982919232,0.04346065498125456,4.349301864182013,0.173568737037114,0.060055090193036204,2.016,0.057899589945011876,0.0,0.05960859501123594
MSFT,2014-04-10,2013-10-11,2014-04-10,125,0.2247681049906074,216.10699469763128,0.04416591363022056,4.3647412939462,0.1507602230754096,0.06882112974814254,2.016,0.057899589945011876,0.0,0.05960859501123594
MSFT,2014-04-11,2013-10-14,2014-04-11,125,0.1948564008368266,219.8775730725128,0.043954082832820436,4.3920832620309005,0.15457847211746056,0.0678011642710634,2.016,0.057899589945011876,0.0,0.05960859501123594
MSFT,2014-04-14,2013-10-15,2014-04-14,125,0.1743349050295503,219.62000447789524,0.043778271058929286,4.380722436404446,0.15469913559335077,0.0675049170278871,2.016,0.057899589945011876,0.0,0.05960859501123594
MSFT,2014-04-15,2013-10-16,2014-04-15,125,0.20132851540778038,220.43652219815206,0.04419946012098308,4.409920331420168,0.1583665968546505,0.06898341794270943,2.016,0.057899589945011876,0.0,0.05960859501123594
MSFT,2014-04-16,2013-10-17,2014-04-16,125,0.22547376521629534,220.73228277064734,0.04469588659858082,4.4375901782451885,0.15848249293494573,0.05420115654640378,2.016,0.057899589945011876,0.0,0.05960859501123594
MSFT,2014-04-17,2013-10-18,2014-04-17,125,0.18939934500329073,221.39049497282656,0.0447554008398621,4.447159410764445,0.16086519961566564,0.05472462952426242,2.016,0.057899589945011876,0.0,0.05960859501123594
MSFT,2014-04-18,2013-10-21,2014-04-18,125,0.18707263832216106,221.72662882504818,0.044752737022665585,4.45040170919022,0.160935587011183,0.046211718738827456,2.016,0.057899589945011876,0.0,0.05960859501123594
MSFT,2014-04-21,2013-10-22,2014-04-21,125,0.18176940373356326,221.1223583884248,0.0447574746696557,4.444568481784003,0.16436377888551754,0.04603440306225432,2.016,0.057899589945011876,0.0,0.05960859501123594
MSFT,2014-04-22,2013-10-23,2014-04-22,125,0.20826678060611842,220.0626368006181,0.0444783035373889,4.420055773257869,0.18560947855829382,0.045200309954995604,2.016,0.057899589945011876,0.0,0.05960859501123594
MSFT,2014-04-23,2013-10-24,2014-04-23,125,0.24173584565360634,217.41045762555495,0.043423053046101175,4.340910969648867,0.18417009844906618,0.045692717617891516,2.016,0.057899589945011876,0.0,0.05960859501123594
MSFT,2014-04-24,2013-10-25,2014-04-24,125,0.2528309937387973,217.5632683209265,0.043457325333817735,4.34414957186437,0.1842091146885301,0.04365042842018772,2.016,0.057899589945011876,0.0,0.05960859501123594
MSFT,2014-04-25,2013-10-28,2014-04-25,125,0.17170711523189072,223.42813111078664,0.040015645069061065,4.2243930906125975,0.06452249093412427,0.04225262989478666,2.016,0.04117154774262577,0.0,0.04203084825335135
MSFT,2014-04-28,2013-10-29,2014-04-28,125,0.2291328162023225,226.26343670173833,0.04112286590572253,4.309524583877155,0.08713373963582452,0.042348085122751525,2.016,0.04117154774262577,0.0,0.04203084825335135
MSFT,2014-04-29,2013-10-30,2014-04-29,125,0.21401258782593657,228.67456266078594,0.04127791181740348,4.340585088381259,0.09507238512952976,0.03982865685049562,2.016,0.04117154774262577,0.0,0.04203084825335135
MSFT,2014-04-30,2013-10-31,2014-04-30,125,0.20734272579625185,228.97978287776345,0.04129229126369041,4.344237365386223,0.09565614647796847,0.038610589835634805,2.016,0.04117154774262577,0.0,0.04203084825335135
MSFT,2014-05-01,2013-11-04,2014-05-01,124,0.18921861930513917,229.50117514849222,0.04177988573279302,4.374783513736904,0.09146492607542905,0.03976437246771829,2.032258064516129,0.04117154774262577,0.0,0.04203084825335135
MSFT,2014-05-02,2013-11-04,2014-05-02,125,0.17188116613266857,229.28692300764118,0.0415659687280912,4.361532193137166,0.09189621940921867,0.03967265763493503,2.016,0.04117154774262577,0.0,0.04203084825335135
MSFT,2014-05-05,2013-11-06,2014-05-05,124,0.09678633269750284,229.6346307730813,0.0409604056069325,4.332926301832397,0.0835447638556891,0.03065386776754922,2.032258064516129,0.04117154774262577,0.0,0.04203084825335135
MSFT,2014-05-06,2013-11-07,2014-05-06,124,-0.0017443305225548218,212.44656032357554,0.038079657550863705,4.018387878327071,-0.04884904024199113,0.03168336737475704,2.032258064516129,0.03866470956563317,0.0,0.03942191699185149
MSFT,2014-05-07,2013-11-08,2014-05-07,124,0.05387074572440736,211.41906739071618,0.03759040904919653,3.98282375028016,-0.04452487176476278,0.0326903303283679,2.032258064516129,0.03866470956563317,0.0,0.03942191699185149
MSFT,2014-05-08,2013-11-11,2014-05-08,124,0.05003224454107247,211.55443595344053,0.03754049131740761,3.981452421665874,-0.04555463916613668,0.029915814998602137,2.032258064516129,0.03866470956563317,0.0,0.03942191699185149
MSFT,2014-05-09,2013-11-11,2014-05-09,125,0.0444953423455352,210.9366508186402,0.03725071225884341,3.960260915914707,-0.04538600232625625,0.02071096733375864,2.016,0.03866470956563317,0.0,0.03942191699185149
MSFT,2014-05-12,2013-11-13,2014-05-12,124,0.08992035923205136,209.85982154968744,0.03766400987938422,3.971992439950349,-0.0637571474621624,0.021939921492236118,2.032258064516129,0.03866470956563317,0.0,0.03942191699185149
MSFT,2014-05-13,2013-11-14,2014-05-13,124,0.08385262851364524,207.7363595568013,0.0374248640626644,3.9392800818820963,-0.05859587004416092,0.025918939966865947,2.032258064516129,0.03866470956563317,0.0,0.03942191699185149
MSFT,2014-05-14,2013-11-15,2014-05-14,124,0.08223897714145562,209.60009626518607,0.03743799640954825,3.9576057113163308,-0.05463773138695867,0.023654776493291715,2.032258064516129,0.03866470956563317,0.0,0.03942191699185149
MSFT,2014-05-15,2013-11-18,2014-05-15,124,0.059115093279031056,209.43305305159123,0.03791847010256479,3.9813329778066384,-0.052866809525969644,0.023581994376390702,2.032258064516129,0.03866470956563317,0.0,0.03942191699185149
MSFT,2014-05-16,2013-11-18,2014-05-16,125,0.07040712431600671,210.0402280539328,0.03768082867455032,3.974586464742575,-0.05551881449219649,0.02285526198858494,2.016,0.03866470956563317,0.0,0.03942191699185149
MSFT,2014-05-19,2013-11-20,2014-05-19,124,0.11182042170178198,208.75598292737521,0.037350394698644186,3.9450049222892405,-0.06035569714293617,0.02290378098718466,2.032258064516129,0.03866470956563317,0.0,0.03942191699185149
MSFT,2014-05-20,2013-11-21,2014-05-20,124,0.08933741061113908,208.18606686663415,0.037182910800187104,3.9307734015584037,-0.06025685955435745,0.022904236751667965,2.032258064516129,0.03866470956563317,0.0,0.03942191699185149
MSFT,2014-05-21,2013-11-22,2014-05-21,124,0.10603778545518135,209.51798548838363,0.03760604496855148,3.965701042078503,-0.048414639327615056,0.02624982250957993,2.032258064516129,0.03866470956563317,0.0,0.03942191699185149
MSFT,2014-05-22,2013-11-25,2014-05-22,124,0.08401194059303034,210.94802995821914,0.037643040970448,3.9811686285333767,-0.04441427653584184,0.026032933947699392,2.032258064516129,0.03866470956563317,0.0,0.03942191699185149
MSFT,2014-05-23,2013-11-25,2014-05-23,125,0.08434844608667992,210.32794387252187,0.03733997401820981,3.9592778465837455,-0.04442692181748493,0.025816692957305164,2.016,0.03866470956563317,0.0,0.03942191699185149
MSFT,2014-05-27,2013-11-29,2014-05-27,123,0.0876827590604861,210.01824906848674,0.037735734152051725,3.977273023943104,-0.0484663979184367,0.025834284815021293,2.048780487804878,0.03866470956563317,0.0,0.03942191699185149
MSFT,2014-05-28,2013-11-29,2014-05-28,124,0.07777450321683385,209.3685072906182,0.03747021053558876,3.9571200964054802,-0.04864290338445964,0.01929642489136786,2.032258064516129,0.03866470956563317,0.0,0.03942191699185149
MSFT,2014-05-29,2013-12-02,2014-05-29,124,0.06592544624148156,208.8759793426779,0.037207029910522015,3.938557927217885,-0.04534885399154442,0.019166759905611973,2.032258064516129,0.03866470956563317,0.0,0.03942191699185149
MSFT,2014-05-30,2013-12-02,2014-05-30,125,0.09539848067654515,209.15862669706195,0.03734996887523627,3.9487850974182876,-0.039927749265431245,0.02169383219699055,2.016,0.03866470956563317,0.0,0.03942191699185149
MSFT,2014-06-02,2013-12-03,2014-06-02,125,0.07095402690781534,209.99644999242372,0.03723539027683565,3.9506123555654598,-0.03846497493550257,0.020667390453226225,2.016,0.03866470956563317,0.0,0.03942191699185149
MSFT,2014-06-03,2013-12-04,2014-06-03,125,0.05330220957268421,209.34430026836657,0.037517495252539286,3.9593871995437535,-0.05237751615550566,0.02176645093595755,2.016,0.03866470956563317,0.0,0.03942191699185149
MSFT,2014-06-04,2013-12-05,2014-06-04,125,0.02166647786719357,211.51624170920618,0.0369779512383094,3.951152292414631,-0.033926830931606554,0.021254694439621573,2.016,0.03866470956563317,0.0,0.03942191699185149
MSFT,2014-06-05,2013-12-06,2014-06-05,125,0.1156981920538387,211.23527818898393,0.03673323047534996,3.935439799889788,0.0018395628406182622,0.025908561121835264,2.016,0.03866470956563317,0.0,0.03942191699185149
MSFT,2014-06-06,2013-12-09,2014-06-06,125,0.10980747155079951,213.60159375011318,0.03663921737730536,3.952353896425115,-0.004352387153583786,0.025410331717434627,2.016,0.03866470956563317,0.0,0.03942191699185149
MSFT,2014-06-09,2013-12-10,2014-06-09,125,0.0810342333553177,212.84763220951086,0.036523907072951195,3.9391590115825417,0.00203055990998916,0.025347749343873415,2.016,0.03866470956563317,0.0,0.03942191699185149
MSFT,2014-06-10,2013-12-11,2014-06-10,125,0.10488549359016436,212.35309423193402,0.036058658018795174,3.909440094464069,-9.611193488721474e-05,0.0254522988110492,2.016,0.03866470956563317,0.0,0.03942191699185149
MSFT,2014-06-11,2013-12-12,2014-06-11,125,0.11932907970114912,211.83560290898566,0.03577980101060628,3.889546098722303,-0.002170891834256255,0.024494873517314,2.016,0.03866470956563317,0.0,0.03942191699185149
MSFT,2014-06-12,2013-12-13,2014-06-12,125,0.1265384998486179,211.3874336730728,0.03565507970132253,3.8786516370811883,0.001150073017273699,0.02107620151636304,2.016,0.03866470956563317,0.0,0.03942191699185149
MSFT,2014-06-13,2013-12-16,2014-06-13,125,0.1879795466606957,211.55815730282447,0.03575024851347492,3.8853925795183772,0.010642086825578503,0.02386744296813462,2.016,0.03866470956563317,0.0,0.03942191699185149
MSFT,2014-06-16,2013-12-17,2014-06-16,125,0.19019738214637985,212.221818381372,0.035776781613500556,3.8929258958177653,0.00960071668906233,0.02129425483405634,2.016,0.03866470956563317,0.0,0.03942191699185149
MSFT,2014-06-17,2013-12-18,2014-06-17,125,0.2194782644453652,211.99541685614736,0.03560833620100444,3.881678507330787,0.009591111478263775,0.021116572596741625,2.016,0.03866470956563317,0.0,0.03942191699185149
MSFT,2014-06-18,2013-12-19,2014-06-18,125,0.21467854077598128,211.57875509500948,0.035603911874507656,3.877621131892662,0.01160048862987291,0.021074274234299036,2.016,0.03866470956563317,0.0,0.03942191699185149
MSFT,2014-06-19,2013-12-20,2014-06-19,125,0.22625165134047834,210.69435800233015,0.035460068380713805,3.861683917864117,0.006537192226990429,0.021173064722072726,2.016,0.03866470956563317,0.0,0.03942191699185149
MSFT,2014-06-20,2013-12-23,2014-06-20,125,0.20395647544163198,209.66193996643923,0.03503322655812571,3.828955815913195,0.003800719430013324,0.01800915198290724,2.016,0.03866470956563317,0.0,0.03942191699185149
MSFT,2014-06-23,2013-12-24,2014-06-23,125,0.22898007334964765,209.1527641696437,0.035095955860697775,3.8277258751112377,0.0006798528045092585,0.018204507079010803,2.016,0.03866470956563317,0.0,0.03942191699185149
MSFT,2014-06-24,2013-12-26,2014-06-24,125,0.19196139121683733,208.7915252292544,0.034846024082939936,3.8107770029152777,0.0023633185161356443,0.018595792019690693,2.016,0.03866470956563317,0.0,0.03942191699185149
MSFT,2014-06-25,2013-12-26,2014-06-25,126,0.27993269713561936,227.43337095309357,0.032214058108494155,3.824109321290411,0.06321981655045797,0.019095537700273474,4.0,0.0010308728497590014,0.053222282287723785,0.0024501753011176852
MSFT,2014-06-26,2013-12-27,2014-06-26,126,0.24525248264570834,227.34086219861774,0.032135732215522614,3.818680621598867,0.06182150672035571,0.01951149167317227,4.0,0.0010308728497590014,0.053222282287723785,0.0024501753011176852
MSFT,2014-06-27,2013-12-30,2014-06-27,126,0.2030420325118954,209.13440937719926,0.034868409543789405,3.8151296595463715,0.004390100734461895,0.020614193065433432,2.0,0.03866470956563317,0.0,0.03942191699185149
MSFT,2014-06-30,2013-12-31,2014-06-30,126,0.17662572246470207,209.73434369936882,0.03521455112935957,3.8395147490132913,0.003944126830693719,0.020058775763584884,2.0,0.03866470956563317,0.0,0.03942191699185149
MSFT,2014-07-01,2014-01-02,2014-07-01,126,0.1783504595239509,210.3152539718479,0.03522711052181914,3.84551388178414,0.003300075334014135,0.020095762362569537,2.0,0.03866470956563317,0.0,0.03942191699185149
MSFT,2014-07-02,2014-01-03,2014-07-02,126,0.19331292335800623,210.00767135620072,0.03513749625791203,3.83781001562669,0.003324866379115,0.0182764693926467,2.0,0.03866470956563317,0.0,0.03942191699185149
MSFT,2014-07-03,2014-01-06,2014-07-03,126,0.2021032079864624,208.02088044819564,0.03505715430378086,3.8152436768029085,0.026040596344947226,0.018338359697314996,2.0,0.03866470956563317,0.0,0.03942191699185149
MSFT,2014-07-07,2014-01-08,2014-07-07,125,0.3176154679051867,223.60572369296617,0.031867646422323245,3.7713508694264934,0.11692196996748605,0.01286473134704887,4.032,0.0010308728497590014,0.053222282287723785,0.0024501753011176852
MSFT,2014-07-08,2014-01-09,2014-07-08,125,0.34425013026314677,221.86738992640645,0.0312543263475028,3.7203371119626016,0.11096124661985828,0.012654584171292239,4.032,0.0010308728497590014,0.053222282287723785,0.0024501753011176852
MSFT,2014-07-09,2014-01-10,2014-07-09,125,0.35206894721995835,220.83864041528793,0.03118326225838037,3.707479787899487,0.10571222656558601,0.012428872293555996,4.032,0.0010308728497590014,0.053222282287723785,0.0024501753011176852
MSFT,2014-07-10,2014-01-13,2014-07-10,125,0.3238513366430298,223.60307202687028,0.03076756735590528,3.705663237299769,0.1815609205386697,0.012250515039778151,4.032,0.0010308728497590014,0.053222282287723785,0.0024501753011176852
MSFT,2014-07-11,2014-01-13,2014-07-11,126,0.3406459851088855,223.52801602530056,0.03070475613638339,3.7012574454193974,0.18348972173926867,0.012898270718925648,4.0,0.0010308728497590014,0.053222282287723785,0.0024501753011176852
MSFT,2014-07-14,2014-01-15,2014-07-14,125,0.36068234786370446,252.0,0.028083798303541747,1e-06,0.20098193874879908,0.012347811007745476,4.032,0.0010308728497590014,0.053222282287723785,0.0024501753011176852
MSFT,2014-07-15,2014-01-16,2014-07-15,125,0.3203374569119627,251.1978663571647,0.026697918933547234,3.6587030648029693,0.2152319796257843,0.009962183045113593,4.032,0.0010308728497590014,0.053222282287723785,0.0024501753011176852
MSFT,2014-07-16,2014-01-17,2014-07-16,125,0.3156719425225432,250.5593256900393,0.026891017150189305,3.667240453479236,0.2274448597001831,0.009962183045113593,6.048,0.01324697044553321,0.04317412173241651,0.0142799712613364
MSFT,2014-07-17,2014-01-21,2014-07-17,125,0.3654073864813166,250.0540121059188,0.026703825414901912,3.65076719707071,0.2251038556281695,0.010688936833545963,6.048,0.01324697044553321,0.04317412173241651,0.0142799712613364
MSFT,2014-07-18,2014-01-21,2014-07-18,126,0.3697850219327907,250.03375676764887,0.02651307798468583,3.637557640001094,0.22426840325958822,0.010618569474172735,6.0,0.01324697044553321,0.04317412173241651,0.0142799712613364
MSFT,2014-07-21,2014-01-22,2014-07-21,126,0.38851116950703557,249.70036709995026,0.026467401223575486,3.6319990558987914,0.22515411883194514,0.010747056892373241,6.0,0.01324697044553321,0.04317412173241651,0.0142799712613364
MSFT,2014-07-22,2014-01-23,2014-07-22,126,0.40169306820064166,249.37368704706907,0.026376717922479958,3.623399138761193,0.22546573760732783,0.010611595198618174,6.0,0.01324697044553321,0.04317412173241651,0.0142799712613364
MSFT,2014-07-23,2014-01-24,2014-07-23,126,0.3961216895541597,246.26137207742573,0.026351631895141003,3.599004511892629,0.2034639109055477,0.010420673769183314,6.0,0.01324697044553321,0.04317412173241651,0.0142799712613364
MSFT,2014-07-24,2014-01-27,2014-07-24,126,0.3323731451410758,252.0,0.02571057386589535,1e-06,0.20474188484104996,0.011092260904216932,6.0,0.01324697044553321,0.04317412173241651,0.0142799712613364
MSFT,2014-07-25,2014-01-27,2014-07-25,127,0.3342638760853248,252.0,0.025513512440712732,1e-06,0.2042888943808802,0.01075870064212465,5.952755905511811,0.01324697044553321,0.04317412173241651,0.0142799712613364
MSFT,2014-07-28,2014-01-29,2014-07-28,126,0.3427133077806656,252.0,0.024984911697275267,1e-06,0.204880230230299,0.011945042111687237,6.0,0.01324697044553321,0.04317412173241651,0.0142799712613364
MSFT,2014-07-29,2014-01-30,2014-07-29,126,0.3170690991355429,252.0,0.024757359198086762,1e-06,0.2076458375475068,0.011327180609645894,6.0,0.01324697044553321,0.04317412173241651,0.0142799712613364
MSFT,2014-07-30,2014-01-31,2014-07-30,126,0.2913995866842555,250.65260445356208,0.024799636874296073,3.522404747042676,0.15380350781208962,0.010017768748275651,6.0,0.01324697044553321,0.04317412173241651,0.0142799712613364
MSFT,2014-07-31,2014-02-03,2014-07-31,126,0.2177992243405893,246.01658570873656,0.02358114985101186,3.4028685154848786,0.14527150467299818,0.009082822923001926,6.0,0.01324697044553321,0.04317412173241651,0.0142799712613364
MSFT,2014-08-01,2014-02-03,2014-08-01,127,0.20186861874701506,246.01747063703502,0.0234898381983363,3.3962798874592264,0.1463049117605333,0.009467907388219263,5.952755905511811,0.01324697044553321,0.04317412173241651,0.0142799712613364
MSFT,2014-08-04,2014-02-05,2014-08-04,126,0.23316320504895224,245.2820556973443,0.02374828641687288,3.409804768494868,0.16464988448057785,0.011140780051890963,4.0,0.0381719376013574,0.0006968847950360289,0.03891009746227181
MSFT,2014-08-05,2014-02-06,2014-08-05,126,0.2493767480609976,245.53771977777973,0.023401372903088823,3.3865716141044784,0.1721136566547941,0.011612409545155643,4.0,0.0381719376013574,0.0006968847950360289,0.03891009746227181
MSFT,2014-08-06,2014-02-07,2014-08-06,126,0.21295169374185727,245.42019329544073,0.023325744324588827,3.3802855465618578,0.1711955541628639,0.012119004396082947,4.0,0.0381719376013574,0.0006968847950360289,0.03891009746227181
MSFT,2014-08-07,2014-02-10,2014-08-07,126,0.2148832696994763,245.44790594335123,0.023367945862954747,3.3835330313495384,0.17506800067132827,0.013376731117870383,4.0,0.0381719376013574,0.0006968847950360289,0.03891009746227181
MSFT,2014-08-08,2014-02-10,2014-08-08,127,0.21176459988122637,245.77290581865847,0.02318197396787993,3.3722727647656425,0.17556263471619618,0.013299116252562715,3.968503937007874,0.0381719376013574,0.0006968847950360289,0.03891009746227181
MSFT,2014-08-11,2014-02-12,2014-08-11,126,0.17984585096305405,244.94138790142878,0.023078551199476802,3.3590451707957976,0.1755744495589825,0.013296357941286377,4.0,0.0381719376013574,0.0006968847950360289,0.03891009746227181
MSFT,2014-08-12,2014-02-13,2014-08-12,126,0.17850748397641691,244.83987774814668,0.02305791443959291,3.3568472125222115,0.17742711127478747,0.012855764331492776,4.0,0.0381719376013574,0.0006968847950360289,0.03891009746227181
MSFT,2014-08-13,2014-02-14,2014-08-13,126,0.1969112408279927,245.7466600185258,0.023361841267495027,3.3851493365987833,0.18138368970025764,0.01480035516086179,4.0,0.0381719376013574,0.0006968847950360289,0.03891009746227181
MSFT,2014-08-14,2014-02-18,2014-08-14,126,0.2051121582518789,246.99939709532504,0.023399300128787395,3.396486295519988,0.1788420843689373,0.014377762424624487,4.0,0.0381719376013574,0.0006968847950360289,0.03891009746227181
MSFT,2014-08-15,2014-02-18,2014-08-15,127,0.22701293196991096,247.30521684838237,0.023487011617003683,3.404952096145244,0.18282631774534014,0.01477606767278864,3.968503937007874,0.0381719376013574,0.0006968847950360289,0.03891009746227181
MSFT,2014-08-18,2014-02-19,2014-08-18,127,0.23705052869973411,248.19877984934087,0.023579948371346422,3.4178400308860835,0.18024886026072315,0.015229839446922737,3.968503937007874,0.0381719376013574,0.0006968847950360289,0.03891009746227181
MSFT,2014-08-19,2014-02-20,2014-08-19,127,0.254569193049268,248.75007972222218,0.0238163433932288,3.4387423885598896,0.1817875486192833,0.016571482218046846,3.968503937007874,0.0381719376013574,0.0006968847950360289,0.03891009746227181
MSFT,2014-08-20,2014-02-21,2014-08-20,127,0.22473996574939079,249.10481540088878,0.02387720589330025,3.4455876306760387,0.18332392860323174,0.01742130132390689,3.968503937007874,0.0381719376013574,0.0006968847950360289,0.03891009746227181
MSFT,2014-08-21,2014-02-24,2014-08-21,127,0.22456671912072407,249.1655063242195,0.02387511601628744,3.4458565288942653,0.1837193837225267,0.017842112291053803,3.968503937007874,0.0381719376013574,0.0006968847950360289,0.03891009746227181
MSFT,2014-08-22,2014-02-24,2014-08-22,128,0.21968670751713226,248.65999151605934,0.023690428952872395,3.4290191103492123,0.18398322318116725,0.016540415430001624,3.9375,0.0381719376013574,0.0006968847950360289,0.03891009746227181
MSFT,2014-08-25,2014-02-26,2014-08-25,127,0.2458276711448758,248.78303615898844,0.023729845983998188,3.4327195833054613,0.18329027890555877,0.016482050456761946,3.968503937007874,0.0381719376013574,0.0006968847950360289,0.03891009746227181
MSFT,2014-08-26,2014-02-27,2014-08-26,127,0.24243762235464775,247.95138427359723,0.02374820187568256,3.4283023841037386,0.1798350230400363,0.014910586482594017,3.968503937007874,0.0381719376013574,0.0006968847950360289,0.03891009746227181
MSFT,2014-08-27,2014-02-28,2014-08-27,127,0.2152814013707251,247.37579798870522,0.023551603353177943,3.4101173898139403,0.17922761954813782,0.014987232973130198,3.968503937007874,0.0381719376013574,0.0006968847950360289,0.03891009746227181
MSFT,2014-08-28,2014-03-03,2014-08-28,127,0.19191043989089612,247.0999585375348,0.02327025636192237,3.3877972116122383,0.18438643995376203,0.01438493750800361,3.968503937007874,0.0381719376013574,0.0006968847950360289,0.03891009746227181
MSFT,2014-08-29,2014-03-03,2014-08-29,128,0.21474839593788886,247.60128090384518,0.02338230228252799,3.3993866532454233,0.18979023244564822,0.015039899721942121,3.9375,0.0381719376013574,0.0006968847950360289,0.03891009746227181
MSFT,2014-09-02,2014-03-03,2014-09-02,129,0.19815122379909114,247.78904235104886,0.02331016939002871,3.395425839891104,0.1921642966654954,0.015133372103650554,3.906976744186047,0.0381719376013574,0.0006968847950360289,0.03891009746227181
MSFT,2014-09-03,2014-03-04,2014-09-03,129,0.2200648424029659,249.22981491409175,0.022941614861736317,3.3782553706621123,0.1897358692526754,0.01355438565222024,3.906976744186047,0.0381719376013574,0.0006968847950360289,0.03891009746227181
MSFT,2014-09-04,2014-03-05,2014-09-04,129,0.2004459986346205,248.3724160388696,0.022486679673389312,3.3388340486835992,0.184247632966255,0.013545005061045683,3.906976744186047,0.0381719376013574,0.0006968847950360289,0.03891009746227181
MSFT,2014-09-05,2014-03-06,2014-09-05,129,0.24429911806962237,249.08806395372434,0.022768117260644396,3.3644997806791084,0.19105901125066946,0.01523149002758159,3.906976744186047,0.0381719376013574,0.0006968847950360289,0.03891009746227181
MSFT,2014-09-08,2014-03-10,2014-09-08,128,0.2815364510243077,249.30031214916863,0.02315414440605072,3.394347221323961,0.18875705170739648,0.01543603394725848,3.9375,0.0381719376013574,0.0006968847950360289,0.03891009746227181
MSFT,2014-09-09,2014-03-10,2014-09-09,129,0.29166372456480394,249.58099487625438,0.02304862133073181,3.3885095835967305,0.18610356425112973,0.01589466513116066,3.906976744186047,0.0381719376013574,0.0006968847950360289,0.03891009746227181
MSFT,2014-09-10,2014-03-11,2014-09-10,129,0.2992496369293587,249.65826403791542,0.023045557938893346,3.3888088510111283,0.18575924340280905,0.015929738585640354,3.906976744186047,0.0381719376013574,0.0006968847950360289,0.03891009746227181
MSFT,2014-09-11,2014-03-12,2014-09-11,129,0.2955492572651272,249.28662731282657,0.023013420658287605,3.383923722466626,0.18570389989511804,0.015415631882811505,3.906976744186047,0.0381719376013574,0.0006968847950360289,0.03891009746227181
MSFT,2014-09-12,2014-03-13,2014-09-12,129,0.2698395319739735,248.8756625243006,0.023009563259359204,3.3808498891512446,0.18795755944742265,0.01394617149245728,3.906976744186047,0.0381719376013574,0.0006968847950360289,0.03891009746227181
MSFT,2014-09-15,2014-03-17,2014-09-15,128,0.2821954607540835,248.8936980283138,0.02313845456116543,3.3904286603199054,0.18151293710411245,0.014899984283299287,3.9375,0.0381719376013574,0.0006968847950360289,0.03891009746227181
MSFT,2014-09-16,2014-03-17,2014-09-16,129,0.3021626874709965,248.87461479134723,0.023204396970555517,3.3951262603275425,0.18178921770381276,0.01476426544510323,3.906976744186047,0.0381719376013574,0.0006968847950360289,0.03891009746227181
MSFT,2014-09-17,2014-03-18,2014-09-17,129,0.2736169148283226,249.1039918847736,0.02308749759863001,3.3881237256061874,0.18321491933361017,0.01447383241637988,3.906976744186047,0.0381719376013574,0.0006968847950360289,0.03891009746227181
MSFT,2014-09-18,2014-03-19,2014-09-18,129,0.27823865965614697,248.6215632908398,0.022930333724701837,3.3733008070898807,0.18303689775729406,0.01313893500688975,1.9534883720930234,0.037679165637081624,0.0,0.038398025660174806
MSFT,2014-09-19,2014-03-20,2014-09-19,129,0.327338099216975,247.95621240044477,0.023457191542730658,3.4072656110455,0.14253249396232404,0.016105529503026718,1.9534883720930234,0.037679165637081624,0.0,0.038398025660174806
MSFT,2014-09-22,2014-03-24,2014-09-22,128,0.2661463205147682,242.7095623634932,0.02238658476059316,3.2931980648345123,0.1415313949437816,0.016810583936362464,1.96875,0.037679165637081624,0.0,0.038398025660174806
MSFT,2014-09-23,2014-03-24,2014-09-23,129,0.243037031854618,242.69424576682368,0.022436330462917212,3.296750948446745,0.13968146601321876,0.018151035775985352,1.9534883720930234,0.037679165637081624,0.0,0.038398025660174806
MSFT,2014-09-24,2014-03-25,2014-09-24,129,0.24830546499229228,242.74632968060814,0.02253926010097582,3.3046589806588695,0.13841384705044033,0.019628951120551328,1.9534883720930234,0.037679165637081624,0.0,0.038398025660174806
MSFT,2014-09-25,2014-03-26,2014-09-25,129,0.2121220989060753,240.49770891950246,0.023490722483328726,3.3580266996237933,0.10820658808006302,0.025465295674286688,1.9534883720930234,0.037679165637081624,0.0,0.038398025660174806
MSFT,2014-09-26,2014-03-27,2014-09-26,129,0.2549073382902156,242.6113506091218,0.023245821992044533,3.3551233982285664,0.09012167804601454,0.02611761769534475,1.9534883720930234,0.037679165637081624,0.0,0.038398025660174806
MSFT,2014-09-29,2014-03-31,2014-09-29,128,0.23292561255894695,252.0,0.02209018828942491,1e-06,0.07042167752917734,0.02612203258073741,1.96875,0.037679165637081624,0.0,0.038398025660174806
MSFT,2014-09-30,2014-03-31,2014-09-30,129,0.2277112567496121,252.0,0.021923461887182773,1e-06,0.07034646911202744,0.02437732622093741,1.9534883720930234,0.037679165637081624,0.0,0.038398025660174806
MSFT,2014-10-01,2014-04-02,2014-10-01,128,0.15532428950640162,252.0,0.021505401222674313,1e-06,0.07257593409449384,0.02489334290858472,1.96875,0.037679165637081624,0.0,0.038398025660174806
MSFT,2014-10-02,2014-04-03,2014-10-02,128,0.1526187275261559,252.0,0.02151824219446974,1e-06,0.0769056398881808,0.0249052834780372,1.96875,0.037679165637081624,0.0,0.038398025660174806
MSFT,2014-10-03,2014-04-04,2014-10-03,128,0.18326084760287628,251.32407155670765,0.021485423945171295,3.2431104815802243,0.1923082775602688,0.024994132860021837,1.96875,0.037679165637081624,0.0,0.038398025660174806
MSFT,2014-10-06,2014-04-07,2014-10-06,128,0.23920006780072922,243.02352487052528,0.019908408321140852,3.1075842642951392,0.19768526563836278,0.022554250420905454,1.96875,0.037679165637081624,0.0,0.038398025660174806
MSFT,2014-10-07,2014-04-08,2014-10-07,128,0.21843099341387753,244.68077430192886,0.02019879958965949,3.140821023228849,0.1848371785726964,0.0225836048262377,1.96875,0.037679165637081624,0.0,0.038398025660174806
MSFT,2014-10-08,2014-04-09,2014-10-08,128,0.27117525228306316,236.21238128467155,0.02165381635283982,3.1952072985819147,0.2310526074765032,0.0309216060020672,1.96875,0.037679165637081624,0.0,0.038398025660174806
MSFT,2014-10-09,2014-04-10,2014-10-09,128,0.1992012883691163,229.22432868576163,0.021933679783340352,3.167864449634734,0.3544549525108801,0.03572524816787128,1.96875,0.037679165637081624,0.0,0.038398025660174806
MSFT,2014-10-10,2014-04-11,2014-10-10,128,0.2564042303320715,215.77873394024124,0.02056085431323067,2.9758112704971387,0.3664295835252373,0.03572524816787128,3.9375,-0.0014124705746498822,0.0552839221059859,0.00011569213887985264
MSFT,2014-10-13,2014-04-14,2014-10-13,128,0.24670531004213905,218.90235694361996,0.02068195549597918,3.0060867166444667,0.3761688236488894,0.03648727103309502,3.9375,-0.0014124705746498822,0.0552839221059859,0.00011569213887985264
MSFT,2014-10-14,2014-04-15,2014-10-14,128,0.25189738662227157,217.22566562204636,0.020687486927371247,2.994952388757801,0.3654862356091428,0.03603544241993394,3.9375,-0.0014124705746498822,0.0552839221059859,0.00011569213887985264
MSFT,2014-10-15,2014-04-16,2014-10-15,128,0.19955011645048426,220.97066651331525,0.02054550948075151,3.010275586694543,0.3514291655655223,0.03651090767004534,3.9375,-0.0014124705746498822,0.0552839221059859,0.00011569213887985264
MSFT,2014-10-16,2014-04-17,2014-10-16,128,0.14477326182842365,220.4328462359166,0.020268745342539033,2.986290641894425,0.34330202153905265,0.036506952893349306,3.9375,-0.0014124705746498822,0.0552839221059859,0.00011569213887985264
MSFT,2014-10-17,2014-04-18,2014-10-17,128,0.20539321201453387,218.0868498050664,0.02093006698800798,3.018426012160909,0.3649286849954718,0.04128632600524594,3.9375,-0.0014124705746498822,0.0552839221059859,0.00011569213887985264
MSFT,2014-10-20,2014-04-21,2014-10-20,128,0.22591470611912534,220.03681321027577,0.02114063284815037,3.0471031153903056,0.3411889117944582,0.04240826775010869,3.9375,-0.0014124705746498822,0.0552839221059859,0.00011569213887985264
MSFT,2014-10-21,2014-04-22,2014-10-21,128,0.26539046424235657,220.17711316607745,0.021781521800377318,3.093931415200702,0.35379364221475007,0.04247340330297143,3.9375,-0.0014124705746498822,0.0552839221059859,0.00011569213887985264
MSFT,2014-10-22,2014-04-23,2014-10-22,128,0.24048131927671523,220.14535000942843,0.022029417194916006,3.111263171457698,0.3659045468714324,0.04284415868040929,3.9375,-0.0014124705746498822,0.0552839221059859,0.00011569213887985264
MSFT,2014-10-23,2014-04-24,2014-10-23,128,0.28417731541660274,219.848615888121,0.022326015716908995,3.130026157940286,0.3690061739389978,0.0439349411645399,3.9375,-0.0014124705746498822,0.0552839221059859,0.00011569213887985264
MSFT,2014-10-24,2014-04-25,2014-10-24,128,0.32434255263681955,213.07613557547978,0.023475989821568743,3.159801843718171,0.39720983831655415,0.049573751732978705,3.9375,-0.0014124705746498822,0.0552839221059859,0.00011569213887985264
MSFT,2014-10-27,2014-04-28,2014-10-27,128,0.31227422840096164,216.55659350744875,0.023518557993562676,3.188390722225094,0.35750819619013446,0.04386060117751334,3.9375,-0.0014124705746498822,0.0552839221059859,0.00011569213887985264
MSFT,2014-10-28,2014-04-29,2014-10-28,128,0.28984511818957426,212.41273306953514,0.022703855007587082,3.1025626634049357,0.3514022515250154,0.04498318220286153,3.9375,-0.0014124705746498822,0.0552839221059859,0.00011569213887985264
MSFT,2014-10-29,2014-04-30,2014-10-29,128,0.3131239969246842,213.35849564870935,0.022562904251671494,3.0997948796565886,0.3479711168921083,0.04507173370196691,3.9375,-0.0014124705746498822,0.0552839221059859,0.00011569213887985264
MSFT,2014-10-30,2014-05-01,2014-10-30,128,0.293957724870733,213.91984262490604,0.02285080111642794,3.1236095106020256,0.3416004839076242,0.046852149872110754,3.9375,-0.0014124705746498822,0.0552839221059859,0.00011569213887985264
MSFT,2014-10-31,2014-05-01,2014-10-31,129,0.33004964391554054,211.74690841933665,0.023414258391077296,3.145786385463728,0.35471334931308196,0.05015463080645279,3.906976744186047,-0.0014124705746498822,0.0552839221059859,0.00011569213887985264
MSFT,2014-11-03,2014-05-05,2014-11-03,128,0.38889499651828885,212.97807527684745,0.023496589754518987,3.1604603933043154,0.3374043017705768,0.05133616901636127,3.9375,-0.0014124705746498822,0.0552839221059859,0.00011569213887985264
MSFT,2014-11-04,2014-05-05,2014-11-04,129,0.3912628158981167,213.13922151577916,0.02332643660663697,3.150187281345718,0.33631323435562177,0.050806400873322624,3.906976744186047,-0.0014124705746498822,0.0552839221059859,0.00011569213887985264
MSFT,2014-11-05,2014-05-06,2014-11-05,129,0.4163643621775361,212.6596651251001,0.023314012417062692,3.1458032777458866,0.34119729368163737,0.051249663966695586,3.906976744186047,-0.0014124705746498822,0.0552839221059859,0.00011569213887985264
MSFT,2014-11-06,2014-05-07,2014-11-06,129,0.46959515644737454,214.18167529625586,0.02373833395002807,3.185640465026402,0.3558759739159594,0.05308912279222416,3.906976744186047,-0.0014124705746498822,0.0552839221059859,0.00011569213887985264
MSFT,2014-11-07,2014-05-08,2014-11-07,129,0.45057579576056817,217.45610081732124,0.0235716625038163,3.198610742190379,0.3558487258982077,0.044288733241416155,3.906976744186047,-0.0014124705746498822,0.0552839221059859,0.00011569213887985264
MSFT,2014-11-10,2014-05-12,2014-11-10,128,0.4566831098213875,216.96982753037537,0.023721098107561598,3.205144048825532,0.35266269283504176,0.039672430099744214,3.9375,-0.0014124705746498822,0.0552839221059859,0.00011569213887985264
MSFT,2014-11-11,2014-05-12,2014-11-11,129,0.4522749191953904,216.20307857859245,0.023534650309289782,3.1868769699198136,0.35276285907219923,0.03877288143246914,3.906976744186047,-0.0014124705746498822,0.0552839221059859,0.00011569213887985264
MSFT,2014-11-12,2014-05-13,2014-11-12,129,0.42715455860973983,216.02017878906162,0.023309252256944468,3.1702376370150405,0.340983101765263,0.03877344893599482,3.906976744186047,-0.0014124705746498822,0.0552839221059859,0.00011569213887985264
MSFT,2014-11-13,2014-05-14,2014-11-13,129,0.42446940094718466,215.1149131673344,0.023215008961954876,3.157186038753621,0.35089274612307175,0.04053823515714315,3.906976744186047,-0.0014124705746498822,0.0552839221059859,0.00011569213887985264
MSFT,2014-11-14,2014-05-15,2014-11-14,129,0.43212460778967715,216.39685335288695,0.023176213028617415,3.1639323849110634,0.3795692215849962,0.03904595600836943,3.906976744186047,-0.0014124705746498822,0.0552839221059859,0.00011569213887985264
MSFT,2014-11-17,2014-05-19,2014-11-17,128,0.4511907034084457,214.49784066168849,0.022790745210450672,3.1237136206792706,0.38633270943633236,0.034019331323241114,3.9375,-0.0014124705746498822,0.0552839221059859,0.00011569213887985264
MSFT,2014-11-18,2014-05-19,2014-11-18,129,0.4310161592568237,214.41151465994722,0.022750530036865106,3.1203283581339427,0.3809847965983905,0.033598003694057424,3.906976744186047,-0.0014124705746498822,0.0552839221059859,0.00011569213887985264
MSFT,2014-11-19,2014-05-20,2014-11-19,129,0.41372343526100114,215.28821775921338,0.022970779693113143,3.1417996401956443,0.3756415047418204,0.031096364520658764,3.906976744186047,-0.0014124705746498822,0.0552839221059859,0.00011569213887985264
MSFT,2014-11-20,2014-05-21,2014-11-20,129,0.4368733065217383,213.06017200492008,0.023159272961559223,3.1382973019317295,0.3602555379484222,0.030767405015545896,3.906976744186047,-0.0014124705746498822,0.0552839221059859,0.00011569213887985264
MSFT,2014-11-21,2014-05-22,2014-11-21,129,0.37409518768806904,210.98903634488713,0.023043133369693287,3.1151660208979957,0.3389787630307622,0.030969389393714034,3.906976744186047,-0.0014124705746498822,0.0552839221059859,0.00011569213887985264
MSFT,2014-11-24,2014-05-27,2014-11-24,128,0.3721726084394543,213.1789832103061,0.023281497444654322,3.1474448888217155,0.34396231104459496,0.024649738695818615,3.9375,-0.0014124705746498822,0.0552839221059859,0.00011569213887985264
MSFT,2014-11-25,2014-05-27,2014-11-25,129,0.3642322401109315,212.91020695223153,0.023110827591257155,3.133909680782905,0.3447656352063358,0.024451972536482,3.906976744186047,-0.0014124705746498822,0.0552839221059859,0.00011569213887985264
MSFT,2014-11-26,2014-05-27,2014-11-26,130,0.3729652623024682,212.433344607994,0.02299837008150623,3.1227725889707614,0.34506232378498414,0.02297566086277881,3.8769230769230765,-0.0014124705746498822,0.0552839221059859,0.00011569213887985264
MSFT,2014-11-28,2014-05-29,2014-11-28,129,0.3838416686285172,212.61300866146436,0.02313659158680706,3.1334667657047315,0.3452952229350742,0.022901024824892095,3.906976744186047,-0.0014124705746498822,0.0552839221059859,0.00011569213887985264
MSFT,2014-12-01,2014-06-02,2014-12-01,128,0.37453182923714934,212.96327043965783,0.0233137930270423,3.148033230814136,0.3504116525275428,0.024471783660676684,3.9375,-0.0014124705746498822,0.0552839221059859,0.00011569213887985264
MSFT,2014-12-02,2014-06-03,2014-12-02,128,0.37528070721589746,214.89971314666374,0.023308575983743113,3.1619592942302015,0.3667500177133048,0.02010644033298177,3.9375,-0.0014124705746498822,0.0552839221059859,0.00011569213887985264
MSFT,2014-12-03,2014-06-04,2014-12-03,128,0.3842029553686741,213.9677544636157,0.023128290093287505,3.14286997120798,0.3632832007216144,0.019556652968568646,3.9375,-0.0014124705746498822,0.0552839221059859,0.00011569213887985264
MSFT,2014-12-04,2014-06-05,2014-12-04,128,0.41408156349309166,209.99087581837824,0.023619118188014872,3.146389891774262,0.34013500212121256,0.022418401091228432,3.9375,-0.0014124705746498822,0.0552839221059859,0.00011569213887985264
MSFT,2014-12-05,2014-06-06,2014-12-05,128,0.35314142762783973,205.08261474695365,0.0228148929579616,3.0560054666582475,0.3688721194419524,0.022870217589455143,3.9375,-0.0014124705746498822,0.0552839221059859,0.00011569213887985264
MSFT,2014-12-08,2014-06-09,2014-12-08,128,0.3101171383591588,205.74277645682207,0.02317850106453426,3.0852151670856274,0.35035096417981726,0.021930929532322604,3.9375,-0.0014124705746498822,0.0552839221059859,0.00011569213887985264
MSFT,2014-12-09,2014-06-10,2014-12-09,128,0.31565054876739573,208.27658441244975,0.023137642357036785,3.1014177023634226,0.3517393508787333,0.02199286122145799,3.9375,-0.0014124705746498822,0.0552839221059859,0.00011569213887985264
MSFT,2014-12-10,2014-06-11,2014-12-10,128,0.294210422209944,210.2745357075497,0.02353407021204781,3.1428405636903127,0.3300508511336181,0.0243301314379665,3.9375,-0.0014124705746498822,0.0552839221059859,0.00011569213887985264
MSFT,2014-12-11,2014-06-12,2014-12-11,128,0.3178911948080829,211.8267293166351,0.023525566808373755,3.153849130169989,0.3252328228873466,0.02472358145144842,3.9375,-0.0014124705746498822,0.0552839221059859,0.00011569213887985264
MSFT,2014-12-12,2014-06-13,2014-12-12,128,0.3222933856508696,210.31347115628589,0.0234747163008715,3.139165465073516,0.3143663759021328,0.024945068788235707,3.9375,-0.0014124705746498822,0.0552839221059859,0.00011569213887985264
MSFT,2014-12-15,2014-06-16,2014-12-15,128,0.2785477501531437,208.2871691395679,0.02304123977233719,3.095028599425035,0.32169149569536387,0.021958366053797255,3.9375,-0.0014124705746498822,0.0552839221059859,0.00011569213887985264
MSFT,2014-12-16,2014-06-17,2014-12-16,128,0.19971399527702882,216.1598741466841,0.02511945917623272,3.2921011301957397,0.11121897945725437,0.03493457620423974,3.9375,-0.0014124705746498822,0.0552839221059859,0.00011569213887985264
MSFT,2014-12-17,2014-06-18,2014-12-17,128,0.21658132452175227,223.56930108008146,0.02540770452835991,3.3672028921199506,0.05708562455491516,0.03681832850419704,3.9375,-0.0014124705746498822,0.0552839221059859,0.00011569213887985264
MSFT,2014-12-18,2014-06-19,2014-12-18,128,0.21976547600279844,224.27229277615857,0.025609921097712394,3.385886671036524,0.05728825713765243,0.03681832850419704,5.90625,0.011784206960477514,0.045283693705447284,0.012891906665230435
MSFT,2014-12-19,2014-06-20,2014-12-19,128,0.23248381124746026,225.42128877782113,0.02560450678390813,3.3941900617715723,0.05585970259941601,0.03608008964141855,5.90625,0.011784206960477514,0.045283693705447284,0.012891906665230435
MSFT,2014-12-22,2014-06-23,2014-12-22,128,0.23773595763231756,225.31713232067167,0.025661122924717995,3.397155466020737,0.05572428098579856,0.035237047341322505,5.90625,0.011784206960477514,0.045283693705447284,0.012891906665230435
MSFT,2014-12-23,2014-06-24,2014-12-23,128,0.2424487853549792,225.58075923411639,0.02574198428915932,3.4044936111901674,0.05678948089848778,0.035200060898745104,5.90625,0.011784206960477514,0.045283693705447284,0.012891906665230435
MSFT,2014-12-24,2014-06-25,2014-12-24,128,0.24106350690920936,225.85355348967357,0.02575881705712837,3.407665107674503,0.05803624105406969,0.03303252184526769,5.90625,0.011784206960477514,0.045283693705447284,0.012891906665230435
MSFT,2014-12-26,2014-06-27,2014-12-26,127,0.23346290566978734,225.4389782019766,0.025823956763974584,3.4088381583398393,0.054215198179527406,0.032584998567629336,5.952755905511811,0.011784206960477514,0.045283693705447284,0.012891906665230435
MSFT,2014-12-29,2014-06-30,2014-12-29,127,0.18947438023518728,225.68012989104764,0.025665496279067838,3.400180566117866,0.05306644178826754,0.03348513359405025,5.952755905511811,0.011784206960477514,0.045283693705447284,0.012891906665230435
MSFT,2014-12-30,2014-07-01,2014-12-30,127,0.19760317433686608,225.07643322921263,0.02548498198571448,3.3836673727279063,0.05495321175259332,0.034064545950112865,5.952755905511811,0.011784206960477514,0.045283693705447284,0.012891906665230435
MSFT,2014-12-31,2014-07-01,2014-12-31,128,0.1714337428222608,225.1556783673563,0.025581002700721663,3.390632495589394,0.051246827407556816,0.03583074243548044,5.90625,0.011784206960477514,0.045283693705447284,0.012891906665230435
SPY,2013-01-02,2012-07-03,2013-01-02,127,0.08411255509704318,251.54638565199008,0.014611838845041377,2.708581848221079,0.14045456161928754,0.014451594303137656,1.984251968503937,0.025269060157969925,0.0,0.025591029089062634
SPY,2013-01-03,2012-07-05,2013-01-03,127,0.06707695120947044,252.0,0.014538064197049557,1e-06,0.14264797935614085,0.014503891517756282,1.984251968503937,0.025269060157969925,0.0,0.025591029089062634
SPY,2013-01-04,2012-07-05,2013-01-04,128,0.07615879328720285,252.0,0.014470133845471146,1e-06,0.14308585726582518,0.01452387863385797,1.96875,0.025269060157969925,0.0,0.025591029089062634
SPY,2013-01-07,2012-07-09,2013-01-07,127,0.09812961634649398,252.0,0.014394140316750093,1e-06,0.1477456224622329,0.01460681070783129,1.984251968503937,0.025269060157969925,0.0,0.025591029089062634
SPY,2013-01-08,2012-07-09,2013-01-08,128,0.09158420418189578,252.0,0.014297595121437426,1e-06,0.14766696671114277,0.014665365094714411,1.96875,0.025269060157969925,0.0,0.025591029089062634
SPY,2013-01-09,2012-07-10,2013-01-09,128,0.10010584422588835,251.89817406872842,0.014306446146410686,2.6820006450922875,0.15262593556076715,0.01460055099525742,1.96875,0.025269060157969925,0.0,0.025591029089062634
SPY,2013-01-10,2012-07-11,2013-01-10,128,0.13125979601556456,251.7924075677436,0.014288670934468428,2.67977121993682,0.15464312883223819,0.015181531231048094,1.96875,0.025269060157969925,0.0,0.025591029089062634
SPY,2013-01-11,2012-07-12,2013-01-11,128,0.13116835289552004,252.0,0.014288656306649246,1e-06,0.1561414277906628,0.015179908240603461,1.96875,0.025269060157969925,0.0,0.025591029089062634
SPY,2013-01-14,2012-07-16,2013-01-14,127,0.10761327024830614,247.78331502950633,0.013818948703935708,2.614291542406333,0.1269291500779905,0.01468504141936248,1.984251968503937,0.025269060157969925,0.0,0.025591029089062634
SPY,2013-01-15,2012-07-16,2013-01-15,128,0.10901044277446419,247.1688246965109,0.013712677013295599,2.600988641898983,0.12692725582303396,0.014695110449689646,1.96875,0.025269060157969925,0.0,0.025591029089062634
SPY,2013-01-16,2012-07-17,2013-01-16,128,0.1612404702145369,252.0,0.012748144953959475,1e-06,0.187774632998705,0.014257106648822905,3.9375,0.001108333514484361,0.03416842729600627,0.0016935065917951242
SPY,2013-01-17,2012-07-18,2013-01-17,128,0.15775503142845793,252.0,0.012702847138006563,1e-06,0.189824953204628,0.014436511744520215,3.9375,0.001108333514484361,0.03416842729600627,0.0016935065917951242
SPY,2013-01-18,2012-07-19,2013-01-18,128,0.1509688252468031,252.0,0.012633655170255375,1e-06,0.19009126192059517,0.012921496121436374,3.9375,0.001108333514484361,0.03416842729600627,0.0016935065917951242
SPY,2013-01-22,2012-07-23,2013-01-22,127,0.17581956593027576,252.0,0.012553889302190794,1e-06,0.2012487382429669,0.011609980695031904,3.968503937007874,0.001108333514484361,0.03416842729600627,0.0016935065917951242
SPY,2013-01-23,2012-07-24,2013-01-23,127,0.1968667088636936,252.0,0.012398280621858458,1e-06,0.203047012171972,0.010956109536683505,3.968503937007874,0.001108333514484361,0.03416842729600627,0.0016935065917951242
SPY,2013-01-24,2012-07-25,2013-01-24,127,0.21521247362656365,252.0,0.012232664769027825,1e-06,0.20256220812365325,0.010573106357320058,3.968503937007874,0.001108333514484361,0.03416842729600627,0.0016935065917951242
SPY,2013-01-25,2012-07-26,2013-01-25,127,0.22667876009651952,252.0,0.012291701304509756,1e-06,0.1710898389918099,0.0076853384341437885,3.968503937007874,0.001108333514484361,0.03416842729600627,0.0016935065917951242
SPY,2013-01-28,2012-07-30,2013-01-28,126,0.15305883105505058,252.0,0.011124571723715155,1e-06,0.16237501987265293,0.007660438981012586,4.0,0.001108333514484361,0.03416842729600627,0.0016935065917951242
SPY,2013-01-29,2012-07-30,2013-01-29,127,0.1621789205199435,252.0,0.011088655469339308,1e-06,0.1631123414128661,0.007700479371695654,3.968503937007874,0.001108333514484361,0.03416842729600627,0.0016935065917951242
SPY,2013-01-30,2012-07-31,2013-01-30,127,0.15574187452205895,252.0,0.01111502446854793,1e-06,0.1647314398332322,0.00784702703989302,3.968503937007874,0.001108333514484361,0.03416842729600627,0.0016935065917951242
SPY,2013-01-31,2012-08-01,2013-01-31,127,0.15937172191593924,252.0,0.011090299059746365,1e-06,0.1645996389809068,0.0064657963351100346,3.968503937007874,0.001108333514484361,0.03416842729600627,0.0016935065917951242
SPY,2013-02-01,2012-08-02,2013-02-01,127,0.18505932681093334,252.0,0.011276863274031502,1e-06,0.1769368853469692,0.0042798684523074875,3.968503937007874,0.001108333514484361,0.03416842729600627,0.0016935065917951242
SPY,2013-02-04,2012-08-06,2013-02-04,126,0.13967938601267366,252.0,0.01080000195659018,1e-06,0.13267714380431858,0.005834635539423169,4.0,0.001108333514484361,0.03416842729600627,0.0016935065917951242
SPY,2013-02-05,2012-08-06,2013-02-05,127,0.15965585338612492,252.0,0.010934312616065187,1e-06,0.1286502570419331,0.006866917674869574,3.968503937007874,0.001108333514484361,0.03416842729600627,0.0016935065917951242
SPY,2013-02-06,2012-08-07,2013-02-06,127,0.15629602912572746,252.0,0.010924209525983388,1e-06,0.12731746479822306,0.006755247417022684,3.968503937007874,0.001108333514484361,0.03416842729600627,0.0016935065917951242
SPY,2013-02-07,2012-08-08,2013-02-07,127,0.14321390811693127,252.0,0.010875845814782297,1e-06,0.12736205228647268,0.006677070125997998,3.968503937007874,0.001108333514484361,0.03416842729600627,0.0016935065917951242
SPY,2013-02-08,2012-08-09,2013-02-08,127,0.15266553034296618,252.0,0.01093773503634126,1e-06,0.128666334420068,0.006970501839944496,3.968503937007874,0.001108333514484361,0.03416842729600627,0.0016935065917951242
SPY,2013-02-11,2012-08-13,2013-02-11,126,0.14658080445423047,252.0,0.011015269561653067,1e-06,0.12893234831282896,0.006287457767001459,4.0,0.001108333514484361,0.03416842729600627,0.0016935065917951242
SPY,2013-02-12,2012-08-13,2013-02-12,127,0.14870801440761733,252.0,0.010932548720729365,1e-06,0.12894632713289883,0.00631956954766203,3.968503937007874,0.001108333514484361,0.03416842729600627,0.0016935065917951242
SPY,2013-02-13,2012-08-14,2013-02-13,127,0.15296742161138088,252.0,0.010932520885043994,1e-06,0.1289328773872188,0.006322383045187271,3.968503937007874,0.001108333514484361,0.03416842729600627,0.0016935065917951242
SPY,2013-02-14,2012-08-15,2013-02-14,127,0.15450523164382873,252.0,0.010933831042512283,1e-06,0.12891943905074424,0.0063148509745156725,3.968503937007874,0.001108333514484361,0.03416842729600627,0.0016935065917951242
SPY,2013-02-15,2012-08-16,2013-02-15,127,0.1495718241260781,252.0,0.010931242131242153,1e-06,0.12595880221697012,0.006324758670900197,3.968503937007874,0.001108333514484361,0.03416842729600627,0.0016935065917951242
SPY,2013-02-19,2012-08-20,2013-02-19,126,0.14766066327595867,252.0,0.011021922552094691,1e-06,0.1301902225202021,0.006609972082181734,4.0,0.001108333514484361,0.03416842729600627,0.0016935065917951242
SPY,2013-02-20,2012-08-21,2013-02-20,126,0.12246114753942562,252.0,0.011334120862092933,1e-06,0.11480065629235309,0.008314592039976296,4.0,0.001108333514484361,0.03416842729600627,0.0016935065917951242
SPY,2013-02-21,2012-08-22,2013-02-21,126,0.11716985634681164,252.0,0.011384681831706319,1e-06,0.1221313874616987,0.008520048511543693,4.0,0.001108333514484361,0.03416842729600627,0.0016935065917951242
SPY,2013-02-22,2012-08-23,2013-02-22,126,0.1345618108916226,252.0,0.01154340211083895,1e-06,0.1319522291664631,0.009430374933094763,4.0,0.001108333514484361,0.03416842729600627,0.0016935065917951242
SPY,2013-02-25,2012-08-27,2013-02-25,125,0.1010313242123811,252.0,0.012111086172801828,1e-06,0.07628328975752595,0.013499285882816818,4.032,0.001108333514484361,0.03416842729600627,0.0016935065917951242
SPY,2013-02-26,2012-08-27,2013-02-26,126,0.11286186546621127,252.0,0.012092098977194219,1e-06,0.0565778038297056,0.013611610096349985,4.0,0.001108333514484361,0.03416842729600627,0.0016935065917951242
SPY,2013-02-27,2012-08-28,2013-02-27,126,0.13992760534739154,252.0,0.012426516138667458,1e-06,0.07073482596754345,0.015549270725656645,4.0,0.001108333514484361,0.03416842729600627,0.0016935065917951242
SPY,2013-02-28,2012-08-29,2013-02-28,126,0.13977955838406347,252.0,0.012426747819432248,1e-06,0.07237765630097488,0.015241363241455228,4.0,0.001108333514484361,0.03416842729600627,0.0016935065917951242
SPY,2013-03-01,2012-09-04,2013-03-01,124,0.15006802203122538,252.0,0.012465235386878252,1e-06,0.07880123459046279,0.015146891206376084,4.064516129032258,0.001108333514484361,0.03416842729600627,0.0016935065917951242
SPY,2013-03-04,2012-09-05,2013-03-04,124,0.16192334316372708,252.0,0.012506082734630794,1e-06,0.07929979828808875,0.015324646476669522,4.064516129032258,0.001108333514484361,0.03416842729600627,0.0016935065917951242
SPY,2013-03-05,2012-09-06,2013-03-05,124,0.18325301528850763,252.0,0.012691726801701,1e-06,0.006759838977581736,0.015210488209798739,4.064516129032258,0.001108333514484361,0.03416842729600627,0.0016935065917951242
SPY,2013-03-06,2012-09-07,2013-03-06,124,0.144191877998708,252.0,0.011846923794748932,1e-06,0.02165473301134632,0.01362527241809387,4.064516129032258,0.001108333514484361,0.03416842729600627,0.0016935065917951242
SPY,2013-03-07,2012-09-10,2013-03-07,124,0.13971855417021767,252.0,0.011820223183475592,1e-06,0.023297180399458363,0.012354911298563434,4.064516129032258,0.001108333514484361,0.03416842729600627,0.0016935065917951242
SPY,2013-03-08,2012-09-10,2013-03-08,125,0.1478330825904207,252.0,0.011765890534974024,1e-06,0.02399877803067137,0.01259415456786878,4.032,0.001108333514484361,0.03416842729600627,0.0016935065917951242
SPY,2013-03-11,2012-09-12,2013-03-11,124,0.16200942965388668,252.0,0.011788648940251249,1e-06,0.024561910419849526,0.012702984055171831,4.064516129032258,0.001108333514484361,0.03416842729600627,0.0016935065917951242
SPY,2013-03-12,2012-09-13,2013-03-12,124,0.15232558491695944,252.0,0.011788721711611461,1e-06,-0.021417378121028317,0.012390369939719025,4.064516129032258,0.001108333514484361,0.03416842729600627,0.0016935065917951242
SPY,2013-03-13,2012-09-14,2013-03-13,124,0.12220184967906973,252.0,0.011250569696543254,1e-06,-0.011758468770192546,0.012418954442481847,4.064516129032258,0.001108333514484361,0.03416842729600627,0.0016935065917951242
SPY,2013-03-14,2012-09-17,2013-03-14,124,0.1256074906053406,252.0,0.011282954210701015,1e-06,-0.010276031206455205,0.01276029615579681,4.064516129032258,0.001108333514484361,0.03416842729600627,0.0016935065917951242
SPY,2013-03-15,2012-09-17,2013-03-15,125,0.11215518251543187,252.0,0.011266649438614912,1e-06,-0.010663290943413237,0.013188771239821954,4.032,0.001108333514484361,0.03416842729600627,0.0016935065917951242
SPY,2013-03-18,2012-09-19,2013-03-18,124,0.11062060366173768,252.0,0.011399075015678967,1e-06,-0.010323465753605921,0.01354586154613996,4.064516129032258,0.001108333514484361,0.03416842729600627,0.0016935065917951242
SPY,2013-03-19,2012-09-20,2013-03-19,124,0.1031747232023477,252.0,0.011408119201396715,1e-06,-0.009498403100159675,0.01360445527557391,4.064516129032258,0.001108333514484361,0.03416842729600627,0.0016935065917951242
SPY,2013-03-20,2012-09-21,2013-03-20,124,0.11778623538623635,252.0,0.011499982171414425,1e-06,-0.004631382903588865,0.013474849758953793,4.064516129032258,0.001108333514484361,0.03416842729600627,0.0016935065917951242
SPY,2013-03-21,2012-09-24,2013-03-21,124,0.1118234476821326,252.0,0.011581714020093328,1e-06,-0.00785524433402689,0.012457448613782797,4.064516129032258,0.001108333514484361,0.03416842729600627,0.0016935065917951242
SPY,2013-03-22,2012-09-24,2013-03-22,125,0.12553424437753422,252.0,0.011591880374228501,1e-06,-0.009250607709593944,0.012624969213481232,4.032,0.001108333514484361,0.03416842729600627,0.0016935065917951242
SPY,2013-03-25,2012-09-26,2013-03-25,124,0.1458514270089358,252.0,0.011474304340415306,1e-06,0.0003706542795958714,0.011820921679539744,4.064516129032258,0.001108333514484361,0.03416842729600627,0.0016935065917951242
SPY,2013-03-26,2012-09-27,2013-03-26,124,0.1740104828976771,252.0,0.011545744548347074,1e-06,-0.001566525195343813,0.008536361162041501,4.064516129032258,0.001108333514484361,0.03416842729600627,0.0016935065917951242
SPY,2013-03-27,2012-09-28,2013-03-27,124,0.15294530879935905,252.0,0.011353413884006349,1e-06,-0.005147670954791987,0.008075179207779302,4.064516129032258,0.001108333514484361,0.03416842729600627,0.0016935065917951242
SPY,2013-03-28,2012-10-01,2013-03-28,124,0.17055724298355257,252.0,0.011345491323083523,1e-06,-0.00417918024562451,0.006293440331678152,4.064516129032258,0.001108333514484361,0.03416842729600627,0.0016935065917951242
SPY,2013-04-01,2012-10-02,2013-04-01,124,0.15586376050522222,252.0,0.011370870655397452,1e-06,-0.004334589596984503,0.006519870770930759,4.064516129032258,0.001108333514484361,0.03416842729600627,0.0016935065917951242
SPY,2013-04-02,2012-10-03,2013-04-02,124,0.1645847667297887,252.0,0.011424066157675035,1e-06,-0.004480989639242305,0.006774552675832629,4.064516129032258,0.001108333514484361,0.03416842729600627,0.0016935065917951242
SPY,2013-04-03,2012-10-04,2013-04-03,124,0.13514826419351195,252.0,0.011617494609732116,1e-06,-0.017827158881143022,0.007822134572893661,4.064516129032258,0.001108333514484361,0.03416842729600627,0.0016935065917951242
SPY,2013-04-04,2012-10-05,2013-04-04,124,0.12884590029647922,252.0,0.011546598769182487,1e-06,-0.021964219060779548,0.006937350170386436,4.064516129032258,0.001108333514484361,0.03416842729600627,0.0016935065917951242
SPY,2013-04-05,2012-10-08,2013-04-05,124,0.11993448906323434,252.0,0.01158485873788788,1e-06,-0.02148604558657253,0.007137474788593155,4.064516129032258,0.001108333514484361,0.03416842729600627,0.0016935065917951242
SPY,2013-04-08,2012-10-09,2013-04-08,124,0.14071755215264922,252.0,0.011650051991369747,1e-06,-0.009140628782394836,0.0076166820620584075,4.064516129032258,0.001108333514484361,0.03416842729600627,0.0016935065917951242
SPY,2013-04-09,2012-10-10,2013-04-09,124,0.16845580699558718,252.0,0.011473415311896759,1e-06,-0.015120259751329967,0.007521615466422963,4.064516129032258,0.001108333514484361,0.03416842729600627,0.0016935065917951242
SPY,2013-04-10,2012-10-11,2013-04-10,124,0.20624122091896888,252.0,0.01170157364333225,1e-06,0.0030170388900761284,0.009165418926052977,4.064516129032258,0.001108333514484361,0.03416842729600627,0.0016935065917951242
SPY,2013-04-11,2012-10-12,2013-04-11,124,0.21298785310123952,252.0,0.011728462681525793,1e-06,-0.0010345996001021082,0.009257034203338864,4.064516129032258,0.001108333514484361,0.03416842729600627,0.0016935065917951242
SPY,2013-04-12,2012-10-15,2013-04-12,124,0.21326118516406636,252.0,0.011726884531899255,1e-06,-0.005552576119391453,0.009320216012946124,4.064516129032258,0.001108333514484361,0.03416842729600627,0.0016935065917951242
SPY,2013-04-15,2012-10-16,2013-04-15,124,0.14905128064140052,241.8890979872224,0.01269125558121905,2.475374590648054,-0.05942152651481595,0.009320216012946124,4.064516129032258,0.0010342472822273407,0.03427320105044927,0.00162288889849882
SPY,2013-04-16,2012-10-17,2013-04-16,124,0.10844373378157982,232.13087404412053,0.013889271558868377,2.5368025991122822,-0.19343839976322375,0.017376103362210016,2.032258064516129,0.025269060157969925,0.0,0.025591029089062634
SPY,2013-04-17,2012-10-18,2013-04-17,124,0.0702882259540023,227.95337191279557,0.014278097003918864,2.548817031710422,-0.1914258270355979,0.019501942081955825,2.032258064516129,0.025269060157969925,0.0,0.025591029089062634
SPY,2013-04-18,2012-10-19,2013-04-18,124,0.06148812101543603,226.29686310497448,0.014358049001380208,2.546639485911841,-0.14740230946819005,0.019969386200091442,2.032258064516129,0.025269060157969925,0.0,0.025591029089062634
SPY,2013-04-19,2012-10-22,2013-04-19,124,0.11373875503391366,222.39538648616124,0.01394823060994425,2.4883011051897235,-0.14687635461654236,0.020369472188439028,2.032258064516129,0.025269060157969925,0.0,0.025591029089062634
SPY,2013-04-22,2012-10-23,2013-04-22,124,0.12233577122638524,220.51724502027275,0.013992235301865674,2.4816773390636895,-0.12439326071748562,0.019803710744407572,2.032258064516129,0.025269060157969925,0.0,0.025591029089062634
SPY,2013-04-23,2012-10-24,2013-04-23,124,0.22263374178009868,226.31172773029712,0.012780213186742294,2.402719457244726,0.06266517721409459,0.014628506926578516,4.064516129032258,0.0010342472822273407,0.03427320105044927,0.00162288889849882
SPY,2013-04-24,2012-10-25,2013-04-24,124,0.2791573498654106,240.57604479991284,0.011759370927357436,2.3762860644996446,0.1399925025876679,0.01401763784876297,6.096774193548387,-0.006994632854848841,0.027941275988917682,-0.0065825151061224
SPY,2013-04-25,2012-10-26,2013-04-25,124,0.2813370443483813,240.7259772787014,0.011774732894948098,2.378578545959529,0.14031874004233968,0.014080067661671565,6.096774193548387,-0.006994632854848841,0.027941275988917682,-0.0065825151061224
SPY,2013-04-26,2012-10-29,2013-04-26,124,0.27911944362011415,241.05528400158298,0.011780366972286245,2.38077428852663,0.14069056876122243,0.013334698546631074,6.096774193548387,-0.006994632854848841,0.027941275988917682,-0.0065825151061224
SPY,2013-04-29,2012-10-30,2013-04-29,124,0.24402126865118598,228.88975636537484,0.012887533004778514,2.4264903011796863,0.06685197671324776,0.01394740039652255,4.064516129032258,0.0010342472822273407,0.03427320105044927,0.00162288889849882
SPY,2013-04-30,2012-10-31,2013-04-30,124,0.24916346695052682,229.614871239561,0.012900307822369924,2.4315350199606516,0.06608987730897882,0.013825923032825429,4.064516129032258,0.0010342472822273407,0.03427320105044927,0.00162288889849882
SPY,2013-05-01,2012-11-02,2013-05-01,123,0.15890831069063835,221.2151453279586,0.013943657114706003,2.4812827824780395,-0.1419697671724182,0.020766565348728658,2.048780487804878,0.025269060157969925,0.0,0.025591029089062634
SPY,2013-05-02,2012-11-05,2013-05-02,123,0.2477507961783389,228.73062968286845,0.012938988531531272,2.430484259496861,0.04362691331763088,0.015373982409770929,4.097560975609756,0.0010342472822273407,0.03427320105044927,0.00162288889849882
SPY,2013-05-03,2012-11-05,2013-05-03,124,0.21782785020641562,220.15941638395756,0.014059923731181112,2.485653575733462,-0.13722940646210652,0.02166945306828202,2.032258064516129,0.025269060157969925,0.0,0.025591029089062634
SPY,2013-05-06,2012-11-07,2013-05-06,123,0.2026849747913632,221.37631336174377,0.014045413893362446,2.491227172611778,-0.045700713074082695,0.021490710926890724,2.048780487804878,0.025269060157969925,0.0,0.025591029089062634
SPY,2013-05-07,2012-11-08,2013-05-07,123,0.3116469025380655,242.1396376893235,0.011991390592187937,2.4073997154721756,0.13109035071764208,0.015363749001460975,4.097560975609756,0.0010342472822273407,0.03427320105044927,0.00162288889849882
SPY,2013-05-08,2012-11-09,2013-05-08,123,0.3466067306897159,239.84481195662008,0.011722679400923558,2.3689674546067563,0.1326260544809575,0.015089577847183983,4.097560975609756,0.0010342472822273407,0.03427320105044927,0.00162288889849882
SPY,2013-05-09,2012-11-12,2013-05-09,123,0.33629521057599776,240.2887049857453,0.011738085035734246,2.372716171089114,0.1329447865842465,0.015064632105341817,4.097560975609756,0.0010342472822273407,0.03427320105044927,0.00162288889849882
SPY,2013-05-10,2012-11-12,2013-05-10,124,0.34242489882718435,239.87688771045796,0.011680100148437214,2.3648193594421296,0.13313608464538607,0.013510701605312259,4.064516129032258,0.0010342472822273407,0.03427320105044927,0.00162288889849882
SPY,2013-05-13,2012-11-14,2013-05-13,123,0.35290273768936004,237.97061592174583,0.01174862808582871,2.3623037066070913,0.17318045732990095,0.013353162962366423,4.097560975609756,0.0010342472822273407,0.03427320105044927,0.00162288889849882
SPY,2013-05-14,2012-11-15,2013-05-14,123,0.40248114915989797,236.15428968135257,0.011587053526345417,2.3370333615745755,0.1786018779198966,0.014524166736444275,4.097560975609756,0.0010342472822273407,0.03427320105044927,0.00162288889849882
SPY,2013-05-15,2012-11-16,2013-05-15,123,0.4168861595860974,237.07853647154806,0.011642827767919228,2.347231049018371,0.1733259837118553,0.01246137654930562,4.097560975609756,0.0010342472822273407,0.03427320105044927,0.00162288889849882
SPY,2013-05-16,2012-11-19,2013-05-16,123,0.39635420676428984,233.5705091428194,0.011644210429062865,2.290348513702796,0.09452932666366065,0.010266197872404825,4.097560975609756,0.0010342472822273407,0.03427320105044927,0.00162288889849882
SPY,2013-05-17,2012-11-19,2013-05-17,124,0.41422277834448024,234.16312952470267,0.011764659407815996,2.2949710324334194,0.10389219758858809,0.010983311095660206,4.064516129032258,0.0010342472822273407,0.03427320105044927,0.00162288889849882
SPY,2013-05-20,2012-11-21,2013-05-20,123,0.37374401769546556,223.97175006681084,0.01105746541868359,2.2233349895701435,0.11115772736811162,0.010053378476138285,4.097560975609756,0.0010342472822273407,0.03427320105044927,0.00162288889849882
SPY,2013-05-21,2012-11-23,2013-05-21,123,0.3725448304232532,220.3519005526321,0.011052596380376678,2.2048093489827405,0.0839236675636368,0.009829508870301804,4.097560975609756,0.0010342472822273407,0.03427320105044927,0.00162288889849882
SPY,2013-05-22,2012-11-23,2013-05-22,124,0.3526337771043661,220.99549822941344,0.01109957674682326,2.212714637394398,0.07320047453579907,0.009344765432625659,4.064516129032258,0.0010342472822273407,0.03427320105044927,0.00162288889849882
SPY,2013-05-23,2012-11-26,2013-05-23,124,0.3199894311772878,217.6150930847085,0.010765087663926785,2.1623887742901036,0.06935555770342695,0.009437237474341605,4.064516129032258,0.0010342472822273407,0.03427320105044927,0.00162288889849882
SPY,2013-05-24,2012-11-26,2013-05-24,125,0.3162872091839217,216.86962666203976,0.010678157953707126,2.1499483288531223,0.06954822496432825,0.009244144916855705,4.032,0.0010342472822273407,0.03427320105044927,0.00162288889849882
SPY,2013-05-28,2012-11-29,2013-05-28,123,0.3326615845542961,216.6152001821967,0.010738594926629604,2.154758886776369,0.07372562604807331,0.009683828996298868,4.097560975609756,0.0010342472822273407,0.03427320105044927,0.00162288889849882
SPY,2013-05-29,2012-11-30,2013-05-29,123,0.3091368486827078,217.1448156654734,0.010797253122013989,2.1632756404873503,0.07193997671268258,0.009638121441767447,4.097560975609756,0.0010342472822273407,0.03427320105044927,0.00162288889849882
SPY,2013-05-30,2012-12-03,2013-05-30,123,0.31674473211632476,217.59468983355026,0.010827452002458614,2.168541640844542,0.07282916905111966,0.009738209207424188,4.097560975609756,0.0010342472822273407,0.03427320105044927,0.00162288889849882
SPY,2013-05-31,2012-12-03,2013-05-31,124,0.28450089309724336,220.27033254656786,0.011164239581884727,2.215506679272896,0.02363238259784774,0.011174836049277905,4.064516129032258,0.0010342472822273407,0.03427320105044927,0.00162288889849882
SPY,2013-06-03,2012-12-04,2013-06-03,124,0.3065160351736814,223.2514976540019,0.01119334551993725,2.2333543327083976,0.009950126724338182,0.010538800469111568,4.064516129032258,0.0010342472822273407,0.03427320105044927,0.00162288889849882
SPY,2013-06-04,2012-12-05,2013-06-04,124,0.2987131616781235,224.00236651232322,0.011249139529552732,2.2426755128325255,0.01053351468137919,0.009558498403839207,4.064516129032258,0.0010342472822273407,0.03427320105044927,0.00162288889849882
SPY,2013-06-05,2012-12-06,2013-06-05,124,0.2667644198490599,225.7661622582387,0.01162232535506861,2.288529029868047,-0.022948992223148876,0.011726011280219273,4.064516129032258,0.0010342472822273407,0.03427320105044927,0.00162288889849882
SPY,2013-06-06,2012-12-07,2013-06-06,124,0.2771257177265891,225.49136184783094,0.011747600619695228,2.2994291231684456,-0.03463243366962225,0.012271713920190708,4.064516129032258,0.0010342472822273407,0.03427320105044927,0.00162288889849882
SPY,2013-06-07,2012-12-10,2013-06-07,124,0.29723347674556605,224.8207153086323,0.012062740717677559,2.3265995790816123,-0.019878730293755368,0.013959873105389082,4.064516129032258,0.0010342472822273407,0.03427320105044927,0.00162288889849882
SPY,2013-06-10,2012-12-11,2013-06-10,124,0.2958710075293006,228.3153119284215,0.012062625342773223,2.3306996189579396,-0.01947531042060018,0.013836243380749751,4.064516129032258,0.0010342472822273407,0.03427320105044927,0.00162288889849882
SPY,2013-06-11,2012-12-12,2013-06-11,124,0.2614958184814931,229.89193744107442,0.01218854057846242,2.3420809007934715,-0.03532372100217927,0.014851021487711571,4.064516129032258,0.0010342472822273407,0.03427320105044927,0.00162288889849882
SPY,2013-06-12,2012-12-13,2013-06-12,124,0.24332841260922855,229.74417818430453,0.012324214721119123,2.321830576345658,-0.027031640981433833,0.0156442829536916,4.064516129032258,0.0010342472822273407,0.03427320105044927,0.00162288889849882
SPY,2013-06-13,2012-12-14,2013-06-13,124,0.2862779488930116,228.50188750606875,0.012697604434079574,2.377062442520466,-0.0003375716209182201,0.016986201285625595,4.064516129032258,0.0010342472822273407,0.03427320105044927,0.00162288889849882
SPY,2013-06-14,2012-12-17,2013-06-14,124,0.28258032615053896,229.5726202969717,0.012734454127721789,2.3215843108086487,-0.00038757549792962806,0.017051625952638018,4.064516129032258,0.0010342472822273407,0.03427320105044927,0.00162288889849882
SPY,2013-06-17,2012-12-18,2013-06-17,124,0.27384688026381654,232.68321219179893,0.012566323539721813,2.3296316037803813,0.0026814427639218056,0.017433147240695484,4.064516129032258,0.0010342472822273407,0.03427320105044927,0.00162288889849882
SPY,2013-06-18,2012-12-19,2013-06-18,124,0.26635215772612764,232.70693579913845,0.012423182353095714,2.344039520310754,-0.005320935431929764,0.016896922023138413,4.064516129032258,0.0010342472822273407,0.03427320105044927,0.00162288889849882
SPY,2013-06-19,2012-12-20,2013-06-19,124,0.2532687192142348,231.9006954278659,0.012703279288578024,2.3882598670753676,-0.029478065061903005,0.01920017969978272,4.064516129032258,0.0010342472822273407,0.03427320105044927,0.00162288889849882
SPY,2013-06-20,2012-12-21,2013-06-20,124,0.19367652461511084,217.31795939149302,0.013749178424041601,2.4421181378339663,-0.20089129806671827,0.01920017969978272,4.064516129032258,0.00011424751953903467,0.0355742771922231,0.0007472912014545585
SPY,2013-06-21,2012-12-24,2013-06-21,124,0.22221000466612406,214.6393734524935,0.013205622325008508,2.3785627775330247,-0.2060151790381222,0.019245999994004327,4.064516129032258,0.00011424751953903467,0.0355742771922231,0.0007472912014545585
SPY,2013-06-24,2012-12-26,2013-06-24,124,0.20177087581155187,216.66927203230284,0.013502767944039568,2.416520869634424,-0.22178224605172497,0.0202376976225151,4.064516129032258,0.00011424751953903467,0.0355742771922231,0.0007472912014545585
SPY,2013-06-25,2012-12-26,2013-06-25,125,0.21968049186307897,215.88900753640942,0.013579541129459584,2.4190135351411577,-0.225848914910628,0.021237699142994795,4.032,0.00011424751953903467,0.0355742771922231,0.0007472912014545585
SPY,2013-06-26,2012-12-27,2013-06-26,125,0.2494651720419934,215.9609994762769,0.01372690363057721,2.4325089272577265,-0.22482194179710047,0.022373272764563776,4.032,0.00011424751953903467,0.0355742771922231,0.0007472912014545585
SPY,2013-06-27,2012-12-28,2013-06-27,125,0.26440923789889,214.8844397399882,0.013804967670943694,2.433328076764385,-0.2149159548171617,0.02236468319444127,4.032,0.00011424751953903467,0.0355742771922231,0.0007472912014545585
SPY,2013-06-28,2012-12-31,2013-06-28,125,0.2781821781203153,219.7869292433691,0.013594075590330788,2.4420595887248004,-0.24909357099067422,0.02201560859548834,4.032,0.00011424751953903467,0.0355742771922231,0.0007472912014545585
SPY,2013-07-01,2013-01-02,2013-07-01,125,0.2550432077518697,212.97857488423563,0.013077983048329921,2.3578644222854304,-0.2665731083679099,0.022204966742276205,4.032,0.00011424751953903467,0.0355742771922231,0.0007472912014545585
SPY,2013-07-02,2013-01-03,2013-07-02,125,0.30189615409756404,225.45120412680157,0.011975419312636994,2.1788186671658907,-0.03962815354627195,0.01973411994559976,4.032,-0.02412056535620355,0.0013010761417738314,-0.023831163152554624
SPY,2013-07-03,2013-01-04,2013-07-03,125,0.30787279026892406,224.7891961746175,0.011967828871614714,2.183075771465135,-0.040735726970045204,0.019311682835271023,4.032,-0.02412056535620355,0.0013010761417738314,-0.023831163152554624
SPY,2013-07-05,2013-01-07,2013-07-05,125,0.31871884283664215,226.89972459900912,0.012130304729932003,2.1930450158560375,-0.027718634579252676,0.020186533803024057,4.032,-0.02412056535620355,0.0013010761417738314,-0.023831163152554624
SPY,2013-07-08,2013-01-09,2013-07-08,124,0.34521686363755494,229.29634190972558,0.012255292300142027,2.171799874105606,-0.032228814751693015,0.01834260163276001,4.064516129032258,-0.02412056535620355,0.0013010761417738314,-0.023831163152554624
SPY,2013-07-09,2013-01-10,2013-07-09,124,0.3545737172298015,229.05439992278926,0.01234758076354039,2.1671805383180036,-0.035062748528435626,0.018086149926167416,4.064516129032258,-0.02412056535620355,0.0013010761417738314,-0.023831163152554624
SPY,2013-07-10,2013-01-11,2013-07-10,124,0.3394129740763323,228.89814586895722,0.012229473762299716,2.168041601478506,-0.03531232666506217,0.01615017082361494,4.064516129032258,-0.02412056535620355,0.0013010761417738314,-0.023831163152554624
SPY,2013-07-11,2013-01-14,2013-07-11,124,0.3672540702302362,234.0236633355327,0.012607904079038248,2.2097848788138026,-0.002409619542526684,0.018347718041762186,4.064516129032258,-0.02412056535620355,0.0013010761417738314,-0.023831163152554624
SPY,2013-07-12,2013-01-14,2013-07-12,125,0.3705481841818057,237.7479585140355,0.012524649994971354,2.1821706395219422,-0.006262116772672738,0.017223593408767682,4.032,-0.02412056535620355,0.0013010761417738314,-0.023831163152554624
SPY,2013-07-15,2013-01-16,2013-07-15,124,0.3760105377475272,239.2625889784872,0.01262673830176865,2.175473492949937,-0.006267837642982039,0.016452628394415483,4.064516129032258,-0.02412056535620355,0.0013010761417738314,-0.023831163152554624
SPY,2013-07-16,2013-01-17,2013-07-16,124,0.3676976852626824,238.79205577805715,0.012654982641108883,2.1773361775174247,-0.008996589019684798,0.014009494327755096,4.064516129032258,-0.02412056535620355,0.0013010761417738314,-0.023831163152554624
SPY,2013-07-17,2013-01-18,2013-07-17,124,0.3620095889271077,238.36811414397218,0.012606634835096315,2.180972664745258,-0.008552471006692097,0.013693942520696048,4.064516129032258,-0.02412056535620355,0.0013010761417738314,-0.023831163152554624
SPY,2013-07-18,2013-01-22,2013-07-18,124,0.36555378980531567,238.46828509538213,0.012636826862084649,2.18077433850658,-0.007967308563947473,0.013331086851353792,4.064516129032258,-0.02412056535620355,0.0013010761417738314,-0.023831163152554624
SPY,2013-07-19,2013-01-22,2013-07-19,125,0.36591298376773196,237.85136544695956,0.01253950469509073,2.1811625570632467,-0.008030759471924808,0.012644798472953127,4.032,-0.02412056535620355,0.0013010761417738314,-0.023831163152554624
SPY,2013-07-22,2013-01-23,2013-07-22,125,0.36097434274243845,237.4882280151041,0.01250741402108335,2.1836276840776288,-0.00799501069356912,0.010385969397802624,4.032,-0.02412056535620355,0.0013010761417738314,-0.023831163152554624
SPY,2013-07-23,2013-01-24,2013-07-23,125,0.3540565682140179,237.62103058951115,0.012509695652447203,2.1825659199935012,-0.007999512615846478,0.01034493545604356,4.032,-0.02412056535620355,0.0013010761417738314,-0.023831163152554624
SPY,2013-07-24,2013-01-25,2013-07-24,125,0.34620428409695186,237.26445830482186,0.012539220644347857,2.1837935506164436,-0.010472292726347126,0.008726938069256623,4.032,-0.02412056535620355,0.0013010761417738314,-0.023831163152554624
SPY,2013-07-25,2013-01-28,2013-07-25,125,0.34035525217328283,236.97077078305787,0.012492536810978073,2.1856083854741963,-0.01178135929093332,0.007713123030117432,4.032,-0.02412056535620355,0.0013010761417738314,-0.023831163152554624
SPY,2013-07-26,2013-01-28,2013-07-26,126,0.3392762434709083,235.8663927585274,0.012393155954683245,2.1895278494568164,-0.011734662849265482,0.006582148328715606,4.0,-0.02412056535620355,0.0013010761417738314,-0.023831163152554624
SPY,2013-07-29,2013-01-30,2013-07-29,125,0.32771900195150827,235.94365118284193,0.01246087465221708,2.1935197536776925,-0.014813731168118656,0.006274270066853238,4.032,-0.02412056535620355,0.0013010761417738314,-0.023831163152554624
SPY,2013-07-30,2013-01-31,2013-07-30,125,0.33602142041265237,235.8267969827572,0.01243399928888547,2.194778851858744,-0.01503310085725211,0.006054923037836136,4.032,-0.02412056535620355,0.0013010761417738314,-0.023831163152554624
SPY,2013-07-31,2013-02-01,2013-07-31,125,0.3411829192481852,233.29233509733612,0.01242113749856252,2.1939879150603447,-0.026903721917395665,0.0056912636958679885,4.032,-0.02412056535620355,0.0013010761417738314,-0.023831163152554624
SPY,2013-08-01,2013-02-04,2013-08-01,125,0.34636005271680487,238.58521243325666,0.012537786663746161,2.226044471689314,0.004465949092460547,0.007573734365946901,4.032,-0.02412056535620355,0.0013010761417738314,-0.023831163152554624
SPY,2013-08-02,2013-02-04,2013-08-02,126,0.34691470479504544,241.58147192752605,0.012442190670886711,2.203477387006656,0.004049564714773983,0.007598160952385677,4.0,-0.02412056535620355,0.0013010761417738314,-0.023831163152554624
SPY,2013-08-05,2013-02-06,2013-08-05,125,0.3491817839470528,241.45487558803725,0.012048523067860605,2.238823902630432,0.005997629063407114,0.006387910797022809,4.032,-0.02412056535620355,0.0013010761417738314,-0.023831163152554624
SPY,2013-08-06,2013-02-07,2013-08-06,125,0.3361427332674449,242.2596858400276,0.01211402928585007,2.234215707667163,0.002997354339233173,0.006409868418460296,4.032,-0.02412056535620355,0.0013010761417738314,-0.023831163152554624
SPY,2013-08-07,2013-02-08,2013-08-07,125,0.3318586446882248,242.33116870900952,0.012134949598271456,2.230979089416275,0.0025807012936603026,0.005934307142696192,4.032,-0.02412056535620355,0.0013010761417738314,-0.023831163152554624
SPY,2013-08-08,2013-02-11,2013-08-08,125,0.3287306763646343,242.16802791252744,0.012104578407943024,2.231404797572578,0.0019438344375550894,0.006134573264026443,4.032,-0.02412056535620355,0.0013010761417738314,-0.023831163152554624
SPY,2013-08-09,2013-02-11,2013-08-09,126,0.31919936635902074,241.55695062539462,0.012030254104761388,2.2312374913120023,0.002295557511969239,0.004073575603026482,4.0,-0.02412056535620355,0.0013010761417738314,-0.023831163152554624
SPY,2013-08-12,2013-02-13,2013-08-12,125,0.31728568051625405,242.92275146240618,0.01212450819174087,2.2251023805511063,0.0026222582906613836,0.00397588184302634,4.032,-0.02412056535620355,0.0013010761417738314,-0.023831163152554624
SPY,2013-08-13,2013-02-14,2013-08-13,125,0.3212437505442342,243.1409318529424,0.01214049159578429,2.223385846387042,0.0028021967752316504,0.00406028540104682,4.032,-0.02412056535620355,0.0013010761417738314,-0.023831163152554624
SPY,2013-08-14,2013-02-15,2013-08-14,125,0.30939945920283574,243.86403037837331,0.012189839372462777,2.2178993136368224,0.0014257897289834277,0.004191879968424806,4.032,-0.02412056535620355,0.0013010761417738314,-0.023831163152554624
SPY,2013-08-15,2013-02-19,2013-08-15,125,0.28235182300837336,245.67427565251472,0.012598912630062003,2.268744818705085,-0.03964044005747299,0.0064999151757214125,4.032,-0.02412056535620355,0.0013010761417738314,-0.023831163152554624
SPY,2013-08-16,2013-02-19,2013-08-16,126,0.27347020073039574,249.10023923287812,0.012518772614579456,2.23546929307641,-0.027927298752916826,0.006312417312685467,4.0,-0.02412056535620355,0.0013010761417738314,-0.023831163152554624
SPY,2013-08-19,2013-02-20,2013-08-19,126,0.24649637732102941,249.10451354617018,0.012475149497126808,2.218555538289713,-0.012653998848979666,0.006688252158665563,4.0,-0.02412056535620355,0.0013010761417738314,-0.023831163152554624
SPY,2013-08-20,2013-02-21,2013-08-20,126,0.2794784448439665,248.11156468646575,0.01219283783135479,2.2429227103828375,-0.02490799395124345,0.0068146067739098684,4.0,-0.02412056535620355,0.0013010761417738314,-0.023831163152554624
SPY,2013-08-21,2013-02-22,2013-08-21,126,0.2802000362545776,247.65248875382645,0.012184320101867097,2.2454778177548933,-0.031060203441972762,0.007166635800938103,4.0,-0.02412056535620355,0.0013010761417738314,-0.023831163152554624
SPY,2013-08-22,2013-02-25,2013-08-22,126,0.2796165466637993,252.0,0.012174169187825176,1e-06,0.046363781784972115,0.007871922927202152,4.0,-0.02412056535620355,0.0013010761417738314,-0.023831163152554624
SPY,2013-08-23,2013-02-25,2013-08-23,127,0.28557649250822564,252.0,0.012110103618308889,1e-06,0.0440446281208183,0.007991457168607425,3.968503937007874,-0.02412056535620355,0.0013010761417738314,-0.023831163152554624
SPY,2013-08-26,2013-02-27,2013-08-26,126,0.30449175623168667,250.69218987054393,0.011472791455921477,2.058170586679366,0.04762837058546169,0.008177076865566202,4.0,-0.02412056535620355,0.0013010761417738314,-0.023831163152554624
SPY,2013-08-27,2013-02-28,2013-08-27,126,0.24602374980643685,251.099177324591,0.011653818461246688,2.1986847292360623,-0.019887436223993214,0.011061216775425898,4.0,-0.02412056535620355,0.0013010761417738314,-0.023831163152554624
SPY,2013-08-28,2013-03-01,2013-08-28,126,0.253619388312918,252.0,0.01166976758479312,1e-06,-0.026117456098891816,0.011161445117574421,4.0,-0.02412056535620355,0.0013010761417738314,-0.023831163152554624
SPY,2013-08-29,2013-03-01,2013-08-29,127,0.25581661838906533,252.0,0.011585268889153493,1e-06,-0.026180181870710723,0.011214177651960923,3.968503937007874,-0.02412056535620355,0.0013010761417738314,-0.023831163152554624
SPY,2013-08-30,2013-03-01,2013-08-30,128,0.24761982361377124,252.0,0.01151233519740361,1e-06,-0.026442293854435514,0.009444462685045318,3.9375,-0.02412056535620355,0.0013010761417738314,-0.023831163152554624
SPY,2013-09-03,2013-03-04,2013-09-03,128,0.25138558417497414,252.0,0.011536945574093915,1e-06,-0.02688936694601194,0.009624494102191654,3.9375,-0.02412056535620355,0.0013010761417738314,-0.023831163152554624
SPY,2013-09-04,2013-03-05,2013-09-04,128,0.25873560406377294,252.0,0.011631466662372083,1e-06,-0.0302338871211894,0.010421845462175453,3.9375,-0.02412056535620355,0.0013010761417738314,-0.023831163152554624
SPY,2013-09-05,2013-03-06,2013-09-05,128,0.24216685010284067,252.0,0.011453427908686215,1e-06,-0.030043126798895266,0.010050946441819607,3.9375,-0.02412056535620355,0.0013010761417738314,-0.023831163152554624
SPY,2013-09-06,2013-03-07,2013-09-06,128,0.23978668200930464,252.0,0.011449793209140306,1e-06,-0.0300519138219018,0.009905364475733381,3.9375,-0.02412056535620355,0.0013010761417738314,-0.023831163152554624
SPY,2013-09-09,2013-03-11,2013-09-09,127,0.24880942367258968,252.0,0.011692220453369795,1e-06,-0.017478712467331268,0.010890306901965578,3.968503937007874,-0.02412056535620355,0.0013010761417738314,-0.023831163152554624
SPY,2013-09-10,2013-03-11,2013-09-10,128,0.26139892251578445,252.0,0.01170548267600595,1e-06,-0.021575557406872815,0.011389111458732499,3.9375,-0.02412056535620355,0.0013010761417738314,-0.023831163152554624
SPY,2013-09-11,2013-03-12,2013-09-11,128,0.2611035218298188,252.0,0.011703565216354976,1e-06,-0.023161157352308972,0.01149477402725903,3.9375,-0.02412056535620355,0.0013010761417738314,-0.023831163152554624
SPY,2013-09-12,2013-03-13,2013-09-12,128,0.25962302097052614,252.0,0.011711613183042027,1e-06,-0.023069253927100835,0.011502285183392968,3.9375,-0.02412056535620355,0.0013010761417738314,-0.023831163152554624
SPY,2013-09-13,2013-03-14,2013-09-13,128,0.2617347329116786,252.0,0.01172077138254132,1e-06,-0.025037224672573063,0.011292669964052012,3.9375,-0.02412056535620355,0.0013010761417738314,-0.023831163152554624
SPY,2013-09-16,2013-03-18,2013-09-16,127,0.2762034033546424,252.0,0.011741918799990356,1e-06,-0.02356291579714085,0.009268605175203327,3.968503937007874,-0.02412056535620355,0.0013010761417738314,-0.023831163152554624
SPY,2013-09-17,2013-03-18,2013-09-17,128,0.28241021998842797,252.0,0.011683999788789019,1e-06,-0.024164917971568632,0.009353489588460268,3.9375,-0.02412056535620355,0.0013010761417738314,-0.023831163152554624
SPY,2013-09-18,2013-03-19,2013-09-18,128,0.31752510971572434,252.0,0.011913247432831908,1e-06,-0.005587391091173178,0.010686329493374827,3.9375,-0.02412056535620355,0.0013010761417738314,-0.023831163152554624
SPY,2013-09-19,2013-03-20,2013-09-19,128,0.318974494602676,252.0,0.011907312614037813,1e-06,-0.002576443602142224,0.010543926798151897,3.9375,-0.02412056535620355,0.0013010761417738314,-0.023831163152554624
SPY,2013-09-20,2013-03-21,2013-09-20,128,0.28142184313590235,252.0,0.01211067792838031,1e-06,-0.025658634857560595,0.011906415744870771,3.9375,-0.02412056535620355,0.0013010761417738314,-0.023831163152554624
SPY,2013-09-23,2013-03-25,2013-09-23,127,0.2764835273828144,252.0,0.012011180134269753,1e-06,-0.016459717504893893,0.01129634484860474,3.968503937007874,-0.02412056535620355,0.0013010761417738314,-0.023831163152554624
SPY,2013-09-24,2013-03-25,2013-09-24,128,0.26928989883890964,252.0,0.011928349882214606,1e-06,-0.01564015324179188,0.011172944628463416,3.9375,-0.02412056535620355,0.0013010761417738314,-0.023831163152554624
SPY,2013-09-25,2013-03-26,2013-09-25,128,0.270572216840252,252.0,0.011920597884130983,1e-06,-0.021039958779162832,0.011066876767413046,3.9375,-0.02412056535620355,0.0013010761417738314,-0.023831163152554624
SPY,2013-09-26,2013-03-27,2013-09-26,128,0.26173473367351896,252.0,0.011816750020356256,1e-06,-0.022253346439845032,0.008181802542487184,3.9375,-0.02412056535620355,0.0013010761417738314,-0.023831163152554624
SPY,2013-09-27,2013-03-28,2013-09-27,128,0.25474456223384934,252.0,0.01184864643760595,1e-06,-0.023078933674974052,0.008274380036446809,3.9375,-0.02412056535620355,0.0013010761417738314,-0.023831163152554624
SPY,2013-09-30,2013-04-01,2013-09-30,128,0.23467239640144832,252.0,0.01188797806362937,1e-06,-0.024686362443282896,0.008653328051421487,3.9375,-0.02412056535620355,0.0013010761417738314,-0.023831163152554624
SPY,2013-10-01,2013-04-02,2013-10-01,128,0.259569691625817,252.0,0.01197780464790806,1e-06,-0.02227582313600293,0.00931268747395748,3.9375,-0.02412056535620355,0.0013010761417738314,-0.023831163152554624
SPY,2013-10-02,2013-04-03,2013-10-02,128,0.24829631386594642,252.0,0.011924987933594384,1e-06,-0.008194457856232707,0.009102806832835438,3.9375,-0.02412056535620355,0.0013010761417738314,-0.023831163152554624
SPY,2013-10-03,2013-04-04,2013-10-03,128,0.25109684387749454,252.0,0.011870596653730366,1e-06,-0.015479599793694369,0.009256914521043363,3.9375,-0.02412056535620355,0.0013010761417738314,-0.023831163152554624
SPY,2013-10-04,2013-04-05,2013-10-04,128,0.2570038731878501,252.0,0.011936468639152466,1e-06,-0.018005061699672528,0.009835594553183934,3.9375,-0.02412056535620355,0.0013010761417738314,-0.023831163152554624
SPY,2013-10-07,2013-04-08,2013-10-07,128,0.24853613721954382,252.0,0.012045206992074627,1e-06,-0.02280345642424727,0.010709957486199075,3.9375,-0.02412056535620355,0.0013010761417738314,-0.023831163152554624
SPY,2013-10-08,2013-04-09,2013-10-08,128,0.21115558489777264,252.0,0.012250493106369,1e-06,-0.03400092461899654,0.011278456696033971,3.9375,-0.02412056535620355,0.0013010761417738314,-0.023831163152554624
SPY,2013-10-09,2013-04-10,2013-10-09,128,0.205433078260139,252.0,0.012226460848291735,1e-06,-0.05512433482193044,0.010647484500137668,3.9375,-0.02412056535620355,0.0013010761417738314,-0.023831163152554624
SPY,2013-10-10,2013-04-11,2013-10-10,128,0.22455104523942993,252.0,0.012874372318278138,1e-06,0.0733077588644484,0.016190261537591944,3.9375,-0.02412056535620355,0.0013010761417738314,-0.023831163152554624
SPY,2013-10-11,2013-04-12,2013-10-11,128,0.229800816666188,252.0,0.012926222537039355,1e-06,0.041928684011447954,0.01654469032732283,3.9375,-0.02412056535620355,0.0013010761417738314,-0.023831163152554624
SPY,2013-10-14,2013-04-15,2013-10-14,128,0.2435755444851928,252.0,0.012943385108934351,1e-06,0.013316196073420265,0.01665589837130431,3.9375,-0.02412056535620355,0.0013010761417738314,-0.023831163152554624
SPY,2013-10-15,2013-04-16,2013-10-15,128,0.22760698230499166,252.0,0.012940962411409337,1e-06,0.010142005975233336,0.016874576421530698,1.96875,-0.025040565118891855,0.0,-0.024729650731765696
SPY,2013-10-16,2013-04-17,2013-10-16,128,0.22690028609919657,252.0,0.012921175936021519,1e-06,0.0318146797409112,0.01895525941148847,1.96875,-0.025040565118891855,0.0,-0.024729650731765696
SPY,2013-10-17,2013-04-18,2013-10-17,128,0.26888411591054723,252.0,0.012599766630141234,1e-06,0.008468777561461027,0.017761851226653306,1.96875,-0.025040565118891855,0.0,-0.024729650731765696
SPY,2013-10-18,2013-04-19,2013-10-18,128,0.29512039905483217,252.0,0.012595611290253444,1e-06,0.005424843718198345,0.018239774344898766,1.96875,-0.025040565118891855,0.0,-0.024729650731765696
SPY,2013-10-21,2013-04-22,2013-10-21,128,0.27780021296443036,252.0,0.012440922236815765,1e-06,0.00816407436413688,0.016484167981163495,1.96875,-0.025040565118891855,0.0,-0.024729650731765696
SPY,2013-10-22,2013-04-23,2013-10-22,128,0.2798880452190047,252.0,0.0124625667194807,1e-06,0.0009168006540641745,0.016607195866271445,1.96875,-0.025040565118891855,0.0,-0.024729650731765696
SPY,2013-10-23,2013-04-24,2013-10-23,128,0.24999957091968936,252.0,0.01229443666826488,1e-06,0.0004932078230370175,0.016799421028096593,1.96875,-0.025040565118891855,0.0,-0.024729650731765696
SPY,2013-10-24,2013-04-25,2013-10-24,128,0.2562212831182224,252.0,0.012315498075729344,1e-06,-0.0003759850376123712,0.01683936505229108,1.96875,-0.025040565118891855,0.0,-0.024729650731765696
SPY,2013-10-25,2013-04-26,2013-10-25,128,0.25685253517660284,252.0,0.012320808478726816,1e-06,-0.0004791901019784025,0.016906757328216192,1.96875,-0.025040565118891855,0.0,-0.024729650731765696
SPY,2013-10-28,2013-04-29,2013-10-28,128,0.263076000966273,252.0,0.012317889737883633,1e-06,-0.003936234757289362,0.016733302960674865,1.96875,-0.025040565118891855,0.0,-0.024729650731765696
SPY,2013-10-29,2013-04-30,2013-10-29,128,0.25999297314122577,252.0,0.01227849744718936,1e-06,-0.0016006384244781145,0.016679514001779257,1.96875,-0.025040565118891855,0.0,-0.024729650731765696
SPY,2013-10-30,2013-05-01,2013-10-30,128,0.2455446805709928,252.0,0.012311839674490623,1e-06,0.008506155099336075,0.01618193403478185,1.96875,-0.025040565118891855,0.0,-0.024729650731765696
SPY,2013-10-31,2013-05-01,2013-10-31,129,0.23624277414074252,252.0,0.012243344795064295,1e-06,0.008951774406500327,0.016348002856793074,1.9534883720930234,-0.025040565118891855,0.0,-0.024729650731765696
SPY,2013-11-01,2013-05-02,2013-11-01,129,0.21915653429523246,252.0,0.011248569557254492,1e-06,-0.09608481959342514,0.010784506333774372,3.906976744186047,-0.0016579900155155869,0.03306795483440219,-0.0011106279927495244
SPY,2013-11-04,2013-05-06,2013-11-04,128,0.1880348949557007,252.0,0.010962313021292221,1e-06,-0.0989035796123179,0.009962175140648455,3.9375,-0.0016579900155155869,0.03306795483440219,-0.0011106279927495244
SPY,2013-11-05,2013-05-06,2013-11-05,129,0.18120742889900246,252.0,0.010890403587941994,1e-06,-0.09851851128844118,0.00945245848175603,3.906976744186047,-0.0016579900155155869,0.03306795483440219,-0.0011106279927495244
SPY,2013-11-06,2013-05-07,2013-11-06,129,0.18693303495574995,252.0,0.010928735277274892,1e-06,-0.09925119454894422,0.00885310167736881,3.906976744186047,-0.0016579900155155869,0.03306795483440219,-0.0011106279927495244
SPY,2013-11-07,2013-05-08,2013-11-07,129,0.1506915995664816,252.0,0.011209280936980212,1e-06,-0.12474945910326235,0.00912765109528938,3.906976744186047,-0.0016579900155155869,0.03306795483440219,-0.0011106279927495244
SPY,2013-11-08,2013-05-09,2013-11-08,129,0.20951445059880838,252.0,0.012358456293224435,1e-06,-0.015072901686864005,0.011245488096428108,1.9534883720930234,-0.025040565118891855,0.0,-0.024729650731765696
SPY,2013-11-11,2013-05-13,2013-11-11,128,0.2104531701947644,252.0,0.012399468330539221,1e-06,-0.015088997261909556,0.01078286245461472,1.96875,-0.025040565118891855,0.0,-0.024729650731765696
SPY,2013-11-12,2013-05-13,2013-11-12,129,0.2042787528573607,252.0,0.012313021957952919,1e-06,-0.01524309203548196,0.010647949896617064,1.9534883720930234,-0.025040565118891855,0.0,-0.024729650731765696
SPY,2013-11-13,2013-05-14,2013-11-13,129,0.22040713035721896,252.0,0.012449576848503334,1e-06,-0.021135136914747405,0.010878810489069617,1.9534883720930234,-0.025040565118891855,0.0,-0.024729650731765696
SPY,2013-11-14,2013-05-15,2013-11-14,129,0.2100128707459916,252.0,0.012290888590407216,1e-06,-0.019317929759901944,0.008885740410034896,1.9534883720930234,-0.025040565118891855,0.0,-0.024729650731765696
SPY,2013-11-15,2013-05-16,2013-11-15,129,0.20765965843350317,252.0,0.012268313582055912,1e-06,-0.019917577184655665,0.008550328759750486,1.9534883720930234,-0.025040565118891855,0.0,-0.024729650731765696
SPY,2013-11-18,2013-05-20,2013-11-18,128,0.19162521987830708,252.0,0.01213500038427835,1e-06,-0.030315645271425835,0.008197711807144181,1.96875,-0.025040565118891855,0.0,-0.024729650731765696
SPY,2013-11-19,2013-05-20,2013-11-19,129,0.14484221515881504,252.0,0.011205327533366432,1e-06,-0.1428448921248909,0.00823877293416113,3.906976744186047,-0.0016579900155155869,0.03306795483440219,-0.0011106279927495244
SPY,2013-11-20,2013-05-21,2013-11-20,129,0.1807824664524448,252.0,0.012071294607521267,1e-06,-0.030446007400132192,0.008001642909797076,1.9534883720930234,-0.025040565118891855,0.0,-0.024729650731765696
SPY,2013-11-21,2013-05-22,2013-11-21,129,0.19336125477867422,252.0,0.012195493883164831,1e-06,-0.019563309763770784,0.008527887293987515,1.9534883720930234,-0.025040565118891855,0.0,-0.024729650731765696
SPY,2013-11-22,2013-05-23,2013-11-22,129,0.21939590220450905,252.0,0.012114830644290333,1e-06,-0.023972316066905846,0.008707915047241983,1.9534883720930234,-0.025040565118891855,0.0,-0.024729650731765696
SPY,2013-11-25,2013-05-28,2013-11-25,128,0.22524055859929631,252.0,0.012197385190626377,1e-06,-0.026047257542822198,0.008497727888819685,1.96875,-0.025040565118891855,0.0,-0.024729650731765696
SPY,2013-11-26,2013-05-28,2013-11-26,129,0.22397968373672944,252.0,0.012102219502774306,1e-06,-0.026038517765354586,0.008477152527510924,1.9534883720930234,-0.025040565118891855,0.0,-0.024729650731765696
SPY,2013-11-27,2013-05-28,2013-11-27,130,0.1865306859590875,252.0,0.011187435719162926,1e-06,-0.1381899142558475,0.008186924879636986,3.8769230769230765,-0.0016579900155155869,0.03306795483440219,-0.0011106279927495244
SPY,2013-11-29,2013-05-30,2013-11-29,129,0.18766247022474183,252.0,0.011103164685679616,1e-06,-0.1366074442395346,0.007917791036895433,3.906976744186047,-0.0016579900155155869,0.03306795483440219,-0.0011106279927495244
SPY,2013-12-02,2013-06-03,2013-12-02,128,0.20488537321470446,248.86913386602046,0.01076452004600939,2.1851268148349265,-0.08714326782262513,0.007834887456271871,3.9375,-0.0016579900155155869,0.03306795483440219,-0.0011106279927495244
SPY,2013-12-03,2013-06-04,2013-12-03,128,0.1866492358736167,248.19631719142959,0.010712325615157793,2.1934153183138325,-0.08807790345374743,0.007852302634488582,3.9375,-0.0016579900155155869,0.03306795483440219,-0.0011106279927495244
SPY,2013-12-04,2013-06-05,2013-12-04,128,0.19548211119437653,246.21770185515572,0.01065480957103303,2.145719058415929,-0.05502537418186258,0.007713477702284031,3.9375,-0.0016579900155155869,0.03306795483440219,-0.0011106279927495244
SPY,2013-12-05,2013-06-06,2013-12-05,128,0.21403634922031145,248.3521521974744,0.010323228703179461,2.1824416787782215,-0.04335176210540877,0.00784790269109688,3.9375,-0.0016579900155155869,0.03306795483440219,-0.0011106279927495244
SPY,2013-12-06,2013-06-07,2013-12-06,128,0.21934363583987881,252.0,0.010428103444015112,1e-06,-0.04233913109694594,0.009079739955925786,3.9375,-0.0016579900155155869,0.03306795483440219,-0.0011106279927495244
SPY,2013-12-09,2013-06-10,2013-12-09,128,0.19762285263701074,251.01356330495193,0.010112133838232545,2.180072049905383,-0.047602541329423986,0.0070916442484649685,3.9375,-0.0016579900155155869,0.03306795483440219,-0.0011106279927495244
SPY,2013-12-10,2013-06-11,2013-12-10,128,0.19186742726337158,248.55737932122273,0.010132005250424642,2.1702477019156086,-0.02999575441933365,0.005088653802460917,3.9375,-0.0016579900155155869,0.03306795483440219,-0.0011106279927495244
SPY,2013-12-11,2013-06-12,2013-12-11,128,0.18972889889374223,251.39659160458822,0.010177714560657214,2.2103587482158034,-0.05799197704999738,0.0065935391624130976,3.9375,-0.0016579900155155869,0.03306795483440219,-0.0011106279927495244
SPY,2013-12-12,2013-06-13,2013-12-12,128,0.19900440506097894,252.0,0.01006988145982023,1e-06,-0.08719739049989929,0.0066764885155053,3.9375,-0.0016579900155155869,0.03306795483440219,-0.0011106279927495244
SPY,2013-12-13,2013-06-14,2013-12-13,128,0.16932550953308123,252.0,0.009635166779694471,1e-06,-0.1101904915092251,0.005844038604282253,3.9375,-0.0016579900155155869,0.03306795483440219,-0.0011106279927495244
SPY,2013-12-16,2013-06-17,2013-12-16,128,0.19363814940700586,252.0,0.009644902078472267,1e-06,-0.10906602170755376,0.006017816021298138,3.9375,-0.0016579900155155869,0.03306795483440219,-0.0011106279927495244
SPY,2013-12-17,2013-06-18,2013-12-17,128,0.17244741453894186,252.0,0.00955107201163207,1e-06,-0.1079324178641504,0.005920350922021664,3.9375,-0.0016579900155155869,0.03306795483440219,-0.0011106279927495244
SPY,2013-12-18,2013-06-19,2013-12-18,128,0.18991276920354672,252.0,0.009973789669627836,1e-06,-0.0025914572119298132,0.009015291740955597,3.9375,-0.0016579900155155869,0.03306795483440219,-0.0011106279927495244
SPY,2013-12-19,2013-06-20,2013-12-19,128,0.2167717972396055,252.0,0.009589355260595437,1e-06,-0.007297206215589989,0.008976449682894516,3.9375,-0.0016579900155155869,0.03306795483440219,-0.0011106279927495244
SPY,2013-12-20,2013-06-21,2013-12-20,128,0.2138521626832217,252.0,0.009514589768362045,1e-06,-0.007301104134910812,0.008826870429480901,1.96875,0.02172458508786068,0.0,0.02196228205511419
SPY,2013-12-23,2013-06-24,2013-12-23,128,0.22988308983659048,252.0,0.009560167949494111,1e-06,0.026407714336686778,0.008391306043768995,1.96875,0.02172458508786068,0.0,0.02196228205511419
SPY,2013-12-24,2013-06-25,2013-12-24,128,0.2601188992099202,252.0,0.009282139938493602,1e-06,0.034311455018381405,0.008193257823654574,1.96875,0.02172458508786068,0.0,0.02196228205511419
SPY,2013-12-26,2013-06-27,2013-12-26,127,0.2330771105389946,252.0,0.009028638766068752,1e-06,0.040061253173676224,0.008443457517874139,1.984251968503937,0.02172458508786068,0.0,0.02196228205511419
SPY,2013-12-27,2013-06-28,2013-12-27,127,0.22024395722585943,252.0,0.008950339858755221,1e-06,0.0387390434685762,0.00844298537734066,1.984251968503937,0.02172458508786068,0.0,0.02196228205511419
SPY,2013-12-30,2013-07-01,2013-12-30,127,0.2286162574871362,252.0,0.008913473247793324,1e-06,0.037868840614794654,0.0083554607734909,1.984251968503937,0.02172458508786068,0.0,0.02196228205511419
SPY,2013-12-31,2013-07-01,2013-12-31,128,0.2347742364348206,252.0,0.008875205467601887,1e-06,0.038697302964552774,0.008541759990923043,1.96875,0.02172458508786068,0.0,0.02196228205511419
SPY,2014-01-02,2013-07-03,2014-01-02,127,0.20880634014628008,252.0,0.009037673853529753,1e-06,0.027765808539156615,0.009373042790721951,1.984251968503937,0.02172458508786068,0.0,0.02196228205511419
SPY,2014-01-03,2013-07-05,2014-01-03,127,0.20653885615131884,252.0,0.00903650971197191,1e-06,0.013059051839794495,0.00925678741615573,1.984251968503937,0.02172458508786068,0.0,0.02196228205511419
SPY,2014-01-06,2013-07-08,2014-01-06,127,0.18126810911095603,252.0,0.008843473635903461,1e-06,0.018745408262257388,0.00931851819224664,1.984251968503937,0.02172458508786068,0.0,0.02196228205511419
SPY,2014-01-07,2013-07-08,2014-01-07,128,0.19188115374272918,252.0,0.008846900308458335,1e-06,0.02151624902979206,0.009538800158888994,1.96875,0.02172458508786068,0.0,0.02196228205511419
SPY,2014-01-08,2013-07-09,2014-01-08,128,0.181069838848191,252.0,0.008786210244298511,1e-06,0.019583884264805486,0.0080316977576249,1.96875,0.02172458508786068,0.0,0.02196228205511419
SPY,2014-01-09,2013-07-10,2014-01-09,128,0.16747380475197607,252.0,0.00868368078541874,1e-06,0.019219722737089058,0.007992352014640429,1.96875,0.02172458508786068,0.0,0.02196228205511419
SPY,2014-01-10,2013-07-11,2014-01-10,128,0.17158970291133674,252.0,0.00869407291194206,1e-06,-0.022851995420800127,0.007935588640272535,1.96875,0.02172458508786068,0.0,0.02196228205511419
SPY,2014-01-13,2013-07-15,2014-01-13,127,0.1146673123146762,252.0,0.008692429941699196,1e-06,-0.0499913573906572,0.008311885695019578,1.984251968503937,0.02172458508786068,0.0,0.02196228205511419
SPY,2014-01-14,2013-07-15,2014-01-14,128,0.13510228006482916,252.0,0.008853444508534649,1e-06,-0.05706881855155615,0.009553076689084956,1.96875,0.02172458508786068,0.0,0.02196228205511419
SPY,2014-01-15,2013-07-16,2014-01-15,128,0.14264302898171868,252.0,0.008902763159258743,1e-06,-0.06311416667096043,0.00987374889248378,1.96875,0.02172458508786068,0.0,0.02196228205511419
SPY,2014-01-16,2013-07-17,2014-01-16,128,0.14738484826964823,252.0,0.008878900328299355,1e-06,-0.062041692501141686,0.009421685145715827,1.96875,0.02172458508786068,0.0,0.02196228205511419
SPY,2014-01-17,2013-07-18,2014-01-17,128,0.1339586591368844,252.0,0.008892599231288184,1e-06,-0.06455338986368289,0.009489468902495595,1.96875,0.02172458508786068,0.0,0.02196228205511419
SPY,2014-01-21,2013-07-22,2014-01-21,127,0.12710762745023274,252.0,0.008921039878560667,1e-06,-0.06443558664040898,0.0063282997265501195,1.984251968503937,0.02172458508786068,0.0,0.02196228205511419
SPY,2014-01-22,2013-07-23,2014-01-22,127,0.12440027154595333,252.0,0.008913638860196851,1e-06,-0.06452828207572563,0.006331670995411102,1.984251968503937,0.02172458508786068,0.0,0.02196228205511419
SPY,2014-01-23,2013-07-24,2014-01-23,127,0.11028164396083895,252.0,0.009065635319987511,1e-06,-0.07580467647538543,0.007280378192918424,1.984251968503937,0.02172458508786068,0.0,0.02196228205511419
SPY,2014-01-24,2013-07-25,2014-01-24,127,0.11881735271100126,252.0,0.009109105153242926,1e-06,-0.07553942701933349,0.007280378192918424,3.968503937007874,0.00033045519951491187,0.03025586864327018,0.0007884746760520311
SPY,2014-01-27,2013-07-29,2014-01-27,126,0.10305420968390949,252.0,0.00921555269335987,1e-06,-0.06920707235156197,0.007204181890002107,4.0,0.00033045519951491187,0.03025586864327018,0.0007884746760520311
SPY,2014-01-28,2013-07-29,2014-01-28,127,0.1145380336143879,252.0,0.009216973710971547,1e-06,-0.06762607382899975,0.007541938366492511,3.968503937007874,0.00033045519951491187,0.03025586864327018,0.0007884746760520311
SPY,2014-01-29,2013-07-30,2014-01-29,127,0.10151280175138294,252.0,0.00939690733443798,1e-06,-0.07831599835641029,0.008506501342850777,3.968503937007874,0.00033045519951491187,0.03025586864327018,0.0007884746760520311
SPY,2014-01-30,2013-07-31,2014-01-30,127,0.12333550136447154,252.0,0.009650925092959351,1e-06,-0.073270985723021,0.010020207843515299,3.968503937007874,0.00033045519951491187,0.03025586864327018,0.0007884746760520311
SPY,2014-01-31,2013-08-01,2014-01-31,127,0.11025553804666714,252.0,0.009735430095766922,1e-06,-0.09757356884609027,0.010523074473866125,3.968503937007874,0.00033045519951491187,0.03025586864327018,0.0007884746760520311
SPY,2014-02-03,2013-08-05,2014-02-03,126,0.08300348343009624,251.2515945562842,0.009566546669819471,2.190344853482656,-0.09575574810343682,0.010523074473866125,6.0,-0.00746512707221747,0.02529865811748628,-0.007119650367248154
SPY,2014-02-04,2013-08-05,2014-02-04,127,0.0978782730259505,251.19474911933924,0.009608290120310697,2.1948700807732666,-0.09315471577392778,0.011032087300878061,5.952755905511811,-0.00746512707221747,0.02529865811748628,-0.007119650367248154
SPY,2014-02-05,2013-08-06,2014-02-05,127,0.09717379990945786,251.85558742131562,0.0096104792317402,2.193131994754025,-0.08803226473384616,0.0101507148229568,5.952755905511811,-0.00746512707221747,0.02529865811748628,-0.007119650367248154
SPY,2014-02-06,2013-08-07,2014-02-06,127,0.09128558072352486,249.49905526651844,0.010694770027264896,2.3078132577806625,-0.12206583984275944,0.017375484076039532,3.968503937007874,-0.0006658532639107761,0.03166486158455389,-0.00016450800140077604
SPY,2014-02-07,2013-08-08,2014-02-07,127,0.12486330705078096,242.38756317787053,0.011019846619067637,2.308997311443341,-0.11927692182658448,0.01901454544524542,3.968503937007874,-0.0006658532639107761,0.03166486158455389,-0.00016450800140077604
SPY,2014-02-10,2013-08-12,2014-02-10,126,0.12765435986970697,246.17253441965653,0.011056501455662386,2.3308222124356486,-0.12080453984912765,0.01904456364633067,4.0,-0.0006658532639107761,0.03166486158455389,-0.00016450800140077604
SPY,2014-02-11,2013-08-12,2014-02-11,127,0.1488476436945184,247.65624987752292,0.011212833591457617,2.3543055188542996,-0.10280545976207121,0.020500187317206726,3.968503937007874,-0.0006658532639107761,0.03166486158455389,-0.00016450800140077604
SPY,2014-02-12,2013-08-13,2014-02-12,127,0.15155240329492997,249.96418896231071,0.011210404010919117,2.364993847618095,-0.10180231543797051,0.020437320365953814,3.968503937007874,-0.0006658532639107761,0.03166486158455389,-0.00016450800140077604
SPY,2014-02-13,2013-08-14,2014-02-13,127,0.15737908831379507,250.0850390486733,0.01126203028778966,2.371006187333101,-0.09832939374364122,0.01896412291428972,3.968503937007874,-0.0006658532639107761,0.03166486158455389,-0.00016450800140077604
SPY,2014-02-14,2013-08-15,2014-02-14,127,0.17719019992623586,248.5581356436749,0.011259641495996325,2.3635062707511403,-0.0672470392865873,0.01785908330171943,3.968503937007874,-0.0006658532639107761,0.03166486158455389,-0.00016450800140077604
SPY,2014-02-18,2013-08-19,2014-02-18,126,0.21666984857121596,245.68498848880515,0.010924819243482002,2.3146052129730843,-0.07732185475741735,0.017558908579639758,4.0,-0.0006658532639107761,0.03166486158455389,-0.00016450800140077604
SPY,2014-02-19,2013-08-20,2014-02-19,126,0.21535401230718682,245.80423878661432,0.010941008068874299,2.316881592552436,-0.0801728364227043,0.01804110690548962,4.0,-0.0006658532639107761,0.03166486158455389,-0.00016450800140077604
SPY,2014-02-20,2013-08-21,2014-02-20,126,0.22009251343297123,245.9398459806217,0.010988399545521377,2.32253440176922,-0.07898793152522411,0.018315518755152426,4.0,-0.0006658532639107761,0.03166486158455389,-0.00016450800140077604
SPY,2014-02-21,2013-08-22,2014-02-21,126,0.2280976115876524,245.67617088784993,0.010928281226263143,2.3149303809402495,-0.08238889318094271,0.01826062563418574,4.0,-0.0006658532639107761,0.03166486158455389,-0.00016450800140077604
SPY,2014-02-24,2013-08-26,2014-02-24,125,0.21671156719215653,245.54354189613483,0.010911013172577295,2.312476266498185,-0.07754827532956465,0.01870999140170402,4.032,-0.0006658532639107761,0.03166486158455389,-0.00016450800140077604
SPY,2014-02-25,2013-08-26,2014-02-25,126,0.2122737111541637,245.43702520693665,0.01082658223361171,2.3030120735883752,-0.07636980946758042,0.01777782891819146,4.0,-0.0006658532639107761,0.03166486158455389,-0.00016450800140077604
SPY,2014-02-26,2013-08-27,2014-02-26,126,0.22086766653701406,241.89281670846162,0.010793871956740558,2.2828669613382755,-0.0226604646167807,0.012454223932596865,4.0,-0.0006658532639107761,0.03166486158455389,-0.00016450800140077604
SPY,2014-02-27,2013-08-28,2014-02-27,126,0.3088171133883393,237.5476699865869,0.009504860483147443,2.1142235169366814,0.094108034606164,0.012479111369105213,6.0,-0.00746512707221747,0.02529865811748628,-0.007119650367248154
SPY,2014-02-28,2013-08-29,2014-02-28,126,0.3085283879701726,237.9937433604323,0.009503215792060071,2.1098571796392065,0.09360092629173224,0.012124406472900232,6.0,-0.00746512707221747,0.02529865811748628,-0.007119650367248154
SPY,2014-03-03,2013-09-04,2014-03-03,124,0.2916459890656054,239.03488920845788,0.009706426752123708,2.1096861018229274,0.07920235998696763,0.011536383058675347,6.096774193548387,-0.00746512707221747,0.02529865811748628,-0.007119650367248154
SPY,2014-03-04,2013-09-05,2014-03-04,124,0.25987274357340967,236.4948850105783,0.010873490181086373,2.2655614456219917,0.009844545358873276,0.01276074863781321,4.064516129032258,-0.0006658532639107761,0.03166486158455389,-0.00016450800140077604
SPY,2014-03-05,2013-09-06,2014-03-05,124,0.25760704506335214,242.283389594316,0.010870399339122807,2.292794102158949,0.012425046195855424,0.012257954764926422,4.064516129032258,-0.0006658532639107761,0.03166486158455389,-0.00016450800140077604
SPY,2014-03-06,2013-09-09,2014-03-06,124,0.26114896276540306,240.2640900086835,0.010877666400472144,2.2839825776051077,5.464105434766151e-05,0.011598478645613586,4.064516129032258,-0.0006658532639107761,0.03166486158455389,-0.00016450800140077604
SPY,2014-03-07,2013-09-09,2014-03-07,125,0.2602652338161021,239.48449798370953,0.010789979897751191,2.2710647006468334,6.668027444049613e-05,0.01156707816425829,4.032,-0.0006658532639107761,0.03166486158455389,-0.00016450800140077604
SPY,2014-03-10,2013-09-11,2014-03-10,124,0.2717305012040346,239.33717056132204,0.009728394421208337,2.1557884824134277,0.11403158010414266,0.009592327958692824,6.096774193548387,-0.00746512707221747,0.02529865811748628,-0.007119650367248154
SPY,2014-03-11,2013-09-12,2014-03-11,124,0.25464014360727166,239.58908899956506,0.009760229280317004,2.1604489770689224,0.1109217923138154,0.007815569142803144,6.096774193548387,-0.00746512707221747,0.02529865811748628,-0.007119650367248154
SPY,2014-03-12,2013-09-13,2014-03-12,124,0.26223725489865213,239.85424032278667,0.009741020692362906,2.159515966286935,0.11118597040838708,0.007789228510132168,6.096774193548387,-0.00746512707221747,0.02529865811748628,-0.007119650367248154
SPY,2014-03-13,2013-09-16,2014-03-13,124,0.18707281814329285,241.15935763711002,0.010840000871099528,2.2842687782894564,-0.02118223165934881,0.007943693122988326,4.064516129032258,-0.0006658532639107761,0.03166486158455389,-0.00016450800140077604
SPY,2014-03-14,2013-09-16,2014-03-14,125,0.179830067292764,242.87705046432572,0.010767850718235602,2.284747649043319,-0.014894630069372524,0.008036700116195105,4.032,-0.0006658532639107761,0.03166486158455389,-0.00016450800140077604
SPY,2014-03-17,2013-09-18,2014-03-17,124,0.18062490925305638,242.58304338113467,0.010940969826900668,2.301646464915143,-0.024384102318678335,0.00871010647858972,4.064516129032258,-0.0006658532639107761,0.03166486158455389,-0.00016450800140077604
SPY,2014-03-18,2013-09-19,2014-03-18,124,0.17058045874178696,240.2446789078681,0.010747883769782899,2.2702247569622016,-0.03278205220030859,0.009046126624133859,4.064516129032258,-0.0006658532639107761,0.03166486158455389,-0.00016450800140077604
SPY,2014-03-19,2013-09-20,2014-03-19,124,0.16142809686403653,238.21024356491583,0.010819280689776242,2.2680879782740613,-0.005706546164788182,0.009474371614709388,4.064516129032258,-0.0006658532639107761,0.03166486158455389,-0.00016450800140077604
SPY,2014-03-20,2013-09-23,2014-03-20,124,0.24433160408602375,236.7054791677918,0.009755100776749346,2.1468441681542583,0.08914206276399034,0.009404184492785695,6.096774193548387,-0.00746512707221747,0.02529865811748628,-0.007119650367248154
SPY,2014-03-21,2013-09-23,2014-03-21,125,0.18216367016154772,236.9145744863671,0.010615891987149404,2.240549900770974,-0.01765053299085675,0.00959456885455195,4.032,-0.0006658532639107761,0.03166486158455389,-0.00016450800140077604
SPY,2014-03-24,2013-09-25,2014-03-24,124,0.18852379168452396,237.97236968008463,0.010692844590214126,2.2536702985238044,-0.015891319631854847,0.009840995902862857,4.064516129032258,-0.0006658532639107761,0.03166486158455389,-0.00016450800140077604
SPY,2014-03-25,2013-09-26,2014-03-25,124,0.20337834148598175,238.2520915501222,0.010719394818733375,2.2577922637663437,-0.016328428542701525,0.009627775430509142,4.064516129032258,-0.0006658532639107761,0.03166486158455389,-0.00016450800140077604
SPY,2014-03-26,2013-09-27,2014-03-26,124,0.18137173763866335,238.70123423435595,0.010792498354799307,2.2676123516112723,-0.019244266213103895,0.010192723766678841,4.064516129032258,-0.0006658532639107761,0.03166486158455389,-0.00016450800140077604
SPY,2014-03-27,2013-09-30,2014-03-27,124,0.1861140433353875,238.89462374923747,0.010765172025275212,2.265656994725597,-0.015735365690636976,0.01022823516262853,4.064516129032258,-0.0006658532639107761,0.03166486158455389,-0.00016450800140077604
SPY,2014-03-28,2013-09-30,2014-03-28,125,0.19413849232629388,238.51692938648887,0.010722050014755135,2.2593265468921055,-0.014671601909543794,0.010181714885684453,4.032,-0.0006658532639107761,0.03166486158455389,-0.00016450800140077604
SPY,2014-03-31,2013-10-01,2014-03-31,125,0.22266724758237205,238.66674072905695,0.01077708643008903,2.2658289435750176,-0.013419264294380128,0.01084316445501122,4.032,-0.0006658532639107761,0.03166486158455389,-0.00016450800140077604
SPY,2014-04-01,2013-10-02,2014-04-01,125,0.2207058157718284,238.12718501631903,0.01074747044295843,2.260154380624213,-0.015782373219465348,0.01079791268994097,4.032,-0.0006658532639107761,0.03166486158455389,-0.00016450800140077604
SPY,2014-04-02,2013-10-03,2014-04-02,125,0.227877905295919,237.37827408973644,0.010765752509418,2.2585159702861164,-0.005544702223378326,0.00816933974470302,4.032,-0.0006658532639107761,0.03166486158455389,-0.00016450800140077604
SPY,2014-04-03,2013-10-04,2014-04-03,125,0.2895423608348047,236.5841639245922,0.009772449796563124,2.1451548734993686,0.10653600972210323,0.008184320534954487,6.048,-0.00746512707221747,0.02529865811748628,-0.007119650367248154
SPY,2014-04-04,2013-10-07,2014-04-04,125,0.20381322469467802,239.3604973004807,0.010824270356110815,2.274081581995494,-0.029479749239716514,0.010040489715254682,4.032,-0.0006658532639107761,0.03166486158455389,-0.00016450800140077604
SPY,2014-04-07,2013-10-08,2014-04-07,125,0.1991946117775878,237.0323105058029,0.010913546673616797,2.272308097224394,-0.009089410241376763,0.011433705744840478,4.032,-0.0006658532639107761,0.03166486158455389,-0.00016450800140077604
SPY,2014-04-08,2013-10-09,2014-04-08,125,0.27770277370363267,234.72106597745002,0.009818673309580852,2.144780861266345,0.08997308885244532,0.011629845186373482,6.048,-0.00746512707221747,0.02529865811748628,-0.007119650367248154
SPY,2014-04-09,2013-10-10,2014-04-09,125,0.25330935553711215,236.70496104605803,0.010891620579880815,2.268456304159099,-0.002353799673837315,0.012758895788571034,4.032,-0.0006658532639107761,0.03166486158455389,-0.00016450800140077604
SPY,2014-04-10,2013-10-11,2014-04-10,125,0.2084346054467705,221.95055959523185,0.011706512044993341,2.2773111178593513,-0.09337221724431247,0.018085525214311247,2.016,-0.023056291615682234,0.0,-0.022792526362560905
SPY,2014-04-11,2013-10-14,2014-04-11,125,0.1765791615590488,222.85084911438508,0.01180760061643119,2.2917564386567353,-0.0427647521942412,0.017539782147565148,2.016,-0.023056291615682234,0.0,-0.022792526362560905
SPY,2014-04-14,2013-10-15,2014-04-14,125,0.18493393265121394,222.54537539148515,0.011909899676186126,2.3000846761005302,-0.04166256194843071,0.018248689180813658,2.016,-0.023056291615682234,0.0,-0.022792526362560905
SPY,2014-04-15,2013-10-16,2014-04-15,125,0.21298365259897348,222.7325195990337,0.01189980417778508,2.300076116563119,-0.0668255326897269,0.01770314600583749,2.016,-0.023056291615682234,0.0,-0.022792526362560905
SPY,2014-04-16,2013-10-17,2014-04-16,125,0.20610264089322827,221.79711754479877,0.011732894835718348,2.2790876300970977,-0.0485521197550994,0.01839123346484736,2.016,-0.023056291615682234,0.0,-0.022792526362560905
SPY,2014-04-17,2013-10-18,2014-04-17,125,0.19521800322955704,223.04049816544563,0.011644217315582614,2.2768137226767835,-0.04909489078846405,0.017965750939770476,2.016,-0.023056291615682234,0.0,-0.022792526362560905
SPY,2014-04-18,2013-10-21,2014-04-18,125,0.18194342322775042,222.40920334169857,0.011557508606043642,2.265108323951816,-0.04944460988891279,0.017532788231405628,2.016,-0.023056291615682234,0.0,-0.022792526362560905
SPY,2014-04-21,2013-10-22,2014-04-21,125,0.18940693736325595,222.0858411941616,0.011586428540940663,2.2662912163597495,-0.051006272352479384,0.017056982750347352,2.016,-0.023056291615682234,0.0,-0.022792526362560905
SPY,2014-04-22,2013-10-23,2014-04-22,125,0.18608709896089437,221.88868536206212,0.011553941949184693,2.262107060049747,-0.05168510808774665,0.016971666285940625,2.016,-0.023056291615682234,0.0,-0.022792526362560905
SPY,2014-04-23,2013-10-24,2014-04-23,125,0.19143430840975206,221.7560530046709,0.01151754654973098,2.2578662697003287,-0.050886874447471135,0.016782106294395173,2.016,-0.023056291615682234,0.0,-0.022792526362560905
SPY,2014-04-24,2013-10-25,2014-04-24,125,0.18831917938400974,221.4596402174823,0.011502008751246984,2.254834275781948,-0.0513440401781879,0.0162319417648788,2.016,-0.023056291615682234,0.0,-0.022792526362560905
SPY,2014-04-25,2013-10-28,2014-04-25,125,0.16296425502345752,222.28357199836233,0.011596978395680078,2.268331864799782,-0.05754026211712945,0.016985339138927438,2.016,-0.023056291615682234,0.0,-0.022792526362560905
SPY,2014-04-28,2013-10-29,2014-04-28,125,0.16692433976602342,222.728039066727,0.011615258355536232,2.2723873861611508,-0.061186485571391086,0.01685456818768472,2.016,-0.023056291615682234,0.0,-0.022792526362560905
SPY,2014-04-29,2013-10-30,2014-04-29,125,0.16518945720808775,222.58665361703996,0.011597268103017176,2.2699061149532276,-0.06121772427889191,0.016372194924101885,2.016,-0.023056291615682234,0.0,-0.022792526362560905
SPY,2014-04-30,2013-10-31,2014-04-30,125,0.18107427945434904,222.53896008139097,0.011569106967075731,2.266905579874643,-0.06216870475195458,0.015881795221881823,2.016,-0.023056291615682234,0.0,-0.022792526362560905
SPY,2014-05-01,2013-11-04,2014-05-01,124,0.18415064752913748,222.7867061960181,0.01161728880303714,2.2728852766997814,-0.0621468276845922,0.015772076053543596,2.032258064516129,-0.023056291615682234,0.0,-0.022792526362560905
SPY,2014-05-02,2013-11-04,2014-05-02,125,0.1799115848420329,222.1026344436837,0.011527332990713655,2.2605897830200954,-0.06217212642935452,0.015778917484572014,2.016,-0.023056291615682234,0.0,-0.022792526362560905
SPY,2014-05-05,2013-11-06,2014-05-05,124,0.1835662103881027,222.19560021957574,0.011587888932124465,2.266994025336639,-0.06331962633875919,0.013925081569835974,2.032258064516129,-0.023056291615682234,0.0,-0.022792526362560905
SPY,2014-05-06,2013-11-07,2014-05-06,124,0.15535505997054216,221.72487546865594,0.011706077335763954,2.276110752115661,-0.048455004744147386,0.013495066984230714,2.032258064516129,-0.023056291615682234,0.0,-0.022792526362560905
SPY,2014-05-07,2013-11-08,2014-05-07,124,0.23942574345682152,242.7688910884617,0.010609771105243797,2.2674097542848135,-0.005816689151849264,0.008597483857649623,4.064516129032258,-0.022066160997653128,0.0014002561485376161,-0.021823525194428872
SPY,2014-05-08,2013-11-11,2014-05-08,124,0.2552318437533973,241.21588865655616,0.009407564636054189,2.092103836797886,0.10907576358647036,0.008414536743351714,6.096774193548387,-0.021731998894712373,0.0011468877773714678,-0.021496916812994038
SPY,2014-05-09,2013-11-11,2014-05-09,125,0.25662894434262473,240.24339093271186,0.009336347343894692,2.0954307880923184,0.1090907375678973,0.0070155832993723825,6.048,-0.021731998894712373,0.0011468877773714678,-0.021496916812994038
SPY,2014-05-12,2013-11-13,2014-05-12,124,0.2820965533585506,241.89151199675712,0.00959454195721887,2.1001364263718343,0.11486765145234346,0.007062698164679477,6.096774193548387,-0.021731998894712373,0.0011468877773714678,-0.021496916812994038
SPY,2014-05-13,2013-11-14,2014-05-13,124,0.26613170660198704,243.28946828495836,0.009450965650162927,2.0992716774242566,0.11853728205181445,0.00626548207153362,6.096774193548387,-0.021731998894712373,0.0011468877773714678,-0.021496916812994038
SPY,2014-05-14,2013-11-15,2014-05-14,124,0.24635034590861773,243.00885268172917,0.009441290663263038,2.1045392979703945,0.11656128801157227,0.005966884946847479,6.096774193548387,-0.021731998894712373,0.0011468877773714678,-0.021496916812994038
SPY,2014-05-15,2013-11-18,2014-05-15,124,0.21848533827705888,244.0509086931537,0.009580103989400382,2.109401138423418,0.10237436236526981,0.005671544863717397,6.096774193548387,-0.021731998894712373,0.0011468877773714678,-0.021496916812994038
SPY,2014-05-16,2013-11-18,2014-05-16,125,0.22437155029575098,245.0097775234189,0.009530111774901895,2.0921101260972432,0.09808737258508626,0.0058139385831618585,6.048,-0.021731998894712373,0.0011468877773714678,-0.021496916812994038
SPY,2014-05-19,2013-11-20,2014-05-19,124,0.2457938282113506,245.9349154435953,0.00960572232602324,2.0886430704931715,0.09868486219485635,0.005996345789231908,6.096774193548387,-0.021731998894712373,0.0011468877773714678,-0.021496916812994038
SPY,2014-05-20,2013-11-21,2014-05-20,124,0.23979732840439316,245.42682682583046,0.009665959819040991,2.0854472984924532,0.08770538765831135,0.0063266023618663795,6.096774193548387,-0.021731998894712373,0.0011468877773714678,-0.021496916812994038
SPY,2014-05-21,2013-11-22,2014-05-21,124,0.23989756990528432,245.04438516834517,0.009667594864684667,2.093109430837278,0.09412848327862884,0.00693010589338961,6.096774193548387,-0.021731998894712373,0.0011468877773714678,-0.021496916812994038
SPY,2014-05-22,2013-11-25,2014-05-22,124,0.23452320673106414,246.17949026977016,0.009627044773137257,2.082902055443327,0.09111060045871926,0.006951747712070463,6.096774193548387,-0.021731998894712373,0.0011468877773714678,-0.021496916812994038
SPY,2014-05-23,2013-11-25,2014-05-23,125,0.24131956760903137,245.667055409828,0.009584935686150474,2.082749207141138,0.09171019701448882,0.007129733401603103,6.048,-0.021731998894712373,0.0011468877773714678,-0.021496916812994038
SPY,2014-05-27,2013-11-29,2014-05-27,123,0.16301196571571386,228.89690568580247,0.011473487063452473,2.2895396136007524,-0.06029947911620563,0.0067642644614188015,2.048780487804878,-0.023056291615682234,0.0,-0.022792526362560905
SPY,2014-05-28,2013-11-29,2014-05-28,124,0.25012366492315485,248.54124056820612,0.009721091981475145,2.0651569725517787,0.09381750214414028,0.00664601923036805,6.096774193548387,-0.021731998894712373,0.0011468877773714678,-0.021496916812994038
SPY,2014-05-29,2013-12-02,2014-05-29,124,0.17242182528251648,229.12271391268786,0.011441806918730365,2.2875040192995306,-0.057479693249585836,0.006730838585689893,2.032258064516129,-0.023056291615682234,0.0,-0.022792526362560905
SPY,2014-05-30,2013-12-02,2014-05-30,125,0.26467088932300475,248.98146129632042,0.009708581285830796,2.0596283972267013,0.09611053338376324,0.006661732457839171,6.048,-0.021731998894712373,0.0011468877773714678,-0.021496916812994038
SPY,2014-06-02,2013-12-03,2014-06-02,125,0.27186549096750073,248.6331829736285,0.009695146462240865,2.062449017005627,0.09652787195964185,0.006669486265065114,6.048,-0.021731998894712373,0.0011468877773714678,-0.021496916812994038
SPY,2014-06-03,2013-12-04,2014-06-03,125,0.2776529865196616,248.33173567378734,0.009675156203671102,2.064673686488555,0.0962207112974752,0.006648725629023491,6.048,-0.021731998894712373,0.0011468877773714678,-0.021496916812994038
SPY,2014-06-04,2013-12-05,2014-06-04,125,0.2840707422828694,247.8729118603529,0.009681650064363119,2.0674026165206065,0.09842689077800316,0.0066547287070949845,6.048,-0.021731998894712373,0.0011468877773714678,-0.021496916812994038
SPY,2014-06-05,2013-12-06,2014-06-05,125,0.3064331335066421,246.5840935301919,0.00973157319730442,2.0449786941452546,0.08318235584087498,0.006198724187110962,6.048,-0.021731998894712373,0.0011468877773714678,-0.021496916812994038
SPY,2014-06-06,2013-12-09,2014-06-06,125,0.2930522005687127,244.01016366732102,0.009518333417352318,2.059621494463122,0.08434122695599441,0.006034281142032315,6.048,-0.021731998894712373,0.0011468877773714678,-0.021496916812994038
SPY,2014-06-09,2013-12-10,2014-06-09,125,0.29127379610344734,244.3080737438216,0.009513308510918063,2.0574456998581283,0.08512980946605786,0.006030734531980709,6.048,-0.021731998894712373,0.0011468877773714678,-0.021496916812994038
SPY,2014-06-10,2013-12-11,2014-06-10,125,0.2973074705251351,241.12808676457297,0.009492737976252328,2.0366417132687227,0.11690357649019617,0.005997208904729102,6.048,-0.021731998894712373,0.0011468877773714678,-0.021496916812994038
SPY,2014-06-11,2013-12-12,2014-06-11,125,0.31343460862398786,238.2464081427466,0.009256703267122163,2.0640991202169108,0.10604182090846445,0.005024200549362057,6.048,-0.021731998894712373,0.0011468877773714678,-0.021496916812994038
SPY,2014-06-12,2013-12-13,2014-06-12,125,0.30662452445920935,239.21515968892652,0.009326743404939858,2.060140449249964,0.09926262992007809,0.005572301694942769,6.048,-0.021731998894712373,0.0011468877773714678,-0.021496916812994038
SPY,2014-06-13,2013-12-16,2014-06-13,125,0.31326553007154556,239.29879443784134,0.009346818556238692,2.0522322922323624,0.09409073157124453,0.005445548084676877,6.048,-0.021731998894712373,0.0011468877773714678,-0.021496916812994038
SPY,2014-06-16,2013-12-17,2014-06-16,125,0.30202236512195296,238.43424350302098,0.009266838934140709,2.060587296475443,0.0918272894870247,0.004442511911517694,6.048,-0.021731998894712373,0.0011468877773714678,-0.021496916812994038
SPY,2014-06-17,2013-12-18,2014-06-17,125,0.31288513499214005,232.03183940041632,0.009256969828200711,1.8606271589265746,0.011244335658606337,0.004333526279281451,6.048,-0.021731998894712373,0.0011468877773714678,-0.021496916812994038
SPY,2014-06-18,2013-12-19,2014-06-18,125,0.2946707506895024,219.86490885858365,0.008817678712941925,1.9076469466887032,0.010290480148690474,0.004853365031027626,6.048,-0.021731998894712373,0.0011468877773714678,-0.021496916812994038
SPY,2014-06-19,2013-12-20,2014-06-19,125,0.2984965970476214,221.84756183260092,0.008821384684076306,1.8960479845994453,0.009955188819660392,0.0043760921250235,6.048,-0.021731998894712373,0.0011468877773714678,-0.021496916812994038
SPY,2014-06-20,2013-12-23,2014-06-20,125,0.29345596438213123,221.13505338066489,0.008839847016701763,1.8975737107862165,0.006187027367058069,0.003684962266105741,6.048,-0.021731998894712373,0.0011468877773714678,-0.021496916812994038
SPY,2014-06-23,2013-12-24,2014-06-23,125,0.2819021193917496,220.42203486017243,0.008778280147845392,1.9036339424896678,0.0074024681396342405,0.003611232423607358,6.048,-0.021731998894712373,0.0011468877773714678,-0.021496916812994038
SPY,2014-06-24,2013-12-26,2014-06-24,125,0.2625152100301487,221.02945270260165,0.008843093690931399,1.9056949635890892,-0.0009341186131440537,0.0038835090895247017,6.048,-0.021731998894712373,0.0011468877773714678,-0.021496916812994038
SPY,2014-06-25,2013-12-26,2014-06-25,126,0.27041773115978296,221.09572092278142,0.008820367956268393,1.8971441215191458,-0.0024546723761790486,0.003747525373655968,6.0,-0.021731998894712373,0.0011468877773714678,-0.021496916812994038
SPY,2014-06-26,2013-12-27,2014-06-26,126,0.2586531696062774,221.16050079892239,0.008776586653823188,1.8965791047820435,-0.0019718125476162773,0.0037487366280669937,6.0,-0.021731998894712373,0.0011468877773714678,-0.021496916812994038
SPY,2014-06-27,2013-12-30,2014-06-27,126,0.2629733633985007,221.321342144517,0.00878433443970621,1.8955189012914149,-0.0019133876101929115,0.0034379296709752694,6.0,-0.021731998894712373,0.0011468877773714678,-0.021496916812994038
SPY,2014-06-30,2013-12-31,2014-06-30,126,0.26251523402038707,220.84732317712,0.008784536412228587,1.8976456739410936,-0.0029354793646975074,0.003398788403745809,6.0,-0.021731998894712373,0.0011468877773714678,-0.021496916812994038
SPY,2014-07-01,2014-01-02,2014-07-01,126,0.2683124254896649,220.5731783884716,0.008847440856204094,1.8946226554309202,0.017742867310443673,0.003952418895917897,6.0,-0.021731998894712373,0.0011468877773714678,-0.021496916812994038
SPY,2014-07-02,2014-01-03,2014-07-02,126,0.2876850087754577,219.29881047606273,0.008691893934352489,1.8999724237009346,0.015632069507859735,0.003957247115194305,6.0,-0.021731998894712373,0.0011468877773714678,-0.021496916812994038
SPY,2014-07-03,2014-01-06,2014-07-03,126,0.29949236194861567,220.1411016069449,0.008752616525734978,1.8975572928185498,0.01912923062525128,0.004263167253108939,6.0,-0.021731998894712373,0.0011468877773714678,-0.021496916812994038
SPY,2014-07-07,2014-01-08,2014-07-07,125,0.2865401176340672,219.8056235898159,0.00876665838363991,1.8970103718772304,0.016420082025501635,0.003933104574742788,6.048,-0.021731998894712373,0.0011468877773714678,-0.021496916812994038
SPY,2014-07-08,2014-01-09,2014-07-08,125,0.27238246297640933,221.19781290226078,0.008861360251677025,1.890534909985249,0.010537915610031104,0.004214996509416053,6.048,-0.021731998894712373,0.0011468877773714678,-0.021496916812994038
SPY,2014-07-09,2014-01-10,2014-07-09,125,0.28134824084600035,222.31797745488848,0.00890645574120195,1.8786172597624609,0.008310023239928153,0.004466826400099201,6.048,-0.021731998894712373,0.0011468877773714678,-0.021496916812994038
SPY,2014-07-10,2014-01-13,2014-07-10,125,0.2680461097005032,218.0873831638518,0.008930941826302668,1.8119174925309476,0.061432803940523965,0.004671820531041153,6.048,-0.021731998894712373,0.0011468877773714678,-0.021496916812994038
SPY,2014-07-11,2014-01-13,2014-07-11,126,0.2690540676873473,217.52029108350513,0.00886329071696554,1.8117933880297286,0.061290140856389515,0.004560984710599131,6.0,-0.021731998894712373,0.0011468877773714678,-0.021496916812994038
SPY,2014-07-14,2014-01-15,2014-07-14,125,0.28491146690357616,224.76524633609935,0.008420213184636396,1.8513887704683976,0.08394869586314459,0.0042865677901791355,6.048,-0.021731998894712373,0.0011468877773714678,-0.021496916812994038
SPY,2014-07-15,2014-01-16,2014-07-15,125,0.27025895274173484,224.668629039785,0.008372637847549923,1.8515913364949117,0.08390438581728758,0.004214222870577595,6.048,-0.021731998894712373,0.0011468877773714678,-0.021496916812994038
SPY,2014-07-16,2014-01-17,2014-07-16,125,0.2818646794514414,224.80796942912417,0.008407175919914715,1.850791630042755,0.08698356647194949,0.004427452396402906,6.048,-0.021731998894712373,0.0011468877773714678,-0.021496916812994038
SPY,2014-07-17,2014-01-21,2014-07-17,125,0.2655747832662694,227.15704743217933,0.008662488497048655,1.8951352432017494,0.04601014093366953,0.006035815454850317,6.048,-0.021731998894712373,0.0011468877773714678,-0.021496916812994038
SPY,2014-07-18,2014-01-21,2014-07-18,126,0.2842804102661749,220.44679068622614,0.008804548504339834,1.8767590190568815,0.037488786529215716,0.006578134706265688,6.0,-0.021731998894712373,0.0011468877773714678,-0.021496916812994038
SPY,2014-07-21,2014-01-22,2014-07-21,126,0.27388214979739495,224.2168309728699,0.008799381810258041,1.857476928949396,0.04498783821941747,0.0066171498210797425,6.0,-0.021731998894712373,0.0011468877773714678,-0.021496916812994038
SPY,2014-07-22,2014-01-23,2014-07-22,126,0.2826921742244277,222.1938882756469,0.008849423835234132,1.8471859553506742,0.06714840113786154,0.006804226135850553,6.0,-0.021731998894712373,0.0011468877773714678,-0.021496916812994038
SPY,2014-07-23,2014-01-24,2014-07-23,126,0.30454994753535836,221.06732725928714,0.008693002901099279,1.8616584370379996,0.05905059229195423,0.006841025909888664,6.0,-0.021731998894712373,0.0011468877773714678,-0.021496916812994038
SPY,2014-07-24,2014-01-27,2014-07-24,126,0.3031164901024839,220.03351386873652,0.008623412585552758,1.8646271513675898,0.059095141951359814,0.00635799055885612,4.0,-0.022066160997653128,0.0014002561485376161,-0.021823525194428872
SPY,2014-07-25,2014-01-27,2014-07-25,127,0.2909409565642071,219.79345014053575,0.008601585122121487,1.864682303299417,0.05533106050344406,0.00635071205072575,3.968503937007874,-0.022066160997653128,0.0014002561485376161,-0.021823525194428872
SPY,2014-07-28,2014-01-29,2014-07-28,126,0.29131062421521287,219.58766092366187,0.008547664180528684,1.857979321469574,0.07429630893426649,0.0063394544864339535,4.0,-0.022066160997653128,0.0014002561485376161,-0.021823525194428872
SPY,2014-07-29,2014-01-30,2014-07-29,126,0.3027968369020139,225.63509627287246,0.008379698784810556,1.851073034169623,0.06579008443570634,0.006535227582769191,4.0,-0.022066160997653128,0.0014002561485376161,-0.021823525194428872
SPY,2014-07-30,2014-01-31,2014-07-30,126,0.28044061871940396,225.1681987797085,0.008123403894920032,1.879545349443683,0.05086700967533033,0.006534547402785065,4.0,-0.022066160997653128,0.0014002561485376161,-0.021823525194428872
SPY,2014-07-31,2014-02-03,2014-07-31,126,0.295985168531524,225.44137109124,0.008103568375702553,1.8867652347880872,0.048308206800802535,0.006534547402785065,6.0,-0.021407090943091827,0.0015111183445438723,-0.02117846791536193
SPY,2014-08-01,2014-02-03,2014-08-01,127,0.28783794078521235,224.6980483397644,0.008054543924013962,1.888467314212882,0.0473455649613114,0.006069491431063605,5.952755905511811,-0.021407090943091827,0.0015111183445438723,-0.02117846791536193
SPY,2014-08-04,2014-02-05,2014-08-04,126,0.2868217584838512,224.3306802033838,0.008039507054392957,1.8982978611417134,0.049852393531925956,0.0066766331155812975,4.0,-0.020582490606796622,0.0006979706403030461,-0.020371878337852478
SPY,2014-08-05,2014-02-06,2014-08-05,126,0.2707844684303797,218.59620421964223,0.008221457413439215,1.8203084873525504,-0.011117190991302543,0.007429983546927691,4.0,-0.020582490606796622,0.0006979706403030461,-0.020371878337852478
SPY,2014-08-06,2014-02-07,2014-08-06,126,0.2453403279811865,241.50855580295882,0.007886897426675232,1.7646525308146044,-0.012908589524798026,0.007249643238957148,4.0,-0.020582490606796622,0.0006979706403030461,-0.020371878337852478
SPY,2014-08-07,2014-02-10,2014-08-07,126,0.20777078926383624,235.08355712570852,0.0075919639176669695,1.7994083122618842,-0.014792558838523501,0.007038779020364453,4.0,-0.020582490606796622,0.0006979706403030461,-0.020371878337852478
SPY,2014-08-08,2014-02-10,2014-08-08,127,0.22918138790366765,235.3311781681051,0.007795291937783898,1.840031856841653,0.0148923312385725,0.00834717879982032,3.968503937007874,-0.020582490606796622,0.0006979706403030461,-0.020371878337852478
SPY,2014-08-11,2014-02-12,2014-08-11,126,0.21136802126507123,231.34355731090207,0.007623725747762583,1.7954775212343062,-0.027497187394260388,0.00824435608357874,4.0,-0.020582490606796622,0.0006979706403030461,-0.020371878337852478
SPY,2014-08-12,2014-02-13,2014-08-12,126,0.20770154048652023,230.31723371077618,0.007628714933055328,1.7964426516911605,-0.03213213223889224,0.008245365074529158,4.0,-0.020582490606796622,0.0006979706403030461,-0.020371878337852478
SPY,2014-08-13,2014-02-14,2014-08-13,126,0.2098053953449154,231.0084686462657,0.007655614333191608,1.8057802490179315,-0.022968605143457468,0.00853945311563734,4.0,-0.020582490606796622,0.0006979706403030461,-0.020371878337852478
SPY,2014-08-14,2014-02-18,2014-08-14,126,0.20881909520756814,231.55773251419228,0.007646519620556138,1.7969303941064931,-0.02547231396571569,0.008723998435786121,4.0,-0.020582490606796622,0.0006979706403030461,-0.020371878337852478
SPY,2014-08-15,2014-02-18,2014-08-15,127,0.20724193482377798,231.1167250858442,0.0075853517900481586,1.7964421458883937,-0.025043466844312398,0.008502422930326223,3.968503937007874,-0.020582490606796622,0.0006979706403030461,-0.020371878337852478
SPY,2014-08-18,2014-02-19,2014-08-18,127,0.2217914318998921,232.38613302401157,0.007728489330859009,1.8053980156001366,-0.0013477778471341433,0.007709898490665104,3.968503937007874,-0.020582490606796622,0.0006979706403030461,-0.020371878337852478
SPY,2014-08-19,2014-02-20,2014-08-19,127,0.24525909564581452,232.87998482110962,0.007697750480048374,1.7980842921504043,-0.006164166721677089,0.006785513761658753,3.968503937007874,-0.020582490606796622,0.0006979706403030461,-0.020371878337852478
SPY,2014-08-20,2014-02-21,2014-08-20,127,0.23792147380824125,232.48659811501358,0.007633962225901665,1.7997912399654408,-0.009697884026273588,0.006799244110537866,3.968503937007874,-0.020582490606796622,0.0006979706403030461,-0.020371878337852478
SPY,2014-08-21,2014-02-24,2014-08-21,127,0.24748289688335087,231.5169784841266,0.007645166128617157,1.8004197134040953,-0.014656175728468434,0.006605373436373425,3.968503937007874,-0.020582490606796622,0.0006979706403030461,-0.020371878337852478
SPY,2014-08-22,2014-02-24,2014-08-22,128,0.2418061871171009,230.81002913763706,0.007591381757062286,1.8011989542389846,-0.01424934914468981,0.006609712546691604,3.9375,-0.020582490606796622,0.0006979706403030461,-0.020371878337852478
SPY,2014-08-25,2014-02-26,2014-08-25,127,0.24361350481383476,231.3747556751384,0.007618023393169327,1.8023860351402656,-0.014503468467098412,0.006879867437506061,3.968503937007874,-0.020582490606796622,0.0006979706403030461,-0.020371878337852478
SPY,2014-08-26,2014-02-27,2014-08-26,127,0.24530858114763787,231.18164449385364,0.007620164931541831,1.800796571636232,-0.017513058736096133,0.006612437083908435,3.968503937007874,-0.020582490606796622,0.0006979706403030461,-0.020371878337852478
SPY,2014-08-27,2014-02-28,2014-08-27,127,0.23562932883699692,230.2587770521714,0.007568789539565177,1.807962422243972,-0.01659799167294052,0.006612213948403801,3.968503937007874,-0.020582490606796622,0.0006979706403030461,-0.020371878337852478
SPY,2014-08-28,2014-03-03,2014-08-28,127,0.2268973266970956,228.51888586223436,0.007558100616772122,1.8095931976476516,-0.0061580554026979695,0.006399727607659659,3.968503937007874,-0.020582490606796622,0.0006979706403030461,-0.020371878337852478
SPY,2014-08-29,2014-03-03,2014-08-29,128,0.23184325857348398,227.95143609549567,0.007520874700768791,1.810120069498217,-0.005520682213549756,0.006535637266634138,3.9375,-0.020582490606796622,0.0006979706403030461,-0.020371878337852478
SPY,2014-09-02,2014-03-03,2014-09-02,129,0.22902953252783242,227.28951784800213,0.007462147348333519,1.8108779353473954,-0.0050700864148602864,0.006442207008309002,3.906976744186047,-0.020582490606796622,0.0006979706403030461,-0.020371878337852478
SPY,2014-09-03,2014-03-04,2014-09-03,129,0.24239573959835126,232.4971913655941,0.007356163032907515,1.63215093370147,-0.08121232095472675,0.005833231841380704,3.906976744186047,-0.020582490606796622,0.0006979706403030461,-0.020371878337852478
SPY,2014-09-04,2014-03-05,2014-09-04,129,0.209445579239454,217.49913101798356,0.006907823993023256,1.674524259529555,-0.09418569694280236,0.0047500526322814774,3.906976744186047,-0.020582490606796622,0.0006979706403030461,-0.020371878337852478
SPY,2014-09-05,2014-03-06,2014-09-05,129,0.21913086532442064,218.44959292257835,0.006957687529711475,1.6716951736028323,-0.09085041591820843,0.005050636981367184,3.906976744186047,-0.020582490606796622,0.0006979706403030461,-0.020371878337852478
SPY,2014-09-08,2014-03-10,2014-09-08,128,0.2101046721598081,220.41695169791447,0.0070218380582197475,1.6621976583326203,-0.0885937046082807,0.004811782075015569,3.9375,-0.020582490606796622,0.0006979706403030461,-0.020371878337852478
SPY,2014-09-09,2014-03-10,2014-09-09,129,0.195511854295505,220.9543789106431,0.007050914043313461,1.661710232924805,-0.09584221682404735,0.0037501878718174016,3.906976744186047,-0.020582490606796622,0.0006979706403030461,-0.020371878337852478
SPY,2014-09-10,2014-03-11,2014-09-10,129,0.20369317501579354,221.30772251457486,0.007078080266688978,1.6531833175584314,-0.09409603030989946,0.0038135248783974576,3.906976744186047,-0.020582490606796622,0.0006979706403030461,-0.020371878337852478
SPY,2014-09-11,2014-03-12,2014-09-11,129,0.21596229223379326,220.8476043688141,0.0070304076688145,1.655170965054174,-0.09454070141608424,0.003799312999928863,3.906976744186047,-0.020582490606796622,0.0006979706403030461,-0.020371878337852478
SPY,2014-09-12,2014-03-13,2014-09-12,129,0.20308863054688547,216.31194512914152,0.007099519977011501,1.5878742925273537,-0.04960100519188106,0.0036479771928655067,3.906976744186047,-0.020582490606796622,0.0006979706403030461,-0.020371878337852478
SPY,2014-09-15,2014-03-17,2014-09-15,128,0.23206096332095072,207.84073928035147,0.006872663241111565,1.5833613718355106,-0.09374614629700899,0.0034249360009346226,3.9375,-0.020582490606796622,0.0006979706403030461,-0.020371878337852478
SPY,2014-09-16,2014-03-17,2014-09-16,129,0.24497257015264037,209.4050299843553,0.006928026797114401,1.5895616835055724,-0.07952661026231453,0.004086997622192383,3.906976744186047,-0.020582490606796622,0.0006979706403030461,-0.020371878337852478
SPY,2014-09-17,2014-03-18,2014-09-17,129,0.22868077141836854,212.51971592127705,0.006751586014920687,1.601774761331083,-0.071797943666606,0.0032349653135871435,3.906976744186047,-0.020582490606796622,0.0006979706403030461,-0.020371878337852478
SPY,2014-09-18,2014-03-19,2014-09-18,129,0.2243502445857305,212.93808392417662,0.0066988492046737465,1.613384719999118,-0.07214978571593307,0.0032145132248329105,3.906976744186047,-0.020582490606796622,0.0006979706403030461,-0.020371878337852478
SPY,2014-09-19,2014-03-20,2014-09-19,129,0.22628436294949988,213.09427122035098,0.006677076641748267,1.6160107780211508,-0.07214175327262615,0.003455077073026764,3.906976744186047,-0.020582490606796622,0.0006979706403030461,-0.020371878337852478
SPY,2014-09-22,2014-03-24,2014-09-22,128,0.21466969181217088,213.1962546821764,0.006679399044359438,1.6360588736186044,-0.08570807097789154,0.004125766024627512,3.9375,-0.020582490606796622,0.0006979706403030461,-0.020371878337852478
SPY,2014-09-23,2014-03-24,2014-09-23,129,0.20168781166464853,213.20060059528285,0.006691061051076196,1.6200976344225322,-0.07729287958733239,0.004473010719136289,3.906976744186047,-0.020582490606796622,0.0006979706403030461,-0.020371878337852478
SPY,2014-09-24,2014-03-25,2014-09-24,129,0.22685727306628065,212.88087068921786,0.006765140789743199,1.6243630507465778,-0.06918881902479855,0.0049325064946297075,3.906976744186047,-0.020582490606796622,0.0006979706403030461,-0.020371878337852478
SPY,2014-09-25,2014-03-26,2014-09-25,129,0.18562148679767237,198.4098598891196,0.007251834084706821,1.6946735100023458,-0.16601706290724688,0.008104417603826379,3.906976744186047,-0.020582490606796622,0.0006979706403030461,-0.020371878337852478
SPY,2014-09-26,2014-03-27,2014-09-26,129,0.21677290462768223,198.67336022408028,0.007305521810294508,1.7020641542089998,-0.20393560155625412,0.009014306480016634,3.906976744186047,-0.020582490606796622,0.0006979706403030461,-0.020371878337852478
SPY,2014-09-29,2014-03-31,2014-09-29,128,0.20771866472996692,200.36262383564784,0.007326306830134327,1.7117147491972953,-0.2085677011381284,0.0090582723345366,3.9375,-0.020582490606796622,0.0006979706403030461,-0.020371878337852478
SPY,2014-09-30,2014-03-31,2014-09-30,129,0.20065679270684833,199.88108819919933,0.007283458540965161,1.7046497725981393,-0.2084005218157331,0.009011459901455536,3.906976744186047,-0.020582490606796622,0.0006979706403030461,-0.020371878337852478
SPY,2014-10-01,2014-04-02,2014-10-01,128,0.14578936551393262,203.8822487409231,0.0074657731741317795,1.743040945143634,-0.2565179885343717,0.011109550735349678,3.9375,-0.020582490606796622,0.0006979706403030461,-0.020371878337852478
SPY,2014-10-02,2014-04-03,2014-10-02,128,0.13991495759665185,214.12296046142023,0.007447488985569619,1.7840911565798356,-0.24390047899501924,0.011105372262451906,3.9375,-0.020582490606796622,0.0006979706403030461,-0.020371878337852478
SPY,2014-10-03,2014-04-04,2014-10-03,128,0.16435162952230975,213.11802359925105,0.0076910681063497984,1.808772325545342,-0.15645292217494666,0.012555055568962503,3.9375,-0.020582490606796622,0.0006979706403030461,-0.020371878337852478
SPY,2014-10-06,2014-04-07,2014-10-06,128,0.18643235496457145,228.04840330280038,0.007379347287469392,1.8327489475866376,-0.1620301949737788,0.01228168866634744,3.9375,-0.020582490606796622,0.0006979706403030461,-0.020371878337852478
SPY,2014-10-07,2014-04-08,2014-10-07,128,0.17758164029638124,232.48567950274952,0.007609548729134695,1.8791352553231853,-0.23263228836834812,0.014959969770330156,3.9375,-0.020582490606796622,0.0006979706403030461,-0.020371878337852478
SPY,2014-10-08,2014-04-09,2014-10-08,128,0.2046985257391647,176.5072189639084,0.008197550125227777,1.6994318864244762,-0.22157644291876302,0.018175836404297326,3.9375,-0.020582490606796622,0.0006979706403030461,-0.020371878337852478
SPY,2014-10-09,2014-04-10,2014-10-09,128,0.18430419022164762,179.39723621127766,0.008022353907700308,1.6948812240982534,-0.23316423372080525,0.018175836404297326,5.90625,-0.02065060919914134,0.0005074464850913828,-0.020438719437322894
SPY,2014-10-10,2014-04-11,2014-10-10,128,0.16004634829535114,175.48098655560887,0.00821849295807661,1.6966474683730222,-0.16752479477029328,0.019568464051340828,3.9375,-0.020437898608899996,0.0004934866758670157,-0.02023034106215138
SPY,2014-10-13,2014-04-14,2014-10-13,128,0.14574906898261908,159.97485574116635,0.008590177808733238,1.6561795826805967,-0.2111160013051148,0.022848505353300748,3.9375,-0.020437898608899996,0.0004934866758670157,-0.02023034106215138
SPY,2014-10-14,2014-04-15,2014-10-14,128,0.13254941614083293,179.13804935568197,0.008461406753819619,1.7393848893460997,-0.20029814484438732,0.022456658657759348,3.9375,-0.020437898608899996,0.0004934866758670157,-0.02023034106215138
SPY,2014-10-15,2014-04-16,2014-10-15,128,0.10306291541846058,180.51813283072892,0.008499766380170129,1.7500255808957652,-0.22578742170011884,0.023223007942198084,3.9375,-0.020437898608899996,0.0004934866758670157,-0.02023034106215138
SPY,2014-10-16,2014-04-17,2014-10-16,128,0.08254036620082594,178.72062037657483,0.008282035624394913,1.7188436135109855,-0.2247117871279646,0.02256128402221287,3.9375,-0.020437898608899996,0.0004934866758670157,-0.02023034106215138
SPY,2014-10-17,2014-04-18,2014-10-17,128,0.10527716831629874,182.32083328253808,0.00860397743950657,1.7694906251951168,-0.1742809747478065,0.024495720515493546,3.9375,-0.020437898608899996,0.0004934866758670157,-0.02023034106215138
SPY,2014-10-20,2014-04-21,2014-10-20,128,0.12347670201549832,181.52990084697313,0.00876958895294072,1.7825601363277823,-0.18707134892857444,0.025189661204627442,3.9375,-0.020437898608899996,0.0004934866758670157,-0.02023034106215138
SPY,2014-10-21,2014-04-22,2014-10-21,128,0.1546692679705295,171.67063182524305,0.009491498700437483,1.803415861706007,-0.06873361531534312,0.029374826711090644,3.9375,-0.020437898608899996,0.0004934866758670157,-0.02023034106215138
SPY,2014-10-22,2014-04-23,2014-10-22,128,0.13210744707862254,187.7826283747401,0.009562092098012571,1.893148379259834,-0.021803346078147736,0.029222118831728577,3.9375,-0.020437898608899996,0.0004934866758670157,-0.02023034106215138
SPY,2014-10-23,2014-04-24,2014-10-23,128,0.11958310820237815,211.76657161327878,0.010574927859721773,2.1142088945472834,-0.09394481513055906,0.03062361449294075,1.96875,-0.02078684638383077,0.0,-0.020572289120495912
SPY,2014-10-24,2014-04-25,2014-10-24,128,0.13008172115894368,211.74114630668103,0.010666748487924767,2.1232402745254255,-0.09547317449955017,0.030482033002300193,1.96875,-0.02078684638383077,0.0,-0.020572289120495912
SPY,2014-10-27,2014-04-28,2014-10-27,128,0.14321786553207336,211.531795470758,0.010540619928006922,2.1096061887968203,-0.09229178525096898,0.027323505929476636,1.96875,-0.02078684638383077,0.0,-0.020572289120495912
SPY,2014-10-28,2014-04-29,2014-10-28,128,0.1602044033703555,213.32585598741124,0.010797547116084744,2.1441975154061512,-0.07108920166184873,0.02809592948619317,1.96875,-0.02078684638383077,0.0,-0.020572289120495912
SPY,2014-10-29,2014-04-30,2014-10-29,128,0.1482447717112666,215.67005319654876,0.010755822634254354,2.1517768200869325,-0.06674522476844391,0.02804233070678248,1.96875,-0.02078684638383077,0.0,-0.020572289120495912
SPY,2014-10-30,2014-05-01,2014-10-30,128,0.15467911262411974,216.1983709731954,0.010815573286327597,2.1603865604577672,-0.063865810897429,0.028423510237539185,1.96875,-0.02078684638383077,0.0,-0.020572289120495912
SPY,2014-10-31,2014-05-01,2014-10-31,129,0.17638902369246742,216.32887019663454,0.010997870465529998,2.179174595001134,-0.049670424409740704,0.027948615179013894,1.9534883720930234,-0.02078684638383077,0.0,-0.020572289120495912
SPY,2014-11-03,2014-05-05,2014-11-03,128,0.18038955792973044,219.46940432465857,0.011080839511246497,2.2031994318997796,-0.047874871215773517,0.027948694780876745,1.96875,-0.02078684638383077,0.0,-0.020572289120495912
SPY,2014-11-04,2014-05-05,2014-11-04,129,0.17341833717023988,218.96005271745798,0.011009983486578862,2.1935940746897247,-0.04817040069140651,0.026567799595741442,1.9534883720930234,-0.02078684638383077,0.0,-0.020572289120495912
SPY,2014-11-05,2014-05-06,2014-11-05,129,0.1814580182876595,218.27871215240663,0.011073914917179146,2.196528125945061,-0.03723732953299759,0.026973965885565766,1.9534883720930234,-0.02078684638383077,0.0,-0.020572289120495912
SPY,2014-11-06,2014-05-07,2014-11-06,129,0.2071382134038713,218.02961750106556,0.010947690564760871,2.18272734518213,-0.03520231687154509,0.024393375168562055,1.9534883720930234,-0.02078684638383077,0.0,-0.020572289120495912
SPY,2014-11-07,2014-05-08,2014-11-07,129,0.19635655413862094,217.74090977665568,0.010877234743218967,2.1742513742822145,-0.036014692585601325,0.020670655357125662,1.9534883720930234,-0.02078684638383077,0.0,-0.020572289120495912
SPY,2014-11-10,2014-05-12,2014-11-10,128,0.20305335801242072,216.9952948850216,0.010974562310783016,2.180214626829691,-0.0463254426254564,0.019231806273570597,1.96875,-0.02078684638383077,0.0,-0.020572289120495912
SPY,2014-11-11,2014-05-12,2014-11-11,129,0.20282884700405862,216.51156966403568,0.010889765570571527,2.1693533940988665,-0.04631890423024888,0.01594166901083726,1.9534883720930234,-0.02078684638383077,0.0,-0.020572289120495912
SPY,2014-11-12,2014-05-13,2014-11-12,129,0.18305631974596595,214.98770499935333,0.010707518708235369,2.143540625021785,-0.04656613680849856,0.015913838431925786,1.9534883720930234,-0.02078684638383077,0.0,-0.020572289120495912
SPY,2014-11-13,2014-05-14,2014-11-13,129,0.18294926759993016,214.66388680964093,0.010707382404959382,2.1419120646958665,-0.04534862073336791,0.015146048972400718,1.9534883720930234,-0.02078684638383077,0.0,-0.020572289120495912
SPY,2014-11-14,2014-05-15,2014-11-14,129,0.192508684972868,213.70107894520086,0.010667677175374682,2.1331371328005853,-0.03749738953337157,0.015147164171567157,1.9534883720930234,-0.02078684638383077,0.0,-0.020572289120495912
SPY,2014-11-17,2014-05-19,2014-11-17,128,0.2064120010098634,212.8334766803574,0.010558228068594666,2.117853793722635,-0.03506345825550297,0.013199423775546008,1.96875,-0.02078684638383077,0.0,-0.020572289120495912
SPY,2014-11-18,2014-05-19,2014-11-18,129,0.256784729642718,189.88332767027012,0.009813132520202132,1.9285359320686624,0.07076922357444289,0.012542492011501852,3.906976744186047,-0.020437898608899996,0.0004934866758670157,-0.02023034106215138
SPY,2014-11-19,2014-05-20,2014-11-19,129,0.24620059880102058,189.607369684272,0.009787058264503427,1.924572073697749,0.07539416805184278,0.008064865438677028,3.906976744186047,-0.020437898608899996,0.0004934866758670157,-0.02023034106215138
SPY,2014-11-20,2014-05-21,2014-11-20,129,0.26298614227214506,189.20110637084164,0.009712105222784397,1.915133315868746,0.07288541400902182,0.007489795873365877,3.906976744186047,-0.020437898608899996,0.0004934866758670157,-0.02023034106215138
SPY,2014-11-21,2014-05-22,2014-11-21,129,0.25733485505652554,188.65419180028778,0.009635749960390797,1.904831115742006,0.07609376572084034,0.00604080864754218,3.906976744186047,-0.020437898608899996,0.0004934866758670157,-0.02023034106215138
SPY,2014-11-24,2014-05-27,2014-11-24,128,0.25170715710532576,188.69360522194765,0.009680721164454089,1.9094704103515678,0.07369365648839281,0.005548420403907751,3.9375,-0.020437898608899996,0.0004934866758670157,-0.02023034106215138
SPY,2014-11-25,2014-05-27,2014-11-25,129,0.24773106717923968,188.26966378705146,0.009606499098511188,1.8999983891302514,0.07388395407412675,0.005533873346516152,3.906976744186047,-0.020437898608899996,0.0004934866758670157,-0.02023034106215138
SPY,2014-11-26,2014-05-27,2014-11-26,130,0.2517535790814778,187.92892309648195,0.009549478395095299,1.89263611883781,0.0741306352701931,0.003960688652239273,3.8769230769230765,-0.020437898608899996,0.0004934866758670157,-0.02023034106215138
SPY,2014-11-28,2014-05-29,2014-11-28,129,0.2388910010502903,187.62356085306962,0.009565106178886593,1.8926446033512165,0.07127340669468658,0.004016145371643515,3.906976744186047,-0.020437898608899996,0.0004934866758670157,-0.02023034106215138
SPY,2014-12-01,2014-06-02,2014-12-01,128,0.21264159783037861,188.46789791144118,0.00966695861657664,1.9069710898884316,0.06626124322734697,0.0040978084873001044,3.9375,-0.020437898608899996,0.0004934866758670157,-0.02023034106215138
SPY,2014-12-02,2014-06-03,2014-12-02,128,0.22379991824513823,188.9889206791296,0.009747241763400251,1.9175183447275401,0.06554103237780735,0.0029611673307474275,3.9375,-0.020437898608899996,0.0004934866758670157,-0.02023034106215138
SPY,2014-12-03,2014-06-04,2014-12-03,128,0.23245958176315007,189.4712299151838,0.009779089161242795,1.9230976010516494,0.0641347867724681,0.0031533558519718182,3.9375,-0.020437898608899996,0.0004934866758670157,-0.02023034106215138
SPY,2014-12-04,2014-06-05,2014-12-04,128,0.22605270184267034,188.91958827577744,0.009773224128597248,1.9197200930854277,0.061323537556639815,0.0030732861745614497,3.9375,-0.020437898608899996,0.0004934866758670157,-0.02023034106215138
SPY,2014-12-05,2014-06-06,2014-12-05,128,0.21630747128280703,188.41777612952805,0.009693448879428964,1.9093281913508622,0.06272123092393841,0.002671653929593468,3.9375,-0.020437898608899996,0.0004934866758670157,-0.02023034106215138
SPY,2014-12-08,2014-06-09,2014-12-08,128,0.19263361533906043,189.02989148080454,0.00974976677062907,1.9179745581749992,0.05622855516637066,0.003079698080086133,3.9375,-0.020437898608899996,0.0004934866758670157,-0.02023034106215138
SPY,2014-12-09,2014-06-10,2014-12-09,128,0.19020313845501313,189.7898036955361,0.009747945609900211,1.9216463839275593,0.056933624609230925,0.003076988826241357,3.9375,-0.020437898608899996,0.0004934866758670157,-0.02023034106215138
SPY,2014-12-10,2014-06-11,2014-12-10,128,0.11690008338037412,216.7066559584542,0.011001816491067004,2.1814678139693333,-0.09729107060425146,0.006162031804541808,1.96875,-0.02078684638383077,0.0,-0.020572289120495912
SPY,2014-12-11,2014-06-12,2014-12-11,128,0.13314149975010894,220.78476440434082,0.01102385398508534,2.204102375487162,-0.10485176880117641,0.006429440841862499,1.96875,-0.02078684638383077,0.0,-0.020572289120495912
SPY,2014-12-12,2014-06-13,2014-12-12,128,0.07258510641954033,194.82129904330046,0.012216502939972023,2.179576694049355,-0.14811546771080134,0.009590091783603214,0.0,0.0,0.0,0.0
SPY,2014-12-15,2014-06-16,2014-12-15,128,0.05403152041681644,198.71719072148068,0.012275615505790474,2.2065808461999223,-0.12933047806352832,0.010062677913157084,0.0,0.0,0.0,0.0
SPY,2014-12-16,2014-06-17,2014-12-16,128,0.0356766617953235,199.24156621330206,0.012416077908563127,2.2220952656940023,-0.13153620722610804,0.010925722780681235,0.0,0.0,0.0,0.0
SPY,2014-12-17,2014-06-18,2014-12-17,128,0.07095683799646124,196.83344005374963,0.013201785911762515,2.277436466093642,-0.06240416496052272,0.015764297726075027,0.0,0.0,0.0,0.0
SPY,2014-12-18,2014-06-19,2014-12-18,128,0.05633628553468697,196.70283546533744,0.013189617571586309,2.2756312966381755,-0.06178062887932028,0.015764297726075027,1.96875,0.023770142002299544,0.0,0.024054903626049562
SPY,2014-12-19,2014-06-20,2014-12-19,128,0.05166450781624286,208.2754428249517,0.013187438491858711,2.341422259676815,-0.0541482042223246,0.015438253960576031,1.96875,0.023770142002299544,0.0,0.024054903626049562
SPY,2014-12-22,2014-06-23,2014-12-22,128,0.06554874060170048,208.3982561241902,0.013199853839511092,2.343214722995881,-0.05361425846618335,0.015600357323689236,1.96875,0.023770142002299544,0.0,0.024054903626049562
SPY,2014-12-23,2014-06-24,2014-12-23,128,0.06937452051060199,208.04510099763732,0.013206217008290966,2.341792698456799,-0.05142946793652313,0.015591192502298443,1.96875,0.023770142002299544,0.0,0.024054903626049562
SPY,2014-12-24,2014-06-25,2014-12-24,128,0.08178685599968338,207.59339417008903,0.01312586621275411,2.3321218480749155,-0.05079671086973956,0.015250232696169267,1.96875,0.023770142002299544,0.0,0.024054903626049562
SPY,2014-12-26,2014-06-27,2014-12-26,127,0.08124855656113361,208.00270383577293,0.013201711093258158,2.3411545721898435,-0.05080451531911292,0.015281783884640254,1.984251968503937,0.023770142002299544,0.0,0.024054903626049562
SPY,2014-12-29,2014-06-30,2014-12-29,127,0.07940449421280427,208.07609072952306,0.013196215744405522,2.3410801337704057,-0.050892154791547066,0.01528236993763229,1.984251968503937,0.023770142002299544,0.0,0.024054903626049562
SPY,2014-12-30,2014-07-01,2014-12-30,127,0.07049923015566328,207.77011210423967,0.013241784927209049,2.343393861797893,-0.05494776699127885,0.015447212038276183,1.984251968503937,0.023770142002299544,0.0,0.024054903626049562
SPY,2014-12-31,2014-07-01,2014-12-31,128,0.04938458861492529,208.2061925105751,0.013350543388778481,2.3554656673264227,-0.06271464462051082,0.0166607143304838,1.96875,0.023770142002299544,0.0,0.024054903626049562
