underlying,trading_date,S_t,K,expiration,T_years,dte,option_type,option_price,r,moneyness,regime,style
SPY,2008-01-02,144.508517,132.0,2008-01-19,0.04654346338124572,17,call,13.2,0.0326,0.9134409704031492,crisis,American
SPY,2008-01-02,144.508517,133.0,2008-01-19,0.04654346338124572,17,call,12.325,0.0326,0.9203609777546883,crisis,American
SPY,2008-01-02,144.508517,134.0,2008-01-19,0.04654346338124572,17,call,11.4,0.0326,0.9272809851062273,crisis,American
SPY,2008-01-02,144.508517,135.0,2008-01-19,0.04654346338124572,17,call,10.5,0.0326,0.9342009924577662,crisis,American
SPY,2008-01-02,144.508517,136.0,2008-01-19,0.04654346338124572,17,call,9.525,0.0326,0.9411209998093053,crisis,American
SPY,2008-01-02,144.508517,137.0,2008-01-19,0.04654346338124572,17,call,8.7,0.0326,0.9480410071608443,crisis,American
SPY,2008-01-02,144.508517,138.0,2008-01-19,0.04654346338124572,17,call,7.825,0.0326,0.9549610145123832,crisis,American
SPY,2008-01-02,144.508517,139.0,2008-01-19,0.04654346338124572,17,call,6.975,0.0326,0.9618810218639223,crisis,American
SPY,2008-01-02,144.508517,140.0,2008-01-19,0.04654346338124572,17,call,6.125,0.0326,0.9688010292154613,crisis,American
SPY,2008-01-02,144.508517,141.0,2008-01-19,0.04654346338124572,17,call,5.4,0.0326,0.9757210365670004,crisis,American
SPY,2008-01-02,144.508517,142.0,2008-01-19,0.04654346338124572,17,call,4.675,0.0326,0.9826410439185393,crisis,American
SPY,2008-01-02,144.508517,143.0,2008-01-19,0.04654346338124572,17,call,4.0,0.0326,0.9895610512700783,crisis,American
SPY,2008-01-02,144.508517,144.0,2008-01-19,0.04654346338124572,17,call,3.3499999999999996,0.0326,0.9964810586216174,crisis,American
SPY,2008-01-02,144.508517,145.0,2008-01-19,0.04654346338124572,17,call,2.745,0.0326,1.0034010659731563,crisis,American
SPY,2008-01-02,144.508517,146.0,2008-01-19,0.04654346338124572,17,call,2.21,0.0326,1.0103210733246955,crisis,American
SPY,2008-01-02,144.508517,147.0,2008-01-19,0.04654346338124572,17,call,1.725,0.0326,1.0172410806762344,crisis,American
SPY,2008-01-02,144.508517,148.0,2008-01-19,0.04654346338124572,17,call,1.315,0.0326,1.0241610880277734,crisis,American
SPY,2008-01-02,144.508517,149.0,2008-01-19,0.04654346338124572,17,call,0.97,0.0326,1.0310810953793124,crisis,American
SPY,2008-01-02,144.508517,150.0,2008-01-19,0.04654346338124572,17,call,0.685,0.0326,1.0380011027308513,crisis,American
SPY,2008-01-02,144.508517,151.0,2008-01-19,0.04654346338124572,17,call,0.47,0.0326,1.0449211100823905,crisis,American
SPY,2008-01-02,144.508517,152.0,2008-01-19,0.04654346338124572,17,call,0.31000000000000005,0.0326,1.0518411174339295,crisis,American
SPY,2008-01-02,144.508517,153.0,2008-01-19,0.04654346338124572,17,call,0.20500000000000002,0.0326,1.0587611247854685,crisis,American
SPY,2008-01-02,144.508517,154.0,2008-01-19,0.04654346338124572,17,call,0.11,0.0326,1.0656811321370074,crisis,American
SPY,2008-01-02,144.508517,155.0,2008-01-19,0.04654346338124572,17,call,0.08,0.0326,1.0726011394885464,crisis,American
SPY,2008-01-02,144.508517,156.0,2008-01-19,0.04654346338124572,17,call,0.060000000000000005,0.0326,1.0795211468400854,crisis,American
SPY,2008-01-02,144.508517,131.0,2008-02-16,0.12320328542094455,45,call,15.524999999999999,0.0326,0.9065209630516102,crisis,American
SPY,2008-01-02,144.508517,133.0,2008-02-16,0.12320328542094455,45,call,13.774999999999999,0.0326,0.9203609777546883,crisis,American
SPY,2008-01-02,144.508517,134.0,2008-02-16,0.12320328542094455,45,call,12.9,0.0326,0.9272809851062273,crisis,American
SPY,2008-01-02,144.508517,135.0,2008-02-16,0.12320328542094455,45,call,12.075,0.0326,0.9342009924577662,crisis,American
SPY,2008-01-02,144.508517,136.0,2008-02-16,0.12320328542094455,45,call,11.25,0.0326,0.9411209998093053,crisis,American
SPY,2008-01-02,144.508517,137.0,2008-02-16,0.12320328542094455,45,call,10.45,0.0326,0.9480410071608443,crisis,American
SPY,2008-01-02,144.508517,138.0,2008-02-16,0.12320328542094455,45,call,9.7,0.0326,0.9549610145123832,crisis,American
SPY,2008-01-02,144.508517,139.0,2008-02-16,0.12320328542094455,45,call,8.925,0.0326,0.9618810218639223,crisis,American
SPY,2008-01-02,144.508517,140.0,2008-02-16,0.12320328542094455,45,call,8.175,0.0326,0.9688010292154613,crisis,American
SPY,2008-01-02,144.508517,141.0,2008-02-16,0.12320328542094455,45,call,7.475,0.0326,0.9757210365670004,crisis,American
SPY,2008-01-02,144.508517,142.0,2008-02-16,0.12320328542094455,45,call,6.775,0.0326,0.9826410439185393,crisis,American
SPY,2008-01-02,144.508517,143.0,2008-02-16,0.12320328542094455,45,call,6.125,0.0326,0.9895610512700783,crisis,American
SPY,2008-01-02,144.508517,144.0,2008-02-16,0.12320328542094455,45,call,5.525,0.0326,0.9964810586216174,crisis,American
SPY,2008-01-02,144.508517,145.0,2008-02-16,0.12320328542094455,45,call,4.875,0.0326,1.0034010659731563,crisis,American
SPY,2008-01-02,144.508517,146.0,2008-02-16,0.12320328542094455,45,call,4.275,0.0326,1.0103210733246955,crisis,American
SPY,2008-01-02,144.508517,147.0,2008-02-16,0.12320328542094455,45,call,3.7249999999999996,0.0326,1.0172410806762344,crisis,American
SPY,2008-01-02,144.508517,148.0,2008-02-16,0.12320328542094455,45,call,3.2249999999999996,0.0326,1.0241610880277734,crisis,American
SPY,2008-01-02,144.508517,149.0,2008-02-16,0.12320328542094455,45,call,2.745,0.0326,1.0310810953793124,crisis,American
SPY,2008-01-02,144.508517,150.0,2008-02-16,0.12320328542094455,45,call,2.2800000000000002,0.0326,1.0380011027308513,crisis,American
SPY,2008-01-02,144.508517,151.0,2008-02-16,0.12320328542094455,45,call,1.9249999999999998,0.0326,1.0449211100823905,crisis,American
SPY,2008-01-02,144.508517,152.0,2008-02-16,0.12320328542094455,45,call,1.57,0.0326,1.0518411174339295,crisis,American
SPY,2008-01-02,144.508517,153.0,2008-02-16,0.12320328542094455,45,call,1.2650000000000001,0.0326,1.0587611247854685,crisis,American
SPY,2008-01-02,144.508517,154.0,2008-02-16,0.12320328542094455,45,call,1.01,0.0326,1.0656811321370074,crisis,American
SPY,2008-01-02,144.508517,155.0,2008-02-16,0.12320328542094455,45,call,0.7849999999999999,0.0326,1.0726011394885464,crisis,American
SPY,2008-01-02,144.508517,156.0,2008-02-16,0.12320328542094455,45,call,0.585,0.0326,1.0795211468400854,crisis,American
SPY,2008-01-02,144.508517,157.0,2008-02-16,0.12320328542094455,45,call,0.44499999999999995,0.0326,1.0864411541916246,crisis,American
SPY,2008-01-02,144.508517,158.0,2008-02-16,0.12320328542094455,45,call,0.31999999999999995,0.0326,1.0933611615431635,crisis,American
SPY,2008-01-09,140.769213,127.0,2008-01-19,0.02737850787132101,10,call,13.64,0.0322,0.90218590623221,crisis,American
SPY,2008-01-09,140.769213,128.0,2008-01-19,0.02737850787132101,10,call,12.64,0.0322,0.9092897322655344,crisis,American
SPY,2008-01-09,140.769213,129.0,2008-01-19,0.02737850787132101,10,call,11.66,0.0322,0.9163935582988589,crisis,American
SPY,2008-01-09,140.769213,130.0,2008-01-19,0.02737850787132101,10,call,10.725000000000001,0.0322,0.9234973843321834,crisis,American
SPY,2008-01-09,140.769213,131.0,2008-01-19,0.02737850787132101,10,call,9.774999999999999,0.0322,0.9306012103655079,crisis,American
SPY,2008-01-09,140.769213,132.0,2008-01-19,0.02737850787132101,10,call,8.825,0.0322,0.9377050363988324,crisis,American
SPY,2008-01-09,140.769213,133.0,2008-01-19,0.02737850787132101,10,call,7.925000000000001,0.0322,0.9448088624321569,crisis,American
SPY,2008-01-09,140.769213,134.0,2008-01-19,0.02737850787132101,10,call,7.0,0.0322,0.9519126884654814,crisis,American
SPY,2008-01-09,140.769213,135.0,2008-01-19,0.02737850787132101,10,call,6.1,0.0322,0.9590165144988059,crisis,American
SPY,2008-01-09,140.769213,136.0,2008-01-19,0.02737850787132101,10,call,5.225,0.0322,0.9661203405321304,crisis,American
SPY,2008-01-09,140.769213,137.0,2008-01-19,0.02737850787132101,10,call,4.45,0.0322,0.9732241665654549,crisis,American
SPY,2008-01-09,140.769213,138.0,2008-01-19,0.02737850787132101,10,call,3.7,0.0322,0.9803279925987793,crisis,American
SPY,2008-01-09,140.769213,139.0,2008-01-19,0.02737850787132101,10,call,3.0149999999999997,0.0322,0.9874318186321038,crisis,American
SPY,2008-01-09,140.769213,140.0,2008-01-19,0.02737850787132101,10,call,2.395,0.0322,0.9945356446654283,crisis,American
SPY,2008-01-09,140.769213,141.0,2008-01-19,0.02737850787132101,10,call,1.85,0.0322,1.0016394706987528,crisis,American
SPY,2008-01-09,140.769213,142.0,2008-01-19,0.02737850787132101,10,call,1.385,0.0322,1.0087432967320773,crisis,American
SPY,2008-01-09,140.769213,143.0,2008-01-19,0.02737850787132101,10,call,1.01,0.0322,1.0158471227654018,crisis,American
SPY,2008-01-09,140.769213,144.0,2008-01-19,0.02737850787132101,10,call,0.6950000000000001,0.0322,1.0229509487987263,crisis,American
SPY,2008-01-09,140.769213,145.0,2008-01-19,0.02737850787132101,10,call,0.45499999999999996,0.0322,1.0300547748320508,crisis,American
SPY,2008-01-09,140.769213,146.0,2008-01-19,0.02737850787132101,10,call,0.28500000000000003,0.0322,1.0371586008653753,crisis,American
SPY,2008-01-09,140.769213,147.0,2008-01-19,0.02737850787132101,10,call,0.17,0.0322,1.0442624268986997,crisis,American
SPY,2008-01-09,140.769213,148.0,2008-01-19,0.02737850787132101,10,call,0.095,0.0322,1.0513662529320242,crisis,American
SPY,2008-01-09,140.769213,149.0,2008-01-19,0.02737850787132101,10,call,0.055,0.0322,1.0584700789653487,crisis,American
SPY,2008-01-09,140.769213,127.0,2008-02-16,0.10403832991101986,38,call,14.75,0.0322,0.90218590623221,crisis,American
SPY,2008-01-09,140.769213,128.0,2008-02-16,0.10403832991101986,38,call,13.87,0.0322,0.9092897322655344,crisis,American
SPY,2008-01-09,140.769213,129.0,2008-02-16,0.10403832991101986,38,call,12.99,0.0322,0.9163935582988589,crisis,American
SPY,2008-01-09,140.769213,130.0,2008-02-16,0.10403832991101986,38,call,12.175,0.0322,0.9234973843321834,crisis,American
SPY,2008-01-09,140.769213,131.0,2008-02-16,0.10403832991101986,38,call,11.375,0.0322,0.9306012103655079,crisis,American
SPY,2008-01-09,140.769213,132.0,2008-02-16,0.10403832991101986,38,call,10.55,0.0322,0.9377050363988324,crisis,American
SPY,2008-01-09,140.769213,133.0,2008-02-16,0.10403832991101986,38,call,9.75,0.0322,0.9448088624321569,crisis,American
SPY,2008-01-09,140.769213,134.0,2008-02-16,0.10403832991101986,38,call,8.975000000000001,0.0322,0.9519126884654814,crisis,American
SPY,2008-01-09,140.769213,135.0,2008-02-16,0.10403832991101986,38,call,8.2,0.0322,0.9590165144988059,crisis,American
SPY,2008-01-09,140.769213,136.0,2008-02-16,0.10403832991101986,38,call,7.475,0.0322,0.9661203405321304,crisis,American
SPY,2008-01-09,140.769213,137.0,2008-02-16,0.10403832991101986,38,call,6.775,0.0322,0.9732241665654549,crisis,American
SPY,2008-01-09,140.769213,138.0,2008-02-16,0.10403832991101986,38,call,6.075,0.0322,0.9803279925987793,crisis,American
SPY,2008-01-09,140.769213,139.0,2008-02-16,0.10403832991101986,38,call,5.425,0.0322,0.9874318186321038,crisis,American
SPY,2008-01-09,140.769213,140.0,2008-02-16,0.10403832991101986,38,call,4.85,0.0322,0.9945356446654283,crisis,American
SPY,2008-01-09,140.769213,141.0,2008-02-16,0.10403832991101986,38,call,4.225,0.0322,1.0016394706987528,crisis,American
SPY,2008-01-09,140.769213,142.0,2008-02-16,0.10403832991101986,38,call,3.675,0.0322,1.0087432967320773,crisis,American
SPY,2008-01-09,140.769213,143.0,2008-02-16,0.10403832991101986,38,call,3.175,0.0322,1.0158471227654018,crisis,American
SPY,2008-01-09,140.769213,144.0,2008-02-16,0.10403832991101986,38,call,2.685,0.0322,1.0229509487987263,crisis,American
SPY,2008-01-09,140.769213,145.0,2008-02-16,0.10403832991101986,38,call,2.255,0.0322,1.0300547748320508,crisis,American
SPY,2008-01-09,140.769213,146.0,2008-02-16,0.10403832991101986,38,call,1.865,0.0322,1.0371586008653753,crisis,American
SPY,2008-01-09,140.769213,147.0,2008-02-16,0.10403832991101986,38,call,1.52,0.0322,1.0442624268986997,crisis,American
SPY,2008-01-09,140.769213,148.0,2008-02-16,0.10403832991101986,38,call,1.22,0.0322,1.0513662529320242,crisis,American
SPY,2008-01-09,140.769213,149.0,2008-02-16,0.10403832991101986,38,call,0.9550000000000001,0.0322,1.0584700789653487,crisis,American
SPY,2008-01-09,140.769213,150.0,2008-02-16,0.10403832991101986,38,call,0.72,0.0322,1.0655739049986732,crisis,American
SPY,2008-01-09,140.769213,151.0,2008-02-16,0.10403832991101986,38,call,0.55,0.0322,1.0726777310319977,crisis,American
SPY,2008-01-09,140.769213,152.0,2008-02-16,0.10403832991101986,38,call,0.41000000000000003,0.0322,1.0797815570653222,crisis,American
SPY,2008-01-09,140.769213,153.0,2008-02-16,0.10403832991101986,38,call,0.29500000000000004,0.0322,1.0868853830986467,crisis,American
SPY,2008-01-09,140.769213,154.0,2008-02-16,0.10403832991101986,38,call,0.21,0.0322,1.0939892091319712,crisis,American
SPY,2008-01-16,137.211117,124.0,2008-02-16,0.08487337440109514,31,call,14.05,0.031400000000000004,0.9037168613677272,crisis,American
SPY,2008-01-16,137.211117,125.0,2008-02-16,0.08487337440109514,31,call,13.16,0.031400000000000004,0.9110049005723057,crisis,American
SPY,2008-01-16,137.211117,126.0,2008-02-16,0.08487337440109514,31,call,12.28,0.031400000000000004,0.9182929397768841,crisis,American
SPY,2008-01-16,137.211117,127.0,2008-02-16,0.08487337440109514,31,call,11.41,0.031400000000000004,0.9255809789814625,crisis,American
SPY,2008-01-16,137.211117,128.0,2008-02-16,0.08487337440109514,31,call,10.56,0.031400000000000004,0.932869018186041,crisis,American
SPY,2008-01-16,137.211117,129.0,2008-02-16,0.08487337440109514,31,call,9.74,0.031400000000000004,0.9401570573906194,crisis,American
SPY,2008-01-16,137.211117,130.0,2008-02-16,0.08487337440109514,31,call,9.0,0.031400000000000004,0.9474450965951979,crisis,American
SPY,2008-01-16,137.211117,131.0,2008-02-16,0.08487337440109514,31,call,8.2,0.031400000000000004,0.9547331357997764,crisis,American
SPY,2008-01-16,137.211117,132.0,2008-02-16,0.08487337440109514,31,call,7.475,0.031400000000000004,0.9620211750043548,crisis,American
SPY,2008-01-16,137.211117,133.0,2008-02-16,0.08487337440109514,31,call,6.75,0.031400000000000004,0.9693092142089332,crisis,American
SPY,2008-01-16,137.211117,134.0,2008-02-16,0.08487337440109514,31,call,6.05,0.031400000000000004,0.9765972534135117,crisis,American
SPY,2008-01-16,137.211117,135.0,2008-02-16,0.08487337440109514,31,call,5.4,0.031400000000000004,0.9838852926180901,crisis,American
SPY,2008-01-16,137.211117,136.0,2008-02-16,0.08487337440109514,31,call,4.75,0.031400000000000004,0.9911733318226685,crisis,American
SPY,2008-01-16,137.211117,137.0,2008-02-16,0.08487337440109514,31,call,4.175,0.031400000000000004,0.998461371027247,crisis,American
SPY,2008-01-16,137.211117,138.0,2008-02-16,0.08487337440109514,31,call,3.5999999999999996,0.031400000000000004,1.0057494102318254,crisis,American
SPY,2008-01-16,137.211117,139.0,2008-02-16,0.08487337440109514,31,call,3.0999999999999996,0.031400000000000004,1.0130374494364038,crisis,American
SPY,2008-01-16,137.211117,140.0,2008-02-16,0.08487337440109514,31,call,2.625,0.031400000000000004,1.0203254886409823,crisis,American
SPY,2008-01-16,137.211117,141.0,2008-02-16,0.08487337440109514,31,call,2.2,0.031400000000000004,1.0276135278455607,crisis,American
SPY,2008-01-16,137.211117,142.0,2008-02-16,0.08487337440109514,31,call,1.81,0.031400000000000004,1.0349015670501391,crisis,American
SPY,2008-01-16,137.211117,143.0,2008-02-16,0.08487337440109514,31,call,1.47,0.031400000000000004,1.0421896062547176,crisis,American
SPY,2008-01-16,137.211117,144.0,2008-02-16,0.08487337440109514,31,call,1.1749999999999998,0.031400000000000004,1.0494776454592962,crisis,American
SPY,2008-01-16,137.211117,146.0,2008-02-16,0.08487337440109514,31,call,0.7,0.031400000000000004,1.064053723868453,crisis,American
SPY,2008-01-16,137.211117,147.0,2008-02-16,0.08487337440109514,31,call,0.525,0.031400000000000004,1.0713417630730315,crisis,American
SPY,2008-01-16,137.211117,148.0,2008-02-16,0.08487337440109514,31,call,0.39,0.031400000000000004,1.07862980227761,crisis,American
SPY,2008-01-16,137.211117,149.0,2008-02-16,0.08487337440109514,31,call,0.27,0.031400000000000004,1.0859178414821884,crisis,American
SPY,2008-01-16,137.211117,150.0,2008-02-16,0.08487337440109514,31,call,0.21000000000000002,0.031400000000000004,1.0932058806867668,crisis,American
SPY,2008-01-24,135.121318,122.0,2008-02-16,0.06297056810403832,23,call,13.79,0.023700000000000002,0.9028923178502447,crisis,American
SPY,2008-01-24,135.121318,123.0,2008-02-16,0.06297056810403832,23,call,12.88,0.023700000000000002,0.9102930745539353,crisis,American
SPY,2008-01-24,135.121318,124.0,2008-02-16,0.06297056810403832,23,call,12.02,0.023700000000000002,0.9176938312576258,crisis,American
SPY,2008-01-24,135.121318,125.0,2008-02-16,0.06297056810403832,23,call,11.14,0.023700000000000002,0.9250945879613164,crisis,American
SPY,2008-01-24,135.121318,126.0,2008-02-16,0.06297056810403832,23,call,10.29,0.023700000000000002,0.9324953446650068,crisis,American
SPY,2008-01-24,135.121318,127.0,2008-02-16,0.06297056810403832,23,call,9.44,0.023700000000000002,0.9398961013686974,crisis,American
SPY,2008-01-24,135.121318,128.0,2008-02-16,0.06297056810403832,23,call,8.64,0.023700000000000002,0.947296858072388,crisis,American
SPY,2008-01-24,135.121318,129.0,2008-02-16,0.06297056810403832,23,call,7.87,0.023700000000000002,0.9546976147760785,crisis,American
SPY,2008-01-24,135.121318,130.0,2008-02-16,0.06297056810403832,23,call,7.025,0.023700000000000002,0.962098371479769,crisis,American
SPY,2008-01-24,135.121318,131.0,2008-02-16,0.06297056810403832,23,call,6.325,0.023700000000000002,0.9694991281834595,crisis,American
SPY,2008-01-24,135.121318,132.0,2008-02-16,0.06297056810403832,23,call,5.575,0.023700000000000002,0.9768998848871501,crisis,American
SPY,2008-01-24,135.121318,133.0,2008-02-16,0.06297056810403832,23,call,4.9,0.023700000000000002,0.9843006415908406,crisis,American
SPY,2008-01-24,135.121318,134.0,2008-02-16,0.06297056810403832,23,call,4.25,0.023700000000000002,0.9917013982945311,crisis,American
SPY,2008-01-24,135.121318,135.0,2008-02-16,0.06297056810403832,23,call,3.6500000000000004,0.023700000000000002,0.9991021549982216,crisis,American
SPY,2008-01-24,135.121318,136.0,2008-02-16,0.06297056810403832,23,call,3.0999999999999996,0.023700000000000002,1.0065029117019122,crisis,American
SPY,2008-01-24,135.121318,137.0,2008-02-16,0.06297056810403832,23,call,2.5949999999999998,0.023700000000000002,1.0139036684056026,crisis,American
SPY,2008-01-24,135.121318,138.0,2008-02-16,0.06297056810403832,23,call,2.13,0.023700000000000002,1.0213044251092933,crisis,American
SPY,2008-01-24,135.121318,139.0,2008-02-16,0.06297056810403832,23,call,1.71,0.023700000000000002,1.0287051818129838,crisis,American
SPY,2008-01-24,135.121318,140.0,2008-02-16,0.06297056810403832,23,call,1.3599999999999999,0.023700000000000002,1.0361059385166742,crisis,American
SPY,2008-01-24,135.121318,141.0,2008-02-16,0.06297056810403832,23,call,1.0550000000000002,0.023700000000000002,1.0435066952203649,crisis,American
SPY,2008-01-24,135.121318,142.0,2008-02-16,0.06297056810403832,23,call,0.785,0.023700000000000002,1.0509074519240553,crisis,American
SPY,2008-01-24,135.121318,143.0,2008-02-16,0.06297056810403832,23,call,0.5900000000000001,0.023700000000000002,1.058308208627746,crisis,American
SPY,2008-01-24,135.121318,144.0,2008-02-16,0.06297056810403832,23,call,0.405,0.023700000000000002,1.0657089653314364,crisis,American
SPY,2008-01-24,135.121318,145.0,2008-02-16,0.06297056810403832,23,call,0.29000000000000004,0.023700000000000002,1.073109722035127,crisis,American
SPY,2008-01-24,135.121318,146.0,2008-02-16,0.06297056810403832,23,call,0.195,0.023700000000000002,1.0805104787388176,crisis,American
SPY,2008-01-24,135.121318,147.0,2008-02-16,0.06297056810403832,23,call,0.135,0.023700000000000002,1.087911235442508,crisis,American
SPY,2008-01-24,135.121318,148.0,2008-02-16,0.06297056810403832,23,call,0.07500000000000001,0.023700000000000002,1.0953119921461985,crisis,American
SPY,2008-01-24,135.121318,122.0,2008-03-22,0.15879534565366188,58,call,15.12,0.023700000000000002,0.9028923178502447,crisis,American
SPY,2008-01-24,135.121318,123.0,2008-03-22,0.15879534565366188,58,call,14.28,0.023700000000000002,0.9102930745539353,crisis,American
SPY,2008-01-24,135.121318,124.0,2008-03-22,0.15879534565366188,58,call,13.45,0.023700000000000002,0.9176938312576258,crisis,American
SPY,2008-01-24,135.121318,125.0,2008-03-22,0.15879534565366188,58,call,12.65,0.023700000000000002,0.9250945879613164,crisis,American
SPY,2008-01-24,135.121318,126.0,2008-03-22,0.15879534565366188,58,call,11.88,0.023700000000000002,0.9324953446650068,crisis,American
SPY,2008-01-24,135.121318,127.0,2008-03-22,0.15879534565366188,58,call,11.07,0.023700000000000002,0.9398961013686974,crisis,American
SPY,2008-01-24,135.121318,128.0,2008-03-22,0.15879534565366188,58,call,10.31,0.023700000000000002,0.947296858072388,crisis,American
SPY,2008-01-24,135.121318,129.0,2008-03-22,0.15879534565366188,58,call,9.56,0.023700000000000002,0.9546976147760785,crisis,American
SPY,2008-01-24,135.121318,130.0,2008-03-22,0.15879534565366188,58,call,8.825,0.023700000000000002,0.962098371479769,crisis,American
SPY,2008-01-24,135.121318,131.0,2008-03-22,0.15879534565366188,58,call,8.1,0.023700000000000002,0.9694991281834595,crisis,American
SPY,2008-01-24,135.121318,132.0,2008-03-22,0.15879534565366188,58,call,7.425,0.023700000000000002,0.9768998848871501,crisis,American
SPY,2008-01-24,135.121318,133.0,2008-03-22,0.15879534565366188,58,call,6.775,0.023700000000000002,0.9843006415908406,crisis,American
SPY,2008-01-24,135.121318,134.0,2008-03-22,0.15879534565366188,58,call,6.125,0.023700000000000002,0.9917013982945311,crisis,American
SPY,2008-01-24,135.121318,135.0,2008-03-22,0.15879534565366188,58,call,5.525,0.023700000000000002,0.9991021549982216,crisis,American
SPY,2008-01-24,135.121318,136.0,2008-03-22,0.15879534565366188,58,call,4.975,0.023700000000000002,1.0065029117019122,crisis,American
SPY,2008-01-24,135.121318,137.0,2008-03-22,0.15879534565366188,58,call,4.4,0.023700000000000002,1.0139036684056026,crisis,American
SPY,2008-01-24,135.121318,138.0,2008-03-22,0.15879534565366188,58,call,3.9000000000000004,0.023700000000000002,1.0213044251092933,crisis,American
SPY,2008-01-24,135.121318,139.0,2008-03-22,0.15879534565366188,58,call,3.4000000000000004,0.023700000000000002,1.0287051818129838,crisis,American
SPY,2008-01-24,135.121318,140.0,2008-03-22,0.15879534565366188,58,call,2.95,0.023700000000000002,1.0361059385166742,crisis,American
SPY,2008-01-24,135.121318,141.0,2008-03-22,0.15879534565366188,58,call,2.545,0.023700000000000002,1.0435066952203649,crisis,American
SPY,2008-01-24,135.121318,142.0,2008-03-22,0.15879534565366188,58,call,2.17,0.023700000000000002,1.0509074519240553,crisis,American
SPY,2008-01-24,135.121318,143.0,2008-03-22,0.15879534565366188,58,call,1.8250000000000002,0.023700000000000002,1.058308208627746,crisis,American
SPY,2008-01-24,135.121318,144.0,2008-03-22,0.15879534565366188,58,call,1.52,0.023700000000000002,1.0657089653314364,crisis,American
SPY,2008-01-24,135.121318,145.0,2008-03-22,0.15879534565366188,58,call,1.245,0.023700000000000002,1.073109722035127,crisis,American
SPY,2008-01-24,135.121318,146.0,2008-03-22,0.15879534565366188,58,call,1.01,0.023700000000000002,1.0805104787388176,crisis,American
SPY,2008-01-24,135.121318,147.0,2008-03-22,0.15879534565366188,58,call,0.8,0.023700000000000002,1.087911235442508,crisis,American
SPY,2008-01-24,135.121318,148.0,2008-03-22,0.15879534565366188,58,call,0.635,0.023700000000000002,1.0953119921461985,crisis,American
SPY,2008-01-31,137.805793,125.0,2008-02-16,0.04380561259411362,16,call,12.79,0.0196,0.9070736235304709,crisis,American
SPY,2008-01-31,137.805793,126.0,2008-02-16,0.04380561259411362,16,call,11.87,0.0196,0.9143302125187147,crisis,American
SPY,2008-01-31,137.805793,127.0,2008-02-16,0.04380561259411362,16,call,10.96,0.0196,0.9215868015069585,crisis,American
SPY,2008-01-31,137.805793,128.0,2008-02-16,0.04380561259411362,16,call,10.09,0.0196,0.9288433904952023,crisis,American
SPY,2008-01-31,137.805793,129.0,2008-02-16,0.04380561259411362,16,call,9.21,0.0196,0.936099979483446,crisis,American
SPY,2008-01-31,137.805793,130.0,2008-02-16,0.04380561259411362,16,call,8.3,0.0196,0.9433565684716898,crisis,American
SPY,2008-01-31,137.805793,131.0,2008-02-16,0.04380561259411362,16,call,3.73,0.0196,0.9506131574599336,crisis,American
SPY,2008-01-31,137.805793,132.0,2008-02-16,0.04380561259411362,16,call,6.65,0.0196,0.9578697464481774,crisis,American
SPY,2008-01-31,137.805793,133.0,2008-02-16,0.04380561259411362,16,call,2.94,0.0196,0.965126335436421,crisis,American
SPY,2008-01-31,137.805793,134.0,2008-02-16,0.04380561259411362,16,call,2.565,0.0196,0.9723829244246648,crisis,American
SPY,2008-01-31,137.805793,135.0,2008-02-16,0.04380561259411362,16,call,4.449999999999999,0.0196,0.9796395134129086,crisis,American
SPY,2008-01-31,137.805793,136.0,2008-02-16,0.04380561259411362,16,call,3.7750000000000004,0.0196,0.9868961024011523,crisis,American
SPY,2008-01-31,137.805793,137.0,2008-02-16,0.04380561259411362,16,call,3.175,0.0196,0.9941526913893961,crisis,American
SPY,2008-01-31,137.805793,138.0,2008-02-16,0.04380561259411362,16,call,2.605,0.0196,1.00140928037764,crisis,American
SPY,2008-01-31,137.805793,139.0,2008-02-16,0.04380561259411362,16,call,2.0999999999999996,0.0196,1.0086658693658836,crisis,American
SPY,2008-01-31,137.805793,140.0,2008-02-16,0.04380561259411362,16,call,1.655,0.0196,1.0159224583541275,crisis,American
SPY,2008-01-31,137.805793,141.0,2008-02-16,0.04380561259411362,16,call,1.25,0.0196,1.0231790473423712,crisis,American
SPY,2008-01-31,137.805793,142.0,2008-02-16,0.04380561259411362,16,call,0.94,0.0196,1.030435636330615,crisis,American
SPY,2008-01-31,137.805793,143.0,2008-02-16,0.04380561259411362,16,call,0.665,0.0196,1.0376922253188587,crisis,American
SPY,2008-01-31,137.805793,144.0,2008-02-16,0.04380561259411362,16,call,0.475,0.0196,1.0449488143071024,crisis,American
SPY,2008-01-31,137.805793,145.0,2008-02-16,0.04380561259411362,16,call,0.3,0.0196,1.0522054032953463,crisis,American
SPY,2008-01-31,137.805793,146.0,2008-02-16,0.04380561259411362,16,call,0.185,0.0196,1.05946199228359,crisis,American
SPY,2008-01-31,137.805793,147.0,2008-02-16,0.04380561259411362,16,call,0.14500000000000002,0.0196,1.0667185812718338,crisis,American
SPY,2008-01-31,137.805793,148.0,2008-02-16,0.04380561259411362,16,call,0.075,0.0196,1.0739751702600775,crisis,American
SPY,2008-01-31,137.805793,125.0,2008-03-22,0.13963039014373715,51,call,13.96,0.0196,0.9070736235304709,crisis,American
SPY,2008-01-31,137.805793,126.0,2008-03-22,0.13963039014373715,51,call,13.19,0.0196,0.9143302125187147,crisis,American
SPY,2008-01-31,137.805793,127.0,2008-03-22,0.13963039014373715,51,call,12.16,0.0196,0.9215868015069585,crisis,American
SPY,2008-01-31,137.805793,128.0,2008-03-22,0.13963039014373715,51,call,11.49,0.0196,0.9288433904952023,crisis,American
SPY,2008-01-31,137.805793,129.0,2008-03-22,0.13963039014373715,51,call,10.77,0.0196,0.936099979483446,crisis,American
SPY,2008-01-31,137.805793,130.0,2008-03-22,0.13963039014373715,51,call,9.975,0.0196,0.9433565684716898,crisis,American
SPY,2008-01-31,137.805793,131.0,2008-03-22,0.13963039014373715,51,call,4.615,0.0196,0.9506131574599336,crisis,American
SPY,2008-01-31,137.805793,132.0,2008-03-22,0.13963039014373715,51,call,8.6,0.0196,0.9578697464481774,crisis,American
SPY,2008-01-31,137.805793,133.0,2008-03-22,0.13963039014373715,51,call,7.875,0.0196,0.965126335436421,crisis,American
SPY,2008-01-31,137.805793,134.0,2008-03-22,0.13963039014373715,51,call,3.5999999999999996,0.0196,0.9723829244246648,crisis,American
SPY,2008-01-31,137.805793,135.0,2008-03-22,0.13963039014373715,51,call,6.525,0.0196,0.9796395134129086,crisis,American
SPY,2008-01-31,137.805793,136.0,2008-03-22,0.13963039014373715,51,call,5.875,0.0196,0.9868961024011523,crisis,American
SPY,2008-01-31,137.805793,137.0,2008-03-22,0.13963039014373715,51,call,5.275,0.0196,0.9941526913893961,crisis,American
SPY,2008-01-31,137.805793,138.0,2008-03-22,0.13963039014373715,51,call,4.675,0.0196,1.00140928037764,crisis,American
SPY,2008-01-31,137.805793,139.0,2008-03-22,0.13963039014373715,51,call,4.125,0.0196,1.0086658693658836,crisis,American
SPY,2008-01-31,137.805793,140.0,2008-03-22,0.13963039014373715,51,call,3.5999999999999996,0.0196,1.0159224583541275,crisis,American
SPY,2008-01-31,137.805793,141.0,2008-03-22,0.13963039014373715,51,call,3.125,0.0196,1.0231790473423712,crisis,American
SPY,2008-01-31,137.805793,142.0,2008-03-22,0.13963039014373715,51,call,2.675,0.0196,1.030435636330615,crisis,American
SPY,2008-01-31,137.805793,143.0,2008-03-22,0.13963039014373715,51,call,2.2649999999999997,0.0196,1.0376922253188587,crisis,American
SPY,2008-01-31,137.805793,144.0,2008-03-22,0.13963039014373715,51,call,1.9,0.0196,1.0449488143071024,crisis,American
SPY,2008-01-31,137.805793,145.0,2008-03-22,0.13963039014373715,51,call,1.5750000000000002,0.0196,1.0522054032953463,crisis,American
SPY,2008-01-31,137.805793,146.0,2008-03-22,0.13963039014373715,51,call,1.29,0.0196,1.05946199228359,crisis,American
SPY,2008-01-31,137.805793,147.0,2008-03-22,0.13963039014373715,51,call,1.02,0.0196,1.0667185812718338,crisis,American
SPY,2008-01-31,137.805793,148.0,2008-03-22,0.13963039014373715,51,call,0.7849999999999999,0.0196,1.0739751702600775,crisis,American
SPY,2008-01-31,137.805793,149.0,2008-03-22,0.13963039014373715,51,call,0.615,0.0196,1.0812317592483214,crisis,American
SPY,2008-01-31,137.805793,150.0,2008-03-22,0.13963039014373715,51,call,0.445,0.0196,1.088488348236565,crisis,American
SPY,2008-01-31,137.805793,151.0,2008-03-22,0.13963039014373715,51,call,0.345,0.0196,1.095744937224809,crisis,American
SPY,2008-01-31,137.805793,127.0,2008-03-31,0.16427104722792607,60,call,12.325,0.0196,0.9215868015069585,crisis,American
SPY,2008-01-31,137.805793,128.0,2008-03-31,0.16427104722792607,60,call,11.525,0.0196,0.9288433904952023,crisis,American
SPY,2008-01-31,137.805793,129.0,2008-03-31,0.16427104722792607,60,call,10.725,0.0196,0.936099979483446,crisis,American
SPY,2008-01-31,137.805793,130.0,2008-03-31,0.16427104722792607,60,call,9.975,0.0196,0.9433565684716898,crisis,American
SPY,2008-01-31,137.805793,131.0,2008-03-31,0.16427104722792607,60,call,9.475,0.0196,0.9506131574599336,crisis,American
SPY,2008-01-31,137.805793,132.0,2008-03-31,0.16427104722792607,60,call,8.5,0.0196,0.9578697464481774,crisis,American
SPY,2008-01-31,137.805793,133.0,2008-03-31,0.16427104722792607,60,call,7.8,0.0196,0.965126335436421,crisis,American
SPY,2008-01-31,137.805793,134.0,2008-03-31,0.16427104722792607,60,call,7.199999999999999,0.0196,0.9723829244246648,crisis,American
SPY,2008-01-31,137.805793,135.0,2008-03-31,0.16427104722792607,60,call,6.5,0.0196,0.9796395134129086,crisis,American
SPY,2008-01-31,137.805793,136.0,2008-03-31,0.16427104722792607,60,call,6.075,0.0196,0.9868961024011523,crisis,American
SPY,2008-01-31,137.805793,138.0,2008-03-31,0.16427104722792607,60,call,4.875,0.0196,1.00140928037764,crisis,American
SPY,2008-01-31,137.805793,139.0,2008-03-31,0.16427104722792607,60,call,4.325,0.0196,1.0086658693658836,crisis,American
SPY,2008-01-31,137.805793,140.0,2008-03-31,0.16427104722792607,60,call,3.825,0.0196,1.0159224583541275,crisis,American
SPY,2008-01-31,137.805793,141.0,2008-03-31,0.16427104722792607,60,call,3.15,0.0196,1.0231790473423712,crisis,American
SPY,2008-01-31,137.805793,142.0,2008-03-31,0.16427104722792607,60,call,2.705,0.0196,1.030435636330615,crisis,American
SPY,2008-01-31,137.805793,143.0,2008-03-31,0.16427104722792607,60,call,2.355,0.0196,1.0376922253188587,crisis,American
SPY,2008-01-31,137.805793,144.0,2008-03-31,0.16427104722792607,60,call,2.015,0.0196,1.0449488143071024,crisis,American
SPY,2008-01-31,137.805793,145.0,2008-03-31,0.16427104722792607,60,call,1.69,0.0196,1.0522054032953463,crisis,American
SPY,2008-01-31,137.805793,150.0,2008-03-31,0.16427104722792607,60,call,0.635,0.0196,1.088488348236565,crisis,American
SPY,2008-02-07,133.751027,121.0,2008-02-16,0.024640657084188913,9,call,12.84,0.0217,0.9046659507145317,crisis,American
SPY,2008-02-07,133.751027,122.0,2008-02-16,0.024640657084188913,9,call,11.89,0.0217,0.9121425288196106,crisis,American
SPY,2008-02-07,133.751027,123.0,2008-02-16,0.024640657084188913,9,call,10.91,0.0217,0.9196191069246893,crisis,American
SPY,2008-02-07,133.751027,124.0,2008-02-16,0.024640657084188913,9,call,9.98,0.0217,0.927095685029768,crisis,American
SPY,2008-02-07,133.751027,125.0,2008-02-16,0.024640657084188913,9,call,9.04,0.0217,0.9345722631348469,crisis,American
SPY,2008-02-07,133.751027,126.0,2008-02-16,0.024640657084188913,9,call,8.11,0.0217,0.9420488412399256,crisis,American
SPY,2008-02-07,133.751027,127.0,2008-02-16,0.024640657084188913,9,call,7.26,0.0217,0.9495254193450045,crisis,American
SPY,2008-02-07,133.751027,128.0,2008-02-16,0.024640657084188913,9,call,6.39,0.0217,0.9570019974500832,crisis,American
SPY,2008-02-07,133.751027,129.0,2008-02-16,0.024640657084188913,9,call,5.55,0.0217,0.9644785755551619,crisis,American
SPY,2008-02-07,133.751027,130.0,2008-02-16,0.024640657084188913,9,call,4.525,0.0217,0.9719551536602408,crisis,American
SPY,2008-02-07,133.751027,131.0,2008-02-16,0.024640657084188913,9,call,3.8,0.0217,0.9794317317653195,crisis,American
SPY,2008-02-07,133.751027,132.0,2008-02-16,0.024640657084188913,9,call,3.125,0.0217,0.9869083098703982,crisis,American
SPY,2008-02-07,133.751027,133.0,2008-02-16,0.024640657084188913,9,call,2.5300000000000002,0.0217,0.9943848879754771,crisis,American
SPY,2008-02-07,133.751027,134.0,2008-02-16,0.024640657084188913,9,call,1.975,0.0217,1.0018614660805558,crisis,American
SPY,2008-02-07,133.751027,135.0,2008-02-16,0.024640657084188913,9,call,1.49,0.0217,1.0093380441856346,crisis,American
SPY,2008-02-07,133.751027,136.0,2008-02-16,0.024640657084188913,9,call,1.09,0.0217,1.0168146222907133,crisis,American
SPY,2008-02-07,133.751027,137.0,2008-02-16,0.024640657084188913,9,call,0.765,0.0217,1.0242912003957922,crisis,American
SPY,2008-02-07,133.751027,138.0,2008-02-16,0.024640657084188913,9,call,0.51,0.0217,1.031767778500871,crisis,American
SPY,2008-02-07,133.751027,139.0,2008-02-16,0.024640657084188913,9,call,0.32499999999999996,0.0217,1.0392443566059497,crisis,American
SPY,2008-02-07,133.751027,140.0,2008-02-16,0.024640657084188913,9,call,0.195,0.0217,1.0467209347110285,crisis,American
SPY,2008-02-07,133.751027,141.0,2008-02-16,0.024640657084188913,9,call,0.12000000000000001,0.0217,1.0541975128161072,crisis,American
SPY,2008-02-07,133.751027,142.0,2008-02-16,0.024640657084188913,9,call,0.065,0.0217,1.061674090921186,crisis,American
SPY,2008-02-07,133.751027,143.0,2008-02-16,0.024640657084188913,9,call,0.05,0.0217,1.0691506690262649,crisis,American
SPY,2008-02-07,133.751027,121.0,2008-03-22,0.12046543463381246,44,call,14.32,0.0217,0.9046659507145317,crisis,American
SPY,2008-02-07,133.751027,122.0,2008-03-22,0.12046543463381246,44,call,13.48,0.0217,0.9121425288196106,crisis,American
SPY,2008-02-07,133.751027,123.0,2008-03-22,0.12046543463381246,44,call,12.64,0.0217,0.9196191069246893,crisis,American
SPY,2008-02-07,133.751027,124.0,2008-03-22,0.12046543463381246,44,call,11.84,0.0217,0.927095685029768,crisis,American
SPY,2008-02-07,133.751027,125.0,2008-03-22,0.12046543463381246,44,call,11.02,0.0217,0.9345722631348469,crisis,American
SPY,2008-02-07,133.751027,126.0,2008-03-22,0.12046543463381246,44,call,10.24,0.0217,0.9420488412399256,crisis,American
SPY,2008-02-07,133.751027,127.0,2008-03-22,0.12046543463381246,44,call,9.46,0.0217,0.9495254193450045,crisis,American
SPY,2008-02-07,133.751027,128.0,2008-03-22,0.12046543463381246,44,call,8.73,0.0217,0.9570019974500832,crisis,American
SPY,2008-02-07,133.751027,129.0,2008-03-22,0.12046543463381246,44,call,8.0,0.0217,0.9644785755551619,crisis,American
SPY,2008-02-07,133.751027,130.0,2008-03-22,0.12046543463381246,44,call,7.1,0.0217,0.9719551536602408,crisis,American
SPY,2008-02-07,133.751027,131.0,2008-03-22,0.12046543463381246,44,call,6.425000000000001,0.0217,0.9794317317653195,crisis,American
SPY,2008-02-07,133.751027,132.0,2008-03-22,0.12046543463381246,44,call,5.775,0.0217,0.9869083098703982,crisis,American
SPY,2008-02-07,133.751027,133.0,2008-03-22,0.12046543463381246,44,call,5.175000000000001,0.0217,0.9943848879754771,crisis,American
SPY,2008-02-07,133.751027,134.0,2008-03-22,0.12046543463381246,44,call,4.6,0.0217,1.0018614660805558,crisis,American
SPY,2008-02-07,133.751027,135.0,2008-03-22,0.12046543463381246,44,call,4.05,0.0217,1.0093380441856346,crisis,American
SPY,2008-02-07,133.751027,136.0,2008-03-22,0.12046543463381246,44,call,3.525,0.0217,1.0168146222907133,crisis,American
SPY,2008-02-07,133.751027,137.0,2008-03-22,0.12046543463381246,44,call,3.05,0.0217,1.0242912003957922,crisis,American
SPY,2008-02-07,133.751027,138.0,2008-03-22,0.12046543463381246,44,call,2.62,0.0217,1.031767778500871,crisis,American
SPY,2008-02-07,133.751027,139.0,2008-03-22,0.12046543463381246,44,call,2.215,0.0217,1.0392443566059497,crisis,American
SPY,2008-02-07,133.751027,140.0,2008-03-22,0.12046543463381246,44,call,1.8450000000000002,0.0217,1.0467209347110285,crisis,American
SPY,2008-02-07,133.751027,141.0,2008-03-22,0.12046543463381246,44,call,1.52,0.0217,1.0541975128161072,crisis,American
SPY,2008-02-07,133.751027,142.0,2008-03-22,0.12046543463381246,44,call,1.2349999999999999,0.0217,1.061674090921186,crisis,American
SPY,2008-02-07,133.751027,143.0,2008-03-22,0.12046543463381246,44,call,0.99,0.0217,1.0691506690262649,crisis,American
SPY,2008-02-07,133.751027,144.0,2008-03-22,0.12046543463381246,44,call,0.775,0.0217,1.0766272471313436,crisis,American
SPY,2008-02-07,133.751027,145.0,2008-03-22,0.12046543463381246,44,call,0.605,0.0217,1.0841038252364223,crisis,American
SPY,2008-02-07,133.751027,146.0,2008-03-22,0.12046543463381246,44,call,0.45999999999999996,0.0217,1.091580403341501,crisis,American
SPY,2008-02-07,133.751027,147.0,2008-03-22,0.12046543463381246,44,call,0.345,0.0217,1.0990569814465798,crisis,American
SPY,2008-02-07,133.751027,127.0,2008-03-31,0.14510609171800137,53,call,9.55,0.0217,0.9495254193450045,crisis,American
SPY,2008-02-07,133.751027,129.0,2008-03-31,0.14510609171800137,53,call,8.125,0.0217,0.9644785755551619,crisis,American
SPY,2008-02-07,133.751027,130.0,2008-03-31,0.14510609171800137,53,call,7.425,0.0217,0.9719551536602408,crisis,American
SPY,2008-02-07,133.751027,133.0,2008-03-31,0.14510609171800137,53,call,5.525,0.0217,0.9943848879754771,crisis,American
SPY,2008-02-07,133.751027,134.0,2008-03-31,0.14510609171800137,53,call,4.95,0.0217,1.0018614660805558,crisis,American
SPY,2008-02-07,133.751027,135.0,2008-03-31,0.14510609171800137,53,call,4.425,0.0217,1.0093380441856346,crisis,American
SPY,2008-02-07,133.751027,136.0,2008-03-31,0.14510609171800137,53,call,3.9000000000000004,0.0217,1.0168146222907133,crisis,American
SPY,2008-02-07,133.751027,137.0,2008-03-31,0.14510609171800137,53,call,3.4000000000000004,0.0217,1.0242912003957922,crisis,American
SPY,2008-02-07,133.751027,138.0,2008-03-31,0.14510609171800137,53,call,2.96,0.0217,1.031767778500871,crisis,American
SPY,2008-02-07,133.751027,140.0,2008-03-31,0.14510609171800137,53,call,2.17,0.0217,1.0467209347110285,crisis,American
SPY,2008-02-07,133.751027,141.0,2008-03-31,0.14510609171800137,53,call,1.8250000000000002,0.0217,1.0541975128161072,crisis,American
SPY,2008-02-07,133.751027,142.0,2008-03-31,0.14510609171800137,53,call,1.525,0.0217,1.061674090921186,crisis,American
SPY,2008-02-07,133.751027,143.0,2008-03-31,0.14510609171800137,53,call,1.25,0.0217,1.0691506690262649,crisis,American
SPY,2008-02-07,133.751027,144.0,2008-03-31,0.14510609171800137,53,call,1.0150000000000001,0.0217,1.0766272471313436,crisis,American
SPY,2008-02-07,133.751027,145.0,2008-03-31,0.14510609171800137,53,call,0.895,0.0217,1.0841038252364223,crisis,American
SPY,2008-02-14,135.009036,122.0,2008-03-22,0.10130047912388775,37,call,14.32,0.0231,0.9036432198508549,crisis,American
SPY,2008-02-14,135.009036,123.0,2008-03-22,0.10130047912388775,37,call,13.44,0.0231,0.9110501314889767,crisis,American
SPY,2008-02-14,135.009036,125.0,2008-03-22,0.10130047912388775,37,call,11.7,0.0231,0.9258639547652202,crisis,American
SPY,2008-02-14,135.009036,126.0,2008-03-22,0.10130047912388775,37,call,10.88,0.0231,0.933270866403342,crisis,American
SPY,2008-02-14,135.009036,127.0,2008-03-22,0.10130047912388775,37,call,10.05,0.0231,0.9406777780414638,crisis,American
SPY,2008-02-14,135.009036,128.0,2008-03-22,0.10130047912388775,37,call,9.24,0.0231,0.9480846896795855,crisis,American
SPY,2008-02-14,135.009036,129.0,2008-03-22,0.10130047912388775,37,call,8.48,0.0231,0.9554916013177073,crisis,American
SPY,2008-02-14,135.009036,130.0,2008-03-22,0.10130047912388775,37,call,7.775,0.0231,0.9628985129558291,crisis,American
SPY,2008-02-14,135.009036,131.0,2008-03-22,0.10130047912388775,37,call,7.025,0.0231,0.9703054245939509,crisis,American
SPY,2008-02-14,135.009036,132.0,2008-03-22,0.10130047912388775,37,call,6.325,0.0231,0.9777123362320725,crisis,American
SPY,2008-02-14,135.009036,133.0,2008-03-22,0.10130047912388775,37,call,5.625,0.0231,0.9851192478701943,crisis,American
SPY,2008-02-14,135.009036,134.0,2008-03-22,0.10130047912388775,37,call,5.0,0.0231,0.9925261595083161,crisis,American
SPY,2008-02-14,135.009036,135.0,2008-03-22,0.10130047912388775,37,call,4.375,0.0231,0.9999330711464378,crisis,American
SPY,2008-02-14,135.009036,136.0,2008-03-22,0.10130047912388775,37,call,3.8,0.0231,1.0073399827845597,crisis,American
SPY,2008-02-14,135.009036,137.0,2008-03-22,0.10130047912388775,37,call,3.2750000000000004,0.0231,1.0147468944226814,crisis,American
SPY,2008-02-14,135.009036,138.0,2008-03-22,0.10130047912388775,37,call,2.7800000000000002,0.0231,1.022153806060803,crisis,American
SPY,2008-02-14,135.009036,139.0,2008-03-22,0.10130047912388775,37,call,2.325,0.0231,1.029560717698925,crisis,American
SPY,2008-02-14,135.009036,140.0,2008-03-22,0.10130047912388775,37,call,1.915,0.0231,1.0369676293370467,crisis,American
SPY,2008-02-14,135.009036,141.0,2008-03-22,0.10130047912388775,37,call,1.55,0.0231,1.0443745409751684,crisis,American
SPY,2008-02-14,135.009036,142.0,2008-03-22,0.10130047912388775,37,call,1.2349999999999999,0.0231,1.0517814526132903,crisis,American
SPY,2008-02-14,135.009036,143.0,2008-03-22,0.10130047912388775,37,call,0.97,0.0231,1.059188364251412,crisis,American
SPY,2008-02-14,135.009036,144.0,2008-03-22,0.10130047912388775,37,call,0.74,0.0231,1.0665952758895336,crisis,American
SPY,2008-02-14,135.009036,145.0,2008-03-22,0.10130047912388775,37,call,0.55,0.0231,1.0740021875276555,crisis,American
SPY,2008-02-14,135.009036,146.0,2008-03-22,0.10130047912388775,37,call,0.405,0.0231,1.0814090991657772,crisis,American
SPY,2008-02-14,135.009036,147.0,2008-03-22,0.10130047912388775,37,call,0.28500000000000003,0.0231,1.0888160108038991,crisis,American
SPY,2008-02-14,135.009036,148.0,2008-03-22,0.10130047912388775,37,call,0.2,0.0231,1.0962229224420208,crisis,American
SPY,2008-02-14,135.009036,126.0,2008-03-31,0.12594113620807665,46,call,11.15,0.0231,0.933270866403342,crisis,American
SPY,2008-02-14,135.009036,129.0,2008-03-31,0.12594113620807665,46,call,8.825,0.0231,0.9554916013177073,crisis,American
SPY,2008-02-14,135.009036,130.0,2008-03-31,0.12594113620807665,46,call,8.075,0.0231,0.9628985129558291,crisis,American
SPY,2008-02-14,135.009036,133.0,2008-03-31,0.12594113620807665,46,call,6.025,0.0231,0.9851192478701943,crisis,American
SPY,2008-02-14,135.009036,135.0,2008-03-31,0.12594113620807665,46,call,4.775,0.0231,0.9999330711464378,crisis,American
SPY,2008-02-14,135.009036,136.0,2008-03-31,0.12594113620807665,46,call,4.2,0.0231,1.0073399827845597,crisis,American
SPY,2008-02-14,135.009036,137.0,2008-03-31,0.12594113620807665,46,call,3.6500000000000004,0.0231,1.0147468944226814,crisis,American
SPY,2008-02-14,135.009036,138.0,2008-03-31,0.12594113620807665,46,call,3.1500000000000004,0.0231,1.022153806060803,crisis,American
SPY,2008-02-14,135.009036,140.0,2008-03-31,0.12594113620807665,46,call,2.27,0.0231,1.0369676293370467,crisis,American
SPY,2008-02-14,135.009036,141.0,2008-03-31,0.12594113620807665,46,call,1.8900000000000001,0.0231,1.0443745409751684,crisis,American
SPY,2008-02-14,135.009036,142.0,2008-03-31,0.12594113620807665,46,call,1.5550000000000002,0.0231,1.0517814526132903,crisis,American
SPY,2008-02-14,135.009036,143.0,2008-03-31,0.12594113620807665,46,call,1.255,0.0231,1.059188364251412,crisis,American
SPY,2008-02-14,135.009036,145.0,2008-03-31,0.12594113620807665,46,call,0.775,0.0231,1.0740021875276555,crisis,American
SPY,2008-02-14,135.009036,146.0,2008-03-31,0.12594113620807665,46,call,0.595,0.0231,1.0814090991657772,crisis,American
SPY,2008-02-22,135.51685,123.0,2008-03-22,0.07939767282683094,29,call,13.38,0.022000000000000002,0.9076362090765834,crisis,American
SPY,2008-02-22,135.51685,124.0,2008-03-22,0.07939767282683094,29,call,12.48,0.022000000000000002,0.9150153652479378,crisis,American
SPY,2008-02-22,135.51685,125.0,2008-03-22,0.07939767282683094,29,call,11.58,0.022000000000000002,0.9223945214192921,crisis,American
SPY,2008-02-22,135.51685,126.0,2008-03-22,0.07939767282683094,29,call,10.69,0.022000000000000002,0.9297736775906464,crisis,American
SPY,2008-02-22,135.51685,127.0,2008-03-22,0.07939767282683094,29,call,9.82,0.022000000000000002,0.9371528337620008,crisis,American
SPY,2008-02-22,135.51685,128.0,2008-03-22,0.07939767282683094,29,call,8.98,0.022000000000000002,0.9445319899333551,crisis,American
SPY,2008-02-22,135.51685,129.0,2008-03-22,0.07939767282683094,29,call,8.18,0.022000000000000002,0.9519111461047095,crisis,American
SPY,2008-02-22,135.51685,130.0,2008-03-22,0.07939767282683094,29,call,7.375,0.022000000000000002,0.9592903022760638,crisis,American
SPY,2008-02-22,135.51685,131.0,2008-03-22,0.07939767282683094,29,call,6.6,0.022000000000000002,0.9666694584474181,crisis,American
SPY,2008-02-22,135.51685,132.0,2008-03-22,0.07939767282683094,29,call,5.875,0.022000000000000002,0.9740486146187725,crisis,American
SPY,2008-02-22,135.51685,133.0,2008-03-22,0.07939767282683094,29,call,5.175,0.022000000000000002,0.9814277707901268,crisis,American
SPY,2008-02-22,135.51685,134.0,2008-03-22,0.07939767282683094,29,call,4.475,0.022000000000000002,0.9888069269614811,crisis,American
SPY,2008-02-22,135.51685,135.0,2008-03-22,0.07939767282683094,29,call,3.875,0.022000000000000002,0.9961860831328355,crisis,American
SPY,2008-02-22,135.51685,136.0,2008-03-22,0.07939767282683094,29,call,3.2750000000000004,0.022000000000000002,1.0035652393041898,crisis,American
SPY,2008-02-22,135.51685,137.0,2008-03-22,0.07939767282683094,29,call,2.74,0.022000000000000002,1.0109443954755442,crisis,American
SPY,2008-02-22,135.51685,138.0,2008-03-22,0.07939767282683094,29,call,2.24,0.022000000000000002,1.0183235516468985,crisis,American
SPY,2008-02-22,135.51685,139.0,2008-03-22,0.07939767282683094,29,call,1.8050000000000002,0.022000000000000002,1.0257027078182528,crisis,American
SPY,2008-02-22,135.51685,140.0,2008-03-22,0.07939767282683094,29,call,1.42,0.022000000000000002,1.033081863989607,crisis,American
SPY,2008-02-22,135.51685,141.0,2008-03-22,0.07939767282683094,29,call,1.09,0.022000000000000002,1.0404610201609614,crisis,American
SPY,2008-02-22,135.51685,142.0,2008-03-22,0.07939767282683094,29,call,0.8049999999999999,0.022000000000000002,1.0478401763323157,crisis,American
SPY,2008-02-22,135.51685,143.0,2008-03-22,0.07939767282683094,29,call,0.585,0.022000000000000002,1.05521933250367,crisis,American
SPY,2008-02-22,135.51685,144.0,2008-03-22,0.07939767282683094,29,call,0.41500000000000004,0.022000000000000002,1.0625984886750246,crisis,American
SPY,2008-02-22,135.51685,145.0,2008-03-22,0.07939767282683094,29,call,0.28500000000000003,0.022000000000000002,1.069977644846379,crisis,American
SPY,2008-02-22,135.51685,146.0,2008-03-22,0.07939767282683094,29,call,0.195,0.022000000000000002,1.0773568010177332,crisis,American
SPY,2008-02-22,135.51685,147.0,2008-03-22,0.07939767282683094,29,call,0.13,0.022000000000000002,1.0847359571890876,crisis,American
SPY,2008-02-22,135.51685,148.0,2008-03-22,0.07939767282683094,29,call,0.07,0.022000000000000002,1.0921151133604419,crisis,American
SPY,2008-02-22,135.51685,126.0,2008-03-31,0.10403832991101986,38,call,10.9,0.022000000000000002,0.9297736775906464,crisis,American
SPY,2008-02-22,135.51685,128.0,2008-03-31,0.10403832991101986,38,call,9.25,0.022000000000000002,0.9445319899333551,crisis,American
SPY,2008-02-22,135.51685,129.0,2008-03-31,0.10403832991101986,38,call,8.45,0.022000000000000002,0.9519111461047095,crisis,American
SPY,2008-02-22,135.51685,130.0,2008-03-31,0.10403832991101986,38,call,7.675,0.022000000000000002,0.9592903022760638,crisis,American
SPY,2008-02-22,135.51685,131.0,2008-03-31,0.10403832991101986,38,call,6.925,0.022000000000000002,0.9666694584474181,crisis,American
SPY,2008-02-22,135.51685,132.0,2008-03-31,0.10403832991101986,38,call,6.225,0.022000000000000002,0.9740486146187725,crisis,American
SPY,2008-02-22,135.51685,133.0,2008-03-31,0.10403832991101986,38,call,5.525,0.022000000000000002,0.9814277707901268,crisis,American
SPY,2008-02-22,135.51685,134.0,2008-03-31,0.10403832991101986,38,call,4.875,0.022000000000000002,0.9888069269614811,crisis,American
SPY,2008-02-22,135.51685,135.0,2008-03-31,0.10403832991101986,38,call,4.275,0.022000000000000002,0.9961860831328355,crisis,American
SPY,2008-02-22,135.51685,136.0,2008-03-31,0.10403832991101986,38,call,3.675,0.022000000000000002,1.0035652393041898,crisis,American
SPY,2008-02-22,135.51685,137.0,2008-03-31,0.10403832991101986,38,call,3.125,0.022000000000000002,1.0109443954755442,crisis,American
SPY,2008-02-22,135.51685,138.0,2008-03-31,0.10403832991101986,38,call,2.635,0.022000000000000002,1.0183235516468985,crisis,American
SPY,2008-02-22,135.51685,139.0,2008-03-31,0.10403832991101986,38,call,2.185,0.022000000000000002,1.0257027078182528,crisis,American
SPY,2008-02-22,135.51685,140.0,2008-03-31,0.10403832991101986,38,call,1.7850000000000001,0.022000000000000002,1.033081863989607,crisis,American
SPY,2008-02-22,135.51685,141.0,2008-03-31,0.10403832991101986,38,call,1.435,0.022000000000000002,1.0404610201609614,crisis,American
SPY,2008-02-22,135.51685,142.0,2008-03-31,0.10403832991101986,38,call,1.125,0.022000000000000002,1.0478401763323157,crisis,American
SPY,2008-02-22,135.51685,143.0,2008-03-31,0.10403832991101986,38,call,0.865,0.022000000000000002,1.05521933250367,crisis,American
SPY,2008-02-22,135.51685,144.0,2008-03-31,0.10403832991101986,38,call,0.65,0.022000000000000002,1.0625984886750246,crisis,American
SPY,2008-02-22,135.51685,145.0,2008-03-31,0.10403832991101986,38,call,0.47,0.022000000000000002,1.069977644846379,crisis,American
SPY,2008-02-22,135.51685,146.0,2008-03-31,0.10403832991101986,38,call,0.32999999999999996,0.022000000000000002,1.0773568010177332,crisis,American
SPY,2008-02-22,135.51685,147.0,2008-03-31,0.10403832991101986,38,call,0.22999999999999998,0.022000000000000002,1.0847359571890876,crisis,American
SPY,2008-02-22,135.51685,124.0,2008-04-19,0.15605749486652978,57,call,13.25,0.022000000000000002,0.9150153652479378,crisis,American
SPY,2008-02-22,135.51685,125.0,2008-04-19,0.15605749486652978,57,call,12.43,0.022000000000000002,0.9223945214192921,crisis,American
SPY,2008-02-22,135.51685,129.0,2008-04-19,0.15605749486652978,57,call,9.29,0.022000000000000002,0.9519111461047095,crisis,American
SPY,2008-02-22,135.51685,130.0,2008-04-19,0.15605749486652978,57,call,8.524999999999999,0.022000000000000002,0.9592903022760638,crisis,American
SPY,2008-02-22,135.51685,131.0,2008-04-19,0.15605749486652978,57,call,7.825,0.022000000000000002,0.9666694584474181,crisis,American
SPY,2008-02-22,135.51685,132.0,2008-04-19,0.15605749486652978,57,call,7.125,0.022000000000000002,0.9740486146187725,crisis,American
SPY,2008-02-22,135.51685,133.0,2008-04-19,0.15605749486652978,57,call,6.475,0.022000000000000002,0.9814277707901268,crisis,American
SPY,2008-02-22,135.51685,134.0,2008-04-19,0.15605749486652978,57,call,5.825,0.022000000000000002,0.9888069269614811,crisis,American
SPY,2008-02-22,135.51685,135.0,2008-04-19,0.15605749486652978,57,call,5.225,0.022000000000000002,0.9961860831328355,crisis,American
SPY,2008-02-22,135.51685,136.0,2008-04-19,0.15605749486652978,57,call,4.625,0.022000000000000002,1.0035652393041898,crisis,American
SPY,2008-02-22,135.51685,137.0,2008-04-19,0.15605749486652978,57,call,4.1,0.022000000000000002,1.0109443954755442,crisis,American
SPY,2008-02-22,135.51685,138.0,2008-04-19,0.15605749486652978,57,call,3.575,0.022000000000000002,1.0183235516468985,crisis,American
SPY,2008-02-22,135.51685,139.0,2008-04-19,0.15605749486652978,57,call,3.125,0.022000000000000002,1.0257027078182528,crisis,American
SPY,2008-02-22,135.51685,140.0,2008-04-19,0.15605749486652978,57,call,2.685,0.022000000000000002,1.033081863989607,crisis,American
SPY,2008-02-22,135.51685,141.0,2008-04-19,0.15605749486652978,57,call,2.275,0.022000000000000002,1.0404610201609614,crisis,American
SPY,2008-02-22,135.51685,142.0,2008-04-19,0.15605749486652978,57,call,1.915,0.022000000000000002,1.0478401763323157,crisis,American
SPY,2008-02-22,135.51685,143.0,2008-04-19,0.15605749486652978,57,call,1.585,0.022000000000000002,1.05521933250367,crisis,American
SPY,2008-02-22,135.51685,144.0,2008-04-19,0.15605749486652978,57,call,1.3,0.022000000000000002,1.0625984886750246,crisis,American
SPY,2008-02-22,135.51685,145.0,2008-04-19,0.15605749486652978,57,call,1.045,0.022000000000000002,1.069977644846379,crisis,American
SPY,2008-02-22,135.51685,146.0,2008-04-19,0.15605749486652978,57,call,0.8300000000000001,0.022000000000000002,1.0773568010177332,crisis,American
SPY,2008-02-22,135.51685,147.0,2008-04-19,0.15605749486652978,57,call,0.645,0.022000000000000002,1.0847359571890876,crisis,American
SPY,2008-02-22,135.51685,148.0,2008-04-19,0.15605749486652978,57,call,0.48,0.022000000000000002,1.0921151133604419,crisis,American
SPY,2008-02-22,135.51685,149.0,2008-04-19,0.15605749486652978,57,call,0.375,0.022000000000000002,1.0994942695317962,crisis,American
SPY,2008-02-29,133.327456,120.0,2008-03-22,0.06023271731690623,22,call,14.14,0.018500000000000003,0.9000396737488188,crisis,American
SPY,2008-02-29,133.327456,124.0,2008-03-22,0.06023271731690623,22,call,10.48,0.018500000000000003,0.9300409962071127,crisis,American
SPY,2008-02-29,133.327456,125.0,2008-03-22,0.06023271731690623,22,call,9.62,0.018500000000000003,0.9375413268216862,crisis,American
SPY,2008-02-29,133.327456,126.0,2008-03-22,0.06023271731690623,22,call,8.77,0.018500000000000003,0.9450416574362597,crisis,American
SPY,2008-02-29,133.327456,127.0,2008-03-22,0.06023271731690623,22,call,7.94,0.018500000000000003,0.9525419880508332,crisis,American
SPY,2008-02-29,133.327456,128.0,2008-03-22,0.06023271731690623,22,call,7.14,0.018500000000000003,0.9600423186654067,crisis,American
SPY,2008-02-29,133.327456,129.0,2008-03-22,0.06023271731690623,22,call,6.34,0.018500000000000003,0.9675426492799801,crisis,American
SPY,2008-02-29,133.327456,130.0,2008-03-22,0.06023271731690623,22,call,5.55,0.018500000000000003,0.9750429798945537,crisis,American
SPY,2008-02-29,133.327456,131.0,2008-03-22,0.06023271731690623,22,call,4.9,0.018500000000000003,0.9825433105091271,crisis,American
SPY,2008-02-29,133.327456,132.0,2008-03-22,0.06023271731690623,22,call,4.2,0.018500000000000003,0.9900436411237007,crisis,American
SPY,2008-02-29,133.327456,133.0,2008-03-22,0.06023271731690623,22,call,3.625,0.018500000000000003,0.9975439717382741,crisis,American
SPY,2008-02-29,133.327456,134.0,2008-03-22,0.06023271731690623,22,call,3.0149999999999997,0.018500000000000003,1.0050443023528477,crisis,American
SPY,2008-02-29,133.327456,135.0,2008-03-22,0.06023271731690623,22,call,2.47,0.018500000000000003,1.012544632967421,crisis,American
SPY,2008-02-29,133.327456,136.0,2008-03-22,0.06023271731690623,22,call,2.0149999999999997,0.018500000000000003,1.0200449635819946,crisis,American
SPY,2008-02-29,133.327456,137.0,2008-03-22,0.06023271731690623,22,call,1.6,0.018500000000000003,1.0275452941965681,crisis,American
SPY,2008-02-29,133.327456,138.0,2008-03-22,0.06023271731690623,22,call,1.245,0.018500000000000003,1.0350456248111415,crisis,American
SPY,2008-02-29,133.327456,139.0,2008-03-22,0.06023271731690623,22,call,0.94,0.018500000000000003,1.042545955425715,crisis,American
SPY,2008-02-29,133.327456,140.0,2008-03-22,0.06023271731690623,22,call,0.6950000000000001,0.018500000000000003,1.0500462860402886,crisis,American
SPY,2008-02-29,133.327456,141.0,2008-03-22,0.06023271731690623,22,call,0.495,0.018500000000000003,1.0575466166548622,crisis,American
SPY,2008-02-29,133.327456,142.0,2008-03-22,0.06023271731690623,22,call,0.33999999999999997,0.018500000000000003,1.0650469472694355,crisis,American
SPY,2008-02-29,133.327456,143.0,2008-03-22,0.06023271731690623,22,call,0.22999999999999998,0.018500000000000003,1.072547277884009,crisis,American
SPY,2008-02-29,133.327456,144.0,2008-03-22,0.06023271731690623,22,call,0.15500000000000003,0.018500000000000003,1.0800476084985826,crisis,American
SPY,2008-02-29,133.327456,145.0,2008-03-22,0.06023271731690623,22,call,0.11,0.018500000000000003,1.087547939113156,crisis,American
SPY,2008-02-29,133.327456,146.0,2008-03-22,0.06023271731690623,22,call,0.08,0.018500000000000003,1.0950482697277295,crisis,American
SPY,2008-02-29,133.327456,127.0,2008-03-31,0.08487337440109514,31,call,8.225000000000001,0.018500000000000003,0.9525419880508332,crisis,American
SPY,2008-02-29,133.327456,128.0,2008-03-31,0.08487337440109514,31,call,7.425,0.018500000000000003,0.9600423186654067,crisis,American
SPY,2008-02-29,133.327456,129.0,2008-03-31,0.08487337440109514,31,call,6.675,0.018500000000000003,0.9675426492799801,crisis,American
SPY,2008-02-29,133.327456,130.0,2008-03-31,0.08487337440109514,31,call,5.975,0.018500000000000003,0.9750429798945537,crisis,American
SPY,2008-02-29,133.327456,131.0,2008-03-31,0.08487337440109514,31,call,5.275,0.018500000000000003,0.9825433105091271,crisis,American
SPY,2008-02-29,133.327456,132.0,2008-03-31,0.08487337440109514,31,call,4.65,0.018500000000000003,0.9900436411237007,crisis,American
SPY,2008-02-29,133.327456,133.0,2008-03-31,0.08487337440109514,31,call,4.025,0.018500000000000003,0.9975439717382741,crisis,American
SPY,2008-02-29,133.327456,134.0,2008-03-31,0.08487337440109514,31,call,3.4749999999999996,0.018500000000000003,1.0050443023528477,crisis,American
SPY,2008-02-29,133.327456,135.0,2008-03-31,0.08487337440109514,31,call,2.95,0.018500000000000003,1.012544632967421,crisis,American
SPY,2008-02-29,133.327456,136.0,2008-03-31,0.08487337440109514,31,call,2.465,0.018500000000000003,1.0200449635819946,crisis,American
SPY,2008-02-29,133.327456,137.0,2008-03-31,0.08487337440109514,31,call,2.025,0.018500000000000003,1.0275452941965681,crisis,American
SPY,2008-02-29,133.327456,138.0,2008-03-31,0.08487337440109514,31,call,1.645,0.018500000000000003,1.0350456248111415,crisis,American
SPY,2008-02-29,133.327456,139.0,2008-03-31,0.08487337440109514,31,call,1.3050000000000002,0.018500000000000003,1.042545955425715,crisis,American
SPY,2008-02-29,133.327456,140.0,2008-03-31,0.08487337440109514,31,call,1.0150000000000001,0.018500000000000003,1.0500462860402886,crisis,American
SPY,2008-02-29,133.327456,141.0,2008-03-31,0.08487337440109514,31,call,0.765,0.018500000000000003,1.0575466166548622,crisis,American
SPY,2008-02-29,133.327456,142.0,2008-03-31,0.08487337440109514,31,call,0.575,0.018500000000000003,1.0650469472694355,crisis,American
SPY,2008-02-29,133.327456,143.0,2008-03-31,0.08487337440109514,31,call,0.41000000000000003,0.018500000000000003,1.072547277884009,crisis,American
SPY,2008-02-29,133.327456,144.0,2008-03-31,0.08487337440109514,31,call,0.29000000000000004,0.018500000000000003,1.0800476084985826,crisis,American
SPY,2008-02-29,133.327456,145.0,2008-03-31,0.08487337440109514,31,call,0.195,0.018500000000000003,1.087547939113156,crisis,American
SPY,2008-02-29,133.327456,146.0,2008-03-31,0.08487337440109514,31,call,0.135,0.018500000000000003,1.0950482697277295,crisis,American
SPY,2008-02-29,133.327456,120.0,2008-04-19,0.13689253935660506,50,call,14.89,0.018500000000000003,0.9000396737488188,crisis,American
SPY,2008-02-29,133.327456,121.0,2008-04-19,0.13689253935660506,50,call,14.03,0.018500000000000003,0.9075400043633922,crisis,American
SPY,2008-02-29,133.327456,124.0,2008-04-19,0.13689253935660506,50,call,11.55,0.018500000000000003,0.9300409962071127,crisis,American
SPY,2008-02-29,133.327456,125.0,2008-04-19,0.13689253935660506,50,call,10.77,0.018500000000000003,0.9375413268216862,crisis,American
SPY,2008-02-29,133.327456,126.0,2008-04-19,0.13689253935660506,50,call,10.02,0.018500000000000003,0.9450416574362597,crisis,American
SPY,2008-02-29,133.327456,127.0,2008-04-19,0.13689253935660506,50,call,9.27,0.018500000000000003,0.9525419880508332,crisis,American
SPY,2008-02-29,133.327456,128.0,2008-04-19,0.13689253935660506,50,call,8.52,0.018500000000000003,0.9600423186654067,crisis,American
SPY,2008-02-29,133.327456,129.0,2008-04-19,0.13689253935660506,50,call,7.82,0.018500000000000003,0.9675426492799801,crisis,American
SPY,2008-02-29,133.327456,130.0,2008-04-19,0.13689253935660506,50,call,7.075,0.018500000000000003,0.9750429798945537,crisis,American
SPY,2008-02-29,133.327456,131.0,2008-04-19,0.13689253935660506,50,call,6.425,0.018500000000000003,0.9825433105091271,crisis,American
SPY,2008-02-29,133.327456,132.0,2008-04-19,0.13689253935660506,50,call,5.825,0.018500000000000003,0.9900436411237007,crisis,American
SPY,2008-02-29,133.327456,133.0,2008-04-19,0.13689253935660506,50,call,5.225,0.018500000000000003,0.9975439717382741,crisis,American
SPY,2008-02-29,133.327456,134.0,2008-04-19,0.13689253935660506,50,call,4.625,0.018500000000000003,1.0050443023528477,crisis,American
SPY,2008-02-29,133.327456,135.0,2008-04-19,0.13689253935660506,50,call,4.075,0.018500000000000003,1.012544632967421,crisis,American
SPY,2008-02-29,133.327456,136.0,2008-04-19,0.13689253935660506,50,call,3.55,0.018500000000000003,1.0200449635819946,crisis,American
SPY,2008-02-29,133.327456,137.0,2008-04-19,0.13689253935660506,50,call,3.125,0.018500000000000003,1.0275452941965681,crisis,American
SPY,2008-02-29,133.327456,138.0,2008-04-19,0.13689253935660506,50,call,2.685,0.018500000000000003,1.0350456248111415,crisis,American
SPY,2008-02-29,133.327456,139.0,2008-04-19,0.13689253935660506,50,call,2.285,0.018500000000000003,1.042545955425715,crisis,American
SPY,2008-02-29,133.327456,140.0,2008-04-19,0.13689253935660506,50,call,1.93,0.018500000000000003,1.0500462860402886,crisis,American
SPY,2008-02-29,133.327456,141.0,2008-04-19,0.13689253935660506,50,call,1.6,0.018500000000000003,1.0575466166548622,crisis,American
SPY,2008-02-29,133.327456,142.0,2008-04-19,0.13689253935660506,50,call,1.3,0.018500000000000003,1.0650469472694355,crisis,American
SPY,2008-02-29,133.327456,143.0,2008-04-19,0.13689253935660506,50,call,1.0550000000000002,0.018500000000000003,1.072547277884009,crisis,American
SPY,2008-02-29,133.327456,144.0,2008-04-19,0.13689253935660506,50,call,0.835,0.018500000000000003,1.0800476084985826,crisis,American
SPY,2008-02-29,133.327456,145.0,2008-04-19,0.13689253935660506,50,call,0.655,0.018500000000000003,1.087547939113156,crisis,American
SPY,2008-02-29,133.327456,146.0,2008-04-19,0.13689253935660506,50,call,0.5,0.018500000000000003,1.0950482697277295,crisis,American
SPY,2008-03-07,129.701495,118.0,2008-03-22,0.04106776180698152,15,call,11.99,0.014499999999999999,0.9097813406082945,crisis,American
SPY,2008-03-07,129.701495,119.0,2008-03-22,0.04106776180698152,15,call,11.04,0.014499999999999999,0.9174913519693817,crisis,American
SPY,2008-03-07,129.701495,120.0,2008-03-22,0.04106776180698152,15,call,10.1,0.014499999999999999,0.925201363330469,crisis,American
SPY,2008-03-07,129.701495,121.0,2008-03-22,0.04106776180698152,15,call,9.2,0.014499999999999999,0.9329113746915563,crisis,American
SPY,2008-03-07,129.701495,122.0,2008-03-22,0.04106776180698152,15,call,8.3,0.014499999999999999,0.9406213860526434,crisis,American
SPY,2008-03-07,129.701495,123.0,2008-03-22,0.04106776180698152,15,call,7.46,0.014499999999999999,0.9483313974137307,crisis,American
SPY,2008-03-07,129.701495,124.0,2008-03-22,0.04106776180698152,15,call,6.6,0.014499999999999999,0.9560414087748179,crisis,American
SPY,2008-03-07,129.701495,125.0,2008-03-22,0.04106776180698152,15,call,5.82,0.014499999999999999,0.9637514201359052,crisis,American
SPY,2008-03-07,129.701495,126.0,2008-03-22,0.04106776180698152,15,call,5.04,0.014499999999999999,0.9714614314969924,crisis,American
SPY,2008-03-07,129.701495,127.0,2008-03-22,0.04106776180698152,15,call,4.33,0.014499999999999999,0.9791714428580797,crisis,American
SPY,2008-03-07,129.701495,128.0,2008-03-22,0.04106776180698152,15,call,3.66,0.014499999999999999,0.986881454219167,crisis,American
SPY,2008-03-07,129.701495,129.0,2008-03-22,0.04106776180698152,15,call,3.03,0.014499999999999999,0.9945914655802541,crisis,American
SPY,2008-03-07,129.701495,130.0,2008-03-22,0.04106776180698152,15,call,2.4800000000000004,0.014499999999999999,1.0023014769413414,crisis,American
SPY,2008-03-07,129.701495,131.0,2008-03-22,0.04106776180698152,15,call,2.0,0.014499999999999999,1.0100114883024287,crisis,American
SPY,2008-03-07,129.701495,132.0,2008-03-22,0.04106776180698152,15,call,1.545,0.014499999999999999,1.0177214996635158,crisis,American
SPY,2008-03-07,129.701495,133.0,2008-03-22,0.04106776180698152,15,call,1.14,0.014499999999999999,1.025431511024603,crisis,American
SPY,2008-03-07,129.701495,134.0,2008-03-22,0.04106776180698152,15,call,0.845,0.014499999999999999,1.0331415223856903,crisis,American
SPY,2008-03-07,129.701495,135.0,2008-03-22,0.04106776180698152,15,call,0.585,0.014499999999999999,1.0408515337467776,crisis,American
SPY,2008-03-07,129.701495,136.0,2008-03-22,0.04106776180698152,15,call,0.395,0.014499999999999999,1.048561545107865,crisis,American
SPY,2008-03-07,129.701495,137.0,2008-03-22,0.04106776180698152,15,call,0.265,0.014499999999999999,1.056271556468952,crisis,American
SPY,2008-03-07,129.701495,138.0,2008-03-22,0.04106776180698152,15,call,0.18,0.014499999999999999,1.0639815678300393,crisis,American
SPY,2008-03-07,129.701495,139.0,2008-03-22,0.04106776180698152,15,call,0.125,0.014499999999999999,1.0716915791911266,crisis,American
SPY,2008-03-07,129.701495,140.0,2008-03-22,0.04106776180698152,15,call,0.085,0.014499999999999999,1.0794015905522139,crisis,American
SPY,2008-03-07,129.701495,141.0,2008-03-22,0.04106776180698152,15,call,0.06,0.014499999999999999,1.0871116019133011,crisis,American
SPY,2008-03-07,129.701495,142.0,2008-03-22,0.04106776180698152,15,call,0.05,0.014499999999999999,1.0948216132743882,crisis,American
SPY,2008-03-07,129.701495,127.0,2008-03-31,0.06570841889117043,24,call,4.875,0.014499999999999999,0.9791714428580797,crisis,American
SPY,2008-03-07,129.701495,128.0,2008-03-31,0.06570841889117043,24,call,4.225,0.014499999999999999,0.986881454219167,crisis,American
SPY,2008-03-07,129.701495,129.0,2008-03-31,0.06570841889117043,24,call,3.625,0.014499999999999999,0.9945914655802541,crisis,American
SPY,2008-03-07,129.701495,130.0,2008-03-31,0.06570841889117043,24,call,3.075,0.014499999999999999,1.0023014769413414,crisis,American
SPY,2008-03-07,129.701495,131.0,2008-03-31,0.06570841889117043,24,call,2.55,0.014499999999999999,1.0100114883024287,crisis,American
SPY,2008-03-07,129.701495,132.0,2008-03-31,0.06570841889117043,24,call,2.09,0.014499999999999999,1.0177214996635158,crisis,American
SPY,2008-03-07,129.701495,133.0,2008-03-31,0.06570841889117043,24,call,1.685,0.014499999999999999,1.025431511024603,crisis,American
SPY,2008-03-07,129.701495,134.0,2008-03-31,0.06570841889117043,24,call,1.3399999999999999,0.014499999999999999,1.0331415223856903,crisis,American
SPY,2008-03-07,129.701495,135.0,2008-03-31,0.06570841889117043,24,call,1.02,0.014499999999999999,1.0408515337467776,crisis,American
SPY,2008-03-07,129.701495,136.0,2008-03-31,0.06570841889117043,24,call,0.78,0.014499999999999999,1.048561545107865,crisis,American
SPY,2008-03-07,129.701495,137.0,2008-03-31,0.06570841889117043,24,call,0.5700000000000001,0.014499999999999999,1.056271556468952,crisis,American
SPY,2008-03-07,129.701495,138.0,2008-03-31,0.06570841889117043,24,call,0.41000000000000003,0.014499999999999999,1.0639815678300393,crisis,American
SPY,2008-03-07,129.701495,139.0,2008-03-31,0.06570841889117043,24,call,0.27,0.014499999999999999,1.0716915791911266,crisis,American
SPY,2008-03-07,129.701495,140.0,2008-03-31,0.06570841889117043,24,call,0.175,0.014499999999999999,1.0794015905522139,crisis,American
SPY,2008-03-07,129.701495,141.0,2008-03-31,0.06570841889117043,24,call,0.11000000000000001,0.014499999999999999,1.0871116019133011,crisis,American
SPY,2008-03-07,129.701495,142.0,2008-03-31,0.06570841889117043,24,call,0.07500000000000001,0.014499999999999999,1.0948216132743882,crisis,American
SPY,2008-03-07,129.701495,118.0,2008-04-19,0.11772758384668036,43,call,12.84,0.014499999999999999,0.9097813406082945,crisis,American
SPY,2008-03-07,129.701495,120.0,2008-04-19,0.11772758384668036,43,call,11.18,0.014499999999999999,0.925201363330469,crisis,American
SPY,2008-03-07,129.701495,121.0,2008-04-19,0.11772758384668036,43,call,10.39,0.014499999999999999,0.9329113746915563,crisis,American
SPY,2008-03-07,129.701495,122.0,2008-04-19,0.11772758384668036,43,call,9.61,0.014499999999999999,0.9406213860526434,crisis,American
SPY,2008-03-07,129.701495,123.0,2008-04-19,0.11772758384668036,43,call,8.86,0.014499999999999999,0.9483313974137307,crisis,American
SPY,2008-03-07,129.701495,124.0,2008-04-19,0.11772758384668036,43,call,8.14,0.014499999999999999,0.9560414087748179,crisis,American
SPY,2008-03-07,129.701495,125.0,2008-04-19,0.11772758384668036,43,call,7.44,0.014499999999999999,0.9637514201359052,crisis,American
SPY,2008-03-07,129.701495,126.0,2008-04-19,0.11772758384668036,43,call,6.75,0.014499999999999999,0.9714614314969924,crisis,American
SPY,2008-03-07,129.701495,127.0,2008-04-19,0.11772758384668036,43,call,6.11,0.014499999999999999,0.9791714428580797,crisis,American
SPY,2008-03-07,129.701495,128.0,2008-04-19,0.11772758384668036,43,call,5.49,0.014499999999999999,0.986881454219167,crisis,American
SPY,2008-03-07,129.701495,129.0,2008-04-19,0.11772758384668036,43,call,4.91,0.014499999999999999,0.9945914655802541,crisis,American
SPY,2008-03-07,129.701495,130.0,2008-04-19,0.11772758384668036,43,call,4.35,0.014499999999999999,1.0023014769413414,crisis,American
SPY,2008-03-07,129.701495,131.0,2008-04-19,0.11772758384668036,43,call,3.825,0.014499999999999999,1.0100114883024287,crisis,American
SPY,2008-03-07,129.701495,132.0,2008-04-19,0.11772758384668036,43,call,3.325,0.014499999999999999,1.0177214996635158,crisis,American
SPY,2008-03-07,129.701495,133.0,2008-04-19,0.11772758384668036,43,call,2.875,0.014499999999999999,1.025431511024603,crisis,American
SPY,2008-03-07,129.701495,134.0,2008-04-19,0.11772758384668036,43,call,2.455,0.014499999999999999,1.0331415223856903,crisis,American
SPY,2008-03-07,129.701495,135.0,2008-04-19,0.11772758384668036,43,call,2.0700000000000003,0.014499999999999999,1.0408515337467776,crisis,American
SPY,2008-03-07,129.701495,136.0,2008-04-19,0.11772758384668036,43,call,1.72,0.014499999999999999,1.048561545107865,crisis,American
SPY,2008-03-07,129.701495,137.0,2008-04-19,0.11772758384668036,43,call,1.42,0.014499999999999999,1.056271556468952,crisis,American
SPY,2008-03-07,129.701495,138.0,2008-04-19,0.11772758384668036,43,call,1.1549999999999998,0.014499999999999999,1.0639815678300393,crisis,American
SPY,2008-03-07,129.701495,139.0,2008-04-19,0.11772758384668036,43,call,0.895,0.014499999999999999,1.0716915791911266,crisis,American
SPY,2008-03-07,129.701495,140.0,2008-04-19,0.11772758384668036,43,call,0.71,0.014499999999999999,1.0794015905522139,crisis,American
SPY,2008-03-07,129.701495,141.0,2008-04-19,0.11772758384668036,43,call,0.55,0.014499999999999999,1.0871116019133011,crisis,American
SPY,2008-03-07,129.701495,142.0,2008-04-19,0.11772758384668036,43,call,0.41000000000000003,0.014499999999999999,1.0948216132743882,crisis,American
SPY,2008-03-14,129.234044,118.0,2008-03-22,0.02190280629705681,8,call,11.75,0.0118,0.9130721004134174,crisis,American
SPY,2008-03-14,129.234044,120.0,2008-03-22,0.02190280629705681,8,call,9.96,0.0118,0.9285478987255091,crisis,American
SPY,2008-03-14,129.234044,121.0,2008-03-22,0.02190280629705681,8,call,9.07,0.0118,0.9362857978815551,crisis,American
SPY,2008-03-14,129.234044,122.0,2008-03-22,0.02190280629705681,8,call,8.16,0.0118,0.9440236970376009,crisis,American
SPY,2008-03-14,129.234044,123.0,2008-03-22,0.02190280629705681,8,call,7.32,0.0118,0.9517615961936469,crisis,American
SPY,2008-03-14,129.234044,124.0,2008-03-22,0.02190280629705681,8,call,6.49,0.0118,0.9594994953496928,crisis,American
SPY,2008-03-14,129.234044,125.0,2008-03-22,0.02190280629705681,8,call,5.69,0.0118,0.9672373945057386,crisis,American
SPY,2008-03-14,129.234044,126.0,2008-03-22,0.02190280629705681,8,call,4.89,0.0118,0.9749752936617846,crisis,American
SPY,2008-03-14,129.234044,127.0,2008-03-22,0.02190280629705681,8,call,4.17,0.0118,0.9827131928178305,crisis,American
SPY,2008-03-14,129.234044,128.0,2008-03-22,0.02190280629705681,8,call,3.5,0.0118,0.9904510919738764,crisis,American
SPY,2008-03-14,129.234044,129.0,2008-03-22,0.02190280629705681,8,call,2.87,0.0118,0.9981889911299223,crisis,American
SPY,2008-03-14,129.234044,130.0,2008-03-22,0.02190280629705681,8,call,2.225,0.0118,1.0059268902859682,crisis,American
SPY,2008-03-14,129.234044,131.0,2008-03-22,0.02190280629705681,8,call,1.775,0.0118,1.013664789442014,crisis,American
SPY,2008-03-14,129.234044,132.0,2008-03-22,0.02190280629705681,8,call,1.355,0.0118,1.02140268859806,crisis,American
SPY,2008-03-14,129.234044,133.0,2008-03-22,0.02190280629705681,8,call,1.0150000000000001,0.0118,1.029140587754106,crisis,American
SPY,2008-03-14,129.234044,134.0,2008-03-22,0.02190280629705681,8,call,0.72,0.0118,1.036878486910152,crisis,American
SPY,2008-03-14,129.234044,135.0,2008-03-22,0.02190280629705681,8,call,0.495,0.0118,1.0446163860661977,crisis,American
SPY,2008-03-14,129.234044,136.0,2008-03-22,0.02190280629705681,8,call,0.365,0.0118,1.0523542852222436,crisis,American
SPY,2008-03-14,129.234044,137.0,2008-03-22,0.02190280629705681,8,call,0.20500000000000002,0.0118,1.0600921843782896,crisis,American
SPY,2008-03-14,129.234044,138.0,2008-03-22,0.02190280629705681,8,call,0.155,0.0118,1.0678300835343355,crisis,American
SPY,2008-03-14,129.234044,139.0,2008-03-22,0.02190280629705681,8,call,0.10500000000000001,0.0118,1.0755679826903815,crisis,American
SPY,2008-03-14,129.234044,140.0,2008-03-22,0.02190280629705681,8,call,0.055,0.0118,1.0833058818464274,crisis,American
SPY,2008-03-14,129.234044,126.0,2008-03-31,0.04654346338124572,17,call,5.35,0.0118,0.9749752936617846,crisis,American
SPY,2008-03-14,129.234044,127.0,2008-03-31,0.04654346338124572,17,call,4.699999999999999,0.0118,0.9827131928178305,crisis,American
SPY,2008-03-14,129.234044,128.0,2008-03-31,0.04654346338124572,17,call,4.025,0.0118,0.9904510919738764,crisis,American
SPY,2008-03-14,129.234044,129.0,2008-03-31,0.04654346338124572,17,call,3.45,0.0118,0.9981889911299223,crisis,American
SPY,2008-03-14,129.234044,130.0,2008-03-31,0.04654346338124572,17,call,2.885,0.0118,1.0059268902859682,crisis,American
SPY,2008-03-14,129.234044,131.0,2008-03-31,0.04654346338124572,17,call,2.365,0.0118,1.013664789442014,crisis,American
SPY,2008-03-14,129.234044,132.0,2008-03-31,0.04654346338124572,17,call,1.94,0.0118,1.02140268859806,crisis,American
SPY,2008-03-14,129.234044,133.0,2008-03-31,0.04654346338124572,17,call,1.555,0.0118,1.029140587754106,crisis,American
SPY,2008-03-14,129.234044,134.0,2008-03-31,0.04654346338124572,17,call,1.225,0.0118,1.036878486910152,crisis,American
SPY,2008-03-14,129.234044,135.0,2008-03-31,0.04654346338124572,17,call,0.95,0.0118,1.0446163860661977,crisis,American
SPY,2008-03-14,129.234044,136.0,2008-03-31,0.04654346338124572,17,call,0.69,0.0118,1.0523542852222436,crisis,American
SPY,2008-03-14,129.234044,137.0,2008-03-31,0.04654346338124572,17,call,0.54,0.0118,1.0600921843782896,crisis,American
SPY,2008-03-14,129.234044,138.0,2008-03-31,0.04654346338124572,17,call,0.39,0.0118,1.0678300835343355,crisis,American
SPY,2008-03-14,129.234044,139.0,2008-03-31,0.04654346338124572,17,call,0.27,0.0118,1.0755679826903815,crisis,American
SPY,2008-03-14,129.234044,140.0,2008-03-31,0.04654346338124572,17,call,0.185,0.0118,1.0833058818464274,crisis,American
SPY,2008-03-14,129.234044,141.0,2008-03-31,0.04654346338124572,17,call,0.12,0.0118,1.0910437810024731,crisis,American
SPY,2008-03-14,129.234044,142.0,2008-03-31,0.04654346338124572,17,call,0.075,0.0118,1.098781680158519,crisis,American
SPY,2008-03-14,129.234044,117.0,2008-04-19,0.09856262833675565,36,call,13.41,0.0118,0.9053342012573714,crisis,American
SPY,2008-03-14,129.234044,118.0,2008-04-19,0.09856262833675565,36,call,12.55,0.0118,0.9130721004134174,crisis,American
SPY,2008-03-14,129.234044,119.0,2008-04-19,0.09856262833675565,36,call,11.71,0.0118,0.9208099995694632,crisis,American
SPY,2008-03-14,129.234044,120.0,2008-04-19,0.09856262833675565,36,call,10.94,0.0118,0.9285478987255091,crisis,American
SPY,2008-03-14,129.234044,121.0,2008-04-19,0.09856262833675565,36,call,10.16,0.0118,0.9362857978815551,crisis,American
SPY,2008-03-14,129.234044,122.0,2008-04-19,0.09856262833675565,36,call,9.4,0.0118,0.9440236970376009,crisis,American
SPY,2008-03-14,129.234044,123.0,2008-04-19,0.09856262833675565,36,call,8.69,0.0118,0.9517615961936469,crisis,American
SPY,2008-03-14,129.234044,124.0,2008-04-19,0.09856262833675565,36,call,7.96,0.0118,0.9594994953496928,crisis,American
SPY,2008-03-14,129.234044,125.0,2008-04-19,0.09856262833675565,36,call,7.29,0.0118,0.9672373945057386,crisis,American
SPY,2008-03-14,129.234044,126.0,2008-04-19,0.09856262833675565,36,call,6.6,0.0118,0.9749752936617846,crisis,American
SPY,2008-03-14,129.234044,127.0,2008-04-19,0.09856262833675565,36,call,5.99,0.0118,0.9827131928178305,crisis,American
SPY,2008-03-14,129.234044,128.0,2008-04-19,0.09856262833675565,36,call,5.37,0.0118,0.9904510919738764,crisis,American
SPY,2008-03-14,129.234044,129.0,2008-04-19,0.09856262833675565,36,call,4.75,0.0118,0.9981889911299223,crisis,American
SPY,2008-03-14,129.234044,130.0,2008-04-19,0.09856262833675565,36,call,4.175,0.0118,1.0059268902859682,crisis,American
SPY,2008-03-14,129.234044,131.0,2008-04-19,0.09856262833675565,36,call,3.675,0.0118,1.013664789442014,crisis,American
SPY,2008-03-14,129.234044,132.0,2008-04-19,0.09856262833675565,36,call,3.175,0.0118,1.02140268859806,crisis,American
SPY,2008-03-14,129.234044,133.0,2008-04-19,0.09856262833675565,36,call,2.75,0.0118,1.029140587754106,crisis,American
SPY,2008-03-14,129.234044,134.0,2008-04-19,0.09856262833675565,36,call,2.355,0.0118,1.036878486910152,crisis,American
SPY,2008-03-14,129.234044,135.0,2008-04-19,0.09856262833675565,36,call,1.9899999999999998,0.0118,1.0446163860661977,crisis,American
SPY,2008-03-14,129.234044,136.0,2008-04-19,0.09856262833675565,36,call,1.6600000000000001,0.0118,1.0523542852222436,crisis,American
SPY,2008-03-14,129.234044,137.0,2008-04-19,0.09856262833675565,36,call,1.37,0.0118,1.0600921843782896,crisis,American
SPY,2008-03-14,129.234044,138.0,2008-04-19,0.09856262833675565,36,call,1.105,0.0118,1.0678300835343355,crisis,American
SPY,2008-03-14,129.234044,139.0,2008-04-19,0.09856262833675565,36,call,0.855,0.0118,1.0755679826903815,crisis,American
SPY,2008-03-14,129.234044,140.0,2008-04-19,0.09856262833675565,36,call,0.6950000000000001,0.0118,1.0833058818464274,crisis,American
SPY,2008-03-14,129.234044,141.0,2008-04-19,0.09856262833675565,36,call,0.53,0.0118,1.0910437810024731,crisis,American
SPY,2008-03-14,129.234044,142.0,2008-04-19,0.09856262833675565,36,call,0.395,0.0118,1.098781680158519,crisis,American
SPY,2008-03-24,134.777921,127.0,2008-03-31,0.019164955509924708,7,call,8.075,0.0124,0.9422908370874782,crisis,American
SPY,2008-03-24,134.777921,128.0,2008-03-31,0.019164955509924708,7,call,7.125,0.0124,0.9497104499779307,crisis,American
SPY,2008-03-24,134.777921,129.0,2008-03-31,0.019164955509924708,7,call,6.225,0.0124,0.9571300628683834,crisis,American
SPY,2008-03-24,134.777921,130.0,2008-03-31,0.019164955509924708,7,call,5.325,0.0124,0.964549675758836,crisis,American
SPY,2008-03-24,134.777921,131.0,2008-03-31,0.019164955509924708,7,call,4.475,0.0124,0.9719692886492886,crisis,American
SPY,2008-03-24,134.777921,132.0,2008-03-31,0.019164955509924708,7,call,3.625,0.0124,0.9793889015397411,crisis,American
SPY,2008-03-24,134.777921,133.0,2008-03-31,0.019164955509924708,7,call,2.91,0.0124,0.9868085144301937,crisis,American
SPY,2008-03-24,134.777921,134.0,2008-03-31,0.019164955509924708,7,call,2.225,0.0124,0.9942281273206462,crisis,American
SPY,2008-03-24,134.777921,135.0,2008-03-31,0.019164955509924708,7,call,1.62,0.0124,1.0016477402110988,crisis,American
SPY,2008-03-24,134.777921,136.0,2008-03-31,0.019164955509924708,7,call,1.135,0.0124,1.0090673531015515,crisis,American
SPY,2008-03-24,134.777921,137.0,2008-03-31,0.019164955509924708,7,call,0.725,0.0124,1.016486965992004,crisis,American
SPY,2008-03-24,134.777921,138.0,2008-03-31,0.019164955509924708,7,call,0.435,0.0124,1.0239065788824566,crisis,American
SPY,2008-03-24,134.777921,139.0,2008-03-31,0.019164955509924708,7,call,0.235,0.0124,1.0313261917729093,crisis,American
SPY,2008-03-24,134.777921,140.0,2008-03-31,0.019164955509924708,7,call,0.115,0.0124,1.0387458046633617,crisis,American
SPY,2008-03-24,134.777921,122.0,2008-04-19,0.07118412046543464,26,call,13.6,0.0124,0.9051927726352152,crisis,American
SPY,2008-03-24,134.777921,123.0,2008-04-19,0.07118412046543464,26,call,12.69,0.0124,0.9126123855256678,crisis,American
SPY,2008-03-24,134.777921,124.0,2008-04-19,0.07118412046543464,26,call,11.8,0.0124,0.9200319984161205,crisis,American
SPY,2008-03-24,134.777921,125.0,2008-04-19,0.07118412046543464,26,call,10.91,0.0124,0.927451611306573,crisis,American
SPY,2008-03-24,134.777921,126.0,2008-04-19,0.07118412046543464,26,call,10.06,0.0124,0.9348712241970256,crisis,American
SPY,2008-03-24,134.777921,127.0,2008-04-19,0.07118412046543464,26,call,9.2,0.0124,0.9422908370874782,crisis,American
SPY,2008-03-24,134.777921,128.0,2008-04-19,0.07118412046543464,26,call,8.39,0.0124,0.9497104499779307,crisis,American
SPY,2008-03-24,134.777921,129.0,2008-04-19,0.07118412046543464,26,call,7.59,0.0124,0.9571300628683834,crisis,American
SPY,2008-03-24,134.777921,130.0,2008-04-19,0.07118412046543464,26,call,6.800000000000001,0.0124,0.964549675758836,crisis,American
SPY,2008-03-24,134.777921,131.0,2008-04-19,0.07118412046543464,26,call,6.075,0.0124,0.9719692886492886,crisis,American
SPY,2008-03-24,134.777921,132.0,2008-04-19,0.07118412046543464,26,call,5.35,0.0124,0.9793889015397411,crisis,American
SPY,2008-03-24,134.777921,133.0,2008-04-19,0.07118412046543464,26,call,4.65,0.0124,0.9868085144301937,crisis,American
SPY,2008-03-24,134.777921,134.0,2008-04-19,0.07118412046543464,26,call,4.0,0.0124,0.9942281273206462,crisis,American
SPY,2008-03-24,134.777921,135.0,2008-04-19,0.07118412046543464,26,call,3.4000000000000004,0.0124,1.0016477402110988,crisis,American
SPY,2008-03-24,134.777921,136.0,2008-04-19,0.07118412046543464,26,call,2.8499999999999996,0.0124,1.0090673531015515,crisis,American
SPY,2008-03-24,134.777921,137.0,2008-04-19,0.07118412046543464,26,call,2.33,0.0124,1.016486965992004,crisis,American
SPY,2008-03-24,134.777921,138.0,2008-04-19,0.07118412046543464,26,call,1.8900000000000001,0.0124,1.0239065788824566,crisis,American
SPY,2008-03-24,134.777921,139.0,2008-04-19,0.07118412046543464,26,call,1.48,0.0124,1.0313261917729093,crisis,American
SPY,2008-03-24,134.777921,140.0,2008-04-19,0.07118412046543464,26,call,1.13,0.0124,1.0387458046633617,crisis,American
SPY,2008-03-24,134.777921,141.0,2008-04-19,0.07118412046543464,26,call,0.84,0.0124,1.0461654175538144,crisis,American
SPY,2008-03-24,134.777921,142.0,2008-04-19,0.07118412046543464,26,call,0.605,0.0124,1.0535850304442669,crisis,American
SPY,2008-03-24,134.777921,143.0,2008-04-19,0.07118412046543464,26,call,0.41000000000000003,0.0124,1.0610046433347196,crisis,American
SPY,2008-03-24,134.777921,144.0,2008-04-19,0.07118412046543464,26,call,0.28500000000000003,0.0124,1.0684242562251722,crisis,American
SPY,2008-03-24,134.777921,145.0,2008-04-19,0.07118412046543464,26,call,0.18,0.0124,1.0758438691156247,crisis,American
SPY,2008-03-24,134.777921,146.0,2008-04-19,0.07118412046543464,26,call,0.12000000000000001,0.0124,1.0832634820060774,crisis,American
SPY,2008-03-24,134.777921,147.0,2008-04-19,0.07118412046543464,26,call,0.075,0.0124,1.0906830948965298,crisis,American
SPY,2008-03-24,134.777921,123.0,2008-05-17,0.14784394250513347,54,call,13.93,0.0124,0.9126123855256678,crisis,American
SPY,2008-03-24,134.777921,124.0,2008-05-17,0.14784394250513347,54,call,13.08,0.0124,0.9200319984161205,crisis,American
SPY,2008-03-24,134.777921,125.0,2008-05-17,0.14784394250513347,54,call,12.28,0.0124,0.927451611306573,crisis,American
SPY,2008-03-24,134.777921,126.0,2008-05-17,0.14784394250513347,54,call,11.47,0.0124,0.9348712241970256,crisis,American
SPY,2008-03-24,134.777921,127.0,2008-05-17,0.14784394250513347,54,call,10.7,0.0124,0.9422908370874782,crisis,American
SPY,2008-03-24,134.777921,129.0,2008-05-17,0.14784394250513347,54,call,9.2,0.0124,0.9571300628683834,crisis,American
SPY,2008-03-24,134.777921,130.0,2008-05-17,0.14784394250513347,54,call,8.475,0.0124,0.964549675758836,crisis,American
SPY,2008-03-24,134.777921,131.0,2008-05-17,0.14784394250513347,54,call,7.75,0.0124,0.9719692886492886,crisis,American
SPY,2008-03-24,134.777921,132.0,2008-05-17,0.14784394250513347,54,call,7.1,0.0124,0.9793889015397411,crisis,American
SPY,2008-03-24,134.777921,133.0,2008-05-17,0.14784394250513347,54,call,6.449999999999999,0.0124,0.9868085144301937,crisis,American
SPY,2008-03-24,134.777921,134.0,2008-05-17,0.14784394250513347,54,call,5.800000000000001,0.0124,0.9942281273206462,crisis,American
SPY,2008-03-24,134.777921,135.0,2008-05-17,0.14784394250513347,54,call,5.199999999999999,0.0124,1.0016477402110988,crisis,American
SPY,2008-03-24,134.777921,136.0,2008-05-17,0.14784394250513347,54,call,4.65,0.0124,1.0090673531015515,crisis,American
SPY,2008-03-24,134.777921,137.0,2008-05-17,0.14784394250513347,54,call,4.1,0.0124,1.016486965992004,crisis,American
SPY,2008-03-24,134.777921,138.0,2008-05-17,0.14784394250513347,54,call,3.575,0.0124,1.0239065788824566,crisis,American
SPY,2008-03-24,134.777921,139.0,2008-05-17,0.14784394250513347,54,call,3.125,0.0124,1.0313261917729093,crisis,American
SPY,2008-03-24,134.777921,140.0,2008-05-17,0.14784394250513347,54,call,2.695,0.0124,1.0387458046633617,crisis,American
SPY,2008-03-24,134.777921,141.0,2008-05-17,0.14784394250513347,54,call,2.2800000000000002,0.0124,1.0461654175538144,crisis,American
SPY,2008-03-24,134.777921,142.0,2008-05-17,0.14784394250513347,54,call,1.92,0.0124,1.0535850304442669,crisis,American
SPY,2008-03-24,134.777921,143.0,2008-05-17,0.14784394250513347,54,call,1.5899999999999999,0.0124,1.0610046433347196,crisis,American
SPY,2008-03-24,134.777921,144.0,2008-05-17,0.14784394250513347,54,call,1.31,0.0124,1.0684242562251722,crisis,American
SPY,2008-03-24,134.777921,145.0,2008-05-17,0.14784394250513347,54,call,1.0550000000000002,0.0124,1.0758438691156247,crisis,American
SPY,2008-03-24,134.777921,146.0,2008-05-17,0.14784394250513347,54,call,0.8400000000000001,0.0124,1.0832634820060774,crisis,American
SPY,2008-03-24,134.777921,147.0,2008-05-17,0.14784394250513347,54,call,0.645,0.0124,1.0906830948965298,crisis,American
SPY,2008-03-24,134.777921,148.0,2008-05-17,0.14784394250513347,54,call,0.49,0.0124,1.0981027077869825,crisis,American
SPY,2008-03-31,132.108046,120.0,2008-04-19,0.05201916495550993,19,call,12.29,0.0138,0.9083473992189696,crisis,American
SPY,2008-03-31,132.108046,121.0,2008-04-19,0.05201916495550993,19,call,11.38,0.0138,0.9159169608791277,crisis,American
SPY,2008-03-31,132.108046,122.0,2008-04-19,0.05201916495550993,19,call,10.46,0.0138,0.9234865225392858,crisis,American
SPY,2008-03-31,132.108046,123.0,2008-04-19,0.05201916495550993,19,call,9.58,0.0138,0.9310560841994439,crisis,American
SPY,2008-03-31,132.108046,124.0,2008-04-19,0.05201916495550993,19,call,8.73,0.0138,0.938625645859602,crisis,American
SPY,2008-03-31,132.108046,125.0,2008-04-19,0.05201916495550993,19,call,7.88,0.0138,0.9461952075197599,crisis,American
SPY,2008-03-31,132.108046,126.0,2008-04-19,0.05201916495550993,19,call,7.08,0.0138,0.953764769179918,crisis,American
SPY,2008-03-31,132.108046,127.0,2008-04-19,0.05201916495550993,19,call,6.3,0.0138,0.9613343308400761,crisis,American
SPY,2008-03-31,132.108046,128.0,2008-04-19,0.05201916495550993,19,call,5.55,0.0138,0.9689038925002342,crisis,American
SPY,2008-03-31,132.108046,129.0,2008-04-19,0.05201916495550993,19,call,4.84,0.0138,0.9764734541603923,crisis,American
SPY,2008-03-31,132.108046,130.0,2008-04-19,0.05201916495550993,19,call,4.1,0.0138,0.9840430158205504,crisis,American
SPY,2008-03-31,132.108046,131.0,2008-04-19,0.05201916495550993,19,call,3.475,0.0138,0.9916125774807084,crisis,American
SPY,2008-03-31,132.108046,132.0,2008-04-19,0.05201916495550993,19,call,2.885,0.0138,0.9991821391408665,crisis,American
SPY,2008-03-31,132.108046,133.0,2008-04-19,0.05201916495550993,19,call,2.35,0.0138,1.0067517008010247,crisis,American
SPY,2008-03-31,132.108046,134.0,2008-04-19,0.05201916495550993,19,call,1.88,0.0138,1.0143212624611828,crisis,American
SPY,2008-03-31,132.108046,135.0,2008-04-19,0.05201916495550993,19,call,1.46,0.0138,1.0218908241213407,crisis,American
SPY,2008-03-31,132.108046,136.0,2008-04-19,0.05201916495550993,19,call,1.105,0.0138,1.0294603857814988,crisis,American
SPY,2008-03-31,132.108046,137.0,2008-04-19,0.05201916495550993,19,call,0.8049999999999999,0.0138,1.0370299474416569,crisis,American
SPY,2008-03-31,132.108046,138.0,2008-04-19,0.05201916495550993,19,call,0.5700000000000001,0.0138,1.044599509101815,crisis,American
SPY,2008-03-31,132.108046,139.0,2008-04-19,0.05201916495550993,19,call,0.385,0.0138,1.052169070761973,crisis,American
SPY,2008-03-31,132.108046,140.0,2008-04-19,0.05201916495550993,19,call,0.26,0.0138,1.0597386324221312,crisis,American
SPY,2008-03-31,132.108046,141.0,2008-04-19,0.05201916495550993,19,call,0.165,0.0138,1.0673081940822893,crisis,American
SPY,2008-03-31,132.108046,142.0,2008-04-19,0.05201916495550993,19,call,0.10500000000000001,0.0138,1.0748777557424474,crisis,American
SPY,2008-03-31,132.108046,143.0,2008-04-19,0.05201916495550993,19,call,0.065,0.0138,1.0824473174026055,crisis,American
SPY,2008-03-31,132.108046,144.0,2008-04-19,0.05201916495550993,19,call,0.05,0.0138,1.0900168790627636,crisis,American
SPY,2008-03-31,132.108046,119.0,2008-05-17,0.12867898699520877,47,call,14.34,0.0138,0.9007778375588115,crisis,American
SPY,2008-03-31,132.108046,124.0,2008-05-17,0.12867898699520877,47,call,10.23,0.0138,0.938625645859602,crisis,American
SPY,2008-03-31,132.108046,125.0,2008-05-17,0.12867898699520877,47,call,9.46,0.0138,0.9461952075197599,crisis,American
SPY,2008-03-31,132.108046,126.0,2008-05-17,0.12867898699520877,47,call,8.71,0.0138,0.953764769179918,crisis,American
SPY,2008-03-31,132.108046,127.0,2008-05-17,0.12867898699520877,47,call,8.0,0.0138,0.9613343308400761,crisis,American
SPY,2008-03-31,132.108046,128.0,2008-05-17,0.12867898699520877,47,call,7.3,0.0138,0.9689038925002342,crisis,American
SPY,2008-03-31,132.108046,129.0,2008-05-17,0.12867898699520877,47,call,6.62,0.0138,0.9764734541603923,crisis,American
SPY,2008-03-31,132.108046,130.0,2008-05-17,0.12867898699520877,47,call,5.925000000000001,0.0138,0.9840430158205504,crisis,American
SPY,2008-03-31,132.108046,131.0,2008-05-17,0.12867898699520877,47,call,5.3,0.0138,0.9916125774807084,crisis,American
SPY,2008-03-31,132.108046,132.0,2008-05-17,0.12867898699520877,47,call,4.7,0.0138,0.9991821391408665,crisis,American
SPY,2008-03-31,132.108046,133.0,2008-05-17,0.12867898699520877,47,call,4.15,0.0138,1.0067517008010247,crisis,American
SPY,2008-03-31,132.108046,134.0,2008-05-17,0.12867898699520877,47,call,3.625,0.0138,1.0143212624611828,crisis,American
SPY,2008-03-31,132.108046,135.0,2008-05-17,0.12867898699520877,47,call,3.1500000000000004,0.0138,1.0218908241213407,crisis,American
SPY,2008-03-31,132.108046,136.0,2008-05-17,0.12867898699520877,47,call,2.6900000000000004,0.0138,1.0294603857814988,crisis,American
SPY,2008-03-31,132.108046,137.0,2008-05-17,0.12867898699520877,47,call,2.285,0.0138,1.0370299474416569,crisis,American
SPY,2008-03-31,132.108046,138.0,2008-05-17,0.12867898699520877,47,call,1.9249999999999998,0.0138,1.044599509101815,crisis,American
SPY,2008-03-31,132.108046,139.0,2008-05-17,0.12867898699520877,47,call,1.595,0.0138,1.052169070761973,crisis,American
SPY,2008-03-31,132.108046,140.0,2008-05-17,0.12867898699520877,47,call,1.3050000000000002,0.0138,1.0597386324221312,crisis,American
SPY,2008-03-31,132.108046,141.0,2008-05-17,0.12867898699520877,47,call,1.05,0.0138,1.0673081940822893,crisis,American
SPY,2008-03-31,132.108046,142.0,2008-05-17,0.12867898699520877,47,call,0.835,0.0138,1.0748777557424474,crisis,American
SPY,2008-03-31,132.108046,143.0,2008-05-17,0.12867898699520877,47,call,0.645,0.0138,1.0824473174026055,crisis,American
SPY,2008-03-31,132.108046,144.0,2008-05-17,0.12867898699520877,47,call,0.49,0.0138,1.0900168790627636,crisis,American
SPY,2008-03-31,132.108046,145.0,2008-05-17,0.12867898699520877,47,call,0.36,0.0138,1.0975864407229217,crisis,American
SPY,2008-04-07,137.109659,124.0,2008-04-19,0.03285420944558522,12,call,13.12,0.014499999999999999,0.9043855910982902,crisis,American
SPY,2008-04-07,137.109659,125.0,2008-04-19,0.03285420944558522,12,call,12.12,0.014499999999999999,0.9116790232845667,crisis,American
SPY,2008-04-07,137.109659,126.0,2008-04-19,0.03285420944558522,12,call,11.16,0.014499999999999999,0.9189724554708433,crisis,American
SPY,2008-04-07,137.109659,127.0,2008-04-19,0.03285420944558522,12,call,10.21,0.014499999999999999,0.9262658876571198,crisis,American
SPY,2008-04-07,137.109659,128.0,2008-04-19,0.03285420944558522,12,call,9.25,0.014499999999999999,0.9335593198433964,crisis,American
SPY,2008-04-07,137.109659,129.0,2008-04-19,0.03285420944558522,12,call,8.3,0.014499999999999999,0.9408527520296729,crisis,American
SPY,2008-04-07,137.109659,130.0,2008-04-19,0.03285420944558522,12,call,7.375,0.014499999999999999,0.9481461842159494,crisis,American
SPY,2008-04-07,137.109659,131.0,2008-04-19,0.03285420944558522,12,call,6.475,0.014499999999999999,0.955439616402226,crisis,American
SPY,2008-04-07,137.109659,132.0,2008-04-19,0.03285420944558522,12,call,5.6,0.014499999999999999,0.9627330485885025,crisis,American
SPY,2008-04-07,137.109659,133.0,2008-04-19,0.03285420944558522,12,call,4.775,0.014499999999999999,0.970026480774779,crisis,American
SPY,2008-04-07,137.109659,134.0,2008-04-19,0.03285420944558522,12,call,4.0,0.014499999999999999,0.9773199129610556,crisis,American
SPY,2008-04-07,137.109659,135.0,2008-04-19,0.03285420944558522,12,call,3.3,0.014499999999999999,0.9846133451473321,crisis,American
SPY,2008-04-07,137.109659,136.0,2008-04-19,0.03285420944558522,12,call,2.61,0.014499999999999999,0.9919067773336087,crisis,American
SPY,2008-04-07,137.109659,137.0,2008-04-19,0.03285420944558522,12,call,2.01,0.014499999999999999,0.9992002095198852,crisis,American
SPY,2008-04-07,137.109659,138.0,2008-04-19,0.03285420944558522,12,call,1.505,0.014499999999999999,1.0064936417061616,crisis,American
SPY,2008-04-07,137.109659,139.0,2008-04-19,0.03285420944558522,12,call,1.065,0.014499999999999999,1.0137870738924382,crisis,American
SPY,2008-04-07,137.109659,140.0,2008-04-19,0.03285420944558522,12,call,0.72,0.014499999999999999,1.0210805060787147,crisis,American
SPY,2008-04-07,137.109659,141.0,2008-04-19,0.03285420944558522,12,call,0.45499999999999996,0.014499999999999999,1.0283739382649912,crisis,American
SPY,2008-04-07,137.109659,142.0,2008-04-19,0.03285420944558522,12,call,0.28500000000000003,0.014499999999999999,1.0356673704512678,crisis,American
SPY,2008-04-07,137.109659,143.0,2008-04-19,0.03285420944558522,12,call,0.16,0.014499999999999999,1.0429608026375443,crisis,American
SPY,2008-04-07,137.109659,144.0,2008-04-19,0.03285420944558522,12,call,0.095,0.014499999999999999,1.0502542348238209,crisis,American
SPY,2008-04-07,137.109659,145.0,2008-04-19,0.03285420944558522,12,call,0.055,0.014499999999999999,1.0575476670100974,crisis,American
SPY,2008-04-07,137.109659,124.0,2008-05-17,0.10951403148528405,40,call,13.98,0.014499999999999999,0.9043855910982902,crisis,American
SPY,2008-04-07,137.109659,125.0,2008-05-17,0.10951403148528405,40,call,13.09,0.014499999999999999,0.9116790232845667,crisis,American
SPY,2008-04-07,137.109659,127.0,2008-05-17,0.10951403148528405,40,call,11.38,0.014499999999999999,0.9262658876571198,crisis,American
SPY,2008-04-07,137.109659,128.0,2008-05-17,0.10951403148528405,40,call,10.52,0.014499999999999999,0.9335593198433964,crisis,American
SPY,2008-04-07,137.109659,129.0,2008-05-17,0.10951403148528405,40,call,9.71,0.014499999999999999,0.9408527520296729,crisis,American
SPY,2008-04-07,137.109659,130.0,2008-05-17,0.10951403148528405,40,call,8.925,0.014499999999999999,0.9481461842159494,crisis,American
SPY,2008-04-07,137.109659,131.0,2008-05-17,0.10951403148528405,40,call,8.125,0.014499999999999999,0.955439616402226,crisis,American
SPY,2008-04-07,137.109659,132.0,2008-05-17,0.10951403148528405,40,call,7.375,0.014499999999999999,0.9627330485885025,crisis,American
SPY,2008-04-07,137.109659,133.0,2008-05-17,0.10951403148528405,40,call,6.65,0.014499999999999999,0.970026480774779,crisis,American
SPY,2008-04-07,137.109659,134.0,2008-05-17,0.10951403148528405,40,call,5.95,0.014499999999999999,0.9773199129610556,crisis,American
SPY,2008-04-07,137.109659,135.0,2008-05-17,0.10951403148528405,40,call,5.3,0.014499999999999999,0.9846133451473321,crisis,American
SPY,2008-04-07,137.109659,136.0,2008-05-17,0.10951403148528405,40,call,4.65,0.014499999999999999,0.9919067773336087,crisis,American
SPY,2008-04-07,137.109659,137.0,2008-05-17,0.10951403148528405,40,call,4.05,0.014499999999999999,0.9992002095198852,crisis,American
SPY,2008-04-07,137.109659,138.0,2008-05-17,0.10951403148528405,40,call,3.5,0.014499999999999999,1.0064936417061616,crisis,American
SPY,2008-04-07,137.109659,139.0,2008-05-17,0.10951403148528405,40,call,3.005,0.014499999999999999,1.0137870738924382,crisis,American
SPY,2008-04-07,137.109659,140.0,2008-05-17,0.10951403148528405,40,call,2.515,0.014499999999999999,1.0210805060787147,crisis,American
SPY,2008-04-07,137.109659,141.0,2008-05-17,0.10951403148528405,40,call,2.08,0.014499999999999999,1.0283739382649912,crisis,American
SPY,2008-04-07,137.109659,142.0,2008-05-17,0.10951403148528405,40,call,1.705,0.014499999999999999,1.0356673704512678,crisis,American
SPY,2008-04-07,137.109659,143.0,2008-05-17,0.10951403148528405,40,call,1.365,0.014499999999999999,1.0429608026375443,crisis,American
SPY,2008-04-07,137.109659,144.0,2008-05-17,0.10951403148528405,40,call,1.065,0.014499999999999999,1.0502542348238209,crisis,American
SPY,2008-04-07,137.109659,145.0,2008-05-17,0.10951403148528405,40,call,0.8200000000000001,0.014499999999999999,1.0575476670100974,crisis,American
SPY,2008-04-07,137.109659,146.0,2008-05-17,0.10951403148528405,40,call,0.615,0.014499999999999999,1.064841099196374,crisis,American
SPY,2008-04-07,137.109659,147.0,2008-05-17,0.10951403148528405,40,call,0.45999999999999996,0.014499999999999999,1.0721345313826505,crisis,American
SPY,2008-04-07,137.109659,148.0,2008-05-17,0.10951403148528405,40,call,0.32499999999999996,0.014499999999999999,1.079427963568927,crisis,American
SPY,2008-04-07,137.109659,149.0,2008-05-17,0.10951403148528405,40,call,0.235,0.014499999999999999,1.0867213957552035,crisis,American
SPY,2008-04-07,137.109659,150.0,2008-05-17,0.10951403148528405,40,call,0.155,0.014499999999999999,1.09401482794148,crisis,American
SPY,2008-04-14,132.770327,120.0,2008-05-17,0.09034907597535935,33,call,13.71,0.0108,0.9038164077128468,crisis,American
SPY,2008-04-14,132.770327,121.0,2008-05-17,0.09034907597535935,33,call,12.8,0.0108,0.9113482111104538,crisis,American
SPY,2008-04-14,132.770327,122.0,2008-05-17,0.09034907597535935,33,call,11.91,0.0108,0.9188800145080609,crisis,American
SPY,2008-04-14,132.770327,123.0,2008-05-17,0.09034907597535935,33,call,11.07,0.0108,0.926411817905668,crisis,American
SPY,2008-04-14,132.770327,124.0,2008-05-17,0.09034907597535935,33,call,10.21,0.0108,0.933943621303275,crisis,American
SPY,2008-04-14,132.770327,125.0,2008-05-17,0.09034907597535935,33,call,9.37,0.0108,0.9414754247008821,crisis,American
SPY,2008-04-14,132.770327,126.0,2008-05-17,0.09034907597535935,33,call,8.57,0.0108,0.9490072280984891,crisis,American
SPY,2008-04-14,132.770327,127.0,2008-05-17,0.09034907597535935,33,call,7.79,0.0108,0.9565390314960962,crisis,American
SPY,2008-04-14,132.770327,128.0,2008-05-17,0.09034907597535935,33,call,7.04,0.0108,0.9640708348937033,crisis,American
SPY,2008-04-14,132.770327,129.0,2008-05-17,0.09034907597535935,33,call,6.33,0.0108,0.9716026382913103,crisis,American
SPY,2008-04-14,132.770327,130.0,2008-05-17,0.09034907597535935,33,call,5.6,0.0108,0.9791344416889174,crisis,American
SPY,2008-04-14,132.770327,131.0,2008-05-17,0.09034907597535935,33,call,4.95,0.0108,0.9866662450865245,crisis,American
SPY,2008-04-14,132.770327,132.0,2008-05-17,0.09034907597535935,33,call,4.3,0.0108,0.9941980484841315,crisis,American
SPY,2008-04-14,132.770327,133.0,2008-05-17,0.09034907597535935,33,call,3.75,0.0108,1.0017298518817386,crisis,American
SPY,2008-04-14,132.770327,134.0,2008-05-17,0.09034907597535935,33,call,3.2,0.0108,1.0092616552793456,crisis,American
SPY,2008-04-14,132.770327,135.0,2008-05-17,0.09034907597535935,33,call,2.665,0.0108,1.0167934586769527,crisis,American
SPY,2008-04-14,132.770327,136.0,2008-05-17,0.09034907597535935,33,call,2.23,0.0108,1.0243252620745598,crisis,American
SPY,2008-04-14,132.770327,137.0,2008-05-17,0.09034907597535935,33,call,1.8250000000000002,0.0108,1.0318570654721668,crisis,American
SPY,2008-04-14,132.770327,138.0,2008-05-17,0.09034907597535935,33,call,1.455,0.0108,1.0393888688697739,crisis,American
SPY,2008-04-14,132.770327,139.0,2008-05-17,0.09034907597535935,33,call,1.15,0.0108,1.046920672267381,crisis,American
SPY,2008-04-14,132.770327,140.0,2008-05-17,0.09034907597535935,33,call,0.88,0.0108,1.054452475664988,crisis,American
SPY,2008-04-14,132.770327,141.0,2008-05-17,0.09034907597535935,33,call,0.645,0.0108,1.061984279062595,crisis,American
SPY,2008-04-14,132.770327,142.0,2008-05-17,0.09034907597535935,33,call,0.485,0.0108,1.0695160824602021,crisis,American
SPY,2008-04-14,132.770327,143.0,2008-05-17,0.09034907597535935,33,call,0.345,0.0108,1.0770478858578092,crisis,American
SPY,2008-04-14,132.770327,144.0,2008-05-17,0.09034907597535935,33,call,0.235,0.0108,1.0845796892554163,crisis,American
SPY,2008-04-14,132.770327,145.0,2008-05-17,0.09034907597535935,33,call,0.165,0.0108,1.0921114926530233,crisis,American
SPY,2008-04-14,132.770327,146.0,2008-05-17,0.09034907597535935,33,call,0.10500000000000001,0.0108,1.0996432960506304,crisis,American
SPY,2008-04-21,138.764423,125.0,2008-05-17,0.07118412046543464,26,call,14.09,0.0134,0.9008072623917444,crisis,American
SPY,2008-04-21,138.764423,126.0,2008-05-17,0.07118412046543464,26,call,13.16,0.0134,0.9080137204908784,crisis,American
SPY,2008-04-21,138.764423,128.0,2008-05-17,0.07118412046543464,26,call,11.27,0.0134,0.9224266366891463,crisis,American
SPY,2008-04-21,138.764423,129.0,2008-05-17,0.07118412046543464,26,call,10.38,0.0134,0.9296330947882802,crisis,American
SPY,2008-04-21,138.764423,130.0,2008-05-17,0.07118412046543464,26,call,9.475000000000001,0.0134,0.9368395528874142,crisis,American
SPY,2008-04-21,138.764423,131.0,2008-05-17,0.07118412046543464,26,call,8.600000000000001,0.0134,0.9440460109865481,crisis,American
SPY,2008-04-21,138.764423,132.0,2008-05-17,0.07118412046543464,26,call,7.725,0.0134,0.9512524690856821,crisis,American
SPY,2008-04-21,138.764423,133.0,2008-05-17,0.07118412046543464,26,call,6.925,0.0134,0.958458927184816,crisis,American
SPY,2008-04-21,138.764423,134.0,2008-05-17,0.07118412046543464,26,call,6.1,0.0134,0.96566538528395,crisis,American
SPY,2008-04-21,138.764423,135.0,2008-05-17,0.07118412046543464,26,call,5.325,0.0134,0.9728718433830839,crisis,American
SPY,2008-04-21,138.764423,136.0,2008-05-17,0.07118412046543464,26,call,4.6,0.0134,0.9800783014822179,crisis,American
SPY,2008-04-21,138.764423,137.0,2008-05-17,0.07118412046543464,26,call,3.9000000000000004,0.0134,0.9872847595813519,crisis,American
SPY,2008-04-21,138.764423,138.0,2008-05-17,0.07118412046543464,26,call,3.25,0.0134,0.9944912176804858,crisis,American
SPY,2008-04-21,138.764423,139.0,2008-05-17,0.07118412046543464,26,call,2.665,0.0134,1.0016976757796197,crisis,American
SPY,2008-04-21,138.764423,140.0,2008-05-17,0.07118412046543464,26,call,2.125,0.0134,1.0089041338787537,crisis,American
SPY,2008-04-21,138.764423,141.0,2008-05-17,0.07118412046543464,26,call,1.6549999999999998,0.0134,1.0161105919778877,crisis,American
SPY,2008-04-21,138.764423,142.0,2008-05-17,0.07118412046543464,26,call,1.255,0.0134,1.0233170500770217,crisis,American
SPY,2008-04-21,138.764423,143.0,2008-05-17,0.07118412046543464,26,call,0.91,0.0134,1.0305235081761555,crisis,American
SPY,2008-04-21,138.764423,144.0,2008-05-17,0.07118412046543464,26,call,0.64,0.0134,1.0377299662752895,crisis,American
SPY,2008-04-21,138.764423,145.0,2008-05-17,0.07118412046543464,26,call,0.435,0.0134,1.0449364243744235,crisis,American
SPY,2008-04-21,138.764423,146.0,2008-05-17,0.07118412046543464,26,call,0.28500000000000003,0.0134,1.0521428824735575,crisis,American
SPY,2008-04-21,138.764423,147.0,2008-05-17,0.07118412046543464,26,call,0.175,0.0134,1.0593493405726913,crisis,American
SPY,2008-04-21,138.764423,148.0,2008-05-17,0.07118412046543464,26,call,0.11499999999999999,0.0134,1.0665557986718253,crisis,American
SPY,2008-04-21,138.764423,149.0,2008-05-17,0.07118412046543464,26,call,0.075,0.0134,1.0737622567709593,crisis,American
SPY,2008-04-21,138.764423,150.0,2008-05-17,0.07118412046543464,26,call,0.05,0.0134,1.0809687148700933,crisis,American
SPY,2008-04-28,139.593642,126.0,2008-05-17,0.05201916495550993,19,call,13.93,0.0143,0.9026199058550246,crisis,American
SPY,2008-04-28,139.593642,127.0,2008-05-17,0.05201916495550993,19,call,12.94,0.0143,0.9097835559014931,crisis,American
SPY,2008-04-28,139.593642,128.0,2008-05-17,0.05201916495550993,19,call,11.98,0.0143,0.9169472059479615,crisis,American
SPY,2008-04-28,139.593642,129.0,2008-05-17,0.05201916495550993,19,call,11.02,0.0143,0.92411085599443,crisis,American
SPY,2008-04-28,139.593642,130.0,2008-05-17,0.05201916495550993,19,call,10.075,0.0143,0.9312745060408985,crisis,American
SPY,2008-04-28,139.593642,131.0,2008-05-17,0.05201916495550993,19,call,9.149999999999999,0.0143,0.9384381560873669,crisis,American
SPY,2008-04-28,139.593642,132.0,2008-05-17,0.05201916495550993,19,call,8.25,0.0143,0.9456018061338353,crisis,American
SPY,2008-04-28,139.593642,133.0,2008-05-17,0.05201916495550993,19,call,7.35,0.0143,0.9527654561803037,crisis,American
SPY,2008-04-28,139.593642,134.0,2008-05-17,0.05201916495550993,19,call,6.475,0.0143,0.9599291062267722,crisis,American
SPY,2008-04-28,139.593642,135.0,2008-05-17,0.05201916495550993,19,call,5.65,0.0143,0.9670927562732407,crisis,American
SPY,2008-04-28,139.593642,136.0,2008-05-17,0.05201916495550993,19,call,4.85,0.0143,0.9742564063197091,crisis,American
SPY,2008-04-28,139.593642,137.0,2008-05-17,0.05201916495550993,19,call,4.1,0.0143,0.9814200563661776,crisis,American
SPY,2008-04-28,139.593642,138.0,2008-05-17,0.05201916495550993,19,call,3.4000000000000004,0.0143,0.988583706412646,crisis,American
SPY,2008-04-28,139.593642,139.0,2008-05-17,0.05201916495550993,19,call,2.73,0.0143,0.9957473564591145,crisis,American
SPY,2008-04-28,139.593642,140.0,2008-05-17,0.05201916495550993,19,call,2.145,0.0143,1.0029110065055828,crisis,American
SPY,2008-04-28,139.593642,141.0,2008-05-17,0.05201916495550993,19,call,1.625,0.0143,1.0100746565520513,crisis,American
SPY,2008-04-28,139.593642,142.0,2008-05-17,0.05201916495550993,19,call,1.205,0.0143,1.0172383065985198,crisis,American
SPY,2008-04-28,139.593642,143.0,2008-05-17,0.05201916495550993,19,call,0.84,0.0143,1.0244019566449882,crisis,American
SPY,2008-04-28,139.593642,144.0,2008-05-17,0.05201916495550993,19,call,0.565,0.0143,1.0315656066914567,crisis,American
SPY,2008-04-28,139.593642,145.0,2008-05-17,0.05201916495550993,19,call,0.36,0.0143,1.0387292567379252,crisis,American
SPY,2008-04-28,139.593642,146.0,2008-05-17,0.05201916495550993,19,call,0.22,0.0143,1.0458929067843936,crisis,American
SPY,2008-04-28,139.593642,147.0,2008-05-17,0.05201916495550993,19,call,0.12000000000000001,0.0143,1.053056556830862,crisis,American
SPY,2008-04-28,139.593642,148.0,2008-05-17,0.05201916495550993,19,call,0.07,0.0143,1.0602202068773305,crisis,American
SPY,2008-04-28,139.593642,128.0,2008-06-21,0.14784394250513347,54,call,12.98,0.0143,0.9169472059479615,crisis,American
SPY,2008-04-28,139.593642,129.0,2008-06-21,0.14784394250513347,54,call,12.11,0.0143,0.92411085599443,crisis,American
SPY,2008-04-28,139.593642,130.0,2008-06-21,0.14784394250513347,54,call,11.25,0.0143,0.9312745060408985,crisis,American
SPY,2008-04-28,139.593642,131.0,2008-06-21,0.14784394250513347,54,call,10.425,0.0143,0.9384381560873669,crisis,American
SPY,2008-04-28,139.593642,132.0,2008-06-21,0.14784394250513347,54,call,9.600000000000001,0.0143,0.9456018061338353,crisis,American
SPY,2008-04-28,139.593642,133.0,2008-06-21,0.14784394250513347,54,call,8.774999999999999,0.0143,0.9527654561803037,crisis,American
SPY,2008-04-28,139.593642,134.0,2008-06-21,0.14784394250513347,54,call,8.025,0.0143,0.9599291062267722,crisis,American
SPY,2008-04-28,139.593642,135.0,2008-06-21,0.14784394250513347,54,call,7.25,0.0143,0.9670927562732407,crisis,American
SPY,2008-04-28,139.593642,136.0,2008-06-21,0.14784394250513347,54,call,6.525,0.0143,0.9742564063197091,crisis,American
SPY,2008-04-28,139.593642,137.0,2008-06-21,0.14784394250513347,54,call,5.85,0.0143,0.9814200563661776,crisis,American
SPY,2008-04-28,139.593642,138.0,2008-06-21,0.14784394250513347,54,call,5.15,0.0143,0.988583706412646,crisis,American
SPY,2008-04-28,139.593642,139.0,2008-06-21,0.14784394250513347,54,call,4.55,0.0143,0.9957473564591145,crisis,American
SPY,2008-04-28,139.593642,140.0,2008-06-21,0.14784394250513347,54,call,3.95,0.0143,1.0029110065055828,crisis,American
SPY,2008-04-28,139.593642,141.0,2008-06-21,0.14784394250513347,54,call,3.4000000000000004,0.0143,1.0100746565520513,crisis,American
SPY,2008-04-28,139.593642,142.0,2008-06-21,0.14784394250513347,54,call,2.875,0.0143,1.0172383065985198,crisis,American
SPY,2008-04-28,139.593642,143.0,2008-06-21,0.14784394250513347,54,call,2.41,0.0143,1.0244019566449882,crisis,American
SPY,2008-04-28,139.593642,144.0,2008-06-21,0.14784394250513347,54,call,1.995,0.0143,1.0315656066914567,crisis,American
SPY,2008-04-28,139.593642,145.0,2008-06-21,0.14784394250513347,54,call,1.62,0.0143,1.0387292567379252,crisis,American
SPY,2008-04-28,139.593642,146.0,2008-06-21,0.14784394250513347,54,call,1.29,0.0143,1.0458929067843936,crisis,American
SPY,2008-04-28,139.593642,147.0,2008-06-21,0.14784394250513347,54,call,1.01,0.0143,1.053056556830862,crisis,American
SPY,2008-04-28,139.593642,148.0,2008-06-21,0.14784394250513347,54,call,0.79,0.0143,1.0602202068773305,crisis,American
SPY,2008-04-28,139.593642,149.0,2008-06-21,0.14784394250513347,54,call,0.595,0.0143,1.067383856923799,crisis,American
SPY,2008-04-28,139.593642,150.0,2008-06-21,0.14784394250513347,54,call,0.44,0.0143,1.0745475069702675,crisis,American
SPY,2008-04-28,139.593642,151.0,2008-06-21,0.14784394250513347,54,call,0.315,0.0143,1.081711157016736,crisis,American
SPY,2008-04-28,139.593642,152.0,2008-06-21,0.14784394250513347,54,call,0.22,0.0143,1.0888748070632044,crisis,American
SPY,2008-04-28,139.593642,153.0,2008-06-21,0.14784394250513347,54,call,0.15000000000000002,0.0143,1.0960384571096728,crisis,American
SPY,2008-05-05,140.749151,127.0,2008-05-17,0.03285420944558522,12,call,13.94,0.015300000000000001,0.9023145013499938,crisis,American
SPY,2008-05-05,140.749151,128.0,2008-05-17,0.03285420944558522,12,call,12.96,0.015300000000000001,0.9094193399433009,crisis,American
SPY,2008-05-05,140.749151,130.0,2008-05-17,0.03285420944558522,12,call,10.975000000000001,0.015300000000000001,0.923629017129915,crisis,American
SPY,2008-05-05,140.749151,131.0,2008-05-17,0.03285420944558522,12,call,9.975000000000001,0.015300000000000001,0.930733855723222,crisis,American
SPY,2008-05-05,140.749151,132.0,2008-05-17,0.03285420944558522,12,call,9.0,0.015300000000000001,0.937838694316529,crisis,American
SPY,2008-05-05,140.749151,133.0,2008-05-17,0.03285420944558522,12,call,8.025,0.015300000000000001,0.9449435329098361,crisis,American
SPY,2008-05-05,140.749151,134.0,2008-05-17,0.03285420944558522,12,call,7.075,0.015300000000000001,0.9520483715031431,crisis,American
SPY,2008-05-05,140.749151,135.0,2008-05-17,0.03285420944558522,12,call,6.175,0.015300000000000001,0.9591532100964502,crisis,American
SPY,2008-05-05,140.749151,136.0,2008-05-17,0.03285420944558522,12,call,5.275,0.015300000000000001,0.9662580486897572,crisis,American
SPY,2008-05-05,140.749151,137.0,2008-05-17,0.03285420944558522,12,call,4.4,0.015300000000000001,0.9733628872830642,crisis,American
SPY,2008-05-05,140.749151,138.0,2008-05-17,0.03285420944558522,12,call,3.5999999999999996,0.015300000000000001,0.9804677258763713,crisis,American
SPY,2008-05-05,140.749151,139.0,2008-05-17,0.03285420944558522,12,call,2.85,0.015300000000000001,0.9875725644696783,crisis,American
SPY,2008-05-05,140.749151,140.0,2008-05-17,0.03285420944558522,12,call,2.1799999999999997,0.015300000000000001,0.9946774030629854,crisis,American
SPY,2008-05-05,140.749151,141.0,2008-05-17,0.03285420944558522,12,call,1.59,0.015300000000000001,1.0017822416562925,crisis,American
SPY,2008-05-05,140.749151,142.0,2008-05-17,0.03285420944558522,12,call,1.1,0.015300000000000001,1.0088870802495995,crisis,American
SPY,2008-05-05,140.749151,143.0,2008-05-17,0.03285420944558522,12,call,0.72,0.015300000000000001,1.0159919188429065,crisis,American
SPY,2008-05-05,140.749151,144.0,2008-05-17,0.03285420944558522,12,call,0.435,0.015300000000000001,1.0230967574362135,crisis,American
SPY,2008-05-05,140.749151,145.0,2008-05-17,0.03285420944558522,12,call,0.25,0.015300000000000001,1.0302015960295205,crisis,American
SPY,2008-05-05,140.749151,146.0,2008-05-17,0.03285420944558522,12,call,0.135,0.015300000000000001,1.0373064346228276,crisis,American
SPY,2008-05-05,140.749151,147.0,2008-05-17,0.03285420944558522,12,call,0.065,0.015300000000000001,1.0444112732161346,crisis,American
SPY,2008-05-05,140.749151,127.0,2008-06-21,0.12867898699520877,47,call,14.69,0.015300000000000001,0.9023145013499938,crisis,American
SPY,2008-05-05,140.749151,130.0,2008-06-21,0.12867898699520877,47,call,11.975000000000001,0.015300000000000001,0.923629017129915,crisis,American
SPY,2008-05-05,140.749151,131.0,2008-06-21,0.12867898699520877,47,call,11.075,0.015300000000000001,0.930733855723222,crisis,American
SPY,2008-05-05,140.749151,132.0,2008-06-21,0.12867898699520877,47,call,10.225000000000001,0.015300000000000001,0.937838694316529,crisis,American
SPY,2008-05-05,140.749151,133.0,2008-06-21,0.12867898699520877,47,call,9.375,0.015300000000000001,0.9449435329098361,crisis,American
SPY,2008-05-05,140.749151,134.0,2008-06-21,0.12867898699520877,47,call,8.524999999999999,0.015300000000000001,0.9520483715031431,crisis,American
SPY,2008-05-05,140.749151,135.0,2008-06-21,0.12867898699520877,47,call,7.725,0.015300000000000001,0.9591532100964502,crisis,American
SPY,2008-05-05,140.749151,136.0,2008-06-21,0.12867898699520877,47,call,6.95,0.015300000000000001,0.9662580486897572,crisis,American
SPY,2008-05-05,140.749151,137.0,2008-06-21,0.12867898699520877,47,call,6.2,0.015300000000000001,0.9733628872830642,crisis,American
SPY,2008-05-05,140.749151,138.0,2008-06-21,0.12867898699520877,47,call,5.5,0.015300000000000001,0.9804677258763713,crisis,American
SPY,2008-05-05,140.749151,139.0,2008-06-21,0.12867898699520877,47,call,4.8,0.015300000000000001,0.9875725644696783,crisis,American
SPY,2008-05-05,140.749151,140.0,2008-06-21,0.12867898699520877,47,call,4.15,0.015300000000000001,0.9946774030629854,crisis,American
SPY,2008-05-05,140.749151,141.0,2008-06-21,0.12867898699520877,47,call,3.525,0.015300000000000001,1.0017822416562925,crisis,American
SPY,2008-05-05,140.749151,142.0,2008-06-21,0.12867898699520877,47,call,3.0,0.015300000000000001,1.0088870802495995,crisis,American
SPY,2008-05-05,140.749151,143.0,2008-06-21,0.12867898699520877,47,call,2.4850000000000003,0.015300000000000001,1.0159919188429065,crisis,American
SPY,2008-05-05,140.749151,144.0,2008-06-21,0.12867898699520877,47,call,2.0300000000000002,0.015300000000000001,1.0230967574362135,crisis,American
SPY,2008-05-05,140.749151,145.0,2008-06-21,0.12867898699520877,47,call,1.62,0.015300000000000001,1.0302015960295205,crisis,American
SPY,2008-05-05,140.749151,146.0,2008-06-21,0.12867898699520877,47,call,1.275,0.015300000000000001,1.0373064346228276,crisis,American
SPY,2008-05-05,140.749151,147.0,2008-06-21,0.12867898699520877,47,call,0.98,0.015300000000000001,1.0444112732161346,crisis,American
SPY,2008-05-05,140.749151,148.0,2008-06-21,0.12867898699520877,47,call,0.735,0.015300000000000001,1.0515161118094416,crisis,American
SPY,2008-05-05,140.749151,149.0,2008-06-21,0.12867898699520877,47,call,0.535,0.015300000000000001,1.0586209504027486,crisis,American
SPY,2008-05-05,140.749151,150.0,2008-06-21,0.12867898699520877,47,call,0.375,0.015300000000000001,1.0657257889960556,crisis,American
SPY,2008-05-05,140.749151,151.0,2008-06-21,0.12867898699520877,47,call,0.255,0.015300000000000001,1.0728306275893629,crisis,American
SPY,2008-05-05,140.749151,152.0,2008-06-21,0.12867898699520877,47,call,0.18,0.015300000000000001,1.07993546618267,crisis,American
SPY,2008-05-05,140.749151,153.0,2008-06-21,0.12867898699520877,47,call,0.11,0.015300000000000001,1.087040304775977,crisis,American
SPY,2008-05-05,140.749151,154.0,2008-06-21,0.12867898699520877,47,call,0.08,0.015300000000000001,1.094145143369284,crisis,American
SPY,2008-05-05,140.749151,133.0,2008-06-30,0.15331964407939766,56,call,9.575,0.015300000000000001,0.9449435329098361,crisis,American
SPY,2008-05-05,140.749151,135.0,2008-06-30,0.15331964407939766,56,call,7.9750000000000005,0.015300000000000001,0.9591532100964502,crisis,American
SPY,2008-05-05,140.749151,136.0,2008-06-30,0.15331964407939766,56,call,7.175,0.015300000000000001,0.9662580486897572,crisis,American
SPY,2008-05-05,140.749151,137.0,2008-06-30,0.15331964407939766,56,call,6.475,0.015300000000000001,0.9733628872830642,crisis,American
SPY,2008-05-05,140.749151,139.0,2008-06-30,0.15331964407939766,56,call,5.075,0.015300000000000001,0.9875725644696783,crisis,American
SPY,2008-05-05,140.749151,140.0,2008-06-30,0.15331964407939766,56,call,4.45,0.015300000000000001,0.9946774030629854,crisis,American
SPY,2008-05-05,140.749151,141.0,2008-06-30,0.15331964407939766,56,call,3.8499999999999996,0.015300000000000001,1.0017822416562925,crisis,American
SPY,2008-05-05,140.749151,142.0,2008-06-30,0.15331964407939766,56,call,3.3,0.015300000000000001,1.0088870802495995,crisis,American
SPY,2008-05-05,140.749151,143.0,2008-06-30,0.15331964407939766,56,call,2.7750000000000004,0.015300000000000001,1.0159919188429065,crisis,American
SPY,2008-05-05,140.749151,144.0,2008-06-30,0.15331964407939766,56,call,2.315,0.015300000000000001,1.0230967574362135,crisis,American
SPY,2008-05-05,140.749151,145.0,2008-06-30,0.15331964407939766,56,call,1.885,0.015300000000000001,1.0302015960295205,crisis,American
SPY,2008-05-05,140.749151,146.0,2008-06-30,0.15331964407939766,56,call,1.525,0.015300000000000001,1.0373064346228276,crisis,American
SPY,2008-05-05,140.749151,147.0,2008-06-30,0.15331964407939766,56,call,1.2,0.015300000000000001,1.0444112732161346,crisis,American
SPY,2008-05-05,140.749151,148.0,2008-06-30,0.15331964407939766,56,call,0.935,0.015300000000000001,1.0515161118094416,crisis,American
SPY,2008-05-05,140.749151,149.0,2008-06-30,0.15331964407939766,56,call,0.7050000000000001,0.015300000000000001,1.0586209504027486,crisis,American
SPY,2008-05-05,140.749151,150.0,2008-06-30,0.15331964407939766,56,call,0.525,0.015300000000000001,1.0657257889960556,crisis,American
SPY,2008-05-05,140.749151,151.0,2008-06-30,0.15331964407939766,56,call,0.38,0.015300000000000001,1.0728306275893629,crisis,American
SPY,2008-05-05,140.749151,152.0,2008-06-30,0.15331964407939766,56,call,0.27,0.015300000000000001,1.07993546618267,crisis,American
SPY,2008-05-12,140.460067,130.0,2008-06-21,0.10951403148528405,40,call,11.425,0.0177,0.9255299586322994,crisis,American
SPY,2008-05-12,140.460067,131.0,2008-06-21,0.10951403148528405,40,call,10.524999999999999,0.0177,0.9326494198525478,crisis,American
SPY,2008-05-12,140.460067,132.0,2008-06-21,0.10951403148528405,40,call,9.649999999999999,0.0177,0.9397688810727962,crisis,American
SPY,2008-05-12,140.460067,133.0,2008-06-21,0.10951403148528405,40,call,8.8,0.0177,0.9468883422930446,crisis,American
SPY,2008-05-12,140.460067,134.0,2008-06-21,0.10951403148528405,40,call,7.95,0.0177,0.9540078035132932,crisis,American
SPY,2008-05-12,140.460067,135.0,2008-06-21,0.10951403148528405,40,call,7.15,0.0177,0.9611272647335416,crisis,American
SPY,2008-05-12,140.460067,136.0,2008-06-21,0.10951403148528405,40,call,6.35,0.0177,0.96824672595379,crisis,American
SPY,2008-05-12,140.460067,137.0,2008-06-21,0.10951403148528405,40,call,5.6,0.0177,0.9753661871740386,crisis,American
SPY,2008-05-12,140.460067,138.0,2008-06-21,0.10951403148528405,40,call,4.85,0.0177,0.982485648394287,crisis,American
SPY,2008-05-12,140.460067,139.0,2008-06-21,0.10951403148528405,40,call,4.2,0.0177,0.9896051096145354,crisis,American
SPY,2008-05-12,140.460067,140.0,2008-06-21,0.10951403148528405,40,call,3.575,0.0177,0.9967245708347839,crisis,American
SPY,2008-05-12,140.460067,141.0,2008-06-21,0.10951403148528405,40,call,2.96,0.0177,1.0038440320550324,crisis,American
SPY,2008-05-12,140.460067,142.0,2008-06-21,0.10951403148528405,40,call,2.4299999999999997,0.0177,1.010963493275281,crisis,American
SPY,2008-05-12,140.460067,143.0,2008-06-21,0.10951403148528405,40,call,1.95,0.0177,1.0180829544955292,crisis,American
SPY,2008-05-12,140.460067,144.0,2008-06-21,0.10951403148528405,40,call,1.525,0.0177,1.0252024157157777,crisis,American
SPY,2008-05-12,140.460067,145.0,2008-06-21,0.10951403148528405,40,call,1.165,0.0177,1.032321876936026,crisis,American
SPY,2008-05-12,140.460067,146.0,2008-06-21,0.10951403148528405,40,call,0.87,0.0177,1.0394413381562746,crisis,American
SPY,2008-05-12,140.460067,147.0,2008-06-21,0.10951403148528405,40,call,0.625,0.0177,1.0465607993765231,crisis,American
SPY,2008-05-12,140.460067,148.0,2008-06-21,0.10951403148528405,40,call,0.435,0.0177,1.0536802605967714,crisis,American
SPY,2008-05-12,140.460067,149.0,2008-06-21,0.10951403148528405,40,call,0.3,0.0177,1.06079972181702,crisis,American
SPY,2008-05-12,140.460067,150.0,2008-06-21,0.10951403148528405,40,call,0.19,0.0177,1.0679191830372685,crisis,American
SPY,2008-05-12,140.460067,151.0,2008-06-21,0.10951403148528405,40,call,0.13,0.0177,1.0750386442575168,crisis,American
SPY,2008-05-12,140.460067,152.0,2008-06-21,0.10951403148528405,40,call,0.075,0.0177,1.0821581054777654,crisis,American
SPY,2008-05-12,140.460067,135.0,2008-06-30,0.13415468856947296,49,call,7.35,0.0177,0.9611272647335416,crisis,American
SPY,2008-05-12,140.460067,137.0,2008-06-30,0.13415468856947296,49,call,5.85,0.0177,0.9753661871740386,crisis,American
SPY,2008-05-12,140.460067,138.0,2008-06-30,0.13415468856947296,49,call,5.15,0.0177,0.982485648394287,crisis,American
SPY,2008-05-12,140.460067,139.0,2008-06-30,0.13415468856947296,49,call,4.475,0.0177,0.9896051096145354,crisis,American
SPY,2008-05-12,140.460067,140.0,2008-06-30,0.13415468856947296,49,call,3.8499999999999996,0.0177,0.9967245708347839,crisis,American
SPY,2008-05-12,140.460067,141.0,2008-06-30,0.13415468856947296,49,call,3.25,0.0177,1.0038440320550324,crisis,American
SPY,2008-05-12,140.460067,142.0,2008-06-30,0.13415468856947296,49,call,2.745,0.0177,1.010963493275281,crisis,American
SPY,2008-05-12,140.460067,143.0,2008-06-30,0.13415468856947296,49,call,2.2649999999999997,0.0177,1.0180829544955292,crisis,American
SPY,2008-05-12,140.460067,144.0,2008-06-30,0.13415468856947296,49,call,1.835,0.0177,1.0252024157157777,crisis,American
SPY,2008-05-12,140.460067,145.0,2008-06-30,0.13415468856947296,49,call,1.475,0.0177,1.032321876936026,crisis,American
SPY,2008-05-12,140.460067,146.0,2008-06-30,0.13415468856947296,49,call,1.15,0.0177,1.0394413381562746,crisis,American
SPY,2008-05-12,140.460067,147.0,2008-06-30,0.13415468856947296,49,call,0.875,0.0177,1.0465607993765231,crisis,American
SPY,2008-05-12,140.460067,148.0,2008-06-30,0.13415468856947296,49,call,0.635,0.0177,1.0536802605967714,crisis,American
SPY,2008-05-12,140.460067,149.0,2008-06-30,0.13415468856947296,49,call,0.46499999999999997,0.0177,1.06079972181702,crisis,American
SPY,2008-05-12,140.460067,150.0,2008-06-30,0.13415468856947296,49,call,0.32999999999999996,0.0177,1.0679191830372685,crisis,American
SPY,2008-05-12,140.460067,151.0,2008-06-30,0.13415468856947296,49,call,0.225,0.0177,1.0750386442575168,crisis,American
SPY,2008-05-19,142.849276,129.0,2008-06-21,0.09034907597535935,33,call,14.57,0.0182,0.9030497291424844,crisis,American
SPY,2008-05-19,142.849276,130.0,2008-06-21,0.09034907597535935,33,call,13.575,0.0182,0.910050114639713,crisis,American
SPY,2008-05-19,142.849276,131.0,2008-06-21,0.09034907597535935,33,call,12.625,0.0182,0.9170505001369416,crisis,American
SPY,2008-05-19,142.849276,132.0,2008-06-21,0.09034907597535935,33,call,11.7,0.0182,0.92405088563417,crisis,American
SPY,2008-05-19,142.849276,133.0,2008-06-21,0.09034907597535935,33,call,10.774999999999999,0.0182,0.9310512711313986,crisis,American
SPY,2008-05-19,142.849276,134.0,2008-06-21,0.09034907597535935,33,call,9.850000000000001,0.0182,0.9380516566286272,crisis,American
SPY,2008-05-19,142.849276,135.0,2008-06-21,0.09034907597535935,33,call,8.95,0.0182,0.9450520421258558,crisis,American
SPY,2008-05-19,142.849276,136.0,2008-06-21,0.09034907597535935,33,call,8.05,0.0182,0.9520524276230843,crisis,American
SPY,2008-05-19,142.849276,137.0,2008-06-21,0.09034907597535935,33,call,7.2,0.0182,0.9590528131203129,crisis,American
SPY,2008-05-19,142.849276,138.0,2008-06-21,0.09034907597535935,33,call,6.35,0.0182,0.9660531986175415,crisis,American
SPY,2008-05-19,142.849276,139.0,2008-06-21,0.09034907597535935,33,call,5.55,0.0182,0.97305358411477,crisis,American
SPY,2008-05-19,142.849276,140.0,2008-06-21,0.09034907597535935,33,call,4.8,0.0182,0.9800539696119985,crisis,American
SPY,2008-05-19,142.849276,141.0,2008-06-21,0.09034907597535935,33,call,4.05,0.0182,0.9870543551092271,crisis,American
SPY,2008-05-19,142.849276,142.0,2008-06-21,0.09034907597535935,33,call,3.4000000000000004,0.0182,0.9940547406064557,crisis,American
SPY,2008-05-19,142.849276,143.0,2008-06-21,0.09034907597535935,33,call,2.76,0.0182,1.0010551261036842,crisis,American
SPY,2008-05-19,142.849276,144.0,2008-06-21,0.09034907597535935,33,call,2.185,0.0182,1.008055511600913,crisis,American
SPY,2008-05-19,142.849276,145.0,2008-06-21,0.09034907597535935,33,call,1.7,0.0182,1.0150558970981414,crisis,American
SPY,2008-05-19,142.849276,146.0,2008-06-21,0.09034907597535935,33,call,1.28,0.0182,1.0220562825953698,crisis,American
SPY,2008-05-19,142.849276,147.0,2008-06-21,0.09034907597535935,33,call,0.92,0.0182,1.0290566680925985,crisis,American
SPY,2008-05-19,142.849276,148.0,2008-06-21,0.09034907597535935,33,call,0.65,0.0182,1.036057053589827,crisis,American
SPY,2008-05-19,142.849276,149.0,2008-06-21,0.09034907597535935,33,call,0.43,0.0182,1.0430574390870557,crisis,American
SPY,2008-05-19,142.849276,150.0,2008-06-21,0.09034907597535935,33,call,0.28,0.0182,1.0500578245842842,crisis,American
SPY,2008-05-19,142.849276,151.0,2008-06-21,0.09034907597535935,33,call,0.175,0.0182,1.0570582100815127,crisis,American
SPY,2008-05-19,142.849276,152.0,2008-06-21,0.09034907597535935,33,call,0.11,0.0182,1.0640585955787414,crisis,American
SPY,2008-05-19,142.849276,153.0,2008-06-21,0.09034907597535935,33,call,0.065,0.0182,1.0710589810759699,crisis,American
SPY,2008-05-19,142.849276,131.0,2008-06-30,0.11498973305954825,42,call,12.725000000000001,0.0182,0.9170505001369416,crisis,American
SPY,2008-05-19,142.849276,135.0,2008-06-30,0.11498973305954825,42,call,9.125,0.0182,0.9450520421258558,crisis,American
SPY,2008-05-19,142.849276,137.0,2008-06-30,0.11498973305954825,42,call,7.4,0.0182,0.9590528131203129,crisis,American
SPY,2008-05-19,142.849276,138.0,2008-06-30,0.11498973305954825,42,call,6.575,0.0182,0.9660531986175415,crisis,American
SPY,2008-05-19,142.849276,140.0,2008-06-30,0.11498973305954825,42,call,5.05,0.0182,0.9800539696119985,crisis,American
SPY,2008-05-19,142.849276,141.0,2008-06-30,0.11498973305954825,42,call,4.35,0.0182,0.9870543551092271,crisis,American
SPY,2008-05-19,142.849276,142.0,2008-06-30,0.11498973305954825,42,call,3.7,0.0182,0.9940547406064557,crisis,American
SPY,2008-05-19,142.849276,143.0,2008-06-30,0.11498973305954825,42,call,3.05,0.0182,1.0010551261036842,crisis,American
SPY,2008-05-19,142.849276,144.0,2008-06-30,0.11498973305954825,42,call,2.505,0.0182,1.008055511600913,crisis,American
SPY,2008-05-19,142.849276,145.0,2008-06-30,0.11498973305954825,42,call,1.9849999999999999,0.0182,1.0150558970981414,crisis,American
SPY,2008-05-19,142.849276,146.0,2008-06-30,0.11498973305954825,42,call,1.545,0.0182,1.0220562825953698,crisis,American
SPY,2008-05-19,142.849276,147.0,2008-06-30,0.11498973305954825,42,call,1.185,0.0182,1.0290566680925985,crisis,American
SPY,2008-05-19,142.849276,148.0,2008-06-30,0.11498973305954825,42,call,0.875,0.0182,1.036057053589827,crisis,American
SPY,2008-05-19,142.849276,149.0,2008-06-30,0.11498973305954825,42,call,0.635,0.0182,1.0430574390870557,crisis,American
SPY,2008-05-19,142.849276,150.0,2008-06-30,0.11498973305954825,42,call,0.44,0.0182,1.0500578245842842,crisis,American
SPY,2008-05-19,142.849276,151.0,2008-06-30,0.11498973305954825,42,call,0.3,0.0182,1.0570582100815127,crisis,American
SPY,2008-05-19,142.849276,152.0,2008-06-30,0.11498973305954825,42,call,0.2,0.0182,1.0640585955787414,crisis,American
SPY,2008-05-19,142.849276,153.0,2008-06-30,0.11498973305954825,42,call,0.125,0.0182,1.0710589810759699,crisis,American
SPY,2008-05-27,138.764352,126.0,2008-06-21,0.06844626967830253,25,call,13.1,0.0189,0.9080141850840769,crisis,American
SPY,2008-05-27,138.764352,127.0,2008-06-21,0.06844626967830253,25,call,12.15,0.0189,0.9152206468704585,crisis,American
SPY,2008-05-27,138.764352,130.0,2008-06-21,0.06844626967830253,25,call,9.350000000000001,0.0189,0.9368400322296032,crisis,American
SPY,2008-05-27,138.764352,131.0,2008-06-21,0.06844626967830253,25,call,8.45,0.0189,0.9440464940159847,crisis,American
SPY,2008-05-27,138.764352,132.0,2008-06-21,0.06844626967830253,25,call,7.6,0.0189,0.9512529558023662,crisis,American
SPY,2008-05-27,138.764352,133.0,2008-06-21,0.06844626967830253,25,call,6.725,0.0189,0.9584594175887479,crisis,American
SPY,2008-05-27,138.764352,134.0,2008-06-21,0.06844626967830253,25,call,5.9,0.0189,0.9656658793751294,crisis,American
SPY,2008-05-27,138.764352,135.0,2008-06-21,0.06844626967830253,25,call,5.125,0.0189,0.972872341161511,crisis,American
SPY,2008-05-27,138.764352,136.0,2008-06-21,0.06844626967830253,25,call,4.375,0.0189,0.9800788029478925,crisis,American
SPY,2008-05-27,138.764352,137.0,2008-06-21,0.06844626967830253,25,call,3.675,0.0189,0.9872852647342741,crisis,American
SPY,2008-05-27,138.764352,138.0,2008-06-21,0.06844626967830253,25,call,3.025,0.0189,0.9944917265206557,crisis,American
SPY,2008-05-27,138.764352,139.0,2008-06-21,0.06844626967830253,25,call,2.435,0.0189,1.0016981883070373,crisis,American
SPY,2008-05-27,138.764352,140.0,2008-06-21,0.06844626967830253,25,call,1.9,0.0189,1.008904650093419,crisis,American
SPY,2008-05-27,138.764352,141.0,2008-06-21,0.06844626967830253,25,call,1.4449999999999998,0.0189,1.0161111118798003,crisis,American
SPY,2008-05-27,138.764352,142.0,2008-06-21,0.06844626967830253,25,call,1.065,0.0189,1.023317573666182,crisis,American
SPY,2008-05-27,138.764352,143.0,2008-06-21,0.06844626967830253,25,call,0.75,0.0189,1.0305240354525635,crisis,American
SPY,2008-05-27,138.764352,144.0,2008-06-21,0.06844626967830253,25,call,0.505,0.0189,1.037730497238945,crisis,American
SPY,2008-05-27,138.764352,145.0,2008-06-21,0.06844626967830253,25,call,0.325,0.0189,1.0449369590253266,crisis,American
SPY,2008-05-27,138.764352,146.0,2008-06-21,0.06844626967830253,25,call,0.2,0.0189,1.0521434208117082,crisis,American
SPY,2008-05-27,138.764352,147.0,2008-06-21,0.06844626967830253,25,call,0.13,0.0189,1.0593498825980898,crisis,American
SPY,2008-05-27,138.764352,148.0,2008-06-21,0.06844626967830253,25,call,0.08499999999999999,0.0189,1.0665563443844712,crisis,American
SPY,2008-05-27,138.764352,133.0,2008-06-30,0.09308692676249145,34,call,6.975,0.0189,0.9584594175887479,crisis,American
SPY,2008-05-27,138.764352,134.0,2008-06-30,0.09308692676249145,34,call,6.175,0.0189,0.9656658793751294,crisis,American
SPY,2008-05-27,138.764352,135.0,2008-06-30,0.09308692676249145,34,call,5.4,0.0189,0.972872341161511,crisis,American
SPY,2008-05-27,138.764352,136.0,2008-06-30,0.09308692676249145,34,call,4.7,0.0189,0.9800788029478925,crisis,American
SPY,2008-05-27,138.764352,137.0,2008-06-30,0.09308692676249145,34,call,4.0,0.0189,0.9872852647342741,crisis,American
SPY,2008-05-27,138.764352,138.0,2008-06-30,0.09308692676249145,34,call,3.3499999999999996,0.0189,0.9944917265206557,crisis,American
SPY,2008-05-27,138.764352,139.0,2008-06-30,0.09308692676249145,34,call,2.79,0.0189,1.0016981883070373,crisis,American
SPY,2008-05-27,138.764352,140.0,2008-06-30,0.09308692676249145,34,call,2.255,0.0189,1.008904650093419,crisis,American
SPY,2008-05-27,138.764352,141.0,2008-06-30,0.09308692676249145,34,call,1.79,0.0189,1.0161111118798003,crisis,American
SPY,2008-05-27,138.764352,142.0,2008-06-30,0.09308692676249145,34,call,1.3900000000000001,0.0189,1.023317573666182,crisis,American
SPY,2008-05-27,138.764352,143.0,2008-06-30,0.09308692676249145,34,call,1.05,0.0189,1.0305240354525635,crisis,American
SPY,2008-05-27,138.764352,144.0,2008-06-30,0.09308692676249145,34,call,0.77,0.0189,1.037730497238945,crisis,American
SPY,2008-05-27,138.764352,145.0,2008-06-30,0.09308692676249145,34,call,0.5549999999999999,0.0189,1.0449369590253266,crisis,American
SPY,2008-05-27,138.764352,146.0,2008-06-30,0.09308692676249145,34,call,0.385,0.0189,1.0521434208117082,crisis,American
SPY,2008-05-27,138.764352,147.0,2008-06-30,0.09308692676249145,34,call,0.255,0.0189,1.0593498825980898,crisis,American
SPY,2008-05-27,138.764352,128.0,2008-07-19,0.14510609171800137,53,call,11.85,0.0189,0.9224271086568401,crisis,American
SPY,2008-05-27,138.764352,129.0,2008-07-19,0.14510609171800137,53,call,10.99,0.0189,0.9296335704432216,crisis,American
SPY,2008-05-27,138.764352,130.0,2008-07-19,0.14510609171800137,53,call,10.15,0.0189,0.9368400322296032,crisis,American
SPY,2008-05-27,138.764352,132.0,2008-07-19,0.14510609171800137,53,call,8.524999999999999,0.0189,0.9512529558023662,crisis,American
SPY,2008-05-27,138.764352,133.0,2008-07-19,0.14510609171800137,53,call,7.75,0.0189,0.9584594175887479,crisis,American
SPY,2008-05-27,138.764352,134.0,2008-07-19,0.14510609171800137,53,call,6.975,0.0189,0.9656658793751294,crisis,American
SPY,2008-05-27,138.764352,135.0,2008-07-19,0.14510609171800137,53,call,6.25,0.0189,0.972872341161511,crisis,American
SPY,2008-05-27,138.764352,136.0,2008-07-19,0.14510609171800137,53,call,5.55,0.0189,0.9800788029478925,crisis,American
SPY,2008-05-27,138.764352,137.0,2008-07-19,0.14510609171800137,53,call,4.9,0.0189,0.9872852647342741,crisis,American
SPY,2008-05-27,138.764352,138.0,2008-07-19,0.14510609171800137,53,call,4.3,0.0189,0.9944917265206557,crisis,American
SPY,2008-05-27,138.764352,139.0,2008-07-19,0.14510609171800137,53,call,3.7,0.0189,1.0016981883070373,crisis,American
SPY,2008-05-27,138.764352,140.0,2008-07-19,0.14510609171800137,53,call,3.175,0.0189,1.008904650093419,crisis,American
SPY,2008-05-27,138.764352,141.0,2008-07-19,0.14510609171800137,53,call,2.68,0.0189,1.0161111118798003,crisis,American
SPY,2008-05-27,138.764352,142.0,2008-07-19,0.14510609171800137,53,call,2.23,0.0189,1.023317573666182,crisis,American
SPY,2008-05-27,138.764352,143.0,2008-07-19,0.14510609171800137,53,call,1.83,0.0189,1.0305240354525635,crisis,American
SPY,2008-05-27,138.764352,144.0,2008-07-19,0.14510609171800137,53,call,1.47,0.0189,1.037730497238945,crisis,American
SPY,2008-05-27,138.764352,145.0,2008-07-19,0.14510609171800137,53,call,1.165,0.0189,1.0449369590253266,crisis,American
SPY,2008-05-27,138.764352,146.0,2008-07-19,0.14510609171800137,53,call,0.895,0.0189,1.0521434208117082,crisis,American
SPY,2008-05-27,138.764352,147.0,2008-07-19,0.14510609171800137,53,call,0.675,0.0189,1.0593498825980898,crisis,American
SPY,2008-05-27,138.764352,148.0,2008-07-19,0.14510609171800137,53,call,0.505,0.0189,1.0665563443844712,crisis,American
SPY,2008-05-27,138.764352,149.0,2008-07-19,0.14510609171800137,53,call,0.38,0.0189,1.0737628061708528,crisis,American
SPY,2008-05-27,138.764352,150.0,2008-07-19,0.14510609171800137,53,call,0.265,0.0189,1.0809692679572345,crisis,American
SPY,2008-05-27,138.764352,151.0,2008-07-19,0.14510609171800137,53,call,0.185,0.0189,1.0881757297436159,crisis,American
SPY,2008-05-27,138.764352,152.0,2008-07-19,0.14510609171800137,53,call,0.125,0.0189,1.0953821915299975,crisis,American
SPY,2008-06-03,138.048067,126.0,2008-06-21,0.049281314168377825,18,call,12.34,0.018500000000000003,0.9127255653641279,crisis,American
SPY,2008-06-03,138.048067,127.0,2008-06-21,0.049281314168377825,18,call,11.39,0.018500000000000003,0.919969419057494,crisis,American
SPY,2008-06-03,138.048067,128.0,2008-06-21,0.049281314168377825,18,call,10.41,0.018500000000000003,0.92721327275086,crisis,American
SPY,2008-06-03,138.048067,129.0,2008-06-21,0.049281314168377825,18,call,9.48,0.018500000000000003,0.9344571264442261,crisis,American
SPY,2008-06-03,138.048067,130.0,2008-06-21,0.049281314168377825,18,call,8.524999999999999,0.018500000000000003,0.9417009801375922,crisis,American
SPY,2008-06-03,138.048067,131.0,2008-06-21,0.049281314168377825,18,call,7.6,0.018500000000000003,0.9489448338309583,crisis,American
SPY,2008-06-03,138.048067,132.0,2008-06-21,0.049281314168377825,18,call,6.725,0.018500000000000003,0.9561886875243244,crisis,American
SPY,2008-06-03,138.048067,133.0,2008-06-21,0.049281314168377825,18,call,5.85,0.018500000000000003,0.9634325412176905,crisis,American
SPY,2008-06-03,138.048067,134.0,2008-06-21,0.049281314168377825,18,call,5.025,0.018500000000000003,0.9706763949110566,crisis,American
SPY,2008-06-03,138.048067,135.0,2008-06-21,0.049281314168377825,18,call,4.25,0.018500000000000003,0.9779202486044226,crisis,American
SPY,2008-06-03,138.048067,136.0,2008-06-21,0.049281314168377825,18,call,3.5,0.018500000000000003,0.9851641022977887,crisis,American
SPY,2008-06-03,138.048067,137.0,2008-06-21,0.049281314168377825,18,call,2.825,0.018500000000000003,0.9924079559911548,crisis,American
SPY,2008-06-03,138.048067,138.0,2008-06-21,0.049281314168377825,18,call,2.215,0.018500000000000003,0.9996518096845209,crisis,American
SPY,2008-06-03,138.048067,139.0,2008-06-21,0.049281314168377825,18,call,1.6749999999999998,0.018500000000000003,1.006895663377887,crisis,American
SPY,2008-06-03,138.048067,140.0,2008-06-21,0.049281314168377825,18,call,1.24,0.018500000000000003,1.014139517071253,crisis,American
SPY,2008-06-03,138.048067,141.0,2008-06-21,0.049281314168377825,18,call,0.86,0.018500000000000003,1.0213833707646192,crisis,American
SPY,2008-06-03,138.048067,142.0,2008-06-21,0.049281314168377825,18,call,0.565,0.018500000000000003,1.0286272244579853,crisis,American
SPY,2008-06-03,138.048067,143.0,2008-06-21,0.049281314168377825,18,call,0.355,0.018500000000000003,1.0358710781513514,crisis,American
SPY,2008-06-03,138.048067,144.0,2008-06-21,0.049281314168377825,18,call,0.21500000000000002,0.018500000000000003,1.0431149318447175,crisis,American
SPY,2008-06-03,138.048067,145.0,2008-06-21,0.049281314168377825,18,call,0.13,0.018500000000000003,1.0503587855380836,crisis,American
SPY,2008-06-03,138.048067,146.0,2008-06-21,0.049281314168377825,18,call,0.075,0.018500000000000003,1.0576026392314497,crisis,American
SPY,2008-06-03,138.048067,126.0,2008-06-30,0.07392197125256673,27,call,12.4,0.018500000000000003,0.9127255653641279,crisis,American
SPY,2008-06-03,138.048067,127.0,2008-06-30,0.07392197125256673,27,call,11.45,0.018500000000000003,0.919969419057494,crisis,American
SPY,2008-06-03,138.048067,128.0,2008-06-30,0.07392197125256673,27,call,10.524999999999999,0.018500000000000003,0.92721327275086,crisis,American
SPY,2008-06-03,138.048067,129.0,2008-06-30,0.07392197125256673,27,call,9.600000000000001,0.018500000000000003,0.9344571264442261,crisis,American
SPY,2008-06-03,138.048067,130.0,2008-06-30,0.07392197125256673,27,call,8.675,0.018500000000000003,0.9417009801375922,crisis,American
SPY,2008-06-03,138.048067,131.0,2008-06-30,0.07392197125256673,27,call,7.825,0.018500000000000003,0.9489448338309583,crisis,American
SPY,2008-06-03,138.048067,133.0,2008-06-30,0.07392197125256673,27,call,6.125,0.018500000000000003,0.9634325412176905,crisis,American
SPY,2008-06-03,138.048067,134.0,2008-06-30,0.07392197125256673,27,call,5.325,0.018500000000000003,0.9706763949110566,crisis,American
SPY,2008-06-03,138.048067,135.0,2008-06-30,0.07392197125256673,27,call,4.575,0.018500000000000003,0.9779202486044226,crisis,American
SPY,2008-06-03,138.048067,136.0,2008-06-30,0.07392197125256673,27,call,3.8499999999999996,0.018500000000000003,0.9851641022977887,crisis,American
SPY,2008-06-03,138.048067,137.0,2008-06-30,0.07392197125256673,27,call,3.2,0.018500000000000003,0.9924079559911548,crisis,American
SPY,2008-06-03,138.048067,138.0,2008-06-30,0.07392197125256673,27,call,2.585,0.018500000000000003,0.9996518096845209,crisis,American
SPY,2008-06-03,138.048067,139.0,2008-06-30,0.07392197125256673,27,call,2.05,0.018500000000000003,1.006895663377887,crisis,American
SPY,2008-06-03,138.048067,140.0,2008-06-30,0.07392197125256673,27,call,1.58,0.018500000000000003,1.014139517071253,crisis,American
SPY,2008-06-03,138.048067,141.0,2008-06-30,0.07392197125256673,27,call,1.1749999999999998,0.018500000000000003,1.0213833707646192,crisis,American
SPY,2008-06-03,138.048067,142.0,2008-06-30,0.07392197125256673,27,call,0.845,0.018500000000000003,1.0286272244579853,crisis,American
SPY,2008-06-03,138.048067,143.0,2008-06-30,0.07392197125256673,27,call,0.595,0.018500000000000003,1.0358710781513514,crisis,American
SPY,2008-06-03,138.048067,144.0,2008-06-30,0.07392197125256673,27,call,0.39,0.018500000000000003,1.0431149318447175,crisis,American
SPY,2008-06-03,138.048067,145.0,2008-06-30,0.07392197125256673,27,call,0.25,0.018500000000000003,1.0503587855380836,crisis,American
SPY,2008-06-03,138.048067,146.0,2008-06-30,0.07392197125256673,27,call,0.16,0.018500000000000003,1.0576026392314497,crisis,American
SPY,2008-06-03,138.048067,147.0,2008-06-30,0.07392197125256673,27,call,0.085,0.018500000000000003,1.0648464929248158,crisis,American
SPY,2008-06-03,138.048067,148.0,2008-06-30,0.07392197125256673,27,call,0.05,0.018500000000000003,1.072090346618182,crisis,American
SPY,2008-06-03,138.048067,126.0,2008-07-19,0.12594113620807665,46,call,12.83,0.018500000000000003,0.9127255653641279,crisis,American
SPY,2008-06-03,138.048067,128.0,2008-07-19,0.12594113620807665,46,call,11.04,0.018500000000000003,0.92721327275086,crisis,American
SPY,2008-06-03,138.048067,130.0,2008-07-19,0.12594113620807665,46,call,9.325,0.018500000000000003,0.9417009801375922,crisis,American
SPY,2008-06-03,138.048067,131.0,2008-07-19,0.12594113620807665,46,call,8.475000000000001,0.018500000000000003,0.9489448338309583,crisis,American
SPY,2008-06-03,138.048067,132.0,2008-07-19,0.12594113620807665,46,call,7.7,0.018500000000000003,0.9561886875243244,crisis,American
SPY,2008-06-03,138.048067,133.0,2008-07-19,0.12594113620807665,46,call,6.925,0.018500000000000003,0.9634325412176905,crisis,American
SPY,2008-06-03,138.048067,134.0,2008-07-19,0.12594113620807665,46,call,6.2,0.018500000000000003,0.9706763949110566,crisis,American
SPY,2008-06-03,138.048067,135.0,2008-07-19,0.12594113620807665,46,call,5.475,0.018500000000000003,0.9779202486044226,crisis,American
SPY,2008-06-03,138.048067,136.0,2008-07-19,0.12594113620807665,46,call,4.8,0.018500000000000003,0.9851641022977887,crisis,American
SPY,2008-06-03,138.048067,137.0,2008-07-19,0.12594113620807665,46,call,4.175000000000001,0.018500000000000003,0.9924079559911548,crisis,American
SPY,2008-06-03,138.048067,138.0,2008-07-19,0.12594113620807665,46,call,3.575,0.018500000000000003,0.9996518096845209,crisis,American
SPY,2008-06-03,138.048067,139.0,2008-07-19,0.12594113620807665,46,call,3.025,0.018500000000000003,1.006895663377887,crisis,American
SPY,2008-06-03,138.048067,140.0,2008-07-19,0.12594113620807665,46,call,2.53,0.018500000000000003,1.014139517071253,crisis,American
SPY,2008-06-03,138.048067,141.0,2008-07-19,0.12594113620807665,46,call,2.075,0.018500000000000003,1.0213833707646192,crisis,American
SPY,2008-06-03,138.048067,142.0,2008-07-19,0.12594113620807665,46,call,1.67,0.018500000000000003,1.0286272244579853,crisis,American
SPY,2008-06-03,138.048067,143.0,2008-07-19,0.12594113620807665,46,call,1.315,0.018500000000000003,1.0358710781513514,crisis,American
SPY,2008-06-03,138.048067,144.0,2008-07-19,0.12594113620807665,46,call,1.0150000000000001,0.018500000000000003,1.0431149318447175,crisis,American
SPY,2008-06-03,138.048067,145.0,2008-07-19,0.12594113620807665,46,call,0.775,0.018500000000000003,1.0503587855380836,crisis,American
SPY,2008-06-03,138.048067,146.0,2008-07-19,0.12594113620807665,46,call,0.56,0.018500000000000003,1.0576026392314497,crisis,American
SPY,2008-06-03,138.048067,147.0,2008-07-19,0.12594113620807665,46,call,0.4,0.018500000000000003,1.0648464929248158,crisis,American
SPY,2008-06-03,138.048067,148.0,2008-07-19,0.12594113620807665,46,call,0.275,0.018500000000000003,1.072090346618182,crisis,American
SPY,2008-06-03,138.048067,149.0,2008-07-19,0.12594113620807665,46,call,0.185,0.018500000000000003,1.079334200311548,crisis,American
SPY,2008-06-03,138.048067,150.0,2008-07-19,0.12594113620807665,46,call,0.13,0.018500000000000003,1.0865780540049141,crisis,American
SPY,2008-06-03,138.048067,151.0,2008-07-19,0.12594113620807665,46,call,0.095,0.018500000000000003,1.0938219076982802,crisis,American
SPY,2008-06-10,136.230332,123.0,2008-06-21,0.030116358658453114,11,call,13.11,0.0202,0.9028826267559855,crisis,American
SPY,2008-06-10,136.230332,124.0,2008-06-21,0.030116358658453114,11,call,12.14,0.0202,0.9102231359166033,crisis,American
SPY,2008-06-10,136.230332,125.0,2008-06-21,0.030116358658453114,11,call,11.14,0.0202,0.9175636450772211,crisis,American
SPY,2008-06-10,136.230332,126.0,2008-06-21,0.030116358658453114,11,call,10.19,0.0202,0.9249041542378389,crisis,American
SPY,2008-06-10,136.230332,127.0,2008-06-21,0.030116358658453114,11,call,9.23,0.0202,0.9322446633984567,crisis,American
SPY,2008-06-10,136.230332,128.0,2008-06-21,0.030116358658453114,11,call,8.3,0.0202,0.9395851725590744,crisis,American
SPY,2008-06-10,136.230332,129.0,2008-06-21,0.030116358658453114,11,call,7.37,0.0202,0.9469256817196922,crisis,American
SPY,2008-06-10,136.230332,130.0,2008-06-21,0.030116358658453114,11,call,6.425,0.0202,0.95426619088031,crisis,American
SPY,2008-06-10,136.230332,131.0,2008-06-21,0.030116358658453114,11,call,5.55,0.0202,0.9616067000409277,crisis,American
SPY,2008-06-10,136.230332,132.0,2008-06-21,0.030116358658453114,11,call,4.7,0.0202,0.9689472092015455,crisis,American
SPY,2008-06-10,136.230332,133.0,2008-06-21,0.030116358658453114,11,call,3.9000000000000004,0.0202,0.9762877183621632,crisis,American
SPY,2008-06-10,136.230332,134.0,2008-06-21,0.030116358658453114,11,call,3.175,0.0202,0.983628227522781,crisis,American
SPY,2008-06-10,136.230332,135.0,2008-06-21,0.030116358658453114,11,call,2.4800000000000004,0.0202,0.9909687366833988,crisis,American
SPY,2008-06-10,136.230332,136.0,2008-06-21,0.030116358658453114,11,call,1.875,0.0202,0.9983092458440166,crisis,American
SPY,2008-06-10,136.230332,137.0,2008-06-21,0.030116358658453114,11,call,1.35,0.0202,1.0056497550046344,crisis,American
SPY,2008-06-10,136.230332,138.0,2008-06-21,0.030116358658453114,11,call,0.925,0.0202,1.0129902641652522,crisis,American
SPY,2008-06-10,136.230332,139.0,2008-06-21,0.030116358658453114,11,call,0.595,0.0202,1.02033077332587,crisis,American
SPY,2008-06-10,136.230332,140.0,2008-06-21,0.030116358658453114,11,call,0.355,0.0202,1.0276712824864875,crisis,American
SPY,2008-06-10,136.230332,141.0,2008-06-21,0.030116358658453114,11,call,0.2,0.0202,1.0350117916471053,crisis,American
SPY,2008-06-10,136.230332,142.0,2008-06-21,0.030116358658453114,11,call,0.11,0.0202,1.0423523008077231,crisis,American
SPY,2008-06-10,136.230332,143.0,2008-06-21,0.030116358658453114,11,call,0.07500000000000001,0.0202,1.049692809968341,crisis,American
SPY,2008-06-10,136.230332,128.0,2008-06-30,0.05475701574264202,20,call,8.475000000000001,0.0202,0.9395851725590744,crisis,American
SPY,2008-06-10,136.230332,132.0,2008-06-30,0.05475701574264202,20,call,5.1,0.0202,0.9689472092015455,crisis,American
SPY,2008-06-10,136.230332,135.0,2008-06-30,0.05475701574264202,20,call,3.005,0.0202,0.9909687366833988,crisis,American
SPY,2008-06-10,136.230332,136.0,2008-06-30,0.05475701574264202,20,call,2.42,0.0202,0.9983092458440166,crisis,American
SPY,2008-06-10,136.230332,137.0,2008-06-30,0.05475701574264202,20,call,1.905,0.0202,1.0056497550046344,crisis,American
SPY,2008-06-10,136.230332,138.0,2008-06-30,0.05475701574264202,20,call,1.455,0.0202,1.0129902641652522,crisis,American
SPY,2008-06-10,136.230332,139.0,2008-06-30,0.05475701574264202,20,call,1.07,0.0202,1.02033077332587,crisis,American
SPY,2008-06-10,136.230332,140.0,2008-06-30,0.05475701574264202,20,call,0.755,0.0202,1.0276712824864875,crisis,American
SPY,2008-06-10,136.230332,141.0,2008-06-30,0.05475701574264202,20,call,0.51,0.0202,1.0350117916471053,crisis,American
SPY,2008-06-10,136.230332,142.0,2008-06-30,0.05475701574264202,20,call,0.32999999999999996,0.0202,1.0423523008077231,crisis,American
SPY,2008-06-10,136.230332,143.0,2008-06-30,0.05475701574264202,20,call,0.2,0.0202,1.049692809968341,crisis,American
SPY,2008-06-10,136.230332,144.0,2008-06-30,0.05475701574264202,20,call,0.11,0.0202,1.0570333191289587,crisis,American
SPY,2008-06-10,136.230332,145.0,2008-06-30,0.05475701574264202,20,call,0.065,0.0202,1.0643738282895765,crisis,American
SPY,2008-06-10,136.230332,125.0,2008-07-19,0.10677618069815195,39,call,11.75,0.0202,0.9175636450772211,crisis,American
SPY,2008-06-10,136.230332,126.0,2008-07-19,0.10677618069815195,39,call,10.88,0.0202,0.9249041542378389,crisis,American
SPY,2008-06-10,136.230332,128.0,2008-07-19,0.10677618069815195,39,call,9.19,0.0202,0.9395851725590744,crisis,American
SPY,2008-06-10,136.230332,129.0,2008-07-19,0.10677618069815195,39,call,8.39,0.0202,0.9469256817196922,crisis,American
SPY,2008-06-10,136.230332,130.0,2008-07-19,0.10677618069815195,39,call,7.575,0.0202,0.95426619088031,crisis,American
SPY,2008-06-10,136.230332,131.0,2008-07-19,0.10677618069815195,39,call,6.85,0.0202,0.9616067000409277,crisis,American
SPY,2008-06-10,136.230332,132.0,2008-07-19,0.10677618069815195,39,call,6.1,0.0202,0.9689472092015455,crisis,American
SPY,2008-06-10,136.230332,133.0,2008-07-19,0.10677618069815195,39,call,5.4,0.0202,0.9762877183621632,crisis,American
SPY,2008-06-10,136.230332,134.0,2008-07-19,0.10677618069815195,39,call,4.75,0.0202,0.983628227522781,crisis,American
SPY,2008-06-10,136.230332,135.0,2008-07-19,0.10677618069815195,39,call,4.125,0.0202,0.9909687366833988,crisis,American
SPY,2008-06-10,136.230332,136.0,2008-07-19,0.10677618069815195,39,call,3.55,0.0202,0.9983092458440166,crisis,American
SPY,2008-06-10,136.230332,137.0,2008-07-19,0.10677618069815195,39,call,3.01,0.0202,1.0056497550046344,crisis,American
SPY,2008-06-10,136.230332,138.0,2008-07-19,0.10677618069815195,39,call,2.5,0.0202,1.0129902641652522,crisis,American
SPY,2008-06-10,136.230332,139.0,2008-07-19,0.10677618069815195,39,call,2.0599999999999996,0.0202,1.02033077332587,crisis,American
SPY,2008-06-10,136.230332,140.0,2008-07-19,0.10677618069815195,39,call,1.65,0.0202,1.0276712824864875,crisis,American
SPY,2008-06-10,136.230332,141.0,2008-07-19,0.10677618069815195,39,call,1.3,0.0202,1.0350117916471053,crisis,American
SPY,2008-06-10,136.230332,142.0,2008-07-19,0.10677618069815195,39,call,1.005,0.0202,1.0423523008077231,crisis,American
SPY,2008-06-10,136.230332,143.0,2008-07-19,0.10677618069815195,39,call,0.75,0.0202,1.049692809968341,crisis,American
SPY,2008-06-10,136.230332,144.0,2008-07-19,0.10677618069815195,39,call,0.5549999999999999,0.0202,1.0570333191289587,crisis,American
SPY,2008-06-10,136.230332,145.0,2008-07-19,0.10677618069815195,39,call,0.385,0.0202,1.0643738282895765,crisis,American
SPY,2008-06-10,136.230332,146.0,2008-07-19,0.10677618069815195,39,call,0.265,0.0202,1.0717143374501943,crisis,American
SPY,2008-06-10,136.230332,147.0,2008-07-19,0.10677618069815195,39,call,0.18,0.0202,1.079054846610812,crisis,American
SPY,2008-06-10,136.230332,148.0,2008-07-19,0.10677618069815195,39,call,0.125,0.0202,1.0863953557714299,crisis,American
SPY,2008-06-10,136.230332,149.0,2008-07-19,0.10677618069815195,39,call,0.08499999999999999,0.0202,1.0937358649320474,crisis,American
SPY,2008-06-17,135.521929,128.0,2008-06-30,0.03559206023271732,13,call,7.525,0.0199,0.9444965913966588,crisis,American
SPY,2008-06-17,135.521929,130.0,2008-06-30,0.03559206023271732,13,call,5.65,0.0199,0.9592543506372315,crisis,American
SPY,2008-06-17,135.521929,131.0,2008-06-30,0.03559206023271732,13,call,4.8,0.0199,0.9666332302575179,crisis,American
SPY,2008-06-17,135.521929,132.0,2008-06-30,0.03559206023271732,13,call,3.95,0.0199,0.9740121098778044,crisis,American
SPY,2008-06-17,135.521929,133.0,2008-06-30,0.03559206023271732,13,call,3.2,0.0199,0.9813909894980908,crisis,American
SPY,2008-06-17,135.521929,134.0,2008-06-30,0.03559206023271732,13,call,2.5300000000000002,0.0199,0.9887698691183772,crisis,American
SPY,2008-06-17,135.521929,135.0,2008-06-30,0.03559206023271732,13,call,1.9249999999999998,0.0199,0.9961487487386635,crisis,American
SPY,2008-06-17,135.521929,136.0,2008-06-30,0.03559206023271732,13,call,1.415,0.0199,1.00352762835895,crisis,American
SPY,2008-06-17,135.521929,137.0,2008-06-30,0.03559206023271732,13,call,0.99,0.0199,1.0109065079792363,crisis,American
SPY,2008-06-17,135.521929,138.0,2008-06-30,0.03559206023271732,13,call,0.65,0.0199,1.0182853875995228,crisis,American
SPY,2008-06-17,135.521929,139.0,2008-06-30,0.03559206023271732,13,call,0.42,0.0199,1.025664267219809,crisis,American
SPY,2008-06-17,135.521929,140.0,2008-06-30,0.03559206023271732,13,call,0.235,0.0199,1.0330431468400956,crisis,American
SPY,2008-06-17,135.521929,141.0,2008-06-30,0.03559206023271732,13,call,0.125,0.0199,1.0404220264603818,crisis,American
SPY,2008-06-17,135.521929,142.0,2008-06-30,0.03559206023271732,13,call,0.065,0.0199,1.0478009060806683,crisis,American
SPY,2008-06-17,135.521929,122.0,2008-07-19,0.08761122518822724,32,call,13.61,0.0199,0.9002233136749404,crisis,American
SPY,2008-06-17,135.521929,124.0,2008-07-19,0.08761122518822724,32,call,11.75,0.0199,0.9149810729155132,crisis,American
SPY,2008-06-17,135.521929,125.0,2008-07-19,0.08761122518822724,32,call,10.86,0.0199,0.9223599525357996,crisis,American
SPY,2008-06-17,135.521929,127.0,2008-07-19,0.08761122518822724,32,call,9.07,0.0199,0.9371177117763724,crisis,American
SPY,2008-06-17,135.521929,129.0,2008-07-19,0.08761122518822724,32,call,7.41,0.0199,0.9518754710169451,crisis,American
SPY,2008-06-17,135.521929,130.0,2008-07-19,0.08761122518822724,32,call,6.574999999999999,0.0199,0.9592543506372315,crisis,American
SPY,2008-06-17,135.521929,131.0,2008-07-19,0.08761122518822724,32,call,5.8,0.0199,0.9666332302575179,crisis,American
SPY,2008-06-17,135.521929,132.0,2008-07-19,0.08761122518822724,32,call,5.1,0.0199,0.9740121098778044,crisis,American
SPY,2008-06-17,135.521929,133.0,2008-07-19,0.08761122518822724,32,call,4.4,0.0199,0.9813909894980908,crisis,American
SPY,2008-06-17,135.521929,134.0,2008-07-19,0.08761122518822724,32,call,3.75,0.0199,0.9887698691183772,crisis,American
SPY,2008-06-17,135.521929,135.0,2008-07-19,0.08761122518822724,32,call,3.175,0.0199,0.9961487487386635,crisis,American
SPY,2008-06-17,135.521929,136.0,2008-07-19,0.08761122518822724,32,call,2.625,0.0199,1.00352762835895,crisis,American
SPY,2008-06-17,135.521929,137.0,2008-07-19,0.08761122518822724,32,call,2.13,0.0199,1.0109065079792363,crisis,American
SPY,2008-06-17,135.521929,139.0,2008-07-19,0.08761122518822724,32,call,1.295,0.0199,1.025664267219809,crisis,American
SPY,2008-06-17,135.521929,140.0,2008-07-19,0.08761122518822724,32,call,0.975,0.0199,1.0330431468400956,crisis,American
SPY,2008-06-17,135.521929,141.0,2008-07-19,0.08761122518822724,32,call,0.705,0.0199,1.0404220264603818,crisis,American
SPY,2008-06-17,135.521929,142.0,2008-07-19,0.08761122518822724,32,call,0.5,0.0199,1.0478009060806683,crisis,American
SPY,2008-06-17,135.521929,143.0,2008-07-19,0.08761122518822724,32,call,0.35,0.0199,1.0551797857009546,crisis,American
SPY,2008-06-17,135.521929,144.0,2008-07-19,0.08761122518822724,32,call,0.235,0.0199,1.062558665321241,crisis,American
SPY,2008-06-17,135.521929,145.0,2008-07-19,0.08761122518822724,32,call,0.16,0.0199,1.0699375449415276,crisis,American
SPY,2008-06-17,135.521929,146.0,2008-07-19,0.08761122518822724,32,call,0.1,0.0199,1.0773164245618139,crisis,American
SPY,2008-06-17,135.521929,147.0,2008-07-19,0.08761122518822724,32,call,0.07500000000000001,0.0199,1.0846953041821004,crisis,American
SPY,2008-06-17,135.521929,148.0,2008-07-19,0.08761122518822724,32,call,0.05,0.0199,1.0920741838023866,crisis,American
SPY,2008-06-17,135.521929,122.0,2008-08-16,0.16427104722792607,60,call,14.46,0.0199,0.9002233136749404,crisis,American
SPY,2008-06-17,135.521929,124.0,2008-08-16,0.16427104722792607,60,call,12.75,0.0199,0.9149810729155132,crisis,American
SPY,2008-06-17,135.521929,129.0,2008-08-16,0.16427104722792607,60,call,8.73,0.0199,0.9518754710169451,crisis,American
SPY,2008-06-17,135.521929,130.0,2008-08-16,0.16427104722792607,60,call,7.95,0.0199,0.9592543506372315,crisis,American
SPY,2008-06-17,135.521929,131.0,2008-08-16,0.16427104722792607,60,call,7.225,0.0199,0.9666332302575179,crisis,American
SPY,2008-06-17,135.521929,132.0,2008-08-16,0.16427104722792607,60,call,6.525,0.0199,0.9740121098778044,crisis,American
SPY,2008-06-17,135.521929,133.0,2008-08-16,0.16427104722792607,60,call,5.875,0.0199,0.9813909894980908,crisis,American
SPY,2008-06-17,135.521929,134.0,2008-08-16,0.16427104722792607,60,call,5.225,0.0199,0.9887698691183772,crisis,American
SPY,2008-06-17,135.521929,135.0,2008-08-16,0.16427104722792607,60,call,4.65,0.0199,0.9961487487386635,crisis,American
SPY,2008-06-17,135.521929,136.0,2008-08-16,0.16427104722792607,60,call,4.05,0.0199,1.00352762835895,crisis,American
SPY,2008-06-17,135.521929,137.0,2008-08-16,0.16427104722792607,60,call,3.55,0.0199,1.0109065079792363,crisis,American
SPY,2008-06-17,135.521929,138.0,2008-08-16,0.16427104722792607,60,call,3.045,0.0199,1.0182853875995228,crisis,American
SPY,2008-06-17,135.521929,139.0,2008-08-16,0.16427104722792607,60,call,2.575,0.0199,1.025664267219809,crisis,American
SPY,2008-06-17,135.521929,140.0,2008-08-16,0.16427104722792607,60,call,2.1550000000000002,0.0199,1.0330431468400956,crisis,American
SPY,2008-06-17,135.521929,141.0,2008-08-16,0.16427104722792607,60,call,1.8050000000000002,0.0199,1.0404220264603818,crisis,American
SPY,2008-06-17,135.521929,142.0,2008-08-16,0.16427104722792607,60,call,1.455,0.0199,1.0478009060806683,crisis,American
SPY,2008-06-17,135.521929,143.0,2008-08-16,0.16427104722792607,60,call,1.15,0.0199,1.0551797857009546,crisis,American
SPY,2008-06-17,135.521929,144.0,2008-08-16,0.16427104722792607,60,call,0.925,0.0199,1.062558665321241,crisis,American
SPY,2008-06-17,135.521929,145.0,2008-08-16,0.16427104722792607,60,call,0.71,0.0199,1.0699375449415276,crisis,American
SPY,2008-06-17,135.521929,146.0,2008-08-16,0.16427104722792607,60,call,0.54,0.0199,1.0773164245618139,crisis,American
SPY,2008-06-17,135.521929,147.0,2008-08-16,0.16427104722792607,60,call,0.4,0.0199,1.0846953041821004,crisis,American
SPY,2008-06-17,135.521929,148.0,2008-08-16,0.16427104722792607,60,call,0.28500000000000003,0.0199,1.0920741838023866,crisis,American
SPY,2008-06-17,135.521929,149.0,2008-08-16,0.16427104722792607,60,call,0.20500000000000002,0.0199,1.0994530634226731,crisis,American
SPY,2008-06-24,131.233158,119.0,2008-07-19,0.06844626967830253,25,call,12.71,0.0183,0.9067830250644429,crisis,American
SPY,2008-06-24,131.233158,120.0,2008-07-19,0.06844626967830253,25,call,11.77,0.0183,0.9144030504851525,crisis,American
SPY,2008-06-24,131.233158,122.0,2008-07-19,0.06844626967830253,25,call,9.96,0.0183,0.9296431013265717,crisis,American
SPY,2008-06-24,131.233158,123.0,2008-07-19,0.06844626967830253,25,call,9.08,0.0183,0.9372631267472813,crisis,American
SPY,2008-06-24,131.233158,124.0,2008-07-19,0.06844626967830253,25,call,8.21,0.0183,0.9448831521679909,crisis,American
SPY,2008-06-24,131.233158,125.0,2008-07-19,0.06844626967830253,25,call,7.38,0.0183,0.9525031775887005,crisis,American
SPY,2008-06-24,131.233158,126.0,2008-07-19,0.06844626967830253,25,call,6.58,0.0183,0.9601232030094101,crisis,American
SPY,2008-06-24,131.233158,127.0,2008-07-19,0.06844626967830253,25,call,5.79,0.0183,0.9677432284301197,crisis,American
SPY,2008-06-24,131.233158,128.0,2008-07-19,0.06844626967830253,25,call,5.05,0.0183,0.9753632538508293,crisis,American
SPY,2008-06-24,131.233158,129.0,2008-07-19,0.06844626967830253,25,call,4.36,0.0183,0.982983279271539,crisis,American
SPY,2008-06-24,131.233158,130.0,2008-07-19,0.06844626967830253,25,call,3.725,0.0183,0.9906033046922486,crisis,American
SPY,2008-06-24,131.233158,131.0,2008-07-19,0.06844626967830253,25,call,3.125,0.0183,0.9982233301129582,crisis,American
SPY,2008-06-24,131.233158,132.0,2008-07-19,0.06844626967830253,25,call,2.55,0.0183,1.0058433555336677,crisis,American
SPY,2008-06-24,131.233158,133.0,2008-07-19,0.06844626967830253,25,call,2.0549999999999997,0.0183,1.0134633809543774,crisis,American
SPY,2008-06-24,131.233158,134.0,2008-07-19,0.06844626967830253,25,call,1.605,0.0183,1.0210834063750869,crisis,American
SPY,2008-06-24,131.233158,135.0,2008-07-19,0.06844626967830253,25,call,1.23,0.0183,1.0287034317957966,crisis,American
SPY,2008-06-24,131.233158,136.0,2008-07-19,0.06844626967830253,25,call,0.91,0.0183,1.036323457216506,crisis,American
SPY,2008-06-24,131.233158,137.0,2008-07-19,0.06844626967830253,25,call,0.655,0.0183,1.0439434826372158,crisis,American
SPY,2008-06-24,131.233158,138.0,2008-07-19,0.06844626967830253,25,call,0.445,0.0183,1.0515635080579253,crisis,American
SPY,2008-06-24,131.233158,139.0,2008-07-19,0.06844626967830253,25,call,0.305,0.0183,1.059183533478635,crisis,American
SPY,2008-06-24,131.233158,140.0,2008-07-19,0.06844626967830253,25,call,0.19,0.0183,1.0668035588993445,crisis,American
SPY,2008-06-24,131.233158,141.0,2008-07-19,0.06844626967830253,25,call,0.13,0.0183,1.0744235843200542,crisis,American
SPY,2008-06-24,131.233158,142.0,2008-07-19,0.06844626967830253,25,call,0.09,0.0183,1.0820436097407637,crisis,American
SPY,2008-06-24,131.233158,143.0,2008-07-19,0.06844626967830253,25,call,0.060000000000000005,0.0183,1.0896636351614735,crisis,American
SPY,2008-06-24,131.233158,120.0,2008-08-16,0.14510609171800137,53,call,12.8,0.0183,0.9144030504851525,crisis,American
SPY,2008-06-24,131.233158,123.0,2008-08-16,0.14510609171800137,53,call,10.3,0.0183,0.9372631267472813,crisis,American
SPY,2008-06-24,131.233158,124.0,2008-08-16,0.14510609171800137,53,call,9.5,0.0183,0.9448831521679909,crisis,American
SPY,2008-06-24,131.233158,125.0,2008-08-16,0.14510609171800137,53,call,8.74,0.0183,0.9525031775887005,crisis,American
SPY,2008-06-24,131.233158,126.0,2008-08-16,0.14510609171800137,53,call,7.98,0.0183,0.9601232030094101,crisis,American
SPY,2008-06-24,131.233158,127.0,2008-08-16,0.14510609171800137,53,call,7.25,0.0183,0.9677432284301197,crisis,American
SPY,2008-06-24,131.233158,128.0,2008-08-16,0.14510609171800137,53,call,6.55,0.0183,0.9753632538508293,crisis,American
SPY,2008-06-24,131.233158,129.0,2008-08-16,0.14510609171800137,53,call,5.88,0.0183,0.982983279271539,crisis,American
SPY,2008-06-24,131.233158,130.0,2008-08-16,0.14510609171800137,53,call,5.25,0.0183,0.9906033046922486,crisis,American
SPY,2008-06-24,131.233158,131.0,2008-08-16,0.14510609171800137,53,call,4.65,0.0183,0.9982233301129582,crisis,American
SPY,2008-06-24,131.233158,132.0,2008-08-16,0.14510609171800137,53,call,4.074999999999999,0.0183,1.0058433555336677,crisis,American
SPY,2008-06-24,131.233158,133.0,2008-08-16,0.14510609171800137,53,call,3.55,0.0183,1.0134633809543774,crisis,American
SPY,2008-06-24,131.233158,134.0,2008-08-16,0.14510609171800137,53,call,3.05,0.0183,1.0210834063750869,crisis,American
SPY,2008-06-24,131.233158,135.0,2008-08-16,0.14510609171800137,53,call,2.565,0.0183,1.0287034317957966,crisis,American
SPY,2008-06-24,131.233158,136.0,2008-08-16,0.14510609171800137,53,call,2.16,0.0183,1.036323457216506,crisis,American
SPY,2008-06-24,131.233158,137.0,2008-08-16,0.14510609171800137,53,call,1.78,0.0183,1.0439434826372158,crisis,American
SPY,2008-06-24,131.233158,138.0,2008-08-16,0.14510609171800137,53,call,1.45,0.0183,1.0515635080579253,crisis,American
SPY,2008-06-24,131.233158,139.0,2008-08-16,0.14510609171800137,53,call,1.16,0.0183,1.059183533478635,crisis,American
SPY,2008-06-24,131.233158,140.0,2008-08-16,0.14510609171800137,53,call,0.9199999999999999,0.0183,1.0668035588993445,crisis,American
SPY,2008-06-24,131.233158,141.0,2008-08-16,0.14510609171800137,53,call,0.71,0.0183,1.0744235843200542,crisis,American
SPY,2008-06-24,131.233158,142.0,2008-08-16,0.14510609171800137,53,call,0.54,0.0183,1.0820436097407637,crisis,American
SPY,2008-06-24,131.233158,143.0,2008-08-16,0.14510609171800137,53,call,0.405,0.0183,1.0896636351614735,crisis,American
SPY,2008-06-24,131.233158,144.0,2008-08-16,0.14510609171800137,53,call,0.29500000000000004,0.0183,1.097283660582183,crisis,American
SPY,2008-07-01,128.380625,116.0,2008-07-19,0.049281314168377825,18,call,12.68,0.0187,0.9035631350135582,crisis,American
SPY,2008-07-01,128.380625,117.0,2008-07-19,0.049281314168377825,18,call,11.73,0.0187,0.9113524723843648,crisis,American
SPY,2008-07-01,128.380625,118.0,2008-07-19,0.049281314168377825,18,call,10.77,0.0187,0.9191418097551713,crisis,American
SPY,2008-07-01,128.380625,119.0,2008-07-19,0.049281314168377825,18,call,9.86,0.0187,0.9269311471259779,crisis,American
SPY,2008-07-01,128.380625,120.0,2008-07-19,0.049281314168377825,18,call,8.94,0.0187,0.9347204844967844,crisis,American
SPY,2008-07-01,128.380625,121.0,2008-07-19,0.049281314168377825,18,call,8.04,0.0187,0.9425098218675909,crisis,American
SPY,2008-07-01,128.380625,122.0,2008-07-19,0.049281314168377825,18,call,7.17,0.0187,0.9502991592383975,crisis,American
SPY,2008-07-01,128.380625,123.0,2008-07-19,0.049281314168377825,18,call,6.31,0.0187,0.958088496609204,crisis,American
SPY,2008-07-01,128.380625,124.0,2008-07-19,0.049281314168377825,18,call,5.52,0.0187,0.9658778339800106,crisis,American
SPY,2008-07-01,128.380625,125.0,2008-07-19,0.049281314168377825,18,call,4.75,0.0187,0.973667171350817,crisis,American
SPY,2008-07-01,128.380625,126.0,2008-07-19,0.049281314168377825,18,call,4.01,0.0187,0.9814565087216236,crisis,American
SPY,2008-07-01,128.380625,127.0,2008-07-19,0.049281314168377825,18,call,3.35,0.0187,0.9892458460924302,crisis,American
SPY,2008-07-01,128.380625,128.0,2008-07-19,0.049281314168377825,18,call,2.74,0.0187,0.9970351834632367,crisis,American
SPY,2008-07-01,128.380625,129.0,2008-07-19,0.049281314168377825,18,call,2.19,0.0187,1.0048245208340432,crisis,American
SPY,2008-07-01,128.380625,130.0,2008-07-19,0.049281314168377825,18,call,1.69,0.0187,1.0126138582048498,crisis,American
SPY,2008-07-01,128.380625,131.0,2008-07-19,0.049281314168377825,18,call,1.27,0.0187,1.0204031955756563,crisis,American
SPY,2008-07-01,128.380625,132.0,2008-07-19,0.049281314168377825,18,call,0.925,0.0187,1.0281925329464627,crisis,American
SPY,2008-07-01,128.380625,133.0,2008-07-19,0.049281314168377825,18,call,0.65,0.0187,1.0359818703172694,crisis,American
SPY,2008-07-01,128.380625,134.0,2008-07-19,0.049281314168377825,18,call,0.445,0.0187,1.0437712076880759,crisis,American
SPY,2008-07-01,128.380625,135.0,2008-07-19,0.049281314168377825,18,call,0.295,0.0187,1.0515605450588825,crisis,American
SPY,2008-07-01,128.380625,136.0,2008-07-19,0.049281314168377825,18,call,0.18,0.0187,1.059349882429689,crisis,American
SPY,2008-07-01,128.380625,137.0,2008-07-19,0.049281314168377825,18,call,0.115,0.0187,1.0671392198004954,crisis,American
SPY,2008-07-01,128.380625,138.0,2008-07-19,0.049281314168377825,18,call,0.08499999999999999,0.0187,1.074928557171302,crisis,American
SPY,2008-07-01,128.380625,139.0,2008-07-19,0.049281314168377825,18,call,0.060000000000000005,0.0187,1.0827178945421085,crisis,American
SPY,2008-07-01,128.380625,117.0,2008-08-16,0.12594113620807665,46,call,12.79,0.0187,0.9113524723843648,crisis,American
SPY,2008-07-01,128.380625,118.0,2008-08-16,0.12594113620807665,46,call,11.91,0.0187,0.9191418097551713,crisis,American
SPY,2008-07-01,128.380625,119.0,2008-08-16,0.12594113620807665,46,call,11.09,0.0187,0.9269311471259779,crisis,American
SPY,2008-07-01,128.380625,120.0,2008-08-16,0.12594113620807665,46,call,10.25,0.0187,0.9347204844967844,crisis,American
SPY,2008-07-01,128.380625,121.0,2008-08-16,0.12594113620807665,46,call,9.46,0.0187,0.9425098218675909,crisis,American
SPY,2008-07-01,128.380625,122.0,2008-08-16,0.12594113620807665,46,call,8.66,0.0187,0.9502991592383975,crisis,American
SPY,2008-07-01,128.380625,123.0,2008-08-16,0.12594113620807665,46,call,7.91,0.0187,0.958088496609204,crisis,American
SPY,2008-07-01,128.380625,124.0,2008-08-16,0.12594113620807665,46,call,7.17,0.0187,0.9658778339800106,crisis,American
SPY,2008-07-01,128.380625,125.0,2008-08-16,0.12594113620807665,46,call,6.46,0.0187,0.973667171350817,crisis,American
SPY,2008-07-01,128.380625,126.0,2008-08-16,0.12594113620807665,46,call,5.78,0.0187,0.9814565087216236,crisis,American
SPY,2008-07-01,128.380625,127.0,2008-08-16,0.12594113620807665,46,call,5.13,0.0187,0.9892458460924302,crisis,American
SPY,2008-07-01,128.380625,128.0,2008-08-16,0.12594113620807665,46,call,4.52,0.0187,0.9970351834632367,crisis,American
SPY,2008-07-01,128.380625,129.0,2008-08-16,0.12594113620807665,46,call,3.93,0.0187,1.0048245208340432,crisis,American
SPY,2008-07-01,128.380625,130.0,2008-08-16,0.12594113620807665,46,call,3.375,0.0187,1.0126138582048498,crisis,American
SPY,2008-07-01,128.380625,131.0,2008-08-16,0.12594113620807665,46,call,2.87,0.0187,1.0204031955756563,crisis,American
SPY,2008-07-01,128.380625,132.0,2008-08-16,0.12594113620807665,46,call,2.41,0.0187,1.0281925329464627,crisis,American
SPY,2008-07-01,128.380625,133.0,2008-08-16,0.12594113620807665,46,call,2.005,0.0187,1.0359818703172694,crisis,American
SPY,2008-07-01,128.380625,134.0,2008-08-16,0.12594113620807665,46,call,1.625,0.0187,1.0437712076880759,crisis,American
SPY,2008-07-01,128.380625,135.0,2008-08-16,0.12594113620807665,46,call,1.3050000000000002,0.0187,1.0515605450588825,crisis,American
SPY,2008-07-01,128.380625,136.0,2008-08-16,0.12594113620807665,46,call,1.025,0.0187,1.059349882429689,crisis,American
SPY,2008-07-01,128.380625,137.0,2008-08-16,0.12594113620807665,46,call,0.79,0.0187,1.0671392198004954,crisis,American
SPY,2008-07-01,128.380625,138.0,2008-08-16,0.12594113620807665,46,call,0.615,0.0187,1.074928557171302,crisis,American
SPY,2008-07-01,128.380625,139.0,2008-08-16,0.12594113620807665,46,call,0.45999999999999996,0.0187,1.0827178945421085,crisis,American
SPY,2008-07-01,128.380625,140.0,2008-08-16,0.12594113620807665,46,call,0.33499999999999996,0.0187,1.0905072319129152,crisis,American
SPY,2008-07-01,128.380625,141.0,2008-08-16,0.12594113620807665,46,call,0.235,0.0187,1.0982965692837217,crisis,American
SPY,2008-07-09,124.437689,113.0,2008-07-19,0.02737850787132101,10,call,11.81,0.0182,0.908085009518298,crisis,American
SPY,2008-07-09,124.437689,114.0,2008-07-19,0.02737850787132101,10,call,10.83,0.0182,0.9161211600450085,crisis,American
SPY,2008-07-09,124.437689,115.0,2008-07-19,0.02737850787132101,10,call,9.85,0.0182,0.9241573105717191,crisis,American
SPY,2008-07-09,124.437689,116.0,2008-07-19,0.02737850787132101,10,call,8.89,0.0182,0.9321934610984297,crisis,American
SPY,2008-07-09,124.437689,117.0,2008-07-19,0.02737850787132101,10,call,7.96,0.0182,0.9402296116251403,crisis,American
SPY,2008-07-09,124.437689,118.0,2008-07-19,0.02737850787132101,10,call,7.04,0.0182,0.9482657621518509,crisis,American
SPY,2008-07-09,124.437689,119.0,2008-07-19,0.02737850787132101,10,call,6.14,0.0182,0.9563019126785615,crisis,American
SPY,2008-07-09,124.437689,120.0,2008-07-19,0.02737850787132101,10,call,5.27,0.0182,0.9643380632052722,crisis,American
SPY,2008-07-09,124.437689,121.0,2008-07-19,0.02737850787132101,10,call,4.45,0.0182,0.9723742137319827,crisis,American
SPY,2008-07-09,124.437689,122.0,2008-07-19,0.02737850787132101,10,call,3.7,0.0182,0.9804103642586933,crisis,American
SPY,2008-07-09,124.437689,123.0,2008-07-19,0.02737850787132101,10,call,3.0,0.0182,0.9884465147854039,crisis,American
SPY,2008-07-09,124.437689,124.0,2008-07-19,0.02737850787132101,10,call,2.37,0.0182,0.9964826653121145,crisis,American
SPY,2008-07-09,124.437689,125.0,2008-07-19,0.02737850787132101,10,call,1.81,0.0182,1.0045188158388252,crisis,American
SPY,2008-07-09,124.437689,126.0,2008-07-19,0.02737850787132101,10,call,1.35,0.0182,1.0125549663655358,crisis,American
SPY,2008-07-09,124.437689,127.0,2008-07-19,0.02737850787132101,10,call,0.95,0.0182,1.0205911168922464,crisis,American
SPY,2008-07-09,124.437689,128.0,2008-07-19,0.02737850787132101,10,call,0.66,0.0182,1.028627267418957,crisis,American
SPY,2008-07-09,124.437689,129.0,2008-07-19,0.02737850787132101,10,call,0.43,0.0182,1.0366634179456675,crisis,American
SPY,2008-07-09,124.437689,130.0,2008-07-19,0.02737850787132101,10,call,0.265,0.0182,1.044699568472378,crisis,American
SPY,2008-07-09,124.437689,131.0,2008-07-19,0.02737850787132101,10,call,0.16499999999999998,0.0182,1.0527357189990887,crisis,American
SPY,2008-07-09,124.437689,132.0,2008-07-19,0.02737850787132101,10,call,0.10500000000000001,0.0182,1.0607718695257993,crisis,American
SPY,2008-07-09,124.437689,133.0,2008-07-19,0.02737850787132101,10,call,0.07500000000000001,0.0182,1.0688080200525099,crisis,American
SPY,2008-07-09,124.437689,114.0,2008-08-16,0.10403832991101986,38,call,11.9,0.0182,0.9161211600450085,crisis,American
SPY,2008-07-09,124.437689,116.0,2008-08-16,0.10403832991101986,38,call,10.21,0.0182,0.9321934610984297,crisis,American
SPY,2008-07-09,124.437689,118.0,2008-08-16,0.10403832991101986,38,call,8.59,0.0182,0.9482657621518509,crisis,American
SPY,2008-07-09,124.437689,119.0,2008-08-16,0.10403832991101986,38,call,7.83,0.0182,0.9563019126785615,crisis,American
SPY,2008-07-09,124.437689,120.0,2008-08-16,0.10403832991101986,38,call,7.08,0.0182,0.9643380632052722,crisis,American
SPY,2008-07-09,124.437689,121.0,2008-08-16,0.10403832991101986,38,call,6.34,0.0182,0.9723742137319827,crisis,American
SPY,2008-07-09,124.437689,122.0,2008-08-16,0.10403832991101986,38,call,5.68,0.0182,0.9804103642586933,crisis,American
SPY,2008-07-09,124.437689,123.0,2008-08-16,0.10403832991101986,38,call,5.03,0.0182,0.9884465147854039,crisis,American
SPY,2008-07-09,124.437689,124.0,2008-08-16,0.10403832991101986,38,call,4.38,0.0182,0.9964826653121145,crisis,American
SPY,2008-07-09,124.437689,125.0,2008-08-16,0.10403832991101986,38,call,3.83,0.0182,1.0045188158388252,crisis,American
SPY,2008-07-09,124.437689,126.0,2008-08-16,0.10403832991101986,38,call,3.28,0.0182,1.0125549663655358,crisis,American
SPY,2008-07-09,124.437689,127.0,2008-08-16,0.10403832991101986,38,call,2.79,0.0182,1.0205911168922464,crisis,American
SPY,2008-07-09,124.437689,128.0,2008-08-16,0.10403832991101986,38,call,2.33,0.0182,1.028627267418957,crisis,American
SPY,2008-07-09,124.437689,129.0,2008-08-16,0.10403832991101986,38,call,1.94,0.0182,1.0366634179456675,crisis,American
SPY,2008-07-09,124.437689,130.0,2008-08-16,0.10403832991101986,38,call,1.54,0.0182,1.044699568472378,crisis,American
SPY,2008-07-09,124.437689,131.0,2008-08-16,0.10403832991101986,38,call,1.24,0.0182,1.0527357189990887,crisis,American
SPY,2008-07-09,124.437689,132.0,2008-08-16,0.10403832991101986,38,call,0.975,0.0182,1.0607718695257993,crisis,American
SPY,2008-07-09,124.437689,133.0,2008-08-16,0.10403832991101986,38,call,0.74,0.0182,1.0688080200525099,crisis,American
SPY,2008-07-09,124.437689,134.0,2008-08-16,0.10403832991101986,38,call,0.5700000000000001,0.0182,1.0768441705792204,crisis,American
SPY,2008-07-09,124.437689,135.0,2008-08-16,0.10403832991101986,38,call,0.42500000000000004,0.0182,1.084880321105931,crisis,American
SPY,2008-07-09,124.437689,136.0,2008-08-16,0.10403832991101986,38,call,0.315,0.0182,1.0929164716326418,crisis,American
SPY,2008-07-16,124.53306,113.0,2008-08-16,0.08487337440109514,31,call,11.98,0.0137,0.9073895718935999,crisis,American
SPY,2008-07-16,124.53306,114.0,2008-08-16,0.08487337440109514,31,call,11.12,0.0137,0.9154195681050478,crisis,American
SPY,2008-07-16,124.53306,115.0,2008-08-16,0.08487337440109514,31,call,10.23,0.0137,0.9234495643164955,crisis,American
SPY,2008-07-16,124.53306,116.0,2008-08-16,0.08487337440109514,31,call,9.38,0.0137,0.9314795605279433,crisis,American
SPY,2008-07-16,124.53306,117.0,2008-08-16,0.08487337440109514,31,call,8.59,0.0137,0.9395095567393911,crisis,American
SPY,2008-07-16,124.53306,118.0,2008-08-16,0.08487337440109514,31,call,7.79,0.0137,0.9475395529508389,crisis,American
SPY,2008-07-16,124.53306,119.0,2008-08-16,0.08487337440109514,31,call,7.02,0.0137,0.9555695491622866,crisis,American
SPY,2008-07-16,124.53306,120.0,2008-08-16,0.08487337440109514,31,call,6.25,0.0137,0.9635995453737345,crisis,American
SPY,2008-07-16,124.53306,121.0,2008-08-16,0.08487337440109514,31,call,5.54,0.0137,0.9716295415851822,crisis,American
SPY,2008-07-16,124.53306,122.0,2008-08-16,0.08487337440109514,31,call,4.84,0.0137,0.9796595377966301,crisis,American
SPY,2008-07-16,124.53306,123.0,2008-08-16,0.08487337440109514,31,call,4.2,0.0137,0.9876895340080778,crisis,American
SPY,2008-07-16,124.53306,124.0,2008-08-16,0.08487337440109514,31,call,3.6,0.0137,0.9957195302195256,crisis,American
SPY,2008-07-16,124.53306,125.0,2008-08-16,0.08487337440109514,31,call,3.06,0.0137,1.0037495264309735,crisis,American
SPY,2008-07-16,124.53306,126.0,2008-08-16,0.08487337440109514,31,call,2.54,0.0137,1.011779522642421,crisis,American
SPY,2008-07-16,124.53306,127.0,2008-08-16,0.08487337440109514,31,call,2.08,0.0137,1.019809518853869,crisis,American
SPY,2008-07-16,124.53306,128.0,2008-08-16,0.08487337440109514,31,call,1.67,0.0137,1.0278395150653168,crisis,American
SPY,2008-07-16,124.53306,129.0,2008-08-16,0.08487337440109514,31,call,1.31,0.0137,1.0358695112767646,crisis,American
SPY,2008-07-16,124.53306,130.0,2008-08-16,0.08487337440109514,31,call,1.0350000000000001,0.0137,1.0438995074882123,crisis,American
SPY,2008-07-16,124.53306,131.0,2008-08-16,0.08487337440109514,31,call,0.775,0.0137,1.05192950369966,crisis,American
SPY,2008-07-16,124.53306,132.0,2008-08-16,0.08487337440109514,31,call,0.56,0.0137,1.059959499911108,crisis,American
SPY,2008-07-16,124.53306,133.0,2008-08-16,0.08487337440109514,31,call,0.405,0.0137,1.0679894961225558,crisis,American
SPY,2008-07-16,124.53306,134.0,2008-08-16,0.08487337440109514,31,call,0.28,0.0137,1.0760194923340034,crisis,American
SPY,2008-07-16,124.53306,135.0,2008-08-16,0.08487337440109514,31,call,0.19,0.0137,1.0840494885454512,crisis,American
SPY,2008-07-16,124.53306,136.0,2008-08-16,0.08487337440109514,31,call,0.135,0.0137,1.092079484756899,crisis,American
SPY,2008-07-23,128.216982,116.0,2008-08-16,0.06570841889117043,24,call,12.66,0.0159,0.9047163502881389,crisis,American
SPY,2008-07-23,128.216982,117.0,2008-08-16,0.06570841889117043,24,call,11.75,0.0159,0.9125156291699332,crisis,American
SPY,2008-07-23,128.216982,118.0,2008-08-16,0.06570841889117043,24,call,10.82,0.0159,0.9203149080517274,crisis,American
SPY,2008-07-23,128.216982,119.0,2008-08-16,0.06570841889117043,24,call,9.86,0.0159,0.9281141869335218,crisis,American
SPY,2008-07-23,128.216982,120.0,2008-08-16,0.06570841889117043,24,call,8.98,0.0159,0.9359134658153161,crisis,American
SPY,2008-07-23,128.216982,121.0,2008-08-16,0.06570841889117043,24,call,8.12,0.0159,0.9437127446971104,crisis,American
SPY,2008-07-23,128.216982,122.0,2008-08-16,0.06570841889117043,24,call,7.24,0.0159,0.9515120235789047,crisis,American
SPY,2008-07-23,128.216982,123.0,2008-08-16,0.06570841889117043,24,call,6.39,0.0159,0.959311302460699,crisis,American
SPY,2008-07-23,128.216982,124.0,2008-08-16,0.06570841889117043,24,call,5.6,0.0159,0.9671105813424933,crisis,American
SPY,2008-07-23,128.216982,125.0,2008-08-16,0.06570841889117043,24,call,4.84,0.0159,0.9749098602242876,crisis,American
SPY,2008-07-23,128.216982,126.0,2008-08-16,0.06570841889117043,24,call,4.1,0.0159,0.9827091391060819,crisis,American
SPY,2008-07-23,128.216982,127.0,2008-08-16,0.06570841889117043,24,call,3.44,0.0159,0.9905084179878761,crisis,American
SPY,2008-07-23,128.216982,128.0,2008-08-16,0.06570841889117043,24,call,2.83,0.0159,0.9983076968696705,crisis,American
SPY,2008-07-23,128.216982,129.0,2008-08-16,0.06570841889117043,24,call,2.25,0.0159,1.006106975751465,crisis,American
SPY,2008-07-23,128.216982,130.0,2008-08-16,0.06570841889117043,24,call,1.78,0.0159,1.0139062546332591,crisis,American
SPY,2008-07-23,128.216982,131.0,2008-08-16,0.06570841889117043,24,call,1.3599999999999999,0.0159,1.0217055335150533,crisis,American
SPY,2008-07-23,128.216982,132.0,2008-08-16,0.06570841889117043,24,call,0.98,0.0159,1.0295048123968478,crisis,American
SPY,2008-07-23,128.216982,133.0,2008-08-16,0.06570841889117043,24,call,0.6950000000000001,0.0159,1.037304091278642,crisis,American
SPY,2008-07-23,128.216982,134.0,2008-08-16,0.06570841889117043,24,call,0.45499999999999996,0.0159,1.0451033701604362,crisis,American
SPY,2008-07-23,128.216982,135.0,2008-08-16,0.06570841889117043,24,call,0.305,0.0159,1.0529026490422306,crisis,American
SPY,2008-07-23,128.216982,136.0,2008-08-16,0.06570841889117043,24,call,0.185,0.0159,1.0607019279240248,crisis,American
SPY,2008-07-23,128.216982,137.0,2008-08-16,0.06570841889117043,24,call,0.11499999999999999,0.0159,1.0685012068058193,crisis,American
SPY,2008-07-23,128.216982,138.0,2008-08-16,0.06570841889117043,24,call,0.065,0.0159,1.0763004856876135,crisis,American
SPY,2008-07-23,128.216982,116.0,2008-09-20,0.16153319644079397,59,call,13.64,0.0159,0.9047163502881389,crisis,American
SPY,2008-07-23,128.216982,117.0,2008-09-20,0.16153319644079397,59,call,12.74,0.0159,0.9125156291699332,crisis,American
SPY,2008-07-23,128.216982,118.0,2008-09-20,0.16153319644079397,59,call,11.9,0.0159,0.9203149080517274,crisis,American
SPY,2008-07-23,128.216982,119.0,2008-09-20,0.16153319644079397,59,call,11.05,0.0159,0.9281141869335218,crisis,American
SPY,2008-07-23,128.216982,120.0,2008-09-20,0.16153319644079397,59,call,10.25,0.0159,0.9359134658153161,crisis,American
SPY,2008-07-23,128.216982,121.0,2008-09-20,0.16153319644079397,59,call,9.44,0.0159,0.9437127446971104,crisis,American
SPY,2008-07-23,128.216982,122.0,2008-09-20,0.16153319644079397,59,call,8.62,0.0159,0.9515120235789047,crisis,American
SPY,2008-07-23,128.216982,123.0,2008-09-20,0.16153319644079397,59,call,7.89,0.0159,0.959311302460699,crisis,American
SPY,2008-07-23,128.216982,124.0,2008-09-20,0.16153319644079397,59,call,7.15,0.0159,0.9671105813424933,crisis,American
SPY,2008-07-23,128.216982,125.0,2008-09-20,0.16153319644079397,59,call,6.45,0.0159,0.9749098602242876,crisis,American
SPY,2008-07-23,128.216982,126.0,2008-09-20,0.16153319644079397,59,call,5.78,0.0159,0.9827091391060819,crisis,American
SPY,2008-07-23,128.216982,127.0,2008-09-20,0.16153319644079397,59,call,5.13,0.0159,0.9905084179878761,crisis,American
SPY,2008-07-23,128.216982,128.0,2008-09-20,0.16153319644079397,59,call,4.53,0.0159,0.9983076968696705,crisis,American
SPY,2008-07-23,128.216982,129.0,2008-09-20,0.16153319644079397,59,call,3.93,0.0159,1.006106975751465,crisis,American
SPY,2008-07-23,128.216982,130.0,2008-09-20,0.16153319644079397,59,call,3.45,0.0159,1.0139062546332591,crisis,American
SPY,2008-07-23,128.216982,131.0,2008-09-20,0.16153319644079397,59,call,2.925,0.0159,1.0217055335150533,crisis,American
SPY,2008-07-23,128.216982,132.0,2008-09-20,0.16153319644079397,59,call,2.475,0.0159,1.0295048123968478,crisis,American
SPY,2008-07-23,128.216982,133.0,2008-09-20,0.16153319644079397,59,call,2.065,0.0159,1.037304091278642,crisis,American
SPY,2008-07-23,128.216982,134.0,2008-09-20,0.16153319644079397,59,call,1.6949999999999998,0.0159,1.0451033701604362,crisis,American
SPY,2008-07-23,128.216982,135.0,2008-09-20,0.16153319644079397,59,call,1.375,0.0159,1.0529026490422306,crisis,American
SPY,2008-07-23,128.216982,136.0,2008-09-20,0.16153319644079397,59,call,1.0950000000000002,0.0159,1.0607019279240248,crisis,American
SPY,2008-07-23,128.216982,137.0,2008-09-20,0.16153319644079397,59,call,0.85,0.0159,1.0685012068058193,crisis,American
SPY,2008-07-23,128.216982,138.0,2008-09-20,0.16153319644079397,59,call,0.655,0.0159,1.0763004856876135,crisis,American
SPY,2008-07-23,128.216982,139.0,2008-09-20,0.16153319644079397,59,call,0.49,0.0159,1.0840997645694077,crisis,American
SPY,2008-07-23,128.216982,140.0,2008-09-20,0.16153319644079397,59,call,0.36,0.0159,1.0918990434512021,crisis,American
SPY,2008-07-23,128.216982,141.0,2008-09-20,0.16153319644079397,59,call,0.26,0.0159,1.0996983223329964,crisis,American
SPY,2008-07-30,128.453233,116.0,2008-08-16,0.04654346338124572,17,call,12.69,0.017,0.9030523972876572,crisis,American
SPY,2008-07-30,128.453233,117.0,2008-08-16,0.04654346338124572,17,call,11.71,0.017,0.9108373317470335,crisis,American
SPY,2008-07-30,128.453233,118.0,2008-08-16,0.04654346338124572,17,call,10.75,0.017,0.9186222662064099,crisis,American
SPY,2008-07-30,128.453233,119.0,2008-08-16,0.04654346338124572,17,call,9.8,0.017,0.9264072006657862,crisis,American
SPY,2008-07-30,128.453233,120.0,2008-08-16,0.04654346338124572,17,call,8.89,0.017,0.9341921351251625,crisis,American
SPY,2008-07-30,128.453233,121.0,2008-08-16,0.04654346338124572,17,call,7.95,0.017,0.9419770695845389,crisis,American
SPY,2008-07-30,128.453233,122.0,2008-08-16,0.04654346338124572,17,call,7.06,0.017,0.9497620040439153,crisis,American
SPY,2008-07-30,128.453233,123.0,2008-08-16,0.04654346338124572,17,call,6.2,0.017,0.9575469385032916,crisis,American
SPY,2008-07-30,128.453233,124.0,2008-08-16,0.04654346338124572,17,call,5.38,0.017,0.965331872962668,crisis,American
SPY,2008-07-30,128.453233,125.0,2008-08-16,0.04654346338124572,17,call,4.56,0.017,0.9731168074220443,crisis,American
SPY,2008-07-30,128.453233,126.0,2008-08-16,0.04654346338124572,17,call,3.83,0.017,0.9809017418814207,crisis,American
SPY,2008-07-30,128.453233,127.0,2008-08-16,0.04654346338124572,17,call,3.14,0.017,0.988686676340797,crisis,American
SPY,2008-07-30,128.453233,128.0,2008-08-16,0.04654346338124572,17,call,2.52,0.017,0.9964716108001734,crisis,American
SPY,2008-07-30,128.453233,129.0,2008-08-16,0.04654346338124572,17,call,1.96,0.017,1.0042565452595498,crisis,American
SPY,2008-07-30,128.453233,130.0,2008-08-16,0.04654346338124572,17,call,1.5150000000000001,0.017,1.012041479718926,crisis,American
SPY,2008-07-30,128.453233,131.0,2008-08-16,0.04654346338124572,17,call,1.1150000000000002,0.017,1.0198264141783024,crisis,American
SPY,2008-07-30,128.453233,132.0,2008-08-16,0.04654346338124572,17,call,0.77,0.017,1.0276113486376788,crisis,American
SPY,2008-07-30,128.453233,133.0,2008-08-16,0.04654346338124572,17,call,0.51,0.017,1.0353962830970551,crisis,American
SPY,2008-07-30,128.453233,134.0,2008-08-16,0.04654346338124572,17,call,0.325,0.017,1.0431812175564315,crisis,American
SPY,2008-07-30,128.453233,135.0,2008-08-16,0.04654346338124572,17,call,0.195,0.017,1.0509661520158078,crisis,American
SPY,2008-07-30,128.453233,136.0,2008-08-16,0.04654346338124572,17,call,0.11499999999999999,0.017,1.0587510864751841,crisis,American
SPY,2008-07-30,128.453233,137.0,2008-08-16,0.04654346338124572,17,call,0.07,0.017,1.0665360209345607,crisis,American
SPY,2008-07-30,128.453233,117.0,2008-09-20,0.14236824093086928,52,call,12.64,0.017,0.9108373317470335,crisis,American
SPY,2008-07-30,128.453233,118.0,2008-09-20,0.14236824093086928,52,call,11.77,0.017,0.9186222662064099,crisis,American
SPY,2008-07-30,128.453233,119.0,2008-09-20,0.14236824093086928,52,call,10.91,0.017,0.9264072006657862,crisis,American
SPY,2008-07-30,128.453233,120.0,2008-09-20,0.14236824093086928,52,call,10.07,0.017,0.9341921351251625,crisis,American
SPY,2008-07-30,128.453233,121.0,2008-09-20,0.14236824093086928,52,call,9.24,0.017,0.9419770695845389,crisis,American
SPY,2008-07-30,128.453233,122.0,2008-09-20,0.14236824093086928,52,call,8.46,0.017,0.9497620040439153,crisis,American
SPY,2008-07-30,128.453233,123.0,2008-09-20,0.14236824093086928,52,call,7.69,0.017,0.9575469385032916,crisis,American
SPY,2008-07-30,128.453233,124.0,2008-09-20,0.14236824093086928,52,call,6.94,0.017,0.965331872962668,crisis,American
SPY,2008-07-30,128.453233,125.0,2008-09-20,0.14236824093086928,52,call,6.23,0.017,0.9731168074220443,crisis,American
SPY,2008-07-30,128.453233,126.0,2008-09-20,0.14236824093086928,52,call,5.54,0.017,0.9809017418814207,crisis,American
SPY,2008-07-30,128.453233,127.0,2008-09-20,0.14236824093086928,52,call,4.88,0.017,0.988686676340797,crisis,American
SPY,2008-07-30,128.453233,128.0,2008-09-20,0.14236824093086928,52,call,4.28,0.017,0.9964716108001734,crisis,American
SPY,2008-07-30,128.453233,129.0,2008-09-20,0.14236824093086928,52,call,3.71,0.017,1.0042565452595498,crisis,American
SPY,2008-07-30,128.453233,130.0,2008-09-20,0.14236824093086928,52,call,3.2,0.017,1.012041479718926,crisis,American
SPY,2008-07-30,128.453233,131.0,2008-09-20,0.14236824093086928,52,call,2.7199999999999998,0.017,1.0198264141783024,crisis,American
SPY,2008-07-30,128.453233,132.0,2008-09-20,0.14236824093086928,52,call,2.25,0.017,1.0276113486376788,crisis,American
SPY,2008-07-30,128.453233,133.0,2008-09-20,0.14236824093086928,52,call,1.855,0.017,1.0353962830970551,crisis,American
SPY,2008-07-30,128.453233,134.0,2008-09-20,0.14236824093086928,52,call,1.505,0.017,1.0431812175564315,crisis,American
SPY,2008-07-30,128.453233,135.0,2008-09-20,0.14236824093086928,52,call,1.205,0.017,1.0509661520158078,crisis,American
SPY,2008-07-30,128.453233,136.0,2008-09-20,0.14236824093086928,52,call,0.935,0.017,1.0587510864751841,crisis,American
SPY,2008-07-30,128.453233,137.0,2008-09-20,0.14236824093086928,52,call,0.725,0.017,1.0665360209345607,crisis,American
SPY,2008-07-30,128.453233,138.0,2008-09-20,0.14236824093086928,52,call,0.54,0.017,1.074320955393937,crisis,American
SPY,2008-07-30,128.453233,139.0,2008-09-20,0.14236824093086928,52,call,0.4,0.017,1.0821058898533134,crisis,American
SPY,2008-07-30,128.453233,140.0,2008-09-20,0.14236824093086928,52,call,0.29000000000000004,0.017,1.0898908243126897,crisis,American
SPY,2008-07-30,128.453233,141.0,2008-09-20,0.14236824093086928,52,call,0.21000000000000002,0.017,1.097675758772066,crisis,American
SPY,2008-08-06,129.043172,117.0,2008-08-16,0.02737850787132101,10,call,12.08,0.016399999999999998,0.9066733108513483,crisis,American
SPY,2008-08-06,129.043172,118.0,2008-08-16,0.02737850787132101,10,call,11.09,0.016399999999999998,0.9144226553885393,crisis,American
SPY,2008-08-06,129.043172,119.0,2008-08-16,0.02737850787132101,10,call,10.11,0.016399999999999998,0.9221719999257303,crisis,American
SPY,2008-08-06,129.043172,120.0,2008-08-16,0.02737850787132101,10,call,9.13,0.016399999999999998,0.9299213444629213,crisis,American
SPY,2008-08-06,129.043172,121.0,2008-08-16,0.02737850787132101,10,call,8.16,0.016399999999999998,0.9376706890001123,crisis,American
SPY,2008-08-06,129.043172,122.0,2008-08-16,0.02737850787132101,10,call,7.21,0.016399999999999998,0.9454200335373033,crisis,American
SPY,2008-08-06,129.043172,123.0,2008-08-16,0.02737850787132101,10,call,6.27,0.016399999999999998,0.9531693780744943,crisis,American
SPY,2008-08-06,129.043172,124.0,2008-08-16,0.02737850787132101,10,call,5.36,0.016399999999999998,0.9609187226116853,crisis,American
SPY,2008-08-06,129.043172,125.0,2008-08-16,0.02737850787132101,10,call,4.48,0.016399999999999998,0.9686680671488763,crisis,American
SPY,2008-08-06,129.043172,126.0,2008-08-16,0.02737850787132101,10,call,3.63,0.016399999999999998,0.9764174116860673,crisis,American
SPY,2008-08-06,129.043172,127.0,2008-08-16,0.02737850787132101,10,call,2.88,0.016399999999999998,0.9841667562232583,crisis,American
SPY,2008-08-06,129.043172,128.0,2008-08-16,0.02737850787132101,10,call,2.17,0.016399999999999998,0.9919161007604493,crisis,American
SPY,2008-08-06,129.043172,129.0,2008-08-16,0.02737850787132101,10,call,1.57,0.016399999999999998,0.9996654452976405,crisis,American
SPY,2008-08-06,129.043172,130.0,2008-08-16,0.02737850787132101,10,call,1.07,0.016399999999999998,1.0074147898348313,crisis,American
SPY,2008-08-06,129.043172,131.0,2008-08-16,0.02737850787132101,10,call,0.675,0.016399999999999998,1.0151641343720224,crisis,American
SPY,2008-08-06,129.043172,132.0,2008-08-16,0.02737850787132101,10,call,0.395,0.016399999999999998,1.0229134789092134,crisis,American
SPY,2008-08-06,129.043172,133.0,2008-08-16,0.02737850787132101,10,call,0.20500000000000002,0.016399999999999998,1.0306628234464044,crisis,American
SPY,2008-08-06,129.043172,134.0,2008-08-16,0.02737850787132101,10,call,0.1,0.016399999999999998,1.0384121679835954,crisis,American
SPY,2008-08-06,129.043172,135.0,2008-08-16,0.02737850787132101,10,call,0.05,0.016399999999999998,1.0461615125207864,crisis,American
SPY,2008-08-06,129.043172,117.0,2008-09-20,0.12320328542094455,45,call,12.8,0.016399999999999998,0.9066733108513483,crisis,American
SPY,2008-08-06,129.043172,120.0,2008-09-20,0.12320328542094455,45,call,10.16,0.016399999999999998,0.9299213444629213,crisis,American
SPY,2008-08-06,129.043172,121.0,2008-09-20,0.12320328542094455,45,call,9.33,0.016399999999999998,0.9376706890001123,crisis,American
SPY,2008-08-06,129.043172,122.0,2008-09-20,0.12320328542094455,45,call,8.5,0.016399999999999998,0.9454200335373033,crisis,American
SPY,2008-08-06,129.043172,123.0,2008-09-20,0.12320328542094455,45,call,7.71,0.016399999999999998,0.9531693780744943,crisis,American
SPY,2008-08-06,129.043172,124.0,2008-09-20,0.12320328542094455,45,call,6.93,0.016399999999999998,0.9609187226116853,crisis,American
SPY,2008-08-06,129.043172,125.0,2008-09-20,0.12320328542094455,45,call,6.19,0.016399999999999998,0.9686680671488763,crisis,American
SPY,2008-08-06,129.043172,126.0,2008-09-20,0.12320328542094455,45,call,5.48,0.016399999999999998,0.9764174116860673,crisis,American
SPY,2008-08-06,129.043172,127.0,2008-09-20,0.12320328542094455,45,call,4.79,0.016399999999999998,0.9841667562232583,crisis,American
SPY,2008-08-06,129.043172,128.0,2008-09-20,0.12320328542094455,45,call,4.17,0.016399999999999998,0.9919161007604493,crisis,American
SPY,2008-08-06,129.043172,129.0,2008-09-20,0.12320328542094455,45,call,3.56,0.016399999999999998,0.9996654452976405,crisis,American
SPY,2008-08-06,129.043172,130.0,2008-09-20,0.12320328542094455,45,call,3.025,0.016399999999999998,1.0074147898348313,crisis,American
SPY,2008-08-06,129.043172,131.0,2008-09-20,0.12320328542094455,45,call,2.53,0.016399999999999998,1.0151641343720224,crisis,American
SPY,2008-08-06,129.043172,132.0,2008-09-20,0.12320328542094455,45,call,2.075,0.016399999999999998,1.0229134789092134,crisis,American
SPY,2008-08-06,129.043172,133.0,2008-09-20,0.12320328542094455,45,call,1.6749999999999998,0.016399999999999998,1.0306628234464044,crisis,American
SPY,2008-08-06,129.043172,134.0,2008-09-20,0.12320328542094455,45,call,1.32,0.016399999999999998,1.0384121679835954,crisis,American
SPY,2008-08-06,129.043172,135.0,2008-09-20,0.12320328542094455,45,call,1.025,0.016399999999999998,1.0461615125207864,crisis,American
SPY,2008-08-06,129.043172,136.0,2008-09-20,0.12320328542094455,45,call,0.77,0.016399999999999998,1.0539108570579774,crisis,American
SPY,2008-08-06,129.043172,137.0,2008-09-20,0.12320328542094455,45,call,0.565,0.016399999999999998,1.0616602015951684,crisis,American
SPY,2008-08-06,129.043172,138.0,2008-09-20,0.12320328542094455,45,call,0.405,0.016399999999999998,1.0694095461323594,crisis,American
SPY,2008-08-06,129.043172,139.0,2008-09-20,0.12320328542094455,45,call,0.28,0.016399999999999998,1.0771588906695506,crisis,American
SPY,2008-08-06,129.043172,140.0,2008-09-20,0.12320328542094455,45,call,0.195,0.016399999999999998,1.0849082352067416,crisis,American
SPY,2008-08-06,129.043172,141.0,2008-09-20,0.12320328542094455,45,call,0.12,0.016399999999999998,1.0926575797439326,crisis,American
SPY,2008-08-06,129.043172,126.0,2008-09-30,0.15058179329226556,55,call,5.775,0.016399999999999998,0.9764174116860673,crisis,American
SPY,2008-08-06,129.043172,128.0,2008-09-30,0.15058179329226556,55,call,4.475,0.016399999999999998,0.9919161007604493,crisis,American
SPY,2008-08-06,129.043172,129.0,2008-09-30,0.15058179329226556,55,call,3.875,0.016399999999999998,0.9996654452976405,crisis,American
SPY,2008-08-06,129.043172,130.0,2008-09-30,0.15058179329226556,55,call,3.325,0.016399999999999998,1.0074147898348313,crisis,American
SPY,2008-08-06,129.043172,132.0,2008-09-30,0.15058179329226556,55,call,2.375,0.016399999999999998,1.0229134789092134,crisis,American
SPY,2008-08-06,129.043172,133.0,2008-09-30,0.15058179329226556,55,call,1.9649999999999999,0.016399999999999998,1.0306628234464044,crisis,American
SPY,2008-08-06,129.043172,134.0,2008-09-30,0.15058179329226556,55,call,1.6,0.016399999999999998,1.0384121679835954,crisis,American
SPY,2008-08-06,129.043172,135.0,2008-09-30,0.15058179329226556,55,call,1.2850000000000001,0.016399999999999998,1.0461615125207864,crisis,American
SPY,2008-08-06,129.043172,138.0,2008-09-30,0.15058179329226556,55,call,0.585,0.016399999999999998,1.0694095461323594,crisis,American
SPY,2008-08-06,129.043172,139.0,2008-09-30,0.15058179329226556,55,call,0.435,0.016399999999999998,1.0771588906695506,crisis,American
SPY,2008-08-13,128.798139,117.0,2008-09-20,0.10403832991101986,38,call,12.46,0.018500000000000003,0.9083982183935128,crisis,American
SPY,2008-08-13,128.798139,119.0,2008-09-20,0.10403832991101986,38,call,10.68,0.018500000000000003,0.923926393066906,crisis,American
SPY,2008-08-13,128.798139,120.0,2008-09-20,0.10403832991101986,38,call,9.82,0.018500000000000003,0.9316904804036028,crisis,American
SPY,2008-08-13,128.798139,121.0,2008-09-20,0.10403832991101986,38,call,8.99,0.018500000000000003,0.9394545677402995,crisis,American
SPY,2008-08-13,128.798139,122.0,2008-09-20,0.10403832991101986,38,call,8.16,0.018500000000000003,0.9472186550769962,crisis,American
SPY,2008-08-13,128.798139,123.0,2008-09-20,0.10403832991101986,38,call,7.38,0.018500000000000003,0.9549827424136929,crisis,American
SPY,2008-08-13,128.798139,124.0,2008-09-20,0.10403832991101986,38,call,6.61,0.018500000000000003,0.9627468297503895,crisis,American
SPY,2008-08-13,128.798139,125.0,2008-09-20,0.10403832991101986,38,call,5.89,0.018500000000000003,0.9705109170870863,crisis,American
SPY,2008-08-13,128.798139,126.0,2008-09-20,0.10403832991101986,38,call,5.19,0.018500000000000003,0.9782750044237829,crisis,American
SPY,2008-08-13,128.798139,127.0,2008-09-20,0.10403832991101986,38,call,4.52,0.018500000000000003,0.9860390917604797,crisis,American
SPY,2008-08-13,128.798139,128.0,2008-09-20,0.10403832991101986,38,call,3.9,0.018500000000000003,0.9938031790971763,crisis,American
SPY,2008-08-13,128.798139,129.0,2008-09-20,0.10403832991101986,38,call,3.33,0.018500000000000003,1.001567266433873,crisis,American
SPY,2008-08-13,128.798139,130.0,2008-09-20,0.10403832991101986,38,call,2.8,0.018500000000000003,1.0093313537705697,crisis,American
SPY,2008-08-13,128.798139,131.0,2008-09-20,0.10403832991101986,38,call,2.3,0.018500000000000003,1.0170954411072664,crisis,American
SPY,2008-08-13,128.798139,132.0,2008-09-20,0.10403832991101986,38,call,1.875,0.018500000000000003,1.024859528443963,crisis,American
SPY,2008-08-13,128.798139,133.0,2008-09-20,0.10403832991101986,38,call,1.495,0.018500000000000003,1.0326236157806596,crisis,American
SPY,2008-08-13,128.798139,134.0,2008-09-20,0.10403832991101986,38,call,1.1749999999999998,0.018500000000000003,1.0403877031173565,crisis,American
SPY,2008-08-13,128.798139,135.0,2008-09-20,0.10403832991101986,38,call,0.9,0.018500000000000003,1.0481517904540532,crisis,American
SPY,2008-08-13,128.798139,136.0,2008-09-20,0.10403832991101986,38,call,0.685,0.018500000000000003,1.0559158777907498,crisis,American
SPY,2008-08-13,128.798139,137.0,2008-09-20,0.10403832991101986,38,call,0.5,0.018500000000000003,1.0636799651274464,crisis,American
SPY,2008-08-13,128.798139,138.0,2008-09-20,0.10403832991101986,38,call,0.365,0.018500000000000003,1.071444052464143,crisis,American
SPY,2008-08-13,128.798139,139.0,2008-09-20,0.10403832991101986,38,call,0.27,0.018500000000000003,1.07920813980084,crisis,American
SPY,2008-08-13,128.798139,140.0,2008-09-20,0.10403832991101986,38,call,0.185,0.018500000000000003,1.0869722271375366,crisis,American
SPY,2008-08-13,128.798139,141.0,2008-09-20,0.10403832991101986,38,call,0.135,0.018500000000000003,1.0947363144742333,crisis,American
SPY,2008-08-13,128.798139,127.0,2008-09-30,0.13141683778234087,48,call,4.85,0.018500000000000003,0.9860390917604797,crisis,American
SPY,2008-08-13,128.798139,128.0,2008-09-30,0.13141683778234087,48,call,4.25,0.018500000000000003,0.9938031790971763,crisis,American
SPY,2008-08-13,128.798139,129.0,2008-09-30,0.13141683778234087,48,call,3.675,0.018500000000000003,1.001567266433873,crisis,American
SPY,2008-08-13,128.798139,130.0,2008-09-30,0.13141683778234087,48,call,3.1500000000000004,0.018500000000000003,1.0093313537705697,crisis,American
SPY,2008-08-13,128.798139,131.0,2008-09-30,0.13141683778234087,48,call,2.66,0.018500000000000003,1.0170954411072664,crisis,American
SPY,2008-08-13,128.798139,132.0,2008-09-30,0.13141683778234087,48,call,2.2249999999999996,0.018500000000000003,1.024859528443963,crisis,American
SPY,2008-08-13,128.798139,133.0,2008-09-30,0.13141683778234087,48,call,1.835,0.018500000000000003,1.0326236157806596,crisis,American
SPY,2008-08-13,128.798139,134.0,2008-09-30,0.13141683778234087,48,call,1.495,0.018500000000000003,1.0403877031173565,crisis,American
SPY,2008-08-13,128.798139,135.0,2008-09-30,0.13141683778234087,48,call,1.1949999999999998,0.018500000000000003,1.0481517904540532,crisis,American
SPY,2008-08-13,128.798139,136.0,2008-09-30,0.13141683778234087,48,call,0.94,0.018500000000000003,1.0559158777907498,crisis,American
SPY,2008-08-13,128.798139,137.0,2008-09-30,0.13141683778234087,48,call,0.73,0.018500000000000003,1.0636799651274464,crisis,American
SPY,2008-08-13,128.798139,138.0,2008-09-30,0.13141683778234087,48,call,0.55,0.018500000000000003,1.071444052464143,crisis,American
SPY,2008-08-13,128.798139,140.0,2008-09-30,0.13141683778234087,48,call,0.30500000000000005,0.018500000000000003,1.0869722271375366,crisis,American
SPY,2008-08-13,128.798139,141.0,2008-09-30,0.13141683778234087,48,call,0.215,0.018500000000000003,1.0947363144742333,crisis,American
SPY,2008-08-20,127.72116,116.0,2008-09-20,0.08487337440109514,31,call,12.14,0.0171,0.9082285190644996,crisis,American
SPY,2008-08-20,127.72116,117.0,2008-09-20,0.08487337440109514,31,call,11.21,0.0171,0.9160580752633315,crisis,American
SPY,2008-08-20,127.72116,118.0,2008-09-20,0.08487337440109514,31,call,10.3,0.0171,0.9238876314621634,crisis,American
SPY,2008-08-20,127.72116,119.0,2008-09-20,0.08487337440109514,31,call,9.4,0.0171,0.9317171876609953,crisis,American
SPY,2008-08-20,127.72116,120.0,2008-09-20,0.08487337440109514,31,call,8.52,0.0171,0.9395467438598272,crisis,American
SPY,2008-08-20,127.72116,121.0,2008-09-20,0.08487337440109514,31,call,7.67,0.0171,0.947376300058659,crisis,American
SPY,2008-08-20,127.72116,122.0,2008-09-20,0.08487337440109514,31,call,6.85,0.0171,0.955205856257491,crisis,American
SPY,2008-08-20,127.72116,123.0,2008-09-20,0.08487337440109514,31,call,6.05,0.0171,0.9630354124563228,crisis,American
SPY,2008-08-20,127.72116,124.0,2008-09-20,0.08487337440109514,31,call,5.3,0.0171,0.9708649686551547,crisis,American
SPY,2008-08-20,127.72116,125.0,2008-09-20,0.08487337440109514,31,call,4.56,0.0171,0.9786945248539867,crisis,American
SPY,2008-08-20,127.72116,126.0,2008-09-20,0.08487337440109514,31,call,3.9,0.0171,0.9865240810528185,crisis,American
SPY,2008-08-20,127.72116,127.0,2008-09-20,0.08487337440109514,31,call,3.27,0.0171,0.9943536372516504,crisis,American
SPY,2008-08-20,127.72116,128.0,2008-09-20,0.08487337440109514,31,call,2.7,0.0171,1.0021831934504823,crisis,American
SPY,2008-08-20,127.72116,129.0,2008-09-20,0.08487337440109514,31,call,2.18,0.0171,1.010012749649314,crisis,American
SPY,2008-08-20,127.72116,130.0,2008-09-20,0.08487337440109514,31,call,1.73,0.0171,1.017842305848146,crisis,American
SPY,2008-08-20,127.72116,131.0,2008-09-20,0.08487337440109514,31,call,1.34,0.0171,1.025671862046978,crisis,American
SPY,2008-08-20,127.72116,132.0,2008-09-20,0.08487337440109514,31,call,0.995,0.0171,1.0335014182458098,crisis,American
SPY,2008-08-20,127.72116,133.0,2008-09-20,0.08487337440109514,31,call,0.735,0.0171,1.0413309744446417,crisis,American
SPY,2008-08-20,127.72116,134.0,2008-09-20,0.08487337440109514,31,call,0.525,0.0171,1.0491605306434737,crisis,American
SPY,2008-08-20,127.72116,135.0,2008-09-20,0.08487337440109514,31,call,0.365,0.0171,1.0569900868423057,crisis,American
SPY,2008-08-20,127.72116,136.0,2008-09-20,0.08487337440109514,31,call,0.245,0.0171,1.0648196430411374,crisis,American
SPY,2008-08-20,127.72116,137.0,2008-09-20,0.08487337440109514,31,call,0.16499999999999998,0.0171,1.0726491992399694,crisis,American
SPY,2008-08-20,127.72116,138.0,2008-09-20,0.08487337440109514,31,call,0.095,0.0171,1.0804787554388013,crisis,American
SPY,2008-08-20,127.72116,139.0,2008-09-20,0.08487337440109514,31,call,0.08,0.0171,1.088308311637633,crisis,American
SPY,2008-08-20,127.72116,140.0,2008-09-20,0.08487337440109514,31,call,0.060000000000000005,0.0171,1.096137867836465,crisis,American
SPY,2008-08-20,127.72116,126.0,2008-09-30,0.11225188227241616,41,call,4.225,0.0171,0.9865240810528185,crisis,American
SPY,2008-08-20,127.72116,127.0,2008-09-30,0.11225188227241616,41,call,3.625,0.0171,0.9943536372516504,crisis,American
SPY,2008-08-20,127.72116,128.0,2008-09-30,0.11225188227241616,41,call,3.05,0.0171,1.0021831934504823,crisis,American
SPY,2008-08-20,127.72116,129.0,2008-09-30,0.11225188227241616,41,call,2.54,0.0171,1.010012749649314,crisis,American
SPY,2008-08-20,127.72116,130.0,2008-09-30,0.11225188227241616,41,call,2.08,0.0171,1.017842305848146,crisis,American
SPY,2008-08-20,127.72116,131.0,2008-09-30,0.11225188227241616,41,call,1.6749999999999998,0.0171,1.025671862046978,crisis,American
SPY,2008-08-20,127.72116,132.0,2008-09-30,0.11225188227241616,41,call,1.32,0.0171,1.0335014182458098,crisis,American
SPY,2008-08-20,127.72116,133.0,2008-09-30,0.11225188227241616,41,call,1.0150000000000001,0.0171,1.0413309744446417,crisis,American
SPY,2008-08-20,127.72116,134.0,2008-09-30,0.11225188227241616,41,call,0.77,0.0171,1.0491605306434737,crisis,American
SPY,2008-08-20,127.72116,135.0,2008-09-30,0.11225188227241616,41,call,0.575,0.0171,1.0569900868423057,crisis,American
SPY,2008-08-20,127.72116,136.0,2008-09-30,0.11225188227241616,41,call,0.42000000000000004,0.0171,1.0648196430411374,crisis,American
SPY,2008-08-20,127.72116,137.0,2008-09-30,0.11225188227241616,41,call,0.30000000000000004,0.0171,1.0726491992399694,crisis,American
SPY,2008-08-20,127.72116,138.0,2008-09-30,0.11225188227241616,41,call,0.2,0.0171,1.0804787554388013,crisis,American
SPY,2008-08-20,127.72116,139.0,2008-09-30,0.11225188227241616,41,call,0.14,0.0171,1.088308311637633,crisis,American
SPY,2008-08-20,127.72116,140.0,2008-09-30,0.11225188227241616,41,call,0.09,0.0171,1.096137867836465,crisis,American
SPY,2008-08-20,127.72116,118.0,2008-10-18,0.16153319644079397,59,call,10.91,0.0171,0.9238876314621634,crisis,American
SPY,2008-08-20,127.72116,119.0,2008-10-18,0.16153319644079397,59,call,10.09,0.0171,0.9317171876609953,crisis,American
SPY,2008-08-20,127.72116,120.0,2008-10-18,0.16153319644079397,59,call,9.27,0.0171,0.9395467438598272,crisis,American
SPY,2008-08-20,127.72116,122.0,2008-10-18,0.16153319644079397,59,call,7.72,0.0171,0.955205856257491,crisis,American
SPY,2008-08-20,127.72116,123.0,2008-10-18,0.16153319644079397,59,call,7.02,0.0171,0.9630354124563228,crisis,American
SPY,2008-08-20,127.72116,124.0,2008-10-18,0.16153319644079397,59,call,6.31,0.0171,0.9708649686551547,crisis,American
SPY,2008-08-20,127.72116,125.0,2008-10-18,0.16153319644079397,59,call,5.65,0.0171,0.9786945248539867,crisis,American
SPY,2008-08-20,127.72116,126.0,2008-10-18,0.16153319644079397,59,call,5.02,0.0171,0.9865240810528185,crisis,American
SPY,2008-08-20,127.72116,127.0,2008-10-18,0.16153319644079397,59,call,4.42,0.0171,0.9943536372516504,crisis,American
SPY,2008-08-20,127.72116,128.0,2008-10-18,0.16153319644079397,59,call,3.87,0.0171,1.0021831934504823,crisis,American
SPY,2008-08-20,127.72116,129.0,2008-10-18,0.16153319644079397,59,call,3.35,0.0171,1.010012749649314,crisis,American
SPY,2008-08-20,127.72116,130.0,2008-10-18,0.16153319644079397,59,call,2.86,0.0171,1.017842305848146,crisis,American
SPY,2008-08-20,127.72116,131.0,2008-10-18,0.16153319644079397,59,call,2.42,0.0171,1.025671862046978,crisis,American
SPY,2008-08-20,127.72116,132.0,2008-10-18,0.16153319644079397,59,call,2.03,0.0171,1.0335014182458098,crisis,American
SPY,2008-08-20,127.72116,133.0,2008-10-18,0.16153319644079397,59,call,1.6749999999999998,0.0171,1.0413309744446417,crisis,American
SPY,2008-08-20,127.72116,134.0,2008-10-18,0.16153319644079397,59,call,1.375,0.0171,1.0491605306434737,crisis,American
SPY,2008-08-20,127.72116,135.0,2008-10-18,0.16153319644079397,59,call,1.105,0.0171,1.0569900868423057,crisis,American
SPY,2008-08-20,127.72116,136.0,2008-10-18,0.16153319644079397,59,call,0.875,0.0171,1.0648196430411374,crisis,American
SPY,2008-08-20,127.72116,137.0,2008-10-18,0.16153319644079397,59,call,0.6799999999999999,0.0171,1.0726491992399694,crisis,American
SPY,2008-08-20,127.72116,138.0,2008-10-18,0.16153319644079397,59,call,0.53,0.0171,1.0804787554388013,crisis,American
SPY,2008-08-20,127.72116,139.0,2008-10-18,0.16153319644079397,59,call,0.405,0.0171,1.088308311637633,crisis,American
SPY,2008-08-20,127.72116,140.0,2008-10-18,0.16153319644079397,59,call,0.29000000000000004,0.0171,1.096137867836465,crisis,American
SPY,2008-08-27,128.476927,117.0,2008-09-20,0.06570841889117043,24,call,11.77,0.0167,0.9106693531049355,crisis,American
SPY,2008-08-27,128.476927,118.0,2008-09-20,0.06570841889117043,24,call,10.82,0.0167,0.918452851849422,crisis,American
SPY,2008-08-27,128.476927,119.0,2008-09-20,0.06570841889117043,24,call,9.86,0.0167,0.9262363505939086,crisis,American
SPY,2008-08-27,128.476927,120.0,2008-09-20,0.06570841889117043,24,call,8.96,0.0167,0.9340198493383953,crisis,American
SPY,2008-08-27,128.476927,121.0,2008-09-20,0.06570841889117043,24,call,8.03,0.0167,0.9418033480828819,crisis,American
SPY,2008-08-27,128.476927,122.0,2008-09-20,0.06570841889117043,24,call,7.14,0.0167,0.9495868468273685,crisis,American
SPY,2008-08-27,128.476927,123.0,2008-09-20,0.06570841889117043,24,call,6.29,0.0167,0.9573703455718552,crisis,American
SPY,2008-08-27,128.476927,124.0,2008-09-20,0.06570841889117043,24,call,5.48,0.0167,0.9651538443163418,crisis,American
SPY,2008-08-27,128.476927,125.0,2008-09-20,0.06570841889117043,24,call,4.69,0.0167,0.9729373430608285,crisis,American
SPY,2008-08-27,128.476927,126.0,2008-09-20,0.06570841889117043,24,call,3.95,0.0167,0.980720841805315,crisis,American
SPY,2008-08-27,128.476927,127.0,2008-09-20,0.06570841889117043,24,call,3.25,0.0167,0.9885043405498016,crisis,American
SPY,2008-08-27,128.476927,128.0,2008-09-20,0.06570841889117043,24,call,2.64,0.0167,0.9962878392942883,crisis,American
SPY,2008-08-27,128.476927,129.0,2008-09-20,0.06570841889117043,24,call,2.08,0.0167,1.004071338038775,crisis,American
SPY,2008-08-27,128.476927,130.0,2008-09-20,0.06570841889117043,24,call,1.53,0.0167,1.0118548367832616,crisis,American
SPY,2008-08-27,128.476927,131.0,2008-09-20,0.06570841889117043,24,call,1.125,0.0167,1.0196383355277483,crisis,American
SPY,2008-08-27,128.476927,132.0,2008-09-20,0.06570841889117043,24,call,0.795,0.0167,1.0274218342722348,crisis,American
SPY,2008-08-27,128.476927,133.0,2008-09-20,0.06570841889117043,24,call,0.545,0.0167,1.0352053330167215,crisis,American
SPY,2008-08-27,128.476927,134.0,2008-09-20,0.06570841889117043,24,call,0.355,0.0167,1.0429888317612082,crisis,American
SPY,2008-08-27,128.476927,135.0,2008-09-20,0.06570841889117043,24,call,0.22,0.0167,1.0507723305056946,crisis,American
SPY,2008-08-27,128.476927,136.0,2008-09-20,0.06570841889117043,24,call,0.135,0.0167,1.0585558292501813,crisis,American
SPY,2008-08-27,128.476927,137.0,2008-09-20,0.06570841889117043,24,call,0.08499999999999999,0.0167,1.066339327994668,crisis,American
SPY,2008-08-27,128.476927,126.0,2008-09-30,0.09308692676249145,34,call,4.225,0.0167,0.980720841805315,crisis,American
SPY,2008-08-27,128.476927,127.0,2008-09-30,0.09308692676249145,34,call,3.575,0.0167,0.9885043405498016,crisis,American
SPY,2008-08-27,128.476927,128.0,2008-09-30,0.09308692676249145,34,call,3.0,0.0167,0.9962878392942883,crisis,American
SPY,2008-08-27,128.476927,129.0,2008-09-30,0.09308692676249145,34,call,2.4400000000000004,0.0167,1.004071338038775,crisis,American
SPY,2008-08-27,128.476927,130.0,2008-09-30,0.09308692676249145,34,call,1.955,0.0167,1.0118548367832616,crisis,American
SPY,2008-08-27,128.476927,131.0,2008-09-30,0.09308692676249145,34,call,1.5350000000000001,0.0167,1.0196383355277483,crisis,American
SPY,2008-08-27,128.476927,132.0,2008-09-30,0.09308692676249145,34,call,1.18,0.0167,1.0274218342722348,crisis,American
SPY,2008-08-27,128.476927,133.0,2008-09-30,0.09308692676249145,34,call,0.88,0.0167,1.0352053330167215,crisis,American
SPY,2008-08-27,128.476927,134.0,2008-09-30,0.09308692676249145,34,call,0.635,0.0167,1.0429888317612082,crisis,American
SPY,2008-08-27,128.476927,135.0,2008-09-30,0.09308692676249145,34,call,0.44999999999999996,0.0167,1.0507723305056946,crisis,American
SPY,2008-08-27,128.476927,136.0,2008-09-30,0.09308692676249145,34,call,0.31,0.0167,1.0585558292501813,crisis,American
SPY,2008-08-27,128.476927,137.0,2008-09-30,0.09308692676249145,34,call,0.20500000000000002,0.0167,1.066339327994668,crisis,American
SPY,2008-08-27,128.476927,138.0,2008-09-30,0.09308692676249145,34,call,0.135,0.0167,1.0741228267391545,crisis,American
SPY,2008-08-27,128.476927,139.0,2008-09-30,0.09308692676249145,34,call,0.085,0.0167,1.0819063254836412,crisis,American
SPY,2008-08-27,128.476927,140.0,2008-09-30,0.09308692676249145,34,call,0.05500000000000001,0.0167,1.0896898242281279,crisis,American
SPY,2008-08-27,128.476927,116.0,2008-10-18,0.14236824093086928,52,call,13.08,0.0167,0.9028858543604488,crisis,American
SPY,2008-08-27,128.476927,117.0,2008-10-18,0.14236824093086928,52,call,12.19,0.0167,0.9106693531049355,crisis,American
SPY,2008-08-27,128.476927,118.0,2008-10-18,0.14236824093086928,52,call,11.3,0.0167,0.918452851849422,crisis,American
SPY,2008-08-27,128.476927,119.0,2008-10-18,0.14236824093086928,52,call,10.46,0.0167,0.9262363505939086,crisis,American
SPY,2008-08-27,128.476927,120.0,2008-10-18,0.14236824093086928,52,call,9.61,0.0167,0.9340198493383953,crisis,American
SPY,2008-08-27,128.476927,121.0,2008-10-18,0.14236824093086928,52,call,8.8,0.0167,0.9418033480828819,crisis,American
SPY,2008-08-27,128.476927,122.0,2008-10-18,0.14236824093086928,52,call,8.0,0.0167,0.9495868468273685,crisis,American
SPY,2008-08-27,128.476927,123.0,2008-10-18,0.14236824093086928,52,call,7.22,0.0167,0.9573703455718552,crisis,American
SPY,2008-08-27,128.476927,124.0,2008-10-18,0.14236824093086928,52,call,6.5,0.0167,0.9651538443163418,crisis,American
SPY,2008-08-27,128.476927,125.0,2008-10-18,0.14236824093086928,52,call,5.8,0.0167,0.9729373430608285,crisis,American
SPY,2008-08-27,128.476927,126.0,2008-10-18,0.14236824093086928,52,call,5.15,0.0167,0.980720841805315,crisis,American
SPY,2008-08-27,128.476927,127.0,2008-10-18,0.14236824093086928,52,call,4.53,0.0167,0.9885043405498016,crisis,American
SPY,2008-08-27,128.476927,128.0,2008-10-18,0.14236824093086928,52,call,3.93,0.0167,0.9962878392942883,crisis,American
SPY,2008-08-27,128.476927,129.0,2008-10-18,0.14236824093086928,52,call,3.37,0.0167,1.004071338038775,crisis,American
SPY,2008-08-27,128.476927,130.0,2008-10-18,0.14236824093086928,52,call,2.8,0.0167,1.0118548367832616,crisis,American
SPY,2008-08-27,128.476927,131.0,2008-10-18,0.14236824093086928,52,call,2.35,0.0167,1.0196383355277483,crisis,American
SPY,2008-08-27,128.476927,132.0,2008-10-18,0.14236824093086928,52,call,1.94,0.0167,1.0274218342722348,crisis,American
SPY,2008-08-27,128.476927,133.0,2008-10-18,0.14236824093086928,52,call,1.58,0.0167,1.0352053330167215,crisis,American
SPY,2008-08-27,128.476927,134.0,2008-10-18,0.14236824093086928,52,call,1.27,0.0167,1.0429888317612082,crisis,American
SPY,2008-08-27,128.476927,135.0,2008-10-18,0.14236824093086928,52,call,1.0,0.0167,1.0507723305056946,crisis,American
SPY,2008-08-27,128.476927,136.0,2008-10-18,0.14236824093086928,52,call,0.775,0.0167,1.0585558292501813,crisis,American
SPY,2008-08-27,128.476927,137.0,2008-10-18,0.14236824093086928,52,call,0.595,0.0167,1.066339327994668,crisis,American
SPY,2008-08-27,128.476927,138.0,2008-10-18,0.14236824093086928,52,call,0.44499999999999995,0.0167,1.0741228267391545,crisis,American
SPY,2008-08-27,128.476927,139.0,2008-10-18,0.14236824093086928,52,call,0.32,0.0167,1.0819063254836412,crisis,American
SPY,2008-08-27,128.476927,140.0,2008-10-18,0.14236824093086928,52,call,0.235,0.0167,1.0896898242281279,crisis,American
SPY,2008-08-27,128.476927,141.0,2008-10-18,0.14236824093086928,52,call,0.16499999999999998,0.0167,1.0974733229726146,crisis,American
SPY,2008-09-04,124.096095,112.0,2008-09-20,0.04380561259411362,16,call,12.27,0.0169,0.9025263848955117,crisis,American
SPY,2008-09-04,124.096095,114.0,2008-09-20,0.04380561259411362,16,call,10.34,0.0169,0.9186429274829316,crisis,American
SPY,2008-09-04,124.096095,115.0,2008-09-20,0.04380561259411362,16,call,9.43,0.0169,0.9267011987766416,crisis,American
SPY,2008-09-04,124.096095,116.0,2008-09-20,0.04380561259411362,16,call,8.48,0.0169,0.9347594700703515,crisis,American
SPY,2008-09-04,124.096095,117.0,2008-09-20,0.04380561259411362,16,call,7.58,0.0169,0.9428177413640614,crisis,American
SPY,2008-09-04,124.096095,118.0,2008-09-20,0.04380561259411362,16,call,6.7,0.0169,0.9508760126577713,crisis,American
SPY,2008-09-04,124.096095,119.0,2008-09-20,0.04380561259411362,16,call,5.87,0.0169,0.9589342839514813,crisis,American
SPY,2008-09-04,124.096095,120.0,2008-09-20,0.04380561259411362,16,call,5.06,0.0169,0.9669925552451912,crisis,American
SPY,2008-09-04,124.096095,121.0,2008-09-20,0.04380561259411362,16,call,4.3,0.0169,0.9750508265389011,crisis,American
SPY,2008-09-04,124.096095,122.0,2008-09-20,0.04380561259411362,16,call,3.6,0.0169,0.983109097832611,crisis,American
SPY,2008-09-04,124.096095,123.0,2008-09-20,0.04380561259411362,16,call,2.96,0.0169,0.991167369126321,crisis,American
SPY,2008-09-04,124.096095,124.0,2008-09-20,0.04380561259411362,16,call,2.38,0.0169,0.9992256404200309,crisis,American
SPY,2008-09-04,124.096095,125.0,2008-09-20,0.04380561259411362,16,call,1.87,0.0169,1.0072839117137409,crisis,American
SPY,2008-09-04,124.096095,126.0,2008-09-20,0.04380561259411362,16,call,1.43,0.0169,1.0153421830074507,crisis,American
SPY,2008-09-04,124.096095,127.0,2008-09-20,0.04380561259411362,16,call,1.07,0.0169,1.0234004543011608,crisis,American
SPY,2008-09-04,124.096095,128.0,2008-09-20,0.04380561259411362,16,call,0.77,0.0169,1.0314587255948706,crisis,American
SPY,2008-09-04,124.096095,129.0,2008-09-20,0.04380561259411362,16,call,0.55,0.0169,1.0395169968885805,crisis,American
SPY,2008-09-04,124.096095,130.0,2008-09-20,0.04380561259411362,16,call,0.36,0.0169,1.0475752681822905,crisis,American
SPY,2008-09-04,124.096095,131.0,2008-09-20,0.04380561259411362,16,call,0.235,0.0169,1.0556335394760004,crisis,American
SPY,2008-09-04,124.096095,132.0,2008-09-20,0.04380561259411362,16,call,0.155,0.0169,1.0636918107697104,crisis,American
SPY,2008-09-04,124.096095,133.0,2008-09-20,0.04380561259411362,16,call,0.11,0.0169,1.0717500820634203,crisis,American
SPY,2008-09-04,124.096095,134.0,2008-09-20,0.04380561259411362,16,call,0.08499999999999999,0.0169,1.07980835335713,crisis,American
SPY,2008-09-04,124.096095,135.0,2008-09-20,0.04380561259411362,16,call,0.055,0.0169,1.0878666246508402,crisis,American
SPY,2008-09-04,124.096095,115.0,2008-09-30,0.07118412046543464,26,call,9.575,0.0169,0.9267011987766416,crisis,American
SPY,2008-09-04,124.096095,120.0,2008-09-30,0.07118412046543464,26,call,5.4,0.0169,0.9669925552451912,crisis,American
SPY,2008-09-04,124.096095,122.0,2008-09-30,0.07118412046543464,26,call,4.0,0.0169,0.983109097832611,crisis,American
SPY,2008-09-04,124.096095,123.0,2008-09-30,0.07118412046543464,26,call,3.375,0.0169,0.991167369126321,crisis,American
SPY,2008-09-04,124.096095,124.0,2008-09-30,0.07118412046543464,26,call,2.8049999999999997,0.0169,0.9992256404200309,crisis,American
SPY,2008-09-04,124.096095,125.0,2008-09-30,0.07118412046543464,26,call,2.285,0.0169,1.0072839117137409,crisis,American
SPY,2008-09-04,124.096095,126.0,2008-09-30,0.07118412046543464,26,call,1.835,0.0169,1.0153421830074507,crisis,American
SPY,2008-09-04,124.096095,127.0,2008-09-30,0.07118412046543464,26,call,1.44,0.0169,1.0234004543011608,crisis,American
SPY,2008-09-04,124.096095,128.0,2008-09-30,0.07118412046543464,26,call,1.1099999999999999,0.0169,1.0314587255948706,crisis,American
SPY,2008-09-04,124.096095,129.0,2008-09-30,0.07118412046543464,26,call,0.835,0.0169,1.0395169968885805,crisis,American
SPY,2008-09-04,124.096095,130.0,2008-09-30,0.07118412046543464,26,call,0.595,0.0169,1.0475752681822905,crisis,American
SPY,2008-09-04,124.096095,131.0,2008-09-30,0.07118412046543464,26,call,0.435,0.0169,1.0556335394760004,crisis,American
SPY,2008-09-04,124.096095,132.0,2008-09-30,0.07118412046543464,26,call,0.29500000000000004,0.0169,1.0636918107697104,crisis,American
SPY,2008-09-04,124.096095,133.0,2008-09-30,0.07118412046543464,26,call,0.2,0.0169,1.0717500820634203,crisis,American
SPY,2008-09-04,124.096095,134.0,2008-09-30,0.07118412046543464,26,call,0.13,0.0169,1.07980835335713,crisis,American
SPY,2008-09-04,124.096095,135.0,2008-09-30,0.07118412046543464,26,call,0.085,0.0169,1.0878666246508402,crisis,American
SPY,2008-09-04,124.096095,136.0,2008-09-30,0.07118412046543464,26,call,0.05500000000000001,0.0169,1.09592489594455,crisis,American
SPY,2008-09-04,124.096095,112.0,2008-10-18,0.12046543463381246,44,call,12.65,0.0169,0.9025263848955117,crisis,American
SPY,2008-09-04,124.096095,115.0,2008-10-18,0.12046543463381246,44,call,10.07,0.0169,0.9267011987766416,crisis,American
SPY,2008-09-04,124.096095,116.0,2008-10-18,0.12046543463381246,44,call,9.23,0.0169,0.9347594700703515,crisis,American
SPY,2008-09-04,124.096095,117.0,2008-10-18,0.12046543463381246,44,call,8.43,0.0169,0.9428177413640614,crisis,American
SPY,2008-09-04,124.096095,118.0,2008-10-18,0.12046543463381246,44,call,7.67,0.0169,0.9508760126577713,crisis,American
SPY,2008-09-04,124.096095,119.0,2008-10-18,0.12046543463381246,44,call,6.92,0.0169,0.9589342839514813,crisis,American
SPY,2008-09-04,124.096095,120.0,2008-10-18,0.12046543463381246,44,call,6.24,0.0169,0.9669925552451912,crisis,American
SPY,2008-09-04,124.096095,121.0,2008-10-18,0.12046543463381246,44,call,5.55,0.0169,0.9750508265389011,crisis,American
SPY,2008-09-04,124.096095,122.0,2008-10-18,0.12046543463381246,44,call,4.94,0.0169,0.983109097832611,crisis,American
SPY,2008-09-04,124.096095,123.0,2008-10-18,0.12046543463381246,44,call,4.34,0.0169,0.991167369126321,crisis,American
SPY,2008-09-04,124.096095,124.0,2008-10-18,0.12046543463381246,44,call,3.76,0.0169,0.9992256404200309,crisis,American
SPY,2008-09-04,124.096095,125.0,2008-10-18,0.12046543463381246,44,call,3.25,0.0169,1.0072839117137409,crisis,American
SPY,2008-09-04,124.096095,126.0,2008-10-18,0.12046543463381246,44,call,2.77,0.0169,1.0153421830074507,crisis,American
SPY,2008-09-04,124.096095,127.0,2008-10-18,0.12046543463381246,44,call,2.34,0.0169,1.0234004543011608,crisis,American
SPY,2008-09-04,124.096095,128.0,2008-10-18,0.12046543463381246,44,call,1.96,0.0169,1.0314587255948706,crisis,American
SPY,2008-09-04,124.096095,129.0,2008-10-18,0.12046543463381246,44,call,1.61,0.0169,1.0395169968885805,crisis,American
SPY,2008-09-04,124.096095,130.0,2008-10-18,0.12046543463381246,44,call,1.295,0.0169,1.0475752681822905,crisis,American
SPY,2008-09-04,124.096095,131.0,2008-10-18,0.12046543463381246,44,call,1.05,0.0169,1.0556335394760004,crisis,American
SPY,2008-09-04,124.096095,132.0,2008-10-18,0.12046543463381246,44,call,0.8300000000000001,0.0169,1.0636918107697104,crisis,American
SPY,2008-09-04,124.096095,133.0,2008-10-18,0.12046543463381246,44,call,0.645,0.0169,1.0717500820634203,crisis,American
SPY,2008-09-04,124.096095,134.0,2008-10-18,0.12046543463381246,44,call,0.495,0.0169,1.07980835335713,crisis,American
SPY,2008-09-04,124.096095,135.0,2008-10-18,0.12046543463381246,44,call,0.375,0.0169,1.0878666246508402,crisis,American
SPY,2008-09-04,124.096095,136.0,2008-10-18,0.12046543463381246,44,call,0.275,0.0169,1.09592489594455,crisis,American
SPY,2008-09-11,125.386557,113.0,2008-09-20,0.024640657084188913,9,call,11.76,0.0161,0.901213038332331,crisis,American
SPY,2008-09-11,125.386557,114.0,2008-09-20,0.024640657084188913,9,call,10.79,0.0161,0.909188374954741,crisis,American
SPY,2008-09-11,125.386557,115.0,2008-09-20,0.024640657084188913,9,call,9.81,0.0161,0.917163711577151,crisis,American
SPY,2008-09-11,125.386557,116.0,2008-09-20,0.024640657084188913,9,call,8.84,0.0161,0.925139048199561,crisis,American
SPY,2008-09-11,125.386557,117.0,2008-09-20,0.024640657084188913,9,call,7.89,0.0161,0.9331143848219711,crisis,American
SPY,2008-09-11,125.386557,118.0,2008-09-20,0.024640657084188913,9,call,6.96,0.0161,0.9410897214443811,crisis,American
SPY,2008-09-11,125.386557,119.0,2008-09-20,0.024640657084188913,9,call,6.05,0.0161,0.949065058066791,crisis,American
SPY,2008-09-11,125.386557,120.0,2008-09-20,0.024640657084188913,9,call,5.21,0.0161,0.957040394689201,crisis,American
SPY,2008-09-11,125.386557,121.0,2008-09-20,0.024640657084188913,9,call,4.42,0.0161,0.965015731311611,crisis,American
SPY,2008-09-11,125.386557,122.0,2008-09-20,0.024640657084188913,9,call,3.64,0.0161,0.972991067934021,crisis,American
SPY,2008-09-11,125.386557,123.0,2008-09-20,0.024640657084188913,9,call,2.93,0.0161,0.980966404556431,crisis,American
SPY,2008-09-11,125.386557,124.0,2008-09-20,0.024640657084188913,9,call,2.29,0.0161,0.988941741178841,crisis,American
SPY,2008-09-11,125.386557,125.0,2008-09-20,0.024640657084188913,9,call,1.74,0.0161,0.996917077801251,crisis,American
SPY,2008-09-11,125.386557,126.0,2008-09-20,0.024640657084188913,9,call,1.27,0.0161,1.004892414423661,crisis,American
SPY,2008-09-11,125.386557,127.0,2008-09-20,0.024640657084188913,9,call,0.9,0.0161,1.012867751046071,crisis,American
SPY,2008-09-11,125.386557,128.0,2008-09-20,0.024640657084188913,9,call,0.6,0.0161,1.020843087668481,crisis,American
SPY,2008-09-11,125.386557,129.0,2008-09-20,0.024640657084188913,9,call,0.39,0.0161,1.028818424290891,crisis,American
SPY,2008-09-11,125.386557,130.0,2008-09-20,0.024640657084188913,9,call,0.14,0.0161,1.036793760913301,crisis,American
SPY,2008-09-11,125.386557,131.0,2008-09-20,0.024640657084188913,9,call,0.07,0.0161,1.0447690975357111,crisis,American
SPY,2008-09-11,125.386557,113.0,2008-09-30,0.05201916495550993,19,call,12.725,0.0161,0.901213038332331,crisis,American
SPY,2008-09-11,125.386557,116.0,2008-09-30,0.05201916495550993,19,call,8.149999999999999,0.0161,0.925139048199561,crisis,American
SPY,2008-09-11,125.386557,118.0,2008-09-30,0.05201916495550993,19,call,6.425,0.0161,0.9410897214443811,crisis,American
SPY,2008-09-11,125.386557,119.0,2008-09-30,0.05201916495550993,19,call,5.625,0.0161,0.949065058066791,crisis,American
SPY,2008-09-11,125.386557,120.0,2008-09-30,0.05201916495550993,19,call,4.85,0.0161,0.957040394689201,crisis,American
SPY,2008-09-11,125.386557,121.0,2008-09-30,0.05201916495550993,19,call,4.15,0.0161,0.965015731311611,crisis,American
SPY,2008-09-11,125.386557,122.0,2008-09-30,0.05201916495550993,19,call,3.5,0.0161,0.972991067934021,crisis,American
SPY,2008-09-11,125.386557,123.0,2008-09-30,0.05201916495550993,19,call,2.8899999999999997,0.0161,0.980966404556431,crisis,American
SPY,2008-09-11,125.386557,124.0,2008-09-30,0.05201916495550993,19,call,2.3449999999999998,0.0161,0.988941741178841,crisis,American
SPY,2008-09-11,125.386557,125.0,2008-09-30,0.05201916495550993,19,call,1.865,0.0161,0.996917077801251,crisis,American
SPY,2008-09-11,125.386557,126.0,2008-09-30,0.05201916495550993,19,call,1.455,0.0161,1.004892414423661,crisis,American
SPY,2008-09-11,125.386557,127.0,2008-09-30,0.05201916495550993,19,call,1.105,0.0161,1.012867751046071,crisis,American
SPY,2008-09-11,125.386557,128.0,2008-09-30,0.05201916495550993,19,call,0.8200000000000001,0.0161,1.020843087668481,crisis,American
SPY,2008-09-11,125.386557,129.0,2008-09-30,0.05201916495550993,19,call,0.59,0.0161,1.028818424290891,crisis,American
SPY,2008-09-11,125.386557,130.0,2008-09-30,0.05201916495550993,19,call,0.41500000000000004,0.0161,1.036793760913301,crisis,American
SPY,2008-09-11,125.386557,131.0,2008-09-30,0.05201916495550993,19,call,0.28,0.0161,1.0447690975357111,crisis,American
SPY,2008-09-11,125.386557,132.0,2008-09-30,0.05201916495550993,19,call,0.18,0.0161,1.0527444341581211,crisis,American
SPY,2008-09-11,125.386557,133.0,2008-09-30,0.05201916495550993,19,call,0.115,0.0161,1.0607197707805311,crisis,American
SPY,2008-09-11,125.386557,134.0,2008-09-30,0.05201916495550993,19,call,0.075,0.0161,1.0686951074029412,crisis,American
SPY,2008-09-11,125.386557,113.0,2008-10-18,0.10130047912388775,37,call,12.12,0.0161,0.901213038332331,crisis,American
SPY,2008-09-11,125.386557,114.0,2008-10-18,0.10130047912388775,37,call,11.24,0.0161,0.909188374954741,crisis,American
SPY,2008-09-11,125.386557,115.0,2008-10-18,0.10130047912388775,37,call,10.38,0.0161,0.917163711577151,crisis,American
SPY,2008-09-11,125.386557,116.0,2008-10-18,0.10130047912388775,37,call,9.54,0.0161,0.925139048199561,crisis,American
SPY,2008-09-11,125.386557,117.0,2008-10-18,0.10130047912388775,37,call,8.73,0.0161,0.9331143848219711,crisis,American
SPY,2008-09-11,125.386557,118.0,2008-10-18,0.10130047912388775,37,call,7.94,0.0161,0.9410897214443811,crisis,American
SPY,2008-09-11,125.386557,119.0,2008-10-18,0.10130047912388775,37,call,7.17,0.0161,0.949065058066791,crisis,American
SPY,2008-09-11,125.386557,120.0,2008-10-18,0.10130047912388775,37,call,6.46,0.0161,0.957040394689201,crisis,American
SPY,2008-09-11,125.386557,121.0,2008-10-18,0.10130047912388775,37,call,5.77,0.0161,0.965015731311611,crisis,American
SPY,2008-09-11,125.386557,122.0,2008-10-18,0.10130047912388775,37,call,5.1,0.0161,0.972991067934021,crisis,American
SPY,2008-09-11,125.386557,123.0,2008-10-18,0.10130047912388775,37,call,4.48,0.0161,0.980966404556431,crisis,American
SPY,2008-09-11,125.386557,124.0,2008-10-18,0.10130047912388775,37,call,3.9,0.0161,0.988941741178841,crisis,American
SPY,2008-09-11,125.386557,125.0,2008-10-18,0.10130047912388775,37,call,3.34,0.0161,0.996917077801251,crisis,American
SPY,2008-09-11,125.386557,126.0,2008-10-18,0.10130047912388775,37,call,2.84,0.0161,1.004892414423661,crisis,American
SPY,2008-09-11,125.386557,127.0,2008-10-18,0.10130047912388775,37,call,2.39,0.0161,1.012867751046071,crisis,American
SPY,2008-09-11,125.386557,128.0,2008-10-18,0.10130047912388775,37,call,1.98,0.0161,1.020843087668481,crisis,American
SPY,2008-09-11,125.386557,129.0,2008-10-18,0.10130047912388775,37,call,1.62,0.0161,1.028818424290891,crisis,American
SPY,2008-09-11,125.386557,130.0,2008-10-18,0.10130047912388775,37,call,1.06,0.0161,1.036793760913301,crisis,American
SPY,2008-09-11,125.386557,131.0,2008-10-18,0.10130047912388775,37,call,0.835,0.0161,1.0447690975357111,crisis,American
SPY,2008-09-11,125.386557,132.0,2008-10-18,0.10130047912388775,37,call,0.64,0.0161,1.0527444341581211,crisis,American
SPY,2008-09-11,125.386557,133.0,2008-10-18,0.10130047912388775,37,call,0.48,0.0161,1.0607197707805311,crisis,American
SPY,2008-09-11,125.386557,134.0,2008-10-18,0.10130047912388775,37,call,0.36,0.0161,1.0686951074029412,crisis,American
SPY,2008-09-11,125.386557,135.0,2008-10-18,0.10130047912388775,37,call,0.26,0.0161,1.0766704440253512,crisis,American
SPY,2008-09-11,125.386557,136.0,2008-10-18,0.10130047912388775,37,call,0.185,0.0161,1.0846457806477612,crisis,American
SPY,2008-09-11,125.386557,137.0,2008-10-18,0.10130047912388775,37,call,0.13,0.0161,1.0926211172701712,crisis,American
SPY,2008-09-18,121.180207,110.0,2008-09-30,0.03285420944558522,12,call,7.825,0.0023,0.9077390006438923,crisis,American
SPY,2008-09-18,121.180207,111.0,2008-09-30,0.03285420944558522,12,call,7.075,0.0023,0.9159911733770186,crisis,American
SPY,2008-09-18,121.180207,112.0,2008-09-30,0.03285420944558522,12,call,6.35,0.0023,0.9242433461101449,crisis,American
SPY,2008-09-18,121.180207,113.0,2008-09-30,0.03285420944558522,12,call,5.65,0.0023,0.9324955188432712,crisis,American
SPY,2008-09-18,121.180207,114.0,2008-09-30,0.03285420944558522,12,call,4.975,0.0023,0.9407476915763975,crisis,American
SPY,2008-09-18,121.180207,115.0,2008-09-30,0.03285420944558522,12,call,4.35,0.0023,0.9489998643095238,crisis,American
SPY,2008-09-18,121.180207,116.0,2008-09-30,0.03285420944558522,12,call,3.75,0.0023,0.95725203704265,crisis,American
SPY,2008-09-18,121.180207,117.0,2008-09-30,0.03285420944558522,12,call,3.2,0.0023,0.9655042097757763,crisis,American
SPY,2008-09-18,121.180207,118.0,2008-09-30,0.03285420944558522,12,call,2.695,0.0023,0.9737563825089026,crisis,American
SPY,2008-09-18,121.180207,119.0,2008-09-30,0.03285420944558522,12,call,2.24,0.0023,0.9820085552420289,crisis,American
SPY,2008-09-18,121.180207,120.0,2008-09-30,0.03285420944558522,12,call,1.8250000000000002,0.0023,0.9902607279751553,crisis,American
SPY,2008-09-18,121.180207,121.0,2008-09-30,0.03285420944558522,12,call,1.475,0.0023,0.9985129007082816,crisis,American
SPY,2008-09-18,121.180207,122.0,2008-09-30,0.03285420944558522,12,call,1.165,0.0023,1.0067650734414078,crisis,American
SPY,2008-09-18,121.180207,123.0,2008-09-30,0.03285420944558522,12,call,0.925,0.0023,1.0150172461745341,crisis,American
SPY,2008-09-18,121.180207,124.0,2008-09-30,0.03285420944558522,12,call,0.6950000000000001,0.0023,1.0232694189076603,crisis,American
SPY,2008-09-18,121.180207,125.0,2008-09-30,0.03285420944558522,12,call,0.525,0.0023,1.0315215916407867,crisis,American
SPY,2008-09-18,121.180207,126.0,2008-09-30,0.03285420944558522,12,call,0.385,0.0023,1.0397737643739131,crisis,American
SPY,2008-09-18,121.180207,127.0,2008-09-30,0.03285420944558522,12,call,0.28,0.0023,1.0480259371070393,crisis,American
SPY,2008-09-18,121.180207,128.0,2008-09-30,0.03285420944558522,12,call,0.195,0.0023,1.0562781098401657,crisis,American
SPY,2008-09-18,121.180207,129.0,2008-09-30,0.03285420944558522,12,call,0.14,0.0023,1.0645302825732919,crisis,American
SPY,2008-09-18,121.180207,130.0,2008-09-30,0.03285420944558522,12,call,0.09,0.0023,1.0727824553064182,crisis,American
SPY,2008-09-18,121.180207,131.0,2008-09-30,0.03285420944558522,12,call,0.08,0.0023,1.0810346280395444,crisis,American
SPY,2008-09-18,121.180207,132.0,2008-09-30,0.03285420944558522,12,call,0.065,0.0023,1.0892868007726708,crisis,American
SPY,2008-09-18,121.180207,110.0,2008-10-18,0.08213552361396304,30,call,9.98,0.0023,0.9077390006438923,crisis,American
SPY,2008-09-18,121.180207,111.0,2008-10-18,0.08213552361396304,30,call,9.19,0.0023,0.9159911733770186,crisis,American
SPY,2008-09-18,121.180207,112.0,2008-10-18,0.08213552361396304,30,call,8.43,0.0023,0.9242433461101449,crisis,American
SPY,2008-09-18,121.180207,113.0,2008-10-18,0.08213552361396304,30,call,7.69,0.0023,0.9324955188432712,crisis,American
SPY,2008-09-18,121.180207,114.0,2008-10-18,0.08213552361396304,30,call,7.04,0.0023,0.9407476915763975,crisis,American
SPY,2008-09-18,121.180207,115.0,2008-10-18,0.08213552361396304,30,call,6.37,0.0023,0.9489998643095238,crisis,American
SPY,2008-09-18,121.180207,116.0,2008-10-18,0.08213552361396304,30,call,5.73,0.0023,0.95725203704265,crisis,American
SPY,2008-09-18,121.180207,117.0,2008-10-18,0.08213552361396304,30,call,5.09,0.0023,0.9655042097757763,crisis,American
SPY,2008-09-18,121.180207,118.0,2008-10-18,0.08213552361396304,30,call,4.53,0.0023,0.9737563825089026,crisis,American
SPY,2008-09-18,121.180207,119.0,2008-10-18,0.08213552361396304,30,call,3.96,0.0023,0.9820085552420289,crisis,American
SPY,2008-09-18,121.180207,120.0,2008-10-18,0.08213552361396304,30,call,3.45,0.0023,0.9902607279751553,crisis,American
SPY,2008-09-18,121.180207,121.0,2008-10-18,0.08213552361396304,30,call,2.96,0.0023,0.9985129007082816,crisis,American
SPY,2008-09-18,121.180207,122.0,2008-10-18,0.08213552361396304,30,call,2.54,0.0023,1.0067650734414078,crisis,American
SPY,2008-09-18,121.180207,123.0,2008-10-18,0.08213552361396304,30,call,2.13,0.0023,1.0150172461745341,crisis,American
SPY,2008-09-18,121.180207,124.0,2008-10-18,0.08213552361396304,30,call,1.78,0.0023,1.0232694189076603,crisis,American
SPY,2008-09-18,121.180207,125.0,2008-10-18,0.08213552361396304,30,call,1.46,0.0023,1.0315215916407867,crisis,American
SPY,2008-09-18,121.180207,126.0,2008-10-18,0.08213552361396304,30,call,1.19,0.0023,1.0397737643739131,crisis,American
SPY,2008-09-18,121.180207,127.0,2008-10-18,0.08213552361396304,30,call,0.97,0.0023,1.0480259371070393,crisis,American
SPY,2008-09-18,121.180207,128.0,2008-10-18,0.08213552361396304,30,call,0.77,0.0023,1.0562781098401657,crisis,American
SPY,2008-09-18,121.180207,129.0,2008-10-18,0.08213552361396304,30,call,0.57,0.0023,1.0645302825732919,crisis,American
SPY,2008-09-18,121.180207,130.0,2008-10-18,0.08213552361396304,30,call,0.385,0.0023,1.0727824553064182,crisis,American
SPY,2008-09-18,121.180207,131.0,2008-10-18,0.08213552361396304,30,call,0.30000000000000004,0.0023,1.0810346280395444,crisis,American
SPY,2008-09-18,121.180207,132.0,2008-10-18,0.08213552361396304,30,call,0.23500000000000001,0.0023,1.0892868007726708,crisis,American
SPY,2008-09-18,121.180207,133.0,2008-10-18,0.08213552361396304,30,call,0.21000000000000002,0.0023,1.097538973505797,crisis,American
SPY,2008-09-25,120.764921,109.0,2008-10-18,0.06297056810403832,23,call,12.7,0.0076,0.902579980158311,crisis,American
SPY,2008-09-25,120.764921,110.0,2008-10-18,0.06297056810403832,23,call,11.87,0.0076,0.9108605304349928,crisis,American
SPY,2008-09-25,120.764921,111.0,2008-10-18,0.06297056810403832,23,call,11.02,0.0076,0.9191410807116746,crisis,American
SPY,2008-09-25,120.764921,112.0,2008-10-18,0.06297056810403832,23,call,10.15,0.0076,0.9274216309883563,crisis,American
SPY,2008-09-25,120.764921,113.0,2008-10-18,0.06297056810403832,23,call,9.34,0.0076,0.935702181265038,crisis,American
SPY,2008-09-25,120.764921,114.0,2008-10-18,0.06297056810403832,23,call,8.56,0.0076,0.9439827315417197,crisis,American
SPY,2008-09-25,120.764921,115.0,2008-10-18,0.06297056810403832,23,call,7.79,0.0076,0.9522632818184016,crisis,American
SPY,2008-09-25,120.764921,116.0,2008-10-18,0.06297056810403832,23,call,7.07,0.0076,0.9605438320950833,crisis,American
SPY,2008-09-25,120.764921,117.0,2008-10-18,0.06297056810403832,23,call,6.34,0.0076,0.968824382371765,crisis,American
SPY,2008-09-25,120.764921,118.0,2008-10-18,0.06297056810403832,23,call,5.69,0.0076,0.9771049326484468,crisis,American
SPY,2008-09-25,120.764921,119.0,2008-10-18,0.06297056810403832,23,call,5.02,0.0076,0.9853854829251285,crisis,American
SPY,2008-09-25,120.764921,120.0,2008-10-18,0.06297056810403832,23,call,4.46,0.0076,0.9936660332018104,crisis,American
SPY,2008-09-25,120.764921,121.0,2008-10-18,0.06297056810403832,23,call,3.88,0.0076,1.001946583478492,crisis,American
SPY,2008-09-25,120.764921,122.0,2008-10-18,0.06297056810403832,23,call,3.35,0.0076,1.0102271337551738,crisis,American
SPY,2008-09-25,120.764921,123.0,2008-10-18,0.06297056810403832,23,call,2.85,0.0076,1.0185076840318557,crisis,American
SPY,2008-09-25,120.764921,124.0,2008-10-18,0.06297056810403832,23,call,2.43,0.0076,1.0267882343085373,crisis,American
SPY,2008-09-25,120.764921,125.0,2008-10-18,0.06297056810403832,23,call,2.03,0.0076,1.0350687845852191,crisis,American
SPY,2008-09-25,120.764921,126.0,2008-10-18,0.06297056810403832,23,call,1.69,0.0076,1.0433493348619007,crisis,American
SPY,2008-09-25,120.764921,127.0,2008-10-18,0.06297056810403832,23,call,1.36,0.0076,1.0516298851385826,crisis,American
SPY,2008-09-25,120.764921,128.0,2008-10-18,0.06297056810403832,23,call,1.1,0.0076,1.0599104354152644,crisis,American
SPY,2008-09-25,120.764921,129.0,2008-10-18,0.06297056810403832,23,call,0.89,0.0076,1.068190985691946,crisis,American
SPY,2008-09-25,120.764921,130.0,2008-10-18,0.06297056810403832,23,call,0.7,0.0076,1.0764715359686279,crisis,American
SPY,2008-09-25,120.764921,131.0,2008-10-18,0.06297056810403832,23,call,0.5549999999999999,0.0076,1.0847520862453095,crisis,American
SPY,2008-09-25,120.764921,132.0,2008-10-18,0.06297056810403832,23,call,0.41500000000000004,0.0076,1.0930326365219913,crisis,American
SPY,2008-09-25,120.764921,109.0,2008-11-22,0.15879534565366188,58,call,14.1,0.0076,0.902579980158311,crisis,American
SPY,2008-09-25,120.764921,110.0,2008-11-22,0.15879534565366188,58,call,13.31,0.0076,0.9108605304349928,crisis,American
SPY,2008-09-25,120.764921,111.0,2008-11-22,0.15879534565366188,58,call,12.53,0.0076,0.9191410807116746,crisis,American
SPY,2008-09-25,120.764921,112.0,2008-11-22,0.15879534565366188,58,call,11.77,0.0076,0.9274216309883563,crisis,American
SPY,2008-09-25,120.764921,113.0,2008-11-22,0.15879534565366188,58,call,10.97,0.0076,0.935702181265038,crisis,American
SPY,2008-09-25,120.764921,114.0,2008-11-22,0.15879534565366188,58,call,10.26,0.0076,0.9439827315417197,crisis,American
SPY,2008-09-25,120.764921,115.0,2008-11-22,0.15879534565366188,58,call,9.54,0.0076,0.9522632818184016,crisis,American
SPY,2008-09-25,120.764921,116.0,2008-11-22,0.15879534565366188,58,call,8.85,0.0076,0.9605438320950833,crisis,American
SPY,2008-09-25,120.764921,117.0,2008-11-22,0.15879534565366188,58,call,8.16,0.0076,0.968824382371765,crisis,American
SPY,2008-09-25,120.764921,118.0,2008-11-22,0.15879534565366188,58,call,7.52,0.0076,0.9771049326484468,crisis,American
SPY,2008-09-25,120.764921,119.0,2008-11-22,0.15879534565366188,58,call,6.89,0.0076,0.9853854829251285,crisis,American
SPY,2008-09-25,120.764921,120.0,2008-11-22,0.15879534565366188,58,call,6.29,0.0076,0.9936660332018104,crisis,American
SPY,2008-09-25,120.764921,121.0,2008-11-22,0.15879534565366188,58,call,5.71,0.0076,1.001946583478492,crisis,American
SPY,2008-09-25,120.764921,122.0,2008-11-22,0.15879534565366188,58,call,5.17,0.0076,1.0102271337551738,crisis,American
SPY,2008-09-25,120.764921,123.0,2008-11-22,0.15879534565366188,58,call,4.64,0.0076,1.0185076840318557,crisis,American
SPY,2008-09-25,120.764921,124.0,2008-11-22,0.15879534565366188,58,call,4.17,0.0076,1.0267882343085373,crisis,American
SPY,2008-09-25,120.764921,125.0,2008-11-22,0.15879534565366188,58,call,3.71,0.0076,1.0350687845852191,crisis,American
SPY,2008-09-25,120.764921,126.0,2008-11-22,0.15879534565366188,58,call,3.28,0.0076,1.0433493348619007,crisis,American
SPY,2008-09-25,120.764921,127.0,2008-11-22,0.15879534565366188,58,call,2.87,0.0076,1.0516298851385826,crisis,American
SPY,2008-09-25,120.764921,128.0,2008-11-22,0.15879534565366188,58,call,2.52,0.0076,1.0599104354152644,crisis,American
SPY,2008-09-25,120.764921,129.0,2008-11-22,0.15879534565366188,58,call,2.18,0.0076,1.068190985691946,crisis,American
SPY,2008-09-25,120.764921,130.0,2008-11-22,0.15879534565366188,58,call,1.875,0.0076,1.0764715359686279,crisis,American
SPY,2008-09-25,120.764921,131.0,2008-11-22,0.15879534565366188,58,call,1.605,0.0076,1.0847520862453095,crisis,American
SPY,2008-09-25,120.764921,132.0,2008-11-22,0.15879534565366188,58,call,1.365,0.0076,1.0930326365219913,crisis,American
SPY,2008-10-02,111.354786,101.0,2008-10-18,0.04380561259411362,16,call,12.425,0.0063,0.9070108580694501,crisis,American
SPY,2008-10-02,111.354786,102.0,2008-10-18,0.04380561259411362,16,call,11.625,0.0063,0.9159911635948903,crisis,American
SPY,2008-10-02,111.354786,103.0,2008-10-18,0.04380561259411362,16,call,10.825,0.0063,0.9249714691203303,crisis,American
SPY,2008-10-02,111.354786,104.0,2008-10-18,0.04380561259411362,16,call,10.0,0.0063,0.9339517746457705,crisis,American
SPY,2008-10-02,111.354786,105.0,2008-10-18,0.04380561259411362,16,call,9.25,0.0063,0.9429320801712106,crisis,American
SPY,2008-10-02,111.354786,106.0,2008-10-18,0.04380561259411362,16,call,8.5,0.0063,0.9519123856966507,crisis,American
SPY,2008-10-02,111.354786,107.0,2008-10-18,0.04380561259411362,16,call,7.775,0.0063,0.9608926912220908,crisis,American
SPY,2008-10-02,111.354786,108.0,2008-10-18,0.04380561259411362,16,call,7.075,0.0063,0.9698729967475309,crisis,American
SPY,2008-10-02,111.354786,109.0,2008-10-18,0.04380561259411362,16,call,6.425,0.0063,0.978853302272971,crisis,American
SPY,2008-10-02,111.354786,110.0,2008-10-18,0.04380561259411362,16,call,5.83,0.0063,0.9878336077984111,crisis,American
SPY,2008-10-02,111.354786,111.0,2008-10-18,0.04380561259411362,16,call,5.24,0.0063,0.9968139133238512,crisis,American
SPY,2008-10-02,111.354786,112.0,2008-10-18,0.04380561259411362,16,call,4.67,0.0063,1.0057942188492912,crisis,American
SPY,2008-10-02,111.354786,113.0,2008-10-18,0.04380561259411362,16,call,4.18,0.0063,1.0147745243747315,crisis,American
SPY,2008-10-02,111.354786,114.0,2008-10-18,0.04380561259411362,16,call,3.64,0.0063,1.0237548299001715,crisis,American
SPY,2008-10-02,111.354786,115.0,2008-10-18,0.04380561259411362,16,call,3.18,0.0063,1.0327351354256116,crisis,American
SPY,2008-10-02,111.354786,116.0,2008-10-18,0.04380561259411362,16,call,2.77,0.0063,1.0417154409510516,crisis,American
SPY,2008-10-02,111.354786,117.0,2008-10-18,0.04380561259411362,16,call,2.41,0.0063,1.0506957464764917,crisis,American
SPY,2008-10-02,111.354786,118.0,2008-10-18,0.04380561259411362,16,call,2.04,0.0063,1.059676052001932,crisis,American
SPY,2008-10-02,111.354786,119.0,2008-10-18,0.04380561259411362,16,call,1.73,0.0063,1.068656357527372,crisis,American
SPY,2008-10-02,111.354786,120.0,2008-10-18,0.04380561259411362,16,call,1.45,0.0063,1.077636663052812,crisis,American
SPY,2008-10-02,111.354786,121.0,2008-10-18,0.04380561259411362,16,call,1.21,0.0063,1.086616968578252,crisis,American
SPY,2008-10-02,111.354786,122.0,2008-10-18,0.04380561259411362,16,call,0.98,0.0063,1.0955972741036923,crisis,American
SPY,2008-10-02,111.354786,101.0,2008-11-22,0.13963039014373715,51,call,14.1,0.0063,0.9070108580694501,crisis,American
SPY,2008-10-02,111.354786,102.0,2008-11-22,0.13963039014373715,51,call,13.325,0.0063,0.9159911635948903,crisis,American
SPY,2008-10-02,111.354786,103.0,2008-11-22,0.13963039014373715,51,call,12.575,0.0063,0.9249714691203303,crisis,American
SPY,2008-10-02,111.354786,104.0,2008-11-22,0.13963039014373715,51,call,11.85,0.0063,0.9339517746457705,crisis,American
SPY,2008-10-02,111.354786,105.0,2008-11-22,0.13963039014373715,51,call,11.125,0.0063,0.9429320801712106,crisis,American
SPY,2008-10-02,111.354786,106.0,2008-11-22,0.13963039014373715,51,call,10.425,0.0063,0.9519123856966507,crisis,American
SPY,2008-10-02,111.354786,107.0,2008-11-22,0.13963039014373715,51,call,9.8,0.0063,0.9608926912220908,crisis,American
SPY,2008-10-02,111.354786,108.0,2008-11-22,0.13963039014373715,51,call,9.15,0.0063,0.9698729967475309,crisis,American
SPY,2008-10-02,111.354786,109.0,2008-11-22,0.13963039014373715,51,call,8.5,0.0063,0.978853302272971,crisis,American
SPY,2008-10-02,111.354786,110.0,2008-11-22,0.13963039014373715,51,call,7.92,0.0063,0.9878336077984111,crisis,American
SPY,2008-10-02,111.354786,111.0,2008-11-22,0.13963039014373715,51,call,7.33,0.0063,0.9968139133238512,crisis,American
SPY,2008-10-02,111.354786,112.0,2008-11-22,0.13963039014373715,51,call,6.75,0.0063,1.0057942188492912,crisis,American
SPY,2008-10-02,111.354786,113.0,2008-11-22,0.13963039014373715,51,call,6.21,0.0063,1.0147745243747315,crisis,American
SPY,2008-10-02,111.354786,114.0,2008-11-22,0.13963039014373715,51,call,5.71,0.0063,1.0237548299001715,crisis,American
SPY,2008-10-02,111.354786,115.0,2008-11-22,0.13963039014373715,51,call,5.21,0.0063,1.0327351354256116,crisis,American
SPY,2008-10-02,111.354786,116.0,2008-11-22,0.13963039014373715,51,call,4.7,0.0063,1.0417154409510516,crisis,American
SPY,2008-10-02,111.354786,117.0,2008-11-22,0.13963039014373715,51,call,4.29,0.0063,1.0506957464764917,crisis,American
SPY,2008-10-02,111.354786,118.0,2008-11-22,0.13963039014373715,51,call,3.87,0.0063,1.059676052001932,crisis,American
SPY,2008-10-02,111.354786,119.0,2008-11-22,0.13963039014373715,51,call,3.47,0.0063,1.068656357527372,crisis,American
SPY,2008-10-02,111.354786,120.0,2008-11-22,0.13963039014373715,51,call,3.09,0.0063,1.077636663052812,crisis,American
SPY,2008-10-02,111.354786,121.0,2008-11-22,0.13963039014373715,51,call,2.77,0.0063,1.086616968578252,crisis,American
SPY,2008-10-02,111.354786,122.0,2008-11-22,0.13963039014373715,51,call,2.45,0.0063,1.0955972741036923,crisis,American
SPY,2008-10-09,91.00948,82.0,2008-10-18,0.024640657084188913,9,call,10.6,0.006,0.9010050381564646,crisis,American
SPY,2008-10-09,91.00948,83.0,2008-10-18,0.024640657084188913,9,call,9.775,0.006,0.9119929044754459,crisis,American
SPY,2008-10-09,91.00948,84.0,2008-10-18,0.024640657084188913,9,call,9.025,0.006,0.9229807707944272,crisis,American
SPY,2008-10-09,91.00948,85.0,2008-10-18,0.024640657084188913,9,call,8.275,0.006,0.9339686371134085,crisis,American
SPY,2008-10-09,91.00948,86.0,2008-10-18,0.024640657084188913,9,call,7.55,0.006,0.9449565034323897,crisis,American
SPY,2008-10-09,91.00948,87.0,2008-10-18,0.024640657084188913,9,call,6.875,0.006,0.955944369751371,crisis,American
SPY,2008-10-09,91.00948,88.0,2008-10-18,0.024640657084188913,9,call,6.225,0.006,0.9669322360703523,crisis,American
SPY,2008-10-09,91.00948,89.0,2008-10-18,0.024640657084188913,9,call,5.6,0.006,0.9779201023893336,crisis,American
SPY,2008-10-09,91.00948,90.0,2008-10-18,0.024640657084188913,9,call,5.050000000000001,0.006,0.9889079687083148,crisis,American
SPY,2008-10-09,91.00948,91.0,2008-10-18,0.024640657084188913,9,call,4.475,0.006,0.9998958350272961,crisis,American
SPY,2008-10-09,91.00948,92.0,2008-10-18,0.024640657084188913,9,call,3.925,0.006,1.0108837013462775,crisis,American
SPY,2008-10-09,91.00948,93.0,2008-10-18,0.024640657084188913,9,call,3.5,0.006,1.0218715676652586,crisis,American
SPY,2008-10-09,91.00948,94.0,2008-10-18,0.024640657084188913,9,call,3.08,0.006,1.0328594339842398,crisis,American
SPY,2008-10-09,91.00948,95.0,2008-10-18,0.024640657084188913,9,call,2.6799999999999997,0.006,1.0438473003032211,crisis,American
SPY,2008-10-09,91.00948,96.0,2008-10-18,0.024640657084188913,9,call,2.3200000000000003,0.006,1.0548351666222024,crisis,American
SPY,2008-10-09,91.00948,97.0,2008-10-18,0.024640657084188913,9,call,2.0,0.006,1.0658230329411837,crisis,American
SPY,2008-10-09,91.00948,98.0,2008-10-18,0.024640657084188913,9,call,1.74,0.006,1.076810899260165,crisis,American
SPY,2008-10-09,91.00948,99.0,2008-10-18,0.024640657084188913,9,call,1.44,0.006,1.0877987655791463,crisis,American
SPY,2008-10-09,91.00948,100.0,2008-10-18,0.024640657084188913,9,call,1.22,0.006,1.0987866318981276,crisis,American
SPY,2008-10-09,91.00948,82.0,2008-11-22,0.12046543463381246,44,call,13.3,0.006,0.9010050381564646,crisis,American
SPY,2008-10-09,91.00948,83.0,2008-11-22,0.12046543463381246,44,call,12.625,0.006,0.9119929044754459,crisis,American
SPY,2008-10-09,91.00948,84.0,2008-11-22,0.12046543463381246,44,call,11.875,0.006,0.9229807707944272,crisis,American
SPY,2008-10-09,91.00948,85.0,2008-11-22,0.12046543463381246,44,call,11.2,0.006,0.9339686371134085,crisis,American
SPY,2008-10-09,91.00948,86.0,2008-11-22,0.12046543463381246,44,call,10.55,0.006,0.9449565034323897,crisis,American
SPY,2008-10-09,91.00948,87.0,2008-11-22,0.12046543463381246,44,call,9.95,0.006,0.955944369751371,crisis,American
SPY,2008-10-09,91.00948,88.0,2008-11-22,0.12046543463381246,44,call,9.3,0.006,0.9669322360703523,crisis,American
SPY,2008-10-09,91.00948,89.0,2008-11-22,0.12046543463381246,44,call,8.7,0.006,0.9779201023893336,crisis,American
SPY,2008-10-09,91.00948,90.0,2008-11-22,0.12046543463381246,44,call,8.175,0.006,0.9889079687083148,crisis,American
SPY,2008-10-09,91.00948,91.0,2008-11-22,0.12046543463381246,44,call,7.625,0.006,0.9998958350272961,crisis,American
SPY,2008-10-09,91.00948,92.0,2008-11-22,0.12046543463381246,44,call,7.125,0.006,1.0108837013462775,crisis,American
SPY,2008-10-09,91.00948,93.0,2008-11-22,0.12046543463381246,44,call,6.525,0.006,1.0218715676652586,crisis,American
SPY,2008-10-09,91.00948,94.0,2008-11-22,0.12046543463381246,44,call,6.125,0.006,1.0328594339842398,crisis,American
SPY,2008-10-09,91.00948,95.0,2008-11-22,0.12046543463381246,44,call,5.6,0.006,1.0438473003032211,crisis,American
SPY,2008-10-09,91.00948,96.0,2008-11-22,0.12046543463381246,44,call,5.175,0.006,1.0548351666222024,crisis,American
SPY,2008-10-09,91.00948,97.0,2008-11-22,0.12046543463381246,44,call,4.775,0.006,1.0658230329411837,crisis,American
SPY,2008-10-09,91.00948,98.0,2008-11-22,0.12046543463381246,44,call,4.375,0.006,1.076810899260165,crisis,American
SPY,2008-10-09,91.00948,99.0,2008-11-22,0.12046543463381246,44,call,4.025,0.006,1.0877987655791463,crisis,American
SPY,2008-10-09,91.00948,100.0,2008-11-22,0.12046543463381246,44,call,3.675,0.006,1.0987866318981276,crisis,American
SPY,2008-10-16,94.675625,86.0,2008-11-22,0.10130047912388775,37,call,12.25,0.0046,0.9083647454136162,crisis,American
SPY,2008-10-16,94.675625,87.0,2008-11-22,0.10130047912388775,37,call,11.525,0.0046,0.9189271261742397,crisis,American
SPY,2008-10-16,94.675625,88.0,2008-11-22,0.10130047912388775,37,call,10.875,0.0046,0.9294895069348631,crisis,American
SPY,2008-10-16,94.675625,89.0,2008-11-22,0.10130047912388775,37,call,10.175,0.0046,0.9400518876954866,crisis,American
SPY,2008-10-16,94.675625,90.0,2008-11-22,0.10130047912388775,37,call,9.525,0.0046,0.9506142684561101,crisis,American
SPY,2008-10-16,94.675625,91.0,2008-11-22,0.10130047912388775,37,call,8.875,0.0046,0.9611766492167335,crisis,American
SPY,2008-10-16,94.675625,92.0,2008-11-22,0.10130047912388775,37,call,8.225,0.0046,0.971739029977357,crisis,American
SPY,2008-10-16,94.675625,93.0,2008-11-22,0.10130047912388775,37,call,7.675000000000001,0.0046,0.9823014107379804,crisis,American
SPY,2008-10-16,94.675625,94.0,2008-11-22,0.10130047912388775,37,call,7.074999999999999,0.0046,0.9928637914986038,crisis,American
SPY,2008-10-16,94.675625,95.0,2008-11-22,0.10130047912388775,37,call,6.525,0.0046,1.0034261722592273,crisis,American
SPY,2008-10-16,94.675625,96.0,2008-11-22,0.10130047912388775,37,call,5.975,0.0046,1.0139885530198507,crisis,American
SPY,2008-10-16,94.675625,97.0,2008-11-22,0.10130047912388775,37,call,5.475,0.0046,1.0245509337804741,crisis,American
SPY,2008-10-16,94.675625,98.0,2008-11-22,0.10130047912388775,37,call,5.0,0.0046,1.0351133145410976,crisis,American
SPY,2008-10-16,94.675625,99.0,2008-11-22,0.10130047912388775,37,call,4.525,0.0046,1.045675695301721,crisis,American
SPY,2008-10-16,94.675625,100.0,2008-11-22,0.10130047912388775,37,call,4.075,0.0046,1.0562380760623444,crisis,American
SPY,2008-10-16,94.675625,101.0,2008-11-22,0.10130047912388775,37,call,3.675,0.0046,1.0668004568229679,crisis,American
SPY,2008-10-16,94.675625,102.0,2008-11-22,0.10130047912388775,37,call,3.2750000000000004,0.0046,1.0773628375835913,crisis,American
SPY,2008-10-16,94.675625,103.0,2008-11-22,0.10130047912388775,37,call,2.92,0.0046,1.0879252183442147,crisis,American
SPY,2008-10-16,94.675625,104.0,2008-11-22,0.10130047912388775,37,call,2.59,0.0046,1.0984875991048382,crisis,American
SPY,2008-10-23,90.871131,82.0,2008-11-22,0.08213552361396304,30,call,11.95,0.0098,0.902376795552374,crisis,American
SPY,2008-10-23,90.871131,83.0,2008-11-22,0.08213552361396304,30,call,11.175,0.0098,0.9133813906200858,crisis,American
SPY,2008-10-23,90.871131,84.0,2008-11-22,0.08213552361396304,30,call,10.45,0.0098,0.9243859856877977,crisis,American
SPY,2008-10-23,90.871131,85.0,2008-11-22,0.08213552361396304,30,call,9.75,0.0098,0.9353905807555096,crisis,American
SPY,2008-10-23,90.871131,86.0,2008-11-22,0.08213552361396304,30,call,9.075,0.0098,0.9463951758232215,crisis,American
SPY,2008-10-23,90.871131,87.0,2008-11-22,0.08213552361396304,30,call,8.425,0.0098,0.9573997708909334,crisis,American
SPY,2008-10-23,90.871131,88.0,2008-11-22,0.08213552361396304,30,call,7.775,0.0098,0.9684043659586453,crisis,American
SPY,2008-10-23,90.871131,89.0,2008-11-22,0.08213552361396304,30,call,7.125,0.0098,0.9794089610263571,crisis,American
SPY,2008-10-23,90.871131,90.0,2008-11-22,0.08213552361396304,30,call,6.574999999999999,0.0098,0.990413556094069,crisis,American
SPY,2008-10-23,90.871131,91.0,2008-11-22,0.08213552361396304,30,call,5.975,0.0098,1.001418151161781,crisis,American
SPY,2008-10-23,90.871131,92.0,2008-11-22,0.08213552361396304,30,call,5.45,0.0098,1.0124227462294928,crisis,American
SPY,2008-10-23,90.871131,93.0,2008-11-22,0.08213552361396304,30,call,4.925000000000001,0.0098,1.0234273412972046,crisis,American
SPY,2008-10-23,90.871131,94.0,2008-11-22,0.08213552361396304,30,call,4.425000000000001,0.0098,1.0344319363649166,crisis,American
SPY,2008-10-23,90.871131,96.0,2008-11-22,0.08213552361396304,30,call,3.525,0.0098,1.0564411265003404,crisis,American
SPY,2008-10-23,90.871131,97.0,2008-11-22,0.08213552361396304,30,call,3.1500000000000004,0.0098,1.0674457215680522,crisis,American
SPY,2008-10-23,90.871131,98.0,2008-11-22,0.08213552361396304,30,call,2.74,0.0098,1.078450316635764,crisis,American
SPY,2008-10-23,90.871131,99.0,2008-11-22,0.08213552361396304,30,call,2.395,0.0098,1.089454911703476,crisis,American
SPY,2008-10-23,90.871131,82.0,2008-12-20,0.15879534565366188,58,call,13.225,0.0098,0.902376795552374,crisis,American
SPY,2008-10-23,90.871131,83.0,2008-12-20,0.15879534565366188,58,call,12.45,0.0098,0.9133813906200858,crisis,American
SPY,2008-10-23,90.871131,84.0,2008-12-20,0.15879534565366188,58,call,11.8,0.0098,0.9243859856877977,crisis,American
SPY,2008-10-23,90.871131,85.0,2008-12-20,0.15879534565366188,58,call,11.1,0.0098,0.9353905807555096,crisis,American
SPY,2008-10-23,90.871131,86.0,2008-12-20,0.15879534565366188,58,call,10.45,0.0098,0.9463951758232215,crisis,American
SPY,2008-10-23,90.871131,87.0,2008-12-20,0.15879534565366188,58,call,9.8,0.0098,0.9573997708909334,crisis,American
SPY,2008-10-23,90.871131,88.0,2008-12-20,0.15879534565366188,58,call,9.175,0.0098,0.9684043659586453,crisis,American
SPY,2008-10-23,90.871131,89.0,2008-12-20,0.15879534565366188,58,call,8.575,0.0098,0.9794089610263571,crisis,American
SPY,2008-10-23,90.871131,90.0,2008-12-20,0.15879534565366188,58,call,8.0,0.0098,0.990413556094069,crisis,American
SPY,2008-10-23,90.871131,91.0,2008-12-20,0.15879534565366188,58,call,7.425,0.0098,1.001418151161781,crisis,American
SPY,2008-10-23,90.871131,92.0,2008-12-20,0.15879534565366188,58,call,6.875,0.0098,1.0124227462294928,crisis,American
SPY,2008-10-23,90.871131,93.0,2008-12-20,0.15879534565366188,58,call,6.35,0.0098,1.0234273412972046,crisis,American
SPY,2008-10-23,90.871131,94.0,2008-12-20,0.15879534565366188,58,call,5.875,0.0098,1.0344319363649166,crisis,American
SPY,2008-10-23,90.871131,95.0,2008-12-20,0.15879534565366188,58,call,5.375,0.0098,1.0454365314326284,crisis,American
SPY,2008-10-23,90.871131,96.0,2008-12-20,0.15879534565366188,58,call,4.925,0.0098,1.0564411265003404,crisis,American
SPY,2008-10-23,90.871131,97.0,2008-12-20,0.15879534565366188,58,call,4.475,0.0098,1.0674457215680522,crisis,American
SPY,2008-10-23,90.871131,98.0,2008-12-20,0.15879534565366188,58,call,4.075,0.0098,1.078450316635764,crisis,American
SPY,2008-10-23,90.871131,99.0,2008-12-20,0.15879534565366188,58,call,3.675,0.0098,1.089454911703476,crisis,American
SPY,2008-10-30,95.49356,86.0,2008-11-22,0.06297056810403832,23,call,12.5,0.0040999999999999995,0.9005842907102846,crisis,American
SPY,2008-10-30,95.49356,87.0,2008-11-22,0.06297056810403832,23,call,11.725000000000001,0.0040999999999999995,0.9110562010673808,crisis,American
SPY,2008-10-30,95.49356,88.0,2008-11-22,0.06297056810403832,23,call,10.975000000000001,0.0040999999999999995,0.9215281114244772,crisis,American
SPY,2008-10-30,95.49356,89.0,2008-11-22,0.06297056810403832,23,call,10.225000000000001,0.0040999999999999995,0.9320000217815735,crisis,American
SPY,2008-10-30,95.49356,90.0,2008-11-22,0.06297056810403832,23,call,9.475000000000001,0.0040999999999999995,0.9424719321386699,crisis,American
SPY,2008-10-30,95.49356,91.0,2008-11-22,0.06297056810403832,23,call,8.8,0.0040999999999999995,0.9529438424957661,crisis,American
SPY,2008-10-30,95.49356,92.0,2008-11-22,0.06297056810403832,23,call,8.1,0.0040999999999999995,0.9634157528528625,crisis,American
SPY,2008-10-30,95.49356,93.0,2008-11-22,0.06297056810403832,23,call,7.449999999999999,0.0040999999999999995,0.9738876632099589,crisis,American
SPY,2008-10-30,95.49356,94.0,2008-11-22,0.06297056810403832,23,call,6.800000000000001,0.0040999999999999995,0.9843595735670552,crisis,American
SPY,2008-10-30,95.49356,95.0,2008-11-22,0.06297056810403832,23,call,6.125,0.0040999999999999995,0.9948314839241515,crisis,American
SPY,2008-10-30,95.49356,96.0,2008-11-22,0.06297056810403832,23,call,5.575,0.0040999999999999995,1.005303394281248,crisis,American
SPY,2008-10-30,95.49356,97.0,2008-11-22,0.06297056810403832,23,call,5.0,0.0040999999999999995,1.0157753046383442,crisis,American
SPY,2008-10-30,95.49356,98.0,2008-11-22,0.06297056810403832,23,call,4.45,0.0040999999999999995,1.0262472149954405,crisis,American
SPY,2008-10-30,95.49356,99.0,2008-11-22,0.06297056810403832,23,call,3.95,0.0040999999999999995,1.0367191253525367,crisis,American
SPY,2008-10-30,95.49356,100.0,2008-11-22,0.06297056810403832,23,call,3.45,0.0040999999999999995,1.0471910357096332,crisis,American
SPY,2008-10-30,95.49356,101.0,2008-11-22,0.06297056810403832,23,call,3.045,0.0040999999999999995,1.0576629460667295,crisis,American
SPY,2008-10-30,95.49356,102.0,2008-11-22,0.06297056810403832,23,call,2.63,0.0040999999999999995,1.0681348564238258,crisis,American
SPY,2008-10-30,95.49356,103.0,2008-11-22,0.06297056810403832,23,call,2.255,0.0040999999999999995,1.0786067667809223,crisis,American
SPY,2008-10-30,95.49356,104.0,2008-11-22,0.06297056810403832,23,call,1.9449999999999998,0.0040999999999999995,1.0890786771380185,crisis,American
SPY,2008-10-30,95.49356,105.0,2008-11-22,0.06297056810403832,23,call,1.63,0.0040999999999999995,1.0995505874951148,crisis,American
SPY,2008-10-30,95.49356,86.0,2008-12-20,0.13963039014373715,51,call,14.2,0.0040999999999999995,0.9005842907102846,crisis,American
SPY,2008-10-30,95.49356,87.0,2008-12-20,0.13963039014373715,51,call,13.45,0.0040999999999999995,0.9110562010673808,crisis,American
SPY,2008-10-30,95.49356,88.0,2008-12-20,0.13963039014373715,51,call,12.725,0.0040999999999999995,0.9215281114244772,crisis,American
SPY,2008-10-30,95.49356,89.0,2008-12-20,0.13963039014373715,51,call,12.025,0.0040999999999999995,0.9320000217815735,crisis,American
SPY,2008-10-30,95.49356,90.0,2008-12-20,0.13963039014373715,51,call,11.325,0.0040999999999999995,0.9424719321386699,crisis,American
SPY,2008-10-30,95.49356,91.0,2008-12-20,0.13963039014373715,51,call,10.625,0.0040999999999999995,0.9529438424957661,crisis,American
SPY,2008-10-30,95.49356,92.0,2008-12-20,0.13963039014373715,51,call,10.0,0.0040999999999999995,0.9634157528528625,crisis,American
SPY,2008-10-30,95.49356,93.0,2008-12-20,0.13963039014373715,51,call,9.325,0.0040999999999999995,0.9738876632099589,crisis,American
SPY,2008-10-30,95.49356,94.0,2008-12-20,0.13963039014373715,51,call,8.7,0.0040999999999999995,0.9843595735670552,crisis,American
SPY,2008-10-30,95.49356,95.0,2008-12-20,0.13963039014373715,51,call,8.05,0.0040999999999999995,0.9948314839241515,crisis,American
SPY,2008-10-30,95.49356,96.0,2008-12-20,0.13963039014373715,51,call,7.5,0.0040999999999999995,1.005303394281248,crisis,American
SPY,2008-10-30,95.49356,97.0,2008-12-20,0.13963039014373715,51,call,6.9,0.0040999999999999995,1.0157753046383442,crisis,American
SPY,2008-10-30,95.49356,98.0,2008-12-20,0.13963039014373715,51,call,6.4,0.0040999999999999995,1.0262472149954405,crisis,American
SPY,2008-10-30,95.49356,99.0,2008-12-20,0.13963039014373715,51,call,5.825,0.0040999999999999995,1.0367191253525367,crisis,American
SPY,2008-10-30,95.49356,100.0,2008-12-20,0.13963039014373715,51,call,5.325,0.0040999999999999995,1.0471910357096332,crisis,American
SPY,2008-10-30,95.49356,101.0,2008-12-20,0.13963039014373715,51,call,4.875,0.0040999999999999995,1.0576629460667295,crisis,American
SPY,2008-10-30,95.49356,102.0,2008-12-20,0.13963039014373715,51,call,4.425,0.0040999999999999995,1.0681348564238258,crisis,American
SPY,2008-10-30,95.49356,103.0,2008-12-20,0.13963039014373715,51,call,3.9749999999999996,0.0040999999999999995,1.0786067667809223,crisis,American
SPY,2008-10-30,95.49356,104.0,2008-12-20,0.13963039014373715,51,call,3.6,0.0040999999999999995,1.0890786771380185,crisis,American
SPY,2008-10-30,95.49356,105.0,2008-12-20,0.13963039014373715,51,call,3.2249999999999996,0.0040999999999999995,1.0995505874951148,crisis,American
SPY,2008-11-06,90.663879,82.0,2008-11-22,0.04380561259411362,16,call,10.8,0.0032,0.9044395728976036,crisis,American
SPY,2008-11-06,90.663879,83.0,2008-11-22,0.04380561259411362,16,call,10.0,0.0032,0.9154693237865987,crisis,American
SPY,2008-11-06,90.663879,84.0,2008-11-22,0.04380561259411362,16,call,9.149999999999999,0.0032,0.9264990746755939,crisis,American
SPY,2008-11-06,90.663879,85.0,2008-11-22,0.04380561259411362,16,call,8.475,0.0032,0.937528825564589,crisis,American
SPY,2008-11-06,90.663879,86.0,2008-11-22,0.04380561259411362,16,call,7.75,0.0032,0.9485585764535842,crisis,American
SPY,2008-11-06,90.663879,87.0,2008-11-22,0.04380561259411362,16,call,7.050000000000001,0.0032,0.9595883273425794,crisis,American
SPY,2008-11-06,90.663879,88.0,2008-11-22,0.04380561259411362,16,call,6.4,0.0032,0.9706180782315745,crisis,American
SPY,2008-11-06,90.663879,89.0,2008-11-22,0.04380561259411362,16,call,5.75,0.0032,0.9816478291205697,crisis,American
SPY,2008-11-06,90.663879,90.0,2008-11-22,0.04380561259411362,16,call,5.15,0.0032,0.9926775800095649,crisis,American
SPY,2008-11-06,90.663879,91.0,2008-11-22,0.04380561259411362,16,call,4.550000000000001,0.0032,1.00370733089856,crisis,American
SPY,2008-11-06,90.663879,92.0,2008-11-22,0.04380561259411362,16,call,4.025,0.0032,1.0147370817875552,crisis,American
SPY,2008-11-06,90.663879,93.0,2008-11-22,0.04380561259411362,16,call,3.5,0.0032,1.0257668326765503,crisis,American
SPY,2008-11-06,90.663879,94.0,2008-11-22,0.04380561259411362,16,call,3.035,0.0032,1.0367965835655455,crisis,American
SPY,2008-11-06,90.663879,95.0,2008-11-22,0.04380561259411362,16,call,2.585,0.0032,1.0478263344545407,crisis,American
SPY,2008-11-06,90.663879,96.0,2008-11-22,0.04380561259411362,16,call,2.2350000000000003,0.0032,1.0588560853435358,crisis,American
SPY,2008-11-06,90.663879,97.0,2008-11-22,0.04380561259411362,16,call,1.875,0.0032,1.069885836232531,crisis,American
SPY,2008-11-06,90.663879,98.0,2008-11-22,0.04380561259411362,16,call,1.55,0.0032,1.0809155871215261,crisis,American
SPY,2008-11-06,90.663879,99.0,2008-11-22,0.04380561259411362,16,call,1.29,0.0032,1.0919453380105213,crisis,American
SPY,2008-11-06,90.663879,82.0,2008-12-20,0.12046543463381246,44,call,12.85,0.0032,0.9044395728976036,crisis,American
SPY,2008-11-06,90.663879,83.0,2008-12-20,0.12046543463381246,44,call,12.05,0.0032,0.9154693237865987,crisis,American
SPY,2008-11-06,90.663879,84.0,2008-12-20,0.12046543463381246,44,call,11.4,0.0032,0.9264990746755939,crisis,American
SPY,2008-11-06,90.663879,85.0,2008-12-20,0.12046543463381246,44,call,10.65,0.0032,0.937528825564589,crisis,American
SPY,2008-11-06,90.663879,86.0,2008-12-20,0.12046543463381246,44,call,9.975,0.0032,0.9485585764535842,crisis,American
SPY,2008-11-06,90.663879,87.0,2008-12-20,0.12046543463381246,44,call,9.3,0.0032,0.9595883273425794,crisis,American
SPY,2008-11-06,90.663879,88.0,2008-12-20,0.12046543463381246,44,call,8.65,0.0032,0.9706180782315745,crisis,American
SPY,2008-11-06,90.663879,89.0,2008-12-20,0.12046543463381246,44,call,8.05,0.0032,0.9816478291205697,crisis,American
SPY,2008-11-06,90.663879,90.0,2008-12-20,0.12046543463381246,44,call,7.425,0.0032,0.9926775800095649,crisis,American
SPY,2008-11-06,90.663879,91.0,2008-12-20,0.12046543463381246,44,call,6.825,0.0032,1.00370733089856,crisis,American
SPY,2008-11-06,90.663879,92.0,2008-12-20,0.12046543463381246,44,call,6.275,0.0032,1.0147370817875552,crisis,American
SPY,2008-11-06,90.663879,93.0,2008-12-20,0.12046543463381246,44,call,5.725,0.0032,1.0257668326765503,crisis,American
SPY,2008-11-06,90.663879,94.0,2008-12-20,0.12046543463381246,44,call,5.225,0.0032,1.0367965835655455,crisis,American
SPY,2008-11-06,90.663879,95.0,2008-12-20,0.12046543463381246,44,call,4.775,0.0032,1.0478263344545407,crisis,American
SPY,2008-11-06,90.663879,96.0,2008-12-20,0.12046543463381246,44,call,4.300000000000001,0.0032,1.0588560853435358,crisis,American
SPY,2008-11-06,90.663879,97.0,2008-12-20,0.12046543463381246,44,call,3.85,0.0032,1.069885836232531,crisis,American
SPY,2008-11-06,90.663879,98.0,2008-12-20,0.12046543463381246,44,call,3.45,0.0032,1.0809155871215261,crisis,American
SPY,2008-11-06,90.663879,99.0,2008-12-20,0.12046543463381246,44,call,3.0999999999999996,0.0032,1.0919453380105213,crisis,American
SPY,2008-11-13,91.398333,83.0,2008-11-22,0.024640657084188913,9,call,8.575,0.0022,0.9081128427145384,crisis,American
SPY,2008-11-13,91.398333,84.0,2008-11-22,0.024640657084188913,9,call,7.75,0.0022,0.9190539613014606,crisis,American
SPY,2008-11-13,91.398333,85.0,2008-11-22,0.024640657084188913,9,call,6.975,0.0022,0.9299950798883827,crisis,American
SPY,2008-11-13,91.398333,86.0,2008-11-22,0.024640657084188913,9,call,6.2,0.0022,0.9409361984753049,crisis,American
SPY,2008-11-13,91.398333,87.0,2008-11-22,0.024640657084188913,9,call,5.475,0.0022,0.951877317062227,crisis,American
SPY,2008-11-13,91.398333,88.0,2008-11-22,0.024640657084188913,9,call,4.824999999999999,0.0022,0.9628184356491492,crisis,American
SPY,2008-11-13,91.398333,89.0,2008-11-22,0.024640657084188913,9,call,4.175000000000001,0.0022,0.9737595542360713,crisis,American
SPY,2008-11-13,91.398333,90.0,2008-11-22,0.024640657084188913,9,call,3.575,0.0022,0.9847006728229935,crisis,American
SPY,2008-11-13,91.398333,91.0,2008-11-22,0.024640657084188913,9,call,3.075,0.0022,0.9956417914099156,crisis,American
SPY,2008-11-13,91.398333,92.0,2008-11-22,0.024640657084188913,9,call,2.5999999999999996,0.0022,1.0065829099968377,crisis,American
SPY,2008-11-13,91.398333,93.0,2008-11-22,0.024640657084188913,9,call,2.1399999999999997,0.0022,1.01752402858376,crisis,American
SPY,2008-11-13,91.398333,94.0,2008-11-22,0.024640657084188913,9,call,1.7650000000000001,0.0022,1.028465147170682,crisis,American
SPY,2008-11-13,91.398333,95.0,2008-11-22,0.024640657084188913,9,call,1.42,0.0022,1.0394062657576042,crisis,American
SPY,2008-11-13,91.398333,96.0,2008-11-22,0.024640657084188913,9,call,1.13,0.0022,1.0503473843445263,crisis,American
SPY,2008-11-13,91.398333,97.0,2008-11-22,0.024640657084188913,9,call,0.875,0.0022,1.0612885029314485,crisis,American
SPY,2008-11-13,91.398333,98.0,2008-11-22,0.024640657084188913,9,call,0.675,0.0022,1.0722296215183706,crisis,American
SPY,2008-11-13,91.398333,99.0,2008-11-22,0.024640657084188913,9,call,0.505,0.0022,1.0831707401052928,crisis,American
SPY,2008-11-13,91.398333,100.0,2008-11-22,0.024640657084188913,9,call,0.375,0.0022,1.094111858692215,crisis,American
SPY,2008-11-13,91.398333,83.0,2008-12-20,0.10130047912388775,37,call,10.875,0.0022,0.9081128427145384,crisis,American
SPY,2008-11-13,91.398333,84.0,2008-12-20,0.10130047912388775,37,call,10.149999999999999,0.0022,0.9190539613014606,crisis,American
SPY,2008-11-13,91.398333,85.0,2008-12-20,0.10130047912388775,37,call,9.425,0.0022,0.9299950798883827,crisis,American
SPY,2008-11-13,91.398333,86.0,2008-12-20,0.10130047912388775,37,call,8.75,0.0022,0.9409361984753049,crisis,American
SPY,2008-11-13,91.398333,87.0,2008-12-20,0.10130047912388775,37,call,8.100000000000001,0.0022,0.951877317062227,crisis,American
SPY,2008-11-13,91.398333,88.0,2008-12-20,0.10130047912388775,37,call,7.45,0.0022,0.9628184356491492,crisis,American
SPY,2008-11-13,91.398333,89.0,2008-12-20,0.10130047912388775,37,call,6.85,0.0022,0.9737595542360713,crisis,American
SPY,2008-11-13,91.398333,90.0,2008-12-20,0.10130047912388775,37,call,6.225,0.0022,0.9847006728229935,crisis,American
SPY,2008-11-13,91.398333,91.0,2008-12-20,0.10130047912388775,37,call,5.675,0.0022,0.9956417914099156,crisis,American
SPY,2008-11-13,91.398333,92.0,2008-12-20,0.10130047912388775,37,call,5.125,0.0022,1.0065829099968377,crisis,American
SPY,2008-11-13,91.398333,93.0,2008-12-20,0.10130047912388775,37,call,4.6,0.0022,1.01752402858376,crisis,American
SPY,2008-11-13,91.398333,94.0,2008-12-20,0.10130047912388775,37,call,4.15,0.0022,1.028465147170682,crisis,American
SPY,2008-11-13,91.398333,95.0,2008-12-20,0.10130047912388775,37,call,3.7,0.0022,1.0394062657576042,crisis,American
SPY,2008-11-13,91.398333,96.0,2008-12-20,0.10130047912388775,37,call,3.2750000000000004,0.0022,1.0503473843445263,crisis,American
SPY,2008-11-13,91.398333,97.0,2008-12-20,0.10130047912388775,37,call,2.895,0.0022,1.0612885029314485,crisis,American
SPY,2008-11-13,91.398333,98.0,2008-12-20,0.10130047912388775,37,call,2.5300000000000002,0.0022,1.0722296215183706,crisis,American
SPY,2008-11-13,91.398333,99.0,2008-12-20,0.10130047912388775,37,call,2.2,0.0022,1.0831707401052928,crisis,American
SPY,2008-11-13,91.398333,100.0,2008-12-20,0.10130047912388775,37,call,1.9100000000000001,0.0022,1.094111858692215,crisis,American
SPY,2008-11-13,91.398333,100.0,2008-12-31,0.13141683778234087,48,call,2.3049999999999997,0.0022,1.094111858692215,crisis,American
SPY,2008-11-20,75.587663,69.0,2008-12-20,0.08213552361396304,30,call,10.274999999999999,0.0003,0.9128473782818235,crisis,American
SPY,2008-11-20,75.587663,70.0,2008-12-20,0.08213552361396304,30,call,9.649999999999999,0.0003,0.9260770504308354,crisis,American
SPY,2008-11-20,75.587663,71.0,2008-12-20,0.08213552361396304,30,call,8.85,0.0003,0.9393067225798474,crisis,American
SPY,2008-11-20,75.587663,72.0,2008-12-20,0.08213552361396304,30,call,8.275,0.0003,0.9525363947288593,crisis,American
SPY,2008-11-20,75.587663,73.0,2008-12-20,0.08213552361396304,30,call,7.75,0.0003,0.9657660668778713,crisis,American
SPY,2008-11-20,75.587663,74.0,2008-12-20,0.08213552361396304,30,call,7.125,0.0003,0.9789957390268832,crisis,American
SPY,2008-11-20,75.587663,75.0,2008-12-20,0.08213552361396304,30,call,6.574999999999999,0.0003,0.9922254111758951,crisis,American
SPY,2008-11-20,75.587663,76.0,2008-12-20,0.08213552361396304,30,call,6.05,0.0003,1.005455083324907,crisis,American
SPY,2008-11-20,75.587663,77.0,2008-12-20,0.08213552361396304,30,call,5.575,0.0003,1.018684755473919,crisis,American
SPY,2008-11-20,75.587663,78.0,2008-12-20,0.08213552361396304,30,call,5.1,0.0003,1.0319144276229308,crisis,American
SPY,2008-11-20,75.587663,79.0,2008-12-20,0.08213552361396304,30,call,4.65,0.0003,1.0451440997719428,crisis,American
SPY,2008-11-20,75.587663,80.0,2008-12-20,0.08213552361396304,30,call,4.25,0.0003,1.0583737719209547,crisis,American
SPY,2008-11-20,75.587663,81.0,2008-12-20,0.08213552361396304,30,call,3.8,0.0003,1.0716034440699667,crisis,American
SPY,2008-11-20,75.587663,82.0,2008-12-20,0.08213552361396304,30,call,3.425,0.0003,1.0848331162189786,crisis,American
SPY,2008-11-20,75.587663,83.0,2008-12-20,0.08213552361396304,30,call,3.1,0.0003,1.0980627883679905,crisis,American
SPY,2008-11-20,75.587663,69.0,2009-01-17,0.15879534565366188,58,call,11.725,0.0003,0.9128473782818235,crisis,American
SPY,2008-11-20,75.587663,70.0,2009-01-17,0.15879534565366188,58,call,11.15,0.0003,0.9260770504308354,crisis,American
SPY,2008-11-20,75.587663,71.0,2009-01-17,0.15879534565366188,58,call,10.425,0.0003,0.9393067225798474,crisis,American
SPY,2008-11-20,75.587663,72.0,2009-01-17,0.15879534565366188,58,call,9.9,0.0003,0.9525363947288593,crisis,American
SPY,2008-11-20,75.587663,73.0,2009-01-17,0.15879534565366188,58,call,9.3,0.0003,0.9657660668778713,crisis,American
SPY,2008-11-20,75.587663,74.0,2009-01-17,0.15879534565366188,58,call,8.65,0.0003,0.9789957390268832,crisis,American
SPY,2008-11-20,75.587663,75.0,2009-01-17,0.15879534565366188,58,call,8.275,0.0003,0.9922254111758951,crisis,American
SPY,2008-11-20,75.587663,76.0,2009-01-17,0.15879534565366188,58,call,7.6,0.0003,1.005455083324907,crisis,American
SPY,2008-11-20,75.587663,77.0,2009-01-17,0.15879534565366188,58,call,7.2,0.0003,1.018684755473919,crisis,American
SPY,2008-11-20,75.587663,78.0,2009-01-17,0.15879534565366188,58,call,6.75,0.0003,1.0319144276229308,crisis,American
SPY,2008-11-20,75.587663,79.0,2009-01-17,0.15879534565366188,58,call,6.175,0.0003,1.0451440997719428,crisis,American
SPY,2008-11-20,75.587663,80.0,2009-01-17,0.15879534565366188,58,call,5.775,0.0003,1.0583737719209547,crisis,American
SPY,2008-11-20,75.587663,81.0,2009-01-17,0.15879534565366188,58,call,5.4,0.0003,1.0716034440699667,crisis,American
SPY,2008-11-20,75.587663,82.0,2009-01-17,0.15879534565366188,58,call,5.0,0.0003,1.0848331162189786,crisis,American
SPY,2008-11-20,75.587663,83.0,2009-01-17,0.15879534565366188,58,call,4.65,0.0003,1.0980627883679905,crisis,American
SPY,2008-11-28,90.020685,82.0,2008-12-20,0.06023271731690623,22,call,9.875,0.0001,0.9109017555242997,crisis,American
SPY,2008-11-28,90.020685,83.0,2008-12-20,0.06023271731690623,22,call,9.075,0.0001,0.9220103135184986,crisis,American
SPY,2008-11-28,90.020685,84.0,2008-12-20,0.06023271731690623,22,call,8.325,0.0001,0.9331188715126973,crisis,American
SPY,2008-11-28,90.020685,85.0,2008-12-20,0.06023271731690623,22,call,7.6,0.0001,0.9442274295068961,crisis,American
SPY,2008-11-28,90.020685,86.0,2008-12-20,0.06023271731690623,22,call,6.9,0.0001,0.9553359875010948,crisis,American
SPY,2008-11-28,90.020685,87.0,2008-12-20,0.06023271731690623,22,call,6.25,0.0001,0.9664445454952937,crisis,American
SPY,2008-11-28,90.020685,88.0,2008-12-20,0.06023271731690623,22,call,5.6,0.0001,0.9775531034894924,crisis,American
SPY,2008-11-28,90.020685,89.0,2008-12-20,0.06023271731690623,22,call,4.975,0.0001,0.9886616614836912,crisis,American
SPY,2008-11-28,90.020685,90.0,2008-12-20,0.06023271731690623,22,call,4.45,0.0001,0.99977021947789,crisis,American
SPY,2008-11-28,90.020685,91.0,2008-12-20,0.06023271731690623,22,call,3.875,0.0001,1.0108787774720889,crisis,American
SPY,2008-11-28,90.020685,92.0,2008-12-20,0.06023271731690623,22,call,3.375,0.0001,1.0219873354662876,crisis,American
SPY,2008-11-28,90.020685,93.0,2008-12-20,0.06023271731690623,22,call,2.93,0.0001,1.0330958934604864,crisis,American
SPY,2008-11-28,90.020685,94.0,2008-12-20,0.06023271731690623,22,call,2.51,0.0001,1.044204451454685,crisis,American
SPY,2008-11-28,90.020685,95.0,2008-12-20,0.06023271731690623,22,call,2.13,0.0001,1.0553130094488838,crisis,American
SPY,2008-11-28,90.020685,96.0,2008-12-20,0.06023271731690623,22,call,1.8,0.0001,1.0664215674430826,crisis,American
SPY,2008-11-28,90.020685,97.0,2008-12-20,0.06023271731690623,22,call,1.51,0.0001,1.0775301254372815,crisis,American
SPY,2008-11-28,90.020685,98.0,2008-12-20,0.06023271731690623,22,call,1.25,0.0001,1.0886386834314803,crisis,American
SPY,2008-11-28,90.020685,99.0,2008-12-20,0.06023271731690623,22,call,1.02,0.0001,1.099747241425679,crisis,American
SPY,2008-11-28,90.020685,82.0,2009-01-17,0.13689253935660506,50,call,11.4,0.0001,0.9109017555242997,crisis,American
SPY,2008-11-28,90.020685,83.0,2009-01-17,0.13689253935660506,50,call,10.675,0.0001,0.9220103135184986,crisis,American
SPY,2008-11-28,90.020685,84.0,2009-01-17,0.13689253935660506,50,call,10.0,0.0001,0.9331188715126973,crisis,American
SPY,2008-11-28,90.020685,85.0,2009-01-17,0.13689253935660506,50,call,9.325,0.0001,0.9442274295068961,crisis,American
SPY,2008-11-28,90.020685,86.0,2009-01-17,0.13689253935660506,50,call,8.7,0.0001,0.9553359875010948,crisis,American
SPY,2008-11-28,90.020685,87.0,2009-01-17,0.13689253935660506,50,call,8.075,0.0001,0.9664445454952937,crisis,American
SPY,2008-11-28,90.020685,88.0,2009-01-17,0.13689253935660506,50,call,7.475,0.0001,0.9775531034894924,crisis,American
SPY,2008-11-28,90.020685,89.0,2009-01-17,0.13689253935660506,50,call,6.85,0.0001,0.9886616614836912,crisis,American
SPY,2008-11-28,90.020685,90.0,2009-01-17,0.13689253935660506,50,call,6.325,0.0001,0.99977021947789,crisis,American
SPY,2008-11-28,90.020685,91.0,2009-01-17,0.13689253935660506,50,call,5.825,0.0001,1.0108787774720889,crisis,American
SPY,2008-11-28,90.020685,92.0,2009-01-17,0.13689253935660506,50,call,5.300000000000001,0.0001,1.0219873354662876,crisis,American
SPY,2008-11-28,90.020685,93.0,2009-01-17,0.13689253935660506,50,call,4.8,0.0001,1.0330958934604864,crisis,American
SPY,2008-11-28,90.020685,94.0,2009-01-17,0.13689253935660506,50,call,4.35,0.0001,1.044204451454685,crisis,American
SPY,2008-11-28,90.020685,95.0,2009-01-17,0.13689253935660506,50,call,3.925,0.0001,1.0553130094488838,crisis,American
SPY,2008-11-28,90.020685,96.0,2009-01-17,0.13689253935660506,50,call,3.5250000000000004,0.0001,1.0664215674430826,crisis,American
SPY,2008-11-28,90.020685,97.0,2009-01-17,0.13689253935660506,50,call,3.175,0.0001,1.0775301254372815,crisis,American
SPY,2008-11-28,90.020685,98.0,2009-01-17,0.13689253935660506,50,call,2.8049999999999997,0.0001,1.0886386834314803,crisis,American
SPY,2008-11-28,90.020685,99.0,2009-01-17,0.13689253935660506,50,call,2.4850000000000003,0.0001,1.099747241425679,crisis,American
SPY,2008-12-05,88.066611,80.0,2008-12-20,0.04106776180698152,15,call,9.274999999999999,0.0002,0.9084032994070819,crisis,American
SPY,2008-12-05,88.066611,81.0,2008-12-20,0.04106776180698152,15,call,8.5,0.0002,0.9197583406496703,crisis,American
SPY,2008-12-05,88.066611,82.0,2008-12-20,0.04106776180698152,15,call,7.725,0.0002,0.9311133818922589,crisis,American
SPY,2008-12-05,88.066611,83.0,2008-12-20,0.04106776180698152,15,call,6.975,0.0002,0.9424684231348474,crisis,American
SPY,2008-12-05,88.066611,84.0,2008-12-20,0.04106776180698152,15,call,6.275,0.0002,0.9538234643774359,crisis,American
SPY,2008-12-05,88.066611,85.0,2008-12-20,0.04106776180698152,15,call,5.6,0.0002,0.9651785056200244,crisis,American
SPY,2008-12-05,88.066611,86.0,2008-12-20,0.04106776180698152,15,call,4.95,0.0002,0.976533546862613,crisis,American
SPY,2008-12-05,88.066611,87.0,2008-12-20,0.04106776180698152,15,call,4.324999999999999,0.0002,0.9878885881052015,crisis,American
SPY,2008-12-05,88.066611,88.0,2008-12-20,0.04106776180698152,15,call,3.7750000000000004,0.0002,0.99924362934779,crisis,American
SPY,2008-12-05,88.066611,89.0,2008-12-20,0.04106776180698152,15,call,3.25,0.0002,1.0105986705903784,crisis,American
SPY,2008-12-05,88.066611,90.0,2008-12-20,0.04106776180698152,15,call,2.785,0.0002,1.0219537118329671,crisis,American
SPY,2008-12-05,88.066611,91.0,2008-12-20,0.04106776180698152,15,call,2.37,0.0002,1.0333087530755556,crisis,American
SPY,2008-12-05,88.066611,92.0,2008-12-20,0.04106776180698152,15,call,1.9649999999999999,0.0002,1.044663794318144,crisis,American
SPY,2008-12-05,88.066611,93.0,2008-12-20,0.04106776180698152,15,call,1.63,0.0002,1.0560188355607325,crisis,American
SPY,2008-12-05,88.066611,94.0,2008-12-20,0.04106776180698152,15,call,1.33,0.0002,1.0673738768033212,crisis,American
SPY,2008-12-05,88.066611,95.0,2008-12-20,0.04106776180698152,15,call,1.08,0.0002,1.0787289180459096,crisis,American
SPY,2008-12-05,88.066611,96.0,2008-12-20,0.04106776180698152,15,call,0.86,0.0002,1.090083959288498,crisis,American
SPY,2008-12-05,88.066611,80.0,2009-01-17,0.11772758384668036,43,call,11.125,0.0002,0.9084032994070819,crisis,American
SPY,2008-12-05,88.066611,81.0,2009-01-17,0.11772758384668036,43,call,10.425,0.0002,0.9197583406496703,crisis,American
SPY,2008-12-05,88.066611,82.0,2009-01-17,0.11772758384668036,43,call,9.725000000000001,0.0002,0.9311133818922589,crisis,American
SPY,2008-12-05,88.066611,83.0,2009-01-17,0.11772758384668036,43,call,9.075,0.0002,0.9424684231348474,crisis,American
SPY,2008-12-05,88.066611,84.0,2009-01-17,0.11772758384668036,43,call,8.45,0.0002,0.9538234643774359,crisis,American
SPY,2008-12-05,88.066611,85.0,2009-01-17,0.11772758384668036,43,call,7.825,0.0002,0.9651785056200244,crisis,American
SPY,2008-12-05,88.066611,86.0,2009-01-17,0.11772758384668036,43,call,7.225,0.0002,0.976533546862613,crisis,American
SPY,2008-12-05,88.066611,87.0,2009-01-17,0.11772758384668036,43,call,6.65,0.0002,0.9878885881052015,crisis,American
SPY,2008-12-05,88.066611,88.0,2009-01-17,0.11772758384668036,43,call,6.1,0.0002,0.99924362934779,crisis,American
SPY,2008-12-05,88.066611,89.0,2009-01-17,0.11772758384668036,43,call,5.6,0.0002,1.0105986705903784,crisis,American
SPY,2008-12-05,88.066611,90.0,2009-01-17,0.11772758384668036,43,call,5.1,0.0002,1.0219537118329671,crisis,American
SPY,2008-12-05,88.066611,91.0,2009-01-17,0.11772758384668036,43,call,4.65,0.0002,1.0333087530755556,crisis,American
SPY,2008-12-05,88.066611,92.0,2009-01-17,0.11772758384668036,43,call,4.2,0.0002,1.044663794318144,crisis,American
SPY,2008-12-05,88.066611,93.0,2009-01-17,0.11772758384668036,43,call,3.8,0.0002,1.0560188355607325,crisis,American
SPY,2008-12-05,88.066611,94.0,2009-01-17,0.11772758384668036,43,call,3.4000000000000004,0.0002,1.0673738768033212,crisis,American
SPY,2008-12-05,88.066611,95.0,2009-01-17,0.11772758384668036,43,call,3.05,0.0002,1.0787289180459096,crisis,American
SPY,2008-12-05,88.066611,96.0,2009-01-17,0.11772758384668036,43,call,2.71,0.0002,1.090083959288498,crisis,American
SPY,2008-12-12,88.483451,80.0,2008-12-20,0.02190280629705681,8,call,9.325,0.0002,0.9041238683152175,crisis,American
SPY,2008-12-12,88.483451,81.0,2008-12-20,0.02190280629705681,8,call,8.375,0.0002,0.9154254166691577,crisis,American
SPY,2008-12-12,88.483451,82.0,2008-12-20,0.02190280629705681,8,call,7.525,0.0002,0.9267269650230979,crisis,American
SPY,2008-12-12,88.483451,83.0,2008-12-20,0.02190280629705681,8,call,6.65,0.0002,0.9380285133770381,crisis,American
SPY,2008-12-12,88.483451,84.0,2008-12-20,0.02190280629705681,8,call,5.800000000000001,0.0002,0.9493300617309783,crisis,American
SPY,2008-12-12,88.483451,85.0,2008-12-20,0.02190280629705681,8,call,5.0,0.0002,0.9606316100849186,crisis,American
SPY,2008-12-12,88.483451,86.0,2008-12-20,0.02190280629705681,8,call,4.225,0.0002,0.9719331584388587,crisis,American
SPY,2008-12-12,88.483451,87.0,2008-12-20,0.02190280629705681,8,call,3.5,0.0002,0.983234706792799,crisis,American
SPY,2008-12-12,88.483451,88.0,2008-12-20,0.02190280629705681,8,call,2.9050000000000002,0.0002,0.9945362551467393,crisis,American
SPY,2008-12-12,88.483451,89.0,2008-12-20,0.02190280629705681,8,call,2.35,0.0002,1.0058378035006794,crisis,American
SPY,2008-12-12,88.483451,90.0,2008-12-20,0.02190280629705681,8,call,1.84,0.0002,1.0171393518546197,crisis,American
SPY,2008-12-12,88.483451,91.0,2008-12-20,0.02190280629705681,8,call,1.4,0.0002,1.02844090020856,crisis,American
SPY,2008-12-12,88.483451,92.0,2008-12-20,0.02190280629705681,8,call,1.065,0.0002,1.0397424485625002,crisis,American
SPY,2008-12-12,88.483451,93.0,2008-12-20,0.02190280629705681,8,call,0.765,0.0002,1.0510439969164402,crisis,American
SPY,2008-12-12,88.483451,94.0,2008-12-20,0.02190280629705681,8,call,0.565,0.0002,1.0623455452703805,crisis,American
SPY,2008-12-12,88.483451,95.0,2008-12-20,0.02190280629705681,8,call,0.41000000000000003,0.0002,1.0736470936243208,crisis,American
SPY,2008-12-12,88.483451,96.0,2008-12-20,0.02190280629705681,8,call,0.28500000000000003,0.0002,1.084948641978261,crisis,American
SPY,2008-12-12,88.483451,97.0,2008-12-20,0.02190280629705681,8,call,0.2,0.0002,1.0962501903322013,crisis,American
SPY,2008-12-12,88.483451,82.0,2008-12-31,0.05201916495550993,19,call,8.175,0.0002,0.9267269650230979,crisis,American
SPY,2008-12-12,88.483451,83.0,2008-12-31,0.05201916495550993,19,call,7.4,0.0002,0.9380285133770381,crisis,American
SPY,2008-12-12,88.483451,84.0,2008-12-31,0.05201916495550993,19,call,6.675,0.0002,0.9493300617309783,crisis,American
SPY,2008-12-12,88.483451,85.0,2008-12-31,0.05201916495550993,19,call,5.949999999999999,0.0002,0.9606316100849186,crisis,American
SPY,2008-12-12,88.483451,86.0,2008-12-31,0.05201916495550993,19,call,5.300000000000001,0.0002,0.9719331584388587,crisis,American
SPY,2008-12-12,88.483451,87.0,2008-12-31,0.05201916495550993,19,call,4.65,0.0002,0.983234706792799,crisis,American
SPY,2008-12-12,88.483451,88.0,2008-12-31,0.05201916495550993,19,call,4.050000000000001,0.0002,0.9945362551467393,crisis,American
SPY,2008-12-12,88.483451,89.0,2008-12-31,0.05201916495550993,19,call,3.5,0.0002,1.0058378035006794,crisis,American
SPY,2008-12-12,88.483451,90.0,2008-12-31,0.05201916495550993,19,call,3.01,0.0002,1.0171393518546197,crisis,American
SPY,2008-12-12,88.483451,91.0,2008-12-31,0.05201916495550993,19,call,2.545,0.0002,1.02844090020856,crisis,American
SPY,2008-12-12,88.483451,92.0,2008-12-31,0.05201916495550993,19,call,2.13,0.0002,1.0397424485625002,crisis,American
SPY,2008-12-12,88.483451,93.0,2008-12-31,0.05201916495550993,19,call,1.77,0.0002,1.0510439969164402,crisis,American
SPY,2008-12-12,88.483451,94.0,2008-12-31,0.05201916495550993,19,call,1.455,0.0002,1.0623455452703805,crisis,American
SPY,2008-12-12,88.483451,95.0,2008-12-31,0.05201916495550993,19,call,1.1800000000000002,0.0002,1.0736470936243208,crisis,American
SPY,2008-12-12,88.483451,96.0,2008-12-31,0.05201916495550993,19,call,0.95,0.0002,1.084948641978261,crisis,American
SPY,2008-12-12,88.483451,97.0,2008-12-31,0.05201916495550993,19,call,0.76,0.0002,1.0962501903322013,crisis,American
SPY,2008-12-12,88.483451,80.0,2009-01-17,0.09856262833675565,36,call,10.95,0.0002,0.9041238683152175,crisis,American
SPY,2008-12-12,88.483451,81.0,2009-01-17,0.09856262833675565,36,call,10.2,0.0002,0.9154254166691577,crisis,American
SPY,2008-12-12,88.483451,82.0,2009-01-17,0.09856262833675565,36,call,9.5,0.0002,0.9267269650230979,crisis,American
SPY,2008-12-12,88.483451,83.0,2009-01-17,0.09856262833675565,36,call,8.8,0.0002,0.9380285133770381,crisis,American
SPY,2008-12-12,88.483451,84.0,2009-01-17,0.09856262833675565,36,call,8.1,0.0002,0.9493300617309783,crisis,American
SPY,2008-12-12,88.483451,85.0,2009-01-17,0.09856262833675565,36,call,7.475,0.0002,0.9606316100849186,crisis,American
SPY,2008-12-12,88.483451,86.0,2009-01-17,0.09856262833675565,36,call,6.825,0.0002,0.9719331584388587,crisis,American
SPY,2008-12-12,88.483451,87.0,2009-01-17,0.09856262833675565,36,call,6.225,0.0002,0.983234706792799,crisis,American
SPY,2008-12-12,88.483451,88.0,2009-01-17,0.09856262833675565,36,call,5.675,0.0002,0.9945362551467393,crisis,American
SPY,2008-12-12,88.483451,89.0,2009-01-17,0.09856262833675565,36,call,5.125,0.0002,1.0058378035006794,crisis,American
SPY,2008-12-12,88.483451,90.0,2009-01-17,0.09856262833675565,36,call,4.55,0.0002,1.0171393518546197,crisis,American
SPY,2008-12-12,88.483451,91.0,2009-01-17,0.09856262833675565,36,call,4.125,0.0002,1.02844090020856,crisis,American
SPY,2008-12-12,88.483451,92.0,2009-01-17,0.09856262833675565,36,call,3.625,0.0002,1.0397424485625002,crisis,American
SPY,2008-12-12,88.483451,93.0,2009-01-17,0.09856262833675565,36,call,3.2750000000000004,0.0002,1.0510439969164402,crisis,American
SPY,2008-12-12,88.483451,94.0,2009-01-17,0.09856262833675565,36,call,2.88,0.0002,1.0623455452703805,crisis,American
SPY,2008-12-12,88.483451,95.0,2009-01-17,0.09856262833675565,36,call,2.48,0.0002,1.0736470936243208,crisis,American
SPY,2008-12-12,88.483451,96.0,2009-01-17,0.09856262833675565,36,call,2.175,0.0002,1.084948641978261,crisis,American
SPY,2008-12-12,88.483451,97.0,2009-01-17,0.09856262833675565,36,call,1.885,0.0002,1.0962501903322013,crisis,American
SPY,2008-12-19,88.596187,80.0,2008-12-31,0.03285420944558522,12,call,8.675,0.0002,0.9029733977151861,crisis,American
SPY,2008-12-19,88.596187,81.0,2008-12-31,0.03285420944558522,12,call,7.75,0.0002,0.9142605651866259,crisis,American
SPY,2008-12-19,88.596187,82.0,2008-12-31,0.03285420944558522,12,call,6.9,0.0002,0.9255477326580658,crisis,American
SPY,2008-12-19,88.596187,83.0,2008-12-31,0.03285420944558522,12,call,6.075,0.0002,0.9368349001295055,crisis,American
SPY,2008-12-19,88.596187,84.0,2008-12-31,0.03285420944558522,12,call,5.275,0.0002,0.9481220676009454,crisis,American
SPY,2008-12-19,88.596187,85.0,2008-12-31,0.03285420944558522,12,call,4.525,0.0002,0.9594092350723852,crisis,American
SPY,2008-12-19,88.596187,86.0,2008-12-31,0.03285420944558522,12,call,3.8,0.0002,0.970696402543825,crisis,American
SPY,2008-12-19,88.596187,87.0,2008-12-31,0.03285420944558522,12,call,3.15,0.0002,0.9819835700152649,crisis,American
SPY,2008-12-19,88.596187,88.0,2008-12-31,0.03285420944558522,12,call,2.52,0.0002,0.9932707374867047,crisis,American
SPY,2008-12-19,88.596187,89.0,2008-12-31,0.03285420944558522,12,call,2.02,0.0002,1.0045579049581446,crisis,American
SPY,2008-12-19,88.596187,90.0,2008-12-31,0.03285420944558522,12,call,1.555,0.0002,1.0158450724295844,crisis,American
SPY,2008-12-19,88.596187,91.0,2008-12-31,0.03285420944558522,12,call,1.1800000000000002,0.0002,1.027132239901024,crisis,American
SPY,2008-12-19,88.596187,92.0,2008-12-31,0.03285420944558522,12,call,0.845,0.0002,1.038419407372464,crisis,American
SPY,2008-12-19,88.596187,93.0,2008-12-31,0.03285420944558522,12,call,0.595,0.0002,1.0497065748439038,crisis,American
SPY,2008-12-19,88.596187,94.0,2008-12-31,0.03285420944558522,12,call,0.405,0.0002,1.0609937423153437,crisis,American
SPY,2008-12-19,88.596187,95.0,2008-12-31,0.03285420944558522,12,call,0.265,0.0002,1.0722809097867836,crisis,American
SPY,2008-12-19,88.596187,96.0,2008-12-31,0.03285420944558522,12,call,0.16499999999999998,0.0002,1.0835680772582232,crisis,American
SPY,2008-12-19,88.596187,97.0,2008-12-31,0.03285420944558522,12,call,0.12000000000000001,0.0002,1.0948552447296631,crisis,American
SPY,2008-12-19,88.596187,80.0,2009-01-17,0.07939767282683094,29,call,9.825,0.0002,0.9029733977151861,crisis,American
SPY,2008-12-19,88.596187,81.0,2009-01-17,0.07939767282683094,29,call,8.95,0.0002,0.9142605651866259,crisis,American
SPY,2008-12-19,88.596187,82.0,2009-01-17,0.07939767282683094,29,call,8.2,0.0002,0.9255477326580658,crisis,American
SPY,2008-12-19,88.596187,83.0,2009-01-17,0.07939767282683094,29,call,7.5,0.0002,0.9368349001295055,crisis,American
SPY,2008-12-19,88.596187,84.0,2009-01-17,0.07939767282683094,29,call,6.675,0.0002,0.9481220676009454,crisis,American
SPY,2008-12-19,88.596187,85.0,2009-01-17,0.07939767282683094,29,call,6.0,0.0002,0.9594092350723852,crisis,American
SPY,2008-12-19,88.596187,86.0,2009-01-17,0.07939767282683094,29,call,5.35,0.0002,0.970696402543825,crisis,American
SPY,2008-12-19,88.596187,87.0,2009-01-17,0.07939767282683094,29,call,4.725,0.0002,0.9819835700152649,crisis,American
SPY,2008-12-19,88.596187,88.0,2009-01-17,0.07939767282683094,29,call,4.125,0.0002,0.9932707374867047,crisis,American
SPY,2008-12-19,88.596187,89.0,2009-01-17,0.07939767282683094,29,call,3.625,0.0002,1.0045579049581446,crisis,American
SPY,2008-12-19,88.596187,90.0,2009-01-17,0.07939767282683094,29,call,3.075,0.0002,1.0158450724295844,crisis,American
SPY,2008-12-19,88.596187,91.0,2009-01-17,0.07939767282683094,29,call,2.675,0.0002,1.027132239901024,crisis,American
SPY,2008-12-19,88.596187,92.0,2009-01-17,0.07939767282683094,29,call,2.27,0.0002,1.038419407372464,crisis,American
SPY,2008-12-19,88.596187,93.0,2009-01-17,0.07939767282683094,29,call,1.905,0.0002,1.0497065748439038,crisis,American
SPY,2008-12-19,88.596187,94.0,2009-01-17,0.07939767282683094,29,call,1.58,0.0002,1.0609937423153437,crisis,American
SPY,2008-12-19,88.596187,95.0,2009-01-17,0.07939767282683094,29,call,1.32,0.0002,1.0722809097867836,crisis,American
SPY,2008-12-19,88.596187,96.0,2009-01-17,0.07939767282683094,29,call,1.0550000000000002,0.0002,1.0835680772582232,crisis,American
SPY,2008-12-19,88.596187,97.0,2009-01-17,0.07939767282683094,29,call,0.845,0.0002,1.0948552447296631,crisis,American
SPY,2008-12-29,86.85927,79.0,2009-01-17,0.05201916495550993,19,call,9.225,0.0006,0.9095171994883218,crisis,American
SPY,2008-12-29,86.85927,80.0,2009-01-17,0.05201916495550993,19,call,8.375,0.0006,0.921030075431212,crisis,American
SPY,2008-12-29,86.85927,81.0,2009-01-17,0.05201916495550993,19,call,7.550000000000001,0.0006,0.9325429513741021,crisis,American
SPY,2008-12-29,86.85927,82.0,2009-01-17,0.05201916495550993,19,call,6.75,0.0006,0.9440558273169922,crisis,American
SPY,2008-12-29,86.85927,83.0,2009-01-17,0.05201916495550993,19,call,6.025,0.0006,0.9555687032598824,crisis,American
SPY,2008-12-29,86.85927,84.0,2009-01-17,0.05201916495550993,19,call,5.300000000000001,0.0006,0.9670815792027725,crisis,American
SPY,2008-12-29,86.85927,85.0,2009-01-17,0.05201916495550993,19,call,4.625,0.0006,0.9785944551456627,crisis,American
SPY,2008-12-29,86.85927,86.0,2009-01-17,0.05201916495550993,19,call,3.95,0.0006,0.9901073310885529,crisis,American
SPY,2008-12-29,86.85927,87.0,2009-01-17,0.05201916495550993,19,call,3.3499999999999996,0.0006,1.001620207031443,crisis,American
SPY,2008-12-29,86.85927,88.0,2009-01-17,0.05201916495550993,19,call,2.825,0.0006,1.0131330829743332,crisis,American
SPY,2008-12-29,86.85927,89.0,2009-01-17,0.05201916495550993,19,call,2.3200000000000003,0.0006,1.0246459589172232,crisis,American
SPY,2008-12-29,86.85927,90.0,2009-01-17,0.05201916495550993,19,call,1.895,0.0006,1.0361588348601134,crisis,American
SPY,2008-12-29,86.85927,91.0,2009-01-17,0.05201916495550993,19,call,1.5150000000000001,0.0006,1.0476717108030036,crisis,American
SPY,2008-12-29,86.85927,92.0,2009-01-17,0.05201916495550993,19,call,1.1949999999999998,0.0006,1.0591845867458938,crisis,American
SPY,2008-12-29,86.85927,93.0,2009-01-17,0.05201916495550993,19,call,0.925,0.0006,1.070697462688784,crisis,American
SPY,2008-12-29,86.85927,94.0,2009-01-17,0.05201916495550993,19,call,0.69,0.0006,1.082210338631674,crisis,American
SPY,2008-12-29,86.85927,95.0,2009-01-17,0.05201916495550993,19,call,0.52,0.0006,1.0937232145745641,crisis,American
SPY,2008-12-29,86.85927,79.0,2009-02-21,0.14784394250513347,54,call,10.975,0.0006,0.9095171994883218,crisis,American
SPY,2008-12-29,86.85927,80.0,2009-02-21,0.14784394250513347,54,call,10.225,0.0006,0.921030075431212,crisis,American
SPY,2008-12-29,86.85927,81.0,2009-02-21,0.14784394250513347,54,call,9.475000000000001,0.0006,0.9325429513741021,crisis,American
SPY,2008-12-29,86.85927,82.0,2009-02-21,0.14784394250513347,54,call,8.774999999999999,0.0006,0.9440558273169922,crisis,American
SPY,2008-12-29,86.85927,83.0,2009-02-21,0.14784394250513347,54,call,8.1,0.0006,0.9555687032598824,crisis,American
SPY,2008-12-29,86.85927,84.0,2009-02-21,0.14784394250513347,54,call,7.449999999999999,0.0006,0.9670815792027725,crisis,American
SPY,2008-12-29,86.85927,85.0,2009-02-21,0.14784394250513347,54,call,6.800000000000001,0.0006,0.9785944551456627,crisis,American
SPY,2008-12-29,86.85927,86.0,2009-02-21,0.14784394250513347,54,call,6.199999999999999,0.0006,0.9901073310885529,crisis,American
SPY,2008-12-29,86.85927,87.0,2009-02-21,0.14784394250513347,54,call,5.65,0.0006,1.001620207031443,crisis,American
SPY,2008-12-29,86.85927,88.0,2009-02-21,0.14784394250513347,54,call,5.075,0.0006,1.0131330829743332,crisis,American
SPY,2008-12-29,86.85927,89.0,2009-02-21,0.14784394250513347,54,call,4.550000000000001,0.0006,1.0246459589172232,crisis,American
SPY,2008-12-29,86.85927,90.0,2009-02-21,0.14784394250513347,54,call,4.075,0.0006,1.0361588348601134,crisis,American
SPY,2008-12-29,86.85927,91.0,2009-02-21,0.14784394250513347,54,call,3.6,0.0006,1.0476717108030036,crisis,American
SPY,2008-12-29,86.85927,92.0,2009-02-21,0.14784394250513347,54,call,3.175,0.0006,1.0591845867458938,crisis,American
SPY,2008-12-29,86.85927,93.0,2009-02-21,0.14784394250513347,54,call,2.77,0.0006,1.070697462688784,crisis,American
SPY,2008-12-29,86.85927,94.0,2009-02-21,0.14784394250513347,54,call,2.4,0.0006,1.082210338631674,crisis,American
SPY,2008-12-29,86.85927,95.0,2009-02-21,0.14784394250513347,54,call,2.07,0.0006,1.0937232145745641,crisis,American
SPY,2009-01-07,90.685286,82.0,2009-01-17,0.02737850787132101,10,call,9.15,0.0011,0.9042260725736697,crisis,American
SPY,2009-01-07,90.685286,83.0,2009-01-17,0.02737850787132101,10,call,8.225,0.0011,0.9152532198001779,crisis,American
SPY,2009-01-07,90.685286,84.0,2009-01-17,0.02737850787132101,10,call,7.325,0.0011,0.926280367026686,crisis,American
SPY,2009-01-07,90.685286,85.0,2009-01-17,0.02737850787132101,10,call,6.475,0.0011,0.9373075142531943,crisis,American
SPY,2009-01-07,90.685286,86.0,2009-01-17,0.02737850787132101,10,call,5.625,0.0011,0.9483346614797024,crisis,American
SPY,2009-01-07,90.685286,87.0,2009-01-17,0.02737850787132101,10,call,4.85,0.0011,0.9593618087062106,crisis,American
SPY,2009-01-07,90.685286,88.0,2009-01-17,0.02737850787132101,10,call,4.075,0.0011,0.9703889559327188,crisis,American
SPY,2009-01-07,90.685286,89.0,2009-01-17,0.02737850787132101,10,call,3.4000000000000004,0.0011,0.9814161031592269,crisis,American
SPY,2009-01-07,90.685286,90.0,2009-01-17,0.02737850787132101,10,call,2.74,0.0011,0.9924432503857351,crisis,American
SPY,2009-01-07,90.685286,91.0,2009-01-17,0.02737850787132101,10,call,2.175,0.0011,1.0034703976122432,crisis,American
SPY,2009-01-07,90.685286,92.0,2009-01-17,0.02737850787132101,10,call,1.68,0.0011,1.0144975448387514,crisis,American
SPY,2009-01-07,90.685286,93.0,2009-01-17,0.02737850787132101,10,call,1.27,0.0011,1.0255246920652596,crisis,American
SPY,2009-01-07,90.685286,94.0,2009-01-17,0.02737850787132101,10,call,0.925,0.0011,1.0365518392917676,crisis,American
SPY,2009-01-07,90.685286,95.0,2009-01-17,0.02737850787132101,10,call,0.675,0.0011,1.0475789865182759,crisis,American
SPY,2009-01-07,90.685286,96.0,2009-01-17,0.02737850787132101,10,call,0.45499999999999996,0.0011,1.058606133744784,crisis,American
SPY,2009-01-07,90.685286,97.0,2009-01-17,0.02737850787132101,10,call,0.325,0.0011,1.0696332809712923,crisis,American
SPY,2009-01-07,90.685286,98.0,2009-01-17,0.02737850787132101,10,call,0.21000000000000002,0.0011,1.0806604281978005,crisis,American
SPY,2009-01-07,90.685286,99.0,2009-01-17,0.02737850787132101,10,call,0.14500000000000002,0.0011,1.0916875754243085,crisis,American
SPY,2009-01-07,90.685286,82.0,2009-02-21,0.12320328542094455,45,call,10.95,0.0011,0.9042260725736697,crisis,American
SPY,2009-01-07,90.685286,83.0,2009-02-21,0.12320328542094455,45,call,10.2,0.0011,0.9152532198001779,crisis,American
SPY,2009-01-07,90.685286,84.0,2009-02-21,0.12320328542094455,45,call,9.425,0.0011,0.926280367026686,crisis,American
SPY,2009-01-07,90.685286,85.0,2009-02-21,0.12320328542094455,45,call,8.675,0.0011,0.9373075142531943,crisis,American
SPY,2009-01-07,90.685286,86.0,2009-02-21,0.12320328542094455,45,call,7.95,0.0011,0.9483346614797024,crisis,American
SPY,2009-01-07,90.685286,87.0,2009-02-21,0.12320328542094455,45,call,7.275,0.0011,0.9593618087062106,crisis,American
SPY,2009-01-07,90.685286,88.0,2009-02-21,0.12320328542094455,45,call,6.625,0.0011,0.9703889559327188,crisis,American
SPY,2009-01-07,90.685286,89.0,2009-02-21,0.12320328542094455,45,call,5.975,0.0011,0.9814161031592269,crisis,American
SPY,2009-01-07,90.685286,90.0,2009-02-21,0.12320328542094455,45,call,5.35,0.0011,0.9924432503857351,crisis,American
SPY,2009-01-07,90.685286,91.0,2009-02-21,0.12320328542094455,45,call,4.775,0.0011,1.0034703976122432,crisis,American
SPY,2009-01-07,90.685286,92.0,2009-02-21,0.12320328542094455,45,call,4.225,0.0011,1.0144975448387514,crisis,American
SPY,2009-01-07,90.685286,93.0,2009-02-21,0.12320328542094455,45,call,3.7249999999999996,0.0011,1.0255246920652596,crisis,American
SPY,2009-01-07,90.685286,94.0,2009-02-21,0.12320328542094455,45,call,3.275,0.0011,1.0365518392917676,crisis,American
SPY,2009-01-07,90.685286,95.0,2009-02-21,0.12320328542094455,45,call,2.83,0.0011,1.0475789865182759,crisis,American
SPY,2009-01-07,90.685286,96.0,2009-02-21,0.12320328542094455,45,call,2.41,0.0011,1.058606133744784,crisis,American
SPY,2009-01-07,90.685286,97.0,2009-02-21,0.12320328542094455,45,call,2.065,0.0011,1.0696332809712923,crisis,American
SPY,2009-01-07,90.685286,98.0,2009-02-21,0.12320328542094455,45,call,1.74,0.0011,1.0806604281978005,crisis,American
SPY,2009-01-07,90.685286,99.0,2009-02-21,0.12320328542094455,45,call,1.43,0.0011,1.0916875754243085,crisis,American
SPY,2009-01-14,84.307086,76.0,2009-02-21,0.10403832991101986,38,call,10.475000000000001,0.0012,0.9014663370051718,crisis,American
SPY,2009-01-14,84.307086,77.0,2009-02-21,0.10403832991101986,38,call,9.7,0.0012,0.9133277361762925,crisis,American
SPY,2009-01-14,84.307086,78.0,2009-02-21,0.10403832991101986,38,call,8.925,0.0012,0.9251891353474132,crisis,American
SPY,2009-01-14,84.307086,79.0,2009-02-21,0.10403832991101986,38,call,8.225000000000001,0.0012,0.9370505345185338,crisis,American
SPY,2009-01-14,84.307086,80.0,2009-02-21,0.10403832991101986,38,call,7.5,0.0012,0.9489119336896545,crisis,American
SPY,2009-01-14,84.307086,81.0,2009-02-21,0.10403832991101986,38,call,6.825,0.0012,0.9607733328607753,crisis,American
SPY,2009-01-14,84.307086,82.0,2009-02-21,0.10403832991101986,38,call,6.175,0.0012,0.9726347320318959,crisis,American
SPY,2009-01-14,84.307086,83.0,2009-02-21,0.10403832991101986,38,call,5.525,0.0012,0.9844961312030166,crisis,American
SPY,2009-01-14,84.307086,84.0,2009-02-21,0.10403832991101986,38,call,4.925,0.0012,0.9963575303741372,crisis,American
SPY,2009-01-14,84.307086,85.0,2009-02-21,0.10403832991101986,38,call,4.375,0.0012,1.008218929545258,crisis,American
SPY,2009-01-14,84.307086,86.0,2009-02-21,0.10403832991101986,38,call,3.825,0.0012,1.0200803287163787,crisis,American
SPY,2009-01-14,84.307086,87.0,2009-02-21,0.10403832991101986,38,call,3.375,0.0012,1.0319417278874994,crisis,American
SPY,2009-01-14,84.307086,88.0,2009-02-21,0.10403832991101986,38,call,2.9,0.0012,1.0438031270586199,crisis,American
SPY,2009-01-14,84.307086,89.0,2009-02-21,0.10403832991101986,38,call,2.49,0.0012,1.0556645262297406,crisis,American
SPY,2009-01-14,84.307086,90.0,2009-02-21,0.10403832991101986,38,call,2.105,0.0012,1.0675259254008613,crisis,American
SPY,2009-01-14,84.307086,91.0,2009-02-21,0.10403832991101986,38,call,1.7850000000000001,0.0012,1.079387324571982,crisis,American
SPY,2009-01-14,84.307086,92.0,2009-02-21,0.10403832991101986,38,call,1.49,0.0012,1.0912487237431028,crisis,American
SPY,2009-01-22,82.819932,75.0,2009-02-21,0.08213552361396304,30,call,9.625,0.001,0.9055791062470325,crisis,American
SPY,2009-01-22,82.819932,76.0,2009-02-21,0.08213552361396304,30,call,8.825,0.001,0.9176534943303263,crisis,American
SPY,2009-01-22,82.819932,77.0,2009-02-21,0.08213552361396304,30,call,8.025,0.001,0.92972788241362,crisis,American
SPY,2009-01-22,82.819932,78.0,2009-02-21,0.08213552361396304,30,call,7.275,0.001,0.9418022704969138,crisis,American
SPY,2009-01-22,82.819932,79.0,2009-02-21,0.08213552361396304,30,call,6.525,0.001,0.9538766585802075,crisis,American
SPY,2009-01-22,82.819932,80.0,2009-02-21,0.08213552361396304,30,call,5.825,0.001,0.9659510466635013,crisis,American
SPY,2009-01-22,82.819932,81.0,2009-02-21,0.08213552361396304,30,call,5.15,0.001,0.978025434746795,crisis,American
SPY,2009-01-22,82.819932,82.0,2009-02-21,0.08213552361396304,30,call,4.5,0.001,0.9900998228300888,crisis,American
SPY,2009-01-22,82.819932,83.0,2009-02-21,0.08213552361396304,30,call,3.9000000000000004,0.001,1.0021742109133827,crisis,American
SPY,2009-01-22,82.819932,84.0,2009-02-21,0.08213552361396304,30,call,3.3499999999999996,0.001,1.0142485989966763,crisis,American
SPY,2009-01-22,82.819932,85.0,2009-02-21,0.08213552361396304,30,call,2.8449999999999998,0.001,1.0263229870799702,crisis,American
SPY,2009-01-22,82.819932,86.0,2009-02-21,0.08213552361396304,30,call,2.385,0.001,1.0383973751632638,crisis,American
SPY,2009-01-22,82.819932,87.0,2009-02-21,0.08213552361396304,30,call,1.9649999999999999,0.001,1.0504717632465577,crisis,American
SPY,2009-01-22,82.819932,88.0,2009-02-21,0.08213552361396304,30,call,1.595,0.001,1.0625461513298515,crisis,American
SPY,2009-01-22,82.819932,89.0,2009-02-21,0.08213552361396304,30,call,1.2650000000000001,0.001,1.0746205394131452,crisis,American
SPY,2009-01-22,82.819932,90.0,2009-02-21,0.08213552361396304,30,call,1.0,0.001,1.086694927496439,crisis,American
SPY,2009-01-22,82.819932,91.0,2009-02-21,0.08213552361396304,30,call,0.765,0.001,1.0987693155797327,crisis,American
SPY,2009-01-22,82.819932,75.0,2009-03-21,0.15879534565366188,58,call,11.025,0.001,0.9055791062470325,crisis,American
SPY,2009-01-22,82.819932,76.0,2009-03-21,0.15879534565366188,58,call,10.275,0.001,0.9176534943303263,crisis,American
SPY,2009-01-22,82.819932,77.0,2009-03-21,0.15879534565366188,58,call,9.524999999999999,0.001,0.92972788241362,crisis,American
SPY,2009-01-22,82.819932,78.0,2009-03-21,0.15879534565366188,58,call,8.825,0.001,0.9418022704969138,crisis,American
SPY,2009-01-22,82.819932,79.0,2009-03-21,0.15879534565366188,58,call,8.125,0.001,0.9538766585802075,crisis,American
SPY,2009-01-22,82.819932,80.0,2009-03-21,0.15879534565366188,58,call,7.475,0.001,0.9659510466635013,crisis,American
SPY,2009-01-22,82.819932,81.0,2009-03-21,0.15879534565366188,58,call,6.825,0.001,0.978025434746795,crisis,American
SPY,2009-01-22,82.819932,82.0,2009-03-21,0.15879534565366188,58,call,6.175,0.001,0.9900998228300888,crisis,American
SPY,2009-01-22,82.819932,83.0,2009-03-21,0.15879534565366188,58,call,5.625,0.001,1.0021742109133827,crisis,American
SPY,2009-01-22,82.819932,84.0,2009-03-21,0.15879534565366188,58,call,5.025,0.001,1.0142485989966763,crisis,American
SPY,2009-01-22,82.819932,85.0,2009-03-21,0.15879534565366188,58,call,4.525,0.001,1.0263229870799702,crisis,American
SPY,2009-01-22,82.819932,86.0,2009-03-21,0.15879534565366188,58,call,4.025,0.001,1.0383973751632638,crisis,American
SPY,2009-01-22,82.819932,87.0,2009-03-21,0.15879534565366188,58,call,3.55,0.001,1.0504717632465577,crisis,American
SPY,2009-01-22,82.819932,88.0,2009-03-21,0.15879534565366188,58,call,3.0999999999999996,0.001,1.0625461513298515,crisis,American
SPY,2009-01-22,82.819932,89.0,2009-03-21,0.15879534565366188,58,call,2.71,0.001,1.0746205394131452,crisis,American
SPY,2009-01-22,82.819932,90.0,2009-03-21,0.15879534565366188,58,call,2.34,0.001,1.086694927496439,crisis,American
SPY,2009-01-22,82.819932,91.0,2009-03-21,0.15879534565366188,58,call,2.01,0.001,1.0987693155797327,crisis,American
SPY,2009-01-29,84.597893,77.0,2009-02-21,0.06297056810403832,23,call,8.7,0.0023,0.9101881532675997,crisis,American
SPY,2009-01-29,84.597893,78.0,2009-02-21,0.06297056810403832,23,call,7.875,0.0023,0.9220087786347114,crisis,American
SPY,2009-01-29,84.597893,79.0,2009-02-21,0.06297056810403832,23,call,7.075,0.0023,0.9338294040018231,crisis,American
SPY,2009-01-29,84.597893,80.0,2009-02-21,0.06297056810403832,23,call,6.25,0.0023,0.9456500293689347,crisis,American
SPY,2009-01-29,84.597893,81.0,2009-02-21,0.06297056810403832,23,call,5.55,0.0023,0.9574706547360464,crisis,American
SPY,2009-01-29,84.597893,82.0,2009-02-21,0.06297056810403832,23,call,4.825,0.0023,0.9692912801031581,crisis,American
SPY,2009-01-29,84.597893,83.0,2009-02-21,0.06297056810403832,23,call,4.175,0.0023,0.9811119054702698,crisis,American
SPY,2009-01-29,84.597893,84.0,2009-02-21,0.06297056810403832,23,call,3.55,0.0023,0.9929325308373815,crisis,American
SPY,2009-01-29,84.597893,85.0,2009-02-21,0.06297056810403832,23,call,2.965,0.0023,1.0047531562044931,crisis,American
SPY,2009-01-29,84.597893,86.0,2009-02-21,0.06297056810403832,23,call,2.435,0.0023,1.016573781571605,crisis,American
SPY,2009-01-29,84.597893,87.0,2009-02-21,0.06297056810403832,23,call,1.9649999999999999,0.0023,1.0283944069387165,crisis,American
SPY,2009-01-29,84.597893,88.0,2009-02-21,0.06297056810403832,23,call,1.56,0.0023,1.0402150323058283,crisis,American
SPY,2009-01-29,84.597893,89.0,2009-02-21,0.06297056810403832,23,call,1.2349999999999999,0.0023,1.05203565767294,crisis,American
SPY,2009-01-29,84.597893,90.0,2009-02-21,0.06297056810403832,23,call,0.94,0.0023,1.0638562830400515,crisis,American
SPY,2009-01-29,84.597893,91.0,2009-02-21,0.06297056810403832,23,call,0.685,0.0023,1.0756769084071633,crisis,American
SPY,2009-01-29,84.597893,92.0,2009-02-21,0.06297056810403832,23,call,0.52,0.0023,1.087497533774275,crisis,American
SPY,2009-01-29,84.597893,93.0,2009-02-21,0.06297056810403832,23,call,0.37,0.0023,1.0993181591413868,crisis,American
SPY,2009-01-29,84.597893,77.0,2009-03-21,0.13963039014373715,51,call,9.925,0.0023,0.9101881532675997,crisis,American
SPY,2009-01-29,84.597893,78.0,2009-03-21,0.13963039014373715,51,call,9.15,0.0023,0.9220087786347114,crisis,American
SPY,2009-01-29,84.597893,79.0,2009-03-21,0.13963039014373715,51,call,8.45,0.0023,0.9338294040018231,crisis,American
SPY,2009-01-29,84.597893,80.0,2009-03-21,0.13963039014373715,51,call,7.775,0.0023,0.9456500293689347,crisis,American
SPY,2009-01-29,84.597893,81.0,2009-03-21,0.13963039014373715,51,call,7.075,0.0023,0.9574706547360464,crisis,American
SPY,2009-01-29,84.597893,82.0,2009-03-21,0.13963039014373715,51,call,6.4,0.0023,0.9692912801031581,crisis,American
SPY,2009-01-29,84.597893,83.0,2009-03-21,0.13963039014373715,51,call,5.75,0.0023,0.9811119054702698,crisis,American
SPY,2009-01-29,84.597893,84.0,2009-03-21,0.13963039014373715,51,call,5.125,0.0023,0.9929325308373815,crisis,American
SPY,2009-01-29,84.597893,85.0,2009-03-21,0.13963039014373715,51,call,4.575,0.0023,1.0047531562044931,crisis,American
SPY,2009-01-29,84.597893,86.0,2009-03-21,0.13963039014373715,51,call,4.025,0.0023,1.016573781571605,crisis,American
SPY,2009-01-29,84.597893,87.0,2009-03-21,0.13963039014373715,51,call,3.5,0.0023,1.0283944069387165,crisis,American
SPY,2009-01-29,84.597893,88.0,2009-03-21,0.13963039014373715,51,call,3.05,0.0023,1.0402150323058283,crisis,American
SPY,2009-01-29,84.597893,89.0,2009-03-21,0.13963039014373715,51,call,2.625,0.0023,1.05203565767294,crisis,American
SPY,2009-01-29,84.597893,90.0,2009-03-21,0.13963039014373715,51,call,2.235,0.0023,1.0638562830400515,crisis,American
SPY,2009-01-29,84.597893,91.0,2009-03-21,0.13963039014373715,51,call,1.885,0.0023,1.0756769084071633,crisis,American
SPY,2009-01-29,84.597893,92.0,2009-03-21,0.13963039014373715,51,call,1.5750000000000002,0.0023,1.087497533774275,crisis,American
SPY,2009-01-29,84.597893,93.0,2009-03-21,0.13963039014373715,51,call,1.295,0.0023,1.0993181591413868,crisis,American
SPY,2009-02-05,84.739134,77.0,2009-02-21,0.04380561259411362,16,call,8.225000000000001,0.0029,0.9086710751610937,crisis,American
SPY,2009-02-05,84.739134,78.0,2009-02-21,0.04380561259411362,16,call,7.375,0.0029,0.9204719982151339,crisis,American
SPY,2009-02-05,84.739134,79.0,2009-02-21,0.04380561259411362,16,call,6.525,0.0029,0.932272921269174,crisis,American
SPY,2009-02-05,84.739134,80.0,2009-02-21,0.04380561259411362,16,call,5.725,0.0029,0.9440738443232143,crisis,American
SPY,2009-02-05,84.739134,81.0,2009-02-21,0.04380561259411362,16,call,4.975,0.0029,0.9558747673772544,crisis,American
SPY,2009-02-05,84.739134,82.0,2009-02-21,0.04380561259411362,16,call,4.25,0.0029,0.9676756904312946,crisis,American
SPY,2009-02-05,84.739134,83.0,2009-02-21,0.04380561259411362,16,call,3.5999999999999996,0.0029,0.9794766134853348,crisis,American
SPY,2009-02-05,84.739134,84.0,2009-02-21,0.04380561259411362,16,call,2.965,0.0029,0.991277536539375,crisis,American
SPY,2009-02-05,84.739134,85.0,2009-02-21,0.04380561259411362,16,call,2.41,0.0029,1.0030784595934152,crisis,American
SPY,2009-02-05,84.739134,86.0,2009-02-21,0.04380561259411362,16,call,1.905,0.0029,1.0148793826474554,crisis,American
SPY,2009-02-05,84.739134,87.0,2009-02-21,0.04380561259411362,16,call,1.475,0.0029,1.0266803057014955,crisis,American
SPY,2009-02-05,84.739134,88.0,2009-02-21,0.04380561259411362,16,call,1.12,0.0029,1.0384812287555356,crisis,American
SPY,2009-02-05,84.739134,89.0,2009-02-21,0.04380561259411362,16,call,0.8200000000000001,0.0029,1.050282151809576,crisis,American
SPY,2009-02-05,84.739134,90.0,2009-02-21,0.04380561259411362,16,call,0.585,0.0029,1.062083074863616,crisis,American
SPY,2009-02-05,84.739134,91.0,2009-02-21,0.04380561259411362,16,call,0.41000000000000003,0.0029,1.0738839979176562,crisis,American
SPY,2009-02-05,84.739134,92.0,2009-02-21,0.04380561259411362,16,call,0.29000000000000004,0.0029,1.0856849209716963,crisis,American
SPY,2009-02-05,84.739134,93.0,2009-02-21,0.04380561259411362,16,call,0.19,0.0029,1.0974858440257367,crisis,American
SPY,2009-02-05,84.739134,77.0,2009-03-21,0.12046543463381246,44,call,9.524999999999999,0.0029,0.9086710751610937,crisis,American
SPY,2009-02-05,84.739134,78.0,2009-03-21,0.12046543463381246,44,call,8.774999999999999,0.0029,0.9204719982151339,crisis,American
SPY,2009-02-05,84.739134,79.0,2009-03-21,0.12046543463381246,44,call,8.025,0.0029,0.932272921269174,crisis,American
SPY,2009-02-05,84.739134,80.0,2009-03-21,0.12046543463381246,44,call,7.275,0.0029,0.9440738443232143,crisis,American
SPY,2009-02-05,84.739134,81.0,2009-03-21,0.12046543463381246,44,call,6.575,0.0029,0.9558747673772544,crisis,American
SPY,2009-02-05,84.739134,82.0,2009-03-21,0.12046543463381246,44,call,5.925,0.0029,0.9676756904312946,crisis,American
SPY,2009-02-05,84.739134,83.0,2009-03-21,0.12046543463381246,44,call,5.275,0.0029,0.9794766134853348,crisis,American
SPY,2009-02-05,84.739134,84.0,2009-03-21,0.12046543463381246,44,call,4.675,0.0029,0.991277536539375,crisis,American
SPY,2009-02-05,84.739134,85.0,2009-03-21,0.12046543463381246,44,call,4.125,0.0029,1.0030784595934152,crisis,American
SPY,2009-02-05,84.739134,86.0,2009-03-21,0.12046543463381246,44,call,3.5999999999999996,0.0029,1.0148793826474554,crisis,American
SPY,2009-02-05,84.739134,87.0,2009-03-21,0.12046543463381246,44,call,3.0999999999999996,0.0029,1.0266803057014955,crisis,American
SPY,2009-02-05,84.739134,88.0,2009-03-21,0.12046543463381246,44,call,2.67,0.0029,1.0384812287555356,crisis,American
SPY,2009-02-05,84.739134,89.0,2009-03-21,0.12046543463381246,44,call,2.2649999999999997,0.0029,1.050282151809576,crisis,American
SPY,2009-02-05,84.739134,90.0,2009-03-21,0.12046543463381246,44,call,1.915,0.0029,1.062083074863616,crisis,American
SPY,2009-02-05,84.739134,91.0,2009-03-21,0.12046543463381246,44,call,1.58,0.0029,1.0738839979176562,crisis,American
SPY,2009-02-05,84.739134,92.0,2009-03-21,0.12046543463381246,44,call,1.295,0.0029,1.0856849209716963,crisis,American
SPY,2009-02-05,84.739134,93.0,2009-03-21,0.12046543463381246,44,call,1.0550000000000002,0.0029,1.0974858440257367,crisis,American
SPY,2009-02-05,84.739134,78.0,2009-03-31,0.14784394250513347,54,call,9.075,0.0029,0.9204719982151339,crisis,American
SPY,2009-02-05,84.739134,82.0,2009-03-31,0.14784394250513347,54,call,6.25,0.0029,0.9676756904312946,crisis,American
SPY,2009-02-05,84.739134,84.0,2009-03-31,0.14784394250513347,54,call,5.025,0.0029,0.991277536539375,crisis,American
SPY,2009-02-05,84.739134,85.0,2009-03-31,0.14784394250513347,54,call,4.475,0.0029,1.0030784595934152,crisis,American
SPY,2009-02-05,84.739134,86.0,2009-03-31,0.14784394250513347,54,call,3.925,0.0029,1.0148793826474554,crisis,American
SPY,2009-02-05,84.739134,87.0,2009-03-31,0.14784394250513347,54,call,3.45,0.0029,1.0266803057014955,crisis,American
SPY,2009-02-05,84.739134,88.0,2009-03-31,0.14784394250513347,54,call,2.995,0.0029,1.0384812287555356,crisis,American
SPY,2009-02-05,84.739134,89.0,2009-03-31,0.14784394250513347,54,call,2.59,0.0029,1.050282151809576,crisis,American
SPY,2009-02-05,84.739134,90.0,2009-03-31,0.14784394250513347,54,call,2.205,0.0029,1.062083074863616,crisis,American
SPY,2009-02-05,84.739134,91.0,2009-03-31,0.14784394250513347,54,call,1.865,0.0029,1.0738839979176562,crisis,American
SPY,2009-02-05,84.739134,92.0,2009-03-31,0.14784394250513347,54,call,1.5950000000000002,0.0029,1.0856849209716963,crisis,American
SPY,2009-02-05,84.739134,93.0,2009-03-31,0.14784394250513347,54,call,1.29,0.0029,1.0974858440257367,crisis,American
SPY,2009-02-12,83.768566,76.0,2009-02-21,0.024640657084188913,9,call,8.15,0.0029,0.9072615615743022,crisis,American
SPY,2009-02-12,83.768566,77.0,2009-02-21,0.024640657084188913,9,call,7.199999999999999,0.0029,0.9191992137002798,crisis,American
SPY,2009-02-12,83.768566,78.0,2009-02-21,0.024640657084188913,9,call,6.325,0.0029,0.9311368658262574,crisis,American
SPY,2009-02-12,83.768566,79.0,2009-02-21,0.024640657084188913,9,call,5.425,0.0029,0.9430745179522352,crisis,American
SPY,2009-02-12,83.768566,80.0,2009-02-21,0.024640657084188913,9,call,4.574999999999999,0.0029,0.9550121700782128,crisis,American
SPY,2009-02-12,83.768566,81.0,2009-02-21,0.024640657084188913,9,call,3.775,0.0029,0.9669498222041905,crisis,American
SPY,2009-02-12,83.768566,82.0,2009-02-21,0.024640657084188913,9,call,3.075,0.0029,0.9788874743301681,crisis,American
SPY,2009-02-12,83.768566,83.0,2009-02-21,0.024640657084188913,9,call,2.375,0.0029,0.9908251264561457,crisis,American
SPY,2009-02-12,83.768566,84.0,2009-02-21,0.024640657084188913,9,call,1.78,0.0029,1.0027627785821234,crisis,American
SPY,2009-02-12,83.768566,85.0,2009-02-21,0.024640657084188913,9,call,1.275,0.0029,1.0147004307081011,crisis,American
SPY,2009-02-12,83.768566,86.0,2009-02-21,0.024640657084188913,9,call,0.865,0.0029,1.0266380828340786,crisis,American
SPY,2009-02-12,83.768566,87.0,2009-02-21,0.024640657084188913,9,call,0.5700000000000001,0.0029,1.0385757349600564,crisis,American
SPY,2009-02-12,83.768566,88.0,2009-02-21,0.024640657084188913,9,call,0.355,0.0029,1.0505133870860341,crisis,American
SPY,2009-02-12,83.768566,89.0,2009-02-21,0.024640657084188913,9,call,0.20500000000000002,0.0029,1.0624510392120117,crisis,American
SPY,2009-02-12,83.768566,90.0,2009-02-21,0.024640657084188913,9,call,0.13,0.0029,1.0743886913379894,crisis,American
SPY,2009-02-12,83.768566,91.0,2009-02-21,0.024640657084188913,9,call,0.07,0.0029,1.086326343463967,crisis,American
SPY,2009-02-12,83.768566,76.0,2009-03-21,0.10130047912388775,37,call,9.425,0.0029,0.9072615615743022,crisis,American
SPY,2009-02-12,83.768566,77.0,2009-03-21,0.10130047912388775,37,call,8.625,0.0029,0.9191992137002798,crisis,American
SPY,2009-02-12,83.768566,78.0,2009-03-21,0.10130047912388775,37,call,7.875,0.0029,0.9311368658262574,crisis,American
SPY,2009-02-12,83.768566,79.0,2009-03-21,0.10130047912388775,37,call,7.125,0.0029,0.9430745179522352,crisis,American
SPY,2009-02-12,83.768566,80.0,2009-03-21,0.10130047912388775,37,call,6.4,0.0029,0.9550121700782128,crisis,American
SPY,2009-02-12,83.768566,81.0,2009-03-21,0.10130047912388775,37,call,5.725,0.0029,0.9669498222041905,crisis,American
SPY,2009-02-12,83.768566,82.0,2009-03-21,0.10130047912388775,37,call,5.025,0.0029,0.9788874743301681,crisis,American
SPY,2009-02-12,83.768566,83.0,2009-03-21,0.10130047912388775,37,call,4.425,0.0029,0.9908251264561457,crisis,American
SPY,2009-02-12,83.768566,84.0,2009-03-21,0.10130047912388775,37,call,3.8499999999999996,0.0029,1.0027627785821234,crisis,American
SPY,2009-02-12,83.768566,85.0,2009-03-21,0.10130047912388775,37,call,3.3,0.0029,1.0147004307081011,crisis,American
SPY,2009-02-12,83.768566,86.0,2009-03-21,0.10130047912388775,37,call,2.825,0.0029,1.0266380828340786,crisis,American
SPY,2009-02-12,83.768566,87.0,2009-03-21,0.10130047912388775,37,call,2.37,0.0029,1.0385757349600564,crisis,American
SPY,2009-02-12,83.768566,88.0,2009-03-21,0.10130047912388775,37,call,1.97,0.0029,1.0505133870860341,crisis,American
SPY,2009-02-12,83.768566,89.0,2009-03-21,0.10130047912388775,37,call,1.62,0.0029,1.0624510392120117,crisis,American
SPY,2009-02-12,83.768566,90.0,2009-03-21,0.10130047912388775,37,call,1.315,0.0029,1.0743886913379894,crisis,American
SPY,2009-02-12,83.768566,91.0,2009-03-21,0.10130047912388775,37,call,1.0550000000000002,0.0029,1.086326343463967,crisis,American
SPY,2009-02-12,83.768566,92.0,2009-03-21,0.10130047912388775,37,call,0.825,0.0029,1.0982639955899447,crisis,American
SPY,2009-02-12,83.768566,81.0,2009-03-31,0.12867898699520877,47,call,6.025,0.0029,0.9669498222041905,crisis,American
SPY,2009-02-12,83.768566,82.0,2009-03-31,0.12867898699520877,47,call,5.425,0.0029,0.9788874743301681,crisis,American
SPY,2009-02-12,83.768566,83.0,2009-03-31,0.12867898699520877,47,call,4.800000000000001,0.0029,0.9908251264561457,crisis,American
SPY,2009-02-12,83.768566,84.0,2009-03-31,0.12867898699520877,47,call,4.199999999999999,0.0029,1.0027627785821234,crisis,American
SPY,2009-02-12,83.768566,85.0,2009-03-31,0.12867898699520877,47,call,3.7,0.0029,1.0147004307081011,crisis,American
SPY,2009-02-12,83.768566,86.0,2009-03-31,0.12867898699520877,47,call,3.175,0.0029,1.0266380828340786,crisis,American
SPY,2009-02-12,83.768566,87.0,2009-03-31,0.12867898699520877,47,call,2.7199999999999998,0.0029,1.0385757349600564,crisis,American
SPY,2009-02-12,83.768566,88.0,2009-03-31,0.12867898699520877,47,call,2.305,0.0029,1.0505133870860341,crisis,American
SPY,2009-02-12,83.768566,89.0,2009-03-31,0.12867898699520877,47,call,1.95,0.0029,1.0624510392120117,crisis,American
SPY,2009-02-12,83.768566,90.0,2009-03-31,0.12867898699520877,47,call,1.615,0.0029,1.0743886913379894,crisis,American
SPY,2009-02-12,83.768566,91.0,2009-03-31,0.12867898699520877,47,call,1.335,0.0029,1.086326343463967,crisis,American
SPY,2009-02-12,83.768566,92.0,2009-03-31,0.12867898699520877,47,call,1.0750000000000002,0.0029,1.0982639955899447,crisis,American
SPY,2009-02-20,77.367883,70.0,2009-03-21,0.07939767282683094,29,call,8.8,0.0027,0.9047681969015489,crisis,American
SPY,2009-02-20,77.367883,71.0,2009-03-21,0.07939767282683094,29,call,8.0,0.0027,0.9176934568572853,crisis,American
SPY,2009-02-20,77.367883,72.0,2009-03-21,0.07939767282683094,29,call,7.225,0.0027,0.9306187168130217,crisis,American
SPY,2009-02-20,77.367883,73.0,2009-03-21,0.07939767282683094,29,call,6.5,0.0027,0.9435439767687581,crisis,American
SPY,2009-02-20,77.367883,74.0,2009-03-21,0.07939767282683094,29,call,5.8,0.0027,0.9564692367244945,crisis,American
SPY,2009-02-20,77.367883,75.0,2009-03-21,0.07939767282683094,29,call,5.1,0.0027,0.9693944966802309,crisis,American
SPY,2009-02-20,77.367883,76.0,2009-03-21,0.07939767282683094,29,call,4.5,0.0027,0.9823197566359674,crisis,American
SPY,2009-02-20,77.367883,77.0,2009-03-21,0.07939767282683094,29,call,3.9000000000000004,0.0027,0.9952450165917037,crisis,American
SPY,2009-02-20,77.367883,78.0,2009-03-21,0.07939767282683094,29,call,3.3499999999999996,0.0027,1.00817027654744,crisis,American
SPY,2009-02-20,77.367883,79.0,2009-03-21,0.07939767282683094,29,call,2.84,0.0027,1.0210955365031766,crisis,American
SPY,2009-02-20,77.367883,80.0,2009-03-21,0.07939767282683094,29,call,2.365,0.0027,1.034020796458913,crisis,American
SPY,2009-02-20,77.367883,81.0,2009-03-21,0.07939767282683094,29,call,1.96,0.0027,1.0469460564146493,crisis,American
SPY,2009-02-20,77.367883,82.0,2009-03-21,0.07939767282683094,29,call,1.59,0.0027,1.059871316370386,crisis,American
SPY,2009-02-20,77.367883,83.0,2009-03-21,0.07939767282683094,29,call,1.28,0.0027,1.0727965763261222,crisis,American
SPY,2009-02-20,77.367883,84.0,2009-03-21,0.07939767282683094,29,call,1.0350000000000001,0.0027,1.0857218362818586,crisis,American
SPY,2009-02-20,77.367883,85.0,2009-03-21,0.07939767282683094,29,call,0.79,0.0027,1.098647096237595,crisis,American
SPY,2009-02-20,77.367883,70.0,2009-03-31,0.10677618069815195,39,call,9.05,0.0027,0.9047681969015489,crisis,American
SPY,2009-02-20,77.367883,74.0,2009-03-31,0.10677618069815195,39,call,6.15,0.0027,0.9564692367244945,crisis,American
SPY,2009-02-20,77.367883,75.0,2009-03-31,0.10677618069815195,39,call,5.449999999999999,0.0027,0.9693944966802309,crisis,American
SPY,2009-02-20,77.367883,76.0,2009-03-31,0.10677618069815195,39,call,4.875,0.0027,0.9823197566359674,crisis,American
SPY,2009-02-20,77.367883,77.0,2009-03-31,0.10677618069815195,39,call,4.275,0.0027,0.9952450165917037,crisis,American
SPY,2009-02-20,77.367883,78.0,2009-03-31,0.10677618069815195,39,call,3.7249999999999996,0.0027,1.00817027654744,crisis,American
SPY,2009-02-20,77.367883,79.0,2009-03-31,0.10677618069815195,39,call,3.25,0.0027,1.0210955365031766,crisis,American
SPY,2009-02-20,77.367883,80.0,2009-03-31,0.10677618069815195,39,call,2.77,0.0027,1.034020796458913,crisis,American
SPY,2009-02-20,77.367883,81.0,2009-03-31,0.10677618069815195,39,call,2.35,0.0027,1.0469460564146493,crisis,American
SPY,2009-02-20,77.367883,82.0,2009-03-31,0.10677618069815195,39,call,1.99,0.0027,1.059871316370386,crisis,American
SPY,2009-02-20,77.367883,83.0,2009-03-31,0.10677618069815195,39,call,1.65,0.0027,1.0727965763261222,crisis,American
SPY,2009-02-20,77.367883,84.0,2009-03-31,0.10677618069815195,39,call,1.365,0.0027,1.0857218362818586,crisis,American
SPY,2009-02-20,77.367883,85.0,2009-03-31,0.10677618069815195,39,call,1.1099999999999999,0.0027,1.098647096237595,crisis,American
SPY,2009-02-20,77.367883,70.0,2009-04-18,0.15605749486652978,57,call,9.625,0.0027,0.9047681969015489,crisis,American
SPY,2009-02-20,77.367883,71.0,2009-04-18,0.15605749486652978,57,call,8.875,0.0027,0.9176934568572853,crisis,American
SPY,2009-02-20,77.367883,72.0,2009-04-18,0.15605749486652978,57,call,8.175,0.0027,0.9306187168130217,crisis,American
SPY,2009-02-20,77.367883,73.0,2009-04-18,0.15605749486652978,57,call,7.475,0.0027,0.9435439767687581,crisis,American
SPY,2009-02-20,77.367883,74.0,2009-04-18,0.15605749486652978,57,call,6.825,0.0027,0.9564692367244945,crisis,American
SPY,2009-02-20,77.367883,75.0,2009-04-18,0.15605749486652978,57,call,6.175,0.0027,0.9693944966802309,crisis,American
SPY,2009-02-20,77.367883,76.0,2009-04-18,0.15605749486652978,57,call,5.575,0.0027,0.9823197566359674,crisis,American
SPY,2009-02-20,77.367883,77.0,2009-04-18,0.15605749486652978,57,call,4.975,0.0027,0.9952450165917037,crisis,American
SPY,2009-02-20,77.367883,78.0,2009-04-18,0.15605749486652978,57,call,4.425,0.0027,1.00817027654744,crisis,American
SPY,2009-02-20,77.367883,79.0,2009-04-18,0.15605749486652978,57,call,3.925,0.0027,1.0210955365031766,crisis,American
SPY,2009-02-20,77.367883,80.0,2009-04-18,0.15605749486652978,57,call,3.5,0.0027,1.034020796458913,crisis,American
SPY,2009-02-20,77.367883,81.0,2009-04-18,0.15605749486652978,57,call,3.04,0.0027,1.0469460564146493,crisis,American
SPY,2009-02-20,77.367883,82.0,2009-04-18,0.15605749486652978,57,call,2.63,0.0027,1.059871316370386,crisis,American
SPY,2009-02-20,77.367883,83.0,2009-04-18,0.15605749486652978,57,call,2.2649999999999997,0.0027,1.0727965763261222,crisis,American
SPY,2009-02-20,77.367883,84.0,2009-04-18,0.15605749486652978,57,call,1.93,0.0027,1.0857218362818586,crisis,American
SPY,2009-02-20,77.367883,85.0,2009-04-18,0.15605749486652978,57,call,1.6400000000000001,0.0027,1.098647096237595,crisis,American
SPY,2009-02-27,73.915904,67.0,2009-03-21,0.06023271731690623,22,call,7.800000000000001,0.0026,0.9064355081147354,crisis,American
SPY,2009-02-27,73.915904,68.0,2009-03-21,0.06023271731690623,22,call,7.0,0.0026,0.9199643962955524,crisis,American
SPY,2009-02-27,73.915904,69.0,2009-03-21,0.06023271731690623,22,call,6.225,0.0026,0.9334932844763693,crisis,American
SPY,2009-02-27,73.915904,70.0,2009-03-21,0.06023271731690623,22,call,5.475,0.0026,0.9470221726571862,crisis,American
SPY,2009-02-27,73.915904,71.0,2009-03-21,0.06023271731690623,22,call,4.8,0.0026,0.9605510608380031,crisis,American
SPY,2009-02-27,73.915904,72.0,2009-03-21,0.06023271731690623,22,call,4.175,0.0026,0.9740799490188201,crisis,American
SPY,2009-02-27,73.915904,73.0,2009-03-21,0.06023271731690623,22,call,3.55,0.0026,0.9876088371996371,crisis,American
SPY,2009-02-27,73.915904,74.0,2009-03-21,0.06023271731690623,22,call,2.965,0.0026,1.001137725380454,crisis,American
SPY,2009-02-27,73.915904,75.0,2009-03-21,0.06023271731690623,22,call,2.495,0.0026,1.014666613561271,crisis,American
SPY,2009-02-27,73.915904,76.0,2009-03-21,0.06023271731690623,22,call,2.0300000000000002,0.0026,1.0281955017420878,crisis,American
SPY,2009-02-27,73.915904,77.0,2009-03-21,0.06023271731690623,22,call,1.625,0.0026,1.041724389922905,crisis,American
SPY,2009-02-27,73.915904,78.0,2009-03-21,0.06023271731690623,22,call,1.275,0.0026,1.0552532781037218,crisis,American
SPY,2009-02-27,73.915904,79.0,2009-03-21,0.06023271731690623,22,call,0.98,0.0026,1.0687821662845387,crisis,American
SPY,2009-02-27,73.915904,80.0,2009-03-21,0.06023271731690623,22,call,0.76,0.0026,1.0823110544653556,crisis,American
SPY,2009-02-27,73.915904,81.0,2009-03-21,0.06023271731690623,22,call,0.55,0.0026,1.0958399426461727,crisis,American
SPY,2009-02-27,73.915904,68.0,2009-03-31,0.08761122518822724,32,call,7.4,0.0026,0.9199643962955524,crisis,American
SPY,2009-02-27,73.915904,70.0,2009-03-31,0.08761122518822724,32,call,5.85,0.0026,0.9470221726571862,crisis,American
SPY,2009-02-27,73.915904,71.0,2009-03-31,0.08761122518822724,32,call,5.199999999999999,0.0026,0.9605510608380031,crisis,American
SPY,2009-02-27,73.915904,72.0,2009-03-31,0.08761122518822724,32,call,4.550000000000001,0.0026,0.9740799490188201,crisis,American
SPY,2009-02-27,73.915904,73.0,2009-03-31,0.08761122518822724,32,call,3.925,0.0026,0.9876088371996371,crisis,American
SPY,2009-02-27,73.915904,74.0,2009-03-31,0.08761122518822724,32,call,3.3499999999999996,0.0026,1.001137725380454,crisis,American
SPY,2009-02-27,73.915904,75.0,2009-03-31,0.08761122518822724,32,call,2.865,0.0026,1.014666613561271,crisis,American
SPY,2009-02-27,73.915904,76.0,2009-03-31,0.08761122518822724,32,call,2.395,0.0026,1.0281955017420878,crisis,American
SPY,2009-02-27,73.915904,77.0,2009-03-31,0.08761122518822724,32,call,1.9849999999999999,0.0026,1.041724389922905,crisis,American
SPY,2009-02-27,73.915904,78.0,2009-03-31,0.08761122518822724,32,call,1.625,0.0026,1.0552532781037218,crisis,American
SPY,2009-02-27,73.915904,79.0,2009-03-31,0.08761122518822724,32,call,1.3050000000000002,0.0026,1.0687821662845387,crisis,American
SPY,2009-02-27,73.915904,80.0,2009-03-31,0.08761122518822724,32,call,1.04,0.0026,1.0823110544653556,crisis,American
SPY,2009-02-27,73.915904,81.0,2009-03-31,0.08761122518822724,32,call,0.81,0.0026,1.0958399426461727,crisis,American
SPY,2009-02-27,73.915904,67.0,2009-04-18,0.13689253935660506,50,call,8.675,0.0026,0.9064355081147354,crisis,American
SPY,2009-02-27,73.915904,68.0,2009-04-18,0.13689253935660506,50,call,7.975,0.0026,0.9199643962955524,crisis,American
SPY,2009-02-27,73.915904,69.0,2009-04-18,0.13689253935660506,50,call,7.225,0.0026,0.9334932844763693,crisis,American
SPY,2009-02-27,73.915904,70.0,2009-04-18,0.13689253935660506,50,call,6.550000000000001,0.0026,0.9470221726571862,crisis,American
SPY,2009-02-27,73.915904,71.0,2009-04-18,0.13689253935660506,50,call,5.875,0.0026,0.9605510608380031,crisis,American
SPY,2009-02-27,73.915904,72.0,2009-04-18,0.13689253935660506,50,call,5.300000000000001,0.0026,0.9740799490188201,crisis,American
SPY,2009-02-27,73.915904,73.0,2009-04-18,0.13689253935660506,50,call,4.699999999999999,0.0026,0.9876088371996371,crisis,American
SPY,2009-02-27,73.915904,74.0,2009-04-18,0.13689253935660506,50,call,4.15,0.0026,1.001137725380454,crisis,American
SPY,2009-02-27,73.915904,75.0,2009-04-18,0.13689253935660506,50,call,3.625,0.0026,1.014666613561271,crisis,American
SPY,2009-02-27,73.915904,76.0,2009-04-18,0.13689253935660506,50,call,3.1500000000000004,0.0026,1.0281955017420878,crisis,American
SPY,2009-02-27,73.915904,77.0,2009-04-18,0.13689253935660506,50,call,2.725,0.0026,1.041724389922905,crisis,American
SPY,2009-02-27,73.915904,78.0,2009-04-18,0.13689253935660506,50,call,2.335,0.0026,1.0552532781037218,crisis,American
SPY,2009-02-27,73.915904,79.0,2009-04-18,0.13689253935660506,50,call,1.975,0.0026,1.0687821662845387,crisis,American
SPY,2009-02-27,73.915904,80.0,2009-04-18,0.13689253935660506,50,call,1.6400000000000001,0.0026,1.0823110544653556,crisis,American
SPY,2009-02-27,73.915904,81.0,2009-04-18,0.13689253935660506,50,call,1.3599999999999999,0.0026,1.0958399426461727,crisis,American
SPY,2009-03-06,68.800062,62.0,2009-03-21,0.04106776180698152,15,call,7.65,0.0021,0.9011619786040309,crisis,American
SPY,2009-03-06,68.800062,63.0,2009-03-21,0.04106776180698152,15,call,6.800000000000001,0.0021,0.9156968492266766,crisis,American
SPY,2009-03-06,68.800062,64.0,2009-03-21,0.04106776180698152,15,call,6.0,0.0021,0.9302317198493223,crisis,American
SPY,2009-03-06,68.800062,65.0,2009-03-21,0.04106776180698152,15,call,5.225,0.0021,0.944766590471968,crisis,American
SPY,2009-03-06,68.800062,66.0,2009-03-21,0.04106776180698152,15,call,4.45,0.0021,0.9593014610946136,crisis,American
SPY,2009-03-06,68.800062,67.0,2009-03-21,0.04106776180698152,15,call,3.8,0.0021,0.9738363317172593,crisis,American
SPY,2009-03-06,68.800062,68.0,2009-03-21,0.04106776180698152,15,call,3.1500000000000004,0.0021,0.9883712023399049,crisis,American
SPY,2009-03-06,68.800062,69.0,2009-03-21,0.04106776180698152,15,call,2.58,0.0021,1.0029060729625505,crisis,American
SPY,2009-03-06,68.800062,70.0,2009-03-21,0.04106776180698152,15,call,2.075,0.0021,1.0174409435851963,crisis,American
SPY,2009-03-06,68.800062,71.0,2009-03-21,0.04106776180698152,15,call,1.65,0.0021,1.031975814207842,crisis,American
SPY,2009-03-06,68.800062,72.0,2009-03-21,0.04106776180698152,15,call,1.28,0.0021,1.0465106848304875,crisis,American
SPY,2009-03-06,68.800062,73.0,2009-03-21,0.04106776180698152,15,call,0.975,0.0021,1.0610455554531333,crisis,American
SPY,2009-03-06,68.800062,74.0,2009-03-21,0.04106776180698152,15,call,0.73,0.0021,1.0755804260757789,crisis,American
SPY,2009-03-06,68.800062,75.0,2009-03-21,0.04106776180698152,15,call,0.535,0.0021,1.0901152966984244,crisis,American
SPY,2009-03-06,68.800062,62.0,2009-03-31,0.06844626967830253,25,call,7.95,0.0021,0.9011619786040309,crisis,American
SPY,2009-03-06,68.800062,63.0,2009-03-31,0.06844626967830253,25,call,7.15,0.0021,0.9156968492266766,crisis,American
SPY,2009-03-06,68.800062,65.0,2009-03-31,0.06844626967830253,25,call,5.625,0.0021,0.944766590471968,crisis,American
SPY,2009-03-06,68.800062,66.0,2009-03-31,0.06844626967830253,25,call,4.925,0.0021,0.9593014610946136,crisis,American
SPY,2009-03-06,68.800062,67.0,2009-03-31,0.06844626967830253,25,call,4.275,0.0021,0.9738363317172593,crisis,American
SPY,2009-03-06,68.800062,68.0,2009-03-31,0.06844626967830253,25,call,3.6500000000000004,0.0021,0.9883712023399049,crisis,American
SPY,2009-03-06,68.800062,69.0,2009-03-31,0.06844626967830253,25,call,3.0999999999999996,0.0021,1.0029060729625505,crisis,American
SPY,2009-03-06,68.800062,70.0,2009-03-31,0.06844626967830253,25,call,2.6,0.0021,1.0174409435851963,crisis,American
SPY,2009-03-06,68.800062,71.0,2009-03-31,0.06844626967830253,25,call,2.14,0.0021,1.031975814207842,crisis,American
SPY,2009-03-06,68.800062,72.0,2009-03-31,0.06844626967830253,25,call,1.74,0.0021,1.0465106848304875,crisis,American
SPY,2009-03-06,68.800062,73.0,2009-03-31,0.06844626967830253,25,call,1.4049999999999998,0.0021,1.0610455554531333,crisis,American
SPY,2009-03-06,68.800062,74.0,2009-03-31,0.06844626967830253,25,call,1.125,0.0021,1.0755804260757789,crisis,American
SPY,2009-03-06,68.800062,75.0,2009-03-31,0.06844626967830253,25,call,0.875,0.0021,1.0901152966984244,crisis,American
SPY,2009-03-06,68.800062,62.0,2009-04-18,0.11772758384668036,43,call,8.425,0.0021,0.9011619786040309,crisis,American
SPY,2009-03-06,68.800062,63.0,2009-04-18,0.11772758384668036,43,call,7.675,0.0021,0.9156968492266766,crisis,American
SPY,2009-03-06,68.800062,64.0,2009-04-18,0.11772758384668036,43,call,6.975,0.0021,0.9302317198493223,crisis,American
SPY,2009-03-06,68.800062,65.0,2009-04-18,0.11772758384668036,43,call,6.275,0.0021,0.944766590471968,crisis,American
SPY,2009-03-06,68.800062,66.0,2009-04-18,0.11772758384668036,43,call,5.625,0.0021,0.9593014610946136,crisis,American
SPY,2009-03-06,68.800062,67.0,2009-04-18,0.11772758384668036,43,call,4.975,0.0021,0.9738363317172593,crisis,American
SPY,2009-03-06,68.800062,68.0,2009-04-18,0.11772758384668036,43,call,4.425,0.0021,0.9883712023399049,crisis,American
SPY,2009-03-06,68.800062,69.0,2009-04-18,0.11772758384668036,43,call,3.8499999999999996,0.0021,1.0029060729625505,crisis,American
SPY,2009-03-06,68.800062,70.0,2009-04-18,0.11772758384668036,43,call,3.3499999999999996,0.0021,1.0174409435851963,crisis,American
SPY,2009-03-06,68.800062,71.0,2009-04-18,0.11772758384668036,43,call,2.88,0.0021,1.031975814207842,crisis,American
SPY,2009-03-06,68.800062,72.0,2009-04-18,0.11772758384668036,43,call,2.47,0.0021,1.0465106848304875,crisis,American
SPY,2009-03-06,68.800062,73.0,2009-04-18,0.11772758384668036,43,call,2.0949999999999998,0.0021,1.0610455554531333,crisis,American
SPY,2009-03-06,68.800062,74.0,2009-04-18,0.11772758384668036,43,call,1.76,0.0021,1.0755804260757789,crisis,American
SPY,2009-03-06,68.800062,75.0,2009-04-18,0.11772758384668036,43,call,1.46,0.0021,1.0901152966984244,crisis,American
SPY,2009-03-13,76.163089,69.0,2009-03-21,0.02190280629705681,8,call,7.35,0.002,0.9059506501896214,crisis,American
SPY,2009-03-13,76.163089,70.0,2009-03-21,0.02190280629705681,8,call,6.425,0.002,0.9190803697575869,crisis,American
SPY,2009-03-13,76.163089,71.0,2009-03-21,0.02190280629705681,8,call,5.475,0.002,0.9322100893255525,crisis,American
SPY,2009-03-13,76.163089,72.0,2009-03-21,0.02190280629705681,8,call,4.574999999999999,0.002,0.945339808893518,crisis,American
SPY,2009-03-13,76.163089,73.0,2009-03-21,0.02190280629705681,8,call,3.775,0.002,0.9584695284614835,crisis,American
SPY,2009-03-13,76.163089,74.0,2009-03-21,0.02190280629705681,8,call,3.0,0.002,0.971599248029449,crisis,American
SPY,2009-03-13,76.163089,75.0,2009-03-21,0.02190280629705681,8,call,2.315,0.002,0.9847289675974146,crisis,American
SPY,2009-03-13,76.163089,76.0,2009-03-21,0.02190280629705681,8,call,1.7,0.002,0.9978586871653801,crisis,American
SPY,2009-03-13,76.163089,77.0,2009-03-21,0.02190280629705681,8,call,1.2,0.002,1.0109884067333457,crisis,American
SPY,2009-03-13,76.163089,78.0,2009-03-21,0.02190280629705681,8,call,0.81,0.002,1.024118126301311,crisis,American
SPY,2009-03-13,76.163089,79.0,2009-03-21,0.02190280629705681,8,call,0.545,0.002,1.0372478458692767,crisis,American
SPY,2009-03-13,76.163089,80.0,2009-03-21,0.02190280629705681,8,call,0.35,0.002,1.0503775654372423,crisis,American
SPY,2009-03-13,76.163089,81.0,2009-03-21,0.02190280629705681,8,call,0.2,0.002,1.0635072850052076,crisis,American
SPY,2009-03-13,76.163089,82.0,2009-03-21,0.02190280629705681,8,call,0.14,0.002,1.0766370045731732,crisis,American
SPY,2009-03-13,76.163089,83.0,2009-03-21,0.02190280629705681,8,call,0.1,0.002,1.0897667241411388,crisis,American
SPY,2009-03-13,76.163089,69.0,2009-03-31,0.049281314168377825,18,call,7.575,0.002,0.9059506501896214,crisis,American
SPY,2009-03-13,76.163089,70.0,2009-03-31,0.049281314168377825,18,call,6.7,0.002,0.9190803697575869,crisis,American
SPY,2009-03-13,76.163089,71.0,2009-03-31,0.049281314168377825,18,call,5.875,0.002,0.9322100893255525,crisis,American
SPY,2009-03-13,76.163089,72.0,2009-03-31,0.049281314168377825,18,call,5.075,0.002,0.945339808893518,crisis,American
SPY,2009-03-13,76.163089,73.0,2009-03-31,0.049281314168377825,18,call,4.325,0.002,0.9584695284614835,crisis,American
SPY,2009-03-13,76.163089,74.0,2009-03-31,0.049281314168377825,18,call,3.625,0.002,0.971599248029449,crisis,American
SPY,2009-03-13,76.163089,75.0,2009-03-31,0.049281314168377825,18,call,3.01,0.002,0.9847289675974146,crisis,American
SPY,2009-03-13,76.163089,76.0,2009-03-31,0.049281314168377825,18,call,2.465,0.002,0.9978586871653801,crisis,American
SPY,2009-03-13,76.163089,77.0,2009-03-31,0.049281314168377825,18,call,1.9849999999999999,0.002,1.0109884067333457,crisis,American
SPY,2009-03-13,76.163089,78.0,2009-03-31,0.049281314168377825,18,call,1.56,0.002,1.024118126301311,crisis,American
SPY,2009-03-13,76.163089,79.0,2009-03-31,0.049281314168377825,18,call,1.21,0.002,1.0372478458692767,crisis,American
SPY,2009-03-13,76.163089,80.0,2009-03-31,0.049281314168377825,18,call,0.9199999999999999,0.002,1.0503775654372423,crisis,American
SPY,2009-03-13,76.163089,81.0,2009-03-31,0.049281314168377825,18,call,0.685,0.002,1.0635072850052076,crisis,American
SPY,2009-03-13,76.163089,82.0,2009-03-31,0.049281314168377825,18,call,0.49,0.002,1.0766370045731732,crisis,American
SPY,2009-03-13,76.163089,83.0,2009-03-31,0.049281314168377825,18,call,0.365,0.002,1.0897667241411388,crisis,American
SPY,2009-03-13,76.163089,69.0,2009-04-18,0.09856262833675565,36,call,8.175,0.002,0.9059506501896214,crisis,American
SPY,2009-03-13,76.163089,70.0,2009-04-18,0.09856262833675565,36,call,7.375,0.002,0.9190803697575869,crisis,American
SPY,2009-03-13,76.163089,71.0,2009-04-18,0.09856262833675565,36,call,6.625,0.002,0.9322100893255525,crisis,American
SPY,2009-03-13,76.163089,72.0,2009-04-18,0.09856262833675565,36,call,5.975,0.002,0.945339808893518,crisis,American
SPY,2009-03-13,76.163089,73.0,2009-04-18,0.09856262833675565,36,call,5.3,0.002,0.9584695284614835,crisis,American
SPY,2009-03-13,76.163089,74.0,2009-04-18,0.09856262833675565,36,call,4.675,0.002,0.971599248029449,crisis,American
SPY,2009-03-13,76.163089,75.0,2009-04-18,0.09856262833675565,36,call,4.074999999999999,0.002,0.9847289675974146,crisis,American
SPY,2009-03-13,76.163089,76.0,2009-04-18,0.09856262833675565,36,call,3.525,0.002,0.9978586871653801,crisis,American
SPY,2009-03-13,76.163089,77.0,2009-04-18,0.09856262833675565,36,call,3.05,0.002,1.0109884067333457,crisis,American
SPY,2009-03-13,76.163089,78.0,2009-04-18,0.09856262833675565,36,call,2.58,0.002,1.024118126301311,crisis,American
SPY,2009-03-13,76.163089,79.0,2009-04-18,0.09856262833675565,36,call,2.1799999999999997,0.002,1.0372478458692767,crisis,American
SPY,2009-03-13,76.163089,80.0,2009-04-18,0.09856262833675565,36,call,1.815,0.002,1.0503775654372423,crisis,American
SPY,2009-03-13,76.163089,81.0,2009-04-18,0.09856262833675565,36,call,1.495,0.002,1.0635072850052076,crisis,American
SPY,2009-03-13,76.163089,82.0,2009-04-18,0.09856262833675565,36,call,1.22,0.002,1.0766370045731732,crisis,American
SPY,2009-03-13,76.163089,83.0,2009-04-18,0.09856262833675565,36,call,0.98,0.002,1.0897667241411388,crisis,American
SPY,2009-03-20,76.805316,70.0,2009-03-31,0.030116358658453114,11,call,7.35,0.0022,0.911395247693532,crisis,American
SPY,2009-03-20,76.805316,71.0,2009-03-31,0.030116358658453114,11,call,6.5,0.0022,0.9244151798034396,crisis,American
SPY,2009-03-20,76.805316,72.0,2009-03-31,0.030116358658453114,11,call,5.625,0.0022,0.9374351119133472,crisis,American
SPY,2009-03-20,76.805316,73.0,2009-03-31,0.030116358658453114,11,call,4.85,0.0022,0.9504550440232548,crisis,American
SPY,2009-03-20,76.805316,74.0,2009-03-31,0.030116358658453114,11,call,3.9749999999999996,0.0022,0.9634749761331624,crisis,American
SPY,2009-03-20,76.805316,75.0,2009-03-31,0.030116358658453114,11,call,3.4,0.0022,0.97649490824307,crisis,American
SPY,2009-03-20,76.805316,76.0,2009-03-31,0.030116358658453114,11,call,2.63,0.0022,0.9895148403529775,crisis,American
SPY,2009-03-20,76.805316,77.0,2009-03-31,0.030116358658453114,11,call,2.125,0.0022,1.0025347724628852,crisis,American
SPY,2009-03-20,76.805316,78.0,2009-03-31,0.030116358658453114,11,call,1.635,0.0022,1.0155547045727928,crisis,American
SPY,2009-03-20,76.805316,79.0,2009-03-31,0.030116358658453114,11,call,1.21,0.0022,1.0285746366827004,crisis,American
SPY,2009-03-20,76.805316,80.0,2009-03-31,0.030116358658453114,11,call,0.8600000000000001,0.0022,1.041594568792608,crisis,American
SPY,2009-03-20,76.805316,81.0,2009-03-31,0.030116358658453114,11,call,0.595,0.0022,1.0546145009025156,crisis,American
SPY,2009-03-20,76.805316,82.0,2009-03-31,0.030116358658453114,11,call,0.39,0.0022,1.0676344330124232,crisis,American
SPY,2009-03-20,76.805316,83.0,2009-03-31,0.030116358658453114,11,call,0.26,0.0022,1.0806543651223308,crisis,American
SPY,2009-03-20,76.805316,84.0,2009-03-31,0.030116358658453114,11,call,0.175,0.0022,1.0936742972322384,crisis,American
SPY,2009-03-20,76.805316,70.0,2009-04-18,0.07939767282683094,29,call,8.25,0.0022,0.911395247693532,crisis,American
SPY,2009-03-20,76.805316,71.0,2009-04-18,0.07939767282683094,29,call,7.449999999999999,0.0022,0.9244151798034396,crisis,American
SPY,2009-03-20,76.805316,72.0,2009-04-18,0.07939767282683094,29,call,6.675,0.0022,0.9374351119133472,crisis,American
SPY,2009-03-20,76.805316,73.0,2009-04-18,0.07939767282683094,29,call,5.925,0.0022,0.9504550440232548,crisis,American
SPY,2009-03-20,76.805316,74.0,2009-04-18,0.07939767282683094,29,call,5.225,0.0022,0.9634749761331624,crisis,American
SPY,2009-03-20,76.805316,75.0,2009-04-18,0.07939767282683094,29,call,4.575,0.0022,0.97649490824307,crisis,American
SPY,2009-03-20,76.805316,76.0,2009-04-18,0.07939767282683094,29,call,3.9749999999999996,0.0022,0.9895148403529775,crisis,American
SPY,2009-03-20,76.805316,77.0,2009-04-18,0.07939767282683094,29,call,3.425,0.0022,1.0025347724628852,crisis,American
SPY,2009-03-20,76.805316,78.0,2009-04-18,0.07939767282683094,29,call,2.91,0.0022,1.0155547045727928,crisis,American
SPY,2009-03-20,76.805316,79.0,2009-04-18,0.07939767282683094,29,call,2.4450000000000003,0.0022,1.0285746366827004,crisis,American
SPY,2009-03-20,76.805316,80.0,2009-04-18,0.07939767282683094,29,call,2.035,0.0022,1.041594568792608,crisis,American
SPY,2009-03-20,76.805316,81.0,2009-04-18,0.07939767282683094,29,call,1.665,0.0022,1.0546145009025156,crisis,American
SPY,2009-03-20,76.805316,82.0,2009-04-18,0.07939767282683094,29,call,1.34,0.0022,1.0676344330124232,crisis,American
SPY,2009-03-20,76.805316,83.0,2009-04-18,0.07939767282683094,29,call,1.08,0.0022,1.0806543651223308,crisis,American
SPY,2009-03-20,76.805316,84.0,2009-04-18,0.07939767282683094,29,call,0.85,0.0022,1.0936742972322384,crisis,American
SPY,2009-03-20,76.805316,70.0,2009-05-16,0.15605749486652978,57,call,9.575,0.0022,0.911395247693532,crisis,American
SPY,2009-03-20,76.805316,71.0,2009-05-16,0.15605749486652978,57,call,8.75,0.0022,0.9244151798034396,crisis,American
SPY,2009-03-20,76.805316,72.0,2009-05-16,0.15605749486652978,57,call,8.05,0.0022,0.9374351119133472,crisis,American
SPY,2009-03-20,76.805316,73.0,2009-05-16,0.15605749486652978,57,call,7.35,0.0022,0.9504550440232548,crisis,American
SPY,2009-03-20,76.805316,74.0,2009-05-16,0.15605749486652978,57,call,6.699999999999999,0.0022,0.9634749761331624,crisis,American
SPY,2009-03-20,76.805316,75.0,2009-05-16,0.15605749486652978,57,call,6.075,0.0022,0.97649490824307,crisis,American
SPY,2009-03-20,76.805316,76.0,2009-05-16,0.15605749486652978,57,call,5.5,0.0022,0.9895148403529775,crisis,American
SPY,2009-03-20,76.805316,77.0,2009-05-16,0.15605749486652978,57,call,4.95,0.0022,1.0025347724628852,crisis,American
SPY,2009-03-20,76.805316,78.0,2009-05-16,0.15605749486652978,57,call,4.425,0.0022,1.0155547045727928,crisis,American
SPY,2009-03-20,76.805316,79.0,2009-05-16,0.15605749486652978,57,call,3.925,0.0022,1.0285746366827004,crisis,American
SPY,2009-03-20,76.805316,80.0,2009-05-16,0.15605749486652978,57,call,3.4749999999999996,0.0022,1.041594568792608,crisis,American
SPY,2009-03-20,76.805316,81.0,2009-05-16,0.15605749486652978,57,call,3.075,0.0022,1.0546145009025156,crisis,American
SPY,2009-03-20,76.805316,82.0,2009-05-16,0.15605749486652978,57,call,2.67,0.0022,1.0676344330124232,crisis,American
SPY,2009-03-20,76.805316,83.0,2009-05-16,0.15605749486652978,57,call,2.315,0.0022,1.0806543651223308,crisis,American
SPY,2009-03-20,76.805316,84.0,2009-05-16,0.15605749486652978,57,call,2.005,0.0022,1.0936742972322384,crisis,American
SPY,2009-03-27,81.591206,74.0,2009-04-18,0.06023271731690623,22,call,8.65,0.0014000000000000002,0.9069604878741466,crisis,American
SPY,2009-03-27,81.591206,75.0,2009-04-18,0.06023271731690623,22,call,7.825,0.0014000000000000002,0.9192167106832567,crisis,American
SPY,2009-03-27,81.591206,76.0,2009-04-18,0.06023271731690623,22,call,7.025,0.0014000000000000002,0.9314729334923668,crisis,American
SPY,2009-03-27,81.591206,77.0,2009-04-18,0.06023271731690623,22,call,6.199999999999999,0.0014000000000000002,0.9437291563014769,crisis,American
SPY,2009-03-27,81.591206,78.0,2009-04-18,0.06023271731690623,22,call,5.425,0.0014000000000000002,0.955985379110587,crisis,American
SPY,2009-03-27,81.591206,79.0,2009-04-18,0.06023271731690623,22,call,4.725,0.0014000000000000002,0.9682416019196971,crisis,American
SPY,2009-03-27,81.591206,80.0,2009-04-18,0.06023271731690623,22,call,4.1,0.0014000000000000002,0.9804978247288072,crisis,American
SPY,2009-03-27,81.591206,81.0,2009-04-18,0.06023271731690623,22,call,3.475,0.0014000000000000002,0.9927540475379173,crisis,American
SPY,2009-03-27,81.591206,82.0,2009-04-18,0.06023271731690623,22,call,2.915,0.0014000000000000002,1.0050102703470274,crisis,American
SPY,2009-03-27,81.591206,83.0,2009-04-18,0.06023271731690623,22,call,2.42,0.0014000000000000002,1.0172664931561375,crisis,American
SPY,2009-03-27,81.591206,84.0,2009-04-18,0.06023271731690623,22,call,1.975,0.0014000000000000002,1.0295227159652476,crisis,American
SPY,2009-03-27,81.591206,85.0,2009-04-18,0.06023271731690623,22,call,1.585,0.0014000000000000002,1.0417789387743577,crisis,American
SPY,2009-03-27,81.591206,86.0,2009-04-18,0.06023271731690623,22,call,1.255,0.0014000000000000002,1.0540351615834678,crisis,American
SPY,2009-03-27,81.591206,87.0,2009-04-18,0.06023271731690623,22,call,0.985,0.0014000000000000002,1.0662913843925779,crisis,American
SPY,2009-03-27,81.591206,88.0,2009-04-18,0.06023271731690623,22,call,0.76,0.0014000000000000002,1.078547607201688,crisis,American
SPY,2009-03-27,81.591206,89.0,2009-04-18,0.06023271731690623,22,call,0.5800000000000001,0.0014000000000000002,1.090803830010798,crisis,American
SPY,2009-03-27,81.591206,74.0,2009-05-16,0.13689253935660506,50,call,9.9,0.0014000000000000002,0.9069604878741466,crisis,American
SPY,2009-03-27,81.591206,75.0,2009-05-16,0.13689253935660506,50,call,9.149999999999999,0.0014000000000000002,0.9192167106832567,crisis,American
SPY,2009-03-27,81.591206,76.0,2009-05-16,0.13689253935660506,50,call,8.375,0.0014000000000000002,0.9314729334923668,crisis,American
SPY,2009-03-27,81.591206,77.0,2009-05-16,0.13689253935660506,50,call,7.7,0.0014000000000000002,0.9437291563014769,crisis,American
SPY,2009-03-27,81.591206,78.0,2009-05-16,0.13689253935660506,50,call,7.0,0.0014000000000000002,0.955985379110587,crisis,American
SPY,2009-03-27,81.591206,79.0,2009-05-16,0.13689253935660506,50,call,6.325,0.0014000000000000002,0.9682416019196971,crisis,American
SPY,2009-03-27,81.591206,80.0,2009-05-16,0.13689253935660506,50,call,5.725,0.0014000000000000002,0.9804978247288072,crisis,American
SPY,2009-03-27,81.591206,81.0,2009-05-16,0.13689253935660506,50,call,5.125,0.0014000000000000002,0.9927540475379173,crisis,American
SPY,2009-03-27,81.591206,82.0,2009-05-16,0.13689253935660506,50,call,4.574999999999999,0.0014000000000000002,1.0050102703470274,crisis,American
SPY,2009-03-27,81.591206,83.0,2009-05-16,0.13689253935660506,50,call,4.05,0.0014000000000000002,1.0172664931561375,crisis,American
SPY,2009-03-27,81.591206,84.0,2009-05-16,0.13689253935660506,50,call,3.55,0.0014000000000000002,1.0295227159652476,crisis,American
SPY,2009-03-27,81.591206,85.0,2009-05-16,0.13689253935660506,50,call,3.0999999999999996,0.0014000000000000002,1.0417789387743577,crisis,American
SPY,2009-03-27,81.591206,86.0,2009-05-16,0.13689253935660506,50,call,2.705,0.0014000000000000002,1.0540351615834678,crisis,American
SPY,2009-03-27,81.591206,87.0,2009-05-16,0.13689253935660506,50,call,2.33,0.0014000000000000002,1.0662913843925779,crisis,American
SPY,2009-03-27,81.591206,88.0,2009-05-16,0.13689253935660506,50,call,2.005,0.0014000000000000002,1.078547607201688,crisis,American
SPY,2009-03-27,81.591206,89.0,2009-05-16,0.13689253935660506,50,call,1.705,0.0014000000000000002,1.090803830010798,crisis,American
SPY,2009-04-03,84.270056,76.0,2009-04-18,0.04106776180698152,15,call,8.85,0.0021,0.9018624598991605,crisis,American
SPY,2009-04-03,84.270056,77.0,2009-04-18,0.04106776180698152,15,call,7.95,0.0021,0.913729071213623,crisis,American
SPY,2009-04-03,84.270056,78.0,2009-04-18,0.04106776180698152,15,call,7.075,0.0021,0.9255956825280857,crisis,American
SPY,2009-04-03,84.270056,79.0,2009-04-18,0.04106776180698152,15,call,6.225,0.0021,0.9374622938425483,crisis,American
SPY,2009-04-03,84.270056,80.0,2009-04-18,0.04106776180698152,15,call,5.375,0.0021,0.949328905157011,crisis,American
SPY,2009-04-03,84.270056,81.0,2009-04-18,0.04106776180698152,15,call,4.6,0.0021,0.9611955164714736,crisis,American
SPY,2009-04-03,84.270056,82.0,2009-04-18,0.04106776180698152,15,call,3.9000000000000004,0.0021,0.9730621277859363,crisis,American
SPY,2009-04-03,84.270056,83.0,2009-04-18,0.04106776180698152,15,call,3.275,0.0021,0.9849287391003989,crisis,American
SPY,2009-04-03,84.270056,84.0,2009-04-18,0.04106776180698152,15,call,2.6500000000000004,0.0021,0.9967953504148616,crisis,American
SPY,2009-04-03,84.270056,85.0,2009-04-18,0.04106776180698152,15,call,2.115,0.0021,1.0086619617293242,crisis,American
SPY,2009-04-03,84.270056,86.0,2009-04-18,0.04106776180698152,15,call,1.6749999999999998,0.0021,1.0205285730437867,crisis,American
SPY,2009-04-03,84.270056,87.0,2009-04-18,0.04106776180698152,15,call,1.3050000000000002,0.0021,1.0323951843582495,crisis,American
SPY,2009-04-03,84.270056,88.0,2009-04-18,0.04106776180698152,15,call,0.985,0.0021,1.044261795672712,crisis,American
SPY,2009-04-03,84.270056,89.0,2009-04-18,0.04106776180698152,15,call,0.73,0.0021,1.0561284069871748,crisis,American
SPY,2009-04-03,84.270056,91.0,2009-04-18,0.04106776180698152,15,call,0.38,0.0021,1.0798616296160999,crisis,American
SPY,2009-04-03,84.270056,92.0,2009-04-18,0.04106776180698152,15,call,0.265,0.0021,1.0917282409305626,crisis,American
SPY,2009-04-03,84.270056,76.0,2009-05-16,0.11772758384668036,43,call,10.15,0.0021,0.9018624598991605,crisis,American
SPY,2009-04-03,84.270056,77.0,2009-05-16,0.11772758384668036,43,call,9.35,0.0021,0.913729071213623,crisis,American
SPY,2009-04-03,84.270056,78.0,2009-05-16,0.11772758384668036,43,call,8.6,0.0021,0.9255956825280857,crisis,American
SPY,2009-04-03,84.270056,79.0,2009-05-16,0.11772758384668036,43,call,7.85,0.0021,0.9374622938425483,crisis,American
SPY,2009-04-03,84.270056,80.0,2009-05-16,0.11772758384668036,43,call,7.1,0.0021,0.949328905157011,crisis,American
SPY,2009-04-03,84.270056,81.0,2009-05-16,0.11772758384668036,43,call,6.475,0.0021,0.9611955164714736,crisis,American
SPY,2009-04-03,84.270056,82.0,2009-05-16,0.11772758384668036,43,call,5.825,0.0021,0.9730621277859363,crisis,American
SPY,2009-04-03,84.270056,83.0,2009-05-16,0.11772758384668036,43,call,5.225,0.0021,0.9849287391003989,crisis,American
SPY,2009-04-03,84.270056,84.0,2009-05-16,0.11772758384668036,43,call,4.625,0.0021,0.9967953504148616,crisis,American
SPY,2009-04-03,84.270056,85.0,2009-05-16,0.11772758384668036,43,call,4.1,0.0021,1.0086619617293242,crisis,American
SPY,2009-04-03,84.270056,86.0,2009-05-16,0.11772758384668036,43,call,3.625,0.0021,1.0205285730437867,crisis,American
SPY,2009-04-03,84.270056,87.0,2009-05-16,0.11772758384668036,43,call,3.1500000000000004,0.0021,1.0323951843582495,crisis,American
SPY,2009-04-03,84.270056,88.0,2009-05-16,0.11772758384668036,43,call,2.73,0.0021,1.044261795672712,crisis,American
SPY,2009-04-03,84.270056,89.0,2009-05-16,0.11772758384668036,43,call,2.35,0.0021,1.0561284069871748,crisis,American
SPY,2009-04-03,84.270056,90.0,2009-05-16,0.11772758384668036,43,call,2.0,0.0021,1.0679950183016373,crisis,American
SPY,2009-04-03,84.270056,91.0,2009-05-16,0.11772758384668036,43,call,1.7,0.0021,1.0798616296160999,crisis,American
SPY,2009-04-03,84.270056,92.0,2009-05-16,0.11772758384668036,43,call,1.44,0.0021,1.0917282409305626,crisis,American
SPY,2009-04-13,85.957671,78.0,2009-05-16,0.09034907597535935,33,call,9.175,0.0018,0.9074233758613585,crisis,American
SPY,2009-04-13,85.957671,79.0,2009-05-16,0.09034907597535935,33,call,8.375,0.0018,0.9190570088852221,crisis,American
SPY,2009-04-13,85.957671,80.0,2009-05-16,0.09034907597535935,33,call,7.625,0.0018,0.9306906419090857,crisis,American
SPY,2009-04-13,85.957671,81.0,2009-05-16,0.09034907597535935,33,call,6.875,0.0018,0.9423242749329492,crisis,American
SPY,2009-04-13,85.957671,82.0,2009-05-16,0.09034907597535935,33,call,6.15,0.0018,0.9539579079568128,crisis,American
SPY,2009-04-13,85.957671,83.0,2009-05-16,0.09034907597535935,33,call,5.475,0.0018,0.9655915409806763,crisis,American
SPY,2009-04-13,85.957671,84.0,2009-05-16,0.09034907597535935,33,call,4.85,0.0018,0.9772251740045399,crisis,American
SPY,2009-04-13,85.957671,85.0,2009-05-16,0.09034907597535935,33,call,4.25,0.0018,0.9888588070284035,crisis,American
SPY,2009-04-13,85.957671,86.0,2009-05-16,0.09034907597535935,33,call,3.675,0.0018,1.000492440052267,crisis,American
SPY,2009-04-13,85.957671,87.0,2009-05-16,0.09034907597535935,33,call,3.1500000000000004,0.0018,1.0121260730761306,crisis,American
SPY,2009-04-13,85.957671,88.0,2009-05-16,0.09034907597535935,33,call,2.715,0.0018,1.0237597060999941,crisis,American
SPY,2009-04-13,85.957671,89.0,2009-05-16,0.09034907597535935,33,call,2.295,0.0018,1.0353933391238577,crisis,American
SPY,2009-04-13,85.957671,90.0,2009-05-16,0.09034907597535935,33,call,1.93,0.0018,1.0470269721477214,crisis,American
SPY,2009-04-13,85.957671,91.0,2009-05-16,0.09034907597535935,33,call,1.6,0.0018,1.058660605171585,crisis,American
SPY,2009-04-13,85.957671,92.0,2009-05-16,0.09034907597535935,33,call,1.32,0.0018,1.0702942381954486,crisis,American
SPY,2009-04-13,85.957671,93.0,2009-05-16,0.09034907597535935,33,call,1.0750000000000002,0.0018,1.081927871219312,crisis,American
SPY,2009-04-13,85.957671,94.0,2009-05-16,0.09034907597535935,33,call,0.87,0.0018,1.0935615042431757,crisis,American
SPY,2009-04-20,83.332455,75.0,2009-05-16,0.07118412046543464,26,call,9.575,0.0014000000000000002,0.9000094860999835,crisis,American
SPY,2009-04-20,83.332455,76.0,2009-05-16,0.07118412046543464,26,call,8.725000000000001,0.0014000000000000002,0.9120096125813166,crisis,American
SPY,2009-04-20,83.332455,77.0,2009-05-16,0.07118412046543464,26,call,7.875,0.0014000000000000002,0.9240097390626497,crisis,American
SPY,2009-04-20,83.332455,78.0,2009-05-16,0.07118412046543464,26,call,7.075,0.0014000000000000002,0.9360098655439829,crisis,American
SPY,2009-04-20,83.332455,79.0,2009-05-16,0.07118412046543464,26,call,6.325,0.0014000000000000002,0.948009992025316,crisis,American
SPY,2009-04-20,83.332455,80.0,2009-05-16,0.07118412046543464,26,call,5.574999999999999,0.0014000000000000002,0.9600101185066491,crisis,American
SPY,2009-04-20,83.332455,81.0,2009-05-16,0.07118412046543464,26,call,4.9,0.0014000000000000002,0.9720102449879823,crisis,American
SPY,2009-04-20,83.332455,82.0,2009-05-16,0.07118412046543464,26,call,4.25,0.0014000000000000002,0.9840103714693154,crisis,American
SPY,2009-04-20,83.332455,83.0,2009-05-16,0.07118412046543464,26,call,3.6500000000000004,0.0014000000000000002,0.9960104979506484,crisis,American
SPY,2009-04-20,83.332455,84.0,2009-05-16,0.07118412046543464,26,call,3.075,0.0014000000000000002,1.0080106244319815,crisis,American
SPY,2009-04-20,83.332455,85.0,2009-05-16,0.07118412046543464,26,call,2.58,0.0014000000000000002,1.0200107509133147,crisis,American
SPY,2009-04-20,83.332455,86.0,2009-05-16,0.07118412046543464,26,call,2.13,0.0014000000000000002,1.0320108773946477,crisis,American
SPY,2009-04-20,83.332455,87.0,2009-05-16,0.07118412046543464,26,call,1.75,0.0014000000000000002,1.044011003875981,crisis,American
SPY,2009-04-20,83.332455,88.0,2009-05-16,0.07118412046543464,26,call,1.41,0.0014000000000000002,1.056011130357314,crisis,American
SPY,2009-04-20,83.332455,89.0,2009-05-16,0.07118412046543464,26,call,1.13,0.0014000000000000002,1.068011256838647,crisis,American
SPY,2009-04-20,83.332455,90.0,2009-05-16,0.07118412046543464,26,call,0.885,0.0014000000000000002,1.0800113833199803,crisis,American
SPY,2009-04-20,83.332455,91.0,2009-05-16,0.07118412046543464,26,call,0.685,0.0014000000000000002,1.0920115098013135,crisis,American
SPY,2009-04-27,85.859417,78.0,2009-05-16,0.05201916495550993,19,call,8.725000000000001,0.0013,0.9084617940044947,crisis,American
SPY,2009-04-27,85.859417,79.0,2009-05-16,0.05201916495550993,19,call,7.875,0.0013,0.9201087400814754,crisis,American
SPY,2009-04-27,85.859417,80.0,2009-05-16,0.05201916495550993,19,call,7.025,0.0013,0.931755686158456,crisis,American
SPY,2009-04-27,85.859417,81.0,2009-05-16,0.05201916495550993,19,call,6.2,0.0013,0.9434026322354367,crisis,American
SPY,2009-04-27,85.859417,82.0,2009-05-16,0.05201916495550993,19,call,5.425,0.0013,0.9550495783124174,crisis,American
SPY,2009-04-27,85.859417,83.0,2009-05-16,0.05201916495550993,19,call,4.7,0.0013,0.9666965243893981,crisis,American
SPY,2009-04-27,85.859417,84.0,2009-05-16,0.05201916495550993,19,call,4.0,0.0013,0.9783434704663788,crisis,American
SPY,2009-04-27,85.859417,85.0,2009-05-16,0.05201916495550993,19,call,3.375,0.0013,0.9899904165433595,crisis,American
SPY,2009-04-27,85.859417,86.0,2009-05-16,0.05201916495550993,19,call,2.8049999999999997,0.0013,1.0016373626203403,crisis,American
SPY,2009-04-27,85.859417,87.0,2009-05-16,0.05201916495550993,19,call,2.275,0.0013,1.013284308697321,crisis,American
SPY,2009-04-27,85.859417,88.0,2009-05-16,0.05201916495550993,19,call,1.82,0.0013,1.0249312547743017,crisis,American
SPY,2009-04-27,85.859417,89.0,2009-05-16,0.05201916495550993,19,call,1.43,0.0013,1.0365782008512823,crisis,American
SPY,2009-04-27,85.859417,90.0,2009-05-16,0.05201916495550993,19,call,1.085,0.0013,1.048225146928263,crisis,American
SPY,2009-04-27,85.859417,91.0,2009-05-16,0.05201916495550993,19,call,0.8200000000000001,0.0013,1.0598720930052437,crisis,American
SPY,2009-04-27,85.859417,92.0,2009-05-16,0.05201916495550993,19,call,0.6,0.0013,1.0715190390822245,crisis,American
SPY,2009-04-27,85.859417,93.0,2009-05-16,0.05201916495550993,19,call,0.42500000000000004,0.0013,1.0831659851592053,crisis,American
SPY,2009-04-27,85.859417,94.0,2009-05-16,0.05201916495550993,19,call,0.29000000000000004,0.0013,1.0948129312361858,crisis,American
SPY,2009-04-27,85.859417,78.0,2009-06-20,0.14784394250513347,54,call,10.024999999999999,0.0013,0.9084617940044947,crisis,American
SPY,2009-04-27,85.859417,79.0,2009-06-20,0.14784394250513347,54,call,9.274999999999999,0.0013,0.9201087400814754,crisis,American
SPY,2009-04-27,85.859417,80.0,2009-06-20,0.14784394250513347,54,call,8.524999999999999,0.0013,0.931755686158456,crisis,American
SPY,2009-04-27,85.859417,81.0,2009-06-20,0.14784394250513347,54,call,7.775,0.0013,0.9434026322354367,crisis,American
SPY,2009-04-27,85.859417,82.0,2009-06-20,0.14784394250513347,54,call,7.075,0.0013,0.9550495783124174,crisis,American
SPY,2009-04-27,85.859417,83.0,2009-06-20,0.14784394250513347,54,call,6.425,0.0013,0.9666965243893981,crisis,American
SPY,2009-04-27,85.859417,84.0,2009-06-20,0.14784394250513347,54,call,5.775,0.0013,0.9783434704663788,crisis,American
SPY,2009-04-27,85.859417,85.0,2009-06-20,0.14784394250513347,54,call,5.175,0.0013,0.9899904165433595,crisis,American
SPY,2009-04-27,85.859417,86.0,2009-06-20,0.14784394250513347,54,call,4.625,0.0013,1.0016373626203403,crisis,American
SPY,2009-04-27,85.859417,87.0,2009-06-20,0.14784394250513347,54,call,4.075,0.0013,1.013284308697321,crisis,American
SPY,2009-04-27,85.859417,88.0,2009-06-20,0.14784394250513347,54,call,3.5999999999999996,0.0013,1.0249312547743017,crisis,American
SPY,2009-04-27,85.859417,89.0,2009-06-20,0.14784394250513347,54,call,3.125,0.0013,1.0365782008512823,crisis,American
SPY,2009-04-27,85.859417,90.0,2009-06-20,0.14784394250513347,54,call,2.7199999999999998,0.0013,1.048225146928263,crisis,American
SPY,2009-04-27,85.859417,91.0,2009-06-20,0.14784394250513347,54,call,2.34,0.0013,1.0598720930052437,crisis,American
SPY,2009-04-27,85.859417,92.0,2009-06-20,0.14784394250513347,54,call,1.9949999999999999,0.0013,1.0715190390822245,crisis,American
SPY,2009-04-27,85.859417,93.0,2009-06-20,0.14784394250513347,54,call,1.69,0.0013,1.0831659851592053,crisis,American
SPY,2009-04-27,85.859417,94.0,2009-06-20,0.14784394250513347,54,call,1.415,0.0013,1.0948129312361858,crisis,American
SPY,2009-05-04,90.847186,82.0,2009-05-16,0.03285420944558522,12,call,9.0,0.0019,0.902614639048919,crisis,American
SPY,2009-05-04,90.847186,83.0,2009-05-16,0.03285420944558522,12,call,8.075,0.0019,0.9136221346470765,crisis,American
SPY,2009-05-04,90.847186,84.0,2009-05-16,0.03285420944558522,12,call,7.175000000000001,0.0019,0.924629630245234,crisis,American
SPY,2009-05-04,90.847186,85.0,2009-05-16,0.03285420944558522,12,call,6.3,0.0019,0.9356371258433916,crisis,American
SPY,2009-05-04,90.847186,86.0,2009-05-16,0.03285420944558522,12,call,5.425000000000001,0.0019,0.9466446214415492,crisis,American
SPY,2009-05-04,90.847186,87.0,2009-05-16,0.03285420944558522,12,call,4.625,0.0019,0.9576521170397068,crisis,American
SPY,2009-05-04,90.847186,88.0,2009-05-16,0.03285420944558522,12,call,3.875,0.0019,0.9686596126378643,crisis,American
SPY,2009-05-04,90.847186,89.0,2009-05-16,0.03285420944558522,12,call,3.175,0.0019,0.9796671082360218,crisis,American
SPY,2009-05-04,90.847186,90.0,2009-05-16,0.03285420944558522,12,call,2.535,0.0019,0.9906746038341794,crisis,American
SPY,2009-05-04,90.847186,91.0,2009-05-16,0.03285420944558522,12,call,1.9849999999999999,0.0019,1.001682099432337,crisis,American
SPY,2009-05-04,90.847186,92.0,2009-05-16,0.03285420944558522,12,call,1.49,0.0019,1.0126895950304944,crisis,American
SPY,2009-05-04,90.847186,93.0,2009-05-16,0.03285420944558522,12,call,1.1,0.0019,1.023697090628652,crisis,American
SPY,2009-05-04,90.847186,94.0,2009-05-16,0.03285420944558522,12,call,0.775,0.0019,1.0347045862268096,crisis,American
SPY,2009-05-04,90.847186,95.0,2009-05-16,0.03285420944558522,12,call,0.525,0.0019,1.0457120818249672,crisis,American
SPY,2009-05-04,90.847186,96.0,2009-05-16,0.03285420944558522,12,call,0.355,0.0019,1.0567195774231246,crisis,American
SPY,2009-05-04,90.847186,97.0,2009-05-16,0.03285420944558522,12,call,0.22999999999999998,0.0019,1.0677270730212822,crisis,American
SPY,2009-05-04,90.847186,98.0,2009-05-16,0.03285420944558522,12,call,0.14,0.0019,1.0787345686194398,crisis,American
SPY,2009-05-04,90.847186,99.0,2009-05-16,0.03285420944558522,12,call,0.09,0.0019,1.0897420642175972,crisis,American
SPY,2009-05-04,90.847186,82.0,2009-06-20,0.12867898699520877,47,call,10.15,0.0019,0.902614639048919,crisis,American
SPY,2009-05-04,90.847186,83.0,2009-06-20,0.12867898699520877,47,call,9.325,0.0019,0.9136221346470765,crisis,American
SPY,2009-05-04,90.847186,84.0,2009-06-20,0.12867898699520877,47,call,8.524999999999999,0.0019,0.924629630245234,crisis,American
SPY,2009-05-04,90.847186,85.0,2009-06-20,0.12867898699520877,47,call,7.775,0.0019,0.9356371258433916,crisis,American
SPY,2009-05-04,90.847186,86.0,2009-06-20,0.12867898699520877,47,call,7.025,0.0019,0.9466446214415492,crisis,American
SPY,2009-05-04,90.847186,87.0,2009-06-20,0.12867898699520877,47,call,6.325,0.0019,0.9576521170397068,crisis,American
SPY,2009-05-04,90.847186,88.0,2009-06-20,0.12867898699520877,47,call,5.675,0.0019,0.9686596126378643,crisis,American
SPY,2009-05-04,90.847186,89.0,2009-06-20,0.12867898699520877,47,call,5.025,0.0019,0.9796671082360218,crisis,American
SPY,2009-05-04,90.847186,90.0,2009-06-20,0.12867898699520877,47,call,4.425,0.0019,0.9906746038341794,crisis,American
SPY,2009-05-04,90.847186,91.0,2009-06-20,0.12867898699520877,47,call,3.875,0.0019,1.001682099432337,crisis,American
SPY,2009-05-04,90.847186,92.0,2009-06-20,0.12867898699520877,47,call,3.325,0.0019,1.0126895950304944,crisis,American
SPY,2009-05-04,90.847186,93.0,2009-06-20,0.12867898699520877,47,call,2.855,0.0019,1.023697090628652,crisis,American
SPY,2009-05-04,90.847186,94.0,2009-06-20,0.12867898699520877,47,call,2.41,0.0019,1.0347045862268096,crisis,American
SPY,2009-05-04,90.847186,95.0,2009-06-20,0.12867898699520877,47,call,2.04,0.0019,1.0457120818249672,crisis,American
SPY,2009-05-04,90.847186,96.0,2009-06-20,0.12867898699520877,47,call,1.6949999999999998,0.0019,1.0567195774231246,crisis,American
SPY,2009-05-04,90.847186,97.0,2009-06-20,0.12867898699520877,47,call,1.385,0.0019,1.0677270730212822,crisis,American
SPY,2009-05-04,90.847186,98.0,2009-06-20,0.12867898699520877,47,call,1.12,0.0019,1.0787345686194398,crisis,American
SPY,2009-05-04,90.847186,99.0,2009-06-20,0.12867898699520877,47,call,0.905,0.0019,1.0897420642175972,crisis,American
SPY,2009-05-04,90.847186,82.0,2009-06-30,0.15605749486652978,57,call,10.375,0.0019,0.902614639048919,crisis,American
SPY,2009-05-04,90.847186,84.0,2009-06-30,0.15605749486652978,57,call,8.825,0.0019,0.924629630245234,crisis,American
SPY,2009-05-04,90.847186,85.0,2009-06-30,0.15605749486652978,57,call,8.075,0.0019,0.9356371258433916,crisis,American
SPY,2009-05-04,90.847186,86.0,2009-06-30,0.15605749486652978,57,call,7.325,0.0019,0.9466446214415492,crisis,American
SPY,2009-05-04,90.847186,87.0,2009-06-30,0.15605749486652978,57,call,6.625,0.0019,0.9576521170397068,crisis,American
SPY,2009-05-04,90.847186,88.0,2009-06-30,0.15605749486652978,57,call,5.975,0.0019,0.9686596126378643,crisis,American
SPY,2009-05-04,90.847186,89.0,2009-06-30,0.15605749486652978,57,call,5.325,0.0019,0.9796671082360218,crisis,American
SPY,2009-05-04,90.847186,90.0,2009-06-30,0.15605749486652978,57,call,4.75,0.0019,0.9906746038341794,crisis,American
SPY,2009-05-04,90.847186,91.0,2009-06-30,0.15605749486652978,57,call,4.175,0.0019,1.001682099432337,crisis,American
SPY,2009-05-04,90.847186,92.0,2009-06-30,0.15605749486652978,57,call,3.675,0.0019,1.0126895950304944,crisis,American
SPY,2009-05-04,90.847186,93.0,2009-06-30,0.15605749486652978,57,call,3.175,0.0019,1.023697090628652,crisis,American
SPY,2009-05-04,90.847186,94.0,2009-06-30,0.15605749486652978,57,call,2.755,0.0019,1.0347045862268096,crisis,American
SPY,2009-05-04,90.847186,95.0,2009-06-30,0.15605749486652978,57,call,2.35,0.0019,1.0457120818249672,crisis,American
SPY,2009-05-04,90.847186,96.0,2009-06-30,0.15605749486652978,57,call,1.9899999999999998,0.0019,1.0567195774231246,crisis,American
SPY,2009-05-04,90.847186,97.0,2009-06-30,0.15605749486652978,57,call,1.67,0.0019,1.0677270730212822,crisis,American
SPY,2009-05-04,90.847186,98.0,2009-06-30,0.15605749486652978,57,call,1.395,0.0019,1.0787345686194398,crisis,American
SPY,2009-05-04,90.847186,99.0,2009-06-30,0.15605749486652978,57,call,1.1400000000000001,0.0019,1.0897420642175972,crisis,American
SPY,2009-05-11,91.129184,83.0,2009-06-20,0.10951403148528405,40,call,9.425,0.0019,0.9107949435825081,crisis,American
SPY,2009-05-11,91.129184,84.0,2009-06-20,0.10951403148528405,40,call,8.6,0.0019,0.921768376637719,crisis,American
SPY,2009-05-11,91.129184,85.0,2009-06-20,0.10951403148528405,40,call,7.825,0.0019,0.9327418096929301,crisis,American
SPY,2009-05-11,91.129184,86.0,2009-06-20,0.10951403148528405,40,call,7.025,0.0019,0.943715242748141,crisis,American
SPY,2009-05-11,91.129184,87.0,2009-06-20,0.10951403148528405,40,call,6.325,0.0019,0.9546886758033519,crisis,American
SPY,2009-05-11,91.129184,88.0,2009-06-20,0.10951403148528405,40,call,5.575,0.0019,0.9656621088585629,crisis,American
SPY,2009-05-11,91.129184,89.0,2009-06-20,0.10951403148528405,40,call,4.925,0.0019,0.9766355419137738,crisis,American
SPY,2009-05-11,91.129184,90.0,2009-06-20,0.10951403148528405,40,call,4.325,0.0019,0.9876089749689847,crisis,American
SPY,2009-05-11,91.129184,91.0,2009-06-20,0.10951403148528405,40,call,3.75,0.0019,0.9985824080241957,crisis,American
SPY,2009-05-11,91.129184,92.0,2009-06-20,0.10951403148528405,40,call,3.2,0.0019,1.0095558410794065,crisis,American
SPY,2009-05-11,91.129184,93.0,2009-06-20,0.10951403148528405,40,call,2.705,0.0019,1.0205292741346175,crisis,American
SPY,2009-05-11,91.129184,94.0,2009-06-20,0.10951403148528405,40,call,2.26,0.0019,1.0315027071898286,crisis,American
SPY,2009-05-11,91.129184,95.0,2009-06-20,0.10951403148528405,40,call,1.875,0.0019,1.0424761402450395,crisis,American
SPY,2009-05-11,91.129184,96.0,2009-06-20,0.10951403148528405,40,call,1.53,0.0019,1.0534495733002505,crisis,American
SPY,2009-05-11,91.129184,97.0,2009-06-20,0.10951403148528405,40,call,1.23,0.0019,1.0644230063554614,crisis,American
SPY,2009-05-11,91.129184,98.0,2009-06-20,0.10951403148528405,40,call,0.98,0.0019,1.0753964394106723,crisis,American
SPY,2009-05-11,91.129184,99.0,2009-06-20,0.10951403148528405,40,call,0.77,0.0019,1.0863698724658832,crisis,American
SPY,2009-05-11,91.129184,100.0,2009-06-20,0.10951403148528405,40,call,0.605,0.0019,1.0973433055210942,crisis,American
SPY,2009-05-11,91.129184,83.0,2009-06-30,0.13689253935660506,50,call,9.625,0.0019,0.9107949435825081,crisis,American
SPY,2009-05-11,91.129184,84.0,2009-06-30,0.13689253935660506,50,call,8.8,0.0019,0.921768376637719,crisis,American
SPY,2009-05-11,91.129184,85.0,2009-06-30,0.13689253935660506,50,call,8.025,0.0019,0.9327418096929301,crisis,American
SPY,2009-05-11,91.129184,86.0,2009-06-30,0.13689253935660506,50,call,7.275,0.0019,0.943715242748141,crisis,American
SPY,2009-05-11,91.129184,87.0,2009-06-30,0.13689253935660506,50,call,6.550000000000001,0.0019,0.9546886758033519,crisis,American
SPY,2009-05-11,91.129184,88.0,2009-06-30,0.13689253935660506,50,call,5.9,0.0019,0.9656621088585629,crisis,American
SPY,2009-05-11,91.129184,90.0,2009-06-30,0.13689253935660506,50,call,4.6,0.0019,0.9876089749689847,crisis,American
SPY,2009-05-11,91.129184,91.0,2009-06-30,0.13689253935660506,50,call,4.075,0.0019,0.9985824080241957,crisis,American
SPY,2009-05-11,91.129184,92.0,2009-06-30,0.13689253935660506,50,call,3.5,0.0019,1.0095558410794065,crisis,American
SPY,2009-05-11,91.129184,93.0,2009-06-30,0.13689253935660506,50,call,3.05,0.0019,1.0205292741346175,crisis,American
SPY,2009-05-11,91.129184,94.0,2009-06-30,0.13689253935660506,50,call,2.5949999999999998,0.0019,1.0315027071898286,crisis,American
SPY,2009-05-11,91.129184,95.0,2009-06-30,0.13689253935660506,50,call,2.1900000000000004,0.0019,1.0424761402450395,crisis,American
SPY,2009-05-11,91.129184,96.0,2009-06-30,0.13689253935660506,50,call,1.83,0.0019,1.0534495733002505,crisis,American
SPY,2009-05-11,91.129184,97.0,2009-06-30,0.13689253935660506,50,call,1.5150000000000001,0.0019,1.0644230063554614,crisis,American
SPY,2009-05-11,91.129184,98.0,2009-06-30,0.13689253935660506,50,call,1.245,0.0019,1.0753964394106723,crisis,American
SPY,2009-05-11,91.129184,99.0,2009-06-30,0.13689253935660506,50,call,1.005,0.0019,1.0863698724658832,crisis,American
SPY,2009-05-11,91.129184,100.0,2009-06-30,0.13689253935660506,50,call,0.8,0.0019,1.0973433055210942,crisis,American
SPY,2009-05-18,91.25167,83.0,2009-06-20,0.09034907597535935,33,call,8.899999999999999,0.0019,0.9095723946750782,crisis,American
SPY,2009-05-18,91.25167,84.0,2009-06-20,0.09034907597535935,33,call,8.025,0.0019,0.9205310982253804,crisis,American
SPY,2009-05-18,91.25167,85.0,2009-06-20,0.09034907597535935,33,call,7.2,0.0019,0.9314898017756825,crisis,American
SPY,2009-05-18,91.25167,86.0,2009-06-20,0.09034907597535935,33,call,6.375,0.0019,0.9424485053259847,crisis,American
SPY,2009-05-18,91.25167,87.0,2009-06-20,0.09034907597535935,33,call,5.625,0.0019,0.9534072088762868,crisis,American
SPY,2009-05-18,91.25167,88.0,2009-06-20,0.09034907597535935,33,call,4.875,0.0019,0.964365912426589,crisis,American
SPY,2009-05-18,91.25167,89.0,2009-06-20,0.09034907597535935,33,call,4.2,0.0019,0.9753246159768911,crisis,American
SPY,2009-05-18,91.25167,90.0,2009-06-20,0.09034907597535935,33,call,3.575,0.0019,0.9862833195271933,crisis,American
SPY,2009-05-18,91.25167,91.0,2009-06-20,0.09034907597535935,33,call,2.9850000000000003,0.0019,0.9972420230774954,crisis,American
SPY,2009-05-18,91.25167,92.0,2009-06-20,0.09034907597535935,33,call,2.45,0.0019,1.0082007266277975,crisis,American
SPY,2009-05-18,91.25167,93.0,2009-06-20,0.09034907597535935,33,call,1.98,0.0019,1.0191594301780997,crisis,American
SPY,2009-05-18,91.25167,94.0,2009-06-20,0.09034907597535935,33,call,1.5750000000000002,0.0019,1.0301181337284018,crisis,American
SPY,2009-05-18,91.25167,95.0,2009-06-20,0.09034907597535935,33,call,1.225,0.0019,1.041076837278704,crisis,American
SPY,2009-05-18,91.25167,96.0,2009-06-20,0.09034907597535935,33,call,0.935,0.0019,1.052035540829006,crisis,American
SPY,2009-05-18,91.25167,97.0,2009-06-20,0.09034907597535935,33,call,0.705,0.0019,1.0629942443793083,crisis,American
SPY,2009-05-18,91.25167,98.0,2009-06-20,0.09034907597535935,33,call,0.515,0.0019,1.0739529479296104,crisis,American
SPY,2009-05-18,91.25167,99.0,2009-06-20,0.09034907597535935,33,call,0.375,0.0019,1.0849116514799126,crisis,American
SPY,2009-05-18,91.25167,100.0,2009-06-20,0.09034907597535935,33,call,0.265,0.0019,1.0958703550302147,crisis,American
SPY,2009-05-18,91.25167,83.0,2009-06-30,0.11772758384668036,43,call,9.125,0.0019,0.9095723946750782,crisis,American
SPY,2009-05-18,91.25167,84.0,2009-06-30,0.11772758384668036,43,call,8.275,0.0019,0.9205310982253804,crisis,American
SPY,2009-05-18,91.25167,85.0,2009-06-30,0.11772758384668036,43,call,7.449999999999999,0.0019,0.9314898017756825,crisis,American
SPY,2009-05-18,91.25167,86.0,2009-06-30,0.11772758384668036,43,call,6.699999999999999,0.0019,0.9424485053259847,crisis,American
SPY,2009-05-18,91.25167,87.0,2009-06-30,0.11772758384668036,43,call,5.949999999999999,0.0019,0.9534072088762868,crisis,American
SPY,2009-05-18,91.25167,88.0,2009-06-30,0.11772758384668036,43,call,5.225,0.0019,0.964365912426589,crisis,American
SPY,2009-05-18,91.25167,89.0,2009-06-30,0.11772758384668036,43,call,4.550000000000001,0.0019,0.9753246159768911,crisis,American
SPY,2009-05-18,91.25167,90.0,2009-06-30,0.11772758384668036,43,call,3.925,0.0019,0.9862833195271933,crisis,American
SPY,2009-05-18,91.25167,91.0,2009-06-30,0.11772758384668036,43,call,3.375,0.0019,0.9972420230774954,crisis,American
SPY,2009-05-18,91.25167,92.0,2009-06-30,0.11772758384668036,43,call,2.825,0.0019,1.0082007266277975,crisis,American
SPY,2009-05-18,91.25167,93.0,2009-06-30,0.11772758384668036,43,call,2.3449999999999998,0.0019,1.0191594301780997,crisis,American
SPY,2009-05-18,91.25167,94.0,2009-06-30,0.11772758384668036,43,call,1.93,0.0019,1.0301181337284018,crisis,American
SPY,2009-05-18,91.25167,95.0,2009-06-30,0.11772758384668036,43,call,1.5550000000000002,0.0019,1.041076837278704,crisis,American
SPY,2009-05-18,91.25167,96.0,2009-06-30,0.11772758384668036,43,call,1.245,0.0019,1.052035540829006,crisis,American
SPY,2009-05-18,91.25167,97.0,2009-06-30,0.11772758384668036,43,call,0.98,0.0019,1.0629942443793083,crisis,American
SPY,2009-05-18,91.25167,98.0,2009-06-30,0.11772758384668036,43,call,0.76,0.0019,1.0739529479296104,crisis,American
SPY,2009-05-18,91.25167,99.0,2009-06-30,0.11772758384668036,43,call,0.5800000000000001,0.0019,1.0849116514799126,crisis,American
SPY,2009-05-18,91.25167,100.0,2009-06-30,0.11772758384668036,43,call,0.435,0.0019,1.0958703550302147,crisis,American
SPY,2009-05-26,91.36393,83.0,2009-06-20,0.06844626967830253,25,call,8.925,0.0018,0.908454791732361,crisis,American
SPY,2009-05-26,91.36393,84.0,2009-06-20,0.06844626967830253,25,call,8.025,0.0018,0.9194000301869677,crisis,American
SPY,2009-05-26,91.36393,85.0,2009-06-20,0.06844626967830253,25,call,7.125,0.0018,0.9303452686415744,crisis,American
SPY,2009-05-26,91.36393,86.0,2009-06-20,0.06844626967830253,25,call,6.3,0.0018,0.9412905070961812,crisis,American
SPY,2009-05-26,91.36393,87.0,2009-06-20,0.06844626967830253,25,call,5.45,0.0018,0.9522357455507879,crisis,American
SPY,2009-05-26,91.36393,88.0,2009-06-20,0.06844626967830253,25,call,4.7,0.0018,0.9631809840053948,crisis,American
SPY,2009-05-26,91.36393,89.0,2009-06-20,0.06844626967830253,25,call,3.95,0.0018,0.9741262224600015,crisis,American
SPY,2009-05-26,91.36393,90.0,2009-06-20,0.06844626967830253,25,call,3.3,0.0018,0.9850714609146083,crisis,American
SPY,2009-05-26,91.36393,91.0,2009-06-20,0.06844626967830253,25,call,2.67,0.0018,0.996016699369215,crisis,American
SPY,2009-05-26,91.36393,92.0,2009-06-20,0.06844626967830253,25,call,2.12,0.0018,1.0069619378238217,crisis,American
SPY,2009-05-26,91.36393,93.0,2009-06-20,0.06844626967830253,25,call,1.645,0.0018,1.0179071762784284,crisis,American
SPY,2009-05-26,91.36393,94.0,2009-06-20,0.06844626967830253,25,call,1.2349999999999999,0.0018,1.0288524147330353,crisis,American
SPY,2009-05-26,91.36393,95.0,2009-06-20,0.06844626967830253,25,call,0.905,0.0018,1.039797653187642,crisis,American
SPY,2009-05-26,91.36393,96.0,2009-06-20,0.06844626967830253,25,call,0.645,0.0018,1.0507428916422488,crisis,American
SPY,2009-05-26,91.36393,97.0,2009-06-20,0.06844626967830253,25,call,0.445,0.0018,1.0616881300968555,crisis,American
SPY,2009-05-26,91.36393,98.0,2009-06-20,0.06844626967830253,25,call,0.3,0.0018,1.0726333685514624,crisis,American
SPY,2009-05-26,91.36393,99.0,2009-06-20,0.06844626967830253,25,call,0.185,0.0018,1.0835786070060691,crisis,American
SPY,2009-05-26,91.36393,100.0,2009-06-20,0.06844626967830253,25,call,0.125,0.0018,1.0945238454606758,crisis,American
SPY,2009-05-26,91.36393,85.0,2009-06-30,0.09582477754962354,35,call,7.375,0.0018,0.9303452686415744,crisis,American
SPY,2009-05-26,91.36393,87.0,2009-06-30,0.09582477754962354,35,call,5.775,0.0018,0.9522357455507879,crisis,American
SPY,2009-05-26,91.36393,88.0,2009-06-30,0.09582477754962354,35,call,5.025,0.0018,0.9631809840053948,crisis,American
SPY,2009-05-26,91.36393,89.0,2009-06-30,0.09582477754962354,35,call,4.325,0.0018,0.9741262224600015,crisis,American
SPY,2009-05-26,91.36393,90.0,2009-06-30,0.09582477754962354,35,call,3.675,0.0018,0.9850714609146083,crisis,American
SPY,2009-05-26,91.36393,91.0,2009-06-30,0.09582477754962354,35,call,3.075,0.0018,0.996016699369215,crisis,American
SPY,2009-05-26,91.36393,92.0,2009-06-30,0.09582477754962354,35,call,2.515,0.0018,1.0069619378238217,crisis,American
SPY,2009-05-26,91.36393,93.0,2009-06-30,0.09582477754962354,35,call,2.025,0.0018,1.0179071762784284,crisis,American
SPY,2009-05-26,91.36393,94.0,2009-06-30,0.09582477754962354,35,call,1.605,0.0018,1.0288524147330353,crisis,American
SPY,2009-05-26,91.36393,95.0,2009-06-30,0.09582477754962354,35,call,1.245,0.0018,1.039797653187642,crisis,American
SPY,2009-05-26,91.36393,96.0,2009-06-30,0.09582477754962354,35,call,0.935,0.0018,1.0507428916422488,crisis,American
SPY,2009-05-26,91.36393,97.0,2009-06-30,0.09582477754962354,35,call,0.69,0.0018,1.0616881300968555,crisis,American
SPY,2009-05-26,91.36393,98.0,2009-06-30,0.09582477754962354,35,call,0.495,0.0018,1.0726333685514624,crisis,American
SPY,2009-05-26,91.36393,99.0,2009-06-30,0.09582477754962354,35,call,0.35,0.0018,1.0835786070060691,crisis,American
SPY,2009-05-26,91.36393,100.0,2009-06-30,0.09582477754962354,35,call,0.24,0.0018,1.0945238454606758,crisis,American
SPY,2009-05-26,91.36393,83.0,2009-07-18,0.14510609171800137,53,call,9.45,0.0018,0.908454791732361,crisis,American
SPY,2009-05-26,91.36393,84.0,2009-07-18,0.14510609171800137,53,call,8.625,0.0018,0.9194000301869677,crisis,American
SPY,2009-05-26,91.36393,85.0,2009-07-18,0.14510609171800137,53,call,7.8,0.0018,0.9303452686415744,crisis,American
SPY,2009-05-26,91.36393,86.0,2009-07-18,0.14510609171800137,53,call,7.05,0.0018,0.9412905070961812,crisis,American
SPY,2009-05-26,91.36393,87.0,2009-07-18,0.14510609171800137,53,call,6.3,0.0018,0.9522357455507879,crisis,American
SPY,2009-05-26,91.36393,88.0,2009-07-18,0.14510609171800137,53,call,5.6,0.0018,0.9631809840053948,crisis,American
SPY,2009-05-26,91.36393,89.0,2009-07-18,0.14510609171800137,53,call,4.925000000000001,0.0018,0.9741262224600015,crisis,American
SPY,2009-05-26,91.36393,90.0,2009-07-18,0.14510609171800137,53,call,4.3,0.0018,0.9850714609146083,crisis,American
SPY,2009-05-26,91.36393,91.0,2009-07-18,0.14510609171800137,53,call,3.7,0.0018,0.996016699369215,crisis,American
SPY,2009-05-26,91.36393,92.0,2009-07-18,0.14510609171800137,53,call,3.1500000000000004,0.0018,1.0069619378238217,crisis,American
SPY,2009-05-26,91.36393,93.0,2009-07-18,0.14510609171800137,53,call,2.66,0.0018,1.0179071762784284,crisis,American
SPY,2009-05-26,91.36393,94.0,2009-07-18,0.14510609171800137,53,call,2.21,0.0018,1.0288524147330353,crisis,American
SPY,2009-05-26,91.36393,95.0,2009-07-18,0.14510609171800137,53,call,1.81,0.0018,1.039797653187642,crisis,American
SPY,2009-05-26,91.36393,96.0,2009-07-18,0.14510609171800137,53,call,1.4649999999999999,0.0018,1.0507428916422488,crisis,American
SPY,2009-05-26,91.36393,97.0,2009-07-18,0.14510609171800137,53,call,1.165,0.0018,1.0616881300968555,crisis,American
SPY,2009-05-26,91.36393,98.0,2009-07-18,0.14510609171800137,53,call,0.905,0.0018,1.0726333685514624,crisis,American
SPY,2009-05-26,91.36393,99.0,2009-07-18,0.14510609171800137,53,call,0.6950000000000001,0.0018,1.0835786070060691,crisis,American
SPY,2009-05-26,91.36393,100.0,2009-07-18,0.14510609171800137,53,call,0.525,0.0018,1.0945238454606758,crisis,American
SPY,2009-06-02,94.841607,86.0,2009-06-20,0.049281314168377825,18,call,8.9,0.0014000000000000002,0.9067750191116015,crisis,American
SPY,2009-06-02,94.841607,87.0,2009-06-20,0.049281314168377825,18,call,8.0,0.0014000000000000002,0.9173189146826667,crisis,American
SPY,2009-06-02,94.841607,88.0,2009-06-20,0.049281314168377825,18,call,7.075,0.0014000000000000002,0.9278628102537319,crisis,American
SPY,2009-06-02,94.841607,89.0,2009-06-20,0.049281314168377825,18,call,6.199999999999999,0.0014000000000000002,0.9384067058247969,crisis,American
SPY,2009-06-02,94.841607,90.0,2009-06-20,0.049281314168377825,18,call,5.325,0.0014000000000000002,0.9489506013958621,crisis,American
SPY,2009-06-02,94.841607,91.0,2009-06-20,0.049281314168377825,18,call,4.55,0.0014000000000000002,0.9594944969669272,crisis,American
SPY,2009-06-02,94.841607,92.0,2009-06-20,0.049281314168377825,18,call,3.8,0.0014000000000000002,0.9700383925379924,crisis,American
SPY,2009-06-02,94.841607,93.0,2009-06-20,0.049281314168377825,18,call,3.0999999999999996,0.0014000000000000002,0.9805822881090575,crisis,American
SPY,2009-06-02,94.841607,94.0,2009-06-20,0.049281314168377825,18,call,2.4699999999999998,0.0014000000000000002,0.9911261836801226,crisis,American
SPY,2009-06-02,94.841607,95.0,2009-06-20,0.049281314168377825,18,call,1.915,0.0014000000000000002,1.0016700792511877,crisis,American
SPY,2009-06-02,94.841607,96.0,2009-06-20,0.049281314168377825,18,call,1.44,0.0014000000000000002,1.012213974822253,crisis,American
SPY,2009-06-02,94.841607,97.0,2009-06-20,0.049281314168377825,18,call,1.0550000000000002,0.0014000000000000002,1.022757870393318,crisis,American
SPY,2009-06-02,94.841607,98.0,2009-06-20,0.049281314168377825,18,call,0.75,0.0014000000000000002,1.033301765964383,crisis,American
SPY,2009-06-02,94.841607,99.0,2009-06-20,0.049281314168377825,18,call,0.51,0.0014000000000000002,1.0438456615354483,crisis,American
SPY,2009-06-02,94.841607,100.0,2009-06-20,0.049281314168377825,18,call,0.335,0.0014000000000000002,1.0543895571065134,crisis,American
SPY,2009-06-02,94.841607,101.0,2009-06-20,0.049281314168377825,18,call,0.235,0.0014000000000000002,1.0649334526775787,crisis,American
SPY,2009-06-02,94.841607,102.0,2009-06-20,0.049281314168377825,18,call,0.14,0.0014000000000000002,1.0754773482486437,crisis,American
SPY,2009-06-02,94.841607,103.0,2009-06-20,0.049281314168377825,18,call,0.105,0.0014000000000000002,1.0860212438197088,crisis,American
SPY,2009-06-02,94.841607,104.0,2009-06-20,0.049281314168377825,18,call,0.05,0.0014000000000000002,1.096565139390774,crisis,American
SPY,2009-06-02,94.841607,86.0,2009-06-30,0.07665982203969883,28,call,9.075,0.0014000000000000002,0.9067750191116015,crisis,American
SPY,2009-06-02,94.841607,87.0,2009-06-30,0.07665982203969883,28,call,8.175,0.0014000000000000002,0.9173189146826667,crisis,American
SPY,2009-06-02,94.841607,88.0,2009-06-30,0.07665982203969883,28,call,7.300000000000001,0.0014000000000000002,0.9278628102537319,crisis,American
SPY,2009-06-02,94.841607,89.0,2009-06-30,0.07665982203969883,28,call,6.449999999999999,0.0014000000000000002,0.9384067058247969,crisis,American
SPY,2009-06-02,94.841607,90.0,2009-06-30,0.07665982203969883,28,call,5.65,0.0014000000000000002,0.9489506013958621,crisis,American
SPY,2009-06-02,94.841607,91.0,2009-06-30,0.07665982203969883,28,call,4.9,0.0014000000000000002,0.9594944969669272,crisis,American
SPY,2009-06-02,94.841607,92.0,2009-06-30,0.07665982203969883,28,call,4.125,0.0014000000000000002,0.9700383925379924,crisis,American
SPY,2009-06-02,94.841607,93.0,2009-06-30,0.07665982203969883,28,call,3.5,0.0014000000000000002,0.9805822881090575,crisis,American
SPY,2009-06-02,94.841607,94.0,2009-06-30,0.07665982203969883,28,call,2.855,0.0014000000000000002,0.9911261836801226,crisis,American
SPY,2009-06-02,94.841607,95.0,2009-06-30,0.07665982203969883,28,call,2.3049999999999997,0.0014000000000000002,1.0016700792511877,crisis,American
SPY,2009-06-02,94.841607,96.0,2009-06-30,0.07665982203969883,28,call,1.845,0.0014000000000000002,1.012213974822253,crisis,American
SPY,2009-06-02,94.841607,97.0,2009-06-30,0.07665982203969883,28,call,1.44,0.0014000000000000002,1.022757870393318,crisis,American
SPY,2009-06-02,94.841607,98.0,2009-06-30,0.07665982203969883,28,call,1.095,0.0014000000000000002,1.033301765964383,crisis,American
SPY,2009-06-02,94.841607,99.0,2009-06-30,0.07665982203969883,28,call,0.81,0.0014000000000000002,1.0438456615354483,crisis,American
SPY,2009-06-02,94.841607,100.0,2009-06-30,0.07665982203969883,28,call,0.585,0.0014000000000000002,1.0543895571065134,crisis,American
SPY,2009-06-02,94.841607,101.0,2009-06-30,0.07665982203969883,28,call,0.41000000000000003,0.0014000000000000002,1.0649334526775787,crisis,American
SPY,2009-06-02,94.841607,102.0,2009-06-30,0.07665982203969883,28,call,0.28500000000000003,0.0014000000000000002,1.0754773482486437,crisis,American
SPY,2009-06-02,94.841607,104.0,2009-06-30,0.07665982203969883,28,call,0.13,0.0014000000000000002,1.096565139390774,crisis,American
SPY,2009-06-02,94.841607,86.0,2009-07-18,0.12594113620807665,46,call,9.45,0.0014000000000000002,0.9067750191116015,crisis,American
SPY,2009-06-02,94.841607,87.0,2009-07-18,0.12594113620807665,46,call,8.625,0.0014000000000000002,0.9173189146826667,crisis,American
SPY,2009-06-02,94.841607,88.0,2009-07-18,0.12594113620807665,46,call,7.775,0.0014000000000000002,0.9278628102537319,crisis,American
SPY,2009-06-02,94.841607,89.0,2009-07-18,0.12594113620807665,46,call,6.975,0.0014000000000000002,0.9384067058247969,crisis,American
SPY,2009-06-02,94.841607,90.0,2009-07-18,0.12594113620807665,46,call,6.25,0.0014000000000000002,0.9489506013958621,crisis,American
SPY,2009-06-02,94.841607,91.0,2009-07-18,0.12594113620807665,46,call,5.55,0.0014000000000000002,0.9594944969669272,crisis,American
SPY,2009-06-02,94.841607,92.0,2009-07-18,0.12594113620807665,46,call,4.825,0.0014000000000000002,0.9700383925379924,crisis,American
SPY,2009-06-02,94.841607,93.0,2009-07-18,0.12594113620807665,46,call,4.2,0.0014000000000000002,0.9805822881090575,crisis,American
SPY,2009-06-02,94.841607,94.0,2009-07-18,0.12594113620807665,46,call,3.5999999999999996,0.0014000000000000002,0.9911261836801226,crisis,American
SPY,2009-06-02,94.841607,95.0,2009-07-18,0.12594113620807665,46,call,3.05,0.0014000000000000002,1.0016700792511877,crisis,American
SPY,2009-06-02,94.841607,96.0,2009-07-18,0.12594113620807665,46,call,2.5599999999999996,0.0014000000000000002,1.012213974822253,crisis,American
SPY,2009-06-02,94.841607,97.0,2009-07-18,0.12594113620807665,46,call,2.115,0.0014000000000000002,1.022757870393318,crisis,American
SPY,2009-06-02,94.841607,98.0,2009-07-18,0.12594113620807665,46,call,1.72,0.0014000000000000002,1.033301765964383,crisis,American
SPY,2009-06-02,94.841607,99.0,2009-07-18,0.12594113620807665,46,call,1.38,0.0014000000000000002,1.0438456615354483,crisis,American
SPY,2009-06-02,94.841607,100.0,2009-07-18,0.12594113620807665,46,call,1.085,0.0014000000000000002,1.0543895571065134,crisis,American
SPY,2009-06-02,94.841607,101.0,2009-07-18,0.12594113620807665,46,call,0.845,0.0014000000000000002,1.0649334526775787,crisis,American
SPY,2009-06-02,94.841607,102.0,2009-07-18,0.12594113620807665,46,call,0.645,0.0014000000000000002,1.0754773482486437,crisis,American
SPY,2009-06-02,94.841607,103.0,2009-07-18,0.12594113620807665,46,call,0.49,0.0014000000000000002,1.0860212438197088,crisis,American
SPY,2009-06-02,94.841607,104.0,2009-07-18,0.12594113620807665,46,call,0.36,0.0014000000000000002,1.096565139390774,crisis,American
SPY,2009-06-09,94.675874,86.0,2009-06-20,0.030116358658453114,11,call,8.5,0.0019,0.9083623563908162,crisis,American
SPY,2009-06-09,94.675874,87.0,2009-06-20,0.030116358658453114,11,call,7.525,0.0019,0.9189247093721047,crisis,American
SPY,2009-06-09,94.675874,88.0,2009-06-20,0.030116358658453114,11,call,6.55,0.0019,0.9294870623533933,crisis,American
SPY,2009-06-09,94.675874,89.0,2009-06-20,0.030116358658453114,11,call,5.6,0.0019,0.9400494153346819,crisis,American
SPY,2009-06-09,94.675874,90.0,2009-06-20,0.030116358658453114,11,call,4.7,0.0019,0.9506117683159704,crisis,American
SPY,2009-06-09,94.675874,91.0,2009-06-20,0.030116358658453114,11,call,3.825,0.0019,0.961174121297259,crisis,American
SPY,2009-06-09,94.675874,92.0,2009-06-20,0.030116358658453114,11,call,3.025,0.0019,0.9717364742785475,crisis,American
SPY,2009-06-09,94.675874,93.0,2009-06-20,0.030116358658453114,11,call,2.295,0.0019,0.9822988272598361,crisis,American
SPY,2009-06-09,94.675874,94.0,2009-06-20,0.030116358658453114,11,call,1.665,0.0019,0.9928611802411247,crisis,American
SPY,2009-06-09,94.675874,95.0,2009-06-20,0.030116358658453114,11,call,1.1549999999999998,0.0019,1.0034235332224133,crisis,American
SPY,2009-06-09,94.675874,96.0,2009-06-20,0.030116358658453114,11,call,0.755,0.0019,1.0139858862037017,crisis,American
SPY,2009-06-09,94.675874,97.0,2009-06-20,0.030116358658453114,11,call,0.47,0.0019,1.0245482391849903,crisis,American
SPY,2009-06-09,94.675874,98.0,2009-06-20,0.030116358658453114,11,call,0.28,0.0019,1.0351105921662789,crisis,American
SPY,2009-06-09,94.675874,99.0,2009-06-20,0.030116358658453114,11,call,0.16,0.0019,1.0456729451475675,crisis,American
SPY,2009-06-09,94.675874,100.0,2009-06-20,0.030116358658453114,11,call,0.09,0.0019,1.056235298128856,crisis,American
SPY,2009-06-09,94.675874,101.0,2009-06-20,0.030116358658453114,11,call,0.060000000000000005,0.0019,1.0667976511101445,crisis,American
SPY,2009-06-09,94.675874,87.0,2009-06-30,0.057494866529774126,21,call,7.65,0.0019,0.9189247093721047,crisis,American
SPY,2009-06-09,94.675874,88.0,2009-06-30,0.057494866529774126,21,call,6.75,0.0019,0.9294870623533933,crisis,American
SPY,2009-06-09,94.675874,89.0,2009-06-30,0.057494866529774126,21,call,5.85,0.0019,0.9400494153346819,crisis,American
SPY,2009-06-09,94.675874,90.0,2009-06-30,0.057494866529774126,21,call,5.0,0.0019,0.9506117683159704,crisis,American
SPY,2009-06-09,94.675874,91.0,2009-06-30,0.057494866529774126,21,call,4.225,0.0019,0.961174121297259,crisis,American
SPY,2009-06-09,94.675874,92.0,2009-06-30,0.057494866529774126,21,call,3.4749999999999996,0.0019,0.9717364742785475,crisis,American
SPY,2009-06-09,94.675874,93.0,2009-06-30,0.057494866529774126,21,call,2.7800000000000002,0.0019,0.9822988272598361,crisis,American
SPY,2009-06-09,94.675874,94.0,2009-06-30,0.057494866529774126,21,call,2.185,0.0019,0.9928611802411247,crisis,American
SPY,2009-06-09,94.675874,95.0,2009-06-30,0.057494866529774126,21,call,1.7,0.0019,1.0034235332224133,crisis,American
SPY,2009-06-09,94.675874,96.0,2009-06-30,0.057494866529774126,21,call,1.27,0.0019,1.0139858862037017,crisis,American
SPY,2009-06-09,94.675874,97.0,2009-06-30,0.057494866529774126,21,call,0.915,0.0019,1.0245482391849903,crisis,American
SPY,2009-06-09,94.675874,98.0,2009-06-30,0.057494866529774126,21,call,0.645,0.0019,1.0351105921662789,crisis,American
SPY,2009-06-09,94.675874,99.0,2009-06-30,0.057494866529774126,21,call,0.44999999999999996,0.0019,1.0456729451475675,crisis,American
SPY,2009-06-09,94.675874,100.0,2009-06-30,0.057494866529774126,21,call,0.30000000000000004,0.0019,1.056235298128856,crisis,American
SPY,2009-06-09,94.675874,101.0,2009-06-30,0.057494866529774126,21,call,0.195,0.0019,1.0667976511101445,crisis,American
SPY,2009-06-09,94.675874,102.0,2009-06-30,0.057494866529774126,21,call,0.12000000000000001,0.0019,1.077360004091433,crisis,American
SPY,2009-06-09,94.675874,103.0,2009-06-30,0.057494866529774126,21,call,0.08,0.0019,1.0879223570727217,crisis,American
SPY,2009-06-09,94.675874,86.0,2009-07-18,0.10677618069815195,39,call,8.95,0.0019,0.9083623563908162,crisis,American
SPY,2009-06-09,94.675874,87.0,2009-07-18,0.10677618069815195,39,call,8.1,0.0019,0.9189247093721047,crisis,American
SPY,2009-06-09,94.675874,88.0,2009-07-18,0.10677618069815195,39,call,7.25,0.0019,0.9294870623533933,crisis,American
SPY,2009-06-09,94.675874,89.0,2009-07-18,0.10677618069815195,39,call,6.449999999999999,0.0019,0.9400494153346819,crisis,American
SPY,2009-06-09,94.675874,90.0,2009-07-18,0.10677618069815195,39,call,5.675,0.0019,0.9506117683159704,crisis,American
SPY,2009-06-09,94.675874,91.0,2009-07-18,0.10677618069815195,39,call,4.975,0.0019,0.961174121297259,crisis,American
SPY,2009-06-09,94.675874,92.0,2009-07-18,0.10677618069815195,39,call,4.275,0.0019,0.9717364742785475,crisis,American
SPY,2009-06-09,94.675874,93.0,2009-07-18,0.10677618069815195,39,call,3.6500000000000004,0.0019,0.9822988272598361,crisis,American
SPY,2009-06-09,94.675874,94.0,2009-07-18,0.10677618069815195,39,call,3.05,0.0019,0.9928611802411247,crisis,American
SPY,2009-06-09,94.675874,95.0,2009-07-18,0.10677618069815195,39,call,2.5300000000000002,0.0019,1.0034235332224133,crisis,American
SPY,2009-06-09,94.675874,96.0,2009-07-18,0.10677618069815195,39,call,2.0599999999999996,0.0019,1.0139858862037017,crisis,American
SPY,2009-06-09,94.675874,97.0,2009-07-18,0.10677618069815195,39,call,1.65,0.0019,1.0245482391849903,crisis,American
SPY,2009-06-09,94.675874,98.0,2009-07-18,0.10677618069815195,39,call,1.295,0.0019,1.0351105921662789,crisis,American
SPY,2009-06-09,94.675874,99.0,2009-07-18,0.10677618069815195,39,call,1.0,0.0019,1.0456729451475675,crisis,American
SPY,2009-06-09,94.675874,100.0,2009-07-18,0.10677618069815195,39,call,0.76,0.0019,1.056235298128856,crisis,American
SPY,2009-06-09,94.675874,101.0,2009-07-18,0.10677618069815195,39,call,0.56,0.0019,1.0667976511101445,crisis,American
SPY,2009-06-09,94.675874,102.0,2009-07-18,0.10677618069815195,39,call,0.41500000000000004,0.0019,1.077360004091433,crisis,American
SPY,2009-06-09,94.675874,103.0,2009-07-18,0.10677618069815195,39,call,0.29500000000000004,0.0019,1.0879223570727217,crisis,American
SPY,2009-06-09,94.675874,104.0,2009-07-18,0.10677618069815195,39,call,0.21000000000000002,0.0019,1.0984847100540103,crisis,American
SPY,2009-06-16,91.661182,83.0,2009-06-30,0.038329911019849415,14,call,8.7,0.0017000000000000001,0.9055087245111022,crisis,American
SPY,2009-06-16,91.661182,85.0,2009-06-30,0.038329911019849415,14,call,6.800000000000001,0.0017000000000000001,0.9273282118487192,crisis,American
SPY,2009-06-16,91.661182,86.0,2009-06-30,0.038329911019849415,14,call,5.875,0.0017000000000000001,0.9382379555175276,crisis,American
SPY,2009-06-16,91.661182,88.0,2009-06-30,0.038329911019849415,14,call,4.175,0.0017000000000000001,0.9600574428551445,crisis,American
SPY,2009-06-16,91.661182,89.0,2009-06-30,0.038329911019849415,14,call,3.4,0.0017000000000000001,0.970967186523953,crisis,American
SPY,2009-06-16,91.661182,90.0,2009-06-30,0.038329911019849415,14,call,2.695,0.0017000000000000001,0.9818769301927615,crisis,American
SPY,2009-06-16,91.661182,91.0,2009-06-30,0.038329911019849415,14,call,2.12,0.0017000000000000001,0.9927866738615699,crisis,American
SPY,2009-06-16,91.661182,92.0,2009-06-30,0.038329911019849415,14,call,1.595,0.0017000000000000001,1.0036964175303784,crisis,American
SPY,2009-06-16,91.661182,93.0,2009-06-30,0.038329911019849415,14,call,1.155,0.0017000000000000001,1.0146061611991868,crisis,American
SPY,2009-06-16,91.661182,94.0,2009-06-30,0.038329911019849415,14,call,0.81,0.0017000000000000001,1.0255159048679954,crisis,American
SPY,2009-06-16,91.661182,95.0,2009-06-30,0.038329911019849415,14,call,0.55,0.0017000000000000001,1.0364256485368037,crisis,American
SPY,2009-06-16,91.661182,96.0,2009-06-30,0.038329911019849415,14,call,0.33999999999999997,0.0017000000000000001,1.0473353922056121,crisis,American
SPY,2009-06-16,91.661182,97.0,2009-06-30,0.038329911019849415,14,call,0.225,0.0017000000000000001,1.0582451358744207,crisis,American
SPY,2009-06-16,91.661182,98.0,2009-06-30,0.038329911019849415,14,call,0.13,0.0017000000000000001,1.069154879543229,crisis,American
SPY,2009-06-16,91.661182,99.0,2009-06-30,0.038329911019849415,14,call,0.08,0.0017000000000000001,1.0800646232120377,crisis,American
SPY,2009-06-16,91.661182,100.0,2009-06-30,0.038329911019849415,14,call,0.060000000000000005,0.0017000000000000001,1.090974366880846,crisis,American
SPY,2009-06-16,91.661182,83.0,2009-07-18,0.08761122518822724,32,call,9.100000000000001,0.0017000000000000001,0.9055087245111022,crisis,American
SPY,2009-06-16,91.661182,84.0,2009-07-18,0.08761122518822724,32,call,8.225,0.0017000000000000001,0.9164184681799107,crisis,American
SPY,2009-06-16,91.661182,85.0,2009-07-18,0.08761122518822724,32,call,7.4,0.0017000000000000001,0.9273282118487192,crisis,American
SPY,2009-06-16,91.661182,86.0,2009-07-18,0.08761122518822724,32,call,6.55,0.0017000000000000001,0.9382379555175276,crisis,American
SPY,2009-06-16,91.661182,87.0,2009-07-18,0.08761122518822724,32,call,5.8,0.0017000000000000001,0.9491476991863361,crisis,American
SPY,2009-06-16,91.661182,88.0,2009-07-18,0.08761122518822724,32,call,5.05,0.0017000000000000001,0.9600574428551445,crisis,American
SPY,2009-06-16,91.661182,89.0,2009-07-18,0.08761122518822724,32,call,4.35,0.0017000000000000001,0.970967186523953,crisis,American
SPY,2009-06-16,91.661182,90.0,2009-07-18,0.08761122518822724,32,call,3.7249999999999996,0.0017000000000000001,0.9818769301927615,crisis,American
SPY,2009-06-16,91.661182,91.0,2009-07-18,0.08761122518822724,32,call,3.125,0.0017000000000000001,0.9927866738615699,crisis,American
SPY,2009-06-16,91.661182,92.0,2009-07-18,0.08761122518822724,32,call,2.575,0.0017000000000000001,1.0036964175303784,crisis,American
SPY,2009-06-16,91.661182,93.0,2009-07-18,0.08761122518822724,32,call,2.1,0.0017000000000000001,1.0146061611991868,crisis,American
SPY,2009-06-16,91.661182,94.0,2009-07-18,0.08761122518822724,32,call,1.665,0.0017000000000000001,1.0255159048679954,crisis,American
SPY,2009-06-16,91.661182,95.0,2009-07-18,0.08761122518822724,32,call,1.3,0.0017000000000000001,1.0364256485368037,crisis,American
SPY,2009-06-16,91.661182,96.0,2009-07-18,0.08761122518822724,32,call,0.99,0.0017000000000000001,1.0473353922056121,crisis,American
SPY,2009-06-16,91.661182,97.0,2009-07-18,0.08761122518822724,32,call,0.74,0.0017000000000000001,1.0582451358744207,crisis,American
SPY,2009-06-16,91.661182,98.0,2009-07-18,0.08761122518822724,32,call,0.54,0.0017000000000000001,1.069154879543229,crisis,American
SPY,2009-06-16,91.661182,99.0,2009-07-18,0.08761122518822724,32,call,0.385,0.0017000000000000001,1.0800646232120377,crisis,American
SPY,2009-06-16,91.661182,100.0,2009-07-18,0.08761122518822724,32,call,0.275,0.0017000000000000001,1.090974366880846,crisis,American
SPY,2009-06-23,89.498062,83.0,2009-06-30,0.019164955509924708,7,call,6.475,0.002,0.9273943831320056,crisis,American
SPY,2009-06-23,89.498062,84.0,2009-06-30,0.019164955509924708,7,call,5.550000000000001,0.002,0.9385678094348009,crisis,American
SPY,2009-06-23,89.498062,85.0,2009-06-30,0.019164955509924708,7,call,4.625,0.002,0.9497412357375962,crisis,American
SPY,2009-06-23,89.498062,86.0,2009-06-30,0.019164955509924708,7,call,3.8,0.002,0.9609146620403914,crisis,American
SPY,2009-06-23,89.498062,87.0,2009-06-30,0.019164955509924708,7,call,2.945,0.002,0.9720880883431866,crisis,American
SPY,2009-06-23,89.498062,88.0,2009-06-30,0.019164955509924708,7,call,2.2350000000000003,0.002,0.9832615146459819,crisis,American
SPY,2009-06-23,89.498062,89.0,2009-06-30,0.019164955509924708,7,call,1.6,0.002,0.9944349409487772,crisis,American
SPY,2009-06-23,89.498062,90.0,2009-06-30,0.019164955509924708,7,call,1.06,0.002,1.0056083672515723,crisis,American
SPY,2009-06-23,89.498062,91.0,2009-06-30,0.019164955509924708,7,call,0.675,0.002,1.0167817935543677,crisis,American
SPY,2009-06-23,89.498062,92.0,2009-06-30,0.019164955509924708,7,call,0.4,0.002,1.0279552198571629,crisis,American
SPY,2009-06-23,89.498062,93.0,2009-06-30,0.019164955509924708,7,call,0.22999999999999998,0.002,1.039128646159958,crisis,American
SPY,2009-06-23,89.498062,94.0,2009-06-30,0.019164955509924708,7,call,0.12,0.002,1.0503020724627534,crisis,American
SPY,2009-06-23,89.498062,95.0,2009-06-30,0.019164955509924708,7,call,0.07,0.002,1.0614754987655486,crisis,American
SPY,2009-06-23,89.498062,81.0,2009-07-18,0.06844626967830253,25,call,8.925,0.002,0.9050475305264152,crisis,American
SPY,2009-06-23,89.498062,82.0,2009-07-18,0.06844626967830253,25,call,8.0,0.002,0.9162209568292105,crisis,American
SPY,2009-06-23,89.498062,83.0,2009-07-18,0.06844626967830253,25,call,7.15,0.002,0.9273943831320056,crisis,American
SPY,2009-06-23,89.498062,84.0,2009-07-18,0.06844626967830253,25,call,6.3,0.002,0.9385678094348009,crisis,American
SPY,2009-06-23,89.498062,85.0,2009-07-18,0.06844626967830253,25,call,5.5,0.002,0.9497412357375962,crisis,American
SPY,2009-06-23,89.498062,86.0,2009-07-18,0.06844626967830253,25,call,4.75,0.002,0.9609146620403914,crisis,American
SPY,2009-06-23,89.498062,87.0,2009-07-18,0.06844626967830253,25,call,4.025,0.002,0.9720880883431866,crisis,American
SPY,2009-06-23,89.498062,88.0,2009-07-18,0.06844626967830253,25,call,3.3499999999999996,0.002,0.9832615146459819,crisis,American
SPY,2009-06-23,89.498062,89.0,2009-07-18,0.06844626967830253,25,call,2.74,0.002,0.9944349409487772,crisis,American
SPY,2009-06-23,89.498062,90.0,2009-07-18,0.06844626967830253,25,call,2.1900000000000004,0.002,1.0056083672515723,crisis,American
SPY,2009-06-23,89.498062,91.0,2009-07-18,0.06844626967830253,25,call,1.71,0.002,1.0167817935543677,crisis,American
SPY,2009-06-23,89.498062,92.0,2009-07-18,0.06844626967830253,25,call,1.3,0.002,1.0279552198571629,crisis,American
SPY,2009-06-23,89.498062,93.0,2009-07-18,0.06844626967830253,25,call,0.965,0.002,1.039128646159958,crisis,American
SPY,2009-06-23,89.498062,94.0,2009-07-18,0.06844626967830253,25,call,0.69,0.002,1.0503020724627534,crisis,American
SPY,2009-06-23,89.498062,95.0,2009-07-18,0.06844626967830253,25,call,0.485,0.002,1.0614754987655486,crisis,American
SPY,2009-06-23,89.498062,96.0,2009-07-18,0.06844626967830253,25,call,0.335,0.002,1.072648925068344,crisis,American
SPY,2009-06-23,89.498062,97.0,2009-07-18,0.06844626967830253,25,call,0.21000000000000002,0.002,1.0838223513711391,crisis,American
SPY,2009-06-23,89.498062,98.0,2009-07-18,0.06844626967830253,25,call,0.15000000000000002,0.002,1.0949957776739343,crisis,American
SPY,2009-06-23,89.498062,81.0,2009-08-22,0.16427104722792607,60,call,9.975000000000001,0.002,0.9050475305264152,crisis,American
SPY,2009-06-23,89.498062,82.0,2009-08-22,0.16427104722792607,60,call,9.149999999999999,0.002,0.9162209568292105,crisis,American
SPY,2009-06-23,89.498062,83.0,2009-08-22,0.16427104722792607,60,call,8.375,0.002,0.9273943831320056,crisis,American
SPY,2009-06-23,89.498062,84.0,2009-08-22,0.16427104722792607,60,call,7.625,0.002,0.9385678094348009,crisis,American
SPY,2009-06-23,89.498062,85.0,2009-08-22,0.16427104722792607,60,call,6.9,0.002,0.9497412357375962,crisis,American
SPY,2009-06-23,89.498062,86.0,2009-08-22,0.16427104722792607,60,call,6.2,0.002,0.9609146620403914,crisis,American
SPY,2009-06-23,89.498062,87.0,2009-08-22,0.16427104722792607,60,call,5.5,0.002,0.9720880883431866,crisis,American
SPY,2009-06-23,89.498062,88.0,2009-08-22,0.16427104722792607,60,call,4.875,0.002,0.9832615146459819,crisis,American
SPY,2009-06-23,89.498062,89.0,2009-08-22,0.16427104722792607,60,call,4.275,0.002,0.9944349409487772,crisis,American
SPY,2009-06-23,89.498062,90.0,2009-08-22,0.16427104722792607,60,call,3.725,0.002,1.0056083672515723,crisis,American
SPY,2009-06-23,89.498062,91.0,2009-08-22,0.16427104722792607,60,call,3.2,0.002,1.0167817935543677,crisis,American
SPY,2009-06-23,89.498062,92.0,2009-08-22,0.16427104722792607,60,call,2.73,0.002,1.0279552198571629,crisis,American
SPY,2009-06-23,89.498062,93.0,2009-08-22,0.16427104722792607,60,call,2.3,0.002,1.039128646159958,crisis,American
SPY,2009-06-23,89.498062,94.0,2009-08-22,0.16427104722792607,60,call,1.91,0.002,1.0503020724627534,crisis,American
SPY,2009-06-23,89.498062,95.0,2009-08-22,0.16427104722792607,60,call,1.565,0.002,1.0614754987655486,crisis,American
SPY,2009-06-23,89.498062,96.0,2009-08-22,0.16427104722792607,60,call,1.27,0.002,1.072648925068344,crisis,American
SPY,2009-06-23,89.498062,97.0,2009-08-22,0.16427104722792607,60,call,1.0150000000000001,0.002,1.0838223513711391,crisis,American
SPY,2009-06-23,89.498062,98.0,2009-08-22,0.16427104722792607,60,call,0.795,0.002,1.0949957776739343,crisis,American
SPY,2009-06-30,91.950673,83.0,2009-07-18,0.049281314168377825,18,call,9.25,0.0019,0.902657884842235,crisis,American
SPY,2009-06-30,91.950673,84.0,2009-07-18,0.049281314168377825,18,call,8.3,0.0019,0.9135332810451535,crisis,American
SPY,2009-06-30,91.950673,85.0,2009-07-18,0.049281314168377825,18,call,7.4,0.0019,0.924408677248072,crisis,American
SPY,2009-06-30,91.950673,86.0,2009-07-18,0.049281314168377825,18,call,6.45,0.0019,0.9352840734509904,crisis,American
SPY,2009-06-30,91.950673,87.0,2009-07-18,0.049281314168377825,18,call,5.6,0.0019,0.946159469653909,crisis,American
SPY,2009-06-30,91.950673,88.0,2009-07-18,0.049281314168377825,18,call,4.725,0.0019,0.9570348658568274,crisis,American
SPY,2009-06-30,91.950673,89.0,2009-07-18,0.049281314168377825,18,call,3.9000000000000004,0.0019,0.967910262059746,crisis,American
SPY,2009-06-30,91.950673,90.0,2009-07-18,0.049281314168377825,18,call,3.125,0.0019,0.9787856582626644,crisis,American
SPY,2009-06-30,91.950673,91.0,2009-07-18,0.049281314168377825,18,call,2.475,0.0019,0.989661054465583,crisis,American
SPY,2009-06-30,91.950673,92.0,2009-07-18,0.049281314168377825,18,call,1.8450000000000002,0.0019,1.0005364506685015,crisis,American
SPY,2009-06-30,91.950673,93.0,2009-07-18,0.049281314168377825,18,call,1.34,0.0019,1.01141184687142,crisis,American
SPY,2009-06-30,91.950673,94.0,2009-07-18,0.049281314168377825,18,call,0.925,0.0019,1.0222872430743384,crisis,American
SPY,2009-06-30,91.950673,95.0,2009-07-18,0.049281314168377825,18,call,0.61,0.0019,1.0331626392772568,crisis,American
SPY,2009-06-30,91.950673,96.0,2009-07-18,0.049281314168377825,18,call,0.385,0.0019,1.0440380354801755,crisis,American
SPY,2009-06-30,91.950673,97.0,2009-07-18,0.049281314168377825,18,call,0.22999999999999998,0.0019,1.054913431683094,crisis,American
SPY,2009-06-30,91.950673,98.0,2009-07-18,0.049281314168377825,18,call,0.14,0.0019,1.0657888278860124,crisis,American
SPY,2009-06-30,91.950673,99.0,2009-07-18,0.049281314168377825,18,call,0.08,0.0019,1.0766642240889308,crisis,American
SPY,2009-06-30,91.950673,100.0,2009-07-18,0.049281314168377825,18,call,0.05,0.0019,1.0875396202918495,crisis,American
SPY,2009-06-30,91.950673,83.0,2009-08-22,0.14510609171800137,53,call,10.05,0.0019,0.902657884842235,crisis,American
SPY,2009-06-30,91.950673,84.0,2009-08-22,0.14510609171800137,53,call,9.2,0.0019,0.9135332810451535,crisis,American
SPY,2009-06-30,91.950673,85.0,2009-08-22,0.14510609171800137,53,call,8.350000000000001,0.0019,0.924408677248072,crisis,American
SPY,2009-06-30,91.950673,86.0,2009-08-22,0.14510609171800137,53,call,7.55,0.0019,0.9352840734509904,crisis,American
SPY,2009-06-30,91.950673,87.0,2009-08-22,0.14510609171800137,53,call,6.8,0.0019,0.946159469653909,crisis,American
SPY,2009-06-30,91.950673,88.0,2009-08-22,0.14510609171800137,53,call,6.05,0.0019,0.9570348658568274,crisis,American
SPY,2009-06-30,91.950673,89.0,2009-08-22,0.14510609171800137,53,call,5.3,0.0019,0.967910262059746,crisis,American
SPY,2009-06-30,91.950673,90.0,2009-08-22,0.14510609171800137,53,call,4.65,0.0019,0.9787856582626644,crisis,American
SPY,2009-06-30,91.950673,91.0,2009-08-22,0.14510609171800137,53,call,4.0,0.0019,0.989661054465583,crisis,American
SPY,2009-06-30,91.950673,92.0,2009-08-22,0.14510609171800137,53,call,3.4000000000000004,0.0019,1.0005364506685015,crisis,American
SPY,2009-06-30,91.950673,93.0,2009-08-22,0.14510609171800137,53,call,2.85,0.0019,1.01141184687142,crisis,American
SPY,2009-06-30,91.950673,94.0,2009-08-22,0.14510609171800137,53,call,2.35,0.0019,1.0222872430743384,crisis,American
SPY,2009-06-30,91.950673,95.0,2009-08-22,0.14510609171800137,53,call,1.9049999999999998,0.0019,1.0331626392772568,crisis,American
SPY,2009-06-30,91.950673,96.0,2009-08-22,0.14510609171800137,53,call,1.525,0.0019,1.0440380354801755,crisis,American
SPY,2009-06-30,91.950673,97.0,2009-08-22,0.14510609171800137,53,call,1.19,0.0019,1.054913431683094,crisis,American
SPY,2009-06-30,91.950673,98.0,2009-08-22,0.14510609171800137,53,call,0.915,0.0019,1.0657888278860124,crisis,American
SPY,2009-06-30,91.950673,99.0,2009-08-22,0.14510609171800137,53,call,0.6799999999999999,0.0019,1.0766642240889308,crisis,American
SPY,2009-06-30,91.950673,100.0,2009-08-22,0.14510609171800137,53,call,0.5,0.0019,1.0875396202918495,crisis,American
SPY,2009-06-30,91.950673,101.0,2009-08-22,0.14510609171800137,53,call,0.35,0.0019,1.098415016494768,crisis,American
SPY,2009-07-08,88.041307,80.0,2009-07-18,0.02737850787132101,10,call,8.025,0.0018,0.9086643840941616,crisis,American
SPY,2009-07-08,88.041307,81.0,2009-07-18,0.02737850787132101,10,call,7.050000000000001,0.0018,0.9200226888953386,crisis,American
SPY,2009-07-08,88.041307,82.0,2009-07-18,0.02737850787132101,10,call,6.1,0.0018,0.9313809936965156,crisis,American
SPY,2009-07-08,88.041307,83.0,2009-07-18,0.02737850787132101,10,call,5.2,0.0018,0.9427392984976927,crisis,American
SPY,2009-07-08,88.041307,84.0,2009-07-18,0.02737850787132101,10,call,4.35,0.0018,0.9540976032988696,crisis,American
SPY,2009-07-08,88.041307,85.0,2009-07-18,0.02737850787132101,10,call,3.55,0.0018,0.9654559081000467,crisis,American
SPY,2009-07-08,88.041307,86.0,2009-07-18,0.02737850787132101,10,call,2.8049999999999997,0.0018,0.9768142129012237,crisis,American
SPY,2009-07-08,88.041307,87.0,2009-07-18,0.02737850787132101,10,call,2.1500000000000004,0.0018,0.9881725177024008,crisis,American
SPY,2009-07-08,88.041307,88.0,2009-07-18,0.02737850787132101,10,call,1.57,0.0018,0.9995308225035777,crisis,American
SPY,2009-07-08,88.041307,89.0,2009-07-18,0.02737850787132101,10,call,1.105,0.0018,1.0108891273047547,crisis,American
SPY,2009-07-08,88.041307,90.0,2009-07-18,0.02737850787132101,10,call,0.73,0.0018,1.0222474321059318,crisis,American
SPY,2009-07-08,88.041307,91.0,2009-07-18,0.02737850787132101,10,call,0.45999999999999996,0.0018,1.0336057369071088,crisis,American
SPY,2009-07-08,88.041307,92.0,2009-07-18,0.02737850787132101,10,call,0.28,0.0018,1.0449640417082857,crisis,American
SPY,2009-07-08,88.041307,93.0,2009-07-18,0.02737850787132101,10,call,0.16999999999999998,0.0018,1.0563223465094629,crisis,American
SPY,2009-07-08,88.041307,94.0,2009-07-18,0.02737850787132101,10,call,0.10500000000000001,0.0018,1.0676806513106398,crisis,American
SPY,2009-07-08,88.041307,95.0,2009-07-18,0.02737850787132101,10,call,0.065,0.0018,1.0790389561118168,crisis,American
SPY,2009-07-08,88.041307,80.0,2009-08-22,0.12320328542094455,45,call,9.075,0.0018,0.9086643840941616,crisis,American
SPY,2009-07-08,88.041307,81.0,2009-08-22,0.12320328542094455,45,call,8.25,0.0018,0.9200226888953386,crisis,American
SPY,2009-07-08,88.041307,82.0,2009-08-22,0.12320328542094455,45,call,7.4,0.0018,0.9313809936965156,crisis,American
SPY,2009-07-08,88.041307,83.0,2009-08-22,0.12320328542094455,45,call,6.65,0.0018,0.9427392984976927,crisis,American
SPY,2009-07-08,88.041307,84.0,2009-08-22,0.12320328542094455,45,call,5.95,0.0018,0.9540976032988696,crisis,American
SPY,2009-07-08,88.041307,85.0,2009-08-22,0.12320328542094455,45,call,5.25,0.0018,0.9654559081000467,crisis,American
SPY,2009-07-08,88.041307,86.0,2009-08-22,0.12320328542094455,45,call,4.6,0.0018,0.9768142129012237,crisis,American
SPY,2009-07-08,88.041307,87.0,2009-08-22,0.12320328542094455,45,call,3.95,0.0018,0.9881725177024008,crisis,American
SPY,2009-07-08,88.041307,88.0,2009-08-22,0.12320328542094455,45,call,3.4000000000000004,0.0018,0.9995308225035777,crisis,American
SPY,2009-07-08,88.041307,89.0,2009-08-22,0.12320328542094455,45,call,2.865,0.0018,1.0108891273047547,crisis,American
SPY,2009-07-08,88.041307,90.0,2009-08-22,0.12320328542094455,45,call,2.4000000000000004,0.0018,1.0222474321059318,crisis,American
SPY,2009-07-08,88.041307,91.0,2009-08-22,0.12320328542094455,45,call,1.9649999999999999,0.0018,1.0336057369071088,crisis,American
SPY,2009-07-08,88.041307,92.0,2009-08-22,0.12320328542094455,45,call,1.59,0.0018,1.0449640417082857,crisis,American
SPY,2009-07-08,88.041307,93.0,2009-08-22,0.12320328542094455,45,call,1.2650000000000001,0.0018,1.0563223465094629,crisis,American
SPY,2009-07-08,88.041307,94.0,2009-08-22,0.12320328542094455,45,call,0.99,0.0018,1.0676806513106398,crisis,American
SPY,2009-07-08,88.041307,95.0,2009-08-22,0.12320328542094455,45,call,0.76,0.0018,1.0790389561118168,crisis,American
SPY,2009-07-08,88.041307,96.0,2009-08-22,0.12320328542094455,45,call,0.575,0.0018,1.090397260912994,crisis,American
SPY,2009-07-15,93.362708,85.0,2009-08-22,0.10403832991101986,38,call,8.95,0.0018,0.9104277480897405,crisis,American
SPY,2009-07-15,93.362708,86.0,2009-08-22,0.10403832991101986,38,call,8.100000000000001,0.0018,0.9211386627731493,crisis,American
SPY,2009-07-15,93.362708,87.0,2009-08-22,0.10403832991101986,38,call,7.25,0.0018,0.9318495774565579,crisis,American
SPY,2009-07-15,93.362708,88.0,2009-08-22,0.10403832991101986,38,call,6.45,0.0018,0.9425604921399666,crisis,American
SPY,2009-07-15,93.362708,89.0,2009-08-22,0.10403832991101986,38,call,5.675,0.0018,0.9532714068233754,crisis,American
SPY,2009-07-15,93.362708,90.0,2009-08-22,0.10403832991101986,38,call,4.95,0.0018,0.9639823215067841,crisis,American
SPY,2009-07-15,93.362708,91.0,2009-08-22,0.10403832991101986,38,call,4.25,0.0018,0.9746932361901928,crisis,American
SPY,2009-07-15,93.362708,92.0,2009-08-22,0.10403832991101986,38,call,3.5999999999999996,0.0018,0.9854041508736016,crisis,American
SPY,2009-07-15,93.362708,93.0,2009-08-22,0.10403832991101986,38,call,3.025,0.0018,0.9961150655570102,crisis,American
SPY,2009-07-15,93.362708,94.0,2009-08-22,0.10403832991101986,38,call,2.4800000000000004,0.0018,1.006825980240419,crisis,American
SPY,2009-07-15,93.362708,95.0,2009-08-22,0.10403832991101986,38,call,1.9949999999999999,0.0018,1.0175368949238277,crisis,American
SPY,2009-07-15,93.362708,96.0,2009-08-22,0.10403832991101986,38,call,1.59,0.0018,1.0282478096072363,crisis,American
SPY,2009-07-15,93.362708,97.0,2009-08-22,0.10403832991101986,38,call,1.2349999999999999,0.0018,1.038958724290645,crisis,American
SPY,2009-07-15,93.362708,98.0,2009-08-22,0.10403832991101986,38,call,0.9450000000000001,0.0018,1.0496696389740539,crisis,American
SPY,2009-07-15,93.362708,99.0,2009-08-22,0.10403832991101986,38,call,0.705,0.0018,1.0603805536574624,crisis,American
SPY,2009-07-15,93.362708,100.0,2009-08-22,0.10403832991101986,38,call,0.515,0.0018,1.0710914683408712,crisis,American
SPY,2009-07-15,93.362708,101.0,2009-08-22,0.10403832991101986,38,call,0.375,0.0018,1.08180238302428,crisis,American
SPY,2009-07-15,93.362708,102.0,2009-08-22,0.10403832991101986,38,call,0.28,0.0018,1.0925132977076886,crisis,American
SPY,2009-07-22,95.521597,86.0,2009-08-22,0.08487337440109514,31,call,9.625,0.0019,0.9003199559153099,crisis,American
SPY,2009-07-22,95.521597,87.0,2009-08-22,0.08487337440109514,31,call,8.725000000000001,0.0019,0.9107887926119995,crisis,American
SPY,2009-07-22,95.521597,88.0,2009-08-22,0.08487337440109514,31,call,7.825,0.0019,0.9212576293086893,crisis,American
SPY,2009-07-22,95.521597,89.0,2009-08-22,0.08487337440109514,31,call,6.95,0.0019,0.9317264660053789,crisis,American
SPY,2009-07-22,95.521597,90.0,2009-08-22,0.08487337440109514,31,call,6.1,0.0019,0.9421953027020685,crisis,American
SPY,2009-07-22,95.521597,91.0,2009-08-22,0.08487337440109514,31,call,5.3,0.0019,0.9526641393987582,crisis,American
SPY,2009-07-22,95.521597,92.0,2009-08-22,0.08487337440109514,31,call,4.55,0.0019,0.9631329760954478,crisis,American
SPY,2009-07-22,95.521597,93.0,2009-08-22,0.08487337440109514,31,call,3.8,0.0019,0.9736018127921374,crisis,American
SPY,2009-07-22,95.521597,94.0,2009-08-22,0.08487337440109514,31,call,3.175,0.0019,0.9840706494888272,crisis,American
SPY,2009-07-22,95.521597,95.0,2009-08-22,0.08487337440109514,31,call,2.57,0.0019,0.9945394861855168,crisis,American
SPY,2009-07-22,95.521597,96.0,2009-08-22,0.08487337440109514,31,call,2.05,0.0019,1.0050083228822064,crisis,American
SPY,2009-07-22,95.521597,97.0,2009-08-22,0.08487337440109514,31,call,1.59,0.0019,1.015477159578896,crisis,American
SPY,2009-07-22,95.521597,98.0,2009-08-22,0.08487337440109514,31,call,1.21,0.0019,1.0259459962755857,crisis,American
SPY,2009-07-22,95.521597,99.0,2009-08-22,0.08487337440109514,31,call,0.905,0.0019,1.0364148329722753,crisis,American
SPY,2009-07-22,95.521597,100.0,2009-08-22,0.08487337440109514,31,call,0.66,0.0019,1.046883669668965,crisis,American
SPY,2009-07-22,95.521597,101.0,2009-08-22,0.08487337440109514,31,call,0.47,0.0019,1.0573525063656546,crisis,American
SPY,2009-07-22,95.521597,102.0,2009-08-22,0.08487337440109514,31,call,0.33999999999999997,0.0019,1.0678213430623442,crisis,American
SPY,2009-07-22,95.521597,103.0,2009-08-22,0.08487337440109514,31,call,0.22999999999999998,0.0019,1.078290179759034,crisis,American
SPY,2009-07-22,95.521597,104.0,2009-08-22,0.08487337440109514,31,call,0.16999999999999998,0.0019,1.0887590164557237,crisis,American
SPY,2009-07-22,95.521597,105.0,2009-08-22,0.08487337440109514,31,call,0.125,0.0019,1.0992278531524133,crisis,American
SPY,2009-07-22,95.521597,86.0,2009-09-19,0.16153319644079397,59,call,10.274999999999999,0.0019,0.9003199559153099,crisis,American
SPY,2009-07-22,95.521597,87.0,2009-09-19,0.16153319644079397,59,call,9.425,0.0019,0.9107887926119995,crisis,American
SPY,2009-07-22,95.521597,88.0,2009-09-19,0.16153319644079397,59,call,8.575,0.0019,0.9212576293086893,crisis,American
SPY,2009-07-22,95.521597,89.0,2009-09-19,0.16153319644079397,59,call,7.775,0.0019,0.9317264660053789,crisis,American
SPY,2009-07-22,95.521597,90.0,2009-09-19,0.16153319644079397,59,call,7.0,0.0019,0.9421953027020685,crisis,American
SPY,2009-07-22,95.521597,91.0,2009-09-19,0.16153319644079397,59,call,6.25,0.0019,0.9526641393987582,crisis,American
SPY,2009-07-22,95.521597,92.0,2009-09-19,0.16153319644079397,59,call,5.55,0.0019,0.9631329760954478,crisis,American
SPY,2009-07-22,95.521597,93.0,2009-09-19,0.16153319644079397,59,call,4.875,0.0019,0.9736018127921374,crisis,American
SPY,2009-07-22,95.521597,94.0,2009-09-19,0.16153319644079397,59,call,4.25,0.0019,0.9840706494888272,crisis,American
SPY,2009-07-22,95.521597,95.0,2009-09-19,0.16153319644079397,59,call,3.6500000000000004,0.0019,0.9945394861855168,crisis,American
SPY,2009-07-22,95.521597,96.0,2009-09-19,0.16153319644079397,59,call,3.0999999999999996,0.0019,1.0050083228822064,crisis,American
SPY,2009-07-22,95.521597,97.0,2009-09-19,0.16153319644079397,59,call,2.615,0.0019,1.015477159578896,crisis,American
SPY,2009-07-22,95.521597,98.0,2009-09-19,0.16153319644079397,59,call,2.175,0.0019,1.0259459962755857,crisis,American
SPY,2009-07-22,95.521597,99.0,2009-09-19,0.16153319644079397,59,call,1.7850000000000001,0.0019,1.0364148329722753,crisis,American
SPY,2009-07-22,95.521597,100.0,2009-09-19,0.16153319644079397,59,call,1.44,0.0019,1.046883669668965,crisis,American
SPY,2009-07-22,95.521597,101.0,2009-09-19,0.16153319644079397,59,call,1.15,0.0019,1.0573525063656546,crisis,American
SPY,2009-07-22,95.521597,102.0,2009-09-19,0.16153319644079397,59,call,0.905,0.0019,1.0678213430623442,crisis,American
SPY,2009-07-22,95.521597,103.0,2009-09-19,0.16153319644079397,59,call,0.7,0.0019,1.078290179759034,crisis,American
SPY,2009-07-22,95.521597,104.0,2009-09-19,0.16153319644079397,59,call,0.54,0.0019,1.0887590164557237,crisis,American
SPY,2009-07-22,95.521597,105.0,2009-09-19,0.16153319644079397,59,call,0.41000000000000003,0.0019,1.0992278531524133,crisis,American
SPY,2009-07-29,97.640507,88.0,2009-08-22,0.06570841889117043,24,call,10.0,0.0019,0.9012652914635112,crisis,American
SPY,2009-07-29,97.640507,89.0,2009-08-22,0.06570841889117043,24,call,9.075,0.0019,0.9115069425028692,crisis,American
SPY,2009-07-29,97.640507,90.0,2009-08-22,0.06570841889117043,24,call,8.149999999999999,0.0019,0.9217485935422273,crisis,American
SPY,2009-07-29,97.640507,91.0,2009-08-22,0.06570841889117043,24,call,7.25,0.0019,0.9319902445815854,crisis,American
SPY,2009-07-29,97.640507,92.0,2009-08-22,0.06570841889117043,24,call,6.35,0.0019,0.9422318956209434,crisis,American
SPY,2009-07-29,97.640507,93.0,2009-08-22,0.06570841889117043,24,call,5.5,0.0019,0.9524735466603016,crisis,American
SPY,2009-07-29,97.640507,94.0,2009-08-22,0.06570841889117043,24,call,4.7,0.0019,0.9627151976996596,crisis,American
SPY,2009-07-29,97.640507,95.0,2009-08-22,0.06570841889117043,24,call,3.95,0.0019,0.9729568487390177,crisis,American
SPY,2009-07-29,97.640507,96.0,2009-08-22,0.06570841889117043,24,call,3.275,0.0019,0.9831984997783758,crisis,American
SPY,2009-07-29,97.640507,97.0,2009-08-22,0.06570841889117043,24,call,2.6500000000000004,0.0019,0.9934401508177338,crisis,American
SPY,2009-07-29,97.640507,98.0,2009-08-22,0.06570841889117043,24,call,2.0999999999999996,0.0019,1.0036818018570919,crisis,American
SPY,2009-07-29,97.640507,99.0,2009-08-22,0.06570841889117043,24,call,1.625,0.0019,1.01392345289645,crisis,American
SPY,2009-07-29,97.640507,100.0,2009-08-22,0.06570841889117043,24,call,1.22,0.0019,1.0241651039358082,crisis,American
SPY,2009-07-29,97.640507,101.0,2009-08-22,0.06570841889117043,24,call,0.905,0.0019,1.034406754975166,crisis,American
SPY,2009-07-29,97.640507,102.0,2009-08-22,0.06570841889117043,24,call,0.65,0.0019,1.0446484060145242,crisis,American
SPY,2009-07-29,97.640507,103.0,2009-08-22,0.06570841889117043,24,call,0.45999999999999996,0.0019,1.0548900570538824,crisis,American
SPY,2009-07-29,97.640507,104.0,2009-08-22,0.06570841889117043,24,call,0.32,0.0019,1.0651317080932405,crisis,American
SPY,2009-07-29,97.640507,105.0,2009-08-22,0.06570841889117043,24,call,0.22999999999999998,0.0019,1.0753733591325985,crisis,American
SPY,2009-07-29,97.640507,106.0,2009-08-22,0.06570841889117043,24,call,0.16,0.0019,1.0856150101719566,crisis,American
SPY,2009-07-29,97.640507,107.0,2009-08-22,0.06570841889117043,24,call,0.11499999999999999,0.0019,1.0958566612113148,crisis,American
SPY,2009-07-29,97.640507,88.0,2009-09-19,0.14236824093086928,52,call,10.65,0.0019,0.9012652914635112,crisis,American
SPY,2009-07-29,97.640507,89.0,2009-09-19,0.14236824093086928,52,call,9.725,0.0019,0.9115069425028692,crisis,American
SPY,2009-07-29,97.640507,90.0,2009-09-19,0.14236824093086928,52,call,8.925,0.0019,0.9217485935422273,crisis,American
SPY,2009-07-29,97.640507,91.0,2009-09-19,0.14236824093086928,52,call,8.100000000000001,0.0019,0.9319902445815854,crisis,American
SPY,2009-07-29,97.640507,92.0,2009-09-19,0.14236824093086928,52,call,7.3,0.0019,0.9422318956209434,crisis,American
SPY,2009-07-29,97.640507,93.0,2009-09-19,0.14236824093086928,52,call,6.55,0.0019,0.9524735466603016,crisis,American
SPY,2009-07-29,97.640507,94.0,2009-09-19,0.14236824093086928,52,call,5.8,0.0019,0.9627151976996596,crisis,American
SPY,2009-07-29,97.640507,95.0,2009-09-19,0.14236824093086928,52,call,5.1,0.0019,0.9729568487390177,crisis,American
SPY,2009-07-29,97.640507,96.0,2009-09-19,0.14236824093086928,52,call,4.45,0.0019,0.9831984997783758,crisis,American
SPY,2009-07-29,97.640507,97.0,2009-09-19,0.14236824093086928,52,call,3.8499999999999996,0.0019,0.9934401508177338,crisis,American
SPY,2009-07-29,97.640507,98.0,2009-09-19,0.14236824093086928,52,call,3.3,0.0019,1.0036818018570919,crisis,American
SPY,2009-07-29,97.640507,99.0,2009-09-19,0.14236824093086928,52,call,2.7800000000000002,0.0019,1.01392345289645,crisis,American
SPY,2009-07-29,97.640507,100.0,2009-09-19,0.14236824093086928,52,call,2.315,0.0019,1.0241651039358082,crisis,American
SPY,2009-07-29,97.640507,101.0,2009-09-19,0.14236824093086928,52,call,1.9049999999999998,0.0019,1.034406754975166,crisis,American
SPY,2009-07-29,97.640507,102.0,2009-09-19,0.14236824093086928,52,call,1.55,0.0019,1.0446484060145242,crisis,American
SPY,2009-07-29,97.640507,103.0,2009-09-19,0.14236824093086928,52,call,1.24,0.0019,1.0548900570538824,crisis,American
SPY,2009-07-29,97.640507,104.0,2009-09-19,0.14236824093086928,52,call,0.99,0.0019,1.0651317080932405,crisis,American
SPY,2009-07-29,97.640507,105.0,2009-09-19,0.14236824093086928,52,call,0.77,0.0019,1.0753733591325985,crisis,American
SPY,2009-07-29,97.640507,106.0,2009-09-19,0.14236824093086928,52,call,0.6,0.0019,1.0856150101719566,crisis,American
SPY,2009-07-29,97.640507,107.0,2009-09-19,0.14236824093086928,52,call,0.46499999999999997,0.0019,1.0958566612113148,crisis,American
SPY,2009-08-05,100.443441,91.0,2009-08-22,0.04654346338124572,17,call,9.6,0.0018,0.9059825021327176,crisis,American
SPY,2009-08-05,100.443441,92.0,2009-08-22,0.04654346338124572,17,call,8.625,0.0018,0.9159383538045057,crisis,American
SPY,2009-08-05,100.443441,93.0,2009-08-22,0.04654346338124572,17,call,7.675,0.0018,0.9258942054762938,crisis,American
SPY,2009-08-05,100.443441,94.0,2009-08-22,0.04654346338124572,17,call,6.725,0.0018,0.9358500571480819,crisis,American
SPY,2009-08-05,100.443441,95.0,2009-08-22,0.04654346338124572,17,call,5.85,0.0018,0.94580590881987,crisis,American
SPY,2009-08-05,100.443441,96.0,2009-08-22,0.04654346338124572,17,call,4.975,0.0018,0.9557617604916581,crisis,American
SPY,2009-08-05,100.443441,97.0,2009-08-22,0.04654346338124572,17,call,4.175000000000001,0.0018,0.9657176121634462,crisis,American
SPY,2009-08-05,100.443441,98.0,2009-08-22,0.04654346338124572,17,call,3.4000000000000004,0.0018,0.9756734638352343,crisis,American
SPY,2009-08-05,100.443441,99.0,2009-08-22,0.04654346338124572,17,call,2.71,0.0018,0.9856293155070225,crisis,American
SPY,2009-08-05,100.443441,100.0,2009-08-22,0.04654346338124572,17,call,2.105,0.0018,0.9955851671788105,crisis,American
SPY,2009-08-05,100.443441,101.0,2009-08-22,0.04654346338124572,17,call,1.5750000000000002,0.0018,1.0055410188505987,crisis,American
SPY,2009-08-05,100.443441,102.0,2009-08-22,0.04654346338124572,17,call,1.15,0.0018,1.0154968705223868,crisis,American
SPY,2009-08-05,100.443441,103.0,2009-08-22,0.04654346338124572,17,call,0.8200000000000001,0.0018,1.025452722194175,crisis,American
SPY,2009-08-05,100.443441,104.0,2009-08-22,0.04654346338124572,17,call,0.56,0.0018,1.0354085738659629,crisis,American
SPY,2009-08-05,100.443441,105.0,2009-08-22,0.04654346338124572,17,call,0.375,0.0018,1.045364425537751,crisis,American
SPY,2009-08-05,100.443441,106.0,2009-08-22,0.04654346338124572,17,call,0.245,0.0018,1.0553202772095391,crisis,American
SPY,2009-08-05,100.443441,107.0,2009-08-22,0.04654346338124572,17,call,0.16,0.0018,1.0652761288813273,crisis,American
SPY,2009-08-05,100.443441,108.0,2009-08-22,0.04654346338124572,17,call,0.10500000000000001,0.0018,1.0752319805531154,crisis,American
SPY,2009-08-05,100.443441,109.0,2009-08-22,0.04654346338124572,17,call,0.065,0.0018,1.0851878322249036,crisis,American
SPY,2009-08-05,100.443441,91.0,2009-09-19,0.12320328542094455,45,call,10.175,0.0018,0.9059825021327176,crisis,American
SPY,2009-08-05,100.443441,92.0,2009-09-19,0.12320328542094455,45,call,9.275,0.0018,0.9159383538045057,crisis,American
SPY,2009-08-05,100.443441,93.0,2009-09-19,0.12320328542094455,45,call,8.45,0.0018,0.9258942054762938,crisis,American
SPY,2009-08-05,100.443441,94.0,2009-09-19,0.12320328542094455,45,call,7.574999999999999,0.0018,0.9358500571480819,crisis,American
SPY,2009-08-05,100.443441,95.0,2009-09-19,0.12320328542094455,45,call,6.775,0.0018,0.94580590881987,crisis,American
SPY,2009-08-05,100.443441,96.0,2009-09-19,0.12320328542094455,45,call,6.025,0.0018,0.9557617604916581,crisis,American
SPY,2009-08-05,100.443441,97.0,2009-09-19,0.12320328542094455,45,call,5.275,0.0018,0.9657176121634462,crisis,American
SPY,2009-08-05,100.443441,98.0,2009-09-19,0.12320328542094455,45,call,4.6,0.0018,0.9756734638352343,crisis,American
SPY,2009-08-05,100.443441,99.0,2009-09-19,0.12320328542094455,45,call,3.975,0.0018,0.9856293155070225,crisis,American
SPY,2009-08-05,100.443441,100.0,2009-09-19,0.12320328542094455,45,call,3.375,0.0018,0.9955851671788105,crisis,American
SPY,2009-08-05,100.443441,101.0,2009-09-19,0.12320328542094455,45,call,2.8200000000000003,0.0018,1.0055410188505987,crisis,American
SPY,2009-08-05,100.443441,102.0,2009-09-19,0.12320328542094455,45,call,2.34,0.0018,1.0154968705223868,crisis,American
SPY,2009-08-05,100.443441,103.0,2009-09-19,0.12320328542094455,45,call,1.91,0.0018,1.025452722194175,crisis,American
SPY,2009-08-05,100.443441,104.0,2009-09-19,0.12320328542094455,45,call,1.53,0.0018,1.0354085738659629,crisis,American
SPY,2009-08-05,100.443441,105.0,2009-09-19,0.12320328542094455,45,call,1.2149999999999999,0.0018,1.045364425537751,crisis,American
SPY,2009-08-05,100.443441,106.0,2009-09-19,0.12320328542094455,45,call,0.95,0.0018,1.0553202772095391,crisis,American
SPY,2009-08-05,100.443441,107.0,2009-09-19,0.12320328542094455,45,call,0.735,0.0018,1.0652761288813273,crisis,American
SPY,2009-08-05,100.443441,108.0,2009-09-19,0.12320328542094455,45,call,0.565,0.0018,1.0752319805531154,crisis,American
SPY,2009-08-05,100.443441,109.0,2009-09-19,0.12320328542094455,45,call,0.43,0.0018,1.0851878322249036,crisis,American
SPY,2009-08-05,100.443441,110.0,2009-09-19,0.12320328542094455,45,call,0.33,0.0018,1.0951436838966917,crisis,American
SPY,2009-08-05,100.443441,91.0,2009-09-30,0.15331964407939766,56,call,10.375,0.0018,0.9059825021327176,crisis,American
SPY,2009-08-05,100.443441,93.0,2009-09-30,0.15331964407939766,56,call,8.675,0.0018,0.9258942054762938,crisis,American
SPY,2009-08-05,100.443441,95.0,2009-09-30,0.15331964407939766,56,call,7.1,0.0018,0.94580590881987,crisis,American
SPY,2009-08-05,100.443441,97.0,2009-09-30,0.15331964407939766,56,call,5.6,0.0018,0.9657176121634462,crisis,American
SPY,2009-08-05,100.443441,98.0,2009-09-30,0.15331964407939766,56,call,4.949999999999999,0.0018,0.9756734638352343,crisis,American
SPY,2009-08-05,100.443441,100.0,2009-09-30,0.15331964407939766,56,call,3.7249999999999996,0.0018,0.9955851671788105,crisis,American
SPY,2009-08-05,100.443441,101.0,2009-09-30,0.15331964407939766,56,call,3.175,0.0018,1.0055410188505987,crisis,American
SPY,2009-08-05,100.443441,102.0,2009-09-30,0.15331964407939766,56,call,2.66,0.0018,1.0154968705223868,crisis,American
SPY,2009-08-05,100.443441,103.0,2009-09-30,0.15331964407939766,56,call,2.2199999999999998,0.0018,1.025452722194175,crisis,American
SPY,2009-08-05,100.443441,104.0,2009-09-30,0.15331964407939766,56,call,1.835,0.0018,1.0354085738659629,crisis,American
SPY,2009-08-05,100.443441,105.0,2009-09-30,0.15331964407939766,56,call,1.495,0.0018,1.045364425537751,crisis,American
SPY,2009-08-05,100.443441,106.0,2009-09-30,0.15331964407939766,56,call,1.2,0.0018,1.0553202772095391,crisis,American
SPY,2009-08-05,100.443441,107.0,2009-09-30,0.15331964407939766,56,call,0.9550000000000001,0.0018,1.0652761288813273,crisis,American
SPY,2009-08-05,100.443441,109.0,2009-09-30,0.15331964407939766,56,call,0.585,0.0018,1.0851878322249036,crisis,American
SPY,2009-08-05,100.443441,110.0,2009-09-30,0.15331964407939766,56,call,0.44499999999999995,0.0018,1.0951436838966917,crisis,American
SPY,2009-08-12,100.838215,91.0,2009-08-22,0.02737850787132101,10,call,9.825,0.0017000000000000001,0.902435649024529,crisis,American
SPY,2009-08-12,100.838215,92.0,2009-08-22,0.02737850787132101,10,call,8.8,0.0017000000000000001,0.9123525242885349,crisis,American
SPY,2009-08-12,100.838215,93.0,2009-08-22,0.02737850787132101,10,call,7.825,0.0017000000000000001,0.9222693995525406,crisis,American
SPY,2009-08-12,100.838215,94.0,2009-08-22,0.02737850787132101,10,call,6.85,0.0017000000000000001,0.9321862748165465,crisis,American
SPY,2009-08-12,100.838215,95.0,2009-08-22,0.02737850787132101,10,call,5.9,0.0017000000000000001,0.9421031500805522,crisis,American
SPY,2009-08-12,100.838215,96.0,2009-08-22,0.02737850787132101,10,call,4.975,0.0017000000000000001,0.9520200253445581,crisis,American
SPY,2009-08-12,100.838215,97.0,2009-08-22,0.02737850787132101,10,call,4.074999999999999,0.0017000000000000001,0.9619369006085638,crisis,American
SPY,2009-08-12,100.838215,98.0,2009-08-22,0.02737850787132101,10,call,3.25,0.0017000000000000001,0.9718537758725697,crisis,American
SPY,2009-08-12,100.838215,99.0,2009-08-22,0.02737850787132101,10,call,2.48,0.0017000000000000001,0.9817706511365755,crisis,American
SPY,2009-08-12,100.838215,100.0,2009-08-22,0.02737850787132101,10,call,1.8,0.0017000000000000001,0.9916875264005813,crisis,American
SPY,2009-08-12,100.838215,101.0,2009-08-22,0.02737850787132101,10,call,1.225,0.0017000000000000001,1.001604401664587,crisis,American
SPY,2009-08-12,100.838215,102.0,2009-08-22,0.02737850787132101,10,call,0.785,0.0017000000000000001,1.0115212769285928,crisis,American
SPY,2009-08-12,100.838215,103.0,2009-08-22,0.02737850787132101,10,call,0.475,0.0017000000000000001,1.0214381521925988,crisis,American
SPY,2009-08-12,100.838215,104.0,2009-08-22,0.02737850787132101,10,call,0.255,0.0017000000000000001,1.0313550274566046,crisis,American
SPY,2009-08-12,100.838215,105.0,2009-08-22,0.02737850787132101,10,call,0.14500000000000002,0.0017000000000000001,1.0412719027206103,crisis,American
SPY,2009-08-12,100.838215,106.0,2009-08-22,0.02737850787132101,10,call,0.07500000000000001,0.0017000000000000001,1.0511887779846163,crisis,American
SPY,2009-08-12,100.838215,91.0,2009-09-19,0.10403832991101986,38,call,10.275,0.0017000000000000001,0.902435649024529,crisis,American
SPY,2009-08-12,100.838215,92.0,2009-09-19,0.10403832991101986,38,call,9.4,0.0017000000000000001,0.9123525242885349,crisis,American
SPY,2009-08-12,100.838215,93.0,2009-09-19,0.10403832991101986,38,call,8.475000000000001,0.0017000000000000001,0.9222693995525406,crisis,American
SPY,2009-08-12,100.838215,94.0,2009-09-19,0.10403832991101986,38,call,7.675000000000001,0.0017000000000000001,0.9321862748165465,crisis,American
SPY,2009-08-12,100.838215,95.0,2009-09-19,0.10403832991101986,38,call,6.85,0.0017000000000000001,0.9421031500805522,crisis,American
SPY,2009-08-12,100.838215,96.0,2009-09-19,0.10403832991101986,38,call,6.05,0.0017000000000000001,0.9520200253445581,crisis,American
SPY,2009-08-12,100.838215,97.0,2009-09-19,0.10403832991101986,38,call,5.3,0.0017000000000000001,0.9619369006085638,crisis,American
SPY,2009-08-12,100.838215,98.0,2009-09-19,0.10403832991101986,38,call,4.574999999999999,0.0017000000000000001,0.9718537758725697,crisis,American
SPY,2009-08-12,100.838215,99.0,2009-09-19,0.10403832991101986,38,call,3.9000000000000004,0.0017000000000000001,0.9817706511365755,crisis,American
SPY,2009-08-12,100.838215,100.0,2009-09-19,0.10403832991101986,38,call,3.3,0.0017000000000000001,0.9916875264005813,crisis,American
SPY,2009-08-12,100.838215,101.0,2009-09-19,0.10403832991101986,38,call,2.73,0.0017000000000000001,1.001604401664587,crisis,American
SPY,2009-08-12,100.838215,102.0,2009-09-19,0.10403832991101986,38,call,2.23,0.0017000000000000001,1.0115212769285928,crisis,American
SPY,2009-08-12,100.838215,103.0,2009-09-19,0.10403832991101986,38,call,1.79,0.0017000000000000001,1.0214381521925988,crisis,American
SPY,2009-08-12,100.838215,104.0,2009-09-19,0.10403832991101986,38,call,1.415,0.0017000000000000001,1.0313550274566046,crisis,American
SPY,2009-08-12,100.838215,105.0,2009-09-19,0.10403832991101986,38,call,1.0950000000000002,0.0017000000000000001,1.0412719027206103,crisis,American
SPY,2009-08-12,100.838215,106.0,2009-09-19,0.10403832991101986,38,call,0.845,0.0017000000000000001,1.0511887779846163,crisis,American
SPY,2009-08-12,100.838215,107.0,2009-09-19,0.10403832991101986,38,call,0.635,0.0017000000000000001,1.061105653248622,crisis,American
SPY,2009-08-12,100.838215,108.0,2009-09-19,0.10403832991101986,38,call,0.47,0.0017000000000000001,1.0710225285126278,crisis,American
SPY,2009-08-12,100.838215,109.0,2009-09-19,0.10403832991101986,38,call,0.33999999999999997,0.0017000000000000001,1.0809394037766336,crisis,American
SPY,2009-08-12,100.838215,110.0,2009-09-19,0.10403832991101986,38,call,0.25,0.0017000000000000001,1.0908562790406395,crisis,American
SPY,2009-08-12,100.838215,94.0,2009-09-30,0.13415468856947296,49,call,7.925000000000001,0.0017000000000000001,0.9321862748165465,crisis,American
SPY,2009-08-12,100.838215,95.0,2009-09-30,0.13415468856947296,49,call,7.125,0.0017000000000000001,0.9421031500805522,crisis,American
SPY,2009-08-12,100.838215,96.0,2009-09-30,0.13415468856947296,49,call,6.35,0.0017000000000000001,0.9520200253445581,crisis,American
SPY,2009-08-12,100.838215,97.0,2009-09-30,0.13415468856947296,49,call,5.6,0.0017000000000000001,0.9619369006085638,crisis,American
SPY,2009-08-12,100.838215,98.0,2009-09-30,0.13415468856947296,49,call,4.925,0.0017000000000000001,0.9718537758725697,crisis,American
SPY,2009-08-12,100.838215,99.0,2009-09-30,0.13415468856947296,49,call,4.275,0.0017000000000000001,0.9817706511365755,crisis,American
SPY,2009-08-12,100.838215,100.0,2009-09-30,0.13415468856947296,49,call,3.6500000000000004,0.0017000000000000001,0.9916875264005813,crisis,American
SPY,2009-08-12,100.838215,101.0,2009-09-30,0.13415468856947296,49,call,3.0999999999999996,0.0017000000000000001,1.001604401664587,crisis,American
SPY,2009-08-12,100.838215,102.0,2009-09-30,0.13415468856947296,49,call,2.59,0.0017000000000000001,1.0115212769285928,crisis,American
SPY,2009-08-12,100.838215,103.0,2009-09-30,0.13415468856947296,49,call,2.145,0.0017000000000000001,1.0214381521925988,crisis,American
SPY,2009-08-12,100.838215,104.0,2009-09-30,0.13415468856947296,49,call,1.7349999999999999,0.0017000000000000001,1.0313550274566046,crisis,American
SPY,2009-08-12,100.838215,105.0,2009-09-30,0.13415468856947296,49,call,1.4,0.0017000000000000001,1.0412719027206103,crisis,American
SPY,2009-08-12,100.838215,106.0,2009-09-30,0.13415468856947296,49,call,1.12,0.0017000000000000001,1.0511887779846163,crisis,American
SPY,2009-08-12,100.838215,107.0,2009-09-30,0.13415468856947296,49,call,0.86,0.0017000000000000001,1.061105653248622,crisis,American
SPY,2009-08-12,100.838215,108.0,2009-09-30,0.13415468856947296,49,call,0.665,0.0017000000000000001,1.0710225285126278,crisis,American
SPY,2009-08-12,100.838215,109.0,2009-09-30,0.13415468856947296,49,call,0.5,0.0017000000000000001,1.0809394037766336,crisis,American
SPY,2009-08-12,100.838215,110.0,2009-09-30,0.13415468856947296,49,call,0.375,0.0017000000000000001,1.0908562790406395,crisis,American
SPY,2009-08-19,99.960971,90.0,2009-09-19,0.08487337440109514,31,call,10.5,0.0017000000000000001,0.9003513981471829,crisis,American
SPY,2009-08-19,99.960971,91.0,2009-09-19,0.08487337440109514,31,call,9.55,0.0017000000000000001,0.9103553025710405,crisis,American
SPY,2009-08-19,99.960971,92.0,2009-09-19,0.08487337440109514,31,call,8.675,0.0017000000000000001,0.920359206994898,crisis,American
SPY,2009-08-19,99.960971,93.0,2009-09-19,0.08487337440109514,31,call,7.75,0.0017000000000000001,0.9303631114187556,crisis,American
SPY,2009-08-19,99.960971,94.0,2009-09-19,0.08487337440109514,31,call,6.925000000000001,0.0017000000000000001,0.9403670158426132,crisis,American
SPY,2009-08-19,99.960971,95.0,2009-09-19,0.08487337440109514,31,call,6.1,0.0017000000000000001,0.9503709202664707,crisis,American
SPY,2009-08-19,99.960971,96.0,2009-09-19,0.08487337440109514,31,call,5.324999999999999,0.0017000000000000001,0.9603748246903284,crisis,American
SPY,2009-08-19,99.960971,97.0,2009-09-19,0.08487337440109514,31,call,4.574999999999999,0.0017000000000000001,0.970378729114186,crisis,American
SPY,2009-08-19,99.960971,98.0,2009-09-19,0.08487337440109514,31,call,3.8499999999999996,0.0017000000000000001,0.9803826335380436,crisis,American
SPY,2009-08-19,99.960971,99.0,2009-09-19,0.08487337440109514,31,call,3.2,0.0017000000000000001,0.9903865379619011,crisis,American
SPY,2009-08-19,99.960971,100.0,2009-09-19,0.08487337440109514,31,call,2.625,0.0017000000000000001,1.0003904423857588,crisis,American
SPY,2009-08-19,99.960971,101.0,2009-09-19,0.08487337440109514,31,call,2.09,0.0017000000000000001,1.0103943468096164,crisis,American
SPY,2009-08-19,99.960971,102.0,2009-09-19,0.08487337440109514,31,call,1.6349999999999998,0.0017000000000000001,1.020398251233474,crisis,American
SPY,2009-08-19,99.960971,103.0,2009-09-19,0.08487337440109514,31,call,1.25,0.0017000000000000001,1.0304021556573315,crisis,American
SPY,2009-08-19,99.960971,104.0,2009-09-19,0.08487337440109514,31,call,0.9299999999999999,0.0017000000000000001,1.040406060081189,crisis,American
SPY,2009-08-19,99.960971,105.0,2009-09-19,0.08487337440109514,31,call,0.6799999999999999,0.0017000000000000001,1.0504099645050466,crisis,American
SPY,2009-08-19,99.960971,106.0,2009-09-19,0.08487337440109514,31,call,0.48,0.0017000000000000001,1.0604138689289042,crisis,American
SPY,2009-08-19,99.960971,107.0,2009-09-19,0.08487337440109514,31,call,0.335,0.0017000000000000001,1.0704177733527618,crisis,American
SPY,2009-08-19,99.960971,108.0,2009-09-19,0.08487337440109514,31,call,0.22999999999999998,0.0017000000000000001,1.0804216777766193,crisis,American
SPY,2009-08-19,99.960971,109.0,2009-09-19,0.08487337440109514,31,call,0.155,0.0017000000000000001,1.090425582200477,crisis,American
SPY,2009-08-19,99.960971,93.0,2009-09-30,0.11498973305954825,42,call,8.025,0.0017000000000000001,0.9303631114187556,crisis,American
SPY,2009-08-19,99.960971,94.0,2009-09-30,0.11498973305954825,42,call,7.225,0.0017000000000000001,0.9403670158426132,crisis,American
SPY,2009-08-19,99.960971,95.0,2009-09-30,0.11498973305954825,42,call,6.4,0.0017000000000000001,0.9503709202664707,crisis,American
SPY,2009-08-19,99.960971,96.0,2009-09-30,0.11498973305954825,42,call,5.675,0.0017000000000000001,0.9603748246903284,crisis,American
SPY,2009-08-19,99.960971,97.0,2009-09-30,0.11498973305954825,42,call,4.875,0.0017000000000000001,0.970378729114186,crisis,American
SPY,2009-08-19,99.960971,98.0,2009-09-30,0.11498973305954825,42,call,4.25,0.0017000000000000001,0.9803826335380436,crisis,American
SPY,2009-08-19,99.960971,99.0,2009-09-30,0.11498973305954825,42,call,3.5999999999999996,0.0017000000000000001,0.9903865379619011,crisis,American
SPY,2009-08-19,99.960971,100.0,2009-09-30,0.11498973305954825,42,call,3.02,0.0017000000000000001,1.0003904423857588,crisis,American
SPY,2009-08-19,99.960971,101.0,2009-09-30,0.11498973305954825,42,call,2.49,0.0017000000000000001,1.0103943468096164,crisis,American
SPY,2009-08-19,99.960971,102.0,2009-09-30,0.11498973305954825,42,call,2.0300000000000002,0.0017000000000000001,1.020398251233474,crisis,American
SPY,2009-08-19,99.960971,103.0,2009-09-30,0.11498973305954825,42,call,1.62,0.0017000000000000001,1.0304021556573315,crisis,American
SPY,2009-08-19,99.960971,104.0,2009-09-30,0.11498973305954825,42,call,1.275,0.0017000000000000001,1.040406060081189,crisis,American
SPY,2009-08-19,99.960971,105.0,2009-09-30,0.11498973305954825,42,call,0.985,0.0017000000000000001,1.0504099645050466,crisis,American
SPY,2009-08-19,99.960971,106.0,2009-09-30,0.11498973305954825,42,call,0.745,0.0017000000000000001,1.0604138689289042,crisis,American
SPY,2009-08-19,99.960971,107.0,2009-09-30,0.11498973305954825,42,call,0.56,0.0017000000000000001,1.0704177733527618,crisis,American
SPY,2009-08-19,99.960971,108.0,2009-09-30,0.11498973305954825,42,call,0.41000000000000003,0.0017000000000000001,1.0804216777766193,crisis,American
SPY,2009-08-19,99.960971,90.0,2009-10-17,0.16153319644079397,59,call,10.95,0.0017000000000000001,0.9003513981471829,crisis,American
SPY,2009-08-19,99.960971,91.0,2009-10-17,0.16153319644079397,59,call,10.1,0.0017000000000000001,0.9103553025710405,crisis,American
SPY,2009-08-19,99.960971,92.0,2009-10-17,0.16153319644079397,59,call,9.3,0.0017000000000000001,0.920359206994898,crisis,American
SPY,2009-08-19,99.960971,93.0,2009-10-17,0.16153319644079397,59,call,8.45,0.0017000000000000001,0.9303631114187556,crisis,American
SPY,2009-08-19,99.960971,94.0,2009-10-17,0.16153319644079397,59,call,7.7,0.0017000000000000001,0.9403670158426132,crisis,American
SPY,2009-08-19,99.960971,95.0,2009-10-17,0.16153319644079397,59,call,6.925,0.0017000000000000001,0.9503709202664707,crisis,American
SPY,2009-08-19,99.960971,96.0,2009-10-17,0.16153319644079397,59,call,6.2,0.0017000000000000001,0.9603748246903284,crisis,American
SPY,2009-08-19,99.960971,97.0,2009-10-17,0.16153319644079397,59,call,5.5,0.0017000000000000001,0.970378729114186,crisis,American
SPY,2009-08-19,99.960971,98.0,2009-10-17,0.16153319644079397,59,call,4.85,0.0017000000000000001,0.9803826335380436,crisis,American
SPY,2009-08-19,99.960971,99.0,2009-10-17,0.16153319644079397,59,call,4.25,0.0017000000000000001,0.9903865379619011,crisis,American
SPY,2009-08-19,99.960971,100.0,2009-10-17,0.16153319644079397,59,call,3.6500000000000004,0.0017000000000000001,1.0003904423857588,crisis,American
SPY,2009-08-19,99.960971,101.0,2009-10-17,0.16153319644079397,59,call,3.0999999999999996,0.0017000000000000001,1.0103943468096164,crisis,American
SPY,2009-08-19,99.960971,102.0,2009-10-17,0.16153319644079397,59,call,2.6399999999999997,0.0017000000000000001,1.020398251233474,crisis,American
SPY,2009-08-19,99.960971,103.0,2009-10-17,0.16153319644079397,59,call,2.205,0.0017000000000000001,1.0304021556573315,crisis,American
SPY,2009-08-19,99.960971,104.0,2009-10-17,0.16153319644079397,59,call,1.82,0.0017000000000000001,1.040406060081189,crisis,American
SPY,2009-08-19,99.960971,105.0,2009-10-17,0.16153319644079397,59,call,1.48,0.0017000000000000001,1.0504099645050466,crisis,American
SPY,2009-08-19,99.960971,106.0,2009-10-17,0.16153319644079397,59,call,1.1949999999999998,0.0017000000000000001,1.0604138689289042,crisis,American
SPY,2009-08-19,99.960971,107.0,2009-10-17,0.16153319644079397,59,call,0.9450000000000001,0.0017000000000000001,1.0704177733527618,crisis,American
SPY,2009-08-19,99.960971,108.0,2009-10-17,0.16153319644079397,59,call,0.745,0.0017000000000000001,1.0804216777766193,crisis,American
SPY,2009-08-19,99.960971,109.0,2009-10-17,0.16153319644079397,59,call,0.5800000000000001,0.0017000000000000001,1.090425582200477,crisis,American
SPY,2009-08-26,103.160049,93.0,2009-09-19,0.06570841889117043,24,call,10.4,0.0015,0.9015117858270889,crisis,American
SPY,2009-08-26,103.160049,94.0,2009-09-19,0.06570841889117043,24,call,9.45,0.0015,0.9112054609435093,crisis,American
SPY,2009-08-26,103.160049,95.0,2009-09-19,0.06570841889117043,24,call,8.55,0.0015,0.9208991360599296,crisis,American
SPY,2009-08-26,103.160049,96.0,2009-09-19,0.06570841889117043,24,call,7.625,0.0015,0.9305928111763498,crisis,American
SPY,2009-08-26,103.160049,97.0,2009-09-19,0.06570841889117043,24,call,6.7,0.0015,0.9402864862927701,crisis,American
SPY,2009-08-26,103.160049,98.0,2009-09-19,0.06570841889117043,24,call,5.824999999999999,0.0015,0.9499801614091905,crisis,American
SPY,2009-08-26,103.160049,99.0,2009-09-19,0.06570841889117043,24,call,5.0,0.0015,0.9596738365256108,crisis,American
SPY,2009-08-26,103.160049,100.0,2009-09-19,0.06570841889117043,24,call,4.225,0.0015,0.969367511642031,crisis,American
SPY,2009-08-26,103.160049,101.0,2009-09-19,0.06570841889117043,24,call,3.5,0.0015,0.9790611867584514,crisis,American
SPY,2009-08-26,103.160049,102.0,2009-09-19,0.06570841889117043,24,call,2.825,0.0015,0.9887548618748717,crisis,American
SPY,2009-08-26,103.160049,103.0,2009-09-19,0.06570841889117043,24,call,2.2300000000000004,0.0015,0.998448536991292,crisis,American
SPY,2009-08-26,103.160049,104.0,2009-09-19,0.06570841889117043,24,call,1.72,0.0015,1.0081422121077124,crisis,American
SPY,2009-08-26,103.160049,105.0,2009-09-19,0.06570841889117043,24,call,1.295,0.0015,1.0178358872241327,crisis,American
SPY,2009-08-26,103.160049,106.0,2009-09-19,0.06570841889117043,24,call,0.9450000000000001,0.0015,1.027529562340553,crisis,American
SPY,2009-08-26,103.160049,107.0,2009-09-19,0.06570841889117043,24,call,0.67,0.0015,1.0372232374569732,crisis,American
SPY,2009-08-26,103.160049,108.0,2009-09-19,0.06570841889117043,24,call,0.46499999999999997,0.0015,1.0469169125733937,crisis,American
SPY,2009-08-26,103.160049,109.0,2009-09-19,0.06570841889117043,24,call,0.325,0.0015,1.056610587689814,crisis,American
SPY,2009-08-26,103.160049,110.0,2009-09-19,0.06570841889117043,24,call,0.21,0.0015,1.0663042628062342,crisis,American
SPY,2009-08-26,103.160049,111.0,2009-09-19,0.06570841889117043,24,call,0.15,0.0015,1.0759979379226545,crisis,American
SPY,2009-08-26,103.160049,112.0,2009-09-19,0.06570841889117043,24,call,0.1,0.0015,1.0856916130390748,crisis,American
SPY,2009-08-26,103.160049,113.0,2009-09-19,0.06570841889117043,24,call,0.07,0.0015,1.095385288155495,crisis,American
SPY,2009-08-26,103.160049,97.0,2009-09-30,0.09582477754962354,35,call,6.975,0.0015,0.9402864862927701,crisis,American
SPY,2009-08-26,103.160049,98.0,2009-09-30,0.09582477754962354,35,call,6.199999999999999,0.0015,0.9499801614091905,crisis,American
SPY,2009-08-26,103.160049,99.0,2009-09-30,0.09582477754962354,35,call,5.4,0.0015,0.9596738365256108,crisis,American
SPY,2009-08-26,103.160049,100.0,2009-09-30,0.09582477754962354,35,call,4.675,0.0015,0.969367511642031,crisis,American
SPY,2009-08-26,103.160049,101.0,2009-09-30,0.09582477754962354,35,call,3.9749999999999996,0.0015,0.9790611867584514,crisis,American
SPY,2009-08-26,103.160049,102.0,2009-09-30,0.09582477754962354,35,call,3.325,0.0015,0.9887548618748717,crisis,American
SPY,2009-08-26,103.160049,103.0,2009-09-30,0.09582477754962354,35,call,2.7199999999999998,0.0015,0.998448536991292,crisis,American
SPY,2009-08-26,103.160049,104.0,2009-09-30,0.09582477754962354,35,call,2.215,0.0015,1.0081422121077124,crisis,American
SPY,2009-08-26,103.160049,105.0,2009-09-30,0.09582477754962354,35,call,1.76,0.0015,1.0178358872241327,crisis,American
SPY,2009-08-26,103.160049,106.0,2009-09-30,0.09582477754962354,35,call,1.38,0.0015,1.027529562340553,crisis,American
SPY,2009-08-26,103.160049,107.0,2009-09-30,0.09582477754962354,35,call,1.06,0.0015,1.0372232374569732,crisis,American
SPY,2009-08-26,103.160049,108.0,2009-09-30,0.09582477754962354,35,call,0.8049999999999999,0.0015,1.0469169125733937,crisis,American
SPY,2009-08-26,103.160049,109.0,2009-09-30,0.09582477754962354,35,call,0.595,0.0015,1.056610587689814,crisis,American
SPY,2009-08-26,103.160049,110.0,2009-09-30,0.09582477754962354,35,call,0.45499999999999996,0.0015,1.0663042628062342,crisis,American
SPY,2009-08-26,103.160049,111.0,2009-09-30,0.09582477754962354,35,call,0.32499999999999996,0.0015,1.0759979379226545,crisis,American
SPY,2009-08-26,103.160049,112.0,2009-09-30,0.09582477754962354,35,call,0.235,0.0015,1.0856916130390748,crisis,American
SPY,2009-08-26,103.160049,113.0,2009-09-30,0.09582477754962354,35,call,0.165,0.0015,1.095385288155495,crisis,American
SPY,2009-08-26,103.160049,93.0,2009-10-17,0.14236824093086928,52,call,10.9,0.0015,0.9015117858270889,crisis,American
SPY,2009-08-26,103.160049,94.0,2009-10-17,0.14236824093086928,52,call,10.025,0.0015,0.9112054609435093,crisis,American
SPY,2009-08-26,103.160049,95.0,2009-10-17,0.14236824093086928,52,call,9.175,0.0015,0.9208991360599296,crisis,American
SPY,2009-08-26,103.160049,96.0,2009-10-17,0.14236824093086928,52,call,8.325,0.0015,0.9305928111763498,crisis,American
SPY,2009-08-26,103.160049,97.0,2009-10-17,0.14236824093086928,52,call,7.575,0.0015,0.9402864862927701,crisis,American
SPY,2009-08-26,103.160049,98.0,2009-10-17,0.14236824093086928,52,call,6.775,0.0015,0.9499801614091905,crisis,American
SPY,2009-08-26,103.160049,99.0,2009-10-17,0.14236824093086928,52,call,6.025,0.0015,0.9596738365256108,crisis,American
SPY,2009-08-26,103.160049,100.0,2009-10-17,0.14236824093086928,52,call,5.324999999999999,0.0015,0.969367511642031,crisis,American
SPY,2009-08-26,103.160049,101.0,2009-10-17,0.14236824093086928,52,call,4.675000000000001,0.0015,0.9790611867584514,crisis,American
SPY,2009-08-26,103.160049,102.0,2009-10-17,0.14236824093086928,52,call,4.05,0.0015,0.9887548618748717,crisis,American
SPY,2009-08-26,103.160049,103.0,2009-10-17,0.14236824093086928,52,call,3.475,0.0015,0.998448536991292,crisis,American
SPY,2009-08-26,103.160049,104.0,2009-10-17,0.14236824093086928,52,call,2.9400000000000004,0.0015,1.0081422121077124,crisis,American
SPY,2009-08-26,103.160049,105.0,2009-10-17,0.14236824093086928,52,call,2.4699999999999998,0.0015,1.0178358872241327,crisis,American
SPY,2009-08-26,103.160049,106.0,2009-10-17,0.14236824093086928,52,call,2.05,0.0015,1.027529562340553,crisis,American
SPY,2009-08-26,103.160049,107.0,2009-10-17,0.14236824093086928,52,call,1.68,0.0015,1.0372232374569732,crisis,American
SPY,2009-08-26,103.160049,108.0,2009-10-17,0.14236824093086928,52,call,1.36,0.0015,1.0469169125733937,crisis,American
SPY,2009-08-26,103.160049,109.0,2009-10-17,0.14236824093086928,52,call,1.09,0.0015,1.056610587689814,crisis,American
SPY,2009-08-26,103.160049,110.0,2009-10-17,0.14236824093086928,52,call,0.86,0.0015,1.0663042628062342,crisis,American
SPY,2009-08-26,103.160049,111.0,2009-10-17,0.14236824093086928,52,call,0.67,0.0015,1.0759979379226545,crisis,American
SPY,2009-08-26,103.160049,112.0,2009-10-17,0.14236824093086928,52,call,0.52,0.0015,1.0856916130390748,crisis,American
SPY,2009-08-26,103.160049,113.0,2009-10-17,0.14236824093086928,52,call,0.4,0.0015,1.095385288155495,crisis,American
SPY,2009-09-02,99.882963,90.0,2009-09-19,0.04654346338124572,17,call,10.075,0.0014000000000000002,0.9010545672338535,crisis,American
SPY,2009-09-02,99.882963,91.0,2009-09-19,0.04654346338124572,17,call,9.100000000000001,0.0014000000000000002,0.9110662846475629,crisis,American
SPY,2009-09-02,99.882963,92.0,2009-09-19,0.04654346338124572,17,call,8.125,0.0014000000000000002,0.9210780020612724,crisis,American
SPY,2009-09-02,99.882963,93.0,2009-09-19,0.04654346338124572,17,call,7.225,0.0014000000000000002,0.9310897194749819,crisis,American
SPY,2009-09-02,99.882963,94.0,2009-09-19,0.04654346338124572,17,call,6.35,0.0014000000000000002,0.9411014368886914,crisis,American
SPY,2009-09-02,99.882963,95.0,2009-09-19,0.04654346338124572,17,call,5.45,0.0014000000000000002,0.9511131543024008,crisis,American
SPY,2009-09-02,99.882963,96.0,2009-09-19,0.04654346338124572,17,call,4.625,0.0014000000000000002,0.9611248717161104,crisis,American
SPY,2009-09-02,99.882963,97.0,2009-09-19,0.04654346338124572,17,call,3.8499999999999996,0.0014000000000000002,0.9711365891298198,crisis,American
SPY,2009-09-02,99.882963,98.0,2009-09-19,0.04654346338124572,17,call,3.1500000000000004,0.0014000000000000002,0.9811483065435294,crisis,American
SPY,2009-09-02,99.882963,99.0,2009-09-19,0.04654346338124572,17,call,2.495,0.0014000000000000002,0.9911600239572388,crisis,American
SPY,2009-09-02,99.882963,100.0,2009-09-19,0.04654346338124572,17,call,1.93,0.0014000000000000002,1.0011717413709482,crisis,American
SPY,2009-09-02,99.882963,101.0,2009-09-19,0.04654346338124572,17,call,1.43,0.0014000000000000002,1.0111834587846578,crisis,American
SPY,2009-09-02,99.882963,102.0,2009-09-19,0.04654346338124572,17,call,1.04,0.0014000000000000002,1.0211951761983673,crisis,American
SPY,2009-09-02,99.882963,103.0,2009-09-19,0.04654346338124572,17,call,0.73,0.0014000000000000002,1.0312068936120766,crisis,American
SPY,2009-09-02,99.882963,104.0,2009-09-19,0.04654346338124572,17,call,0.485,0.0014000000000000002,1.0412186110257862,crisis,American
SPY,2009-09-02,99.882963,105.0,2009-09-19,0.04654346338124572,17,call,0.32,0.0014000000000000002,1.0512303284394957,crisis,American
SPY,2009-09-02,99.882963,106.0,2009-09-19,0.04654346338124572,17,call,0.2,0.0014000000000000002,1.0612420458532053,crisis,American
SPY,2009-09-02,99.882963,107.0,2009-09-19,0.04654346338124572,17,call,0.13,0.0014000000000000002,1.0712537632669146,crisis,American
SPY,2009-09-02,99.882963,108.0,2009-09-19,0.04654346338124572,17,call,0.08,0.0014000000000000002,1.0812654806806241,crisis,American
SPY,2009-09-02,99.882963,109.0,2009-09-19,0.04654346338124572,17,call,0.055,0.0014000000000000002,1.0912771980943337,crisis,American
SPY,2009-09-02,99.882963,90.0,2009-09-30,0.07665982203969883,28,call,10.2,0.0014000000000000002,0.9010545672338535,crisis,American
SPY,2009-09-02,99.882963,91.0,2009-09-30,0.07665982203969883,28,call,9.274999999999999,0.0014000000000000002,0.9110662846475629,crisis,American
SPY,2009-09-02,99.882963,94.0,2009-09-30,0.07665982203969883,28,call,6.625,0.0014000000000000002,0.9411014368886914,crisis,American
SPY,2009-09-02,99.882963,95.0,2009-09-30,0.07665982203969883,28,call,5.825,0.0014000000000000002,0.9511131543024008,crisis,American
SPY,2009-09-02,99.882963,96.0,2009-09-30,0.07665982203969883,28,call,5.025,0.0014000000000000002,0.9611248717161104,crisis,American
SPY,2009-09-02,99.882963,97.0,2009-09-30,0.07665982203969883,28,call,4.325,0.0014000000000000002,0.9711365891298198,crisis,American
SPY,2009-09-02,99.882963,98.0,2009-09-30,0.07665982203969883,28,call,3.6500000000000004,0.0014000000000000002,0.9811483065435294,crisis,American
SPY,2009-09-02,99.882963,99.0,2009-09-30,0.07665982203969883,28,call,3.045,0.0014000000000000002,0.9911600239572388,crisis,American
SPY,2009-09-02,99.882963,100.0,2009-09-30,0.07665982203969883,28,call,2.48,0.0014000000000000002,1.0011717413709482,crisis,American
SPY,2009-09-02,99.882963,101.0,2009-09-30,0.07665982203969883,28,call,1.98,0.0014000000000000002,1.0111834587846578,crisis,American
SPY,2009-09-02,99.882963,102.0,2009-09-30,0.07665982203969883,28,call,1.5550000000000002,0.0014000000000000002,1.0211951761983673,crisis,American
SPY,2009-09-02,99.882963,103.0,2009-09-30,0.07665982203969883,28,call,1.205,0.0014000000000000002,1.0312068936120766,crisis,American
SPY,2009-09-02,99.882963,104.0,2009-09-30,0.07665982203969883,28,call,0.915,0.0014000000000000002,1.0412186110257862,crisis,American
SPY,2009-09-02,99.882963,105.0,2009-09-30,0.07665982203969883,28,call,0.6799999999999999,0.0014000000000000002,1.0512303284394957,crisis,American
SPY,2009-09-02,99.882963,106.0,2009-09-30,0.07665982203969883,28,call,0.5,0.0014000000000000002,1.0612420458532053,crisis,American
SPY,2009-09-02,99.882963,107.0,2009-09-30,0.07665982203969883,28,call,0.36,0.0014000000000000002,1.0712537632669146,crisis,American
SPY,2009-09-02,99.882963,108.0,2009-09-30,0.07665982203969883,28,call,0.26,0.0014000000000000002,1.0812654806806241,crisis,American
SPY,2009-09-02,99.882963,109.0,2009-09-30,0.07665982203969883,28,call,0.18,0.0014000000000000002,1.0912771980943337,crisis,American
SPY,2009-09-02,99.882963,90.0,2009-10-17,0.12320328542094455,45,call,10.575,0.0014000000000000002,0.9010545672338535,crisis,American
SPY,2009-09-02,99.882963,91.0,2009-10-17,0.12320328542094455,45,call,9.725000000000001,0.0014000000000000002,0.9110662846475629,crisis,American
SPY,2009-09-02,99.882963,93.0,2009-10-17,0.12320328542094455,45,call,8.075,0.0014000000000000002,0.9310897194749819,crisis,American
SPY,2009-09-02,99.882963,94.0,2009-10-17,0.12320328542094455,45,call,7.275,0.0014000000000000002,0.9411014368886914,crisis,American
SPY,2009-09-02,99.882963,95.0,2009-10-17,0.12320328542094455,45,call,6.5,0.0014000000000000002,0.9511131543024008,crisis,American
SPY,2009-09-02,99.882963,96.0,2009-10-17,0.12320328542094455,45,call,5.775,0.0014000000000000002,0.9611248717161104,crisis,American
SPY,2009-09-02,99.882963,97.0,2009-10-17,0.12320328542094455,45,call,5.1,0.0014000000000000002,0.9711365891298198,crisis,American
SPY,2009-09-02,99.882963,98.0,2009-10-17,0.12320328542094455,45,call,4.45,0.0014000000000000002,0.9811483065435294,crisis,American
SPY,2009-09-02,99.882963,99.0,2009-10-17,0.12320328542094455,45,call,3.8499999999999996,0.0014000000000000002,0.9911600239572388,crisis,American
SPY,2009-09-02,99.882963,100.0,2009-10-17,0.12320328542094455,45,call,3.3,0.0014000000000000002,1.0011717413709482,crisis,American
SPY,2009-09-02,99.882963,101.0,2009-10-17,0.12320328542094455,45,call,2.81,0.0014000000000000002,1.0111834587846578,crisis,American
SPY,2009-09-02,99.882963,102.0,2009-10-17,0.12320328542094455,45,call,2.355,0.0014000000000000002,1.0211951761983673,crisis,American
SPY,2009-09-02,99.882963,103.0,2009-10-17,0.12320328542094455,45,call,1.9449999999999998,0.0014000000000000002,1.0312068936120766,crisis,American
SPY,2009-09-02,99.882963,104.0,2009-10-17,0.12320328542094455,45,call,1.5950000000000002,0.0014000000000000002,1.0412186110257862,crisis,American
SPY,2009-09-02,99.882963,105.0,2009-10-17,0.12320328542094455,45,call,1.2850000000000001,0.0014000000000000002,1.0512303284394957,crisis,American
SPY,2009-09-02,99.882963,106.0,2009-10-17,0.12320328542094455,45,call,1.02,0.0014000000000000002,1.0612420458532053,crisis,American
SPY,2009-09-02,99.882963,107.0,2009-10-17,0.12320328542094455,45,call,0.795,0.0014000000000000002,1.0712537632669146,crisis,American
SPY,2009-09-02,99.882963,108.0,2009-10-17,0.12320328542094455,45,call,0.605,0.0014000000000000002,1.0812654806806241,crisis,American
SPY,2009-09-02,99.882963,109.0,2009-10-17,0.12320328542094455,45,call,0.47,0.0014000000000000002,1.0912771980943337,crisis,American
SPY,2009-09-10,104.853816,95.0,2009-09-19,0.024640657084188913,9,call,9.675,0.0014000000000000002,0.9060232962813676,crisis,American
SPY,2009-09-10,104.853816,96.0,2009-09-19,0.024640657084188913,9,call,8.675,0.0014000000000000002,0.9155603836106452,crisis,American
SPY,2009-09-10,104.853816,97.0,2009-09-19,0.024640657084188913,9,call,7.7,0.0014000000000000002,0.9250974709399228,crisis,American
SPY,2009-09-10,104.853816,98.0,2009-09-19,0.024640657084188913,9,call,6.725,0.0014000000000000002,0.9346345582692003,crisis,American
SPY,2009-09-10,104.853816,99.0,2009-09-19,0.024640657084188913,9,call,5.75,0.0014000000000000002,0.9441716455984779,crisis,American
SPY,2009-09-10,104.853816,100.0,2009-09-19,0.024640657084188913,9,call,4.824999999999999,0.0014000000000000002,0.9537087329277554,crisis,American
SPY,2009-09-10,104.853816,101.0,2009-09-19,0.024640657084188913,9,call,3.875,0.0014000000000000002,0.963245820257033,crisis,American
SPY,2009-09-10,104.853816,102.0,2009-09-19,0.024640657084188913,9,call,2.98,0.0014000000000000002,0.9727829075863105,crisis,American
SPY,2009-09-10,104.853816,103.0,2009-09-19,0.024640657084188913,9,call,2.17,0.0014000000000000002,0.9823199949155881,crisis,American
SPY,2009-09-10,104.853816,104.0,2009-09-19,0.024640657084188913,9,call,1.475,0.0014000000000000002,0.9918570822448656,crisis,American
SPY,2009-09-10,104.853816,105.0,2009-09-19,0.024640657084188913,9,call,0.92,0.0014000000000000002,1.001394169574143,crisis,American
SPY,2009-09-10,104.853816,106.0,2009-09-19,0.024640657084188913,9,call,0.53,0.0014000000000000002,1.0109312569034208,crisis,American
SPY,2009-09-10,104.853816,107.0,2009-09-19,0.024640657084188913,9,call,0.275,0.0014000000000000002,1.0204683442326983,crisis,American
SPY,2009-09-10,104.853816,108.0,2009-09-19,0.024640657084188913,9,call,0.13,0.0014000000000000002,1.0300054315619758,crisis,American
SPY,2009-09-10,104.853816,109.0,2009-09-19,0.024640657084188913,9,call,0.060000000000000005,0.0014000000000000002,1.0395425188912533,crisis,American
SPY,2009-09-10,104.853816,96.0,2009-09-30,0.05475701574264202,20,call,8.725,0.0014000000000000002,0.9155603836106452,crisis,American
SPY,2009-09-10,104.853816,97.0,2009-09-30,0.05475701574264202,20,call,7.775,0.0014000000000000002,0.9250974709399228,crisis,American
SPY,2009-09-10,104.853816,98.0,2009-09-30,0.05475701574264202,20,call,6.825,0.0014000000000000002,0.9346345582692003,crisis,American
SPY,2009-09-10,104.853816,99.0,2009-09-30,0.05475701574264202,20,call,5.875,0.0014000000000000002,0.9441716455984779,crisis,American
SPY,2009-09-10,104.853816,100.0,2009-09-30,0.05475701574264202,20,call,4.975,0.0014000000000000002,0.9537087329277554,crisis,American
SPY,2009-09-10,104.853816,101.0,2009-09-30,0.05475701574264202,20,call,4.125,0.0014000000000000002,0.963245820257033,crisis,American
SPY,2009-09-10,104.853816,102.0,2009-09-30,0.05475701574264202,20,call,3.325,0.0014000000000000002,0.9727829075863105,crisis,American
SPY,2009-09-10,104.853816,103.0,2009-09-30,0.05475701574264202,20,call,2.63,0.0014000000000000002,0.9823199949155881,crisis,American
SPY,2009-09-10,104.853816,104.0,2009-09-30,0.05475701574264202,20,call,1.98,0.0014000000000000002,0.9918570822448656,crisis,American
SPY,2009-09-10,104.853816,105.0,2009-09-30,0.05475701574264202,20,call,1.4449999999999998,0.0014000000000000002,1.001394169574143,crisis,American
SPY,2009-09-10,104.853816,106.0,2009-09-30,0.05475701574264202,20,call,1.005,0.0014000000000000002,1.0109312569034208,crisis,American
SPY,2009-09-10,104.853816,107.0,2009-09-30,0.05475701574264202,20,call,0.6799999999999999,0.0014000000000000002,1.0204683442326983,crisis,American
SPY,2009-09-10,104.853816,108.0,2009-09-30,0.05475701574264202,20,call,0.435,0.0014000000000000002,1.0300054315619758,crisis,American
SPY,2009-09-10,104.853816,109.0,2009-09-30,0.05475701574264202,20,call,0.27,0.0014000000000000002,1.0395425188912533,crisis,American
SPY,2009-09-10,104.853816,110.0,2009-09-30,0.05475701574264202,20,call,0.16,0.0014000000000000002,1.049079606220531,crisis,American
SPY,2009-09-10,104.853816,111.0,2009-09-30,0.05475701574264202,20,call,0.095,0.0014000000000000002,1.0586166935498085,crisis,American
SPY,2009-09-10,104.853816,112.0,2009-09-30,0.05475701574264202,20,call,0.06,0.0014000000000000002,1.068153780879086,crisis,American
SPY,2009-09-10,104.853816,95.0,2009-10-17,0.10130047912388775,37,call,9.925,0.0014000000000000002,0.9060232962813676,crisis,American
SPY,2009-09-10,104.853816,96.0,2009-10-17,0.10130047912388775,37,call,9.0,0.0014000000000000002,0.9155603836106452,crisis,American
SPY,2009-09-10,104.853816,97.0,2009-10-17,0.10130047912388775,37,call,8.1,0.0014000000000000002,0.9250974709399228,crisis,American
SPY,2009-09-10,104.853816,98.0,2009-10-17,0.10130047912388775,37,call,7.25,0.0014000000000000002,0.9346345582692003,crisis,American
SPY,2009-09-10,104.853816,99.0,2009-10-17,0.10130047912388775,37,call,6.4,0.0014000000000000002,0.9441716455984779,crisis,American
SPY,2009-09-10,104.853816,100.0,2009-10-17,0.10130047912388775,37,call,5.574999999999999,0.0014000000000000002,0.9537087329277554,crisis,American
SPY,2009-09-10,104.853816,101.0,2009-10-17,0.10130047912388775,37,call,4.824999999999999,0.0014000000000000002,0.963245820257033,crisis,American
SPY,2009-09-10,104.853816,102.0,2009-10-17,0.10130047912388775,37,call,4.1,0.0014000000000000002,0.9727829075863105,crisis,American
SPY,2009-09-10,104.853816,103.0,2009-10-17,0.10130047912388775,37,call,3.45,0.0014000000000000002,0.9823199949155881,crisis,American
SPY,2009-09-10,104.853816,104.0,2009-10-17,0.10130047912388775,37,call,2.8449999999999998,0.0014000000000000002,0.9918570822448656,crisis,American
SPY,2009-09-10,104.853816,105.0,2009-10-17,0.10130047912388775,37,call,2.295,0.0014000000000000002,1.001394169574143,crisis,American
SPY,2009-09-10,104.853816,106.0,2009-10-17,0.10130047912388775,37,call,1.81,0.0014000000000000002,1.0109312569034208,crisis,American
SPY,2009-09-10,104.853816,107.0,2009-10-17,0.10130047912388775,37,call,1.41,0.0014000000000000002,1.0204683442326983,crisis,American
SPY,2009-09-10,104.853816,108.0,2009-10-17,0.10130047912388775,37,call,1.07,0.0014000000000000002,1.0300054315619758,crisis,American
SPY,2009-09-10,104.853816,109.0,2009-10-17,0.10130047912388775,37,call,0.8,0.0014000000000000002,1.0395425188912533,crisis,American
SPY,2009-09-10,104.853816,110.0,2009-10-17,0.10130047912388775,37,call,0.58,0.0014000000000000002,1.049079606220531,crisis,American
SPY,2009-09-10,104.853816,111.0,2009-10-17,0.10130047912388775,37,call,0.41,0.0014000000000000002,1.0586166935498085,crisis,American
SPY,2009-09-10,104.853816,112.0,2009-10-17,0.10130047912388775,37,call,0.29,0.0014000000000000002,1.068153780879086,crisis,American
SPY,2009-09-10,104.853816,113.0,2009-10-17,0.10130047912388775,37,call,0.2,0.0014000000000000002,1.0776908682083637,crisis,American
SPY,2009-09-10,104.853816,114.0,2009-10-17,0.10130047912388775,37,call,0.15,0.0014000000000000002,1.0872279555376412,crisis,American
SPY,2009-09-10,104.853816,115.0,2009-10-17,0.10130047912388775,37,call,0.1,0.0014000000000000002,1.0967650428669187,crisis,American
SPY,2009-09-17,107.028625,97.0,2009-09-30,0.03559206023271732,13,call,10.225,0.001,0.9062995997566071,crisis,American
SPY,2009-09-17,107.028625,98.0,2009-09-30,0.03559206023271732,13,call,9.274999999999999,0.001,0.9156428945994587,crisis,American
SPY,2009-09-17,107.028625,99.0,2009-09-30,0.03559206023271732,13,call,8.274999999999999,0.001,0.9249861894423104,crisis,American
SPY,2009-09-17,107.028625,100.0,2009-09-30,0.03559206023271732,13,call,7.275,0.001,0.9343294842851619,crisis,American
SPY,2009-09-17,107.028625,101.0,2009-09-30,0.03559206023271732,13,call,6.275,0.001,0.9436727791280136,crisis,American
SPY,2009-09-17,107.028625,102.0,2009-09-30,0.03559206023271732,13,call,5.199999999999999,0.001,0.9530160739708652,crisis,American
SPY,2009-09-17,107.028625,103.0,2009-09-30,0.03559206023271732,13,call,4.225,0.001,0.9623593688137169,crisis,American
SPY,2009-09-17,107.028625,104.0,2009-09-30,0.03559206023271732,13,call,3.425,0.001,0.9717026636565684,crisis,American
SPY,2009-09-17,107.028625,105.0,2009-09-30,0.03559206023271732,13,call,2.6799999999999997,0.001,0.9810459584994201,crisis,American
SPY,2009-09-17,107.028625,106.0,2009-09-30,0.03559206023271732,13,call,2.0300000000000002,0.001,0.9903892533422717,crisis,American
SPY,2009-09-17,107.028625,107.0,2009-09-30,0.03559206023271732,13,call,1.44,0.001,0.9997325481851234,crisis,American
SPY,2009-09-17,107.028625,108.0,2009-09-30,0.03559206023271732,13,call,0.98,0.001,1.009075843027975,crisis,American
SPY,2009-09-17,107.028625,109.0,2009-09-30,0.03559206023271732,13,call,0.645,0.001,1.0184191378708265,crisis,American
SPY,2009-09-17,107.028625,110.0,2009-09-30,0.03559206023271732,13,call,0.405,0.001,1.0277624327136783,crisis,American
SPY,2009-09-17,107.028625,111.0,2009-09-30,0.03559206023271732,13,call,0.245,0.001,1.0371057275565299,crisis,American
SPY,2009-09-17,107.028625,112.0,2009-09-30,0.03559206023271732,13,call,0.14,0.001,1.0464490223993814,crisis,American
SPY,2009-09-17,107.028625,113.0,2009-09-30,0.03559206023271732,13,call,0.08,0.001,1.055792317242233,crisis,American
SPY,2009-09-17,107.028625,114.0,2009-09-30,0.03559206023271732,13,call,0.05,0.001,1.0651356120850846,crisis,American
SPY,2009-09-17,107.028625,97.0,2009-10-17,0.08213552361396304,30,call,10.2,0.001,0.9062995997566071,crisis,American
SPY,2009-09-17,107.028625,98.0,2009-10-17,0.08213552361396304,30,call,9.225,0.001,0.9156428945994587,crisis,American
SPY,2009-09-17,107.028625,99.0,2009-10-17,0.08213552361396304,30,call,8.325,0.001,0.9249861894423104,crisis,American
SPY,2009-09-17,107.028625,100.0,2009-10-17,0.08213552361396304,30,call,7.475,0.001,0.9343294842851619,crisis,American
SPY,2009-09-17,107.028625,101.0,2009-10-17,0.08213552361396304,30,call,6.6,0.001,0.9436727791280136,crisis,American
SPY,2009-09-17,107.028625,102.0,2009-10-17,0.08213552361396304,30,call,5.8,0.001,0.9530160739708652,crisis,American
SPY,2009-09-17,107.028625,103.0,2009-10-17,0.08213552361396304,30,call,5.025,0.001,0.9623593688137169,crisis,American
SPY,2009-09-17,107.028625,104.0,2009-10-17,0.08213552361396304,30,call,4.275,0.001,0.9717026636565684,crisis,American
SPY,2009-09-17,107.028625,105.0,2009-10-17,0.08213552361396304,30,call,3.5999999999999996,0.001,0.9810459584994201,crisis,American
SPY,2009-09-17,107.028625,106.0,2009-10-17,0.08213552361396304,30,call,2.975,0.001,0.9903892533422717,crisis,American
SPY,2009-09-17,107.028625,107.0,2009-10-17,0.08213552361396304,30,call,2.415,0.001,0.9997325481851234,crisis,American
SPY,2009-09-17,107.028625,108.0,2009-10-17,0.08213552361396304,30,call,1.9249999999999998,0.001,1.009075843027975,crisis,American
SPY,2009-09-17,107.028625,109.0,2009-10-17,0.08213552361396304,30,call,1.495,0.001,1.0184191378708265,crisis,American
SPY,2009-09-17,107.028625,110.0,2009-10-17,0.08213552361396304,30,call,1.14,0.001,1.0277624327136783,crisis,American
SPY,2009-09-17,107.028625,111.0,2009-10-17,0.08213552361396304,30,call,0.85,0.001,1.0371057275565299,crisis,American
SPY,2009-09-17,107.028625,112.0,2009-10-17,0.08213552361396304,30,call,0.62,0.001,1.0464490223993814,crisis,American
SPY,2009-09-17,107.028625,113.0,2009-10-17,0.08213552361396304,30,call,0.44,0.001,1.055792317242233,crisis,American
SPY,2009-09-17,107.028625,114.0,2009-10-17,0.08213552361396304,30,call,0.32,0.001,1.0651356120850846,crisis,American
SPY,2009-09-17,107.028625,115.0,2009-10-17,0.08213552361396304,30,call,0.22,0.001,1.0744789069279364,crisis,American
SPY,2009-09-17,107.028625,116.0,2009-10-17,0.08213552361396304,30,call,0.15,0.001,1.083822201770788,crisis,American
SPY,2009-09-17,107.028625,117.0,2009-10-17,0.08213552361396304,30,call,0.1,0.001,1.0931654966136395,crisis,American
SPY,2009-09-24,105.072547,95.0,2009-10-17,0.06297056810403832,23,call,10.2,0.001,0.9041372148331001,crisis,American
SPY,2009-09-24,105.072547,96.0,2009-10-17,0.06297056810403832,23,call,9.274999999999999,0.001,0.9136544486734485,crisis,American
SPY,2009-09-24,105.072547,97.0,2009-10-17,0.06297056810403832,23,call,8.35,0.001,0.9231716825137969,crisis,American
SPY,2009-09-24,105.072547,98.0,2009-10-17,0.06297056810403832,23,call,7.449999999999999,0.001,0.9326889163541453,crisis,American
SPY,2009-09-24,105.072547,99.0,2009-10-17,0.06297056810403832,23,call,6.550000000000001,0.001,0.9422061501944937,crisis,American
SPY,2009-09-24,105.072547,100.0,2009-10-17,0.06297056810403832,23,call,5.725,0.001,0.9517233840348421,crisis,American
SPY,2009-09-24,105.072547,101.0,2009-10-17,0.06297056810403832,23,call,4.925000000000001,0.001,0.9612406178751906,crisis,American
SPY,2009-09-24,105.072547,102.0,2009-10-17,0.06297056810403832,23,call,4.175000000000001,0.001,0.970757851715539,crisis,American
SPY,2009-09-24,105.072547,103.0,2009-10-17,0.06297056810403832,23,call,3.475,0.001,0.9802750855558874,crisis,American
SPY,2009-09-24,105.072547,104.0,2009-10-17,0.06297056810403832,23,call,2.8200000000000003,0.001,0.9897923193962358,crisis,American
SPY,2009-09-24,105.072547,105.0,2009-10-17,0.06297056810403832,23,call,2.24,0.001,0.9993095532365842,crisis,American
SPY,2009-09-24,105.072547,106.0,2009-10-17,0.06297056810403832,23,call,1.74,0.001,1.0088267870769327,crisis,American
SPY,2009-09-24,105.072547,107.0,2009-10-17,0.06297056810403832,23,call,1.315,0.001,1.0183440209172812,crisis,American
SPY,2009-09-24,105.072547,108.0,2009-10-17,0.06297056810403832,23,call,0.965,0.001,1.0278612547576296,crisis,American
SPY,2009-09-24,105.072547,109.0,2009-10-17,0.06297056810403832,23,call,0.69,0.001,1.037378488597978,crisis,American
SPY,2009-09-24,105.072547,110.0,2009-10-17,0.06297056810403832,23,call,0.48,0.001,1.0468957224383264,crisis,American
SPY,2009-09-24,105.072547,111.0,2009-10-17,0.06297056810403832,23,call,0.33,0.001,1.0564129562786748,crisis,American
SPY,2009-09-24,105.072547,112.0,2009-10-17,0.06297056810403832,23,call,0.22,0.001,1.0659301901190232,crisis,American
SPY,2009-09-24,105.072547,113.0,2009-10-17,0.06297056810403832,23,call,0.15,0.001,1.0754474239593717,crisis,American
SPY,2009-09-24,105.072547,114.0,2009-10-17,0.06297056810403832,23,call,0.1,0.001,1.08496465779972,crisis,American
SPY,2009-09-24,105.072547,115.0,2009-10-17,0.06297056810403832,23,call,0.07,0.001,1.0944818916400685,crisis,American
SPY,2009-09-24,105.072547,96.0,2009-11-21,0.15879534565366188,58,call,10.274999999999999,0.001,0.9136544486734485,crisis,American
SPY,2009-09-24,105.072547,97.0,2009-11-21,0.15879534565366188,58,call,9.425,0.001,0.9231716825137969,crisis,American
SPY,2009-09-24,105.072547,98.0,2009-11-21,0.15879534565366188,58,call,8.625,0.001,0.9326889163541453,crisis,American
SPY,2009-09-24,105.072547,99.0,2009-11-21,0.15879534565366188,58,call,7.875,0.001,0.9422061501944937,crisis,American
SPY,2009-09-24,105.072547,100.0,2009-11-21,0.15879534565366188,58,call,7.125,0.001,0.9517233840348421,crisis,American
SPY,2009-09-24,105.072547,101.0,2009-11-21,0.15879534565366188,58,call,6.4,0.001,0.9612406178751906,crisis,American
SPY,2009-09-24,105.072547,102.0,2009-11-21,0.15879534565366188,58,call,5.7,0.001,0.970757851715539,crisis,American
SPY,2009-09-24,105.072547,103.0,2009-11-21,0.15879534565366188,58,call,5.05,0.001,0.9802750855558874,crisis,American
SPY,2009-09-24,105.072547,104.0,2009-11-21,0.15879534565366188,58,call,4.425,0.001,0.9897923193962358,crisis,American
SPY,2009-09-24,105.072547,105.0,2009-11-21,0.15879534565366188,58,call,3.825,0.001,0.9993095532365842,crisis,American
SPY,2009-09-24,105.072547,106.0,2009-11-21,0.15879534565366188,58,call,3.3,0.001,1.0088267870769327,crisis,American
SPY,2009-09-24,105.072547,107.0,2009-11-21,0.15879534565366188,58,call,2.8099999999999996,0.001,1.0183440209172812,crisis,American
SPY,2009-09-24,105.072547,108.0,2009-11-21,0.15879534565366188,58,call,2.37,0.001,1.0278612547576296,crisis,American
SPY,2009-09-24,105.072547,109.0,2009-11-21,0.15879534565366188,58,call,1.98,0.001,1.037378488597978,crisis,American
SPY,2009-09-24,105.072547,110.0,2009-11-21,0.15879534565366188,58,call,1.62,0.001,1.0468957224383264,crisis,American
SPY,2009-09-24,105.072547,111.0,2009-11-21,0.15879534565366188,58,call,1.31,0.001,1.0564129562786748,crisis,American
SPY,2009-09-24,105.072547,112.0,2009-11-21,0.15879534565366188,58,call,1.06,0.001,1.0659301901190232,crisis,American
SPY,2009-09-24,105.072547,113.0,2009-11-21,0.15879534565366188,58,call,0.84,0.001,1.0754474239593717,crisis,American
SPY,2009-09-24,105.072547,114.0,2009-11-21,0.15879534565366188,58,call,0.66,0.001,1.08496465779972,crisis,American
SPY,2009-09-24,105.072547,115.0,2009-11-21,0.15879534565366188,58,call,0.52,0.001,1.0944818916400685,crisis,American
SPY,2009-10-01,103.010501,93.0,2009-10-17,0.04380561259411362,16,call,10.475000000000001,0.001,0.9028205774865613,crisis,American
SPY,2009-10-01,103.010501,94.0,2009-10-17,0.04380561259411362,16,call,9.524999999999999,0.001,0.912528325631578,crisis,American
SPY,2009-10-01,103.010501,95.0,2009-10-17,0.04380561259411362,16,call,8.625,0.001,0.9222360737765948,crisis,American
SPY,2009-10-01,103.010501,96.0,2009-10-17,0.04380561259411362,16,call,7.675,0.001,0.9319438219216116,crisis,American
SPY,2009-10-01,103.010501,97.0,2009-10-17,0.04380561259411362,16,call,6.8,0.001,0.9416515700666284,crisis,American
SPY,2009-10-01,103.010501,98.0,2009-10-17,0.04380561259411362,16,call,5.925,0.001,0.9513593182116452,crisis,American
SPY,2009-10-01,103.010501,99.0,2009-10-17,0.04380561259411362,16,call,5.1,0.001,0.961067066356662,crisis,American
SPY,2009-10-01,103.010501,100.0,2009-10-17,0.04380561259411362,16,call,4.35,0.001,0.9707748145016788,crisis,American
SPY,2009-10-01,103.010501,101.0,2009-10-17,0.04380561259411362,16,call,3.5999999999999996,0.001,0.9804825626466955,crisis,American
SPY,2009-10-01,103.010501,102.0,2009-10-17,0.04380561259411362,16,call,2.92,0.001,0.9901903107917124,crisis,American
SPY,2009-10-01,103.010501,103.0,2009-10-17,0.04380561259411362,16,call,2.32,0.001,0.9998980589367291,crisis,American
SPY,2009-10-01,103.010501,104.0,2009-10-17,0.04380561259411362,16,call,1.775,0.001,1.009605807081746,crisis,American
SPY,2009-10-01,103.010501,105.0,2009-10-17,0.04380561259411362,16,call,1.3450000000000002,0.001,1.0193135552267627,crisis,American
SPY,2009-10-01,103.010501,106.0,2009-10-17,0.04380561259411362,16,call,0.965,0.001,1.0290213033717794,crisis,American
SPY,2009-10-01,103.010501,107.0,2009-10-17,0.04380561259411362,16,call,0.67,0.001,1.0387290515167962,crisis,American
SPY,2009-10-01,103.010501,108.0,2009-10-17,0.04380561259411362,16,call,0.46499999999999997,0.001,1.0484367996618131,crisis,American
SPY,2009-10-01,103.010501,109.0,2009-10-17,0.04380561259411362,16,call,0.305,0.001,1.0581445478068299,crisis,American
SPY,2009-10-01,103.010501,110.0,2009-10-17,0.04380561259411362,16,call,0.2,0.001,1.0678522959518466,crisis,American
SPY,2009-10-01,103.010501,111.0,2009-10-17,0.04380561259411362,16,call,0.13,0.001,1.0775600440968633,crisis,American
SPY,2009-10-01,103.010501,112.0,2009-10-17,0.04380561259411362,16,call,0.08,0.001,1.0872677922418803,crisis,American
SPY,2009-10-01,103.010501,95.0,2009-11-21,0.13963039014373715,51,call,9.725000000000001,0.001,0.9222360737765948,crisis,American
SPY,2009-10-01,103.010501,96.0,2009-11-21,0.13963039014373715,51,call,8.875,0.001,0.9319438219216116,crisis,American
SPY,2009-10-01,103.010501,97.0,2009-11-21,0.13963039014373715,51,call,8.075,0.001,0.9416515700666284,crisis,American
SPY,2009-10-01,103.010501,98.0,2009-11-21,0.13963039014373715,51,call,7.300000000000001,0.001,0.9513593182116452,crisis,American
SPY,2009-10-01,103.010501,99.0,2009-11-21,0.13963039014373715,51,call,6.575,0.001,0.961067066356662,crisis,American
SPY,2009-10-01,103.010501,100.0,2009-11-21,0.13963039014373715,51,call,5.875,0.001,0.9707748145016788,crisis,American
SPY,2009-10-01,103.010501,101.0,2009-11-21,0.13963039014373715,51,call,5.2,0.001,0.9804825626466955,crisis,American
SPY,2009-10-01,103.010501,102.0,2009-11-21,0.13963039014373715,51,call,4.575,0.001,0.9901903107917124,crisis,American
SPY,2009-10-01,103.010501,103.0,2009-11-21,0.13963039014373715,51,call,3.9749999999999996,0.001,0.9998980589367291,crisis,American
SPY,2009-10-01,103.010501,104.0,2009-11-21,0.13963039014373715,51,call,3.4000000000000004,0.001,1.009605807081746,crisis,American
SPY,2009-10-01,103.010501,105.0,2009-11-21,0.13963039014373715,51,call,2.9050000000000002,0.001,1.0193135552267627,crisis,American
SPY,2009-10-01,103.010501,106.0,2009-11-21,0.13963039014373715,51,call,2.4450000000000003,0.001,1.0290213033717794,crisis,American
SPY,2009-10-01,103.010501,107.0,2009-11-21,0.13963039014373715,51,call,2.03,0.001,1.0387290515167962,crisis,American
SPY,2009-10-01,103.010501,108.0,2009-11-21,0.13963039014373715,51,call,1.67,0.001,1.0484367996618131,crisis,American
SPY,2009-10-01,103.010501,109.0,2009-11-21,0.13963039014373715,51,call,1.3450000000000002,0.001,1.0581445478068299,crisis,American
SPY,2009-10-01,103.010501,110.0,2009-11-21,0.13963039014373715,51,call,1.08,0.001,1.0678522959518466,crisis,American
SPY,2009-10-01,103.010501,111.0,2009-11-21,0.13963039014373715,51,call,0.84,0.001,1.0775600440968633,crisis,American
SPY,2009-10-01,103.010501,112.0,2009-11-21,0.13963039014373715,51,call,0.66,0.001,1.0872677922418803,crisis,American
SPY,2009-10-01,103.010501,113.0,2009-11-21,0.13963039014373715,51,call,0.5,0.001,1.096975540386897,crisis,American
SPY,2009-10-08,106.634272,96.0,2009-10-17,0.024640657084188913,9,call,10.825,0.0006,0.900273413035539,crisis,American
SPY,2009-10-08,106.634272,97.0,2009-10-17,0.024640657084188913,9,call,9.875,0.0006,0.9096512610879924,crisis,American
SPY,2009-10-08,106.634272,98.0,2009-10-17,0.024640657084188913,9,call,8.850000000000001,0.0006,0.919029109140446,crisis,American
SPY,2009-10-08,106.634272,99.0,2009-10-17,0.024640657084188913,9,call,7.875,0.0006,0.9284069571928996,crisis,American
SPY,2009-10-08,106.634272,100.0,2009-10-17,0.024640657084188913,9,call,6.9,0.0006,0.937784805245353,crisis,American
SPY,2009-10-08,106.634272,101.0,2009-10-17,0.024640657084188913,9,call,5.95,0.0006,0.9471626532978066,crisis,American
SPY,2009-10-08,106.634272,102.0,2009-10-17,0.024640657084188913,9,call,5.025,0.0006,0.9565405013502601,crisis,American
SPY,2009-10-08,106.634272,103.0,2009-10-17,0.024640657084188913,9,call,4.1,0.0006,0.9659183494027136,crisis,American
SPY,2009-10-08,106.634272,104.0,2009-10-17,0.024640657084188913,9,call,3.225,0.0006,0.9752961974551672,crisis,American
SPY,2009-10-08,106.634272,105.0,2009-10-17,0.024640657084188913,9,call,2.465,0.0006,0.9846740455076207,crisis,American
SPY,2009-10-08,106.634272,106.0,2009-10-17,0.024640657084188913,9,call,1.76,0.0006,0.9940518935600743,crisis,American
SPY,2009-10-08,106.634272,107.0,2009-10-17,0.024640657084188913,9,call,1.19,0.0006,1.0034297416125277,crisis,American
SPY,2009-10-08,106.634272,108.0,2009-10-17,0.024640657084188913,9,call,0.745,0.0006,1.0128075896649813,crisis,American
SPY,2009-10-08,106.634272,109.0,2009-10-17,0.024640657084188913,9,call,0.43,0.0006,1.0221854377174349,crisis,American
SPY,2009-10-08,106.634272,110.0,2009-10-17,0.024640657084188913,9,call,0.24,0.0006,1.0315632857698884,crisis,American
SPY,2009-10-08,106.634272,111.0,2009-10-17,0.024640657084188913,9,call,0.12,0.0006,1.040941133822342,crisis,American
SPY,2009-10-08,106.634272,112.0,2009-10-17,0.024640657084188913,9,call,0.07,0.0006,1.0503189818747953,crisis,American
SPY,2009-10-08,106.634272,96.0,2009-11-21,0.12046543463381246,44,call,11.475000000000001,0.0006,0.900273413035539,crisis,American
SPY,2009-10-08,106.634272,97.0,2009-11-21,0.12046543463381246,44,call,10.575,0.0006,0.9096512610879924,crisis,American
SPY,2009-10-08,106.634272,98.0,2009-11-21,0.12046543463381246,44,call,9.7,0.0006,0.919029109140446,crisis,American
SPY,2009-10-08,106.634272,99.0,2009-11-21,0.12046543463381246,44,call,8.850000000000001,0.0006,0.9284069571928996,crisis,American
SPY,2009-10-08,106.634272,100.0,2009-11-21,0.12046543463381246,44,call,8.025,0.0006,0.937784805245353,crisis,American
SPY,2009-10-08,106.634272,101.0,2009-11-21,0.12046543463381246,44,call,7.225,0.0006,0.9471626532978066,crisis,American
SPY,2009-10-08,106.634272,102.0,2009-11-21,0.12046543463381246,44,call,6.45,0.0006,0.9565405013502601,crisis,American
SPY,2009-10-08,106.634272,103.0,2009-11-21,0.12046543463381246,44,call,5.7,0.0006,0.9659183494027136,crisis,American
SPY,2009-10-08,106.634272,104.0,2009-11-21,0.12046543463381246,44,call,4.975,0.0006,0.9752961974551672,crisis,American
SPY,2009-10-08,106.634272,105.0,2009-11-21,0.12046543463381246,44,call,4.325,0.0006,0.9846740455076207,crisis,American
SPY,2009-10-08,106.634272,106.0,2009-11-21,0.12046543463381246,44,call,3.7,0.0006,0.9940518935600743,crisis,American
SPY,2009-10-08,106.634272,107.0,2009-11-21,0.12046543463381246,44,call,3.0999999999999996,0.0006,1.0034297416125277,crisis,American
SPY,2009-10-08,106.634272,108.0,2009-11-21,0.12046543463381246,44,call,2.5999999999999996,0.0006,1.0128075896649813,crisis,American
SPY,2009-10-08,106.634272,109.0,2009-11-21,0.12046543463381246,44,call,2.135,0.0006,1.0221854377174349,crisis,American
SPY,2009-10-08,106.634272,110.0,2009-11-21,0.12046543463381246,44,call,1.73,0.0006,1.0315632857698884,crisis,American
SPY,2009-10-08,106.634272,111.0,2009-11-21,0.12046543463381246,44,call,1.38,0.0006,1.040941133822342,crisis,American
SPY,2009-10-08,106.634272,112.0,2009-11-21,0.12046543463381246,44,call,1.08,0.0006,1.0503189818747953,crisis,American
SPY,2009-10-08,106.634272,113.0,2009-11-21,0.12046543463381246,44,call,0.82,0.0006,1.059696829927249,crisis,American
SPY,2009-10-08,106.634272,114.0,2009-11-21,0.12046543463381246,44,call,0.62,0.0006,1.0690746779797025,crisis,American
SPY,2009-10-08,106.634272,115.0,2009-11-21,0.12046543463381246,44,call,0.47,0.0006,1.078452526032156,crisis,American
SPY,2009-10-08,106.634272,116.0,2009-11-21,0.12046543463381246,44,call,0.34,0.0006,1.0878303740846096,crisis,American
SPY,2009-10-08,106.634272,117.0,2009-11-21,0.12046543463381246,44,call,0.23,0.0006,1.0972082221370631,crisis,American
SPY,2009-10-15,109.753354,99.0,2009-11-21,0.10130047912388775,37,call,10.925,0.0007000000000000001,0.9020225477574015,crisis,American
SPY,2009-10-15,109.753354,100.0,2009-11-21,0.10130047912388775,37,call,10.025,0.0007000000000000001,0.9111338866236379,crisis,American
SPY,2009-10-15,109.753354,101.0,2009-11-21,0.10130047912388775,37,call,9.125,0.0007000000000000001,0.9202452254898743,crisis,American
SPY,2009-10-15,109.753354,102.0,2009-11-21,0.10130047912388775,37,call,8.225,0.0007000000000000001,0.9293565643561107,crisis,American
SPY,2009-10-15,109.753354,103.0,2009-11-21,0.10130047912388775,37,call,7.375,0.0007000000000000001,0.9384679032223471,crisis,American
SPY,2009-10-15,109.753354,104.0,2009-11-21,0.10130047912388775,37,call,6.525,0.0007000000000000001,0.9475792420885835,crisis,American
SPY,2009-10-15,109.753354,105.0,2009-11-21,0.10130047912388775,37,call,5.725,0.0007000000000000001,0.9566905809548198,crisis,American
SPY,2009-10-15,109.753354,106.0,2009-11-21,0.10130047912388775,37,call,4.95,0.0007000000000000001,0.9658019198210562,crisis,American
SPY,2009-10-15,109.753354,107.0,2009-11-21,0.10130047912388775,37,call,4.225,0.0007000000000000001,0.9749132586872926,crisis,American
SPY,2009-10-15,109.753354,108.0,2009-11-21,0.10130047912388775,37,call,3.575,0.0007000000000000001,0.984024597553529,crisis,American
SPY,2009-10-15,109.753354,109.0,2009-11-21,0.10130047912388775,37,call,2.965,0.0007000000000000001,0.9931359364197654,crisis,American
SPY,2009-10-15,109.753354,110.0,2009-11-21,0.10130047912388775,37,call,2.44,0.0007000000000000001,1.0022472752860017,crisis,American
SPY,2009-10-15,109.753354,111.0,2009-11-21,0.10130047912388775,37,call,1.94,0.0007000000000000001,1.0113586141522382,crisis,American
SPY,2009-10-15,109.753354,112.0,2009-11-21,0.10130047912388775,37,call,1.52,0.0007000000000000001,1.0204699530184744,crisis,American
SPY,2009-10-15,109.753354,113.0,2009-11-21,0.10130047912388775,37,call,1.17,0.0007000000000000001,1.029581291884711,crisis,American
SPY,2009-10-15,109.753354,114.0,2009-11-21,0.10130047912388775,37,call,0.89,0.0007000000000000001,1.0386926307509472,crisis,American
SPY,2009-10-15,109.753354,115.0,2009-11-21,0.10130047912388775,37,call,0.65,0.0007000000000000001,1.0478039696171837,crisis,American
SPY,2009-10-15,109.753354,116.0,2009-11-21,0.10130047912388775,37,call,0.48,0.0007000000000000001,1.05691530848342,crisis,American
SPY,2009-10-15,109.753354,117.0,2009-11-21,0.10130047912388775,37,call,0.35,0.0007000000000000001,1.0660266473496565,crisis,American
SPY,2009-10-15,109.753354,118.0,2009-11-21,0.10130047912388775,37,call,0.24,0.0007000000000000001,1.0751379862158927,crisis,American
SPY,2009-10-15,109.753354,119.0,2009-11-21,0.10130047912388775,37,call,0.17,0.0007000000000000001,1.0842493250821292,crisis,American
SPY,2009-10-15,109.753354,120.0,2009-11-21,0.10130047912388775,37,call,0.12,0.0007000000000000001,1.0933606639483655,crisis,American
SPY,2009-10-22,109.411849,99.0,2009-11-21,0.08213552361396304,30,call,10.725,0.0006,0.904838012562972,crisis,American
SPY,2009-10-22,109.411849,100.0,2009-11-21,0.08213552361396304,30,call,9.75,0.0006,0.9139777904676485,crisis,American
SPY,2009-10-22,109.411849,101.0,2009-11-21,0.08213552361396304,30,call,8.85,0.0006,0.923117568372325,crisis,American
SPY,2009-10-22,109.411849,102.0,2009-11-21,0.08213552361396304,30,call,7.925,0.0006,0.9322573462770015,crisis,American
SPY,2009-10-22,109.411849,103.0,2009-11-21,0.08213552361396304,30,call,7.075,0.0006,0.941397124181678,crisis,American
SPY,2009-10-22,109.411849,104.0,2009-11-21,0.08213552361396304,30,call,6.2,0.0006,0.9505369020863544,crisis,American
SPY,2009-10-22,109.411849,105.0,2009-11-21,0.08213552361396304,30,call,5.35,0.0006,0.9596766799910309,crisis,American
SPY,2009-10-22,109.411849,106.0,2009-11-21,0.08213552361396304,30,call,4.574999999999999,0.0006,0.9688164578957074,crisis,American
SPY,2009-10-22,109.411849,107.0,2009-11-21,0.08213552361396304,30,call,3.8499999999999996,0.0006,0.9779562358003839,crisis,American
SPY,2009-10-22,109.411849,108.0,2009-11-21,0.08213552361396304,30,call,3.1500000000000004,0.0006,0.9870960137050604,crisis,American
SPY,2009-10-22,109.411849,109.0,2009-11-21,0.08213552361396304,30,call,2.55,0.0006,0.9962357916097369,crisis,American
SPY,2009-10-22,109.411849,110.0,2009-11-21,0.08213552361396304,30,call,2.02,0.0006,1.0053755695144133,crisis,American
SPY,2009-10-22,109.411849,111.0,2009-11-21,0.08213552361396304,30,call,1.55,0.0006,1.0145153474190898,crisis,American
SPY,2009-10-22,109.411849,112.0,2009-11-21,0.08213552361396304,30,call,1.15,0.0006,1.0236551253237662,crisis,American
SPY,2009-10-22,109.411849,113.0,2009-11-21,0.08213552361396304,30,call,0.84,0.0006,1.0327949032284427,crisis,American
SPY,2009-10-22,109.411849,114.0,2009-11-21,0.08213552361396304,30,call,0.59,0.0006,1.0419346811331194,crisis,American
SPY,2009-10-22,109.411849,115.0,2009-11-21,0.08213552361396304,30,call,0.41,0.0006,1.0510744590377958,crisis,American
SPY,2009-10-22,109.411849,116.0,2009-11-21,0.08213552361396304,30,call,0.29,0.0006,1.0602142369424723,crisis,American
SPY,2009-10-22,109.411849,117.0,2009-11-21,0.08213552361396304,30,call,0.19,0.0006,1.0693540148471488,crisis,American
SPY,2009-10-22,109.411849,118.0,2009-11-21,0.08213552361396304,30,call,0.12,0.0006,1.0784937927518252,crisis,American
SPY,2009-10-22,109.411849,119.0,2009-11-21,0.08213552361396304,30,call,0.09,0.0006,1.0876335706565017,crisis,American
SPY,2009-10-22,109.411849,120.0,2009-11-21,0.08213552361396304,30,call,0.06,0.0006,1.0967733485611781,crisis,American
SPY,2009-10-22,109.411849,99.0,2009-12-19,0.15879534565366188,58,call,11.274999999999999,0.0006,0.904838012562972,crisis,American
SPY,2009-10-22,109.411849,100.0,2009-12-19,0.15879534565366188,58,call,10.375,0.0006,0.9139777904676485,crisis,American
SPY,2009-10-22,109.411849,101.0,2009-12-19,0.15879534565366188,58,call,9.55,0.0006,0.923117568372325,crisis,American
SPY,2009-10-22,109.411849,102.0,2009-12-19,0.15879534565366188,58,call,8.65,0.0006,0.9322573462770015,crisis,American
SPY,2009-10-22,109.411849,103.0,2009-12-19,0.15879534565366188,58,call,7.875,0.0006,0.941397124181678,crisis,American
SPY,2009-10-22,109.411849,104.0,2009-12-19,0.15879534565366188,58,call,7.050000000000001,0.0006,0.9505369020863544,crisis,American
SPY,2009-10-22,109.411849,105.0,2009-12-19,0.15879534565366188,58,call,6.3,0.0006,0.9596766799910309,crisis,American
SPY,2009-10-22,109.411849,106.0,2009-12-19,0.15879534565366188,58,call,5.55,0.0006,0.9688164578957074,crisis,American
SPY,2009-10-22,109.411849,107.0,2009-12-19,0.15879534565366188,58,call,4.85,0.0006,0.9779562358003839,crisis,American
SPY,2009-10-22,109.411849,108.0,2009-12-19,0.15879534565366188,58,call,4.2,0.0006,0.9870960137050604,crisis,American
SPY,2009-10-22,109.411849,109.0,2009-12-19,0.15879534565366188,58,call,3.5999999999999996,0.0006,0.9962357916097369,crisis,American
SPY,2009-10-22,109.411849,110.0,2009-12-19,0.15879534565366188,58,call,3.05,0.0006,1.0053755695144133,crisis,American
SPY,2009-10-22,109.411849,111.0,2009-12-19,0.15879534565366188,58,call,2.55,0.0006,1.0145153474190898,crisis,American
SPY,2009-10-22,109.411849,112.0,2009-12-19,0.15879534565366188,58,call,2.1,0.0006,1.0236551253237662,crisis,American
SPY,2009-10-22,109.411849,113.0,2009-12-19,0.15879534565366188,58,call,1.71,0.0006,1.0327949032284427,crisis,American
SPY,2009-10-22,109.411849,114.0,2009-12-19,0.15879534565366188,58,call,1.36,0.0006,1.0419346811331194,crisis,American
SPY,2009-10-22,109.411849,115.0,2009-12-19,0.15879534565366188,58,call,1.065,0.0006,1.0510744590377958,crisis,American
SPY,2009-10-22,109.411849,116.0,2009-12-19,0.15879534565366188,58,call,0.83,0.0006,1.0602142369424723,crisis,American
SPY,2009-10-22,109.411849,117.0,2009-12-19,0.15879534565366188,58,call,0.64,0.0006,1.0693540148471488,crisis,American
SPY,2009-10-22,109.411849,118.0,2009-12-19,0.15879534565366188,58,call,0.48,0.0006,1.0784937927518252,crisis,American
SPY,2009-10-22,109.411849,119.0,2009-12-19,0.15879534565366188,58,call,0.36,0.0006,1.0876335706565017,crisis,American
SPY,2009-10-22,109.411849,120.0,2009-12-19,0.15879534565366188,58,call,0.26,0.0006,1.0967733485611781,crisis,American
SPY,2009-10-29,106.757954,97.0,2009-11-21,0.06297056810403832,23,call,9.975000000000001,0.0006,0.9085974053043392,crisis,American
SPY,2009-10-29,106.757954,98.0,2009-11-21,0.06297056810403832,23,call,9.075,0.0006,0.9179643888641777,crisis,American
SPY,2009-10-29,106.757954,99.0,2009-11-21,0.06297056810403832,23,call,8.175,0.0006,0.9273313724240163,crisis,American
SPY,2009-10-29,106.757954,100.0,2009-11-21,0.06297056810403832,23,call,7.275,0.0006,0.9366983559838549,crisis,American
SPY,2009-10-29,106.757954,101.0,2009-11-21,0.06297056810403832,23,call,6.4,0.0006,0.9460653395436934,crisis,American
SPY,2009-10-29,106.757954,102.0,2009-11-21,0.06297056810403832,23,call,5.574999999999999,0.0006,0.955432323103532,crisis,American
SPY,2009-10-29,106.757954,103.0,2009-11-21,0.06297056810403832,23,call,4.775,0.0006,0.9647993066633705,crisis,American
SPY,2009-10-29,106.757954,104.0,2009-11-21,0.06297056810403832,23,call,4.0,0.0006,0.9741662902232091,crisis,American
SPY,2009-10-29,106.757954,105.0,2009-11-21,0.06297056810403832,23,call,3.3,0.0006,0.9835332737830476,crisis,American
SPY,2009-10-29,106.757954,106.0,2009-11-21,0.06297056810403832,23,call,2.6399999999999997,0.0006,0.9929002573428861,crisis,American
SPY,2009-10-29,106.757954,107.0,2009-11-21,0.06297056810403832,23,call,2.06,0.0006,1.0022672409027247,crisis,American
SPY,2009-10-29,106.757954,108.0,2009-11-21,0.06297056810403832,23,call,1.5550000000000002,0.0006,1.0116342244625633,crisis,American
SPY,2009-10-29,106.757954,109.0,2009-11-21,0.06297056810403832,23,call,1.135,0.0006,1.0210012080224018,crisis,American
SPY,2009-10-29,106.757954,110.0,2009-11-21,0.06297056810403832,23,call,0.81,0.0006,1.0303681915822402,crisis,American
SPY,2009-10-29,106.757954,111.0,2009-11-21,0.06297056810403832,23,call,0.55,0.0006,1.039735175142079,crisis,American
SPY,2009-10-29,106.757954,112.0,2009-11-21,0.06297056810403832,23,call,0.36,0.0006,1.0491021587019174,crisis,American
SPY,2009-10-29,106.757954,113.0,2009-11-21,0.06297056810403832,23,call,0.23,0.0006,1.058469142261756,crisis,American
SPY,2009-10-29,106.757954,114.0,2009-11-21,0.06297056810403832,23,call,0.15,0.0006,1.0678361258215945,crisis,American
SPY,2009-10-29,106.757954,115.0,2009-11-21,0.06297056810403832,23,call,0.09,0.0006,1.0772031093814332,crisis,American
SPY,2009-10-29,106.757954,116.0,2009-11-21,0.06297056810403832,23,call,0.06,0.0006,1.0865700929412716,crisis,American
SPY,2009-10-29,106.757954,97.0,2009-12-19,0.13963039014373715,51,call,10.6,0.0006,0.9085974053043392,crisis,American
SPY,2009-10-29,106.757954,98.0,2009-12-19,0.13963039014373715,51,call,9.725000000000001,0.0006,0.9179643888641777,crisis,American
SPY,2009-10-29,106.757954,99.0,2009-12-19,0.13963039014373715,51,call,8.875,0.0006,0.9273313724240163,crisis,American
SPY,2009-10-29,106.757954,100.0,2009-12-19,0.13963039014373715,51,call,8.075,0.0006,0.9366983559838549,crisis,American
SPY,2009-10-29,106.757954,101.0,2009-12-19,0.13963039014373715,51,call,7.275,0.0006,0.9460653395436934,crisis,American
SPY,2009-10-29,106.757954,102.0,2009-12-19,0.13963039014373715,51,call,6.475,0.0006,0.955432323103532,crisis,American
SPY,2009-10-29,106.757954,103.0,2009-12-19,0.13963039014373715,51,call,5.75,0.0006,0.9647993066633705,crisis,American
SPY,2009-10-29,106.757954,104.0,2009-12-19,0.13963039014373715,51,call,5.075,0.0006,0.9741662902232091,crisis,American
SPY,2009-10-29,106.757954,105.0,2009-12-19,0.13963039014373715,51,call,4.4,0.0006,0.9835332737830476,crisis,American
SPY,2009-10-29,106.757954,106.0,2009-12-19,0.13963039014373715,51,call,3.75,0.0006,0.9929002573428861,crisis,American
SPY,2009-10-29,106.757954,107.0,2009-12-19,0.13963039014373715,51,call,3.2,0.0006,1.0022672409027247,crisis,American
SPY,2009-10-29,106.757954,108.0,2009-12-19,0.13963039014373715,51,call,2.665,0.0006,1.0116342244625633,crisis,American
SPY,2009-10-29,106.757954,109.0,2009-12-19,0.13963039014373715,51,call,2.2,0.0006,1.0210012080224018,crisis,American
SPY,2009-10-29,106.757954,110.0,2009-12-19,0.13963039014373715,51,call,1.81,0.0006,1.0303681915822402,crisis,American
SPY,2009-10-29,106.757954,111.0,2009-12-19,0.13963039014373715,51,call,1.44,0.0006,1.039735175142079,crisis,American
SPY,2009-10-29,106.757954,112.0,2009-12-19,0.13963039014373715,51,call,1.13,0.0006,1.0491021587019174,crisis,American
SPY,2009-10-29,106.757954,113.0,2009-12-19,0.13963039014373715,51,call,0.88,0.0006,1.058469142261756,crisis,American
SPY,2009-10-29,106.757954,114.0,2009-12-19,0.13963039014373715,51,call,0.67,0.0006,1.0678361258215945,crisis,American
SPY,2009-10-29,106.757954,115.0,2009-12-19,0.13963039014373715,51,call,0.5,0.0006,1.0772031093814332,crisis,American
SPY,2009-10-29,106.757954,116.0,2009-12-19,0.13963039014373715,51,call,0.37,0.0006,1.0865700929412716,crisis,American
SPY,2009-10-29,106.757954,117.0,2009-12-19,0.13963039014373715,51,call,0.28,0.0006,1.0959370765011103,crisis,American
SPY,2009-11-05,106.858469,97.0,2009-11-21,0.04380561259411362,16,call,10.05,0.0004,0.9077427452193798,crisis,American
SPY,2009-11-05,106.858469,98.0,2009-11-21,0.04380561259411362,16,call,9.1,0.0004,0.9171009178505075,crisis,American
SPY,2009-11-05,106.858469,99.0,2009-11-21,0.04380561259411362,16,call,8.15,0.0004,0.9264590904816351,crisis,American
SPY,2009-11-05,106.858469,100.0,2009-11-21,0.04380561259411362,16,call,7.225,0.0004,0.9358172631127627,crisis,American
SPY,2009-11-05,106.858469,101.0,2009-11-21,0.04380561259411362,16,call,6.35,0.0004,0.9451754357438904,crisis,American
SPY,2009-11-05,106.858469,102.0,2009-11-21,0.04380561259411362,16,call,5.475,0.0004,0.954533608375018,crisis,American
SPY,2009-11-05,106.858469,103.0,2009-11-21,0.04380561259411362,16,call,4.625,0.0004,0.9638917810061456,crisis,American
SPY,2009-11-05,106.858469,104.0,2009-11-21,0.04380561259411362,16,call,3.8499999999999996,0.0004,0.9732499536372733,crisis,American
SPY,2009-11-05,106.858469,105.0,2009-11-21,0.04380561259411362,16,call,3.0999999999999996,0.0004,0.9826081262684009,crisis,American
SPY,2009-11-05,106.858469,106.0,2009-11-21,0.04380561259411362,16,call,2.4299999999999997,0.0004,0.9919662988995285,crisis,American
SPY,2009-11-05,106.858469,107.0,2009-11-21,0.04380561259411362,16,call,1.835,0.0004,1.0013244715306562,crisis,American
SPY,2009-11-05,106.858469,108.0,2009-11-21,0.04380561259411362,16,call,1.32,0.0004,1.0106826441617838,crisis,American
SPY,2009-11-05,106.858469,109.0,2009-11-21,0.04380561259411362,16,call,0.9,0.0004,1.0200408167929114,crisis,American
SPY,2009-11-05,106.858469,110.0,2009-11-21,0.04380561259411362,16,call,0.59,0.0004,1.029398989424039,crisis,American
SPY,2009-11-05,106.858469,111.0,2009-11-21,0.04380561259411362,16,call,0.36,0.0004,1.0387571620551665,crisis,American
SPY,2009-11-05,106.858469,112.0,2009-11-21,0.04380561259411362,16,call,0.21,0.0004,1.0481153346862944,crisis,American
SPY,2009-11-05,106.858469,113.0,2009-11-21,0.04380561259411362,16,call,0.12,0.0004,1.057473507317422,crisis,American
SPY,2009-11-05,106.858469,114.0,2009-11-21,0.04380561259411362,16,call,0.08,0.0004,1.0668316799485495,crisis,American
SPY,2009-11-05,106.858469,97.0,2009-12-19,0.12046543463381246,44,call,10.7,0.0004,0.9077427452193798,crisis,American
SPY,2009-11-05,106.858469,98.0,2009-12-19,0.12046543463381246,44,call,9.8,0.0004,0.9171009178505075,crisis,American
SPY,2009-11-05,106.858469,99.0,2009-12-19,0.12046543463381246,44,call,8.95,0.0004,0.9264590904816351,crisis,American
SPY,2009-11-05,106.858469,100.0,2009-12-19,0.12046543463381246,44,call,8.125,0.0004,0.9358172631127627,crisis,American
SPY,2009-11-05,106.858469,101.0,2009-12-19,0.12046543463381246,44,call,7.275,0.0004,0.9451754357438904,crisis,American
SPY,2009-11-05,106.858469,102.0,2009-12-19,0.12046543463381246,44,call,6.525,0.0004,0.954533608375018,crisis,American
SPY,2009-11-05,106.858469,103.0,2009-12-19,0.12046543463381246,44,call,5.775,0.0004,0.9638917810061456,crisis,American
SPY,2009-11-05,106.858469,104.0,2009-12-19,0.12046543463381246,44,call,5.05,0.0004,0.9732499536372733,crisis,American
SPY,2009-11-05,106.858469,105.0,2009-12-19,0.12046543463381246,44,call,4.4,0.0004,0.9826081262684009,crisis,American
SPY,2009-11-05,106.858469,106.0,2009-12-19,0.12046543463381246,44,call,3.75,0.0004,0.9919662988995285,crisis,American
SPY,2009-11-05,106.858469,107.0,2009-12-19,0.12046543463381246,44,call,3.1500000000000004,0.0004,1.0013244715306562,crisis,American
SPY,2009-11-05,106.858469,108.0,2009-12-19,0.12046543463381246,44,call,2.63,0.0004,1.0106826441617838,crisis,American
SPY,2009-11-05,106.858469,109.0,2009-12-19,0.12046543463381246,44,call,2.145,0.0004,1.0200408167929114,crisis,American
SPY,2009-11-05,106.858469,110.0,2009-12-19,0.12046543463381246,44,call,1.73,0.0004,1.029398989424039,crisis,American
SPY,2009-11-05,106.858469,111.0,2009-12-19,0.12046543463381246,44,call,1.37,0.0004,1.0387571620551665,crisis,American
SPY,2009-11-05,106.858469,112.0,2009-12-19,0.12046543463381246,44,call,1.06,0.0004,1.0481153346862944,crisis,American
SPY,2009-11-05,106.858469,113.0,2009-12-19,0.12046543463381246,44,call,0.8,0.0004,1.057473507317422,crisis,American
SPY,2009-11-05,106.858469,114.0,2009-12-19,0.12046543463381246,44,call,0.59,0.0004,1.0668316799485495,crisis,American
SPY,2009-11-05,106.858469,115.0,2009-12-19,0.12046543463381246,44,call,0.42,0.0004,1.0761898525796771,crisis,American
SPY,2009-11-05,106.858469,116.0,2009-12-19,0.12046543463381246,44,call,0.3,0.0004,1.0855480252108047,crisis,American
SPY,2009-11-05,106.858469,117.0,2009-12-19,0.12046543463381246,44,call,0.21,0.0004,1.0949061978419323,crisis,American
SPY,2009-11-05,106.858469,101.0,2009-12-31,0.15331964407939766,56,call,7.575,0.0004,0.9451754357438904,crisis,American
SPY,2009-11-05,106.858469,102.0,2009-12-31,0.15331964407939766,56,call,6.800000000000001,0.0004,0.954533608375018,crisis,American
SPY,2009-11-05,106.858469,103.0,2009-12-31,0.15331964407939766,56,call,6.075,0.0004,0.9638917810061456,crisis,American
SPY,2009-11-05,106.858469,104.0,2009-12-31,0.15331964407939766,56,call,5.375,0.0004,0.9732499536372733,crisis,American
SPY,2009-11-05,106.858469,105.0,2009-12-31,0.15331964407939766,56,call,4.699999999999999,0.0004,0.9826081262684009,crisis,American
SPY,2009-11-05,106.858469,106.0,2009-12-31,0.15331964407939766,56,call,4.075,0.0004,0.9919662988995285,crisis,American
SPY,2009-11-05,106.858469,107.0,2009-12-31,0.15331964407939766,56,call,3.5,0.0004,1.0013244715306562,crisis,American
SPY,2009-11-05,106.858469,108.0,2009-12-31,0.15331964407939766,56,call,2.98,0.0004,1.0106826441617838,crisis,American
SPY,2009-11-05,106.858469,109.0,2009-12-31,0.15331964407939766,56,call,2.4749999999999996,0.0004,1.0200408167929114,crisis,American
SPY,2009-11-05,106.858469,110.0,2009-12-31,0.15331964407939766,56,call,2.05,0.0004,1.029398989424039,crisis,American
SPY,2009-11-05,106.858469,112.0,2009-12-31,0.15331964407939766,56,call,1.335,0.0004,1.0481153346862944,crisis,American
SPY,2009-11-05,106.858469,113.0,2009-12-31,0.15331964407939766,56,call,1.045,0.0004,1.057473507317422,crisis,American
SPY,2009-11-05,106.858469,114.0,2009-12-31,0.15331964407939766,56,call,0.81,0.0004,1.0668316799485495,crisis,American
SPY,2009-11-05,106.858469,116.0,2009-12-31,0.15331964407939766,56,call,0.46499999999999997,0.0004,1.0855480252108047,crisis,American
SPY,2009-11-12,108.999576,99.0,2009-11-21,0.024640657084188913,9,call,10.2,0.0007000000000000001,0.9082604137836279,crisis,American
SPY,2009-11-12,108.999576,100.0,2009-11-21,0.024640657084188913,9,call,9.175,0.0007000000000000001,0.9174347613976039,crisis,American
SPY,2009-11-12,108.999576,101.0,2009-11-21,0.024640657084188913,9,call,8.175,0.0007000000000000001,0.92660910901158,crisis,American
SPY,2009-11-12,108.999576,102.0,2009-11-21,0.024640657084188913,9,call,7.225,0.0007000000000000001,0.935783456625556,crisis,American
SPY,2009-11-12,108.999576,103.0,2009-11-21,0.024640657084188913,9,call,6.300000000000001,0.0007000000000000001,0.944957804239532,crisis,American
SPY,2009-11-12,108.999576,104.0,2009-11-21,0.024640657084188913,9,call,5.275,0.0007000000000000001,0.9541321518535081,crisis,American
SPY,2009-11-12,108.999576,105.0,2009-11-21,0.024640657084188913,9,call,4.425000000000001,0.0007000000000000001,0.9633064994674841,crisis,American
SPY,2009-11-12,108.999576,106.0,2009-11-21,0.024640657084188913,9,call,3.575,0.0007000000000000001,0.9724808470814602,crisis,American
SPY,2009-11-12,108.999576,107.0,2009-11-21,0.024640657084188913,9,call,2.745,0.0007000000000000001,0.9816551946954362,crisis,American
SPY,2009-11-12,108.999576,108.0,2009-11-21,0.024640657084188913,9,call,2.0149999999999997,0.0007000000000000001,0.9908295423094122,crisis,American
SPY,2009-11-12,108.999576,109.0,2009-11-21,0.024640657084188913,9,call,1.395,0.0007000000000000001,1.0000038899233883,crisis,American
SPY,2009-11-12,108.999576,110.0,2009-11-21,0.024640657084188913,9,call,0.92,0.0007000000000000001,1.0091782375373644,crisis,American
SPY,2009-11-12,108.999576,111.0,2009-11-21,0.024640657084188913,9,call,0.56,0.0007000000000000001,1.0183525851513404,crisis,American
SPY,2009-11-12,108.999576,112.0,2009-11-21,0.024640657084188913,9,call,0.32,0.0007000000000000001,1.0275269327653165,crisis,American
SPY,2009-11-12,108.999576,113.0,2009-11-21,0.024640657084188913,9,call,0.19,0.0007000000000000001,1.0367012803792925,crisis,American
SPY,2009-11-12,108.999576,114.0,2009-11-21,0.024640657084188913,9,call,0.11,0.0007000000000000001,1.0458756279932684,crisis,American
SPY,2009-11-12,108.999576,115.0,2009-11-21,0.024640657084188913,9,call,0.07,0.0007000000000000001,1.0550499756072445,crisis,American
SPY,2009-11-12,108.999576,99.0,2009-12-19,0.10130047912388775,37,call,10.675,0.0007000000000000001,0.9082604137836279,crisis,American
SPY,2009-11-12,108.999576,100.0,2009-12-19,0.10130047912388775,37,call,9.75,0.0007000000000000001,0.9174347613976039,crisis,American
SPY,2009-11-12,108.999576,101.0,2009-12-19,0.10130047912388775,37,call,8.925,0.0007000000000000001,0.92660910901158,crisis,American
SPY,2009-11-12,108.999576,102.0,2009-12-19,0.10130047912388775,37,call,8.05,0.0007000000000000001,0.935783456625556,crisis,American
SPY,2009-11-12,108.999576,103.0,2009-12-19,0.10130047912388775,37,call,7.225,0.0007000000000000001,0.944957804239532,crisis,American
SPY,2009-11-12,108.999576,104.0,2009-12-19,0.10130047912388775,37,call,6.425000000000001,0.0007000000000000001,0.9541321518535081,crisis,American
SPY,2009-11-12,108.999576,105.0,2009-12-19,0.10130047912388775,37,call,5.625,0.0007000000000000001,0.9633064994674841,crisis,American
SPY,2009-11-12,108.999576,106.0,2009-12-19,0.10130047912388775,37,call,4.9,0.0007000000000000001,0.9724808470814602,crisis,American
SPY,2009-11-12,108.999576,107.0,2009-12-19,0.10130047912388775,37,call,4.2,0.0007000000000000001,0.9816551946954362,crisis,American
SPY,2009-11-12,108.999576,108.0,2009-12-19,0.10130047912388775,37,call,3.55,0.0007000000000000001,0.9908295423094122,crisis,American
SPY,2009-11-12,108.999576,109.0,2009-12-19,0.10130047912388775,37,call,2.9699999999999998,0.0007000000000000001,1.0000038899233883,crisis,American
SPY,2009-11-12,108.999576,110.0,2009-12-19,0.10130047912388775,37,call,2.43,0.0007000000000000001,1.0091782375373644,crisis,American
SPY,2009-11-12,108.999576,111.0,2009-12-19,0.10130047912388775,37,call,1.98,0.0007000000000000001,1.0183525851513404,crisis,American
SPY,2009-11-12,108.999576,112.0,2009-12-19,0.10130047912388775,37,call,1.57,0.0007000000000000001,1.0275269327653165,crisis,American
SPY,2009-11-12,108.999576,113.0,2009-12-19,0.10130047912388775,37,call,1.22,0.0007000000000000001,1.0367012803792925,crisis,American
SPY,2009-11-12,108.999576,114.0,2009-12-19,0.10130047912388775,37,call,0.95,0.0007000000000000001,1.0458756279932684,crisis,American
SPY,2009-11-12,108.999576,115.0,2009-12-19,0.10130047912388775,37,call,0.715,0.0007000000000000001,1.0550499756072445,crisis,American
SPY,2009-11-12,108.999576,116.0,2009-12-19,0.10130047912388775,37,call,0.54,0.0007000000000000001,1.0642243232212205,crisis,American
SPY,2009-11-12,108.999576,117.0,2009-12-19,0.10130047912388775,37,call,0.4,0.0007000000000000001,1.0733986708351966,crisis,American
SPY,2009-11-12,108.999576,118.0,2009-12-19,0.10130047912388775,37,call,0.29,0.0007000000000000001,1.0825730184491726,crisis,American
SPY,2009-11-12,108.999576,119.0,2009-12-19,0.10130047912388775,37,call,0.21,0.0007000000000000001,1.0917473660631487,crisis,American
SPY,2009-11-12,108.999576,100.0,2009-12-31,0.13415468856947296,49,call,10.024999999999999,0.0007000000000000001,0.9174347613976039,crisis,American
SPY,2009-11-12,108.999576,104.0,2009-12-31,0.13415468856947296,49,call,6.75,0.0007000000000000001,0.9541321518535081,crisis,American
SPY,2009-11-12,108.999576,105.0,2009-12-31,0.13415468856947296,49,call,6.0,0.0007000000000000001,0.9633064994674841,crisis,American
SPY,2009-11-12,108.999576,106.0,2009-12-31,0.13415468856947296,49,call,5.275,0.0007000000000000001,0.9724808470814602,crisis,American
SPY,2009-11-12,108.999576,107.0,2009-12-31,0.13415468856947296,49,call,4.6,0.0007000000000000001,0.9816551946954362,crisis,American
SPY,2009-11-12,108.999576,108.0,2009-12-31,0.13415468856947296,49,call,3.95,0.0007000000000000001,0.9908295423094122,crisis,American
SPY,2009-11-12,108.999576,109.0,2009-12-31,0.13415468856947296,49,call,3.4000000000000004,0.0007000000000000001,1.0000038899233883,crisis,American
SPY,2009-11-12,108.999576,110.0,2009-12-31,0.13415468856947296,49,call,2.8499999999999996,0.0007000000000000001,1.0091782375373644,crisis,American
SPY,2009-11-12,108.999576,111.0,2009-12-31,0.13415468856947296,49,call,2.375,0.0007000000000000001,1.0183525851513404,crisis,American
SPY,2009-11-12,108.999576,112.0,2009-12-31,0.13415468856947296,49,call,1.95,0.0007000000000000001,1.0275269327653165,crisis,American
SPY,2009-11-12,108.999576,113.0,2009-12-31,0.13415468856947296,49,call,1.5750000000000002,0.0007000000000000001,1.0367012803792925,crisis,American
SPY,2009-11-12,108.999576,114.0,2009-12-31,0.13415468856947296,49,call,1.26,0.0007000000000000001,1.0458756279932684,crisis,American
SPY,2009-11-12,108.999576,115.0,2009-12-31,0.13415468856947296,49,call,0.99,0.0007000000000000001,1.0550499756072445,crisis,American
SPY,2009-11-12,108.999576,116.0,2009-12-31,0.13415468856947296,49,call,0.77,0.0007000000000000001,1.0642243232212205,crisis,American
SPY,2009-11-12,108.999576,117.0,2009-12-31,0.13415468856947296,49,call,0.5900000000000001,0.0007000000000000001,1.0733986708351966,crisis,American
SPY,2009-11-12,108.999576,118.0,2009-12-31,0.13415468856947296,49,call,0.44499999999999995,0.0007000000000000001,1.0825730184491726,crisis,American
SPY,2009-11-12,108.999576,119.0,2009-12-31,0.13415468856947296,49,call,0.33499999999999996,0.0007000000000000001,1.0917473660631487,crisis,American
SPY,2009-11-19,109.816527,99.0,2009-12-19,0.08213552361396304,30,call,11.2,0.0002,0.9015036507209885,crisis,American
SPY,2009-11-19,109.816527,100.0,2009-12-19,0.08213552361396304,30,call,10.25,0.0002,0.9106097482030188,crisis,American
SPY,2009-11-19,109.816527,101.0,2009-12-19,0.08213552361396304,30,call,9.325,0.0002,0.9197158456850489,crisis,American
SPY,2009-11-19,109.816527,102.0,2009-12-19,0.08213552361396304,30,call,8.425,0.0002,0.9288219431670791,crisis,American
SPY,2009-11-19,109.816527,103.0,2009-12-19,0.08213552361396304,30,call,7.550000000000001,0.0002,0.9379280406491093,crisis,American
SPY,2009-11-19,109.816527,104.0,2009-12-19,0.08213552361396304,30,call,6.65,0.0002,0.9470341381311395,crisis,American
SPY,2009-11-19,109.816527,105.0,2009-12-19,0.08213552361396304,30,call,5.85,0.0002,0.9561402356131696,crisis,American
SPY,2009-11-19,109.816527,106.0,2009-12-19,0.08213552361396304,30,call,5.05,0.0002,0.9652463330951998,crisis,American
SPY,2009-11-19,109.816527,107.0,2009-12-19,0.08213552361396304,30,call,4.275,0.0002,0.97435243057723,crisis,American
SPY,2009-11-19,109.816527,108.0,2009-12-19,0.08213552361396304,30,call,3.575,0.0002,0.9834585280592603,crisis,American
SPY,2009-11-19,109.816527,109.0,2009-12-19,0.08213552361396304,30,call,2.925,0.0002,0.9925646255412904,crisis,American
SPY,2009-11-19,109.816527,110.0,2009-12-19,0.08213552361396304,30,call,2.335,0.0002,1.0016707230233206,crisis,American
SPY,2009-11-19,109.816527,111.0,2009-12-19,0.08213552361396304,30,call,1.81,0.0002,1.0107768205053507,crisis,American
SPY,2009-11-19,109.816527,112.0,2009-12-19,0.08213552361396304,30,call,1.39,0.0002,1.019882917987381,crisis,American
SPY,2009-11-19,109.816527,113.0,2009-12-19,0.08213552361396304,30,call,1.04,0.0002,1.0289890154694112,crisis,American
SPY,2009-11-19,109.816527,114.0,2009-12-19,0.08213552361396304,30,call,0.75,0.0002,1.0380951129514413,crisis,American
SPY,2009-11-19,109.816527,115.0,2009-12-19,0.08213552361396304,30,call,0.53,0.0002,1.0472012104334716,crisis,American
SPY,2009-11-19,109.816527,116.0,2009-12-19,0.08213552361396304,30,call,0.36,0.0002,1.0563073079155016,crisis,American
SPY,2009-11-19,109.816527,117.0,2009-12-19,0.08213552361396304,30,call,0.25,0.0002,1.065413405397532,crisis,American
SPY,2009-11-19,109.816527,118.0,2009-12-19,0.08213552361396304,30,call,0.17,0.0002,1.074519502879562,crisis,American
SPY,2009-11-19,109.816527,119.0,2009-12-19,0.08213552361396304,30,call,0.11,0.0002,1.0836256003615923,crisis,American
SPY,2009-11-19,109.816527,120.0,2009-12-19,0.08213552361396304,30,call,0.08,0.0002,1.0927316978436226,crisis,American
SPY,2009-11-19,109.816527,100.0,2009-12-31,0.11498973305954825,42,call,10.425,0.0002,0.9106097482030188,crisis,American
SPY,2009-11-19,109.816527,102.0,2009-12-31,0.11498973305954825,42,call,8.625,0.0002,0.9288219431670791,crisis,American
SPY,2009-11-19,109.816527,103.0,2009-12-31,0.11498973305954825,42,call,7.75,0.0002,0.9379280406491093,crisis,American
SPY,2009-11-19,109.816527,104.0,2009-12-31,0.11498973305954825,42,call,6.925,0.0002,0.9470341381311395,crisis,American
SPY,2009-11-19,109.816527,105.0,2009-12-31,0.11498973305954825,42,call,6.125,0.0002,0.9561402356131696,crisis,American
SPY,2009-11-19,109.816527,106.0,2009-12-31,0.11498973305954825,42,call,5.375,0.0002,0.9652463330951998,crisis,American
SPY,2009-11-19,109.816527,107.0,2009-12-31,0.11498973305954825,42,call,4.625,0.0002,0.97435243057723,crisis,American
SPY,2009-11-19,109.816527,108.0,2009-12-31,0.11498973305954825,42,call,3.925,0.0002,0.9834585280592603,crisis,American
SPY,2009-11-19,109.816527,109.0,2009-12-31,0.11498973305954825,42,call,3.325,0.0002,0.9925646255412904,crisis,American
SPY,2009-11-19,109.816527,110.0,2009-12-31,0.11498973305954825,42,call,2.74,0.0002,1.0016707230233206,crisis,American
SPY,2009-11-19,109.816527,111.0,2009-12-31,0.11498973305954825,42,call,2.2199999999999998,0.0002,1.0107768205053507,crisis,American
SPY,2009-11-19,109.816527,112.0,2009-12-31,0.11498973305954825,42,call,1.775,0.0002,1.019882917987381,crisis,American
SPY,2009-11-19,109.816527,113.0,2009-12-31,0.11498973305954825,42,call,1.3900000000000001,0.0002,1.0289890154694112,crisis,American
SPY,2009-11-19,109.816527,114.0,2009-12-31,0.11498973305954825,42,call,1.06,0.0002,1.0380951129514413,crisis,American
SPY,2009-11-19,109.816527,115.0,2009-12-31,0.11498973305954825,42,call,0.8,0.0002,1.0472012104334716,crisis,American
SPY,2009-11-19,109.816527,116.0,2009-12-31,0.11498973305954825,42,call,0.595,0.0002,1.0563073079155016,crisis,American
SPY,2009-11-19,109.816527,117.0,2009-12-31,0.11498973305954825,42,call,0.435,0.0002,1.065413405397532,crisis,American
SPY,2009-11-19,109.816527,118.0,2009-12-31,0.11498973305954825,42,call,0.30500000000000005,0.0002,1.074519502879562,crisis,American
SPY,2009-11-19,109.816527,119.0,2009-12-31,0.11498973305954825,42,call,0.21000000000000002,0.0002,1.0836256003615923,crisis,American
SPY,2009-11-19,109.816527,120.0,2009-12-31,0.11498973305954825,42,call,0.15000000000000002,0.0002,1.0927316978436226,crisis,American
SPY,2009-11-19,109.816527,99.0,2010-01-16,0.15879534565366188,58,call,11.55,0.0002,0.9015036507209885,crisis,American
SPY,2009-11-19,109.816527,100.0,2010-01-16,0.15879534565366188,58,call,10.65,0.0002,0.9106097482030188,crisis,American
SPY,2009-11-19,109.816527,101.0,2010-01-16,0.15879534565366188,58,call,9.8,0.0002,0.9197158456850489,crisis,American
SPY,2009-11-19,109.816527,102.0,2010-01-16,0.15879534565366188,58,call,8.95,0.0002,0.9288219431670791,crisis,American
SPY,2009-11-19,109.816527,103.0,2010-01-16,0.15879534565366188,58,call,8.125,0.0002,0.9379280406491093,crisis,American
SPY,2009-11-19,109.816527,104.0,2010-01-16,0.15879534565366188,58,call,7.325,0.0002,0.9470341381311395,crisis,American
SPY,2009-11-19,109.816527,105.0,2010-01-16,0.15879534565366188,58,call,6.525,0.0002,0.9561402356131696,crisis,American
SPY,2009-11-19,109.816527,106.0,2010-01-16,0.15879534565366188,58,call,5.825,0.0002,0.9652463330951998,crisis,American
SPY,2009-11-19,109.816527,107.0,2010-01-16,0.15879534565366188,58,call,5.125,0.0002,0.97435243057723,crisis,American
SPY,2009-11-19,109.816527,108.0,2010-01-16,0.15879534565366188,58,call,4.45,0.0002,0.9834585280592603,crisis,American
SPY,2009-11-19,109.816527,109.0,2010-01-16,0.15879534565366188,58,call,3.825,0.0002,0.9925646255412904,crisis,American
SPY,2009-11-19,109.816527,110.0,2010-01-16,0.15879534565366188,58,call,3.29,0.0002,1.0016707230233206,crisis,American
SPY,2009-11-19,109.816527,111.0,2010-01-16,0.15879534565366188,58,call,2.76,0.0002,1.0107768205053507,crisis,American
SPY,2009-11-19,109.816527,112.0,2010-01-16,0.15879534565366188,58,call,2.3,0.0002,1.019882917987381,crisis,American
SPY,2009-11-19,109.816527,113.0,2010-01-16,0.15879534565366188,58,call,1.89,0.0002,1.0289890154694112,crisis,American
SPY,2009-11-19,109.816527,114.0,2010-01-16,0.15879534565366188,58,call,1.54,0.0002,1.0380951129514413,crisis,American
SPY,2009-11-19,109.816527,115.0,2010-01-16,0.15879534565366188,58,call,1.22,0.0002,1.0472012104334716,crisis,American
SPY,2009-11-19,109.816527,116.0,2010-01-16,0.15879534565366188,58,call,0.96,0.0002,1.0563073079155016,crisis,American
SPY,2009-11-19,109.816527,117.0,2010-01-16,0.15879534565366188,58,call,0.74,0.0002,1.065413405397532,crisis,American
SPY,2009-11-19,109.816527,118.0,2010-01-16,0.15879534565366188,58,call,0.56,0.0002,1.074519502879562,crisis,American
SPY,2009-11-19,109.816527,119.0,2010-01-16,0.15879534565366188,58,call,0.43,0.0002,1.0836256003615923,crisis,American
SPY,2009-11-19,109.816527,120.0,2010-01-16,0.15879534565366188,58,call,0.32,0.0002,1.0927316978436226,crisis,American
SPY,2009-11-27,109.545072,99.0,2009-12-19,0.06023271731690623,22,call,10.775,0.0003,0.9037375957907079,crisis,American
SPY,2009-11-27,109.545072,100.0,2009-12-19,0.06023271731690623,22,call,9.825,0.0003,0.9128662583744525,crisis,American
SPY,2009-11-27,109.545072,101.0,2009-12-19,0.06023271731690623,22,call,8.85,0.0003,0.921994920958197,crisis,American
SPY,2009-11-27,109.545072,102.0,2009-12-19,0.06023271731690623,22,call,7.975,0.0003,0.9311235835419415,crisis,American
SPY,2009-11-27,109.545072,103.0,2009-12-19,0.06023271731690623,22,call,7.050000000000001,0.0003,0.940252246125686,crisis,American
SPY,2009-11-27,109.545072,104.0,2009-12-19,0.06023271731690623,22,call,6.175,0.0003,0.9493809087094306,crisis,American
SPY,2009-11-27,109.545072,105.0,2009-12-19,0.06023271731690623,22,call,5.35,0.0003,0.958509571293175,crisis,American
SPY,2009-11-27,109.545072,106.0,2009-12-19,0.06023271731690623,22,call,4.525,0.0003,0.9676382338769196,crisis,American
SPY,2009-11-27,109.545072,107.0,2009-12-19,0.06023271731690623,22,call,3.7750000000000004,0.0003,0.9767668964606641,crisis,American
SPY,2009-11-27,109.545072,108.0,2009-12-19,0.06023271731690623,22,call,3.0999999999999996,0.0003,0.9858955590444086,crisis,American
SPY,2009-11-27,109.545072,109.0,2009-12-19,0.06023271731690623,22,call,2.435,0.0003,0.9950242216281532,crisis,American
SPY,2009-11-27,109.545072,110.0,2009-12-19,0.06023271731690623,22,call,1.885,0.0003,1.0041528842118976,crisis,American
SPY,2009-11-27,109.545072,111.0,2009-12-19,0.06023271731690623,22,call,1.42,0.0003,1.0132815467956422,crisis,American
SPY,2009-11-27,109.545072,112.0,2009-12-19,0.06023271731690623,22,call,1.04,0.0003,1.0224102093793868,crisis,American
SPY,2009-11-27,109.545072,113.0,2009-12-19,0.06023271731690623,22,call,0.73,0.0003,1.0315388719631313,crisis,American
SPY,2009-11-27,109.545072,114.0,2009-12-19,0.06023271731690623,22,call,0.51,0.0003,1.0406675345468759,crisis,American
SPY,2009-11-27,109.545072,115.0,2009-12-19,0.06023271731690623,22,call,0.345,0.0003,1.0497961971306202,crisis,American
SPY,2009-11-27,109.545072,116.0,2009-12-19,0.06023271731690623,22,call,0.24,0.0003,1.0589248597143648,crisis,American
SPY,2009-11-27,109.545072,117.0,2009-12-19,0.06023271731690623,22,call,0.16,0.0003,1.0680535222981093,crisis,American
SPY,2009-11-27,109.545072,118.0,2009-12-19,0.06023271731690623,22,call,0.11,0.0003,1.077182184881854,crisis,American
SPY,2009-11-27,109.545072,119.0,2009-12-19,0.06023271731690623,22,call,0.07,0.0003,1.0863108474655985,crisis,American
SPY,2009-11-27,109.545072,120.0,2009-12-19,0.06023271731690623,22,call,0.05,0.0003,1.095439510049343,crisis,American
SPY,2009-11-27,109.545072,99.0,2009-12-31,0.09308692676249145,34,call,10.85,0.0003,0.9037375957907079,crisis,American
SPY,2009-11-27,109.545072,100.0,2009-12-31,0.09308692676249145,34,call,9.925,0.0003,0.9128662583744525,crisis,American
SPY,2009-11-27,109.545072,101.0,2009-12-31,0.09308692676249145,34,call,9.025,0.0003,0.921994920958197,crisis,American
SPY,2009-11-27,109.545072,102.0,2009-12-31,0.09308692676249145,34,call,8.125,0.0003,0.9311235835419415,crisis,American
SPY,2009-11-27,109.545072,104.0,2009-12-31,0.09308692676249145,34,call,6.425,0.0003,0.9493809087094306,crisis,American
SPY,2009-11-27,109.545072,105.0,2009-12-31,0.09308692676249145,34,call,5.625,0.0003,0.958509571293175,crisis,American
SPY,2009-11-27,109.545072,106.0,2009-12-31,0.09308692676249145,34,call,4.85,0.0003,0.9676382338769196,crisis,American
SPY,2009-11-27,109.545072,107.0,2009-12-31,0.09308692676249145,34,call,4.15,0.0003,0.9767668964606641,crisis,American
SPY,2009-11-27,109.545072,108.0,2009-12-31,0.09308692676249145,34,call,3.45,0.0003,0.9858955590444086,crisis,American
SPY,2009-11-27,109.545072,109.0,2009-12-31,0.09308692676249145,34,call,2.8499999999999996,0.0003,0.9950242216281532,crisis,American
SPY,2009-11-27,109.545072,110.0,2009-12-31,0.09308692676249145,34,call,2.3049999999999997,0.0003,1.0041528842118976,crisis,American
SPY,2009-11-27,109.545072,111.0,2009-12-31,0.09308692676249145,34,call,1.83,0.0003,1.0132815467956422,crisis,American
SPY,2009-11-27,109.545072,112.0,2009-12-31,0.09308692676249145,34,call,1.42,0.0003,1.0224102093793868,crisis,American
SPY,2009-11-27,109.545072,113.0,2009-12-31,0.09308692676249145,34,call,1.0899999999999999,0.0003,1.0315388719631313,crisis,American
SPY,2009-11-27,109.545072,114.0,2009-12-31,0.09308692676249145,34,call,0.815,0.0003,1.0406675345468759,crisis,American
SPY,2009-11-27,109.545072,115.0,2009-12-31,0.09308692676249145,34,call,0.5800000000000001,0.0003,1.0497961971306202,crisis,American
SPY,2009-11-27,109.545072,116.0,2009-12-31,0.09308692676249145,34,call,0.435,0.0003,1.0589248597143648,crisis,American
SPY,2009-11-27,109.545072,117.0,2009-12-31,0.09308692676249145,34,call,0.31000000000000005,0.0003,1.0680535222981093,crisis,American
SPY,2009-11-27,109.545072,118.0,2009-12-31,0.09308692676249145,34,call,0.22,0.0003,1.077182184881854,crisis,American
SPY,2009-11-27,109.545072,119.0,2009-12-31,0.09308692676249145,34,call,0.155,0.0003,1.0863108474655985,crisis,American
SPY,2009-11-27,109.545072,100.0,2010-01-16,0.13689253935660506,50,call,10.175,0.0003,0.9128662583744525,crisis,American
SPY,2009-11-27,109.545072,101.0,2010-01-16,0.13689253935660506,50,call,9.3,0.0003,0.921994920958197,crisis,American
SPY,2009-11-27,109.545072,102.0,2010-01-16,0.13689253935660506,50,call,8.45,0.0003,0.9311235835419415,crisis,American
SPY,2009-11-27,109.545072,103.0,2010-01-16,0.13689253935660506,50,call,7.625,0.0003,0.940252246125686,crisis,American
SPY,2009-11-27,109.545072,104.0,2010-01-16,0.13689253935660506,50,call,6.85,0.0003,0.9493809087094306,crisis,American
SPY,2009-11-27,109.545072,105.0,2010-01-16,0.13689253935660506,50,call,6.075,0.0003,0.958509571293175,crisis,American
SPY,2009-11-27,109.545072,106.0,2010-01-16,0.13689253935660506,50,call,5.35,0.0003,0.9676382338769196,crisis,American
SPY,2009-11-27,109.545072,107.0,2010-01-16,0.13689253935660506,50,call,4.65,0.0003,0.9767668964606641,crisis,American
SPY,2009-11-27,109.545072,108.0,2010-01-16,0.13689253935660506,50,call,4.0,0.0003,0.9858955590444086,crisis,American
SPY,2009-11-27,109.545072,109.0,2010-01-16,0.13689253935660506,50,call,3.425,0.0003,0.9950242216281532,crisis,American
SPY,2009-11-27,109.545072,110.0,2010-01-16,0.13689253935660506,50,call,2.88,0.0003,1.0041528842118976,crisis,American
SPY,2009-11-27,109.545072,111.0,2010-01-16,0.13689253935660506,50,call,2.4,0.0003,1.0132815467956422,crisis,American
SPY,2009-11-27,109.545072,112.0,2010-01-16,0.13689253935660506,50,call,1.96,0.0003,1.0224102093793868,crisis,American
SPY,2009-11-27,109.545072,113.0,2010-01-16,0.13689253935660506,50,call,1.59,0.0003,1.0315388719631313,crisis,American
SPY,2009-11-27,109.545072,114.0,2010-01-16,0.13689253935660506,50,call,1.27,0.0003,1.0406675345468759,crisis,American
SPY,2009-11-27,109.545072,115.0,2010-01-16,0.13689253935660506,50,call,1.0,0.0003,1.0497961971306202,crisis,American
SPY,2009-11-27,109.545072,116.0,2010-01-16,0.13689253935660506,50,call,0.78,0.0003,1.0589248597143648,crisis,American
SPY,2009-11-27,109.545072,117.0,2010-01-16,0.13689253935660506,50,call,0.59,0.0003,1.0680535222981093,crisis,American
SPY,2009-11-27,109.545072,118.0,2010-01-16,0.13689253935660506,50,call,0.45,0.0003,1.077182184881854,crisis,American
SPY,2009-11-27,109.545072,119.0,2010-01-16,0.13689253935660506,50,call,0.34,0.0003,1.0863108474655985,crisis,American
SPY,2009-11-27,109.545072,120.0,2010-01-16,0.13689253935660506,50,call,0.26,0.0003,1.095439510049343,crisis,American
SPY,2009-12-04,111.026882,100.0,2009-12-19,0.04106776180698152,15,call,11.325,0.0006,0.9006827733845575,crisis,American
SPY,2009-12-04,111.026882,101.0,2009-12-19,0.04106776180698152,15,call,10.35,0.0006,0.909689601118403,crisis,American
SPY,2009-12-04,111.026882,102.0,2009-12-19,0.04106776180698152,15,call,9.375,0.0006,0.9186964288522486,crisis,American
SPY,2009-12-04,111.026882,103.0,2009-12-19,0.04106776180698152,15,call,8.425,0.0006,0.9277032565860942,crisis,American
SPY,2009-12-04,111.026882,104.0,2009-12-19,0.04106776180698152,15,call,7.425,0.0006,0.9367100843199397,crisis,American
SPY,2009-12-04,111.026882,105.0,2009-12-19,0.04106776180698152,15,call,6.5,0.0006,0.9457169120537853,crisis,American
SPY,2009-12-04,111.026882,106.0,2009-12-19,0.04106776180698152,15,call,5.525,0.0006,0.9547237397876309,crisis,American
SPY,2009-12-04,111.026882,107.0,2009-12-19,0.04106776180698152,15,call,4.625,0.0006,0.9637305675214765,crisis,American
SPY,2009-12-04,111.026882,108.0,2009-12-19,0.04106776180698152,15,call,3.7750000000000004,0.0006,0.972737395255322,crisis,American
SPY,2009-12-04,111.026882,109.0,2009-12-19,0.04106776180698152,15,call,2.96,0.0006,0.9817442229891676,crisis,American
SPY,2009-12-04,111.026882,110.0,2009-12-19,0.04106776180698152,15,call,2.205,0.0006,0.9907510507230132,crisis,American
SPY,2009-12-04,111.026882,111.0,2009-12-19,0.04106776180698152,15,call,1.58,0.0006,0.9997578784568587,crisis,American
SPY,2009-12-04,111.026882,112.0,2009-12-19,0.04106776180698152,15,call,1.08,0.0006,1.0087647061907044,crisis,American
SPY,2009-12-04,111.026882,113.0,2009-12-19,0.04106776180698152,15,call,0.71,0.0006,1.0177715339245499,crisis,American
SPY,2009-12-04,111.026882,114.0,2009-12-19,0.04106776180698152,15,call,0.44,0.0006,1.0267783616583954,crisis,American
SPY,2009-12-04,111.026882,115.0,2009-12-19,0.04106776180698152,15,call,0.27,0.0006,1.035785189392241,crisis,American
SPY,2009-12-04,111.026882,116.0,2009-12-19,0.04106776180698152,15,call,0.16,0.0006,1.0447920171260867,crisis,American
SPY,2009-12-04,111.026882,117.0,2009-12-19,0.04106776180698152,15,call,0.11,0.0006,1.0537988448599322,crisis,American
SPY,2009-12-04,111.026882,118.0,2009-12-19,0.04106776180698152,15,call,0.08,0.0006,1.0628056725937778,crisis,American
SPY,2009-12-04,111.026882,119.0,2009-12-19,0.04106776180698152,15,call,0.06,0.0006,1.0718125003276233,crisis,American
SPY,2009-12-04,111.026882,100.0,2009-12-31,0.07392197125256673,27,call,11.375,0.0006,0.9006827733845575,crisis,American
SPY,2009-12-04,111.026882,101.0,2009-12-31,0.07392197125256673,27,call,10.375,0.0006,0.909689601118403,crisis,American
SPY,2009-12-04,111.026882,102.0,2009-12-31,0.07392197125256673,27,call,9.425,0.0006,0.9186964288522486,crisis,American
SPY,2009-12-04,111.026882,103.0,2009-12-31,0.07392197125256673,27,call,8.5,0.0006,0.9277032565860942,crisis,American
SPY,2009-12-04,111.026882,104.0,2009-12-31,0.07392197125256673,27,call,7.575,0.0006,0.9367100843199397,crisis,American
SPY,2009-12-04,111.026882,105.0,2009-12-31,0.07392197125256673,27,call,6.675,0.0006,0.9457169120537853,crisis,American
SPY,2009-12-04,111.026882,106.0,2009-12-31,0.07392197125256673,27,call,5.775,0.0006,0.9547237397876309,crisis,American
SPY,2009-12-04,111.026882,107.0,2009-12-31,0.07392197125256673,27,call,4.9,0.0006,0.9637305675214765,crisis,American
SPY,2009-12-04,111.026882,108.0,2009-12-31,0.07392197125256673,27,call,4.15,0.0006,0.972737395255322,crisis,American
SPY,2009-12-04,111.026882,109.0,2009-12-31,0.07392197125256673,27,call,3.4000000000000004,0.0006,0.9817442229891676,crisis,American
SPY,2009-12-04,111.026882,110.0,2009-12-31,0.07392197125256673,27,call,2.7350000000000003,0.0006,0.9907510507230132,crisis,American
SPY,2009-12-04,111.026882,111.0,2009-12-31,0.07392197125256673,27,call,2.135,0.0006,0.9997578784568587,crisis,American
SPY,2009-12-04,111.026882,112.0,2009-12-31,0.07392197125256673,27,call,1.625,0.0006,1.0087647061907044,crisis,American
SPY,2009-12-04,111.026882,113.0,2009-12-31,0.07392197125256673,27,call,1.205,0.0006,1.0177715339245499,crisis,American
SPY,2009-12-04,111.026882,114.0,2009-12-31,0.07392197125256673,27,call,0.87,0.0006,1.0267783616583954,crisis,American
SPY,2009-12-04,111.026882,115.0,2009-12-31,0.07392197125256673,27,call,0.61,0.0006,1.035785189392241,crisis,American
SPY,2009-12-04,111.026882,116.0,2009-12-31,0.07392197125256673,27,call,0.41500000000000004,0.0006,1.0447920171260867,crisis,American
SPY,2009-12-04,111.026882,117.0,2009-12-31,0.07392197125256673,27,call,0.26,0.0006,1.0537988448599322,crisis,American
SPY,2009-12-04,111.026882,118.0,2009-12-31,0.07392197125256673,27,call,0.16999999999999998,0.0006,1.0628056725937778,crisis,American
SPY,2009-12-04,111.026882,119.0,2009-12-31,0.07392197125256673,27,call,0.125,0.0006,1.0718125003276233,crisis,American
SPY,2009-12-04,111.026882,120.0,2009-12-31,0.07392197125256673,27,call,0.08499999999999999,0.0006,1.0808193280614689,crisis,American
SPY,2009-12-04,111.026882,121.0,2009-12-31,0.07392197125256673,27,call,0.065,0.0006,1.0898261557953146,crisis,American
SPY,2009-12-04,111.026882,100.0,2010-01-16,0.11772758384668036,43,call,11.524999999999999,0.0006,0.9006827733845575,crisis,American
SPY,2009-12-04,111.026882,101.0,2010-01-16,0.11772758384668036,43,call,10.625,0.0006,0.909689601118403,crisis,American
SPY,2009-12-04,111.026882,102.0,2010-01-16,0.11772758384668036,43,call,9.675,0.0006,0.9186964288522486,crisis,American
SPY,2009-12-04,111.026882,103.0,2010-01-16,0.11772758384668036,43,call,8.774999999999999,0.0006,0.9277032565860942,crisis,American
SPY,2009-12-04,111.026882,104.0,2010-01-16,0.11772758384668036,43,call,7.9,0.0006,0.9367100843199397,crisis,American
SPY,2009-12-04,111.026882,105.0,2010-01-16,0.11772758384668036,43,call,7.025,0.0006,0.9457169120537853,crisis,American
SPY,2009-12-04,111.026882,106.0,2010-01-16,0.11772758384668036,43,call,6.225,0.0006,0.9547237397876309,crisis,American
SPY,2009-12-04,111.026882,107.0,2010-01-16,0.11772758384668036,43,call,5.475,0.0006,0.9637305675214765,crisis,American
SPY,2009-12-04,111.026882,108.0,2010-01-16,0.11772758384668036,43,call,4.7,0.0006,0.972737395255322,crisis,American
SPY,2009-12-04,111.026882,109.0,2010-01-16,0.11772758384668036,43,call,4.025,0.0006,0.9817442229891676,crisis,American
SPY,2009-12-04,111.026882,110.0,2010-01-16,0.11772758384668036,43,call,3.4,0.0006,0.9907510507230132,crisis,American
SPY,2009-12-04,111.026882,111.0,2010-01-16,0.11772758384668036,43,call,2.81,0.0006,0.9997578784568587,crisis,American
SPY,2009-12-04,111.026882,112.0,2010-01-16,0.11772758384668036,43,call,2.29,0.0006,1.0087647061907044,crisis,American
SPY,2009-12-04,111.026882,113.0,2010-01-16,0.11772758384668036,43,call,1.82,0.0006,1.0177715339245499,crisis,American
SPY,2009-12-04,111.026882,114.0,2010-01-16,0.11772758384668036,43,call,1.44,0.0006,1.0267783616583954,crisis,American
SPY,2009-12-04,111.026882,115.0,2010-01-16,0.11772758384668036,43,call,1.11,0.0006,1.035785189392241,crisis,American
SPY,2009-12-04,111.026882,116.0,2010-01-16,0.11772758384668036,43,call,0.83,0.0006,1.0447920171260867,crisis,American
SPY,2009-12-04,111.026882,117.0,2010-01-16,0.11772758384668036,43,call,0.62,0.0006,1.0537988448599322,crisis,American
SPY,2009-12-04,111.026882,118.0,2010-01-16,0.11772758384668036,43,call,0.45,0.0006,1.0628056725937778,crisis,American
SPY,2009-12-04,111.026882,119.0,2010-01-16,0.11772758384668036,43,call,0.32,0.0006,1.0718125003276233,crisis,American
SPY,2009-12-04,111.026882,120.0,2010-01-16,0.11772758384668036,43,call,0.23,0.0006,1.0808193280614689,crisis,American
SPY,2009-12-04,111.026882,121.0,2010-01-16,0.11772758384668036,43,call,0.16,0.0006,1.0898261557953146,crisis,American
SPY,2009-12-04,111.026882,122.0,2010-01-16,0.11772758384668036,43,call,0.12,0.0006,1.0988329835291601,crisis,American
SPY,2009-12-11,111.127897,101.0,2009-12-19,0.02190280629705681,8,call,10.274999999999999,0.0003,0.9088626953860199,crisis,American
SPY,2009-12-11,111.127897,102.0,2009-12-19,0.02190280629705681,8,call,9.274999999999999,0.0003,0.9178613359343963,crisis,American
SPY,2009-12-11,111.127897,103.0,2009-12-19,0.02190280629705681,8,call,8.3,0.0003,0.9268599764827727,crisis,American
SPY,2009-12-11,111.127897,104.0,2009-12-19,0.02190280629705681,8,call,7.300000000000001,0.0003,0.9358586170311493,crisis,American
SPY,2009-12-11,111.127897,105.0,2009-12-19,0.02190280629705681,8,call,6.300000000000001,0.0003,0.9448572575795257,crisis,American
SPY,2009-12-11,111.127897,106.0,2009-12-19,0.02190280629705681,8,call,5.325,0.0003,0.9538558981279021,crisis,American
SPY,2009-12-11,111.127897,107.0,2009-12-19,0.02190280629705681,8,call,4.375,0.0003,0.9628545386762786,crisis,American
SPY,2009-12-11,111.127897,108.0,2009-12-19,0.02190280629705681,8,call,3.425,0.0003,0.971853179224655,crisis,American
SPY,2009-12-11,111.127897,109.0,2009-12-19,0.02190280629705681,8,call,2.535,0.0003,0.9808518197730314,crisis,American
SPY,2009-12-11,111.127897,110.0,2009-12-19,0.02190280629705681,8,call,1.725,0.0003,0.9898504603214078,crisis,American
SPY,2009-12-11,111.127897,111.0,2009-12-19,0.02190280629705681,8,call,1.07,0.0003,0.9988491008697843,crisis,American
SPY,2009-12-11,111.127897,112.0,2009-12-19,0.02190280629705681,8,call,0.57,0.0003,1.0078477414181608,crisis,American
SPY,2009-12-11,111.127897,113.0,2009-12-19,0.02190280629705681,8,call,0.28,0.0003,1.0168463819665372,crisis,American
SPY,2009-12-11,111.127897,114.0,2009-12-19,0.02190280629705681,8,call,0.12,0.0003,1.0258450225149136,crisis,American
SPY,2009-12-11,111.127897,115.0,2009-12-19,0.02190280629705681,8,call,0.055,0.0003,1.03484366306329,crisis,American
SPY,2009-12-11,111.127897,101.0,2009-12-31,0.05475701574264202,20,call,10.275,0.0003,0.9088626953860199,crisis,American
SPY,2009-12-11,111.127897,104.0,2009-12-31,0.05475701574264202,20,call,7.35,0.0003,0.9358586170311493,crisis,American
SPY,2009-12-11,111.127897,105.0,2009-12-31,0.05475701574264202,20,call,6.4,0.0003,0.9448572575795257,crisis,American
SPY,2009-12-11,111.127897,107.0,2009-12-31,0.05475701574264202,20,call,4.550000000000001,0.0003,0.9628545386762786,crisis,American
SPY,2009-12-11,111.127897,108.0,2009-12-31,0.05475701574264202,20,call,3.7249999999999996,0.0003,0.971853179224655,crisis,American
SPY,2009-12-11,111.127897,109.0,2009-12-31,0.05475701574264202,20,call,2.94,0.0003,0.9808518197730314,crisis,American
SPY,2009-12-11,111.127897,110.0,2009-12-31,0.05475701574264202,20,call,2.245,0.0003,0.9898504603214078,crisis,American
SPY,2009-12-11,111.127897,111.0,2009-12-31,0.05475701574264202,20,call,1.6400000000000001,0.0003,0.9988491008697843,crisis,American
SPY,2009-12-11,111.127897,112.0,2009-12-31,0.05475701574264202,20,call,1.15,0.0003,1.0078477414181608,crisis,American
SPY,2009-12-11,111.127897,113.0,2009-12-31,0.05475701574264202,20,call,0.76,0.0003,1.0168463819665372,crisis,American
SPY,2009-12-11,111.127897,114.0,2009-12-31,0.05475701574264202,20,call,0.485,0.0003,1.0258450225149136,crisis,American
SPY,2009-12-11,111.127897,115.0,2009-12-31,0.05475701574264202,20,call,0.29000000000000004,0.0003,1.03484366306329,crisis,American
SPY,2009-12-11,111.127897,116.0,2009-12-31,0.05475701574264202,20,call,0.16499999999999998,0.0003,1.0438423036116664,crisis,American
SPY,2009-12-11,111.127897,117.0,2009-12-31,0.05475701574264202,20,call,0.1,0.0003,1.0528409441600428,crisis,American
SPY,2009-12-11,111.127897,118.0,2009-12-31,0.05475701574264202,20,call,0.07,0.0003,1.0618395847084192,crisis,American
SPY,2009-12-11,111.127897,119.0,2009-12-31,0.05475701574264202,20,call,0.05,0.0003,1.0708382252567958,crisis,American
SPY,2009-12-11,111.127897,101.0,2010-01-16,0.09856262833675565,36,call,10.4,0.0003,0.9088626953860199,crisis,American
SPY,2009-12-11,111.127897,102.0,2010-01-16,0.09856262833675565,36,call,9.45,0.0003,0.9178613359343963,crisis,American
SPY,2009-12-11,111.127897,103.0,2010-01-16,0.09856262833675565,36,call,8.524999999999999,0.0003,0.9268599764827727,crisis,American
SPY,2009-12-11,111.127897,104.0,2010-01-16,0.09856262833675565,36,call,7.625,0.0003,0.9358586170311493,crisis,American
SPY,2009-12-11,111.127897,105.0,2010-01-16,0.09856262833675565,36,call,6.75,0.0003,0.9448572575795257,crisis,American
SPY,2009-12-11,111.127897,106.0,2010-01-16,0.09856262833675565,36,call,5.925,0.0003,0.9538558981279021,crisis,American
SPY,2009-12-11,111.127897,107.0,2010-01-16,0.09856262833675565,36,call,5.1,0.0003,0.9628545386762786,crisis,American
SPY,2009-12-11,111.127897,108.0,2010-01-16,0.09856262833675565,36,call,4.35,0.0003,0.971853179224655,crisis,American
SPY,2009-12-11,111.127897,109.0,2010-01-16,0.09856262833675565,36,call,3.6500000000000004,0.0003,0.9808518197730314,crisis,American
SPY,2009-12-11,111.127897,110.0,2010-01-16,0.09856262833675565,36,call,3.01,0.0003,0.9898504603214078,crisis,American
SPY,2009-12-11,111.127897,111.0,2010-01-16,0.09856262833675565,36,call,2.42,0.0003,0.9988491008697843,crisis,American
SPY,2009-12-11,111.127897,112.0,2010-01-16,0.09856262833675565,36,call,1.9,0.0003,1.0078477414181608,crisis,American
SPY,2009-12-11,111.127897,113.0,2010-01-16,0.09856262833675565,36,call,1.46,0.0003,1.0168463819665372,crisis,American
SPY,2009-12-11,111.127897,114.0,2010-01-16,0.09856262833675565,36,call,1.1,0.0003,1.0258450225149136,crisis,American
SPY,2009-12-11,111.127897,115.0,2010-01-16,0.09856262833675565,36,call,0.8,0.0003,1.03484366306329,crisis,American
SPY,2009-12-11,111.127897,116.0,2010-01-16,0.09856262833675565,36,call,0.57,0.0003,1.0438423036116664,crisis,American
SPY,2009-12-11,111.127897,117.0,2010-01-16,0.09856262833675565,36,call,0.39,0.0003,1.0528409441600428,crisis,American
SPY,2009-12-11,111.127897,118.0,2010-01-16,0.09856262833675565,36,call,0.27,0.0003,1.0618395847084192,crisis,American
SPY,2009-12-11,111.127897,119.0,2010-01-16,0.09856262833675565,36,call,0.18,0.0003,1.0708382252567958,crisis,American
SPY,2009-12-11,111.127897,120.0,2010-01-16,0.09856262833675565,36,call,0.11,0.0003,1.0798368658051722,crisis,American
SPY,2009-12-11,111.127897,121.0,2010-01-16,0.09856262833675565,36,call,0.08,0.0003,1.0888355063535486,crisis,American
SPY,2009-12-18,110.154878,100.0,2009-12-31,0.03559206023271732,13,call,10.25,0.0005,0.9078127252794016,crisis,American
SPY,2009-12-18,110.154878,104.0,2009-12-31,0.03559206023271732,13,call,6.375,0.0005,0.9441252342905777,crisis,American
SPY,2009-12-18,110.154878,105.0,2009-12-31,0.03559206023271732,13,call,5.45,0.0005,0.9532033615433717,crisis,American
SPY,2009-12-18,110.154878,106.0,2009-12-31,0.03559206023271732,13,call,4.575,0.0005,0.9622814887961657,crisis,American
SPY,2009-12-18,110.154878,107.0,2009-12-31,0.03559206023271732,13,call,3.7,0.0005,0.9713596160489597,crisis,American
SPY,2009-12-18,110.154878,108.0,2009-12-31,0.03559206023271732,13,call,2.885,0.0005,0.9804377433017538,crisis,American
SPY,2009-12-18,110.154878,109.0,2009-12-31,0.03559206023271732,13,call,2.14,0.0005,0.9895158705545478,crisis,American
SPY,2009-12-18,110.154878,110.0,2009-12-31,0.03559206023271732,13,call,1.5,0.0005,0.9985939978073418,crisis,American
SPY,2009-12-18,110.154878,111.0,2009-12-31,0.03559206023271732,13,call,0.975,0.0005,1.007672125060136,crisis,American
SPY,2009-12-18,110.154878,112.0,2009-12-31,0.03559206023271732,13,call,0.595,0.0005,1.01675025231293,crisis,American
SPY,2009-12-18,110.154878,113.0,2009-12-31,0.03559206023271732,13,call,0.33,0.0005,1.025828379565724,crisis,American
SPY,2009-12-18,110.154878,114.0,2009-12-31,0.03559206023271732,13,call,0.165,0.0005,1.034906506818518,crisis,American
SPY,2009-12-18,110.154878,115.0,2009-12-31,0.03559206023271732,13,call,0.095,0.0005,1.043984634071312,crisis,American
SPY,2009-12-18,110.154878,116.0,2009-12-31,0.03559206023271732,13,call,0.05500000000000001,0.0005,1.053062761324106,crisis,American
SPY,2009-12-18,110.154878,100.0,2010-01-16,0.07939767282683094,29,call,10.575,0.0005,0.9078127252794016,crisis,American
SPY,2009-12-18,110.154878,101.0,2010-01-16,0.07939767282683094,29,call,9.625,0.0005,0.9168908525321956,crisis,American
SPY,2009-12-18,110.154878,102.0,2010-01-16,0.07939767282683094,29,call,8.7,0.0005,0.9259689797849897,crisis,American
SPY,2009-12-18,110.154878,103.0,2010-01-16,0.07939767282683094,29,call,7.800000000000001,0.0005,0.9350471070377837,crisis,American
SPY,2009-12-18,110.154878,104.0,2010-01-16,0.07939767282683094,29,call,6.9,0.0005,0.9441252342905777,crisis,American
SPY,2009-12-18,110.154878,105.0,2010-01-16,0.07939767282683094,29,call,6.025,0.0005,0.9532033615433717,crisis,American
SPY,2009-12-18,110.154878,106.0,2010-01-16,0.07939767282683094,29,call,5.199999999999999,0.0005,0.9622814887961657,crisis,American
SPY,2009-12-18,110.154878,107.0,2010-01-16,0.07939767282683094,29,call,4.425,0.0005,0.9713596160489597,crisis,American
SPY,2009-12-18,110.154878,108.0,2010-01-16,0.07939767282683094,29,call,3.6500000000000004,0.0005,0.9804377433017538,crisis,American
SPY,2009-12-18,110.154878,109.0,2010-01-16,0.07939767282683094,29,call,2.935,0.0005,0.9895158705545478,crisis,American
SPY,2009-12-18,110.154878,110.0,2010-01-16,0.07939767282683094,29,call,2.34,0.0005,0.9985939978073418,crisis,American
SPY,2009-12-18,110.154878,111.0,2010-01-16,0.07939767282683094,29,call,1.79,0.0005,1.007672125060136,crisis,American
SPY,2009-12-18,110.154878,112.0,2010-01-16,0.07939767282683094,29,call,1.33,0.0005,1.01675025231293,crisis,American
SPY,2009-12-18,110.154878,113.0,2010-01-16,0.07939767282683094,29,call,0.95,0.0005,1.025828379565724,crisis,American
SPY,2009-12-18,110.154878,114.0,2010-01-16,0.07939767282683094,29,call,0.65,0.0005,1.034906506818518,crisis,American
SPY,2009-12-18,110.154878,115.0,2010-01-16,0.07939767282683094,29,call,0.43,0.0005,1.043984634071312,crisis,American
SPY,2009-12-18,110.154878,116.0,2010-01-16,0.07939767282683094,29,call,0.28,0.0005,1.053062761324106,crisis,American
SPY,2009-12-18,110.154878,117.0,2010-01-16,0.07939767282683094,29,call,0.17,0.0005,1.0621408885769,crisis,American
SPY,2009-12-18,110.154878,118.0,2010-01-16,0.07939767282683094,29,call,0.11,0.0005,1.071219015829694,crisis,American
SPY,2009-12-18,110.154878,119.0,2010-01-16,0.07939767282683094,29,call,0.08,0.0005,1.080297143082488,crisis,American
SPY,2009-12-18,110.154878,120.0,2010-01-16,0.07939767282683094,29,call,0.05,0.0005,1.089375270335282,crisis,American
SPY,2009-12-28,112.726851,102.0,2010-01-16,0.05201916495550993,19,call,10.85,0.0011,0.9048420948084499,crisis,American
SPY,2009-12-28,112.726851,103.0,2010-01-16,0.05201916495550993,19,call,9.875,0.0011,0.9137130957379445,crisis,American
SPY,2009-12-28,112.726851,104.0,2010-01-16,0.05201916495550993,19,call,8.9,0.0011,0.9225840966674391,crisis,American
SPY,2009-12-28,112.726851,105.0,2010-01-16,0.05201916495550993,19,call,7.95,0.0011,0.9314550975969337,crisis,American
SPY,2009-12-28,112.726851,106.0,2010-01-16,0.05201916495550993,19,call,6.975,0.0011,0.9403260985264283,crisis,American
SPY,2009-12-28,112.726851,107.0,2010-01-16,0.05201916495550993,19,call,6.050000000000001,0.0011,0.9491970994559229,crisis,American
SPY,2009-12-28,112.726851,108.0,2010-01-16,0.05201916495550993,19,call,5.125,0.0011,0.9580681003854176,crisis,American
SPY,2009-12-28,112.726851,109.0,2010-01-16,0.05201916495550993,19,call,4.275,0.0011,0.9669391013149121,crisis,American
SPY,2009-12-28,112.726851,110.0,2010-01-16,0.05201916495550993,19,call,3.45,0.0011,0.9758101022444068,crisis,American
SPY,2009-12-28,112.726851,111.0,2010-01-16,0.05201916495550993,19,call,2.71,0.0011,0.9846811031739013,crisis,American
SPY,2009-12-28,112.726851,112.0,2010-01-16,0.05201916495550993,19,call,2.01,0.0011,0.9935521041033959,crisis,American
SPY,2009-12-28,112.726851,113.0,2010-01-16,0.05201916495550993,19,call,1.44,0.0011,1.0024231050328904,crisis,American
SPY,2009-12-28,112.726851,114.0,2010-01-16,0.05201916495550993,19,call,0.96,0.0011,1.0112941059623852,crisis,American
SPY,2009-12-28,112.726851,115.0,2010-01-16,0.05201916495550993,19,call,0.61,0.0011,1.0201651068918798,crisis,American
SPY,2009-12-28,112.726851,116.0,2010-01-16,0.05201916495550993,19,call,0.36,0.0011,1.0290361078213743,crisis,American
SPY,2009-12-28,112.726851,117.0,2010-01-16,0.05201916495550993,19,call,0.21,0.0011,1.037907108750869,crisis,American
SPY,2009-12-28,112.726851,118.0,2010-01-16,0.05201916495550993,19,call,0.12,0.0011,1.0467781096803637,crisis,American
SPY,2009-12-28,112.726851,119.0,2010-01-16,0.05201916495550993,19,call,0.08,0.0011,1.0556491106098582,crisis,American
SPY,2009-12-28,112.726851,120.0,2010-01-16,0.05201916495550993,19,call,0.06,0.0011,1.0645201115393528,crisis,American
SPY,2009-12-28,112.726851,103.0,2010-02-20,0.14784394250513347,54,call,10.524999999999999,0.0011,0.9137130957379445,crisis,American
SPY,2009-12-28,112.726851,104.0,2010-02-20,0.14784394250513347,54,call,9.65,0.0011,0.9225840966674391,crisis,American
SPY,2009-12-28,112.726851,105.0,2010-02-20,0.14784394250513347,54,call,8.774999999999999,0.0011,0.9314550975969337,crisis,American
SPY,2009-12-28,112.726851,106.0,2010-02-20,0.14784394250513347,54,call,7.925,0.0011,0.9403260985264283,crisis,American
SPY,2009-12-28,112.726851,107.0,2010-02-20,0.14784394250513347,54,call,7.1,0.0011,0.9491970994559229,crisis,American
SPY,2009-12-28,112.726851,108.0,2010-02-20,0.14784394250513347,54,call,6.325,0.0011,0.9580681003854176,crisis,American
SPY,2009-12-28,112.726851,109.0,2010-02-20,0.14784394250513347,54,call,5.575,0.0011,0.9669391013149121,crisis,American
SPY,2009-12-28,112.726851,110.0,2010-02-20,0.14784394250513347,54,call,4.81,0.0011,0.9758101022444068,crisis,American
SPY,2009-12-28,112.726851,111.0,2010-02-20,0.14784394250513347,54,call,4.15,0.0011,0.9846811031739013,crisis,American
SPY,2009-12-28,112.726851,112.0,2010-02-20,0.14784394250513347,54,call,3.5,0.0011,0.9935521041033959,crisis,American
SPY,2009-12-28,112.726851,113.0,2010-02-20,0.14784394250513347,54,call,2.94,0.0011,1.0024231050328904,crisis,American
SPY,2009-12-28,112.726851,114.0,2010-02-20,0.14784394250513347,54,call,2.42,0.0011,1.0112941059623852,crisis,American
SPY,2009-12-28,112.726851,115.0,2010-02-20,0.14784394250513347,54,call,1.95,0.0011,1.0201651068918798,crisis,American
SPY,2009-12-28,112.726851,116.0,2010-02-20,0.14784394250513347,54,call,1.54,0.0011,1.0290361078213743,crisis,American
SPY,2009-12-28,112.726851,117.0,2010-02-20,0.14784394250513347,54,call,1.2,0.0011,1.037907108750869,crisis,American
SPY,2009-12-28,112.726851,118.0,2010-02-20,0.14784394250513347,54,call,0.91,0.0011,1.0467781096803637,crisis,American
SPY,2009-12-28,112.726851,119.0,2010-02-20,0.14784394250513347,54,call,0.68,0.0011,1.0556491106098582,crisis,American
SPY,2009-12-28,112.726851,120.0,2010-02-20,0.14784394250513347,54,call,0.49,0.0011,1.0645201115393528,crisis,American
SPY,2009-12-28,112.726851,121.0,2010-02-20,0.14784394250513347,54,call,0.35,0.0011,1.0733911124688473,crisis,American
SPY,2009-12-28,112.726851,122.0,2010-02-20,0.14784394250513347,54,call,0.25,0.0011,1.082262113398342,crisis,American
SPY,2009-12-28,112.726851,123.0,2010-02-20,0.14784394250513347,54,call,0.18,0.0011,1.0911331143278367,crisis,American
AAPL,2008-01-02,198.08,180.0,2008-01-18,0.0438056125941136,16,call,20.95,0.0326,0.9087237479806138,crisis,American
AAPL,2008-01-02,198.08,185.0,2008-01-18,0.0438056125941136,16,call,17.15,0.0326,0.9339660743134086,crisis,American
AAPL,2008-01-02,198.08,190.0,2008-01-18,0.0438056125941136,16,call,13.75,0.0326,0.9592084006462036,crisis,American
AAPL,2008-01-02,198.08,195.0,2008-01-18,0.0438056125941136,16,call,10.775,0.0326,0.9844507269789984,crisis,American
AAPL,2008-01-02,198.08,200.0,2008-01-18,0.0438056125941136,16,call,8.25,0.0326,1.0096930533117932,crisis,American
AAPL,2008-01-02,198.08,210.0,2008-01-18,0.0438056125941136,16,call,4.525,0.0326,1.0601777059773827,crisis,American
AAPL,2008-01-02,198.08,180.0,2008-02-15,0.1204654346338124,44,call,25.775,0.0326,0.9087237479806138,crisis,American
AAPL,2008-01-02,198.08,185.0,2008-02-15,0.1204654346338124,44,call,22.45,0.0326,0.9339660743134086,crisis,American
AAPL,2008-01-02,198.08,190.0,2008-02-15,0.1204654346338124,44,call,19.45,0.0326,0.9592084006462036,crisis,American
AAPL,2008-01-02,198.08,195.0,2008-02-15,0.1204654346338124,44,call,16.775,0.0326,0.9844507269789984,crisis,American
AAPL,2008-01-02,198.08,200.0,2008-02-15,0.1204654346338124,44,call,14.375,0.0326,1.0096930533117932,crisis,American
AAPL,2008-01-02,198.08,210.0,2008-02-15,0.1204654346338124,44,call,10.4,0.0326,1.0601777059773827,crisis,American
AAPL,2008-01-09,171.25,155.0,2008-01-18,0.0246406570841889,9,call,18.575,0.0322,0.9051094890510948,crisis,American
AAPL,2008-01-09,171.25,160.0,2008-01-18,0.0246406570841889,9,call,14.775,0.0322,0.9343065693430656,crisis,American
AAPL,2008-01-09,171.25,165.0,2008-01-18,0.0246406570841889,9,call,11.4,0.0322,0.9635036496350364,crisis,American
AAPL,2008-01-09,171.25,170.0,2008-01-18,0.0246406570841889,9,call,8.5,0.0322,0.9927007299270072,crisis,American
AAPL,2008-01-09,171.25,175.0,2008-01-18,0.0246406570841889,9,call,6.175,0.0322,1.0218978102189782,crisis,American
AAPL,2008-01-09,171.25,180.0,2008-01-18,0.0246406570841889,9,call,4.275,0.0322,1.051094890510949,crisis,American
AAPL,2008-01-09,171.25,185.0,2008-01-18,0.0246406570841889,9,call,2.88,0.0322,1.0802919708029195,crisis,American
AAPL,2008-01-09,171.25,155.0,2008-02-15,0.1013004791238877,37,call,24.5,0.0322,0.9051094890510948,crisis,American
AAPL,2008-01-09,171.25,160.0,2008-02-15,0.1013004791238877,37,call,21.4,0.0322,0.9343065693430656,crisis,American
AAPL,2008-01-09,171.25,165.0,2008-02-15,0.1013004791238877,37,call,18.55,0.0322,0.9635036496350364,crisis,American
AAPL,2008-01-09,171.25,170.0,2008-02-15,0.1013004791238877,37,call,15.95,0.0322,0.9927007299270072,crisis,American
AAPL,2008-01-09,171.25,175.0,2008-02-15,0.1013004791238877,37,call,13.775,0.0322,1.0218978102189782,crisis,American
AAPL,2008-01-09,171.25,180.0,2008-02-15,0.1013004791238877,37,call,11.725,0.0322,1.051094890510949,crisis,American
AAPL,2008-01-09,171.25,185.0,2008-02-15,0.1013004791238877,37,call,9.875,0.0322,1.0802919708029195,crisis,American
AAPL,2008-01-16,169.04,155.0,2008-02-15,0.082135523613963,30,call,21.1,0.0314,0.9169427354472316,crisis,American
AAPL,2008-01-16,169.04,160.0,2008-02-15,0.082135523613963,30,call,17.95,0.0314,0.946521533364884,crisis,American
AAPL,2008-01-16,169.04,165.0,2008-02-15,0.082135523613963,30,call,15.1,0.0314,0.9761003312825368,crisis,American
AAPL,2008-01-16,169.04,170.0,2008-02-15,0.082135523613963,30,call,12.525,0.0314,1.0056791292001894,crisis,American
AAPL,2008-01-16,169.04,175.0,2008-02-15,0.082135523613963,30,call,10.35,0.0314,1.035257927117842,crisis,American
AAPL,2008-01-16,169.04,180.0,2008-02-15,0.082135523613963,30,call,8.35,0.0314,1.0648367250354946,crisis,American
AAPL,2008-01-16,169.04,185.0,2008-02-15,0.082135523613963,30,call,6.75,0.0314,1.0944155229531471,crisis,American
AAPL,2008-01-24,139.072,130.0,2008-02-15,0.0602327173169062,22,call,13.6,0.0237,0.934767602393005,crisis,American
AAPL,2008-01-24,139.072,135.0,2008-02-15,0.0602327173169062,22,call,10.475,0.0237,0.9707202024850436,crisis,American
AAPL,2008-01-24,139.072,140.0,2008-02-15,0.0602327173169062,22,call,7.875,0.0237,1.0066728025770824,crisis,American
AAPL,2008-01-24,139.072,145.0,2008-02-15,0.0602327173169062,22,call,5.675,0.0237,1.042625402669121,crisis,American
AAPL,2008-01-24,139.072,150.0,2008-02-15,0.0602327173169062,22,call,4.075,0.0237,1.0785780027611596,crisis,American
AAPL,2008-01-24,139.072,130.0,2008-03-20,0.1533196440793976,56,call,17.925,0.0237,0.934767602393005,crisis,American
AAPL,2008-01-24,139.072,135.0,2008-03-20,0.1533196440793976,56,call,15.025,0.0237,0.9707202024850436,crisis,American
AAPL,2008-01-24,139.072,140.0,2008-03-20,0.1533196440793976,56,call,12.375,0.0237,1.0066728025770824,crisis,American
AAPL,2008-01-24,139.072,145.0,2008-03-20,0.1533196440793976,56,call,10.15,0.0237,1.042625402669121,crisis,American
AAPL,2008-01-24,139.072,150.0,2008-03-20,0.1533196440793976,56,call,8.2,0.0237,1.0785780027611596,crisis,American
AAPL,2008-01-31,132.18,120.0,2008-02-15,0.0410677618069815,15,call,13.275,0.0196,0.9078529278256922,crisis,American
AAPL,2008-01-31,132.18,125.0,2008-02-15,0.0410677618069815,15,call,9.475,0.0196,0.9456801331517628,crisis,American
AAPL,2008-01-31,132.18,135.0,2008-02-15,0.0410677618069815,15,call,3.775,0.0196,1.0213345438039036,crisis,American
AAPL,2008-01-31,132.18,145.0,2008-02-15,0.0410677618069815,15,call,1.185,0.0196,1.0969889544560447,crisis,American
AAPL,2008-01-31,132.18,120.0,2008-03-20,0.1341546885694729,49,call,16.25,0.0196,0.9078529278256922,crisis,American
AAPL,2008-02-07,122.0,110.0,2008-02-15,0.0219028062970568,8,call,12.85,0.0217,0.9016393442622952,crisis,American
AAPL,2008-02-07,122.0,115.0,2008-02-15,0.0219028062970568,8,call,8.7,0.0217,0.9426229508196722,crisis,American
AAPL,2008-02-07,122.0,120.0,2008-02-15,0.0219028062970568,8,call,5.425,0.0217,0.9836065573770492,crisis,American
AAPL,2008-02-07,122.0,125.0,2008-02-15,0.0219028062970568,8,call,3.1,0.0217,1.024590163934426,crisis,American
AAPL,2008-02-07,122.0,110.0,2008-03-20,0.1149897330595482,42,call,16.1,0.0217,0.9016393442622952,crisis,American
AAPL,2008-02-07,122.0,115.0,2008-03-20,0.1149897330595482,42,call,12.775,0.0217,0.9426229508196722,crisis,American
AAPL,2008-02-07,122.0,120.0,2008-03-20,0.1149897330595482,42,call,9.875,0.0217,0.9836065573770492,crisis,American
AAPL,2008-02-14,129.4,120.0,2008-03-20,0.0958247775496235,35,call,13.15,0.0231,0.927357032457496,crisis,American
AAPL,2008-02-22,121.54,110.0,2008-03-20,0.0739219712525667,27,call,13.5,0.022,0.9050518347869014,crisis,American
AAPL,2008-02-22,121.54,115.0,2008-03-20,0.0739219712525667,27,call,9.725,0.022,0.9461905545499424,crisis,American
AAPL,2008-02-22,121.54,120.0,2008-03-20,0.0739219712525667,27,call,6.625,0.022,0.9873292743129832,crisis,American
AAPL,2008-02-22,121.54,125.0,2008-03-20,0.0739219712525667,27,call,4.225,0.022,1.0284679940760244,crisis,American
AAPL,2008-02-22,121.54,130.0,2008-03-20,0.0739219712525667,27,call,2.55,0.022,1.0696067138390652,crisis,American
AAPL,2008-02-22,121.54,110.0,2008-04-18,0.1533196440793976,56,call,15.95,0.022,0.9050518347869014,crisis,American
AAPL,2008-02-22,121.54,115.0,2008-04-18,0.1533196440793976,56,call,12.55,0.022,0.9461905545499424,crisis,American
AAPL,2008-02-22,121.54,120.0,2008-04-18,0.1533196440793976,56,call,9.675,0.022,0.9873292743129832,crisis,American
AAPL,2008-02-22,121.54,125.0,2008-04-18,0.1533196440793976,56,call,7.275,0.022,1.0284679940760244,crisis,American
AAPL,2008-02-22,121.54,130.0,2008-04-18,0.1533196440793976,56,call,5.325,0.022,1.0696067138390652,crisis,American
AAPL,2008-02-29,129.91,120.0,2008-03-20,0.054757015742642,20,call,11.65,0.0185,0.9237164190593488,crisis,American
AAPL,2008-02-29,129.91,125.0,2008-03-20,0.054757015742642,20,call,8.0,0.0185,0.9622046031868215,crisis,American
AAPL,2008-02-29,129.91,130.0,2008-03-20,0.054757015742642,20,call,5.125,0.0185,1.0006927873142946,crisis,American
AAPL,2008-02-29,129.91,135.0,2008-03-20,0.054757015742642,20,call,3.05,0.0185,1.0391809714417677,crisis,American
AAPL,2008-02-29,129.91,140.0,2008-03-20,0.054757015742642,20,call,1.695,0.0185,1.0776691555692404,crisis,American
AAPL,2008-02-29,129.91,120.0,2008-04-18,0.1341546885694729,49,call,14.25,0.0185,0.9237164190593488,crisis,American
AAPL,2008-02-29,129.91,125.0,2008-04-18,0.1341546885694729,49,call,11.0,0.0185,0.9622046031868215,crisis,American
AAPL,2008-02-29,129.91,130.0,2008-04-18,0.1341546885694729,49,call,8.25,0.0185,1.0006927873142946,crisis,American
AAPL,2008-02-29,129.91,135.0,2008-04-18,0.1341546885694729,49,call,6.0,0.0185,1.0391809714417677,crisis,American
AAPL,2008-02-29,129.91,140.0,2008-04-18,0.1341546885694729,49,call,4.3,0.0185,1.0776691555692404,crisis,American
AAPL,2008-03-07,120.93,110.0,2008-03-20,0.0355920602327173,13,call,12.575,0.0144999999999999,0.9096171338791036,crisis,American
AAPL,2008-03-07,120.93,115.0,2008-03-20,0.0355920602327173,13,call,8.625,0.0144999999999999,0.9509633672372446,crisis,American
AAPL,2008-03-07,120.93,120.0,2008-03-20,0.0355920602327173,13,call,5.325,0.0144999999999999,0.9923096005953858,crisis,American
AAPL,2008-03-07,120.93,125.0,2008-03-20,0.0355920602327173,13,call,3.05,0.0144999999999999,1.033655833953527,crisis,American
AAPL,2008-03-07,120.93,110.0,2008-04-18,0.1149897330595482,42,call,15.15,0.0144999999999999,0.9096171338791036,crisis,American
AAPL,2008-03-07,120.93,115.0,2008-04-18,0.1149897330595482,42,call,11.725,0.0144999999999999,0.9509633672372446,crisis,American
AAPL,2008-03-07,120.93,120.0,2008-04-18,0.1149897330595482,42,call,8.85,0.0144999999999999,0.9923096005953858,crisis,American
AAPL,2008-03-07,120.93,125.0,2008-04-18,0.1149897330595482,42,call,6.4,0.0144999999999999,1.033655833953527,crisis,American
AAPL,2008-03-07,120.93,130.0,2008-04-18,0.1149897330595482,42,call,4.55,0.0144999999999999,1.0750020673116678,crisis,American
AAPL,2008-03-17,126.61,115.0,2008-04-18,0.0876112251882272,32,call,14.85,0.0111,0.9083010820630282,crisis,American
AAPL,2008-03-17,126.61,120.0,2008-04-18,0.0876112251882272,32,call,11.275,0.0111,0.9477924334570728,crisis,American
AAPL,2008-03-17,126.61,125.0,2008-04-18,0.0876112251882272,32,call,8.075,0.0111,0.9872837848511176,crisis,American
AAPL,2008-03-17,126.61,130.0,2008-04-18,0.0876112251882272,32,call,5.55,0.0111,1.0267751362451625,crisis,American
AAPL,2008-03-17,126.61,135.0,2008-04-18,0.0876112251882272,32,call,3.675,0.0111,1.066266487639207,crisis,American
AAPL,2008-03-25,139.53,130.0,2008-04-18,0.0657084188911704,24,call,12.425,0.0129,0.9316992761413316,crisis,American
AAPL,2008-03-25,139.53,135.0,2008-04-18,0.0657084188911704,24,call,8.9,0.0129,0.967533863685229,crisis,American
AAPL,2008-03-25,139.53,140.0,2008-04-18,0.0657084188911704,24,call,6.025,0.0129,1.0033684512291263,crisis,American
AAPL,2008-03-25,139.53,145.0,2008-04-18,0.0657084188911704,24,call,3.85,0.0129,1.0392030387730238,crisis,American
AAPL,2008-03-25,139.53,150.0,2008-04-18,0.0657084188911704,24,call,2.33,0.0129,1.075037626316921,crisis,American
AAPL,2008-04-01,143.5,130.0,2008-04-18,0.0465434633812457,17,call,14.9,0.0139999999999999,0.9059233449477352,crisis,American
AAPL,2008-04-01,143.5,135.0,2008-04-18,0.0465434633812457,17,call,10.9,0.0139999999999999,0.940766550522648,crisis,American
AAPL,2008-04-01,143.5,140.0,2008-04-18,0.0465434633812457,17,call,7.425,0.0139999999999999,0.975609756097561,crisis,American
AAPL,2008-04-01,143.5,145.0,2008-04-18,0.0465434633812457,17,call,4.725,0.0139999999999999,1.0104529616724738,crisis,American
AAPL,2008-04-01,143.5,150.0,2008-04-18,0.0465434633812457,17,call,2.785,0.0139999999999999,1.0452961672473868,crisis,American
AAPL,2008-04-01,143.5,155.0,2008-04-18,0.0465434633812457,17,call,1.535,0.0139999999999999,1.0801393728222997,crisis,American
AAPL,2008-04-01,143.5,130.0,2008-05-16,0.1232032854209445,45,call,18.475,0.0139999999999999,0.9059233449477352,crisis,American
AAPL,2008-04-01,143.5,135.0,2008-05-16,0.1232032854209445,45,call,15.125,0.0139999999999999,0.940766550522648,crisis,American
AAPL,2008-04-01,143.5,140.0,2008-05-16,0.1232032854209445,45,call,12.125,0.0139999999999999,0.975609756097561,crisis,American
AAPL,2008-04-01,143.5,145.0,2008-05-16,0.1232032854209445,45,call,9.55,0.0139999999999999,1.0104529616724738,crisis,American
AAPL,2008-04-01,143.5,150.0,2008-05-16,0.1232032854209445,45,call,7.375,0.0139999999999999,1.0452961672473868,crisis,American
AAPL,2008-04-01,143.5,155.0,2008-05-16,0.1232032854209445,45,call,5.575,0.0139999999999999,1.0801393728222997,crisis,American
AAPL,2008-04-08,155.89,145.0,2008-04-18,0.027378507871321,10,call,12.25,0.0141,0.9301430495862468,crisis,American
AAPL,2008-04-08,155.89,150.0,2008-04-18,0.027378507871321,10,call,8.425,0.0141,0.9622169478478416,crisis,American
AAPL,2008-04-08,155.89,155.0,2008-04-18,0.027378507871321,10,call,5.275,0.0141,0.9942908461094362,crisis,American
AAPL,2008-04-08,155.89,160.0,2008-04-18,0.027378507871321,10,call,2.98,0.0141,1.0263647443710309,crisis,American
AAPL,2008-04-08,155.89,165.0,2008-04-18,0.027378507871321,10,call,1.575,0.0141,1.0584386426326258,crisis,American
AAPL,2008-04-08,155.89,170.0,2008-04-18,0.027378507871321,10,call,0.77,0.0141,1.0905125408942205,crisis,American
AAPL,2008-04-08,155.89,145.0,2008-05-16,0.1040383299110198,38,call,16.925,0.0141,0.9301430495862468,crisis,American
AAPL,2008-04-08,155.89,150.0,2008-05-16,0.1040383299110198,38,call,13.8,0.0141,0.9622169478478416,crisis,American
AAPL,2008-04-08,155.89,155.0,2008-05-16,0.1040383299110198,38,call,11.075,0.0141,0.9942908461094362,crisis,American
AAPL,2008-04-08,155.89,160.0,2008-05-16,0.1040383299110198,38,call,8.75,0.0141,1.0263647443710309,crisis,American
AAPL,2008-04-08,155.89,165.0,2008-05-16,0.1040383299110198,38,call,6.8,0.0141,1.0584386426326258,crisis,American
AAPL,2008-04-08,155.89,170.0,2008-05-16,0.1040383299110198,38,call,5.225,0.0141,1.0905125408942205,crisis,American
AAPL,2008-04-15,147.78,135.0,2008-05-16,0.0848733744010951,31,call,17.425,0.011,0.9135200974421436,crisis,American
AAPL,2008-04-15,147.78,140.0,2008-05-16,0.0848733744010951,31,call,14.2,0.011,0.947354175125186,crisis,American
AAPL,2008-04-15,147.78,145.0,2008-05-16,0.0848733744010951,31,call,11.275,0.011,0.9811882528082284,crisis,American
AAPL,2008-04-15,147.78,150.0,2008-05-16,0.0848733744010951,31,call,8.75,0.011,1.0150223304912709,crisis,American
AAPL,2008-04-15,147.78,155.0,2008-05-16,0.0848733744010951,31,call,6.7,0.011,1.0488564081743132,crisis,American
AAPL,2008-04-15,147.78,160.0,2008-05-16,0.0848733744010951,31,call,4.975,0.011,1.0826904858573556,crisis,American
AAPL,2008-04-22,168.16,155.0,2008-05-16,0.0657084188911704,24,call,18.475,0.0127,0.9217411988582302,crisis,American
AAPL,2008-04-22,168.16,160.0,2008-05-16,0.0657084188911704,24,call,15.225,0.0127,0.9514747859181732,crisis,American
AAPL,2008-04-22,168.16,165.0,2008-05-16,0.0657084188911704,24,call,12.375,0.0127,0.981208372978116,crisis,American
AAPL,2008-04-22,168.16,170.0,2008-05-16,0.0657084188911704,24,call,9.85,0.0127,1.010941960038059,crisis,American
AAPL,2008-04-22,168.16,175.0,2008-05-16,0.0657084188911704,24,call,7.75,0.0127,1.040675547098002,crisis,American
AAPL,2008-04-22,168.16,180.0,2008-05-16,0.0657084188911704,24,call,6.0,0.0127,1.070409134157945,crisis,American
AAPL,2008-04-22,168.16,155.0,2008-06-20,0.1615331964407939,59,call,21.425,0.0127,0.9217411988582302,crisis,American
AAPL,2008-04-22,168.16,160.0,2008-06-20,0.1615331964407939,59,call,18.375,0.0127,0.9514747859181732,crisis,American
AAPL,2008-04-22,168.16,165.0,2008-06-20,0.1615331964407939,59,call,15.625,0.0127,0.981208372978116,crisis,American
AAPL,2008-04-22,168.16,170.0,2008-06-20,0.1615331964407939,59,call,13.175,0.0127,1.010941960038059,crisis,American
AAPL,2008-04-22,168.16,175.0,2008-06-20,0.1615331964407939,59,call,10.975,0.0127,1.040675547098002,crisis,American
AAPL,2008-04-22,168.16,180.0,2008-06-20,0.1615331964407939,59,call,9.125,0.0127,1.070409134157945,crisis,American
AAPL,2008-04-29,172.24,160.0,2008-05-16,0.0465434633812457,17,call,14.175,0.0146,0.9289363678588016,crisis,American
AAPL,2008-04-29,172.24,165.0,2008-05-16,0.0465434633812457,17,call,10.375,0.0146,0.9579656293543892,crisis,American
AAPL,2008-04-29,172.24,170.0,2008-05-16,0.0465434633812457,17,call,7.2,0.0146,0.9869948908499768,crisis,American
AAPL,2008-04-29,172.24,175.0,2008-05-16,0.0465434633812457,17,call,4.725,0.0146,1.0160241523455642,crisis,American
AAPL,2008-04-29,172.24,180.0,2008-05-16,0.0465434633812457,17,call,2.9,0.0146,1.0450534138411518,crisis,American
AAPL,2008-04-29,172.24,185.0,2008-05-16,0.0465434633812457,17,call,1.66,0.0146,1.0740826753367394,crisis,American
AAPL,2008-04-29,172.24,160.0,2008-06-20,0.1423682409308692,52,call,17.95,0.0146,0.9289363678588016,crisis,American
AAPL,2008-04-29,172.24,165.0,2008-06-20,0.1423682409308692,52,call,14.75,0.0146,0.9579656293543892,crisis,American
AAPL,2008-04-29,172.24,170.0,2008-06-20,0.1423682409308692,52,call,11.925,0.0146,0.9869948908499768,crisis,American
AAPL,2008-04-29,172.24,175.0,2008-06-20,0.1423682409308692,52,call,9.425,0.0146,1.0160241523455642,crisis,American
AAPL,2008-04-29,172.24,180.0,2008-06-20,0.1423682409308692,52,call,7.325,0.0146,1.0450534138411518,crisis,American
AAPL,2008-04-29,172.24,185.0,2008-06-20,0.1423682409308692,52,call,5.6,0.0146,1.0740826753367394,crisis,American
AAPL,2008-05-06,184.73,170.0,2008-05-16,0.027378507871321,10,call,15.625,0.0163,0.9202620040058463,crisis,American
AAPL,2008-05-06,184.73,175.0,2008-05-16,0.027378507871321,10,call,11.4,0.0163,0.94732853353543,crisis,American
AAPL,2008-05-06,184.73,180.0,2008-05-16,0.027378507871321,10,call,7.675,0.0163,0.974395063065014,crisis,American
AAPL,2008-05-06,184.73,185.0,2008-05-16,0.027378507871321,10,call,4.725,0.0163,1.0014615925945975,crisis,American
AAPL,2008-05-06,184.73,190.0,2008-05-16,0.027378507871321,10,call,2.625,0.0163,1.028528122124181,crisis,American
AAPL,2008-05-06,184.73,195.0,2008-05-16,0.027378507871321,10,call,1.325,0.0163,1.055594651653765,crisis,American
AAPL,2008-05-06,184.73,200.0,2008-05-16,0.027378507871321,10,call,0.64,0.0163,1.0826611811833486,crisis,American
AAPL,2008-05-06,184.73,170.0,2008-06-20,0.1232032854209445,45,call,19.525,0.0163,0.9202620040058463,crisis,American
AAPL,2008-05-06,184.73,175.0,2008-06-20,0.1232032854209445,45,call,16.15,0.0163,0.94732853353543,crisis,American
AAPL,2008-05-06,184.73,180.0,2008-06-20,0.1232032854209445,45,call,13.05,0.0163,0.974395063065014,crisis,American
AAPL,2008-05-06,184.73,185.0,2008-06-20,0.1232032854209445,45,call,10.35,0.0163,1.0014615925945975,crisis,American
AAPL,2008-05-06,184.73,190.0,2008-06-20,0.1232032854209445,45,call,8.1,0.0163,1.028528122124181,crisis,American
AAPL,2008-05-06,184.73,195.0,2008-06-20,0.1232032854209445,45,call,6.2,0.0163,1.055594651653765,crisis,American
AAPL,2008-05-06,184.73,200.0,2008-06-20,0.1232032854209445,45,call,4.65,0.0163,1.0826611811833486,crisis,American
AAPL,2008-05-13,188.16,170.0,2008-06-20,0.1040383299110198,38,call,21.125,0.0183,0.9034863945578232,crisis,American
AAPL,2008-05-13,188.16,175.0,2008-06-20,0.1040383299110198,38,call,17.375,0.0183,0.9300595238095238,crisis,American
AAPL,2008-05-13,188.16,180.0,2008-06-20,0.1040383299110198,38,call,13.95,0.0183,0.9566326530612244,crisis,American
AAPL,2008-05-13,188.16,185.0,2008-06-20,0.1040383299110198,38,call,10.975,0.0183,0.9832057823129252,crisis,American
AAPL,2008-05-13,188.16,190.0,2008-06-20,0.1040383299110198,38,call,8.425,0.0183,1.0097789115646258,crisis,American
AAPL,2008-05-13,188.16,190.0,2008-06-20,0.1040383299110198,38,call,0.455,0.0183,1.0097789115646258,crisis,American
AAPL,2008-05-13,188.16,195.0,2008-06-20,0.1040383299110198,38,call,6.3,0.0183,1.0363520408163265,crisis,American
AAPL,2008-05-13,188.16,200.0,2008-06-20,0.1040383299110198,38,call,4.6,0.0183,1.0629251700680271,crisis,American
AAPL,2008-05-20,183.6,170.0,2008-06-20,0.0848733744010951,31,call,17.375,0.0186,0.925925925925926,crisis,American
AAPL,2008-05-20,183.6,175.0,2008-06-20,0.0848733744010951,31,call,13.875,0.0186,0.9531590413943356,crisis,American
AAPL,2008-05-20,183.6,180.0,2008-06-20,0.0848733744010951,31,call,10.8,0.0186,0.9803921568627452,crisis,American
AAPL,2008-05-20,183.6,185.0,2008-06-20,0.0848733744010951,31,call,8.225,0.0186,1.0076252723311547,crisis,American
AAPL,2008-05-20,183.6,190.0,2008-06-20,0.0848733744010951,31,call,6.125,0.0186,1.0348583877995643,crisis,American
AAPL,2008-05-20,183.6,195.0,2008-06-20,0.0848733744010951,31,call,4.475,0.0186,1.062091503267974,crisis,American
AAPL,2008-05-20,183.6,200.0,2008-06-20,0.0848733744010951,31,call,3.225,0.0186,1.0893246187363834,crisis,American
AAPL,2008-05-20,183.6,170.0,2008-07-18,0.1615331964407939,59,call,20.2,0.0186,0.925925925925926,crisis,American
AAPL,2008-05-20,183.6,175.0,2008-07-18,0.1615331964407939,59,call,17.0,0.0186,0.9531590413943356,crisis,American
AAPL,2008-05-20,183.6,180.0,2008-07-18,0.1615331964407939,59,call,14.125,0.0186,0.9803921568627452,crisis,American
AAPL,2008-05-20,183.6,185.0,2008-07-18,0.1615331964407939,59,call,11.65,0.0186,1.0076252723311547,crisis,American
AAPL,2008-05-20,183.6,190.0,2008-07-18,0.1615331964407939,59,call,9.5,0.0186,1.0348583877995643,crisis,American
AAPL,2008-05-20,183.6,195.0,2008-07-18,0.1615331964407939,59,call,7.65,0.0186,1.062091503267974,crisis,American
AAPL,2008-05-20,183.6,200.0,2008-07-18,0.1615331964407939,59,call,6.1,0.0186,1.0893246187363834,crisis,American
AAPL,2008-05-28,186.43,170.0,2008-06-20,0.0629705681040383,23,call,18.875,0.0189,0.911870407123317,crisis,American
AAPL,2008-05-28,186.43,175.0,2008-06-20,0.0629705681040383,23,call,15.025,0.0189,0.9386901249798852,crisis,American
AAPL,2008-05-28,186.43,180.0,2008-06-20,0.0629705681040383,23,call,11.55,0.0189,0.9655098428364534,crisis,American
AAPL,2008-05-28,186.43,185.0,2008-06-20,0.0629705681040383,23,call,8.675,0.0189,0.9923295606930216,crisis,American
AAPL,2008-05-28,186.43,190.0,2008-06-20,0.0629705681040383,23,call,6.275,0.0189,1.0191492785495897,crisis,American
AAPL,2008-05-28,186.43,195.0,2008-06-20,0.0629705681040383,23,call,4.4,0.0189,1.0459689964061578,crisis,American
AAPL,2008-05-28,186.43,200.0,2008-06-20,0.0629705681040383,23,call,3.025,0.0189,1.072788714262726,crisis,American
AAPL,2008-05-28,186.43,170.0,2008-07-18,0.1396303901437371,51,call,22.05,0.0189,0.911870407123317,crisis,American
AAPL,2008-05-28,186.43,175.0,2008-07-18,0.1396303901437371,51,call,18.675,0.0189,0.9386901249798852,crisis,American
AAPL,2008-05-28,186.43,180.0,2008-07-18,0.1396303901437371,51,call,15.525,0.0189,0.9655098428364534,crisis,American
AAPL,2008-05-28,186.43,185.0,2008-07-18,0.1396303901437371,51,call,12.8,0.0189,0.9923295606930216,crisis,American
AAPL,2008-05-28,186.43,190.0,2008-07-18,0.1396303901437371,51,call,10.425,0.0189,1.0191492785495897,crisis,American
AAPL,2008-05-28,186.43,195.0,2008-07-18,0.1396303901437371,51,call,8.4,0.0189,1.0459689964061578,crisis,American
AAPL,2008-05-28,186.43,200.0,2008-07-18,0.1396303901437371,51,call,6.65,0.0189,1.072788714262726,crisis,American
AAPL,2008-06-04,185.37,170.0,2008-06-20,0.0438056125941136,16,call,17.55,0.0184,0.9170847494200788,crisis,American
AAPL,2008-06-04,185.37,175.0,2008-06-20,0.0438056125941136,16,call,13.625,0.0184,0.9440578302853752,crisis,American
AAPL,2008-06-04,185.37,180.0,2008-06-20,0.0438056125941136,16,call,10.15,0.0184,0.9710309111506716,crisis,American
AAPL,2008-06-04,185.37,185.0,2008-06-20,0.0438056125941136,16,call,7.25,0.0184,0.998003992015968,crisis,American
AAPL,2008-06-04,185.37,190.0,2008-06-20,0.0438056125941136,16,call,4.925,0.0184,1.0249770728812644,crisis,American
AAPL,2008-06-04,185.37,195.0,2008-06-20,0.0438056125941136,16,call,3.25,0.0184,1.051950153746561,crisis,American
AAPL,2008-06-04,185.37,200.0,2008-06-20,0.0438056125941136,16,call,2.045,0.0184,1.0789232346118574,crisis,American
AAPL,2008-06-04,185.37,170.0,2008-07-18,0.1204654346338124,44,call,20.825,0.0184,0.9170847494200788,crisis,American
AAPL,2008-06-04,185.37,175.0,2008-07-18,0.1204654346338124,44,call,17.4,0.0184,0.9440578302853752,crisis,American
AAPL,2008-06-04,185.37,180.0,2008-07-18,0.1204654346338124,44,call,14.3,0.0184,0.9710309111506716,crisis,American
AAPL,2008-06-04,185.37,185.0,2008-07-18,0.1204654346338124,44,call,11.6,0.0184,0.998003992015968,crisis,American
AAPL,2008-06-04,185.37,190.0,2008-07-18,0.1204654346338124,44,call,9.275,0.0184,1.0249770728812644,crisis,American
AAPL,2008-06-04,185.37,195.0,2008-07-18,0.1204654346338124,44,call,7.325,0.0184,1.051950153746561,crisis,American
AAPL,2008-06-04,185.37,200.0,2008-07-18,0.1204654346338124,44,call,5.675,0.0184,1.0789232346118574,crisis,American
AAPL,2008-06-11,185.64,170.0,2008-06-20,0.0246406570841889,9,call,16.675,0.0196,0.9157509157509158,crisis,American
AAPL,2008-06-11,185.64,175.0,2008-06-20,0.0246406570841889,9,call,12.45,0.0196,0.942684766214178,crisis,American
AAPL,2008-06-11,185.64,180.0,2008-06-20,0.0246406570841889,9,call,8.675,0.0196,0.9696186166774404,crisis,American
AAPL,2008-06-11,185.64,185.0,2008-06-20,0.0246406570841889,9,call,5.6,0.0196,0.9965524671407026,crisis,American
AAPL,2008-06-11,185.64,190.0,2008-06-20,0.0246406570841889,9,call,3.3,0.0196,1.0234863176039648,crisis,American
AAPL,2008-06-11,185.64,195.0,2008-06-20,0.0246406570841889,9,call,1.735,0.0196,1.050420168067227,crisis,American
AAPL,2008-06-11,185.64,200.0,2008-06-20,0.0246406570841889,9,call,0.86,0.0196,1.0773540185304893,crisis,American
AAPL,2008-06-11,185.64,170.0,2008-07-18,0.1013004791238877,37,call,20.225,0.0196,0.9157509157509158,crisis,American
AAPL,2008-06-11,185.64,175.0,2008-07-18,0.1013004791238877,37,call,16.7,0.0196,0.942684766214178,crisis,American
AAPL,2008-06-11,185.64,180.0,2008-07-18,0.1013004791238877,37,call,13.55,0.0196,0.9696186166774404,crisis,American
AAPL,2008-06-11,185.64,185.0,2008-07-18,0.1013004791238877,37,call,10.725,0.0196,0.9965524671407026,crisis,American
AAPL,2008-06-11,185.64,190.0,2008-07-18,0.1013004791238877,37,call,8.375,0.0196,1.0234863176039648,crisis,American
AAPL,2008-06-11,185.64,195.0,2008-07-18,0.1013004791238877,37,call,6.4,0.0196,1.050420168067227,crisis,American
AAPL,2008-06-11,185.64,200.0,2008-07-18,0.1013004791238877,37,call,4.825,0.0196,1.0773540185304893,crisis,American
AAPL,2008-06-18,181.43,165.0,2008-07-18,0.082135523613963,30,call,19.875,0.0192999999999999,0.9094416579397012,crisis,American
AAPL,2008-06-18,181.43,170.0,2008-07-18,0.082135523613963,30,call,16.125,0.0192999999999999,0.937000496059086,crisis,American
AAPL,2008-06-18,181.43,175.0,2008-07-18,0.082135523613963,30,call,12.775,0.0192999999999999,0.964559334178471,crisis,American
AAPL,2008-06-18,181.43,180.0,2008-07-18,0.082135523613963,30,call,9.85,0.0192999999999999,0.992118172297856,crisis,American
AAPL,2008-06-18,181.43,185.0,2008-07-18,0.082135523613963,30,call,7.35,0.0192999999999999,1.0196770104172408,crisis,American
AAPL,2008-06-18,181.43,190.0,2008-07-18,0.082135523613963,30,call,5.35,0.0192999999999999,1.0472358485366255,crisis,American
AAPL,2008-06-18,181.43,195.0,2008-07-18,0.082135523613963,30,call,3.8,0.0192999999999999,1.0747946866560103,crisis,American
AAPL,2008-06-25,173.25,160.0,2008-07-18,0.0629705681040383,23,call,16.075,0.0181,0.9235209235209236,crisis,American
AAPL,2008-06-25,173.25,165.0,2008-07-18,0.0629705681040383,23,call,12.45,0.0181,0.9523809523809524,crisis,American
AAPL,2008-06-25,173.25,170.0,2008-07-18,0.0629705681040383,23,call,9.25,0.0181,0.9812409812409812,crisis,American
AAPL,2008-06-25,173.25,175.0,2008-07-18,0.0629705681040383,23,call,6.7,0.0181,1.0101010101010102,crisis,American
AAPL,2008-06-25,173.25,180.0,2008-07-18,0.0629705681040383,23,call,4.65,0.0181,1.0389610389610389,crisis,American
AAPL,2008-06-25,173.25,185.0,2008-07-18,0.0629705681040383,23,call,3.125,0.0181,1.0678210678210678,crisis,American
AAPL,2008-06-25,173.25,190.0,2008-07-18,0.0629705681040383,23,call,2.06,0.0181,1.0966810966810967,crisis,American
AAPL,2008-07-02,174.68,160.0,2008-07-18,0.0438056125941136,16,call,16.4,0.0182,0.9159606136936111,crisis,American
AAPL,2008-07-02,174.68,165.0,2008-07-18,0.0438056125941136,16,call,12.3,0.0182,0.9445843828715365,crisis,American
AAPL,2008-07-02,174.68,170.0,2008-07-18,0.0438056125941136,16,call,8.725,0.0182,0.973208152049462,crisis,American
AAPL,2008-07-02,174.68,175.0,2008-07-18,0.0438056125941136,16,call,5.825,0.0182,1.0018319212273872,crisis,American
AAPL,2008-07-02,174.68,180.0,2008-07-18,0.0438056125941136,16,call,3.65,0.0182,1.0304556904053126,crisis,American
AAPL,2008-07-02,174.68,185.0,2008-07-18,0.0438056125941136,16,call,2.12,0.0182,1.0590794595832378,crisis,American
AAPL,2008-07-02,174.68,190.0,2008-07-18,0.0438056125941136,16,call,1.175,0.0182,1.0877032287611632,crisis,American
AAPL,2008-07-02,174.68,160.0,2008-08-15,0.1204654346338124,44,call,20.625,0.0182,0.9159606136936111,crisis,American
AAPL,2008-07-02,174.68,165.0,2008-08-15,0.1204654346338124,44,call,17.25,0.0182,0.9445843828715365,crisis,American
AAPL,2008-07-02,174.68,170.0,2008-08-15,0.1204654346338124,44,call,14.275,0.0182,0.973208152049462,crisis,American
AAPL,2008-07-02,174.68,175.0,2008-08-15,0.1204654346338124,44,call,11.6,0.0182,1.0018319212273872,crisis,American
AAPL,2008-07-02,174.68,180.0,2008-08-15,0.1204654346338124,44,call,9.2,0.0182,1.0304556904053126,crisis,American
AAPL,2008-07-02,174.68,185.0,2008-08-15,0.1204654346338124,44,call,7.2,0.0182,1.0590794595832378,crisis,American
AAPL,2008-07-02,174.68,190.0,2008-08-15,0.1204654346338124,44,call,5.5,0.0182,1.0877032287611632,crisis,American
AAPL,2008-07-10,174.25,160.0,2008-07-18,0.0219028062970568,8,call,15.5,0.0167,0.9182209469153516,crisis,American
AAPL,2008-07-10,174.25,165.0,2008-07-18,0.0219028062970568,8,call,11.375,0.0167,0.9469153515064562,crisis,American
AAPL,2008-07-10,174.25,170.0,2008-07-18,0.0219028062970568,8,call,7.825,0.0167,0.975609756097561,crisis,American
AAPL,2008-07-10,174.25,175.0,2008-07-18,0.0219028062970568,8,call,4.95,0.0167,1.0043041606886658,crisis,American
AAPL,2008-07-10,174.25,180.0,2008-07-18,0.0219028062970568,8,call,2.835,0.0167,1.0329985652797704,crisis,American
AAPL,2008-07-10,174.25,185.0,2008-07-18,0.0219028062970568,8,call,1.48,0.0167,1.0616929698708752,crisis,American
AAPL,2008-07-10,174.25,190.0,2008-07-18,0.0219028062970568,8,call,0.715,0.0167,1.09038737446198,crisis,American
AAPL,2008-07-10,174.25,160.0,2008-08-15,0.0985626283367556,36,call,20.25,0.0167,0.9182209469153516,crisis,American
AAPL,2008-07-10,174.25,165.0,2008-08-15,0.0985626283367556,36,call,16.925,0.0167,0.9469153515064562,crisis,American
AAPL,2008-07-10,174.25,170.0,2008-08-15,0.0985626283367556,36,call,13.95,0.0167,0.975609756097561,crisis,American
AAPL,2008-07-10,174.25,175.0,2008-08-15,0.0985626283367556,36,call,11.275,0.0167,1.0043041606886658,crisis,American
AAPL,2008-07-10,174.25,180.0,2008-08-15,0.0985626283367556,36,call,8.925,0.0167,1.0329985652797704,crisis,American
AAPL,2008-07-10,174.25,185.0,2008-08-15,0.0985626283367556,36,call,6.95,0.0167,1.0616929698708752,crisis,American
AAPL,2008-07-10,174.25,190.0,2008-08-15,0.0985626283367556,36,call,5.35,0.0167,1.09038737446198,crisis,American
AAPL,2008-07-17,172.81,160.0,2008-08-15,0.0793976728268309,29,call,18.0,0.0143,0.9258723453503848,crisis,American
AAPL,2008-07-17,172.81,165.0,2008-08-15,0.0793976728268309,29,call,14.65,0.0143,0.9548058561425844,crisis,American
AAPL,2008-07-17,172.81,170.0,2008-08-15,0.0793976728268309,29,call,11.625,0.0143,0.9837393669347838,crisis,American
AAPL,2008-07-17,172.81,175.0,2008-08-15,0.0793976728268309,29,call,9.0,0.0143,1.0126728777269831,crisis,American
AAPL,2008-07-17,172.81,180.0,2008-08-15,0.0793976728268309,29,call,6.775,0.0143,1.0416063885191829,crisis,American
AAPL,2008-07-17,172.81,185.0,2008-08-15,0.0793976728268309,29,call,4.95,0.0143,1.0705398993113824,crisis,American
AAPL,2008-07-17,172.81,190.0,2008-08-15,0.0793976728268309,29,call,3.5,0.0143,1.099473410103582,crisis,American
AAPL,2008-07-24,166.26,150.0,2008-08-15,0.0602327173169062,22,call,17.6,0.0165,0.9022013713460844,crisis,American
AAPL,2008-07-24,166.26,155.0,2008-08-15,0.0602327173169062,22,call,13.575,0.0165,0.932274750390954,crisis,American
AAPL,2008-07-24,166.26,160.0,2008-08-15,0.0602327173169062,22,call,9.95,0.0165,0.9623481294358236,crisis,American
AAPL,2008-07-24,166.26,165.0,2008-08-15,0.0602327173169062,22,call,6.9,0.0165,0.992421508480693,crisis,American
AAPL,2008-07-24,166.26,170.0,2008-08-15,0.0602327173169062,22,call,4.475,0.0165,1.0224948875255624,crisis,American
AAPL,2008-07-24,166.26,175.0,2008-08-15,0.0602327173169062,22,call,2.725,0.0165,1.052568266570432,crisis,American
AAPL,2008-07-24,166.26,180.0,2008-08-15,0.0602327173169062,22,call,1.535,0.0165,1.0826416456153014,crisis,American
AAPL,2008-07-24,166.26,150.0,2008-09-19,0.1560574948665297,57,call,20.525,0.0165,0.9022013713460844,crisis,American
AAPL,2008-07-24,166.26,155.0,2008-09-19,0.1560574948665297,57,call,16.975,0.0165,0.932274750390954,crisis,American
AAPL,2008-07-24,166.26,160.0,2008-09-19,0.1560574948665297,57,call,13.775,0.0165,0.9623481294358236,crisis,American
AAPL,2008-07-24,166.26,165.0,2008-09-19,0.1560574948665297,57,call,10.95,0.0165,0.992421508480693,crisis,American
AAPL,2008-07-24,166.26,170.0,2008-09-19,0.1560574948665297,57,call,8.5,0.0165,1.0224948875255624,crisis,American
AAPL,2008-07-24,166.26,175.0,2008-09-19,0.1560574948665297,57,call,6.475,0.0165,1.052568266570432,crisis,American
AAPL,2008-07-24,166.26,180.0,2008-09-19,0.1560574948665297,57,call,4.8,0.0165,1.0826416456153014,crisis,American
AAPL,2008-07-31,159.88,145.0,2008-08-15,0.0410677618069815,15,call,16.075,0.0168,0.9069301976482362,crisis,American
AAPL,2008-07-31,159.88,150.0,2008-08-15,0.0410677618069815,15,call,11.875,0.0168,0.9382036527395546,crisis,American
AAPL,2008-07-31,159.88,155.0,2008-08-15,0.0410677618069815,15,call,8.225,0.0168,0.9694771078308732,crisis,American
AAPL,2008-07-31,159.88,160.0,2008-08-15,0.0410677618069815,15,call,5.225,0.0168,1.0007505629221918,crisis,American
AAPL,2008-07-31,159.88,165.0,2008-08-15,0.0410677618069815,15,call,3.025,0.0168,1.03202401801351,crisis,American
AAPL,2008-07-31,159.88,170.0,2008-08-15,0.0410677618069815,15,call,1.57,0.0168,1.0632974731048286,crisis,American
AAPL,2008-07-31,159.88,175.0,2008-08-15,0.0410677618069815,15,call,0.765,0.0168,1.094570928196147,crisis,American
AAPL,2008-07-31,159.88,145.0,2008-09-19,0.136892539356605,50,call,19.075,0.0168,0.9069301976482362,crisis,American
AAPL,2008-07-31,159.88,150.0,2008-09-19,0.136892539356605,50,call,15.525,0.0168,0.9382036527395546,crisis,American
AAPL,2008-07-31,159.88,155.0,2008-09-19,0.136892539356605,50,call,12.375,0.0168,0.9694771078308732,crisis,American
AAPL,2008-07-31,159.88,160.0,2008-09-19,0.136892539356605,50,call,9.6,0.0168,1.0007505629221918,crisis,American
AAPL,2008-07-31,159.88,165.0,2008-09-19,0.136892539356605,50,call,7.225,0.0168,1.03202401801351,crisis,American
AAPL,2008-07-31,159.88,170.0,2008-09-19,0.136892539356605,50,call,5.275,0.0168,1.0632974731048286,crisis,American
AAPL,2008-07-31,159.88,175.0,2008-09-19,0.136892539356605,50,call,3.75,0.0168,1.094570928196147,crisis,American
AAPL,2008-08-07,164.19,150.0,2008-08-15,0.0219028062970568,8,call,14.875,0.0166,0.913575735428467,crisis,American
AAPL,2008-08-07,164.19,155.0,2008-08-15,0.0219028062970568,8,call,10.525,0.0166,0.9440282599427492,crisis,American
AAPL,2008-08-07,164.19,160.0,2008-08-15,0.0219028062970568,8,call,6.7,0.0166,0.9744807844570316,crisis,American
AAPL,2008-08-07,164.19,165.0,2008-08-15,0.0219028062970568,8,call,3.75,0.0166,1.0049333089713135,crisis,American
AAPL,2008-08-07,164.19,170.0,2008-08-15,0.0219028062970568,8,call,1.795,0.0166,1.035385833485596,crisis,American
AAPL,2008-08-07,164.19,175.0,2008-08-15,0.0219028062970568,8,call,0.74,0.0166,1.0658383579998782,crisis,American
AAPL,2008-08-07,164.19,180.0,2008-08-15,0.0219028062970568,8,call,0.275,0.0166,1.0962908825141604,crisis,American
AAPL,2008-08-07,164.19,150.0,2008-09-19,0.1177275838466803,43,call,18.075,0.0166,0.913575735428467,crisis,American
AAPL,2008-08-07,164.19,155.0,2008-09-19,0.1177275838466803,43,call,14.525,0.0166,0.9440282599427492,crisis,American
AAPL,2008-08-07,164.19,160.0,2008-09-19,0.1177275838466803,43,call,11.375,0.0166,0.9744807844570316,crisis,American
AAPL,2008-08-07,164.19,165.0,2008-09-19,0.1177275838466803,43,call,8.675,0.0166,1.0049333089713135,crisis,American
AAPL,2008-08-07,164.19,170.0,2008-09-19,0.1177275838466803,43,call,6.425,0.0166,1.035385833485596,crisis,American
AAPL,2008-08-07,164.19,175.0,2008-09-19,0.1177275838466803,43,call,4.6,0.0166,1.0658383579998782,crisis,American
AAPL,2008-08-07,164.19,180.0,2008-09-19,0.1177275838466803,43,call,3.2,0.0166,1.0962908825141604,crisis,American
AAPL,2008-08-14,179.3,165.0,2008-09-19,0.0985626283367556,36,call,17.975,0.0189,0.920245398773006,crisis,American
AAPL,2008-08-14,179.3,170.0,2008-09-19,0.0985626283367556,36,call,14.425,0.0189,0.9481316229782488,crisis,American
AAPL,2008-08-14,179.3,175.0,2008-09-19,0.0985626283367556,36,call,11.225,0.0189,0.9760178471834912,crisis,American
AAPL,2008-08-14,179.3,180.0,2008-09-19,0.0985626283367556,36,call,8.575,0.0189,1.003904071388734,crisis,American
AAPL,2008-08-14,179.3,185.0,2008-09-19,0.0985626283367556,36,call,6.325,0.0189,1.0317902955939766,crisis,American
AAPL,2008-08-14,179.3,190.0,2008-09-19,0.0985626283367556,36,call,4.5,0.0189,1.059676519799219,crisis,American
AAPL,2008-08-14,179.3,195.0,2008-09-19,0.0985626283367556,36,call,3.125,0.0189,1.0875627440044615,crisis,American
AAPL,2008-08-21,175.84,160.0,2008-09-19,0.0793976728268309,29,call,17.875,0.0172,0.9099181073703366,crisis,American
AAPL,2008-08-21,175.84,165.0,2008-09-19,0.0793976728268309,29,call,13.95,0.0172,0.9383530482256596,crisis,American
AAPL,2008-08-21,175.84,170.0,2008-09-19,0.0793976728268309,29,call,10.475,0.0172,0.9667879890809828,crisis,American
AAPL,2008-08-21,175.84,175.0,2008-09-19,0.0793976728268309,29,call,7.525,0.0172,0.9952229299363056,crisis,American
AAPL,2008-08-21,175.84,180.0,2008-09-19,0.0793976728268309,29,call,5.175,0.0172,1.0236578707916288,crisis,American
AAPL,2008-08-21,175.84,185.0,2008-09-19,0.0793976728268309,29,call,3.35,0.0172,1.0520928116469517,crisis,American
AAPL,2008-08-21,175.84,190.0,2008-09-19,0.0793976728268309,29,call,2.1,0.0172,1.0805277525022747,crisis,American
AAPL,2008-08-21,175.84,160.0,2008-10-17,0.1560574948665297,57,call,20.75,0.0172,0.9099181073703366,crisis,American
AAPL,2008-08-21,175.84,165.0,2008-10-17,0.1560574948665297,57,call,17.3,0.0172,0.9383530482256596,crisis,American
AAPL,2008-08-21,175.84,170.0,2008-10-17,0.1560574948665297,57,call,14.15,0.0172,0.9667879890809828,crisis,American
AAPL,2008-08-21,175.84,175.0,2008-10-17,0.1560574948665297,57,call,11.35,0.0172,0.9952229299363056,crisis,American
AAPL,2008-08-21,175.84,180.0,2008-10-17,0.1560574948665297,57,call,8.95,0.0172,1.0236578707916288,crisis,American
AAPL,2008-08-21,175.84,185.0,2008-10-17,0.1560574948665297,57,call,6.9,0.0172,1.0520928116469517,crisis,American
AAPL,2008-08-21,175.84,190.0,2008-10-17,0.1560574948665297,57,call,5.2,0.0172,1.0805277525022747,crisis,American
AAPL,2008-08-28,174.67,160.0,2008-09-19,0.0602327173169062,22,call,16.125,0.0174,0.916013053186008,crisis,American
AAPL,2008-08-28,174.67,165.0,2008-09-19,0.0602327173169062,22,call,12.025,0.0174,0.9446384610980708,crisis,American
AAPL,2008-08-28,174.67,170.0,2008-09-19,0.0602327173169062,22,call,8.475,0.0174,0.9732638690101336,crisis,American
AAPL,2008-08-28,174.67,175.0,2008-09-19,0.0602327173169062,22,call,5.55,0.0174,1.0018892769221963,crisis,American
AAPL,2008-08-28,174.67,180.0,2008-09-19,0.0602327173169062,22,call,3.4,0.0174,1.030514684834259,crisis,American
AAPL,2008-08-28,174.67,185.0,2008-09-19,0.0602327173169062,22,call,1.9,0.0174,1.0591400927463217,crisis,American
AAPL,2008-08-28,174.67,190.0,2008-09-19,0.0602327173169062,22,call,0.98,0.0174,1.0877655006583844,crisis,American
AAPL,2008-08-28,174.67,160.0,2008-10-17,0.136892539356605,50,call,18.95,0.0174,0.916013053186008,crisis,American
AAPL,2008-08-28,174.67,165.0,2008-10-17,0.136892539356605,50,call,15.4,0.0174,0.9446384610980708,crisis,American
AAPL,2008-08-28,174.67,170.0,2008-10-17,0.136892539356605,50,call,12.25,0.0174,0.9732638690101336,crisis,American
AAPL,2008-08-28,174.67,175.0,2008-10-17,0.136892539356605,50,call,9.575,0.0174,1.0018892769221963,crisis,American
AAPL,2008-08-28,174.67,180.0,2008-10-17,0.136892539356605,50,call,7.25,0.0174,1.030514684834259,crisis,American
AAPL,2008-08-28,174.67,185.0,2008-10-17,0.136892539356605,50,call,5.35,0.0174,1.0591400927463217,crisis,American
AAPL,2008-08-28,174.67,190.0,2008-10-17,0.136892539356605,50,call,3.875,0.0174,1.0877655006583844,crisis,American
AAPL,2008-09-05,161.22,150.0,2008-09-19,0.0383299110198494,14,call,13.4,0.0168,0.9304056568663938,crisis,American
AAPL,2008-09-05,161.22,155.0,2008-09-19,0.0383299110198494,14,call,9.7,0.0168,0.9614191787619402,crisis,American
AAPL,2008-09-05,161.22,160.0,2008-09-19,0.0383299110198494,14,call,6.65,0.0168,0.9924327006574868,crisis,American
AAPL,2008-09-05,161.22,165.0,2008-09-19,0.0383299110198494,14,call,4.3,0.0168,1.0234462225530332,crisis,American
AAPL,2008-09-05,161.22,170.0,2008-09-19,0.0383299110198494,14,call,2.62,0.0168,1.0544597444485797,crisis,American
AAPL,2008-09-05,161.22,175.0,2008-09-19,0.0383299110198494,14,call,1.495,0.0168,1.085473266344126,crisis,American
AAPL,2008-09-05,161.22,150.0,2008-10-17,0.1149897330595482,42,call,16.625,0.0168,0.9304056568663938,crisis,American
AAPL,2008-09-05,161.22,155.0,2008-10-17,0.1149897330595482,42,call,13.45,0.0168,0.9614191787619402,crisis,American
AAPL,2008-09-05,161.22,160.0,2008-10-17,0.1149897330595482,42,call,10.6,0.0168,0.9924327006574868,crisis,American
AAPL,2008-09-05,161.22,165.0,2008-10-17,0.1149897330595482,42,call,8.25,0.0168,1.0234462225530332,crisis,American
AAPL,2008-09-05,161.22,170.0,2008-10-17,0.1149897330595482,42,call,6.25,0.0168,1.0544597444485797,crisis,American
AAPL,2008-09-05,161.22,175.0,2008-10-17,0.1149897330595482,42,call,4.6,0.0168,1.085473266344126,crisis,American
AAPL,2008-09-12,152.65,140.0,2008-09-19,0.0191649555099247,7,call,13.325,0.0149,0.9171306911234852,crisis,American
AAPL,2008-09-12,152.65,145.0,2008-09-19,0.0191649555099247,7,call,9.125,0.0149,0.9498853586636096,crisis,American
AAPL,2008-09-12,152.65,150.0,2008-09-19,0.0191649555099247,7,call,5.6,0.0149,0.982640026203734,crisis,American
AAPL,2008-09-12,152.65,155.0,2008-09-19,0.0191649555099247,7,call,3.025,0.0149,1.0153946937438585,crisis,American
AAPL,2008-09-12,152.65,160.0,2008-09-19,0.0191649555099247,7,call,1.395,0.0149,1.048149361283983,crisis,American
AAPL,2008-09-12,152.65,165.0,2008-09-19,0.0191649555099247,7,call,0.57,0.0149,1.0809040288241074,crisis,American
AAPL,2008-09-12,152.65,140.0,2008-10-17,0.0958247775496235,35,call,16.6,0.0149,0.9171306911234852,crisis,American
AAPL,2008-09-12,152.65,145.0,2008-10-17,0.0958247775496235,35,call,13.175,0.0149,0.9498853586636096,crisis,American
AAPL,2008-09-12,152.65,150.0,2008-10-17,0.0958247775496235,35,call,10.125,0.0149,0.982640026203734,crisis,American
AAPL,2008-09-12,152.65,155.0,2008-10-17,0.0958247775496235,35,call,7.6,0.0149,1.0153946937438585,crisis,American
AAPL,2008-09-12,152.65,160.0,2008-10-17,0.0958247775496235,35,call,5.5,0.0149,1.048149361283983,crisis,American
AAPL,2008-09-12,152.65,165.0,2008-10-17,0.0958247775496235,35,call,3.85,0.0149,1.0809040288241074,crisis,American
AAPL,2008-09-19,134.09,125.0,2008-10-17,0.0766598220396988,28,call,13.725,0.0098999999999999,0.9322097098963382,crisis,American
AAPL,2008-09-19,134.09,130.0,2008-10-17,0.0766598220396988,28,call,10.55,0.0098999999999999,0.9694980982921918,crisis,American
AAPL,2008-09-19,134.09,135.0,2008-10-17,0.0766598220396988,28,call,7.975,0.0098999999999999,1.0067864866880454,crisis,American
AAPL,2008-09-19,134.09,140.0,2008-10-17,0.0766598220396988,28,call,5.7,0.0098999999999999,1.0440748750838988,crisis,American
AAPL,2008-09-19,134.09,145.0,2008-10-17,0.0766598220396988,28,call,4.175,0.0098999999999999,1.0813632634797523,crisis,American
AAPL,2008-09-26,131.93,120.0,2008-10-17,0.0574948665297741,21,call,15.375,0.0087,0.9095732585461987,crisis,American
AAPL,2008-09-26,131.93,125.0,2008-10-17,0.0574948665297741,21,call,11.875,0.0087,0.947472144318957,crisis,American
AAPL,2008-09-26,131.93,130.0,2008-10-17,0.0574948665297741,21,call,8.825,0.0087,0.9853710300917152,crisis,American
AAPL,2008-09-26,131.93,135.0,2008-10-17,0.0574948665297741,21,call,6.25,0.0087,1.0232699158644736,crisis,American
AAPL,2008-09-26,131.93,140.0,2008-10-17,0.0574948665297741,21,call,4.25,0.0087,1.0611688016372318,crisis,American
AAPL,2008-09-26,131.93,145.0,2008-10-17,0.0574948665297741,21,call,2.765,0.0087,1.09906768740999,crisis,American
AAPL,2008-09-26,131.93,120.0,2008-11-21,0.1533196440793976,56,call,19.225,0.0087,0.9095732585461987,crisis,American
AAPL,2008-09-26,131.93,125.0,2008-11-21,0.1533196440793976,56,call,16.075,0.0087,0.947472144318957,crisis,American
AAPL,2008-09-26,131.93,130.0,2008-11-21,0.1533196440793976,56,call,13.275,0.0087,0.9853710300917152,crisis,American
AAPL,2008-09-26,131.93,135.0,2008-11-21,0.1533196440793976,56,call,10.825,0.0087,1.0232699158644736,crisis,American
AAPL,2008-09-26,131.93,140.0,2008-11-21,0.1533196440793976,56,call,8.65,0.0087,1.0611688016372318,crisis,American
AAPL,2008-09-26,131.93,145.0,2008-11-21,0.1533196440793976,56,call,6.85,0.0087,1.09906768740999,crisis,American
AAPL,2008-10-03,100.1,95.0,2008-10-17,0.0383299110198494,14,call,10.65,0.0051,0.9490509490509492,crisis,American
AAPL,2008-10-03,100.1,100.0,2008-10-17,0.0383299110198494,14,call,7.85,0.0051,0.999000999000999,crisis,American
AAPL,2008-10-03,100.1,105.0,2008-10-17,0.0383299110198494,14,call,5.6,0.0051,1.048951048951049,crisis,American
AAPL,2008-10-03,100.1,110.0,2008-10-17,0.0383299110198494,14,call,3.8,0.0051,1.098901098901099,crisis,American
AAPL,2008-10-03,100.1,95.0,2008-11-21,0.1341546885694729,49,call,16.7,0.0051,0.9490509490509492,crisis,American
AAPL,2008-10-03,100.1,100.0,2008-11-21,0.1341546885694729,49,call,14.075,0.0051,0.999000999000999,crisis,American
AAPL,2008-10-03,100.1,105.0,2008-11-21,0.1341546885694729,49,call,11.85,0.0051,1.048951048951049,crisis,American
AAPL,2008-10-03,100.1,110.0,2008-11-21,0.1341546885694729,49,call,9.8,0.0051,1.098901098901099,crisis,American
AAPL,2008-10-10,88.74,80.0,2008-10-17,0.0191649555099247,7,call,12.05,0.0025,0.901510029299076,crisis,American
AAPL,2008-10-10,88.74,85.0,2008-10-17,0.0191649555099247,7,call,8.7,0.0025,0.9578544061302684,crisis,American
AAPL,2008-10-10,88.74,90.0,2008-10-17,0.0191649555099247,7,call,6.025,0.0025,1.0141987829614605,crisis,American
AAPL,2008-10-10,88.74,95.0,2008-10-17,0.0191649555099247,7,call,3.925,0.0025,1.070543159792653,crisis,American
AAPL,2008-10-10,88.74,80.0,2008-11-21,0.1149897330595482,42,call,18.225,0.0025,0.901510029299076,crisis,American
AAPL,2008-10-10,88.74,85.0,2008-11-21,0.1149897330595482,42,call,15.275,0.0025,0.9578544061302684,crisis,American
AAPL,2008-10-10,88.74,90.0,2008-11-21,0.1149897330595482,42,call,12.725,0.0025,1.0141987829614605,crisis,American
AAPL,2008-10-10,88.74,95.0,2008-11-21,0.1149897330595482,42,call,10.4,0.0025,1.070543159792653,crisis,American
AAPL,2008-10-21,98.44,90.0,2008-11-21,0.0848733744010951,31,call,14.55,0.011,0.914262494920764,crisis,American
AAPL,2008-10-21,98.44,95.0,2008-11-21,0.0848733744010951,31,call,11.525,0.011,0.9650548557496952,crisis,American
AAPL,2008-10-21,98.44,100.0,2008-11-21,0.0848733744010951,31,call,8.975,0.011,1.0158472165786263,crisis,American
AAPL,2008-10-21,98.44,105.0,2008-11-21,0.0848733744010951,31,call,6.8,0.011,1.066639577407558,crisis,American
AAPL,2008-10-21,98.44,90.0,2008-12-19,0.1615331964407939,59,call,16.575,0.011,0.914262494920764,crisis,American
AAPL,2008-10-21,98.44,95.0,2008-12-19,0.1615331964407939,59,call,13.7,0.011,0.9650548557496952,crisis,American
AAPL,2008-10-21,98.44,100.0,2008-12-19,0.1615331964407939,59,call,11.2,0.011,1.0158472165786263,crisis,American
AAPL,2008-10-21,98.44,105.0,2008-12-19,0.1615331964407939,59,call,9.025,0.011,1.066639577407558,crisis,American
AAPL,2008-10-28,92.09,85.0,2008-11-21,0.0657084188911704,24,call,11.425,0.0077,0.9230100988163752,crisis,American
AAPL,2008-10-28,92.09,90.0,2008-11-21,0.0657084188911704,24,call,8.225,0.0077,0.977304810511456,crisis,American
AAPL,2008-10-28,92.09,95.0,2008-11-21,0.0657084188911704,24,call,5.6,0.0077,1.031599522206537,crisis,American
AAPL,2008-10-28,92.09,100.0,2008-11-21,0.0657084188911704,24,call,3.575,0.0077,1.085894233901618,crisis,American
AAPL,2008-10-28,92.09,85.0,2008-12-19,0.1423682409308692,52,call,14.025,0.0077,0.9230100988163752,crisis,American
AAPL,2008-10-28,92.09,90.0,2008-12-19,0.1423682409308692,52,call,11.075,0.0077,0.977304810511456,crisis,American
AAPL,2008-10-28,92.09,95.0,2008-12-19,0.1423682409308692,52,call,8.575,0.0077,1.031599522206537,crisis,American
AAPL,2008-10-28,92.09,100.0,2008-12-19,0.1423682409308692,52,call,6.45,0.0077,1.085894233901618,crisis,American
AAPL,2008-11-04,106.96,100.0,2008-11-21,0.0465434633812457,17,call,10.625,0.0048,0.9349289454001496,crisis,American
AAPL,2008-11-04,106.96,105.0,2008-11-21,0.0465434633812457,17,call,7.475,0.0048,0.9816753926701572,crisis,American
AAPL,2008-11-04,106.96,110.0,2008-11-21,0.0465434633812457,17,call,4.9,0.0048,1.0284218399401646,crisis,American
AAPL,2008-11-04,106.96,115.0,2008-11-21,0.0465434633812457,17,call,3.075,0.0048,1.075168287210172,crisis,American
AAPL,2008-11-04,106.96,100.0,2008-12-19,0.1232032854209445,45,call,14.1,0.0048,0.9349289454001496,crisis,American
AAPL,2008-11-04,106.96,105.0,2008-12-19,0.1232032854209445,45,call,11.2,0.0048,0.9816753926701572,crisis,American
AAPL,2008-11-04,106.96,110.0,2008-12-19,0.1232032854209445,45,call,8.65,0.0048,1.0284218399401646,crisis,American
AAPL,2008-11-04,106.96,115.0,2008-12-19,0.1232032854209445,45,call,6.575,0.0048,1.075168287210172,crisis,American
AAPL,2008-11-11,95.88,90.0,2008-11-21,0.027378507871321,10,call,8.675,0.0029,0.9386733416770964,crisis,American
AAPL,2008-11-11,95.88,95.0,2008-11-21,0.027378507871321,10,call,5.575,0.0029,0.9908218606591572,crisis,American
AAPL,2008-11-11,95.88,100.0,2008-11-21,0.027378507871321,10,call,3.325,0.0029,1.0429703796412182,crisis,American
AAPL,2008-11-11,95.88,105.0,2008-11-21,0.027378507871321,10,call,1.79,0.0029,1.0951188986232792,crisis,American
AAPL,2008-11-11,95.88,90.0,2008-12-19,0.1040383299110198,38,call,12.525,0.0029,0.9386733416770964,crisis,American
AAPL,2008-11-11,95.88,95.0,2008-12-19,0.1040383299110198,38,call,9.7,0.0029,0.9908218606591572,crisis,American
AAPL,2008-11-11,95.88,100.0,2008-12-19,0.1040383299110198,38,call,7.3,0.0029,1.0429703796412182,crisis,American
AAPL,2008-11-11,95.88,105.0,2008-12-19,0.1040383299110198,38,call,5.35,0.0029,1.0951188986232792,crisis,American
AAPL,2008-11-18,88.14,80.0,2008-12-19,0.0848733744010951,31,call,13.325,0.0012,0.9076469253460404,crisis,American
AAPL,2008-11-18,88.14,85.0,2008-12-19,0.0848733744010951,31,call,10.275,0.0012,0.964374858180168,crisis,American
AAPL,2008-11-18,88.14,90.0,2008-12-19,0.0848733744010951,31,call,7.7,0.0012,1.0211027910142954,crisis,American
AAPL,2008-11-18,88.14,95.0,2008-12-19,0.0848733744010951,31,call,5.6,0.0012,1.077830723848423,crisis,American
AAPL,2008-11-18,88.14,80.0,2009-01-16,0.1615331964407939,59,call,15.975,0.0012,0.9076469253460404,crisis,American
AAPL,2008-11-18,88.14,85.0,2009-01-16,0.1615331964407939,59,call,13.125,0.0012,0.964374858180168,crisis,American
AAPL,2008-11-18,88.14,90.0,2009-01-16,0.1615331964407939,59,call,10.625,0.0012,1.0211027910142954,crisis,American
AAPL,2008-11-18,88.14,95.0,2009-01-16,0.1615331964407939,59,call,8.475,0.0012,1.077830723848423,crisis,American
AAPL,2008-11-25,92.95,85.0,2008-12-19,0.0657084188911704,24,call,12.15,0.001,0.914470145239376,crisis,American
AAPL,2008-11-25,92.95,90.0,2008-12-19,0.0657084188911704,24,call,8.975,0.001,0.9682625067240452,crisis,American
AAPL,2008-11-25,92.95,95.0,2008-12-19,0.0657084188911704,24,call,6.35,0.001,1.0220548682087145,crisis,American
AAPL,2008-11-25,92.95,100.0,2008-12-19,0.0657084188911704,24,call,4.25,0.001,1.0758472296933834,crisis,American
AAPL,2008-11-25,92.95,85.0,2009-01-16,0.1423682409308692,52,call,15.375,0.001,0.914470145239376,crisis,American
AAPL,2008-11-25,92.95,90.0,2009-01-16,0.1423682409308692,52,call,12.4,0.001,0.9682625067240452,crisis,American
AAPL,2008-11-25,92.95,95.0,2009-01-16,0.1423682409308692,52,call,9.825,0.001,1.0220548682087145,crisis,American
AAPL,2008-11-25,92.95,100.0,2009-01-16,0.1423682409308692,52,call,7.625,0.001,1.0758472296933834,crisis,American
AAPL,2008-12-03,92.47,85.0,2008-12-19,0.0438056125941136,16,call,10.875,0.0002,0.919217043365416,crisis,American
AAPL,2008-12-03,92.47,90.0,2008-12-19,0.0438056125941136,16,call,7.575,0.0002,0.9732886341516168,crisis,American
AAPL,2008-12-03,92.47,95.0,2008-12-19,0.0438056125941136,16,call,4.85,0.0002,1.0273602249378178,crisis,American
AAPL,2008-12-03,92.47,100.0,2008-12-19,0.0438056125941136,16,call,2.84,0.0002,1.0814318157240186,crisis,American
AAPL,2008-12-03,92.47,85.0,2009-01-16,0.1204654346338124,44,call,14.4,0.0002,0.919217043365416,crisis,American
AAPL,2008-12-03,92.47,90.0,2009-01-16,0.1204654346338124,44,call,11.4,0.0002,0.9732886341516168,crisis,American
AAPL,2008-12-03,92.47,95.0,2009-01-16,0.1204654346338124,44,call,8.8,0.0002,1.0273602249378178,crisis,American
AAPL,2008-12-10,100.06,95.0,2008-12-19,0.0246406570841889,9,call,7.7,0.0,0.949430341794923,crisis,American
AAPL,2008-12-10,100.06,105.0,2008-12-19,0.0246406570841889,9,call,2.45,0.0,1.049370377773336,crisis,American
AAPL,2008-12-10,100.06,110.0,2008-12-19,0.0246406570841889,9,call,1.115,0.0,1.0993403957625425,crisis,American
AAPL,2008-12-10,100.06,95.0,2009-01-16,0.1013004791238877,37,call,11.65,0.0,0.949430341794923,crisis,American
AAPL,2008-12-10,100.06,100.0,2009-01-16,0.1013004791238877,37,call,8.85,0.0,0.9994003597841296,crisis,American
AAPL,2008-12-10,100.06,105.0,2009-01-16,0.1013004791238877,37,call,6.475,0.0,1.049370377773336,crisis,American
AAPL,2008-12-10,100.06,110.0,2009-01-16,0.1013004791238877,37,call,4.6,0.0,1.0993403957625425,crisis,American
AAPL,2008-12-17,95.43,90.0,2009-01-16,0.082135523613963,30,call,10.125,0.0005,0.9430996541967934,crisis,American
AAPL,2008-12-17,95.43,95.0,2009-01-16,0.082135523613963,30,call,7.175,0.0005,0.9954940794299486,crisis,American
AAPL,2008-12-17,95.43,100.0,2009-01-16,0.082135523613963,30,call,4.9,0.0005,1.0478885046631037,crisis,American
AAPL,2008-12-24,86.38,80.0,2009-01-16,0.0629705681040383,23,call,8.95,0.0,0.926140310257004,crisis,American
AAPL,2008-12-24,86.38,85.0,2009-01-16,0.0629705681040383,23,call,5.775,0.0,0.9840240796480668,crisis,American
AAPL,2008-12-24,86.38,90.0,2009-01-16,0.0629705681040383,23,call,3.425,0.0,1.0419078490391296,crisis,American
AAPL,2008-12-24,86.38,95.0,2009-01-16,0.0629705681040383,23,call,1.81,0.0,1.099791618430192,crisis,American
AAPL,2008-12-24,86.38,80.0,2009-02-20,0.1587953456536618,58,call,12.25,0.0,0.926140310257004,crisis,American
AAPL,2008-12-24,86.38,85.0,2009-02-20,0.1587953456536618,58,call,9.35,0.0,0.9840240796480668,crisis,American
AAPL,2008-12-24,86.38,90.0,2009-02-20,0.1587953456536618,58,call,6.95,0.0,1.0419078490391296,crisis,American
AAPL,2008-12-24,86.38,95.0,2009-02-20,0.1587953456536618,58,call,4.975,0.0,1.099791618430192,crisis,American
AAPL,2009-01-02,85.35,80.0,2009-01-16,0.0383299110198494,14,call,7.65,0.0008,0.9373169302870532,crisis,American
AAPL,2009-01-02,85.35,85.0,2009-01-16,0.0383299110198494,14,call,4.525,0.0008,0.9958992384299942,crisis,American
AAPL,2009-01-02,85.35,90.0,2009-01-16,0.0383299110198494,14,call,2.4,0.0008,1.0544815465729351,crisis,American
AAPL,2009-01-02,85.35,80.0,2009-02-20,0.1341546885694729,49,call,11.125,0.0008,0.9373169302870532,crisis,American
AAPL,2009-01-02,85.35,85.0,2009-02-20,0.1341546885694729,49,call,8.3,0.0008,0.9958992384299942,crisis,American
AAPL,2009-01-02,85.35,90.0,2009-02-20,0.1341546885694729,49,call,5.95,0.0008,1.0544815465729351,crisis,American
AAPL,2009-01-09,92.7,85.0,2009-01-16,0.0191649555099247,7,call,8.5,0.0007,0.9169363538295576,crisis,American
AAPL,2009-01-09,92.7,90.0,2009-01-16,0.0191649555099247,7,call,4.6,0.0007,0.970873786407767,crisis,American
AAPL,2009-01-09,92.7,95.0,2009-01-16,0.0191649555099247,7,call,1.92,0.0007,1.0248112189859762,crisis,American
AAPL,2009-01-09,92.7,100.0,2009-01-16,0.0191649555099247,7,call,0.64,0.0007,1.0787486515641855,crisis,American
AAPL,2009-01-09,92.7,85.0,2009-02-20,0.1149897330595482,42,call,12.325,0.0007,0.9169363538295576,crisis,American
AAPL,2009-01-09,92.7,90.0,2009-02-20,0.1149897330595482,42,call,9.275,0.0007,0.970873786407767,crisis,American
AAPL,2009-01-09,92.7,95.0,2009-02-20,0.1149897330595482,42,call,6.75,0.0007,1.0248112189859762,crisis,American
AAPL,2009-01-09,92.7,100.0,2009-02-20,0.1149897330595482,42,call,4.75,0.0007,1.0787486515641855,crisis,American
AAPL,2009-01-16,83.38,80.0,2009-02-20,0.0958247775496235,35,call,8.5,0.0012,0.9594627008875032,crisis,American
AAPL,2009-01-16,83.38,85.0,2009-02-20,0.0958247775496235,35,call,5.825,0.0012,1.019429119692972,crisis,American
AAPL,2009-01-16,83.38,90.0,2009-02-20,0.0958247775496235,35,call,3.775,0.0012,1.0793955384984408,crisis,American
AAPL,2009-01-26,88.36,80.0,2009-02-20,0.0684462696783025,25,call,9.825,0.0014,0.9053870529651428,crisis,American
AAPL,2009-01-26,88.36,85.0,2009-02-20,0.0684462696783025,25,call,6.2,0.0014,0.961973743775464,crisis,American
AAPL,2009-01-26,88.36,90.0,2009-02-20,0.0684462696783025,25,call,3.45,0.0014,1.0185604345857855,crisis,American
AAPL,2009-01-26,88.36,95.0,2009-02-20,0.0684462696783025,25,call,1.675,0.0014,1.075147125396107,crisis,American
AAPL,2009-01-26,88.36,80.0,2009-03-20,0.1451060917180013,53,call,11.675,0.0014,0.9053870529651428,crisis,American
AAPL,2009-01-26,88.36,85.0,2009-03-20,0.1451060917180013,53,call,8.375,0.0014,0.961973743775464,crisis,American
AAPL,2009-01-26,88.36,90.0,2009-03-20,0.1451060917180013,53,call,5.7,0.0014,1.0185604345857855,crisis,American
AAPL,2009-01-26,88.36,95.0,2009-03-20,0.1451060917180013,53,call,3.65,0.0014,1.075147125396107,crisis,American
AAPL,2009-02-02,90.13,90.0,2009-02-20,0.0492813141683778,18,call,3.825,0.0027,0.9985576389659382,crisis,American
AAPL,2009-02-02,90.13,95.0,2009-02-20,0.0492813141683778,18,call,1.75,0.0027,1.054033063352935,crisis,American
AAPL,2009-02-02,90.13,85.0,2009-03-20,0.1259411362080766,46,call,9.275,0.0027,0.9430822145789416,crisis,American
AAPL,2009-02-02,90.13,90.0,2009-03-20,0.1259411362080766,46,call,6.35,0.0027,0.9985576389659382,crisis,American
AAPL,2009-02-02,90.13,95.0,2009-03-20,0.1259411362080766,46,call,4.075,0.0027,1.054033063352935,crisis,American
AAPL,2009-02-09,99.72,90.0,2009-02-20,0.0301163586584531,11,call,10.45,0.0032,0.9025270758122744,crisis,American
AAPL,2009-02-09,99.72,95.0,2009-02-20,0.0301163586584531,11,call,6.25,0.0032,0.9526674689129564,crisis,American
AAPL,2009-02-09,99.72,100.0,2009-02-20,0.0301163586584531,11,call,3.125,0.0032,1.0028078620136385,crisis,American
AAPL,2009-02-09,99.72,105.0,2009-02-20,0.0301163586584531,11,call,1.315,0.0032,1.05294825511432,crisis,American
AAPL,2009-02-09,99.72,90.0,2009-03-20,0.1067761806981519,39,call,12.45,0.0032,0.9025270758122744,crisis,American
AAPL,2009-02-09,99.72,95.0,2009-03-20,0.1067761806981519,39,call,8.925,0.0032,0.9526674689129564,crisis,American
AAPL,2009-02-09,99.72,100.0,2009-03-20,0.1067761806981519,39,call,6.025,0.0032,1.0028078620136385,crisis,American
AAPL,2009-02-09,99.72,105.0,2009-03-20,0.1067761806981519,39,call,3.825,0.0032,1.05294825511432,crisis,American
AAPL,2009-02-17,99.16,90.0,2009-03-20,0.0848733744010951,31,call,11.5,0.0032,0.9076240419524002,crisis,American
AAPL,2009-02-17,99.16,95.0,2009-03-20,0.0848733744010951,31,call,8.025,0.0032,0.9580475998386446,crisis,American
AAPL,2009-02-17,99.16,100.0,2009-03-20,0.0848733744010951,31,call,5.25,0.0032,1.008471157724889,crisis,American
AAPL,2009-02-17,99.16,105.0,2009-03-20,0.0848733744010951,31,call,3.175,0.0032,1.0588947156111337,crisis,American
AAPL,2009-02-17,99.16,90.0,2009-04-17,0.1615331964407939,59,call,13.45,0.0032,0.9076240419524002,crisis,American
AAPL,2009-02-17,99.16,95.0,2009-04-17,0.1615331964407939,59,call,10.2,0.0032,0.9580475998386446,crisis,American
AAPL,2009-02-17,99.16,100.0,2009-04-17,0.1615331964407939,59,call,7.45,0.0032,1.008471157724889,crisis,American
AAPL,2009-02-17,99.16,105.0,2009-04-17,0.1615331964407939,59,call,5.175,0.0032,1.0588947156111337,crisis,American
AAPL,2009-02-24,86.95,80.0,2009-03-20,0.0657084188911704,24,call,9.425,0.0032,0.920069005175388,crisis,American
AAPL,2009-02-24,86.95,85.0,2009-03-20,0.0657084188911704,24,call,6.075,0.0032,0.9775733179988498,crisis,American
AAPL,2009-02-24,86.95,90.0,2009-03-20,0.0657084188911704,24,call,3.6,0.0032,1.0350776308223115,crisis,American
AAPL,2009-02-24,86.95,95.0,2009-03-20,0.0657084188911704,24,call,1.955,0.0032,1.092581943645773,crisis,American
AAPL,2009-02-24,86.95,80.0,2009-04-17,0.1423682409308692,52,call,11.35,0.0032,0.920069005175388,crisis,American
AAPL,2009-02-24,86.95,85.0,2009-04-17,0.1423682409308692,52,call,8.25,0.0032,0.9775733179988498,crisis,American
AAPL,2009-02-24,86.95,90.0,2009-04-17,0.1423682409308692,52,call,5.75,0.0032,1.0350776308223115,crisis,American
AAPL,2009-02-24,86.95,95.0,2009-04-17,0.1423682409308692,52,call,3.85,0.0032,1.092581943645773,crisis,American
AAPL,2009-03-03,87.94,80.0,2009-03-20,0.0465434633812457,17,call,9.775,0.0027,0.9097111667045712,crisis,American
AAPL,2009-03-03,87.94,85.0,2009-03-20,0.0465434633812457,17,call,6.275,0.0027,0.966568114623607,crisis,American
AAPL,2009-03-03,87.94,90.0,2009-03-20,0.0465434633812457,17,call,3.625,0.0027,1.0234250625426426,crisis,American
AAPL,2009-03-03,87.94,95.0,2009-03-20,0.0465434633812457,17,call,1.775,0.0027,1.0802820104616784,crisis,American
AAPL,2009-03-03,87.94,80.0,2009-04-17,0.1232032854209445,45,call,11.8,0.0027,0.9097111667045712,crisis,American
AAPL,2009-03-03,87.94,85.0,2009-04-17,0.1232032854209445,45,call,8.575,0.0027,0.966568114623607,crisis,American
AAPL,2009-03-03,87.94,90.0,2009-04-17,0.1232032854209445,45,call,5.925,0.0027,1.0234250625426426,crisis,American
AAPL,2009-03-03,87.94,95.0,2009-04-17,0.1232032854209445,45,call,3.875,0.0027,1.0802820104616784,crisis,American
AAPL,2009-03-10,83.11,75.0,2009-03-20,0.027378507871321,10,call,9.325,0.0024,0.9024184815305016,crisis,American
AAPL,2009-03-10,83.11,80.0,2009-03-20,0.027378507871321,10,call,5.65,0.0024,0.9625797136325352,crisis,American
AAPL,2009-03-10,83.11,85.0,2009-03-20,0.027378507871321,10,call,2.97,0.0024,1.0227409457345686,crisis,American
AAPL,2009-03-10,83.11,90.0,2009-03-20,0.027378507871321,10,call,1.29,0.0024,1.082902177836602,crisis,American
AAPL,2009-03-10,83.11,75.0,2009-04-17,0.1040383299110198,38,call,11.45,0.0024,0.9024184815305016,crisis,American
AAPL,2009-03-10,83.11,80.0,2009-04-17,0.1040383299110198,38,call,8.2,0.0024,0.9625797136325352,crisis,American
AAPL,2009-03-10,83.11,85.0,2009-04-17,0.1040383299110198,38,call,5.55,0.0024,1.0227409457345686,crisis,American
AAPL,2009-03-10,83.11,90.0,2009-04-17,0.1040383299110198,38,call,3.5,0.0024,1.082902177836602,crisis,American
AAPL,2009-03-17,95.42,90.0,2009-04-17,0.0848733744010951,31,call,8.975,0.0024,0.9431984908824146,crisis,American
AAPL,2009-03-17,95.42,95.0,2009-04-17,0.0848733744010951,31,call,5.85,0.0024,0.9955984070425488,crisis,American
AAPL,2009-03-17,95.42,100.0,2009-04-17,0.0848733744010951,31,call,3.5,0.0024,1.0479983232026828,crisis,American
AAPL,2009-03-24,107.66,100.0,2009-04-17,0.0657084188911704,24,call,9.975,0.0021,0.9288500835965076,crisis,American
AAPL,2009-03-24,107.66,105.0,2009-04-17,0.0657084188911704,24,call,6.625,0.0021,0.9752925877763328,crisis,American
AAPL,2009-03-24,107.66,110.0,2009-04-17,0.0657084188911704,24,call,3.975,0.0021,1.0217350919561583,crisis,American
AAPL,2009-03-24,107.66,115.0,2009-04-17,0.0657084188911704,24,call,2.145,0.0021,1.0681775961359836,crisis,American
AAPL,2009-03-31,104.49,95.0,2009-04-17,0.0465434633812457,17,call,10.775,0.0021,0.9091779117618912,crisis,American
AAPL,2009-03-31,104.49,100.0,2009-04-17,0.0465434633812457,17,call,7.025,0.0021,0.9570293808019906,crisis,American
AAPL,2009-03-31,104.49,105.0,2009-04-17,0.0465434633812457,17,call,4.075,0.0021,1.0048808498420905,crisis,American
AAPL,2009-03-31,104.49,110.0,2009-04-17,0.0465434633812457,17,call,2.075,0.0021,1.0527323188821898,crisis,American
AAPL,2009-03-31,104.49,95.0,2009-05-15,0.1232032854209445,45,call,13.525,0.0021,0.9091779117618912,crisis,American
AAPL,2009-03-31,104.49,100.0,2009-05-15,0.1232032854209445,45,call,10.3,0.0021,0.9570293808019906,crisis,American
AAPL,2009-03-31,104.49,105.0,2009-05-15,0.1232032854209445,45,call,7.525,0.0021,1.0048808498420905,crisis,American
AAPL,2009-03-31,104.49,110.0,2009-05-15,0.1232032854209445,45,call,5.3,0.0021,1.0527323188821898,crisis,American
AAPL,2009-04-07,118.45,110.0,2009-04-17,0.027378507871321,10,call,9.45,0.002,0.9286618826509077,crisis,American
AAPL,2009-04-07,118.45,115.0,2009-04-17,0.027378507871321,10,call,5.675,0.002,0.970873786407767,crisis,American
AAPL,2009-04-07,118.45,120.0,2009-04-17,0.027378507871321,10,call,2.915,0.002,1.0130856901646264,crisis,American
AAPL,2009-04-07,118.45,125.0,2009-04-17,0.027378507871321,10,call,1.255,0.002,1.055297593921486,crisis,American
AAPL,2009-04-07,118.45,130.0,2009-04-17,0.027378507871321,10,call,0.49,0.002,1.0975094976783453,crisis,American
AAPL,2009-04-07,118.45,110.0,2009-05-15,0.1040383299110198,38,call,13.175,0.002,0.9286618826509077,crisis,American
AAPL,2009-04-07,118.45,115.0,2009-05-15,0.1040383299110198,38,call,10.075,0.002,0.970873786407767,crisis,American
AAPL,2009-04-07,118.45,120.0,2009-05-15,0.1040383299110198,38,call,7.4,0.002,1.0130856901646264,crisis,American
AAPL,2009-04-07,118.45,125.0,2009-05-15,0.1040383299110198,38,call,5.325,0.002,1.055297593921486,crisis,American
AAPL,2009-04-07,118.45,130.0,2009-05-15,0.1040383299110198,38,call,3.65,0.002,1.0975094976783453,crisis,American
AAPL,2009-04-15,118.31,110.0,2009-05-15,0.082135523613963,30,call,12.225,0.0015,0.929760797903812,crisis,American
AAPL,2009-04-15,118.31,115.0,2009-05-15,0.082135523613963,30,call,9.05,0.0015,0.9720226523539852,crisis,American
AAPL,2009-04-15,118.31,120.0,2009-05-15,0.082135523613963,30,call,6.45,0.0015,1.0142845068041586,crisis,American
AAPL,2009-04-15,118.31,125.0,2009-05-15,0.082135523613963,30,call,4.4,0.0015,1.0565463612543318,crisis,American
AAPL,2009-04-15,118.31,130.0,2009-05-15,0.082135523613963,30,call,2.89,0.0015,1.0988082157045052,crisis,American
AAPL,2009-04-22,121.76,110.0,2009-05-15,0.0629705681040383,23,call,13.925,0.0014,0.9034165571616294,crisis,American
AAPL,2009-04-22,121.76,115.0,2009-05-15,0.0629705681040383,23,call,10.25,0.0014,0.9444809461235216,crisis,American
AAPL,2009-04-22,121.76,120.0,2009-05-15,0.0629705681040383,23,call,7.2,0.0014,0.985545335085414,crisis,American
AAPL,2009-04-22,121.76,125.0,2009-05-15,0.0629705681040383,23,call,4.75,0.0014,1.0266097240473062,crisis,American
AAPL,2009-04-22,121.76,130.0,2009-05-15,0.0629705681040383,23,call,2.965,0.0014,1.0676741130091985,crisis,American
AAPL,2009-04-29,123.902,115.0,2009-05-15,0.0438056125941136,16,call,10.2,0.0011,0.928152895029943,crisis,American
AAPL,2009-04-29,123.902,120.0,2009-05-15,0.0438056125941136,16,call,6.425,0.0011,0.968507368726897,crisis,American
AAPL,2009-04-29,123.902,125.0,2009-05-15,0.0438056125941136,16,call,3.55,0.0011,1.0088618424238511,crisis,American
AAPL,2009-04-29,123.902,130.0,2009-05-15,0.0438056125941136,16,call,1.705,0.0011,1.0492163161208052,crisis,American
AAPL,2009-04-29,123.902,135.0,2009-05-15,0.0438056125941136,16,call,0.715,0.0011,1.0895707898177591,crisis,American
AAPL,2009-04-29,123.902,115.0,2009-06-19,0.1396303901437371,51,call,13.2,0.0011,0.928152895029943,crisis,American
AAPL,2009-04-29,123.902,120.0,2009-06-19,0.1396303901437371,51,call,9.975,0.0011,0.968507368726897,crisis,American
AAPL,2009-04-29,123.902,125.0,2009-06-19,0.1396303901437371,51,call,7.25,0.0011,1.0088618424238511,crisis,American
AAPL,2009-04-29,123.902,130.0,2009-06-19,0.1396303901437371,51,call,5.1,0.0011,1.0492163161208052,crisis,American
AAPL,2009-04-29,123.902,135.0,2009-06-19,0.1396303901437371,51,call,3.45,0.0011,1.0895707898177591,crisis,American
AAPL,2009-05-06,132.71,120.0,2009-05-15,0.0246406570841889,9,call,13.025,0.0019,0.9042272624519628,crisis,American
AAPL,2009-05-06,132.71,125.0,2009-05-15,0.0246406570841889,9,call,8.525,0.0019,0.9419033983874612,crisis,American
AAPL,2009-05-06,132.71,130.0,2009-05-15,0.0246406570841889,9,call,4.775,0.0019,0.9795795343229596,crisis,American
AAPL,2009-05-06,132.71,135.0,2009-05-15,0.0246406570841889,9,call,2.165,0.0019,1.0172556702584583,crisis,American
AAPL,2009-05-06,132.71,140.0,2009-05-15,0.0246406570841889,9,call,0.765,0.0019,1.0549318061939568,crisis,American
AAPL,2009-05-06,132.71,145.0,2009-05-15,0.0246406570841889,9,call,0.23,0.0019,1.0926079421294552,crisis,American
AAPL,2009-05-06,132.71,120.0,2009-06-19,0.1204654346338124,44,call,15.425,0.0019,0.9042272624519628,crisis,American
AAPL,2009-05-06,132.71,125.0,2009-06-19,0.1204654346338124,44,call,11.75,0.0019,0.9419033983874612,crisis,American
AAPL,2009-05-06,132.71,130.0,2009-06-19,0.1204654346338124,44,call,8.625,0.0019,0.9795795343229596,crisis,American
AAPL,2009-05-06,132.71,135.0,2009-06-19,0.1204654346338124,44,call,6.025,0.0019,1.0172556702584583,crisis,American
AAPL,2009-05-06,132.71,140.0,2009-06-19,0.1204654346338124,44,call,4.05,0.0019,1.0549318061939568,crisis,American
AAPL,2009-05-06,132.71,145.0,2009-06-19,0.1204654346338124,44,call,2.595,0.0019,1.0926079421294552,crisis,American
AAPL,2009-05-13,124.42,115.0,2009-06-19,0.1013004791238877,37,call,12.8,0.0017,0.924288699565986,crisis,American
AAPL,2009-05-13,124.42,120.0,2009-06-19,0.1013004791238877,37,call,9.425,0.0017,0.9644751647645072,crisis,American
AAPL,2009-05-13,124.42,125.0,2009-06-19,0.1013004791238877,37,call,6.65,0.0017,1.0046616299630284,crisis,American
AAPL,2009-05-13,124.42,130.0,2009-06-19,0.1013004791238877,37,call,4.4,0.0017,1.0448480951615495,crisis,American
AAPL,2009-05-13,124.42,135.0,2009-06-19,0.1013004791238877,37,call,2.785,0.0017,1.0850345603600706,crisis,American
AAPL,2009-05-20,127.45,115.0,2009-06-19,0.082135523613963,30,call,13.975,0.0018,0.902314633189486,crisis,American
AAPL,2009-05-20,127.45,120.0,2009-06-19,0.082135523613963,30,call,10.05,0.0018,0.9415457041977244,crisis,American
AAPL,2009-05-20,127.45,125.0,2009-06-19,0.082135523613963,30,call,6.675,0.0018,0.9807767752059632,crisis,American
AAPL,2009-05-20,127.45,130.0,2009-06-19,0.082135523613963,30,call,4.15,0.0018,1.0200078462142017,crisis,American
AAPL,2009-05-20,127.45,135.0,2009-06-19,0.082135523613963,30,call,2.32,0.0018,1.05923891722244,crisis,American
AAPL,2009-05-20,127.45,140.0,2009-06-19,0.082135523613963,30,call,1.21,0.0018,1.0984699882306788,crisis,American
AAPL,2009-05-20,127.45,115.0,2009-07-17,0.1587953456536618,58,call,15.675,0.0018,0.902314633189486,crisis,American
AAPL,2009-05-20,127.45,120.0,2009-07-17,0.1587953456536618,58,call,12.125,0.0018,0.9415457041977244,crisis,American
AAPL,2009-05-20,127.45,125.0,2009-07-17,0.1587953456536618,58,call,9.025,0.0018,0.9807767752059632,crisis,American
AAPL,2009-05-20,127.45,130.0,2009-07-17,0.1587953456536618,58,call,6.45,0.0018,1.0200078462142017,crisis,American
AAPL,2009-05-20,127.45,135.0,2009-07-17,0.1587953456536618,58,call,4.45,0.0018,1.05923891722244,crisis,American
AAPL,2009-05-20,127.45,140.0,2009-07-17,0.1587953456536618,58,call,2.935,0.0018,1.0984699882306788,crisis,American
AAPL,2009-05-28,133.05,120.0,2009-06-19,0.0602327173169062,22,call,14.225,0.0015,0.9019165727170236,crisis,American
AAPL,2009-05-28,133.05,125.0,2009-06-19,0.0602327173169062,22,call,10.175,0.0015,0.9394964299135664,crisis,American
AAPL,2009-05-28,133.05,130.0,2009-06-19,0.0602327173169062,22,call,6.775,0.0015,0.9770762871101089,crisis,American
AAPL,2009-05-28,133.05,135.0,2009-06-19,0.0602327173169062,22,call,4.1,0.0015,1.0146561443066515,crisis,American
AAPL,2009-05-28,133.05,140.0,2009-06-19,0.0602327173169062,22,call,2.275,0.0015,1.0522360015031942,crisis,American
AAPL,2009-05-28,133.05,145.0,2009-06-19,0.0602327173169062,22,call,1.18,0.0015,1.0898158586997369,crisis,American
AAPL,2009-05-28,133.05,120.0,2009-07-17,0.136892539356605,50,call,16.15,0.0015,0.9019165727170236,crisis,American
AAPL,2009-05-28,133.05,125.0,2009-07-17,0.136892539356605,50,call,12.55,0.0015,0.9394964299135664,crisis,American
AAPL,2009-05-28,133.05,130.0,2009-07-17,0.136892539356605,50,call,9.425,0.0015,0.9770762871101089,crisis,American
AAPL,2009-05-28,133.05,135.0,2009-07-17,0.136892539356605,50,call,6.8,0.0015,1.0146561443066515,crisis,American
AAPL,2009-05-28,133.05,140.0,2009-07-17,0.136892539356605,50,call,4.75,0.0015,1.0522360015031942,crisis,American
AAPL,2009-05-28,133.05,145.0,2009-07-17,0.136892539356605,50,call,3.2,0.0015,1.0898158586997369,crisis,American
AAPL,2009-06-04,140.95,130.0,2009-06-19,0.0410677618069815,15,call,12.3,0.0014,0.9223128769067046,crisis,American
AAPL,2009-06-04,140.95,135.0,2009-06-19,0.0410677618069815,15,call,8.35,0.0014,0.957786449095424,crisis,American
AAPL,2009-06-04,140.95,140.0,2009-06-19,0.0410677618069815,15,call,5.2,0.0014,0.9932600212841434,crisis,American
AAPL,2009-06-04,140.95,145.0,2009-06-19,0.0410677618069815,15,call,2.975,0.0014,1.0287335934728628,crisis,American
AAPL,2009-06-04,140.95,150.0,2009-06-19,0.0410677618069815,15,call,1.555,0.0014,1.064207165661582,crisis,American
AAPL,2009-06-04,140.95,155.0,2009-06-19,0.0410677618069815,15,call,0.775,0.0014,1.0996807378503015,crisis,American
AAPL,2009-06-04,140.95,130.0,2009-07-17,0.1177275838466803,43,call,14.85,0.0014,0.9223128769067046,crisis,American
AAPL,2009-06-04,140.95,135.0,2009-07-17,0.1177275838466803,43,call,11.45,0.0014,0.957786449095424,crisis,American
AAPL,2009-06-04,140.95,140.0,2009-07-17,0.1177275838466803,43,call,8.55,0.0014,0.9932600212841434,crisis,American
AAPL,2009-06-04,140.95,145.0,2009-07-17,0.1177275838466803,43,call,6.2,0.0014,1.0287335934728628,crisis,American
AAPL,2009-06-04,140.95,150.0,2009-07-17,0.1177275838466803,43,call,4.35,0.0014,1.064207165661582,crisis,American
AAPL,2009-06-04,140.95,155.0,2009-07-17,0.1177275838466803,43,call,2.97,0.0014,1.0996807378503015,crisis,American
AAPL,2009-06-11,140.25,130.0,2009-06-19,0.0219028062970568,8,call,10.675,0.0019,0.926916221033868,crisis,American
AAPL,2009-06-11,140.25,135.0,2009-06-19,0.0219028062970568,8,call,6.4,0.0019,0.962566844919786,crisis,American
AAPL,2009-06-11,140.25,140.0,2009-06-19,0.0219028062970568,8,call,3.175,0.0019,0.998217468805704,crisis,American
AAPL,2009-06-11,140.25,145.0,2009-06-19,0.0219028062970568,8,call,1.31,0.0019,1.0338680926916222,crisis,American
AAPL,2009-06-11,140.25,150.0,2009-06-19,0.0219028062970568,8,call,0.5,0.0019,1.0695187165775402,crisis,American
AAPL,2009-06-11,140.25,130.0,2009-07-17,0.0985626283367556,36,call,13.225,0.0019,0.926916221033868,crisis,American
AAPL,2009-06-11,140.25,135.0,2009-07-17,0.0985626283367556,36,call,9.8,0.0019,0.962566844919786,crisis,American
AAPL,2009-06-11,140.25,140.0,2009-07-17,0.0985626283367556,36,call,6.925,0.0019,0.998217468805704,crisis,American
AAPL,2009-06-11,140.25,145.0,2009-07-17,0.0985626283367556,36,call,4.7,0.0019,1.0338680926916222,crisis,American
AAPL,2009-06-11,140.25,150.0,2009-07-17,0.0985626283367556,36,call,3.075,0.0019,1.0695187165775402,crisis,American
AAPL,2009-06-18,135.58,125.0,2009-07-17,0.0793976728268309,29,call,13.15,0.0018,0.9219648915769286,crisis,American
AAPL,2009-06-18,135.58,130.0,2009-07-17,0.0793976728268309,29,call,9.575,0.0018,0.9588434872400058,crisis,American
AAPL,2009-06-18,135.58,135.0,2009-07-17,0.0793976728268309,29,call,6.6,0.0018,0.995722082903083,crisis,American
AAPL,2009-06-18,135.58,140.0,2009-07-17,0.0793976728268309,29,call,4.275,0.0018,1.03260067856616,crisis,American
AAPL,2009-06-18,135.58,145.0,2009-07-17,0.0793976728268309,29,call,2.655,0.0018,1.0694792742292372,crisis,American
AAPL,2009-06-25,136.22,125.0,2009-07-17,0.0602327173169062,22,call,12.6,0.0018,0.9176332403464984,crisis,American
AAPL,2009-06-25,136.22,130.0,2009-07-17,0.0602327173169062,22,call,8.65,0.0018,0.9543385699603584,crisis,American
AAPL,2009-06-25,136.22,135.0,2009-07-17,0.0602327173169062,22,call,5.425,0.0018,0.9910438995742182,crisis,American
AAPL,2009-06-25,136.22,140.0,2009-07-17,0.0602327173169062,22,call,3.075,0.0018,1.027749229188078,crisis,American
AAPL,2009-06-25,136.22,145.0,2009-07-17,0.0602327173169062,22,call,1.59,0.0018,1.064454558801938,crisis,American
AAPL,2009-06-25,136.22,125.0,2009-08-21,0.1560574948665297,57,call,15.625,0.0018,0.9176332403464984,crisis,American
AAPL,2009-06-25,136.22,130.0,2009-08-21,0.1560574948665297,57,call,12.25,0.0018,0.9543385699603584,crisis,American
AAPL,2009-06-25,136.22,135.0,2009-08-21,0.1560574948665297,57,call,9.35,0.0018,0.9910438995742182,crisis,American
AAPL,2009-06-25,136.22,140.0,2009-08-21,0.1560574948665297,57,call,6.95,0.0018,1.027749229188078,crisis,American
AAPL,2009-06-25,136.22,145.0,2009-08-21,0.1560574948665297,57,call,5.0,0.0018,1.064454558801938,crisis,American
AAPL,2009-07-02,142.83,130.0,2009-07-17,0.0410677618069815,15,call,13.225,0.0017,0.9101729328572428,crisis,American
AAPL,2009-07-02,142.83,135.0,2009-07-17,0.0410677618069815,15,call,8.8,0.0017,0.9451795841209828,crisis,American
AAPL,2009-07-02,142.83,140.0,2009-07-17,0.0410677618069815,15,call,5.125,0.0017,0.980186235384723,crisis,American
AAPL,2009-07-02,142.83,145.0,2009-07-17,0.0410677618069815,15,call,2.51,0.0017,1.0151928866484632,crisis,American
AAPL,2009-07-02,142.83,150.0,2009-07-17,0.0410677618069815,15,call,1.025,0.0017,1.050199537912203,crisis,American
AAPL,2009-07-02,142.83,155.0,2009-07-17,0.0410677618069815,15,call,0.385,0.0017,1.0852061891759432,crisis,American
AAPL,2009-07-02,142.83,130.0,2009-08-21,0.136892539356605,50,call,15.95,0.0017,0.9101729328572428,crisis,American
AAPL,2009-07-02,142.83,135.0,2009-08-21,0.136892539356605,50,call,12.4,0.0017,0.9451795841209828,crisis,American
AAPL,2009-07-02,142.83,140.0,2009-08-21,0.136892539356605,50,call,9.35,0.0017,0.980186235384723,crisis,American
AAPL,2009-07-02,142.83,145.0,2009-08-21,0.136892539356605,50,call,6.8,0.0017,1.0151928866484632,crisis,American
AAPL,2009-07-02,142.83,150.0,2009-08-21,0.136892539356605,50,call,4.775,0.0017,1.050199537912203,crisis,American
AAPL,2009-07-02,142.83,155.0,2009-08-21,0.136892539356605,50,call,3.25,0.0017,1.0852061891759432,crisis,American
AAPL,2009-07-10,136.36,125.0,2009-07-17,0.0191649555099247,7,call,11.475,0.0018,0.9166911117629802,crisis,American
AAPL,2009-07-10,136.36,130.0,2009-07-17,0.0191649555099247,7,call,7.025,0.0018,0.9533587562334994,crisis,American
AAPL,2009-07-10,136.36,135.0,2009-07-17,0.0191649555099247,7,call,3.375,0.0018,0.9900264007040188,crisis,American
AAPL,2009-07-10,136.36,140.0,2009-07-17,0.0191649555099247,7,call,1.185,0.0018,1.026694045174538,crisis,American
AAPL,2009-07-10,136.36,145.0,2009-07-17,0.0191649555099247,7,call,0.325,0.0018,1.063361689645057,crisis,American
AAPL,2009-07-10,136.36,125.0,2009-08-21,0.1149897330595482,42,call,14.6,0.0018,0.9166911117629802,crisis,American
AAPL,2009-07-10,136.36,130.0,2009-08-21,0.1149897330595482,42,call,11.175,0.0018,0.9533587562334994,crisis,American
AAPL,2009-07-10,136.36,135.0,2009-08-21,0.1149897330595482,42,call,8.225,0.0018,0.9900264007040188,crisis,American
AAPL,2009-07-10,136.36,140.0,2009-08-21,0.1149897330595482,42,call,5.85,0.0018,1.026694045174538,crisis,American
AAPL,2009-07-10,136.36,145.0,2009-08-21,0.1149897330595482,42,call,4.0,0.0018,1.063361689645057,crisis,American
AAPL,2009-07-17,147.52,135.0,2009-08-21,0.0958247775496235,35,call,15.0,0.0017,0.9151301518438176,crisis,American
AAPL,2009-07-17,147.52,140.0,2009-08-21,0.0958247775496235,35,call,11.325,0.0017,0.9490238611713664,crisis,American
AAPL,2009-07-17,147.52,145.0,2009-08-21,0.0958247775496235,35,call,8.15,0.0017,0.9829175704989154,crisis,American
AAPL,2009-07-17,147.52,150.0,2009-08-21,0.0958247775496235,35,call,5.575,0.0017,1.016811279826464,crisis,American
AAPL,2009-07-17,147.52,155.0,2009-08-21,0.0958247775496235,35,call,3.625,0.0017,1.050704989154013,crisis,American
AAPL,2009-07-17,147.52,160.0,2009-08-21,0.0958247775496235,35,call,2.225,0.0017,1.0845986984815617,crisis,American
AAPL,2009-07-24,157.82,145.0,2009-08-21,0.0766598220396988,28,call,13.85,0.0018,0.9187682169560258,crisis,American
AAPL,2009-07-24,157.82,150.0,2009-08-21,0.0766598220396988,28,call,9.85,0.0018,0.950449879609682,crisis,American
AAPL,2009-07-24,157.82,155.0,2009-08-21,0.0766598220396988,28,call,6.45,0.0018,0.982131542263338,crisis,American
AAPL,2009-07-24,157.82,160.0,2009-08-21,0.0766598220396988,28,call,3.825,0.0018,1.013813204916994,crisis,American
AAPL,2009-07-24,157.82,165.0,2009-08-21,0.0766598220396988,28,call,2.055,0.0018,1.04549486757065,crisis,American
AAPL,2009-07-24,157.82,170.0,2009-08-21,0.0766598220396988,28,call,1.005,0.0018,1.0771765302243062,crisis,American
AAPL,2009-07-24,157.82,145.0,2009-09-18,0.1533196440793976,56,call,15.625,0.0018,0.9187682169560258,crisis,American
AAPL,2009-07-24,157.82,150.0,2009-09-18,0.1533196440793976,56,call,12.0,0.0018,0.950449879609682,crisis,American
AAPL,2009-07-24,157.82,155.0,2009-09-18,0.1533196440793976,56,call,8.875,0.0018,0.982131542263338,crisis,American
AAPL,2009-07-24,157.82,160.0,2009-09-18,0.1533196440793976,56,call,6.3,0.0018,1.013813204916994,crisis,American
AAPL,2009-07-24,157.82,165.0,2009-09-18,0.1533196440793976,56,call,4.25,0.0018,1.04549486757065,crisis,American
AAPL,2009-07-24,157.82,170.0,2009-09-18,0.1533196440793976,56,call,2.76,0.0018,1.0771765302243062,crisis,American
AAPL,2009-07-31,162.79,150.0,2009-08-21,0.0574948665297741,21,call,13.825,0.0018,0.9214325204250876,crisis,American
AAPL,2009-07-31,162.79,155.0,2009-08-21,0.0574948665297741,21,call,9.6,0.0018,0.9521469377725904,crisis,American
AAPL,2009-07-31,162.79,160.0,2009-08-21,0.0574948665297741,21,call,6.05,0.0018,0.9828613551200934,crisis,American
AAPL,2009-07-31,162.79,165.0,2009-08-21,0.0574948665297741,21,call,3.325,0.0018,1.0135757724675964,crisis,American
AAPL,2009-07-31,162.79,170.0,2009-08-21,0.0574948665297741,21,call,1.59,0.0018,1.0442901898150994,crisis,American
AAPL,2009-07-31,162.79,175.0,2009-08-21,0.0574948665297741,21,call,0.68,0.0018,1.0750046071626025,crisis,American
AAPL,2009-07-31,162.79,150.0,2009-09-18,0.1341546885694729,49,call,15.75,0.0018,0.9214325204250876,crisis,American
AAPL,2009-07-31,162.79,155.0,2009-09-18,0.1341546885694729,49,call,12.1,0.0018,0.9521469377725904,crisis,American
AAPL,2009-07-31,162.79,160.0,2009-09-18,0.1341546885694729,49,call,8.925,0.0018,0.9828613551200934,crisis,American
AAPL,2009-07-31,162.79,165.0,2009-09-18,0.1341546885694729,49,call,6.3,0.0018,1.0135757724675964,crisis,American
AAPL,2009-07-31,162.79,170.0,2009-09-18,0.1341546885694729,49,call,4.25,0.0018,1.0442901898150994,crisis,American
AAPL,2009-07-31,162.79,175.0,2009-09-18,0.1341546885694729,49,call,2.78,0.0018,1.0750046071626025,crisis,American
AAPL,2009-08-07,163.91,150.0,2009-08-21,0.0383299110198494,14,call,14.475,0.0019,0.9151363553169424,crisis,American
AAPL,2009-08-07,163.91,155.0,2009-08-21,0.0383299110198494,14,call,10.025,0.0019,0.9456409004941736,crisis,American
AAPL,2009-08-07,163.91,160.0,2009-08-21,0.0383299110198494,14,call,6.15,0.0019,0.976145445671405,crisis,American
AAPL,2009-08-07,163.91,165.0,2009-08-21,0.0383299110198494,14,call,3.2,0.0019,1.0066499908486364,crisis,American
AAPL,2009-08-07,163.91,170.0,2009-08-21,0.0383299110198494,14,call,1.41,0.0019,1.0371545360258678,crisis,American
AAPL,2009-08-07,163.91,175.0,2009-08-21,0.0383299110198494,14,call,0.54,0.0019,1.0676590812030993,crisis,American
AAPL,2009-08-07,163.91,180.0,2009-08-21,0.0383299110198494,14,call,0.21,0.0019,1.0981636263803307,crisis,American
AAPL,2009-08-07,163.91,150.0,2009-09-18,0.1149897330595482,42,call,16.3,0.0019,0.9151363553169424,crisis,American
AAPL,2009-08-07,163.91,155.0,2009-09-18,0.1149897330595482,42,call,12.5,0.0019,0.9456409004941736,crisis,American
AAPL,2009-08-07,163.91,160.0,2009-09-18,0.1149897330595482,42,call,9.2,0.0019,0.976145445671405,crisis,American
AAPL,2009-08-07,163.91,165.0,2009-09-18,0.1149897330595482,42,call,6.45,0.0019,1.0066499908486364,crisis,American
AAPL,2009-08-07,163.91,170.0,2009-09-18,0.1149897330595482,42,call,4.35,0.0019,1.0371545360258678,crisis,American
AAPL,2009-08-07,163.91,175.0,2009-09-18,0.1149897330595482,42,call,2.82,0.0019,1.0676590812030993,crisis,American
AAPL,2009-08-07,163.91,180.0,2009-09-18,0.1149897330595482,42,call,1.77,0.0019,1.0981636263803307,crisis,American
AAPL,2009-08-14,168.42,155.0,2009-08-21,0.0191649555099247,7,call,13.575,0.0018,0.920318251989075,crisis,American
AAPL,2009-08-14,168.42,160.0,2009-08-21,0.0191649555099247,7,call,8.85,0.0018,0.9500059375371096,crisis,American
AAPL,2009-08-14,168.42,165.0,2009-08-21,0.0191649555099247,7,call,4.725,0.0018,0.9796936230851444,crisis,American
AAPL,2009-08-14,168.42,170.0,2009-08-21,0.0191649555099247,7,call,1.84,0.0018,1.009381308633179,crisis,American
AAPL,2009-08-14,168.42,175.0,2009-08-21,0.0191649555099247,7,call,0.52,0.0018,1.0390689941812137,crisis,American
AAPL,2009-08-14,168.42,180.0,2009-08-21,0.0191649555099247,7,call,0.15,0.0018,1.0687566797292485,crisis,American
AAPL,2009-08-14,168.42,185.0,2009-08-21,0.0191649555099247,7,call,0.05,0.0018,1.098444365277283,crisis,American
AAPL,2009-08-14,168.42,155.0,2009-09-18,0.0958247775496235,35,call,15.4,0.0018,0.920318251989075,crisis,American
AAPL,2009-08-14,168.42,160.0,2009-09-18,0.0958247775496235,35,call,11.525,0.0018,0.9500059375371096,crisis,American
AAPL,2009-08-14,168.42,165.0,2009-09-18,0.0958247775496235,35,call,8.175,0.0018,0.9796936230851444,crisis,American
AAPL,2009-08-14,168.42,170.0,2009-09-18,0.0958247775496235,35,call,5.5,0.0018,1.009381308633179,crisis,American
AAPL,2009-08-14,168.42,175.0,2009-09-18,0.0958247775496235,35,call,3.475,0.0018,1.0390689941812137,crisis,American
AAPL,2009-08-14,168.42,180.0,2009-09-18,0.0958247775496235,35,call,2.095,0.0018,1.0687566797292485,crisis,American
AAPL,2009-08-14,168.42,185.0,2009-09-18,0.0958247775496235,35,call,1.205,0.0018,1.098444365277283,crisis,American
AAPL,2009-08-21,166.33,150.0,2009-09-18,0.0766598220396988,28,call,17.625,0.0017,0.9018216797931822,crisis,American
AAPL,2009-08-21,166.33,155.0,2009-09-18,0.0766598220396988,28,call,13.375,0.0017,0.931882402452955,crisis,American
AAPL,2009-08-21,166.33,160.0,2009-09-18,0.0766598220396988,28,call,9.575,0.0017,0.9619431251127276,crisis,American
AAPL,2009-08-21,166.33,165.0,2009-09-18,0.0766598220396988,28,call,6.425,0.0017,0.9920038477725004,crisis,American
AAPL,2009-08-21,166.33,170.0,2009-09-18,0.0766598220396988,28,call,4.025,0.0017,1.022064570432273,crisis,American
AAPL,2009-08-21,166.33,175.0,2009-09-18,0.0766598220396988,28,call,2.36,0.0017,1.052125293092046,crisis,American
AAPL,2009-08-21,166.33,180.0,2009-09-18,0.0766598220396988,28,call,1.315,0.0017,1.0821860157518186,crisis,American
AAPL,2009-08-21,166.33,150.0,2009-10-16,0.1533196440793976,56,call,19.55,0.0017,0.9018216797931822,crisis,American
AAPL,2009-08-21,166.33,155.0,2009-10-16,0.1533196440793976,56,call,15.725,0.0017,0.931882402452955,crisis,American
AAPL,2009-08-21,166.33,160.0,2009-10-16,0.1533196440793976,56,call,12.325,0.0017,0.9619431251127276,crisis,American
AAPL,2009-08-21,166.33,165.0,2009-10-16,0.1533196440793976,56,call,9.425,0.0017,0.9920038477725004,crisis,American
AAPL,2009-08-21,166.33,170.0,2009-10-16,0.1533196440793976,56,call,6.975,0.0017,1.022064570432273,crisis,American
AAPL,2009-08-21,166.33,175.0,2009-10-16,0.1533196440793976,56,call,5.025,0.0017,1.052125293092046,crisis,American
AAPL,2009-08-21,166.33,180.0,2009-10-16,0.1533196440793976,56,call,3.525,0.0017,1.0821860157518186,crisis,American
AAPL,2009-08-28,169.45,155.0,2009-09-18,0.0574948665297741,21,call,15.35,0.0015,0.9147241074063146,crisis,American
AAPL,2009-08-28,169.45,160.0,2009-09-18,0.0574948665297741,21,call,11.175,0.0015,0.944231336677486,crisis,American
AAPL,2009-08-28,169.45,165.0,2009-09-18,0.0574948665297741,21,call,7.575,0.0015,0.9737385659486576,crisis,American
AAPL,2009-08-28,169.45,170.0,2009-09-18,0.0574948665297741,21,call,4.725,0.0015,1.0032457952198288,crisis,American
AAPL,2009-08-28,169.45,175.0,2009-09-18,0.0574948665297741,21,call,2.755,0.0015,1.0327530244910004,crisis,American
AAPL,2009-08-28,169.45,180.0,2009-09-18,0.0574948665297741,21,call,1.48,0.0015,1.0622602537621717,crisis,American
AAPL,2009-08-28,169.45,185.0,2009-09-18,0.0574948665297741,21,call,0.755,0.0015,1.0917674830333433,crisis,American
AAPL,2009-08-28,169.45,155.0,2009-10-16,0.1341546885694729,49,call,17.6,0.0015,0.9147241074063146,crisis,American
AAPL,2009-08-28,169.45,160.0,2009-10-16,0.1341546885694729,49,call,13.95,0.0015,0.944231336677486,crisis,American
AAPL,2009-08-28,169.45,165.0,2009-10-16,0.1341546885694729,49,call,10.775,0.0015,0.9737385659486576,crisis,American
AAPL,2009-08-28,169.45,170.0,2009-10-16,0.1341546885694729,49,call,8.1,0.0015,1.0032457952198288,crisis,American
AAPL,2009-08-28,169.45,175.0,2009-10-16,0.1341546885694729,49,call,5.925,0.0015,1.0327530244910004,crisis,American
AAPL,2009-08-28,169.45,180.0,2009-10-16,0.1341546885694729,49,call,4.2,0.0015,1.0622602537621717,crisis,American
AAPL,2009-08-28,169.45,185.0,2009-10-16,0.1341546885694729,49,call,2.94,0.0015,1.0917674830333433,crisis,American
AAPL,2009-09-04,166.55,150.0,2009-09-18,0.0383299110198494,14,call,17.175,0.0014,0.9006304413089162,crisis,American
AAPL,2009-09-04,166.55,155.0,2009-09-18,0.0383299110198494,14,call,12.65,0.0014,0.9306514560192134,crisis,American
AAPL,2009-09-04,166.55,160.0,2009-09-18,0.0383299110198494,14,call,8.6,0.0014,0.9606724707295106,crisis,American
AAPL,2009-09-04,166.55,165.0,2009-09-18,0.0383299110198494,14,call,5.25,0.0014,0.9906934854398078,crisis,American
AAPL,2009-09-04,166.55,170.0,2009-09-18,0.0383299110198494,14,call,2.86,0.0014,1.020714500150105,crisis,American
AAPL,2009-09-04,166.55,175.0,2009-09-18,0.0383299110198494,14,call,1.37,0.0014,1.0507355148604025,crisis,American
AAPL,2009-09-04,166.55,180.0,2009-09-18,0.0383299110198494,14,call,0.605,0.0014,1.0807565295706991,crisis,American
AAPL,2009-09-04,166.55,150.0,2009-10-16,0.1149897330595482,42,call,19.275,0.0014,0.9006304413089162,crisis,American
AAPL,2009-09-04,166.55,155.0,2009-10-16,0.1149897330595482,42,call,15.375,0.0014,0.9306514560192134,crisis,American
AAPL,2009-09-04,166.55,160.0,2009-10-16,0.1149897330595482,42,call,11.925,0.0014,0.9606724707295106,crisis,American
AAPL,2009-09-04,166.55,165.0,2009-10-16,0.1149897330595482,42,call,8.9,0.0014,0.9906934854398078,crisis,American
AAPL,2009-09-04,166.55,170.0,2009-10-16,0.1149897330595482,42,call,6.425,0.0014,1.020714500150105,crisis,American
AAPL,2009-09-04,166.55,175.0,2009-10-16,0.1149897330595482,42,call,4.475,0.0014,1.0507355148604025,crisis,American
AAPL,2009-09-04,166.55,180.0,2009-10-16,0.1149897330595482,42,call,3.025,0.0014,1.0807565295706991,crisis,American
AAPL,2009-09-14,172.16,155.0,2009-10-16,0.0876112251882272,32,call,18.575,0.0014,0.9003252788104089,crisis,American
AAPL,2009-09-14,172.16,160.0,2009-10-16,0.0876112251882272,32,call,14.425,0.0014,0.929368029739777,crisis,American
AAPL,2009-09-14,172.16,165.0,2009-10-16,0.0876112251882272,32,call,10.7,0.0014,0.958410780669145,crisis,American
AAPL,2009-09-14,172.16,170.0,2009-10-16,0.0876112251882272,32,call,7.6,0.0014,0.987453531598513,crisis,American
AAPL,2009-09-14,172.16,175.0,2009-10-16,0.0876112251882272,32,call,5.075,0.0014,1.0164962825278812,crisis,American
AAPL,2009-09-14,172.16,180.0,2009-10-16,0.0876112251882272,32,call,3.225,0.0014,1.0455390334572492,crisis,American
AAPL,2009-09-14,172.16,185.0,2009-10-16,0.0876112251882272,32,call,1.965,0.0014,1.0745817843866172,crisis,American
AAPL,2009-09-21,185.02,170.0,2009-10-16,0.0684462696783025,25,call,16.9,0.0011,0.918819587071668,crisis,American
AAPL,2009-09-21,185.02,175.0,2009-10-16,0.0684462696783025,25,call,12.975,0.0011,0.9458436925737758,crisis,American
AAPL,2009-09-21,185.02,180.0,2009-10-16,0.0684462696783025,25,call,9.6,0.0011,0.9728677980758836,crisis,American
AAPL,2009-09-21,185.02,185.0,2009-10-16,0.0684462696783025,25,call,6.825,0.0011,0.9998919035779916,crisis,American
AAPL,2009-09-21,185.02,190.0,2009-10-16,0.0684462696783025,25,call,4.65,0.0011,1.0269160090800995,crisis,American
AAPL,2009-09-21,185.02,195.0,2009-10-16,0.0684462696783025,25,call,3.075,0.0011,1.0539401145822074,crisis,American
AAPL,2009-09-21,185.02,200.0,2009-10-16,0.0684462696783025,25,call,2.01,0.0011,1.0809642200843153,crisis,American
AAPL,2009-09-28,182.37,165.0,2009-10-16,0.0492813141683778,18,call,18.425,0.0011,0.9047540713933212,crisis,American
AAPL,2009-09-28,182.37,170.0,2009-10-16,0.0492813141683778,18,call,14.075,0.0011,0.9321708614355432,crisis,American
AAPL,2009-09-28,182.37,175.0,2009-10-16,0.0492813141683778,18,call,10.175,0.0011,0.9595876514777648,crisis,American
AAPL,2009-09-28,182.37,180.0,2009-10-16,0.0492813141683778,18,call,6.95,0.0011,0.9870044415199868,crisis,American
AAPL,2009-09-28,182.37,185.0,2009-10-16,0.0492813141683778,18,call,4.45,0.0011,1.0144212315622088,crisis,American
AAPL,2009-09-28,182.37,190.0,2009-10-16,0.0492813141683778,18,call,2.72,0.0011,1.0418380216044305,crisis,American
AAPL,2009-09-28,182.37,195.0,2009-10-16,0.0492813141683778,18,call,1.605,0.0011,1.0692548116466525,crisis,American
AAPL,2009-09-28,182.37,200.0,2009-10-16,0.0492813141683778,18,call,0.94,0.0011,1.0966716016888742,crisis,American
AAPL,2009-09-28,182.37,165.0,2009-11-20,0.1451060917180013,53,call,21.875,0.0011,0.9047540713933212,crisis,American
AAPL,2009-09-28,182.37,170.0,2009-11-20,0.1451060917180013,53,call,18.275,0.0011,0.9321708614355432,crisis,American
AAPL,2009-09-28,182.37,175.0,2009-11-20,0.1451060917180013,53,call,15.0,0.0011,0.9595876514777648,crisis,American
AAPL,2009-09-28,182.37,180.0,2009-11-20,0.1451060917180013,53,call,12.125,0.0011,0.9870044415199868,crisis,American
AAPL,2009-09-28,182.37,185.0,2009-11-20,0.1451060917180013,53,call,9.65,0.0011,1.0144212315622088,crisis,American
AAPL,2009-09-28,182.37,190.0,2009-11-20,0.1451060917180013,53,call,7.575,0.0011,1.0418380216044305,crisis,American
AAPL,2009-09-28,182.37,195.0,2009-11-20,0.1451060917180013,53,call,5.875,0.0011,1.0692548116466525,crisis,American
AAPL,2009-09-28,182.37,200.0,2009-11-20,0.1451060917180013,53,call,4.55,0.0011,1.0966716016888742,crisis,American
AAPL,2009-10-05,184.9,170.0,2009-10-16,0.0301163586584531,11,call,15.8,0.0008,0.9194159004867496,crisis,American
AAPL,2009-10-05,184.9,175.0,2009-10-16,0.0301163586584531,11,call,11.425,0.0008,0.9464575446187128,crisis,American
AAPL,2009-10-05,184.9,180.0,2009-10-16,0.0301163586584531,11,call,7.625,0.0008,0.973499188750676,crisis,American
AAPL,2009-10-05,184.9,185.0,2009-10-16,0.0301163586584531,11,call,4.575,0.0008,1.0005408328826393,crisis,American
AAPL,2009-10-05,184.9,190.0,2009-10-16,0.0301163586584531,11,call,2.49,0.0008,1.0275824770146025,crisis,American
AAPL,2009-10-05,184.9,195.0,2009-10-16,0.0301163586584531,11,call,1.245,0.0008,1.0546241211465657,crisis,American
AAPL,2009-10-05,184.9,200.0,2009-10-16,0.0301163586584531,11,call,0.61,0.0008,1.0816657652785289,crisis,American
AAPL,2009-10-05,184.9,170.0,2009-11-20,0.1259411362080766,46,call,19.775,0.0008,0.9194159004867496,crisis,American
AAPL,2009-10-05,184.9,175.0,2009-11-20,0.1259411362080766,46,call,16.3,0.0008,0.9464575446187128,crisis,American
AAPL,2009-10-05,184.9,180.0,2009-11-20,0.1259411362080766,46,call,13.175,0.0008,0.973499188750676,crisis,American
AAPL,2009-10-05,184.9,185.0,2009-11-20,0.1259411362080766,46,call,10.5,0.0008,1.0005408328826393,crisis,American
AAPL,2009-10-05,184.9,190.0,2009-11-20,0.1259411362080766,46,call,8.25,0.0008,1.0275824770146025,crisis,American
AAPL,2009-10-05,184.9,195.0,2009-11-20,0.1259411362080766,46,call,6.325,0.0008,1.0546241211465657,crisis,American
AAPL,2009-10-05,184.9,200.0,2009-11-20,0.1259411362080766,46,call,4.8,0.0008,1.0816657652785289,crisis,American
AAPL,2009-10-12,190.47,175.0,2009-11-20,0.1067761806981519,39,call,19.075,0.0007,0.9187798603454612,crisis,American
AAPL,2009-10-12,190.47,180.0,2009-11-20,0.1067761806981519,39,call,15.5,0.0007,0.9450307134981888,crisis,American
AAPL,2009-10-12,190.47,185.0,2009-11-20,0.1067761806981519,39,call,12.3,0.0007,0.971281566650916,crisis,American
AAPL,2009-10-12,190.47,190.0,2009-11-20,0.1067761806981519,39,call,9.55,0.0007,0.9975324198036436,crisis,American
AAPL,2009-10-12,190.47,195.0,2009-11-20,0.1067761806981519,39,call,7.25,0.0007,1.0237832729563712,crisis,American
AAPL,2009-10-12,190.47,200.0,2009-11-20,0.1067761806981519,39,call,5.425,0.0007,1.0500341261090986,crisis,American
AAPL,2009-10-19,188.05,170.0,2009-11-20,0.0876112251882272,32,call,20.525,0.0008,0.904014889657006,crisis,American
AAPL,2009-10-19,188.05,175.0,2009-11-20,0.0876112251882272,32,call,16.675,0.0008,0.930603562882212,crisis,American
AAPL,2009-10-19,188.05,180.0,2009-11-20,0.0876112251882272,32,call,13.25,0.0008,0.9571922361074182,crisis,American
AAPL,2009-10-19,188.05,185.0,2009-11-20,0.0876112251882272,32,call,10.25,0.0008,0.9837809093326242,crisis,American
AAPL,2009-10-19,188.05,190.0,2009-11-20,0.0876112251882272,32,call,7.75,0.0008,1.0103695825578305,crisis,American
AAPL,2009-10-19,188.05,195.0,2009-11-20,0.0876112251882272,32,call,5.725,0.0008,1.0369582557830364,crisis,American
AAPL,2009-10-19,188.05,200.0,2009-11-20,0.0876112251882272,32,call,4.15,0.0008,1.0635469290082424,crisis,American
AAPL,2009-10-26,203.94,185.0,2009-11-20,0.0684462696783025,25,call,19.85,0.0008,0.9071295479062468,crisis,American
AAPL,2009-10-26,203.94,190.0,2009-11-20,0.0684462696783025,25,call,15.475,0.0008,0.9316465627145238,crisis,American
AAPL,2009-10-26,203.94,195.0,2009-11-20,0.0684462696783025,25,call,11.5,0.0008,0.9561635775228008,crisis,American
AAPL,2009-10-26,203.94,200.0,2009-11-20,0.0684462696783025,25,call,8.1,0.0008,0.9806805923310776,crisis,American
AAPL,2009-10-26,203.94,210.0,2009-11-20,0.0684462696783025,25,call,3.5,0.0008,1.0297146219476316,crisis,American
AAPL,2009-10-26,203.94,220.0,2009-11-20,0.0684462696783025,25,call,1.32,0.0008,1.0787486515641855,crisis,American
AAPL,2009-10-26,203.94,185.0,2009-12-18,0.1451060917180013,53,call,21.975,0.0008,0.9071295479062468,crisis,American
AAPL,2009-10-26,203.94,190.0,2009-12-18,0.1451060917180013,53,call,18.15,0.0008,0.9316465627145238,crisis,American
AAPL,2009-10-26,203.94,195.0,2009-12-18,0.1451060917180013,53,call,14.7,0.0008,0.9561635775228008,crisis,American
AAPL,2009-10-26,203.94,200.0,2009-12-18,0.1451060917180013,53,call,11.7,0.0008,0.9806805923310776,crisis,American
AAPL,2009-10-26,203.94,210.0,2009-12-18,0.1451060917180013,53,call,7.025,0.0008,1.0297146219476316,crisis,American
AAPL,2009-10-26,203.94,220.0,2009-12-18,0.1451060917180013,53,call,4.0,0.0008,1.0787486515641855,crisis,American
AAPL,2009-11-02,188.5,170.0,2009-11-20,0.0492813141683778,18,call,20.0,0.0006,0.9018567639257294,crisis,American
AAPL,2009-11-02,188.5,175.0,2009-11-20,0.0492813141683778,18,call,15.7,0.0006,0.9283819628647216,crisis,American
AAPL,2009-11-02,188.5,180.0,2009-11-20,0.0492813141683778,18,call,11.725,0.0006,0.9549071618037136,crisis,American
AAPL,2009-11-02,188.5,185.0,2009-11-20,0.0492813141683778,18,call,8.25,0.0006,0.9814323607427056,crisis,American
AAPL,2009-11-02,188.5,190.0,2009-11-20,0.0492813141683778,18,call,5.475,0.0006,1.0079575596816976,crisis,American
AAPL,2009-11-02,188.5,195.0,2009-11-20,0.0492813141683778,18,call,3.35,0.0006,1.0344827586206895,crisis,American
AAPL,2009-11-02,188.5,200.0,2009-11-20,0.0492813141683778,18,call,1.96,0.0006,1.0610079575596818,crisis,American
AAPL,2009-11-02,188.5,170.0,2009-12-18,0.1259411362080766,46,call,22.2,0.0006,0.9018567639257294,crisis,American
AAPL,2009-11-02,188.5,175.0,2009-12-18,0.1259411362080766,46,call,18.325,0.0006,0.9283819628647216,crisis,American
AAPL,2009-11-02,188.5,180.0,2009-12-18,0.1259411362080766,46,call,14.75,0.0006,0.9549071618037136,crisis,American
AAPL,2009-11-02,188.5,185.0,2009-12-18,0.1259411362080766,46,call,11.625,0.0006,0.9814323607427056,crisis,American
AAPL,2009-11-02,188.5,190.0,2009-12-18,0.1259411362080766,46,call,8.875,0.0006,1.0079575596816976,crisis,American
AAPL,2009-11-02,188.5,195.0,2009-12-18,0.1259411362080766,46,call,6.675,0.0006,1.0344827586206895,crisis,American
AAPL,2009-11-02,188.5,200.0,2009-12-18,0.1259411362080766,46,call,4.875,0.0006,1.0610079575596818,crisis,American
AAPL,2009-11-09,194.34,175.0,2009-11-20,0.0301163586584531,11,call,19.8,0.0007,0.9004836883811876,crisis,American
AAPL,2009-11-09,194.34,180.0,2009-11-20,0.0301163586584531,11,call,15.1,0.0007,0.9262117937635072,crisis,American
AAPL,2009-11-09,194.34,185.0,2009-11-20,0.0301163586584531,11,call,10.675,0.0007,0.9519398991458268,crisis,American
AAPL,2009-11-09,194.34,190.0,2009-11-20,0.0301163586584531,11,call,6.775,0.0007,0.9776680045281464,crisis,American
AAPL,2009-11-09,194.34,195.0,2009-11-20,0.0301163586584531,11,call,3.75,0.0007,1.0033961099104662,crisis,American
AAPL,2009-11-09,194.34,200.0,2009-11-20,0.0301163586584531,11,call,1.775,0.0007,1.0291242152927855,crisis,American
AAPL,2009-11-09,194.34,210.0,2009-11-20,0.0301163586584531,11,call,0.31,0.0007,1.0805804260574252,crisis,American
AAPL,2009-11-09,194.34,175.0,2009-12-18,0.1067761806981519,39,call,21.775,0.0007,0.9004836883811876,crisis,American
AAPL,2009-11-09,194.34,180.0,2009-12-18,0.1067761806981519,39,call,17.675,0.0007,0.9262117937635072,crisis,American
AAPL,2009-11-09,194.34,185.0,2009-12-18,0.1067761806981519,39,call,13.875,0.0007,0.9519398991458268,crisis,American
AAPL,2009-11-09,194.34,190.0,2009-12-18,0.1067761806981519,39,call,10.575,0.0007,0.9776680045281464,crisis,American
AAPL,2009-11-09,194.34,195.0,2009-12-18,0.1067761806981519,39,call,7.75,0.0007,1.0033961099104662,crisis,American
AAPL,2009-11-09,194.34,200.0,2009-12-18,0.1067761806981519,39,call,5.45,0.0007,1.0291242152927855,crisis,American
AAPL,2009-11-09,194.34,210.0,2009-12-18,0.1067761806981519,39,call,2.47,0.0007,1.0805804260574252,crisis,American
AAPL,2009-11-16,204.45,185.0,2009-12-18,0.0876112251882272,32,call,21.45,0.0007,0.904866715578381,crisis,American
AAPL,2009-11-16,204.45,190.0,2009-12-18,0.0876112251882272,32,call,17.25,0.0007,0.9293225727561752,crisis,American
AAPL,2009-11-16,204.45,195.0,2009-12-18,0.0876112251882272,32,call,13.425,0.0007,0.9537784299339692,crisis,American
AAPL,2009-11-16,204.45,200.0,2009-12-18,0.0876112251882272,32,call,10.05,0.0007,0.9782342871117632,crisis,American
AAPL,2009-11-16,204.45,210.0,2009-12-18,0.0876112251882272,32,call,5.025,0.0007,1.0271460014673517,crisis,American
AAPL,2009-11-16,204.45,220.0,2009-12-18,0.0876112251882272,32,call,2.175,0.0007,1.0760577158229396,crisis,American
AAPL,2009-11-16,204.45,185.0,2010-01-15,0.164271047227926,60,call,23.75,0.0007,0.904866715578381,crisis,American
AAPL,2009-11-16,204.45,190.0,2010-01-15,0.164271047227926,60,call,19.925,0.0007,0.9293225727561752,crisis,American
AAPL,2009-11-16,204.45,195.0,2010-01-15,0.164271047227926,60,call,16.45,0.0007,0.9537784299339692,crisis,American
AAPL,2009-11-16,204.45,200.0,2010-01-15,0.164271047227926,60,call,13.35,0.0007,0.9782342871117632,crisis,American
AAPL,2009-11-16,204.45,210.0,2010-01-15,0.164271047227926,60,call,8.3,0.0007,1.0271460014673517,crisis,American
AAPL,2009-11-16,204.45,220.0,2010-01-15,0.164271047227926,60,call,4.8,0.0007,1.0760577158229396,crisis,American
AAPL,2009-11-23,199.92,180.0,2009-12-18,0.0684462696783025,25,call,21.45,0.0005,0.9003601440576231,crisis,American
AAPL,2009-11-23,199.92,185.0,2009-12-18,0.0684462696783025,25,call,17.125,0.0005,0.9253701480592238,crisis,American
AAPL,2009-11-23,199.92,190.0,2009-12-18,0.0684462696783025,25,call,13.15,0.0005,0.9503801520608244,crisis,American
AAPL,2009-11-23,199.92,195.0,2009-12-18,0.0684462696783025,25,call,9.725,0.0005,0.9753901560624252,crisis,American
AAPL,2009-11-23,199.92,200.0,2009-12-18,0.0684462696783025,25,call,6.875,0.0005,1.0004001600640258,crisis,American
AAPL,2009-11-23,199.92,210.0,2009-12-18,0.0684462696783025,25,call,3.015,0.0005,1.050420168067227,crisis,American
AAPL,2009-11-23,199.92,180.0,2010-01-15,0.1451060917180013,53,call,23.6,0.0005,0.9003601440576231,crisis,American
AAPL,2009-11-23,199.92,185.0,2010-01-15,0.1451060917180013,53,call,19.8,0.0005,0.9253701480592238,crisis,American
AAPL,2009-11-23,199.92,190.0,2010-01-15,0.1451060917180013,53,call,16.275,0.0005,0.9503801520608244,crisis,American
AAPL,2009-11-23,199.92,195.0,2010-01-15,0.1451060917180013,53,call,13.125,0.0005,0.9753901560624252,crisis,American
AAPL,2009-11-23,199.92,200.0,2010-01-15,0.1451060917180013,53,call,10.4,0.0005,1.0004001600640258,crisis,American
AAPL,2009-11-23,199.92,210.0,2010-01-15,0.1451060917180013,53,call,6.125,0.0005,1.050420168067227,crisis,American
AAPL,2009-12-01,199.91,180.0,2009-12-18,0.0465434633812457,17,call,20.575,0.0006,0.9004051823320495,crisis,American
AAPL,2009-12-01,199.91,185.0,2009-12-18,0.0465434633812457,17,call,16.0,0.0006,0.9254164373968286,crisis,American
AAPL,2009-12-01,199.91,190.0,2009-12-18,0.0465434633812457,17,call,11.825,0.0006,0.9504276924616076,crisis,American
AAPL,2009-12-01,199.91,195.0,2009-12-18,0.0465434633812457,17,call,8.25,0.0006,0.9754389475263868,crisis,American
AAPL,2009-12-01,199.91,200.0,2009-12-18,0.0465434633812457,17,call,5.4,0.0006,1.000450202591166,crisis,American
AAPL,2009-12-01,199.91,210.0,2009-12-18,0.0465434633812457,17,call,1.955,0.0006,1.0504727127207245,crisis,American
AAPL,2009-12-01,199.91,180.0,2010-01-15,0.1232032854209445,45,call,22.85,0.0006,0.9004051823320495,crisis,American
AAPL,2009-12-01,199.91,185.0,2010-01-15,0.1232032854209445,45,call,18.9,0.0006,0.9254164373968286,crisis,American
AAPL,2009-12-01,199.91,190.0,2010-01-15,0.1232032854209445,45,call,15.325,0.0006,0.9504276924616076,crisis,American
AAPL,2009-12-01,199.91,195.0,2010-01-15,0.1232032854209445,45,call,12.125,0.0006,0.9754389475263868,crisis,American
AAPL,2009-12-01,199.91,200.0,2010-01-15,0.1232032854209445,45,call,9.375,0.0006,1.000450202591166,crisis,American
AAPL,2009-12-01,199.91,210.0,2010-01-15,0.1232032854209445,45,call,5.225,0.0006,1.0504727127207245,crisis,American
AAPL,2009-12-08,188.95,175.0,2009-12-18,0.027378507871321,10,call,14.65,0.0003,0.9261709446943636,crisis,American
AAPL,2009-12-08,188.95,180.0,2009-12-18,0.027378507871321,10,call,10.35,0.0003,0.9526329716856312,crisis,American
AAPL,2009-12-08,188.95,185.0,2009-12-18,0.027378507871321,10,call,6.65,0.0003,0.9790949986768988,crisis,American
AAPL,2009-12-08,188.95,190.0,2009-12-18,0.027378507871321,10,call,3.875,0.0003,1.0055570256681663,crisis,American
AAPL,2009-12-08,188.95,195.0,2009-12-18,0.027378507871321,10,call,2.05,0.0003,1.0320190526594335,crisis,American
AAPL,2009-12-08,188.95,200.0,2009-12-18,0.027378507871321,10,call,1.01,0.0003,1.0584810796507014,crisis,American
AAPL,2009-12-08,188.95,175.0,2010-01-15,0.1040383299110198,38,call,17.525,0.0003,0.9261709446943636,crisis,American
AAPL,2009-12-08,188.95,180.0,2010-01-15,0.1040383299110198,38,call,13.95,0.0003,0.9526329716856312,crisis,American
AAPL,2009-12-08,188.95,185.0,2010-01-15,0.1040383299110198,38,call,10.775,0.0003,0.9790949986768988,crisis,American
AAPL,2009-12-08,188.95,190.0,2010-01-15,0.1040383299110198,38,call,8.125,0.0003,1.0055570256681663,crisis,American
AAPL,2009-12-08,188.95,195.0,2010-01-15,0.1040383299110198,38,call,5.95,0.0003,1.0320190526594335,crisis,American
AAPL,2009-12-08,188.95,200.0,2010-01-15,0.1040383299110198,38,call,4.2,0.0003,1.0584810796507014,crisis,American
AAPL,2009-12-15,196.98,180.0,2010-01-15,0.0848733744010951,31,call,19.175,0.0005,0.9137983551629608,crisis,American
AAPL,2009-12-15,196.98,185.0,2010-01-15,0.0848733744010951,31,call,15.15,0.0005,0.9391816428063764,crisis,American
AAPL,2009-12-15,196.98,190.0,2010-01-15,0.0848733744010951,31,call,11.5,0.0005,0.964564930449792,crisis,American
AAPL,2009-12-15,196.98,195.0,2010-01-15,0.0848733744010951,31,call,8.375,0.0005,0.9899482180932074,crisis,American
AAPL,2009-12-15,196.98,200.0,2010-01-15,0.0848733744010951,31,call,5.875,0.0005,1.015331505736623,crisis,American
AAPL,2009-12-15,196.98,210.0,2010-01-15,0.0848733744010951,31,call,2.525,0.0005,1.0660980810234542,crisis,American
AAPL,2009-12-22,198.23,180.0,2010-01-15,0.0657084188911704,24,call,19.55,0.0008,0.908036119658982,crisis,American
AAPL,2009-12-22,198.23,185.0,2010-01-15,0.0657084188911704,24,call,15.275,0.0008,0.9332593452050648,crisis,American
AAPL,2009-12-22,198.23,190.0,2010-01-15,0.0657084188911704,24,call,11.35,0.0008,0.9584825707511476,crisis,American
AAPL,2009-12-22,198.23,195.0,2010-01-15,0.0657084188911704,24,call,7.95,0.0008,0.9837057962972304,crisis,American
AAPL,2009-12-22,198.23,200.0,2010-01-15,0.0657084188911704,24,call,5.275,0.0008,1.0089290218433131,crisis,American
AAPL,2009-12-22,198.23,210.0,2010-01-15,0.0657084188911704,24,call,1.93,0.0008,1.059375472935479,crisis,American
AAPL,2009-12-30,209.1,190.0,2010-01-15,0.0438056125941136,16,call,19.475,0.0005,0.9086561453849832,crisis,American
AAPL,2009-12-30,209.1,195.0,2010-01-15,0.0438056125941136,16,call,15.05,0.0005,0.932568149210904,crisis,American
AAPL,2009-12-30,209.1,200.0,2010-01-15,0.0438056125941136,16,call,10.9,0.0005,0.9564801530368244,crisis,American
AAPL,2009-12-30,209.1,210.0,2010-01-15,0.0438056125941136,16,call,4.75,0.0005,1.0043041606886658,crisis,American
AAPL,2009-12-30,209.1,220.0,2010-01-15,0.0438056125941136,16,call,1.69,0.0005,1.052128168340507,crisis,American
AAPL,2009-12-30,209.1,230.0,2010-01-15,0.0438056125941136,16,call,0.635,0.0005,1.0999521759923483,crisis,American
AAPL,2009-12-30,209.1,190.0,2010-02-19,0.1396303901437371,51,call,23.525,0.0005,0.9086561453849832,crisis,American
AAPL,2009-12-30,209.1,195.0,2010-02-19,0.1396303901437371,51,call,19.875,0.0005,0.932568149210904,crisis,American
AAPL,2009-12-30,209.1,200.0,2010-02-19,0.1396303901437371,51,call,16.575,0.0005,0.9564801530368244,crisis,American
AAPL,2009-12-30,209.1,210.0,2010-02-19,0.1396303901437371,51,call,11.1,0.0005,1.0043041606886658,crisis,American
AAPL,2009-12-30,209.1,220.0,2010-02-19,0.1396303901437371,51,call,7.05,0.0005,1.052128168340507,crisis,American
AAPL,2009-12-30,209.1,230.0,2010-02-19,0.1396303901437371,51,call,4.3,0.0005,1.0999521759923483,crisis,American
MSFT,2008-01-02,35.6,32.5,2008-01-18,0.0438056125941136,16,call,3.225,0.0326,0.9129213483146068,crisis,American
MSFT,2008-01-02,35.6,35.0,2008-01-18,0.0438056125941136,16,call,1.15,0.0326,0.9831460674157304,crisis,American
MSFT,2008-01-02,35.6,37.5,2008-01-18,0.0438056125941136,16,call,0.2,0.0326,1.0533707865168538,crisis,American
MSFT,2008-01-02,35.6,32.5,2008-02-15,0.1204654346338124,44,call,3.675,0.0326,0.9129213483146068,crisis,American
MSFT,2008-01-02,35.6,35.0,2008-02-15,0.1204654346338124,44,call,1.905,0.0326,0.9831460674157304,crisis,American
MSFT,2008-01-02,35.6,37.5,2008-02-15,0.1204654346338124,44,call,0.815,0.0326,1.0533707865168538,crisis,American
MSFT,2008-01-09,33.45,32.5,2008-01-18,0.0246406570841889,9,call,1.405,0.0322,0.9715994020926756,crisis,American
MSFT,2008-01-09,33.45,35.0,2008-01-18,0.0246406570841889,9,call,0.25,0.0322,1.046337817638266,crisis,American
MSFT,2008-01-09,33.45,32.5,2008-02-15,0.1013004791238877,37,call,2.135,0.0322,0.9715994020926756,crisis,American
MSFT,2008-01-09,33.45,35.0,2008-02-15,0.1013004791238877,37,call,0.965,0.0322,1.046337817638266,crisis,American
MSFT,2008-01-16,34.0,32.5,2008-02-15,0.082135523613963,30,call,2.41,0.0314,0.9558823529411764,crisis,American
MSFT,2008-01-16,34.0,35.0,2008-02-15,0.082135523613963,30,call,1.08,0.0314,1.0294117647058822,crisis,American
MSFT,2008-01-24,31.93,30.0,2008-02-15,0.0602327173169062,22,call,2.615,0.0237,0.9395552771688068,crisis,American
MSFT,2008-01-24,31.93,32.5,2008-02-15,0.0602327173169062,22,call,1.185,0.0237,1.017851550266207,crisis,American
MSFT,2008-01-24,31.93,35.0,2008-02-15,0.0602327173169062,22,call,0.425,0.0237,1.096147823363608,crisis,American
MSFT,2008-01-24,31.93,30.0,2008-03-20,0.1533196440793976,56,call,2.8,0.0237,0.9395552771688068,crisis,American
MSFT,2008-01-24,31.93,32.5,2008-03-20,0.1533196440793976,56,call,1.41,0.0237,1.017851550266207,crisis,American
MSFT,2008-01-24,31.93,35.0,2008-03-20,0.1533196440793976,56,call,0.59,0.0237,1.096147823363608,crisis,American
MSFT,2008-01-31,32.2,29.0,2008-02-15,0.0410677618069815,15,call,3.275,0.0196,0.9006211180124223,crisis,American
MSFT,2008-01-31,32.2,30.0,2008-02-15,0.0410677618069815,15,call,2.365,0.0196,0.9316770186335402,crisis,American
MSFT,2008-01-31,32.2,31.0,2008-02-15,0.0410677618069815,15,call,1.535,0.0196,0.9627329192546584,crisis,American
MSFT,2008-01-31,32.2,32.5,2008-02-15,0.0410677618069815,15,call,0.635,0.0196,1.0093167701863353,crisis,American
MSFT,2008-01-31,32.2,34.0,2008-02-15,0.0410677618069815,15,call,0.205,0.0196,1.0559006211180124,crisis,American
MSFT,2008-01-31,32.2,35.0,2008-02-15,0.0410677618069815,15,call,0.095,0.0196,1.0869565217391304,crisis,American
MSFT,2008-01-31,32.2,29.0,2008-03-20,0.1341546885694729,49,call,3.5,0.0196,0.9006211180124223,crisis,American
MSFT,2008-01-31,32.2,30.0,2008-03-20,0.1341546885694729,49,call,2.72,0.0196,0.9316770186335402,crisis,American
MSFT,2008-01-31,32.2,31.0,2008-03-20,0.1341546885694729,49,call,1.995,0.0196,0.9627329192546584,crisis,American
MSFT,2008-01-31,32.2,32.5,2008-03-20,0.1341546885694729,49,call,1.15,0.0196,1.0093167701863353,crisis,American
MSFT,2008-01-31,32.2,34.0,2008-03-20,0.1341546885694729,49,call,0.585,0.0196,1.0559006211180124,crisis,American
MSFT,2008-01-31,32.2,35.0,2008-03-20,0.1341546885694729,49,call,0.345,0.0196,1.0869565217391304,crisis,American
MSFT,2008-02-07,28.52,27.5,2008-02-15,0.0219028062970568,8,call,1.355,0.0217,0.964235624123422,crisis,American
MSFT,2008-02-07,28.52,29.0,2008-02-15,0.0219028062970568,8,call,0.47,0.0217,1.0168302945301544,crisis,American
MSFT,2008-02-07,28.52,30.0,2008-02-15,0.0219028062970568,8,call,0.21,0.0217,1.0518934081346425,crisis,American
MSFT,2008-02-07,28.52,31.0,2008-02-15,0.0219028062970568,8,call,0.095,0.0217,1.0869565217391304,crisis,American
MSFT,2008-02-07,28.52,27.5,2008-03-20,0.1149897330595482,42,call,1.85,0.0217,0.964235624123422,crisis,American
MSFT,2008-02-07,28.52,29.0,2008-03-20,0.1149897330595482,42,call,1.065,0.0217,1.0168302945301544,crisis,American
MSFT,2008-02-07,28.52,30.0,2008-03-20,0.1149897330595482,42,call,0.695,0.0217,1.0518934081346425,crisis,American
MSFT,2008-02-07,28.52,31.0,2008-03-20,0.1149897330595482,42,call,0.44,0.0217,1.0869565217391304,crisis,American
MSFT,2008-02-14,28.96,27.5,2008-03-20,0.0958247775496235,35,call,2.0,0.0231,0.949585635359116,crisis,American
MSFT,2008-02-14,28.96,29.0,2008-03-20,0.0958247775496235,35,call,1.085,0.0231,1.0013812154696131,crisis,American
MSFT,2008-02-14,28.96,30.0,2008-03-20,0.0958247775496235,35,call,0.675,0.0231,1.0359116022099448,crisis,American
MSFT,2008-02-14,28.96,31.0,2008-03-20,0.0958247775496235,35,call,0.375,0.0231,1.0704419889502763,crisis,American
MSFT,2008-02-22,28.1,26.0,2008-03-20,0.0739219712525667,27,call,2.43,0.022,0.9252669039145908,crisis,American
MSFT,2008-02-22,28.1,27.5,2008-03-20,0.0739219712525667,27,call,1.33,0.022,0.9786476868327402,crisis,American
MSFT,2008-02-22,28.1,29.0,2008-03-20,0.0739219712525667,27,call,0.585,0.022,1.0320284697508897,crisis,American
MSFT,2008-02-22,28.1,30.0,2008-03-20,0.0739219712525667,27,call,0.3,0.022,1.0676156583629892,crisis,American
MSFT,2008-02-22,28.1,26.0,2008-04-18,0.1533196440793976,56,call,2.74,0.022,0.9252669039145908,crisis,American
MSFT,2008-02-22,28.1,27.5,2008-04-18,0.1533196440793976,56,call,1.72,0.022,0.9786476868327402,crisis,American
MSFT,2008-02-22,28.1,29.0,2008-04-18,0.1533196440793976,56,call,0.965,0.022,1.0320284697508897,crisis,American
MSFT,2008-02-22,28.1,30.0,2008-04-18,0.1533196440793976,56,call,0.62,0.022,1.0676156583629892,crisis,American
MSFT,2008-02-29,27.93,26.0,2008-03-20,0.054757015742642,20,call,2.125,0.0185,0.9308986752595776,crisis,American
MSFT,2008-02-29,27.93,27.5,2008-03-20,0.054757015742642,20,call,1.01,0.0185,0.9846043680630148,crisis,American
MSFT,2008-02-29,27.93,29.0,2008-03-20,0.054757015742642,20,call,0.37,0.0185,1.038310060866452,crisis,American
MSFT,2008-02-29,27.93,30.0,2008-03-20,0.054757015742642,20,call,0.17,0.0185,1.074113856068743,crisis,American
MSFT,2008-02-29,27.93,26.0,2008-04-18,0.1341546885694729,49,call,2.495,0.0185,0.9308986752595776,crisis,American
MSFT,2008-02-29,27.93,27.5,2008-04-18,0.1341546885694729,49,call,1.49,0.0185,0.9846043680630148,crisis,American
MSFT,2008-02-29,27.93,29.0,2008-04-18,0.1341546885694729,49,call,0.79,0.0185,1.038310060866452,crisis,American
MSFT,2008-02-29,27.93,30.0,2008-04-18,0.1341546885694729,49,call,0.49,0.0185,1.074113856068743,crisis,American
MSFT,2008-03-07,27.57,25.0,2008-03-20,0.0355920602327173,13,call,2.685,0.0144999999999999,0.9067827348567284,crisis,American
MSFT,2008-03-07,27.57,26.0,2008-03-20,0.0355920602327173,13,call,1.79,0.0144999999999999,0.9430540442509976,crisis,American
MSFT,2008-03-07,27.57,27.5,2008-03-20,0.0355920602327173,13,call,0.745,0.0144999999999999,0.9974610083424011,crisis,American
MSFT,2008-03-07,27.57,29.0,2008-03-20,0.0355920602327173,13,call,0.205,0.0144999999999999,1.051867972433805,crisis,American
MSFT,2008-03-07,27.57,30.0,2008-03-20,0.0355920602327173,13,call,0.085,0.0144999999999999,1.088139281828074,crisis,American
MSFT,2008-03-07,27.57,25.0,2008-04-18,0.1149897330595482,42,call,3.02,0.0144999999999999,0.9067827348567284,crisis,American
MSFT,2008-03-07,27.57,26.0,2008-04-18,0.1149897330595482,42,call,2.23,0.0144999999999999,0.9430540442509976,crisis,American
MSFT,2008-03-07,27.57,27.5,2008-04-18,0.1149897330595482,42,call,1.29,0.0144999999999999,0.9974610083424011,crisis,American
MSFT,2008-03-07,27.57,29.0,2008-04-18,0.1149897330595482,42,call,0.66,0.0144999999999999,1.051867972433805,crisis,American
MSFT,2008-03-07,27.57,30.0,2008-04-18,0.1149897330595482,42,call,0.4,0.0144999999999999,1.088139281828074,crisis,American
MSFT,2008-03-14,28.62,26.0,2008-04-18,0.0958247775496235,35,call,3.015,0.0118,0.9084556254367576,crisis,American
MSFT,2008-03-14,28.62,27.5,2008-04-18,0.0958247775496235,35,call,1.835,0.0118,0.9608665269042628,crisis,American
MSFT,2008-03-14,28.62,29.0,2008-04-18,0.0958247775496235,35,call,0.96,0.0118,1.013277428371768,crisis,American
MSFT,2008-03-14,28.62,30.0,2008-04-18,0.0958247775496235,35,call,0.58,0.0118,1.0482180293501049,crisis,American
MSFT,2008-03-14,28.62,31.0,2008-04-18,0.0958247775496235,35,call,0.33,0.0118,1.0831586303284415,crisis,American
MSFT,2008-03-24,29.18,27.5,2008-04-18,0.0684462696783025,25,call,2.18,0.0124,0.9424263193968472,crisis,American
MSFT,2008-03-24,29.18,29.0,2008-04-18,0.0684462696783025,25,call,1.135,0.0124,0.993831391363948,crisis,American
MSFT,2008-03-24,29.18,30.0,2008-04-18,0.0684462696783025,25,call,0.645,0.0124,1.0281014393420151,crisis,American
MSFT,2008-03-24,29.18,31.0,2008-04-18,0.0684462696783025,25,call,0.335,0.0124,1.0623714873200822,crisis,American
MSFT,2008-03-31,27.91,26.0,2008-04-18,0.0492813141683778,18,call,2.195,0.0138,0.9315657470440702,crisis,American
MSFT,2008-03-31,27.91,27.5,2008-04-18,0.0492813141683778,18,call,1.1,0.0138,0.9853099247581512,crisis,American
MSFT,2008-03-31,27.91,29.0,2008-04-18,0.0492813141683778,18,call,0.42,0.0138,1.0390541024722322,crisis,American
MSFT,2008-03-31,27.91,30.0,2008-04-18,0.0492813141683778,18,call,0.19,0.0138,1.0748835542816195,crisis,American
MSFT,2008-03-31,27.91,26.0,2008-05-16,0.1259411362080766,46,call,2.67,0.0138,0.9315657470440702,crisis,American
MSFT,2008-03-31,27.91,27.0,2008-05-16,0.1259411362080766,46,call,2.005,0.0138,0.9673951988534576,crisis,American
MSFT,2008-03-31,27.91,28.0,2008-05-16,0.1259411362080766,46,call,1.435,0.0138,1.0032246506628448,crisis,American
MSFT,2008-03-31,27.91,29.0,2008-05-16,0.1259411362080766,46,call,0.99,0.0138,1.0390541024722322,crisis,American
MSFT,2008-03-31,27.91,30.0,2008-05-16,0.1259411362080766,46,call,0.65,0.0138,1.0748835542816195,crisis,American
MSFT,2008-04-07,29.16,27.5,2008-04-18,0.0301163586584531,11,call,1.835,0.0144999999999999,0.9430727023319616,crisis,American
MSFT,2008-04-07,29.16,29.0,2008-04-18,0.0301163586584531,11,call,0.695,0.0144999999999999,0.9945130315500684,crisis,American
MSFT,2008-04-07,29.16,30.0,2008-04-18,0.0301163586584531,11,call,0.27,0.0144999999999999,1.02880658436214,crisis,American
MSFT,2008-04-07,29.16,31.0,2008-04-18,0.0301163586584531,11,call,0.095,0.0144999999999999,1.0631001371742113,crisis,American
MSFT,2008-04-07,29.16,27.0,2008-05-16,0.1067761806981519,39,call,2.71,0.0144999999999999,0.925925925925926,crisis,American
MSFT,2008-04-07,29.16,28.0,2008-05-16,0.1067761806981519,39,call,1.98,0.0144999999999999,0.9602194787379972,crisis,American
MSFT,2008-04-07,29.16,29.0,2008-05-16,0.1067761806981519,39,call,1.37,0.0144999999999999,0.9945130315500684,crisis,American
MSFT,2008-04-07,29.16,30.0,2008-05-16,0.1067761806981519,39,call,0.89,0.0144999999999999,1.02880658436214,crisis,American
MSFT,2008-04-07,29.16,31.0,2008-05-16,0.1067761806981519,39,call,0.545,0.0144999999999999,1.0631001371742113,crisis,American
MSFT,2008-04-07,29.16,32.0,2008-05-16,0.1067761806981519,39,call,0.32,0.0144999999999999,1.0973936899862826,crisis,American
MSFT,2008-04-14,28.28,26.0,2008-05-16,0.0876112251882272,32,call,2.78,0.0108,0.9193776520509194,crisis,American
MSFT,2008-04-14,28.28,27.0,2008-05-16,0.0876112251882272,32,call,2.035,0.0108,0.9547383309759548,crisis,American
MSFT,2008-04-14,28.28,28.0,2008-05-16,0.0876112251882272,32,call,1.405,0.0108,0.99009900990099,crisis,American
MSFT,2008-04-14,28.28,29.0,2008-05-16,0.0876112251882272,32,call,0.915,0.0108,1.0254596888260257,crisis,American
MSFT,2008-04-14,28.28,30.0,2008-05-16,0.0876112251882272,32,call,0.555,0.0108,1.0608203677510608,crisis,American
MSFT,2008-04-14,28.28,31.0,2008-05-16,0.0876112251882272,32,call,0.315,0.0108,1.0961810466760962,crisis,American
MSFT,2008-04-21,30.0,27.0,2008-05-16,0.0684462696783025,25,call,3.3,0.0134,0.9,crisis,American
MSFT,2008-04-21,30.0,28.0,2008-05-16,0.0684462696783025,25,call,2.475,0.0134,0.9333333333333332,crisis,American
MSFT,2008-04-21,30.0,29.0,2008-05-16,0.0684462696783025,25,call,1.76,0.0134,0.9666666666666668,crisis,American
MSFT,2008-04-21,30.0,30.0,2008-05-16,0.0684462696783025,25,call,1.175,0.0134,1.0,crisis,American
MSFT,2008-04-21,30.0,31.0,2008-05-16,0.0684462696783025,25,call,0.725,0.0134,1.0333333333333334,crisis,American
MSFT,2008-04-21,30.0,32.0,2008-05-16,0.0684462696783025,25,call,0.43,0.0134,1.0666666666666669,crisis,American
MSFT,2008-04-21,30.0,33.0,2008-05-16,0.0684462696783025,25,call,0.25,0.0134,1.1,crisis,American
MSFT,2008-04-28,29.83,27.0,2008-05-16,0.0492813141683778,18,call,2.925,0.0143,0.9051290646999666,crisis,American
MSFT,2008-04-28,29.83,28.0,2008-05-16,0.0492813141683778,18,call,2.02,0.0143,0.938652363392558,crisis,American
MSFT,2008-04-28,29.83,29.0,2008-05-16,0.0492813141683778,18,call,1.255,0.0143,0.9721756620851492,crisis,American
MSFT,2008-04-28,29.83,30.0,2008-05-16,0.0492813141683778,18,call,0.69,0.0143,1.005698960777741,crisis,American
MSFT,2008-04-28,29.83,31.0,2008-05-16,0.0492813141683778,18,call,0.34,0.0143,1.039222259470332,crisis,American
MSFT,2008-04-28,29.83,32.0,2008-05-16,0.0492813141683778,18,call,0.16,0.0143,1.0727455581629233,crisis,American
MSFT,2008-04-28,29.83,27.0,2008-06-20,0.1451060917180013,53,call,3.15,0.0143,0.9051290646999666,crisis,American
MSFT,2008-04-28,29.83,29.0,2008-06-20,0.1451060917180013,53,call,1.71,0.0143,0.9721756620851492,crisis,American
MSFT,2008-04-28,29.83,30.0,2008-06-20,0.1451060917180013,53,call,1.17,0.0143,1.005698960777741,crisis,American
MSFT,2008-04-28,29.83,31.0,2008-06-20,0.1451060917180013,53,call,0.745,0.0143,1.039222259470332,crisis,American
MSFT,2008-04-28,29.83,32.0,2008-06-20,0.1451060917180013,53,call,0.455,0.0143,1.0727455581629233,crisis,American
MSFT,2008-05-05,29.24,27.0,2008-05-16,0.0301163586584531,11,call,2.33,0.0153,0.9233926128590972,crisis,American
MSFT,2008-05-05,29.24,28.0,2008-05-16,0.0301163586584531,11,call,1.505,0.0153,0.957592339261286,crisis,American
MSFT,2008-05-05,29.24,29.0,2008-05-16,0.0301163586584531,11,call,0.87,0.0153,0.9917920656634748,crisis,American
MSFT,2008-05-05,29.24,30.0,2008-05-16,0.0301163586584531,11,call,0.455,0.0153,1.0259917920656636,crisis,American
MSFT,2008-05-05,29.24,31.0,2008-05-16,0.0301163586584531,11,call,0.22,0.0153,1.0601915184678523,crisis,American
MSFT,2008-05-05,29.24,32.0,2008-05-16,0.0301163586584531,11,call,0.1,0.0153,1.094391244870041,crisis,American
MSFT,2008-05-05,29.24,27.0,2008-06-20,0.1259411362080766,46,call,2.645,0.0153,0.9233926128590972,crisis,American
MSFT,2008-05-05,29.24,28.0,2008-06-20,0.1259411362080766,46,call,1.94,0.0153,0.957592339261286,crisis,American
MSFT,2008-05-05,29.24,29.0,2008-06-20,0.1259411362080766,46,call,1.35,0.0153,0.9917920656634748,crisis,American
MSFT,2008-05-05,29.24,30.0,2008-06-20,0.1259411362080766,46,call,0.89,0.0153,1.0259917920656636,crisis,American
MSFT,2008-05-05,29.24,31.0,2008-06-20,0.1259411362080766,46,call,0.555,0.0153,1.0601915184678523,crisis,American
MSFT,2008-05-05,29.24,32.0,2008-06-20,0.1259411362080766,46,call,0.32,0.0153,1.094391244870041,crisis,American
MSFT,2008-05-12,29.39,27.0,2008-06-20,0.1067761806981519,39,call,2.645,0.0177,0.9186798230690713,crisis,American
MSFT,2008-05-12,29.39,28.0,2008-06-20,0.1067761806981519,39,call,1.885,0.0177,0.9527050017012588,crisis,American
MSFT,2008-05-12,29.39,29.0,2008-06-20,0.1067761806981519,39,call,1.255,0.0177,0.9867301803334468,crisis,American
MSFT,2008-05-12,29.39,30.0,2008-06-20,0.1067761806981519,39,call,0.78,0.0177,1.0207553589656346,crisis,American
MSFT,2008-05-12,29.39,31.0,2008-06-20,0.1067761806981519,39,call,0.46,0.0177,1.0547805375978223,crisis,American
MSFT,2008-05-12,29.39,32.0,2008-06-20,0.1067761806981519,39,call,0.26,0.0177,1.0888057162300102,crisis,American
MSFT,2008-05-19,29.99,27.0,2008-06-20,0.0876112251882272,32,call,3.175,0.0182,0.9003001000333445,crisis,American
MSFT,2008-05-19,29.99,28.0,2008-06-20,0.0876112251882272,32,call,2.27,0.0182,0.9336445481827276,crisis,American
MSFT,2008-05-19,29.99,29.0,2008-06-20,0.0876112251882272,32,call,1.475,0.0182,0.9669889963321108,crisis,American
MSFT,2008-05-19,29.99,30.0,2008-06-20,0.0876112251882272,32,call,0.845,0.0182,1.000333444481494,crisis,American
MSFT,2008-05-19,29.99,31.0,2008-06-20,0.0876112251882272,32,call,0.445,0.0182,1.033677892630877,crisis,American
MSFT,2008-05-19,29.99,32.0,2008-06-20,0.0876112251882272,32,call,0.205,0.0182,1.06702234078026,crisis,American
MSFT,2008-05-19,29.99,27.5,2008-07-18,0.164271047227926,60,call,3.05,0.0182,0.916972324108036,crisis,American
MSFT,2008-05-19,29.99,29.0,2008-07-18,0.164271047227926,60,call,1.955,0.0182,0.9669889963321108,crisis,American
MSFT,2008-05-19,29.99,30.0,2008-07-18,0.164271047227926,60,call,1.375,0.0182,1.000333444481494,crisis,American
MSFT,2008-05-19,29.99,31.0,2008-07-18,0.164271047227926,60,call,0.915,0.0182,1.033677892630877,crisis,American
MSFT,2008-05-19,29.99,32.5,2008-07-18,0.164271047227926,60,call,0.455,0.0182,1.0836945648549516,crisis,American
MSFT,2008-05-27,28.05,26.0,2008-06-20,0.0657084188911704,24,call,2.255,0.0189,0.926916221033868,crisis,American
MSFT,2008-05-27,28.05,27.0,2008-06-20,0.0657084188911704,24,call,1.465,0.0189,0.962566844919786,crisis,American
MSFT,2008-05-27,28.05,28.0,2008-06-20,0.0657084188911704,24,call,0.85,0.0189,0.998217468805704,crisis,American
MSFT,2008-05-27,28.05,29.0,2008-06-20,0.0657084188911704,24,call,0.445,0.0189,1.0338680926916222,crisis,American
MSFT,2008-05-27,28.05,30.0,2008-06-20,0.0657084188911704,24,call,0.205,0.0189,1.0695187165775402,crisis,American
MSFT,2008-05-27,28.05,26.0,2008-07-18,0.1423682409308692,52,call,2.705,0.0189,0.926916221033868,crisis,American
MSFT,2008-05-27,28.05,27.5,2008-07-18,0.1423682409308692,52,call,1.685,0.0189,0.9803921568627452,crisis,American
MSFT,2008-05-27,28.05,29.0,2008-07-18,0.1423682409308692,52,call,0.94,0.0189,1.0338680926916222,crisis,American
MSFT,2008-05-27,28.05,30.0,2008-07-18,0.1423682409308692,52,call,0.595,0.0189,1.0695187165775402,crisis,American
MSFT,2008-06-03,27.8,26.0,2008-06-20,0.0465434633812457,17,call,2.0,0.0185,0.935251798561151,crisis,American
MSFT,2008-06-03,27.8,27.0,2008-06-20,0.0465434633812457,17,call,1.215,0.0185,0.9712230215827338,crisis,American
MSFT,2008-06-03,27.8,28.0,2008-06-20,0.0465434633812457,17,call,0.595,0.0185,1.0071942446043165,crisis,American
MSFT,2008-06-03,27.8,29.0,2008-06-20,0.0465434633812457,17,call,0.25,0.0185,1.0431654676258992,crisis,American
MSFT,2008-06-03,27.8,30.0,2008-06-20,0.0465434633812457,17,call,0.09,0.0185,1.079136690647482,crisis,American
MSFT,2008-06-03,27.8,26.0,2008-07-18,0.1232032854209445,45,call,2.42,0.0185,0.935251798561151,crisis,American
MSFT,2008-06-03,27.8,27.5,2008-07-18,0.1232032854209445,45,call,1.425,0.0185,0.9892086330935252,crisis,American
MSFT,2008-06-03,27.8,29.0,2008-07-18,0.1232032854209445,45,call,0.72,0.0185,1.0431654676258992,crisis,American
MSFT,2008-06-03,27.8,30.0,2008-07-18,0.1232032854209445,45,call,0.425,0.0185,1.079136690647482,crisis,American
MSFT,2008-06-10,27.71,25.0,2008-06-20,0.027378507871321,10,call,2.82,0.0202,0.9022013713460844,crisis,American
MSFT,2008-06-10,27.71,26.0,2008-06-20,0.027378507871321,10,call,1.88,0.0202,0.9382894261999278,crisis,American
MSFT,2008-06-10,27.71,27.0,2008-06-20,0.027378507871321,10,call,1.035,0.0202,0.9743774810537712,crisis,American
MSFT,2008-06-10,27.71,28.0,2008-06-20,0.027378507871321,10,call,0.42,0.0202,1.0104655359076145,crisis,American
MSFT,2008-06-10,27.71,29.0,2008-06-20,0.027378507871321,10,call,0.125,0.0202,1.0465535907614578,crisis,American
MSFT,2008-06-10,27.71,25.0,2008-07-18,0.1040383299110198,38,call,3.15,0.0202,0.9022013713460844,crisis,American
MSFT,2008-06-10,27.71,26.0,2008-07-18,0.1040383299110198,38,call,2.35,0.0202,0.9382894261999278,crisis,American
MSFT,2008-06-10,27.71,27.5,2008-07-18,0.1040383299110198,38,call,1.345,0.0202,0.9924215084806928,crisis,American
MSFT,2008-06-10,27.71,29.0,2008-07-18,0.1040383299110198,38,call,0.67,0.0202,1.0465535907614578,crisis,American
MSFT,2008-06-10,27.71,30.0,2008-07-18,0.1040383299110198,38,call,0.395,0.0202,1.0826416456153014,crisis,American
MSFT,2008-06-17,28.93,27.5,2008-07-18,0.0848733744010951,31,call,1.975,0.0199,0.9505703422053232,crisis,American
MSFT,2008-06-17,28.93,29.0,2008-07-18,0.0848733744010951,31,call,1.045,0.0199,1.0024196335983409,crisis,American
MSFT,2008-06-17,28.93,30.0,2008-07-18,0.0848733744010951,31,call,0.63,0.0199,1.0369858278603523,crisis,American
MSFT,2008-06-17,28.93,31.0,2008-07-18,0.0848733744010951,31,call,0.36,0.0199,1.0715520221223644,crisis,American
MSFT,2008-06-24,27.97,26.0,2008-07-18,0.0657084188911704,24,call,2.305,0.0183,0.9295673936360388,crisis,American
MSFT,2008-06-24,27.97,27.5,2008-07-18,0.0657084188911704,24,call,1.21,0.0183,0.9831962817304256,crisis,American
MSFT,2008-06-24,27.97,29.0,2008-07-18,0.0657084188911704,24,call,0.515,0.0183,1.0368251698248123,crisis,American
MSFT,2008-06-24,27.97,30.0,2008-07-18,0.0657084188911704,24,call,0.265,0.0183,1.072577761887737,crisis,American
MSFT,2008-07-01,27.51,25.0,2008-07-18,0.0465434633812457,17,call,2.7,0.0187,0.9087604507451836,crisis,American
MSFT,2008-07-01,27.51,26.0,2008-07-18,0.0465434633812457,17,call,1.835,0.0187,0.9451108687749908,crisis,American
MSFT,2008-07-01,27.51,27.5,2008-07-18,0.0465434633812457,17,call,0.825,0.0187,0.9996364958197018,crisis,American
MSFT,2008-07-01,27.51,29.0,2008-07-18,0.0465434633812457,17,call,0.295,0.0187,1.054162122864413,crisis,American
MSFT,2008-07-01,27.51,30.0,2008-07-18,0.0465434633812457,17,call,0.145,0.0187,1.0905125408942202,crisis,American
MSFT,2008-07-01,27.51,25.0,2008-08-15,0.1232032854209445,45,call,3.005,0.0187,0.9087604507451836,crisis,American
MSFT,2008-07-01,27.51,26.0,2008-08-15,0.1232032854209445,45,call,2.195,0.0187,0.9451108687749908,crisis,American
MSFT,2008-07-01,27.51,27.0,2008-08-15,0.1232032854209445,45,call,1.52,0.0187,0.9814612868047982,crisis,American
MSFT,2008-07-01,27.51,29.0,2008-08-15,0.1232032854209445,45,call,0.595,0.0187,1.054162122864413,crisis,American
MSFT,2008-07-01,27.51,30.0,2008-08-15,0.1232032854209445,45,call,0.335,0.0187,1.0905125408942202,crisis,American
MSFT,2008-07-09,25.85,24.0,2008-07-18,0.0246406570841889,9,call,2.12,0.0182,0.9284332688588008,crisis,American
MSFT,2008-07-09,25.85,25.0,2008-07-18,0.0246406570841889,9,call,1.35,0.0182,0.967117988394584,crisis,American
MSFT,2008-07-09,25.85,26.0,2008-07-18,0.0246406570841889,9,call,0.765,0.0182,1.0058027079303675,crisis,American
MSFT,2008-07-09,25.85,27.5,2008-07-18,0.0246406570841889,9,call,0.265,0.0182,1.0638297872340423,crisis,American
MSFT,2008-07-09,25.85,24.0,2008-08-15,0.1013004791238877,37,call,2.435,0.0182,0.9284332688588008,crisis,American
MSFT,2008-07-09,25.85,25.0,2008-08-15,0.1013004791238877,37,call,1.73,0.0182,0.967117988394584,crisis,American
MSFT,2008-07-09,25.85,26.0,2008-08-15,0.1013004791238877,37,call,1.16,0.0182,1.0058027079303675,crisis,American
MSFT,2008-07-09,25.85,27.0,2008-08-15,0.1013004791238877,37,call,0.72,0.0182,1.0444874274661509,crisis,American
MSFT,2008-07-09,25.85,28.0,2008-08-15,0.1013004791238877,37,call,0.415,0.0182,1.0831721470019342,crisis,American
MSFT,2008-07-16,26.15,24.0,2008-08-15,0.082135523613963,30,call,2.75,0.0137,0.9177820267686424,crisis,American
MSFT,2008-07-16,26.15,25.0,2008-08-15,0.082135523613963,30,call,2.045,0.0137,0.9560229445506692,crisis,American
MSFT,2008-07-16,26.15,26.0,2008-08-15,0.082135523613963,30,call,1.41,0.0137,0.994263862332696,crisis,American
MSFT,2008-07-16,26.15,27.0,2008-08-15,0.082135523613963,30,call,0.915,0.0137,1.032504780114723,crisis,American
MSFT,2008-07-16,26.15,28.0,2008-08-15,0.082135523613963,30,call,0.56,0.0137,1.0707456978967496,crisis,American
MSFT,2008-07-23,25.8,24.0,2008-08-15,0.0629705681040383,23,call,2.01,0.0159,0.9302325581395348,crisis,American
MSFT,2008-07-23,25.8,25.0,2008-08-15,0.0629705681040383,23,call,1.225,0.0159,0.9689922480620154,crisis,American
MSFT,2008-07-23,25.8,26.0,2008-08-15,0.0629705681040383,23,call,0.645,0.0159,1.007751937984496,crisis,American
MSFT,2008-07-23,25.8,27.0,2008-08-15,0.0629705681040383,23,call,0.29,0.0159,1.0465116279069766,crisis,American
MSFT,2008-07-23,25.8,28.0,2008-08-15,0.0629705681040383,23,call,0.115,0.0159,1.0852713178294573,crisis,American
MSFT,2008-07-23,25.8,24.0,2008-09-19,0.1587953456536618,58,call,2.27,0.0159,0.9302325581395348,crisis,American
MSFT,2008-07-23,25.8,25.0,2008-09-19,0.1587953456536618,58,call,1.575,0.0159,0.9689922480620154,crisis,American
MSFT,2008-07-23,25.8,26.0,2008-09-19,0.1587953456536618,58,call,1.01,0.0159,1.007751937984496,crisis,American
MSFT,2008-07-23,25.8,27.0,2008-09-19,0.1587953456536618,58,call,0.595,0.0159,1.0465116279069766,crisis,American
MSFT,2008-07-23,25.8,28.0,2008-09-19,0.1587953456536618,58,call,0.325,0.0159,1.0852713178294573,crisis,American
MSFT,2008-07-30,26.11,24.0,2008-08-15,0.0438056125941136,16,call,2.235,0.017,0.9191880505553428,crisis,American
MSFT,2008-07-30,26.11,25.0,2008-08-15,0.0438056125941136,16,call,1.395,0.017,0.9574875526618154,crisis,American
MSFT,2008-07-30,26.11,26.0,2008-08-15,0.0438056125941136,16,call,0.76,0.017,0.995787054768288,crisis,American
MSFT,2008-07-30,26.11,27.0,2008-08-15,0.0438056125941136,16,call,0.345,0.017,1.0340865568747606,crisis,American
MSFT,2008-07-30,26.11,28.0,2008-08-15,0.0438056125941136,16,call,0.13,0.017,1.0723860589812333,crisis,American
MSFT,2008-07-30,26.11,24.0,2008-09-19,0.1396303901437371,51,call,2.525,0.017,0.9191880505553428,crisis,American
MSFT,2008-07-30,26.11,25.0,2008-09-19,0.1396303901437371,51,call,1.8,0.017,0.9574875526618154,crisis,American
MSFT,2008-07-30,26.11,26.0,2008-09-19,0.1396303901437371,51,call,1.21,0.017,0.995787054768288,crisis,American
MSFT,2008-07-30,26.11,27.0,2008-09-19,0.1396303901437371,51,call,0.76,0.017,1.0340865568747606,crisis,American
MSFT,2008-07-30,26.11,28.0,2008-09-19,0.1396303901437371,51,call,0.44,0.017,1.0723860589812333,crisis,American
MSFT,2008-08-06,26.21,24.0,2008-08-15,0.0246406570841889,9,call,2.245,0.0163999999999999,0.9156810377718428,crisis,American
MSFT,2008-08-06,26.21,25.0,2008-08-15,0.0246406570841889,9,call,1.345,0.0163999999999999,0.9538344143456696,crisis,American
MSFT,2008-08-06,26.21,26.0,2008-08-15,0.0246406570841889,9,call,0.625,0.0163999999999999,0.9919877909194964,crisis,American
MSFT,2008-08-06,26.21,27.0,2008-08-15,0.0246406570841889,9,call,0.215,0.0163999999999999,1.0301411674933232,crisis,American
MSFT,2008-08-06,26.21,28.0,2008-08-15,0.0246406570841889,9,call,0.055,0.0163999999999999,1.06829454406715,crisis,American
MSFT,2008-08-06,26.21,24.0,2008-09-19,0.1204654346338124,44,call,2.52,0.0163999999999999,0.9156810377718428,crisis,American
MSFT,2008-08-06,26.21,25.0,2008-09-19,0.1204654346338124,44,call,1.78,0.0163999999999999,0.9538344143456696,crisis,American
MSFT,2008-08-06,26.21,26.0,2008-09-19,0.1204654346338124,44,call,1.16,0.0163999999999999,0.9919877909194964,crisis,American
MSFT,2008-08-06,26.21,27.0,2008-09-19,0.1204654346338124,44,call,0.695,0.0163999999999999,1.0301411674933232,crisis,American
MSFT,2008-08-06,26.21,28.0,2008-09-19,0.1204654346338124,44,call,0.38,0.0163999999999999,1.06829454406715,crisis,American
MSFT,2008-08-13,28.12,26.0,2008-09-19,0.1013004791238877,37,call,2.49,0.0185,0.9246088193456614,crisis,American
MSFT,2008-08-13,28.12,27.0,2008-09-19,0.1013004791238877,37,call,1.74,0.0185,0.9601706970128022,crisis,American
MSFT,2008-08-13,28.12,28.0,2008-09-19,0.1013004791238877,37,call,1.115,0.0185,0.995732574679943,crisis,American
MSFT,2008-08-13,28.12,29.0,2008-09-19,0.1013004791238877,37,call,0.645,0.0185,1.031294452347084,crisis,American
MSFT,2008-08-13,28.12,30.0,2008-09-19,0.1013004791238877,37,call,0.335,0.0185,1.0668563300142246,crisis,American
MSFT,2008-08-20,27.32,25.0,2008-09-19,0.082135523613963,30,call,2.605,0.0171,0.9150805270863837,crisis,American
MSFT,2008-08-20,27.32,26.0,2008-09-19,0.082135523613963,30,call,1.795,0.0171,0.9516837481698388,crisis,American
MSFT,2008-08-20,27.32,27.0,2008-09-19,0.082135523613963,30,call,1.125,0.0171,0.9882869692532944,crisis,American
MSFT,2008-08-20,27.32,28.0,2008-09-19,0.082135523613963,30,call,0.62,0.0171,1.0248901903367496,crisis,American
MSFT,2008-08-20,27.32,29.0,2008-09-19,0.082135523613963,30,call,0.305,0.0171,1.061493411420205,crisis,American
MSFT,2008-08-20,27.32,30.0,2008-09-19,0.082135523613963,30,call,0.14,0.0171,1.0980966325036603,crisis,American
MSFT,2008-08-20,27.32,25.0,2008-10-17,0.1587953456536618,58,call,2.915,0.0171,0.9150805270863837,crisis,American
MSFT,2008-08-20,27.32,26.0,2008-10-17,0.1587953456536618,58,call,2.165,0.0171,0.9516837481698388,crisis,American
MSFT,2008-08-20,27.32,27.0,2008-10-17,0.1587953456536618,58,call,1.525,0.0171,0.9882869692532944,crisis,American
MSFT,2008-08-20,27.32,28.0,2008-10-17,0.1587953456536618,58,call,1.015,0.0171,1.0248901903367496,crisis,American
MSFT,2008-08-20,27.32,29.0,2008-10-17,0.1587953456536618,58,call,0.63,0.0171,1.061493411420205,crisis,American
MSFT,2008-08-20,27.32,30.0,2008-10-17,0.1587953456536618,58,call,0.365,0.0171,1.0980966325036603,crisis,American
MSFT,2008-08-27,27.27,25.0,2008-09-19,0.0629705681040383,23,call,2.475,0.0167,0.9167583425009168,crisis,American
MSFT,2008-08-27,27.27,26.0,2008-09-19,0.0629705681040383,23,call,1.64,0.0167,0.9534286762009534,crisis,American
MSFT,2008-08-27,27.27,27.0,2008-09-19,0.0629705681040383,23,call,0.945,0.0167,0.99009900990099,crisis,American
MSFT,2008-08-27,27.27,28.0,2008-09-19,0.0629705681040383,23,call,0.46,0.0167,1.0267693436010268,crisis,American
MSFT,2008-08-27,27.27,29.0,2008-09-19,0.0629705681040383,23,call,0.195,0.0167,1.0634396773010637,crisis,American
MSFT,2008-08-27,27.27,25.0,2008-10-17,0.1396303901437371,51,call,2.795,0.0167,0.9167583425009168,crisis,American
MSFT,2008-08-27,27.27,26.0,2008-10-17,0.1396303901437371,51,call,2.05,0.0167,0.9534286762009534,crisis,American
MSFT,2008-08-27,27.27,27.0,2008-10-17,0.1396303901437371,51,call,1.41,0.0167,0.99009900990099,crisis,American
MSFT,2008-08-27,27.27,28.0,2008-10-17,0.1396303901437371,51,call,0.91,0.0167,1.0267693436010268,crisis,American
MSFT,2008-08-27,27.27,29.0,2008-10-17,0.1396303901437371,51,call,0.54,0.0167,1.0634396773010637,crisis,American
MSFT,2008-09-04,26.9,25.0,2008-09-19,0.0410677618069815,15,call,2.075,0.0169,0.929368029739777,crisis,American
MSFT,2008-09-04,26.9,26.0,2008-09-19,0.0410677618069815,15,call,1.245,0.0169,0.966542750929368,crisis,American
MSFT,2008-09-04,26.9,27.0,2008-09-19,0.0410677618069815,15,call,0.615,0.0169,1.0037174721189592,crisis,American
MSFT,2008-09-04,26.9,28.0,2008-09-19,0.0410677618069815,15,call,0.235,0.0169,1.0408921933085502,crisis,American
MSFT,2008-09-04,26.9,29.0,2008-09-19,0.0410677618069815,15,call,0.085,0.0169,1.0780669144981414,crisis,American
MSFT,2008-09-04,26.9,25.0,2008-10-17,0.1177275838466803,43,call,2.445,0.0169,0.929368029739777,crisis,American
MSFT,2008-09-04,26.9,26.0,2008-10-17,0.1177275838466803,43,call,1.72,0.0169,0.966542750929368,crisis,American
MSFT,2008-09-04,26.9,27.0,2008-10-17,0.1177275838466803,43,call,1.12,0.0169,1.0037174721189592,crisis,American
MSFT,2008-09-04,26.9,28.0,2008-10-17,0.1177275838466803,43,call,0.67,0.0169,1.0408921933085502,crisis,American
MSFT,2008-09-04,26.9,29.0,2008-10-17,0.1177275838466803,43,call,0.365,0.0169,1.0780669144981414,crisis,American
MSFT,2008-09-11,26.44,24.0,2008-09-19,0.0219028062970568,8,call,2.51,0.0161,0.907715582450832,crisis,American
MSFT,2008-09-11,26.44,25.0,2008-09-19,0.0219028062970568,8,call,1.58,0.0161,0.94553706505295,crisis,American
MSFT,2008-09-11,26.44,26.0,2008-09-19,0.0219028062970568,8,call,0.795,0.0161,0.983358547655068,crisis,American
MSFT,2008-09-11,26.44,27.0,2008-09-19,0.0219028062970568,8,call,0.285,0.0161,1.021180030257186,crisis,American
MSFT,2008-09-11,26.44,28.0,2008-09-19,0.0219028062970568,8,call,0.075,0.0161,1.059001512859304,crisis,American
MSFT,2008-09-11,26.44,24.0,2008-10-17,0.0985626283367556,36,call,2.815,0.0161,0.907715582450832,crisis,American
MSFT,2008-09-11,26.44,25.0,2008-10-17,0.0985626283367556,36,call,2.03,0.0161,0.94553706505295,crisis,American
MSFT,2008-09-11,26.44,26.0,2008-10-17,0.0985626283367556,36,call,1.355,0.0161,0.983358547655068,crisis,American
MSFT,2008-09-11,26.44,27.0,2008-10-17,0.0985626283367556,36,call,0.82,0.0161,1.021180030257186,crisis,American
MSFT,2008-09-11,26.44,28.0,2008-10-17,0.0985626283367556,36,call,0.46,0.0161,1.059001512859304,crisis,American
MSFT,2008-09-11,26.44,29.0,2008-10-17,0.0985626283367556,36,call,0.24,0.0161,1.096822995461422,crisis,American
MSFT,2008-09-18,24.57,23.0,2008-10-17,0.0793976728268309,29,call,2.385,0.0023,0.936100936100936,crisis,American
MSFT,2008-09-18,24.57,24.0,2008-10-17,0.0793976728268309,29,call,1.74,0.0023,0.9768009768009768,crisis,American
MSFT,2008-09-18,24.57,25.0,2008-10-17,0.0793976728268309,29,call,1.23,0.0023,1.0175010175010175,crisis,American
MSFT,2008-09-18,24.57,26.0,2008-10-17,0.0793976728268309,29,call,0.805,0.0023,1.058201058201058,crisis,American
MSFT,2008-09-18,24.57,27.0,2008-10-17,0.0793976728268309,29,call,0.49,0.0023,1.098901098901099,crisis,American
MSFT,2008-09-25,25.72,24.0,2008-10-17,0.0602327173169062,22,call,2.26,0.0076,0.9331259720062208,crisis,American
MSFT,2008-09-25,25.72,25.0,2008-10-17,0.0602327173169062,22,call,1.535,0.0076,0.9720062208398136,crisis,American
MSFT,2008-09-25,25.72,26.0,2008-10-17,0.0602327173169062,22,call,0.94,0.0076,1.010886469673406,crisis,American
MSFT,2008-09-25,25.72,27.0,2008-10-17,0.0602327173169062,22,call,0.535,0.0076,1.0497667185069983,crisis,American
MSFT,2008-09-25,25.72,28.0,2008-10-17,0.0602327173169062,22,call,0.27,0.0076,1.088646967340591,crisis,American
MSFT,2008-09-25,25.72,24.0,2008-11-21,0.1560574948665297,57,call,2.89,0.0076,0.9331259720062208,crisis,American
MSFT,2008-09-25,25.72,25.0,2008-11-21,0.1560574948665297,57,call,2.235,0.0076,0.9720062208398136,crisis,American
MSFT,2008-09-25,25.72,26.0,2008-11-21,0.1560574948665297,57,call,1.665,0.0076,1.010886469673406,crisis,American
MSFT,2008-09-25,25.72,27.0,2008-11-21,0.1560574948665297,57,call,1.195,0.0076,1.0497667185069983,crisis,American
MSFT,2008-09-25,25.72,28.0,2008-11-21,0.1560574948665297,57,call,0.825,0.0076,1.088646967340591,crisis,American
MSFT,2008-10-02,26.48,24.0,2008-10-17,0.0410677618069815,15,call,2.79,0.0063,0.9063444108761328,crisis,American
MSFT,2008-10-02,26.48,25.0,2008-10-17,0.0410677618069815,15,call,1.985,0.0063,0.9441087613293052,crisis,American
MSFT,2008-10-02,26.48,26.0,2008-10-17,0.0410677618069815,15,call,1.31,0.0063,0.9818731117824772,crisis,American
MSFT,2008-10-02,26.48,27.0,2008-10-17,0.0410677618069815,15,call,0.765,0.0063,1.0196374622356494,crisis,American
MSFT,2008-10-02,26.48,28.0,2008-10-17,0.0410677618069815,15,call,0.405,0.0063,1.0574018126888218,crisis,American
MSFT,2008-10-02,26.48,29.0,2008-10-17,0.0410677618069815,15,call,0.2,0.0063,1.095166163141994,crisis,American
MSFT,2008-10-02,26.48,24.0,2008-11-21,0.136892539356605,50,call,3.35,0.0063,0.9063444108761328,crisis,American
MSFT,2008-10-02,26.48,25.0,2008-11-21,0.136892539356605,50,call,2.645,0.0063,0.9441087613293052,crisis,American
MSFT,2008-10-02,26.48,26.0,2008-11-21,0.136892539356605,50,call,2.015,0.0063,0.9818731117824772,crisis,American
MSFT,2008-10-02,26.48,27.0,2008-11-21,0.136892539356605,50,call,1.47,0.0063,1.0196374622356494,crisis,American
MSFT,2008-10-02,26.48,28.0,2008-11-21,0.136892539356605,50,call,1.035,0.0063,1.0574018126888218,crisis,American
MSFT,2008-10-02,26.48,29.0,2008-11-21,0.136892539356605,50,call,0.69,0.0063,1.095166163141994,crisis,American
MSFT,2008-10-09,23.01,23.0,2008-10-17,0.0219028062970568,8,call,0.95,0.006,0.9995654063450672,crisis,American
MSFT,2008-10-09,23.01,24.0,2008-10-17,0.0219028062970568,8,call,0.505,0.006,1.0430247718383312,crisis,American
MSFT,2008-10-09,23.01,25.0,2008-10-17,0.0219028062970568,8,call,0.23,0.006,1.086484137331595,crisis,American
MSFT,2008-10-09,23.01,22.0,2008-11-21,0.1177275838466803,43,call,2.73,0.006,0.9561060408518036,crisis,American
MSFT,2008-10-09,23.01,23.0,2008-11-21,0.1177275838466803,43,call,2.115,0.006,0.9995654063450672,crisis,American
MSFT,2008-10-09,23.01,24.0,2008-11-21,0.1177275838466803,43,call,1.585,0.006,1.0430247718383312,crisis,American
MSFT,2008-10-09,23.01,25.0,2008-11-21,0.1177275838466803,43,call,1.15,0.006,1.086484137331595,crisis,American
MSFT,2008-10-17,24.19,22.0,2008-11-21,0.0958247775496235,35,call,3.5,0.0083,0.909466721785862,crisis,American
MSFT,2008-10-17,24.19,23.0,2008-11-21,0.0958247775496235,35,call,2.795,0.0083,0.9508061182306736,crisis,American
MSFT,2008-10-17,24.19,24.0,2008-11-21,0.0958247775496235,35,call,2.185,0.0083,0.9921455146754856,crisis,American
MSFT,2008-10-17,24.19,25.0,2008-11-21,0.0958247775496235,35,call,1.61,0.0083,1.0334849111202975,crisis,American
MSFT,2008-10-17,24.19,26.0,2008-11-21,0.0958247775496235,35,call,1.135,0.0083,1.0748243075651094,crisis,American
MSFT,2008-10-24,22.32,21.0,2008-11-21,0.0766598220396988,28,call,2.615,0.0089,0.9408602150537634,crisis,American
MSFT,2008-10-24,22.32,22.0,2008-11-21,0.0766598220396988,28,call,2.03,0.0089,0.985663082437276,crisis,American
MSFT,2008-10-24,22.32,23.0,2008-11-21,0.0766598220396988,28,call,1.51,0.0089,1.0304659498207884,crisis,American
MSFT,2008-10-24,22.32,24.0,2008-11-21,0.0766598220396988,28,call,1.085,0.0089,1.075268817204301,crisis,American
MSFT,2008-10-24,22.32,21.0,2008-12-19,0.1533196440793976,56,call,3.005,0.0089,0.9408602150537634,crisis,American
MSFT,2008-10-24,22.32,22.0,2008-12-19,0.1533196440793976,56,call,2.4,0.0089,0.985663082437276,crisis,American
MSFT,2008-10-24,22.32,23.0,2008-12-19,0.1533196440793976,56,call,1.88,0.0089,1.0304659498207884,crisis,American
MSFT,2008-10-24,22.32,24.0,2008-12-19,0.1533196440793976,56,call,1.42,0.0089,1.075268817204301,crisis,American
MSFT,2008-10-31,22.63,21.0,2008-11-21,0.0574948665297741,21,call,2.33,0.0046,0.9279717189571366,crisis,American
MSFT,2008-10-31,22.63,22.0,2008-11-21,0.0574948665297741,21,call,1.67,0.0046,0.972160848431286,crisis,American
MSFT,2008-10-31,22.63,23.0,2008-11-21,0.0574948665297741,21,call,1.115,0.0046,1.0163499779054352,crisis,American
MSFT,2008-10-31,22.63,24.0,2008-11-21,0.0574948665297741,21,call,0.695,0.0046,1.060539107379585,crisis,American
MSFT,2008-10-31,22.63,21.0,2008-12-19,0.1341546885694729,49,call,2.915,0.0046,0.9279717189571366,crisis,American
MSFT,2008-10-31,22.63,22.0,2008-12-19,0.1341546885694729,49,call,2.29,0.0046,0.972160848431286,crisis,American
MSFT,2008-10-31,22.63,23.0,2008-12-19,0.1341546885694729,49,call,1.74,0.0046,1.0163499779054352,crisis,American
MSFT,2008-10-31,22.63,24.0,2008-12-19,0.1341546885694729,49,call,1.27,0.0046,1.060539107379585,crisis,American
MSFT,2008-11-07,20.88,19.0,2008-11-21,0.0383299110198494,14,call,2.295,0.0031,0.9099616858237548,crisis,American
MSFT,2008-11-07,20.88,20.0,2008-11-21,0.0383299110198494,14,call,1.59,0.0031,0.9578544061302684,crisis,American
MSFT,2008-11-07,20.88,21.0,2008-11-21,0.0383299110198494,14,call,1.015,0.0031,1.0057471264367817,crisis,American
MSFT,2008-11-07,20.88,22.0,2008-11-21,0.0383299110198494,14,call,0.61,0.0031,1.053639846743295,crisis,American
MSFT,2008-11-07,20.88,19.0,2008-12-19,0.1149897330595482,42,call,2.835,0.0031,0.9099616858237548,crisis,American
MSFT,2008-11-07,20.88,20.0,2008-12-19,0.1149897330595482,42,call,2.205,0.0031,0.9578544061302684,crisis,American
MSFT,2008-11-07,20.88,21.0,2008-12-19,0.1149897330595482,42,call,1.64,0.0031,1.0057471264367817,crisis,American
MSFT,2008-11-07,20.88,22.0,2008-12-19,0.1149897330595482,42,call,1.19,0.0031,1.053639846743295,crisis,American
MSFT,2008-11-14,21.25,20.0,2008-11-21,0.0191649555099247,7,call,1.595,0.0015,0.9411764705882352,crisis,American
MSFT,2008-11-14,21.25,21.0,2008-11-21,0.0191649555099247,7,call,0.915,0.0015,0.9882352941176472,crisis,American
MSFT,2008-11-14,21.25,22.0,2008-11-21,0.0191649555099247,7,call,0.465,0.0015,1.035294117647059,crisis,American
MSFT,2008-11-14,21.25,23.0,2008-11-21,0.0191649555099247,7,call,0.185,0.0015,1.0823529411764703,crisis,American
MSFT,2008-11-14,21.25,20.0,2008-12-19,0.0958247775496235,35,call,2.245,0.0015,0.9411764705882352,crisis,American
MSFT,2008-11-14,21.25,21.0,2008-12-19,0.0958247775496235,35,call,1.675,0.0015,0.9882352941176472,crisis,American
MSFT,2008-11-14,21.25,22.0,2008-12-19,0.0958247775496235,35,call,1.18,0.0015,1.035294117647059,crisis,American
MSFT,2008-11-14,21.25,23.0,2008-12-19,0.0958247775496235,35,call,0.795,0.0015,1.0823529411764703,crisis,American
MSFT,2008-11-21,17.53,17.0,2008-12-19,0.0766598220396988,28,call,1.94,0.0002,0.9697661152310324,crisis,American
MSFT,2008-11-21,17.53,19.0,2008-12-19,0.0766598220396988,28,call,1.01,0.0002,1.0838562464346833,crisis,American
MSFT,2008-11-21,17.53,17.5,2009-01-16,0.1533196440793976,56,call,2.23,0.0002,0.9982886480319452,crisis,American
MSFT,2008-11-21,17.53,19.0,2009-01-16,0.1533196440793976,56,call,1.525,0.0002,1.0838562464346833,crisis,American
MSFT,2008-12-01,20.22,19.0,2008-12-19,0.0492813141683778,18,call,1.825,0.0007,0.9396636993076164,crisis,American
MSFT,2008-12-01,20.22,20.0,2008-12-19,0.0492813141683778,18,call,1.185,0.0007,0.9891196834817012,crisis,American
MSFT,2008-12-01,20.22,21.0,2008-12-19,0.0492813141683778,18,call,0.695,0.0007,1.0385756676557865,crisis,American
MSFT,2008-12-01,20.22,22.0,2008-12-19,0.0492813141683778,18,call,0.355,0.0007,1.0880316518298714,crisis,American
MSFT,2008-12-01,20.22,19.0,2009-01-16,0.1259411362080766,46,call,2.365,0.0007,0.9396636993076164,crisis,American
MSFT,2008-12-01,20.22,20.0,2009-01-16,0.1259411362080766,46,call,1.77,0.0007,0.9891196834817012,crisis,American
MSFT,2008-12-01,20.22,21.0,2009-01-16,0.1259411362080766,46,call,1.265,0.0007,1.0385756676557865,crisis,American
MSFT,2008-12-08,19.87,18.0,2008-12-19,0.0301163586584531,11,call,2.15,0.0003,0.9058882737795672,crisis,American
MSFT,2008-12-08,19.87,19.0,2008-12-19,0.0301163586584531,11,call,1.41,0.0003,0.9562154001006542,crisis,American
MSFT,2008-12-08,19.87,20.0,2008-12-19,0.0301163586584531,11,call,0.825,0.0003,1.0065425264217414,crisis,American
MSFT,2008-12-08,19.87,21.0,2008-12-19,0.0301163586584531,11,call,0.41,0.0003,1.0568696527428283,crisis,American
MSFT,2008-12-08,19.87,19.0,2009-01-16,0.1067761806981519,39,call,2.07,0.0003,0.9562154001006542,crisis,American
MSFT,2008-12-08,19.87,20.0,2009-01-16,0.1067761806981519,39,call,1.525,0.0003,1.0065425264217414,crisis,American
MSFT,2008-12-08,19.87,21.0,2009-01-16,0.1067761806981519,39,call,1.065,0.0003,1.0568696527428283,crisis,American
MSFT,2008-12-15,19.36,17.5,2009-01-16,0.0876112251882272,32,call,2.535,0.0003,0.9039256198347108,crisis,American
MSFT,2008-12-15,19.36,19.0,2009-01-16,0.0876112251882272,32,call,1.61,0.0003,0.981404958677686,crisis,American
MSFT,2008-12-15,19.36,20.0,2009-01-16,0.0876112251882272,32,call,1.125,0.0003,1.0330578512396695,crisis,American
MSFT,2008-12-15,19.36,21.0,2009-01-16,0.0876112251882272,32,call,0.74,0.0003,1.084710743801653,crisis,American
MSFT,2008-12-22,19.12,17.5,2009-01-16,0.0684462696783025,25,call,2.045,0.0001,0.9152719665271966,crisis,American
MSFT,2008-12-22,19.12,19.0,2009-01-16,0.0684462696783025,25,call,1.075,0.0001,0.9937238493723848,crisis,American
MSFT,2008-12-22,19.12,20.0,2009-01-16,0.0684462696783025,25,call,0.62,0.0001,1.0460251046025104,crisis,American
MSFT,2008-12-22,19.12,21.0,2009-01-16,0.0684462696783025,25,call,0.33,0.0001,1.0983263598326358,crisis,American
MSFT,2008-12-30,18.96,17.5,2009-01-16,0.0465434633812457,17,call,1.765,0.001,0.9229957805907172,crisis,American
MSFT,2008-12-30,18.96,19.0,2009-01-16,0.0465434633812457,17,call,0.79,0.001,1.00210970464135,crisis,American
MSFT,2008-12-30,18.96,20.0,2009-01-16,0.0465434633812457,17,call,0.395,0.001,1.0548523206751057,crisis,American
MSFT,2008-12-30,18.96,18.0,2009-02-20,0.1423682409308692,52,call,2.085,0.001,0.9493670886075948,crisis,American
MSFT,2008-12-30,18.96,19.0,2009-02-20,0.1423682409308692,52,call,1.54,0.001,1.00210970464135,crisis,American
MSFT,2008-12-30,18.96,20.0,2009-02-20,0.1423682409308692,52,call,1.08,0.001,1.0548523206751057,crisis,American
MSFT,2009-01-07,20.76,19.0,2009-01-16,0.0246406570841889,9,call,1.885,0.0011,0.9152215799614642,crisis,American
MSFT,2009-01-07,20.76,20.0,2009-01-16,0.0246406570841889,9,call,1.075,0.0011,0.9633911368015412,crisis,American
MSFT,2009-01-07,20.76,21.0,2009-01-16,0.0246406570841889,9,call,0.465,0.0011,1.0115606936416184,crisis,American
MSFT,2009-01-07,20.76,22.5,2009-01-16,0.0246406570841889,9,call,0.09,0.0011,1.083815028901734,crisis,American
MSFT,2009-01-07,20.76,19.0,2009-02-20,0.1204654346338124,44,call,2.46,0.0011,0.9152215799614642,crisis,American
MSFT,2009-01-07,20.76,20.0,2009-02-20,0.1204654346338124,44,call,1.785,0.0011,0.9633911368015412,crisis,American
MSFT,2009-01-07,20.76,21.0,2009-02-20,0.1204654346338124,44,call,1.21,0.0011,1.0115606936416184,crisis,American
MSFT,2009-01-07,20.76,22.0,2009-02-20,0.1204654346338124,44,call,0.755,0.0011,1.0597302504816954,crisis,American
MSFT,2009-01-14,19.82,18.0,2009-02-20,0.1013004791238877,37,call,2.42,0.0012,0.9081735620585268,crisis,American
MSFT,2009-01-14,19.82,19.0,2009-02-20,0.1013004791238877,37,call,1.75,0.0012,0.958627648839556,crisis,American
MSFT,2009-01-14,19.82,20.0,2009-02-20,0.1013004791238877,37,call,1.185,0.0012,1.0090817356205852,crisis,American
MSFT,2009-01-14,19.82,21.0,2009-02-20,0.1013004791238877,37,call,0.735,0.0012,1.0595358224016145,crisis,American
MSFT,2009-01-22,19.38,18.0,2009-02-20,0.0793976728268309,29,call,1.925,0.001,0.9287925696594428,crisis,American
MSFT,2009-01-22,19.38,19.0,2009-02-20,0.0793976728268309,29,call,1.27,0.001,0.9803921568627452,crisis,American
MSFT,2009-01-22,19.38,20.0,2009-02-20,0.0793976728268309,29,call,0.78,0.001,1.0319917440660475,crisis,American
MSFT,2009-01-22,19.38,21.0,2009-02-20,0.0793976728268309,29,call,0.405,0.001,1.08359133126935,crisis,American
MSFT,2009-01-22,19.38,18.0,2009-03-20,0.1560574948665297,57,call,2.265,0.001,0.9287925696594428,crisis,American
MSFT,2009-01-22,19.38,19.0,2009-03-20,0.1560574948665297,57,call,1.665,0.001,0.9803921568627452,crisis,American
MSFT,2009-01-22,19.38,20.0,2009-03-20,0.1560574948665297,57,call,1.155,0.001,1.0319917440660475,crisis,American
MSFT,2009-01-22,19.38,21.0,2009-03-20,0.1560574948665297,57,call,0.745,0.001,1.08359133126935,crisis,American
MSFT,2009-01-29,18.04,17.0,2009-02-20,0.0602327173169062,22,call,1.285,0.0023,0.9423503325942352,crisis,American
MSFT,2009-01-29,18.04,18.0,2009-02-20,0.0602327173169062,22,call,0.645,0.0023,0.9977827050997784,crisis,American
MSFT,2009-01-29,18.04,19.0,2009-02-20,0.0602327173169062,22,call,0.26,0.0023,1.0532150776053215,crisis,American
MSFT,2009-01-29,18.04,17.0,2009-03-20,0.136892539356605,50,call,1.61,0.0023,0.9423503325942352,crisis,American
MSFT,2009-01-29,18.04,18.0,2009-03-20,0.136892539356605,50,call,1.015,0.0023,0.9977827050997784,crisis,American
MSFT,2009-01-29,18.04,19.0,2009-03-20,0.136892539356605,50,call,0.59,0.0023,1.0532150776053215,crisis,American
MSFT,2009-02-05,18.63,17.0,2009-02-20,0.0410677618069815,15,call,1.79,0.0029,0.9125067096081588,crisis,American
MSFT,2009-02-05,18.63,18.0,2009-02-20,0.0410677618069815,15,call,1.01,0.0029,0.9661835748792272,crisis,American
MSFT,2009-02-05,18.63,19.0,2009-02-20,0.0410677618069815,15,call,0.455,0.0029,1.0198604401502953,crisis,American
MSFT,2009-02-05,18.63,20.0,2009-02-20,0.0410677618069815,15,call,0.17,0.0029,1.0735373054213635,crisis,American
MSFT,2009-02-05,18.63,17.0,2009-03-20,0.1177275838466803,43,call,2.09,0.0029,0.9125067096081588,crisis,American
MSFT,2009-02-05,18.63,18.0,2009-03-20,0.1177275838466803,43,call,1.405,0.0029,0.9661835748792272,crisis,American
MSFT,2009-02-05,18.63,19.0,2009-03-20,0.1177275838466803,43,call,0.87,0.0029,1.0198604401502953,crisis,American
MSFT,2009-02-05,18.63,20.0,2009-03-20,0.1177275838466803,43,call,0.485,0.0029,1.0735373054213635,crisis,American
MSFT,2009-02-12,19.21,18.0,2009-02-20,0.0219028062970568,8,call,1.34,0.0029,0.9370119729307652,crisis,American
MSFT,2009-02-12,19.21,19.0,2009-02-20,0.0219028062970568,8,call,0.595,0.0029,0.989068193649141,crisis,American
MSFT,2009-02-12,19.21,20.0,2009-02-20,0.0219028062970568,8,call,0.195,0.0029,1.041124414367517,crisis,American
MSFT,2009-02-12,19.21,21.0,2009-02-20,0.0219028062970568,8,call,0.055,0.0029,1.0931806350858928,crisis,American
MSFT,2009-02-12,19.21,18.0,2009-03-20,0.0985626283367556,36,call,1.775,0.0029,0.9370119729307652,crisis,American
MSFT,2009-02-12,19.21,19.0,2009-03-20,0.0985626283367556,36,call,1.16,0.0029,0.989068193649141,crisis,American
MSFT,2009-02-12,19.21,20.0,2009-03-20,0.0985626283367556,36,call,0.685,0.0029,1.041124414367517,crisis,American
MSFT,2009-02-12,19.21,21.0,2009-03-20,0.0985626283367556,36,call,0.36,0.0029,1.0931806350858928,crisis,American
MSFT,2009-02-20,17.91,17.0,2009-03-20,0.0766598220396988,28,call,1.47,0.0027,0.9491903964265772,crisis,American
MSFT,2009-02-20,17.91,18.0,2009-03-20,0.0766598220396988,28,call,0.88,0.0027,1.0050251256281406,crisis,American
MSFT,2009-02-20,17.91,19.0,2009-03-20,0.0766598220396988,28,call,0.46,0.0027,1.060859854829704,crisis,American
MSFT,2009-02-20,17.91,17.5,2009-04-17,0.1533196440793976,56,call,1.54,0.0027,0.977107761027359,crisis,American
MSFT,2009-02-20,17.91,19.0,2009-04-17,0.1533196440793976,56,call,0.82,0.0027,1.060859854829704,crisis,American
MSFT,2009-02-27,16.42,15.0,2009-03-20,0.0574948665297741,21,call,1.72,0.0026,0.9135200974421436,crisis,American
MSFT,2009-02-27,16.42,16.0,2009-03-20,0.0574948665297741,21,call,1.015,0.0026,0.97442143727162,crisis,American
MSFT,2009-02-27,16.42,17.0,2009-03-20,0.0574948665297741,21,call,0.525,0.0026,1.0353227771010962,crisis,American
MSFT,2009-02-27,16.42,18.0,2009-03-20,0.0574948665297741,21,call,0.235,0.0026,1.0962241169305724,crisis,American
MSFT,2009-02-27,16.42,15.0,2009-04-17,0.1341546885694729,49,call,2.02,0.0026,0.9135200974421436,crisis,American
MSFT,2009-02-27,16.42,16.0,2009-04-17,0.1341546885694729,49,call,1.38,0.0026,0.97442143727162,crisis,American
MSFT,2009-02-27,16.42,17.5,2009-04-17,0.1341546885694729,49,call,0.69,0.0026,1.0657734470158342,crisis,American
MSFT,2009-03-06,15.27,14.0,2009-03-20,0.0383299110198494,14,call,1.535,0.0021,0.91683038637852,crisis,American
MSFT,2009-03-06,15.27,15.0,2009-03-20,0.0383299110198494,14,call,0.825,0.0021,0.9823182711198428,crisis,American
MSFT,2009-03-06,15.27,16.0,2009-03-20,0.0383299110198494,14,call,0.36,0.0021,1.0478061558611658,crisis,American
MSFT,2009-03-06,15.27,14.0,2009-04-17,0.1149897330595482,42,call,1.835,0.0021,0.91683038637852,crisis,American
MSFT,2009-03-06,15.27,15.0,2009-04-17,0.1149897330595482,42,call,1.205,0.0021,0.9823182711198428,crisis,American
MSFT,2009-03-06,15.27,16.0,2009-04-17,0.1149897330595482,42,call,0.725,0.0021,1.0478061558611658,crisis,American
MSFT,2009-03-13,17.01,16.0,2009-03-20,0.0191649555099247,7,call,1.185,0.002,0.9406231628453848,crisis,American
MSFT,2009-03-13,17.01,17.0,2009-03-20,0.0191649555099247,7,call,0.505,0.002,0.9994121105232217,crisis,American
MSFT,2009-03-13,17.01,18.0,2009-03-20,0.0191649555099247,7,call,0.145,0.002,1.058201058201058,crisis,American
MSFT,2009-03-13,17.01,16.0,2009-04-17,0.0958247775496235,35,call,1.575,0.002,0.9406231628453848,crisis,American
MSFT,2009-03-13,17.01,17.5,2009-04-17,0.0958247775496235,35,call,0.76,0.002,1.02880658436214,crisis,American
MSFT,2009-03-20,17.14,16.0,2009-04-17,0.0766598220396988,28,call,1.57,0.0022,0.9334889148191364,crisis,American
MSFT,2009-03-20,17.14,17.5,2009-04-17,0.0766598220396988,28,call,0.695,0.0022,1.0210035005834306,crisis,American
MSFT,2009-03-27,18.83,17.5,2009-04-17,0.0574948665297741,21,call,1.62,0.0014,0.9293680297397772,crisis,American
MSFT,2009-03-27,18.83,19.0,2009-04-17,0.0574948665297741,21,call,0.685,0.0014,1.0090281465746151,crisis,American
MSFT,2009-03-27,18.83,20.0,2009-04-17,0.0574948665297741,21,call,0.32,0.0014,1.0621348911311737,crisis,American
MSFT,2009-03-27,18.83,17.0,2009-05-15,0.1341546885694729,49,call,2.465,0.0014,0.9028146574614976,crisis,American
MSFT,2009-03-27,18.83,18.0,2009-05-15,0.1341546885694729,49,call,1.805,0.0014,0.9559214020180564,crisis,American
MSFT,2009-03-27,18.83,19.0,2009-05-15,0.1341546885694729,49,call,1.26,0.0014,1.0090281465746151,crisis,American
MSFT,2009-03-27,18.83,20.0,2009-05-15,0.1341546885694729,49,call,0.835,0.0014,1.0621348911311737,crisis,American
MSFT,2009-04-03,19.29,17.5,2009-04-17,0.0383299110198494,14,call,1.925,0.0021,0.9072058061171592,crisis,American
MSFT,2009-04-03,19.29,19.0,2009-04-17,0.0383299110198494,14,call,0.85,0.0021,0.9849663037843442,crisis,American
MSFT,2009-04-03,19.29,21.0,2009-04-17,0.0383299110198494,14,call,0.175,0.0021,1.088646967340591,crisis,American
MSFT,2009-04-03,19.29,18.0,2009-05-15,0.1149897330595482,42,call,2.08,0.0021,0.9331259720062208,crisis,American
MSFT,2009-04-03,19.29,19.0,2009-05-15,0.1149897330595482,42,call,1.48,0.0021,0.9849663037843442,crisis,American
MSFT,2009-04-03,19.29,20.0,2009-05-15,0.1149897330595482,42,call,0.995,0.0021,1.0368066355624677,crisis,American
MSFT,2009-04-03,19.29,21.0,2009-05-15,0.1149897330595482,42,call,0.64,0.0021,1.088646967340591,crisis,American
MSFT,2009-04-13,19.67,18.0,2009-05-15,0.0876112251882272,32,call,2.205,0.0018,0.915099135739705,crisis,American
MSFT,2009-04-13,19.67,19.0,2009-05-15,0.0876112251882272,32,call,1.52,0.0018,0.9659379766141332,crisis,American
MSFT,2009-04-13,19.67,20.0,2009-05-15,0.0876112251882272,32,call,0.965,0.0018,1.0167768174885612,crisis,American
MSFT,2009-04-13,19.67,21.0,2009-05-15,0.0876112251882272,32,call,0.575,0.0018,1.0676156583629892,crisis,American
MSFT,2009-04-20,19.2,18.0,2009-05-15,0.0684462696783025,25,call,1.66,0.0014,0.9375,crisis,American
MSFT,2009-04-20,19.2,19.0,2009-05-15,0.0684462696783025,25,call,1.01,0.0014,0.9895833333333334,crisis,American
MSFT,2009-04-20,19.2,20.0,2009-05-15,0.0684462696783025,25,call,0.565,0.0014,1.0416666666666667,crisis,American
MSFT,2009-04-20,19.2,21.0,2009-05-15,0.0684462696783025,25,call,0.28,0.0014,1.09375,crisis,American
MSFT,2009-04-27,20.91,19.0,2009-05-15,0.0492813141683778,18,call,2.06,0.0013,0.9086561453849832,crisis,American
MSFT,2009-04-27,20.91,20.0,2009-05-15,0.0492813141683778,18,call,1.265,0.0013,0.9564801530368244,crisis,American
MSFT,2009-04-27,20.91,21.0,2009-05-15,0.0492813141683778,18,call,0.655,0.0013,1.0043041606886658,crisis,American
MSFT,2009-04-27,20.91,22.0,2009-05-15,0.0492813141683778,18,call,0.285,0.0013,1.0521281683405068,crisis,American
MSFT,2009-04-27,20.91,23.0,2009-05-15,0.0492813141683778,18,call,0.105,0.0013,1.099952175992348,crisis,American
MSFT,2009-04-27,20.91,19.0,2009-06-19,0.1451060917180013,53,call,2.33,0.0013,0.9086561453849832,crisis,American
MSFT,2009-04-27,20.91,20.0,2009-06-19,0.1451060917180013,53,call,1.65,0.0013,0.9564801530368244,crisis,American
MSFT,2009-04-27,20.91,21.0,2009-06-19,0.1451060917180013,53,call,1.09,0.0013,1.0043041606886658,crisis,American
MSFT,2009-04-27,20.91,22.0,2009-06-19,0.1451060917180013,53,call,0.685,0.0013,1.0521281683405068,crisis,American
MSFT,2009-04-27,20.91,23.0,2009-06-19,0.1451060917180013,53,call,0.395,0.0013,1.099952175992348,crisis,American
MSFT,2009-05-04,20.24,19.0,2009-05-15,0.0301163586584531,11,call,1.37,0.0019,0.9387351778656128,crisis,American
MSFT,2009-05-04,20.24,20.0,2009-05-15,0.0301163586584531,11,call,0.665,0.0019,0.9881422924901186,crisis,American
MSFT,2009-05-04,20.24,21.0,2009-05-15,0.0301163586584531,11,call,0.235,0.0019,1.0375494071146243,crisis,American
MSFT,2009-05-04,20.24,22.0,2009-05-15,0.0301163586584531,11,call,0.07,0.0019,1.0869565217391306,crisis,American
MSFT,2009-05-04,20.24,19.0,2009-06-19,0.1259411362080766,46,call,1.735,0.0019,0.9387351778656128,crisis,American
MSFT,2009-05-04,20.24,20.0,2009-06-19,0.1259411362080766,46,call,1.135,0.0019,0.9881422924901186,crisis,American
MSFT,2009-05-04,20.24,21.0,2009-06-19,0.1259411362080766,46,call,0.685,0.0019,1.0375494071146243,crisis,American
MSFT,2009-05-04,20.24,22.0,2009-06-19,0.1259411362080766,46,call,0.38,0.0019,1.0869565217391306,crisis,American
MSFT,2009-05-11,19.42,18.0,2009-06-19,0.1067761806981519,39,call,1.71,0.0019,0.9268795056642636,crisis,American
MSFT,2009-05-11,19.42,19.0,2009-06-19,0.1067761806981519,39,call,1.055,0.0019,0.9783728115345004,crisis,American
MSFT,2009-05-11,19.42,20.0,2009-06-19,0.1067761806981519,39,call,0.58,0.0019,1.0298661174047372,crisis,American
MSFT,2009-05-11,19.42,21.0,2009-06-19,0.1067761806981519,39,call,0.28,0.0019,1.081359423274974,crisis,American
MSFT,2009-05-18,20.22,19.0,2009-06-19,0.0876112251882272,32,call,1.45,0.0019,0.9396636993076164,crisis,American
MSFT,2009-05-18,20.22,20.0,2009-06-19,0.0876112251882272,32,call,0.81,0.0019,0.9891196834817012,crisis,American
MSFT,2009-05-18,20.22,21.0,2009-06-19,0.0876112251882272,32,call,0.38,0.0019,1.0385756676557865,crisis,American
MSFT,2009-05-18,20.22,22.0,2009-06-19,0.0876112251882272,32,call,0.155,0.0019,1.0880316518298714,crisis,American
MSFT,2009-05-18,20.22,19.0,2009-07-17,0.164271047227926,60,call,1.745,0.0019,0.9396636993076164,crisis,American
MSFT,2009-05-18,20.22,20.0,2009-07-17,0.164271047227926,60,call,1.13,0.0019,0.9891196834817012,crisis,American
MSFT,2009-05-18,20.22,21.0,2009-07-17,0.164271047227926,60,call,0.66,0.0019,1.0385756676557865,crisis,American
MSFT,2009-05-18,20.22,22.0,2009-07-17,0.164271047227926,60,call,0.35,0.0019,1.0880316518298714,crisis,American
MSFT,2009-05-26,19.75,18.0,2009-06-19,0.0657084188911704,24,call,1.94,0.0018,0.9113924050632912,crisis,American
MSFT,2009-05-26,19.75,19.0,2009-06-19,0.0657084188911704,24,call,1.16,0.0018,0.9620253164556962,crisis,American
MSFT,2009-05-26,19.75,20.0,2009-06-19,0.0657084188911704,24,call,0.575,0.0018,1.0126582278481011,crisis,American
MSFT,2009-05-26,19.75,21.0,2009-06-19,0.0657084188911704,24,call,0.22,0.0018,1.0632911392405062,crisis,American
MSFT,2009-05-26,19.75,18.0,2009-07-17,0.1423682409308692,52,call,2.195,0.0018,0.9113924050632912,crisis,American
MSFT,2009-05-26,19.75,19.0,2009-07-17,0.1423682409308692,52,call,1.48,0.0018,0.9620253164556962,crisis,American
MSFT,2009-05-26,19.75,20.0,2009-07-17,0.1423682409308692,52,call,0.91,0.0018,1.0126582278481011,crisis,American
MSFT,2009-05-26,19.75,21.0,2009-07-17,0.1423682409308692,52,call,0.505,0.0018,1.0632911392405062,crisis,American
MSFT,2009-06-02,21.4,20.0,2009-06-19,0.0465434633812457,17,call,1.54,0.0014,0.9345794392523366,crisis,American
MSFT,2009-06-02,21.4,21.0,2009-06-19,0.0465434633812457,17,call,0.78,0.0014,0.9813084112149534,crisis,American
MSFT,2009-06-02,21.4,22.0,2009-06-19,0.0465434633812457,17,call,0.29,0.0014,1.0280373831775702,crisis,American
MSFT,2009-06-02,21.4,23.0,2009-06-19,0.0465434633812457,17,call,0.085,0.0014,1.074766355140187,crisis,American
MSFT,2009-06-02,21.4,20.0,2009-07-17,0.1232032854209445,45,call,1.81,0.0014,0.9345794392523366,crisis,American
MSFT,2009-06-02,21.4,21.0,2009-07-17,0.1232032854209445,45,call,1.135,0.0014,0.9813084112149534,crisis,American
MSFT,2009-06-02,21.4,22.0,2009-07-17,0.1232032854209445,45,call,0.63,0.0014,1.0280373831775702,crisis,American
MSFT,2009-06-02,21.4,23.0,2009-07-17,0.1232032854209445,45,call,0.305,0.0014,1.074766355140187,crisis,American
MSFT,2009-06-09,22.05,20.0,2009-06-19,0.027378507871321,10,call,2.115,0.0019,0.9070294784580498,crisis,American
MSFT,2009-06-09,22.05,21.0,2009-06-19,0.027378507871321,10,call,1.21,0.0019,0.9523809523809524,crisis,American
MSFT,2009-06-09,22.05,22.0,2009-06-19,0.027378507871321,10,call,0.51,0.0019,0.9977324263038548,crisis,American
MSFT,2009-06-09,22.05,23.0,2009-06-19,0.027378507871321,10,call,0.15,0.0019,1.0430839002267571,crisis,American
MSFT,2009-06-09,22.05,20.0,2009-07-17,0.1040383299110198,38,call,2.335,0.0019,0.9070294784580498,crisis,American
MSFT,2009-06-09,22.05,21.0,2009-07-17,0.1040383299110198,38,call,1.565,0.0019,0.9523809523809524,crisis,American
MSFT,2009-06-09,22.05,22.0,2009-07-17,0.1040383299110198,38,call,0.935,0.0019,0.9977324263038548,crisis,American
MSFT,2009-06-09,22.05,23.0,2009-07-17,0.1040383299110198,38,call,0.49,0.0019,1.0430839002267571,crisis,American
MSFT,2009-06-09,22.05,24.0,2009-07-17,0.1040383299110198,38,call,0.23,0.0019,1.0884353741496595,crisis,American
MSFT,2009-06-16,23.42,22.0,2009-07-17,0.0848733744010951,31,call,1.815,0.0017,0.9393680614859096,crisis,American
MSFT,2009-06-16,23.42,23.0,2009-07-17,0.0848733744010951,31,call,1.15,0.0017,0.9820666097352688,crisis,American
MSFT,2009-06-16,23.42,24.0,2009-07-17,0.0848733744010951,31,call,0.66,0.0017,1.0247651579846284,crisis,American
MSFT,2009-06-16,23.42,25.0,2009-07-17,0.0848733744010951,31,call,0.345,0.0017,1.067463706233988,crisis,American
MSFT,2009-06-23,23.28,21.0,2009-07-17,0.0657084188911704,24,call,2.425,0.002,0.902061855670103,crisis,American
MSFT,2009-06-23,23.28,22.0,2009-07-17,0.0657084188911704,24,call,1.605,0.002,0.9450171821305842,crisis,American
MSFT,2009-06-23,23.28,23.0,2009-07-17,0.0657084188911704,24,call,0.935,0.002,0.9879725085910652,crisis,American
MSFT,2009-06-23,23.28,24.0,2009-07-17,0.0657084188911704,24,call,0.465,0.002,1.0309278350515465,crisis,American
MSFT,2009-06-23,23.28,25.0,2009-07-17,0.0657084188911704,24,call,0.205,0.002,1.0738831615120277,crisis,American
MSFT,2009-06-30,23.86,22.0,2009-07-17,0.0465434633812457,17,call,1.965,0.0019,0.9220452640402348,crisis,American
MSFT,2009-06-30,23.86,23.0,2009-07-17,0.0465434633812457,17,call,1.17,0.0019,0.9639564124057,crisis,American
MSFT,2009-06-30,23.86,24.0,2009-07-17,0.0465434633812457,17,call,0.6,0.0019,1.0058675607711651,crisis,American
MSFT,2009-06-30,23.86,25.0,2009-07-17,0.0465434633812457,17,call,0.27,0.0019,1.0477787091366304,crisis,American
MSFT,2009-06-30,23.86,26.0,2009-07-17,0.0465434633812457,17,call,0.105,0.0019,1.0896898575020957,crisis,American
MSFT,2009-06-30,23.86,22.0,2009-08-21,0.1423682409308692,52,call,2.37,0.0019,0.9220452640402348,crisis,American
MSFT,2009-06-30,23.86,23.0,2009-08-21,0.1423682409308692,52,call,1.69,0.0019,0.9639564124057,crisis,American
MSFT,2009-06-30,23.86,24.0,2009-08-21,0.1423682409308692,52,call,1.13,0.0019,1.0058675607711651,crisis,American
MSFT,2009-06-30,23.86,25.0,2009-08-21,0.1423682409308692,52,call,0.7,0.0019,1.0477787091366304,crisis,American
MSFT,2009-06-30,23.86,26.0,2009-08-21,0.1423682409308692,52,call,0.4,0.0019,1.0896898575020957,crisis,American
MSFT,2009-07-08,22.53,21.0,2009-07-17,0.0246406570841889,9,call,1.63,0.0018,0.9320905459387484,crisis,American
MSFT,2009-07-08,22.53,22.0,2009-07-17,0.0246406570841889,9,call,0.84,0.0018,0.9764758100310696,crisis,American
MSFT,2009-07-08,22.53,23.0,2009-07-17,0.0246406570841889,9,call,0.33,0.0018,1.020861074123391,crisis,American
MSFT,2009-07-08,22.53,24.0,2009-07-17,0.0246406570841889,9,call,0.115,0.0018,1.0652463382157122,crisis,American
MSFT,2009-07-08,22.53,21.0,2009-08-21,0.1204654346338124,44,call,2.09,0.0018,0.9320905459387484,crisis,American
MSFT,2009-07-08,22.53,22.0,2009-08-21,0.1204654346338124,44,call,1.44,0.0018,0.9764758100310696,crisis,American
MSFT,2009-07-08,22.53,23.0,2009-08-21,0.1204654346338124,44,call,0.92,0.0018,1.020861074123391,crisis,American
MSFT,2009-07-08,22.53,24.0,2009-08-21,0.1204654346338124,44,call,0.545,0.0018,1.0652463382157122,crisis,American
MSFT,2009-07-15,23.11,21.0,2009-08-21,0.1013004791238877,37,call,2.375,0.0018,0.9086975335352662,crisis,American
MSFT,2009-07-15,23.11,22.0,2009-08-21,0.1013004791238877,37,call,1.61,0.0018,0.9519688446559932,crisis,American
MSFT,2009-07-15,23.11,23.0,2009-08-21,0.1013004791238877,37,call,0.99,0.0018,0.99524015577672,crisis,American
MSFT,2009-07-15,23.11,24.0,2009-08-21,0.1013004791238877,37,call,0.535,0.0018,1.038511466897447,crisis,American
MSFT,2009-07-15,23.11,25.0,2009-08-21,0.1013004791238877,37,call,0.265,0.0018,1.081782778018174,crisis,American
MSFT,2009-07-22,24.83,23.0,2009-08-21,0.082135523613963,30,call,2.115,0.0019,0.9262988320579943,crisis,American
MSFT,2009-07-22,24.83,24.0,2009-08-21,0.082135523613963,30,call,1.385,0.0019,0.9665726943213856,crisis,American
MSFT,2009-07-22,24.83,25.0,2009-08-21,0.082135523613963,30,call,0.795,0.0019,1.0068465565847766,crisis,American
MSFT,2009-07-22,24.83,26.0,2009-08-21,0.082135523613963,30,call,0.4,0.0019,1.0471204188481675,crisis,American
MSFT,2009-07-22,24.83,27.0,2009-08-21,0.082135523613963,30,call,0.185,0.0019,1.087394281111559,crisis,American
MSFT,2009-07-22,24.83,23.0,2009-09-18,0.1587953456536618,58,call,2.29,0.0019,0.9262988320579943,crisis,American
MSFT,2009-07-22,24.83,24.0,2009-09-18,0.1587953456536618,58,call,1.595,0.0019,0.9665726943213856,crisis,American
MSFT,2009-07-22,24.83,25.0,2009-09-18,0.1587953456536618,58,call,1.04,0.0019,1.0068465565847766,crisis,American
MSFT,2009-07-22,24.83,26.0,2009-09-18,0.1587953456536618,58,call,0.63,0.0019,1.0471204188481675,crisis,American
MSFT,2009-07-22,24.83,27.0,2009-09-18,0.1587953456536618,58,call,0.345,0.0019,1.087394281111559,crisis,American
MSFT,2009-07-29,23.47,22.0,2009-08-21,0.0629705681040383,23,call,1.69,0.0019,0.9373668512995312,crisis,American
MSFT,2009-07-29,23.47,23.0,2009-08-21,0.0629705681040383,23,call,0.955,0.0019,0.97997443544951,crisis,American
MSFT,2009-07-29,23.47,24.0,2009-08-21,0.0629705681040383,23,call,0.455,0.0019,1.0225820195994888,crisis,American
MSFT,2009-07-29,23.47,25.0,2009-08-21,0.0629705681040383,23,call,0.185,0.0019,1.0651896037494677,crisis,American
MSFT,2009-07-29,23.47,22.0,2009-09-18,0.1396303901437371,51,call,1.93,0.0019,0.9373668512995312,crisis,American
MSFT,2009-07-29,23.47,23.0,2009-09-18,0.1396303901437371,51,call,1.27,0.0019,0.97997443544951,crisis,American
MSFT,2009-07-29,23.47,24.0,2009-09-18,0.1396303901437371,51,call,0.77,0.0019,1.0225820195994888,crisis,American
MSFT,2009-07-29,23.47,25.0,2009-09-18,0.1396303901437371,51,call,0.425,0.0019,1.0651896037494677,crisis,American
MSFT,2009-08-05,23.77,22.0,2009-08-21,0.0438056125941136,16,call,1.835,0.0018,0.9255363904080774,crisis,American
MSFT,2009-08-05,23.77,23.0,2009-08-21,0.0438056125941136,16,call,0.995,0.0018,0.9676062263357174,crisis,American
MSFT,2009-08-05,23.77,24.0,2009-08-21,0.0438056125941136,16,call,0.415,0.0018,1.0096760622633572,crisis,American
MSFT,2009-08-05,23.77,25.0,2009-08-21,0.0438056125941136,16,call,0.145,0.0018,1.051745898190997,crisis,American
MSFT,2009-08-05,23.77,22.0,2009-09-18,0.1204654346338124,44,call,2.025,0.0018,0.9255363904080774,crisis,American
MSFT,2009-08-05,23.77,23.0,2009-09-18,0.1204654346338124,44,call,1.305,0.0018,0.9676062263357174,crisis,American
MSFT,2009-08-05,23.77,24.0,2009-09-18,0.1204654346338124,44,call,0.775,0.0018,1.0096760622633572,crisis,American
MSFT,2009-08-05,23.77,25.0,2009-09-18,0.1204654346338124,44,call,0.41,0.0018,1.051745898190997,crisis,American
MSFT,2009-08-05,23.77,26.0,2009-09-18,0.1204654346338124,44,call,0.195,0.0018,1.093815734118637,crisis,American
MSFT,2009-08-12,23.13,21.0,2009-08-21,0.0246406570841889,9,call,2.15,0.0017,0.9079118028534372,crisis,American
MSFT,2009-08-12,23.13,22.0,2009-08-21,0.0246406570841889,9,call,1.2,0.0017,0.9511456982274104,crisis,American
MSFT,2009-08-12,23.13,23.0,2009-08-21,0.0246406570841889,9,call,0.455,0.0017,0.9943795936013836,crisis,American
MSFT,2009-08-12,23.13,24.0,2009-08-21,0.0246406570841889,9,call,0.125,0.0017,1.0376134889753568,crisis,American
MSFT,2009-08-12,23.13,21.0,2009-09-18,0.1013004791238877,37,call,2.26,0.0017,0.9079118028534372,crisis,American
MSFT,2009-08-12,23.13,22.0,2009-09-18,0.1013004791238877,37,call,1.47,0.0017,0.9511456982274104,crisis,American
MSFT,2009-08-12,23.13,23.0,2009-09-18,0.1013004791238877,37,call,0.85,0.0017,0.9943795936013836,crisis,American
MSFT,2009-08-12,23.13,24.0,2009-09-18,0.1013004791238877,37,call,0.42,0.0017,1.0376134889753568,crisis,American
MSFT,2009-08-12,23.13,25.0,2009-09-18,0.1013004791238877,37,call,0.18,0.0017,1.08084738434933,crisis,American
MSFT,2009-08-19,23.58,22.0,2009-09-18,0.082135523613963,30,call,1.85,0.0017,0.9329940627650553,crisis,American
MSFT,2009-08-19,23.58,23.0,2009-09-18,0.082135523613963,30,call,1.12,0.0017,0.9754028837998304,crisis,American
MSFT,2009-08-19,23.58,24.0,2009-09-18,0.082135523613963,30,call,0.58,0.0017,1.0178117048346056,crisis,American
MSFT,2009-08-19,23.58,25.0,2009-09-18,0.082135523613963,30,call,0.25,0.0017,1.0602205258693809,crisis,American
MSFT,2009-08-19,23.58,22.0,2009-10-16,0.1587953456536618,58,call,2.145,0.0017,0.9329940627650553,crisis,American
MSFT,2009-08-19,23.58,23.0,2009-10-16,0.1587953456536618,58,call,1.475,0.0017,0.9754028837998304,crisis,American
MSFT,2009-08-19,23.58,24.0,2009-10-16,0.1587953456536618,58,call,0.935,0.0017,1.0178117048346056,crisis,American
MSFT,2009-08-19,23.58,25.0,2009-10-16,0.1587953456536618,58,call,0.54,0.0017,1.0602205258693809,crisis,American
MSFT,2009-08-26,24.64,23.0,2009-09-18,0.0629705681040383,23,call,1.795,0.0015,0.9334415584415584,crisis,American
MSFT,2009-08-26,24.64,24.0,2009-09-18,0.0629705681040383,23,call,1.01,0.0015,0.974025974025974,crisis,American
MSFT,2009-08-26,24.64,25.0,2009-09-18,0.0629705681040383,23,call,0.46,0.0015,1.0146103896103895,crisis,American
MSFT,2009-08-26,24.64,26.0,2009-09-18,0.0629705681040383,23,call,0.165,0.0015,1.0551948051948052,crisis,American
MSFT,2009-08-26,24.64,23.0,2009-10-16,0.1396303901437371,51,call,2.075,0.0015,0.9334415584415584,crisis,American
MSFT,2009-08-26,24.64,24.0,2009-10-16,0.1396303901437371,51,call,1.37,0.0015,0.974025974025974,crisis,American
MSFT,2009-08-26,24.64,25.0,2009-10-16,0.1396303901437371,51,call,0.815,0.0015,1.0146103896103895,crisis,American
MSFT,2009-08-26,24.64,26.0,2009-10-16,0.1396303901437371,51,call,0.44,0.0015,1.0551948051948052,crisis,American
MSFT,2009-09-02,24.0,22.0,2009-09-18,0.0438056125941136,16,call,2.075,0.0014,0.9166666666666666,crisis,American
MSFT,2009-09-02,24.0,23.0,2009-09-18,0.0438056125941136,16,call,1.225,0.0014,0.9583333333333334,crisis,American
MSFT,2009-09-02,24.0,24.0,2009-09-18,0.0438056125941136,16,call,0.58,0.0014,1.0,crisis,American
MSFT,2009-09-02,24.0,25.0,2009-09-18,0.0438056125941136,16,call,0.21,0.0014,1.0416666666666667,crisis,American
MSFT,2009-09-02,24.0,26.0,2009-09-18,0.0438056125941136,16,call,0.07,0.0014,1.0833333333333333,crisis,American
MSFT,2009-09-02,24.0,22.0,2009-10-16,0.1204654346338124,44,call,2.355,0.0014,0.9166666666666666,crisis,American
MSFT,2009-09-02,24.0,23.0,2009-10-16,0.1204654346338124,44,call,1.595,0.0014,0.9583333333333334,crisis,American
MSFT,2009-09-02,24.0,24.0,2009-10-16,0.1204654346338124,44,call,0.985,0.0014,1.0,crisis,American
MSFT,2009-09-02,24.0,25.0,2009-10-16,0.1204654346338124,44,call,0.545,0.0014,1.0416666666666667,crisis,American
MSFT,2009-09-02,24.0,26.0,2009-10-16,0.1204654346338124,44,call,0.27,0.0014,1.0833333333333333,crisis,American
MSFT,2009-09-10,24.78,23.0,2009-09-18,0.0219028062970568,8,call,1.84,0.0014,0.9281678773204196,crisis,American
MSFT,2009-09-10,24.78,24.0,2009-09-18,0.0219028062970568,8,call,0.94,0.0014,0.9685230024213076,crisis,American
MSFT,2009-09-10,24.78,25.0,2009-09-18,0.0219028062970568,8,call,0.285,0.0014,1.0088781275221952,crisis,American
MSFT,2009-09-10,24.78,26.0,2009-09-18,0.0219028062970568,8,call,0.05,0.0014,1.049233252623083,crisis,American
MSFT,2009-09-10,24.78,23.0,2009-10-16,0.0985626283367556,36,call,2.09,0.0014,0.9281678773204196,crisis,American
MSFT,2009-09-10,24.78,24.0,2009-10-16,0.0985626283367556,36,call,1.32,0.0014,0.9685230024213076,crisis,American
MSFT,2009-09-10,24.78,25.0,2009-10-16,0.0985626283367556,36,call,0.72,0.0014,1.0088781275221952,crisis,American
MSFT,2009-09-10,24.78,26.0,2009-10-16,0.0985626283367556,36,call,0.335,0.0014,1.049233252623083,crisis,American
MSFT,2009-09-17,25.2,23.0,2009-10-16,0.0793976728268309,29,call,2.38,0.001,0.9126984126984128,crisis,American
MSFT,2009-09-17,25.2,24.0,2009-10-16,0.0793976728268309,29,call,1.535,0.001,0.9523809523809524,crisis,American
MSFT,2009-09-17,25.2,25.0,2009-10-16,0.0793976728268309,29,call,0.85,0.001,0.992063492063492,crisis,American
MSFT,2009-09-17,25.2,26.0,2009-10-16,0.0793976728268309,29,call,0.39,0.001,1.031746031746032,crisis,American
MSFT,2009-09-17,25.2,27.5,2009-10-16,0.0793976728268309,29,call,0.1,0.001,1.0912698412698414,crisis,American
MSFT,2009-09-24,25.71,24.0,2009-10-16,0.0602327173169062,22,call,1.85,0.001,0.9334889148191364,crisis,American
MSFT,2009-09-24,25.71,25.0,2009-10-16,0.0602327173169062,22,call,1.03,0.001,0.972384286269934,crisis,American
MSFT,2009-09-24,25.71,26.0,2009-10-16,0.0602327173169062,22,call,0.455,0.001,1.0112796577207313,crisis,American
MSFT,2009-09-24,25.71,27.5,2009-10-16,0.0602327173169062,22,call,0.095,0.001,1.0696227148969273,crisis,American
MSFT,2009-09-24,25.71,24.0,2009-11-20,0.1560574948665297,57,call,2.25,0.001,0.9334889148191364,crisis,American
MSFT,2009-09-24,25.71,25.0,2009-11-20,0.1560574948665297,57,call,1.56,0.001,0.972384286269934,crisis,American
MSFT,2009-09-24,25.71,26.0,2009-11-20,0.1560574948665297,57,call,1.02,0.001,1.0112796577207313,crisis,American
MSFT,2009-09-24,25.71,27.0,2009-11-20,0.1560574948665297,57,call,0.62,0.001,1.0501750291715286,crisis,American
MSFT,2009-09-24,25.71,28.0,2009-11-20,0.1560574948665297,57,call,0.355,0.001,1.089070400622326,crisis,American
MSFT,2009-10-01,25.72,24.0,2009-10-16,0.0410677618069815,15,call,1.885,0.001,0.9331259720062208,crisis,American
MSFT,2009-10-01,25.72,25.0,2009-10-16,0.0410677618069815,15,call,1.025,0.001,0.9720062208398136,crisis,American
MSFT,2009-10-01,25.72,27.5,2009-10-16,0.0410677618069815,15,call,0.06,0.001,1.0692068429237949,crisis,American
MSFT,2009-10-01,25.72,26.0,2009-11-20,0.136892539356605,50,call,0.955,0.001,1.010886469673406,crisis,American
MSFT,2009-10-01,25.72,27.0,2009-11-20,0.136892539356605,50,call,0.555,0.001,1.0497667185069983,crisis,American
MSFT,2009-10-01,25.72,28.0,2009-11-20,0.136892539356605,50,call,0.3,0.001,1.088646967340591,crisis,American
MSFT,2009-10-08,25.1,23.0,2009-10-16,0.0219028062970568,8,call,2.11,0.0006,0.9163346613545816,crisis,American
MSFT,2009-10-08,25.1,24.0,2009-10-16,0.0219028062970568,8,call,1.17,0.0006,0.9561752988047808,crisis,American
MSFT,2009-10-08,25.1,25.0,2009-10-16,0.0219028062970568,8,call,0.43,0.0006,0.99601593625498,crisis,American
MSFT,2009-10-08,25.1,26.0,2009-10-16,0.0219028062970568,8,call,0.095,0.0006,1.0358565737051793,crisis,American
MSFT,2009-10-08,25.1,23.0,2009-11-20,0.1177275838466803,43,call,2.4,0.0006,0.9163346613545816,crisis,American
MSFT,2009-10-08,25.1,24.0,2009-11-20,0.1177275838466803,43,call,1.64,0.0006,0.9561752988047808,crisis,American
MSFT,2009-10-08,25.1,25.0,2009-11-20,0.1177275838466803,43,call,1.03,0.0006,0.99601593625498,crisis,American
MSFT,2009-10-08,25.1,26.0,2009-11-20,0.1177275838466803,43,call,0.58,0.0006,1.0358565737051793,crisis,American
MSFT,2009-10-08,25.1,27.0,2009-11-20,0.1177275838466803,43,call,0.3,0.0006,1.0756972111553784,crisis,American
MSFT,2009-10-15,25.96,24.0,2009-11-20,0.0985626283367556,36,call,2.245,0.0007,0.9244992295839752,crisis,American
MSFT,2009-10-15,25.96,25.0,2009-11-20,0.0985626283367556,36,call,1.48,0.0007,0.963020030816641,crisis,American
MSFT,2009-10-15,25.96,26.0,2009-11-20,0.0985626283367556,36,call,0.875,0.0007,1.0015408320493069,crisis,American
MSFT,2009-10-15,25.96,27.0,2009-11-20,0.0985626283367556,36,call,0.465,0.0007,1.0400616332819723,crisis,American
MSFT,2009-10-15,25.96,28.0,2009-11-20,0.0985626283367556,36,call,0.22,0.0007,1.078582434514638,crisis,American
MSFT,2009-10-22,26.58,24.0,2009-11-20,0.0793976728268309,29,call,2.735,0.0006,0.9029345372460498,crisis,American
MSFT,2009-10-22,26.58,25.0,2009-11-20,0.0793976728268309,29,call,1.895,0.0006,0.9405568096313018,crisis,American
MSFT,2009-10-22,26.58,26.0,2009-11-20,0.0793976728268309,29,call,1.19,0.0006,0.978179082016554,crisis,American
MSFT,2009-10-22,26.58,27.0,2009-11-20,0.0793976728268309,29,call,0.66,0.0006,1.015801354401806,crisis,American
MSFT,2009-10-22,26.58,28.0,2009-11-20,0.0793976728268309,29,call,0.33,0.0006,1.053423626787058,crisis,American
MSFT,2009-10-22,26.58,29.0,2009-11-20,0.0793976728268309,29,call,0.155,0.0006,1.09104589917231,crisis,American
MSFT,2009-10-22,26.58,24.0,2009-12-18,0.1560574948665297,57,call,2.835,0.0006,0.9029345372460498,crisis,American
MSFT,2009-10-22,26.58,25.0,2009-12-18,0.1560574948665297,57,call,2.04,0.0006,0.9405568096313018,crisis,American
MSFT,2009-10-22,26.58,26.0,2009-12-18,0.1560574948665297,57,call,1.37,0.0006,0.978179082016554,crisis,American
MSFT,2009-10-22,26.58,27.0,2009-12-18,0.1560574948665297,57,call,0.86,0.0006,1.015801354401806,crisis,American
MSFT,2009-10-22,26.58,28.0,2009-12-18,0.1560574948665297,57,call,0.5,0.0006,1.053423626787058,crisis,American
MSFT,2009-10-22,26.58,29.0,2009-12-18,0.1560574948665297,57,call,0.275,0.0006,1.09104589917231,crisis,American
MSFT,2009-10-29,28.02,26.0,2009-11-20,0.0602327173169062,22,call,2.165,0.0006,0.92790863668808,crisis,American
MSFT,2009-10-29,28.02,27.0,2009-11-20,0.0602327173169062,22,call,1.35,0.0006,0.9635974304068524,crisis,American
MSFT,2009-10-29,28.02,28.0,2009-11-20,0.0602327173169062,22,call,0.715,0.0006,0.9992862241256246,crisis,American
MSFT,2009-10-29,28.02,29.0,2009-11-20,0.0602327173169062,22,call,0.335,0.0006,1.0349750178443968,crisis,American
MSFT,2009-10-29,28.02,30.0,2009-11-20,0.0602327173169062,22,call,0.145,0.0006,1.0706638115631693,crisis,American
MSFT,2009-10-29,28.02,26.0,2009-12-18,0.136892539356605,50,call,2.365,0.0006,0.92790863668808,crisis,American
MSFT,2009-10-29,28.02,27.0,2009-12-18,0.136892539356605,50,call,1.645,0.0006,0.9635974304068524,crisis,American
MSFT,2009-10-29,28.02,28.0,2009-12-18,0.136892539356605,50,call,1.065,0.0006,0.9992862241256246,crisis,American
MSFT,2009-10-29,28.02,29.0,2009-12-18,0.136892539356605,50,call,0.64,0.0006,1.0349750178443968,crisis,American
MSFT,2009-10-29,28.02,30.0,2009-12-18,0.136892539356605,50,call,0.36,0.0006,1.0706638115631693,crisis,American
MSFT,2009-11-05,28.06,26.0,2009-11-20,0.0410677618069815,15,call,2.14,0.0004,0.9265858873841768,crisis,American
MSFT,2009-11-05,28.06,27.0,2009-11-20,0.0410677618069815,15,call,1.27,0.0004,0.962223806129722,crisis,American
MSFT,2009-11-05,28.06,28.0,2009-11-20,0.0410677618069815,15,call,0.6,0.0004,0.9978617248752674,crisis,American
MSFT,2009-11-05,28.06,29.0,2009-11-20,0.0410677618069815,15,call,0.22,0.0004,1.0334996436208126,crisis,American
MSFT,2009-11-05,28.06,30.0,2009-11-20,0.0410677618069815,15,call,0.07,0.0004,1.069137562366358,crisis,American
MSFT,2009-11-05,28.06,26.0,2009-12-18,0.1177275838466803,43,call,2.345,0.0004,0.9265858873841768,crisis,American
MSFT,2009-11-05,28.06,27.0,2009-12-18,0.1177275838466803,43,call,1.6,0.0004,0.962223806129722,crisis,American
MSFT,2009-11-05,28.06,28.0,2009-12-18,0.1177275838466803,43,call,1.005,0.0004,0.9978617248752674,crisis,American
MSFT,2009-11-05,28.06,29.0,2009-12-18,0.1177275838466803,43,call,0.575,0.0004,1.0334996436208126,crisis,American
MSFT,2009-11-05,28.06,30.0,2009-12-18,0.1177275838466803,43,call,0.3,0.0004,1.069137562366358,crisis,American
MSFT,2009-11-12,29.12,27.0,2009-11-20,0.0219028062970568,8,call,2.145,0.0007,0.927197802197802,crisis,American
MSFT,2009-11-12,29.12,28.0,2009-11-20,0.0219028062970568,8,call,1.195,0.0007,0.9615384615384616,crisis,American
MSFT,2009-11-12,29.12,29.0,2009-11-20,0.0219028062970568,8,call,0.46,0.0007,0.9958791208791208,crisis,American
MSFT,2009-11-12,29.12,30.0,2009-11-20,0.0219028062970568,8,call,0.125,0.0007,1.03021978021978,crisis,American
MSFT,2009-11-12,29.12,27.0,2009-12-18,0.0985626283367556,36,call,2.275,0.0007,0.927197802197802,crisis,American
MSFT,2009-11-12,29.12,28.0,2009-12-18,0.0985626283367556,36,call,1.5,0.0007,0.9615384615384616,crisis,American
MSFT,2009-11-12,29.12,29.0,2009-12-18,0.0985626283367556,36,call,0.89,0.0007,0.9958791208791208,crisis,American
MSFT,2009-11-12,29.12,30.0,2009-12-18,0.0985626283367556,36,call,0.47,0.0007,1.03021978021978,crisis,American
MSFT,2009-11-12,29.12,31.0,2009-12-18,0.0985626283367556,36,call,0.21,0.0007,1.0645604395604396,crisis,American
MSFT,2009-11-12,29.12,32.0,2009-12-18,0.0985626283367556,36,call,0.09,0.0007,1.0989010989010988,crisis,American
MSFT,2009-11-19,30.11,28.0,2009-12-18,0.0793976728268309,29,call,2.285,0.0002,0.9299236134174692,crisis,American
MSFT,2009-11-19,30.11,29.0,2009-12-18,0.0793976728268309,29,call,1.49,0.0002,0.9631351710395216,crisis,American
MSFT,2009-11-19,30.11,30.0,2009-12-18,0.0793976728268309,29,call,0.855,0.0002,0.9963467286615744,crisis,American
MSFT,2009-11-19,30.11,31.0,2009-12-18,0.0793976728268309,29,call,0.42,0.0002,1.0295582862836268,crisis,American
MSFT,2009-11-19,30.11,32.0,2009-12-18,0.0793976728268309,29,call,0.18,0.0002,1.0627698439056792,crisis,American
MSFT,2009-11-19,30.11,33.0,2009-12-18,0.0793976728268309,29,call,0.07,0.0002,1.0959814015277316,crisis,American
MSFT,2009-11-19,30.11,27.5,2010-01-15,0.1560574948665297,57,call,2.935,0.0002,0.9133178346064432,crisis,American
MSFT,2009-11-19,30.11,29.0,2010-01-15,0.1560574948665297,57,call,1.785,0.0002,0.9631351710395216,crisis,American
MSFT,2009-11-19,30.11,30.0,2010-01-15,0.1560574948665297,57,call,1.185,0.0002,0.9963467286615744,crisis,American
MSFT,2009-11-19,30.11,31.0,2010-01-15,0.1560574948665297,57,call,0.725,0.0002,1.0295582862836268,crisis,American
MSFT,2009-11-19,30.11,32.5,2010-01-15,0.1560574948665297,57,call,0.305,0.0002,1.0793756227167055,crisis,American
MSFT,2009-11-27,29.79,27.0,2009-12-18,0.0574948665297741,21,call,2.825,0.0003,0.9063444108761328,crisis,American
MSFT,2009-11-27,29.79,28.0,2009-12-18,0.0574948665297741,21,call,1.895,0.0003,0.9399127223900638,crisis,American
MSFT,2009-11-27,29.79,29.0,2009-12-18,0.0574948665297741,21,call,1.09,0.0003,0.9734810339039948,crisis,American
MSFT,2009-11-27,29.79,30.0,2009-12-18,0.0574948665297741,21,call,0.5,0.0003,1.0070493454179257,crisis,American
MSFT,2009-11-27,29.79,31.0,2009-12-18,0.0574948665297741,21,call,0.18,0.0003,1.0406176569318564,crisis,American
MSFT,2009-11-27,29.79,32.0,2009-12-18,0.0574948665297741,21,call,0.055,0.0003,1.0741859684457873,crisis,American
MSFT,2009-11-27,29.79,27.5,2010-01-15,0.1341546885694729,49,call,2.55,0.0003,0.9231285666330984,crisis,American
MSFT,2009-11-27,29.79,29.0,2010-01-15,0.1341546885694729,49,call,1.415,0.0003,0.9734810339039948,crisis,American
MSFT,2009-11-27,29.79,30.0,2010-01-15,0.1341546885694729,49,call,0.85,0.0003,1.0070493454179257,crisis,American
MSFT,2009-11-27,29.79,31.0,2010-01-15,0.1341546885694729,49,call,0.46,0.0003,1.0406176569318564,crisis,American
MSFT,2009-11-27,29.79,32.5,2010-01-15,0.1341546885694729,49,call,0.165,0.0003,1.0909701242027523,crisis,American
MSFT,2009-12-04,29.83,27.0,2009-12-18,0.0383299110198494,14,call,2.87,0.0006,0.9051290646999666,crisis,American
MSFT,2009-12-04,29.83,28.0,2009-12-18,0.0383299110198494,14,call,1.93,0.0006,0.938652363392558,crisis,American
MSFT,2009-12-04,29.83,29.0,2009-12-18,0.0383299110198494,14,call,1.09,0.0006,0.9721756620851492,crisis,American
MSFT,2009-12-04,29.83,30.0,2009-12-18,0.0383299110198494,14,call,0.49,0.0006,1.005698960777741,crisis,American
MSFT,2009-12-04,29.83,31.0,2009-12-18,0.0383299110198494,14,call,0.17,0.0006,1.039222259470332,crisis,American
MSFT,2009-12-04,29.83,27.5,2010-01-15,0.1149897330595482,42,call,2.6,0.0006,0.9218907140462622,crisis,American
MSFT,2009-12-04,29.83,29.0,2010-01-15,0.1149897330595482,42,call,1.46,0.0006,0.9721756620851492,crisis,American
MSFT,2009-12-04,29.83,30.0,2010-01-15,0.1149897330595482,42,call,0.895,0.0006,1.005698960777741,crisis,American
MSFT,2009-12-04,29.83,31.0,2010-01-15,0.1149897330595482,42,call,0.49,0.0006,1.039222259470332,crisis,American
MSFT,2009-12-04,29.83,32.5,2010-01-15,0.1149897330595482,42,call,0.17,0.0006,1.089507207509219,crisis,American
MSFT,2009-12-11,29.87,27.0,2009-12-18,0.0191649555099247,7,call,2.875,0.0003,0.9039169735520588,crisis,American
MSFT,2009-12-11,29.87,28.0,2009-12-18,0.0191649555099247,7,call,1.895,0.0003,0.937395379979913,crisis,American
MSFT,2009-12-11,29.87,29.0,2009-12-18,0.0191649555099247,7,call,0.975,0.0003,0.970873786407767,crisis,American
MSFT,2009-12-11,29.87,30.0,2009-12-18,0.0191649555099247,7,call,0.305,0.0003,1.004352192835621,crisis,American
MSFT,2009-12-11,29.87,31.0,2009-12-18,0.0191649555099247,7,call,0.055,0.0003,1.037830599263475,crisis,American
MSFT,2009-12-11,29.87,27.5,2010-01-15,0.0958247775496235,35,call,2.555,0.0003,0.920656176765986,crisis,American
MSFT,2009-12-11,29.87,29.0,2010-01-15,0.0958247775496235,35,call,1.37,0.0003,0.970873786407767,crisis,American
MSFT,2009-12-11,29.87,30.0,2010-01-15,0.0958247775496235,35,call,0.785,0.0003,1.004352192835621,crisis,American
MSFT,2009-12-11,29.87,31.0,2010-01-15,0.0958247775496235,35,call,0.4,0.0003,1.037830599263475,crisis,American
MSFT,2009-12-11,29.87,32.5,2010-01-15,0.0958247775496235,35,call,0.13,0.0003,1.088048208905256,crisis,American
MSFT,2009-12-18,29.6,27.5,2010-01-15,0.0766598220396988,28,call,2.28,0.0005,0.929054054054054,crisis,American
MSFT,2009-12-18,29.6,29.0,2010-01-15,0.0766598220396988,28,call,1.085,0.0005,0.9797297297297296,crisis,American
MSFT,2009-12-18,29.6,30.0,2010-01-15,0.0766598220396988,28,call,0.54,0.0005,1.0135135135135134,crisis,American
MSFT,2009-12-18,29.6,31.0,2010-01-15,0.0766598220396988,28,call,0.23,0.0005,1.0472972972972971,crisis,American
MSFT,2009-12-18,29.6,32.5,2010-01-15,0.0766598220396988,28,call,0.065,0.0005,1.097972972972973,crisis,American
MSFT,2009-12-28,31.0,29.0,2010-01-15,0.0492813141683778,18,call,2.08,0.0011,0.935483870967742,crisis,American
MSFT,2009-12-28,31.0,30.0,2010-01-15,0.0492813141683778,18,call,1.205,0.0011,0.967741935483871,crisis,American
MSFT,2009-12-28,31.0,31.0,2010-01-15,0.0492813141683778,18,call,0.56,0.0011,1.0,crisis,American
MSFT,2009-12-28,31.0,32.5,2010-01-15,0.0492813141683778,18,call,0.135,0.0011,1.0483870967741935,crisis,American
MSFT,2009-12-28,31.0,29.0,2010-02-19,0.1451060917180013,53,call,2.42,0.0011,0.935483870967742,crisis,American
MSFT,2009-12-28,31.0,30.0,2010-02-19,0.1451060917180013,53,call,1.705,0.0011,0.967741935483871,crisis,American
MSFT,2009-12-28,31.0,31.0,2010-02-19,0.1451060917180013,53,call,1.12,0.0011,1.0,crisis,American
MSFT,2009-12-28,31.0,32.0,2010-02-19,0.1451060917180013,53,call,0.69,0.0011,1.032258064516129,crisis,American
MSFT,2009-12-28,31.0,33.0,2010-02-19,0.1451060917180013,53,call,0.395,0.0011,1.064516129032258,crisis,American
MSFT,2009-12-28,31.0,34.0,2010-02-19,0.1451060917180013,53,call,0.22,0.0011,1.096774193548387,crisis,American
