Datetime,Open,High,Low,Close,Volume
2023-07-07 09:30:00,191.4,191.5,191.0,191.23,969780
2023-07-07 09:35:00,191.3,191.47,190.98,191.01,1045589
2023-07-07 09:40:00,191.0,191.24,190.71,191.02,866820
2023-07-07 09:45:00,191.0333,191.22,190.77,191.22,632749
2023-07-07 09:50:00,191.225,191.43,191.08,191.305,709974
2023-07-07 09:55:00,191.3021,191.67,191.28,191.6,618074
2023-07-07 10:00:00,191.605,191.625,191.45,191.51,368743
2023-07-07 10:05:00,191.505,191.63,191.38,191.58,399808
2023-07-07 10:10:00,191.58,191.72,191.155,191.1803,446734
2023-07-07 10:15:00,191.18,191.41,190.99,191.022,506031
2023-07-07 10:20:00,191.03,191.1,190.725,190.925,626305
2023-07-07 10:25:00,190.9228,191.095,190.81,190.925,433448
2023-07-07 10:30:00,190.9265,190.975,190.52,190.615,487664
2023-07-07 10:35:00,190.61,190.64,190.24,190.34,529882
2023-07-07 10:40:00,190.36,190.67,190.345,190.4899,446976
2023-07-07 10:45:00,190.4875,190.6591,190.42,190.65,384705
2023-07-07 10:50:00,190.65,190.69,190.54,190.6291,268656
2023-07-07 10:55:00,190.625,190.91,190.585,190.67,408695
2023-07-07 11:00:00,190.655,190.755,190.4809,190.74,337765
2023-07-07 11:05:00,190.72,191.05,190.72,190.96,341884
2023-07-07 11:10:00,190.965,191.01,190.86,190.96,334233
2023-07-07 11:15:00,190.96,191.0,190.85,190.94,217936
2023-07-07 11:20:00,190.935,191.02,190.85,191.0184,254136
2023-07-07 11:25:00,191.02,191.29,191.01,191.2,387926
2023-07-07 11:30:00,191.2,191.305,191.19,191.295,261987
2023-07-07 11:35:00,191.2901,191.36,191.185,191.23,339116
2023-07-07 11:40:00,191.24,191.47,191.22,191.45,275527
2023-07-07 11:45:00,191.4533,191.56,191.44,191.525,373878
2023-07-07 11:50:00,191.52,191.66,191.47,191.62,285288
2023-07-07 11:55:00,191.62,191.7,191.54,191.695,350617
2023-07-07 12:00:00,191.6929,192.0,191.67,191.93,639989
2023-07-07 12:05:00,191.935,192.12,191.895,192.065,677006
2023-07-07 12:10:00,192.06,192.21,192.0401,192.1493,434178
2023-07-07 12:15:00,192.1462,192.17,192.03,192.06,346466
2023-07-07 12:20:00,192.0599,192.185,192.025,192.125,332788
2023-07-07 12:25:00,192.125,192.25,192.075,192.1824,409415
2023-07-07 12:30:00,192.18,192.18,192.085,192.145,237084
2023-07-07 12:35:00,192.15,192.45,192.15,192.385,559979
2023-07-07 12:40:00,192.38,192.5,192.32,192.48,447757
2023-07-07 12:45:00,192.48,192.53,192.41,192.41,231047
2023-07-07 12:50:00,192.41,192.4612,192.32,192.4326,249047
2023-07-07 12:55:00,192.445,192.5,192.2601,192.2943,235055
2023-07-07 13:00:00,192.2999,192.45,192.26,192.445,291121
2023-07-07 13:05:00,192.445,192.5,192.39,192.452,289632
2023-07-07 13:10:00,192.4505,192.51,192.435,192.485,258439
2023-07-07 13:15:00,192.4836,192.55,192.43,192.5,272867
2023-07-07 13:20:00,192.5,192.5069,192.35,192.36,301348
2023-07-07 13:25:00,192.37,192.57,192.37,192.502,233806
2023-07-07 13:30:00,192.5023,192.6,192.4722,192.5739,228738
2023-07-07 13:35:00,192.57,192.67,192.425,192.43,454916
2023-07-07 13:40:00,192.435,192.58,192.39,192.5633,225251
2023-07-07 13:45:00,192.565,192.65,192.565,192.6037,253267
2023-07-07 13:50:00,192.6,192.6,192.47,192.49,172244
2023-07-07 13:55:00,192.48,192.5,192.41,192.4588,214304
2023-07-07 14:00:00,192.45,192.45,192.16,192.3,370516
2023-07-07 14:05:00,192.29,192.3,192.19,192.27,236609
2023-07-07 14:10:00,192.28,192.38,192.26,192.285,226989
2023-07-07 14:15:00,192.275,192.39,192.25,192.345,168221
2023-07-07 14:20:00,192.345,192.39,192.235,192.32,179796
2023-07-07 14:25:00,192.315,192.42,192.315,192.3901,163387
2023-07-07 14:30:00,192.39,192.5,192.36,192.37,169042
2023-07-07 14:35:00,192.3618,192.41,192.23,192.3801,292804
2023-07-07 14:40:00,192.39,192.49,192.3201,192.335,191055
2023-07-07 14:45:00,192.33,192.35,192.19,192.19,251570
2023-07-07 14:50:00,192.19,192.26,192.17,192.23,224918
2023-07-07 14:55:00,192.228,192.32,192.19,192.26,204055
2023-07-07 15:00:00,192.25,192.3,192.22,192.285,199247
2023-07-07 15:05:00,192.27,192.38,192.2,192.335,284263
2023-07-07 15:10:00,192.3399,192.36,192.22,192.305,361453
2023-07-07 15:15:00,192.31,192.3494,192.28,192.28,166776
2023-07-07 15:20:00,192.28,192.32,192.02,192.15,392522
2023-07-07 15:25:00,192.1538,192.175,191.93,191.965,297747
2023-07-07 15:30:00,191.96,191.985,191.7,191.805,364871
2023-07-07 15:35:00,191.805,191.91,191.68,191.905,328015
2023-07-07 15:40:00,191.9,191.93,191.7,191.73,362375
2023-07-07 15:45:00,191.73,191.76,191.55,191.6047,414814
2023-07-07 15:50:00,191.61,191.68,190.76,191.055,1043007
2023-07-07 15:55:00,191.055,191.27,190.73,190.845,1186309
2023-07-07 16:00:00,190.84,190.88,190.6,190.71,1822561
2023-07-10 09:30:00,189.23,189.99,189.19,189.97,1025954
2023-07-10 09:35:00,189.98,189.99,189.05,189.105,1211122
2023-07-10 09:40:00,189.12,189.47,188.81,189.24,1643632
2023-07-10 09:45:00,189.2525,189.27,188.7,188.845,1060927
2023-07-10 09:50:00,188.84,188.96,188.04,188.0625,1373222
2023-07-10 09:55:00,188.055,188.13,187.32,187.35,1634662
2023-07-10 10:00:00,187.355,187.8,187.15,187.755,1477406
2023-07-10 10:05:00,187.7501,188.29,187.6896,188.19,826904
2023-07-10 10:10:00,188.17,188.7,188.1,188.61,780178
2023-07-10 10:15:00,188.615,188.95,188.5801,188.7222,930570
2023-07-10 10:20:00,188.72,188.99,188.561,188.985,610529
2023-07-10 10:25:00,188.98,189.51,188.97,189.3209,733810
2023-07-10 10:30:00,189.34,189.3481,188.91,188.95,578419
2023-07-10 10:35:00,188.95,188.95,188.36,188.41,683970
2023-07-10 10:40:00,188.4,188.675,188.31,188.645,608078
2023-07-10 10:45:00,188.645,188.95,188.48,188.7401,494231
2023-07-10 10:50:00,188.74,189.04,188.7,189.025,458268
2023-07-10 10:55:00,189.02,189.025,188.4,188.445,464611
2023-07-10 11:00:00,188.46,188.61,188.08,188.1,554176
2023-07-10 11:05:00,188.1,188.19,187.7314,188.1101,682259
2023-07-10 11:10:00,188.11,188.225,188.025,188.0299,394370
2023-07-10 11:15:00,188.045,188.28,187.91,188.115,459498
2023-07-10 11:20:00,188.115,188.18,187.9,188.12,391195
2023-07-10 11:25:00,188.1201,188.125,187.7,187.785,460674
2023-07-10 11:30:00,187.785,188.0674,187.64,188.035,541970
2023-07-10 11:35:00,188.0309,188.37,188.0001,188.145,331507
2023-07-10 11:40:00,188.15,188.4514,188.15,188.36,402229
2023-07-10 11:45:00,188.36,188.4,187.78,187.82,576935
2023-07-10 11:50:00,187.81,187.92,187.6,187.885,555476
2023-07-10 11:55:00,187.885,187.984,187.74,187.82,349340
2023-07-10 12:00:00,187.83,187.9199,187.44,187.4799,588195
2023-07-10 12:05:00,187.47,187.475,187.21,187.36,697784
2023-07-10 12:10:00,187.35,187.42,187.11,187.1764,528352
2023-07-10 12:15:00,187.18,187.25,187.035,187.081,580023
2023-07-10 12:20:00,187.08,187.36,187.08,187.31,406662
2023-07-10 12:25:00,187.31,187.57,187.2702,187.545,336897
2023-07-10 12:30:00,187.5418,187.66,187.51,187.57,328820
2023-07-10 12:35:00,187.58,187.6766,187.5,187.585,354632
2023-07-10 12:40:00,187.58,187.885,187.57,187.8708,391200
2023-07-10 12:45:00,187.876,187.995,187.81,187.829,329470
2023-07-10 12:50:00,187.82,187.94,187.66,187.9032,279640
2023-07-10 12:55:00,187.91,187.925,187.6,187.84,345953
2023-07-10 13:00:00,187.84,188.13,187.8,188.08,407941
2023-07-10 13:05:00,188.08,188.2,188.0601,188.14,276724
2023-07-10 13:10:00,188.13,188.35,188.02,188.06,396527
2023-07-10 13:15:00,188.06,188.08,187.93,188.0,299854
2023-07-10 13:20:00,188.0,188.0,187.76,187.9222,258447
2023-07-10 13:25:00,187.92,187.98,187.76,187.8819,310024
2023-07-10 13:30:00,187.88,188.25,187.88,188.24,252505
2023-07-10 13:35:00,188.2473,188.29,188.02,188.0989,255443
2023-07-10 13:40:00,188.09,188.12,187.92,188.075,212158
2023-07-10 13:45:00,188.075,188.32,188.075,188.306,201017
2023-07-10 13:50:00,188.3,188.3088,188.05,188.1099,295666
2023-07-10 13:55:00,188.12,188.34,188.1129,188.34,243454
2023-07-10 14:00:00,188.335,188.335,188.12,188.25,173306
2023-07-10 14:05:00,188.255,188.26,188.01,188.07,202981
2023-07-10 14:10:00,188.07,188.09,187.9936,188.055,235058
2023-07-10 14:15:00,188.055,188.23,188.04,188.2198,244030
2023-07-10 14:20:00,188.215,188.3464,188.21,188.27,270240
2023-07-10 14:25:00,188.27,188.655,188.2025,188.6295,403196
2023-07-10 14:30:00,188.62,188.7,188.54,188.56,273825
2023-07-10 14:35:00,188.56,188.57,188.33,188.38,231914
2023-07-10 14:40:00,188.38,188.45,188.2,188.29,231693
2023-07-10 14:45:00,188.29,188.355,188.22,188.295,224425
2023-07-10 14:50:00,188.3,188.425,188.22,188.41,251837
2023-07-10 14:55:00,188.42,188.635,188.41,188.6201,317774
2023-07-10 15:00:00,188.625,188.65,188.46,188.4708,239924
2023-07-10 15:05:00,188.475,188.58,188.42,188.54,236545
2023-07-10 15:10:00,188.54,188.54,188.285,188.32,284059
2023-07-10 15:15:00,188.32,188.47,188.29,188.3857,301122
2023-07-10 15:20:00,188.38,188.3901,188.2725,188.34,204302
2023-07-10 15:25:00,188.3457,188.36,188.14,188.235,321583
2023-07-10 15:30:00,188.24,188.35,188.1,188.29,407703
2023-07-10 15:35:00,188.28,188.42,188.26,188.4,337839
2023-07-10 15:40:00,188.39,188.5,188.35,188.4,448914
2023-07-10 15:45:00,188.4,188.47,188.245,188.35,530013
2023-07-10 15:50:00,188.37,188.58,188.34,188.57,751526
2023-07-10 15:55:00,188.575,188.79,188.481,188.59,1162897
2023-07-10 16:00:00,188.6,188.63,188.455,188.63,1743323
2023-07-11 09:30:00,189.16,189.3,188.86,188.8901,715836
2023-07-11 09:35:00,188.88,188.95,188.3,188.855,989115
2023-07-11 09:40:00,188.855,189.03,188.3289,188.35,755883
2023-07-11 09:45:00,188.3486,188.41,187.8801,188.1187,827592
2023-07-11 09:50:00,188.119,188.15,187.76,188.005,686038
2023-07-11 09:55:00,188.01,188.14,187.82,187.885,678270
2023-07-11 10:00:00,187.92,187.94,187.59,187.765,730149
2023-07-11 10:05:00,187.77,187.8745,187.45,187.5899,573527
2023-07-11 10:10:00,187.6,187.8,187.56,187.651,435397
2023-07-11 10:15:00,187.65,187.8,187.57,187.71,311713
2023-07-11 10:20:00,187.72,188.14,187.71,188.08,424738
2023-07-11 10:25:00,188.09,188.2,187.89,187.975,460698
2023-07-11 10:30:00,187.975,188.125,187.86,188.0903,422658
2023-07-11 10:35:00,188.0967,188.14,187.8907,188.1009,423763
2023-07-11 10:40:00,188.1088,188.27,188.0001,188.105,350431
2023-07-11 10:45:00,188.102,188.405,188.1,188.3,349995
2023-07-11 10:50:00,188.31,188.5601,188.2827,188.42,407482
2023-07-11 10:55:00,188.4202,188.448,188.13,188.19,295310
2023-07-11 11:00:00,188.19,188.27,188.1217,188.14,239394
2023-07-11 11:05:00,188.14,188.4609,188.1,188.295,335551
2023-07-11 11:10:00,188.3,188.32,187.93,188.07,330687
2023-07-11 11:15:00,188.065,188.08,187.912,188.0199,234066
2023-07-11 11:20:00,188.01,188.02,187.71,187.83,435870
2023-07-11 11:25:00,187.83,187.94,187.79,187.84,231422
2023-07-11 11:30:00,187.83,187.865,187.655,187.7323,286027
2023-07-11 11:35:00,187.74,187.845,187.6407,187.645,241557
2023-07-11 11:40:00,187.65,187.715,187.55,187.6,335187
2023-07-11 11:45:00,187.595,187.6018,187.26,187.275,462879
2023-07-11 11:50:00,187.28,187.8109,187.2775,187.805,356079
2023-07-11 11:55:00,187.805,188.04,187.715,187.91,365302
2023-07-11 12:00:00,187.91,188.3,187.83,188.2949,424159
2023-07-11 12:05:00,188.3,188.38,188.1907,188.275,348296
2023-07-11 12:10:00,188.2788,188.28,188.13,188.155,379865
2023-07-11 12:15:00,188.1422,188.19,188.0309,188.0716,293189
2023-07-11 12:20:00,188.08,188.12,187.94,188.1198,289530
2023-07-11 12:25:00,188.1183,188.15,188.03,188.04,164803
2023-07-11 12:30:00,188.04,188.04,187.465,187.54,562197
2023-07-11 12:35:00,187.54,187.62,187.51,187.61,267097
2023-07-11 12:40:00,187.6094,187.7202,187.565,187.635,271530
2023-07-11 12:45:00,187.6379,187.66,187.46,187.51,244609
2023-07-11 12:50:00,187.5176,187.665,187.505,187.605,224139
2023-07-11 12:55:00,187.605,187.78,187.56,187.63,298987
2023-07-11 13:00:00,187.63,187.78,187.625,187.77,176351
2023-07-11 13:05:00,187.77,187.7869,187.55,187.565,238828
2023-07-11 13:10:00,187.565,187.58,187.41,187.53,339986
2023-07-11 13:15:00,187.5213,187.56,187.34,187.3697,304625
2023-07-11 13:20:00,187.365,187.55,187.36,187.53,231637
2023-07-11 13:25:00,187.54,187.54,187.41,187.455,181901
2023-07-11 13:30:00,187.4552,187.46,187.3735,187.42,208544
2023-07-11 13:35:00,187.41,187.4899,187.38,187.465,190609
2023-07-11 13:40:00,187.465,187.4884,187.39,187.395,165289
2023-07-11 13:45:00,187.39,187.42,187.27,187.305,299482
2023-07-11 13:50:00,187.31,187.33,187.175,187.245,414735
2023-07-11 13:55:00,187.245,187.4201,187.245,187.35,366146
2023-07-11 14:00:00,187.35,187.5478,187.33,187.495,273935
2023-07-11 14:05:00,187.48,187.495,187.35,187.355,195868
2023-07-11 14:10:00,187.36,187.4,187.27,187.3,292738
2023-07-11 14:15:00,187.3,187.31,187.01,187.085,551994
2023-07-11 14:20:00,187.0899,187.09,186.84,186.9801,639782
2023-07-11 14:25:00,186.9802,187.0,186.7001,186.755,465478
2023-07-11 14:30:00,186.7531,186.97,186.71,186.96,304269
2023-07-11 14:35:00,186.9614,187.0,186.61,186.635,424417
2023-07-11 14:40:00,186.63,186.99,186.6,186.9742,295024
2023-07-11 14:45:00,186.98,187.0899,186.945,187.085,246155
2023-07-11 14:50:00,187.09,187.1277,186.9799,187.1099,258494
2023-07-11 14:55:00,187.11,187.28,187.0718,187.235,244834
2023-07-11 15:00:00,187.24,187.39,187.24,187.375,250620
2023-07-11 15:05:00,187.375,187.395,187.23,187.2469,264435
2023-07-11 15:10:00,187.25,187.2768,187.155,187.19,298365
2023-07-11 15:15:00,187.19,187.28,187.18,187.2301,230458
2023-07-11 15:20:00,187.23,187.36,187.175,187.28,270341
2023-07-11 15:25:00,187.27,187.29,187.08,187.141,405817
2023-07-11 15:30:00,187.1401,187.18,187.0601,187.11,402923
2023-07-11 15:35:00,187.105,187.16,186.97,187.1027,356428
2023-07-11 15:40:00,187.11,187.29,187.08,187.2883,345028
2023-07-11 15:45:00,187.29,187.59,187.25,187.567,633970
2023-07-11 15:50:00,187.56,188.27,187.55,188.105,1201369
2023-07-11 15:55:00,188.105,188.11,187.805,187.9601,1080970
2023-07-11 16:00:00,187.97,188.23,187.9401,188.06,1586826
2023-07-12 09:30:00,189.68,190.49,189.66,189.91,1233477
2023-07-12 09:35:00,189.91,190.49,189.45,190.435,1884509
2023-07-12 09:40:00,190.439,190.99,190.21,190.77,2088918
2023-07-12 09:45:00,190.768,191.31,190.64,191.27,1452232
2023-07-12 09:50:00,191.27,191.7,191.26,191.37,1464424
2023-07-12 09:55:00,191.375,191.415,190.63,190.88,1009702
2023-07-12 10:00:00,190.88,191.0,190.56,190.62,698533
2023-07-12 10:05:00,190.625,190.82,190.325,190.4134,839497
2023-07-12 10:10:00,190.415,190.568,190.24,190.5465,685260
2023-07-12 10:15:00,190.56,190.82,190.4,190.68,768179
2023-07-12 10:20:00,190.69,190.99,190.52,190.915,860111
2023-07-12 10:25:00,190.915,190.95,190.63,190.78,529865
2023-07-12 10:30:00,190.775,190.8599,190.33,190.385,612707
2023-07-12 10:35:00,190.385,190.47,190.035,190.1,752964
2023-07-12 10:40:00,190.1,190.66,190.07,190.52,565474
2023-07-12 10:45:00,190.525,190.615,190.14,190.3317,461072
2023-07-12 10:50:00,190.33,190.38,189.97,190.04,452877
2023-07-12 10:55:00,190.04,190.2,189.75,189.83,398906
2023-07-12 11:00:00,189.82,189.91,189.565,189.716,517331
2023-07-12 11:05:00,189.71,189.857,189.36,189.3885,655367
2023-07-12 11:10:00,189.39,189.52,189.22,189.4299,444081
2023-07-12 11:15:00,189.4301,189.74,189.405,189.705,724275
2023-07-12 11:20:00,189.6923,189.8695,189.5913,189.845,631639
2023-07-12 11:25:00,189.845,189.9,189.65,189.7409,338582
2023-07-12 11:30:00,189.745,189.795,189.48,189.57,345553
2023-07-12 11:35:00,189.565,189.695,189.399,189.48,277811
2023-07-12 11:40:00,189.5,189.53,188.77,188.87,715995
2023-07-12 11:45:00,188.86,189.12,188.67,188.79,506798
2023-07-12 11:50:00,188.79,189.055,188.77,188.8,385468
2023-07-12 11:55:00,188.8012,188.84,188.54,188.7585,493303
2023-07-12 12:00:00,188.75,188.9,188.47,188.8973,538585
2023-07-12 12:05:00,188.895,188.9309,188.57,188.67,478250
2023-07-12 12:10:00,188.66,188.9,188.65,188.88,275227
2023-07-12 12:15:00,188.8701,189.045,188.8701,188.9751,380140
2023-07-12 12:20:00,188.97,189.18,188.84,189.18,333865
2023-07-12 12:25:00,189.1767,189.21,188.99,189.08,225968
2023-07-12 12:30:00,189.08,189.25,188.95,189.225,295114
2023-07-12 12:35:00,189.23,189.48,189.185,189.4301,369427
2023-07-12 12:40:00,189.42,189.62,189.32,189.615,376344
2023-07-12 12:45:00,189.61,189.66,189.38,189.505,315109
2023-07-12 12:50:00,189.51,189.82,189.44,189.685,361714
2023-07-12 12:55:00,189.6701,189.7301,189.54,189.56,242054
2023-07-12 13:00:00,189.56,189.56,189.36,189.43,258314
2023-07-12 13:05:00,189.4283,189.63,189.365,189.52,303596
2023-07-12 13:10:00,189.53,189.55,189.435,189.5,183362
2023-07-12 13:15:00,189.5089,189.8,189.48,189.7969,250416
2023-07-12 13:20:00,189.7901,189.87,189.73,189.84,362884
2023-07-12 13:25:00,189.835,189.96,189.73,189.835,392004
2023-07-12 13:30:00,189.84,189.99,189.79,189.9801,245566
2023-07-12 13:35:00,189.9823,190.03,189.89,189.92,293171
2023-07-12 13:40:00,189.92,190.02,189.89,189.975,196434
2023-07-12 13:45:00,189.98,190.02,189.93,189.95,171675
2023-07-12 13:50:00,189.94,189.98,189.75,189.885,219862
2023-07-12 13:55:00,189.885,189.969,189.85,189.92,152964
2023-07-12 14:00:00,189.92,189.95,189.865,189.905,185732
2023-07-12 14:05:00,189.91,189.95,189.815,189.945,185984
2023-07-12 14:10:00,189.95,190.145,189.935,190.0599,286469
2023-07-12 14:15:00,190.0575,190.32,190.03,190.3,298552
2023-07-12 14:20:00,190.295,190.295,190.2,190.28,264836
2023-07-12 14:25:00,190.28,190.345,190.2,190.3434,212677
2023-07-12 14:30:00,190.345,190.39,190.29,190.3475,222261
2023-07-12 14:35:00,190.35,190.4027,190.325,190.335,227516
2023-07-12 14:40:00,190.335,190.38,190.075,190.14,443592
2023-07-12 14:45:00,190.14,190.24,190.04,190.0501,226504
2023-07-12 14:50:00,190.0591,190.09,189.87,189.945,344515
2023-07-12 14:55:00,189.955,190.01,189.8701,189.991,245692
2023-07-12 15:00:00,189.99,190.07,189.87,190.02,308952
2023-07-12 15:05:00,190.025,190.07,189.94,190.01,203901
2023-07-12 15:10:00,190.01,190.165,190.01,190.145,290880
2023-07-12 15:15:00,190.14,190.24,190.09,190.205,333809
2023-07-12 15:20:00,190.205,190.23,190.015,190.03,268883
2023-07-12 15:25:00,190.035,190.05,189.7,189.727,507363
2023-07-12 15:30:00,189.72,189.905,189.705,189.88,417844
2023-07-12 15:35:00,189.88,190.0,189.83,189.985,475689
2023-07-12 15:40:00,189.9875,190.01,189.87,189.94,316445
2023-07-12 15:45:00,189.93,190.02,189.84,189.875,461618
2023-07-12 15:50:00,189.88,189.96,189.67,189.725,667208
2023-07-12 15:55:00,189.72,189.85,189.61,189.6581,933831
2023-07-12 16:00:00,189.66,189.85,189.57,189.82,1805854
2023-07-13 09:30:00,190.5,190.505,190.02,190.06,714514
2023-07-13 09:35:00,190.0401,190.6342,189.94,190.63,1005783
2023-07-13 09:40:00,190.63,190.9799,190.62,190.75,984270
2023-07-13 09:45:00,190.7625,191.095,190.6,190.88,1046947
2023-07-13 09:50:00,190.86,190.92,190.47,190.66,597308
2023-07-13 09:55:00,190.65,190.855,190.37,190.395,504835
2023-07-13 10:00:00,190.395,190.49,190.18,190.25,660058
2023-07-13 10:05:00,190.24,190.26,189.98,190.035,458646
2023-07-13 10:10:00,190.04,190.14,189.78,190.14,633049
2023-07-13 10:15:00,190.125,190.2495,189.92,190.065,448233
2023-07-13 10:20:00,190.07,190.33,190.062,190.3221,526733
2023-07-13 10:25:00,190.32,190.32,190.1,190.11,330307
2023-07-13 10:30:00,190.1,190.159,189.96,190.04,499249
2023-07-13 10:35:00,190.03,190.459,189.9901,190.44,438541
2023-07-13 10:40:00,190.44,190.5643,190.38,190.49,402805
2023-07-13 10:45:00,190.48,190.77,190.465,190.76,546317
2023-07-13 10:50:00,190.77,190.775,190.22,190.379,426565
2023-07-13 10:55:00,190.38,190.47,190.28,190.3457,215579
2023-07-13 11:00:00,190.3301,190.36,190.18,190.35,243176
2023-07-13 11:05:00,190.35,190.41,190.2608,190.37,213542
2023-07-13 11:10:00,190.38,190.42,190.27,190.3105,169720
2023-07-13 11:15:00,190.32,190.35,190.11,190.16,238698
2023-07-13 11:20:00,190.16,190.26,190.07,190.165,234717
2023-07-13 11:25:00,190.15,190.36,190.12,190.305,270804
2023-07-13 11:30:00,190.3,190.33,190.125,190.13,190485
2023-07-13 11:35:00,190.13,190.2,190.04,190.18,274763
2023-07-13 11:40:00,190.1846,190.36,190.1667,190.315,275993
2023-07-13 11:45:00,190.315,190.54,190.3002,190.37,301947
2023-07-13 11:50:00,190.37,190.48,190.31,190.44,151031
2023-07-13 11:55:00,190.45,190.71,190.4425,190.54,383945
2023-07-13 12:00:00,190.545,190.7,190.46,190.5299,260258
2023-07-13 12:05:00,190.51,190.7385,190.48,190.6901,258185
2023-07-13 12:10:00,190.69,190.7,190.56,190.6101,195961
2023-07-13 12:15:00,190.6141,190.67,190.54,190.6001,148655
2023-07-13 12:20:00,190.609,190.6271,190.51,190.535,141208
2023-07-13 12:25:00,190.5389,190.77,190.52,190.615,316988
2023-07-13 12:30:00,190.6016,190.72,190.575,190.71,141937
2023-07-13 12:35:00,190.72,190.845,190.505,190.545,384956
2023-07-13 12:40:00,190.555,190.58,190.458,190.5,179309
2023-07-13 12:45:00,190.4899,190.5239,190.45,190.455,166449
2023-07-13 12:50:00,190.46,190.52,190.39,190.4191,148681
2023-07-13 12:55:00,190.41,190.59,190.37,190.5209,164783
2023-07-13 13:00:00,190.5237,190.5237,190.33,190.41,185406
2023-07-13 13:05:00,190.42,190.5399,190.38,190.515,255990
2023-07-13 13:10:00,190.51,190.55,190.3525,190.39,278617
2023-07-13 13:15:00,190.39,190.57,190.3592,190.5699,186994
2023-07-13 13:20:00,190.57,190.65,190.55,190.6314,198619
2023-07-13 13:25:00,190.6301,190.7,190.6,190.695,123108
2023-07-13 13:30:00,190.6901,190.7,190.61,190.645,133433
2023-07-13 13:35:00,190.6499,190.74,190.58,190.7,206843
2023-07-13 13:40:00,190.7,190.76,190.63,190.665,212292
2023-07-13 13:45:00,190.666,190.74,190.64,190.695,131273
2023-07-13 13:50:00,190.7,190.75,190.5801,190.615,159784
2023-07-13 13:55:00,190.62,190.66,190.53,190.54,137720
2023-07-13 14:00:00,190.545,190.63,190.53,190.57,123431
2023-07-13 14:05:00,190.575,190.615,190.54,190.6,137117
2023-07-13 14:10:00,190.6,190.73,190.6,190.73,231783
2023-07-13 14:15:00,190.72,190.82,190.71,190.82,244237
2023-07-13 14:20:00,190.815,190.87,190.702,190.835,239240
2023-07-13 14:25:00,190.83,190.8792,190.72,190.735,231185
2023-07-13 14:30:00,190.74,190.77,190.54,190.5455,234431
2023-07-13 14:35:00,190.55,190.69,190.5,190.68,218462
2023-07-13 14:40:00,190.685,190.72,190.5901,190.6625,193657
2023-07-13 14:45:00,190.665,190.73,190.6,190.7,173264
2023-07-13 14:50:00,190.695,190.73,190.61,190.6301,174998
2023-07-13 14:55:00,190.6301,190.6999,190.57,190.6121,175917
2023-07-13 15:00:00,190.615,190.69,190.615,190.66,162488
2023-07-13 15:05:00,190.6548,190.91,190.63,190.8917,495728
2023-07-13 15:10:00,190.9,190.97,190.85,190.965,322087
2023-07-13 15:15:00,190.97,191.19,190.96,191.15,600316
2023-07-13 15:20:00,191.155,191.1792,190.99,191.0778,423233
2023-07-13 15:25:00,191.08,191.09,190.75,190.895,337006
2023-07-13 15:30:00,190.89,190.97,190.7,190.8801,439933
2023-07-13 15:35:00,190.88,190.89,190.73,190.815,375668
2023-07-13 15:40:00,190.82,190.88,190.79,190.8301,420069
2023-07-13 15:45:00,190.84,190.97,190.745,190.9471,755256
2023-07-13 15:50:00,190.95,191.08,190.79,190.815,678885
2023-07-13 15:55:00,190.81,190.9099,190.63,190.645,739570
2023-07-13 16:00:00,190.64,190.698,190.53,190.54,1226133
2023-07-14 09:30:00,190.23,190.7,190.1,190.51,823540
2023-07-14 09:35:00,190.51,190.71,190.11,190.41,735247
2023-07-14 09:40:00,190.41,191.0,190.37,190.918,926431
2023-07-14 09:45:00,190.91,190.97,190.5,190.525,856106
2023-07-14 09:50:00,190.53,190.99,190.4717,190.96,573173
2023-07-14 09:55:00,190.955,190.98,190.7179,190.815,482402
2023-07-14 10:00:00,190.8,190.83,190.37,190.66,600893
2023-07-14 10:05:00,190.65,190.939,190.58,190.73,604325
2023-07-14 10:10:00,190.72,190.91,190.6,190.845,488795
2023-07-14 10:15:00,190.845,191.08,190.721,191.02,615922
2023-07-14 10:20:00,191.03,191.1799,191.01,191.06,472453
2023-07-14 10:25:00,191.0469,191.145,190.99,191.02,328738
2023-07-14 10:30:00,191.02,191.15,190.84,190.9601,458634
2023-07-14 10:35:00,190.965,191.04,190.7225,190.725,384292
2023-07-14 10:40:00,190.725,190.8694,190.622,190.765,397520
2023-07-14 10:45:00,190.76,190.79,190.585,190.72,361407
2023-07-14 10:50:00,190.73,190.76,190.5,190.58,401135
2023-07-14 10:55:00,190.57,190.7,190.55,190.67,311343
2023-07-14 11:00:00,190.675,190.7,190.48,190.6,338575
2023-07-14 11:05:00,190.6,190.665,190.395,190.54,379531
2023-07-14 11:10:00,190.54,190.56,190.3,190.48,397257
2023-07-14 11:15:00,190.4701,190.55,190.35,190.48,268087
2023-07-14 11:20:00,190.485,190.72,190.48,190.615,377119
2023-07-14 11:25:00,190.613,190.68,190.53,190.535,238649
2023-07-14 11:30:00,190.54,190.55,190.295,190.5055,392322
2023-07-14 11:35:00,190.505,190.58,190.415,190.54,217934
2023-07-14 11:40:00,190.5446,190.62,190.42,190.495,254463
2023-07-14 11:45:00,190.495,190.5,190.28,190.3599,235162
2023-07-14 11:50:00,190.365,190.459,190.33,190.3901,180526
2023-07-14 11:55:00,190.39,190.4499,190.28,190.43,216587
2023-07-14 12:00:00,190.4399,190.515,190.39,190.425,217878
2023-07-14 12:05:00,190.425,190.43,190.215,190.2699,356625
2023-07-14 12:10:00,190.26,190.3,190.21,190.23,206918
2023-07-14 12:15:00,190.22,190.33,190.1,190.15,326938
2023-07-14 12:20:00,190.1487,190.24,190.01,190.03,274316
2023-07-14 12:25:00,190.035,190.18,189.89,189.94,382242
2023-07-14 12:30:00,189.94,190.03,189.83,189.89,302899
2023-07-14 12:35:00,189.885,190.06,189.86,190.0098,220258
2023-07-14 12:40:00,190.0,190.15,190.0,190.14,228598
2023-07-14 12:45:00,190.13,190.1499,190.02,190.02,171144
2023-07-14 12:50:00,190.025,190.1,189.7226,190.04,358042
2023-07-14 12:55:00,190.035,190.11,189.89,189.895,251951
2023-07-14 13:00:00,189.892,190.0399,189.892,189.9,155528
2023-07-14 13:05:00,189.9,190.03,189.77,189.77,222504
2023-07-14 13:10:00,189.75,189.86,189.65,189.6531,230053
2023-07-14 13:15:00,189.65,190.0673,189.63,190.06,322131
2023-07-14 13:20:00,190.06,190.06,189.8786,189.9,286160
2023-07-14 13:25:00,189.89,190.02,189.86,189.955,164694
2023-07-14 13:30:00,189.96,190.06,189.9399,190.0542,196678
2023-07-14 13:35:00,190.05,190.15,189.9501,190.115,224591
2023-07-14 13:40:00,190.12,190.23,190.055,190.1899,262290
2023-07-14 13:45:00,190.1891,190.23,190.08,190.2163,178642
2023-07-14 13:50:00,190.21,190.4172,190.2,190.2899,319729
2023-07-14 13:55:00,190.285,190.39,190.28,190.345,145771
2023-07-14 14:00:00,190.3599,190.36,190.1795,190.3266,192984
2023-07-14 14:05:00,190.34,190.4399,190.3001,190.43,199547
2023-07-14 14:10:00,190.425,190.44,190.33,190.37,148132
2023-07-14 14:15:00,190.38,190.51,190.3401,190.51,330016
2023-07-14 14:20:00,190.505,190.565,190.42,190.435,272837
2023-07-14 14:25:00,190.435,190.4399,190.26,190.295,267925
2023-07-14 14:30:00,190.3,190.33,190.14,190.16,239279
2023-07-14 14:35:00,190.1581,190.25,190.09,190.115,267113
2023-07-14 14:40:00,190.11,190.13,190.03,190.11,233550
2023-07-14 14:45:00,190.105,190.14,190.05,190.11,137443
2023-07-14 14:50:00,190.1,190.15,190.015,190.125,144723
2023-07-14 14:55:00,190.125,190.2,190.11,190.11,266338
2023-07-14 15:00:00,190.12,190.15,189.91,189.915,282725
2023-07-14 15:05:00,189.91,189.99,189.825,189.84,290410
2023-07-14 15:10:00,189.84,190.0,189.78,189.955,353956
2023-07-14 15:15:00,189.9618,190.17,189.9301,190.155,334112
2023-07-14 15:20:00,190.145,190.4,190.1287,190.38,496759
2023-07-14 15:25:00,190.385,190.42,190.28,190.385,360815
2023-07-14 15:30:00,190.395,190.395,190.195,190.2,279540
2023-07-14 15:35:00,190.2,190.35,190.16,190.275,296639
2023-07-14 15:40:00,190.27,190.4055,190.2,190.395,305279
2023-07-14 15:45:00,190.4,190.535,190.385,190.53,470774
2023-07-14 15:50:00,190.52,190.53,190.26,190.48,572120
2023-07-14 15:55:00,190.4774,190.49,190.28,190.445,621782
2023-07-14 16:00:00,190.44,190.74,190.37,190.72,1913035
2023-07-17 09:30:00,191.9,192.45,191.81,192.41,1155394
2023-07-17 09:35:00,192.4,192.88,192.17,192.82,1451458
2023-07-17 09:40:00,192.815,193.45,192.81,193.17,1665413
2023-07-17 09:45:00,193.1828,193.35,192.78,192.87,993135
2023-07-17 09:50:00,192.88,192.88,192.47,192.71,951122
2023-07-17 09:55:00,192.705,192.86,192.33,192.68,1005617
2023-07-17 10:00:00,192.66,192.78,192.14,192.74,827609
2023-07-17 10:05:00,192.72,192.95,192.62,192.72,717800
2023-07-17 10:10:00,192.72,193.13,192.72,192.975,727043
2023-07-17 10:15:00,192.97,192.98,192.7,192.8199,439519
2023-07-17 10:20:00,192.8199,192.88,192.64,192.84,358933
2023-07-17 10:25:00,192.83,193.025,192.81,192.96,424061
2023-07-17 10:30:00,192.96,192.96,192.755,192.8589,356327
2023-07-17 10:35:00,192.85,193.005,192.77,193.0,342942
2023-07-17 10:40:00,193.005,193.125,192.8836,193.005,467615
2023-07-17 10:45:00,193.005,193.0299,192.781,192.8189,286538
2023-07-17 10:50:00,192.805,192.9,192.705,192.7999,325850
2023-07-17 10:55:00,192.79,192.96,192.78,192.815,313584
2023-07-17 11:00:00,192.82,192.99,192.81,192.9091,306515
2023-07-17 11:05:00,192.9099,192.975,192.74,192.96,272145
2023-07-17 11:10:00,192.96,193.14,192.9238,192.935,461632
2023-07-17 11:15:00,192.92,193.14,192.85,193.12,378190
2023-07-17 11:20:00,193.12,193.13,192.935,192.96,286390
2023-07-17 11:25:00,192.97,193.04,192.875,192.9258,244736
2023-07-17 11:30:00,192.9293,193.07,192.87,192.965,280273
2023-07-17 11:35:00,192.97,193.07,192.85,192.95,277971
2023-07-17 11:40:00,192.96,193.01,192.9,192.915,218863
2023-07-17 11:45:00,192.915,193.01,192.91,192.99,194300
2023-07-17 11:50:00,192.99,193.12,192.99,193.035,272856
2023-07-17 11:55:00,193.0371,193.2,193.0,193.07,568010
2023-07-17 12:00:00,193.07,193.29,193.07,193.17,389881
2023-07-17 12:05:00,193.165,193.1973,193.09,193.105,187759
2023-07-17 12:10:00,193.105,193.105,192.96,193.0199,233000
2023-07-17 12:15:00,193.015,193.02,192.8517,192.8599,257732
2023-07-17 12:20:00,192.855,192.93,192.765,192.83,308466
2023-07-17 12:25:00,192.83,192.87,192.77,192.8,172310
2023-07-17 12:30:00,192.8,192.86,192.71,192.75,232129
2023-07-17 12:35:00,192.7475,192.7475,192.54,192.63,293537
2023-07-17 12:40:00,192.63,192.63,192.45,192.54,253155
2023-07-17 12:45:00,192.54,192.585,192.4,192.565,226503
2023-07-17 12:50:00,192.565,192.585,192.49,192.57,241542
2023-07-17 12:55:00,192.5799,192.81,192.57,192.785,209692
2023-07-17 13:00:00,192.78,192.97,192.77,192.9542,196111
2023-07-17 13:05:00,192.95,192.97,192.8,192.965,203533
2023-07-17 13:10:00,192.965,193.0,192.87,192.9657,297610
2023-07-17 13:15:00,192.97,193.01,192.8702,192.91,186534
2023-07-17 13:20:00,192.905,193.01,192.9001,192.9616,181134
2023-07-17 13:25:00,192.965,193.0801,192.9,193.0286,245378
2023-07-17 13:30:00,193.03,193.14,193.01,193.12,214269
2023-07-17 13:35:00,193.115,193.12,192.995,193.025,155271
2023-07-17 13:40:00,193.0269,193.04,192.9529,193.008,118491
2023-07-17 13:45:00,193.01,193.11,192.99,193.11,140852
2023-07-17 13:50:00,193.1173,193.45,193.05,193.4465,404521
2023-07-17 13:55:00,193.44,193.49,193.2901,193.365,286385
2023-07-17 14:00:00,193.36,193.37,193.26,193.335,203338
2023-07-17 14:05:00,193.325,193.38,193.29,193.3069,126362
2023-07-17 14:10:00,193.305,193.31,193.17,193.2582,197294
2023-07-17 14:15:00,193.26,193.55,193.22,193.51,510867
2023-07-17 14:20:00,193.51,193.59,193.4401,193.5,369505
2023-07-17 14:25:00,193.5,193.705,193.49,193.5939,339922
2023-07-17 14:30:00,193.595,193.76,193.595,193.7281,293828
2023-07-17 14:35:00,193.73,193.76,193.6228,193.6341,278763
2023-07-17 14:40:00,193.63,193.7,193.58,193.6799,207605
2023-07-17 14:45:00,193.68,193.74,193.6001,193.7201,209963
2023-07-17 14:50:00,193.72,193.72,193.62,193.695,189765
2023-07-17 14:55:00,193.7099,193.8,193.7,193.785,241703
2023-07-17 15:00:00,193.78,193.78,193.66,193.685,193753
2023-07-17 15:05:00,193.685,193.85,193.68,193.84,293248
2023-07-17 15:10:00,193.845,193.88,193.8,193.875,282433
2023-07-17 15:15:00,193.8709,193.93,193.76,193.85,532890
2023-07-17 15:20:00,193.85,194.32,193.84,194.27,948126
2023-07-17 15:25:00,194.28,194.3,194.07,194.239,647522
2023-07-17 15:30:00,194.24,194.24,194.05,194.2354,605794
2023-07-17 15:35:00,194.2372,194.24,194.115,194.16,458214
2023-07-17 15:40:00,194.1601,194.24,194.0801,194.215,441583
2023-07-17 15:45:00,194.21,194.215,194.075,194.115,464202
2023-07-17 15:50:00,194.1116,194.25,193.9,193.96,895101
2023-07-17 15:55:00,193.96,194.24,193.79,193.86,1182422
2023-07-17 16:00:00,193.85,194.0,193.7,193.98,2049579
2023-07-18 09:30:00,193.4,193.58,192.86,193.02,960594
2023-07-18 09:35:00,193.0214,193.37,192.795,193.17,1049040
2023-07-18 09:40:00,193.13,193.22,192.82,193.04,724107
2023-07-18 09:45:00,193.05,193.34,192.87,193.3,852610
2023-07-18 09:50:00,193.3191,193.49,193.1389,193.174,607382
2023-07-18 09:55:00,193.17,193.24,192.97,193.1588,594678
2023-07-18 10:00:00,193.1573,193.45,193.09,193.3899,504383
2023-07-18 10:05:00,193.39,193.4,193.094,193.15,501684
2023-07-18 10:10:00,193.15,193.425,193.15,193.2,475202
2023-07-18 10:15:00,193.195,193.28,193.101,193.195,415633
2023-07-18 10:20:00,193.2,193.37,193.0238,193.0725,392143
2023-07-18 10:25:00,193.08,193.15,192.96,193.01,387166
2023-07-18 10:30:00,193.01,193.08,192.8,192.985,540764
2023-07-18 10:35:00,192.98,193.1,192.905,193.08,278678
2023-07-18 10:40:00,193.075,193.19,192.93,193.1895,326205
2023-07-18 10:45:00,193.19,193.5,193.11,193.47,576077
2023-07-18 10:50:00,193.47,193.57,193.37,193.3869,543508
2023-07-18 10:55:00,193.38,193.4597,193.28,193.33,342297
2023-07-18 11:00:00,193.33,193.5,193.25,193.4899,384764
2023-07-18 11:05:00,193.485,193.55,193.34,193.5011,307665
2023-07-18 11:10:00,193.49,193.655,193.465,193.61,373632
2023-07-18 11:15:00,193.59,193.65,193.42,193.43,303054
2023-07-18 11:20:00,193.42,193.47,193.3519,193.36,252734
2023-07-18 11:25:00,193.37,193.4301,193.29,193.3973,212751
2023-07-18 11:30:00,193.3922,193.41,193.02,193.05,359688
2023-07-18 11:35:00,193.05,193.12,192.91,192.9701,620256
2023-07-18 11:40:00,192.99,193.1499,192.83,193.0815,552394
2023-07-18 11:45:00,193.07,193.125,192.76,192.8253,565187
2023-07-18 11:50:00,192.82,193.205,192.82,193.175,559224
2023-07-18 11:55:00,193.18,193.26,193.13,193.2,387579
2023-07-18 12:00:00,193.195,193.245,193.08,193.13,253593
2023-07-18 12:05:00,193.12,193.18,193.02,193.08,289279
2023-07-18 12:10:00,193.06,193.13,192.84,192.88,405087
2023-07-18 12:15:00,192.89,192.9243,192.77,192.78,401166
2023-07-18 12:20:00,192.78,193.04,192.775,193.01,371558
2023-07-18 12:25:00,193.0099,193.03,192.57,192.6984,626900
2023-07-18 12:30:00,192.695,192.835,192.6,192.6397,378011
2023-07-18 12:35:00,192.64,192.685,192.51,192.57,420147
2023-07-18 12:40:00,192.57,192.73,192.5,192.62,339695
2023-07-18 12:45:00,192.61,192.62,192.515,192.62,276812
2023-07-18 12:50:00,192.62,192.62,192.47,192.505,412929
2023-07-18 12:55:00,192.5099,192.58,192.415,192.57,362925
2023-07-18 13:00:00,192.565,192.6883,192.42,192.66,363254
2023-07-18 13:05:00,192.65,192.71,192.555,192.71,238419
2023-07-18 13:10:00,192.71,192.74,192.67,192.725,231649
2023-07-18 13:15:00,192.7201,192.85,192.71,192.84,221858
2023-07-18 13:20:00,192.84,192.93,192.755,192.9199,272264
2023-07-18 13:25:00,192.91,192.92,192.775,192.875,192737
2023-07-18 13:30:00,192.8726,192.9885,192.845,192.9885,194427
2023-07-18 13:35:00,192.98,193.12,192.98,193.011,382423
2023-07-18 13:40:00,193.02,193.17,193.0,193.16,180672
2023-07-18 13:45:00,193.16,193.16,193.0,193.03,155669
2023-07-18 13:50:00,193.03,193.05,192.95,193.0101,142237
2023-07-18 13:55:00,193.02,193.07,192.93,192.94,158489
2023-07-18 14:00:00,192.9392,193.0,192.93,192.985,143114
2023-07-18 14:05:00,192.98,193.26,192.9701,193.2307,266838
2023-07-18 14:10:00,193.235,193.4,193.225,193.3701,324013
2023-07-18 14:15:00,193.3755,193.45,193.35,193.445,229907
2023-07-18 14:20:00,193.44,193.65,193.425,193.6299,414202
2023-07-18 14:25:00,193.625,193.79,193.56,193.68,586689
2023-07-18 14:30:00,193.69,193.78,193.65,193.77,266859
2023-07-18 14:35:00,193.765,193.81,193.55,193.5799,466232
2023-07-18 14:40:00,193.58,193.6961,193.54,193.63,222332
2023-07-18 14:45:00,193.64,193.78,193.58,193.76,246272
2023-07-18 14:50:00,193.77,193.97,193.75,193.88,531106
2023-07-18 14:55:00,193.8783,193.899,193.76,193.8008,256626
2023-07-18 15:00:00,193.8,193.85,193.66,193.6699,218024
2023-07-18 15:05:00,193.665,193.81,193.5314,193.8084,401958
2023-07-18 15:10:00,193.81,193.925,193.801,193.915,328812
2023-07-18 15:15:00,193.92,194.11,193.905,194.1087,566920
2023-07-18 15:20:00,194.11,194.1375,194.005,194.08,377771
2023-07-18 15:25:00,194.08,194.1477,194.03,194.11,380545
2023-07-18 15:30:00,194.1,194.1,193.8801,193.9561,384901
2023-07-18 15:35:00,193.95,194.12,193.881,194.065,416425
2023-07-18 15:40:00,194.07,194.16,193.98,194.15,450353
2023-07-18 15:45:00,194.15,194.15,194.015,194.14,374556
2023-07-18 15:50:00,194.135,194.33,194.09,194.115,730936
2023-07-18 15:55:00,194.11,194.21,193.8,193.8399,1201862
2023-07-18 16:00:00,193.8304,193.86,193.54,193.73,2628353
2023-07-19 09:30:00,193.1,193.4681,193.06,193.27,985947
2023-07-19 09:35:00,193.26,193.54,192.93,193.12,802088
2023-07-19 09:40:00,193.13,193.2998,192.85,193.28,760760
2023-07-19 09:45:00,193.2727,193.45,193.09,193.1191,649739
2023-07-19 09:50:00,193.12,193.18,192.9289,193.0003,468069
2023-07-19 09:55:00,193.01,193.06,192.69,192.7715,901611
2023-07-19 10:00:00,192.775,192.985,192.72,192.75,562443
2023-07-19 10:05:00,192.7628,193.03,192.74,193.02,733319
2023-07-19 10:10:00,193.025,193.05,192.785,192.94,445822
2023-07-19 10:15:00,192.9495,192.99,192.73,192.79,375834
2023-07-19 10:20:00,192.8,192.8199,192.7,192.71,379829
2023-07-19 10:25:00,192.71,192.95,192.65,192.8901,526049
2023-07-19 10:30:00,192.89,193.03,192.75,192.76,377800
2023-07-19 10:35:00,192.75,192.865,192.71,192.8528,316794
2023-07-19 10:40:00,192.8511,193.04,192.74,193.035,307833
2023-07-19 10:45:00,193.0312,193.31,193.02,193.2439,460933
2023-07-19 10:50:00,193.2422,193.35,193.18,193.27,340737
2023-07-19 10:55:00,193.27,193.34,192.7,192.81,513464
2023-07-19 11:00:00,192.805,193.0899,192.72,192.945,423864
2023-07-19 11:05:00,192.94,192.9802,192.79,192.975,191872
2023-07-19 11:10:00,192.98,193.1272,192.965,193.083,247423
2023-07-19 11:15:00,193.0801,193.285,193.01,193.26,230999
2023-07-19 11:20:00,193.27,193.39,193.17,193.24,430431
2023-07-19 11:25:00,193.24,193.25,192.95,193.0801,325804
2023-07-19 11:30:00,193.0859,193.2,193.07,193.18,222274
2023-07-19 11:35:00,193.17,193.39,193.165,193.3313,295212
2023-07-19 11:40:00,193.335,193.39,193.25,193.37,259198
2023-07-19 11:45:00,193.37,193.39,193.3,193.385,198123
2023-07-19 11:50:00,193.385,193.5,193.37,193.45,347313
2023-07-19 11:55:00,193.4454,193.6,193.42,193.528,230577
2023-07-19 12:00:00,193.525,193.53,193.26,193.395,327143
2023-07-19 12:05:00,193.395,197.0,193.36,196.6,5378778
2023-07-19 12:10:00,196.6,198.23,196.06,197.24,5558909
2023-07-19 12:15:00,197.26,197.97,196.04,196.1,3881341
2023-07-19 12:20:00,196.12,196.24,195.1,195.785,2840410
2023-07-19 12:25:00,195.785,195.8,194.51,194.565,1881077
2023-07-19 12:30:00,194.565,195.5,194.54,194.98,1016910
2023-07-19 12:35:00,194.99,195.56,194.6,195.54,1186953
2023-07-19 12:40:00,195.54,195.65,194.93,195.06,1051017
2023-07-19 12:45:00,195.045,195.62,195.02,195.5991,734970
2023-07-19 12:50:00,195.59,195.65,195.125,195.42,789455
2023-07-19 12:55:00,195.4229,195.7,195.3,195.32,774771
2023-07-19 13:00:00,195.32,195.46,195.06,195.1274,568558
2023-07-19 13:05:00,195.13,195.1899,194.45,194.7389,966055
2023-07-19 13:10:00,194.74,194.89,194.57,194.86,532775
2023-07-19 13:15:00,194.86,194.94,194.7,194.725,460997
2023-07-19 13:20:00,194.725,194.89,194.61,194.875,342496
2023-07-19 13:25:00,194.88,195.01,194.6701,194.69,297420
2023-07-19 13:30:00,194.6902,194.6902,194.2235,194.5248,701790
2023-07-19 13:35:00,194.5307,194.6,194.09,194.11,548181
2023-07-19 13:40:00,194.1,194.45,194.0652,194.42,423669
2023-07-19 13:45:00,194.42,194.67,194.39,194.54,327845
2023-07-19 13:50:00,194.54,194.84,194.54,194.84,329078
2023-07-19 13:55:00,194.84,194.89,194.73,194.8756,220332
2023-07-19 14:00:00,194.87,194.9301,194.68,194.92,356120
2023-07-19 14:05:00,194.915,194.92,194.6,194.65,297853
2023-07-19 14:10:00,194.6599,194.6699,194.275,194.355,447516
2023-07-19 14:15:00,194.36,194.62,194.3512,194.47,405877
2023-07-19 14:20:00,194.48,194.51,194.31,194.495,283519
2023-07-19 14:25:00,194.5,194.67,194.43,194.6699,388649
2023-07-19 14:30:00,194.6601,194.82,194.635,194.801,351107
2023-07-19 14:35:00,194.8,194.935,194.76,194.88,347655
2023-07-19 14:40:00,194.87,194.9299,194.8201,194.88,252511
2023-07-19 14:45:00,194.885,195.07,194.87,195.03,474261
2023-07-19 14:50:00,195.03,195.08,194.901,195.01,315878
2023-07-19 14:55:00,195.0,195.3185,195.0,195.3185,441818
2023-07-19 15:00:00,195.32,195.6,195.32,195.55,580252
2023-07-19 15:05:00,195.55,195.55,195.22,195.42,411273
2023-07-19 15:10:00,195.4301,195.72,195.39,195.7,442734
2023-07-19 15:15:00,195.7091,195.71,195.48,195.64,432734
2023-07-19 15:20:00,195.635,195.6691,195.51,195.61,291556
2023-07-19 15:25:00,195.6,195.63,195.54,195.605,277020
2023-07-19 15:30:00,195.6,195.65,195.29,195.31,532519
2023-07-19 15:35:00,195.31,195.37,195.1,195.17,373640
2023-07-19 15:40:00,195.17,195.415,195.155,195.35,354360
2023-07-19 15:45:00,195.35,195.41,195.165,195.335,396747
2023-07-19 15:50:00,195.3381,195.3958,195.1501,195.17,456686
2023-07-19 15:55:00,195.17,195.27,194.93,195.175,865966
2023-07-19 16:00:00,195.18,195.285,195.06,195.08,1327650
2023-07-20 09:30:00,195.08,195.6,195.02,195.4301,1132955
2023-07-20 09:35:00,195.43,196.17,195.38,195.855,1657283
2023-07-20 09:40:00,195.86,196.21,195.61,196.11,1130847
2023-07-20 09:45:00,196.115,196.47,195.98,196.28,1168157
2023-07-20 09:50:00,196.29,196.33,195.93,196.07,673855
2023-07-20 09:55:00,196.06,196.135,195.57,195.72,726463
2023-07-20 10:00:00,195.73,195.9497,195.42,195.5399,752609
2023-07-20 10:05:00,195.5287,195.58,195.2,195.2897,1065798
2023-07-20 10:10:00,195.295,195.47,195.16,195.255,796061
2023-07-20 10:15:00,195.24,195.57,195.15,195.38,558595
2023-07-20 10:20:00,195.37,195.46,194.94,195.04,725601
2023-07-20 10:25:00,195.04,195.22,194.72,194.88,971903
2023-07-20 10:30:00,194.87,194.93,194.62,194.6355,634986
2023-07-20 10:35:00,194.63,194.71,193.97,194.16,1269990
2023-07-20 10:40:00,194.1699,194.41,193.9501,194.395,868555
2023-07-20 10:45:00,194.395,194.57,194.34,194.56,587472
2023-07-20 10:50:00,194.56,194.7,194.38,194.39,508820
2023-07-20 10:55:00,194.385,194.68,194.32,194.58,363532
2023-07-20 11:00:00,194.59,194.65,194.21,194.21,369599
2023-07-20 11:05:00,194.22,194.72,194.215,194.685,516215
2023-07-20 11:10:00,194.68,194.9,194.64,194.88,377361
2023-07-20 11:15:00,194.881,194.965,194.68,194.74,312616
2023-07-20 11:20:00,194.74,194.8,194.55,194.76,369630
2023-07-20 11:25:00,194.755,194.775,194.29,194.42,460935
2023-07-20 11:30:00,194.43,194.8,194.42,194.64,443262
2023-07-20 11:35:00,194.6411,194.86,194.55,194.79,349768
2023-07-20 11:40:00,194.79,195.09,194.74,195.01,412048
2023-07-20 11:45:00,195.0,195.0199,194.81,194.94,277624
2023-07-20 11:50:00,194.92,194.99,194.73,194.81,282796
2023-07-20 11:55:00,194.82,195.14,194.77,194.999,456041
2023-07-20 12:00:00,194.99,195.04,194.88,194.93,238519
2023-07-20 12:05:00,194.925,195.35,194.86,195.35,397399
2023-07-20 12:10:00,195.35,195.43,195.25,195.35,280400
2023-07-20 12:15:00,195.3499,195.5313,195.345,195.4,348626
2023-07-20 12:20:00,195.41,195.5899,195.24,195.245,456487
2023-07-20 12:25:00,195.25,195.41,194.26,194.7966,1995752
2023-07-20 12:30:00,194.78,195.13,194.53,194.5999,910308
2023-07-20 12:35:00,194.59,194.92,194.54,194.87,570452
2023-07-20 12:40:00,194.87,194.98,194.43,194.87,580889
2023-07-20 12:45:00,194.8701,194.95,194.8,194.81,282655
2023-07-20 12:50:00,194.82,194.93,194.5912,194.8501,302636
2023-07-20 12:55:00,194.855,194.93,194.6,194.6,295711
2023-07-20 13:00:00,194.59,194.77,194.28,194.3,395739
2023-07-20 13:05:00,194.29,194.48,194.2107,194.2107,336857
2023-07-20 13:10:00,194.2193,194.32,194.08,194.105,459027
2023-07-20 13:15:00,194.1,194.3,194.025,194.15,273768
2023-07-20 13:20:00,194.15,194.27,194.06,194.12,248215
2023-07-20 13:25:00,194.12,194.27,193.97,194.05,344433
2023-07-20 13:30:00,194.04,194.31,193.88,194.19,401806
2023-07-20 13:35:00,194.2,194.39,194.0516,194.2803,294236
2023-07-20 13:40:00,194.29,194.34,194.05,194.05,199744
2023-07-20 13:45:00,194.07,194.2014,193.96,194.18,220117
2023-07-20 13:50:00,194.18,194.4,194.17,194.3799,224573
2023-07-20 13:55:00,194.37,194.55,194.28,194.3294,291905
2023-07-20 14:00:00,194.33,194.415,194.1202,194.14,228730
2023-07-20 14:05:00,194.14,194.2201,194.02,194.14,231022
2023-07-20 14:10:00,194.14,194.36,194.13,194.205,260962
2023-07-20 14:15:00,194.205,194.2113,193.98,194.01,251681
2023-07-20 14:20:00,194.01,194.07,193.59,193.66,416770
2023-07-20 14:25:00,193.66,193.72,193.3109,193.3399,518477
2023-07-20 14:30:00,193.335,193.4791,193.12,193.31,502739
2023-07-20 14:35:00,193.32,193.38,193.1061,193.35,432584
2023-07-20 14:40:00,193.36,193.47,193.29,193.3441,315765
2023-07-20 14:45:00,193.35,193.4599,193.22,193.3749,250814
2023-07-20 14:50:00,193.37,193.49,193.341,193.36,265252
2023-07-20 14:55:00,193.35,193.3856,193.21,193.3856,260661
2023-07-20 15:00:00,193.39,193.43,193.22,193.415,301237
2023-07-20 15:05:00,193.415,193.45,193.11,193.14,372853
2023-07-20 15:10:00,193.14,193.27,193.02,193.07,452292
2023-07-20 15:15:00,193.06,193.07,192.83,192.86,620013
2023-07-20 15:20:00,192.86,192.92,192.64,192.78,539139
2023-07-20 15:25:00,192.78,192.88,192.75,192.84,426708
2023-07-20 15:30:00,192.83,192.83,192.495,192.76,793620
2023-07-20 15:35:00,192.76,193.08,192.68,193.065,648025
2023-07-20 15:40:00,193.065,193.27,193.035,193.25,558269
2023-07-20 15:45:00,193.2499,193.3,193.09,193.14,511675
2023-07-20 15:50:00,193.14,193.2,193.005,193.16,738749
2023-07-20 15:55:00,193.15,193.38,193.03,193.33,1107376
2023-07-20 16:00:00,193.33,193.41,193.13,193.14,1957018
2023-07-21 09:30:00,194.1,194.36,193.9,194.315,2430445
2023-07-21 09:35:00,194.32,194.97,193.92,194.7499,1510594
2023-07-21 09:40:00,194.75,194.92,194.17,194.34,988129
2023-07-21 09:45:00,194.348,194.4996,194.09,194.32,670324
2023-07-21 09:50:00,194.3,194.41,193.78,193.93,702845
2023-07-21 09:55:00,193.92,194.175,193.84,194.01,465705
2023-07-21 10:00:00,194.0,194.08,193.725,193.7417,532105
2023-07-21 10:05:00,193.74,193.76,193.49,193.74,650987
2023-07-21 10:10:00,193.73,193.97,193.5209,193.665,533299
2023-07-21 10:15:00,193.66,193.93,193.65,193.88,432934
2023-07-21 10:20:00,193.88,193.96,193.44,193.52,511803
2023-07-21 10:25:00,193.53,193.73,193.13,193.15,644954
2023-07-21 10:30:00,193.15,193.2,192.83,193.1481,665137
2023-07-21 10:35:00,193.14,193.24,192.95,193.0,488237
2023-07-21 10:40:00,193.01,193.03,192.81,193.03,453823
2023-07-21 10:45:00,193.025,193.21,192.86,193.105,397849
2023-07-21 10:50:00,193.11,193.44,193.1,193.295,465644
2023-07-21 10:55:00,193.285,193.2855,193.03,193.14,324103
2023-07-21 11:00:00,193.145,193.33,193.01,193.33,304654
2023-07-21 11:05:00,193.33,193.49,193.215,193.465,324044
2023-07-21 11:10:00,193.48,193.73,193.42,193.695,311716
2023-07-21 11:15:00,193.68,193.81,193.49,193.505,268848
2023-07-21 11:20:00,193.511,193.6687,193.4518,193.65,216765
2023-07-21 11:25:00,193.635,193.6899,193.51,193.5138,250338
2023-07-21 11:30:00,193.51,193.62,193.49,193.51,206918
2023-07-21 11:35:00,193.52,193.77,193.4135,193.4219,308766
2023-07-21 11:40:00,193.425,193.4702,193.2,193.32,288259
2023-07-21 11:45:00,193.31,193.33,192.7,192.815,490137
2023-07-21 11:50:00,192.82,193.31,192.82,193.2999,354369
2023-07-21 11:55:00,193.2905,193.31,192.88,193.0559,350028
2023-07-21 12:00:00,193.06,193.155,192.87,192.96,258325
2023-07-21 12:05:00,192.965,193.15,192.88,192.99,297046
2023-07-21 12:10:00,193.02,193.05,192.7499,192.76,319095
2023-07-21 12:15:00,192.77,192.89,192.715,192.75,258619
2023-07-21 12:20:00,192.755,192.99,192.7,192.98,363440
2023-07-21 12:25:00,192.98,193.08,192.745,192.7745,427156
2023-07-21 12:30:00,192.76,192.905,192.58,192.628,372634
2023-07-21 12:35:00,192.62,192.65,192.43,192.485,359303
2023-07-21 12:40:00,192.505,192.555,192.41,192.4323,220191
2023-07-21 12:45:00,192.428,192.4367,192.11,192.13,387780
2023-07-21 12:50:00,192.13,192.195,191.96,191.9711,484120
2023-07-21 12:55:00,191.97,192.3,191.97,192.049,383511
2023-07-21 13:00:00,192.05,192.22,192.02,192.2152,225938
2023-07-21 13:05:00,192.22,192.4,192.115,192.335,289705
2023-07-21 13:10:00,192.33,192.43,192.275,192.425,196224
2023-07-21 13:15:00,192.44,192.55,192.43,192.5,204958
2023-07-21 13:20:00,192.495,192.668,192.46,192.615,174310
2023-07-21 13:25:00,192.61,192.6599,192.52,192.58,179241
2023-07-21 13:30:00,192.57,192.72,192.555,192.63,155576
2023-07-21 13:35:00,192.625,192.97,192.62,192.83,354052
2023-07-21 13:40:00,192.8399,193.0095,192.81,193.0024,210767
2023-07-21 13:45:00,193.0,193.03,192.79,192.81,307244
2023-07-21 13:50:00,192.8179,192.96,192.78,192.86,320697
2023-07-21 13:55:00,192.86,193.05,192.8301,192.88,274040
2023-07-21 14:00:00,192.89,193.22,192.88,193.16,307146
2023-07-21 14:05:00,193.15,193.15,192.855,192.86,285904
2023-07-21 14:10:00,192.85,192.98,192.76,192.77,251241
2023-07-21 14:15:00,192.77,192.78,192.39,192.5201,405132
2023-07-21 14:20:00,192.55,192.82,192.5301,192.72,278510
2023-07-21 14:25:00,192.72,192.83,192.72,192.74,148985
2023-07-21 14:30:00,192.74,192.85,192.6503,192.72,231501
2023-07-21 14:35:00,192.73,192.9,192.6,192.89,155212
2023-07-21 14:40:00,192.885,192.97,192.845,192.91,140637
2023-07-21 14:45:00,192.905,192.99,192.89,192.965,150489
2023-07-21 14:50:00,192.97,193.04,192.93,192.9509,190770
2023-07-21 14:55:00,192.95,193.0,192.68,192.73,220279
2023-07-21 15:00:00,192.725,192.73,192.48,192.63,312220
2023-07-21 15:05:00,192.63,192.675,192.48,192.6202,217402
2023-07-21 15:10:00,192.6081,192.63,192.13,192.2,349107
2023-07-21 15:15:00,192.19,192.35,192.19,192.3384,277050
2023-07-21 15:20:00,192.335,192.69,192.2713,192.58,289647
2023-07-21 15:25:00,192.575,192.585,192.26,192.31,232068
2023-07-21 15:30:00,192.3,192.46,192.25,192.265,277896
2023-07-21 15:35:00,192.26,192.38,192.21,192.335,365540
2023-07-21 15:40:00,192.33,192.46,192.3032,192.43,377206
2023-07-21 15:45:00,192.43,192.44,192.21,192.3899,628866
2023-07-21 15:50:00,192.38,192.42,191.23,191.4,1582244
2023-07-21 15:55:00,191.39,192.28,191.39,192.04,1962408
2023-07-21 16:00:00,192.05,192.1,191.78,191.93,1749008
2023-07-24 09:30:00,193.41,193.79,193.25,193.79,910878
2023-07-24 09:35:00,193.79,194.67,193.66,194.63,1541960
2023-07-24 09:40:00,194.64,194.91,194.39,194.61,1566425
2023-07-24 09:45:00,194.61,194.78,194.23,194.495,880690
2023-07-24 09:50:00,194.495,194.495,193.8,193.93,894924
2023-07-24 09:55:00,193.94,193.96,193.18,193.29,794870
2023-07-24 10:00:00,193.2899,193.52,193.19,193.3,650476
2023-07-24 10:05:00,193.3001,193.34,193.07,193.222,638837
2023-07-24 10:10:00,193.215,193.255,192.96,193.055,426188
2023-07-24 10:15:00,193.06,193.665,193.02,193.53,498569
2023-07-24 10:20:00,193.5301,193.7199,193.43,193.545,430456
2023-07-24 10:25:00,193.54,193.66,193.24,193.2601,406503
2023-07-24 10:30:00,193.26,193.83,193.26,193.7791,540292
2023-07-24 10:35:00,193.76,193.82,193.55,193.66,361316
2023-07-24 10:40:00,193.67,193.755,193.35,193.5084,297357
2023-07-24 10:45:00,193.5082,193.53,193.28,193.421,244711
2023-07-24 10:50:00,193.42,193.5478,193.21,193.465,338776
2023-07-24 10:55:00,193.4611,193.51,193.215,193.49,274312
2023-07-24 11:00:00,193.48,193.52,193.28,193.285,219156
2023-07-24 11:05:00,193.28,193.32,193.06,193.085,264150
2023-07-24 11:10:00,193.08,193.31,192.98,193.29,290679
2023-07-24 11:15:00,193.3,193.74,193.3,193.6844,373698
2023-07-24 11:20:00,193.69,193.7088,193.555,193.65,269671
2023-07-24 11:25:00,193.65,193.67,193.28,193.33,265722
2023-07-24 11:30:00,193.32,193.39,193.2,193.265,215653
2023-07-24 11:35:00,193.26,193.34,193.04,193.13,256778
2023-07-24 11:40:00,193.12,193.1201,192.8377,192.9725,328276
2023-07-24 11:45:00,192.97,193.06,192.88,192.92,225677
2023-07-24 11:50:00,192.915,193.06,192.83,193.02,258869
2023-07-24 11:55:00,193.02,193.13,192.99,193.059,272309
2023-07-24 12:00:00,193.05,193.16,192.9,193.09,259271
2023-07-24 12:05:00,193.085,193.2,193.004,193.1189,198847
2023-07-24 12:10:00,193.115,193.26,192.99,193.1913,200036
2023-07-24 12:15:00,193.1917,193.4201,193.19,193.39,258669
2023-07-24 12:20:00,193.39,193.4,193.04,193.14,248355
2023-07-24 12:25:00,193.14,193.145,192.91,192.915,187007
2023-07-24 12:30:00,192.915,193.22,192.89,193.2,243422
2023-07-24 12:35:00,193.2,193.25,192.93,192.93,256393
2023-07-24 12:40:00,192.946,193.0399,192.93,192.965,140262
2023-07-24 12:45:00,192.96,193.05,192.91,193.04,175064
2023-07-24 12:50:00,193.05,193.1,192.89,192.955,167708
2023-07-24 12:55:00,192.96,193.18,192.93,193.0901,209015
2023-07-24 13:00:00,193.09,193.14,193.02,193.05,139149
2023-07-24 13:05:00,193.06,193.08,192.92,193.025,172508
2023-07-24 13:10:00,193.0206,193.04,192.925,193.005,140356
2023-07-24 13:15:00,193.0,193.049,192.96,192.9837,167200
2023-07-24 13:20:00,192.985,193.1,192.91,192.9699,184701
2023-07-24 13:25:00,192.965,193.02,192.91,192.98,180932
2023-07-24 13:30:00,192.9752,193.01,192.88,192.9214,217176
2023-07-24 13:35:00,192.9211,192.93,192.765,192.9039,304461
2023-07-24 13:40:00,192.9,193.05,192.875,193.0001,207578
2023-07-24 13:45:00,193.0,193.0882,192.95,193.06,190452
2023-07-24 13:50:00,193.06,193.07,192.96,193.06,168437
2023-07-24 13:55:00,193.055,193.11,192.995,193.08,243824
2023-07-24 14:00:00,193.07,193.08,192.9407,192.981,172815
2023-07-24 14:05:00,192.985,193.19,192.96,193.175,267609
2023-07-24 14:10:00,193.17,193.27,193.12,193.25,276163
2023-07-24 14:15:00,193.2692,193.415,193.26,193.4,246821
2023-07-24 14:20:00,193.4,193.4599,193.2401,193.34,263562
2023-07-24 14:25:00,193.34,193.44,193.305,193.3101,141123
2023-07-24 14:30:00,193.31,193.37,193.14,193.16,134502
2023-07-24 14:35:00,193.16,193.16,193.01,193.045,149543
2023-07-24 14:40:00,193.04,193.1,192.9,192.9,402890
2023-07-24 14:45:00,192.9039,192.94,192.595,192.6899,614403
2023-07-24 14:50:00,192.6841,192.74,192.6122,192.72,258239
2023-07-24 14:55:00,192.71,192.8269,192.61,192.775,240163
2023-07-24 15:00:00,192.7701,192.85,192.72,192.8,306584
2023-07-24 15:05:00,192.8,192.88,192.73,192.77,286537
2023-07-24 15:10:00,192.78,192.85,192.63,192.6499,215440
2023-07-24 15:15:00,192.64,192.68,192.525,192.57,198195
2023-07-24 15:20:00,192.58,192.74,192.57,192.66,148526
2023-07-24 15:25:00,192.65,192.71,192.57,192.59,138323
2023-07-24 15:30:00,192.6,192.61,192.35,192.51,486993
2023-07-24 15:35:00,192.52,192.6001,192.5,192.56,215708
2023-07-24 15:40:00,192.56,192.59,192.34,192.36,285127
2023-07-24 15:45:00,192.36,192.53,192.36,192.53,312655
2023-07-24 15:50:00,192.53,192.58,192.37,192.4,390152
2023-07-24 15:55:00,192.41,192.485,192.25,192.405,521618
2023-07-24 16:00:00,192.41,192.79,192.41,192.735,1128447
2023-07-25 09:30:00,193.39,193.55,193.19,193.36,725030
2023-07-25 09:35:00,193.37,193.52,192.915,193.4789,727618
2023-07-25 09:40:00,193.47,193.53,193.22,193.395,535330
2023-07-25 09:45:00,193.39,193.64,193.09,193.6287,513053
2023-07-25 09:50:00,193.6101,193.93,193.49,193.85,607777
2023-07-25 09:55:00,193.8599,193.8986,193.63,193.87,476918
2023-07-25 10:00:00,193.8633,194.02,193.84,193.96,656739
2023-07-25 10:05:00,193.97,194.2,193.9,193.96,430539
2023-07-25 10:10:00,193.97,193.9899,193.63,193.6709,374002
2023-07-25 10:15:00,193.68,193.8356,193.61,193.705,302191
2023-07-25 10:20:00,193.705,193.83,193.58,193.66,325707
2023-07-25 10:25:00,193.66,193.765,193.49,193.505,277004
2023-07-25 10:30:00,193.505,193.56,193.33,193.355,398850
2023-07-25 10:35:00,193.36,193.485,193.24,193.42,462473
2023-07-25 10:40:00,193.41,193.58,193.365,193.4,325281
2023-07-25 10:45:00,193.41,193.43,193.26,193.41,232864
2023-07-25 10:50:00,193.41,193.43,193.25,193.29,186873
2023-07-25 10:55:00,193.29,193.4195,193.23,193.305,277115
2023-07-25 11:00:00,193.3001,193.3493,193.235,193.29,176777
2023-07-25 11:05:00,193.3,193.48,193.3,193.47,308367
2023-07-25 11:10:00,193.46,193.68,193.445,193.67,242163
2023-07-25 11:15:00,193.67,193.78,193.595,193.745,273496
2023-07-25 11:20:00,193.75,193.85,193.685,193.8499,267759
2023-07-25 11:25:00,193.84,193.89,193.75,193.89,271607
2023-07-25 11:30:00,193.8799,193.98,193.77,193.875,220640
2023-07-25 11:35:00,193.88,193.969,193.8116,193.935,218404
2023-07-25 11:40:00,193.94,194.13,193.92,193.94,350861
2023-07-25 11:45:00,193.9481,194.1,193.945,194.0401,192036
2023-07-25 11:50:00,194.05,194.06,193.88,193.9212,261741
2023-07-25 11:55:00,193.915,193.99,193.83,193.835,162848
2023-07-25 12:00:00,193.8301,193.84,193.64,193.645,226366
2023-07-25 12:05:00,193.65,193.72,193.61,193.6998,203949
2023-07-25 12:10:00,193.7,193.85,193.655,193.84,207763
2023-07-25 12:15:00,193.825,193.91,193.76,193.8,209723
2023-07-25 12:20:00,193.805,193.9655,193.805,193.925,173091
2023-07-25 12:25:00,193.92,193.92,193.65,193.7289,239713
2023-07-25 12:30:00,193.73,193.83,193.7001,193.785,134079
2023-07-25 12:35:00,193.785,193.82,193.615,193.675,151248
2023-07-25 12:40:00,193.675,193.79,193.65,193.725,142600
2023-07-25 12:45:00,193.725,193.7968,193.65,193.6853,141956
2023-07-25 12:50:00,193.68,193.78,193.65,193.77,111887
2023-07-25 12:55:00,193.77,193.9,193.7381,193.895,164383
2023-07-25 13:00:00,193.89,193.98,193.86,193.95,193045
2023-07-25 13:05:00,193.945,194.06,193.87,193.94,315728
2023-07-25 13:10:00,193.94,193.99,193.84,193.96,203533
2023-07-25 13:15:00,193.965,194.0,193.925,193.97,127523
2023-07-25 13:20:00,193.965,194.03,193.96,193.98,144277
2023-07-25 13:25:00,193.9786,194.19,193.975,194.19,211011
2023-07-25 13:30:00,194.185,194.24,194.15,194.23,229756
2023-07-25 13:35:00,194.22,194.24,194.14,194.19,170594
2023-07-25 13:40:00,194.19,194.23,194.05,194.1201,166592
2023-07-25 13:45:00,194.12,194.21,194.07,194.15,135398
2023-07-25 13:50:00,194.16,194.175,194.02,194.05,153225
2023-07-25 13:55:00,194.05,194.1278,194.04,194.11,115117
2023-07-25 14:00:00,194.11,194.135,193.92,193.98,227272
2023-07-25 14:05:00,193.975,194.06,193.94,194.005,137713
2023-07-25 14:10:00,194.005,194.015,193.87,193.9491,153476
2023-07-25 14:15:00,193.95,194.09,193.95,194.0701,125686
2023-07-25 14:20:00,194.07,194.15,193.98,194.125,164362
2023-07-25 14:25:00,194.12,194.26,194.1,194.1013,275845
2023-07-25 14:30:00,194.1,194.28,194.085,194.275,179217
2023-07-25 14:35:00,194.28,194.435,194.27,194.43,275245
2023-07-25 14:40:00,194.44,194.44,194.31,194.36,247759
2023-07-25 14:45:00,194.355,194.43,194.29,194.3978,197212
2023-07-25 14:50:00,194.395,194.395,194.21,194.23,170314
2023-07-25 14:55:00,194.24,194.295,194.165,194.22,217911
2023-07-25 15:00:00,194.23,194.2471,193.91,193.99,341545
2023-07-25 15:05:00,193.9999,194.19,193.99,194.1499,278901
2023-07-25 15:10:00,194.145,194.18,194.04,194.115,221041
2023-07-25 15:15:00,194.115,194.2,194.08,194.155,313913
2023-07-25 15:20:00,194.1512,194.33,194.135,194.315,477293
2023-07-25 15:25:00,194.3189,194.39,194.255,194.385,407937
2023-07-25 15:30:00,194.38,194.42,194.23,194.255,263688
2023-07-25 15:35:00,194.25,194.29,194.14,194.22,254742
2023-07-25 15:40:00,194.225,194.32,194.225,194.255,258745
2023-07-25 15:45:00,194.25,194.3,194.15,194.16,507447
2023-07-25 15:50:00,194.15,194.29,194.03,194.04,426903
2023-07-25 15:55:00,194.05,194.12,193.6201,193.72,968315
2023-07-25 16:00:00,193.705,193.8,193.6,193.62,1230367
2023-07-26 09:30:00,193.71,193.98,193.63,193.93,580189
2023-07-26 09:35:00,193.91,194.18,193.45,193.54,834660
2023-07-26 09:40:00,193.56,193.935,193.42,193.66,564847
2023-07-26 09:45:00,193.66,193.81,193.32,193.485,519407
2023-07-26 09:50:00,193.48,193.7999,193.43,193.46,477010
2023-07-26 09:55:00,193.48,193.6599,193.43,193.6099,273826
2023-07-26 10:00:00,193.61,193.84,193.45,193.78,465399
2023-07-26 10:05:00,193.78,194.0,193.64,193.9787,370749
2023-07-26 10:10:00,193.98,193.98,193.71,193.7142,286272
2023-07-26 10:15:00,193.73,194.01,193.69,193.85,398831
2023-07-26 10:20:00,193.86,194.17,193.83,194.05,468009
2023-07-26 10:25:00,194.05,194.12,193.745,194.04,489451
2023-07-26 10:30:00,194.03,194.08,193.78,194.023,332935
2023-07-26 10:35:00,194.02,194.3799,194.02,194.34,545014
2023-07-26 10:40:00,194.3336,194.39,194.14,194.25,381242
2023-07-26 10:45:00,194.254,194.665,194.2319,194.4693,660349
2023-07-26 10:50:00,194.45,194.72,194.43,194.68,437857
2023-07-26 10:55:00,194.68,194.69,194.41,194.47,467048
2023-07-26 11:00:00,194.47,194.55,194.24,194.31,404463
2023-07-26 11:05:00,194.3,194.53,194.22,194.44,390000
2023-07-26 11:10:00,194.435,194.46,194.02,194.18,390294
2023-07-26 11:15:00,194.18,194.32,194.05,194.3098,285620
2023-07-26 11:20:00,194.3099,194.47,194.22,194.39,207940
2023-07-26 11:25:00,194.3864,194.505,194.15,194.21,246463
2023-07-26 11:30:00,194.22,194.29,194.17,194.26,170664
2023-07-26 11:35:00,194.2699,194.48,194.24,194.46,182146
2023-07-26 11:40:00,194.47,194.5901,194.44,194.585,188506
2023-07-26 11:45:00,194.59,194.61,194.4,194.4,191123
2023-07-26 11:50:00,194.4,194.6373,194.34,194.6373,198314
2023-07-26 11:55:00,194.63,194.83,194.61,194.7799,319736
2023-07-26 12:00:00,194.775,194.8175,194.7108,194.76,167204
2023-07-26 12:05:00,194.76,194.86,194.7201,194.8,169517
2023-07-26 12:10:00,194.8,194.88,194.74,194.88,180016
2023-07-26 12:15:00,194.88,194.94,194.8,194.8097,209653
2023-07-26 12:20:00,194.8,194.8229,194.6958,194.75,165493
2023-07-26 12:25:00,194.7499,194.775,194.5473,194.5547,163016
2023-07-26 12:30:00,194.5495,194.56,194.45,194.535,206685
2023-07-26 12:35:00,194.53,194.75,194.52,194.545,201949
2023-07-26 12:40:00,194.545,194.6,194.38,194.4799,208728
2023-07-26 12:45:00,194.48,194.53,194.34,194.44,173742
2023-07-26 12:50:00,194.4253,194.45,194.32,194.34,136055
2023-07-26 12:55:00,194.325,194.36,194.185,194.2,188752
2023-07-26 13:00:00,194.2,194.4,194.2,194.3,158192
2023-07-26 13:05:00,194.3,194.39,194.25,194.37,127871
2023-07-26 13:10:00,194.37,194.39,194.28,194.298,146574
2023-07-26 13:15:00,194.29,194.375,194.2678,194.3463,97471
2023-07-26 13:20:00,194.35,194.395,194.28,194.34,169618
2023-07-26 13:25:00,194.35,194.4,194.19,194.34,176223
2023-07-26 13:30:00,194.345,194.36,194.26,194.31,109136
2023-07-26 13:35:00,194.3199,194.3899,194.23,194.385,172203
2023-07-26 13:40:00,194.38,194.45,194.35,194.43,184901
2023-07-26 13:45:00,194.4323,194.45,194.32,194.41,138394
2023-07-26 13:50:00,194.4,194.435,194.34,194.39,104027
2023-07-26 13:55:00,194.39,194.39,194.05,194.1,303863
2023-07-26 14:00:00,194.1,194.52,193.94,194.45,431951
2023-07-26 14:05:00,194.4482,194.72,194.2201,194.4192,366829
2023-07-26 14:10:00,194.4,194.65,194.3,194.5399,289885
2023-07-26 14:15:00,194.545,194.74,194.45,194.5101,293857
2023-07-26 14:20:00,194.52,194.578,194.36,194.578,203048
2023-07-26 14:25:00,194.56,194.5699,194.23,194.3,218912
2023-07-26 14:30:00,194.285,194.3811,194.06,194.22,245197
2023-07-26 14:35:00,194.24,194.75,194.2099,194.72,410559
2023-07-26 14:40:00,194.73,195.55,194.54,195.41,1480494
2023-07-26 14:45:00,195.44,195.64,195.1,195.251,726834
2023-07-26 14:50:00,195.25,195.43,194.97,195.15,320565
2023-07-26 14:55:00,195.12,195.49,195.1,195.26,341743
2023-07-26 15:00:00,195.2511,195.27,194.89,195.16,337777
2023-07-26 15:05:00,195.1617,195.18,194.73,194.86,396795
2023-07-26 15:10:00,194.86,194.86,193.87,194.23,1055078
2023-07-26 15:15:00,194.25,194.38,193.86,194.0494,426290
2023-07-26 15:20:00,194.04,194.38,193.66,194.3699,647170
2023-07-26 15:25:00,194.355,194.43,193.93,194.0668,397401
2023-07-26 15:30:00,194.07,194.29,194.02,194.05,331322
2023-07-26 15:35:00,194.05,194.375,193.94,194.3399,345731
2023-07-26 15:40:00,194.335,194.55,194.1181,194.5223,304910
2023-07-26 15:45:00,194.52,194.85,194.52,194.6625,425483
2023-07-26 15:50:00,194.67,194.8,194.29,194.29,393455
2023-07-26 15:55:00,194.28,194.3745,193.97,194.0,724320
2023-07-26 16:00:00,193.985,194.57,193.86,194.52,2071638
2023-07-27 09:30:00,196.05,196.26,195.82,196.01,748863
2023-07-27 09:35:00,195.99,196.97,195.855,196.95,1207914
2023-07-27 09:40:00,196.93,196.98,196.41,196.64,818015
2023-07-27 09:45:00,196.6557,197.17,196.64,197.15,856221
2023-07-27 09:50:00,197.16,197.2,196.69,196.76,618238
2023-07-27 09:55:00,196.76,197.05,196.74,196.96,524374
2023-07-27 10:00:00,196.95,197.05,196.6,196.9499,633100
2023-07-27 10:05:00,196.95,197.035,196.65,196.66,454798
2023-07-27 10:10:00,196.66,196.67,196.39,196.453,551103
2023-07-27 10:15:00,196.4528,196.605,196.31,196.3916,440330
2023-07-27 10:20:00,196.395,196.68,196.33,196.485,403639
2023-07-27 10:25:00,196.49,196.595,196.14,196.225,385907
2023-07-27 10:30:00,196.22,196.255,195.9201,196.04,498367
2023-07-27 10:35:00,196.04,196.25,195.9501,196.17,289439
2023-07-27 10:40:00,196.17,196.3,196.17,196.2973,346186
2023-07-27 10:45:00,196.2973,196.56,196.29,196.5,399283
2023-07-27 10:50:00,196.491,196.6499,196.335,196.35,344445
2023-07-27 10:55:00,196.345,196.4099,195.99,196.12,469809
2023-07-27 11:00:00,196.12,196.1627,195.45,195.7599,550670
2023-07-27 11:05:00,195.752,196.02,195.735,195.89,448019
2023-07-27 11:10:00,195.87,195.87,195.54,195.7,369795
2023-07-27 11:15:00,195.695,195.84,195.49,195.59,379239
2023-07-27 11:20:00,195.585,195.85,195.53,195.7499,304101
2023-07-27 11:25:00,195.76,196.07,195.74,196.0698,446396
2023-07-27 11:30:00,196.0699,196.44,195.935,196.4193,472364
2023-07-27 11:35:00,196.41,196.44,196.19,196.28,235248
2023-07-27 11:40:00,196.27,196.2782,196.0402,196.15,212618
2023-07-27 11:45:00,196.15,196.194,195.83,195.95,287607
2023-07-27 11:50:00,195.9451,196.06,195.83,195.9299,227616
2023-07-27 11:55:00,195.93,196.07,195.71,195.8077,461668
2023-07-27 12:00:00,195.805,195.93,195.775,195.895,304095
2023-07-27 12:05:00,195.9,196.15,195.9,196.045,273225
2023-07-27 12:10:00,196.045,196.2106,195.935,196.18,268302
2023-07-27 12:15:00,196.18,196.2393,196.05,196.13,324320
2023-07-27 12:20:00,196.13,196.1579,195.9,195.94,213908
2023-07-27 12:25:00,195.93,196.1099,195.9,196.075,146056
2023-07-27 12:30:00,196.0737,196.39,196.07,196.37,307355
2023-07-27 12:35:00,196.375,196.43,196.21,196.305,249061
2023-07-27 12:40:00,196.305,196.405,196.205,196.21,150500
2023-07-27 12:45:00,196.215,196.37,196.211,196.278,176651
2023-07-27 12:50:00,196.27,196.34,196.14,196.1799,176963
2023-07-27 12:55:00,196.1788,196.1988,195.9899,196.045,219240
2023-07-27 13:00:00,196.045,196.14,195.99,196.1099,135616
2023-07-27 13:05:00,196.105,196.26,195.8,195.88,307941
2023-07-27 13:10:00,195.8631,195.93,195.46,195.82,440891
2023-07-27 13:15:00,195.82,195.93,195.7301,195.75,193985
2023-07-27 13:20:00,195.7302,195.7302,195.01,195.05,583940
2023-07-27 13:25:00,195.0425,195.33,195.03,195.2352,527245
2023-07-27 13:30:00,195.22,195.22,194.9,194.99,427249
2023-07-27 13:35:00,194.985,195.1102,194.81,194.83,320506
2023-07-27 13:40:00,194.87,194.98,194.69,194.95,367179
2023-07-27 13:45:00,194.96,195.06,194.79,194.8001,196608
2023-07-27 13:50:00,194.82,194.88,194.64,194.77,218756
2023-07-27 13:55:00,194.77,194.85,194.47,194.71,320951
2023-07-27 14:00:00,194.7172,194.7999,194.46,194.51,242845
2023-07-27 14:05:00,194.52,194.87,194.44,194.57,448802
2023-07-27 14:10:00,194.56,194.57,194.03,194.125,471906
2023-07-27 14:15:00,194.11,194.2,193.94,194.09,399653
2023-07-27 14:20:00,194.08,194.53,194.06,194.3536,374751
2023-07-27 14:25:00,194.36,194.49,193.85,193.9,303416
2023-07-27 14:30:00,193.91,194.0399,193.72,193.86,506979
2023-07-27 14:35:00,193.86,193.91,193.55,193.6499,375197
2023-07-27 14:40:00,193.65,193.68,193.25,193.4299,499941
2023-07-27 14:45:00,193.41,193.6399,193.4001,193.565,419270
2023-07-27 14:50:00,193.56,193.78,193.37,193.42,370482
2023-07-27 14:55:00,193.4258,193.51,193.03,193.072,580701
2023-07-27 15:00:00,193.07,193.2289,192.8519,192.99,694665
2023-07-27 15:05:00,192.98,193.1295,192.92,193.05,324760
2023-07-27 15:10:00,193.07,193.31,192.83,193.28,464160
2023-07-27 15:15:00,193.2748,193.59,193.21,193.56,433461
2023-07-27 15:20:00,193.5617,193.66,193.211,193.29,488689
2023-07-27 15:25:00,193.3,193.3299,193.01,193.07,303264
2023-07-27 15:30:00,193.06,193.24,192.96,193.09,294107
2023-07-27 15:35:00,193.09,193.18,192.785,192.82,439514
2023-07-27 15:40:00,192.82,193.14,192.82,192.92,383458
2023-07-27 15:45:00,192.92,193.05,192.645,192.65,586743
2023-07-27 15:50:00,192.6518,193.32,192.55,193.31,741879
2023-07-27 15:55:00,193.31,193.45,193.02,193.2,795878
2023-07-27 16:00:00,193.19,193.56,193.18,193.23,1433494
2023-07-28 09:30:00,194.7,194.82,194.14,194.65,621421
2023-07-28 09:35:00,194.68,195.38,194.665,195.25,912374
2023-07-28 09:40:00,195.235,195.66,195.05,195.485,1040072
2023-07-28 09:45:00,195.4834,195.53,195.27,195.42,647775
2023-07-28 09:50:00,195.44,195.88,195.31,195.87,827360
2023-07-28 09:55:00,195.86,195.98,195.74,195.79,764887
2023-07-28 10:00:00,195.78,195.9,195.58,195.64,545627
2023-07-28 10:05:00,195.65,196.055,195.6101,195.94,1011930
2023-07-28 10:10:00,195.94,195.96,195.7408,195.825,349093
2023-07-28 10:15:00,195.83,196.02,195.74,195.99,475192
2023-07-28 10:20:00,196.0,196.06,195.785,195.89,436906
2023-07-28 10:25:00,195.8891,195.9401,195.65,195.697,386550
2023-07-28 10:30:00,195.692,195.845,195.43,195.815,469563
2023-07-28 10:35:00,195.825,196.15,195.815,196.0,602758
2023-07-28 10:40:00,195.9955,196.0,195.68,195.72,349456
2023-07-28 10:45:00,195.72,195.82,195.62,195.68,228128
2023-07-28 10:50:00,195.69,195.83,195.52,195.755,267983
2023-07-28 10:55:00,195.765,195.78,195.31,195.3136,370135
2023-07-28 11:00:00,195.32,195.82,195.315,195.785,397076
2023-07-28 11:05:00,195.79,195.84,195.7,195.77,261958
2023-07-28 11:10:00,195.775,196.04,195.77,196.01,375189
2023-07-28 11:15:00,196.01,196.12,195.94,196.07,272449
2023-07-28 11:20:00,196.075,196.33,196.0418,196.33,408692
2023-07-28 11:25:00,196.33,196.44,196.29,196.375,377639
2023-07-28 11:30:00,196.385,196.4479,196.17,196.22,437838
2023-07-28 11:35:00,196.215,196.3399,196.1,196.3,292853
2023-07-28 11:40:00,196.29,196.39,196.27,196.3601,220615
2023-07-28 11:45:00,196.355,196.52,196.35,196.464,375874
2023-07-28 11:50:00,196.46,196.54,196.42,196.44,263528
2023-07-28 11:55:00,196.45,196.6,196.445,196.6,348517
2023-07-28 12:00:00,196.6,196.626,196.32,196.33,389755
2023-07-28 12:05:00,196.33,196.35,196.14,196.26,294884
2023-07-28 12:10:00,196.27,196.31,196.09,196.265,280305
2023-07-28 12:15:00,196.2648,196.45,196.25,196.43,207162
2023-07-28 12:20:00,196.43,196.4412,196.33,196.405,225892
2023-07-28 12:25:00,196.4,196.5,196.32,196.3946,198312
2023-07-28 12:30:00,196.3916,196.47,196.36,196.4,216673
2023-07-28 12:35:00,196.4,196.41,196.17,196.38,264826
2023-07-28 12:40:00,196.38,196.4,196.15,196.16,168939
2023-07-28 12:45:00,196.17,196.2089,196.03,196.045,244741
2023-07-28 12:50:00,196.0517,196.1,195.95,196.03,237275
2023-07-28 12:55:00,196.0201,196.2398,196.015,196.115,202791
2023-07-28 13:00:00,196.115,196.15,195.79,195.83,249623
2023-07-28 13:05:00,195.83,195.9,195.74,195.798,220355
2023-07-28 13:10:00,195.8,195.85,195.56,195.58,189084
2023-07-28 13:15:00,195.5799,195.9,195.5799,195.785,218243
2023-07-28 13:20:00,195.7816,195.92,195.74,195.75,170111
2023-07-28 13:25:00,195.75,195.86,195.61,195.6892,174440
2023-07-28 13:30:00,195.7005,195.7399,195.5,195.5955,177424
2023-07-28 13:35:00,195.5975,195.77,195.26,195.3,439547
2023-07-28 13:40:00,195.3,195.46,195.23,195.275,263895
2023-07-28 13:45:00,195.278,195.3112,195.03,195.1346,345258
2023-07-28 13:50:00,195.1305,195.2837,195.08,195.23,228996
2023-07-28 13:55:00,195.2316,195.6,195.2101,195.55,304007
2023-07-28 14:00:00,195.545,195.74,195.54,195.725,198572
2023-07-28 14:05:00,195.725,195.95,195.725,195.92,241027
2023-07-28 14:10:00,195.93,196.06,195.865,196.005,242604
2023-07-28 14:15:00,196.01,196.02,195.74,195.9142,269574
2023-07-28 14:20:00,195.9096,196.05,195.8,196.04,209465
2023-07-28 14:25:00,196.04,196.1417,195.921,195.982,258378
2023-07-28 14:30:00,195.975,196.15,195.97,196.01,203716
2023-07-28 14:35:00,196.005,196.1,195.94,195.98,155831
2023-07-28 14:40:00,195.99,195.99,195.6,195.65,259008
2023-07-28 14:45:00,195.65,196.08,195.545,196.08,326833
2023-07-28 14:50:00,196.071,196.095,195.825,195.8433,238099
2023-07-28 14:55:00,195.86,196.2,195.8501,196.0,222211
2023-07-28 15:00:00,196.01,196.055,195.77,195.816,249189
2023-07-28 15:05:00,195.815,196.03,195.81,195.997,234472
2023-07-28 15:10:00,195.99,196.11,195.96,196.03,258122
2023-07-28 15:15:00,196.035,196.15,195.99,196.06,311807
2023-07-28 15:20:00,196.05,196.125,196.0,196.075,251393
2023-07-28 15:25:00,196.0845,196.0845,195.8,195.915,312986
2023-07-28 15:30:00,195.915,195.98,195.7,195.8417,399089
2023-07-28 15:35:00,195.85,196.0,195.8,195.9808,311005
2023-07-28 15:40:00,195.98,195.99,195.65,195.6886,384650
2023-07-28 15:45:00,195.685,195.7,195.42,195.435,542552
2023-07-28 15:50:00,195.43,195.7,195.42,195.5501,630001
2023-07-28 15:55:00,195.559,195.95,195.54,195.5434,929675
2023-07-28 16:00:00,195.54,195.86,195.5,195.84,2026930
2023-07-31 09:30:00,196.09,196.38,196.0,196.22,880095
2023-07-31 09:35:00,196.24,196.3,195.575,195.87,863106
2023-07-31 09:40:00,195.8689,196.18,195.68,195.94,807033
2023-07-31 09:45:00,195.9275,196.1692,195.9,196.11,456564
2023-07-31 09:50:00,196.12,196.19,195.85,195.85,491658
2023-07-31 09:55:00,195.85,196.06,195.47,195.48,532953
2023-07-31 10:00:00,195.47,195.64,195.39,195.42,511080
2023-07-31 10:05:00,195.42,195.49,195.26,195.4003,482396
2023-07-31 10:10:00,195.41,195.8,195.37,195.75,426358
2023-07-31 10:15:00,195.74,195.94,195.725,195.91,302846
2023-07-31 10:20:00,195.91,196.08,195.86,196.08,514063
2023-07-31 10:25:00,196.0799,196.1599,195.93,196.095,351199
2023-07-31 10:30:00,196.09,196.33,196.06,196.2584,388774
2023-07-31 10:35:00,196.26,196.26,196.045,196.15,338749
2023-07-31 10:40:00,196.1505,196.34,196.05,196.2035,262074
2023-07-31 10:45:00,196.2,196.21,196.03,196.11,365337
2023-07-31 10:50:00,196.1188,196.1782,195.881,196.1305,418227
2023-07-31 10:55:00,196.14,196.34,196.1398,196.3159,293991
2023-07-31 11:00:00,196.31,196.435,196.23,196.32,262910
2023-07-31 11:05:00,196.33,196.49,196.285,196.4286,319654
2023-07-31 11:10:00,196.41,196.46,196.31,196.3701,202475
2023-07-31 11:15:00,196.375,196.4339,196.2599,196.31,232857
2023-07-31 11:20:00,196.31,196.33,196.22,196.315,191131
2023-07-31 11:25:00,196.32,196.325,196.08,196.12,291520
2023-07-31 11:30:00,196.12,196.269,196.055,196.205,260156
2023-07-31 11:35:00,196.21,196.2206,195.95,196.1,363023
2023-07-31 11:40:00,196.1,196.24,196.0977,196.23,155845
2023-07-31 11:45:00,196.2227,196.2511,196.11,196.235,149263
2023-07-31 11:50:00,196.22,196.37,196.19,196.31,204901
2023-07-31 11:55:00,196.3106,196.3106,196.06,196.13,294879
2023-07-31 12:00:00,196.1293,196.23,196.09,196.15,248956
2023-07-31 12:05:00,196.1609,196.2833,196.03,196.05,220646
2023-07-31 12:10:00,196.04,196.08,195.89,195.9318,224210
2023-07-31 12:15:00,195.9354,196.04,195.77,195.87,302536
2023-07-31 12:20:00,195.88,196.13,195.84,196.0893,289698
2023-07-31 12:25:00,196.08,196.17,196.01,196.09,251777
2023-07-31 12:30:00,196.08,196.22,196.08,196.14,115502
2023-07-31 12:35:00,196.1413,196.1789,195.99,196.0001,158859
2023-07-31 12:40:00,196.0,196.15,195.97,196.01,140492
2023-07-31 12:45:00,196.0155,196.09,195.995,196.0723,131974
2023-07-31 12:50:00,196.075,196.12,195.98,196.04,141531
2023-07-31 12:55:00,196.02,196.045,195.92,195.955,118912
2023-07-31 13:00:00,195.955,195.9994,195.88,195.96,144944
2023-07-31 13:05:00,195.9588,195.98,195.78,195.94,281588
2023-07-31 13:10:00,195.96,196.24,195.96,196.23,321846
2023-07-31 13:15:00,196.2373,196.25,196.17,196.19,172269
2023-07-31 13:20:00,196.19,196.235,195.935,196.0256,202156
2023-07-31 13:25:00,196.0297,196.17,195.99,196.07,150640
2023-07-31 13:30:00,196.075,196.25,196.06,196.1555,197854
2023-07-31 13:35:00,196.16,196.22,196.12,196.21,114058
2023-07-31 13:40:00,196.218,196.37,196.19,196.28,224974
2023-07-31 13:45:00,196.2799,196.39,196.24,196.315,225529
2023-07-31 13:50:00,196.3117,196.3355,196.12,196.16,138851
2023-07-31 13:55:00,196.1691,196.2699,196.11,196.2,152701
2023-07-31 14:00:00,196.2,196.25,196.15,196.23,116979
2023-07-31 14:05:00,196.24,196.31,196.21,196.2987,182473
2023-07-31 14:10:00,196.29,196.31,196.14,196.2027,192680
2023-07-31 14:15:00,196.21,196.2341,196.11,196.195,128215
2023-07-31 14:20:00,196.195,196.37,196.181,196.3681,191552
2023-07-31 14:25:00,196.36,196.365,196.175,196.2023,211495
2023-07-31 14:30:00,196.2,196.28,196.14,196.1401,177342
2023-07-31 14:35:00,196.14,196.21,196.08,196.18,152526
2023-07-31 14:40:00,196.1727,196.21,195.96,196.0002,275706
2023-07-31 14:45:00,196.005,196.0588,195.935,196.02,211519
2023-07-31 14:50:00,196.02,196.23,195.95,196.225,233114
2023-07-31 14:55:00,196.22,196.32,196.17,196.29,231802
2023-07-31 15:00:00,196.3,196.35,196.24,196.24,195439
2023-07-31 15:05:00,196.23,196.245,196.02,196.045,225339
2023-07-31 15:10:00,196.05,196.08,195.965,196.0145,204941
2023-07-31 15:15:00,196.0124,196.05,195.955,196.0,157967
2023-07-31 15:20:00,196.0,196.12,195.97,196.0785,217017
2023-07-31 15:25:00,196.075,196.1399,195.995,196.02,199262
2023-07-31 15:30:00,196.02,196.15,196.0,196.1209,223093
2023-07-31 15:35:00,196.12,196.12,195.93,195.95,297346
2023-07-31 15:40:00,195.95,196.04,195.89,196.025,329400
2023-07-31 15:45:00,196.03,196.11,195.99,196.0199,328082
2023-07-31 15:50:00,196.01,196.02,195.79,195.935,529685
2023-07-31 15:55:00,195.94,196.14,195.88,196.02,859141
2023-07-31 16:00:00,196.02,196.49,195.99,196.48,2027604
2023-08-01 09:30:00,196.23,196.49,195.93,196.01,784935
2023-08-01 09:35:00,196.05,196.41,195.8,196.24,633622
2023-08-01 09:40:00,196.25,196.59,196.19,196.5595,731460
2023-08-01 09:45:00,196.56,196.73,196.42,196.595,483001
2023-08-01 09:50:00,196.59,196.63,196.37,196.605,493525
2023-08-01 09:55:00,196.6,196.69,196.43,196.555,295241
2023-08-01 10:00:00,196.55,196.68,196.38,196.5374,568693
2023-08-01 10:05:00,196.51,196.5869,196.2,196.455,449028
2023-08-01 10:10:00,196.4586,196.46,196.01,196.07,606257
2023-08-01 10:15:00,196.07,196.14,195.561,195.67,708378
2023-08-01 10:20:00,195.6661,195.75,195.28,195.3925,717848
2023-08-01 10:25:00,195.395,195.51,195.29,195.375,670131
2023-08-01 10:30:00,195.37,195.6214,195.33,195.4916,665346
2023-08-01 10:35:00,195.5,195.66,195.411,195.65,383410
2023-08-01 10:40:00,195.65,195.77,195.58,195.6291,427000
2023-08-01 10:45:00,195.6301,195.82,195.5738,195.61,337286
2023-08-01 10:50:00,195.59,195.9,195.552,195.89,313141
2023-08-01 10:55:00,195.9,195.96,195.77,195.82,305732
2023-08-01 11:00:00,195.82,195.9,195.68,195.835,248227
2023-08-01 11:05:00,195.835,195.94,195.6,195.76,346418
2023-08-01 11:10:00,195.765,195.93,195.72,195.9199,167852
2023-08-01 11:15:00,195.91,195.99,195.86,195.96,296902
2023-08-01 11:20:00,195.95,196.0,195.8,195.8,180299
2023-08-01 11:25:00,195.8,195.93,195.74,195.8599,176401
2023-08-01 11:30:00,195.8424,196.18,195.8424,196.0352,308549
2023-08-01 11:35:00,196.04,196.09,195.935,195.95,197602
2023-08-01 11:40:00,195.9759,196.0962,195.94,195.9857,142233
2023-08-01 11:45:00,195.9821,196.02,195.78,195.8199,168424
2023-08-01 11:50:00,195.8,195.88,195.77,195.8464,159387
2023-08-01 11:55:00,195.85,195.98,195.82,195.93,280440
2023-08-01 12:00:00,195.92,195.94,195.77,195.88,232478
2023-08-01 12:05:00,195.87,195.905,195.63,195.7138,258475
2023-08-01 12:10:00,195.71,195.81,195.63,195.775,198050
2023-08-01 12:15:00,195.7792,195.86,195.74,195.8,151794
2023-08-01 12:20:00,195.8,195.81,195.61,195.62,196184
2023-08-01 12:25:00,195.61,195.655,195.5299,195.56,193098
2023-08-01 12:30:00,195.55,195.55,195.41,195.44,221184
2023-08-01 12:35:00,195.43,195.73,195.35,195.7006,271146
2023-08-01 12:40:00,195.71,195.741,195.67,195.675,109404
2023-08-01 12:45:00,195.68,195.73,195.64,195.67,121065
2023-08-01 12:50:00,195.6694,195.74,195.6286,195.6999,147135
2023-08-01 12:55:00,195.68,195.73,195.58,195.6914,122485
2023-08-01 13:00:00,195.695,195.91,195.6899,195.9,201682
2023-08-01 13:05:00,195.895,196.01,195.87,196.005,260714
2023-08-01 13:10:00,196.0,196.04,195.78,195.8185,155245
2023-08-01 13:15:00,195.815,195.815,195.6601,195.7,132586
2023-08-01 13:20:00,195.695,195.7315,195.55,195.66,157815
2023-08-01 13:25:00,195.67,195.875,195.64,195.83,132959
2023-08-01 13:30:00,195.835,195.86,195.68,195.68,159914
2023-08-01 13:35:00,195.69,195.69,195.53,195.59,245573
2023-08-01 13:40:00,195.6,195.655,195.53,195.65,132924
2023-08-01 13:45:00,195.64,195.82,195.6,195.77,127715
2023-08-01 13:50:00,195.7757,196.05,195.73,196.045,316854
2023-08-01 13:55:00,196.04,196.06,195.94,195.97,138735
2023-08-01 14:00:00,195.975,196.155,195.975,196.1001,177810
2023-08-01 14:05:00,196.09,196.19,196.06,196.12,185098
2023-08-01 14:10:00,196.12,196.12,195.98,196.04,163010
2023-08-01 14:15:00,196.0368,196.1401,196.0,196.1304,139173
2023-08-01 14:20:00,196.1301,196.2701,196.08,196.1901,304628
2023-08-01 14:25:00,196.195,196.245,196.11,196.17,174343
2023-08-01 14:30:00,196.175,196.21,196.02,196.07,228750
2023-08-01 14:35:00,196.065,196.09,195.94,196.085,174071
2023-08-01 14:40:00,196.075,196.12,195.94,195.96,165008
2023-08-01 14:45:00,195.955,196.0751,195.92,195.975,162498
2023-08-01 14:50:00,195.971,196.02,195.92,195.935,140699
2023-08-01 14:55:00,195.9277,195.935,195.78,195.795,198119
2023-08-01 15:00:00,195.79,195.945,195.68,195.945,224825
2023-08-01 15:05:00,195.95,196.0799,195.94,196.015,252041
2023-08-01 15:10:00,196.015,196.08,195.965,196.0211,227587
2023-08-01 15:15:00,196.0274,196.1,195.995,196.0405,179852
2023-08-01 15:20:00,196.045,196.05,195.855,195.875,164829
2023-08-01 15:25:00,195.875,195.94,195.825,195.835,193760
2023-08-01 15:30:00,195.8201,195.85,195.7429,195.8,178338
2023-08-01 15:35:00,195.79,195.97,195.79,195.955,196309
2023-08-01 15:40:00,195.95,195.97,195.825,195.85,175897
2023-08-01 15:45:00,195.85,195.865,195.72,195.84,277378
2023-08-01 15:50:00,195.84,195.95,195.81,195.95,298728
2023-08-01 15:55:00,195.95,195.99,195.5,195.615,706866
2023-08-01 16:00:00,195.62,195.74,195.58,195.6,1145421
2023-08-02 09:30:00,195.04,195.18,194.8,194.91,757004
2023-08-02 09:35:00,194.9187,194.9821,194.0,194.08,980554
2023-08-02 09:40:00,194.08,194.15,193.37,193.48,1004711
2023-08-02 09:45:00,193.49,193.95,193.44,193.83,864441
2023-08-02 09:50:00,193.835,194.12,193.76,193.92,680673
2023-08-02 09:55:00,193.94,194.15,193.75,193.99,550062
2023-08-02 10:00:00,193.96,194.12,193.91,194.035,417189
2023-08-02 10:05:00,194.04,194.27,193.85,193.8987,518897
2023-08-02 10:10:00,193.89,193.9,193.28,193.28,578040
2023-08-02 10:15:00,193.28,193.42,192.95,193.13,649746
2023-08-02 10:20:00,193.125,193.44,193.06,193.27,461706
2023-08-02 10:25:00,193.27,193.49,193.243,193.41,392958
2023-08-02 10:30:00,193.4096,193.5299,193.15,193.27,368071
2023-08-02 10:35:00,193.251,193.31,192.99,193.06,420784
2023-08-02 10:40:00,193.07,193.2999,193.01,193.16,287938
2023-08-02 10:45:00,193.155,193.2,192.985,193.055,345366
2023-08-02 10:50:00,193.05,193.17,192.9701,193.1313,365732
2023-08-02 10:55:00,193.11,193.18,192.91,192.92,289094
2023-08-02 11:00:00,192.91,193.04,192.75,192.97,479410
2023-08-02 11:05:00,192.9544,192.965,192.75,192.82,426393
2023-08-02 11:10:00,192.81,192.835,192.52,192.815,421368
2023-08-02 11:15:00,192.815,193.0,192.72,192.9177,390456
2023-08-02 11:20:00,192.915,192.92,192.75,192.79,377660
2023-08-02 11:25:00,192.78,193.09,192.65,193.0162,356430
2023-08-02 11:30:00,193.01,193.13,192.905,192.99,286048
2023-08-02 11:35:00,193.0,193.12,192.87,193.09,256279
2023-08-02 11:40:00,193.09,193.2712,192.94,192.99,441506
2023-08-02 11:45:00,192.98,193.02,192.89,192.92,225604
2023-08-02 11:50:00,192.9201,193.02,192.63,192.695,356640
2023-08-02 11:55:00,192.707,192.78,192.63,192.66,331720
2023-08-02 12:00:00,192.66,192.75,192.545,192.555,407341
2023-08-02 12:05:00,192.56,192.58,192.185,192.22,565737
2023-08-02 12:10:00,192.22,192.31,192.05,192.2,465687
2023-08-02 12:15:00,192.19,192.52,192.09,192.4,443975
2023-08-02 12:20:00,192.4,192.453,192.1,192.1023,375052
2023-08-02 12:25:00,192.11,192.16,191.87,191.98,470949
2023-08-02 12:30:00,191.975,192.03,191.8507,191.875,307069
2023-08-02 12:35:00,191.87,192.14,191.86,192.06,393679
2023-08-02 12:40:00,192.07,192.54,192.065,192.27,376069
2023-08-02 12:45:00,192.285,192.505,192.25,192.4514,248567
2023-08-02 12:50:00,192.46,192.57,192.455,192.53,217896
2023-08-02 12:55:00,192.53,192.605,192.4306,192.555,288072
2023-08-02 13:00:00,192.555,192.9,192.555,192.8611,324997
2023-08-02 13:05:00,192.8799,193.12,192.83,193.045,379235
2023-08-02 13:10:00,193.0501,193.1123,192.8699,192.951,246608
2023-08-02 13:15:00,192.94,193.0,192.763,192.8,227936
2023-08-02 13:20:00,192.81,192.96,192.75,192.885,139746
2023-08-02 13:25:00,192.89,192.915,192.7,192.85,193765
2023-08-02 13:30:00,192.843,193.18,192.69,192.98,282749
2023-08-02 13:35:00,193.0,193.2,192.97,193.195,190981
2023-08-02 13:40:00,193.2,193.25,193.07,193.125,231460
2023-08-02 13:45:00,193.12,193.18,193.03,193.095,203049
2023-08-02 13:50:00,193.1,193.11,192.92,193.025,135976
2023-08-02 13:55:00,193.02,193.02,192.735,192.79,157819
2023-08-02 14:00:00,192.79,192.9732,192.71,192.8915,170832
2023-08-02 14:05:00,192.875,193.01,192.78,192.8734,143985
2023-08-02 14:10:00,192.8805,193.13,192.88,193.04,206106
2023-08-02 14:15:00,193.021,193.12,192.88,193.1,201533
2023-08-02 14:20:00,193.1,193.26,193.1,193.14,285267
2023-08-02 14:25:00,193.15,193.15,192.9101,192.935,208038
2023-08-02 14:30:00,192.93,193.07,192.9,192.91,188845
2023-08-02 14:35:00,192.92,192.97,192.8,192.81,197192
2023-08-02 14:40:00,192.81,192.84,192.69,192.695,219964
2023-08-02 14:45:00,192.695,192.73,192.59,192.7,209398
2023-08-02 14:50:00,192.7,192.92,192.6422,192.79,233770
2023-08-02 14:55:00,192.785,192.87,192.735,192.775,222753
2023-08-02 15:00:00,192.7654,192.82,192.7,192.79,191203
2023-08-02 15:05:00,192.79,192.9489,192.78,192.8511,237507
2023-08-02 15:10:00,192.85,192.865,192.6325,192.65,322626
2023-08-02 15:15:00,192.66,192.7868,192.6,192.6525,329580
2023-08-02 15:20:00,192.6525,192.6887,192.4101,192.55,396320
2023-08-02 15:25:00,192.5481,192.5958,192.47,192.4701,322464
2023-08-02 15:30:00,192.475,192.48,192.22,192.28,461724
2023-08-02 15:35:00,192.285,192.44,192.27,192.43,407836
2023-08-02 15:40:00,192.43,192.6088,192.43,192.49,446413
2023-08-02 15:45:00,192.49,192.92,192.36,192.78,643156
2023-08-02 15:50:00,192.78,192.98,192.725,192.89,657156
2023-08-02 15:55:00,192.89,192.94,192.45,192.52,922500
2023-08-02 16:00:00,192.52,192.88,192.34,192.59,1861331
2023-08-03 09:30:00,191.56,192.16,190.69,192.0644,1112835
2023-08-03 09:35:00,192.0699,192.17,191.114,191.38,933148
2023-08-03 09:40:00,191.38,191.92,191.38,191.7,752548
2023-08-03 09:45:00,191.7032,191.89,191.62,191.82,554771
2023-08-03 09:50:00,191.82,192.28,191.73,191.93,689781
2023-08-03 09:55:00,191.9258,192.13,191.82,191.855,500263
2023-08-03 10:00:00,191.8513,192.0989,191.53,191.76,624154
2023-08-03 10:05:00,191.74,192.03,191.53,191.67,589009
2023-08-03 10:10:00,191.67,191.73,191.33,191.41,502022
2023-08-03 10:15:00,191.42,191.74,191.415,191.53,348252
2023-08-03 10:20:00,191.52,191.74,191.5157,191.565,369118
2023-08-03 10:25:00,191.55,191.55,191.15,191.2022,640011
2023-08-03 10:30:00,191.2,191.28,190.84,190.965,814621
2023-08-03 10:35:00,190.965,191.28,190.96,191.227,493562
2023-08-03 10:40:00,191.22,191.56,191.12,191.52,337504
2023-08-03 10:45:00,191.51,191.57,191.1,191.12,396036
2023-08-03 10:50:00,191.12,191.66,191.11,191.365,637502
2023-08-03 10:55:00,191.4,191.405,191.16,191.24,340138
2023-08-03 11:00:00,191.24,191.9,191.24,191.74,673769
2023-08-03 11:05:00,191.74,191.82,191.623,191.75,351052
2023-08-03 11:10:00,191.731,191.95,191.73,191.86,305661
2023-08-03 11:15:00,191.855,192.33,191.83,192.2601,625457
2023-08-03 11:20:00,192.26,192.37,192.13,192.3101,431143
2023-08-03 11:25:00,192.32,192.37,192.09,192.23,347107
2023-08-03 11:30:00,192.24,192.28,192.05,192.095,323858
2023-08-03 11:35:00,192.1,192.16,191.94,191.98,291171
2023-08-03 11:40:00,191.9801,192.0899,191.9,191.97,308208
2023-08-03 11:45:00,191.96,192.08,191.77,191.78,322943
2023-08-03 11:50:00,191.795,192.01,191.79,191.9895,288672
2023-08-03 11:55:00,191.9817,192.11,191.92,191.965,288183
2023-08-03 12:00:00,191.97,192.0,191.61,191.61,296068
2023-08-03 12:05:00,191.63,191.83,191.63,191.8101,300784
2023-08-03 12:10:00,191.81,191.89,191.72,191.86,265628
2023-08-03 12:15:00,191.8538,191.9,191.63,191.7887,286820
2023-08-03 12:20:00,191.785,191.89,191.68,191.89,248681
2023-08-03 12:25:00,191.89,192.0,191.77,191.9599,287062
2023-08-03 12:30:00,191.969,192.0,191.71,191.895,307978
2023-08-03 12:35:00,191.895,191.94,191.72,191.83,255070
2023-08-03 12:40:00,191.835,192.1,191.8208,192.0784,210569
2023-08-03 12:45:00,192.08,192.21,192.035,192.2084,251777
2023-08-03 12:50:00,192.21,192.36,192.17,192.317,281994
2023-08-03 12:55:00,192.32,192.3201,192.21,192.2935,269818
2023-08-03 13:00:00,192.295,192.31,192.16,192.245,215400
2023-08-03 13:05:00,192.2441,192.3,192.122,192.225,187003
2023-08-03 13:10:00,192.2201,192.26,191.9,191.95,462626
2023-08-03 13:15:00,191.9501,192.0891,191.93,191.995,219564
2023-08-03 13:20:00,191.985,192.08,191.87,192.06,273290
2023-08-03 13:25:00,192.06,192.105,191.96,192.0,161315
2023-08-03 13:30:00,192.01,192.07,191.85,191.945,217691
2023-08-03 13:35:00,191.945,191.96,191.72,191.735,218952
2023-08-03 13:40:00,191.74,191.76,191.55,191.5601,309970
2023-08-03 13:45:00,191.57,191.64,191.31,191.355,486481
2023-08-03 13:50:00,191.355,191.44,191.26,191.275,378843
2023-08-03 13:55:00,191.27,191.57,191.24,191.4184,295537
2023-08-03 14:00:00,191.42,191.5,191.336,191.42,287957
2023-08-03 14:05:00,191.42,191.5,191.33,191.355,354803
2023-08-03 14:10:00,191.35,191.5,191.25,191.31,468702
2023-08-03 14:15:00,191.3112,191.465,191.2,191.465,233134
2023-08-03 14:20:00,191.465,191.62,191.38,191.62,301084
2023-08-03 14:25:00,191.615,191.79,191.58,191.725,284749
2023-08-03 14:30:00,191.7226,191.83,191.65,191.74,391096
2023-08-03 14:35:00,191.74,191.88,191.73,191.75,320574
2023-08-03 14:40:00,191.75,191.88,191.6,191.845,357580
2023-08-03 14:45:00,191.84,191.95,191.7209,191.83,415728
2023-08-03 14:50:00,191.8208,191.9,191.475,191.5501,374038
2023-08-03 14:55:00,191.55,191.92,191.49,191.8646,341679
2023-08-03 15:00:00,191.86,191.95,191.76,191.865,327308
2023-08-03 15:05:00,191.85,191.865,191.56,191.5899,348942
2023-08-03 15:10:00,191.57,191.685,191.4312,191.4598,435065
2023-08-03 15:15:00,191.4501,191.48,191.13,191.16,508058
2023-08-03 15:20:00,191.15,191.25,191.07,191.09,499340
2023-08-03 15:25:00,191.07,191.26,191.07,191.14,408505
2023-08-03 15:30:00,191.13,191.38,191.11,191.23,603947
2023-08-03 15:35:00,191.24,191.3568,191.19,191.31,417191
2023-08-03 15:40:00,191.3,191.34,191.06,191.0801,599452
2023-08-03 15:45:00,191.09,191.17,191.03,191.1,598568
2023-08-03 15:50:00,191.095,191.17,190.99,191.13,828352
2023-08-03 15:55:00,191.13,191.51,191.11,191.49,1143907
2023-08-03 16:00:00,191.48,191.73,191.0099,191.0099,2588085
2023-08-04 09:30:00,185.52,185.59,183.25,184.615,3576086
2023-08-04 09:35:00,184.63,186.12,184.49,186.07,4441009
2023-08-04 09:40:00,186.1,187.38,185.94,186.6942,4036788
2023-08-04 09:45:00,186.69,186.72,184.92,184.9273,2858834
2023-08-04 09:50:00,184.91,187.14,184.91,185.5882,2556239
2023-08-04 09:55:00,185.58,185.84,184.88,185.1,2049737
2023-08-04 10:00:00,185.07,185.68,184.745,185.09,1909155
2023-08-04 10:05:00,185.08,185.16,184.54,184.6401,1836593
2023-08-04 10:10:00,184.64,185.25,184.27,185.183,1842839
2023-08-04 10:15:00,185.1912,185.56,185.0,185.157,1296313
2023-08-04 10:20:00,185.155,185.77,185.1,185.58,1139912
2023-08-04 10:25:00,185.56,185.595,185.157,185.31,883709
2023-08-04 10:30:00,185.32,185.33,184.94,185.14,901298
2023-08-04 10:35:00,185.16,185.635,185.07,185.42,990913
2023-08-04 10:40:00,185.41,185.635,185.03,185.1073,735597
2023-08-04 10:45:00,185.1,185.39,184.99,185.24,864853
2023-08-04 10:50:00,185.24,185.34,184.93,184.945,834526
2023-08-04 10:55:00,184.94,185.297,184.91,185.275,766392
2023-08-04 11:00:00,185.27,185.479,185.22,185.389,635984
2023-08-04 11:05:00,185.39,185.95,185.35,185.83,924332
2023-08-04 11:10:00,185.83,186.375,185.74,186.1601,880620
2023-08-04 11:15:00,186.175,186.18,185.43,185.44,912131
2023-08-04 11:20:00,185.4539,185.66,185.28,185.38,612346
2023-08-04 11:25:00,185.385,185.49,185.2209,185.3,513997
2023-08-04 11:30:00,185.3,185.34,185.18,185.325,456225
2023-08-04 11:35:00,185.32,185.3299,184.93,185.14,1053643
2023-08-04 11:40:00,185.135,185.22,184.94,185.075,613701
2023-08-04 11:45:00,185.07,185.2,184.99,185.145,594254
2023-08-04 11:50:00,185.15,185.78,185.1319,185.76,787940
2023-08-04 11:55:00,185.769,185.78,185.305,185.3906,523346
2023-08-04 12:00:00,185.395,185.66,185.36,185.615,453103
2023-08-04 12:05:00,185.615,185.68,185.44,185.515,498326
2023-08-04 12:10:00,185.51,185.56,185.36,185.365,349845
2023-08-04 12:15:00,185.3682,185.525,185.26,185.435,337131
2023-08-04 12:20:00,185.43,185.43,185.16,185.23,341596
2023-08-04 12:25:00,185.225,185.45,185.08,185.36,589797
2023-08-04 12:30:00,185.37,185.495,185.31,185.4,370495
2023-08-04 12:35:00,185.4039,185.4039,185.23,185.24,307534
2023-08-04 12:40:00,185.245,185.44,185.22,185.285,396775
2023-08-04 12:45:00,185.28,185.47,185.19,185.435,322664
2023-08-04 12:50:00,185.429,185.45,185.25,185.2757,300061
2023-08-04 12:55:00,185.28,185.35,185.28,185.3477,286075
2023-08-04 13:00:00,185.35,185.35,185.14,185.16,391241
2023-08-04 13:05:00,185.155,185.2,184.99,185.0,596242
2023-08-04 13:10:00,185.0017,185.09,184.97,185.0,548575
2023-08-04 13:15:00,185.01,185.045,184.81,184.825,667170
2023-08-04 13:20:00,184.8279,185.05,184.79,185.0,610469
2023-08-04 13:25:00,184.99,185.01,184.85,184.92,509894
2023-08-04 13:30:00,184.92,185.09,184.86,185.0,601953
2023-08-04 13:35:00,185.0,185.05,184.94,184.99,326468
2023-08-04 13:40:00,184.99,185.015,184.9101,185.015,438409
2023-08-04 13:45:00,185.0125,185.17,184.96,185.06,459915
2023-08-04 13:50:00,185.055,185.1582,185.02,185.06,428085
2023-08-04 13:55:00,185.065,185.08,184.89,184.95,597932
2023-08-04 14:00:00,184.949,184.97,184.55,184.5732,723876
2023-08-04 14:05:00,184.575,184.586,184.0,184.04,1501776
2023-08-04 14:10:00,184.03,184.2262,183.89,183.8919,1313474
2023-08-04 14:15:00,183.895,184.16,183.82,184.005,809345
2023-08-04 14:20:00,184.01,184.16,183.46,183.47,1280517
2023-08-04 14:25:00,183.465,183.47,183.19,183.19,1139480
2023-08-04 14:30:00,183.19,183.58,183.18,183.545,942967
2023-08-04 14:35:00,183.54,183.55,183.18,183.27,1014035
2023-08-04 14:40:00,183.26,183.28,182.81,182.88,1419208
2023-08-04 14:45:00,182.885,183.16,182.8,182.85,1007847
2023-08-04 14:50:00,182.8482,182.93,182.7,182.9025,870362
2023-08-04 14:55:00,182.9024,183.1,182.07,182.15,1410781
2023-08-04 15:00:00,182.16,182.63,182.11,182.61,1251584
2023-08-04 15:05:00,182.595,182.7399,182.37,182.39,795415
2023-08-04 15:10:00,182.395,182.75,182.38,182.74,809775
2023-08-04 15:15:00,182.7347,183.24,182.73,183.1612,1001297
2023-08-04 15:20:00,183.1648,183.23,182.78,183.0,918445
2023-08-04 15:25:00,183.001,183.045,182.47,182.56,778327
2023-08-04 15:30:00,182.56,182.82,182.49,182.7678,770385
2023-08-04 15:35:00,182.77,182.88,182.5645,182.6175,708259
2023-08-04 15:40:00,182.6129,182.7,182.42,182.4499,926148
2023-08-04 15:45:00,182.43,182.475,182.14,182.275,1216889
2023-08-04 15:50:00,182.275,182.5,182.215,182.385,1321820
2023-08-04 15:55:00,182.385,182.445,182.15,182.175,1947739
2023-08-04 16:00:00,182.175,182.375,181.92,181.99,3922019
2023-08-07 09:30:00,182.17,183.13,181.7,182.58,2306567
2023-08-07 09:35:00,182.58,182.75,180.13,180.5,3366390
2023-08-07 09:40:00,180.49,181.22,179.51,179.5701,2837528
2023-08-07 09:45:00,179.58,179.84,179.22,179.36,2412461
2023-08-07 09:50:00,179.36,179.38,178.76,178.79,2326029
2023-08-07 09:55:00,178.79,179.399,178.74,179.02,2000164
2023-08-07 10:00:00,179.025,179.03,178.2101,178.4501,2327401
2023-08-07 10:05:00,178.4676,178.88,178.31,178.76,1528205
2023-08-07 10:10:00,178.76,179.39,178.66,179.3141,1261100
2023-08-07 10:15:00,179.3,179.67,179.27,179.44,1378594
2023-08-07 10:20:00,179.445,179.79,179.32,179.4124,1268609
2023-08-07 10:25:00,179.42,179.68,179.3801,179.4718,1145682
2023-08-07 10:30:00,179.47,179.48,178.8188,178.855,1286888
2023-08-07 10:35:00,178.86,179.04,178.52,179.022,1073958
2023-08-07 10:40:00,179.02,179.2,178.91,179.198,883129
2023-08-07 10:45:00,179.195,179.31,178.72,178.925,803898
2023-08-07 10:50:00,178.92,178.955,178.6,178.62,742379
2023-08-07 10:55:00,178.615,178.785,178.47,178.5367,773767
2023-08-07 11:00:00,178.535,178.71,178.01,178.025,1291417
2023-08-07 11:05:00,178.03,178.1179,177.75,177.8599,1641922
2023-08-07 11:10:00,177.86,178.09,177.56,178.09,1224016
2023-08-07 11:15:00,178.085,178.13,177.87,178.035,811106
2023-08-07 11:20:00,178.03,178.05,177.58,177.8313,1071274
2023-08-07 11:25:00,177.835,178.02,177.72,177.74,771254
2023-08-07 11:30:00,177.745,177.955,177.57,177.595,840801
2023-08-07 11:35:00,177.5996,177.865,177.35,177.805,1075934
2023-08-07 11:40:00,177.805,178.01,177.74,177.95,796142
2023-08-07 11:45:00,177.9574,178.25,177.87,178.15,784935
2023-08-07 11:50:00,178.15,178.44,178.11,178.31,800486
2023-08-07 11:55:00,178.315,178.785,178.31,178.773,663543
2023-08-07 12:00:00,178.77,178.7799,178.46,178.46,665054
2023-08-07 12:05:00,178.47,178.83,178.47,178.7597,674193
2023-08-07 12:10:00,178.75,178.8,178.65,178.795,498280
2023-08-07 12:15:00,178.79,178.8,178.56,178.645,568610
2023-08-07 12:20:00,178.65,178.71,178.455,178.49,534072
2023-08-07 12:25:00,178.49,178.51,178.32,178.45,628949
2023-08-07 12:30:00,178.44,178.59,178.25,178.275,559903
2023-08-07 12:35:00,178.27,178.3,177.89,177.93,693816
2023-08-07 12:40:00,177.935,178.2099,177.85,177.995,641655
2023-08-07 12:45:00,177.9901,178.0799,177.865,177.885,441711
2023-08-07 12:50:00,177.89,178.36,177.74,178.34,580710
2023-08-07 12:55:00,178.34,178.47,178.175,178.35,466713
2023-08-07 13:00:00,178.34,178.44,178.215,178.31,420678
2023-08-07 13:05:00,178.31,178.41,178.05,178.0775,441739
2023-08-07 13:10:00,178.08,178.18,178.015,178.175,287212
2023-08-07 13:15:00,178.1768,178.32,177.97,178.03,529155
2023-08-07 13:20:00,178.03,178.32,178.03,178.31,398786
2023-08-07 13:25:00,178.31,178.38,178.15,178.19,380578
2023-08-07 13:30:00,178.19,178.3899,178.075,178.2606,549796
2023-08-07 13:35:00,178.26,178.29,178.1011,178.25,298001
2023-08-07 13:40:00,178.245,178.28,178.15,178.2,315625
2023-08-07 13:45:00,178.199,178.375,178.05,178.14,507450
2023-08-07 13:50:00,178.1495,178.82,178.06,178.6583,853490
2023-08-07 13:55:00,178.66,178.82,178.555,178.7801,644452
2023-08-07 14:00:00,178.79,178.91,178.69,178.91,489378
2023-08-07 14:05:00,178.9,179.04,178.84,178.87,617660
2023-08-07 14:10:00,178.865,178.87,178.57,178.57,486527
2023-08-07 14:15:00,178.5799,178.66,178.31,178.385,600825
2023-08-07 14:20:00,178.39,178.65,178.39,178.62,410258
2023-08-07 14:25:00,178.61,178.69,178.41,178.465,366900
2023-08-07 14:30:00,178.46,178.68,178.33,178.67,390384
2023-08-07 14:35:00,178.675,178.7,178.59,178.6708,450479
2023-08-07 14:40:00,178.675,178.71,178.54,178.6573,338831
2023-08-07 14:45:00,178.65,178.68,178.5,178.59,370149
2023-08-07 14:50:00,178.59,178.66,178.5,178.5465,345696
2023-08-07 14:55:00,178.542,178.63,178.5,178.585,268169
2023-08-07 15:00:00,178.58,178.63,178.46,178.5622,389692
2023-08-07 15:05:00,178.57,178.62,178.45,178.505,469309
2023-08-07 15:10:00,178.51,178.56,178.3101,178.36,483695
2023-08-07 15:15:00,178.365,178.375,178.22,178.3,423862
2023-08-07 15:20:00,178.305,178.43,178.2601,178.331,384360
2023-08-07 15:25:00,178.33,178.4,178.25,178.335,345991
2023-08-07 15:30:00,178.335,178.53,178.315,178.515,524790
2023-08-07 15:35:00,178.51,178.73,178.43,178.725,667593
2023-08-07 15:40:00,178.72,178.83,178.705,178.755,661972
2023-08-07 15:45:00,178.75,178.77,178.473,178.6623,935450
2023-08-07 15:50:00,178.665,178.74,178.44,178.675,929853
2023-08-07 15:55:00,178.68,179.22,178.63,179.0,1816275
2023-08-07 16:00:00,179.005,179.01,178.53,178.809,3474393
2023-08-08 09:30:00,179.7,179.76,179.28,179.42,1018101
2023-08-08 09:35:00,179.42,179.42,178.81,179.1863,1541640
2023-08-08 09:40:00,179.18,179.4657,178.968,179.24,1443136
2023-08-08 09:45:00,179.23,179.45,178.38,178.44,1698075
2023-08-08 09:50:00,178.4316,178.571,177.9,177.935,1209394
2023-08-08 09:55:00,177.94,178.005,177.58,177.705,1300619
2023-08-08 10:00:00,177.71,178.18,177.675,177.945,1179816
2023-08-08 10:05:00,177.94,178.38,177.76,178.28,1090044
2023-08-08 10:10:00,178.29,178.5,178.155,178.3,728582
2023-08-08 10:15:00,178.3,178.355,178.08,178.24,731304
2023-08-08 10:20:00,178.25,178.84,178.2,178.59,952259
2023-08-08 10:25:00,178.59,178.945,178.49,178.795,969124
2023-08-08 10:30:00,178.7824,179.22,178.77,179.0675,1797021
2023-08-08 10:35:00,179.065,179.17,178.65,178.65,711327
2023-08-08 10:40:00,178.64,178.98,178.58,178.81,595541
2023-08-08 10:45:00,178.8,179.06,178.8,178.8189,562615
2023-08-08 10:50:00,178.815,178.8399,178.33,178.54,589548
2023-08-08 10:55:00,178.535,178.57,178.29,178.38,434018
2023-08-08 11:00:00,178.38,178.385,178.1,178.12,557862
2023-08-08 11:05:00,178.13,178.13,177.935,177.9999,652624
2023-08-08 11:10:00,178.0,178.17,177.96,178.0361,575040
2023-08-08 11:15:00,178.0399,178.3482,178.005,178.2,704721
2023-08-08 11:20:00,178.19,178.26,178.15,178.245,349942
2023-08-08 11:25:00,178.24,178.25,178.0559,178.065,338694
2023-08-08 11:30:00,178.065,178.1,177.98,178.03,460660
2023-08-08 11:35:00,178.0231,178.12,177.89,177.98,617149
2023-08-08 11:40:00,177.9801,178.26,177.95,178.12,470318
2023-08-08 11:45:00,178.1199,178.13,177.825,178.0,462327
2023-08-08 11:50:00,178.0,178.0,177.865,177.95,311578
2023-08-08 11:55:00,177.9493,178.01,177.83,177.845,310505
2023-08-08 12:00:00,177.84,178.0,177.84,177.94,297859
2023-08-08 12:05:00,177.9334,178.35,177.9311,178.3498,580914
2023-08-08 12:10:00,178.34,178.65,178.33,178.5997,568864
2023-08-08 12:15:00,178.605,178.75,178.58,178.69,297696
2023-08-08 12:20:00,178.6925,178.755,178.5501,178.56,334711
2023-08-08 12:25:00,178.56,178.7625,178.53,178.745,294746
2023-08-08 12:30:00,178.74,178.805,178.65,178.695,235152
2023-08-08 12:35:00,178.695,178.97,178.685,178.97,358475
2023-08-08 12:40:00,178.965,178.99,178.72,178.78,321119
2023-08-08 12:45:00,178.77,178.78,178.58,178.619,196184
2023-08-08 12:50:00,178.62,178.74,178.58,178.6919,200663
2023-08-08 12:55:00,178.695,178.84,178.64,178.82,276997
2023-08-08 13:00:00,178.83,178.9596,178.8,178.9099,299911
2023-08-08 13:05:00,178.905,179.24,178.905,179.0136,593946
2023-08-08 13:10:00,179.02,179.13,178.92,178.97,325554
2023-08-08 13:15:00,178.97,179.3,178.91,179.2996,328994
2023-08-08 13:20:00,179.295,179.48,179.26,179.33,456699
2023-08-08 13:25:00,179.33,179.39,179.05,179.07,359170
2023-08-08 13:30:00,179.07,179.13,178.88,179.05,1201126
2023-08-08 13:35:00,179.0501,179.1,178.78,178.85,285118
2023-08-08 13:40:00,178.855,179.1686,178.7,179.15,435298
2023-08-08 13:45:00,179.16,179.2,179.06,179.18,251069
2023-08-08 13:50:00,179.175,179.175,178.91,178.9469,260603
2023-08-08 13:55:00,178.94,179.18,178.86,179.085,400392
2023-08-08 14:00:00,179.08,179.15,178.95,179.01,224976
2023-08-08 14:05:00,179.01,179.1499,178.93,178.93,267945
2023-08-08 14:10:00,178.92,179.1,178.91,179.01,385455
2023-08-08 14:15:00,179.005,179.25,178.93,179.25,347525
2023-08-08 14:20:00,179.25,179.42,179.17,179.39,412749
2023-08-08 14:25:00,179.39,179.39,179.131,179.145,270027
2023-08-08 14:30:00,179.15,179.21,179.085,179.1753,237402
2023-08-08 14:35:00,179.18,179.23,179.0599,179.1617,360667
2023-08-08 14:40:00,179.165,179.205,179.07,179.12,269373
2023-08-08 14:45:00,179.12,179.18,179.04,179.135,266555
2023-08-08 14:50:00,179.14,179.21,179.06,179.15,221826
2023-08-08 14:55:00,179.15,179.33,179.115,179.29,258971
2023-08-08 15:00:00,179.28,179.55,179.25,179.46,621313
2023-08-08 15:05:00,179.46,179.5179,179.34,179.4583,521182
2023-08-08 15:10:00,179.46,179.7,179.441,179.46,593181
2023-08-08 15:15:00,179.47,179.675,179.45,179.61,415162
2023-08-08 15:20:00,179.6176,179.63,179.46,179.59,348849
2023-08-08 15:25:00,179.6,179.79,179.6,179.769,663930
2023-08-08 15:30:00,179.765,179.94,179.69,179.705,741749
2023-08-08 15:35:00,179.705,179.76,179.555,179.68,592849
2023-08-08 15:40:00,179.675,180.01,179.6718,179.995,888898
2023-08-08 15:45:00,179.995,180.27,179.83,180.2001,1840620
2023-08-08 15:50:00,180.2099,180.22,180.02,180.22,969714
2023-08-08 15:55:00,180.22,180.25,179.86,180.0,1092638
2023-08-08 16:00:00,180.0,180.04,179.8,179.8,1449475
2023-08-09 09:30:00,180.83,180.93,180.21,180.36,806146
2023-08-09 09:35:00,180.39,180.42,179.92,179.95,1070445
2023-08-09 09:40:00,179.976,180.0,179.17,179.3719,984215
2023-08-09 09:45:00,179.37,179.4892,178.83,179.0,1016559
2023-08-09 09:50:00,178.9804,179.02,178.14,178.28,1326244
2023-08-09 09:55:00,178.29,178.84,178.224,178.805,1102365
2023-08-09 10:00:00,178.805,178.88,178.6,178.8501,695124
2023-08-09 10:05:00,178.87,178.95,178.67,178.86,644158
2023-08-09 10:10:00,178.86,179.13,178.82,179.12,680243
2023-08-09 10:15:00,179.13,179.13,178.76,178.84,495328
2023-08-09 10:20:00,178.85,178.9565,178.5,178.52,491292
2023-08-09 10:25:00,178.53,178.67,178.42,178.49,648945
2023-08-09 10:30:00,178.5,178.83,178.47,178.79,421118
2023-08-09 10:35:00,178.78,178.835,178.4625,178.605,434932
2023-08-09 10:40:00,178.61,178.7399,178.265,178.3,595847
2023-08-09 10:45:00,178.3,178.42,178.13,178.245,677609
2023-08-09 10:50:00,178.24,178.28,177.98,178.04,847289
2023-08-09 10:55:00,178.04,178.04,177.6016,177.735,1037159
2023-08-09 11:00:00,177.73,177.93,177.6,177.85,692864
2023-08-09 11:05:00,177.848,178.2,177.82,178.07,527955
2023-08-09 11:10:00,178.0625,178.075,177.88,177.91,335120
2023-08-09 11:15:00,177.9,177.9321,177.575,177.58,561033
2023-08-09 11:20:00,177.59,177.5901,177.01,177.1,1170291
2023-08-09 11:25:00,177.0992,177.45,177.07,177.37,736751
2023-08-09 11:30:00,177.37,177.5,177.3,177.41,498556
2023-08-09 11:35:00,177.4048,177.54,177.32,177.48,425567
2023-08-09 11:40:00,177.475,177.555,177.35,177.405,471070
2023-08-09 11:45:00,177.415,177.48,177.35,177.36,285314
2023-08-09 11:50:00,177.37,177.57,177.285,177.4399,475402
2023-08-09 11:55:00,177.432,177.5,177.27,177.3101,362507
2023-08-09 12:00:00,177.311,177.575,177.24,177.5412,419741
2023-08-09 12:05:00,177.55,177.6599,177.515,177.56,329624
2023-08-09 12:10:00,177.56,178.11,177.5,177.73,709768
2023-08-09 12:15:00,177.73,177.9,177.37,177.8639,1018502
2023-08-09 12:20:00,177.85,177.9599,177.7,177.77,452315
2023-08-09 12:25:00,177.7744,177.9699,177.72,177.9499,304661
2023-08-09 12:30:00,177.96,178.1,177.94,178.0638,332066
2023-08-09 12:35:00,178.065,178.285,178.0355,178.21,512552
2023-08-09 12:40:00,178.215,178.3,178.21,178.25,437831
2023-08-09 12:45:00,178.27,178.37,178.2275,178.3021,333099
2023-08-09 12:50:00,178.31,178.48,178.25,178.31,387469
2023-08-09 12:55:00,178.31,178.345,178.24,178.28,244348
2023-08-09 13:00:00,178.2615,178.29,178.0,178.185,553680
2023-08-09 13:05:00,178.19,178.48,178.19,178.4706,318385
2023-08-09 13:10:00,178.48,178.54,178.4,178.425,306026
2023-08-09 13:15:00,178.42,178.7286,178.38,178.61,373850
2023-08-09 13:20:00,178.6113,178.66,178.48,178.5815,298125
2023-08-09 13:25:00,178.5999,178.63,178.505,178.59,195994
2023-08-09 13:30:00,178.595,178.79,178.595,178.765,325976
2023-08-09 13:35:00,178.77,178.78,178.67,178.765,229884
2023-08-09 13:40:00,178.7688,178.7899,178.684,178.78,166812
2023-08-09 13:45:00,178.7701,178.79,178.66,178.67,241827
2023-08-09 13:50:00,178.6701,178.79,178.553,178.64,246662
2023-08-09 13:55:00,178.64,178.7,178.6,178.68,163850
2023-08-09 14:00:00,178.69,178.78,178.61,178.6323,249906
2023-08-09 14:05:00,178.63,178.875,178.6102,178.82,296770
2023-08-09 14:10:00,178.81,178.935,178.81,178.92,350040
2023-08-09 14:15:00,178.92,179.17,178.86,179.14,444296
2023-08-09 14:20:00,179.135,179.23,179.03,179.18,339081
2023-08-09 14:25:00,179.17,179.32,179.09,179.29,492141
2023-08-09 14:30:00,179.29,179.4599,179.25,179.4379,337164
2023-08-09 14:35:00,179.4314,179.54,179.35,179.5,607039
2023-08-09 14:40:00,179.4901,179.5399,179.4015,179.49,304332
2023-08-09 14:45:00,179.5,179.57,179.415,179.5009,370743
2023-08-09 14:50:00,179.5,179.59,179.4,179.405,407522
2023-08-09 14:55:00,179.4023,179.405,179.19,179.4,503035
2023-08-09 15:00:00,179.4,179.4,179.12,179.16,399065
2023-08-09 15:05:00,179.15,179.22,179.04,179.1317,361373
2023-08-09 15:10:00,179.13,179.1651,178.815,178.84,417040
2023-08-09 15:15:00,178.83,179.08,178.7891,178.95,427587
2023-08-09 15:20:00,178.9495,179.12,178.853,179.105,329726
2023-08-09 15:25:00,179.1,179.3,179.015,179.235,498064
2023-08-09 15:30:00,179.225,179.265,178.945,179.04,426428
2023-08-09 15:35:00,179.045,179.08,178.84,178.98,417985
2023-08-09 15:40:00,178.9836,179.09,178.81,178.8938,336053
2023-08-09 15:45:00,178.885,178.925,178.6013,178.605,560143
2023-08-09 15:50:00,178.61,178.615,178.1,178.3,1041626
2023-08-09 15:55:00,178.295,178.36,178.02,178.06,966266
2023-08-09 16:00:00,178.055,178.28,177.99,178.2,1977341
2023-08-10 09:30:00,179.47,179.69,178.86,179.18,724840
2023-08-10 09:35:00,179.1832,179.8,179.02,179.65,945083
2023-08-10 09:40:00,179.65,179.955,179.34,179.83,917211
2023-08-10 09:45:00,179.83,179.86,179.35,179.7,765461
2023-08-10 09:50:00,179.7,180.03,179.665,179.81,805283
2023-08-10 09:55:00,179.81,180.31,179.7888,180.2652,998621
2023-08-10 10:00:00,180.265,180.75,180.25,180.69,1140749
2023-08-10 10:05:00,180.69,180.71,180.45,180.47,682506
2023-08-10 10:10:00,180.49,180.64,180.32,180.4131,706022
2023-08-10 10:15:00,180.4,180.45,180.24,180.2899,483341
2023-08-10 10:20:00,180.29,180.52,180.05,180.07,528955
2023-08-10 10:25:00,180.079,180.11,179.84,180.04,638187
2023-08-10 10:30:00,180.045,180.26,179.85,180.2382,562860
2023-08-10 10:35:00,180.24,180.41,180.1,180.405,549865
2023-08-10 10:40:00,180.4,180.43,179.79,179.8625,645967
2023-08-10 10:45:00,179.86,179.89,179.15,179.22,759669
2023-08-10 10:50:00,179.21,179.57,179.12,179.33,644262
2023-08-10 10:55:00,179.32,179.74,179.315,179.67,579813
2023-08-10 11:00:00,179.67,179.7503,179.49,179.55,499135
2023-08-10 11:05:00,179.54,179.59,179.08,179.24,496872
2023-08-10 11:10:00,179.235,179.43,179.15,179.1517,430942
2023-08-10 11:15:00,179.1501,179.37,179.05,179.185,355227
2023-08-10 11:20:00,179.18,179.24,178.78,178.82,573724
2023-08-10 11:25:00,178.81,178.98,178.69,178.96,590605
2023-08-10 11:30:00,178.95,179.145,178.935,179.09,578593
2023-08-10 11:35:00,179.09,179.43,178.88,179.41,468945
2023-08-10 11:40:00,179.415,179.44,179.245,179.38,332696
2023-08-10 11:45:00,179.39,179.4,178.56,178.57,459339
2023-08-10 11:50:00,178.57,178.59,178.25,178.25,605216
2023-08-10 11:55:00,178.255,178.2582,178.01,178.0725,622690
2023-08-10 12:00:00,178.08,178.42,178.04,178.275,516946
2023-08-10 12:05:00,178.28,178.5425,178.21,178.49,403608
2023-08-10 12:10:00,178.485,178.51,178.285,178.3899,291175
2023-08-10 12:15:00,178.39,178.49,178.16,178.28,340877
2023-08-10 12:20:00,178.28,178.5,178.2,178.4189,354542
2023-08-10 12:25:00,178.435,178.49,178.21,178.235,342909
2023-08-10 12:30:00,178.235,178.4,177.97,178.38,583892
2023-08-10 12:35:00,178.39,178.505,178.31,178.3601,325536
2023-08-10 12:40:00,178.36,178.71,178.31,178.68,440020
2023-08-10 12:45:00,178.699,178.7799,178.57,178.749,302539
2023-08-10 12:50:00,178.75,178.9199,178.67,178.7119,394457
2023-08-10 12:55:00,178.71,178.75,178.21,178.24,275399
2023-08-10 13:00:00,178.2469,178.3,177.85,178.035,532533
2023-08-10 13:05:00,178.02,178.32,177.8,178.32,496370
2023-08-10 13:10:00,178.31,178.382,178.06,178.32,321206
2023-08-10 13:15:00,178.34,178.3911,178.2,178.22,272310
2023-08-10 13:20:00,178.2,178.3632,178.1686,178.2,279370
2023-08-10 13:25:00,178.2,178.2,177.85,178.01,346771
2023-08-10 13:30:00,178.02,178.09,177.86,177.93,293366
2023-08-10 13:35:00,177.92,178.15,177.88,178.01,304964
2023-08-10 13:40:00,178.0,178.05,177.88,177.97,189654
2023-08-10 13:45:00,177.96,178.0,177.61,177.97,449523
2023-08-10 13:50:00,177.9889,178.18,177.95,178.1149,322434
2023-08-10 13:55:00,178.11,178.19,177.8138,177.83,308835
2023-08-10 14:00:00,177.82,177.86,177.6,177.79,545969
2023-08-10 14:05:00,177.78,178.19,177.7292,178.105,540824
2023-08-10 14:10:00,178.11,178.43,178.1043,178.35,413531
2023-08-10 14:15:00,178.36,178.6904,178.1,178.61,562275
2023-08-10 14:20:00,178.6,178.63,178.25,178.278,364686
2023-08-10 14:25:00,178.29,178.5,178.2863,178.4,294266
2023-08-10 14:30:00,178.39,178.48,178.13,178.345,464775
2023-08-10 14:35:00,178.34,178.38,178.03,178.05,327201
2023-08-10 14:40:00,178.06,178.27,177.95,177.98,426742
2023-08-10 14:45:00,177.99,178.18,177.9034,178.1201,284054
2023-08-10 14:50:00,178.11,178.5,177.98,178.4555,457555
2023-08-10 14:55:00,178.45,178.55,178.35,178.51,397516
2023-08-10 15:00:00,178.51,178.64,178.38,178.45,380628
2023-08-10 15:05:00,178.45,178.45,178.22,178.36,340948
2023-08-10 15:10:00,178.3539,178.61,178.2962,178.53,278222
2023-08-10 15:15:00,178.53,178.59,178.38,178.57,389387
2023-08-10 15:20:00,178.58,178.7,178.41,178.445,412024
2023-08-10 15:25:00,178.45,178.67,178.285,178.3689,337395
2023-08-10 15:30:00,178.37,178.4,178.135,178.1883,349483
2023-08-10 15:35:00,178.185,178.27,177.955,177.985,527938
2023-08-10 15:40:00,177.985,178.15,177.91,177.95,499188
2023-08-10 15:45:00,177.93,178.04,177.72,177.77,589953
2023-08-10 15:50:00,177.765,178.05,177.75,177.905,618410
2023-08-10 15:55:00,177.91,178.05,177.84,177.99,653145
2023-08-10 16:00:00,178.0,178.11,177.92,178.01,1212241
2023-08-11 09:30:00,177.35,177.5,177.2,177.392,623468
2023-08-11 09:35:00,177.405,177.505,176.84,177.48,1062233
2023-08-11 09:40:00,177.4701,177.62,177.2143,177.25,837962
2023-08-11 09:45:00,177.2634,177.46,177.11,177.11,656315
2023-08-11 09:50:00,177.115,177.21,176.9,176.99,803706
2023-08-11 09:55:00,176.99,177.03,176.55,177.0,881020
2023-08-11 10:00:00,176.9853,177.36,176.81,177.22,756091
2023-08-11 10:05:00,177.23,177.68,177.18,177.6401,773989
2023-08-11 10:10:00,177.645,177.645,177.29,177.31,532214
2023-08-11 10:15:00,177.305,178.018,177.305,177.94,1027480
2023-08-11 10:20:00,177.94,178.36,177.87,178.34,943773
2023-08-11 10:25:00,178.33,178.62,178.25,178.46,969525
2023-08-11 10:30:00,178.465,178.57,178.23,178.3701,612997
2023-08-11 10:35:00,178.38,178.47,177.95,178.0791,577241
2023-08-11 10:40:00,178.08,178.605,178.028,178.56,600257
2023-08-11 10:45:00,178.56,178.59,178.275,178.42,542285
2023-08-11 10:50:00,178.4201,178.6,178.2,178.2042,482066
2023-08-11 10:55:00,178.2,178.29,177.9729,178.13,457660
2023-08-11 11:00:00,178.13,178.19,177.975,178.14,433849
2023-08-11 11:05:00,178.14,178.185,178.01,178.05,344972
2023-08-11 11:10:00,178.0592,178.06,177.74,177.7898,349410
2023-08-11 11:15:00,177.78,177.82,177.56,177.62,518273
2023-08-11 11:20:00,177.63,177.68,177.51,177.6397,402274
2023-08-11 11:25:00,177.64,177.67,177.43,177.52,349943
2023-08-11 11:30:00,177.53,177.63,177.445,177.595,287791
2023-08-11 11:35:00,177.59,177.62,177.3397,177.48,328825
2023-08-11 11:40:00,177.475,177.635,177.41,177.4299,313798
2023-08-11 11:45:00,177.42,177.59,177.34,177.49,334590
2023-08-11 11:50:00,177.47,177.48,177.281,177.315,321889
2023-08-11 11:55:00,177.31,177.42,177.3,177.41,263469
2023-08-11 12:00:00,177.41,177.84,177.365,177.775,469759
2023-08-11 12:05:00,177.7721,177.98,177.64,177.95,283958
2023-08-11 12:10:00,177.96,178.0,177.71,177.81,317786
2023-08-11 12:15:00,177.79,178.095,177.74,177.965,300994
2023-08-11 12:20:00,177.9554,178.0,177.82,177.91,257080
2023-08-11 12:25:00,177.91,177.93,177.65,177.665,246650
2023-08-11 12:30:00,177.665,177.665,177.5,177.6113,251813
2023-08-11 12:35:00,177.615,177.72,177.55,177.62,198602
2023-08-11 12:40:00,177.615,177.7,177.51,177.52,167084
2023-08-11 12:45:00,177.52,177.595,177.39,177.46,206165
2023-08-11 12:50:00,177.445,177.475,177.3,177.345,220575
2023-08-11 12:55:00,177.34,177.51,177.33,177.51,195526
2023-08-11 13:00:00,177.51,177.5199,177.33,177.38,255959
2023-08-11 13:05:00,177.385,177.61,177.35,177.35,280777
2023-08-11 13:10:00,177.34,177.425,177.2001,177.2873,297268
2023-08-11 13:15:00,177.28,177.45,177.24,177.44,211725
2023-08-11 13:20:00,177.44,177.7,177.44,177.671,224457
2023-08-11 13:25:00,177.675,177.78,177.61,177.7523,216833
2023-08-11 13:30:00,177.755,177.97,177.74,177.91,329121
2023-08-11 13:35:00,177.91,177.99,177.84,177.89,263865
2023-08-11 13:40:00,177.9,177.92,177.755,177.8662,251786
2023-08-11 13:45:00,177.8609,177.87,177.582,177.5901,329525
2023-08-11 13:50:00,177.605,177.68,177.52,177.605,208560
2023-08-11 13:55:00,177.61,177.67,177.5,177.575,189459
2023-08-11 14:00:00,177.57,177.855,177.54,177.8193,485022
2023-08-11 14:05:00,177.82,178.0,177.79,178.0,455402
2023-08-11 14:10:00,178.0,178.0718,177.92,177.98,330621
2023-08-11 14:15:00,177.99,178.04,177.9,177.99,227828
2023-08-11 14:20:00,177.991,178.24,177.89,178.0695,444780
2023-08-11 14:25:00,178.06,178.315,177.98,178.25,349038
2023-08-11 14:30:00,178.25,178.39,178.23,178.36,458424
2023-08-11 14:35:00,178.36,178.55,178.06,178.065,611836
2023-08-11 14:40:00,178.05,178.435,178.04,178.3101,572272
2023-08-11 14:45:00,178.3111,178.36,178.11,178.23,441925
2023-08-11 14:50:00,178.22,178.3877,178.18,178.3015,260698
2023-08-11 14:55:00,178.3,178.4218,178.24,178.42,229897
2023-08-11 15:00:00,178.43,178.46,178.19,178.24,429336
2023-08-11 15:05:00,178.235,178.3,178.08,178.135,402613
2023-08-11 15:10:00,178.14,178.22,177.8601,177.93,291394
2023-08-11 15:15:00,177.93,178.05,177.8923,177.985,252675
2023-08-11 15:20:00,177.985,178.145,177.96,178.035,318224
2023-08-11 15:25:00,178.04,178.17,177.9068,178.16,350544
2023-08-11 15:30:00,178.1595,178.19,178.05,178.07,264384
2023-08-11 15:35:00,178.08,178.27,178.075,178.12,326474
2023-08-11 15:40:00,178.12,178.13,177.87,177.945,334083
2023-08-11 15:45:00,177.95,178.1,177.92,177.92,268494
2023-08-11 15:50:00,177.93,177.97,177.77,177.77,303414
2023-08-11 15:55:00,177.77,178.04,177.6699,177.8,745136
2023-08-11 16:00:00,177.79,177.89,177.69,177.89,1923241
2023-08-14 09:30:00,177.92,178.04,177.47,177.5272,816442
2023-08-14 09:35:00,177.54,178.3,177.305,178.09,1022976
2023-08-14 09:40:00,178.09,178.53,177.83,178.43,972016
2023-08-14 09:45:00,178.43,178.51,178.27,178.415,718990
2023-08-14 09:50:00,178.41,178.44,177.69,177.97,827614
2023-08-14 09:55:00,177.96,178.42,177.94,178.33,590940
2023-08-14 10:00:00,178.33,178.36,178.13,178.16,364190
2023-08-14 10:05:00,178.155,178.4,178.11,178.16,414865
2023-08-14 10:10:00,178.16,178.36,178.05,178.1097,507501
2023-08-14 10:15:00,178.12,178.71,178.02,178.58,770757
2023-08-14 10:20:00,178.58,178.59,178.225,178.245,442990
2023-08-14 10:25:00,178.23,178.86,178.22,178.8405,556174
2023-08-14 10:30:00,178.84,178.85,178.215,178.3945,534343
2023-08-14 10:35:00,178.385,178.91,178.33,178.89,484462
2023-08-14 10:40:00,178.88,179.28,178.88,179.2572,671229
2023-08-14 10:45:00,179.2505,179.2701,179.05,179.07,406501
2023-08-14 10:50:00,179.0787,179.41,179.0787,179.3269,525585
2023-08-14 10:55:00,179.32,179.69,179.32,179.6,716409
2023-08-14 11:00:00,179.6,179.6,179.3741,179.52,458663
2023-08-14 11:05:00,179.52,179.53,179.38,179.425,277406
2023-08-14 11:10:00,179.44,179.445,179.18,179.1888,350537
2023-08-14 11:15:00,179.18,179.2,179.0,179.15,340309
2023-08-14 11:20:00,179.1479,179.22,179.09,179.12,235416
2023-08-14 11:25:00,179.13,179.29,179.07,179.0889,284002
2023-08-14 11:30:00,179.08,179.39,179.05,179.32,267605
2023-08-14 11:35:00,179.32,179.345,179.06,179.15,249148
2023-08-14 11:40:00,179.1599,179.2475,179.09,179.24,237389
2023-08-14 11:45:00,179.24,179.33,179.18,179.18,314717
2023-08-14 11:50:00,179.1721,179.488,179.1615,179.47,304256
2023-08-14 11:55:00,179.475,179.48,179.26,179.28,267909
2023-08-14 12:00:00,179.295,179.345,178.94,179.03,366290
2023-08-14 12:05:00,179.0299,179.22,178.995,179.16,308419
2023-08-14 12:10:00,179.17,179.255,178.981,179.05,304766
2023-08-14 12:15:00,179.05,179.06,178.86,178.89,311079
2023-08-14 12:20:00,178.8976,179.0,178.76,178.95,325103
2023-08-14 12:25:00,178.94,179.01,178.62,178.728,343432
2023-08-14 12:30:00,178.74,178.84,178.6786,178.74,278352
2023-08-14 12:35:00,178.73,178.88,178.59,178.62,231450
2023-08-14 12:40:00,178.62,178.8743,178.61,178.8687,144118
2023-08-14 12:45:00,178.88,179.02,178.75,178.98,273165
2023-08-14 12:50:00,178.99,179.22,178.93,179.21,261482
2023-08-14 12:55:00,179.22,179.22,179.0615,179.1299,175112
2023-08-14 13:00:00,179.13,179.18,179.08,179.17,156698
2023-08-14 13:05:00,179.17,179.27,179.17,179.23,218190
2023-08-14 13:10:00,179.245,179.33,179.19,179.22,172684
2023-08-14 13:15:00,179.235,179.3,179.16,179.2682,165230
2023-08-14 13:20:00,179.27,179.42,179.26,179.36,223245
2023-08-14 13:25:00,179.3626,179.44,179.2001,179.28,173948
2023-08-14 13:30:00,179.285,179.292,179.17,179.285,155666
2023-08-14 13:35:00,179.29,179.3,179.07,179.1114,214232
2023-08-14 13:40:00,179.12,179.24,179.09,179.22,159357
2023-08-14 13:45:00,179.22,179.265,179.15,179.15,121104
2023-08-14 13:50:00,179.155,179.19,179.04,179.16,225125
2023-08-14 13:55:00,179.155,179.19,179.03,179.1503,160253
2023-08-14 14:00:00,179.15,179.25,179.06,179.175,195009
2023-08-14 14:05:00,179.17,179.35,179.14,179.295,212226
2023-08-14 14:10:00,179.2947,179.33,178.9096,179.05,498506
2023-08-14 14:15:00,179.0601,179.22,179.02,179.075,196288
2023-08-14 14:20:00,179.085,179.13,178.96,179.02,180303
2023-08-14 14:25:00,179.0262,179.1699,179.0262,179.085,172891
2023-08-14 14:30:00,179.08,179.12,178.97,179.04,206135
2023-08-14 14:35:00,179.03,179.03,178.7,178.905,375501
2023-08-14 14:40:00,178.91,178.99,178.775,178.875,214167
2023-08-14 14:45:00,178.87,179.0013,178.845,178.85,193747
2023-08-14 14:50:00,178.858,179.01,178.81,178.9,197854
2023-08-14 14:55:00,178.89,179.05,178.86,178.98,246861
2023-08-14 15:00:00,178.99,179.02,178.91,178.95,184898
2023-08-14 15:05:00,178.955,179.07,178.94,179.05,288551
2023-08-14 15:10:00,179.04,179.11,178.85,178.885,282436
2023-08-14 15:15:00,178.885,179.06,178.83,179.0,286907
2023-08-14 15:20:00,178.99,179.145,178.87,179.125,251092
2023-08-14 15:25:00,179.1201,179.14,178.99,178.99,254540
2023-08-14 15:30:00,178.99,179.01,178.92,178.965,296978
2023-08-14 15:35:00,178.96,179.02,178.86,178.96,413831
2023-08-14 15:40:00,178.96,179.14,178.96,179.13,369957
2023-08-14 15:45:00,179.13,179.2,179.06,179.13,499351
2023-08-14 15:50:00,179.128,179.128,179.0,179.01,358637
2023-08-14 15:55:00,179.0114,179.04,178.9,178.95,599565
2023-08-14 16:00:00,178.96,179.52,178.95,179.51,1484295
2023-08-15 09:30:00,178.93,179.1999,178.88,179.09,596178
2023-08-15 09:35:00,179.11,179.48,178.895,179.18,809823
2023-08-15 09:40:00,179.17,179.27,178.9,178.98,552747
2023-08-15 09:45:00,178.985,179.19,178.62,178.66,525703
2023-08-15 09:50:00,178.65,178.74,178.46,178.715,464867
2023-08-15 09:55:00,178.715,178.89,178.6,178.63,623941
2023-08-15 10:00:00,178.63,178.7,178.33,178.44,630635
2023-08-15 10:05:00,178.44,178.48,177.9487,177.9701,722518
2023-08-15 10:10:00,177.97,178.03,177.74,177.915,747095
2023-08-15 10:15:00,177.915,177.99,177.85,177.95,479332
2023-08-15 10:20:00,177.945,178.03,177.81,177.965,489550
2023-08-15 10:25:00,177.98,178.11,177.53,177.6374,671082
2023-08-15 10:30:00,177.63,177.87,177.61,177.715,558290
2023-08-15 10:35:00,177.71,177.735,177.53,177.59,536711
2023-08-15 10:40:00,177.5854,177.65,177.38,177.52,580702
2023-08-15 10:45:00,177.52,177.7,177.5,177.6457,489726
2023-08-15 10:50:00,177.64,177.83,177.58,177.775,399098
2023-08-15 10:55:00,177.775,177.8499,177.71,177.745,285006
2023-08-15 11:00:00,177.76,177.89,177.685,177.84,339659
2023-08-15 11:05:00,177.83,178.13,177.77,178.06,402651
2023-08-15 11:10:00,178.05,178.13,177.95,178.05,281296
2023-08-15 11:15:00,178.06,178.16,178.0,178.025,291967
2023-08-15 11:20:00,178.03,178.23,178.0,178.02,297976
2023-08-15 11:25:00,178.025,178.1112,177.93,177.97,256340
2023-08-15 11:30:00,177.96,178.22,177.86,178.105,379354
2023-08-15 11:35:00,178.1,178.35,178.08,178.2997,248943
2023-08-15 11:40:00,178.2811,178.34,178.24,178.26,271133
2023-08-15 11:45:00,178.26,178.395,178.071,178.1431,254545
2023-08-15 11:50:00,178.15,178.2,177.99,178.125,219981
2023-08-15 11:55:00,178.13,178.27,178.105,178.27,174202
2023-08-15 12:00:00,178.27,178.44,178.215,178.4399,211877
2023-08-15 12:05:00,178.425,178.43,178.155,178.18,277209
2023-08-15 12:10:00,178.18,178.1986,177.92,177.97,273333
2023-08-15 12:15:00,177.975,178.07,177.85,177.9701,257717
2023-08-15 12:20:00,177.97,178.18,177.925,178.16,173759
2023-08-15 12:25:00,178.16,178.3,178.16,178.23,188137
2023-08-15 12:30:00,178.24,178.25,178.11,178.15,209051
2023-08-15 12:35:00,178.1451,178.2009,177.975,177.9899,192425
2023-08-15 12:40:00,177.9829,178.09,177.94,178.04,136348
2023-08-15 12:45:00,178.0399,178.1099,177.955,177.97,133177
2023-08-15 12:50:00,177.98,177.99,177.86,177.89,175700
2023-08-15 12:55:00,177.8999,177.9,177.781,177.79,187198
2023-08-15 13:00:00,177.795,177.99,177.7928,177.9286,201069
2023-08-15 13:05:00,177.93,178.06,177.9,177.92,175194
2023-08-15 13:10:00,177.92,177.97,177.82,177.97,165964
2023-08-15 13:15:00,177.96,178.11,177.9152,178.105,174318
2023-08-15 13:20:00,178.1,178.2,178.06,178.0699,184085
2023-08-15 13:25:00,178.08,178.19,178.05,178.165,157511
2023-08-15 13:30:00,178.16,178.24,178.06,178.075,208139
2023-08-15 13:35:00,178.08,178.09,177.78,177.78,217736
2023-08-15 13:40:00,177.79,177.88,177.71,177.75,229925
2023-08-15 13:45:00,177.7468,177.8,177.62,177.68,246446
2023-08-15 13:50:00,177.68,177.7401,177.63,177.71,196767
2023-08-15 13:55:00,177.7115,177.8299,177.67,177.775,184330
2023-08-15 14:00:00,177.778,177.9,177.74,177.83,148494
2023-08-15 14:05:00,177.84,177.8785,177.74,177.825,137640
2023-08-15 14:10:00,177.82,177.95,177.8001,177.9399,183073
2023-08-15 14:15:00,177.94,177.985,177.86,177.87,174416
2023-08-15 14:20:00,177.86,177.97,177.855,177.94,109328
2023-08-15 14:25:00,177.93,177.975,177.83,177.89,197085
2023-08-15 14:30:00,177.88,177.99,177.87,177.9805,150351
2023-08-15 14:35:00,177.98,178.19,177.935,178.18,216305
2023-08-15 14:40:00,178.18,178.19,178.02,178.0912,164301
2023-08-15 14:45:00,178.09,178.16,178.0426,178.155,143780
2023-08-15 14:50:00,178.15,178.235,178.0601,178.08,180418
2023-08-15 14:55:00,178.09,178.1293,178.0714,178.1099,100821
2023-08-15 15:00:00,178.1087,178.1087,177.93,177.975,211888
2023-08-15 15:05:00,177.975,178.075,177.9295,177.96,193258
2023-08-15 15:10:00,177.96,178.02,177.88,177.9807,220352
2023-08-15 15:15:00,177.98,177.99,177.75,177.7672,294174
2023-08-15 15:20:00,177.765,177.92,177.73,177.88,301911
2023-08-15 15:25:00,177.885,177.94,177.62,177.64,313038
2023-08-15 15:30:00,177.64,177.665,177.195,177.28,812056
2023-08-15 15:35:00,177.27,177.36,177.19,177.27,586461
2023-08-15 15:40:00,177.2609,177.33,177.1,177.155,459557
2023-08-15 15:45:00,177.155,177.27,177.05,177.27,485597
2023-08-15 15:50:00,177.27,177.435,177.15,177.325,562372
2023-08-15 15:55:00,177.325,177.525,177.25,177.5,745236
2023-08-15 16:00:00,177.495,177.72,177.42,177.48,1586042
2023-08-16 09:30:00,177.13,177.64,177.0,177.495,745211
2023-08-16 09:35:00,177.49,177.4936,176.84,177.06,764061
2023-08-16 09:40:00,177.07,177.95,177.06,177.815,812436
2023-08-16 09:45:00,177.815,177.968,177.56,177.5753,540659
2023-08-16 09:50:00,177.575,178.19,177.5,177.9499,693326
2023-08-16 09:55:00,177.94,177.99,177.76,177.87,489606
2023-08-16 10:00:00,177.875,178.06,177.79,177.85,409373
2023-08-16 10:05:00,177.85,177.86,177.625,177.7915,429183
2023-08-16 10:10:00,177.79,178.32,177.785,178.32,534590
2023-08-16 10:15:00,178.315,178.44,178.23,178.3699,459679
2023-08-16 10:20:00,178.37,178.54,178.25,178.41,405649
2023-08-16 10:25:00,178.41,178.43,178.01,178.04,290957
2023-08-16 10:30:00,178.045,178.09,177.79,177.88,438751
2023-08-16 10:35:00,177.88,177.98,177.805,177.98,385143
2023-08-16 10:40:00,177.985,178.0853,177.815,178.0,365005
2023-08-16 10:45:00,178.01,178.31,177.93,178.13,434589
2023-08-16 10:50:00,178.125,178.16,177.77,177.8,337143
2023-08-16 10:55:00,177.8,178.0,177.8,177.92,255624
2023-08-16 11:00:00,177.9297,178.335,177.89,178.295,355226
2023-08-16 11:05:00,178.285,178.285,178.005,178.13,358565
2023-08-16 11:10:00,178.13,178.14,177.9,177.9467,229723
2023-08-16 11:15:00,177.945,177.99,177.845,177.88,229159
2023-08-16 11:20:00,177.88,177.92,177.68,177.83,320539
2023-08-16 11:25:00,177.8385,177.945,177.75,177.87,283260
2023-08-16 11:30:00,177.87,177.87,177.69,177.8,210691
2023-08-16 11:35:00,177.8,177.86,177.68,177.8201,223450
2023-08-16 11:40:00,177.825,177.91,177.75,177.79,194885
2023-08-16 11:45:00,177.79,177.85,177.67,177.73,215715
2023-08-16 11:50:00,177.73,177.76,177.5,177.66,351458
2023-08-16 11:55:00,177.6599,177.89,177.62,177.855,378628
2023-08-16 12:00:00,177.8519,177.865,177.5,177.57,352463
2023-08-16 12:05:00,177.56,177.665,177.54,177.63,212525
2023-08-16 12:10:00,177.63,177.64,177.31,177.3689,341405
2023-08-16 12:15:00,177.36,177.52,177.305,177.495,395169
2023-08-16 12:20:00,177.49,177.51,177.36,177.395,257222
2023-08-16 12:25:00,177.4,177.55,177.37,177.46,248151
2023-08-16 12:30:00,177.46,177.53,177.345,177.345,237534
2023-08-16 12:35:00,177.345,177.55,177.32,177.48,251874
2023-08-16 12:40:00,177.49,177.73,177.48,177.671,292085
2023-08-16 12:45:00,177.67,177.84,177.65,177.805,271509
2023-08-16 12:50:00,177.8,177.8,177.64,177.68,167815
2023-08-16 12:55:00,177.68,177.69,177.57,177.6701,207279
2023-08-16 13:00:00,177.675,177.7378,177.56,177.71,211916
2023-08-16 13:05:00,177.72,177.95,177.66,177.7699,330456
2023-08-16 13:10:00,177.76,177.78,177.42,177.425,330897
2023-08-16 13:15:00,177.43,177.65,177.38,177.63,228962
2023-08-16 13:20:00,177.6297,177.77,177.6297,177.73,182386
2023-08-16 13:25:00,177.72,177.9499,177.71,177.9,282081
2023-08-16 13:30:00,177.9,177.95,177.7001,177.75,195634
2023-08-16 13:35:00,177.749,177.85,177.71,177.79,163980
2023-08-16 13:40:00,177.8,177.94,177.73,177.91,177849
2023-08-16 13:45:00,177.905,178.2508,177.9,178.195,371342
2023-08-16 13:50:00,178.18,178.3771,178.12,178.175,248458
2023-08-16 13:55:00,178.18,178.2,178.06,178.1206,207404
2023-08-16 14:00:00,178.12,178.14,177.93,177.96,199096
2023-08-16 14:05:00,177.96,178.11,177.61,177.7661,367735
2023-08-16 14:10:00,177.77,177.79,177.42,177.425,351104
2023-08-16 14:15:00,177.42,177.64,177.31,177.61,399022
2023-08-16 14:20:00,177.6,178.13,177.58,178.06,382827
2023-08-16 14:25:00,178.07,178.22,177.94,177.97,370748
2023-08-16 14:30:00,177.96,178.24,177.88,178.205,313503
2023-08-16 14:35:00,178.2,178.31,178.06,178.165,311036
2023-08-16 14:40:00,178.16,178.22,178.0196,178.07,196802
2023-08-16 14:45:00,178.05,178.06,177.65,177.95,341926
2023-08-16 14:50:00,177.94,177.98,177.57,177.6,286347
2023-08-16 14:55:00,177.5999,177.7199,177.53,177.64,275411
2023-08-16 15:00:00,177.64,177.8,177.58,177.6071,275073
2023-08-16 15:05:00,177.6,177.68,177.48,177.5,359215
2023-08-16 15:10:00,177.49,177.61,177.32,177.322,374763
2023-08-16 15:15:00,177.3201,177.33,176.85,176.88,871375
2023-08-16 15:20:00,176.865,177.1899,176.85,177.15,509182
2023-08-16 15:25:00,177.15,177.18,176.97,177.01,301704
2023-08-16 15:30:00,177.03,177.13,176.98,177.0101,309082
2023-08-16 15:35:00,177.005,177.3092,177.0,177.255,397944
2023-08-16 15:40:00,177.25,177.25,177.0,177.015,334652
2023-08-16 15:45:00,177.015,177.13,176.94,177.05,492115
2023-08-16 15:50:00,177.0485,177.125,176.89,176.89,443722
2023-08-16 15:55:00,176.89,177.03,176.61,176.75,1053065
2023-08-16 16:00:00,176.75,176.75,176.5,176.5586,1757985
2023-08-17 09:30:00,177.2,177.5054,177.07,177.34,854460
2023-08-17 09:35:00,177.34,177.42,176.9,177.08,672341
2023-08-17 09:40:00,177.07,177.28,176.68,176.76,591590
2023-08-17 09:45:00,176.7677,177.0,176.21,176.215,893475
2023-08-17 09:50:00,176.2299,176.34,176.06,176.17,820211
2023-08-17 09:55:00,176.17,176.1799,175.3,175.31,1519611
2023-08-17 10:00:00,175.32,175.64,175.23,175.53,928409
2023-08-17 10:05:00,175.515,175.59,175.26,175.335,848736
2023-08-17 10:10:00,175.3499,175.43,174.3,174.45,2535829
2023-08-17 10:15:00,174.46,174.86,174.285,174.75,1096715
2023-08-17 10:20:00,174.76,175.061,174.66,174.98,772391
2023-08-17 10:25:00,174.97,175.135,174.63,174.6399,577350
2023-08-17 10:30:00,174.65,174.99,174.59,174.91,446305
2023-08-17 10:35:00,174.9017,175.0,174.3308,174.37,718375
2023-08-17 10:40:00,174.375,174.41,174.04,174.08,1050585
2023-08-17 10:45:00,174.09,174.27,173.885,174.225,894467
2023-08-17 10:50:00,174.22,174.37,174.17,174.31,503653
2023-08-17 10:55:00,174.31,174.55,174.2801,174.46,433042
2023-08-17 11:00:00,174.4543,174.5,173.835,173.8388,545054
2023-08-17 11:05:00,173.8387,174.33,173.83,174.32,492410
2023-08-17 11:10:00,174.315,174.36,174.07,174.15,356302
2023-08-17 11:15:00,174.1452,174.33,174.12,174.21,330841
2023-08-17 11:20:00,174.21,174.36,174.19,174.2427,300291
2023-08-17 11:25:00,174.24,174.65,174.15,174.51,485606
2023-08-17 11:30:00,174.51,174.5108,174.235,174.29,315049
2023-08-17 11:35:00,174.285,174.375,174.1,174.3,371464
2023-08-17 11:40:00,174.3001,174.5691,174.24,174.525,425688
2023-08-17 11:45:00,174.5214,174.67,174.4,174.42,299243
2023-08-17 11:50:00,174.43,174.55,174.27,174.32,330825
2023-08-17 11:55:00,174.32,174.6099,174.305,174.5633,345041
2023-08-17 12:00:00,174.57,174.67,174.512,174.602,292943
2023-08-17 12:05:00,174.6,174.77,174.57,174.66,276923
2023-08-17 12:10:00,174.65,174.78,174.41,174.76,295782
2023-08-17 12:15:00,174.77,174.83,174.69,174.73,219023
2023-08-17 12:20:00,174.73,174.85,174.66,174.74,308532
2023-08-17 12:25:00,174.74,174.9316,174.71,174.85,452871
2023-08-17 12:30:00,174.85,175.02,174.84,174.975,421517
2023-08-17 12:35:00,174.9768,174.99,174.753,174.81,246747
2023-08-17 12:40:00,174.81,174.8282,174.64,174.8105,215273
2023-08-17 12:45:00,174.815,174.92,174.7,174.71,251523
2023-08-17 12:50:00,174.7001,174.86,174.6618,174.84,300987
2023-08-17 12:55:00,174.835,175.055,174.77,174.99,282942
2023-08-17 13:00:00,174.99,175.09,174.9501,175.008,324165
2023-08-17 13:05:00,175.0,175.08,174.96,175.08,300133
2023-08-17 13:10:00,175.08,175.08,174.84,174.86,282263
2023-08-17 13:15:00,174.8501,175.07,174.8109,175.03,224609
2023-08-17 13:20:00,175.0399,175.04,174.66,174.67,279686
2023-08-17 13:25:00,174.67,174.73,174.56,174.57,318533
2023-08-17 13:30:00,174.578,174.62,174.45,174.495,289947
2023-08-17 13:35:00,174.5,174.56,174.46,174.475,270808
2023-08-17 13:40:00,174.47,174.5499,174.4,174.46,210058
2023-08-17 13:45:00,174.47,174.47,174.08,174.16,488031
2023-08-17 13:50:00,174.1694,174.24,174.09,174.22,386812
2023-08-17 13:55:00,174.2172,174.38,174.2172,174.2499,248763
2023-08-17 14:00:00,174.24,174.28,174.121,174.21,303708
2023-08-17 14:05:00,174.21,174.31,173.98,174.125,405449
2023-08-17 14:10:00,174.125,174.35,174.06,174.2742,237929
2023-08-17 14:15:00,174.27,174.29,174.13,174.14,332038
2023-08-17 14:20:00,174.14,174.23,174.05,174.12,261009
2023-08-17 14:25:00,174.11,174.24,173.945,174.17,394115
2023-08-17 14:30:00,174.1694,174.29,174.155,174.1799,240944
2023-08-17 14:35:00,174.1788,174.18,173.97,174.03,339368
2023-08-17 14:40:00,174.0357,174.23,173.97,174.11,289844
2023-08-17 14:45:00,174.105,174.19,173.83,173.945,453109
2023-08-17 14:50:00,173.95,174.195,173.93,174.1809,312157
2023-08-17 14:55:00,174.18,174.19,173.77,173.82,473308
2023-08-17 15:00:00,173.82,174.015,173.715,174.0122,414409
2023-08-17 15:05:00,174.02,174.07,173.81,173.91,395256
2023-08-17 15:10:00,173.905,174.0883,173.8027,173.8638,523485
2023-08-17 15:15:00,173.86,173.86,173.48,173.52,619856
2023-08-17 15:20:00,173.52,173.89,173.51,173.83,484121
2023-08-17 15:25:00,173.825,174.01,173.6006,173.99,541589
2023-08-17 15:30:00,173.995,174.15,173.94,174.12,453069
2023-08-17 15:35:00,174.12,174.12,173.66,173.79,532398
2023-08-17 15:40:00,173.78,174.05,173.77,174.0201,501889
2023-08-17 15:45:00,174.025,174.06,173.74,173.7475,507090
2023-08-17 15:50:00,173.765,174.28,173.75,174.22,856204
2023-08-17 15:55:00,174.22,174.89,174.12,174.62,1494805
2023-08-17 16:00:00,174.62,174.65,173.89,173.99,1897756
2023-08-18 09:30:00,172.3,173.09,171.96,172.945,2710293
2023-08-18 09:35:00,172.96,173.35,172.51,172.8,1003401
2023-08-18 09:40:00,172.785,173.14,172.62,172.778,878996
2023-08-18 09:45:00,172.76,172.84,172.34,172.41,888047
2023-08-18 09:50:00,172.41,173.09,172.35,173.02,863653
2023-08-18 09:55:00,173.02,173.11,172.49,172.52,511957
2023-08-18 10:00:00,172.52,172.64,172.3955,172.56,507498
2023-08-18 10:05:00,172.55,172.8544,172.44,172.795,583817
2023-08-18 10:10:00,172.795,172.94,172.62,172.8288,551781
2023-08-18 10:15:00,172.83,173.12,172.79,173.0083,682899
2023-08-18 10:20:00,173.005,173.14,172.64,173.06,885922
2023-08-18 10:25:00,173.05,173.36,173.05,173.15,598128
2023-08-18 10:30:00,173.1483,173.1678,172.76,172.81,529734
2023-08-18 10:35:00,172.82,173.27,172.8122,173.23,529805
2023-08-18 10:40:00,173.2399,173.75,173.215,173.75,788452
2023-08-18 10:45:00,173.745,173.75,173.54,173.655,519595
2023-08-18 10:50:00,173.6507,173.77,173.3834,173.3834,506953
2023-08-18 10:55:00,173.4,173.69,173.28,173.645,485495
2023-08-18 11:00:00,173.64,173.94,173.52,173.94,474613
2023-08-18 11:05:00,173.94,173.95,173.595,173.62,397293
2023-08-18 11:10:00,173.62,173.655,173.33,173.6,424380
2023-08-18 11:15:00,173.61,173.82,173.5798,173.7098,325041
2023-08-18 11:20:00,173.71,173.855,173.5914,173.601,314196
2023-08-18 11:25:00,173.6002,173.8999,173.6002,173.6642,325829
2023-08-18 11:30:00,173.665,173.8,173.361,173.39,379077
2023-08-18 11:35:00,173.4,173.63,173.39,173.525,437605
2023-08-18 11:40:00,173.52,173.71,173.36,173.41,351206
2023-08-18 11:45:00,173.4,173.78,173.281,173.77,380690
2023-08-18 11:50:00,173.75,173.93,173.63,173.91,281458
2023-08-18 11:55:00,173.91,174.15,173.89,174.11,409190
2023-08-18 12:00:00,174.12,174.37,174.1088,174.21,453363
2023-08-18 12:05:00,174.22,174.44,174.1731,174.3701,308424
2023-08-18 12:10:00,174.37,174.43,174.22,174.23,285720
2023-08-18 12:15:00,174.24,174.265,173.9,173.905,516798
2023-08-18 12:20:00,173.91,173.99,173.7401,173.9031,446537
2023-08-18 12:25:00,173.91,173.95,173.7789,173.84,330735
2023-08-18 12:30:00,173.84,173.89,173.781,173.82,227126
2023-08-18 12:35:00,173.83,174.02,173.81,173.99,244124
2023-08-18 12:40:00,173.98,174.04,173.84,174.0,240190
2023-08-18 12:45:00,174.0005,174.24,173.9513,174.14,410279
2023-08-18 12:50:00,174.14,174.36,174.14,174.2901,272089
2023-08-18 12:55:00,174.29,174.365,174.145,174.145,247060
2023-08-18 13:00:00,174.14,174.18,173.87,173.89,256152
2023-08-18 13:05:00,173.9,174.24,173.9,174.22,256778
2023-08-18 13:10:00,174.21,174.28,173.98,173.98,370088
2023-08-18 13:15:00,173.99,174.3,173.99,174.28,253284
2023-08-18 13:20:00,174.27,174.36,174.07,174.1,251561
2023-08-18 13:25:00,174.11,174.17,173.835,173.915,400385
2023-08-18 13:30:00,173.91,174.37,173.8201,174.33,382529
2023-08-18 13:35:00,174.32,174.41,174.22,174.2789,390007
2023-08-18 13:40:00,174.27,174.39,174.125,174.24,330227
2023-08-18 13:45:00,174.2126,174.32,174.15,174.2984,154196
2023-08-18 13:50:00,174.29,174.47,174.29,174.42,234352
2023-08-18 13:55:00,174.4199,174.47,174.3329,174.34,246864
2023-08-18 14:00:00,174.35,174.45,174.29,174.43,193604
2023-08-18 14:05:00,174.425,174.68,174.35,174.65,387915
2023-08-18 14:10:00,174.65,174.7499,174.435,174.4598,427242
2023-08-18 14:15:00,174.4466,174.57,174.33,174.57,435916
2023-08-18 14:20:00,174.56,174.6,174.295,174.5808,271497
2023-08-18 14:25:00,174.58,174.6483,174.39,174.4103,282004
2023-08-18 14:30:00,174.41,174.59,174.34,174.52,280364
2023-08-18 14:35:00,174.51,174.7811,174.49,174.76,380940
2023-08-18 14:40:00,174.76,174.88,174.6301,174.8701,307079
2023-08-18 14:45:00,174.86,174.87,174.56,174.61,308680
2023-08-18 14:50:00,174.62,174.79,174.52,174.56,284401
2023-08-18 14:55:00,174.56,174.6,174.36,174.4059,337968
2023-08-18 15:00:00,174.405,174.52,174.23,174.295,316140
2023-08-18 15:05:00,174.29,174.38,174.22,174.34,294868
2023-08-18 15:10:00,174.335,174.5,174.19,174.3,304860
2023-08-18 15:15:00,174.28,174.31,174.095,174.24,350132
2023-08-18 15:20:00,174.24,174.4946,174.14,174.48,371870
2023-08-18 15:25:00,174.46,174.4999,174.1555,174.26,327041
2023-08-18 15:30:00,174.265,174.55,174.26,174.43,360681
2023-08-18 15:35:00,174.42,174.5483,174.38,174.42,281427
2023-08-18 15:40:00,174.42,174.6499,174.39,174.6499,302620
2023-08-18 15:45:00,174.65,174.9,174.6,174.89,506830
2023-08-18 15:50:00,174.88,175.1,174.81,174.905,1168547
2023-08-18 15:55:00,174.91,174.95,174.26,174.57,1167110
2023-08-18 16:00:00,174.57,174.57,174.15,174.49,1920362
2023-08-21 09:30:00,175.1,175.12,174.66,174.732,805654
2023-08-21 09:35:00,174.74,175.02,174.35,174.81,833980
2023-08-21 09:40:00,174.8098,175.23,174.755,175.1,584191
2023-08-21 09:45:00,175.12,175.3283,174.96,175.06,641268
2023-08-21 09:50:00,175.05,175.06,174.6351,174.72,486643
2023-08-21 09:55:00,174.72,174.94,174.59,174.93,368843
2023-08-21 10:00:00,174.9201,175.435,174.9,175.32,713260
2023-08-21 10:05:00,175.3388,175.43,175.24,175.345,441815
2023-08-21 10:10:00,175.3547,175.57,175.081,175.09,623825
2023-08-21 10:15:00,175.0909,175.1,174.575,174.6085,593182
2023-08-21 10:20:00,174.6001,174.79,174.58,174.69,418478
2023-08-21 10:25:00,174.69,174.74,174.2,174.205,633176
2023-08-21 10:30:00,174.2,174.22,173.92,174.115,625000
2023-08-21 10:35:00,174.115,174.36,174.03,174.342,489440
2023-08-21 10:40:00,174.3416,174.36,174.105,174.35,287708
2023-08-21 10:45:00,174.34,174.465,174.25,174.3776,307963
2023-08-21 10:50:00,174.37,174.62,174.35,174.4,414707
2023-08-21 10:55:00,174.39,174.44,174.19,174.35,262485
2023-08-21 11:00:00,174.35,174.4,174.095,174.24,352047
2023-08-21 11:05:00,174.24,174.47,174.2,174.45,286037
2023-08-21 11:10:00,174.46,174.46,174.01,174.055,269024
2023-08-21 11:15:00,174.055,174.11,173.79,173.8099,430301
2023-08-21 11:20:00,173.8,173.999,173.735,173.99,272730
2023-08-21 11:25:00,173.9895,174.0613,173.86,173.915,236247
2023-08-21 11:30:00,173.91,174.109,173.86,174.095,321274
2023-08-21 11:35:00,174.1,174.24,174.0506,174.168,263537
2023-08-21 11:40:00,174.16,174.22,173.955,173.955,267183
2023-08-21 11:45:00,173.95,174.07,173.8601,174.05,229427
2023-08-21 11:50:00,174.05,174.23,173.96,174.185,284109
2023-08-21 11:55:00,174.185,174.2006,173.96,174.12,300200
2023-08-21 12:00:00,174.125,174.28,174.07,174.27,217961
2023-08-21 12:05:00,174.26,174.375,174.19,174.255,213278
2023-08-21 12:10:00,174.26,174.31,174.06,174.09,228759
2023-08-21 12:15:00,174.09,174.48,174.05,174.45,234179
2023-08-21 12:20:00,174.45,174.63,174.43,174.57,342547
2023-08-21 12:25:00,174.57,174.8017,174.5384,174.7504,368584
2023-08-21 12:30:00,174.755,174.86,174.72,174.845,293577
2023-08-21 12:35:00,174.85,174.8569,174.68,174.75,317194
2023-08-21 12:40:00,174.76,174.87,174.72,174.87,149665
2023-08-21 12:45:00,174.86,175.01,174.83,174.94,273570
2023-08-21 12:50:00,174.95,175.07,174.8838,175.04,205522
2023-08-21 12:55:00,175.04,175.06,174.915,174.98,205627
2023-08-21 13:00:00,174.975,175.14,174.96,175.115,479391
2023-08-21 13:05:00,175.119,175.17,174.86,175.01,292538
2023-08-21 13:10:00,175.005,175.09,174.98,175.02,262825
2023-08-21 13:15:00,175.02,175.03,174.865,174.93,168511
2023-08-21 13:20:00,174.935,175.2,174.87,175.19,267589
2023-08-21 13:25:00,175.19,175.41,175.16,175.405,339781
2023-08-21 13:30:00,175.405,175.525,175.29,175.301,328675
2023-08-21 13:35:00,175.3,175.5,175.29,175.4497,191557
2023-08-21 13:40:00,175.45,175.56,175.35,175.52,257348
2023-08-21 13:45:00,175.52,175.61,175.47,175.605,331736
2023-08-21 13:50:00,175.605,175.61,175.42,175.46,215792
2023-08-21 13:55:00,175.45,175.46,175.32,175.3535,207388
2023-08-21 14:00:00,175.365,175.4,175.18,175.27,255736
2023-08-21 14:05:00,175.27,175.35,175.12,175.21,197106
2023-08-21 14:10:00,175.205,175.4364,175.19,175.4364,215382
2023-08-21 14:15:00,175.43,175.53,175.37,175.528,196781
2023-08-21 14:20:00,175.52,175.7399,175.5001,175.738,345002
2023-08-21 14:25:00,175.7348,175.75,175.45,175.45,210849
2023-08-21 14:30:00,175.44,175.65,175.4326,175.62,173527
2023-08-21 14:35:00,175.62,175.645,175.4729,175.605,220096
2023-08-21 14:40:00,175.61,175.78,175.57,175.775,189269
2023-08-21 14:45:00,175.78,175.86,175.69,175.79,279269
2023-08-21 14:50:00,175.795,175.91,175.795,175.81,237044
2023-08-21 14:55:00,175.81,175.86,175.66,175.67,270505
2023-08-21 15:00:00,175.665,175.74,175.6321,175.7209,284341
2023-08-21 15:05:00,175.73,175.905,175.71,175.9007,336776
2023-08-21 15:10:00,175.9013,175.91,175.73,175.79,365457
2023-08-21 15:15:00,175.7922,175.958,175.73,175.92,282141
2023-08-21 15:20:00,175.92,175.96,175.84,175.895,260420
2023-08-21 15:25:00,175.8922,175.9782,175.835,175.9463,249705
2023-08-21 15:30:00,175.945,175.945,175.68,175.73,393731
2023-08-21 15:35:00,175.735,175.885,175.64,175.86,383717
2023-08-21 15:40:00,175.87,176.04,175.83,176.0286,391963
2023-08-21 15:45:00,176.03,176.13,176.02,176.0801,526723
2023-08-21 15:50:00,176.08,176.085,175.91,175.9255,558743
2023-08-21 15:55:00,175.93,176.095,175.8,175.945,685680
2023-08-21 16:00:00,175.94,175.96,175.698,175.8,1347592
2023-08-22 09:30:00,177.06,177.15,176.58,176.603,889165
2023-08-22 09:35:00,176.62,176.75,176.25,176.67,983946
2023-08-22 09:40:00,176.66,176.75,176.35,176.43,591400
2023-08-22 09:45:00,176.44,176.695,176.32,176.56,539716
2023-08-22 09:50:00,176.56,176.93,176.45,176.4929,629264
2023-08-22 09:55:00,176.5,176.6,176.33,176.36,415843
2023-08-22 10:00:00,176.3599,176.62,176.3199,176.38,527200
2023-08-22 10:05:00,176.37,176.67,176.33,176.44,386915
2023-08-22 10:10:00,176.43,176.7187,176.43,176.61,335579
2023-08-22 10:15:00,176.61,177.08,176.61,177.0797,471793
2023-08-22 10:20:00,177.0774,177.09,176.74,176.88,418853
2023-08-22 10:25:00,176.89,177.0446,176.671,176.8,416912
2023-08-22 10:30:00,176.8099,176.98,176.64,176.945,338634
2023-08-22 10:35:00,176.945,176.9462,176.32,176.335,549329
2023-08-22 10:40:00,176.3299,176.63,176.26,176.51,330811
2023-08-22 10:45:00,176.51,176.7482,176.43,176.64,283061
2023-08-22 10:50:00,176.64,176.84,176.64,176.84,304131
2023-08-22 10:55:00,176.84,177.225,176.835,177.2,482548
2023-08-22 11:00:00,177.21,177.3174,177.16,177.2101,484860
2023-08-22 11:05:00,177.2269,177.43,177.031,177.065,661461
2023-08-22 11:10:00,177.07,177.1899,176.9534,177.03,414084
2023-08-22 11:15:00,177.02,177.335,176.76,176.81,585240
2023-08-22 11:20:00,176.8,177.04,176.78,177.04,250317
2023-08-22 11:25:00,177.05,177.31,176.98,177.055,356517
2023-08-22 11:30:00,177.06,177.325,177.05,177.09,244692
2023-08-22 11:35:00,177.09,177.32,177.05,177.16,205803
2023-08-22 11:40:00,177.15,177.24,176.88,176.9112,462332
2023-08-22 11:45:00,176.915,177.0,176.75,176.8445,301827
2023-08-22 11:50:00,176.85,177.0097,176.83,176.88,199060
2023-08-22 11:55:00,176.891,176.8999,176.58,176.63,402484
2023-08-22 12:00:00,176.63,176.77,176.61,176.69,219932
2023-08-22 12:05:00,176.695,176.79,176.6,176.7399,214796
2023-08-22 12:10:00,176.735,176.79,176.67,176.725,246740
2023-08-22 12:15:00,176.72,176.77,176.371,176.3999,380137
2023-08-22 12:20:00,176.39,176.55,176.27,176.46,264003
2023-08-22 12:25:00,176.475,176.62,176.4668,176.6,344876
2023-08-22 12:30:00,176.59,176.93,176.58,176.89,289222
2023-08-22 12:35:00,176.89,177.06,176.84,177.03,400505
2023-08-22 12:40:00,177.0231,177.3,177.0201,177.24,324859
2023-08-22 12:45:00,177.25,177.34,177.24,177.3,241903
2023-08-22 12:50:00,177.3003,177.35,177.24,177.26,218158
2023-08-22 12:55:00,177.2625,177.3799,177.26,177.29,266673
2023-08-22 13:00:00,177.3,177.34,177.0,177.1,369875
2023-08-22 13:05:00,177.11,177.11,176.77,176.82,332972
2023-08-22 13:10:00,176.82,177.12,176.81,176.94,309531
2023-08-22 13:15:00,176.93,177.09,176.84,176.905,315808
2023-08-22 13:20:00,176.9,177.24,176.83,177.2,414567
2023-08-22 13:25:00,177.195,177.245,176.98,177.05,190415
2023-08-22 13:30:00,177.04,177.14,177.0,177.0031,177763
2023-08-22 13:35:00,177.01,177.1999,176.98,177.0824,207634
2023-08-22 13:40:00,177.077,177.255,176.885,176.97,350242
2023-08-22 13:45:00,176.955,177.1,176.95,177.02,133868
2023-08-22 13:50:00,177.03,177.09,176.83,176.87,209227
2023-08-22 13:55:00,176.87,177.0,176.8031,176.93,227758
2023-08-22 14:00:00,176.93,177.1,176.895,176.95,220990
2023-08-22 14:05:00,176.94,177.11,176.84,176.995,242353
2023-08-22 14:10:00,177.0,177.22,176.97,177.19,221378
2023-08-22 14:15:00,177.185,177.22,176.93,177.02,201950
2023-08-22 14:20:00,177.02,177.1,176.88,176.92,185628
2023-08-22 14:25:00,176.91,177.08,176.9,177.05,157782
2023-08-22 14:30:00,177.04,177.25,176.99,177.21,184699
2023-08-22 14:35:00,177.2,177.33,177.18,177.3,209014
2023-08-22 14:40:00,177.3,177.315,177.04,177.055,226591
2023-08-22 14:45:00,177.06,177.17,177.02,177.07,230675
2023-08-22 14:50:00,177.06,177.2291,177.045,177.22,205448
2023-08-22 14:55:00,177.225,177.265,177.18,177.21,156035
2023-08-22 15:00:00,177.21,177.41,177.205,177.405,336352
2023-08-22 15:05:00,177.4,177.43,177.2986,177.425,239546
2023-08-22 15:10:00,177.43,177.57,177.425,177.545,375788
2023-08-22 15:15:00,177.545,177.68,177.46,177.58,362241
2023-08-22 15:20:00,177.585,177.66,177.48,177.515,440086
2023-08-22 15:25:00,177.522,177.53,177.29,177.35,306014
2023-08-22 15:30:00,177.34,177.4399,177.1,177.19,539580
2023-08-22 15:35:00,177.195,177.27,177.12,177.165,338910
2023-08-22 15:40:00,177.17,177.21,177.1,177.11,303205
2023-08-22 15:45:00,177.1,177.23,177.08,177.23,442996
2023-08-22 15:50:00,177.235,177.2799,177.08,177.17,480675
2023-08-22 15:55:00,177.17,177.46,177.16,177.37,994526
2023-08-22 16:00:00,177.37,177.41,177.1,177.22,1439529
2023-08-23 09:30:00,178.56,178.69,178.325,178.5,885830
2023-08-23 09:35:00,178.52,179.25,178.49,179.16,1460981
2023-08-23 09:40:00,179.1531,179.3,178.7323,178.83,777638
2023-08-23 09:45:00,178.83,179.29,178.67,179.2802,724762
2023-08-23 09:50:00,179.29,179.69,179.17,179.63,1131916
2023-08-23 09:55:00,179.62,179.99,179.57,179.975,1033342
2023-08-23 10:00:00,179.97,180.17,179.66,179.665,1169768
2023-08-23 10:05:00,179.67,179.72,179.465,179.5401,684492
2023-08-23 10:10:00,179.55,180.0,179.55,179.975,595759
2023-08-23 10:15:00,179.98,180.15,179.865,180.145,520680
2023-08-23 10:20:00,180.145,180.2,179.92,179.99,708318
2023-08-23 10:25:00,180.0,180.39,179.96,180.345,671808
2023-08-23 10:30:00,180.34,180.39,180.08,180.18,495176
2023-08-23 10:35:00,180.17,180.33,180.08,180.21,460781
2023-08-23 10:40:00,180.21,180.42,180.07,180.42,432606
2023-08-23 10:45:00,180.42,180.85,180.4145,180.77,1050886
2023-08-23 10:50:00,180.78,181.1,180.76,181.0999,811585
2023-08-23 10:55:00,181.0918,181.27,181.09,181.205,700125
2023-08-23 11:00:00,181.1978,181.285,181.005,181.08,693463
2023-08-23 11:05:00,181.08,181.08,180.87,180.9608,478952
2023-08-23 11:10:00,180.97,181.1489,180.88,181.0001,435443
2023-08-23 11:15:00,181.0,181.17,180.9589,181.125,406211
2023-08-23 11:20:00,181.13,181.155,180.94,181.025,333542
2023-08-23 11:25:00,181.025,181.19,181.0201,181.1702,407227
2023-08-23 11:30:00,181.175,181.3311,181.09,181.1859,458116
2023-08-23 11:35:00,181.18,181.22,180.8,180.8399,467255
2023-08-23 11:40:00,180.83,181.0,180.8,180.94,403277
2023-08-23 11:45:00,180.94,180.97,180.8,180.88,311320
2023-08-23 11:50:00,180.875,181.1,180.79,181.08,612837
2023-08-23 11:55:00,181.08,181.27,181.04,181.26,384875
2023-08-23 12:00:00,181.255,181.31,181.1,181.16,328772
2023-08-23 12:05:00,181.165,181.17,180.85,180.89,258277
2023-08-23 12:10:00,180.895,180.97,180.8,180.8,237158
2023-08-23 12:15:00,180.805,180.95,180.78,180.79,237084
2023-08-23 12:20:00,180.795,180.88,180.63,180.6886,354690
2023-08-23 12:25:00,180.685,180.97,180.685,180.76,345292
2023-08-23 12:30:00,180.78,180.83,180.7231,180.79,250376
2023-08-23 12:35:00,180.775,180.8,180.65,180.735,242064
2023-08-23 12:40:00,180.74,180.8,180.74,180.78,209278
2023-08-23 12:45:00,180.77,180.8299,180.68,180.81,204442
2023-08-23 12:50:00,180.815,180.87,180.7095,180.811,191705
2023-08-23 12:55:00,180.81,180.92,180.721,180.78,209608
2023-08-23 13:00:00,180.78,180.81,180.665,180.7,249186
2023-08-23 13:05:00,180.695,180.855,180.63,180.805,200192
2023-08-23 13:10:00,180.805,180.87,180.78,180.835,133992
2023-08-23 13:15:00,180.83,180.94,180.815,180.94,129101
2023-08-23 13:20:00,180.945,181.26,180.94,181.25,712849
2023-08-23 13:25:00,181.245,181.29,181.16,181.2887,380798
2023-08-23 13:30:00,181.28,181.31,181.2,181.285,368108
2023-08-23 13:35:00,181.29,181.395,181.22,181.2499,428673
2023-08-23 13:40:00,181.242,181.255,181.14,181.2499,384829
2023-08-23 13:45:00,181.245,181.32,181.21,181.3051,203225
2023-08-23 13:50:00,181.305,181.44,181.29,181.39,311031
2023-08-23 13:55:00,181.4,181.5393,181.375,181.535,294937
2023-08-23 14:00:00,181.535,181.55,181.25,181.2672,310025
2023-08-23 14:05:00,181.27,181.31,181.229,181.265,226468
2023-08-23 14:10:00,181.26,181.27,181.12,181.1479,306303
2023-08-23 14:15:00,181.1463,181.21,181.1221,181.145,196854
2023-08-23 14:20:00,181.14,181.1701,180.8906,180.93,431207
2023-08-23 14:25:00,180.925,181.2,180.9,181.18,361148
2023-08-23 14:30:00,181.19,181.2,181.06,181.07,195713
2023-08-23 14:35:00,181.075,181.075,180.97,181.03,212779
2023-08-23 14:40:00,181.04,181.0799,180.8,180.81,330053
2023-08-23 14:45:00,180.82,180.9199,180.81,180.835,163628
2023-08-23 14:50:00,180.8301,181.0483,180.8301,180.93,208181
2023-08-23 14:55:00,180.92,181.06,180.915,181.05,218492
2023-08-23 15:00:00,181.05,181.09,180.89,180.97,224541
2023-08-23 15:05:00,180.975,181.13,180.81,181.0801,308873
2023-08-23 15:10:00,181.09,181.27,181.09,181.265,394867
2023-08-23 15:15:00,181.2601,181.31,181.22,181.27,254460
2023-08-23 15:20:00,181.275,181.35,181.24,181.3278,301827
2023-08-23 15:25:00,181.32,181.4779,181.25,181.47,368030
2023-08-23 15:30:00,181.475,181.54,181.37,181.47,456844
2023-08-23 15:35:00,181.47,181.53,181.3706,181.46,356044
2023-08-23 15:40:00,181.465,181.5,181.4202,181.495,346506
2023-08-23 15:45:00,181.495,181.54,181.31,181.345,566336
2023-08-23 15:50:00,181.345,181.47,181.27,181.2814,728848
2023-08-23 15:55:00,181.29,181.29,181.03,181.055,862296
2023-08-23 16:00:00,181.06,181.22,181.0,181.14,1323266
2023-08-24 09:30:00,180.73,180.77,180.41,180.52,901877
2023-08-24 09:35:00,180.53,181.104,179.69,179.8875,1273373
2023-08-24 09:40:00,179.88,179.99,179.61,179.86,706063
2023-08-24 09:45:00,179.845,180.27,179.75,180.02,616606
2023-08-24 09:50:00,180.01,180.1812,179.82,179.8477,436073
2023-08-24 09:55:00,179.8351,180.1066,179.76,180.02,577509
2023-08-24 10:00:00,180.03,180.2,179.95,180.0,570718
2023-08-24 10:05:00,179.99,179.99,179.675,179.745,387712
2023-08-24 10:10:00,179.75,179.8,179.0988,179.19,673480
2023-08-24 10:15:00,179.2,179.435,179.08,179.21,538959
2023-08-24 10:20:00,179.2,179.235,178.91,179.01,592237
2023-08-24 10:25:00,179.01,179.03,178.48,178.51,790211
2023-08-24 10:30:00,178.51,178.68,178.25,178.3293,598572
2023-08-24 10:35:00,178.32,178.42,178.08,178.11,701790
2023-08-24 10:40:00,178.11,178.32,178.04,178.07,758235
2023-08-24 10:45:00,178.075,178.12,177.68,177.74,794088
2023-08-24 10:50:00,177.7379,178.04,177.71,178.04,489272
2023-08-24 10:55:00,178.04,178.32,177.99,178.265,471526
2023-08-24 11:00:00,178.27,178.3101,177.65,177.76,493467
2023-08-24 11:05:00,177.75,178.0596,177.694,177.88,432936
2023-08-24 11:10:00,177.8788,178.075,177.66,178.01,511258
2023-08-24 11:15:00,178.0,178.26,177.87,178.25,376809
2023-08-24 11:20:00,178.25,178.41,178.15,178.25,453956
2023-08-24 11:25:00,178.24,178.29,177.99,177.99,281505
2023-08-24 11:30:00,177.99,178.14,177.84,177.9501,296181
2023-08-24 11:35:00,177.96,178.06,177.81,177.91,423862
2023-08-24 11:40:00,177.92,178.0,177.72,177.86,425475
2023-08-24 11:45:00,177.86,177.95,177.66,177.865,348253
2023-08-24 11:50:00,177.86,178.07,177.71,177.76,384191
2023-08-24 11:55:00,177.76,177.84,177.65,177.67,258447
2023-08-24 12:00:00,177.67,177.74,177.52,177.5852,414778
2023-08-24 12:05:00,177.59,177.84,177.5,177.825,280362
2023-08-24 12:10:00,177.82,177.98,177.78,177.95,269379
2023-08-24 12:15:00,177.955,178.22,177.955,178.215,276652
2023-08-24 12:20:00,178.215,178.22,178.07,178.1567,234949
2023-08-24 12:25:00,178.15,178.29,178.14,178.245,196373
2023-08-24 12:30:00,178.24,178.3,178.0,178.16,182479
2023-08-24 12:35:00,178.16,178.17,178.0,178.12,157876
2023-08-24 12:40:00,178.12,178.19,178.0,178.145,201719
2023-08-24 12:45:00,178.14,178.29,178.09,178.11,212259
2023-08-24 12:50:00,178.105,178.31,178.045,178.25,312804
2023-08-24 12:55:00,178.25,178.2899,178.01,178.02,209958
2023-08-24 13:00:00,178.02,178.1,177.91,177.92,158592
2023-08-24 13:05:00,177.9401,177.9785,177.81,177.9086,181596
2023-08-24 13:10:00,177.9,178.13,177.89,178.1106,160492
2023-08-24 13:15:00,178.115,178.14,177.93,177.96,192995
2023-08-24 13:20:00,177.965,178.0,177.835,177.85,170315
2023-08-24 13:25:00,177.86,177.98,177.8341,177.851,149260
2023-08-24 13:30:00,177.85,177.855,177.6806,177.7401,187279
2023-08-24 13:35:00,177.74,177.93,177.69,177.78,210892
2023-08-24 13:40:00,177.7717,177.92,177.72,177.81,175098
2023-08-24 13:45:00,177.81,177.88,177.71,177.78,181270
2023-08-24 13:50:00,177.78,177.86,177.65,177.655,172096
2023-08-24 13:55:00,177.64,177.695,177.53,177.55,255088
2023-08-24 14:00:00,177.5479,177.71,177.43,177.66,295248
2023-08-24 14:05:00,177.67,177.79,177.5274,177.6191,250538
2023-08-24 14:10:00,177.61,177.7,177.475,177.6401,278039
2023-08-24 14:15:00,177.65,177.88,177.63,177.82,283972
2023-08-24 14:20:00,177.82,177.82,177.52,177.595,234437
2023-08-24 14:25:00,177.5937,177.69,177.54,177.56,225662
2023-08-24 14:30:00,177.56,177.64,177.465,177.62,291088
2023-08-24 14:35:00,177.6206,177.6206,177.44,177.44,197013
2023-08-24 14:40:00,177.4499,177.47,177.26,177.29,302318
2023-08-24 14:45:00,177.2904,177.36,177.15,177.19,362917
2023-08-24 14:50:00,177.19,177.32,177.1,177.1657,431974
2023-08-24 14:55:00,177.16,177.24,177.0,177.12,310758
2023-08-24 15:00:00,177.125,177.47,177.12,177.4403,388868
2023-08-24 15:05:00,177.44,177.46,177.13,177.195,294786
2023-08-24 15:10:00,177.195,177.22,176.95,177.05,387471
2023-08-24 15:15:00,177.045,177.21,177.03,177.15,361307
2023-08-24 15:20:00,177.15,177.31,177.12,177.2901,338238
2023-08-24 15:25:00,177.29,177.3199,176.965,176.965,379184
2023-08-24 15:30:00,176.97,177.05,176.8,176.84,455246
2023-08-24 15:35:00,176.84,176.89,176.64,176.68,493510
2023-08-24 15:40:00,176.67,176.72,176.5,176.58,529491
2023-08-24 15:45:00,176.57,176.625,176.24,176.325,676777
2023-08-24 15:50:00,176.32,176.4,176.01,176.285,894117
2023-08-24 15:55:00,176.275,176.5,176.195,176.35,1170252
2023-08-24 16:00:00,176.35,176.67,176.29,176.33,2287942
2023-08-25 09:30:00,177.41,177.88,177.38,177.829,511088
2023-08-25 09:35:00,177.7901,178.1282,177.49,178.03,926399
2023-08-25 09:40:00,178.0328,178.1395,177.4799,177.59,609385
2023-08-25 09:45:00,177.5872,178.0,177.505,177.62,452325
2023-08-25 09:50:00,177.63,177.75,177.3244,177.4575,443926
2023-08-25 09:55:00,177.45,177.62,177.29,177.5399,455837
2023-08-25 10:00:00,177.54,177.73,177.23,177.45,523724
2023-08-25 10:05:00,177.46,178.21,177.07,177.625,790185
2023-08-25 10:10:00,177.61,177.65,176.83,177.01,727029
2023-08-25 10:15:00,177.01,178.32,176.97,178.2899,674341
2023-08-25 10:20:00,178.285,178.63,177.48,177.59,703236
2023-08-25 10:25:00,177.58,177.73,177.151,177.22,547238
2023-08-25 10:30:00,177.23,177.3406,176.82,177.05,580239
2023-08-25 10:35:00,177.04,177.13,176.77,176.7941,573132
2023-08-25 10:40:00,176.81,176.93,176.451,176.8699,655012
2023-08-25 10:45:00,176.87,177.05,176.23,176.249,498671
2023-08-25 10:50:00,176.24,176.33,176.08,176.11,493698
2023-08-25 10:55:00,176.11,176.34,175.955,176.135,645579
2023-08-25 11:00:00,176.13,176.2249,175.82,176.12,499101
2023-08-25 11:05:00,176.1,176.38,175.87,176.33,502137
2023-08-25 11:10:00,176.3,176.9858,176.25,176.93,618001
2023-08-25 11:15:00,176.93,177.0501,176.6599,176.7099,487705
2023-08-25 11:20:00,176.7,176.77,176.38,176.5689,330593
2023-08-25 11:25:00,176.56,177.06,176.41,177.005,376608
2023-08-25 11:30:00,177.01,177.41,177.01,177.16,512008
2023-08-25 11:35:00,177.165,177.5,177.11,177.4512,335133
2023-08-25 11:40:00,177.455,177.77,177.455,177.62,403440
2023-08-25 11:45:00,177.62,177.63,177.31,177.38,271173
2023-08-25 11:50:00,177.39,177.5,177.21,177.2122,218122
2023-08-25 11:55:00,177.22,177.58,176.885,176.94,327618
2023-08-25 12:00:00,176.925,177.005,176.55,176.83,361361
2023-08-25 12:05:00,176.8401,177.08,176.82,176.97,235824
2023-08-25 12:10:00,176.96,177.17,176.84,176.91,177517
2023-08-25 12:15:00,176.91,177.16,176.84,177.0937,209536
2023-08-25 12:20:00,177.09,177.17,176.83,177.0415,220857
2023-08-25 12:25:00,177.04,177.5999,177.025,177.58,352379
2023-08-25 12:30:00,177.59,177.76,177.49,177.585,432037
2023-08-25 12:35:00,177.61,177.755,177.51,177.6,309095
2023-08-25 12:40:00,177.62,177.84,177.605,177.78,277562
2023-08-25 12:45:00,177.78,177.8,177.44,177.5584,236540
2023-08-25 12:50:00,177.55,177.65,177.5027,177.53,126861
2023-08-25 12:55:00,177.525,177.54,177.21,177.29,213925
2023-08-25 13:00:00,177.285,177.6058,177.16,177.5999,189757
2023-08-25 13:05:00,177.58,177.65,177.5,177.5,149166
2023-08-25 13:10:00,177.49,177.65,177.25,177.27,200542
2023-08-25 13:15:00,177.275,177.615,177.2,177.53,234940
2023-08-25 13:20:00,177.53,177.54,177.16,177.21,188716
2023-08-25 13:25:00,177.19,177.39,177.1,177.19,224640
2023-08-25 13:30:00,177.18,177.3999,177.09,177.36,163419
2023-08-25 13:35:00,177.3501,177.37,177.09,177.13,160896
2023-08-25 13:40:00,177.1218,177.27,176.95,177.04,219181
2023-08-25 13:45:00,177.03,177.19,177.01,177.04,185308
2023-08-25 13:50:00,177.03,177.26,176.94,177.2297,173462
2023-08-25 13:55:00,177.225,177.46,177.1801,177.368,180470
2023-08-25 14:00:00,177.37,177.47,177.2703,177.435,195954
2023-08-25 14:05:00,177.44,177.52,177.3401,177.495,200646
2023-08-25 14:10:00,177.51,177.565,177.35,177.45,199856
2023-08-25 14:15:00,177.455,177.86,177.45,177.8401,303125
2023-08-25 14:20:00,177.85,178.31,177.65,178.22,583037
2023-08-25 14:25:00,178.22,178.41,178.17,178.3,346418
2023-08-25 14:30:00,178.33,178.528,178.27,178.45,391789
2023-08-25 14:35:00,178.44,178.7391,178.44,178.55,456017
2023-08-25 14:40:00,178.57,178.68,178.31,178.485,270737
2023-08-25 14:45:00,178.49,178.5,178.13,178.135,274917
2023-08-25 14:50:00,178.14,178.38,178.13,178.27,287512
2023-08-25 14:55:00,178.27,178.5891,178.26,178.56,271872
2023-08-25 15:00:00,178.55,178.85,178.47,178.8388,404345
2023-08-25 15:05:00,178.845,178.855,178.4715,178.58,391263
2023-08-25 15:10:00,178.59,178.73,178.43,178.715,383122
2023-08-25 15:15:00,178.71,178.75,178.53,178.73,277502
2023-08-25 15:20:00,178.73,178.86,178.65,178.86,297744
2023-08-25 15:25:00,178.8505,178.96,178.85,178.94,381790
2023-08-25 15:30:00,178.9401,179.14,178.9201,179.03,724538
2023-08-25 15:35:00,179.03,179.15,178.91,178.96,417021
2023-08-25 15:40:00,178.95,178.995,178.775,178.99,462990
2023-08-25 15:45:00,178.99,179.145,178.86,179.03,563315
2023-08-25 15:50:00,179.03,179.06,178.63,178.671,597170
2023-08-25 15:55:00,178.67,178.94,178.5,178.875,864266
2023-08-25 16:00:00,178.88,178.92,178.44,178.6,1811704
2023-08-28 09:30:00,180.09,180.2,179.4,179.483,708789
2023-08-28 09:35:00,179.48,180.155,179.43,179.965,702379
2023-08-28 09:40:00,179.955,179.9991,179.1801,179.2999,672097
2023-08-28 09:45:00,179.29,179.38,178.92,179.25,680960
2023-08-28 09:50:00,179.26,179.49,179.13,179.255,348329
2023-08-28 09:55:00,179.25,179.589,178.9301,179.5502,756062
2023-08-28 10:00:00,179.5514,179.62,179.17,179.17,491456
2023-08-28 10:05:00,179.1705,179.3,178.95,179.13,386253
2023-08-28 10:10:00,179.14,179.22,178.79,179.13,559611
2023-08-28 10:15:00,179.14,179.245,178.83,179.22,383629
2023-08-28 10:20:00,179.22,179.41,179.0199,179.27,484560
2023-08-28 10:25:00,179.2678,179.93,179.2,179.8882,768875
2023-08-28 10:30:00,179.88,179.929,179.61,179.64,364327
2023-08-28 10:35:00,179.63,179.67,179.51,179.5788,347496
2023-08-28 10:40:00,179.57,179.68,179.22,179.29,402661
2023-08-28 10:45:00,179.2899,179.2899,178.96,179.06,409169
2023-08-28 10:50:00,179.0587,179.19,178.981,179.12,301444
2023-08-28 10:55:00,179.13,179.2,178.68,178.8883,562602
2023-08-28 11:00:00,178.89,179.1063,178.83,179.01,313372
2023-08-28 11:05:00,179.02,179.13,178.82,178.85,338721
2023-08-28 11:10:00,178.855,179.1,178.8,178.86,253470
2023-08-28 11:15:00,178.86,179.03,178.86,179.0,198302
2023-08-28 11:20:00,179.0117,179.025,178.81,178.86,177815
2023-08-28 11:25:00,178.86,178.98,178.77,178.795,232037
2023-08-28 11:30:00,178.795,179.05,178.67,178.84,369141
2023-08-28 11:35:00,178.84,179.0044,178.785,178.94,382109
2023-08-28 11:40:00,178.935,179.07,178.93,179.015,251588
2023-08-28 11:45:00,179.03,179.04,178.545,178.75,433148
2023-08-28 11:50:00,178.752,178.87,178.62,178.645,239392
2023-08-28 11:55:00,178.655,178.8413,178.58,178.77,221241
2023-08-28 12:00:00,178.77,178.915,178.73,178.835,179214
2023-08-28 12:05:00,178.83,179.04,178.8,178.98,167659
2023-08-28 12:10:00,178.9899,179.05,178.8601,179.0,254567
2023-08-28 12:15:00,179.0,179.115,178.92,179.06,205258
2023-08-28 12:20:00,179.055,179.09,178.74,178.82,194225
2023-08-28 12:25:00,178.81,178.85,178.7201,178.7401,176046
2023-08-28 12:30:00,178.75,178.86,178.7401,178.845,141646
2023-08-28 12:35:00,178.845,178.915,178.75,178.8638,121470
2023-08-28 12:40:00,178.87,179.16,178.86,179.12,212930
2023-08-28 12:45:00,179.11,179.3064,179.07,179.235,239346
2023-08-28 12:50:00,179.235,179.35,179.19,179.35,272799
2023-08-28 12:55:00,179.35,179.46,179.305,179.43,235768
2023-08-28 13:00:00,179.425,179.6599,179.425,179.6509,295394
2023-08-28 13:05:00,179.66,180.13,179.6511,180.11,604130
2023-08-28 13:10:00,180.12,180.1399,179.92,180.045,428793
2023-08-28 13:15:00,180.045,180.07,179.85,179.94,290696
2023-08-28 13:20:00,179.945,179.965,179.75,179.965,292666
2023-08-28 13:25:00,179.97,180.04,179.85,179.945,162044
2023-08-28 13:30:00,179.945,179.99,179.875,179.985,150969
2023-08-28 13:35:00,179.98,180.0899,179.92,179.9401,270527
2023-08-28 13:40:00,179.94,179.9674,179.7416,179.9,313464
2023-08-28 13:45:00,179.89,179.9,179.68,179.7477,285457
2023-08-28 13:50:00,179.745,179.75,179.622,179.6391,137361
2023-08-28 13:55:00,179.63,179.71,179.21,179.2361,376567
2023-08-28 14:00:00,179.23,179.41,179.1384,179.36,425027
2023-08-28 14:05:00,179.37,179.47,179.32,179.41,212690
2023-08-28 14:10:00,179.4,179.49,179.3,179.4,176837
2023-08-28 14:15:00,179.39,179.42,179.255,179.345,204119
2023-08-28 14:20:00,179.345,179.45,179.24,179.35,235600
2023-08-28 14:25:00,179.36,179.55,179.36,179.515,185182
2023-08-28 14:30:00,179.515,179.59,179.42,179.5184,241333
2023-08-28 14:35:00,179.52,179.57,179.35,179.5699,208317
2023-08-28 14:40:00,179.5627,179.82,179.51,179.8,321077
2023-08-28 14:45:00,179.8,179.84,179.7,179.7687,166764
2023-08-28 14:50:00,179.7632,179.78,179.64,179.7449,160183
2023-08-28 14:55:00,179.75,179.8499,179.66,179.8301,217931
2023-08-28 15:00:00,179.839,179.87,179.65,179.86,286873
2023-08-28 15:05:00,179.86,179.88,179.74,179.8,208813
2023-08-28 15:10:00,179.805,180.005,179.8,179.9603,288425
2023-08-28 15:15:00,179.97,180.01,179.8329,179.88,320644
2023-08-28 15:20:00,179.87,179.99,179.86,179.88,248687
2023-08-28 15:25:00,179.88,179.89,179.73,179.881,292991
2023-08-28 15:30:00,179.88,179.97,179.81,179.84,298608
2023-08-28 15:35:00,179.84,180.02,179.805,180.02,391675
2023-08-28 15:40:00,180.0111,180.095,179.96,179.995,394896
2023-08-28 15:45:00,179.9993,180.265,179.9834,180.245,538775
2023-08-28 15:50:00,180.245,180.59,180.21,180.325,916621
2023-08-28 15:55:00,180.325,180.345,179.93,180.1,886871
2023-08-28 16:00:00,180.09,180.28,180.05,180.21,1421423
2023-08-29 09:30:00,179.695,179.9,179.5,179.5997,838680
2023-08-29 09:35:00,179.6,180.25,179.51,180.185,685005
2023-08-29 09:40:00,180.18,180.36,179.98,180.02,474311
2023-08-29 09:45:00,180.03,180.78,180.025,180.78,605890
2023-08-29 09:50:00,180.788,181.08,180.63,180.89,745180
2023-08-29 09:55:00,180.89,181.15,180.8401,180.8488,396219
2023-08-29 10:00:00,180.859,181.54,180.77,181.5215,618485
2023-08-29 10:05:00,181.53,181.82,181.3535,181.78,998347
2023-08-29 10:10:00,181.785,181.87,181.4,181.48,557658
2023-08-29 10:15:00,181.47,182.005,181.43,181.9888,831486
2023-08-29 10:20:00,181.985,182.1507,181.91,182.08,599734
2023-08-29 10:25:00,182.09,182.39,182.08,182.385,604049
2023-08-29 10:30:00,182.38,182.57,182.34,182.42,809646
2023-08-29 10:35:00,182.42,182.48,182.29,182.42,619737
2023-08-29 10:40:00,182.425,182.59,182.21,182.4251,623856
2023-08-29 10:45:00,182.43,182.5,182.21,182.245,359189
2023-08-29 10:50:00,182.2401,182.61,182.24,182.57,574423
2023-08-29 10:55:00,182.57,182.67,182.28,182.33,403750
2023-08-29 11:00:00,182.31,182.49,182.22,182.48,310431
2023-08-29 11:05:00,182.49,182.6,182.36,182.455,321630
2023-08-29 11:10:00,182.46,182.79,182.4388,182.785,349544
2023-08-29 11:15:00,182.785,183.02,182.71,182.92,566339
2023-08-29 11:20:00,182.93,183.12,182.9,182.92,444483
2023-08-29 11:25:00,182.915,182.99,182.841,182.965,412775
2023-08-29 11:30:00,182.97,183.1,182.955,183.09,331232
2023-08-29 11:35:00,183.095,183.4299,183.055,183.41,411726
2023-08-29 11:40:00,183.4174,183.445,183.28,183.41,354770
2023-08-29 11:45:00,183.41,183.53,183.37,183.37,377524
2023-08-29 11:50:00,183.3618,183.52,183.29,183.355,364849
2023-08-29 11:55:00,183.35,183.4901,183.27,183.315,275341
2023-08-29 12:00:00,183.31,183.485,183.1,183.47,560975
2023-08-29 12:05:00,183.46,183.49,183.19,183.215,475237
2023-08-29 12:10:00,183.22,183.44,183.17,183.399,517365
2023-08-29 12:15:00,183.4,183.41,183.21,183.24,263576
2023-08-29 12:20:00,183.2392,183.39,183.125,183.375,271613
2023-08-29 12:25:00,183.3701,183.45,183.35,183.4362,243907
2023-08-29 12:30:00,183.44,183.66,183.43,183.615,477460
2023-08-29 12:35:00,183.615,183.74,183.5,183.665,422879
2023-08-29 12:40:00,183.66,183.705,183.3901,183.51,368416
2023-08-29 12:45:00,183.52,183.75,183.48,183.74,340700
2023-08-29 12:50:00,183.74,183.75,183.5395,183.62,227803
2023-08-29 12:55:00,183.615,183.68,183.49,183.6699,231480
2023-08-29 13:00:00,183.666,183.68,183.527,183.5799,179964
2023-08-29 13:05:00,183.575,183.72,183.4562,183.6937,244674
2023-08-29 13:10:00,183.69,183.785,183.62,183.67,300155
2023-08-29 13:15:00,183.66,183.705,183.5,183.7,326597
2023-08-29 13:20:00,183.71,183.71,183.5239,183.525,239799
2023-08-29 13:25:00,183.53,183.79,183.53,183.79,239602
2023-08-29 13:30:00,183.79,183.8101,183.69,183.79,257458
2023-08-29 13:35:00,183.79,183.93,183.665,183.875,307476
2023-08-29 13:40:00,183.875,183.92,183.6982,183.81,259725
2023-08-29 13:45:00,183.81,183.875,183.76,183.82,235677
2023-08-29 13:50:00,183.82,183.92,183.79,183.9161,256789
2023-08-29 13:55:00,183.92,184.0,183.5629,183.6399,584177
2023-08-29 14:00:00,183.633,183.78,183.49,183.78,320649
2023-08-29 14:05:00,183.775,183.85,183.6999,183.7701,257652
2023-08-29 14:10:00,183.78,183.99,183.755,183.98,178882
2023-08-29 14:15:00,183.97,184.06,183.9,183.975,421957
2023-08-29 14:20:00,183.9797,184.26,183.9797,184.24,497368
2023-08-29 14:25:00,184.249,184.3499,184.17,184.34,461329
2023-08-29 14:30:00,184.335,184.39,184.14,184.3677,501464
2023-08-29 14:35:00,184.36,184.38,184.1801,184.29,270746
2023-08-29 14:40:00,184.289,184.45,184.22,184.36,405436
2023-08-29 14:45:00,184.365,184.5,184.34,184.469,346247
2023-08-29 14:50:00,184.4693,184.54,184.33,184.375,438892
2023-08-29 14:55:00,184.38,184.49,184.3501,184.4801,299428
2023-08-29 15:00:00,184.49,184.5103,184.28,184.39,506513
2023-08-29 15:05:00,184.39,184.6,184.3611,184.595,372539
2023-08-29 15:10:00,184.5986,184.61,184.3762,184.425,378976
2023-08-29 15:15:00,184.425,184.64,184.35,184.61,443803
2023-08-29 15:20:00,184.605,184.84,184.6,184.71,622811
2023-08-29 15:25:00,184.7176,184.79,184.62,184.7867,348096
2023-08-29 15:30:00,184.785,184.88,184.71,184.875,486482
2023-08-29 15:35:00,184.87,184.875,184.61,184.7,528280
2023-08-29 15:40:00,184.705,184.725,184.475,184.655,466820
2023-08-29 15:45:00,184.64,184.87,184.6233,184.855,628541
2023-08-29 15:50:00,184.86,184.9,184.435,184.44,817017
2023-08-29 15:55:00,184.44,184.44,183.86,184.01,1401439
2023-08-29 16:00:00,184.01,184.42,184.0009,184.12,2058798
2023-08-30 09:30:00,184.81,185.3555,184.74,185.32,920423
2023-08-30 09:35:00,185.3,185.78,185.05,185.07,1498319
2023-08-30 09:40:00,185.04,185.59,184.7701,185.47,1110775
2023-08-30 09:45:00,185.46,185.84,185.31,185.8397,1040507
2023-08-30 09:50:00,185.83,186.06,185.56,185.73,1083093
2023-08-30 09:55:00,185.73,186.24,185.705,186.18,991245
2023-08-30 10:00:00,186.1801,186.43,186.13,186.39,1030501
2023-08-30 10:05:00,186.38,186.8577,186.3501,186.8401,1187609
2023-08-30 10:10:00,186.85,187.01,186.61,186.94,943437
2023-08-30 10:15:00,186.9374,187.67,186.9374,187.5318,1945031
2023-08-30 10:20:00,187.5335,187.54,186.8299,186.845,1629977
2023-08-30 10:25:00,186.855,187.08,186.27,186.275,1344038
2023-08-30 10:30:00,186.28,186.3256,185.85,186.2,1635083
2023-08-30 10:35:00,186.19,186.4995,186.13,186.38,719737
2023-08-30 10:40:00,186.39,186.59,186.2625,186.3401,689450
2023-08-30 10:45:00,186.35,186.7295,186.27,186.605,595222
2023-08-30 10:50:00,186.6,186.69,186.3,186.37,546620
2023-08-30 10:55:00,186.38,186.61,186.32,186.44,410909
2023-08-30 11:00:00,186.44,186.8,186.44,186.7,533945
2023-08-30 11:05:00,186.68,186.705,186.18,186.29,473611
2023-08-30 11:10:00,186.3,186.6,186.28,186.55,418343
2023-08-30 11:15:00,186.55,186.5692,186.37,186.49,231807
2023-08-30 11:20:00,186.4999,186.79,186.4,186.765,438302
2023-08-30 11:25:00,186.76,186.79,186.49,186.5209,317120
2023-08-30 11:30:00,186.5201,186.7199,186.45,186.7142,257740
2023-08-30 11:35:00,186.7112,186.97,186.622,186.935,365901
2023-08-30 11:40:00,186.9383,187.19,186.9383,187.1801,541597
2023-08-30 11:45:00,187.18,187.33,187.13,187.185,432613
2023-08-30 11:50:00,187.185,187.21,186.99,186.99,402973
2023-08-30 11:55:00,186.99,187.08,186.92,186.9987,376745
2023-08-30 12:00:00,186.995,187.18,186.89,187.105,331368
2023-08-30 12:05:00,187.1,187.17,187.01,187.135,236229
2023-08-30 12:10:00,187.135,187.32,187.07,187.09,291645
2023-08-30 12:15:00,187.085,187.3,187.01,187.265,331866
2023-08-30 12:20:00,187.2686,187.44,187.25,187.44,404495
2023-08-30 12:25:00,187.4399,187.49,187.26,187.3701,573746
2023-08-30 12:30:00,187.3798,187.49,187.3713,187.49,296749
2023-08-30 12:35:00,187.48,187.65,187.47,187.5722,487546
2023-08-30 12:40:00,187.58,187.61,187.32,187.455,543779
2023-08-30 12:45:00,187.46,187.72,187.46,187.7099,434118
2023-08-30 12:50:00,187.6966,187.77,187.54,187.7417,494968
2023-08-30 12:55:00,187.745,187.75,187.46,187.4747,367106
2023-08-30 13:00:00,187.47,187.54,187.4,187.46,286591
2023-08-30 13:05:00,187.4681,187.55,187.31,187.43,240529
2023-08-30 13:10:00,187.4209,187.4299,187.29,187.3105,228053
2023-08-30 13:15:00,187.32,187.42,187.27,187.282,208801
2023-08-30 13:20:00,187.28,187.44,187.2,187.415,238877
2023-08-30 13:25:00,187.4101,187.48,187.26,187.2899,176891
2023-08-30 13:30:00,187.285,187.45,187.2793,187.42,176719
2023-08-30 13:35:00,187.42,187.57,187.42,187.535,226192
2023-08-30 13:40:00,187.53,187.59,187.42,187.505,233705
2023-08-30 13:45:00,187.5,187.526,187.38,187.51,226397
2023-08-30 13:50:00,187.52,187.57,187.38,187.3905,214819
2023-08-30 13:55:00,187.39,187.39,187.05,187.07,445768
2023-08-30 14:00:00,187.065,187.145,186.89,187.08,491146
2023-08-30 14:05:00,187.0705,187.28,186.9101,187.01,530585
2023-08-30 14:10:00,187.03,187.1347,186.87,187.02,510926
2023-08-30 14:15:00,187.03,187.1699,186.895,187.145,434033
2023-08-30 14:20:00,187.15,187.199,186.81,186.8877,378188
2023-08-30 14:25:00,186.88,186.93,186.65,186.75,342171
2023-08-30 14:30:00,186.75,187.01,186.75,186.8,671923
2023-08-30 14:35:00,186.805,187.185,186.805,187.1723,440229
2023-08-30 14:40:00,187.17,187.46,187.14,187.435,440505
2023-08-30 14:45:00,187.43,187.61,187.42,187.5371,436746
2023-08-30 14:50:00,187.535,187.55,187.38,187.4524,361424
2023-08-30 14:55:00,187.46,187.51,187.405,187.465,238619
2023-08-30 15:00:00,187.465,187.62,187.42,187.5406,328847
2023-08-30 15:05:00,187.56,187.68,187.55,187.585,256861
2023-08-30 15:10:00,187.585,187.66,187.521,187.5325,341141
2023-08-30 15:15:00,187.5344,187.63,187.48,187.51,313589
2023-08-30 15:20:00,187.5,187.54,187.42,187.485,293418
2023-08-30 15:25:00,187.48,187.49,187.31,187.3838,411365
2023-08-30 15:30:00,187.38,187.5,187.362,187.5,317202
2023-08-30 15:35:00,187.49,187.635,187.4,187.6217,502307
2023-08-30 15:40:00,187.625,187.7,187.56,187.59,466769
2023-08-30 15:45:00,187.59,187.59,187.42,187.53,555259
2023-08-30 15:50:00,187.53,187.72,187.4244,187.67,874273
2023-08-30 15:55:00,187.68,187.75,187.32,187.5451,1169084
2023-08-30 16:00:00,187.54,187.79,187.495,187.67,2384093
2023-08-31 09:30:00,187.86,188.1,187.81,188.09,705450
2023-08-31 09:35:00,188.1,188.37,187.72,187.75,990367
2023-08-31 09:40:00,187.74,188.31,187.68,188.11,718907
2023-08-31 09:45:00,188.1133,188.5099,187.99,188.36,847502
2023-08-31 09:50:00,188.36,188.46,187.69,187.72,857970
2023-08-31 09:55:00,187.72,188.31,187.71,188.27,548946
2023-08-31 10:00:00,188.26,188.34,188.0,188.2496,531039
2023-08-31 10:05:00,188.24,188.27,187.79,187.81,543346
2023-08-31 10:10:00,187.8,187.94,187.65,187.72,547569
2023-08-31 10:15:00,187.74,188.2299,187.67,188.185,489836
2023-08-31 10:20:00,188.19,188.41,188.06,188.32,424048
2023-08-31 10:25:00,188.3308,188.39,188.03,188.155,437063
2023-08-31 10:30:00,188.155,188.39,188.1507,188.3,390949
2023-08-31 10:35:00,188.29,188.62,188.27,188.605,445804
2023-08-31 10:40:00,188.61,188.76,188.565,188.635,471343
2023-08-31 10:45:00,188.64,188.75,188.38,188.4852,470295
2023-08-31 10:50:00,188.49,188.6,188.42,188.49,308389
2023-08-31 10:55:00,188.49,188.49,188.115,188.2534,631281
2023-08-31 11:00:00,188.255,188.51,188.235,188.405,215649
2023-08-31 11:05:00,188.39,188.4,188.165,188.26,363816
2023-08-31 11:10:00,188.265,188.48,188.185,188.4567,222079
2023-08-31 11:15:00,188.445,188.52,188.31,188.43,327715
2023-08-31 11:20:00,188.4303,188.46,188.22,188.31,227096
2023-08-31 11:25:00,188.305,188.43,188.12,188.3,260941
2023-08-31 11:30:00,188.2944,188.535,188.24,188.52,318693
2023-08-31 11:35:00,188.52,188.6481,188.16,188.21,410117
2023-08-31 11:40:00,188.21,188.385,188.15,188.32,295687
2023-08-31 11:45:00,188.32,188.38,188.14,188.24,221090
2023-08-31 11:50:00,188.24,188.3088,188.15,188.285,263275
2023-08-31 11:55:00,188.2626,188.33,188.15,188.175,199173
2023-08-31 12:00:00,188.17,188.26,188.095,188.16,226575
2023-08-31 12:05:00,188.16,188.335,188.005,188.2975,331974
2023-08-31 12:10:00,188.3,188.48,188.24,188.454,293643
2023-08-31 12:15:00,188.45,188.46,188.275,188.289,196344
2023-08-31 12:20:00,188.2801,188.29,188.0203,188.225,346342
2023-08-31 12:25:00,188.225,188.23,187.78,187.895,502033
2023-08-31 12:30:00,187.895,188.005,187.88,187.9457,276843
2023-08-31 12:35:00,187.95,188.0399,187.8603,187.955,286078
2023-08-31 12:40:00,187.96,188.05,187.88,188.025,230024
2023-08-31 12:45:00,188.03,188.03,187.66,187.73,314912
2023-08-31 12:50:00,187.74,187.79,187.48,187.765,642734
2023-08-31 12:55:00,187.765,187.87,187.6373,187.87,357475
2023-08-31 13:00:00,187.8696,187.9,187.74,187.7689,262342
2023-08-31 13:05:00,187.765,187.92,187.74,187.9,337044
2023-08-31 13:10:00,187.9,187.93,187.77,187.8701,281444
2023-08-31 13:15:00,187.877,188.05,187.85,187.9799,258573
2023-08-31 13:20:00,187.965,188.07,187.95,188.0,258517
2023-08-31 13:25:00,188.0,188.06,187.9001,187.98,284039
2023-08-31 13:30:00,187.985,188.17,187.95,188.125,316985
2023-08-31 13:35:00,188.13,188.19,188.05,188.15,204008
2023-08-31 13:40:00,188.14,188.15,188.025,188.12,182237
2023-08-31 13:45:00,188.1026,188.13,188.045,188.09,146069
2023-08-31 13:50:00,188.0872,188.115,187.89,187.92,257763
2023-08-31 13:55:00,187.92,188.06,187.8298,188.03,288236
2023-08-31 14:00:00,188.0301,188.138,187.97,188.12,222159
2023-08-31 14:05:00,188.12,188.32,188.1,188.3109,314379
2023-08-31 14:10:00,188.315,188.38,188.3,188.35,206753
2023-08-31 14:15:00,188.3499,188.38,188.29,188.3704,148283
2023-08-31 14:20:00,188.38,188.475,188.33,188.4409,391790
2023-08-31 14:25:00,188.44,188.68,188.38,188.65,488739
2023-08-31 14:30:00,188.64,188.67,188.525,188.55,292865
2023-08-31 14:35:00,188.565,188.675,188.55,188.615,318152
2023-08-31 14:40:00,188.6201,188.64,188.45,188.6301,380158
2023-08-31 14:45:00,188.64,188.68,188.44,188.59,443536
2023-08-31 14:50:00,188.595,188.69,188.49,188.5735,373307
2023-08-31 14:55:00,188.57,188.58,188.415,188.48,360136
2023-08-31 15:00:00,188.485,188.65,188.43,188.645,207820
2023-08-31 15:05:00,188.64,188.68,188.52,188.595,256228
2023-08-31 15:10:00,188.595,188.85,188.56,188.805,445196
2023-08-31 15:15:00,188.81,188.9,188.745,188.7607,497078
2023-08-31 15:20:00,188.765,189.0,188.75,188.9841,468376
2023-08-31 15:25:00,188.9899,189.04,188.83,188.96,578556
2023-08-31 15:30:00,188.935,189.08,188.893,189.06,400195
2023-08-31 15:35:00,189.065,189.08,188.9,188.96,439670
2023-08-31 15:40:00,188.96,188.965,188.81,188.965,443096
2023-08-31 15:45:00,188.96,189.12,188.92,188.98,701495
2023-08-31 15:50:00,188.985,189.12,188.7,188.76,691541
2023-08-31 15:55:00,188.75,188.85,187.88,188.025,2117774
2023-08-31 16:00:00,188.02,188.18,187.75,187.87,3490452
2023-09-01 09:30:00,189.57,189.68,189.2,189.625,698394
2023-09-01 09:35:00,189.61,189.92,188.78,188.815,1240615
2023-09-01 09:40:00,188.812,188.99,188.335,188.4999,973464
2023-09-01 09:45:00,188.4924,189.06,188.4401,188.68,845730
2023-09-01 09:50:00,188.67,188.79,188.41,188.45,784665
2023-09-01 09:55:00,188.45,188.71,188.28,188.71,573830
2023-09-01 10:00:00,188.7,188.96,188.49,188.5126,663789
2023-09-01 10:05:00,188.52,189.17,188.4,188.93,732171
2023-09-01 10:10:00,188.92,189.33,188.83,189.31,634530
2023-09-01 10:15:00,189.31,189.49,189.17,189.17,687611
2023-09-01 10:20:00,189.17,189.34,189.1,189.2018,485491
2023-09-01 10:25:00,189.2087,189.31,189.04,189.0875,561425
2023-09-01 10:30:00,189.08,189.28,188.94,188.985,644892
2023-09-01 10:35:00,189.0,189.1,188.82,188.96,415459
2023-09-01 10:40:00,188.955,189.28,188.905,189.049,448499
2023-09-01 10:45:00,189.049,189.21,189.001,189.06,371054
2023-09-01 10:50:00,189.0537,189.0699,188.625,188.67,407085
2023-09-01 10:55:00,188.67,188.76,188.44,188.5,391695
2023-09-01 11:00:00,188.5,188.57,188.311,188.4657,555649
2023-09-01 11:05:00,188.46,188.61,188.4,188.4585,396304
2023-09-01 11:10:00,188.452,188.63,188.43,188.605,285668
2023-09-01 11:15:00,188.605,188.605,188.42,188.47,280604
2023-09-01 11:20:00,188.47,188.67,188.371,188.62,335046
2023-09-01 11:25:00,188.62,188.7799,188.575,188.7607,218191
2023-09-01 11:30:00,188.765,188.84,188.53,188.76,396567
2023-09-01 11:35:00,188.755,188.895,188.67,188.88,332562
2023-09-01 11:40:00,188.87,188.8801,188.64,188.6575,262156
2023-09-01 11:45:00,188.66,188.76,188.4701,188.53,247486
2023-09-01 11:50:00,188.52,188.6599,188.39,188.42,279209
2023-09-01 11:55:00,188.4246,188.49,188.3601,188.43,295328
2023-09-01 12:00:00,188.4217,188.6,188.41,188.58,234638
2023-09-01 12:05:00,188.58,188.74,188.4801,188.725,333280
2023-09-01 12:10:00,188.725,188.8599,188.69,188.76,318449
2023-09-01 12:15:00,188.76,188.95,188.755,188.945,220549
2023-09-01 12:20:00,188.9443,189.04,188.85,189.0312,309955
2023-09-01 12:25:00,189.04,189.13,189.01,189.07,373411
2023-09-01 12:30:00,189.065,189.21,189.0601,189.15,284572
2023-09-01 12:35:00,189.15,189.27,189.135,189.155,241233
2023-09-01 12:40:00,189.155,189.1699,188.91,188.9999,329151
2023-09-01 12:45:00,188.9901,188.9901,188.84,188.9,283523
2023-09-01 12:50:00,188.89,189.08,188.85,189.05,273012
2023-09-01 12:55:00,189.055,189.24,189.04,189.21,275664
2023-09-01 13:00:00,189.2099,189.32,189.14,189.32,244290
2023-09-01 13:05:00,189.315,189.32,188.96,188.9817,338196
2023-09-01 13:10:00,188.99,189.09,188.93,188.96,195617
2023-09-01 13:15:00,188.9501,189.08,188.9501,189.08,142546
2023-09-01 13:20:00,189.1,189.14,189.06,189.11,141320
2023-09-01 13:25:00,189.1,189.17,188.995,188.995,149152
2023-09-01 13:30:00,188.995,189.07,188.955,188.995,177396
2023-09-01 13:35:00,189.0,189.225,188.94,189.0232,335917
2023-09-01 13:40:00,189.03,189.1,188.96,189.0,189203
2023-09-01 13:45:00,188.995,189.05,188.87,188.8999,198255
2023-09-01 13:50:00,188.89,188.9501,188.85,188.9,153829
2023-09-01 13:55:00,188.9082,189.03,188.85,189.02,142924
2023-09-01 14:00:00,189.02,189.195,189.015,189.155,226701
2023-09-01 14:05:00,189.16,189.2,189.1,189.145,191236
2023-09-01 14:10:00,189.15,189.155,189.09,189.13,169153
2023-09-01 14:15:00,189.13,189.16,189.04,189.045,173043
2023-09-01 14:20:00,189.045,189.07,188.99,189.0318,167032
2023-09-01 14:25:00,189.03,189.03,188.85,188.8519,248703
2023-09-01 14:30:00,188.85,188.85,188.63,188.73,438575
2023-09-01 14:35:00,188.72,188.74,188.57,188.5799,250098
2023-09-01 14:40:00,188.57,188.7,188.52,188.67,314863
2023-09-01 14:45:00,188.67,188.86,188.66,188.855,291006
2023-09-01 14:50:00,188.855,188.89,188.72,188.8,237292
2023-09-01 14:55:00,188.8,188.9001,188.755,188.765,232944
2023-09-01 15:00:00,188.765,188.91,188.765,188.875,204740
2023-09-01 15:05:00,188.88,188.98,188.75,188.75,306147
2023-09-01 15:10:00,188.755,188.84,188.75,188.835,266522
2023-09-01 15:15:00,188.83,188.96,188.76,188.8,282369
2023-09-01 15:20:00,188.8,188.92,188.7501,188.855,195913
2023-09-01 15:25:00,188.8533,189.04,188.85,189.0284,267658
2023-09-01 15:30:00,189.02,189.09,188.98,189.08,278607
2023-09-01 15:35:00,189.08,189.15,189.03,189.05,341886
2023-09-01 15:40:00,189.05,189.06,188.9439,189.025,318212
2023-09-01 15:45:00,189.02,189.15,188.98,189.025,396062
2023-09-01 15:50:00,189.02,189.09,188.94,189.055,528697
2023-09-01 15:55:00,189.05,189.49,189.025,189.485,1050442
2023-09-01 16:00:00,189.485,189.54,189.28,189.47,1488033
2023-09-05 09:30:00,188.22,188.63,188.045,188.31,1401263
2023-09-05 09:35:00,188.27,188.36,187.61,188.12,1403683
2023-09-05 09:40:00,188.13,188.44,187.91,188.435,925985
2023-09-05 09:45:00,188.43,188.5,187.8,188.08,808645
2023-09-05 09:50:00,188.07,188.42,188.055,188.2038,603071
2023-09-05 09:55:00,188.195,188.3,187.92,188.0,646267
2023-09-05 10:00:00,188.0,188.13,187.8,187.9,598726
2023-09-05 10:05:00,187.9,188.2,187.82,187.94,572822
2023-09-05 10:10:00,187.93,188.3872,187.91,188.32,760672
2023-09-05 10:15:00,188.325,188.555,188.18,188.225,609553
2023-09-05 10:20:00,188.23,188.874,188.23,188.8492,679815
2023-09-05 10:25:00,188.85,188.98,188.705,188.97,468586
2023-09-05 10:30:00,188.97,189.07,188.46,188.53,666162
2023-09-05 10:35:00,188.525,188.55,188.3444,188.4,432479
2023-09-05 10:40:00,188.3976,188.63,188.29,188.5691,372024
2023-09-05 10:45:00,188.56,188.8,188.51,188.711,447468
2023-09-05 10:50:00,188.7,189.09,188.57,189.04,492313
2023-09-05 10:55:00,189.045,189.31,189.02,189.02,501382
2023-09-05 11:00:00,189.03,189.28,188.97,189.065,547971
2023-09-05 11:05:00,189.11,189.6,189.11,189.47,813898
2023-09-05 11:10:00,189.485,189.56,189.35,189.385,418550
2023-09-05 11:15:00,189.39,189.535,189.34,189.42,326364
2023-09-05 11:20:00,189.42,189.58,189.37,189.4997,378519
2023-09-05 11:25:00,189.4979,189.61,189.2603,189.3,638587
2023-09-05 11:30:00,189.293,189.31,189.1,189.11,244601
2023-09-05 11:35:00,189.105,189.155,189.02,189.15,288551
2023-09-05 11:40:00,189.15,189.2399,188.98,189.15,306102
2023-09-05 11:45:00,189.14,189.26,189.01,189.18,285771
2023-09-05 11:50:00,189.18,189.377,189.09,189.365,281286
2023-09-05 11:55:00,189.365,189.39,189.25,189.37,234031
2023-09-05 12:00:00,189.37,189.57,189.28,189.5401,238884
2023-09-05 12:05:00,189.545,189.57,189.41,189.43,210266
2023-09-05 12:10:00,189.425,189.58,189.3702,189.545,196344
2023-09-05 12:15:00,189.545,189.665,189.515,189.545,310741
2023-09-05 12:20:00,189.5499,189.7283,189.485,189.68,257582
2023-09-05 12:25:00,189.67,189.76,189.6099,189.6599,240934
2023-09-05 12:30:00,189.6599,189.6988,189.555,189.595,244072
2023-09-05 12:35:00,189.59,189.68,189.58,189.66,149312
2023-09-05 12:40:00,189.655,189.8,189.63,189.74,225428
2023-09-05 12:45:00,189.74,189.75,189.63,189.73,172987
2023-09-05 12:50:00,189.73,189.78,189.62,189.62,200165
2023-09-05 12:55:00,189.622,189.81,189.6,189.78,254401
2023-09-05 13:00:00,189.78,189.8,189.56,189.67,250257
2023-09-05 13:05:00,189.65,189.66,189.46,189.465,200324
2023-09-05 13:10:00,189.465,189.4968,189.3522,189.36,212837
2023-09-05 13:15:00,189.355,189.46,189.29,189.355,152325
2023-09-05 13:20:00,189.355,189.4,189.195,189.2525,167569
2023-09-05 13:25:00,189.2556,189.44,189.24,189.33,163795
2023-09-05 13:30:00,189.325,189.3386,189.16,189.185,240677
2023-09-05 13:35:00,189.19,189.38,189.18,189.312,167678
2023-09-05 13:40:00,189.32,189.38,189.26,189.325,158592
2023-09-05 13:45:00,189.33,189.41,189.29,189.36,165171
2023-09-05 13:50:00,189.365,189.42,189.29,189.41,126233
2023-09-05 13:55:00,189.4,189.507,189.38,189.4801,159046
2023-09-05 14:00:00,189.489,189.495,189.33,189.4701,171211
2023-09-05 14:05:00,189.475,189.53,189.4148,189.455,189814
2023-09-05 14:10:00,189.45,189.495,189.32,189.34,169575
2023-09-05 14:15:00,189.33,189.515,189.33,189.485,127383
2023-09-05 14:20:00,189.485,189.695,189.465,189.665,211104
2023-09-05 14:25:00,189.665,189.74,189.62,189.7201,177407
2023-09-05 14:30:00,189.73,189.88,189.71,189.8276,308070
2023-09-05 14:35:00,189.815,189.86,189.66,189.69,260374
2023-09-05 14:40:00,189.699,189.72,189.57,189.585,226585
2023-09-05 14:45:00,189.58,189.64,189.52,189.5756,153881
2023-09-05 14:50:00,189.575,189.77,189.575,189.76,197882
2023-09-05 14:55:00,189.765,189.84,189.72,189.76,258848
2023-09-05 15:00:00,189.75,189.95,189.75,189.8823,319081
2023-09-05 15:05:00,189.89,189.89,189.77,189.84,320713
2023-09-05 15:10:00,189.84,189.87,189.72,189.72,226390
2023-09-05 15:15:00,189.71,189.71,189.5,189.57,310084
2023-09-05 15:20:00,189.56,189.62,189.48,189.6099,217421
2023-09-05 15:25:00,189.6,189.66,189.5452,189.61,213802
2023-09-05 15:30:00,189.61,189.62,189.47,189.595,253693
2023-09-05 15:35:00,189.5919,189.65,189.57,189.64,228449
2023-09-05 15:40:00,189.645,189.83,189.6,189.81,366695
2023-09-05 15:45:00,189.81,189.98,189.79,189.945,503315
2023-09-05 15:50:00,189.945,189.96,189.59,189.6,612471
2023-09-05 15:55:00,189.5989,189.88,189.52,189.705,591059
2023-09-05 16:00:00,189.69,189.86,189.655,189.7,1340082
2023-09-06 09:30:00,188.4,188.85,188.33,188.52,777963
2023-09-06 09:35:00,188.54,188.735,187.64,187.68,1601013
2023-09-06 09:40:00,187.68,187.88,187.18,187.4399,1304833
2023-09-06 09:45:00,187.43,187.56,186.83,187.03,1450281
2023-09-06 09:50:00,187.03,187.15,186.73,186.98,1081896
2023-09-06 09:55:00,186.98,187.42,186.89,186.93,761883
2023-09-06 10:00:00,186.935,186.9552,185.98,186.163,1442145
2023-09-06 10:05:00,186.16,186.165,184.39,184.7856,2584408
2023-09-06 10:10:00,184.79,184.86,184.42,184.57,1683355
2023-09-06 10:15:00,184.59,184.63,183.93,184.43,1710785
2023-09-06 10:20:00,184.42,185.34,184.36,184.86,1672820
2023-09-06 10:25:00,184.87,184.98,184.52,184.56,889504
2023-09-06 10:30:00,184.55,184.62,184.055,184.132,1019681
2023-09-06 10:35:00,184.13,184.52,184.121,184.45,819849
2023-09-06 10:40:00,184.43,184.5086,184.14,184.22,665556
2023-09-06 10:45:00,184.22,184.63,184.19,184.43,607470
2023-09-06 10:50:00,184.4379,184.65,184.29,184.365,591714
2023-09-06 10:55:00,184.3677,184.46,183.96,184.28,863158
2023-09-06 11:00:00,184.27,184.365,183.93,183.94,626139
2023-09-06 11:05:00,183.945,184.09,183.72,183.935,889813
2023-09-06 11:10:00,183.93,183.93,183.57,183.6,804397
2023-09-06 11:15:00,183.6,183.8397,183.53,183.63,650013
2023-09-06 11:20:00,183.61,183.9399,183.61,183.86,656464
2023-09-06 11:25:00,183.86,184.09,183.8,183.905,576102
2023-09-06 11:30:00,183.92,184.07,183.83,184.03,397496
2023-09-06 11:35:00,184.0396,184.13,183.945,183.995,424435
2023-09-06 11:40:00,183.99,184.31,183.955,184.17,510165
2023-09-06 11:45:00,184.17,184.2099,183.975,184.07,409075
2023-09-06 11:50:00,184.07,184.175,183.97,184.1201,458855
2023-09-06 11:55:00,184.12,184.18,184.01,184.015,301110
2023-09-06 12:00:00,184.02,184.285,183.96,184.165,375546
2023-09-06 12:05:00,184.16,184.32,184.11,184.2,345908
2023-09-06 12:10:00,184.195,184.1999,183.77,183.78,533286
2023-09-06 12:15:00,183.79,183.8,183.61,183.615,675295
2023-09-06 12:20:00,183.62,183.695,183.48,183.505,509187
2023-09-06 12:25:00,183.5057,183.58,183.25,183.315,597590
2023-09-06 12:30:00,183.317,183.47,183.16,183.25,584494
2023-09-06 12:35:00,183.24,183.26,182.96,183.16,738153
2023-09-06 12:40:00,183.155,183.21,183.07,183.11,381353
2023-09-06 12:45:00,183.0979,183.19,182.93,182.955,370902
2023-09-06 12:50:00,182.9572,183.02,182.8,182.8701,503825
2023-09-06 12:55:00,182.875,182.99,182.81,182.8201,380305
2023-09-06 13:00:00,182.83,183.13,182.83,182.99,451444
2023-09-06 13:05:00,182.99,183.01,182.77,182.91,472519
2023-09-06 13:10:00,182.915,183.075,182.91,183.04,331445
2023-09-06 13:15:00,183.045,183.42,183.04,183.355,646110
2023-09-06 13:20:00,183.35,183.37,183.02,183.025,481343
2023-09-06 13:25:00,183.0212,183.105,182.8623,182.87,435546
2023-09-06 13:30:00,182.8766,183.05,182.81,183.02,351003
2023-09-06 13:35:00,183.0216,183.12,182.84,182.99,373019
2023-09-06 13:40:00,182.995,183.14,182.995,183.07,292444
2023-09-06 13:45:00,183.07,183.0799,182.7,182.7099,488082
2023-09-06 13:50:00,182.71,183.17,182.67,183.081,471045
2023-09-06 13:55:00,183.09,183.14,182.86,182.98,527949
2023-09-06 14:00:00,182.97,183.13,182.89,182.892,433164
2023-09-06 14:05:00,182.89,183.01,182.41,182.46,816632
2023-09-06 14:10:00,182.46,182.74,182.455,182.5999,355422
2023-09-06 14:15:00,182.59,182.78,182.56,182.6374,332520
2023-09-06 14:20:00,182.635,182.635,182.25,182.2712,573871
2023-09-06 14:25:00,182.275,182.41,182.13,182.355,640659
2023-09-06 14:30:00,182.3501,182.71,182.32,182.595,617162
2023-09-06 14:35:00,182.59,182.82,182.58,182.6798,546833
2023-09-06 14:40:00,182.68,182.9,182.68,182.77,518727
2023-09-06 14:45:00,182.77,182.88,182.6,182.609,491930
2023-09-06 14:50:00,182.6,182.64,182.42,182.455,477323
2023-09-06 14:55:00,182.458,182.5,182.33,182.38,541032
2023-09-06 15:00:00,182.375,182.38,182.16,182.1789,530496
2023-09-06 15:05:00,182.17,182.17,181.93,181.965,820927
2023-09-06 15:10:00,181.97,182.0865,181.87,182.0,740136
2023-09-06 15:15:00,182.0,182.16,181.88,182.135,625704
2023-09-06 15:20:00,182.13,182.1341,181.83,181.83,896906
2023-09-06 15:25:00,181.83,182.0995,181.81,181.93,710272
2023-09-06 15:30:00,181.9231,181.9368,181.47,181.75,1189844
2023-09-06 15:35:00,181.75,181.8,181.54,181.7303,822769
2023-09-06 15:40:00,181.73,181.83,181.58,181.81,867887
2023-09-06 15:45:00,181.815,182.23,181.77,182.18,1277477
2023-09-06 15:50:00,182.185,182.5199,181.95,182.5186,1533008
2023-09-06 15:55:00,182.515,182.9,182.2,182.89,2526025
2023-09-06 16:00:00,182.89,183.02,182.63,182.9,2730995
2023-09-07 09:30:00,175.19,175.43,174.74,174.87,3666777
2023-09-07 09:35:00,174.89,176.03,173.54,176.03,7415769
2023-09-07 09:40:00,175.98,176.84,175.85,176.745,4025442
2023-09-07 09:45:00,176.66,177.48,176.57,176.74,3017496
2023-09-07 09:50:00,176.7415,177.79,176.61,177.21,3033504
2023-09-07 09:55:00,177.225,177.225,175.9408,176.75,2341991
2023-09-07 10:00:00,176.8,176.91,176.04,176.2,2205419
2023-09-07 10:05:00,176.19,176.69,175.71,175.95,1993516
2023-09-07 10:10:00,175.9562,176.76,175.69,176.75,1914224
2023-09-07 10:15:00,176.76,176.87,176.5,176.72,1364665
2023-09-07 10:20:00,176.71,176.8,176.29,176.565,1243312
2023-09-07 10:25:00,176.56,176.82,175.83,175.97,1589441
2023-09-07 10:30:00,175.975,176.31,175.79,176.0,1282341
2023-09-07 10:35:00,176.0,176.055,175.73,175.9235,1203653
2023-09-07 10:40:00,175.925,176.88,175.9213,176.8002,1329762
2023-09-07 10:45:00,176.8013,177.14,176.78,177.09,1292929
2023-09-07 10:50:00,177.085,177.175,176.88,176.9,915923
2023-09-07 10:55:00,176.9,176.93,176.65,176.8518,756764
2023-09-07 11:00:00,176.86,176.95,176.65,176.74,740523
2023-09-07 11:05:00,176.76,177.31,176.68,177.31,944743
2023-09-07 11:10:00,177.3,177.5399,177.19,177.515,827058
2023-09-07 11:15:00,177.52,178.05,177.5,178.0307,1341748
2023-09-07 11:20:00,178.035,178.21,177.68,177.6901,1423221
2023-09-07 11:25:00,177.685,177.725,177.31,177.345,756994
2023-09-07 11:30:00,177.34,177.5417,177.11,177.16,702686
2023-09-07 11:35:00,177.178,177.695,177.07,177.6493,948379
2023-09-07 11:40:00,177.65,177.725,177.41,177.435,536450
2023-09-07 11:45:00,177.44,177.57,177.225,177.56,561460
2023-09-07 11:50:00,177.555,177.57,176.97,176.993,755897
2023-09-07 11:55:00,177.0,177.07,176.72,176.8612,855936
2023-09-07 12:00:00,176.86,177.0,176.81,176.9871,613405
2023-09-07 12:05:00,176.9806,177.135,176.96,177.025,510001
2023-09-07 12:10:00,177.035,177.13,176.78,176.8699,469400
2023-09-07 12:15:00,176.865,177.0,176.685,176.7,545895
2023-09-07 12:20:00,176.695,177.04,176.65,177.02,763945
2023-09-07 12:25:00,177.0141,177.12,176.785,177.085,565515
2023-09-07 12:30:00,177.0899,177.4,177.04,177.25,556235
2023-09-07 12:35:00,177.255,177.68,177.25,177.425,620619
2023-09-07 12:40:00,177.4271,177.51,177.135,177.1784,406411
2023-09-07 12:45:00,177.17,177.25,176.94,177.14,417211
2023-09-07 12:50:00,177.145,177.15,176.9,176.9,402652
2023-09-07 12:55:00,176.9082,176.97,176.78,176.845,438012
2023-09-07 13:00:00,176.84,176.87,176.678,176.73,519657
2023-09-07 13:05:00,176.725,176.88,176.6735,176.705,499414
2023-09-07 13:10:00,176.71,176.85,176.342,176.5162,767754
2023-09-07 13:15:00,176.5199,176.53,175.95,176.015,937884
2023-09-07 13:20:00,176.0125,176.55,176.0101,176.5418,759496
2023-09-07 13:25:00,176.545,176.63,176.475,176.5213,482730
2023-09-07 13:30:00,176.5031,176.6916,176.4101,176.6286,489953
2023-09-07 13:35:00,176.63,176.73,176.44,176.525,512658
2023-09-07 13:40:00,176.53,176.53,176.283,176.455,410542
2023-09-07 13:45:00,176.46,177.0,176.44,176.92,571096
2023-09-07 13:50:00,176.93,177.03,176.81,176.91,442328
2023-09-07 13:55:00,176.915,177.07,176.88,177.0452,415036
2023-09-07 14:00:00,177.04,177.1,176.96,177.005,602407
2023-09-07 14:05:00,177.0,177.13,176.9553,177.04,512212
2023-09-07 14:10:00,177.04,177.09,176.98,177.01,469385
2023-09-07 14:15:00,177.005,177.15,176.79,177.0101,813877
2023-09-07 14:20:00,177.0184,177.0273,176.73,176.74,551437
2023-09-07 14:25:00,176.74,176.78,176.65,176.68,416911
2023-09-07 14:30:00,176.69,176.71,176.49,176.61,523488
2023-09-07 14:35:00,176.61,176.75,176.51,176.5392,334860
2023-09-07 14:40:00,176.54,176.72,176.5017,176.72,363003
2023-09-07 14:45:00,176.7201,177.06,176.7201,176.9401,789777
2023-09-07 14:50:00,176.939,177.12,176.84,176.88,508821
2023-09-07 14:55:00,176.89,177.285,176.84,177.2801,562400
2023-09-07 15:00:00,177.27,177.39,177.16,177.23,575585
2023-09-07 15:05:00,177.23,177.26,177.01,177.0121,430988
2023-09-07 15:10:00,177.01,177.02,176.78,176.985,551729
2023-09-07 15:15:00,176.99,177.26,176.98,177.24,719992
2023-09-07 15:20:00,177.24,177.32,177.035,177.0713,669480
2023-09-07 15:25:00,177.075,177.1459,176.9615,177.02,486243
2023-09-07 15:30:00,177.03,177.695,176.985,177.6203,805126
2023-09-07 15:35:00,177.6284,177.79,177.54,177.56,786980
2023-09-07 15:40:00,177.565,177.67,177.44,177.57,710580
2023-09-07 15:45:00,177.565,177.97,177.565,177.955,879415
2023-09-07 15:50:00,177.95,178.14,177.76,177.935,1376405
2023-09-07 15:55:00,177.935,178.05,177.64,177.8475,1675290
2023-09-07 16:00:00,177.84,177.96,177.54,177.56,2931702
2023-09-08 09:30:00,178.45,179.18,178.33,179.1299,1143470
2023-09-08 09:35:00,179.1,179.6,178.684,179.09,1719582
2023-09-08 09:40:00,179.1,179.73,179.0728,179.71,1353667
2023-09-08 09:45:00,179.7072,180.239,179.7,180.063,1794099
2023-09-08 09:50:00,180.06,180.125,179.8,179.97,1365767
2023-09-08 09:55:00,179.97,180.14,179.46,179.525,1359395
2023-09-08 10:00:00,179.525,179.54,178.941,179.22,1406548
2023-09-08 10:05:00,179.22,179.72,179.22,179.6717,855571
2023-09-08 10:10:00,179.6799,179.78,179.1023,179.13,863849
2023-09-08 10:15:00,179.1312,179.5466,179.13,179.51,674576
2023-09-08 10:20:00,179.52,180.0252,179.37,179.795,714385
2023-09-08 10:25:00,179.795,179.86,179.61,179.6612,552710
2023-09-08 10:30:00,179.66,179.77,179.28,179.6899,689381
2023-09-08 10:35:00,179.685,179.7,179.1601,179.555,694788
2023-09-08 10:40:00,179.551,179.855,179.48,179.7101,834369
2023-09-08 10:45:00,179.72,179.72,179.42,179.5,636124
2023-09-08 10:50:00,179.5,179.83,179.3101,179.8061,580975
2023-09-08 10:55:00,179.8,179.819,179.32,179.4851,540172
2023-09-08 11:00:00,179.48,179.52,178.794,178.9688,868914
2023-09-08 11:05:00,178.96,179.2,178.825,178.87,761113
2023-09-08 11:10:00,178.9,178.95,178.7,178.8,577722
2023-09-08 11:15:00,178.79,179.16,178.775,179.16,579900
2023-09-08 11:20:00,179.155,179.355,179.05,179.355,664259
2023-09-08 11:25:00,179.35,179.87,179.315,179.8214,983242
2023-09-08 11:30:00,179.825,179.9,179.7103,179.9,601413
2023-09-08 11:35:00,179.895,180.2,179.89,180.0395,913390
2023-09-08 11:40:00,180.035,180.13,179.8408,179.88,561521
2023-09-08 11:45:00,179.875,179.91,179.73,179.7901,391327
2023-09-08 11:50:00,179.8,179.84,179.55,179.6,366110
2023-09-08 11:55:00,179.605,179.77,179.565,179.65,448182
2023-09-08 12:00:00,179.64,179.66,179.44,179.51,406634
2023-09-08 12:05:00,179.505,179.515,179.28,179.47,515544
2023-09-08 12:10:00,179.47,179.55,179.31,179.49,371521
2023-09-08 12:15:00,179.495,179.87,179.495,179.825,481493
2023-09-08 12:20:00,179.82,179.945,179.77,179.905,374537
2023-09-08 12:25:00,179.905,179.99,179.73,179.7302,441690
2023-09-08 12:30:00,179.73,179.78,179.49,179.5299,377269
2023-09-08 12:35:00,179.525,179.59,179.32,179.4,473780
2023-09-08 12:40:00,179.4073,179.5299,179.315,179.515,338440
2023-09-08 12:45:00,179.51,179.7,179.43,179.48,360437
2023-09-08 12:50:00,179.47,179.4701,179.21,179.2799,334958
2023-09-08 12:55:00,179.275,179.46,179.265,179.415,320119
2023-09-08 13:00:00,179.41,179.63,179.4001,179.51,323633
2023-09-08 13:05:00,179.5,179.5,179.27,179.385,325830
2023-09-08 13:10:00,179.39,179.49,179.28,179.305,315755
2023-09-08 13:15:00,179.3,179.57,179.26,179.5399,293821
2023-09-08 13:20:00,179.53,179.795,179.52,179.76,327015
2023-09-08 13:25:00,179.76,179.78,179.625,179.64,254002
2023-09-08 13:30:00,179.64,179.7791,179.5101,179.77,295730
2023-09-08 13:35:00,179.77,179.8199,179.63,179.6973,294462
2023-09-08 13:40:00,179.69,179.8699,179.69,179.83,273249
2023-09-08 13:45:00,179.82,179.91,179.73,179.765,284010
2023-09-08 13:50:00,179.7601,179.7838,179.62,179.655,232490
2023-09-08 13:55:00,179.6514,179.6899,179.55,179.5896,286885
2023-09-08 14:00:00,179.58,179.8,179.58,179.75,464449
2023-09-08 14:05:00,179.75,179.89,179.75,179.815,420379
2023-09-08 14:10:00,179.815,179.84,179.475,179.4979,390140
2023-09-08 14:15:00,179.49,179.54,178.81,178.83,925039
2023-09-08 14:20:00,178.82,179.03,178.7401,178.93,620958
2023-09-08 14:25:00,178.92,179.1736,178.9188,179.0252,402698
2023-09-08 14:30:00,179.03,179.06,178.83,178.875,507560
2023-09-08 14:35:00,178.875,178.969,178.63,178.95,637869
2023-09-08 14:40:00,178.96,179.055,178.33,178.585,790114
2023-09-08 14:45:00,178.585,178.755,178.575,178.729,489689
2023-09-08 14:50:00,178.73,178.7399,178.415,178.46,342863
2023-09-08 14:55:00,178.44,178.47,178.02,178.1101,781371
2023-09-08 15:00:00,178.12,178.2998,178.04,178.06,535054
2023-09-08 15:05:00,178.05,178.37,177.86,178.3275,824262
2023-09-08 15:10:00,178.325,178.41,178.23,178.3,512485
2023-09-08 15:15:00,178.31,178.41,178.21,178.3,419051
2023-09-08 15:20:00,178.2913,178.3,177.89,177.95,640241
2023-09-08 15:25:00,177.95,178.2185,177.81,178.08,539861
2023-09-08 15:30:00,178.0774,178.13,177.84,177.9888,430359
2023-09-08 15:35:00,177.98,178.178,177.95,178.16,440957
2023-09-08 15:40:00,178.15,178.17,177.95,178.05,441483
2023-09-08 15:45:00,178.0616,178.09,177.91,178.02,522351
2023-09-08 15:50:00,178.0214,178.14,177.9,177.94,743854
2023-09-08 15:55:00,177.95,178.14,177.79,178.13,1114348
2023-09-08 16:00:00,178.135,178.34,178.03,178.19,1982730
2023-09-11 09:30:00,180.08,180.3,179.94,180.0677,1062336
2023-09-11 09:35:00,180.09,180.2,179.59,179.59,1187152
2023-09-11 09:40:00,179.57,179.7283,178.3885,178.525,1603667
2023-09-11 09:45:00,178.5272,178.6,178.02,178.029,1245877
2023-09-11 09:50:00,178.0201,178.04,177.51,177.63,1528495
2023-09-11 09:55:00,177.62,178.33,177.48,178.3,1290297
2023-09-11 10:00:00,178.29,178.3281,177.9,178.18,992127
2023-09-11 10:05:00,178.1885,178.33,178.02,178.025,856301
2023-09-11 10:10:00,178.02,178.16,177.82,178.135,822749
2023-09-11 10:15:00,178.13,178.18,177.6201,177.67,730727
2023-09-11 10:20:00,177.68,177.9,177.51,177.77,718260
2023-09-11 10:25:00,177.77,177.88,177.4,177.76,947436
2023-09-11 10:30:00,177.765,177.92,177.54,177.6,660180
2023-09-11 10:35:00,177.61,177.76,177.34,177.6,757119
2023-09-11 10:40:00,177.595,177.72,177.4701,177.575,456250
2023-09-11 10:45:00,177.5752,177.92,177.485,177.9,544019
2023-09-11 10:50:00,177.9,178.07,177.8258,177.9801,517436
2023-09-11 10:55:00,177.9801,178.22,177.95,178.125,640764
2023-09-11 11:00:00,178.12,178.13,177.74,177.785,505007
2023-09-11 11:05:00,177.79,178.08,177.755,178.0,434962
2023-09-11 11:10:00,178.01,178.43,178.01,178.33,692143
2023-09-11 11:15:00,178.34,178.36,178.171,178.21,445333
2023-09-11 11:20:00,178.21,178.57,178.21,178.54,481200
2023-09-11 11:25:00,178.535,178.86,178.411,178.855,504041
2023-09-11 11:30:00,178.855,178.95,178.53,178.585,699408
2023-09-11 11:35:00,178.58,178.805,178.46,178.51,423934
2023-09-11 11:40:00,178.5,178.645,178.47,178.545,335565
2023-09-11 11:45:00,178.54,178.577,178.2101,178.3471,664801
2023-09-11 11:50:00,178.344,178.485,178.23,178.39,337461
2023-09-11 11:55:00,178.38,178.5,178.34,178.48,310417
2023-09-11 12:00:00,178.47,178.5,178.35,178.47,263708
2023-09-11 12:05:00,178.475,178.58,178.25,178.3204,413565
2023-09-11 12:10:00,178.31,178.7,178.28,178.63,410640
2023-09-11 12:15:00,178.63,178.7218,178.59,178.6511,326475
2023-09-11 12:20:00,178.65,178.69,178.5001,178.5416,247773
2023-09-11 12:25:00,178.54,178.56,178.42,178.545,306390
2023-09-11 12:30:00,178.545,178.86,178.535,178.59,520058
2023-09-11 12:35:00,178.5999,178.64,178.47,178.58,378367
2023-09-11 12:40:00,178.5812,178.6072,178.39,178.41,305906
2023-09-11 12:45:00,178.41,178.45,178.33,178.39,256310
2023-09-11 12:50:00,178.4,178.529,178.37,178.45,261804
2023-09-11 12:55:00,178.46,178.57,178.33,178.52,291692
2023-09-11 13:00:00,178.525,178.73,178.52,178.6884,547541
2023-09-11 13:05:00,178.68,178.72,178.57,178.695,209473
2023-09-11 13:10:00,178.7,178.79,178.56,178.7701,336169
2023-09-11 13:15:00,178.775,178.95,178.76,178.84,356471
2023-09-11 13:20:00,178.84,179.08,178.79,179.045,322365
2023-09-11 13:25:00,179.045,179.2,179.045,179.15,354567
2023-09-11 13:30:00,179.155,179.38,179.0801,179.36,455273
2023-09-11 13:35:00,179.37,179.4274,179.1701,179.265,375837
2023-09-11 13:40:00,179.26,179.32,179.23,179.2958,207116
2023-09-11 13:45:00,179.295,179.335,179.085,179.1501,295063
2023-09-11 13:50:00,179.1501,179.2774,179.0601,179.1899,231737
2023-09-11 13:55:00,179.1857,179.3,179.15,179.1613,262511
2023-09-11 14:00:00,179.16,179.37,179.01,179.355,366280
2023-09-11 14:05:00,179.3498,179.465,179.24,179.26,375437
2023-09-11 14:10:00,179.2699,179.3,179.04,179.22,442002
2023-09-11 14:15:00,179.2209,179.55,179.2209,179.49,454757
2023-09-11 14:20:00,179.472,179.55,179.33,179.5278,354946
2023-09-11 14:25:00,179.5242,179.55,179.39,179.5,242208
2023-09-11 14:30:00,179.49,179.545,179.42,179.4999,270021
2023-09-11 14:35:00,179.4939,179.525,179.38,179.47,263254
2023-09-11 14:40:00,179.465,179.48,179.36,179.4201,239780
2023-09-11 14:45:00,179.42,179.51,179.38,179.4091,282231
2023-09-11 14:50:00,179.4,179.6,179.4,179.5476,294230
2023-09-11 14:55:00,179.54,179.64,179.49,179.585,216971
2023-09-11 15:00:00,179.585,179.6999,179.48,179.67,313163
2023-09-11 15:05:00,179.67,179.75,179.6,179.71,298440
2023-09-11 15:10:00,179.71,179.83,179.68,179.78,383532
2023-09-11 15:15:00,179.775,179.82,179.6,179.62,366357
2023-09-11 15:20:00,179.63,179.65,179.52,179.59,455059
2023-09-11 15:25:00,179.595,179.93,179.595,179.885,625480
2023-09-11 15:30:00,179.8877,179.8877,179.595,179.7296,619619
2023-09-11 15:35:00,179.72,179.95,179.6895,179.8491,597894
2023-09-11 15:40:00,179.84,179.84,179.7101,179.75,429155
2023-09-11 15:45:00,179.76,179.765,179.55,179.58,563168
2023-09-11 15:50:00,179.59,179.71,179.39,179.4,711761
2023-09-11 15:55:00,179.4,179.43,179.22,179.2479,1025884
2023-09-11 16:00:00,179.245,179.48,179.16,179.38,1773828
2023-09-12 09:30:00,179.45,179.68,179.2,179.428,1059598
2023-09-12 09:35:00,179.44,180.13,179.43,179.7101,1168780
2023-09-12 09:40:00,179.71,179.8499,179.24,179.66,857725
2023-09-12 09:45:00,179.68,179.75,179.25,179.26,615802
2023-09-12 09:50:00,179.2641,179.3149,178.45,178.505,1203993
2023-09-12 09:55:00,178.52,178.92,178.51,178.84,787876
2023-09-12 10:00:00,178.84,178.93,178.37,178.43,775678
2023-09-12 10:05:00,178.4399,178.47,177.83,178.0089,1170042
2023-09-12 10:10:00,178.02,178.33,177.9021,178.299,718980
2023-09-12 10:15:00,178.29,178.72,178.18,178.6,651598
2023-09-12 10:20:00,178.59,178.66,178.41,178.425,566067
2023-09-12 10:25:00,178.43,178.45,177.88,177.96,668481
2023-09-12 10:30:00,177.95,177.96,177.4,177.47,1441367
2023-09-12 10:35:00,177.46,177.78,177.0401,177.08,1255889
2023-09-12 10:40:00,177.0967,177.2651,176.97,177.04,943121
2023-09-12 10:45:00,177.04,177.09,176.64,176.6799,1302330
2023-09-12 10:50:00,176.68,177.1491,176.61,176.73,1213106
2023-09-12 10:55:00,176.74,176.88,176.23,176.42,1065633
2023-09-12 11:00:00,176.41,176.66,176.29,176.5,806423
2023-09-12 11:05:00,176.5,176.66,176.38,176.57,615178
2023-09-12 11:10:00,176.575,176.676,176.25,176.34,602395
2023-09-12 11:15:00,176.34,176.45,176.28,176.3346,538078
2023-09-12 11:20:00,176.34,176.3759,176.27,176.355,340125
2023-09-12 11:25:00,176.35,176.52,176.35,176.37,370724
2023-09-12 11:30:00,176.37,176.8801,176.35,176.8725,605148
2023-09-12 11:35:00,176.8799,177.03,176.82,176.92,669645
2023-09-12 11:40:00,176.91,176.99,176.755,176.98,435579
2023-09-12 11:45:00,176.97,177.12,176.87,177.075,495412
2023-09-12 11:50:00,177.075,177.08,176.91,176.93,387589
2023-09-12 11:55:00,176.92,177.01,176.86,176.895,354098
2023-09-12 12:00:00,176.89,177.0,176.64,176.69,724305
2023-09-12 12:05:00,176.6999,177.18,176.6636,177.1094,562383
2023-09-12 12:10:00,177.1089,177.1802,176.99,177.055,505357
2023-09-12 12:15:00,177.05,177.07,176.9,176.98,423168
2023-09-12 12:20:00,176.985,177.04,176.805,176.845,258752
2023-09-12 12:25:00,176.845,176.88,176.64,176.68,350634
2023-09-12 12:30:00,176.68,176.74,176.52,176.62,335701
2023-09-12 12:35:00,176.6264,176.6264,176.395,176.55,469808
2023-09-12 12:40:00,176.54,176.83,176.5,176.79,415743
2023-09-12 12:45:00,176.79,177.1,176.79,177.01,536411
2023-09-12 12:50:00,177.01,177.27,176.99,177.17,526821
2023-09-12 12:55:00,177.1601,177.1779,176.92,176.965,397167
2023-09-12 13:00:00,176.965,177.12,176.83,176.9,394850
2023-09-12 13:05:00,176.895,177.24,176.8715,177.165,502077
2023-09-12 13:10:00,177.165,177.2399,176.64,176.87,670942
2023-09-12 13:15:00,176.87,177.1253,176.85,177.0611,421409
2023-09-12 13:20:00,177.06,177.62,177.06,177.5298,864298
2023-09-12 13:25:00,177.52,177.87,177.44,177.7971,896431
2023-09-12 13:30:00,177.79,177.8,177.54,177.685,445024
2023-09-12 13:35:00,177.68,177.8501,177.5601,177.85,397359
2023-09-12 13:40:00,177.84,177.85,177.29,177.425,964157
2023-09-12 13:45:00,177.42,177.44,176.66,176.953,1271941
2023-09-12 13:50:00,176.94,177.0494,176.71,176.985,734756
2023-09-12 13:55:00,176.989,177.0,175.83,176.07,2713795
2023-09-12 14:00:00,176.0771,176.5,175.45,176.28,2223985
2023-09-12 14:05:00,176.285,176.78,176.04,176.505,1122000
2023-09-12 14:10:00,176.5,176.55,176.25,176.4017,761166
2023-09-12 14:15:00,176.41,176.57,176.25,176.27,642828
2023-09-12 14:20:00,176.265,176.4612,174.9,175.11,3358762
2023-09-12 14:25:00,175.12,176.1,174.82,176.04,2762444
2023-09-12 14:30:00,176.04,176.36,175.65,176.03,1579703
2023-09-12 14:35:00,176.0332,176.75,176.03,176.32,1382880
2023-09-12 14:40:00,176.3101,176.425,175.86,175.9199,1017018
2023-09-12 14:45:00,175.92,176.18,175.8,176.1301,689819
2023-09-12 14:50:00,176.15,176.2,175.35,175.3502,912692
2023-09-12 14:55:00,175.35,175.5,175.14,175.3668,970075
2023-09-12 15:00:00,175.35,175.44,175.155,175.17,576108
2023-09-12 15:05:00,175.1601,175.48,175.08,175.185,851586
2023-09-12 15:10:00,175.19,175.34,175.06,175.1899,604624
2023-09-12 15:15:00,175.1867,175.27,175.025,175.05,570291
2023-09-12 15:20:00,175.05,175.295,175.0004,175.195,693623
2023-09-12 15:25:00,175.19,175.53,175.12,175.53,627321
2023-09-12 15:30:00,175.52,175.89,175.515,175.86,839708
2023-09-12 15:35:00,175.86,175.95,175.6,175.72,710458
2023-09-12 15:40:00,175.705,175.8146,175.4901,175.78,851092
2023-09-12 15:45:00,175.78,176.11,175.74,176.015,1059609
2023-09-12 15:50:00,176.01,176.03,175.7115,175.96,887063
2023-09-12 15:55:00,175.9526,176.35,175.94,176.2682,1563803
2023-09-12 16:00:00,176.265,176.46,176.22,176.31,2677395
2023-09-13 09:30:00,176.5,176.87,176.35,176.763,1152018
2023-09-13 09:35:00,176.78,177.3,175.62,176.1101,1956679
2023-09-13 09:40:00,176.11,176.31,175.36,175.48,1496178
2023-09-13 09:45:00,175.46,175.97,175.33,175.5775,1218790
2023-09-13 09:50:00,175.57,175.73,174.94,175.0,1900737
2023-09-13 09:55:00,175.01,175.1828,174.59,175.11,1613273
2023-09-13 10:00:00,175.101,175.95,175.095,175.6199,1241710
2023-09-13 10:05:00,175.6199,175.83,175.12,175.2,701048
2023-09-13 10:10:00,175.2,175.2499,174.81,174.97,993235
2023-09-13 10:15:00,174.96,175.0535,174.34,174.425,1188556
2023-09-13 10:20:00,174.42,174.48,174.07,174.4301,1251544
2023-09-13 10:25:00,174.44,174.95,174.21,174.94,1314894
2023-09-13 10:30:00,174.94,175.3816,174.86,175.37,928863
2023-09-13 10:35:00,175.36,175.43,175.0,175.0217,855305
2023-09-13 10:40:00,175.02,175.5,175.02,175.3669,748240
2023-09-13 10:45:00,175.36,175.46,174.91,174.9534,826234
2023-09-13 10:50:00,174.9515,175.1225,174.78,174.87,637936
2023-09-13 10:55:00,174.865,175.12,174.7,174.8,664615
2023-09-13 11:00:00,174.8019,174.98,174.67,174.855,698031
2023-09-13 11:05:00,174.8536,175.22,174.85,175.145,718877
2023-09-13 11:10:00,175.15,175.17,174.94,175.01,559573
2023-09-13 11:15:00,175.0013,175.02,174.76,174.85,573499
2023-09-13 11:20:00,174.845,175.05,174.76,175.0488,590411
2023-09-13 11:25:00,175.0491,175.2,175.01,175.12,503428
2023-09-13 11:30:00,175.12,175.45,175.04,175.45,605433
2023-09-13 11:35:00,175.445,175.45,175.18,175.2463,442559
2023-09-13 11:40:00,175.2341,175.25,174.97,175.0083,499182
2023-09-13 11:45:00,175.0,175.3,174.87,175.2963,585954
2023-09-13 11:50:00,175.29,175.77,175.2701,175.452,786138
2023-09-13 11:55:00,175.46,175.56,175.13,175.43,567048
2023-09-13 12:00:00,175.4389,175.77,175.35,175.7024,487837
2023-09-13 12:05:00,175.71,176.04,175.7,175.9899,643443
2023-09-13 12:10:00,175.985,176.23,175.93,175.9665,949370
2023-09-13 12:15:00,175.979,176.05,175.67,175.74,688687
2023-09-13 12:20:00,175.725,176.0,175.7199,175.85,632252
2023-09-13 12:25:00,175.85,175.8999,175.725,175.8955,352039
2023-09-13 12:30:00,175.89,175.95,175.66,175.7,366921
2023-09-13 12:35:00,175.69,175.73,175.52,175.6964,343183
2023-09-13 12:40:00,175.7,175.7,175.37,175.439,372574
2023-09-13 12:45:00,175.4201,175.55,175.28,175.29,420421
2023-09-13 12:50:00,175.3,175.57,175.26,175.39,393729
2023-09-13 12:55:00,175.3999,175.71,175.37,175.6582,425018
2023-09-13 13:00:00,175.66,175.72,175.55,175.585,345862
2023-09-13 13:05:00,175.58,175.69,175.3913,175.45,364478
2023-09-13 13:10:00,175.44,175.55,175.39,175.445,334366
2023-09-13 13:15:00,175.44,175.72,175.395,175.62,461548
2023-09-13 13:20:00,175.62,175.73,175.43,175.435,512540
2023-09-13 13:25:00,175.4365,175.62,175.43,175.525,392723
2023-09-13 13:30:00,175.5205,175.56,175.31,175.33,384581
2023-09-13 13:35:00,175.33,175.39,175.2102,175.33,421939
2023-09-13 13:40:00,175.34,175.47,175.25,175.4385,282519
2023-09-13 13:45:00,175.4446,175.5,175.335,175.46,356956
2023-09-13 13:50:00,175.4556,175.48,175.205,175.2499,449100
2023-09-13 13:55:00,175.24,175.36,175.17,175.1891,289142
2023-09-13 14:00:00,175.185,175.23,175.09,175.205,399767
2023-09-13 14:05:00,175.2,175.27,174.99,175.095,507538
2023-09-13 14:10:00,175.1,175.2,175.03,175.19,358384
2023-09-13 14:15:00,175.2,175.2,174.835,174.84,433589
2023-09-13 14:20:00,174.835,174.91,174.75,174.78,571167
2023-09-13 14:25:00,174.7737,174.9099,174.76,174.81,416192
2023-09-13 14:30:00,174.815,174.9,174.75,174.7785,449555
2023-09-13 14:35:00,174.775,174.94,174.55,174.83,832278
2023-09-13 14:40:00,174.83,175.0521,174.82,175.04,544866
2023-09-13 14:45:00,175.03,175.14,174.965,175.0399,486844
2023-09-13 14:50:00,175.035,175.19,174.75,174.751,599775
2023-09-13 14:55:00,174.75,174.76,174.36,174.465,940373
2023-09-13 15:00:00,174.46,174.83,174.4,174.62,722078
2023-09-13 15:05:00,174.62,174.65,174.5,174.6009,426407
2023-09-13 15:10:00,174.6,174.74,174.52,174.695,369704
2023-09-13 15:15:00,174.69,174.79,174.57,174.66,544625
2023-09-13 15:20:00,174.6472,174.91,174.62,174.78,550380
2023-09-13 15:25:00,174.78,174.98,174.7,174.97,490559
2023-09-13 15:30:00,174.9699,175.1984,174.83,175.15,568699
2023-09-13 15:35:00,175.15,175.1994,174.885,174.91,555275
2023-09-13 15:40:00,174.91,175.07,174.86,174.895,553505
2023-09-13 15:45:00,174.89,174.92,174.8,174.87,652004
2023-09-13 15:50:00,174.875,174.93,174.655,174.675,971815
2023-09-13 15:55:00,174.67,175.0,174.14,174.15,2516815
2023-09-13 16:00:00,174.15,174.52,173.98,174.2,4485643
2023-09-14 09:30:00,174.0,174.2,173.81,173.8728,1290652
2023-09-14 09:35:00,173.88,174.47,173.58,174.36,1213774
2023-09-14 09:40:00,174.365,175.35,174.33,175.27,1657613
2023-09-14 09:45:00,175.2552,175.53,175.07,175.4699,1201652
2023-09-14 09:50:00,175.47,175.63,174.74,174.76,1325534
2023-09-14 09:55:00,174.76,175.265,174.7,174.93,832227
2023-09-14 10:00:00,174.91,175.46,174.5822,175.3067,855587
2023-09-14 10:05:00,175.3,175.3,174.665,174.7495,647617
2023-09-14 10:10:00,174.75,175.0631,174.4,174.545,942172
2023-09-14 10:15:00,174.545,174.87,174.485,174.72,582166
2023-09-14 10:20:00,174.72,174.73,174.31,174.4399,723721
2023-09-14 10:25:00,174.42,174.74,174.375,174.62,553742
2023-09-14 10:30:00,174.63,175.049,174.52,175.0022,627432
2023-09-14 10:35:00,175.0099,175.26,174.93,175.09,743859
2023-09-14 10:40:00,175.09,175.29,174.97,175.235,692010
2023-09-14 10:45:00,175.23,175.55,175.03,175.49,973640
2023-09-14 10:50:00,175.51,175.57,175.25,175.26,692476
2023-09-14 10:55:00,175.2611,175.4552,175.23,175.35,496711
2023-09-14 11:00:00,175.34,175.3599,175.18,175.2751,372134
2023-09-14 11:05:00,175.28,175.62,175.28,175.473,634650
2023-09-14 11:10:00,175.47,175.76,175.46,175.59,677192
2023-09-14 11:15:00,175.5925,175.63,175.25,175.3565,541975
2023-09-14 11:20:00,175.355,175.65,175.31,175.51,402968
2023-09-14 11:25:00,175.51,175.54,175.3508,175.375,283424
2023-09-14 11:30:00,175.3752,175.53,175.3201,175.51,324816
2023-09-14 11:35:00,175.5178,175.56,175.21,175.2118,296071
2023-09-14 11:40:00,175.21,175.34,175.07,175.145,338270
2023-09-14 11:45:00,175.145,175.145,174.83,175.025,615874
2023-09-14 11:50:00,175.025,175.2,174.9541,175.175,404703
2023-09-14 11:55:00,175.18,175.36,175.16,175.29,334527
2023-09-14 12:00:00,175.305,175.54,175.305,175.4373,326629
2023-09-14 12:05:00,175.43,175.44,175.27,175.36,407894
2023-09-14 12:10:00,175.36,175.43,175.2806,175.43,294141
2023-09-14 12:15:00,175.44,176.0,175.4218,175.899,732262
2023-09-14 12:20:00,175.895,175.94,175.55,175.61,405226
2023-09-14 12:25:00,175.615,175.6599,175.43,175.5,312892
2023-09-14 12:30:00,175.51,175.63,175.47,175.62,264273
2023-09-14 12:35:00,175.6282,175.7601,175.32,175.365,362673
2023-09-14 12:40:00,175.36,175.48,175.02,175.46,628097
2023-09-14 12:45:00,175.47,175.5593,175.45,175.4989,266087
2023-09-14 12:50:00,175.4982,175.73,175.425,175.73,298438
2023-09-14 12:55:00,175.72,175.89,175.71,175.825,604652
2023-09-14 13:00:00,175.81,175.97,175.68,175.69,406596
2023-09-14 13:05:00,175.69,175.74,175.57,175.5897,268802
2023-09-14 13:10:00,175.59,175.63,175.46,175.49,276604
2023-09-14 13:15:00,175.48,175.74,175.4789,175.6699,274471
2023-09-14 13:20:00,175.67,175.93,175.6098,175.91,324084
2023-09-14 13:25:00,175.91,175.93,175.66,175.6827,307880
2023-09-14 13:30:00,175.6801,175.92,175.68,175.92,257989
2023-09-14 13:35:00,175.92,175.97,175.88,175.95,365667
2023-09-14 13:40:00,175.959,175.99,175.85,175.8873,358400
2023-09-14 13:45:00,175.89,176.04,175.811,175.92,424741
2023-09-14 13:50:00,175.92,175.93,175.81,175.8201,327454
2023-09-14 13:55:00,175.8299,175.965,175.76,175.79,231378
2023-09-14 14:00:00,175.81,175.85,175.63,175.685,286135
2023-09-14 14:05:00,175.685,175.82,175.66,175.809,307892
2023-09-14 14:10:00,175.8069,175.9,175.55,175.61,363224
2023-09-14 14:15:00,175.6095,175.6691,175.48,175.5,351844
2023-09-14 14:20:00,175.5,175.63,175.45,175.58,336263
2023-09-14 14:25:00,175.5774,175.67,175.31,175.34,378042
2023-09-14 14:30:00,175.34,175.48,175.3,175.365,400564
2023-09-14 14:35:00,175.36,175.5899,175.31,175.55,381177
2023-09-14 14:40:00,175.5599,175.6,175.47,175.53,259662
2023-09-14 14:45:00,175.53,175.7,175.4301,175.61,412817
2023-09-14 14:50:00,175.61,175.63,175.53,175.5992,231919
2023-09-14 14:55:00,175.6,175.68,175.485,175.6333,275775
2023-09-14 15:00:00,175.64,175.8,175.6083,175.7,324778
2023-09-14 15:05:00,175.7,175.98,175.69,175.975,362816
2023-09-14 15:10:00,175.98,176.1,175.97,176.015,542115
2023-09-14 15:15:00,176.01,176.045,175.84,175.8819,391785
2023-09-14 15:20:00,175.895,175.93,175.78,175.835,417343
2023-09-14 15:25:00,175.8345,175.89,175.6988,175.76,364502
2023-09-14 15:30:00,175.76,175.78,175.605,175.6399,317272
2023-09-14 15:35:00,175.64,175.72,175.56,175.7098,432540
2023-09-14 15:40:00,175.7099,175.84,175.65,175.7301,460837
2023-09-14 15:45:00,175.74,175.8071,175.7,175.755,448905
2023-09-14 15:50:00,175.76,175.86,175.6001,175.675,638981
2023-09-14 15:55:00,175.65,175.77,175.58,175.7399,988506
2023-09-14 16:00:00,175.73,175.81,175.62,175.73,1547495
2023-09-15 09:30:00,176.41,176.495,175.6,175.885,12086309
2023-09-15 09:35:00,175.89,176.0,175.06,175.33,1469277
2023-09-15 09:40:00,175.3399,176.06,174.94,175.085,1518398
2023-09-15 09:45:00,175.09,175.25,174.8,175.0,1106317
2023-09-15 09:50:00,175.0,175.5,174.69,174.931,1128268
2023-09-15 09:55:00,174.92,175.33,174.87,174.98,764845
2023-09-15 10:00:00,174.97,175.22,174.72,175.07,1060505
2023-09-15 10:05:00,175.075,175.14,174.8,175.019,767299
2023-09-15 10:10:00,175.01,175.05,174.74,174.86,948671
2023-09-15 10:15:00,174.8711,175.0,174.55,174.725,1135755
2023-09-15 10:20:00,174.72,175.1,174.7,174.88,825044
2023-09-15 10:25:00,174.88,175.36,174.84,175.0399,887391
2023-09-15 10:30:00,175.0399,175.225,174.94,175.0706,523591
2023-09-15 10:35:00,175.0601,175.35,174.86,175.24,700497
2023-09-15 10:40:00,175.22,175.36,175.07,175.1811,601349
2023-09-15 10:45:00,175.18,175.38,175.08,175.185,635857
2023-09-15 10:50:00,175.19,175.268,174.99,175.13,618859
2023-09-15 10:55:00,175.135,175.1399,174.8,174.845,711527
2023-09-15 11:00:00,174.84,174.85,174.525,174.68,763645
2023-09-15 11:05:00,174.685,174.93,174.61,174.92,576499
2023-09-15 11:10:00,174.92,175.12,174.89,175.08,625645
2023-09-15 11:15:00,175.07,175.16,174.93,174.99,424234
2023-09-15 11:20:00,174.995,175.115,174.91,174.96,285657
2023-09-15 11:25:00,174.96,174.96,174.66,174.74,556912
2023-09-15 11:30:00,174.76,174.945,174.61,174.79,503140
2023-09-15 11:35:00,174.81,174.89,174.6601,174.68,312629
2023-09-15 11:40:00,174.68,174.83,174.59,174.75,351031
2023-09-15 11:45:00,174.76,174.95,174.67,174.695,400750
2023-09-15 11:50:00,174.695,174.895,174.67,174.775,408954
2023-09-15 11:55:00,174.77,175.0,174.73,174.9137,561731
2023-09-15 12:00:00,174.91,175.01,174.73,174.9975,496560
2023-09-15 12:05:00,174.995,175.15,174.86,175.125,368564
2023-09-15 12:10:00,175.12,175.14,175.03,175.11,267769
2023-09-15 12:15:00,175.11,175.1299,174.82,174.87,561026
2023-09-15 12:20:00,174.8601,174.93,174.81,174.88,196659
2023-09-15 12:25:00,174.88,174.98,174.785,174.88,214867
2023-09-15 12:30:00,174.88,174.95,174.675,174.81,384954
2023-09-15 12:35:00,174.805,174.93,174.775,174.83,275433
2023-09-15 12:40:00,174.8401,175.015,174.825,174.9601,297572
2023-09-15 12:45:00,174.9658,174.99,174.82,174.86,418021
2023-09-15 12:50:00,174.85,174.9343,174.75,174.89,273976
2023-09-15 12:55:00,174.885,174.9795,174.865,174.87,212386
2023-09-15 13:00:00,174.8747,175.04,174.83,175.0082,247432
2023-09-15 13:05:00,175.0,175.0,174.79,174.79,288680
2023-09-15 13:10:00,174.7845,174.81,174.69,174.73,294657
2023-09-15 13:15:00,174.73,174.75,174.42,174.43,656965
2023-09-15 13:20:00,174.44,174.53,174.21,174.23,599503
2023-09-15 13:25:00,174.235,174.25,174.01,174.08,490384
2023-09-15 13:30:00,174.08,174.12,173.82,173.86,594001
2023-09-15 13:35:00,173.86,174.11,173.8211,174.065,630716
2023-09-15 13:40:00,174.06,174.135,173.96,174.13,337135
2023-09-15 13:45:00,174.13,174.29,174.01,174.2457,461758
2023-09-15 13:50:00,174.24,174.29,174.15,174.19,279540
2023-09-15 13:55:00,174.195,174.25,174.12,174.2199,327426
2023-09-15 14:00:00,174.22,174.28,174.15,174.25,272487
2023-09-15 14:05:00,174.245,174.47,174.22,174.345,589577
2023-09-15 14:10:00,174.345,174.48,174.31,174.48,467212
2023-09-15 14:15:00,174.48,174.52,174.34,174.3727,381728
2023-09-15 14:20:00,174.3784,174.63,174.36,174.47,610088
2023-09-15 14:25:00,174.455,174.54,174.2705,174.29,365225
2023-09-15 14:30:00,174.2903,174.46,174.16,174.21,359247
2023-09-15 14:35:00,174.2,174.4,174.155,174.39,379118
2023-09-15 14:40:00,174.39,174.47,174.29,174.38,278363
2023-09-15 14:45:00,174.37,174.48,174.2831,174.44,328755
2023-09-15 14:50:00,174.44,174.56,174.3,174.515,488865
2023-09-15 14:55:00,174.5101,174.54,174.22,174.3001,499961
2023-09-15 15:00:00,174.3,174.53,174.27,174.345,454925
2023-09-15 15:05:00,174.3401,174.37,174.14,174.2152,424063
2023-09-15 15:10:00,174.21,174.36,174.1387,174.3234,387410
2023-09-15 15:15:00,174.33,174.51,174.3,174.46,485476
2023-09-15 15:20:00,174.46,174.67,174.43,174.53,557353
2023-09-15 15:25:00,174.54,174.6093,174.44,174.52,518957
2023-09-15 15:30:00,174.53,174.95,174.52,174.9062,688122
2023-09-15 15:35:00,174.9017,174.905,174.69,174.735,721784
2023-09-15 15:40:00,174.73,174.885,174.64,174.83,625034
2023-09-15 15:45:00,174.83,174.95,174.665,174.83,904440
2023-09-15 15:50:00,174.829,174.97,174.63,174.83,878590
2023-09-15 15:55:00,174.84,175.12,174.64,174.9759,1495882
2023-09-15 16:00:00,174.98,175.05,174.86,174.96,2207893
2023-09-18 09:30:00,176.57,177.19,176.17,177.015,1554314
2023-09-18 09:35:00,177.015,178.65,176.761,178.28,3419802
2023-09-18 09:40:00,178.305,178.98,177.81,177.88,2598033
2023-09-18 09:45:00,177.886,178.22,177.21,177.4,1640983
2023-09-18 09:50:00,177.41,177.425,176.66,177.37,1835721
2023-09-18 09:55:00,177.375,177.41,176.71,176.888,1198604
2023-09-18 10:00:00,176.89,177.1699,176.62,176.925,1221430
2023-09-18 10:05:00,176.92,177.16,176.72,177.08,781560
2023-09-18 10:10:00,177.08,177.3,176.94,177.065,836696
2023-09-18 10:15:00,177.065,177.395,177.065,177.31,752067
2023-09-18 10:20:00,177.31,177.6,177.3047,177.542,931376
2023-09-18 10:25:00,177.54,177.62,177.13,177.17,932505
2023-09-18 10:30:00,177.17,177.34,177.02,177.13,552066
2023-09-18 10:35:00,177.12,177.16,176.7135,176.7999,736292
2023-09-18 10:40:00,176.79,176.9,176.44,176.66,702777
2023-09-18 10:45:00,176.6569,176.96,176.59,176.9289,466515
2023-09-18 10:50:00,176.92,177.09,176.88,176.995,553917
2023-09-18 10:55:00,177.0,177.065,176.83,177.0629,548987
2023-09-18 11:00:00,177.07,177.28,177.055,177.185,654515
2023-09-18 11:05:00,177.19,177.515,177.185,177.45,502305
2023-09-18 11:10:00,177.44,177.465,177.28,177.38,405963
2023-09-18 11:15:00,177.37,177.62,177.33,177.55,468391
2023-09-18 11:20:00,177.555,177.7965,177.55,177.655,599858
2023-09-18 11:25:00,177.66,177.805,177.5826,177.7705,478441
2023-09-18 11:30:00,177.78,177.84,177.72,177.815,434497
2023-09-18 11:35:00,177.825,177.93,177.82,177.86,451496
2023-09-18 11:40:00,177.855,177.9,177.755,177.82,301507
2023-09-18 11:45:00,177.82,178.09,177.82,178.07,666210
2023-09-18 11:50:00,178.06,178.09,177.97,178.0516,325829
2023-09-18 11:55:00,178.06,178.3,178.05,178.27,605387
2023-09-18 12:00:00,178.27,178.33,178.19,178.305,624128
2023-09-18 12:05:00,178.31,178.42,178.25,178.3,383275
2023-09-18 12:10:00,178.29,178.4,178.26,178.35,396652
2023-09-18 12:15:00,178.35,178.38,178.11,178.205,491727
2023-09-18 12:20:00,178.2,178.44,178.2,178.3801,303281
2023-09-18 12:25:00,178.3842,178.47,178.31,178.465,229072
2023-09-18 12:30:00,178.47,178.68,178.45,178.66,409930
2023-09-18 12:35:00,178.6599,178.71,178.6,178.7012,317962
2023-09-18 12:40:00,178.705,178.81,178.6101,178.7804,473228
2023-09-18 12:45:00,178.7872,179.11,178.72,178.88,1044810
2023-09-18 12:50:00,178.89,179.07,178.8742,179.065,416271
2023-09-18 12:55:00,179.065,179.18,178.95,179.045,458948
2023-09-18 13:00:00,179.045,179.07,178.845,178.93,444667
2023-09-18 13:05:00,178.93,179.1,178.89,178.97,452579
2023-09-18 13:10:00,178.965,179.05,178.881,178.9622,288715
2023-09-18 13:15:00,178.97,179.0,178.81,178.822,293959
2023-09-18 13:20:00,178.83,178.99,178.7301,178.975,371009
2023-09-18 13:25:00,178.9795,179.21,178.9701,179.1751,561057
2023-09-18 13:30:00,179.18,179.1999,179.04,179.15,343101
2023-09-18 13:35:00,179.16,179.38,179.15,179.278,619675
2023-09-18 13:40:00,179.2701,179.29,179.11,179.1688,324355
2023-09-18 13:45:00,179.17,179.23,179.0801,179.085,277741
2023-09-18 13:50:00,179.1,179.1783,178.94,178.97,468153
2023-09-18 13:55:00,178.9785,179.19,178.87,178.96,364940
2023-09-18 14:00:00,178.955,179.09,178.9,179.0122,281368
2023-09-18 14:05:00,179.01,179.16,178.99,179.03,354766
2023-09-18 14:10:00,179.02,179.1388,178.97,178.98,273894
2023-09-18 14:15:00,178.985,179.21,178.895,179.195,318599
2023-09-18 14:20:00,179.2,179.22,179.08,179.135,221738
2023-09-18 14:25:00,179.13,179.19,179.065,179.09,223697
2023-09-18 14:30:00,179.08,179.1,178.9201,178.93,256709
2023-09-18 14:35:00,178.93,179.02,178.87,179.0001,244117
2023-09-18 14:40:00,179.0089,179.07,178.91,178.9101,203172
2023-09-18 14:45:00,178.905,179.0557,178.89,178.9,224520
2023-09-18 14:50:00,178.895,178.95,178.67,178.72,385474
2023-09-18 14:55:00,178.721,178.78,178.4701,178.515,516246
2023-09-18 15:00:00,178.515,178.645,178.4246,178.565,397387
2023-09-18 15:05:00,178.57,178.65,178.48,178.5027,347126
2023-09-18 15:10:00,178.51,178.73,178.5,178.7,299084
2023-09-18 15:15:00,178.705,178.76,178.61,178.655,297118
2023-09-18 15:20:00,178.66,178.74,178.41,178.41,505956
2023-09-18 15:25:00,178.415,178.48,178.27,178.315,489220
2023-09-18 15:30:00,178.31,178.43,178.2613,178.27,309377
2023-09-18 15:35:00,178.265,178.3,178.11,178.15,419218
2023-09-18 15:40:00,178.1544,178.18,178.0444,178.09,445568
2023-09-18 15:45:00,178.09,178.34,178.035,178.06,653776
2023-09-18 15:50:00,178.055,178.2395,178.0257,178.2299,639229
2023-09-18 15:55:00,178.22,178.2755,177.97,178.097,1287579
2023-09-18 16:00:00,178.0912,178.11,177.775,177.98,1799122
2023-09-19 09:30:00,177.52,178.06,177.45,177.68,833566
2023-09-19 09:35:00,177.68,178.54,177.31,178.43,1609935
2023-09-19 09:40:00,178.4299,178.54,178.12,178.3262,1095387
2023-09-19 09:45:00,178.32,178.67,178.19,178.45,1295754
2023-09-19 09:50:00,178.46,178.63,177.805,177.82,1030207
2023-09-19 09:55:00,177.81,178.3,177.8,177.82,712643
2023-09-19 10:00:00,177.8399,177.86,177.4,177.44,744790
2023-09-19 10:05:00,177.44,177.5,177.13,177.2,758708
2023-09-19 10:10:00,177.2,177.6,177.2,177.58,917325
2023-09-19 10:15:00,177.575,177.91,177.46,177.65,1043728
2023-09-19 10:20:00,177.625,177.75,177.45,177.59,503815
2023-09-19 10:25:00,177.6,177.8,177.53,177.715,428233
2023-09-19 10:30:00,177.715,177.8,177.55,177.67,405863
2023-09-19 10:35:00,177.66,177.73,177.402,177.48,402035
2023-09-19 10:40:00,177.4829,177.6,177.27,177.3339,524041
2023-09-19 10:45:00,177.32,177.62,177.3,177.5299,437210
2023-09-19 10:50:00,177.53,177.605,177.36,177.36,293788
2023-09-19 10:55:00,177.36,177.49,177.29,177.34,322319
2023-09-19 11:00:00,177.3301,177.37,177.17,177.325,440454
2023-09-19 11:05:00,177.3265,177.42,177.19,177.41,362514
2023-09-19 11:10:00,177.4,177.44,177.2708,177.31,274572
2023-09-19 11:15:00,177.32,177.39,177.17,177.19,271099
2023-09-19 11:20:00,177.21,177.31,177.15,177.2786,290160
2023-09-19 11:25:00,177.285,177.44,177.26,177.4203,267160
2023-09-19 11:30:00,177.4227,177.6,177.39,177.55,396391
2023-09-19 11:35:00,177.54,177.84,177.5,177.79,474194
2023-09-19 11:40:00,177.7848,177.93,177.7,177.83,390235
2023-09-19 11:45:00,177.8374,177.87,177.7,177.72,285508
2023-09-19 11:50:00,177.72,177.8599,177.62,177.7165,327808
2023-09-19 11:55:00,177.72,177.88,177.65,177.84,275889
2023-09-19 12:00:00,177.831,178.12,177.79,178.04,492971
2023-09-19 12:05:00,178.04,178.08,177.67,177.69,356998
2023-09-19 12:10:00,177.69,177.9,177.63,177.83,373310
2023-09-19 12:15:00,177.835,177.9299,177.73,177.9183,248501
2023-09-19 12:20:00,177.92,178.07,177.91,178.0587,287345
2023-09-19 12:25:00,178.055,178.19,178.0222,178.15,376959
2023-09-19 12:30:00,178.17,178.2,178.09,178.14,289598
2023-09-19 12:35:00,178.14,178.1757,178.0745,178.08,198642
2023-09-19 12:40:00,178.07,178.12,177.81,177.92,386915
2023-09-19 12:45:00,177.9199,177.9787,177.8,177.93,223884
2023-09-19 12:50:00,177.91,177.98,177.78,177.935,265395
2023-09-19 12:55:00,177.935,178.0699,177.93,178.06,253344
2023-09-19 13:00:00,178.06,178.2376,178.06,178.17,379344
2023-09-19 13:05:00,178.18,178.44,178.17,178.39,655615
2023-09-19 13:10:00,178.4,178.46,178.2742,178.44,349636
2023-09-19 13:15:00,178.45,178.49,178.371,178.41,337739
2023-09-19 13:20:00,178.405,178.52,178.3175,178.51,369260
2023-09-19 13:25:00,178.51,178.56,178.461,178.53,268117
2023-09-19 13:30:00,178.525,178.68,178.46,178.675,436774
2023-09-19 13:35:00,178.675,178.76,178.63,178.69,337591
2023-09-19 13:40:00,178.6808,178.9118,178.62,178.88,330262
2023-09-19 13:45:00,178.87,179.05,178.715,179.02,629695
2023-09-19 13:50:00,179.03,179.11,178.9,179.0687,691359
2023-09-19 13:55:00,179.08,179.17,178.91,179.0599,424102
2023-09-19 14:00:00,179.055,179.15,178.98,179.12,274386
2023-09-19 14:05:00,179.115,179.3072,179.1,179.29,508596
2023-09-19 14:10:00,179.2881,179.39,179.2609,179.265,503876
2023-09-19 14:15:00,179.27,179.36,179.16,179.22,489514
2023-09-19 14:20:00,179.215,179.31,179.16,179.255,335886
2023-09-19 14:25:00,179.2599,179.35,179.17,179.31,329627
2023-09-19 14:30:00,179.31,179.39,179.11,179.16,443557
2023-09-19 14:35:00,179.16,179.41,179.11,179.35,397894
2023-09-19 14:40:00,179.35,179.63,179.345,179.515,684019
2023-09-19 14:45:00,179.52,179.545,179.4,179.4102,261749
2023-09-19 14:50:00,179.41,179.415,179.19,179.29,371248
2023-09-19 14:55:00,179.2987,179.2989,179.07,179.11,414913
2023-09-19 15:00:00,179.1047,179.16,178.805,178.88,554704
2023-09-19 15:05:00,178.8799,178.98,178.82,178.98,350038
2023-09-19 15:10:00,178.98,179.0081,178.88,178.92,264669
2023-09-19 15:15:00,178.92,178.95,178.76,178.93,292161
2023-09-19 15:20:00,178.94,178.94,178.74,178.9,364150
2023-09-19 15:25:00,178.89,179.0,178.8,178.98,353110
2023-09-19 15:30:00,178.99,179.1484,178.975,179.0497,507757
2023-09-19 15:35:00,179.0477,179.11,178.93,179.0901,423126
2023-09-19 15:40:00,179.1,179.13,178.985,179.09,418330
2023-09-19 15:45:00,179.085,179.44,179.04,179.38,616361
2023-09-19 15:50:00,179.3801,179.42,179.17,179.18,607805
2023-09-19 15:55:00,179.18,179.25,179.02,179.1502,833563
2023-09-19 16:00:00,179.15,179.17,179.02,179.1,1142003
2023-09-20 09:30:00,179.26,179.695,179.26,179.315,741072
2023-09-20 09:35:00,179.3,179.32,178.63,178.755,917930
2023-09-20 09:40:00,178.76,178.8827,178.5,178.57,852540
2023-09-20 09:45:00,178.56,178.84,178.2874,178.4475,902757
2023-09-20 09:50:00,178.447,178.51,177.98,178.0401,1084677
2023-09-20 09:55:00,178.05,178.47,178.0403,178.43,719043
2023-09-20 10:00:00,178.44,178.58,178.23,178.27,830005
2023-09-20 10:05:00,178.27,178.417,177.71,177.775,805758
2023-09-20 10:10:00,177.79,177.95,177.6,177.81,691358
2023-09-20 10:15:00,177.8,177.84,177.415,177.46,687151
2023-09-20 10:20:00,177.455,177.49,177.26,177.32,708879
2023-09-20 10:25:00,177.34,177.56,177.28,177.5,599966
2023-09-20 10:30:00,177.49,177.64,177.37,177.4775,451521
2023-09-20 10:35:00,177.48,177.72,177.44,177.695,484067
2023-09-20 10:40:00,177.6908,178.0,177.6908,177.9699,535186
2023-09-20 10:45:00,177.965,178.02,177.83,177.95,517969
2023-09-20 10:50:00,177.92,177.951,177.64,177.67,471733
2023-09-20 10:55:00,177.67,177.6752,177.51,177.61,317228
2023-09-20 11:00:00,177.6188,177.725,177.33,177.34,498700
2023-09-20 11:05:00,177.3312,177.4936,177.32,177.34,378471
2023-09-20 11:10:00,177.335,177.575,177.33,177.5001,395803
2023-09-20 11:15:00,177.5033,177.5033,177.25,177.325,460604
2023-09-20 11:20:00,177.31,177.33,177.01,177.05,609656
2023-09-20 11:25:00,177.0582,177.0999,176.86,176.925,592218
2023-09-20 11:30:00,176.9299,177.0598,176.89,177.025,322694
2023-09-20 11:35:00,177.0295,177.31,176.96,177.2925,406644
2023-09-20 11:40:00,177.2923,177.31,177.01,177.0512,342016
2023-09-20 11:45:00,177.055,177.325,176.99,177.2899,398846
2023-09-20 11:50:00,177.28,177.3698,177.23,177.355,287216
2023-09-20 11:55:00,177.358,177.58,177.3523,177.5,349786
2023-09-20 12:00:00,177.49,177.58,177.4701,177.4994,288358
2023-09-20 12:05:00,177.5,177.53,177.4329,177.505,230651
2023-09-20 12:10:00,177.51,177.57,177.46,177.495,158047
2023-09-20 12:15:00,177.4835,177.6,177.48,177.57,179581
2023-09-20 12:20:00,177.57,177.59,177.46,177.5899,178530
2023-09-20 12:25:00,177.58,177.58,177.32,177.36,252150
2023-09-20 12:30:00,177.36,177.65,177.355,177.62,311474
2023-09-20 12:35:00,177.61,177.69,177.56,177.635,272949
2023-09-20 12:40:00,177.635,177.76,177.59,177.73,227211
2023-09-20 12:45:00,177.72,177.7399,177.6,177.6003,157959
2023-09-20 12:50:00,177.615,177.68,177.51,177.575,243658
2023-09-20 12:55:00,177.58,177.6756,177.51,177.59,167193
2023-09-20 13:00:00,177.6,177.75,177.58,177.59,197702
2023-09-20 13:05:00,177.595,177.64,177.56,177.58,160451
2023-09-20 13:10:00,177.6,177.66,177.51,177.53,236164
2023-09-20 13:15:00,177.5212,177.54,177.31,177.37,239647
2023-09-20 13:20:00,177.37,177.5299,177.32,177.51,236970
2023-09-20 13:25:00,177.51,177.5899,177.47,177.55,166182
2023-09-20 13:30:00,177.545,177.55,177.455,177.5135,189516
2023-09-20 13:35:00,177.501,177.595,177.501,177.565,226285
2023-09-20 13:40:00,177.57,177.65,177.5301,177.57,314656
2023-09-20 13:45:00,177.575,177.61,177.39,177.4499,279045
2023-09-20 13:50:00,177.445,177.45,177.1752,177.18,331416
2023-09-20 13:55:00,177.185,177.59,177.185,177.58,378970
2023-09-20 14:00:00,177.59,177.7951,176.88,177.0356,757575
2023-09-20 14:05:00,177.03,177.07,176.58,176.6801,1055618
2023-09-20 14:10:00,176.68,177.1824,176.585,176.7488,730951
2023-09-20 14:15:00,176.74,177.0498,176.64,176.895,825876
2023-09-20 14:20:00,176.905,177.2299,176.87,177.073,619381
2023-09-20 14:25:00,177.0738,177.52,177.0,177.48,555867
2023-09-20 14:30:00,177.485,177.51,176.96,177.058,527744
2023-09-20 14:35:00,177.05,177.76,177.04,177.52,988505
2023-09-20 14:40:00,177.54,177.78,177.27,177.37,640158
2023-09-20 14:45:00,177.35,177.6699,177.17,177.35,568921
2023-09-20 14:50:00,177.3758,177.47,176.81,176.84,605131
2023-09-20 14:55:00,176.84,177.37,176.8,177.33,612587
2023-09-20 15:00:00,177.34,177.58,176.98,177.21,511541
2023-09-20 15:05:00,177.21,177.31,176.93,177.1,315024
2023-09-20 15:10:00,177.11,177.12,176.82,177.02,486169
2023-09-20 15:15:00,177.02,177.11,176.62,176.63,629048
2023-09-20 15:20:00,176.6476,176.84,176.34,176.48,593935
2023-09-20 15:25:00,176.47,176.915,176.39,176.8111,538766
2023-09-20 15:30:00,176.8195,176.83,176.58,176.7,400594
2023-09-20 15:35:00,176.7,176.765,176.04,176.14,744326
2023-09-20 15:40:00,176.14,176.18,175.81,175.945,806680
2023-09-20 15:45:00,175.9427,175.99,175.58,175.72,993585
2023-09-20 15:50:00,175.72,175.955,175.59,175.9489,925083
2023-09-20 15:55:00,175.94,176.12,175.7,175.71,1337885
2023-09-20 16:00:00,175.71,175.97,175.4,175.49,2144240
2023-09-21 09:30:00,174.55,175.23,174.44,175.17,953836
2023-09-21 09:35:00,175.23,175.7892,174.74,175.775,1677351
2023-09-21 09:40:00,175.785,176.05,174.61,175.42,1457640
2023-09-21 09:45:00,175.4,175.9612,175.01,175.1301,1370159
2023-09-21 09:50:00,175.14,175.48,174.73,174.78,932914
2023-09-21 09:55:00,174.78,175.24,174.68,174.77,754450
2023-09-21 10:00:00,174.77,175.0,174.59,174.815,746600
2023-09-21 10:05:00,174.815,175.0597,174.65,175.02,709757
2023-09-21 10:10:00,175.015,176.06,174.98,175.8453,1459731
2023-09-21 10:15:00,175.83,175.91,175.22,175.47,1051329
2023-09-21 10:20:00,175.4899,175.89,175.43,175.71,768478
2023-09-21 10:25:00,175.7,175.91,175.37,175.6,603461
2023-09-21 10:30:00,175.6,175.71,175.33,175.4549,558021
2023-09-21 10:35:00,175.45,175.755,175.34,175.57,612301
2023-09-21 10:40:00,175.565,176.22,175.56,176.172,832319
2023-09-21 10:45:00,176.18,176.3,175.82,175.8328,643758
2023-09-21 10:50:00,175.86,175.92,175.61,175.6312,490262
2023-09-21 10:55:00,175.635,175.6625,175.47,175.625,522873
2023-09-21 11:00:00,175.63,175.9,175.37,175.49,527121
2023-09-21 11:05:00,175.4995,175.54,175.23,175.4588,414207
2023-09-21 11:10:00,175.45,175.5,175.11,175.1611,339757
2023-09-21 11:15:00,175.16,175.2899,174.94,174.9747,488803
2023-09-21 11:20:00,174.965,175.17,174.82,175.08,456120
2023-09-21 11:25:00,175.095,175.215,175.01,175.01,322039
2023-09-21 11:30:00,175.0106,175.0106,174.82,174.965,350065
2023-09-21 11:35:00,174.97,175.27,174.83,175.24,428013
2023-09-21 11:40:00,175.24,175.31,175.0948,175.2501,395970
2023-09-21 11:45:00,175.25,175.4099,175.2,175.4,323134
2023-09-21 11:50:00,175.4,175.5691,175.31,175.545,519618
2023-09-21 11:55:00,175.55,175.7,175.51,175.658,534514
2023-09-21 12:00:00,175.655,175.69,175.315,175.4,409414
2023-09-21 12:05:00,175.39,175.4212,175.12,175.155,318052
2023-09-21 12:10:00,175.15,175.22,175.07,175.105,349233
2023-09-21 12:15:00,175.1,175.295,175.02,175.025,342998
2023-09-21 12:20:00,175.02,175.2289,175.0,175.115,326666
2023-09-21 12:25:00,175.11,175.21,175.04,175.13,223636
2023-09-21 12:30:00,175.14,175.21,175.02,175.0801,233640
2023-09-21 12:35:00,175.08,175.37,175.06,175.16,471481
2023-09-21 12:40:00,175.16,175.21,174.92,175.0368,448411
2023-09-21 12:45:00,175.03,175.15,174.95,175.12,354417
2023-09-21 12:50:00,175.1127,175.18,175.06,175.065,300660
2023-09-21 12:55:00,175.065,175.22,174.95,174.96,398210
2023-09-21 13:00:00,174.96,175.0188,174.86,174.88,352853
2023-09-21 13:05:00,174.87,175.09,174.87,175.035,279245
2023-09-21 13:10:00,175.02,175.085,174.93,175.03,290907
2023-09-21 13:15:00,175.03,175.41,175.02,175.3898,479143
2023-09-21 13:20:00,175.39,175.495,175.27,175.315,540189
2023-09-21 13:25:00,175.315,175.47,175.3,175.355,275537
2023-09-21 13:30:00,175.35,175.42,175.29,175.345,255153
2023-09-21 13:35:00,175.34,175.48,175.34,175.44,426280
2023-09-21 13:40:00,175.45,175.54,175.28,175.365,366334
2023-09-21 13:45:00,175.365,175.49,175.31,175.4201,246343
2023-09-21 13:50:00,175.44,175.5,175.3302,175.36,284484
2023-09-21 13:55:00,175.37,175.46,175.282,175.35,216327
2023-09-21 14:00:00,175.37,175.45,175.2009,175.2507,309586
2023-09-21 14:05:00,175.26,175.28,175.11,175.1666,390989
2023-09-21 14:10:00,175.155,175.19,174.98,175.1101,421053
2023-09-21 14:15:00,175.11,175.13,174.8724,174.9,335639
2023-09-21 14:20:00,174.9,175.0101,174.82,174.8571,350973
2023-09-21 14:25:00,174.8591,174.9499,174.67,174.68,327519
2023-09-21 14:30:00,174.68,174.79,174.615,174.64,372698
2023-09-21 14:35:00,174.6289,174.705,174.52,174.6888,586979
2023-09-21 14:40:00,174.685,174.94,174.63,174.845,413358
2023-09-21 14:45:00,174.845,175.0,174.8269,174.83,390371
2023-09-21 14:50:00,174.83,174.87,174.7,174.715,358084
2023-09-21 14:55:00,174.71,174.76,174.62,174.69,259419
2023-09-21 15:00:00,174.7,174.8,174.555,174.5701,329676
2023-09-21 15:05:00,174.58,174.8099,174.55,174.5981,385348
2023-09-21 15:10:00,174.59,174.66,174.52,174.5225,443003
2023-09-21 15:15:00,174.5201,174.54,174.3528,174.39,602227
2023-09-21 15:20:00,174.39,174.45,174.28,174.41,461789
2023-09-21 15:25:00,174.43,174.5,174.325,174.43,399739
2023-09-21 15:30:00,174.425,174.43,174.1507,174.16,461584
2023-09-21 15:35:00,174.16,174.43,174.12,174.3987,657443
2023-09-21 15:40:00,174.39,174.54,174.39,174.495,594887
2023-09-21 15:45:00,174.49,174.545,174.3101,174.42,684759
2023-09-21 15:50:00,174.4201,174.46,174.12,174.155,851364
2023-09-21 15:55:00,174.16,174.21,173.95,174.06,1446966
2023-09-21 16:00:00,174.05,174.14,173.86,173.93,1664259
2023-09-22 09:30:00,174.67,174.72,174.12,174.2199,754911
2023-09-22 09:35:00,174.19,174.76,174.16,174.31,879111
2023-09-22 09:40:00,174.31,174.52,174.08,174.1799,665762
2023-09-22 09:45:00,174.175,174.5882,174.05,174.49,672381
2023-09-22 09:50:00,174.4885,174.72,174.15,174.2866,896297
2023-09-22 09:55:00,174.29,174.44,174.12,174.395,580742
2023-09-22 10:00:00,174.395,174.92,174.37,174.725,706731
2023-09-22 10:05:00,174.7264,175.05,174.62,175.03,632414
2023-09-22 10:10:00,175.02,175.2299,174.92,174.9499,552991
2023-09-22 10:15:00,174.95,175.2176,174.89,174.96,606584
2023-09-22 10:20:00,174.963,175.059,174.86,174.89,389367
2023-09-22 10:25:00,174.885,175.39,174.82,175.24,620009
2023-09-22 10:30:00,175.25,175.44,175.0525,175.425,467100
2023-09-22 10:35:00,175.425,176.0699,175.415,176.05,1313632
2023-09-22 10:40:00,176.045,176.22,175.87,175.9,1100807
2023-09-22 10:45:00,175.9,176.1082,175.845,175.98,534423
2023-09-22 10:50:00,175.98,176.38,175.97,176.2716,819733
2023-09-22 10:55:00,176.28,176.502,176.12,176.46,688812
2023-09-22 11:00:00,176.46,176.62,176.31,176.475,707299
2023-09-22 11:05:00,176.4726,176.505,176.17,176.22,529250
2023-09-22 11:10:00,176.22,176.3599,176.1,176.1757,383916
2023-09-22 11:15:00,176.17,176.24,176.02,176.171,397892
2023-09-22 11:20:00,176.185,176.2313,176.0,176.18,371007
2023-09-22 11:25:00,176.19,176.25,176.0,176.25,379862
2023-09-22 11:30:00,176.25,176.49,176.23,176.43,506137
2023-09-22 11:35:00,176.435,176.49,176.31,176.45,246649
2023-09-22 11:40:00,176.45,176.61,176.39,176.49,398728
2023-09-22 11:45:00,176.5,176.5099,176.17,176.2101,325727
2023-09-22 11:50:00,176.23,176.26,176.11,176.2362,259915
2023-09-22 11:55:00,176.24,176.24,176.0501,176.1401,262119
2023-09-22 12:00:00,176.15,176.2,175.94,176.0051,493068
2023-09-22 12:05:00,176.0028,176.53,175.98,176.142,1079593
2023-09-22 12:10:00,176.14,176.5094,176.1,176.3901,481414
2023-09-22 12:15:00,176.39,176.46,176.3,176.43,343933
2023-09-22 12:20:00,176.44,176.75,176.42,176.62,623041
2023-09-22 12:25:00,176.6175,176.645,176.525,176.546,341025
2023-09-22 12:30:00,176.545,176.64,176.49,176.585,218504
2023-09-22 12:35:00,176.58,176.79,176.56,176.595,478639
2023-09-22 12:40:00,176.5899,176.79,176.57,176.73,325342
2023-09-22 12:45:00,176.73,176.8099,176.7,176.8099,298246
2023-09-22 12:50:00,176.8088,176.9847,176.8001,176.935,549480
2023-09-22 12:55:00,176.9399,177.079,176.845,176.8749,645595
2023-09-22 13:00:00,176.87,176.92,176.615,176.65,371283
2023-09-22 13:05:00,176.65,176.66,176.46,176.5,368003
2023-09-22 13:10:00,176.52,176.6199,176.33,176.4,282907
2023-09-22 13:15:00,176.4,176.52,176.16,176.2494,444799
2023-09-22 13:20:00,176.245,176.27,175.87,175.88,509353
2023-09-22 13:25:00,175.8799,176.02,175.67,175.72,470297
2023-09-22 13:30:00,175.73,175.76,175.58,175.6399,367565
2023-09-22 13:35:00,175.63,175.65,175.43,175.575,427140
2023-09-22 13:40:00,175.58,175.6071,175.24,175.3,448529
2023-09-22 13:45:00,175.29,175.3649,175.15,175.3649,362770
2023-09-22 13:50:00,175.35,175.37,175.15,175.3378,394861
2023-09-22 13:55:00,175.33,175.5199,175.23,175.3081,368752
2023-09-22 14:00:00,175.32,175.53,175.32,175.44,249892
2023-09-22 14:05:00,175.431,175.56,175.31,175.4714,294007
2023-09-22 14:10:00,175.47,175.4799,175.26,175.29,259718
2023-09-22 14:15:00,175.3,175.3399,175.18,175.29,326258
2023-09-22 14:20:00,175.2799,175.3,174.96,175.245,673518
2023-09-22 14:25:00,175.24,175.395,175.11,175.39,267197
2023-09-22 14:30:00,175.39,175.4231,174.9917,174.9917,372879
2023-09-22 14:35:00,174.995,175.1299,174.81,175.112,396147
2023-09-22 14:40:00,175.12,175.18,174.94,175.06,311554
2023-09-22 14:45:00,175.0899,175.23,175.03,175.145,326043
2023-09-22 14:50:00,175.14,175.42,175.11,175.385,303890
2023-09-22 14:55:00,175.38,175.42,175.24,175.35,302619
2023-09-22 15:00:00,175.35,175.57,175.15,175.52,352045
2023-09-22 15:05:00,175.5101,175.65,175.42,175.4681,516272
2023-09-22 15:10:00,175.47,175.89,175.43,175.76,642671
2023-09-22 15:15:00,175.755,175.86,175.67,175.775,328767
2023-09-22 15:20:00,175.775,175.88,175.64,175.765,414308
2023-09-22 15:25:00,175.77,175.99,175.64,175.68,401117
2023-09-22 15:30:00,175.68,175.785,175.66,175.74,282659
2023-09-22 15:35:00,175.74,175.78,175.48,175.5,313911
2023-09-22 15:40:00,175.51,175.59,175.44,175.49,291209
2023-09-22 15:45:00,175.48,175.485,174.95,175.04,697049
2023-09-22 15:50:00,175.045,175.1007,174.72,174.74,961017
2023-09-22 15:55:00,174.73,175.045,174.62,174.82,1213895
2023-09-22 16:00:00,174.81,174.925,174.71,174.74,1877170
2023-09-25 09:30:00,174.2,175.14,174.15,174.9869,1196742
2023-09-25 09:35:00,174.9718,174.9718,174.25,174.53,808179
2023-09-25 09:40:00,174.55,174.91,174.4,174.85,682038
2023-09-25 09:45:00,174.85,174.94,174.4,174.54,777966
2023-09-25 09:50:00,174.53,174.94,174.49,174.8081,642654
2023-09-25 09:55:00,174.8,175.16,174.68,175.1294,592973
2023-09-25 10:00:00,175.125,175.55,175.11,175.4901,696790
2023-09-25 10:05:00,175.5,175.54,175.08,175.26,549996
2023-09-25 10:10:00,175.2887,175.3594,174.94,175.04,459729
2023-09-25 10:15:00,175.03,175.15,174.87,174.98,468726
2023-09-25 10:20:00,174.9776,175.1499,174.76,174.8101,520432
2023-09-25 10:25:00,174.8205,174.8205,174.27,174.35,554900
2023-09-25 10:30:00,174.33,174.57,174.21,174.46,482211
2023-09-25 10:35:00,174.45,174.92,174.37,174.761,522380
2023-09-25 10:40:00,174.765,174.9299,174.73,174.8278,355691
2023-09-25 10:45:00,174.82,175.19,174.8,175.04,418114
2023-09-25 10:50:00,175.03,175.2193,174.84,174.86,420352
2023-09-25 10:55:00,174.87,175.097,174.77,174.9501,370399
2023-09-25 11:00:00,174.97,175.085,174.87,174.93,361674
2023-09-25 11:05:00,174.94,175.315,174.88,175.2713,514739
2023-09-25 11:10:00,175.27,175.84,175.2001,175.81,556372
2023-09-25 11:15:00,175.815,175.9702,175.73,175.9702,474593
2023-09-25 11:20:00,175.975,176.34,175.91,176.21,814895
2023-09-25 11:25:00,176.215,176.44,176.16,176.39,471864
2023-09-25 11:30:00,176.41,176.54,176.13,176.2001,545003
2023-09-25 11:35:00,176.21,176.26,176.08,176.22,389627
2023-09-25 11:40:00,176.215,176.23,176.1,176.14,260037
2023-09-25 11:45:00,176.14,176.4727,176.07,176.3552,463326
2023-09-25 11:50:00,176.365,176.49,176.19,176.21,481267
2023-09-25 11:55:00,176.22,176.28,175.96,176.0,503472
2023-09-25 12:00:00,176.0,176.1,175.88,175.9961,322381
2023-09-25 12:05:00,175.99,176.12,175.88,175.99,214165
2023-09-25 12:10:00,175.985,176.22,175.89,176.03,380783
2023-09-25 12:15:00,176.02,176.44,176.01,176.415,491677
2023-09-25 12:20:00,176.4111,176.83,176.41,176.8199,538597
2023-09-25 12:25:00,176.8,176.97,176.72,176.89,532128
2023-09-25 12:30:00,176.88,176.94,176.81,176.82,253626
2023-09-25 12:35:00,176.81,176.84,176.62,176.64,418494
2023-09-25 12:40:00,176.635,176.68,176.53,176.64,316760
2023-09-25 12:45:00,176.64,176.6791,176.49,176.545,282646
2023-09-25 12:50:00,176.545,176.5799,176.28,176.28,279956
2023-09-25 12:55:00,176.2801,176.36,176.13,176.3,371231
2023-09-25 13:00:00,176.3,176.329,176.17,176.2042,234182
2023-09-25 13:05:00,176.21,176.24,176.04,176.14,283317
2023-09-25 13:10:00,176.12,176.59,176.1146,176.561,383800
2023-09-25 13:15:00,176.5594,176.8,176.5594,176.6,480469
2023-09-25 13:20:00,176.5811,176.5999,176.36,176.43,299530
2023-09-25 13:25:00,176.45,176.47,176.23,176.2422,243216
2023-09-25 13:30:00,176.24,176.3086,176.08,176.155,294272
2023-09-25 13:35:00,176.1681,176.22,176.06,176.1,259150
2023-09-25 13:40:00,176.11,176.3,176.105,176.26,199961
2023-09-25 13:45:00,176.27,176.315,176.01,176.04,220157
2023-09-25 13:50:00,176.04,176.158,175.88,176.12,327016
2023-09-25 13:55:00,176.11,176.34,176.1001,176.14,313779
2023-09-25 14:00:00,176.135,176.35,176.12,176.335,254360
2023-09-25 14:05:00,176.3381,176.3676,176.15,176.3399,271080
2023-09-25 14:10:00,176.32,176.32,175.95,176.05,271209
2023-09-25 14:15:00,176.06,176.07,175.88,175.8999,224803
2023-09-25 14:20:00,175.9,175.9799,175.7404,175.81,293782
2023-09-25 14:25:00,175.8,175.8299,175.68,175.78,232707
2023-09-25 14:30:00,175.7872,175.92,175.68,175.69,266507
2023-09-25 14:35:00,175.7059,175.97,175.66,175.9602,291907
2023-09-25 14:40:00,175.96,176.129,175.89,176.0145,373205
2023-09-25 14:45:00,176.0,176.02,175.7109,175.73,308772
2023-09-25 14:50:00,175.75,175.85,175.55,175.56,294342
2023-09-25 14:55:00,175.5682,175.7658,175.51,175.61,297268
2023-09-25 15:00:00,175.6,175.64,175.48,175.57,340466
2023-09-25 15:05:00,175.5685,175.59,175.16,175.21,460105
2023-09-25 15:10:00,175.21,175.23,174.97,175.09,592465
2023-09-25 15:15:00,175.1,175.43,175.03,175.4101,437281
2023-09-25 15:20:00,175.42,175.68,175.42,175.4843,633664
2023-09-25 15:25:00,175.47,175.65,175.43,175.48,442640
2023-09-25 15:30:00,175.48,175.6168,175.35,175.515,390657
2023-09-25 15:35:00,175.52,175.665,175.49,175.5828,365253
2023-09-25 15:40:00,175.58,175.81,175.5,175.7,502827
2023-09-25 15:45:00,175.695,175.73,175.44,175.54,375838
2023-09-25 15:50:00,175.54,175.87,175.46,175.87,466424
2023-09-25 15:55:00,175.87,175.9,175.37,175.8316,808097
2023-09-25 16:00:00,175.835,176.15,175.8,176.09,1378914
2023-09-26 09:30:00,174.82,175.2,174.72,174.7399,651749
2023-09-26 09:35:00,174.75,174.79,174.32,174.455,929780
2023-09-26 09:40:00,174.4311,174.69,174.25,174.43,1220308
2023-09-26 09:45:00,174.43,174.6,174.28,174.31,993323
2023-09-26 09:50:00,174.3101,174.5,173.451,173.49,1450760
2023-09-26 09:55:00,173.48,173.73,173.3,173.37,1141893
2023-09-26 10:00:00,173.37,173.47,172.93,173.185,1526887
2023-09-26 10:05:00,173.17,173.35,172.94,173.1153,1156152
2023-09-26 10:10:00,173.12,173.46,173.12,173.27,721037
2023-09-26 10:15:00,173.26,173.38,172.69,172.7,1017451
2023-09-26 10:20:00,172.7,172.72,172.48,172.62,1107197
2023-09-26 10:25:00,172.625,172.96,172.61,172.8861,753835
2023-09-26 10:30:00,172.8899,173.18,172.8,173.019,741230
2023-09-26 10:35:00,173.02,173.079,172.69,172.785,677249
2023-09-26 10:40:00,172.785,173.15,172.72,173.09,568525
2023-09-26 10:45:00,173.0996,173.65,173.0785,173.6188,682904
2023-09-26 10:50:00,173.62,173.6299,172.83,172.9512,834278
2023-09-26 10:55:00,172.96,172.9877,172.72,172.8418,481016
2023-09-26 11:00:00,172.8399,173.0001,172.73,172.79,566405
2023-09-26 11:05:00,172.7926,172.91,172.661,172.77,392916
2023-09-26 11:10:00,172.76,172.84,172.53,172.57,539866
2023-09-26 11:15:00,172.58,172.62,172.415,172.46,509472
2023-09-26 11:20:00,172.46,172.725,172.44,172.61,479691
2023-09-26 11:25:00,172.6,172.82,172.54,172.59,544067
2023-09-26 11:30:00,172.591,172.78,172.53,172.69,353533
2023-09-26 11:35:00,172.68,172.94,172.64,172.92,561748
2023-09-26 11:40:00,172.92,173.12,172.88,172.95,463810
2023-09-26 11:45:00,172.95,173.19,172.86,173.1699,423799
2023-09-26 11:50:00,173.1619,173.18,172.86,172.89,394896
2023-09-26 11:55:00,172.8809,172.95,172.7102,172.72,381970
2023-09-26 12:00:00,172.73,172.9399,172.71,172.9132,248798
2023-09-26 12:05:00,172.91,172.9699,172.605,172.71,254878
2023-09-26 12:10:00,172.72,172.94,172.7,172.9064,343365
2023-09-26 12:15:00,172.905,172.9852,172.83,172.86,294069
2023-09-26 12:20:00,172.86,173.04,172.61,172.65,417982
2023-09-26 12:25:00,172.645,173.001,172.52,172.975,475826
2023-09-26 12:30:00,172.97,173.02,172.88,172.96,250100
2023-09-26 12:35:00,172.96,173.1963,172.92,173.15,290075
2023-09-26 12:40:00,173.14,173.2667,173.045,173.23,197893
2023-09-26 12:45:00,173.23,173.265,173.0,173.02,274727
2023-09-26 12:50:00,173.02,173.25,173.02,173.25,233789
2023-09-26 12:55:00,173.24,173.36,173.21,173.285,223900
2023-09-26 13:00:00,173.27,173.35,173.1801,173.22,220378
2023-09-26 13:05:00,173.23,173.52,173.17,173.2801,374130
2023-09-26 13:10:00,173.275,173.44,172.9601,173.43,533185
2023-09-26 13:15:00,173.425,173.53,173.4,173.4521,282286
2023-09-26 13:20:00,173.455,173.46,173.18,173.205,286986
2023-09-26 13:25:00,173.19,173.23,172.96,172.99,372502
2023-09-26 13:30:00,172.99,173.139,172.81,172.91,375701
2023-09-26 13:35:00,172.91,173.005,172.83,172.87,282477
2023-09-26 13:40:00,172.86,172.9047,172.6,172.61,315417
2023-09-26 13:45:00,172.615,172.68,172.56,172.6301,269521
2023-09-26 13:50:00,172.64,172.77,172.56,172.745,345208
2023-09-26 13:55:00,172.74,172.92,172.67,172.75,425002
2023-09-26 14:00:00,172.76,172.83,172.71,172.78,343516
2023-09-26 14:05:00,172.78,172.87,172.63,172.8014,357789
2023-09-26 14:10:00,172.8,172.83,172.7,172.76,279997
2023-09-26 14:15:00,172.77,172.77,172.54,172.565,425428
2023-09-26 14:20:00,172.57,172.67,172.45,172.4796,573066
2023-09-26 14:25:00,172.475,172.6299,172.43,172.56,487354
2023-09-26 14:30:00,172.57,172.5954,172.21,172.225,482768
2023-09-26 14:35:00,172.22,172.44,172.22,172.29,479005
2023-09-26 14:40:00,172.29,172.35,172.17,172.172,356064
2023-09-26 14:45:00,172.172,172.3084,172.09,172.1301,472887
2023-09-26 14:50:00,172.135,172.24,172.08,172.2289,417470
2023-09-26 14:55:00,172.225,172.225,172.03,172.2,560706
2023-09-26 15:00:00,172.205,172.27,172.07,172.195,452585
2023-09-26 15:05:00,172.1961,172.27,172.04,172.1,475892
2023-09-26 15:10:00,172.1,172.32,172.05,172.2252,515917
2023-09-26 15:15:00,172.22,172.35,172.03,172.05,490927
2023-09-26 15:20:00,172.055,172.08,171.82,171.84,994640
2023-09-26 15:25:00,171.845,171.91,171.66,171.6701,633443
2023-09-26 15:30:00,171.6701,171.86,171.66,171.7868,651216
2023-09-26 15:35:00,171.79,171.9087,171.72,171.77,495719
2023-09-26 15:40:00,171.77,172.095,171.765,172.0421,581017
2023-09-26 15:45:00,172.0401,172.33,172.03,172.2301,737230
2023-09-26 15:50:00,172.235,172.31,171.81,171.91,890105
2023-09-26 15:55:00,171.9,172.2175,171.895,172.135,1581475
2023-09-26 16:00:00,172.13,172.31,171.89,171.9,3066168
2023-09-27 09:30:00,172.62,172.99,172.47,172.965,726296
2023-09-27 09:35:00,172.97,173.04,171.9901,172.11,942616
2023-09-27 09:40:00,172.11,172.54,172.0,172.34,936860
2023-09-27 09:45:00,172.37,172.81,172.22,172.4699,876290
2023-09-27 09:50:00,172.4501,172.5599,171.79,171.89,1079353
2023-09-27 09:55:00,171.875,172.1,171.81,171.93,895248
2023-09-27 10:00:00,171.92,171.985,171.373,171.42,1070979
2023-09-27 10:05:00,171.4,171.49,170.9,170.91,1187137
2023-09-27 10:10:00,170.91,171.04,170.77,170.86,868686
2023-09-27 10:15:00,170.86,170.93,170.36,170.49,1041354
2023-09-27 10:20:00,170.5,170.8399,170.31,170.81,969804
2023-09-27 10:25:00,170.81,171.3299,170.75,171.2399,970053
2023-09-27 10:30:00,171.234,171.39,171.09,171.29,613331
2023-09-27 10:35:00,171.29,171.48,170.94,171.2,604226
2023-09-27 10:40:00,171.19,171.2,170.83,170.8934,512760
2023-09-27 10:45:00,170.9066,171.07,170.82,170.89,390764
2023-09-27 10:50:00,170.89,171.17,170.8,170.829,441123
2023-09-27 10:55:00,170.82,170.83,170.5551,170.5551,572628
2023-09-27 11:00:00,170.56,170.6,170.27,170.56,807119
2023-09-27 11:05:00,170.5548,170.74,170.52,170.67,461609
2023-09-27 11:10:00,170.66,171.1479,170.6,171.05,590521
2023-09-27 11:15:00,171.05,171.11,170.82,170.865,412899
2023-09-27 11:20:00,170.8622,170.9,170.62,170.8119,521014
2023-09-27 11:25:00,170.815,170.928,170.65,170.75,370205
2023-09-27 11:30:00,170.75,171.018,170.61,171.0101,363065
2023-09-27 11:35:00,171.02,171.08,170.8801,170.98,317923
2023-09-27 11:40:00,170.99,170.99,170.62,170.62,306477
2023-09-27 11:45:00,170.62,170.718,170.34,170.3992,359799
2023-09-27 11:50:00,170.39,170.44,170.02,170.16,798631
2023-09-27 11:55:00,170.17,170.43,170.1456,170.36,449810
2023-09-27 12:00:00,170.34,170.44,170.21,170.2393,390978
2023-09-27 12:05:00,170.23,170.3,170.04,170.11,352646
2023-09-27 12:10:00,170.1,170.23,170.01,170.06,438079
2023-09-27 12:15:00,170.05,170.1598,169.64,169.86,1208239
2023-09-27 12:20:00,169.86,169.89,169.67,169.7254,482323
2023-09-27 12:25:00,169.73,169.9,169.68,169.84,456019
2023-09-27 12:30:00,169.84,170.04,169.7,169.97,560266
2023-09-27 12:35:00,169.97,170.02,169.845,169.965,472959
2023-09-27 12:40:00,169.96,169.965,169.73,169.78,319998
2023-09-27 12:45:00,169.79,170.08,169.785,170.03,459862
2023-09-27 12:50:00,170.0207,170.11,169.891,169.96,377424
2023-09-27 12:55:00,169.96,170.0,169.8699,169.9,244462
2023-09-27 13:00:00,169.8927,170.01,169.825,169.97,293834
2023-09-27 13:05:00,169.97,170.19,169.965,170.0401,430747
2023-09-27 13:10:00,170.045,170.2,169.97,170.05,267568
2023-09-27 13:15:00,170.045,170.13,169.7,169.84,543014
2023-09-27 13:20:00,169.8451,169.85,169.535,169.55,457824
2023-09-27 13:25:00,169.55,169.71,169.51,169.59,380407
2023-09-27 13:30:00,169.59,169.5983,169.28,169.38,661362
2023-09-27 13:35:00,169.37,169.52,169.3241,169.3292,388937
2023-09-27 13:40:00,169.33,169.53,169.31,169.31,412758
2023-09-27 13:45:00,169.3199,169.51,169.05,169.44,590221
2023-09-27 13:50:00,169.45,169.61,169.36,169.5601,345232
2023-09-27 13:55:00,169.56,169.65,169.37,169.38,402254
2023-09-27 14:00:00,169.385,169.55,169.315,169.445,364064
2023-09-27 14:05:00,169.45,169.65,169.4499,169.6101,307994
2023-09-27 14:10:00,169.61,169.68,169.42,169.4699,374040
2023-09-27 14:15:00,169.465,169.59,169.28,169.52,416325
2023-09-27 14:20:00,169.51,169.58,169.24,169.2534,377453
2023-09-27 14:25:00,169.2599,169.59,169.195,169.468,443679
2023-09-27 14:30:00,169.47,170.25,169.45,170.175,633465
2023-09-27 14:35:00,170.175,170.489,170.1701,170.45,661815
2023-09-27 14:40:00,170.45,170.58,170.3,170.4,676441
2023-09-27 14:45:00,170.4,170.67,170.34,170.575,631620
2023-09-27 14:50:00,170.575,170.61,170.3015,170.32,428541
2023-09-27 14:55:00,170.34,170.41,170.14,170.3,452046
2023-09-27 15:00:00,170.2999,170.35,170.03,170.14,471104
2023-09-27 15:05:00,170.14,170.58,170.12,170.56,943141
2023-09-27 15:10:00,170.56,170.83,170.55,170.75,865360
2023-09-27 15:15:00,170.76,170.96,170.41,170.4392,912773
2023-09-27 15:20:00,170.44,170.48,170.16,170.255,587380
2023-09-27 15:25:00,170.25,170.345,170.16,170.285,413687
2023-09-27 15:30:00,170.275,170.38,170.08,170.12,531311
2023-09-27 15:35:00,170.1199,170.48,170.095,170.28,702390
2023-09-27 15:40:00,170.29,170.3199,169.94,170.01,700707
2023-09-27 15:45:00,170.0,170.07,169.82,170.0,1168629
2023-09-27 15:50:00,170.0,170.17,169.98,170.075,1197868
2023-09-27 15:55:00,170.07,170.33,169.76,170.235,1608207
2023-09-27 16:00:00,170.24,170.46,170.15,170.43,2095359
2023-09-28 09:30:00,169.55,169.8,167.62,168.0,2092898
2023-09-28 09:35:00,167.98,168.88,167.93,168.63,1555841
2023-09-28 09:40:00,168.63,168.85,168.08,168.5199,1050187
2023-09-28 09:45:00,168.5184,168.97,168.205,168.9394,1211479
2023-09-28 09:50:00,168.92,169.21,168.4,169.01,958563
2023-09-28 09:55:00,169.01,169.69,168.97,169.6396,829187
2023-09-28 10:00:00,169.6375,169.87,169.3494,169.8599,762427
2023-09-28 10:05:00,169.855,170.01,169.68,169.6977,893744
2023-09-28 10:10:00,169.7,169.95,169.49,169.86,583209
2023-09-28 10:15:00,169.87,169.95,169.35,169.3875,536080
2023-09-28 10:20:00,169.39,169.63,169.06,169.565,700626
2023-09-28 10:25:00,169.57,169.57,168.98,169.0301,497406
2023-09-28 10:30:00,169.04,169.3599,168.84,168.9104,642904
2023-09-28 10:35:00,168.92,169.21,168.69,169.08,646963
2023-09-28 10:40:00,169.08,169.59,169.0301,169.51,618946
2023-09-28 10:45:00,169.515,170.0,169.39,169.92,743627
2023-09-28 10:50:00,169.92,170.16,169.83,170.01,700167
2023-09-28 10:55:00,170.0,170.14,169.86,170.135,638769
2023-09-28 11:00:00,170.14,170.29,169.98,170.17,584659
2023-09-28 11:05:00,170.185,170.2012,169.9,170.045,558660
2023-09-28 11:10:00,170.05,170.3197,169.8,170.2039,648161
2023-09-28 11:15:00,170.2088,170.43,169.9823,170.41,553961
2023-09-28 11:20:00,170.4,170.4395,170.13,170.261,518033
2023-09-28 11:25:00,170.26,170.64,170.11,170.625,738302
2023-09-28 11:30:00,170.63,170.68,170.3301,170.5854,665525
2023-09-28 11:35:00,170.59,170.84,170.58,170.66,637023
2023-09-28 11:40:00,170.6673,170.75,170.4708,170.7047,556021
2023-09-28 11:45:00,170.74,170.96,170.715,170.91,518952
2023-09-28 11:50:00,170.9001,171.165,170.89,171.1599,654505
2023-09-28 11:55:00,171.17,171.475,171.07,171.36,658957
2023-09-28 12:00:00,171.36,171.735,171.34,171.7176,520196
2023-09-28 12:05:00,171.7234,171.7275,171.39,171.3932,548653
2023-09-28 12:10:00,171.392,171.46,171.2711,171.2814,356270
2023-09-28 12:15:00,171.285,171.705,171.2805,171.6899,415523
2023-09-28 12:20:00,171.6815,172.03,171.6815,171.74,565079
2023-09-28 12:25:00,171.74,171.8,171.54,171.58,361503
2023-09-28 12:30:00,171.58,171.97,171.5601,171.88,392883
2023-09-28 12:35:00,171.88,171.8899,171.5795,171.6501,354358
2023-09-28 12:40:00,171.6599,171.76,171.6,171.652,242301
2023-09-28 12:45:00,171.67,171.7299,171.62,171.63,314207
2023-09-28 12:50:00,171.635,171.64,171.275,171.41,419155
2023-09-28 12:55:00,171.4081,171.43,171.03,171.0401,333718
2023-09-28 13:00:00,171.04,171.23,171.0301,171.158,313551
2023-09-28 13:05:00,171.1572,171.28,170.89,170.96,621445
2023-09-28 13:10:00,170.98,171.53,170.86,171.369,426876
2023-09-28 13:15:00,171.35,171.45,171.25,171.345,266588
2023-09-28 13:20:00,171.3425,171.35,171.13,171.215,427358
2023-09-28 13:25:00,171.2187,171.42,171.18,171.2618,273048
2023-09-28 13:30:00,171.2748,171.2901,170.73,170.7599,367378
2023-09-28 13:35:00,170.76,170.8699,170.71,170.79,311216
2023-09-28 13:40:00,170.78,170.86,170.59,170.62,354125
2023-09-28 13:45:00,170.625,170.66,170.43,170.485,373584
2023-09-28 13:50:00,170.49,170.795,170.48,170.79,381500
2023-09-28 13:55:00,170.79,170.82,170.6,170.61,233427
2023-09-28 14:00:00,170.615,170.88,170.615,170.69,287468
2023-09-28 14:05:00,170.71,170.79,170.55,170.57,296919
2023-09-28 14:10:00,170.565,170.7672,170.49,170.49,284437
2023-09-28 14:15:00,170.48,170.9299,170.45,170.9088,349043
2023-09-28 14:20:00,170.9004,171.0699,170.865,171.0,326676
2023-09-28 14:25:00,171.0021,171.02,170.77,170.905,329615
2023-09-28 14:30:00,170.905,171.165,170.89,171.04,381770
2023-09-28 14:35:00,171.035,171.054,170.44,170.46,390851
2023-09-28 14:40:00,170.455,170.63,170.31,170.455,426102
2023-09-28 14:45:00,170.46,170.8299,170.455,170.6082,305460
2023-09-28 14:50:00,170.6099,170.66,170.44,170.6143,265348
2023-09-28 14:55:00,170.63,170.65,170.38,170.48,292537
2023-09-28 15:00:00,170.48,170.78,170.43,170.6313,384540
2023-09-28 15:05:00,170.64,170.8,170.55,170.7602,326725
2023-09-28 15:10:00,170.76,170.93,170.53,170.88,319221
2023-09-28 15:15:00,170.8999,171.13,170.88,171.12,355867
2023-09-28 15:20:00,171.12,171.36,171.1191,171.33,387360
2023-09-28 15:25:00,171.34,171.62,171.28,171.615,384743
2023-09-28 15:30:00,171.6101,171.68,171.5,171.53,486939
2023-09-28 15:35:00,171.539,171.54,171.32,171.33,478548
2023-09-28 15:40:00,171.33,171.34,170.75,170.85,524522
2023-09-28 15:45:00,170.86,170.885,170.64,170.7357,582607
2023-09-28 15:50:00,170.735,170.85,170.44,170.705,787629
2023-09-28 15:55:00,170.71,170.96,170.48,170.895,973902
2023-09-28 16:00:00,170.9,170.9657,170.57,170.69,1548742
2023-09-29 09:30:00,172.02,172.4,171.88,172.14,899733
2023-09-29 09:35:00,172.15,172.67,171.8106,172.0,930208
2023-09-29 09:40:00,172.0,172.2,171.82,171.9628,699480
2023-09-29 09:45:00,171.9683,172.29,171.86,172.1,745150
2023-09-29 09:50:00,172.08,172.56,171.77,172.29,841557
2023-09-29 09:55:00,172.3067,172.51,172.22,172.44,550332
2023-09-29 10:00:00,172.41,172.89,172.33,172.861,889271
2023-09-29 10:05:00,172.87,173.07,172.6401,172.725,813613
2023-09-29 10:10:00,172.725,172.83,172.562,172.7,512742
2023-09-29 10:15:00,172.69,172.76,172.435,172.56,494805
2023-09-29 10:20:00,172.5799,172.63,172.39,172.52,386966
2023-09-29 10:25:00,172.51,172.56,172.08,172.1,550755
2023-09-29 10:30:00,172.1,172.39,172.04,172.38,577665
2023-09-29 10:35:00,172.39,172.6199,172.3701,172.435,509919
2023-09-29 10:40:00,172.44,172.58,172.36,172.46,389586
2023-09-29 10:45:00,172.45,172.66,172.275,172.65,370898
2023-09-29 10:50:00,172.65,172.79,172.56,172.655,386854
2023-09-29 10:55:00,172.65,172.77,172.47,172.565,395299
2023-09-29 11:00:00,172.56,172.5762,172.36,172.43,260181
2023-09-29 11:05:00,172.45,172.59,172.29,172.41,353181
2023-09-29 11:10:00,172.4,172.53,172.24,172.35,516525
2023-09-29 11:15:00,172.33,172.4,172.21,172.225,434197
2023-09-29 11:20:00,172.23,172.51,172.23,172.51,315729
2023-09-29 11:25:00,172.52,172.76,172.44,172.5801,369727
2023-09-29 11:30:00,172.585,172.59,172.01,172.05,299970
2023-09-29 11:35:00,172.045,172.09,171.75,171.86,417323
2023-09-29 11:40:00,171.86,171.96,171.58,171.86,375397
2023-09-29 11:45:00,171.85,171.87,171.605,171.725,311801
2023-09-29 11:50:00,171.71,171.899,171.62,171.83,269235
2023-09-29 11:55:00,171.83,171.94,171.61,171.91,270107
2023-09-29 12:00:00,171.91,172.0,171.86,171.93,232910
2023-09-29 12:05:00,171.92,172.035,171.8,171.9798,195511
2023-09-29 12:10:00,171.98,172.0899,171.88,172.0299,227096
2023-09-29 12:15:00,172.03,172.09,171.57,171.61,332205
2023-09-29 12:20:00,171.6,171.91,171.5301,171.91,215596
2023-09-29 12:25:00,171.9001,172.08,171.86,171.9899,218060
2023-09-29 12:30:00,171.97,172.05,171.76,171.88,168015
2023-09-29 12:35:00,171.89,171.93,171.64,171.8,203689
2023-09-29 12:40:00,171.8,171.87,171.62,171.8,125103
2023-09-29 12:45:00,171.7901,171.83,171.53,171.63,257450
2023-09-29 12:50:00,171.67,171.8,171.32,171.36,323411
2023-09-29 12:55:00,171.3785,171.44,171.17,171.2057,223838
2023-09-29 13:00:00,171.2,171.34,171.18,171.21,169219
2023-09-29 13:05:00,171.22,171.2499,170.861,170.861,319427
2023-09-29 13:10:00,170.875,171.03,170.8,170.965,319500
2023-09-29 13:15:00,170.965,171.03,170.78,170.82,255517
2023-09-29 13:20:00,170.8185,171.03,170.73,171.03,264884
2023-09-29 13:25:00,171.0299,171.12,170.921,170.99,302103
2023-09-29 13:30:00,170.985,171.25,170.972,171.2201,227194
2023-09-29 13:35:00,171.22,171.3,171.1001,171.2,248635
2023-09-29 13:40:00,171.2,171.23,171.021,171.07,255844
2023-09-29 13:45:00,171.09,171.28,171.02,171.029,186642
2023-09-29 13:50:00,171.04,171.12,170.8,170.8701,249987
2023-09-29 13:55:00,170.87,171.0698,170.81,170.9321,201847
2023-09-29 14:00:00,170.94,171.04,170.54,170.63,254402
2023-09-29 14:05:00,170.64,170.71,170.38,170.56,476663
2023-09-29 14:10:00,170.55,170.6537,170.465,170.62,378102
2023-09-29 14:15:00,170.6115,170.72,170.58,170.63,216404
2023-09-29 14:20:00,170.63,170.72,170.42,170.67,234309
2023-09-29 14:25:00,170.6699,171.0,170.53,170.9614,336094
2023-09-29 14:30:00,170.97,171.0,170.46,170.535,374403
2023-09-29 14:35:00,170.52,170.69,170.341,170.67,343104
2023-09-29 14:40:00,170.67,170.68,170.43,170.66,327325
2023-09-29 14:45:00,170.66,170.99,170.63,170.925,408473
2023-09-29 14:50:00,170.925,171.0,170.83,170.86,270434
2023-09-29 14:55:00,170.86,171.27,170.8,171.25,357730
2023-09-29 15:00:00,171.25,171.64,171.2,171.5554,647683
2023-09-29 15:05:00,171.5501,171.71,171.15,171.32,511048
2023-09-29 15:10:00,171.3388,171.49,171.16,171.2386,301695
2023-09-29 15:15:00,171.235,171.55,171.15,171.3707,337690
2023-09-29 15:20:00,171.38,171.4999,171.23,171.34,294414
2023-09-29 15:25:00,171.34,171.405,171.15,171.19,329870
2023-09-29 15:30:00,171.19,171.35,171.04,171.2,436704
2023-09-29 15:35:00,171.21,171.38,171.1,171.2442,393943
2023-09-29 15:40:00,171.25,171.42,171.2,171.365,450815
2023-09-29 15:45:00,171.36,171.37,170.94,171.1,498342
2023-09-29 15:50:00,171.105,171.79,171.05,171.765,639015
2023-09-29 15:55:00,171.79,171.92,170.855,170.9689,1337697
2023-09-29 16:00:00,170.96,171.37,170.76,171.22,2040923
