Datetime,Open,High,Low,Close,Volume
2023-07-07 09:30:00,438.63,438.83,438.47,438.65,393432
2023-07-07 09:35:00,438.65,439.69,438.6299,439.18,1243554
2023-07-07 09:40:00,439.185,439.47,438.78,439.215,848678
2023-07-07 09:45:00,439.22,439.395,438.9,439.3,537734
2023-07-07 09:50:00,439.32,440.03,439.319,440.03,849032
2023-07-07 09:55:00,440.04,440.2,439.82,440.08,613653
2023-07-07 10:00:00,440.075,440.21,439.9833,440.16,481112
2023-07-07 10:05:00,440.15,440.25,439.85,440.02,606740
2023-07-07 10:10:00,440.03,440.11,439.75,439.8799,457121
2023-07-07 10:15:00,439.88,440.155,439.6,439.6112,559630
2023-07-07 10:20:00,439.62,439.805,439.29,439.74,770125
2023-07-07 10:25:00,439.74,439.81,439.515,439.6,408180
2023-07-07 10:30:00,439.6,439.769,439.33,439.495,511210
2023-07-07 10:35:00,439.49,439.525,438.82,439.13,825902
2023-07-07 10:40:00,439.135,439.6099,439.135,439.57,414064
2023-07-07 10:45:00,439.58,439.69,439.435,439.6,422383
2023-07-07 10:50:00,439.609,439.77,439.55,439.71,364318
2023-07-07 10:55:00,439.71,439.94,439.55,439.78,364161
2023-07-07 11:00:00,439.765,439.94,439.5701,439.885,332828
2023-07-07 11:05:00,439.88,440.14,439.85,440.03,448314
2023-07-07 11:10:00,440.04,440.1,439.85,439.975,347685
2023-07-07 11:15:00,439.975,439.99,439.765,439.925,237402
2023-07-07 11:20:00,439.9291,439.95,439.69,439.871,307862
2023-07-07 11:25:00,439.87,440.05,439.8399,440.005,283409
2023-07-07 11:30:00,439.99,440.06,439.93,440.0571,266890
2023-07-07 11:35:00,440.07,440.19,440.0,440.07,460913
2023-07-07 11:40:00,440.08,440.31,440.0701,440.195,459317
2023-07-07 11:45:00,440.2,440.27,440.01,440.16,357704
2023-07-07 11:50:00,440.15,440.24,440.085,440.22,327089
2023-07-07 11:55:00,440.21,440.245,439.8913,440.1197,366096
2023-07-07 12:00:00,440.1,440.45,440.091,440.42,571084
2023-07-07 12:05:00,440.415,440.67,440.38,440.635,656779
2023-07-07 12:10:00,440.639,440.8856,440.61,440.87,639546
2023-07-07 12:15:00,440.86,440.885,440.63,440.85,386207
2023-07-07 12:20:00,440.85,441.01,440.7901,440.96,502468
2023-07-07 12:25:00,440.955,441.06,440.78,440.98,627638
2023-07-07 12:30:00,440.99,441.16,440.95,441.11,588020
2023-07-07 12:35:00,441.11,441.73,441.11,441.6901,1376347
2023-07-07 12:40:00,441.7,442.02,441.67,441.91,1640760
2023-07-07 12:45:00,441.909,442.17,441.84,442.0894,861876
2023-07-07 12:50:00,442.08,442.105,441.79,441.94,547822
2023-07-07 12:55:00,441.94,442.125,441.88,442.02,504459
2023-07-07 13:00:00,442.02,442.46,441.965,442.325,544370
2023-07-07 13:05:00,442.325,442.55,442.295,442.5,554720
2023-07-07 13:10:00,442.51,442.56,442.41,442.51,515565
2023-07-07 13:15:00,442.51,442.5642,442.41,442.49,577797
2023-07-07 13:20:00,442.48,442.56,442.45,442.49,269118
2023-07-07 13:25:00,442.5,442.64,442.49,442.54,618244
2023-07-07 13:30:00,442.53,442.64,442.48,442.61,392391
2023-07-07 13:35:00,442.61,442.61,442.1501,442.16,704318
2023-07-07 13:40:00,442.1608,442.275,441.96,442.27,588310
2023-07-07 13:45:00,442.265,442.49,442.265,442.375,442100
2023-07-07 13:50:00,442.37,442.38,442.04,442.12,316362
2023-07-07 13:55:00,442.115,442.16,441.965,442.085,342730
2023-07-07 14:00:00,442.08,442.08,441.5,441.76,1064662
2023-07-07 14:05:00,441.7601,441.78,441.6,441.68,345608
2023-07-07 14:10:00,441.68,441.87,441.61,441.645,420028
2023-07-07 14:15:00,441.64,441.77,441.63,441.64,286767
2023-07-07 14:20:00,441.64,441.79,441.54,441.65,386988
2023-07-07 14:25:00,441.658,441.7,441.62,441.67,254800
2023-07-07 14:30:00,441.6699,441.855,441.635,441.7764,363618
2023-07-07 14:35:00,441.77,441.7764,441.38,441.44,448347
2023-07-07 14:40:00,441.44,441.56,441.28,441.3,369701
2023-07-07 14:45:00,441.29,441.43,441.13,441.13,486659
2023-07-07 14:50:00,441.13,441.3,441.1,441.21,349300
2023-07-07 14:55:00,441.2,441.3298,441.08,441.13,473350
2023-07-07 15:00:00,441.125,441.2599,441.07,441.18,395994
2023-07-07 15:05:00,441.18,441.2512,441.04,441.15,453921
2023-07-07 15:10:00,441.141,441.171,440.925,441.09,639267
2023-07-07 15:15:00,441.09,441.105,440.98,441.02,406084
2023-07-07 15:20:00,441.0295,441.09,440.5,440.735,880530
2023-07-07 15:25:00,440.73,440.745,440.42,440.6,889739
2023-07-07 15:30:00,440.6,440.65,440.21,440.41,1157158
2023-07-07 15:35:00,440.41,440.535,440.24,440.3989,945733
2023-07-07 15:40:00,440.4099,440.44,439.82,439.87,1488353
2023-07-07 15:45:00,439.86,439.9,439.39,439.53,1697261
2023-07-07 15:50:00,439.525,439.695,438.3,438.805,2949719
2023-07-07 15:55:00,438.81,439.26,438.58,438.66,3682904
2023-07-07 16:00:00,438.665,438.69,438.3,438.521,5870476
2023-07-10 09:30:00,438.18,438.79,438.05,438.75,626561
2023-07-10 09:35:00,438.74,439.3,438.6299,439.15,1069594
2023-07-10 09:40:00,439.155,439.348,438.97,439.2201,679652
2023-07-10 09:45:00,439.22,439.3407,438.63,439.19,983602
2023-07-10 09:50:00,439.19,439.3092,438.7,438.72,509201
2023-07-10 09:55:00,438.72,439.075,438.58,438.65,718104
2023-07-10 10:00:00,438.65,439.35,438.54,439.22,592936
2023-07-10 10:05:00,439.235,439.66,439.23,439.51,741530
2023-07-10 10:10:00,439.49,439.83,439.35,439.69,890119
2023-07-10 10:15:00,439.67,439.76,439.37,439.58,563334
2023-07-10 10:20:00,439.58,439.68,439.22,439.63,453079
2023-07-10 10:25:00,439.62,439.84,439.505,439.665,506891
2023-07-10 10:30:00,439.665,439.7,439.19,439.24,625669
2023-07-10 10:35:00,439.24,439.24,438.4,438.44,785546
2023-07-10 10:40:00,438.44,439.025,438.37,438.85,961080
2023-07-10 10:45:00,438.84,438.96,438.49,438.745,988163
2023-07-10 10:50:00,438.74,439.03,438.695,439.01,400889
2023-07-10 10:55:00,438.99,439.011,438.47,438.53,361199
2023-07-10 11:00:00,438.575,438.7,438.52,438.61,290856
2023-07-10 11:05:00,438.59,438.68,438.01,438.56,826681
2023-07-10 11:10:00,438.55,438.57,438.24,438.28,438739
2023-07-10 11:15:00,438.2764,438.52,438.12,438.42,464850
2023-07-10 11:20:00,438.41,438.46,438.12,438.355,269494
2023-07-10 11:25:00,438.35,438.6683,438.21,438.66,397440
2023-07-10 11:30:00,438.665,439.02,438.38,438.98,525344
2023-07-10 11:35:00,438.95,439.07,438.89,438.98,378985
2023-07-10 11:40:00,438.98,439.08,438.94,438.94,274077
2023-07-10 11:45:00,438.95,438.96,438.27,438.4489,421889
2023-07-10 11:50:00,438.44,438.49,438.1,438.45,485828
2023-07-10 11:55:00,438.46,438.795,438.3913,438.7632,348933
2023-07-10 12:00:00,438.77,438.78,438.31,438.37,420142
2023-07-10 12:05:00,438.37,438.37,437.63,438.09,1032217
2023-07-10 12:10:00,438.09,438.09,437.585,437.655,497489
2023-07-10 12:15:00,437.65,437.84,437.605,437.7794,459862
2023-07-10 12:20:00,437.78,438.215,437.78,438.215,351625
2023-07-10 12:25:00,438.21,438.44,438.1532,438.4,336031
2023-07-10 12:30:00,438.398,438.47,438.2636,438.415,462149
2023-07-10 12:35:00,438.405,438.61,438.28,438.32,513176
2023-07-10 12:40:00,438.3,438.64,438.27,438.605,338055
2023-07-10 12:45:00,438.595,438.76,438.495,438.72,211833
2023-07-10 12:50:00,438.73,438.95,438.695,438.93,253807
2023-07-10 12:55:00,438.925,438.93,438.65,438.6501,229079
2023-07-10 13:00:00,438.645,438.98,438.59,438.97,430031
2023-07-10 13:05:00,438.97,439.06,438.9,438.92,277245
2023-07-10 13:10:00,438.92,439.1099,438.84,438.9801,478744
2023-07-10 13:15:00,438.9801,439.07,438.82,439.031,370081
2023-07-10 13:20:00,439.05,439.09,438.77,439.025,259186
2023-07-10 13:25:00,439.02,439.04,438.81,438.8287,320297
2023-07-10 13:30:00,438.824,439.37,438.8,439.33,379791
2023-07-10 13:35:00,439.33,439.4,439.02,439.06,301792
2023-07-10 13:40:00,439.07,439.0789,438.81,438.99,410016
2023-07-10 13:45:00,438.99,439.22,438.99,439.2,232558
2023-07-10 13:50:00,439.19,439.22,438.825,438.93,261726
2023-07-10 13:55:00,438.93,439.1,438.899,439.08,303212
2023-07-10 14:00:00,439.095,439.1,438.84,438.955,294372
2023-07-10 14:05:00,438.955,438.955,438.5299,438.645,443793
2023-07-10 14:10:00,438.64,438.79,438.56,438.62,256922
2023-07-10 14:15:00,438.615,438.99,438.6133,438.98,228823
2023-07-10 14:20:00,439.0,439.14,439.0,439.07,329470
2023-07-10 14:25:00,439.06,439.335,439.01,439.26,476202
2023-07-10 14:30:00,439.261,439.435,439.25,439.3,486472
2023-07-10 14:35:00,439.29,439.33,439.07,439.175,273030
2023-07-10 14:40:00,439.18,439.19,438.9,439.0609,238438
2023-07-10 14:45:00,439.061,439.08,438.885,438.915,252487
2023-07-10 14:50:00,438.92,439.04,438.755,439.02,242203
2023-07-10 14:55:00,439.025,439.29,438.9999,439.26,265947
2023-07-10 15:00:00,439.26,439.32,439.1,439.14,279356
2023-07-10 15:05:00,439.138,439.26,439.02,439.21,316501
2023-07-10 15:10:00,439.21,439.21,438.815,438.815,341979
2023-07-10 15:15:00,438.82,439.12,438.81,439.03,303997
2023-07-10 15:20:00,439.029,439.06,438.88,439.05,201038
2023-07-10 15:25:00,439.05,439.09,438.845,438.89,284835
2023-07-10 15:30:00,438.9,439.07,438.86,439.0,289669
2023-07-10 15:35:00,438.98,439.04,438.78,438.93,351966
2023-07-10 15:40:00,438.928,439.125,438.92,439.0,403426
2023-07-10 15:45:00,438.999,439.0299,438.825,438.9,841143
2023-07-10 15:50:00,438.905,438.945,438.61,438.932,1093274
2023-07-10 15:55:00,438.935,439.22,438.84,439.195,1612944
2023-07-10 16:00:00,439.1975,439.67,439.04,439.66,3769320
2023-07-11 09:30:00,440.45,440.62,440.3,440.38,465400
2023-07-11 09:35:00,440.36,440.89,440.32,440.735,983685
2023-07-11 09:40:00,440.73,441.0471,440.53,440.555,670565
2023-07-11 09:45:00,440.56,440.6,439.65,440.23,1209389
2023-07-11 09:50:00,440.22,440.29,440.01,440.115,561686
2023-07-11 09:55:00,440.13,440.33,440.055,440.17,507216
2023-07-11 10:00:00,440.16,440.405,439.8722,440.19,562737
2023-07-11 10:05:00,440.21,440.226,439.57,439.695,626572
2023-07-11 10:10:00,439.7,439.79,439.44,439.77,780489
2023-07-11 10:15:00,439.76,439.79,439.46,439.58,485442
2023-07-11 10:20:00,439.58,440.23,439.57,440.145,655434
2023-07-11 10:25:00,440.14,440.33,440.0,440.32,538744
2023-07-11 10:30:00,440.32,440.4,440.13,440.2314,435218
2023-07-11 10:35:00,440.235,440.3379,440.02,440.28,449388
2023-07-11 10:40:00,440.31,440.535,440.22,440.33,367684
2023-07-11 10:45:00,440.33,440.71,440.325,440.545,473772
2023-07-11 10:50:00,440.56,440.78,440.45,440.71,412676
2023-07-11 10:55:00,440.71,440.7217,440.4,440.5206,446968
2023-07-11 11:00:00,440.52,440.75,440.48,440.68,320678
2023-07-11 11:05:00,440.68,440.91,440.64,440.78,505852
2023-07-11 11:10:00,440.78,440.81,440.43,440.775,510967
2023-07-11 11:15:00,440.78,440.97,440.685,440.825,419740
2023-07-11 11:20:00,440.82,440.835,440.45,440.685,486121
2023-07-11 11:25:00,440.695,440.81,440.59,440.66,312765
2023-07-11 11:30:00,440.66,440.66,440.41,440.44,476641
2023-07-11 11:35:00,440.445,440.585,440.375,440.395,275040
2023-07-11 11:40:00,440.4,440.72,440.394,440.715,329750
2023-07-11 11:45:00,440.705,440.76,440.47,440.53,346057
2023-07-11 11:50:00,440.53,440.96,440.52,440.9101,441157
2023-07-11 11:55:00,440.9172,441.19,440.8499,441.1101,702460
2023-07-11 12:00:00,441.115,441.61,441.09,441.54,978769
2023-07-11 12:05:00,441.54,441.7,441.5,441.58,763549
2023-07-11 12:10:00,441.58,441.6,441.28,441.425,645834
2023-07-11 12:15:00,441.435,441.58,441.37,441.49,370009
2023-07-11 12:20:00,441.485,441.5,441.3101,441.44,305957
2023-07-11 12:25:00,441.45,441.48,441.33,441.4,315258
2023-07-11 12:30:00,441.39,441.4,440.45,440.76,908811
2023-07-11 12:35:00,440.77,441.0,440.711,440.95,383540
2023-07-11 12:40:00,440.95,440.97,440.82,440.91,255665
2023-07-11 12:45:00,440.89,440.97,440.811,440.93,208189
2023-07-11 12:50:00,440.9212,441.19,440.875,441.11,267348
2023-07-11 12:55:00,441.12,441.3,441.05,441.105,330185
2023-07-11 13:00:00,441.11,441.2,441.005,441.18,197321
2023-07-11 13:05:00,441.16,441.33,441.125,441.24,214927
2023-07-11 13:10:00,441.24,441.26,440.9795,440.99,320343
2023-07-11 13:15:00,441.0,441.03,440.71,440.7362,381742
2023-07-11 13:20:00,440.731,440.8899,440.7,440.88,271299
2023-07-11 13:25:00,440.88,440.88,440.6,440.795,305774
2023-07-11 13:30:00,440.79,440.96,440.7363,440.88,287619
2023-07-11 13:35:00,440.87,440.89,440.755,440.79,265607
2023-07-11 13:40:00,440.808,440.94,440.76,440.82,232251
2023-07-11 13:45:00,440.81,440.9375,440.7201,440.78,139016
2023-07-11 13:50:00,440.805,440.89,440.525,440.86,325586
2023-07-11 13:55:00,440.87,440.88,440.71,440.74,197947
2023-07-11 14:00:00,440.725,441.14,440.72,441.11,312195
2023-07-11 14:05:00,441.11,441.1408,440.98,441.02,272132
2023-07-11 14:10:00,441.02,441.14,440.96,441.02,237447
2023-07-11 14:15:00,441.02,441.03,440.63,440.755,360213
2023-07-11 14:20:00,440.75,440.76,440.34,440.57,404640
2023-07-11 14:25:00,440.5799,440.585,440.28,440.35,435597
2023-07-11 14:30:00,440.35,440.76,440.27,440.74,406786
2023-07-11 14:35:00,440.73,440.79,440.39,440.43,328785
2023-07-11 14:40:00,440.43,440.8,440.36,440.7702,344113
2023-07-11 14:45:00,440.78,440.97,440.78,440.9586,293858
2023-07-11 14:50:00,440.96,441.0709,440.79,441.01,437358
2023-07-11 14:55:00,441.01,441.22,440.954,441.22,473908
2023-07-11 15:00:00,441.23,441.44,441.23,441.42,543945
2023-07-11 15:05:00,441.42,441.45,441.24,441.25,523807
2023-07-11 15:10:00,441.25,441.35,441.1,441.1999,631908
2023-07-11 15:15:00,441.2,441.32,441.145,441.22,372256
2023-07-11 15:20:00,441.21,441.615,441.11,441.486,531061
2023-07-11 15:25:00,441.48,441.5766,441.31,441.48,444613
2023-07-11 15:30:00,441.4831,441.5699,441.39,441.4,418748
2023-07-11 15:35:00,441.39,441.45,441.19,441.365,683272
2023-07-11 15:40:00,441.365,441.62,441.35,441.61,878358
2023-07-11 15:45:00,441.615,442.14,441.54,441.995,1156952
2023-07-11 15:50:00,441.9994,442.97,441.97,442.7499,2594871
2023-07-11 15:55:00,442.745,442.745,442.21,442.338,2743852
2023-07-11 16:00:00,442.34,442.73,442.3,442.48,4884599
2023-07-12 09:30:00,446.39,446.535,446.24,446.24,718629
2023-07-12 09:35:00,446.23,446.76,446.14,446.7,1895454
2023-07-12 09:40:00,446.71,446.72,446.05,446.16,1586099
2023-07-12 09:45:00,446.1499,446.54,445.8318,446.53,1023339
2023-07-12 09:50:00,446.53,446.94,446.43,446.91,1215101
2023-07-12 09:55:00,446.905,447.07,446.66,446.83,1368054
2023-07-12 10:00:00,446.84,447.02,446.67,446.7,679158
2023-07-12 10:05:00,446.71,446.98,446.52,446.559,826647
2023-07-12 10:10:00,446.58,447.17,446.57,447.11,1028712
2023-07-12 10:15:00,447.12,447.33,446.985,447.175,1006513
2023-07-12 10:20:00,447.18,447.29,447.055,447.27,698443
2023-07-12 10:25:00,447.28,447.34,446.85,446.975,878753
2023-07-12 10:30:00,446.97,447.34,446.85,447.31,880502
2023-07-12 10:35:00,447.31,447.34,446.975,447.0104,873627
2023-07-12 10:40:00,447.02,447.4799,446.98,447.33,789200
2023-07-12 10:45:00,447.34,447.42,447.06,447.275,644469
2023-07-12 10:50:00,447.28,447.285,447.165,447.22,375920
2023-07-12 10:55:00,447.23,447.345,446.87,447.03,445881
2023-07-12 11:00:00,447.03,447.09,446.775,447.03,499533
2023-07-12 11:05:00,447.025,447.09,446.8,446.84,535081
2023-07-12 11:10:00,446.84,446.85,446.59,446.67,529579
2023-07-12 11:15:00,446.66,446.96,446.63,446.94,464149
2023-07-12 11:20:00,446.95,447.12,446.9399,447.03,386324
2023-07-12 11:25:00,447.02,447.02,446.82,446.945,344788
2023-07-12 11:30:00,446.945,446.96,446.541,446.63,386203
2023-07-12 11:35:00,446.63,446.72,446.36,446.52,635956
2023-07-12 11:40:00,446.52,446.565,445.17,445.34,1674582
2023-07-12 11:45:00,445.345,445.77,445.0196,445.38,1726828
2023-07-12 11:50:00,445.375,445.92,445.31,445.8099,731717
2023-07-12 11:55:00,445.8,445.8,445.21,445.5799,1026816
2023-07-12 12:00:00,445.57,445.57,444.98,445.34,1306506
2023-07-12 12:05:00,445.34,445.48,444.91,445.1,984372
2023-07-12 12:10:00,445.11,445.33,445.03,445.29,650377
2023-07-12 12:15:00,445.28,445.755,445.27,445.4899,703525
2023-07-12 12:20:00,445.485,445.53,445.16,445.31,596857
2023-07-12 12:25:00,445.32,445.51,445.22,445.46,537282
2023-07-12 12:30:00,445.46,445.49,445.11,445.47,650595
2023-07-12 12:35:00,445.4792,445.73,445.35,445.69,616641
2023-07-12 12:40:00,445.66,445.939,445.55,445.9,592376
2023-07-12 12:45:00,445.905,445.95,445.59,445.7699,450053
2023-07-12 12:50:00,445.7691,446.1591,445.71,446.06,576895
2023-07-12 12:55:00,446.05,446.2,445.99,446.08,364451
2023-07-12 13:00:00,446.09,446.12,445.7501,445.92,369180
2023-07-12 13:05:00,445.91,446.1,445.84,445.87,351320
2023-07-12 13:10:00,445.875,445.9,445.65,445.73,363282
2023-07-12 13:15:00,445.73,446.15,445.7,446.125,394427
2023-07-12 13:20:00,446.125,446.2091,445.97,446.1,363959
2023-07-12 13:25:00,446.1,446.23,446.06,446.0797,289522
2023-07-12 13:30:00,446.08,446.38,446.07,446.31,422199
2023-07-12 13:35:00,446.305,446.43,446.18,446.26,433903
2023-07-12 13:40:00,446.27,446.44,446.23,446.4,271806
2023-07-12 13:45:00,446.4,446.46,446.34,446.39,285828
2023-07-12 13:50:00,446.39,446.43,446.14,446.345,290286
2023-07-12 13:55:00,446.34,446.43,446.25,446.415,245529
2023-07-12 14:00:00,446.415,446.44,446.21,446.27,247552
2023-07-12 14:05:00,446.275,446.3299,446.0,446.31,455922
2023-07-12 14:10:00,446.31,446.56,446.268,446.52,555563
2023-07-12 14:15:00,446.5188,446.73,446.47,446.69,595974
2023-07-12 14:20:00,446.69,446.7403,446.5,446.63,428458
2023-07-12 14:25:00,446.6307,446.67,446.52,446.635,347773
2023-07-12 14:30:00,446.63,446.73,446.5601,446.58,291491
2023-07-12 14:35:00,446.58,446.71,446.56,446.695,297069
2023-07-12 14:40:00,446.695,446.75,446.33,446.38,463748
2023-07-12 14:45:00,446.38,446.53,446.28,446.3899,416083
2023-07-12 14:50:00,446.3613,446.38,446.07,446.0882,429023
2023-07-12 14:55:00,446.08,446.26,446.039,446.215,403908
2023-07-12 15:00:00,446.211,446.36,446.17,446.32,476393
2023-07-12 15:05:00,446.315,446.33,446.07,446.1299,492632
2023-07-12 15:10:00,446.13,446.34,446.052,446.08,518203
2023-07-12 15:15:00,446.09,446.385,446.07,446.365,482445
2023-07-12 15:20:00,446.36,446.36,445.825,445.89,503013
2023-07-12 15:25:00,445.89,445.945,445.15,445.19,1138247
2023-07-12 15:30:00,445.185,445.74,445.15,445.6902,859460
2023-07-12 15:35:00,445.685,446.1,445.58,446.08,645251
2023-07-12 15:40:00,446.08,446.14,445.89,446.01,602552
2023-07-12 15:45:00,446.0,446.2,445.985,446.1084,673848
2023-07-12 15:50:00,446.11,446.195,445.65,445.78,1521751
2023-07-12 15:55:00,445.7882,445.97,445.665,445.74,2912580
2023-07-12 16:00:00,445.75,446.02,445.57,446.01,4932529
2023-07-13 09:30:00,447.9,448.02,447.45,447.46,628565
2023-07-13 09:35:00,447.465,448.38,447.46,448.33,1623625
2023-07-13 09:40:00,448.335,448.44,448.12,448.3,969342
2023-07-13 09:45:00,448.31,448.395,448.15,448.26,841873
2023-07-13 09:50:00,448.26,448.37,448.06,448.29,648447
2023-07-13 09:55:00,448.3,448.51,448.18,448.22,825757
2023-07-13 10:00:00,448.22,448.43,448.19,448.35,595942
2023-07-13 10:05:00,448.35,448.4,448.17,448.195,706950
2023-07-13 10:10:00,448.2,448.46,448.0,448.44,783324
2023-07-13 10:15:00,448.435,448.46,448.03,448.2018,657408
2023-07-13 10:20:00,448.21,448.32,447.95,448.12,485804
2023-07-13 10:25:00,448.11,448.22,447.815,448.02,710224
2023-07-13 10:30:00,448.015,448.13,447.845,447.99,625308
2023-07-13 10:35:00,447.99,448.295,447.95,448.26,693580
2023-07-13 10:40:00,448.26,448.44,448.11,448.31,755950
2023-07-13 10:45:00,448.3,448.38,448.205,448.375,480307
2023-07-13 10:50:00,448.38,448.38,448.0,448.09,499220
2023-07-13 10:55:00,448.09,448.235,448.04,448.16,376086
2023-07-13 11:00:00,448.15,448.43,448.085,448.407,376614
2023-07-13 11:05:00,448.4,448.51,448.3,448.455,449163
2023-07-13 11:10:00,448.47,448.5,448.1729,448.25,384782
2023-07-13 11:15:00,448.26,448.275,447.94,448.0101,549549
2023-07-13 11:20:00,448.02,448.24,447.99,448.1079,466635
2023-07-13 11:25:00,448.104,448.3064,448.1,448.21,309470
2023-07-13 11:30:00,448.2101,448.215,448.01,448.05,445785
2023-07-13 11:35:00,448.05,448.05,447.8821,448.02,329455
2023-07-13 11:40:00,448.025,448.22,447.9591,448.1,308712
2023-07-13 11:45:00,448.11,448.31,448.105,448.3001,273181
2023-07-13 11:50:00,448.309,448.31,448.2,448.255,220803
2023-07-13 11:55:00,448.26,448.3699,448.24,448.33,224394
2023-07-13 12:00:00,448.33,448.52,448.3001,448.39,432486
2023-07-13 12:05:00,448.39,448.69,448.3786,448.57,504368
2023-07-13 12:10:00,448.57,448.645,448.49,448.55,376862
2023-07-13 12:15:00,448.55,448.62,448.41,448.57,317927
2023-07-13 12:20:00,448.565,448.66,448.43,448.4369,235349
2023-07-13 12:25:00,448.43,448.74,448.38,448.6,541575
2023-07-13 12:30:00,448.595,448.68,448.51,448.64,335923
2023-07-13 12:35:00,448.65,448.91,448.64,448.7,849884
2023-07-13 12:40:00,448.7,448.75,448.63,448.7275,399741
2023-07-13 12:45:00,448.7212,448.7212,448.57,448.645,279252
2023-07-13 12:50:00,448.65,448.695,448.52,448.6201,271136
2023-07-13 12:55:00,448.635,448.8,448.61,448.655,392502
2023-07-13 13:00:00,448.66,448.66,448.405,448.56,286923
2023-07-13 13:05:00,448.559,448.575,448.42,448.52,285681
2023-07-13 13:10:00,448.52,448.53,448.16,448.215,499533
2023-07-13 13:15:00,448.215,448.55,448.211,448.53,372323
2023-07-13 13:20:00,448.52,448.66,448.52,448.58,253410
2023-07-13 13:25:00,448.575,448.69,448.53,448.69,243326
2023-07-13 13:30:00,448.69,448.7499,448.64,448.72,313680
2023-07-13 13:35:00,448.715,448.83,448.69,448.71,312873
2023-07-13 13:40:00,448.715,448.79,448.69,448.7781,243514
2023-07-13 13:45:00,448.78,448.83,448.74,448.78,219429
2023-07-13 13:50:00,448.78,448.845,448.64,448.69,269284
2023-07-13 13:55:00,448.68,448.7675,448.651,448.6584,217414
2023-07-13 14:00:00,448.65,448.75,448.62,448.67,341787
2023-07-13 14:05:00,448.6713,448.77,448.63,448.76,289919
2023-07-13 14:10:00,448.76,449.13,448.755,449.12,616000
2023-07-13 14:15:00,449.11,449.21,449.045,449.2,442141
2023-07-13 14:20:00,449.208,449.27,449.06,449.1901,419267
2023-07-13 14:25:00,449.19,449.22,448.895,448.9499,397877
2023-07-13 14:30:00,448.95,448.98,448.75,448.77,601232
2023-07-13 14:35:00,448.78,449.07,448.77,449.0601,352736
2023-07-13 14:40:00,449.065,449.109,448.86,448.99,231686
2023-07-13 14:45:00,448.9899,449.16,448.98,449.125,301329
2023-07-13 14:50:00,449.121,449.22,449.09,449.205,315858
2023-07-13 14:55:00,449.205,449.27,449.04,449.14,359593
2023-07-13 15:00:00,449.14,449.29,449.1,449.27,268756
2023-07-13 15:05:00,449.27,449.5,449.205,449.45,596288
2023-07-13 15:10:00,449.448,449.48,449.3,449.45,566211
2023-07-13 15:15:00,449.45,449.9,449.44,449.7323,1063714
2023-07-13 15:20:00,449.74,449.76,449.38,449.655,725442
2023-07-13 15:25:00,449.65,449.79,449.57,449.65,527358
2023-07-13 15:30:00,449.66,449.85,449.64,449.835,494779
2023-07-13 15:35:00,449.84,449.92,449.63,449.69,707461
2023-07-13 15:40:00,449.7,450.09,449.66,450.09,1093951
2023-07-13 15:45:00,450.09,450.38,450.03,450.25,1336181
2023-07-13 15:50:00,450.255,450.35,449.8019,449.83,1663432
2023-07-13 15:55:00,449.83,449.95,449.71,449.755,1791916
2023-07-13 16:00:00,449.76,449.815,449.53,449.53,3376747
2023-07-14 09:30:00,450.48,450.65,450.35,450.395,605884
2023-07-14 09:35:00,450.4,450.8207,450.3801,450.785,869582
2023-07-14 09:40:00,450.785,451.0,450.47,450.91,826891
2023-07-14 09:45:00,450.91,451.02,450.42,450.635,1138787
2023-07-14 09:50:00,450.63,450.98,450.5599,450.9501,607232
2023-07-14 09:55:00,450.96,451.09,450.84,451.0515,1097162
2023-07-14 10:00:00,451.06,451.09,450.18,450.7991,895101
2023-07-14 10:05:00,450.8,450.96,450.46,450.68,1005700
2023-07-14 10:10:00,450.68,451.13,450.585,451.05,751799
2023-07-14 10:15:00,451.05,451.18,450.81,451.03,835568
2023-07-14 10:20:00,451.04,451.36,451.04,451.07,818789
2023-07-14 10:25:00,451.07,451.205,450.86,450.97,596997
2023-07-14 10:30:00,450.97,451.03,450.41,450.64,900103
2023-07-14 10:35:00,450.64,450.7,450.12,450.165,1006450
2023-07-14 10:40:00,450.17,450.41,449.868,450.23,985635
2023-07-14 10:45:00,450.225,450.225,449.84,449.86,662646
2023-07-14 10:50:00,449.8799,449.94,449.52,449.66,929461
2023-07-14 10:55:00,449.66,450.24,449.62,450.22,799918
2023-07-14 11:00:00,450.22,450.29,450.07,450.2,473187
2023-07-14 11:05:00,450.2,450.36,450.07,450.32,402181
2023-07-14 11:10:00,450.31,450.325,450.05,450.18,413996
2023-07-14 11:15:00,450.17,450.38,450.05,450.11,508640
2023-07-14 11:20:00,450.11,450.485,450.11,450.365,495915
2023-07-14 11:25:00,450.365,450.53,450.345,450.474,393424
2023-07-14 11:30:00,450.47,450.58,450.15,450.56,474941
2023-07-14 11:35:00,450.56,450.72,450.51,450.7,352129
2023-07-14 11:40:00,450.69,450.815,450.455,450.61,592249
2023-07-14 11:45:00,450.61,450.61,450.24,450.31,487091
2023-07-14 11:50:00,450.31,450.38,450.17,450.275,405597
2023-07-14 11:55:00,450.28,450.42,450.0783,450.4,422172
2023-07-14 12:00:00,450.409,450.54,450.35,450.44,602116
2023-07-14 12:05:00,450.45,450.46,450.175,450.19,422358
2023-07-14 12:10:00,450.19,450.25,450.0,450.0799,507114
2023-07-14 12:15:00,450.071,450.17,449.8923,449.96,438043
2023-07-14 12:20:00,449.95,450.12,449.855,449.96,385402
2023-07-14 12:25:00,449.95,450.11,449.74,449.8,428745
2023-07-14 12:30:00,449.8,449.875,449.615,449.69,388467
2023-07-14 12:35:00,449.68,450.04,449.67,449.98,427478
2023-07-14 12:40:00,449.97,450.1,449.89,450.055,280168
2023-07-14 12:45:00,450.05,450.1173,449.91,450.05,411610
2023-07-14 12:50:00,450.065,450.07,449.56,449.909,437820
2023-07-14 12:55:00,449.9,449.9,449.66,449.66,246222
2023-07-14 13:00:00,449.6527,449.855,449.64,449.72,344083
2023-07-14 13:05:00,449.725,449.7372,449.3,449.35,558329
2023-07-14 13:10:00,449.34,449.415,449.19,449.295,446783
2023-07-14 13:15:00,449.29,449.785,449.25,449.76,480056
2023-07-14 13:20:00,449.75,449.755,449.56,449.63,362881
2023-07-14 13:25:00,449.63,449.67,449.435,449.51,281868
2023-07-14 13:30:00,449.51,449.89,449.5,449.89,281476
2023-07-14 13:35:00,449.88,449.97,449.67,449.9699,343500
2023-07-14 13:40:00,449.96,450.05,449.87,449.96,330630
2023-07-14 13:45:00,449.969,450.005,449.8,449.91,410184
2023-07-14 13:50:00,449.915,450.14,449.9,450.005,335968
2023-07-14 13:55:00,450.005,450.11,450.005,450.07,171502
2023-07-14 14:00:00,450.065,450.07,449.765,450.005,337583
2023-07-14 14:05:00,450.005,450.17,450.0,450.14,404084
2023-07-14 14:10:00,450.131,450.2,450.015,450.1413,483441
2023-07-14 14:15:00,450.145,450.23,450.07,450.175,289089
2023-07-14 14:20:00,450.18,450.26,450.03,450.0313,255185
2023-07-14 14:25:00,450.03,450.038,449.615,449.67,480566
2023-07-14 14:30:00,449.68,449.785,449.54,449.6,349442
2023-07-14 14:35:00,449.605,449.75,449.385,449.42,405663
2023-07-14 14:40:00,449.415,449.57,449.21,449.55,491398
2023-07-14 14:45:00,449.5401,449.59,449.335,449.47,267684
2023-07-14 14:50:00,449.47,449.51,449.275,449.45,272402
2023-07-14 14:55:00,449.45,449.81,449.45,449.58,427562
2023-07-14 15:00:00,449.58,449.625,448.83,448.84,734715
2023-07-14 15:05:00,448.84,448.975,448.63,448.77,993068
2023-07-14 15:10:00,448.775,449.17,448.65,449.01,736487
2023-07-14 15:15:00,449.01,449.48,448.94,449.46,550520
2023-07-14 15:20:00,449.45,449.55,449.3,449.34,491331
2023-07-14 15:25:00,449.33,449.4,448.925,449.11,453320
2023-07-14 15:30:00,449.105,449.18,448.96,449.025,448106
2023-07-14 15:35:00,449.03,449.21,448.96,449.075,519454
2023-07-14 15:40:00,449.065,449.145,448.91,449.11,481065
2023-07-14 15:45:00,449.115,449.1764,448.895,449.05,624300
2023-07-14 15:50:00,449.055,449.055,448.49,448.955,1161321
2023-07-14 15:55:00,448.96,449.245,448.858,449.075,1275438
2023-07-14 16:00:00,449.075,449.35,448.64,449.28,3912328
2023-07-17 09:30:00,449.13,449.68,449.08,449.54,536429
2023-07-17 09:35:00,449.55,449.8,449.27,449.3035,930499
2023-07-17 09:40:00,449.31,449.735,449.285,449.47,650501
2023-07-17 09:45:00,449.475,449.655,449.13,449.3,614476
2023-07-17 09:50:00,449.31,449.52,449.16,449.4794,450958
2023-07-17 09:55:00,449.45,449.555,449.2,449.555,440434
2023-07-17 10:00:00,449.56,449.75,449.38,449.725,501570
2023-07-17 10:05:00,449.725,449.935,449.6499,449.76,691241
2023-07-17 10:10:00,449.75,450.085,449.68,449.825,640207
2023-07-17 10:15:00,449.829,449.98,449.625,449.93,466197
2023-07-17 10:20:00,449.94,449.98,449.74,449.9699,401289
2023-07-17 10:25:00,449.95,450.035,449.86,449.89,335866
2023-07-17 10:30:00,449.895,449.94,449.73,449.88,371307
2023-07-17 10:35:00,449.87,449.935,449.69,449.78,389743
2023-07-17 10:40:00,449.775,449.975,449.66,449.78,362459
2023-07-17 10:45:00,449.79,449.94,449.67,449.885,296842
2023-07-17 10:50:00,449.88,450.141,449.85,449.89,465584
2023-07-17 10:55:00,449.89,450.08,449.76,449.81,359566
2023-07-17 11:00:00,449.81,450.05,449.735,449.99,290179
2023-07-17 11:05:00,449.995,450.06,449.81,449.93,259476
2023-07-17 11:10:00,449.94,450.07,449.85,449.85,322133
2023-07-17 11:15:00,449.86,450.19,449.77,450.15,422217
2023-07-17 11:20:00,450.155,450.22,450.01,450.101,353526
2023-07-17 11:25:00,450.11,450.31,450.09,450.2618,292763
2023-07-17 11:30:00,450.265,450.46,450.19,450.35,557449
2023-07-17 11:35:00,450.36,450.5,450.28,450.49,529253
2023-07-17 11:40:00,450.49,450.61,450.47,450.52,451504
2023-07-17 11:45:00,450.51,450.64,450.5,450.59,468727
2023-07-17 11:50:00,450.6,450.64,450.52,450.55,339337
2023-07-17 11:55:00,450.55,450.71,450.39,450.58,645934
2023-07-17 12:00:00,450.57,450.74,450.55,450.63,395196
2023-07-17 12:05:00,450.63,450.67,450.46,450.56,320724
2023-07-17 12:10:00,450.56,450.6171,450.46,450.59,264550
2023-07-17 12:15:00,450.5828,450.668,450.49,450.49,255523
2023-07-17 12:20:00,450.49,450.49,450.23,450.33,287043
2023-07-17 12:25:00,450.3305,450.49,450.23,450.36,334792
2023-07-17 12:30:00,450.351,450.385,450.18,450.26,266466
2023-07-17 12:35:00,450.26,450.26,450.091,450.1,328826
2023-07-17 12:40:00,450.1,450.3399,450.04,450.33,403046
2023-07-17 12:45:00,450.33,450.4,450.26,450.315,235811
2023-07-17 12:50:00,450.325,450.42,450.29,450.41,247586
2023-07-17 12:55:00,450.41,450.5899,450.4,450.53,220280
2023-07-17 13:00:00,450.53,450.61,450.475,450.585,153251
2023-07-17 13:05:00,450.585,450.6,450.47,450.56,144002
2023-07-17 13:10:00,450.56,450.69,450.32,450.51,428749
2023-07-17 13:15:00,450.515,450.6095,450.49,450.54,205417
2023-07-17 13:20:00,450.54,450.57,450.375,450.44,143308
2023-07-17 13:25:00,450.44,450.5,450.285,450.3409,161849
2023-07-17 13:30:00,450.35,450.56,450.335,450.54,136436
2023-07-17 13:35:00,450.55,450.57,450.469,450.535,185136
2023-07-17 13:40:00,450.54,450.575,450.42,450.52,149440
2023-07-17 13:45:00,450.52,450.71,450.5102,450.705,174264
2023-07-17 13:50:00,450.7,450.855,450.67,450.85,343600
2023-07-17 13:55:00,450.85,450.86,450.66,450.7525,199259
2023-07-17 14:00:00,450.76,450.86,450.64,450.8329,267752
2023-07-17 14:05:00,450.835,450.835,450.68,450.72,210765
2023-07-17 14:10:00,450.72,450.825,450.645,450.82,185645
2023-07-17 14:15:00,450.815,450.92,450.77,450.8855,230861
2023-07-17 14:20:00,450.89,450.905,450.8,450.86,181184
2023-07-17 14:25:00,450.868,451.13,450.83,450.935,570066
2023-07-17 14:30:00,450.938,451.1,450.938,451.0401,245604
2023-07-17 14:35:00,451.045,451.0964,450.85,450.88,310138
2023-07-17 14:40:00,450.89,450.92,450.66,450.809,317466
2023-07-17 14:45:00,450.8,450.86,450.715,450.835,252489
2023-07-17 14:50:00,450.82,450.86,450.765,450.84,142084
2023-07-17 14:55:00,450.83,450.965,450.775,450.92,203657
2023-07-17 15:00:00,450.915,451.0,450.84,450.915,234184
2023-07-17 15:05:00,450.91,451.11,450.895,451.005,303214
2023-07-17 15:10:00,451.005,451.09,450.99,451.06,282733
2023-07-17 15:15:00,451.06,451.215,451.04,451.21,331244
2023-07-17 15:20:00,451.2092,451.93,451.1361,451.84,1080248
2023-07-17 15:25:00,451.845,451.88,451.33,451.6485,1043692
2023-07-17 15:30:00,451.64,451.66,451.4,451.43,654157
2023-07-17 15:35:00,451.435,451.445,451.21,451.37,648555
2023-07-17 15:40:00,451.37,451.5,451.3,451.46,698851
2023-07-17 15:45:00,451.47,451.48,451.24,451.3,614962
2023-07-17 15:50:00,451.305,451.5199,451.05,451.09,1231760
2023-07-17 15:55:00,451.09,451.435,450.88,451.06,1806826
2023-07-17 16:00:00,451.06,451.065,450.6,450.855,3791440
2023-07-18 09:30:00,450.5,450.55,450.11,450.11,577058
2023-07-18 09:35:00,450.12,450.59,450.0484,450.59,1074001
2023-07-18 09:40:00,450.58,450.79,450.27,450.79,904740
2023-07-18 09:45:00,450.79,451.24,450.75,451.1201,940297
2023-07-18 09:50:00,451.13,451.34,451.07,451.11,657411
2023-07-18 09:55:00,451.09,451.185,450.73,451.12,764128
2023-07-18 10:00:00,451.125,451.63,451.125,451.595,627276
2023-07-18 10:05:00,451.6,451.78,451.56,451.7,597063
2023-07-18 10:10:00,451.7,451.835,451.64,451.76,587397
2023-07-18 10:15:00,451.755,451.83,451.57,451.63,643679
2023-07-18 10:20:00,451.63,451.8,451.56,451.59,415741
2023-07-18 10:25:00,451.59,451.75,451.48,451.53,674490
2023-07-18 10:30:00,451.529,451.72,451.42,451.485,460844
2023-07-18 10:35:00,451.48,451.66,451.3401,451.6,379898
2023-07-18 10:40:00,451.59,451.91,451.525,451.9,337620
2023-07-18 10:45:00,451.9,452.17,451.795,452.0695,659967
2023-07-18 10:50:00,452.065,452.31,452.0533,452.265,422085
2023-07-18 10:55:00,452.27,452.27,452.08,452.09,497889
2023-07-18 11:00:00,452.09,452.36,452.04,452.345,328348
2023-07-18 11:05:00,452.34,452.55,452.26,452.46,434701
2023-07-18 11:10:00,452.46,452.5979,452.435,452.58,442577
2023-07-18 11:15:00,452.58,452.69,452.44,452.515,584723
2023-07-18 11:20:00,452.51,452.57,452.3725,452.45,413087
2023-07-18 11:25:00,452.459,452.5401,452.42,452.441,412874
2023-07-18 11:30:00,452.44,452.4913,452.165,452.24,529734
2023-07-18 11:35:00,452.24,452.31,452.05,452.29,570860
2023-07-18 11:40:00,452.291,452.545,452.2,452.51,563802
2023-07-18 11:45:00,452.51,452.7206,452.42,452.655,536270
2023-07-18 11:50:00,452.65,453.28,452.63,453.135,1369306
2023-07-18 11:55:00,453.13,453.3784,453.01,453.14,963744
2023-07-18 12:00:00,453.14,453.23,453.065,453.175,535559
2023-07-18 12:05:00,453.18,453.28,452.98,453.09,548596
2023-07-18 12:10:00,453.09,453.1,452.83,452.85,433523
2023-07-18 12:15:00,452.84,453.0,452.82,452.87,367183
2023-07-18 12:20:00,452.88,453.05,452.88,453.02,287278
2023-07-18 12:25:00,453.04,453.04,452.44,452.605,675277
2023-07-18 12:30:00,452.6022,452.99,452.6,452.93,568851
2023-07-18 12:35:00,452.92,453.03,452.8,453.0,497172
2023-07-18 12:40:00,453.005,453.1399,452.93,453.11,445150
2023-07-18 12:45:00,453.11,453.12,452.89,453.0125,306971
2023-07-18 12:50:00,453.02,453.04,452.78,452.98,354731
2023-07-18 12:55:00,452.965,453.0,452.825,452.92,298049
2023-07-18 13:00:00,452.92,453.0,452.775,452.9899,372764
2023-07-18 13:05:00,452.985,453.13,452.88,453.105,381346
2023-07-18 13:10:00,453.115,453.21,453.09,453.185,379668
2023-07-18 13:15:00,453.19,453.4,453.19,453.33,521154
2023-07-18 13:20:00,453.34,453.34,453.06,453.065,434743
2023-07-18 13:25:00,453.08,453.18,453.0,453.17,359469
2023-07-18 13:30:00,453.171,453.215,453.06,453.135,386795
2023-07-18 13:35:00,453.135,453.32,453.13,453.175,419152
2023-07-18 13:40:00,453.18,453.37,453.16,453.35,324102
2023-07-18 13:45:00,453.35,453.45,453.255,453.295,361018
2023-07-18 13:50:00,453.295,453.4357,453.185,453.3269,283769
2023-07-18 13:55:00,453.32,453.46,453.32,453.3971,291392
2023-07-18 14:00:00,453.395,453.555,453.38,453.525,360375
2023-07-18 14:05:00,453.52,453.72,453.5,453.71,545078
2023-07-18 14:10:00,453.71,453.86,453.71,453.86,642703
2023-07-18 14:15:00,453.86,453.95,453.8,453.91,527868
2023-07-18 14:20:00,453.91,454.01,453.8099,454.005,456634
2023-07-18 14:25:00,454.007,454.3,453.94,454.09,845642
2023-07-18 14:30:00,454.09,454.35,454.09,454.315,469093
2023-07-18 14:35:00,454.33,454.43,453.9,453.91,867659
2023-07-18 14:40:00,453.92,454.065,453.81,453.8922,554690
2023-07-18 14:45:00,453.9,454.13,453.76,454.12,484362
2023-07-18 14:50:00,454.11,454.36,454.0866,454.26,504363
2023-07-18 14:55:00,454.265,454.295,454.15,454.175,381885
2023-07-18 15:00:00,454.16,454.21,453.96,453.98,377080
2023-07-18 15:05:00,453.975,454.29,453.8398,454.24,610633
2023-07-18 15:10:00,454.24,454.33,454.145,454.33,379367
2023-07-18 15:15:00,454.321,454.82,454.3124,454.785,760881
2023-07-18 15:20:00,454.78,454.845,454.445,454.445,735329
2023-07-18 15:25:00,454.44,454.71,454.43,454.67,559831
2023-07-18 15:30:00,454.66,454.66,454.432,454.48,541774
2023-07-18 15:35:00,454.47,454.55,454.19,454.33,819599
2023-07-18 15:40:00,454.33,454.58,454.24,454.57,892072
2023-07-18 15:45:00,454.57,454.5797,454.34,454.52,883569
2023-07-18 15:50:00,454.505,454.86,454.42,454.43,1812857
2023-07-18 15:55:00,454.42,454.74,454.13,454.24,2994210
2023-07-18 16:00:00,454.225,454.35,454.09,454.19,7335714
2023-07-19 09:30:00,455.03,455.4,455.01,455.3962,576921
2023-07-19 09:35:00,455.4,455.81,455.38,455.635,1705253
2023-07-19 09:40:00,455.63,456.12,455.595,455.95,1338432
2023-07-19 09:45:00,455.94,456.09,455.8,455.8285,906719
2023-07-19 09:50:00,455.83,455.93,455.66,455.79,751331
2023-07-19 09:55:00,455.785,455.915,455.6201,455.77,821171
2023-07-19 10:00:00,455.76,456.1,455.75,455.9,564171
2023-07-19 10:05:00,455.9,456.27,455.88,456.175,693256
2023-07-19 10:10:00,456.1799,456.235,455.93,456.23,618599
2023-07-19 10:15:00,456.23,456.34,455.79,455.85,787348
2023-07-19 10:20:00,455.85,456.29,455.8141,456.25,453001
2023-07-19 10:25:00,456.25,456.34,456.09,456.2311,535432
2023-07-19 10:30:00,456.23,456.34,455.78,455.81,995649
2023-07-19 10:35:00,455.8,455.98,455.65,455.7701,735949
2023-07-19 10:40:00,455.78,455.87,455.545,455.86,778258
2023-07-19 10:45:00,455.85,456.17,455.85,456.14,706312
2023-07-19 10:50:00,456.14,456.14,455.77,455.9701,513135
2023-07-19 10:55:00,455.97,456.15,454.6,454.95,1120292
2023-07-19 11:00:00,454.94,455.4885,454.76,455.38,1075452
2023-07-19 11:05:00,455.4,455.4,455.09,455.33,547921
2023-07-19 11:10:00,455.335,455.51,455.27,455.48,347202
2023-07-19 11:15:00,455.48,455.87,455.4296,455.84,486150
2023-07-19 11:20:00,455.85,455.96,455.6801,455.79,430368
2023-07-19 11:25:00,455.79,455.81,455.32,455.58,695255
2023-07-19 11:30:00,455.58,455.91,455.56,455.85,377492
2023-07-19 11:35:00,455.85,456.06,455.78,455.86,385740
2023-07-19 11:40:00,455.86,456.005,455.73,455.91,441246
2023-07-19 11:45:00,455.91,456.0,455.7288,455.99,306518
2023-07-19 11:50:00,455.98,455.99,455.79,455.85,289268
2023-07-19 11:55:00,455.85,456.15,455.7991,456.09,373586
2023-07-19 12:00:00,456.09,456.1,455.83,456.01,320388
2023-07-19 12:05:00,456.015,456.43,455.935,456.1,1097955
2023-07-19 12:10:00,456.11,456.29,455.91,456.22,777866
2023-07-19 12:15:00,456.24,456.29,455.93,455.97,527323
2023-07-19 12:20:00,455.97,456.0,455.73,455.855,623633
2023-07-19 12:25:00,455.85,455.85,455.09,455.31,824722
2023-07-19 12:30:00,455.335,455.59,455.04,455.11,710599
2023-07-19 12:35:00,455.11,455.35,454.76,455.31,651743
2023-07-19 12:40:00,455.32,455.34,454.77,454.8801,503380
2023-07-19 12:45:00,454.8705,455.25,454.83,455.225,472618
2023-07-19 12:50:00,455.22,455.22,454.9509,455.08,361507
2023-07-19 12:55:00,455.08,455.37,455.07,455.21,327173
2023-07-19 13:00:00,455.21,455.41,455.145,455.26,320723
2023-07-19 13:05:00,455.26,455.37,454.94,454.97,462093
2023-07-19 13:10:00,454.96,455.11,454.65,455.07,558786
2023-07-19 13:15:00,455.07,455.35,455.02,455.17,383091
2023-07-19 13:20:00,455.17,455.26,455.08,455.15,200572
2023-07-19 13:25:00,455.14,455.26,455.03,455.07,198752
2023-07-19 13:30:00,455.0807,455.2,454.9492,455.17,250069
2023-07-19 13:35:00,455.1767,455.24,454.8,454.81,316411
2023-07-19 13:40:00,454.82,455.04,454.78,455.01,243847
2023-07-19 13:45:00,454.9747,455.34,454.96,455.235,348770
2023-07-19 13:50:00,455.23,455.36,455.13,455.2495,266319
2023-07-19 13:55:00,455.25,455.25,455.045,455.16,156922
2023-07-19 14:00:00,455.145,455.2,454.9254,455.17,339414
2023-07-19 14:05:00,455.17,455.17,454.94,455.0287,435671
2023-07-19 14:10:00,455.03,455.045,454.42,454.455,845268
2023-07-19 14:15:00,454.46,454.71,454.41,454.55,657159
2023-07-19 14:20:00,454.56,454.6101,454.38,454.54,429849
2023-07-19 14:25:00,454.55,454.68,454.37,454.68,382692
2023-07-19 14:30:00,454.67,454.97,454.61,454.91,488231
2023-07-19 14:35:00,454.9,455.225,454.86,455.115,473071
2023-07-19 14:40:00,455.11,455.2499,455.07,455.196,463221
2023-07-19 14:45:00,455.199,455.47,455.16,455.36,482328
2023-07-19 14:50:00,455.36,455.38,455.1,455.13,308062
2023-07-19 14:55:00,455.12,455.36,455.11,455.22,238333
2023-07-19 15:00:00,455.23,455.47,455.2,455.411,325084
2023-07-19 15:05:00,455.42,455.55,455.37,455.515,367258
2023-07-19 15:10:00,455.52,455.79,455.505,455.76,418947
2023-07-19 15:15:00,455.76,455.84,455.57,455.84,496005
2023-07-19 15:20:00,455.83,456.0,455.8,455.97,399949
2023-07-19 15:25:00,455.98,456.07,455.91,456.02,592627
2023-07-19 15:30:00,456.015,456.05,455.52,455.52,557674
2023-07-19 15:35:00,455.525,455.68,455.18,455.25,603214
2023-07-19 15:40:00,455.255,455.575,455.22,455.51,552901
2023-07-19 15:45:00,455.51,455.59,455.36,455.44,517890
2023-07-19 15:50:00,455.45,455.55,455.31,455.52,756026
2023-07-19 15:55:00,455.53,455.67,455.22,455.36,1175738
2023-07-19 16:00:00,455.36,455.44,455.03,455.13,2762514
2023-07-20 09:30:00,454.16,454.51,454.08,454.34,433860
2023-07-20 09:35:00,454.32,455.02,454.3,454.83,1194638
2023-07-20 09:40:00,454.84,455.06,454.6,454.755,1112616
2023-07-20 09:45:00,454.755,454.95,454.651,454.85,700311
2023-07-20 09:50:00,454.85,455.1,454.82,455.05,944907
2023-07-20 09:55:00,455.05,455.09,454.76,454.891,590521
2023-07-20 10:00:00,454.89,454.99,454.61,454.64,637434
2023-07-20 10:05:00,454.645,454.69,454.1625,454.37,946019
2023-07-20 10:10:00,454.36,454.43,453.92,454.05,995220
2023-07-20 10:15:00,454.052,454.39,453.94,454.1,768194
2023-07-20 10:20:00,454.09,454.101,453.505,453.57,675492
2023-07-20 10:25:00,453.58,453.77,453.39,453.44,1097488
2023-07-20 10:30:00,453.44,453.49,453.23,453.29,800335
2023-07-20 10:35:00,453.29,453.36,452.97,453.12,845298
2023-07-20 10:40:00,453.11,453.335,452.81,453.15,901905
2023-07-20 10:45:00,453.155,453.47,452.945,453.39,1099030
2023-07-20 10:50:00,453.395,453.59,453.351,453.395,564069
2023-07-20 10:55:00,453.39,453.85,453.39,453.65,921886
2023-07-20 11:00:00,453.645,453.8,453.52,453.675,542022
2023-07-20 11:05:00,453.68,454.12,453.68,453.95,671132
2023-07-20 11:10:00,453.95,454.17,453.88,453.97,547638
2023-07-20 11:15:00,453.98,454.04,453.74,453.8,383790
2023-07-20 11:20:00,453.81,453.855,453.64,453.785,449705
2023-07-20 11:25:00,453.7816,453.785,453.44,453.53,477999
2023-07-20 11:30:00,453.535,453.91,453.535,453.79,542272
2023-07-20 11:35:00,453.79,454.05,453.73,454.01,471261
2023-07-20 11:40:00,454.01,454.365,454.0,454.28,538843
2023-07-20 11:45:00,454.278,454.33,454.12,454.21,387847
2023-07-20 11:50:00,454.21,454.21,453.84,453.97,581593
2023-07-20 11:55:00,453.97,454.225,453.89,454.0,428615
2023-07-20 12:00:00,453.99,454.175,453.97,454.16,333057
2023-07-20 12:05:00,454.15,454.355,454.03,454.3,393293
2023-07-20 12:10:00,454.29,454.49,454.24,454.37,365816
2023-07-20 12:15:00,454.38,454.67,454.37,454.66,440275
2023-07-20 12:20:00,454.67,454.78,454.295,454.295,852597
2023-07-20 12:25:00,454.29,454.43,453.9701,454.04,635327
2023-07-20 12:30:00,454.05,454.14,453.74,453.78,540190
2023-07-20 12:35:00,453.78,453.93,453.4,453.615,598972
2023-07-20 12:40:00,453.615,453.66,453.33,453.61,752693
2023-07-20 12:45:00,453.6,453.77,453.55,453.62,441532
2023-07-20 12:50:00,453.62,453.8399,453.5601,453.82,377256
2023-07-20 12:55:00,453.825,453.835,453.55,453.5705,286598
2023-07-20 13:00:00,453.55,453.66,453.39,453.4,284891
2023-07-20 13:05:00,453.4,453.59,453.38,453.51,303122
2023-07-20 13:10:00,453.5,453.655,453.335,453.435,367149
2023-07-20 13:15:00,453.435,453.62,453.35,453.5099,325113
2023-07-20 13:20:00,453.5,453.55,453.21,453.39,270989
2023-07-20 13:25:00,453.39,453.57,453.19,453.31,281626
2023-07-20 13:30:00,453.32,453.7299,453.27,453.66,358421
2023-07-20 13:35:00,453.66,453.805,453.545,453.79,360370
2023-07-20 13:40:00,453.79,453.79,453.255,453.34,295271
2023-07-20 13:45:00,453.35,453.5864,453.33,453.585,266237
2023-07-20 13:50:00,453.585,453.69,453.53,453.63,256603
2023-07-20 13:55:00,453.63,453.7,453.405,453.4342,300848
2023-07-20 14:00:00,453.4308,453.55,453.19,453.19,266032
2023-07-20 14:05:00,453.18,453.44,453.15,453.28,491751
2023-07-20 14:10:00,453.28,453.49,453.22,453.24,340648
2023-07-20 14:15:00,453.25,453.3,453.01,453.02,394228
2023-07-20 14:20:00,453.01,453.12,452.505,452.63,836717
2023-07-20 14:25:00,452.63,452.86,452.5,452.515,547984
2023-07-20 14:30:00,452.519,452.575,452.085,452.3799,984989
2023-07-20 14:35:00,452.38,452.57,452.251,452.559,772711
2023-07-20 14:40:00,452.555,452.77,452.4624,452.58,518877
2023-07-20 14:45:00,452.579,452.68,452.38,452.61,439748
2023-07-20 14:50:00,452.615,452.7399,452.57,452.72,376525
2023-07-20 14:55:00,452.72,452.73,452.49,452.515,463831
2023-07-20 15:00:00,452.52,452.7,452.445,452.655,364936
2023-07-20 15:05:00,452.66,452.745,452.2601,452.3,670268
2023-07-20 15:10:00,452.28,452.405,452.215,452.31,652189
2023-07-20 15:15:00,452.3,452.43,451.99,452.03,758161
2023-07-20 15:20:00,452.035,452.09,451.7,451.8191,797615
2023-07-20 15:25:00,451.82,451.965,451.57,451.66,700833
2023-07-20 15:30:00,451.651,451.92,451.44,451.84,843219
2023-07-20 15:35:00,451.82,452.15,451.8,451.97,1116100
2023-07-20 15:40:00,451.97,452.1799,451.87,452.17,772339
2023-07-20 15:45:00,452.165,452.28,451.875,451.96,1004432
2023-07-20 15:50:00,451.9699,452.37,451.8,452.32,1110345
2023-07-20 15:55:00,452.305,452.3799,452.09,452.2,1574386
2023-07-20 16:00:00,452.2,452.41,451.98,452.18,3491423
2023-07-21 09:30:00,453.96,454.0,453.5,453.54,564490
2023-07-21 09:35:00,453.54,454.07,453.4,453.91,1453210
2023-07-21 09:40:00,453.92,454.05,453.61,453.62,902258
2023-07-21 09:45:00,453.62,453.72,453.29,453.5305,721841
2023-07-21 09:50:00,453.53,453.53,452.83,452.9,866887
2023-07-21 09:55:00,452.89,453.07,452.58,452.84,1279504
2023-07-21 10:00:00,452.82,452.98,452.75,452.785,449769
2023-07-21 10:05:00,452.79,452.79,452.21,452.69,1228088
2023-07-21 10:10:00,452.67,453.2,452.66,453.14,874042
2023-07-21 10:15:00,453.14,453.43,453.13,453.42,616393
2023-07-21 10:20:00,453.425,453.57,453.36,453.41,529825
2023-07-21 10:25:00,453.428,453.51,452.63,452.705,759688
2023-07-21 10:30:00,452.67,452.845,452.29,452.4518,765305
2023-07-21 10:35:00,452.46,452.85,452.4409,452.845,575986
2023-07-21 10:40:00,452.86,452.975,452.6,452.91,412392
2023-07-21 10:45:00,452.915,453.16,452.89,453.005,409251
2023-07-21 10:50:00,453.0,453.46,452.995,453.31,668710
2023-07-21 10:55:00,453.3,453.32,452.925,452.9942,528713
2023-07-21 11:00:00,452.99,453.31,452.92,453.295,354245
2023-07-21 11:05:00,453.3,453.45,453.1289,453.35,275503
2023-07-21 11:10:00,453.341,453.77,453.341,453.72,700467
2023-07-21 11:15:00,453.71,453.88,453.53,453.57,431281
2023-07-21 11:20:00,453.57,453.795,453.52,453.72,328498
2023-07-21 11:25:00,453.71,453.77,453.56,453.5908,239207
2023-07-21 11:30:00,453.58,453.87,453.57,453.77,395251
2023-07-21 11:35:00,453.77,454.0406,453.58,453.71,600219
2023-07-21 11:40:00,453.715,453.82,453.54,453.75,507480
2023-07-21 11:45:00,453.75,453.77,453.1,453.29,581423
2023-07-21 11:50:00,453.3,453.89,453.285,453.89,361731
2023-07-21 11:55:00,453.875,453.89,453.27,453.51,371191
2023-07-21 12:00:00,453.495,453.7,453.33,453.49,298355
2023-07-21 12:05:00,453.5,453.631,453.3,453.39,306761
2023-07-21 12:10:00,453.4,453.46,453.24,453.26,251263
2023-07-21 12:15:00,453.26,453.33,453.115,453.215,360840
2023-07-21 12:20:00,453.215,453.527,453.214,453.52,265202
2023-07-21 12:25:00,453.5201,453.615,453.29,453.33,228449
2023-07-21 12:30:00,453.32,453.4,453.0604,453.15,253871
2023-07-21 12:35:00,453.164,453.28,453.09,453.135,430080
2023-07-21 12:40:00,453.1355,453.2157,453.05,453.11,330019
2023-07-21 12:45:00,453.11,453.1299,452.73,452.745,560603
2023-07-21 12:50:00,452.745,452.8597,452.61,452.8,372742
2023-07-21 12:55:00,452.7918,453.009,452.76,452.86,257592
2023-07-21 13:00:00,452.88,453.05,452.83,453.0377,219035
2023-07-21 13:05:00,453.04,453.31,452.97,453.28,276314
2023-07-21 13:10:00,453.2799,453.5,453.275,453.48,344906
2023-07-21 13:15:00,453.48,453.66,453.47,453.595,384430
2023-07-21 13:20:00,453.595,453.72,453.53,453.57,332893
2023-07-21 13:25:00,453.575,453.66,453.48,453.53,269054
2023-07-21 13:30:00,453.53,453.79,453.52,453.765,258731
2023-07-21 13:35:00,453.76,454.025,453.755,453.85,470765
2023-07-21 13:40:00,453.85,454.12,453.84,454.0901,348134
2023-07-21 13:45:00,454.095,454.165,453.78,453.8071,451502
2023-07-21 13:50:00,453.81,453.9582,453.784,453.93,240290
2023-07-21 13:55:00,453.93,454.1499,453.87,453.9,342042
2023-07-21 14:00:00,453.898,454.13,453.895,454.07,366558
2023-07-21 14:05:00,454.06,454.06,453.51,453.524,478141
2023-07-21 14:10:00,453.52,453.78,453.4755,453.675,263964
2023-07-21 14:15:00,453.68,453.68,453.1,453.26,478190
2023-07-21 14:20:00,453.27,453.49,453.25,453.325,340530
2023-07-21 14:25:00,453.31,453.445,453.16,453.1801,264925
2023-07-21 14:30:00,453.19,453.41,453.13,453.335,322528
2023-07-21 14:35:00,453.335,453.3682,453.12,453.345,315907
2023-07-21 14:40:00,453.34,453.525,453.33,453.51,302729
2023-07-21 14:45:00,453.5,453.69,453.46,453.69,311091
2023-07-21 14:50:00,453.7,453.8,453.5701,453.6001,307581
2023-07-21 14:55:00,453.605,453.66,453.2,453.31,311555
2023-07-21 15:00:00,453.314,453.35,453.08,453.23,356479
2023-07-21 15:05:00,453.23,453.235,452.75,452.958,421007
2023-07-21 15:10:00,452.95,452.95,452.33,452.38,823051
2023-07-21 15:15:00,452.37,452.57,452.32,452.5599,795387
2023-07-21 15:20:00,452.55,452.935,452.41,452.804,662945
2023-07-21 15:25:00,452.8,452.84,452.41,452.52,609228
2023-07-21 15:30:00,452.52,452.74,452.42,452.53,555499
2023-07-21 15:35:00,452.52,452.6811,452.34,452.4409,583279
2023-07-21 15:40:00,452.44,452.6499,452.41,452.59,652987
2023-07-21 15:45:00,452.59,452.595,452.2,452.45,1318061
2023-07-21 15:50:00,452.44,452.7,452.34,452.515,1376034
2023-07-21 15:55:00,452.52,452.75,452.41,452.615,1744005
2023-07-21 16:00:00,452.62,452.63,452.17,452.19,4679187
2023-07-24 09:30:00,453.37,453.84,453.35,453.7901,344145
2023-07-24 09:35:00,453.79,454.41,453.78,454.2699,1041337
2023-07-24 09:40:00,454.265,454.34,453.779,454.22,821652
2023-07-24 09:45:00,454.21,454.45,454.04,454.26,732397
2023-07-24 09:50:00,454.26,454.26,453.51,453.73,708453
2023-07-24 09:55:00,453.74,453.83,452.75,452.99,1176608
2023-07-24 10:00:00,452.99,453.4,452.8,453.37,1025701
2023-07-24 10:05:00,453.37,453.4269,453.13,453.3,719398
2023-07-24 10:10:00,453.3,453.36,452.91,453.22,610634
2023-07-24 10:15:00,453.21,453.88,453.17,453.75,722341
2023-07-24 10:20:00,453.75,454.16,453.75,454.01,907148
2023-07-24 10:25:00,454.002,454.14,453.7999,453.82,584908
2023-07-24 10:30:00,453.82,454.28,453.8,454.19,725439
2023-07-24 10:35:00,454.19,454.29,453.795,454.04,777105
2023-07-24 10:40:00,454.03,454.18,453.74,453.95,456948
2023-07-24 10:45:00,453.95,454.08,453.7901,454.07,376137
2023-07-24 10:50:00,454.07,454.1,453.85,453.97,268335
2023-07-24 10:55:00,453.965,454.2,453.78,454.1,379065
2023-07-24 11:00:00,454.09,454.3699,454.03,454.18,312536
2023-07-24 11:05:00,454.19,454.23,453.88,453.9,378631
2023-07-24 11:10:00,453.9,454.08,453.76,454.0,347077
2023-07-24 11:15:00,454.0,454.57,453.98,454.38,507662
2023-07-24 11:20:00,454.39,454.58,454.38,454.4995,447369
2023-07-24 11:25:00,454.49,454.58,454.305,454.38,423649
2023-07-24 11:30:00,454.37,454.45,454.241,454.32,276092
2023-07-24 11:35:00,454.3,454.33,454.02,454.21,375700
2023-07-24 11:40:00,454.21,454.22,453.75,453.99,320999
2023-07-24 11:45:00,453.985,454.14,453.89,454.1,273941
2023-07-24 11:50:00,454.095,454.32,454.095,454.295,224182
2023-07-24 11:55:00,454.295,454.51,454.293,454.45,363254
2023-07-24 12:00:00,454.46,454.515,454.2934,454.475,258041
2023-07-24 12:05:00,454.48,454.65,454.41,454.49,291426
2023-07-24 12:10:00,454.499,454.56,454.34,454.4001,211146
2023-07-24 12:15:00,454.4,454.62,454.36,454.615,188254
2023-07-24 12:20:00,454.62,454.705,454.23,454.3173,279812
2023-07-24 12:25:00,454.32,454.32,454.14,454.21,222135
2023-07-24 12:30:00,454.2,454.62,454.1799,454.6003,285365
2023-07-24 12:35:00,454.625,454.635,454.36,454.36,219024
2023-07-24 12:40:00,454.3612,454.4199,454.28,454.32,194451
2023-07-24 12:45:00,454.32,454.36,454.19,454.24,232904
2023-07-24 12:50:00,454.2455,454.335,454.02,454.05,182804
2023-07-24 12:55:00,454.0409,454.28,453.995,454.22,232624
2023-07-24 13:00:00,454.22,454.3992,454.14,454.29,147699
2023-07-24 13:05:00,454.29,454.295,454.04,454.17,228233
2023-07-24 13:10:00,454.18,454.259,454.03,454.21,167698
2023-07-24 13:15:00,454.21,454.43,454.18,454.3699,279548
2023-07-24 13:20:00,454.375,454.395,454.15,454.19,323981
2023-07-24 13:25:00,454.19,454.43,454.19,454.385,178977
2023-07-24 13:30:00,454.39,454.5099,454.3,454.44,236594
2023-07-24 13:35:00,454.44,454.48,454.22,454.4,284473
2023-07-24 13:40:00,454.41,454.595,454.4,454.5455,469561
2023-07-24 13:45:00,454.54,454.66,454.475,454.58,317631
2023-07-24 13:50:00,454.6,454.6599,454.52,454.61,129552
2023-07-24 13:55:00,454.61,454.82,454.555,454.79,343294
2023-07-24 14:00:00,454.78,454.8199,454.5804,454.81,281597
2023-07-24 14:05:00,454.815,455.04,454.8,454.92,525968
2023-07-24 14:10:00,454.925,454.9399,454.74,454.83,373703
2023-07-24 14:15:00,454.825,454.88,454.705,454.7805,212904
2023-07-24 14:20:00,454.78,454.8,454.585,454.59,236248
2023-07-24 14:25:00,454.6,454.77,454.59,454.74,268916
2023-07-24 14:30:00,454.75,454.81,454.44,454.4911,294110
2023-07-24 14:35:00,454.495,454.51,454.32,454.375,294401
2023-07-24 14:40:00,454.37,454.41,454.23,454.26,306615
2023-07-24 14:45:00,454.25,454.305,453.85,454.0,725068
2023-07-24 14:50:00,454.0,454.15,453.82,454.12,486294
2023-07-24 14:55:00,454.13,454.33,454.035,454.27,356358
2023-07-24 15:00:00,454.27,454.365,454.2395,454.34,288311
2023-07-24 15:05:00,454.34,454.4377,454.12,454.2685,454075
2023-07-24 15:10:00,454.265,454.3268,454.09,454.125,262618
2023-07-24 15:15:00,454.13,454.18,453.96,454.0,349853
2023-07-24 15:20:00,454.01,454.209,453.995,454.075,338955
2023-07-24 15:25:00,454.07,454.155,453.87,453.89,349446
2023-07-24 15:30:00,453.9,453.9,453.43,453.69,1045784
2023-07-24 15:35:00,453.7,453.86,453.61,453.785,794906
2023-07-24 15:40:00,453.79,453.84,453.54,453.65,625120
2023-07-24 15:45:00,453.65,454.085,453.65,454.075,709139
2023-07-24 15:50:00,454.0701,454.225,453.76,453.81,1355937
2023-07-24 15:55:00,453.81,453.9798,453.73,453.93,1151730
2023-07-24 16:00:00,453.94,454.24,453.93,454.2,1869134
2023-07-25 09:30:00,453.92,454.12,453.87,453.935,395787
2023-07-25 09:35:00,453.93,454.5193,453.91,454.45,813275
2023-07-25 09:40:00,454.45,454.53,454.2401,454.465,532340
2023-07-25 09:45:00,454.47,454.69,454.39,454.68,592660
2023-07-25 09:50:00,454.67,454.76,454.58,454.7,621483
2023-07-25 09:55:00,454.71,454.735,454.48,454.69,558433
2023-07-25 10:00:00,454.7,455.13,454.63,454.8299,825897
2023-07-25 10:05:00,454.81,454.91,454.59,454.66,378484
2023-07-25 10:10:00,454.65,454.885,454.45,454.83,471692
2023-07-25 10:15:00,454.82,454.975,454.7593,454.9308,421767
2023-07-25 10:20:00,454.94,455.0,454.65,454.97,408106
2023-07-25 10:25:00,454.965,455.05,454.895,455.0,448548
2023-07-25 10:30:00,454.99,454.99,454.645,454.68,352333
2023-07-25 10:35:00,454.68,454.72,454.41,454.545,627086
2023-07-25 10:40:00,454.54,454.76,454.49,454.635,337267
2023-07-25 10:45:00,454.63,454.85,454.5724,454.84,311244
2023-07-25 10:50:00,454.83,454.8411,454.67,454.7,307023
2023-07-25 10:55:00,454.71,454.74,454.48,454.4801,356079
2023-07-25 11:00:00,454.49,454.675,454.48,454.61,254426
2023-07-25 11:05:00,454.601,454.72,454.525,454.7191,190899
2023-07-25 11:10:00,454.71,454.765,454.62,454.74,245399
2023-07-25 11:15:00,454.73,454.881,454.66,454.8092,330117
2023-07-25 11:20:00,454.815,454.875,454.64,454.8,289274
2023-07-25 11:25:00,454.8,455.03,454.795,455.02,268394
2023-07-25 11:30:00,455.02,455.09,454.92,455.05,306580
2023-07-25 11:35:00,455.05,455.23,454.96,455.22,459668
2023-07-25 11:40:00,455.22,455.48,455.19,455.315,643730
2023-07-25 11:45:00,455.318,455.6005,455.31,455.39,943683
2023-07-25 11:50:00,455.39,455.54,455.37,455.41,310518
2023-07-25 11:55:00,455.415,455.5099,455.3994,455.44,301923
2023-07-25 12:00:00,455.44,455.455,455.29,455.315,376143
2023-07-25 12:05:00,455.3191,455.375,455.215,455.365,365415
2023-07-25 12:10:00,455.3699,455.56,455.341,455.5,394282
2023-07-25 12:15:00,455.5,455.515,455.33,455.375,299513
2023-07-25 12:20:00,455.38,455.59,455.375,455.58,241699
2023-07-25 12:25:00,455.57,455.57,455.29,455.3342,286351
2023-07-25 12:30:00,455.34,455.4,455.25,455.35,172108
2023-07-25 12:35:00,455.345,455.4,455.27,455.39,173988
2023-07-25 12:40:00,455.3895,455.54,455.345,455.47,304775
2023-07-25 12:45:00,455.47,455.555,455.3883,455.47,133162
2023-07-25 12:50:00,455.47,455.5701,455.41,455.5599,197624
2023-07-25 12:55:00,455.555,455.79,455.55,455.74,376999
2023-07-25 13:00:00,455.725,455.99,455.71,455.9349,440874
2023-07-25 13:05:00,455.935,456.075,455.61,455.67,747016
2023-07-25 13:10:00,455.67,455.7706,455.53,455.77,563287
2023-07-25 13:15:00,455.78,455.885,455.68,455.86,281287
2023-07-25 13:20:00,455.8511,456.02,455.84,456.01,179921
2023-07-25 13:25:00,456.01,456.12,455.9724,456.09,239890
2023-07-25 13:30:00,456.09,456.12,455.94,456.0693,273513
2023-07-25 13:35:00,456.06,456.13,456.0,456.08,250441
2023-07-25 13:40:00,456.08,456.1004,455.91,455.92,247115
2023-07-25 13:45:00,455.92,456.11,455.875,456.0001,268845
2023-07-25 13:50:00,456.015,456.0491,455.775,455.82,266217
2023-07-25 13:55:00,455.81,455.92,455.8,455.88,213236
2023-07-25 14:00:00,455.872,455.945,455.71,455.77,295356
2023-07-25 14:05:00,455.77,455.96,455.7,455.905,276469
2023-07-25 14:10:00,455.905,455.97,455.79,455.9,367152
2023-07-25 14:15:00,455.905,456.23,455.905,456.14,515036
2023-07-25 14:20:00,456.13,456.19,455.97,456.175,287028
2023-07-25 14:25:00,456.17,456.44,456.14,456.26,484661
2023-07-25 14:30:00,456.265,456.64,456.26,456.61,460560
2023-07-25 14:35:00,456.61,456.7109,456.48,456.7109,392333
2023-07-25 14:40:00,456.72,456.735,456.35,456.47,545930
2023-07-25 14:45:00,456.48,456.67,456.3706,456.6493,399902
2023-07-25 14:50:00,456.64,456.64,456.18,456.255,553381
2023-07-25 14:55:00,456.26,456.37,456.14,456.2799,452349
2023-07-25 15:00:00,456.28,456.29,455.76,455.91,621355
2023-07-25 15:05:00,455.91,456.05,455.86,455.955,328481
2023-07-25 15:10:00,455.951,456.11,455.85,456.03,274291
2023-07-25 15:15:00,456.03,456.23,455.9,456.125,369085
2023-07-25 15:20:00,456.125,456.275,455.97,456.02,374150
2023-07-25 15:25:00,456.03,456.2,455.97,456.055,266762
2023-07-25 15:30:00,456.05,456.1012,455.9,455.915,377703
2023-07-25 15:35:00,455.91,456.0,455.73,455.87,623759
2023-07-25 15:40:00,455.88,456.11,455.875,455.98,816999
2023-07-25 15:45:00,455.98,456.0,455.69,455.69,665464
2023-07-25 15:50:00,455.695,455.95,455.61,455.62,1162999
2023-07-25 15:55:00,455.615,455.99,455.49,455.59,1608221
2023-07-25 16:00:00,455.575,455.68,455.32,455.41,3623873
2023-07-26 09:30:00,454.47,454.91,454.46,454.8889,461117
2023-07-26 09:35:00,454.9,454.97,454.42,454.73,941609
2023-07-26 09:40:00,454.73,454.875,454.53,454.54,727446
2023-07-26 09:45:00,454.55,455.16,454.55,454.8401,657698
2023-07-26 09:50:00,454.85,455.0,454.68,454.765,324743
2023-07-26 09:55:00,454.765,454.95,454.74,454.795,347737
2023-07-26 10:00:00,454.79,454.9,454.62,454.815,378799
2023-07-26 10:05:00,454.8,454.8595,454.545,454.77,386791
2023-07-26 10:10:00,454.7616,454.82,454.62,454.62,236367
2023-07-26 10:15:00,454.63,454.99,454.55,454.7,384909
2023-07-26 10:20:00,454.709,454.955,454.705,454.905,219069
2023-07-26 10:25:00,454.9005,454.9691,454.46,454.88,612748
2023-07-26 10:30:00,454.88,454.88,454.68,454.7,277916
2023-07-26 10:35:00,454.695,454.85,454.49,454.5999,384652
2023-07-26 10:40:00,454.58,454.65,454.42,454.48,312070
2023-07-26 10:45:00,454.49,454.5499,454.305,454.33,386577
2023-07-26 10:50:00,454.34,454.495,454.305,454.45,356780
2023-07-26 10:55:00,454.45,454.4505,454.25,454.325,527824
2023-07-26 11:00:00,454.32,454.35,454.03,454.07,686068
2023-07-26 11:05:00,454.0671,454.3,453.99,454.2,431787
2023-07-26 11:10:00,454.18,454.37,454.09,454.325,558402
2023-07-26 11:15:00,454.33,454.455,454.27,454.37,400876
2023-07-26 11:20:00,454.355,454.49,454.3434,454.375,292813
2023-07-26 11:25:00,454.36,454.405,454.145,454.21,239390
2023-07-26 11:30:00,454.21,454.5,454.19,454.345,260350
2023-07-26 11:35:00,454.345,454.54,454.345,454.515,228825
2023-07-26 11:40:00,454.51,454.7,454.5,454.665,255997
2023-07-26 11:45:00,454.67,454.75,454.59,454.675,292928
2023-07-26 11:50:00,454.67,454.83,454.6101,454.8,236193
2023-07-26 11:55:00,454.81,454.98,454.795,454.88,419024
2023-07-26 12:00:00,454.88,454.97,454.825,454.83,390104
2023-07-26 12:05:00,454.825,454.97,454.825,454.915,234702
2023-07-26 12:10:00,454.915,455.0,454.88,454.9923,313334
2023-07-26 12:15:00,455.0,455.13,454.94,454.971,277305
2023-07-26 12:20:00,454.97,455.06,454.96,454.96,161000
2023-07-26 12:25:00,454.965,454.99,454.72,454.74,331064
2023-07-26 12:30:00,454.74,454.76,454.59,454.69,334959
2023-07-26 12:35:00,454.69,454.7,454.53,454.54,246783
2023-07-26 12:40:00,454.545,454.555,454.34,454.4201,288338
2023-07-26 12:45:00,454.4201,454.49,454.35,454.37,242131
2023-07-26 12:50:00,454.37,454.37,454.22,454.26,285786
2023-07-26 12:55:00,454.255,454.2899,454.0899,454.13,301627
2023-07-26 13:00:00,454.13,454.27,454.025,454.204,505983
2023-07-26 13:05:00,454.2,454.43,454.19,454.385,333624
2023-07-26 13:10:00,454.38,454.48,454.295,454.43,213941
2023-07-26 13:15:00,454.436,454.481,454.36,454.395,269413
2023-07-26 13:20:00,454.393,454.445,454.265,454.335,316045
2023-07-26 13:25:00,454.335,454.37,454.11,454.32,305563
2023-07-26 13:30:00,454.325,454.3266,454.16,454.2226,195458
2023-07-26 13:35:00,454.2201,454.229,454.07,454.2,288214
2023-07-26 13:40:00,454.2,454.28,454.145,454.245,205144
2023-07-26 13:45:00,454.24,454.3,454.14,454.2992,344392
2023-07-26 13:50:00,454.29,454.3519,454.1996,454.3052,282348
2023-07-26 13:55:00,454.305,454.38,454.19,454.35,312124
2023-07-26 14:00:00,454.35,454.76,453.81,454.64,848854
2023-07-26 14:05:00,454.62,454.88,454.19,454.4052,1042412
2023-07-26 14:10:00,454.3905,454.89,454.28,454.67,532217
2023-07-26 14:15:00,454.67,455.0,454.5,454.6492,682405
2023-07-26 14:20:00,454.64,454.82,454.55,454.8095,280857
2023-07-26 14:25:00,454.8,454.8,454.275,454.32,399455
2023-07-26 14:30:00,454.33,454.5196,453.97,454.275,791118
2023-07-26 14:35:00,454.29,455.27,454.289,455.13,927795
2023-07-26 14:40:00,455.12,456.655,454.95,456.37,2776908
2023-07-26 14:45:00,456.3699,456.99,456.24,456.43,2091865
2023-07-26 14:50:00,456.44,456.8,455.84,456.13,1176396
2023-07-26 14:55:00,456.13,456.58,456.01,456.18,982568
2023-07-26 15:00:00,456.17,456.29,455.63,456.15,1228938
2023-07-26 15:05:00,456.16,456.21,455.58,455.695,848784
2023-07-26 15:10:00,455.68,455.69,453.69,454.3,2514123
2023-07-26 15:15:00,454.3,454.56,453.98,454.155,1033454
2023-07-26 15:20:00,454.16,454.47,453.38,454.445,1123379
2023-07-26 15:25:00,454.46,454.69,453.97,454.3669,974382
2023-07-26 15:30:00,454.36,454.61,454.1857,454.235,873614
2023-07-26 15:35:00,454.239,454.91,454.055,454.74,745195
2023-07-26 15:40:00,454.75,455.05,454.29,454.97,943023
2023-07-26 15:45:00,454.975,455.43,454.975,455.09,995219
2023-07-26 15:50:00,455.09,455.31,454.72,454.72,1068537
2023-07-26 15:55:00,454.71,454.88,454.45,454.63,2197837
2023-07-26 16:00:00,454.63,455.54,454.6,455.51,4893341
2023-07-27 09:30:00,459.02,459.09,458.68,458.73,675352
2023-07-27 09:35:00,458.74,459.44,458.66,459.08,1505686
2023-07-27 09:40:00,459.08,459.39,458.9424,459.23,837944
2023-07-27 09:45:00,459.24,459.36,459.05,459.34,945655
2023-07-27 09:50:00,459.33,459.35,458.85,458.9804,820392
2023-07-27 09:55:00,458.98,459.29,458.9432,459.04,751118
2023-07-27 10:00:00,459.03,459.04,458.69,458.8306,607019
2023-07-27 10:05:00,458.84,459.05,458.63,458.635,748390
2023-07-27 10:10:00,458.635,458.69,458.27,458.3705,1134096
2023-07-27 10:15:00,458.365,458.4664,458.155,458.4588,763762
2023-07-27 10:20:00,458.46,458.54,458.2599,458.26,448002
2023-07-27 10:25:00,458.26,458.54,457.91,458.04,853641
2023-07-27 10:30:00,458.04,458.1,457.61,457.7,904258
2023-07-27 10:35:00,457.7,458.04,457.635,457.9877,699746
2023-07-27 10:40:00,457.98,458.27,457.965,458.215,658514
2023-07-27 10:45:00,458.2,458.33,458.105,458.315,455008
2023-07-27 10:50:00,458.3108,458.4512,458.02,458.03,391598
2023-07-27 10:55:00,458.04,458.0799,457.77,457.93,492535
2023-07-27 11:00:00,457.93,457.97,457.27,457.56,672805
2023-07-27 11:05:00,457.555,457.81,457.52,457.635,449215
2023-07-27 11:10:00,457.6303,457.6312,457.24,457.27,468754
2023-07-27 11:15:00,457.27,457.35,457.065,457.21,550871
2023-07-27 11:20:00,457.21,457.5,457.17,457.37,463216
2023-07-27 11:25:00,457.38,457.69,457.37,457.655,428285
2023-07-27 11:30:00,457.655,458.01,457.4101,457.99,433661
2023-07-27 11:35:00,457.98,457.99,457.7575,457.86,350265
2023-07-27 11:40:00,457.86,457.94,457.73,457.9,240451
2023-07-27 11:45:00,457.89,457.89,457.395,457.5672,393988
2023-07-27 11:50:00,457.565,457.635,457.23,457.3476,341945
2023-07-27 11:55:00,457.35,457.58,457.21,457.35,415150
2023-07-27 12:00:00,457.35,457.48,457.295,457.4,283065
2023-07-27 12:05:00,457.41,457.71,457.3997,457.68,391545
2023-07-27 12:10:00,457.68,458.01,457.62,457.99,264886
2023-07-27 12:15:00,458.0,458.075,457.8996,458.07,435132
2023-07-27 12:20:00,458.0699,458.13,457.8,457.86,447031
2023-07-27 12:25:00,457.865,458.18,457.8292,458.18,313199
2023-07-27 12:30:00,458.18,458.46,458.17,458.42,526826
2023-07-27 12:35:00,458.42,458.545,458.35,458.4,668826
2023-07-27 12:40:00,458.4012,458.54,458.39,458.46,289805
2023-07-27 12:45:00,458.46,458.58,458.41,458.47,357534
2023-07-27 12:50:00,458.46,458.5995,458.31,458.33,432938
2023-07-27 12:55:00,458.33,458.4,458.15,458.255,442008
2023-07-27 13:00:00,458.25,458.49,458.17,458.4501,355119
2023-07-27 13:05:00,458.46,458.59,457.68,457.8312,720133
2023-07-27 13:10:00,457.83,458.0,457.19,457.87,1051678
2023-07-27 13:15:00,457.88,457.97,457.63,457.66,394465
2023-07-27 13:20:00,457.64,457.64,456.44,456.48,1512721
2023-07-27 13:25:00,456.485,456.95,456.39,456.73,860334
2023-07-27 13:30:00,456.73,456.73,456.18,456.26,727201
2023-07-27 13:35:00,456.27,456.44,456.04,456.0903,1038728
2023-07-27 13:40:00,456.1,456.24,455.81,456.135,972143
2023-07-27 13:45:00,456.13,456.38,456.0407,456.07,645396
2023-07-27 13:50:00,456.075,456.16,455.85,456.06,574628
2023-07-27 13:55:00,456.07,456.18,455.73,455.96,799610
2023-07-27 14:00:00,455.964,456.08,455.7,455.76,495614
2023-07-27 14:05:00,455.77,456.22,455.69,455.89,531635
2023-07-27 14:10:00,455.87,455.8722,454.89,454.96,882669
2023-07-27 14:15:00,454.9588,454.9588,454.355,454.55,1331475
2023-07-27 14:20:00,454.55,455.03,454.49,454.9,805546
2023-07-27 14:25:00,454.9,455.16,454.1,454.2,959989
2023-07-27 14:30:00,454.19,454.48,453.835,454.255,1900793
2023-07-27 14:35:00,454.2501,454.31,453.63,453.645,1119753
2023-07-27 14:40:00,453.655,453.695,452.88,453.36,2094357
2023-07-27 14:45:00,453.34,453.7284,453.335,453.6901,1125939
2023-07-27 14:50:00,453.6974,453.85,453.29,453.3901,814736
2023-07-27 14:55:00,453.3891,453.62,453.04,453.08,856199
2023-07-27 15:00:00,453.09,453.205,452.66,452.895,889230
2023-07-27 15:05:00,452.89,453.04,452.7,452.85,754042
2023-07-27 15:10:00,452.86,453.3531,452.41,453.3,1138405
2023-07-27 15:15:00,453.32,453.8099,453.11,453.73,1016764
2023-07-27 15:20:00,453.74,453.87,453.21,453.24,767969
2023-07-27 15:25:00,453.23,453.26,452.825,452.93,823329
2023-07-27 15:30:00,452.93,453.01,452.64,452.85,707364
2023-07-27 15:35:00,452.84,453.14,452.4,452.44,1077772
2023-07-27 15:40:00,452.43,452.84,452.3,452.325,1257137
2023-07-27 15:45:00,452.3288,452.475,451.705,451.73,1853539
2023-07-27 15:50:00,451.73,452.36,451.55,452.36,2161471
2023-07-27 15:55:00,452.36,452.645,452.05,452.15,2287337
2023-07-27 16:00:00,452.15,452.83,452.13,452.48,4376589
2023-07-28 09:30:00,455.88,456.02,455.66,456.0085,848825
2023-07-28 09:35:00,456.0,456.15,455.46,455.56,1292544
2023-07-28 09:40:00,455.55,456.21,455.16,456.185,1254268
2023-07-28 09:45:00,456.2,456.265,455.72,455.9321,977555
2023-07-28 09:50:00,455.94,456.59,455.81,456.555,876669
2023-07-28 09:55:00,456.55,456.57,456.165,456.29,1251912
2023-07-28 10:00:00,456.29,456.49,456.02,456.19,931726
2023-07-28 10:05:00,456.21,456.78,456.195,456.59,1131434
2023-07-28 10:10:00,456.6,456.71,456.37,456.3901,1054985
2023-07-28 10:15:00,456.39,456.78,456.39,456.77,952098
2023-07-28 10:20:00,456.77,456.87,456.55,456.819,811941
2023-07-28 10:25:00,456.815,456.87,456.57,456.57,827685
2023-07-28 10:30:00,456.57,456.63,456.03,456.58,1148889
2023-07-28 10:35:00,456.59,456.83,456.49,456.5412,1128304
2023-07-28 10:40:00,456.55,456.58,456.175,456.2316,630271
2023-07-28 10:45:00,456.235,456.5,456.1,456.18,536533
2023-07-28 10:50:00,456.1912,456.6,455.94,456.54,520990
2023-07-28 10:55:00,456.545,456.62,456.16,456.295,572655
2023-07-28 11:00:00,456.3,456.85,456.27,456.8,465409
2023-07-28 11:05:00,456.8,456.87,456.59,456.76,399723
2023-07-28 11:10:00,456.7688,456.83,456.59,456.795,321676
2023-07-28 11:15:00,456.78,457.0199,456.75,457.01,426503
2023-07-28 11:20:00,457.0,457.365,456.926,457.36,688552
2023-07-28 11:25:00,457.36,457.5,457.295,457.4,506786
2023-07-28 11:30:00,457.395,457.6195,457.36,457.5,585877
2023-07-28 11:35:00,457.505,457.53,457.21,457.375,497338
2023-07-28 11:40:00,457.37,457.56,457.302,457.55,460716
2023-07-28 11:45:00,457.55,457.78,457.54,457.695,510019
2023-07-28 11:50:00,457.7,457.74,457.37,457.605,503530
2023-07-28 11:55:00,457.6,457.71,457.48,457.61,412738
2023-07-28 12:00:00,457.61,457.7,457.1934,457.2289,657650
2023-07-28 12:05:00,457.22,457.2494,456.99,457.0817,755081
2023-07-28 12:10:00,457.09,457.15,456.88,457.0725,370932
2023-07-28 12:15:00,457.07,457.33,457.03,457.33,369215
2023-07-28 12:20:00,457.3372,457.4,457.1575,457.2799,407932
2023-07-28 12:25:00,457.2788,457.52,457.205,457.5099,318527
2023-07-28 12:30:00,457.5,457.625,457.48,457.62,376082
2023-07-28 12:35:00,457.6,457.6,457.34,457.5,406156
2023-07-28 12:40:00,457.5,457.555,457.22,457.22,399970
2023-07-28 12:45:00,457.23,457.4,457.2088,457.3579,270697
2023-07-28 12:50:00,457.36,457.405,457.16,457.21,248946
2023-07-28 12:55:00,457.215,457.45,457.19,457.275,296623
2023-07-28 13:00:00,457.27,457.3,456.82,456.88,437668
2023-07-28 13:05:00,456.8704,456.91,456.72,456.76,386107
2023-07-28 13:10:00,456.76,456.84,456.42,456.43,487018
2023-07-28 13:15:00,456.43,456.8488,456.43,456.72,494304
2023-07-28 13:20:00,456.72,456.77,456.5,456.5,337864
2023-07-28 13:25:00,456.5,456.56,456.2,456.31,482603
2023-07-28 13:30:00,456.3,456.38,456.06,456.315,470475
2023-07-28 13:35:00,456.32,456.45,455.58,455.66,840102
2023-07-28 13:40:00,455.665,455.9095,455.605,455.695,527146
2023-07-28 13:45:00,455.69,455.71,455.06,455.25,787631
2023-07-28 13:50:00,455.26,455.4395,455.11,455.4395,710650
2023-07-28 13:55:00,455.44,455.98,455.4,455.925,816635
2023-07-28 14:00:00,455.92,456.33,455.92,456.305,579665
2023-07-28 14:05:00,456.305,456.68,456.3,456.635,569136
2023-07-28 14:10:00,456.635,456.75,456.46,456.705,737751
2023-07-28 14:15:00,456.705,456.73,456.32,456.485,526619
2023-07-28 14:20:00,456.49,456.706,456.36,456.6907,313649
2023-07-28 14:25:00,456.6999,456.935,456.68,456.71,510287
2023-07-28 14:30:00,456.71,456.92,456.71,456.775,420134
2023-07-28 14:35:00,456.7699,456.83,456.7,456.75,508929
2023-07-28 14:40:00,456.755,456.76,456.195,456.3,593130
2023-07-28 14:45:00,456.29,456.99,456.14,456.99,423700
2023-07-28 14:50:00,457.0,457.055,456.81,456.92,442589
2023-07-28 14:55:00,456.92,457.36,456.92,457.0742,477907
2023-07-28 15:00:00,457.08,457.1401,456.78,456.84,454892
2023-07-28 15:05:00,456.84,457.0882,456.7601,457.025,357978
2023-07-28 15:10:00,457.025,457.205,456.96,457.07,292969
2023-07-28 15:15:00,457.07,457.305,457.07,457.196,401165
2023-07-28 15:20:00,457.2,457.27,457.07,457.19,435621
2023-07-28 15:25:00,457.185,457.19,456.7299,456.885,502208
2023-07-28 15:30:00,456.88,457.04,456.575,456.79,744129
2023-07-28 15:35:00,456.79,457.06,456.74,457.01,758221
2023-07-28 15:40:00,457.01,457.02,456.63,456.7105,1102188
2023-07-28 15:45:00,456.72,456.75,456.41,456.41,907810
2023-07-28 15:50:00,456.41,456.82,456.33,456.69,1445086
2023-07-28 15:55:00,456.69,457.18,456.67,456.885,1821933
2023-07-28 16:00:00,456.885,457.07,456.77,456.91,5366042
2023-07-31 09:30:00,457.41,457.605,457.25,457.36,533695
2023-07-31 09:35:00,457.36,457.805,457.295,457.57,1017088
2023-07-31 09:40:00,457.56,457.85,457.26,457.78,923332
2023-07-31 09:45:00,457.78,458.16,457.615,458.15,833994
2023-07-31 09:50:00,458.155,458.16,457.7653,457.9198,664708
2023-07-31 09:55:00,457.905,458.09,456.91,456.96,937225
2023-07-31 10:00:00,456.955,457.19,456.5,456.759,1252814
2023-07-31 10:05:00,456.75,457.17,456.66,457.12,514816
2023-07-31 10:10:00,457.12,457.39,457.02,457.25,564821
2023-07-31 10:15:00,457.25,457.46,457.16,457.35,443297
2023-07-31 10:20:00,457.35,457.52,457.2463,457.49,438966
2023-07-31 10:25:00,457.48,457.54,457.26,457.49,374174
2023-07-31 10:30:00,457.48,457.82,457.45,457.6955,592755
2023-07-31 10:35:00,457.69,457.69,457.155,457.33,578452
2023-07-31 10:40:00,457.33,457.6601,457.21,457.53,574333
2023-07-31 10:45:00,457.53,457.66,457.44,457.57,350650
2023-07-31 10:50:00,457.57,457.63,457.2,457.535,492320
2023-07-31 10:55:00,457.53,457.6099,457.44,457.5788,231476
2023-07-31 11:00:00,457.58,457.67,457.46,457.515,250351
2023-07-31 11:05:00,457.52,457.65,457.395,457.55,260932
2023-07-31 11:10:00,457.55,457.71,457.55,457.71,243909
2023-07-31 11:15:00,457.7,457.83,457.42,457.47,335890
2023-07-31 11:20:00,457.47,457.58,457.36,457.54,308425
2023-07-31 11:25:00,457.54,457.54,457.12,457.29,355936
2023-07-31 11:30:00,457.295,457.36,457.2,457.285,272674
2023-07-31 11:35:00,457.28,457.295,456.684,457.105,796599
2023-07-31 11:40:00,457.1011,457.26,457.01,457.105,308336
2023-07-31 11:45:00,457.1,457.14,456.945,457.09,375089
2023-07-31 11:50:00,457.0805,457.31,457.03,457.165,240761
2023-07-31 11:55:00,457.17,457.1788,456.69,456.94,625115
2023-07-31 12:00:00,456.931,457.09,456.8,457.0699,377274
2023-07-31 12:05:00,457.065,457.18,456.905,456.96,443849
2023-07-31 12:10:00,456.96,457.1,456.85,456.9,330824
2023-07-31 12:15:00,456.9,457.11,456.82,456.934,386291
2023-07-31 12:20:00,456.935,457.2,456.91,457.13,265544
2023-07-31 12:25:00,457.12,457.23,457.035,457.17,228906
2023-07-31 12:30:00,457.17,457.24,457.11,457.1409,231042
2023-07-31 12:35:00,457.14,457.1966,456.9,456.94,215015
2023-07-31 12:40:00,456.93,457.06,456.79,456.815,255460
2023-07-31 12:45:00,456.811,456.945,456.72,456.8499,212597
2023-07-31 12:50:00,456.84,456.91,456.69,456.7399,222092
2023-07-31 12:55:00,456.735,456.79,456.6,456.635,232958
2023-07-31 13:00:00,456.635,456.71,456.5,456.59,244934
2023-07-31 13:05:00,456.6,456.61,456.24,456.45,433024
2023-07-31 13:10:00,456.45,457.0183,456.45,457.0,405740
2023-07-31 13:15:00,457.0,457.02,456.69,456.75,349193
2023-07-31 13:20:00,456.74,456.74,456.4,456.61,346461
2023-07-31 13:25:00,456.615,456.705,456.495,456.53,274517
2023-07-31 13:30:00,456.52,456.83,456.49,456.71,228377
2023-07-31 13:35:00,456.715,456.98,456.695,456.9555,225363
2023-07-31 13:40:00,456.9572,457.17,456.9,456.9979,349888
2023-07-31 13:45:00,456.9982,457.13,456.94,457.02,237391
2023-07-31 13:50:00,457.0,457.0291,456.81,456.88,265857
2023-07-31 13:55:00,456.88,456.98,456.74,456.8799,225462
2023-07-31 14:00:00,456.88,456.935,456.805,456.87,224308
2023-07-31 14:05:00,456.88,457.04,456.84,456.995,240356
2023-07-31 14:10:00,456.999,457.0,456.64,456.78,416290
2023-07-31 14:15:00,456.78,456.8,456.625,456.6868,339624
2023-07-31 14:20:00,456.6801,456.8,456.635,456.7501,195459
2023-07-31 14:25:00,456.76,456.77,456.5,456.546,284386
2023-07-31 14:30:00,456.545,456.78,456.48,456.66,331396
2023-07-31 14:35:00,456.66,456.85,456.585,456.84,172304
2023-07-31 14:40:00,456.8495,456.89,456.585,456.72,263541
2023-07-31 14:45:00,456.72,456.825,456.63,456.7186,199519
2023-07-31 14:50:00,456.715,456.95,456.6,456.9298,206153
2023-07-31 14:55:00,456.93,457.09,456.86,457.06,328934
2023-07-31 15:00:00,457.065,457.18,456.94,456.96,329802
2023-07-31 15:05:00,456.96,457.0272,456.62,456.69,328543
2023-07-31 15:10:00,456.69,456.7599,456.46,456.58,437037
2023-07-31 15:15:00,456.5899,456.66,456.46,456.58,830200
2023-07-31 15:20:00,456.57,456.76,456.48,456.64,529193
2023-07-31 15:25:00,456.645,456.83,456.5,456.5005,600388
2023-07-31 15:30:00,456.5,456.81,456.465,456.765,526435
2023-07-31 15:35:00,456.77,456.79,456.36,456.4,706702
2023-07-31 15:40:00,456.4,456.59,456.21,456.4,1080403
2023-07-31 15:45:00,456.4,456.57,456.34,456.38,843173
2023-07-31 15:50:00,456.375,456.44,456.045,456.4,1425044
2023-07-31 15:55:00,456.4,456.945,456.4,456.93,1749351
2023-07-31 16:00:00,456.925,457.84,456.89,457.79,5281046
2023-08-01 09:30:00,456.27,456.46,456.06,456.19,589812
2023-08-01 09:35:00,456.21,456.76,456.15,456.74,1083064
2023-08-01 09:40:00,456.74,456.94,456.5101,456.77,928117
2023-08-01 09:45:00,456.77,456.77,456.54,456.64,528965
2023-08-01 09:50:00,456.65,456.69,456.37,456.65,513235
2023-08-01 09:55:00,456.63,456.755,456.49,456.68,374293
2023-08-01 10:00:00,456.68,457.25,456.56,456.93,819947
2023-08-01 10:05:00,456.94,457.19,456.74,457.04,1100146
2023-08-01 10:10:00,457.04,457.07,456.62,456.72,769939
2023-08-01 10:15:00,456.72,456.72,455.75,455.9473,1427627
2023-08-01 10:20:00,455.95,456.14,455.53,455.7101,1359304
2023-08-01 10:25:00,455.72,455.91,455.61,455.74,704517
2023-08-01 10:30:00,455.73,456.01,455.66,455.965,629777
2023-08-01 10:35:00,455.96,456.28,455.8898,456.15,677894
2023-08-01 10:40:00,456.15,456.37,456.1,456.18,557585
2023-08-01 10:45:00,456.195,456.5701,456.06,456.19,586709
2023-08-01 10:50:00,456.19,456.54,456.11,456.48,512067
2023-08-01 10:55:00,456.48,456.645,456.3,456.495,560633
2023-08-01 11:00:00,456.51,456.6,456.15,456.32,421936
2023-08-01 11:05:00,456.33,456.46,456.07,456.205,355049
2023-08-01 11:10:00,456.22,456.34,456.03,456.25,295252
2023-08-01 11:15:00,456.23,456.36,455.975,456.16,283789
2023-08-01 11:20:00,456.15,456.15,455.82,455.84,454076
2023-08-01 11:25:00,455.83,456.04,455.8,455.9,304469
2023-08-01 11:30:00,455.9,456.38,455.885,456.16,444482
2023-08-01 11:35:00,456.16,456.17,455.93,456.01,258306
2023-08-01 11:40:00,456.01,456.235,455.9689,456.065,227623
2023-08-01 11:45:00,456.065,456.13,455.82,455.85,287178
2023-08-01 11:50:00,455.83,456.055,455.8,456.055,290405
2023-08-01 11:55:00,456.05,456.255,455.97,456.15,247385
2023-08-01 12:00:00,456.145,456.19,456.0,456.19,400370
2023-08-01 12:05:00,456.195,456.21,455.955,456.03,199613
2023-08-01 12:10:00,456.03,456.15,455.895,456.115,283320
2023-08-01 12:15:00,456.12,456.255,456.045,456.18,230663
2023-08-01 12:20:00,456.171,456.27,455.89,455.915,276095
2023-08-01 12:25:00,455.91,455.945,455.75,455.92,286693
2023-08-01 12:30:00,455.925,455.925,455.62,455.63,538428
2023-08-01 12:35:00,455.63,456.02,455.49,455.94,628405
2023-08-01 12:40:00,455.935,456.0248,455.885,455.96,154374
2023-08-01 12:45:00,455.97,456.15,455.921,456.1,256466
2023-08-01 12:50:00,456.1099,456.15,455.96,455.9682,195078
2023-08-01 12:55:00,455.9692,456.17,455.92,456.145,278150
2023-08-01 13:00:00,456.15,456.47,456.14,456.4482,350637
2023-08-01 13:05:00,456.45,456.5,456.31,456.435,268879
2023-08-01 13:10:00,456.44,456.49,456.22,456.2599,303404
2023-08-01 13:15:00,456.25,456.32,456.19,456.29,148275
2023-08-01 13:20:00,456.2999,456.39,456.16,456.3,196483
2023-08-01 13:25:00,456.3,456.42,456.211,456.31,200974
2023-08-01 13:30:00,456.3179,456.41,456.25,456.265,212031
2023-08-01 13:35:00,456.28,456.29,456.1,456.16,247555
2023-08-01 13:40:00,456.169,456.2,455.975,456.11,313556
2023-08-01 13:45:00,456.1,456.225,456.02,456.16,230040
2023-08-01 13:50:00,456.16,456.33,456.1115,456.305,244528
2023-08-01 13:55:00,456.3,456.38,456.2605,456.3567,194190
2023-08-01 14:00:00,456.355,456.57,456.345,456.475,508729
2023-08-01 14:05:00,456.4788,456.685,456.455,456.57,503673
2023-08-01 14:10:00,456.57,456.64,456.445,456.53,244100
2023-08-01 14:15:00,456.535,456.73,456.455,456.7192,221296
2023-08-01 14:20:00,456.71,456.97,456.68,456.77,654184
2023-08-01 14:25:00,456.7683,456.825,456.67,456.81,281697
2023-08-01 14:30:00,456.8,456.84,456.415,456.63,509692
2023-08-01 14:35:00,456.63,456.71,456.515,456.7,207053
2023-08-01 14:40:00,456.7,456.85,456.681,456.7,207040
2023-08-01 14:45:00,456.69,456.805,456.63,456.7001,217655
2023-08-01 14:50:00,456.7,456.88,456.62,456.77,258302
2023-08-01 14:55:00,456.77,456.8,456.58,456.615,549783
2023-08-01 15:00:00,456.615,456.83,456.49,456.74,414125
2023-08-01 15:05:00,456.74,456.895,456.7,456.84,293906
2023-08-01 15:10:00,456.845,456.97,456.765,456.885,455940
2023-08-01 15:15:00,456.89,456.99,456.805,456.895,312768
2023-08-01 15:20:00,456.89,456.895,456.74,456.76,262391
2023-08-01 15:25:00,456.7689,456.84,456.625,456.6599,331086
2023-08-01 15:30:00,456.6599,456.7483,456.51,456.695,439673
2023-08-01 15:35:00,456.69,456.84,456.66,456.76,497105
2023-08-01 15:40:00,456.76,456.78,456.33,456.375,492928
2023-08-01 15:45:00,456.37,456.445,456.19,456.425,714510
2023-08-01 15:50:00,456.425,456.86,456.42,456.86,954961
2023-08-01 15:55:00,456.86,456.92,456.49,456.535,1157151
2023-08-01 16:00:00,456.54,456.6,456.41,456.465,2045016
2023-08-02 09:30:00,453.25,453.3901,453.1,453.34,738981
2023-08-02 09:35:00,453.33,453.35,452.34,452.53,1848914
2023-08-02 09:40:00,452.53,453.0377,452.36,452.81,1521217
2023-08-02 09:45:00,452.81,453.52,452.76,453.09,1460625
2023-08-02 09:50:00,453.09,453.2,452.84,452.885,798919
2023-08-02 09:55:00,452.89,453.02,452.64,452.755,1346498
2023-08-02 10:00:00,452.76,453.139,452.7,452.765,670960
2023-08-02 10:05:00,452.765,452.9999,452.63,452.7,746241
2023-08-02 10:10:00,452.705,452.7387,452.01,452.03,1677405
2023-08-02 10:15:00,452.025,452.285,451.815,451.86,1446472
2023-08-02 10:20:00,451.8612,451.96,451.6,451.85,1301390
2023-08-02 10:25:00,451.84,452.23,451.83,452.1912,1068033
2023-08-02 10:30:00,452.1901,452.35,451.925,452.1699,799170
2023-08-02 10:35:00,452.165,452.29,451.89,452.0,786991
2023-08-02 10:40:00,452.005,452.056,451.735,451.83,583822
2023-08-02 10:45:00,451.83,451.84,451.26,451.295,865031
2023-08-02 10:50:00,451.3,451.37,450.98,451.2266,1063935
2023-08-02 10:55:00,451.225,451.23,450.63,450.6499,1109666
2023-08-02 11:00:00,450.65,450.89,450.44,450.85,972355
2023-08-02 11:05:00,450.8499,451.02,450.67,450.94,965847
2023-08-02 11:10:00,450.94,451.135,450.69,451.1,862594
2023-08-02 11:15:00,451.1,451.21,450.98,451.0,785923
2023-08-02 11:20:00,451.0,451.0,450.53,450.6,727404
2023-08-02 11:25:00,450.6,451.145,450.525,451.08,1102947
2023-08-02 11:30:00,451.08,451.31,451.02,451.1689,740107
2023-08-02 11:35:00,451.17,451.405,451.02,451.37,637738
2023-08-02 11:40:00,451.365,451.67,451.18,451.1915,750647
2023-08-02 11:45:00,451.19,451.19,450.95,451.0888,418219
2023-08-02 11:50:00,451.09,451.28,450.69,450.73,726448
2023-08-02 11:55:00,450.73,450.88,450.5,450.59,520631
2023-08-02 12:00:00,450.59,450.7085,450.29,450.42,719263
2023-08-02 12:05:00,450.425,450.43,450.04,450.1795,634931
2023-08-02 12:10:00,450.17,450.32,450.02,450.12,658493
2023-08-02 12:15:00,450.12,450.52,449.98,450.43,985356
2023-08-02 12:20:00,450.435,450.67,450.3731,450.505,656248
2023-08-02 12:25:00,450.51,450.62,450.115,450.29,633738
2023-08-02 12:30:00,450.275,450.34,449.99,450.1186,514865
2023-08-02 12:35:00,450.11,450.68,450.075,450.5411,677807
2023-08-02 12:40:00,450.55,451.05,450.55,450.7,788533
2023-08-02 12:45:00,450.7,451.05,450.58,451.0,489769
2023-08-02 12:50:00,451.005,451.0964,450.85,450.86,310094
2023-08-02 12:55:00,450.8612,450.875,450.495,450.64,349755
2023-08-02 13:00:00,450.64,450.98,450.64,450.96,347196
2023-08-02 13:05:00,450.97,451.2,450.8883,451.01,542572
2023-08-02 13:10:00,451.01,451.14,450.83,451.1055,312539
2023-08-02 13:15:00,451.09,451.17,450.78,450.9215,428661
2023-08-02 13:20:00,450.93,451.04,450.82,450.8902,311721
2023-08-02 13:25:00,450.89,450.97,450.755,450.95,343627
2023-08-02 13:30:00,450.955,451.34,450.71,451.06,500802
2023-08-02 13:35:00,451.07,451.42,451.06,451.4,594492
2023-08-02 13:40:00,451.41,451.435,451.18,451.235,350475
2023-08-02 13:45:00,451.235,451.3,450.83,451.055,464577
2023-08-02 13:50:00,451.06,451.08,450.6509,450.86,385807
2023-08-02 13:55:00,450.83,450.83,450.505,450.61,334328
2023-08-02 14:00:00,450.6,450.74,450.455,450.6615,759138
2023-08-02 14:05:00,450.67,450.9,450.53,450.65,363395
2023-08-02 14:10:00,450.64,450.905,450.6,450.8,267753
2023-08-02 14:15:00,450.8,450.97,450.565,450.92,309629
2023-08-02 14:20:00,450.92,451.08,450.87,450.95,298619
2023-08-02 14:25:00,450.9519,450.975,450.7123,450.73,344828
2023-08-02 14:30:00,450.73,450.9199,450.615,450.75,348965
2023-08-02 14:35:00,450.76,450.925,450.57,450.6008,547907
2023-08-02 14:40:00,450.59,450.7,450.4809,450.555,513121
2023-08-02 14:45:00,450.555,450.565,450.2601,450.46,541111
2023-08-02 14:50:00,450.46,450.7,450.375,450.653,425993
2023-08-02 14:55:00,450.65,450.8,450.47,450.52,368515
2023-08-02 15:00:00,450.5088,450.77,450.445,450.695,329240
2023-08-02 15:05:00,450.705,450.9,450.62,450.7,366987
2023-08-02 15:10:00,450.69,450.7115,450.18,450.22,644446
2023-08-02 15:15:00,450.21,450.3741,450.0712,450.1,592349
2023-08-02 15:20:00,450.092,450.25,449.835,450.205,850678
2023-08-02 15:25:00,450.205,450.27,449.92,449.9201,609166
2023-08-02 15:30:00,449.92,449.93,449.3499,449.365,1250697
2023-08-02 15:35:00,449.37,449.75,449.35,449.67,927837
2023-08-02 15:40:00,449.68,449.9925,449.68,449.81,758420
2023-08-02 15:45:00,449.805,450.26,449.68,450.2392,1275049
2023-08-02 15:50:00,450.24,450.51,450.13,450.375,1761494
2023-08-02 15:55:00,450.38,450.63,450.04,450.11,1887060
2023-08-02 16:00:00,450.115,450.69,450.03,450.14,4605560
2023-08-03 09:30:00,448.04,448.45,448.04,448.31,677278
2023-08-03 09:35:00,448.3,448.428,447.63,448.315,1740823
2023-08-03 09:40:00,448.3,448.67,447.91,448.035,993287
2023-08-03 09:45:00,448.04,448.13,447.7,447.9,910572
2023-08-03 09:50:00,447.91,448.79,447.65,448.63,1003239
2023-08-03 09:55:00,448.64,449.0,448.415,448.71,689932
2023-08-03 10:00:00,448.68,449.12,448.49,448.91,796004
2023-08-03 10:05:00,448.9,449.3,448.67,448.88,1194872
2023-08-03 10:10:00,448.88,448.94,448.22,448.435,1056507
2023-08-03 10:15:00,448.44,448.755,448.27,448.285,627281
2023-08-03 10:20:00,448.3,448.605,448.16,448.5,600555
2023-08-03 10:25:00,448.49,448.49,447.845,447.95,1013874
2023-08-03 10:30:00,447.95,448.0295,447.37,447.54,1309675
2023-08-03 10:35:00,447.55,448.35,447.535,448.225,942173
2023-08-03 10:40:00,448.21,448.38,448.019,448.27,549094
2023-08-03 10:45:00,448.27,448.41,448.07,448.13,428194
2023-08-03 10:50:00,448.135,448.475,448.0918,448.2688,419553
2023-08-03 10:55:00,448.26,448.285,447.84,447.89,556389
2023-08-03 11:00:00,447.9,448.58,447.88,448.55,669197
2023-08-03 11:05:00,448.535,448.855,448.38,448.755,601715
2023-08-03 11:10:00,448.74,448.855,448.62,448.67,392663
2023-08-03 11:15:00,448.68,448.95,448.61,448.94,594457
2023-08-03 11:20:00,448.94,449.515,448.86,449.4,947077
2023-08-03 11:25:00,449.405,449.54,449.199,449.41,470925
2023-08-03 11:30:00,449.41,449.56,449.32,449.45,586661
2023-08-03 11:35:00,449.46,449.5,449.22,449.26,486083
2023-08-03 11:40:00,449.28,449.525,449.1605,449.315,478342
2023-08-03 11:45:00,449.29,449.53,449.09,449.14,488567
2023-08-03 11:50:00,449.14,449.51,449.115,449.49,327303
2023-08-03 11:55:00,449.49,449.87,449.475,449.66,699982
2023-08-03 12:00:00,449.665,449.71,449.13,449.14,555035
2023-08-03 12:05:00,449.14,449.425,449.1393,449.365,353084
2023-08-03 12:10:00,449.36,449.54,449.185,449.475,320074
2023-08-03 12:15:00,449.46,449.52,449.29,449.45,175593
2023-08-03 12:20:00,449.44,449.78,449.27,449.77,300611
2023-08-03 12:25:00,449.771,449.8,449.51,449.6974,305854
2023-08-03 12:30:00,449.7,449.82,449.495,449.755,249412
2023-08-03 12:35:00,449.75,449.83,449.665,449.8,294691
2023-08-03 12:40:00,449.79,450.03,449.72,450.0,370725
2023-08-03 12:45:00,449.99,450.545,449.94,450.54,710328
2023-08-03 12:50:00,450.55,450.74,450.4701,450.71,530840
2023-08-03 12:55:00,450.72,450.74,450.425,450.54,482644
2023-08-03 13:00:00,450.5501,450.67,450.35,450.575,342426
2023-08-03 13:05:00,450.585,450.68,450.34,450.445,507735
2023-08-03 13:10:00,450.45,450.5099,450.19,450.45,588389
2023-08-03 13:15:00,450.46,450.62,450.3691,450.4499,352745
2023-08-03 13:20:00,450.445,450.61,450.2401,450.57,498910
2023-08-03 13:25:00,450.57,450.73,450.55,450.615,369746
2023-08-03 13:30:00,450.62,450.79,450.405,450.54,474655
2023-08-03 13:35:00,450.55,450.565,450.035,450.09,478071
2023-08-03 13:40:00,450.1,450.39,450.06,450.1999,363750
2023-08-03 13:45:00,450.21,450.23,449.74,449.8394,421243
2023-08-03 13:50:00,449.84,450.0906,449.81,449.82,317977
2023-08-03 13:55:00,449.83,449.9999,449.69,449.72,285770
2023-08-03 14:00:00,449.72,449.75,449.43,449.51,629572
2023-08-03 14:05:00,449.505,449.65,449.2599,449.535,603811
2023-08-03 14:10:00,449.535,449.675,449.29,449.33,318080
2023-08-03 14:15:00,449.341,449.61,449.341,449.6,293858
2023-08-03 14:20:00,449.63,449.9,449.4701,449.79,291691
2023-08-03 14:25:00,449.804,450.04,449.75,449.895,323336
2023-08-03 14:30:00,449.905,450.004,449.675,449.7999,347756
2023-08-03 14:35:00,449.8,449.98,449.59,449.595,309222
2023-08-03 14:40:00,449.58,449.69,449.2801,449.69,376037
2023-08-03 14:45:00,449.659,449.96,449.58,449.915,316340
2023-08-03 14:50:00,449.92,449.99,449.6,449.665,259213
2023-08-03 14:55:00,449.66,450.12,449.5701,449.98,408302
2023-08-03 15:00:00,449.975,450.04,449.88,449.945,206212
2023-08-03 15:05:00,449.9276,449.995,449.64,449.64,379095
2023-08-03 15:10:00,449.65,449.7705,449.35,449.39,355107
2023-08-03 15:15:00,449.38,449.39,448.8,448.9266,605728
2023-08-03 15:20:00,448.92,449.25,448.775,449.07,493308
2023-08-03 15:25:00,449.05,449.44,449.04,449.32,488924
2023-08-03 15:30:00,449.31,449.41,449.17,449.35,463819
2023-08-03 15:35:00,449.35,449.5812,449.34,449.47,837405
2023-08-03 15:40:00,449.47,449.51,449.07,449.145,662126
2023-08-03 15:45:00,449.15,449.32,449.101,449.22,492917
2023-08-03 15:50:00,449.22,449.23,448.92,449.005,845904
2023-08-03 15:55:00,449.0,449.48,448.92,449.32,1056332
2023-08-03 16:00:00,449.31,449.65,448.79,448.84,3315933
2023-08-04 09:30:00,450.72,450.73,450.32,450.59,627203
2023-08-04 09:35:00,450.62,451.64,450.61,451.49,1451344
2023-08-04 09:40:00,451.495,451.79,451.47,451.69,1077610
2023-08-04 09:45:00,451.675,451.77,451.07,451.45,1009057
2023-08-04 09:50:00,451.44,451.87,451.29,451.37,792158
2023-08-04 09:55:00,451.38,451.42,450.47,450.62,971425
2023-08-04 10:00:00,450.62,450.63,450.09,450.235,731746
2023-08-04 10:05:00,450.22,450.34,449.21,449.28,1268311
2023-08-04 10:10:00,449.275,449.63,448.77,449.52,1010395
2023-08-04 10:15:00,449.53,449.74,449.1108,449.2,835522
2023-08-04 10:20:00,449.21,450.19,449.2,450.08,859536
2023-08-04 10:25:00,450.08,450.51,449.8,450.32,854511
2023-08-04 10:30:00,450.33,450.69,450.06,450.5699,824191
2023-08-04 10:35:00,450.57,451.1,450.56,450.985,1312851
2023-08-04 10:40:00,450.98,451.24,450.8096,451.115,674947
2023-08-04 10:45:00,451.115,451.265,450.87,451.14,458843
2023-08-04 10:50:00,451.14,451.23,450.87,450.87,473515
2023-08-04 10:55:00,450.865,451.395,450.77,451.31,600755
2023-08-04 11:00:00,451.31,451.4399,451.14,451.26,424387
2023-08-04 11:05:00,451.26,451.395,451.14,451.381,395813
2023-08-04 11:10:00,451.392,451.56,451.31,451.43,494721
2023-08-04 11:15:00,451.44,451.44,451.14,451.3,529630
2023-08-04 11:20:00,451.3,451.41,451.16,451.3493,318409
2023-08-04 11:25:00,451.341,451.48,451.25,451.4701,324899
2023-08-04 11:30:00,451.4772,451.62,451.42,451.59,449793
2023-08-04 11:35:00,451.59,451.59,451.341,451.44,347824
2023-08-04 11:40:00,451.44,451.55,451.1305,451.2399,547147
2023-08-04 11:45:00,451.23,451.8899,451.16,451.765,525138
2023-08-04 11:50:00,451.765,451.93,451.765,451.91,578252
2023-08-04 11:55:00,451.915,451.92,451.58,451.85,597120
2023-08-04 12:00:00,451.86,451.9,451.7,451.8499,384516
2023-08-04 12:05:00,451.845,451.93,451.77,451.825,375040
2023-08-04 12:10:00,451.825,451.825,451.52,451.59,332308
2023-08-04 12:15:00,451.61,451.905,451.5909,451.88,294458
2023-08-04 12:20:00,451.87,451.95,451.7,451.95,259467
2023-08-04 12:25:00,451.95,452.415,451.645,452.36,719581
2023-08-04 12:30:00,452.37,452.6025,452.335,452.485,713672
2023-08-04 12:35:00,452.485,452.485,452.25,452.29,435453
2023-08-04 12:40:00,452.29,452.56,452.2688,452.51,401890
2023-08-04 12:45:00,452.5001,452.895,452.46,452.8,496374
2023-08-04 12:50:00,452.795,452.81,452.66,452.715,368958
2023-08-04 12:55:00,452.71,452.89,452.6319,452.84,444178
2023-08-04 13:00:00,452.845,452.845,452.6701,452.725,364043
2023-08-04 13:05:00,452.725,452.75,452.23,452.255,520182
2023-08-04 13:10:00,452.259,452.305,452.1,452.135,418485
2023-08-04 13:15:00,452.14,452.32,452.1388,452.2101,307568
2023-08-04 13:20:00,452.219,452.2764,452.09,452.12,391044
2023-08-04 13:25:00,452.11,452.12,451.62,451.67,743263
2023-08-04 13:30:00,451.67,451.765,451.41,451.764,761258
2023-08-04 13:35:00,451.762,451.8471,451.5447,451.56,428054
2023-08-04 13:40:00,451.56,451.625,451.22,451.37,472756
2023-08-04 13:45:00,451.37,451.575,451.2717,451.51,389050
2023-08-04 13:50:00,451.5112,451.78,451.48,451.62,345919
2023-08-04 13:55:00,451.615,451.62,450.87,451.015,687355
2023-08-04 14:00:00,451.015,451.06,450.391,450.46,1053093
2023-08-04 14:05:00,450.46,450.48,449.24,449.31,1859765
2023-08-04 14:10:00,449.305,449.68,449.25,449.34,1414559
2023-08-04 14:15:00,449.32,449.9,449.27,449.485,1113865
2023-08-04 14:20:00,449.49,449.57,448.61,448.65,1105935
2023-08-04 14:25:00,448.65,448.79,447.91,447.93,1502862
2023-08-04 14:30:00,447.92,448.68,447.92,448.48,1184417
2023-08-04 14:35:00,448.46,448.47,447.79,447.925,1082414
2023-08-04 14:40:00,447.915,448.07,447.44,447.5901,1055007
2023-08-04 14:45:00,447.59,447.94,447.2,447.3578,1190872
2023-08-04 14:50:00,447.33,447.76,447.14,447.7,667893
2023-08-04 14:55:00,447.72,448.05,446.78,446.835,1443966
2023-08-04 15:00:00,446.83,447.46,446.76,447.43,835746
2023-08-04 15:05:00,447.42,447.54,446.93,446.95,867811
2023-08-04 15:10:00,446.95,447.14,446.67,446.88,856258
2023-08-04 15:15:00,446.88,447.71,446.87,447.67,864347
2023-08-04 15:20:00,447.64,447.72,447.06,447.3293,653435
2023-08-04 15:25:00,447.33,447.38,446.82,446.89,780193
2023-08-04 15:30:00,446.88,447.34,446.745,447.24,905800
2023-08-04 15:35:00,447.24,447.36,446.77,446.8099,821964
2023-08-04 15:40:00,446.81,446.99,446.42,446.535,1272666
2023-08-04 15:45:00,446.53,446.725,446.31,446.63,1491193
2023-08-04 15:50:00,446.62,446.7,446.27,446.3899,1686465
2023-08-04 15:55:00,446.39,446.84,446.31,446.37,2997733
2023-08-04 16:00:00,446.37,446.83,446.34,446.8,4983449
2023-08-07 09:30:00,448.71,449.33,448.57,449.31,893369
2023-08-07 09:35:00,449.31,449.49,449.1,449.45,1187598
2023-08-07 09:40:00,449.44,449.65,449.13,449.255,1078822
2023-08-07 09:45:00,449.25,449.305,448.28,448.714,955218
2023-08-07 09:50:00,448.71,448.72,448.2601,448.53,858397
2023-08-07 09:55:00,448.52,449.17,448.49,448.92,754434
2023-08-07 10:00:00,448.92,449.0,448.2,448.255,721253
2023-08-07 10:05:00,448.255,448.44,447.99,448.23,1027990
2023-08-07 10:10:00,448.23,449.285,448.23,449.06,957264
2023-08-07 10:15:00,449.065,449.23,448.825,449.1753,954756
2023-08-07 10:20:00,449.18,449.56,449.175,449.3,827281
2023-08-07 10:25:00,449.31,449.77,449.295,449.66,694331
2023-08-07 10:30:00,449.66,449.745,449.26,449.28,672728
2023-08-07 10:35:00,449.275,449.59,449.225,449.585,583017
2023-08-07 10:40:00,449.58,449.7975,449.56,449.79,683945
2023-08-07 10:45:00,449.79,449.9,449.255,449.42,737214
2023-08-07 10:50:00,449.42,449.58,449.2388,449.27,612916
2023-08-07 10:55:00,449.27,449.306,448.88,449.04,451709
2023-08-07 11:00:00,449.03,449.28,448.92,448.975,370111
2023-08-07 11:05:00,448.98,449.3,448.84,448.93,480576
2023-08-07 11:10:00,448.93,448.97,448.54,448.94,672315
2023-08-07 11:15:00,448.94,449.135,448.8799,449.08,401029
2023-08-07 11:20:00,449.085,449.14,448.35,448.565,502104
2023-08-07 11:25:00,448.55,448.91,448.43,448.65,308969
2023-08-07 11:30:00,448.65,448.9,448.48,448.63,377199
2023-08-07 11:35:00,448.635,448.71,448.25,448.71,535523
2023-08-07 11:40:00,448.71,449.01,448.57,448.97,550835
2023-08-07 11:45:00,448.97,449.03,448.72,448.9,378650
2023-08-07 11:50:00,448.9,449.07,448.81,449.035,194449
2023-08-07 11:55:00,449.035,449.54,449.03,449.48,420214
2023-08-07 12:00:00,449.48,449.63,449.37,449.4105,574641
2023-08-07 12:05:00,449.425,449.64,449.425,449.5494,295405
2023-08-07 12:10:00,449.5388,449.63,449.405,449.6201,315932
2023-08-07 12:15:00,449.63,449.63,449.33,449.35,312584
2023-08-07 12:20:00,449.35,449.46,449.24,449.3688,240946
2023-08-07 12:25:00,449.35,449.45,449.1,449.425,304621
2023-08-07 12:30:00,449.4273,449.68,449.395,449.51,238382
2023-08-07 12:35:00,449.5078,449.52,449.15,449.21,261846
2023-08-07 12:40:00,449.22,449.33,448.95,449.0299,240300
2023-08-07 12:45:00,449.022,449.2095,448.98,449.14,233776
2023-08-07 12:50:00,449.1527,449.46,449.03,449.44,236004
2023-08-07 12:55:00,449.44,449.815,449.335,449.5,371193
2023-08-07 13:00:00,449.495,449.76,449.4501,449.68,279117
2023-08-07 13:05:00,449.68,449.79,449.5801,449.7505,256281
2023-08-07 13:10:00,449.75,449.77,449.55,449.69,335788
2023-08-07 13:15:00,449.695,449.97,449.53,449.545,389128
2023-08-07 13:20:00,449.55,449.85,449.5499,449.845,323362
2023-08-07 13:25:00,449.84,449.92,449.68,449.795,249968
2023-08-07 13:30:00,449.8,449.825,449.52,449.59,245007
2023-08-07 13:35:00,449.59,449.77,449.53,449.77,230158
2023-08-07 13:40:00,449.76,449.87,449.56,449.865,222671
2023-08-07 13:45:00,449.8699,449.88,449.63,449.6601,213168
2023-08-07 13:50:00,449.66,450.145,449.48,449.91,455108
2023-08-07 13:55:00,449.93,450.04,449.8901,450.0,259894
2023-08-07 14:00:00,450.01,450.31,449.9,450.28,452354
2023-08-07 14:05:00,450.28,450.5,450.2,450.24,560858
2023-08-07 14:10:00,450.25,450.26,449.95,450.09,367497
2023-08-07 14:15:00,450.0901,450.135,449.84,449.92,238727
2023-08-07 14:20:00,449.948,450.075,449.845,450.065,225975
2023-08-07 14:25:00,450.065,450.11,449.59,449.6799,324301
2023-08-07 14:30:00,449.67,449.87,449.475,449.86,414215
2023-08-07 14:35:00,449.87,450.27,449.85,450.265,439370
2023-08-07 14:40:00,450.26,450.3,449.9826,450.065,298585
2023-08-07 14:45:00,450.065,450.115,449.89,450.015,285651
2023-08-07 14:50:00,450.01,450.1299,449.89,450.02,269831
2023-08-07 14:55:00,450.03,450.0995,449.87,450.08,181698
2023-08-07 15:00:00,450.08,450.25,449.985,450.235,260290
2023-08-07 15:05:00,450.235,450.395,450.19,450.26,287627
2023-08-07 15:10:00,450.26,450.33,450.025,450.13,286547
2023-08-07 15:15:00,450.135,450.14,449.79,449.82,318905
2023-08-07 15:20:00,449.83,450.0188,449.81,449.975,284013
2023-08-07 15:25:00,449.96,450.0499,449.82,449.88,251285
2023-08-07 15:30:00,449.87,449.96,449.67,449.72,460348
2023-08-07 15:35:00,449.72,450.04,449.62,449.99,556550
2023-08-07 15:40:00,449.99,450.18,449.88,450.15,759193
2023-08-07 15:45:00,450.14,450.21,449.865,449.94,795784
2023-08-07 15:50:00,449.94,450.2995,449.86,450.23,1001570
2023-08-07 15:55:00,450.23,450.63,450.14,450.615,1461729
2023-08-07 16:00:00,450.6198,450.865,450.55,450.7,3434743
2023-08-08 09:30:00,448.08,448.15,447.92,448.1,544501
2023-08-08 09:35:00,448.1,448.11,447.535,447.57,1304737
2023-08-08 09:40:00,447.56,447.67,447.27,447.4909,1109373
2023-08-08 09:45:00,447.49,447.63,446.73,446.78,1329441
2023-08-08 09:50:00,446.78,447.04,446.085,446.24,1336764
2023-08-08 09:55:00,446.235,446.78,446.195,446.55,1413726
2023-08-08 10:00:00,446.55,446.585,446.25,446.39,693692
2023-08-08 10:05:00,446.38,446.875,446.13,446.69,1030824
2023-08-08 10:10:00,446.69,446.785,446.22,446.26,918542
2023-08-08 10:15:00,446.26,446.39,445.57,445.625,1514769
2023-08-08 10:20:00,445.625,445.95,445.4,445.6701,1056614
2023-08-08 10:25:00,445.68,445.89,445.41,445.66,774704
2023-08-08 10:30:00,445.65,446.24,445.65,445.98,792788
2023-08-08 10:35:00,445.96,446.06,445.68,445.78,833406
2023-08-08 10:40:00,445.76,446.03,445.59,445.795,606930
2023-08-08 10:45:00,445.7912,446.39,445.77,446.21,670274
2023-08-08 10:50:00,446.22,446.23,445.73,446.15,611510
2023-08-08 10:55:00,446.145,446.19,445.67,445.74,557399
2023-08-08 11:00:00,445.75,445.79,445.51,445.525,563193
2023-08-08 11:05:00,445.53,445.57,445.2705,445.33,680418
2023-08-08 11:10:00,445.32,445.63,445.3,445.46,629266
2023-08-08 11:15:00,445.44,445.89,445.3701,445.83,497623
2023-08-08 11:20:00,445.8,446.08,445.67,446.07,695662
2023-08-08 11:25:00,446.08,446.1,445.835,445.87,595262
2023-08-08 11:30:00,445.84,446.29,445.77,446.205,598478
2023-08-08 11:35:00,446.21,446.225,445.91,445.95,544530
2023-08-08 11:40:00,445.9436,446.25,445.93,446.0918,269612
2023-08-08 11:45:00,446.095,446.12,445.6,445.82,520347
2023-08-08 11:50:00,445.81,445.95,445.6,445.76,392406
2023-08-08 11:55:00,445.74,445.91,445.52,445.5899,294400
2023-08-08 12:00:00,445.5734,445.84,445.57,445.825,369540
2023-08-08 12:05:00,445.825,446.245,445.82,446.22,550808
2023-08-08 12:10:00,446.22,446.35,446.16,446.315,647888
2023-08-08 12:15:00,446.319,446.51,446.27,446.45,400778
2023-08-08 12:20:00,446.45,446.63,446.35,446.495,404286
2023-08-08 12:25:00,446.5,446.575,446.315,446.515,382428
2023-08-08 12:30:00,446.515,446.56,446.405,446.54,252295
2023-08-08 12:35:00,446.54,446.955,446.495,446.91,529951
2023-08-08 12:40:00,446.9,446.93,446.55,446.71,509490
2023-08-08 12:45:00,446.7,446.75,446.27,446.34,433952
2023-08-08 12:50:00,446.34,446.5364,446.28,446.43,310733
2023-08-08 12:55:00,446.425,446.51,446.23,446.49,223354
2023-08-08 13:00:00,446.51,446.695,446.35,446.635,480593
2023-08-08 13:05:00,446.63,447.02,446.63,446.78,478558
2023-08-08 13:10:00,446.77,446.88,446.605,446.7,308415
2023-08-08 13:15:00,446.7,447.17,446.585,447.16,485410
2023-08-08 13:20:00,447.16,447.4081,447.1,447.185,756241
2023-08-08 13:25:00,447.19,447.31,446.63,446.719,638628
2023-08-08 13:30:00,446.72,447.13,446.675,447.1205,260303
2023-08-08 13:35:00,447.12,447.195,446.645,446.7,314769
2023-08-08 13:40:00,446.7,447.29,446.55,447.2342,495104
2023-08-08 13:45:00,447.23,447.285,447.07,447.215,437125
2023-08-08 13:50:00,447.21,447.21,446.915,447.06,292772
2023-08-08 13:55:00,447.05,447.37,446.99,447.285,530509
2023-08-08 14:00:00,447.28,447.33,447.09,447.18,267466
2023-08-08 14:05:00,447.19,447.32,446.9431,446.97,276413
2023-08-08 14:10:00,446.96,447.24,446.94,447.115,267500
2023-08-08 14:15:00,447.115,447.66,447.01,447.625,611912
2023-08-08 14:20:00,447.63,447.965,447.56,447.925,756851
2023-08-08 14:25:00,447.935,447.955,447.66,447.6901,508233
2023-08-08 14:30:00,447.698,447.8001,447.52,447.75,394127
2023-08-08 14:35:00,447.75,447.87,447.6,447.75,367146
2023-08-08 14:40:00,447.73,447.8,447.56,447.66,307037
2023-08-08 14:45:00,447.66,447.685,447.44,447.57,400187
2023-08-08 14:50:00,447.561,447.7312,447.435,447.66,365067
2023-08-08 14:55:00,447.67,447.95,447.63,447.94,267515
2023-08-08 15:00:00,447.94,448.57,447.91,448.28,1126752
2023-08-08 15:05:00,448.28,448.56,448.15,448.455,492606
2023-08-08 15:10:00,448.45,448.59,448.26,448.31,438311
2023-08-08 15:15:00,448.32,448.48,448.27,448.4797,407707
2023-08-08 15:20:00,448.48,448.49,448.19,448.315,543024
2023-08-08 15:25:00,448.32,448.74,448.3134,448.65,591021
2023-08-08 15:30:00,448.65,448.79,448.4,448.48,582009
2023-08-08 15:35:00,448.47,448.54,448.19,448.25,665268
2023-08-08 15:40:00,448.245,448.71,448.245,448.695,706776
2023-08-08 15:45:00,448.69,449.19,448.6,449.135,1386690
2023-08-08 15:50:00,449.145,449.23,448.92,449.19,1385346
2023-08-08 15:55:00,449.195,449.2,448.68,448.96,1258949
2023-08-08 16:00:00,448.97,449.05,448.74,448.75,2248905
2023-08-09 09:30:00,449.03,449.1999,448.78,448.8,364345
2023-08-09 09:35:00,448.81,449.1,448.55,448.71,1033996
2023-08-09 09:40:00,448.7,448.79,448.23,448.54,712451
2023-08-09 09:45:00,448.559,448.72,448.0801,448.4895,648688
2023-08-09 09:50:00,448.48,448.62,448.16,448.22,491852
2023-08-09 09:55:00,448.21,448.33,448.03,448.14,632933
2023-08-09 10:00:00,448.15,448.6,448.11,448.59,437870
2023-08-09 10:05:00,448.595,448.805,448.39,448.39,557224
2023-08-09 10:10:00,448.39,448.52,448.111,448.37,531696
2023-08-09 10:15:00,448.36,448.4101,448.13,448.38,440026
2023-08-09 10:20:00,448.372,448.57,448.05,448.065,588725
2023-08-09 10:25:00,448.06,448.315,448.035,448.19,574593
2023-08-09 10:30:00,448.19,448.6299,448.14,448.54,434089
2023-08-09 10:35:00,448.53,448.56,448.1022,448.3896,443625
2023-08-09 10:40:00,448.38,448.66,448.325,448.35,378913
2023-08-09 10:45:00,448.36,448.55,448.245,448.41,300652
2023-08-09 10:50:00,448.42,448.505,448.045,448.1801,484411
2023-08-09 10:55:00,448.2,448.205,447.54,447.64,1028674
2023-08-09 11:00:00,447.65,447.71,447.26,447.35,916379
2023-08-09 11:05:00,447.35,447.7,447.27,447.6401,713352
2023-08-09 11:10:00,447.64,447.69,447.4193,447.4907,414640
2023-08-09 11:15:00,447.4786,447.515,446.77,446.789,831354
2023-08-09 11:20:00,446.785,446.792,446.1634,446.24,1010664
2023-08-09 11:25:00,446.25,446.32,445.875,445.975,1010504
2023-08-09 11:30:00,445.975,446.16,445.74,445.84,949814
2023-08-09 11:35:00,445.84,446.3999,445.71,446.3501,1001152
2023-08-09 11:40:00,446.35,446.39,446.07,446.135,480525
2023-08-09 11:45:00,446.14,446.22,445.94,445.98,539346
2023-08-09 11:50:00,445.98,446.025,445.48,445.51,572444
2023-08-09 11:55:00,445.51,445.585,445.175,445.31,833045
2023-08-09 12:00:00,445.3,445.54,444.96,445.47,948877
2023-08-09 12:05:00,445.47,445.73,445.415,445.68,503770
2023-08-09 12:10:00,445.66,446.13,445.61,445.85,573804
2023-08-09 12:15:00,445.8488,446.1,445.67,446.04,484136
2023-08-09 12:20:00,446.04,446.14,445.62,445.65,472038
2023-08-09 12:25:00,445.64,445.93,445.52,445.8499,362062
2023-08-09 12:30:00,445.8577,446.205,445.8577,446.06,375285
2023-08-09 12:35:00,446.0678,446.56,446.03,446.38,680576
2023-08-09 12:40:00,446.38,446.515,446.225,446.24,360418
2023-08-09 12:45:00,446.2388,446.5,446.0894,446.2604,406420
2023-08-09 12:50:00,446.26,446.64,446.21,446.41,360535
2023-08-09 12:55:00,446.41,446.59,446.36,446.57,350959
2023-08-09 13:00:00,446.565,446.63,446.05,446.15,440566
2023-08-09 13:05:00,446.155,446.93,446.155,446.93,484068
2023-08-09 13:10:00,446.93,447.15,446.855,447.09,699253
2023-08-09 13:15:00,447.095,447.56,447.02,447.41,890636
2023-08-09 13:20:00,447.4088,447.48,447.325,447.415,670573
2023-08-09 13:25:00,447.4101,447.475,447.26,447.33,532940
2023-08-09 13:30:00,447.335,447.7,447.32,447.69,339685
2023-08-09 13:35:00,447.69,447.72,447.475,447.63,480575
2023-08-09 13:40:00,447.62,447.8,447.58,447.75,304724
2023-08-09 13:45:00,447.74,447.86,447.575,447.69,398918
2023-08-09 13:50:00,447.7,447.8,447.3628,447.4814,453450
2023-08-09 13:55:00,447.48,447.615,447.42,447.5799,327116
2023-08-09 14:00:00,447.58,447.75,447.36,447.42,412673
2023-08-09 14:05:00,447.4028,447.885,447.385,447.7683,452438
2023-08-09 14:10:00,447.785,448.02,447.75,447.9501,379508
2023-08-09 14:15:00,447.96,448.365,447.915,448.3499,625513
2023-08-09 14:20:00,448.35,448.58,448.24,448.4799,809850
2023-08-09 14:25:00,448.475,448.53,448.195,448.44,580396
2023-08-09 14:30:00,448.44,448.81,448.4,448.7837,511010
2023-08-09 14:35:00,448.79,448.8864,448.51,448.72,807171
2023-08-09 14:40:00,448.73,448.734,448.54,448.6054,334348
2023-08-09 14:45:00,448.61,448.6799,448.36,448.4,482307
2023-08-09 14:50:00,448.41,448.69,448.325,448.42,502699
2023-08-09 14:55:00,448.42,448.5001,448.15,448.415,471809
2023-08-09 15:00:00,448.425,448.53,448.09,448.16,590780
2023-08-09 15:05:00,448.16,448.28,448.015,448.07,422386
2023-08-09 15:10:00,448.06,448.135,447.445,447.51,1074449
2023-08-09 15:15:00,447.505,447.79,447.43,447.6399,797694
2023-08-09 15:20:00,447.63,447.804,447.51,447.79,493246
2023-08-09 15:25:00,447.785,448.15,447.735,448.09,599666
2023-08-09 15:30:00,448.08,448.13,447.665,447.8,627562
2023-08-09 15:35:00,447.81,447.86,447.45,447.58,753079
2023-08-09 15:40:00,447.59,447.72,447.165,447.295,1052132
2023-08-09 15:45:00,447.2901,447.32,446.77,446.81,1222291
2023-08-09 15:50:00,446.81,446.81,445.81,446.255,3279994
2023-08-09 15:55:00,446.255,446.33,445.49,445.595,3236236
2023-08-09 16:00:00,445.6,446.0,445.43,445.75,5862560
2023-08-10 09:30:00,448.19,448.35,447.99,448.34,468490
2023-08-10 09:35:00,448.35,449.65,448.315,449.5599,1244963
2023-08-10 09:40:00,449.55,449.99,449.31,449.92,1474084
2023-08-10 09:45:00,449.92,450.15,449.34,450.13,1075292
2023-08-10 09:50:00,450.14,450.66,450.06,450.4,1275105
2023-08-10 09:55:00,450.39,450.82,450.23,450.62,1122310
2023-08-10 10:00:00,450.64,451.565,450.581,451.45,1482364
2023-08-10 10:05:00,451.45,451.7,451.27,451.32,1271517
2023-08-10 10:10:00,451.32,451.575,451.12,451.21,1129593
2023-08-10 10:15:00,451.21,451.44,450.97,451.23,996113
2023-08-10 10:20:00,451.23,451.435,450.8,450.8599,825193
2023-08-10 10:25:00,450.84,451.1694,450.635,451.0,916786
2023-08-10 10:30:00,451.01,451.2,450.55,451.17,876289
2023-08-10 10:35:00,451.19,451.31,450.785,451.125,913930
2023-08-10 10:40:00,451.12,451.17,450.075,450.185,1118483
2023-08-10 10:45:00,450.18,450.255,448.83,448.97,1525165
2023-08-10 10:50:00,448.96,449.6293,448.72,449.05,1517337
2023-08-10 10:55:00,449.05,449.88,448.875,449.86,864706
2023-08-10 11:00:00,449.89,449.96,449.105,449.115,616127
2023-08-10 11:05:00,449.13,449.15,448.27,448.7,1251806
2023-08-10 11:10:00,448.69,449.17,448.63,448.81,899414
2023-08-10 11:15:00,448.8196,449.19,448.35,448.52,629922
2023-08-10 11:20:00,448.52,448.78,447.9979,448.04,673216
2023-08-10 11:25:00,448.02,448.68,447.97,448.6399,894617
2023-08-10 11:30:00,448.62,448.87,448.525,448.84,664880
2023-08-10 11:35:00,448.83,449.3901,448.66,449.36,721413
2023-08-10 11:40:00,449.36,449.47,449.06,449.165,712613
2023-08-10 11:45:00,449.17,449.195,447.82,447.825,872378
2023-08-10 11:50:00,447.81,448.03,447.27,447.35,1096852
2023-08-10 11:55:00,447.35,447.361,446.8611,447.06,1387372
2023-08-10 12:00:00,447.03,447.68,446.97,447.459,933230
2023-08-10 12:05:00,447.469,447.76,447.16,447.71,489399
2023-08-10 12:10:00,447.71,447.76,447.16,447.27,750614
2023-08-10 12:15:00,447.28,447.445,446.87,446.89,609491
2023-08-10 12:20:00,446.9,447.32,446.825,447.21,661664
2023-08-10 12:25:00,447.22,447.245,446.51,446.5299,767097
2023-08-10 12:30:00,446.52,446.95,446.15,446.93,1010189
2023-08-10 12:35:00,446.94,447.1,446.8,446.905,505632
2023-08-10 12:40:00,446.91,447.63,446.73,447.42,891053
2023-08-10 12:45:00,447.43,447.76,447.19,447.71,349135
2023-08-10 12:50:00,447.7,447.95,447.59,447.73,518838
2023-08-10 12:55:00,447.73,447.755,446.78,446.8,726503
2023-08-10 13:00:00,446.7925,446.97,445.94,446.51,1132726
2023-08-10 13:05:00,446.51,446.78,446.06,446.78,720453
2023-08-10 13:10:00,446.7799,446.79,446.415,446.59,490162
2023-08-10 13:15:00,446.595,446.825,446.38,446.5,379487
2023-08-10 13:20:00,446.5,446.76,446.27,446.3299,639293
2023-08-10 13:25:00,446.3206,446.34,445.73,445.97,569281
2023-08-10 13:30:00,445.97,446.26,445.765,445.9,662322
2023-08-10 13:35:00,445.89,446.13,445.64,445.93,771406
2023-08-10 13:40:00,445.92,445.961,445.64,445.75,468145
2023-08-10 13:45:00,445.74,445.79,445.1,445.7491,968072
2023-08-10 13:50:00,445.74,446.26,445.735,446.03,767981
2023-08-10 13:55:00,446.02,446.22,445.22,445.22,740915
2023-08-10 14:00:00,445.21,445.29,444.7,444.9993,1484220
2023-08-10 14:05:00,444.99,445.73,444.9,445.67,807914
2023-08-10 14:10:00,445.67,446.4,445.66,446.33,720564
2023-08-10 14:15:00,446.35,447.045,445.9514,446.85,962852
2023-08-10 14:20:00,446.85,446.995,446.31,446.38,643300
2023-08-10 14:25:00,446.3888,446.85,446.388,446.7099,378466
2023-08-10 14:30:00,446.68,446.85,446.27,446.69,391579
2023-08-10 14:35:00,446.68,446.72,446.059,446.115,567508
2023-08-10 14:40:00,446.11,446.51,445.91,446.02,657806
2023-08-10 14:45:00,446.02,446.47,445.89,446.4,449713
2023-08-10 14:50:00,446.39,447.125,446.1,447.05,711558
2023-08-10 14:55:00,447.04,447.33,446.9,447.22,833194
2023-08-10 15:00:00,447.25,447.48,446.98,447.05,605354
2023-08-10 15:05:00,447.06,447.06,446.4737,446.77,575302
2023-08-10 15:10:00,446.78,447.24,446.62,447.12,440583
2023-08-10 15:15:00,447.105,447.2755,446.85,447.2755,567315
2023-08-10 15:20:00,447.275,447.35,446.76,446.85,436232
2023-08-10 15:25:00,446.85,447.2,446.3,446.46,704596
2023-08-10 15:30:00,446.45,446.54,445.87,445.99,939603
2023-08-10 15:35:00,446.0,446.14,445.54,445.605,1051449
2023-08-10 15:40:00,445.605,445.9,445.43,445.51,1303511
2023-08-10 15:45:00,445.51,445.69,445.025,445.11,1504297
2023-08-10 15:50:00,445.11,446.01,445.09,445.8499,2013979
2023-08-10 15:55:00,445.85,446.12,445.67,445.92,1514516
2023-08-10 16:00:00,445.93,446.14,445.78,445.93,2962155
2023-08-11 09:30:00,443.97,444.16,443.74,443.779,404516
2023-08-11 09:35:00,443.76,444.4,443.345,444.31,1302577
2023-08-11 09:40:00,444.29,444.64,443.86,443.91,932743
2023-08-11 09:45:00,443.9151,444.12,443.5601,443.73,824514
2023-08-11 09:50:00,443.71,444.13,443.5,443.97,503641
2023-08-11 09:55:00,443.94,444.27,443.6999,444.07,650358
2023-08-11 10:00:00,444.08,445.1,444.02,444.81,1003526
2023-08-11 10:05:00,444.81,445.47,444.69,445.3429,1417925
2023-08-11 10:10:00,445.36,445.36,444.61,444.65,862220
2023-08-11 10:15:00,444.638,445.76,444.57,445.72,1006150
2023-08-11 10:20:00,445.71,446.36,445.55,446.325,1355547
2023-08-11 10:25:00,446.305,446.67,446.1,446.16,1084751
2023-08-11 10:30:00,446.17,446.27,445.95,446.115,754042
2023-08-11 10:35:00,446.11,446.2601,445.52,445.6899,551959
2023-08-11 10:40:00,445.69,446.7007,445.5899,446.635,822674
2023-08-11 10:45:00,446.65,446.65,446.02,446.13,734439
2023-08-11 10:50:00,446.15,446.305,445.585,445.585,530504
2023-08-11 10:55:00,445.59,445.68,445.215,445.555,694982
2023-08-11 11:00:00,445.55,445.55,445.18,445.5,425655
2023-08-11 11:05:00,445.5,445.64,445.3,445.36,331646
2023-08-11 11:10:00,445.3533,445.4272,444.85,444.855,389642
2023-08-11 11:15:00,444.85,444.93,444.53,444.56,506260
2023-08-11 11:20:00,444.565,444.93,444.45,444.91,757622
2023-08-11 11:25:00,444.9025,444.99,444.439,444.54,497344
2023-08-11 11:30:00,444.54,444.83,444.47,444.8,608942
2023-08-11 11:35:00,444.78,444.8,444.31,444.55,567205
2023-08-11 11:40:00,444.54,444.9582,444.44,444.54,566882
2023-08-11 11:45:00,444.53,444.91,444.41,444.74,445168
2023-08-11 11:50:00,444.73,444.78,444.455,444.485,340126
2023-08-11 11:55:00,444.48,444.66,444.38,444.51,456342
2023-08-11 12:00:00,444.51,445.56,444.46,445.41,859495
2023-08-11 12:05:00,445.42,445.71,445.13,445.665,420870
2023-08-11 12:10:00,445.66,445.78,445.33,445.42,420677
2023-08-11 12:15:00,445.42,445.92,445.26,445.74,556603
2023-08-11 12:20:00,445.73,445.84,445.48,445.53,472629
2023-08-11 12:25:00,445.53,445.62,445.0,445.02,379561
2023-08-11 12:30:00,445.035,445.295,444.72,445.23,555530
2023-08-11 12:35:00,445.23,445.415,445.031,445.08,276731
2023-08-11 12:40:00,445.0589,445.165,444.79,444.86,438442
2023-08-11 12:45:00,444.855,444.9195,444.61,444.6999,297422
2023-08-11 12:50:00,444.695,444.76,444.48,444.5499,352303
2023-08-11 12:55:00,444.55,444.81,444.54,444.72,330884
2023-08-11 13:00:00,444.715,444.87,444.48,444.84,353988
2023-08-11 13:05:00,444.848,445.13,444.58,444.58,420825
2023-08-11 13:10:00,444.57,444.745,444.44,444.605,518104
2023-08-11 13:15:00,444.62,444.8002,444.54,444.64,391702
2023-08-11 13:20:00,444.65,445.035,444.65,445.0,314503
2023-08-11 13:25:00,445.015,445.1,444.82,445.1,257739
2023-08-11 13:30:00,445.1,445.545,445.1,445.46,486188
2023-08-11 13:35:00,445.49,445.57,445.3,445.4208,425501
2023-08-11 13:40:00,445.428,445.48,445.07,445.275,484197
2023-08-11 13:45:00,445.27,445.27,444.73,444.79,482428
2023-08-11 13:50:00,444.78,444.9,444.52,444.67,507060
2023-08-11 13:55:00,444.67,444.77,444.48,444.56,364424
2023-08-11 14:00:00,444.5612,445.085,444.445,445.035,598180
2023-08-11 14:05:00,445.035,445.335,444.98,445.325,473988
2023-08-11 14:10:00,445.33,445.485,445.08,445.155,536413
2023-08-11 14:15:00,445.16,445.32,444.99,445.22,344916
2023-08-11 14:20:00,445.21,445.54,445.1,445.24,404052
2023-08-11 14:25:00,445.235,445.94,445.12,445.8,784594
2023-08-11 14:30:00,445.79,445.96,445.645,445.91,553104
2023-08-11 14:35:00,445.92,446.24,445.425,445.43,814971
2023-08-11 14:40:00,445.42,446.05,445.39,445.8874,476231
2023-08-11 14:45:00,445.88,445.98,445.62,445.8199,361359
2023-08-11 14:50:00,445.81,446.09,445.78,445.985,285160
2023-08-11 14:55:00,445.96,446.14,445.84,446.13,371642
2023-08-11 15:00:00,446.125,446.22,445.81,445.86,437839
2023-08-11 15:05:00,445.85,445.96,445.555,445.69,523256
2023-08-11 15:10:00,445.69,445.825,445.1699,445.285,678673
2023-08-11 15:15:00,445.29,445.6,445.25,445.53,498579
2023-08-11 15:20:00,445.53,445.84,445.4501,445.67,348392
2023-08-11 15:25:00,445.67,446.13,445.5201,446.0803,479192
2023-08-11 15:30:00,446.08,446.13,445.77,445.835,465788
2023-08-11 15:35:00,445.84,446.16,445.83,445.89,639350
2023-08-11 15:40:00,445.89,445.9,445.36,445.46,808566
2023-08-11 15:45:00,445.455,445.78,445.415,445.51,712191
2023-08-11 15:50:00,445.502,445.64,445.22,445.24,1150202
2023-08-11 15:55:00,445.235,445.685,445.05,445.185,1609554
2023-08-11 16:00:00,445.19,445.77,444.99,445.58,4474984
2023-08-14 09:30:00,444.7,444.98,444.64,444.76,412547
2023-08-14 09:35:00,444.77,444.99,444.455,444.82,861203
2023-08-14 09:40:00,444.81,445.19,444.45,445.18,672474
2023-08-14 09:45:00,445.18,445.25,444.86,445.18,834994
2023-08-14 09:50:00,445.17,445.22,444.38,444.7801,814356
2023-08-14 09:55:00,444.78,445.2962,444.7,444.89,660229
2023-08-14 10:00:00,444.89,445.22,444.78,445.01,526271
2023-08-14 10:05:00,445.0,445.46,444.9306,445.33,496165
2023-08-14 10:10:00,445.3101,445.79,445.3101,445.63,746861
2023-08-14 10:15:00,445.62,446.19,445.595,446.03,932776
2023-08-14 10:20:00,446.02,446.1,445.86,445.88,487080
2023-08-14 10:25:00,445.88,446.38,445.84,446.3006,463179
2023-08-14 10:30:00,446.3001,446.35,445.75,446.02,495876
2023-08-14 10:35:00,446.0,446.55,445.8318,446.505,705279
2023-08-14 10:40:00,446.49,446.89,446.47,446.78,1037153
2023-08-14 10:45:00,446.79,447.03,446.695,446.85,551366
2023-08-14 10:50:00,446.86,447.18,446.83,447.14,499526
2023-08-14 10:55:00,447.135,447.6,447.105,447.5,1018271
2023-08-14 11:00:00,447.5,447.505,447.06,447.18,548918
2023-08-14 11:05:00,447.2,447.23,446.8647,446.87,270156
2023-08-14 11:10:00,446.88,447.0,446.7,446.7801,464277
2023-08-14 11:15:00,446.7812,446.89,446.57,446.82,521565
2023-08-14 11:20:00,446.825,446.88,446.65,446.74,281733
2023-08-14 11:25:00,446.76,447.02,446.71,446.8,352141
2023-08-14 11:30:00,446.79,447.2401,446.72,447.17,345696
2023-08-14 11:35:00,447.155,447.19,446.77,446.97,363127
2023-08-14 11:40:00,446.97,447.16,446.85,447.13,274203
2023-08-14 11:45:00,447.13,447.41,447.09,447.285,373505
2023-08-14 11:50:00,447.27,447.76,447.27,447.75,419253
2023-08-14 11:55:00,447.75,447.76,447.39,447.5269,436918
2023-08-14 12:00:00,447.4919,447.5391,447.04,447.175,451516
2023-08-14 12:05:00,447.2,447.315,447.13,447.23,217391
2023-08-14 12:10:00,447.23,447.46,447.02,447.1001,259254
2023-08-14 12:15:00,447.11,447.15,446.785,446.81,244925
2023-08-14 12:20:00,446.82,446.95,446.5,446.83,338072
2023-08-14 12:25:00,446.83,446.93,446.37,446.59,352595
2023-08-14 12:30:00,446.57,446.78,446.515,446.56,255096
2023-08-14 12:35:00,446.56,446.91,446.42,446.48,258332
2023-08-14 12:40:00,446.485,446.81,446.475,446.795,178138
2023-08-14 12:45:00,446.8,447.14,446.7,447.03,380561
2023-08-14 12:50:00,447.02,447.3,446.91,447.28,249433
2023-08-14 12:55:00,447.27,447.3,447.0,447.04,279965
2023-08-14 13:00:00,447.045,447.24,446.97,447.22,177698
2023-08-14 13:05:00,447.22,447.33,447.18,447.31,159375
2023-08-14 13:10:00,447.3,447.49,447.23,447.37,263495
2023-08-14 13:15:00,447.365,447.465,447.27,447.4121,257401
2023-08-14 13:20:00,447.42,447.61,447.39,447.5,256328
2023-08-14 13:25:00,447.51,447.65,447.19,447.36,441863
2023-08-14 13:30:00,447.3512,447.505,447.14,447.495,258566
2023-08-14 13:35:00,447.5,447.505,447.005,447.17,344851
2023-08-14 13:40:00,447.18,447.29,447.06,447.215,210446
2023-08-14 13:45:00,447.21,447.315,447.09,447.105,184027
2023-08-14 13:50:00,447.105,447.15,446.93,446.977,221563
2023-08-14 13:55:00,446.99,447.03,446.74,446.89,296640
2023-08-14 14:00:00,446.89,447.15,446.81,446.939,314094
2023-08-14 14:05:00,446.92,447.115,446.86,447.09,286198
2023-08-14 14:10:00,447.1,447.195,446.4919,446.705,468075
2023-08-14 14:15:00,446.7,446.96,446.61,446.68,351663
2023-08-14 14:20:00,446.67,446.7101,446.5,446.675,294200
2023-08-14 14:25:00,446.675,446.88,446.67,446.74,191937
2023-08-14 14:30:00,446.78,446.86,446.59,446.7132,283678
2023-08-14 14:35:00,446.7299,446.91,446.3,446.75,425680
2023-08-14 14:40:00,446.77,446.8596,446.51,446.63,291833
2023-08-14 14:45:00,446.625,446.79,446.41,446.48,277539
2023-08-14 14:50:00,446.49,446.79,446.43,446.68,208619
2023-08-14 14:55:00,446.7,447.0,446.67,446.82,551160
2023-08-14 15:00:00,446.83,446.87,446.635,446.69,261998
2023-08-14 15:05:00,446.695,446.96,446.66,446.88,264791
2023-08-14 15:10:00,446.87,446.92,446.49,446.6,365003
2023-08-14 15:15:00,446.62,446.96,446.541,446.89,375216
2023-08-14 15:20:00,446.89,447.15,446.7287,447.12,290980
2023-08-14 15:25:00,447.12,447.17,446.96,446.9619,263871
2023-08-14 15:30:00,446.95,446.95,446.75,446.865,307348
2023-08-14 15:35:00,446.86,447.05,446.71,446.995,416929
2023-08-14 15:40:00,446.99,447.28,446.9817,447.26,626654
2023-08-14 15:45:00,447.27,447.55,447.17,447.48,753705
2023-08-14 15:50:00,447.49,447.49,447.19,447.22,778579
2023-08-14 15:55:00,447.23,447.51,447.07,447.49,1231121
2023-08-14 16:00:00,447.49,448.11,447.48,448.09,2891971
2023-08-15 09:30:00,446.27,446.6,446.21,446.39,658531
2023-08-15 09:35:00,446.41,446.64,446.0,446.07,1310685
2023-08-15 09:40:00,446.05,446.49,445.92,446.11,795413
2023-08-15 09:45:00,446.11,446.16,445.28,445.36,1116374
2023-08-15 09:50:00,445.36,445.54,445.0,445.37,850155
2023-08-15 09:55:00,445.365,445.805,445.3,445.335,1011592
2023-08-15 10:00:00,445.37,445.585,444.91,445.1,625375
2023-08-15 10:05:00,445.08,445.2,444.1,444.39,1079582
2023-08-15 10:10:00,444.385,444.41,443.81,444.125,1238348
2023-08-15 10:15:00,444.125,444.4,443.96,444.14,1263974
2023-08-15 10:20:00,444.14,444.32,443.97,444.24,546545
2023-08-15 10:25:00,444.23,444.58,443.7101,443.86,1007381
2023-08-15 10:30:00,443.87,444.13,443.755,443.78,884135
2023-08-15 10:35:00,443.77,443.883,443.47,443.64,1054436
2023-08-15 10:40:00,443.62,444.04,443.47,443.78,883957
2023-08-15 10:45:00,443.795,444.3708,443.76,444.3115,693956
2023-08-15 10:50:00,444.315,444.575,444.1601,444.305,731457
2023-08-15 10:55:00,444.32,444.36,444.04,444.17,415428
2023-08-15 11:00:00,444.16,444.28,443.93,444.2,585959
2023-08-15 11:05:00,444.19,444.745,444.08,444.59,662081
2023-08-15 11:10:00,444.58,445.02,444.52,444.81,499527
2023-08-15 11:15:00,444.82,444.97,444.66,444.66,569896
2023-08-15 11:20:00,444.67,444.91,444.62,444.67,306796
2023-08-15 11:25:00,444.68,444.735,444.31,444.435,395251
2023-08-15 11:30:00,444.43,444.98,444.22,444.805,455067
2023-08-15 11:35:00,444.805,445.135,444.721,445.055,414671
2023-08-15 11:40:00,445.05,445.18,444.93,444.93,482519
2023-08-15 11:45:00,444.93,445.1897,444.71,444.79,488671
2023-08-15 11:50:00,444.795,444.93,444.625,444.88,299429
2023-08-15 11:55:00,444.875,445.04,444.8,445.015,319311
2023-08-15 12:00:00,445.015,445.35,444.845,445.285,418114
2023-08-15 12:05:00,445.27,445.32,444.86,444.91,508717
2023-08-15 12:10:00,444.91,444.95,444.32,444.395,613699
2023-08-15 12:15:00,444.4,444.6702,444.2127,444.34,491239
2023-08-15 12:20:00,444.332,444.79,444.24,444.76,538652
2023-08-15 12:25:00,444.75,444.89,444.625,444.72,311254
2023-08-15 12:30:00,444.7,444.785,444.46,444.59,364609
2023-08-15 12:35:00,444.58,444.6699,444.3,444.42,267604
2023-08-15 12:40:00,444.425,444.62,444.3,444.39,297539
2023-08-15 12:45:00,444.405,444.44,444.13,444.2201,317593
2023-08-15 12:50:00,444.23,444.26,443.84,443.89,368607
2023-08-15 12:55:00,443.8909,444.09,443.81,443.86,440877
2023-08-15 13:00:00,443.87,444.245,443.85,444.03,439462
2023-08-15 13:05:00,444.02,444.2699,443.95,444.01,434305
2023-08-15 13:10:00,444.01,444.14,443.87,444.13,382452
2023-08-15 13:15:00,444.1399,444.51,444.06,444.49,449688
2023-08-15 13:20:00,444.48,444.64,444.33,444.38,334662
2023-08-15 13:25:00,444.38,444.6199,444.35,444.55,267716
2023-08-15 13:30:00,444.54,444.69,444.311,444.35,382543
2023-08-15 13:35:00,444.35,444.39,444.05,444.05,419826
2023-08-15 13:40:00,444.08,444.28,443.925,443.98,371496
2023-08-15 13:45:00,443.97,444.0486,443.67,444.0197,745329
2023-08-15 13:50:00,444.02,444.145,443.8,443.9311,351871
2023-08-15 13:55:00,443.92,444.11,443.801,443.895,513734
2023-08-15 14:00:00,443.89,444.165,443.84,444.06,423327
2023-08-15 14:05:00,444.07,444.18,443.8,444.0001,395082
2023-08-15 14:10:00,444.0,444.2,443.98,444.15,348307
2023-08-15 14:15:00,444.15,444.2,443.91,443.945,408434
2023-08-15 14:20:00,443.955,444.16,443.93,444.1,166612
2023-08-15 14:25:00,444.085,444.1,443.72,443.878,329499
2023-08-15 14:30:00,443.88,444.08,443.8,444.07,259719
2023-08-15 14:35:00,444.06,444.365,443.9312,444.31,548616
2023-08-15 14:40:00,444.3199,444.34,444.13,444.33,381345
2023-08-15 14:45:00,444.32,444.52,444.23,444.49,332928
2023-08-15 14:50:00,444.48,444.62,444.25,444.3,326690
2023-08-15 14:55:00,444.31,444.45,444.31,444.3972,378184
2023-08-15 15:00:00,444.38,444.39,444.0401,444.16,387381
2023-08-15 15:05:00,444.18,444.34,444.03,444.14,307916
2023-08-15 15:10:00,444.14,444.36,443.99,444.28,506375
2023-08-15 15:15:00,444.2699,444.2899,443.8232,443.861,321259
2023-08-15 15:20:00,443.87,444.04,443.78,443.8632,343678
2023-08-15 15:25:00,443.86,443.99,443.445,443.455,514971
2023-08-15 15:30:00,443.46,443.48,442.43,442.68,1517466
2023-08-15 15:35:00,442.665,443.04,442.495,442.8194,1319775
2023-08-15 15:40:00,442.82,442.94,442.38,442.485,1381802
2023-08-15 15:45:00,442.49,442.59,442.3,442.55,1262931
2023-08-15 15:50:00,442.541,443.04,442.4,442.8505,1709333
2023-08-15 15:55:00,442.86,443.31,442.64,443.245,2173891
2023-08-15 16:00:00,443.25,443.39,442.83,442.94,5585642
2023-08-16 09:30:00,442.46,442.815,442.4,442.64,341776
2023-08-16 09:35:00,442.64,442.83,442.38,442.73,902551
2023-08-16 09:40:00,442.74,443.79,442.7,443.55,1337564
2023-08-16 09:45:00,443.56,443.9,443.51,443.68,896299
2023-08-16 09:50:00,443.695,444.18,443.52,443.89,969137
2023-08-16 09:55:00,443.89,443.94,443.39,443.53,637723
2023-08-16 10:00:00,443.54,443.74,443.2,443.315,508314
2023-08-16 10:05:00,443.315,443.38,442.96,443.36,678723
2023-08-16 10:10:00,443.36,443.84,443.34,443.84,584988
2023-08-16 10:15:00,443.85,444.0601,443.451,443.73,666929
2023-08-16 10:20:00,443.73,444.1393,443.61,443.9,422462
2023-08-16 10:25:00,443.9,444.0118,443.45,443.51,462226
2023-08-16 10:30:00,443.5007,443.66,443.33,443.53,371998
2023-08-16 10:35:00,443.54,443.61,443.181,443.375,341191
2023-08-16 10:40:00,443.375,443.55,443.055,443.465,423682
2023-08-16 10:45:00,443.46,443.87,443.37,443.605,524795
2023-08-16 10:50:00,443.6,443.6699,443.14,443.325,339325
2023-08-16 10:55:00,443.31,443.76,443.31,443.66,461983
2023-08-16 11:00:00,443.64,444.005,443.61,443.99,395040
2023-08-16 11:05:00,443.985,444.16,443.725,444.03,577072
2023-08-16 11:10:00,444.02,444.03,443.59,443.64,379268
2023-08-16 11:15:00,443.64,443.75,443.42,443.6,448897
2023-08-16 11:20:00,443.6,443.68,443.35,443.56,363920
2023-08-16 11:25:00,443.565,443.75,443.371,443.63,353084
2023-08-16 11:30:00,443.61,443.61,443.31,443.4199,314817
2023-08-16 11:35:00,443.4199,443.51,443.23,443.48,412891
2023-08-16 11:40:00,443.48,443.59,443.2,443.35,270820
2023-08-16 11:45:00,443.35,443.415,442.97,443.1199,361040
2023-08-16 11:50:00,443.12,443.2101,442.5112,442.785,627560
2023-08-16 11:55:00,442.78,442.91,442.625,442.78,485076
2023-08-16 12:00:00,442.79,442.805,442.28,442.56,672507
2023-08-16 12:05:00,442.56,442.83,442.52,442.59,422616
2023-08-16 12:10:00,442.585,442.61,442.07,442.1,585216
2023-08-16 12:15:00,442.09,442.24,441.92,442.03,628262
2023-08-16 12:20:00,442.03,442.19,441.805,441.82,570909
2023-08-16 12:25:00,441.82,442.01,441.72,441.7599,473140
2023-08-16 12:30:00,441.75,442.0001,441.71,441.7502,527377
2023-08-16 12:35:00,441.76,442.13,441.73,442.08,695277
2023-08-16 12:40:00,442.085,442.345,442.01,442.2611,391441
2023-08-16 12:45:00,442.255,442.41,442.1701,442.28,291463
2023-08-16 12:50:00,442.25,442.28,441.97,441.9901,251360
2023-08-16 12:55:00,441.99,442.07,441.845,441.94,300095
2023-08-16 13:00:00,441.96,441.98,441.74,441.91,300496
2023-08-16 13:05:00,441.91,442.04,441.775,441.775,309008
2023-08-16 13:10:00,441.78,441.78,441.0,441.02,1044693
2023-08-16 13:15:00,441.01,441.34,440.98,441.16,790640
2023-08-16 13:20:00,441.155,441.45,441.12,441.21,514319
2023-08-16 13:25:00,441.175,441.51,441.159,441.3788,347939
2023-08-16 13:30:00,441.37,441.539,441.13,441.19,426034
2023-08-16 13:35:00,441.17,441.44,441.09,441.425,389637
2023-08-16 13:40:00,441.425,441.77,441.36,441.69,481878
2023-08-16 13:45:00,441.7,442.14,441.695,442.09,697527
2023-08-16 13:50:00,442.07,442.615,442.01,442.46,607365
2023-08-16 13:55:00,442.47,442.5,442.23,442.385,554674
2023-08-16 14:00:00,442.385,442.41,441.84,441.9,758303
2023-08-16 14:05:00,441.91,442.24,441.17,441.67,872463
2023-08-16 14:10:00,441.69,441.7101,441.12,441.13,711617
2023-08-16 14:15:00,441.13,441.58,440.87,441.51,579927
2023-08-16 14:20:00,441.53,442.655,441.44,442.49,937541
2023-08-16 14:25:00,442.48,442.79,442.315,442.36,682869
2023-08-16 14:30:00,442.3401,442.91,442.17,442.875,607493
2023-08-16 14:35:00,442.865,443.09,442.57,442.81,672961
2023-08-16 14:40:00,442.81,442.9099,442.48,442.58,426871
2023-08-16 14:45:00,442.58,442.61,441.93,442.43,538313
2023-08-16 14:50:00,442.43,442.45,441.51,441.53,555266
2023-08-16 14:55:00,441.52,441.89,441.43,441.68,669152
2023-08-16 15:00:00,441.69,441.93,441.46,441.49,606620
2023-08-16 15:05:00,441.48,441.65,441.28,441.33,588858
2023-08-16 15:10:00,441.32,441.49,441.0,441.03,672166
2023-08-16 15:15:00,441.0306,441.05,440.02,440.0605,1541100
2023-08-16 15:20:00,440.06,440.43,439.79,440.41,1314671
2023-08-16 15:25:00,440.4199,440.43,439.83,439.895,958371
2023-08-16 15:30:00,439.92,440.19,439.85,439.87,947053
2023-08-16 15:35:00,439.885,440.65,439.85,440.52,1235744
2023-08-16 15:40:00,440.5185,440.55,440.07,440.185,1182034
2023-08-16 15:45:00,440.19,440.42,439.935,440.33,1244189
2023-08-16 15:50:00,440.32,440.47,439.96,440.03,1951323
2023-08-16 15:55:00,440.02,440.4195,439.81,440.01,2932126
2023-08-16 16:00:00,440.01,440.08,439.53,439.63,4304357
2023-08-17 09:30:00,441.16,441.43,440.96,441.33,775264
2023-08-17 09:35:00,441.33,441.42,440.81,440.8993,907461
2023-08-17 09:40:00,440.9,441.05,440.63,440.71,629333
2023-08-17 09:45:00,440.73,441.22,440.41,440.5,828376
2023-08-17 09:50:00,440.49,440.6999,440.36,440.61,641679
2023-08-17 09:55:00,440.64,440.67,439.8,439.99,1042110
2023-08-17 10:00:00,440.0,440.69,439.85,440.64,1346652
2023-08-17 10:05:00,440.63,440.71,440.21,440.22,496728
2023-08-17 10:10:00,440.23,440.74,439.97,440.49,863682
2023-08-17 10:15:00,440.49,440.6,439.96,440.53,1052244
2023-08-17 10:20:00,440.55,440.7,440.1207,440.39,438087
2023-08-17 10:25:00,440.37,440.559,440.01,440.0795,720204
2023-08-17 10:30:00,440.0799,440.38,440.06,440.255,537461
2023-08-17 10:35:00,440.251,440.32,439.62,439.7225,791788
2023-08-17 10:40:00,439.73,439.8,439.39,439.71,888229
2023-08-17 10:45:00,439.71,439.9,439.59,439.81,605675
2023-08-17 10:50:00,439.81,440.16,439.7,440.13,395540
2023-08-17 10:55:00,440.1279,440.58,440.11,440.545,634255
2023-08-17 11:00:00,440.54,440.5401,439.735,439.8,575505
2023-08-17 11:05:00,439.8,439.94,439.64,439.93,653376
2023-08-17 11:10:00,439.93,440.075,439.57,439.77,582896
2023-08-17 11:15:00,439.7557,439.9,439.58,439.69,718656
2023-08-17 11:20:00,439.685,439.84,439.51,439.555,418435
2023-08-17 11:25:00,439.55,439.78,439.31,439.61,708965
2023-08-17 11:30:00,439.595,439.61,439.3,439.385,456403
2023-08-17 11:35:00,439.37,439.41,439.09,439.145,589299
2023-08-17 11:40:00,439.141,439.5,439.04,439.44,675283
2023-08-17 11:45:00,439.45,439.64,439.28,439.36,471252
2023-08-17 11:50:00,439.38,439.45,438.97,439.101,623122
2023-08-17 11:55:00,439.11,439.63,439.01,439.31,875700
2023-08-17 12:00:00,439.29,439.64,439.26,439.41,426239
2023-08-17 12:05:00,439.43,439.56,439.18,439.26,370754
2023-08-17 12:10:00,439.2477,439.53,438.98,439.46,422406
2023-08-17 12:15:00,439.46,439.65,439.32,439.42,357617
2023-08-17 12:20:00,439.415,439.72,439.35,439.5199,296575
2023-08-17 12:25:00,439.5,440.335,439.47,440.1107,653852
2023-08-17 12:30:00,440.1101,440.6,440.1,440.45,602984
2023-08-17 12:35:00,440.45,440.49,439.95,439.9901,631227
2023-08-17 12:40:00,439.9799,440.02,439.7734,439.955,363366
2023-08-17 12:45:00,439.955,440.088,439.71,439.725,343917
2023-08-17 12:50:00,439.73,440.2,439.7,440.14,304483
2023-08-17 12:55:00,440.1399,440.4,440.02,440.335,313074
2023-08-17 13:00:00,440.32,440.61,440.28,440.435,313572
2023-08-17 13:05:00,440.435,440.435,440.125,440.228,456985
2023-08-17 13:10:00,440.225,440.33,439.84,439.96,432257
2023-08-17 13:15:00,439.96,440.18,439.855,440.14,340744
2023-08-17 13:20:00,440.14,440.155,439.6,439.6495,362176
2023-08-17 13:25:00,439.65,439.685,439.325,439.43,556508
2023-08-17 13:30:00,439.415,439.4737,439.09,439.12,552804
2023-08-17 13:35:00,439.14,439.22,439.0,439.11,546483
2023-08-17 13:40:00,439.12,439.26,439.06,439.1301,398154
2023-08-17 13:45:00,439.1305,439.1305,438.5099,438.64,951568
2023-08-17 13:50:00,438.64,438.74,438.55,438.67,430926
2023-08-17 13:55:00,438.675,438.93,438.66,438.73,463088
2023-08-17 14:00:00,438.73,438.91,438.6601,438.75,257972
2023-08-17 14:05:00,438.76,438.885,438.32,438.47,576695
2023-08-17 14:10:00,438.46,438.73,438.325,438.5388,621669
2023-08-17 14:15:00,438.5388,438.662,438.161,438.25,578647
2023-08-17 14:20:00,438.25,438.3973,438.15,438.275,487317
2023-08-17 14:25:00,438.26,438.46,438.05,438.3581,584011
2023-08-17 14:30:00,438.355,438.64,438.245,438.31,544302
2023-08-17 14:35:00,438.3146,438.33,438.01,438.07,754136
2023-08-17 14:40:00,438.07,438.37,437.955,438.1,569224
2023-08-17 14:45:00,438.11,438.2,437.44,437.68,713764
2023-08-17 14:50:00,437.68,437.92,437.65,437.85,667062
2023-08-17 14:55:00,437.855,437.89,437.1,437.19,992659
2023-08-17 15:00:00,437.18,437.42,436.99,437.29,804113
2023-08-17 15:05:00,437.3,437.44,436.795,436.97,799199
2023-08-17 15:10:00,436.96,437.22,436.42,436.59,1422277
2023-08-17 15:15:00,436.58,436.61,435.75,435.84,1499170
2023-08-17 15:20:00,435.81,436.56,435.785,436.45,1371229
2023-08-17 15:25:00,436.4563,436.8,435.89,436.78,1374549
2023-08-17 15:30:00,436.77,436.94,436.51,436.9113,1101209
2023-08-17 15:35:00,436.91,437.0,436.23,436.5,1317569
2023-08-17 15:40:00,436.49,436.79,436.39,436.67,1184518
2023-08-17 15:45:00,436.67,436.73,435.981,436.01,1281558
2023-08-17 15:50:00,436.02,436.9,435.98,436.87,1825650
2023-08-17 15:55:00,436.87,437.22,436.56,437.06,2570373
2023-08-17 16:00:00,437.06,437.18,436.2,436.26,3333006
2023-08-18 09:30:00,433.37,433.71,433.01,433.64,1397954
2023-08-18 09:35:00,433.66,434.58,433.4,434.13,2429514
2023-08-18 09:40:00,434.11,434.65,433.96,434.52,1111117
2023-08-18 09:45:00,434.52,434.75,434.11,434.3,1210916
2023-08-18 09:50:00,434.29,435.24,434.22,434.96,978538
2023-08-18 09:55:00,434.95,435.11,434.31,434.38,902520
2023-08-18 10:00:00,434.38,434.49,434.02,434.151,832970
2023-08-18 10:05:00,434.155,434.405,433.8,434.22,1154962
2023-08-18 10:10:00,434.21,434.45,433.9,434.06,1026317
2023-08-18 10:15:00,434.08,434.405,433.93,433.96,805980
2023-08-18 10:20:00,433.965,434.52,433.455,434.4,1168993
2023-08-18 10:25:00,434.41,434.63,434.27,434.385,722641
2023-08-18 10:30:00,434.39,434.4004,433.77,434.0,1060327
2023-08-18 10:35:00,434.01,434.54,433.84,434.515,897966
2023-08-18 10:40:00,434.52,434.91,434.41,434.9,1062485
2023-08-18 10:45:00,434.89,435.05,434.7,434.8496,694584
2023-08-18 10:50:00,434.84,435.1,434.6303,434.7178,541703
2023-08-18 10:55:00,434.72,434.88,434.44,434.81,741533
2023-08-18 11:00:00,434.82,435.52,434.68,435.48,642633
2023-08-18 11:05:00,435.48,435.61,435.25,435.5099,718003
2023-08-18 11:10:00,435.49,435.575,435.099,435.471,712514
2023-08-18 11:15:00,435.49,436.06,435.45,435.91,819112
2023-08-18 11:20:00,435.9022,436.09,435.54,435.56,755091
2023-08-18 11:25:00,435.56,435.96,435.4402,435.5194,594093
2023-08-18 11:30:00,435.53,435.7048,435.14,435.27,706700
2023-08-18 11:35:00,435.28,435.6,435.225,435.44,644890
2023-08-18 11:40:00,435.45,435.56,434.75,434.88,620734
2023-08-18 11:45:00,434.8839,435.58,434.71,435.56,594774
2023-08-18 11:50:00,435.55,435.82,435.39,435.7992,300920
2023-08-18 11:55:00,435.79,436.2,435.74,436.1,638574
2023-08-18 12:00:00,436.1,436.52,436.1,436.27,811649
2023-08-18 12:05:00,436.2799,436.53,436.17,436.449,559826
2023-08-18 12:10:00,436.44,436.5511,436.362,436.405,509860
2023-08-18 12:15:00,436.4,436.44,435.97,436.05,568122
2023-08-18 12:20:00,436.03,436.09,435.73,435.9701,429878
2023-08-18 12:25:00,435.99,436.07,435.78,435.83,407741
2023-08-18 12:30:00,435.83,435.98,435.61,435.64,373434
2023-08-18 12:35:00,435.63,436.0568,435.63,435.99,407393
2023-08-18 12:40:00,435.99,436.1599,435.74,436.07,447976
2023-08-18 12:45:00,436.071,436.38,436.02,436.16,478178
2023-08-18 12:50:00,436.18,436.47,436.165,436.33,320532
2023-08-18 12:55:00,436.31,436.53,436.14,436.16,431081
2023-08-18 13:00:00,436.159,436.27,435.53,435.545,649977
2023-08-18 13:05:00,435.545,436.065,435.545,436.039,422022
2023-08-18 13:10:00,436.03,436.15,435.42,435.45,528986
2023-08-18 13:15:00,435.445,435.72,435.44,435.59,494206
2023-08-18 13:20:00,435.58,435.715,435.285,435.36,420180
2023-08-18 13:25:00,435.37,435.44,434.75,434.995,697179
2023-08-18 13:30:00,434.99,435.71,434.8303,435.6,613479
2023-08-18 13:35:00,435.58,435.84,435.36,435.625,596451
2023-08-18 13:40:00,435.6399,435.8,435.16,435.44,613702
2023-08-18 13:45:00,435.4,435.67,435.22,435.61,396056
2023-08-18 13:50:00,435.6,435.95,435.59,435.86,464562
2023-08-18 13:55:00,435.84,436.085,435.735,435.82,435515
2023-08-18 14:00:00,435.81,435.97,435.625,435.91,377054
2023-08-18 14:05:00,435.9,436.1799,435.85,436.15,333679
2023-08-18 14:10:00,436.155,436.29,435.69,435.7203,564979
2023-08-18 14:15:00,435.72,436.07,435.49,436.07,558240
2023-08-18 14:20:00,436.07,436.17,435.68,436.07,437065
2023-08-18 14:25:00,436.07,436.2,435.75,435.79,479168
2023-08-18 14:30:00,435.8,436.06,435.67,435.99,337511
2023-08-18 14:35:00,435.985,436.43,435.96,436.35,724130
2023-08-18 14:40:00,436.37,436.76,436.3201,436.755,677467
2023-08-18 14:45:00,436.755,436.755,436.18,436.34,877167
2023-08-18 14:50:00,436.34,436.57,436.17,436.2099,628105
2023-08-18 14:55:00,436.209,436.3,435.9399,436.065,528970
2023-08-18 15:00:00,436.07,436.32,435.675,435.71,649546
2023-08-18 15:05:00,435.715,435.89,435.5101,435.85,603766
2023-08-18 15:10:00,435.86,436.23,435.62,435.86,645880
2023-08-18 15:15:00,435.85,435.89,435.36,435.615,680697
2023-08-18 15:20:00,435.615,435.915,435.41,435.87,518928
2023-08-18 15:25:00,435.88,435.95,435.53,435.76,590588
2023-08-18 15:30:00,435.745,436.1799,435.745,435.98,698299
2023-08-18 15:35:00,435.99,436.2,435.95,436.055,694091
2023-08-18 15:40:00,436.0488,436.46,435.9,436.45,897971
2023-08-18 15:45:00,436.46,437.13,436.35,437.1,1385275
2023-08-18 15:50:00,437.09,437.57,436.85,436.97,2580752
2023-08-18 15:55:00,436.96,437.025,435.96,436.31,2484771
2023-08-18 16:00:00,436.31,436.48,435.87,436.46,5512067
2023-08-21 09:30:00,437.55,437.73,437.33,437.5,530013
2023-08-21 09:35:00,437.5,438.36,437.39,438.2327,954539
2023-08-21 09:40:00,438.24,438.63,438.1325,438.36,940852
2023-08-21 09:45:00,438.36,438.43,437.78,437.93,878942
2023-08-21 09:50:00,437.93,438.0,437.6007,437.71,562359
2023-08-21 09:55:00,437.69,438.01,437.42,437.97,564185
2023-08-21 10:00:00,437.96,438.78,437.92,438.4912,806804
2023-08-21 10:05:00,438.49,438.6697,438.22,438.58,613481
2023-08-21 10:10:00,438.59,438.89,438.42,438.42,750444
2023-08-21 10:15:00,438.421,438.4257,437.64,437.7299,898667
2023-08-21 10:20:00,437.72,437.89,437.51,437.675,681288
2023-08-21 10:25:00,437.67,437.77,436.85,436.89,1014016
2023-08-21 10:30:00,436.85,436.9684,436.43,436.62,1188839
2023-08-21 10:35:00,436.63,436.77,436.42,436.77,953379
2023-08-21 10:40:00,436.76,436.995,436.44,436.975,651630
2023-08-21 10:45:00,436.975,437.08,436.731,436.84,475706
2023-08-21 10:50:00,436.83,437.06,436.67,436.74,478678
2023-08-21 10:55:00,436.73,436.92,436.44,436.77,725034
2023-08-21 11:00:00,436.82,436.93,436.52,436.7594,498943
2023-08-21 11:05:00,436.76,437.06,436.725,436.9699,503291
2023-08-21 11:10:00,436.98,437.01,436.22,436.31,681242
2023-08-21 11:15:00,436.305,436.51,435.955,436.03,790791
2023-08-21 11:20:00,436.025,436.32,435.825,436.3,712608
2023-08-21 11:25:00,436.3,436.3401,435.99,436.045,387595
2023-08-21 11:30:00,436.035,436.26,435.82,436.25,476699
2023-08-21 11:35:00,436.27,436.47,436.11,436.34,386492
2023-08-21 11:40:00,436.33,436.38,435.849,435.875,509295
2023-08-21 11:45:00,435.86,435.9,435.42,435.7401,605412
2023-08-21 11:50:00,435.74,435.74,435.375,435.64,474257
2023-08-21 11:55:00,435.64,435.665,435.32,435.56,608994
2023-08-21 12:00:00,435.565,435.84,435.45,435.8,407682
2023-08-21 12:05:00,435.79,435.9395,435.575,435.87,397485
2023-08-21 12:10:00,435.87,435.94,435.55,435.59,432610
2023-08-21 12:15:00,435.5979,436.28,435.52,436.25,496595
2023-08-21 12:20:00,436.24,436.6,436.17,436.47,463076
2023-08-21 12:25:00,436.49,436.87,436.425,436.8,415303
2023-08-21 12:30:00,436.79,436.99,436.76,436.95,526174
2023-08-21 12:35:00,436.96,436.99,436.68,436.74,603791
2023-08-21 12:40:00,436.7386,436.91,436.59,436.883,304029
2023-08-21 12:45:00,436.88,436.99,436.7799,436.9688,313427
2023-08-21 12:50:00,436.965,437.25,436.9,437.13,510960
2023-08-21 12:55:00,437.14,437.175,436.82,436.92,560156
2023-08-21 13:00:00,436.92,437.4095,436.91,437.315,421187
2023-08-21 13:05:00,437.32,437.46,436.95,437.155,624908
2023-08-21 13:10:00,437.13,437.4,437.12,437.28,382142
2023-08-21 13:15:00,437.24,437.28,437.01,437.15,332756
2023-08-21 13:20:00,437.16,437.73,437.05,437.69,518941
2023-08-21 13:25:00,437.7,437.99,437.52,437.9216,613656
2023-08-21 13:30:00,437.93,438.145,437.81,437.82,593358
2023-08-21 13:35:00,437.83,438.28,437.825,438.275,691586
2023-08-21 13:40:00,438.28,438.32,438.04,438.275,526000
2023-08-21 13:45:00,438.26,438.45,438.16,438.43,630222
2023-08-21 13:50:00,438.42,438.43,438.2,438.27,440242
2023-08-21 13:55:00,438.265,438.3,437.99,438.08,535367
2023-08-21 14:00:00,438.09,438.18,437.83,438.16,560399
2023-08-21 14:05:00,438.16,438.27,437.9,438.11,475551
2023-08-21 14:10:00,438.1,438.45,438.042,438.4438,403043
2023-08-21 14:15:00,438.43,438.69,438.38,438.65,515440
2023-08-21 14:20:00,438.64,438.66,438.395,438.62,449415
2023-08-21 14:25:00,438.61,438.68,438.34,438.34,387238
2023-08-21 14:30:00,438.34,438.57,438.13,438.52,643494
2023-08-21 14:35:00,438.51,438.55,438.24,438.4994,334823
2023-08-21 14:40:00,438.5,438.79,438.45,438.78,321865
2023-08-21 14:45:00,438.7797,438.97,438.62,438.85,529067
2023-08-21 14:50:00,438.86,439.2401,438.855,439.1301,807231
2023-08-21 14:55:00,439.1388,439.17,438.88,438.91,535811
2023-08-21 15:00:00,438.92,439.16,438.85,439.13,509036
2023-08-21 15:05:00,439.13,439.4595,439.125,439.455,602431
2023-08-21 15:10:00,439.45,439.49,439.155,439.21,514420
2023-08-21 15:15:00,439.205,439.61,439.16,439.565,712972
2023-08-21 15:20:00,439.56,439.62,439.38,439.45,544583
2023-08-21 15:25:00,439.45,439.72,439.38,439.63,477807
2023-08-21 15:30:00,439.63,439.665,439.29,439.305,618193
2023-08-21 15:35:00,439.305,439.65,439.3,439.53,678120
2023-08-21 15:40:00,439.5399,439.94,439.46,439.905,893510
2023-08-21 15:45:00,439.9099,440.11,439.77,439.81,1218194
2023-08-21 15:50:00,439.815,439.83,439.6,439.695,1423804
2023-08-21 15:55:00,439.695,439.86,439.49,439.61,1523715
2023-08-21 16:00:00,439.61,439.61,439.11,439.34,3362638
2023-08-22 09:30:00,441.17,441.18,440.83,440.9,537715
2023-08-22 09:35:00,440.9,440.98,440.6,440.69,1188445
2023-08-22 09:40:00,440.7,440.88,440.03,440.13,1084265
2023-08-22 09:45:00,440.12,440.56,439.96,440.37,825129
2023-08-22 09:50:00,440.352,440.63,440.03,440.12,498845
2023-08-22 09:55:00,440.11,440.21,439.625,439.7699,712551
2023-08-22 10:00:00,439.76,439.85,439.4,439.751,747768
2023-08-22 10:05:00,439.75,439.99,439.55,439.85,720972
2023-08-22 10:10:00,439.86,440.105,439.5,439.775,631373
2023-08-22 10:15:00,439.78,440.37,439.78,440.29,786739
2023-08-22 10:20:00,440.31,440.3685,439.84,440.2,453816
2023-08-22 10:25:00,440.21,440.41,439.56,439.64,729369
2023-08-22 10:30:00,439.64,439.675,439.4,439.46,596717
2023-08-22 10:35:00,439.46,439.5,438.64,438.89,978868
2023-08-22 10:40:00,438.88,439.2694,438.7899,438.969,518220
2023-08-22 10:45:00,438.96,439.3,438.83,438.97,537597
2023-08-22 10:50:00,438.99,439.34,438.975,439.18,330638
2023-08-22 10:55:00,439.18,439.785,439.16,439.71,527666
2023-08-22 11:00:00,439.71,439.8799,439.65,439.775,524677
2023-08-22 11:05:00,439.778,439.86,439.212,439.28,440759
2023-08-22 11:10:00,439.29,439.41,439.1,439.12,326086
2023-08-22 11:15:00,439.11,439.7,438.89,439.015,902700
2023-08-22 11:20:00,439.02,439.41,439.02,439.39,386377
2023-08-22 11:25:00,439.391,439.71,439.27,439.36,631891
2023-08-22 11:30:00,439.35,439.69,439.21,439.3,497574
2023-08-22 11:35:00,439.315,439.66,439.29,439.52,368104
2023-08-22 11:40:00,439.51,439.675,439.05,439.12,681407
2023-08-22 11:45:00,439.125,439.27,438.892,439.01,486842
2023-08-22 11:50:00,439.01,439.16,439.01,439.0218,324303
2023-08-22 11:55:00,439.0289,439.05,438.58,438.721,675780
2023-08-22 12:00:00,438.72,438.8099,438.58,438.7061,361119
2023-08-22 12:05:00,438.705,438.855,438.58,438.66,454902
2023-08-22 12:10:00,438.66,438.7385,438.52,438.5599,369162
2023-08-22 12:15:00,438.55,438.63,437.93,438.07,877308
2023-08-22 12:20:00,438.08,438.1999,437.76,438.0,730376
2023-08-22 12:25:00,438.0173,438.18,438.0173,438.055,360965
2023-08-22 12:30:00,438.06,438.78,438.03,438.7294,475848
2023-08-22 12:35:00,438.7201,438.7213,438.27,438.405,401320
2023-08-22 12:40:00,438.4,439.03,438.3901,439.0,453662
2023-08-22 12:45:00,439.0,439.25,439.0,439.15,372144
2023-08-22 12:50:00,439.15,439.175,438.89,439.01,386216
2023-08-22 12:55:00,439.03,439.369,439.03,439.1805,497523
2023-08-22 13:00:00,439.19,439.24,438.6,438.69,658283
2023-08-22 13:05:00,438.7,438.71,437.9,437.91,844930
2023-08-22 13:10:00,437.91,438.46,437.8601,438.04,534141
2023-08-22 13:15:00,438.03,438.22,437.625,437.7599,376871
2023-08-22 13:20:00,437.75,438.13,437.67,438.03,343695
2023-08-22 13:25:00,438.02,438.12,437.79,437.96,244280
2023-08-22 13:30:00,437.94,438.27,437.88,438.06,290789
2023-08-22 13:35:00,438.07,438.33,438.03,438.17,288032
2023-08-22 13:40:00,438.1551,438.395,437.82,438.04,444058
2023-08-22 13:45:00,438.02,438.16,437.87,438.0405,244650
2023-08-22 13:50:00,438.04,438.1099,437.73,437.82,330349
2023-08-22 13:55:00,437.81,438.025,437.67,437.86,372430
2023-08-22 14:00:00,437.85,438.23,437.81,437.94,566498
2023-08-22 14:05:00,437.95,438.35,437.74,438.09,439593
2023-08-22 14:10:00,438.07,438.39,438.06,438.35,442443
2023-08-22 14:15:00,438.35,438.44,437.89,438.18,372647
2023-08-22 14:20:00,438.14,438.24,437.825,437.89,303993
2023-08-22 14:25:00,437.881,438.22,437.86,438.2,364661
2023-08-22 14:30:00,438.205,438.68,438.15,438.67,316468
2023-08-22 14:35:00,438.6724,438.91,438.58,438.87,435118
2023-08-22 14:40:00,438.87,438.93,438.33,438.34,696817
2023-08-22 14:45:00,438.35,438.54,438.1,438.11,509451
2023-08-22 14:50:00,438.11,438.28,438.01,438.26,338214
2023-08-22 14:55:00,438.265,438.275,438.09,438.165,289310
2023-08-22 15:00:00,438.16,438.73,438.15,438.73,468338
2023-08-22 15:05:00,438.72,438.85,438.58,438.84,385194
2023-08-22 15:10:00,438.855,439.27,438.85,439.24,559928
2023-08-22 15:15:00,439.245,439.48,438.99,439.2601,621989
2023-08-22 15:20:00,439.27,439.31,438.85,438.9605,646865
2023-08-22 15:25:00,438.965,438.97,438.51,438.695,541801
2023-08-22 15:30:00,438.7,438.88,438.03,438.13,784721
2023-08-22 15:35:00,438.14,438.2,437.85,437.935,716238
2023-08-22 15:40:00,437.94,437.99,437.59,437.63,949765
2023-08-22 15:45:00,437.625,437.82,437.57,437.735,1048300
2023-08-22 15:50:00,437.74,437.91,437.59,437.8,1646311
2023-08-22 15:55:00,437.8,438.33,437.78,438.2302,1616232
2023-08-22 16:00:00,438.22,438.36,437.89,438.11,2651075
2023-08-23 09:30:00,439.25,439.7,439.1,439.6199,671852
2023-08-23 09:35:00,439.61,439.82,439.17,439.45,1064641
2023-08-23 09:40:00,439.45,439.73,439.28,439.36,700288
2023-08-23 09:45:00,439.35,440.13,439.33,439.972,707782
2023-08-23 09:50:00,439.99,440.229,439.6,440.04,1202651
2023-08-23 09:55:00,440.04,440.17,439.58,440.17,785299
2023-08-23 10:00:00,440.17,440.62,440.17,440.3999,808826
2023-08-23 10:05:00,440.405,440.77,440.21,440.63,848604
2023-08-23 10:10:00,440.64,441.0095,440.51,440.97,863972
2023-08-23 10:15:00,440.97,441.14,440.86,441.0626,688000
2023-08-23 10:20:00,441.06,441.1,440.515,440.68,1067190
2023-08-23 10:25:00,440.7,441.18,440.655,441.07,833588
2023-08-23 10:30:00,441.08,441.11,440.8001,440.95,682987
2023-08-23 10:35:00,440.96,441.11,440.845,440.935,543649
2023-08-23 10:40:00,440.925,440.975,440.64,440.9701,550528
2023-08-23 10:45:00,440.98,441.5,440.97,441.375,764019
2023-08-23 10:50:00,441.37,441.89,441.36,441.76,650663
2023-08-23 10:55:00,441.76,441.96,441.73,441.86,547543
2023-08-23 11:00:00,441.86,442.08,441.7608,441.85,602564
2023-08-23 11:05:00,441.87,441.87,441.6,441.8,475784
2023-08-23 11:10:00,441.78,442.0,441.52,441.818,486009
2023-08-23 11:15:00,441.81,442.055,441.75,441.95,348886
2023-08-23 11:20:00,441.96,441.99,441.81,441.895,371366
2023-08-23 11:25:00,441.895,442.25,441.8901,442.15,595934
2023-08-23 11:30:00,442.145,442.3,442.08,442.255,463508
2023-08-23 11:35:00,442.25,442.31,441.82,441.9299,644464
2023-08-23 11:40:00,441.925,442.08,441.86,442.02,466603
2023-08-23 11:45:00,442.02,442.05,441.69,441.9599,560145
2023-08-23 11:50:00,441.955,442.05,441.73,442.04,433643
2023-08-23 11:55:00,442.04,442.235,442.0,442.22,523406
2023-08-23 12:00:00,442.2178,442.395,442.195,442.265,528188
2023-08-23 12:05:00,442.269,442.29,441.98,442.02,321935
2023-08-23 12:10:00,442.025,442.09,441.92,441.9601,307460
2023-08-23 12:15:00,441.96,442.25,441.9206,441.96,334566
2023-08-23 12:20:00,441.97,442.2099,441.925,442.03,257937
2023-08-23 12:25:00,442.035,442.23,441.97,441.99,296395
2023-08-23 12:30:00,441.99,442.19,441.99,442.1763,206643
2023-08-23 12:35:00,442.17,442.33,441.96,442.25,267950
2023-08-23 12:40:00,442.255,442.39,442.24,442.325,242019
2023-08-23 12:45:00,442.33,442.48,442.305,442.47,287712
2023-08-23 12:50:00,442.4699,442.57,442.35,442.525,275097
2023-08-23 12:55:00,442.525,442.67,442.39,442.5,378017
2023-08-23 13:00:00,442.5,442.51,442.15,442.24,352587
2023-08-23 13:05:00,442.245,442.5148,442.13,442.485,302953
2023-08-23 13:10:00,442.48,442.68,442.48,442.67,268515
2023-08-23 13:15:00,442.665,442.775,442.56,442.77,254297
2023-08-23 13:20:00,442.77,443.26,442.74,443.17,862530
2023-08-23 13:25:00,443.17,443.27,443.08,443.26,435675
2023-08-23 13:30:00,443.269,443.49,443.18,443.4605,663143
2023-08-23 13:35:00,443.465,443.62,443.34,443.4,820062
2023-08-23 13:40:00,443.395,443.405,443.18,443.37,487865
2023-08-23 13:45:00,443.37,443.445,443.28,443.35,341404
2023-08-23 13:50:00,443.36,443.6,443.3504,443.49,287067
2023-08-23 13:55:00,443.495,443.67,443.45,443.63,433481
2023-08-23 14:00:00,443.62,443.64,443.39,443.41,351413
2023-08-23 14:05:00,443.42,443.58,443.38,443.495,389858
2023-08-23 14:10:00,443.5,443.5,443.241,443.26,470203
2023-08-23 14:15:00,443.25,443.36,442.99,443.0,500855
2023-08-23 14:20:00,443.0,443.1,442.68,442.7499,539607
2023-08-23 14:25:00,442.75,443.19,442.7,443.18,506761
2023-08-23 14:30:00,443.185,443.19,442.86,442.89,265472
2023-08-23 14:35:00,442.9,442.93,442.72,442.79,329525
2023-08-23 14:40:00,442.7899,442.83,442.46,442.57,507126
2023-08-23 14:45:00,442.57,442.66,442.51,442.53,243093
2023-08-23 14:50:00,442.53,442.82,442.52,442.6401,302820
2023-08-23 14:55:00,442.65,442.83,442.56,442.7699,274625
2023-08-23 15:00:00,442.77,442.86,442.62,442.68,244232
2023-08-23 15:05:00,442.685,442.99,442.39,442.913,620932
2023-08-23 15:10:00,442.9125,443.18,442.9125,443.07,355000
2023-08-23 15:15:00,443.0775,443.11,442.8946,443.0297,297547
2023-08-23 15:20:00,443.02,443.19,442.94,442.97,402260
2023-08-23 15:25:00,442.97,443.09,442.78,443.04,622869
2023-08-23 15:30:00,443.04,443.22,442.93,443.03,552021
2023-08-23 15:35:00,443.04,443.14,442.94,443.07,629463
2023-08-23 15:40:00,443.055,443.31,443.01,443.29,689857
2023-08-23 15:45:00,443.28,443.44,443.19,443.275,1213913
2023-08-23 15:50:00,443.27,443.37,442.89,442.92,1443390
2023-08-23 15:55:00,442.92,442.94,442.45,442.53,1798645
2023-08-23 16:00:00,442.525,443.01,442.515,442.97,3984991
2023-08-24 09:30:00,444.69,445.05,444.58,444.67,678460
2023-08-24 09:35:00,444.68,444.72,443.92,444.0401,1442699
2023-08-24 09:40:00,444.05,444.14,443.75,443.9,1150468
2023-08-24 09:45:00,443.91,444.03,443.48,443.54,931186
2023-08-24 09:50:00,443.54,443.99,443.48,443.54,1135272
2023-08-24 09:55:00,443.55,444.45,443.54,444.3,1287452
2023-08-24 10:00:00,444.31,445.22,444.29,445.04,1290295
2023-08-24 10:05:00,445.035,445.05,444.48,444.77,895769
2023-08-24 10:10:00,444.78,444.82,443.29,443.48,995446
2023-08-24 10:15:00,443.475,443.64,442.94,443.13,1123223
2023-08-24 10:20:00,443.12,443.34,442.8208,443.125,973914
2023-08-24 10:25:00,443.12,443.18,442.48,442.53,726275
2023-08-24 10:30:00,442.52,442.77,441.9,441.9394,1080284
2023-08-24 10:35:00,441.93,442.255,441.48,441.67,1214403
2023-08-24 10:40:00,441.71,442.28,441.65,442.02,1010267
2023-08-24 10:45:00,442.01,442.09,441.17,441.2599,872012
2023-08-24 10:50:00,441.26,441.47,441.08,441.44,878882
2023-08-24 10:55:00,441.44,441.87,441.3,441.7409,1199858
2023-08-24 11:00:00,441.75,441.81,440.25,440.52,1206633
2023-08-24 11:05:00,440.52,440.95,440.43,440.71,948480
2023-08-24 11:10:00,440.69,440.74,440.29,440.53,1207751
2023-08-24 11:15:00,440.521,440.8,440.27,440.61,749596
2023-08-24 11:20:00,440.59,440.82,440.37,440.69,820328
2023-08-24 11:25:00,440.67,440.72,440.352,440.4,375253
2023-08-24 11:30:00,440.39,440.71,440.14,440.29,928191
2023-08-24 11:35:00,440.29,440.4883,439.96,440.13,602592
2023-08-24 11:40:00,440.14,440.18,439.67,439.96,634617
2023-08-24 11:45:00,439.96,440.0,439.64,439.6407,605996
2023-08-24 11:50:00,439.64,439.97,439.48,439.64,787262
2023-08-24 11:55:00,439.63,439.69,439.29,439.36,746395
2023-08-24 12:00:00,439.37,439.58,439.1101,439.23,890244
2023-08-24 12:05:00,439.231,439.67,439.23,439.61,695977
2023-08-24 12:10:00,439.61,439.99,439.55,439.89,696241
2023-08-24 12:15:00,439.89,440.325,439.86,440.315,568551
2023-08-24 12:20:00,440.315,440.43,439.96,440.16,547407
2023-08-24 12:25:00,440.18,440.46,440.13,440.4,438179
2023-08-24 12:30:00,440.395,440.435,439.905,440.22,548330
2023-08-24 12:35:00,440.235,440.44,439.96,440.27,544443
2023-08-24 12:40:00,440.27,440.595,440.27,440.56,627085
2023-08-24 12:45:00,440.55,440.818,440.33,440.38,819090
2023-08-24 12:50:00,440.39,440.8075,440.34,440.57,792498
2023-08-24 12:55:00,440.57,440.57,439.935,439.935,691720
2023-08-24 13:00:00,439.94,440.07,439.84,439.87,369426
2023-08-24 13:05:00,439.87,439.87,439.5,439.71,627791
2023-08-24 13:10:00,439.69,440.08,439.615,440.06,701758
2023-08-24 13:15:00,440.05,440.08,439.6136,439.66,581637
2023-08-24 13:20:00,439.66,439.77,439.345,439.4078,495718
2023-08-24 13:25:00,439.42,439.6099,439.23,439.285,542476
2023-08-24 13:30:00,439.28,439.29,439.02,439.11,665212
2023-08-24 13:35:00,439.11,439.56,439.1,439.26,727944
2023-08-24 13:40:00,439.26,439.69,439.225,439.59,435232
2023-08-24 13:45:00,439.59,439.68,439.24,439.54,595596
2023-08-24 13:50:00,439.52,439.64,439.26,439.26,304156
2023-08-24 13:55:00,439.275,439.4,439.19,439.29,314746
2023-08-24 14:00:00,439.3,439.62,439.08,439.52,491615
2023-08-24 14:05:00,439.515,439.78,439.39,439.52,476764
2023-08-24 14:10:00,439.5033,439.63,439.25,439.4999,326752
2023-08-24 14:15:00,439.5,439.9,439.455,439.61,641511
2023-08-24 14:20:00,439.61,439.61,439.11,439.3,457301
2023-08-24 14:25:00,439.29,439.52,439.19,439.2399,422822
2023-08-24 14:30:00,439.23,439.39,439.01,439.375,394091
2023-08-24 14:35:00,439.35,439.4,439.125,439.125,288552
2023-08-24 14:40:00,439.13,439.15,438.65,438.69,694745
2023-08-24 14:45:00,438.69,438.8,438.53,438.64,721411
2023-08-24 14:50:00,438.65,439.06,438.63,438.79,713530
2023-08-24 14:55:00,438.782,438.9,438.52,438.825,564997
2023-08-24 15:00:00,438.83,439.23,438.815,439.1761,488659
2023-08-24 15:05:00,439.16,439.19,438.8301,439.1,452281
2023-08-24 15:10:00,439.11,439.17,438.625,438.8,618535
2023-08-24 15:15:00,438.8,439.11,438.78,438.995,622102
2023-08-24 15:20:00,439.0,439.33,438.865,439.29,657188
2023-08-24 15:25:00,439.28,439.33,438.735,438.775,690203
2023-08-24 15:30:00,438.78,438.93,438.5599,438.72,850167
2023-08-24 15:35:00,438.72,438.92,438.47,438.51,957515
2023-08-24 15:40:00,438.51,438.57,438.07,438.16,1515989
2023-08-24 15:45:00,438.155,438.275,437.68,437.71,2017660
2023-08-24 15:50:00,437.702,437.92,437.15,437.7699,2461196
2023-08-24 15:55:00,437.76,437.925,436.95,437.12,2624742
2023-08-24 16:00:00,437.12,437.845,436.855,436.92,5473075
2023-08-25 09:30:00,438.68,439.12,438.57,439.0,533299
2023-08-25 09:35:00,439.0,439.4301,438.83,439.15,1265234
2023-08-25 09:40:00,439.15,439.4999,438.88,438.99,945963
2023-08-25 09:45:00,438.99,439.2,438.81,439.17,601343
2023-08-25 09:50:00,439.18,439.33,438.87,439.0,548316
2023-08-25 09:55:00,438.97,439.1189,438.69,438.92,577609
2023-08-25 10:00:00,438.92,439.24,438.53,438.84,534220
2023-08-25 10:05:00,438.86,440.0,438.3,439.05,2084485
2023-08-25 10:10:00,439.02,439.06,437.72,438.24,2064217
2023-08-25 10:15:00,438.25,440.55,438.21,440.51,2018411
2023-08-25 10:20:00,440.5,441.2,438.44,438.71,2215159
2023-08-25 10:25:00,438.69,439.02,437.7001,437.99,1603224
2023-08-25 10:30:00,437.98,438.14,437.17,437.5,1587899
2023-08-25 10:35:00,437.47,437.71,437.07,437.27,1201536
2023-08-25 10:40:00,437.29,437.61,436.7,437.45,1314940
2023-08-25 10:45:00,437.4576,437.845,436.06,436.17,1441327
2023-08-25 10:50:00,436.13,436.28,435.6106,435.84,1575410
2023-08-25 10:55:00,435.82,436.2,435.35,435.69,1221848
2023-08-25 11:00:00,435.65,435.68,435.14,435.53,1095955
2023-08-25 11:05:00,435.53,435.87,435.0,435.72,1386307
2023-08-25 11:10:00,435.72,437.2999,435.68,437.15,1761639
2023-08-25 11:15:00,437.15,437.37,436.53,436.58,1215938
2023-08-25 11:20:00,436.57,436.7,435.94,436.33,801986
2023-08-25 11:25:00,436.3,437.21,436.04,437.14,955572
2023-08-25 11:30:00,437.145,438.1,437.04,437.53,1315633
2023-08-25 11:35:00,437.535,438.22,437.42,438.205,726413
2023-08-25 11:40:00,438.19,438.7699,438.19,438.46,1230620
2023-08-25 11:45:00,438.45,438.479,437.88,438.01,1072214
2023-08-25 11:50:00,438.01,438.19,437.56,437.5711,656399
2023-08-25 11:55:00,437.58,438.3,437.32,437.45,1198333
2023-08-25 12:00:00,437.43,437.56,436.69,437.32,961865
2023-08-25 12:05:00,437.34,437.9,437.25,437.61,711258
2023-08-25 12:10:00,437.6,437.94,437.32,437.4705,515769
2023-08-25 12:15:00,437.46,438.03,437.43,437.95,453732
2023-08-25 12:20:00,437.96,437.97,437.29,437.72,551131
2023-08-25 12:25:00,437.72,438.67,437.659,438.65,927102
2023-08-25 12:30:00,438.64,438.9,438.48,438.74,806228
2023-08-25 12:35:00,438.735,439.02,438.5,438.6604,724416
2023-08-25 12:40:00,438.67,439.1,438.65,439.06,609900
2023-08-25 12:45:00,439.04,439.045,438.38,438.49,679163
2023-08-25 12:50:00,438.49,438.872,438.48,438.69,418856
2023-08-25 12:55:00,438.69,438.7166,437.95,438.1,636448
2023-08-25 13:00:00,438.11,438.79,437.93,438.735,678133
2023-08-25 13:05:00,438.725,438.925,438.52,438.53,538707
2023-08-25 13:10:00,438.549,438.93,438.235,438.27,447151
2023-08-25 13:15:00,438.26,439.1,438.1749,438.905,619964
2023-08-25 13:20:00,438.905,438.905,437.92,437.98,664896
2023-08-25 13:25:00,437.97,438.225,437.72,437.83,676809
2023-08-25 13:30:00,437.79,438.145,437.62,437.94,937386
2023-08-25 13:35:00,437.92,437.96,437.4,437.47,602320
2023-08-25 13:40:00,437.46,437.85,437.37,437.55,745394
2023-08-25 13:45:00,437.54,437.97,437.51,437.59,540858
2023-08-25 13:50:00,437.585,438.1,437.42,438.03,394639
2023-08-25 13:55:00,438.021,438.53,437.9506,438.41,409860
2023-08-25 14:00:00,438.42,438.745,438.22,438.685,454387
2023-08-25 14:05:00,438.685,438.87,438.43,438.84,416791
2023-08-25 14:10:00,438.83,438.96,438.61,438.76,460331
2023-08-25 14:15:00,438.77,439.27,438.75,439.21,606310
2023-08-25 14:20:00,439.21,440.14,438.73,439.96,1116517
2023-08-25 14:25:00,439.98,440.12,439.8,440.02,1011497
2023-08-25 14:30:00,440.03,440.535,439.98,440.3201,888493
2023-08-25 14:35:00,440.3,440.79,440.24,440.48,936104
2023-08-25 14:40:00,440.48,440.88,440.17,440.475,846154
2023-08-25 14:45:00,440.475,440.5,439.79,439.81,708402
2023-08-25 14:50:00,439.81,440.44,439.77,440.235,566974
2023-08-25 14:55:00,440.24,440.77,440.211,440.72,601893
2023-08-25 15:00:00,440.7,441.25,440.53,441.24,647386
2023-08-25 15:05:00,441.23,441.3,440.382,440.695,792928
2023-08-25 15:10:00,440.69,440.88,440.31,440.81,632899
2023-08-25 15:15:00,440.8,440.92,440.47,440.89,623074
2023-08-25 15:20:00,440.89,441.0,440.58,440.95,645425
2023-08-25 15:25:00,440.95,441.21,440.93,441.13,816606
2023-08-25 15:30:00,441.14,441.26,440.76,440.89,811337
2023-08-25 15:35:00,440.895,441.17,440.69,440.75,960793
2023-08-25 15:40:00,440.76,440.79,440.33,440.55,984928
2023-08-25 15:45:00,440.545,440.92,440.27,440.74,1038129
2023-08-25 15:50:00,440.74,440.77,439.72,439.78,1646652
2023-08-25 15:55:00,439.77,440.29,439.53,440.17,3140391
2023-08-25 16:00:00,440.18,440.28,439.68,439.95,4744533
2023-08-28 09:30:00,442.24,442.38,441.97,441.9799,529505
2023-08-28 09:35:00,441.97,443.19,441.97,443.145,1323231
2023-08-28 09:40:00,443.14,443.209,442.34,442.61,989495
2023-08-28 09:45:00,442.62,442.895,442.1656,442.62,968031
2023-08-28 09:50:00,442.63,443.1,442.41,442.46,697352
2023-08-28 09:55:00,442.45,442.57,441.785,442.555,1016438
2023-08-28 10:00:00,442.56,442.815,442.32,442.579,521518
2023-08-28 10:05:00,442.5801,442.71,442.23,442.55,533677
2023-08-28 10:10:00,442.55,442.75,442.29,442.64,534988
2023-08-28 10:15:00,442.61,442.77,442.18,442.715,617735
2023-08-28 10:20:00,442.72,442.79,442.22,442.475,365320
2023-08-28 10:25:00,442.5,443.15,442.42,443.055,729114
2023-08-28 10:30:00,443.07,443.23,442.88,443.11,522264
2023-08-28 10:35:00,443.11,443.1799,442.88,443.06,827196
2023-08-28 10:40:00,443.03,443.1199,442.3901,442.55,582758
2023-08-28 10:45:00,442.55,442.55,442.005,442.205,487967
2023-08-28 10:50:00,442.2,442.43,441.98,442.045,577412
2023-08-28 10:55:00,442.04,442.1,441.36,441.59,1091467
2023-08-28 11:00:00,441.6,442.09,441.515,441.929,472328
2023-08-28 11:05:00,441.92,441.96,441.42,441.48,646229
2023-08-28 11:10:00,441.48,441.65,441.2,441.34,608372
2023-08-28 11:15:00,441.345,441.69,441.34,441.66,328366
2023-08-28 11:20:00,441.66,441.68,441.3022,441.43,356240
2023-08-28 11:25:00,441.43,441.708,441.35,441.48,445242
2023-08-28 11:30:00,441.48,441.88,441.29,441.66,743999
2023-08-28 11:35:00,441.68,441.75,441.41,441.655,512981
2023-08-28 11:40:00,441.66,441.98,441.635,441.88,463570
2023-08-28 11:45:00,441.89,441.901,440.9,441.185,807182
2023-08-28 11:50:00,441.185,441.32,440.93,440.98,573094
2023-08-28 11:55:00,440.98,441.3,440.9,441.2,480351
2023-08-28 12:00:00,441.23,441.5101,441.14,441.36,312104
2023-08-28 12:05:00,441.3507,441.57,441.24,441.41,211163
2023-08-28 12:10:00,441.42,441.515,441.16,441.405,375655
2023-08-28 12:15:00,441.4,441.7,441.28,441.56,431579
2023-08-28 12:20:00,441.56,441.62,440.985,441.135,378255
2023-08-28 12:25:00,441.13,441.16,440.955,441.01,437124
2023-08-28 12:30:00,441.0,441.33,441.0,441.19,425265
2023-08-28 12:35:00,441.185,441.35,441.015,441.2,242960
2023-08-28 12:40:00,441.21,441.64,441.14,441.51,374189
2023-08-28 12:45:00,441.5,441.97,441.4599,441.7891,354010
2023-08-28 12:50:00,441.8,441.9,441.66,441.9,405668
2023-08-28 12:55:00,441.89,442.2601,441.84,442.22,389238
2023-08-28 13:00:00,442.19,442.675,442.18,442.6601,614273
2023-08-28 13:05:00,442.67,443.25,442.635,443.21,880346
2023-08-28 13:10:00,443.21,443.26,442.83,442.9499,838303
2023-08-28 13:15:00,442.94,443.005,442.55,442.6213,465710
2023-08-28 13:20:00,442.63,442.85,442.46,442.8399,491266
2023-08-28 13:25:00,442.85,442.95,442.66,442.735,389591
2023-08-28 13:30:00,442.7299,442.8403,442.58,442.8101,281799
2023-08-28 13:35:00,442.81,442.97,442.62,442.694,407217
2023-08-28 13:40:00,442.69,442.71,442.25,442.5299,627279
2023-08-28 13:45:00,442.53,442.56,442.1406,442.26,322762
2023-08-28 13:50:00,442.2712,442.34,441.975,442.005,359006
2023-08-28 13:55:00,442.0,442.19,441.0701,441.129,932291
2023-08-28 14:00:00,441.115,441.29,440.86,441.11,963568
2023-08-28 14:05:00,441.11,441.26,440.96,441.19,532730
2023-08-28 14:10:00,441.1901,441.41,441.045,441.2501,648237
2023-08-28 14:15:00,441.25,441.29,440.98,441.1,436252
2023-08-28 14:20:00,441.09,441.285,440.89,441.11,492345
2023-08-28 14:25:00,441.105,441.23,441.04,441.14,290569
2023-08-28 14:30:00,441.14,441.36,440.94,441.3066,414401
2023-08-28 14:35:00,441.32,441.43,440.99,441.4299,347130
2023-08-28 14:40:00,441.42,441.83,441.29,441.63,639328
2023-08-28 14:45:00,441.62,441.71,441.48,441.66,404195
2023-08-28 14:50:00,441.66,441.7,441.4325,441.64,467491
2023-08-28 14:55:00,441.655,441.96,441.59,441.89,411013
2023-08-28 15:00:00,441.885,441.965,441.56,441.83,427094
2023-08-28 15:05:00,441.84,442.13,441.72,441.88,370651
2023-08-28 15:10:00,441.88,442.38,441.88,442.275,479072
2023-08-28 15:15:00,442.29,442.31,441.81,441.85,521460
2023-08-28 15:20:00,441.86,442.05,441.78,441.84,400557
2023-08-28 15:25:00,441.8466,441.85,441.38,441.659,725490
2023-08-28 15:30:00,441.65,441.97,441.535,441.68,479555
2023-08-28 15:35:00,441.68,442.14,441.65,442.13,507814
2023-08-28 15:40:00,442.12,442.245,441.91,441.935,596791
2023-08-28 15:45:00,441.93,442.64,441.91,442.61,693599
2023-08-28 15:50:00,442.62,443.4,442.5,442.68,1775252
2023-08-28 15:55:00,442.6699,442.77,442.35,442.77,1324837
2023-08-28 16:00:00,442.76,442.95,442.585,442.72,2997231
2023-08-29 09:30:00,442.65,442.97,442.62,442.7,339608
2023-08-29 09:35:00,442.695,443.11,442.46,442.975,697004
2023-08-29 09:40:00,442.99,443.19,442.8101,443.14,638182
2023-08-29 09:45:00,443.15,444.07,443.1488,444.07,1451503
2023-08-29 09:50:00,444.06,444.16,443.82,443.82,885690
2023-08-29 09:55:00,443.83,444.22,443.73,443.85,709707
2023-08-29 10:00:00,443.85,444.97,443.51,444.81,1190510
2023-08-29 10:05:00,444.83,445.2,444.57,445.13,1890094
2023-08-29 10:10:00,445.15,445.26,444.75,444.81,1264386
2023-08-29 10:15:00,444.83,445.555,444.6245,445.55,1043855
2023-08-29 10:20:00,445.55,445.93,445.47,445.71,1057721
2023-08-29 10:25:00,445.705,446.06,445.685,445.85,1278696
2023-08-29 10:30:00,445.85,446.37,445.69,446.32,960266
2023-08-29 10:35:00,446.33,446.75,446.31,446.685,1333467
2023-08-29 10:40:00,446.69,446.78,445.76,445.85,1585355
2023-08-29 10:45:00,445.84,446.06,445.52,445.575,936843
2023-08-29 10:50:00,445.59,446.08,445.49,446.055,1161953
2023-08-29 10:55:00,446.055,446.28,445.5101,445.57,1293313
2023-08-29 11:00:00,445.56,445.87,445.51,445.8,631383
2023-08-29 11:05:00,445.81,446.07,445.72,446.065,415259
2023-08-29 11:10:00,446.07,446.3,446.0,446.211,435304
2023-08-29 11:15:00,446.2101,446.49,446.045,446.465,538125
2023-08-29 11:20:00,446.47,446.6599,446.44,446.49,546535
2023-08-29 11:25:00,446.499,446.9,446.47,446.9,627649
2023-08-29 11:30:00,446.9,447.05,446.72,446.9701,710859
2023-08-29 11:35:00,446.97,447.56,446.92,447.5389,777773
2023-08-29 11:40:00,447.54,447.8,447.4,447.76,853313
2023-08-29 11:45:00,447.7662,447.95,447.705,447.705,770031
2023-08-29 11:50:00,447.705,447.8567,447.5,447.6,707857
2023-08-29 11:55:00,447.6,447.92,447.59,447.7099,572680
2023-08-29 12:00:00,447.71,447.725,447.4101,447.71,562248
2023-08-29 12:05:00,447.7,447.8,447.51,447.64,407647
2023-08-29 12:10:00,447.65,447.88,447.49,447.81,837630
2023-08-29 12:15:00,447.8,447.82,447.61,447.76,397217
2023-08-29 12:20:00,447.76,447.96,447.61,447.96,429080
2023-08-29 12:25:00,447.955,448.27,447.95,448.21,707827
2023-08-29 12:30:00,448.205,448.445,448.19,448.335,575031
2023-08-29 12:35:00,448.33,448.35,448.16,448.31,377533
2023-08-29 12:40:00,448.3167,448.3167,447.91,448.0,499627
2023-08-29 12:45:00,447.9999,448.07,447.89,447.925,341496
2023-08-29 12:50:00,447.92,447.95,447.6532,447.791,433206
2023-08-29 12:55:00,447.7981,448.01,447.55,447.974,374301
2023-08-29 13:00:00,447.975,448.069,447.8401,448.0,370172
2023-08-29 13:05:00,447.995,448.285,447.89,448.21,526889
2023-08-29 13:10:00,448.19,448.345,448.1767,448.216,416671
2023-08-29 13:15:00,448.21,448.31,447.97,448.26,506947
2023-08-29 13:20:00,448.27,448.27,447.935,447.9522,381683
2023-08-29 13:25:00,447.95,448.44,447.95,448.36,439471
2023-08-29 13:30:00,448.37,448.415,448.2,448.3401,339735
2023-08-29 13:35:00,448.346,448.73,448.26,448.66,560386
2023-08-29 13:40:00,448.665,448.76,448.48,448.64,553007
2023-08-29 13:45:00,448.65,448.66,448.48,448.54,349382
2023-08-29 13:50:00,448.549,448.66,448.37,448.42,398496
2023-08-29 13:55:00,448.425,448.63,447.82,447.93,1081493
2023-08-29 14:00:00,447.93,448.18,447.67,448.17,737511
2023-08-29 14:05:00,448.18,448.24,447.94,448.145,457790
2023-08-29 14:10:00,448.15,448.378,448.07,448.32,468659
2023-08-29 14:15:00,448.32,448.46,448.01,448.0699,711874
2023-08-29 14:20:00,448.08,448.48,448.08,448.44,391835
2023-08-29 14:25:00,448.44,448.57,448.2,448.451,627173
2023-08-29 14:30:00,448.45,448.53,448.09,448.39,553221
2023-08-29 14:35:00,448.38,448.66,448.34,448.65,395520
2023-08-29 14:40:00,448.64,448.83,448.3601,448.52,778369
2023-08-29 14:45:00,448.53,448.77,448.495,448.74,382946
2023-08-29 14:50:00,448.75,448.86,448.53,448.58,589981
2023-08-29 14:55:00,448.585,448.74,448.3719,448.525,665314
2023-08-29 15:00:00,448.53,448.62,448.12,448.3006,764315
2023-08-29 15:05:00,448.3,448.59,448.27,448.56,504878
2023-08-29 15:10:00,448.56,448.57,448.35,448.49,487960
2023-08-29 15:15:00,448.49,448.7,448.36,448.59,678531
2023-08-29 15:20:00,448.59,449.03,448.574,448.8,721533
2023-08-29 15:25:00,448.81,449.13,448.79,449.11,639873
2023-08-29 15:30:00,449.11,449.26,449.03,449.17,996646
2023-08-29 15:35:00,449.16,449.19,448.87,449.04,986382
2023-08-29 15:40:00,449.035,449.1,448.895,449.06,760384
2023-08-29 15:45:00,449.065,449.4,449.03,449.36,1764439
2023-08-29 15:50:00,449.37,449.45,448.81,448.91,1994648
2023-08-29 15:55:00,448.9,449.12,448.74,448.965,2274548
2023-08-29 16:00:00,448.965,449.33,448.91,449.14,4850344
2023-08-30 09:30:00,449.53,449.825,449.51,449.82,502412
2023-08-30 09:35:00,449.83,450.36,449.81,449.89,1369429
2023-08-30 09:40:00,449.89,450.1,449.4501,449.715,1106745
2023-08-30 09:45:00,449.715,450.16,449.51,450.1,577007
2023-08-30 09:50:00,450.1,450.54,449.97,450.525,719687
2023-08-30 09:55:00,450.525,451.14,450.52,451.01,1139918
2023-08-30 10:00:00,451.03,451.37,450.95,451.3567,811270
2023-08-30 10:05:00,451.355,451.5,451.07,451.26,790364
2023-08-30 10:10:00,451.27,451.41,451.09,451.31,871030
2023-08-30 10:15:00,451.31,451.62,451.24,451.27,924029
2023-08-30 10:20:00,451.26,451.28,450.18,450.3,1023251
2023-08-30 10:25:00,450.3,450.51,449.47,449.5599,1414920
2023-08-30 10:30:00,449.555,449.75,448.78,449.36,1928495
2023-08-30 10:35:00,449.36,450.17,449.27,449.845,1042893
2023-08-30 10:40:00,449.86,450.0484,449.53,449.81,739742
2023-08-30 10:45:00,449.83,450.11,449.61,450.078,503559
2023-08-30 10:50:00,450.08,450.155,449.665,449.85,597267
2023-08-30 10:55:00,449.86,450.37,449.81,450.32,648017
2023-08-30 11:00:00,450.32,450.6705,450.32,450.5684,789560
2023-08-30 11:05:00,450.565,450.61,449.74,450.15,717201
2023-08-30 11:10:00,450.13,450.49,450.13,450.438,458017
2023-08-30 11:15:00,450.435,450.44,450.2,450.33,339743
2023-08-30 11:20:00,450.35,450.56,450.19,450.43,404914
2023-08-30 11:25:00,450.46,450.49,450.105,450.19,374265
2023-08-30 11:30:00,450.18,450.55,450.04,450.48,608769
2023-08-30 11:35:00,450.49,450.79,450.35,450.775,431761
2023-08-30 11:40:00,450.78,451.1494,450.78,451.061,519472
2023-08-30 11:45:00,451.06,451.17,450.9403,451.03,436311
2023-08-30 11:50:00,451.03,451.05,450.59,450.5999,629552
2023-08-30 11:55:00,450.59,450.93,450.57,450.93,465292
2023-08-30 12:00:00,450.911,451.11,450.77,451.01,331118
2023-08-30 12:05:00,451.0,451.06,450.77,450.96,345915
2023-08-30 12:10:00,450.965,451.09,450.79,450.84,307067
2023-08-30 12:15:00,450.84,451.31,450.83,451.16,422804
2023-08-30 12:20:00,451.17,451.44,451.14,451.35,638349
2023-08-30 12:25:00,451.345,451.36,451.13,451.17,362340
2023-08-30 12:30:00,451.17,451.41,451.165,451.41,309326
2023-08-30 12:35:00,451.4,451.6,451.3601,451.45,529611
2023-08-30 12:40:00,451.46,451.46,450.95,451.22,634327
2023-08-30 12:45:00,451.23,451.55,451.21,451.5103,352944
2023-08-30 12:50:00,451.51,451.67,451.285,451.4,594940
2023-08-30 12:55:00,451.4036,451.44,451.05,451.14,354277
2023-08-30 13:00:00,451.13,451.44,451.125,451.41,353785
2023-08-30 13:05:00,451.41,451.46,451.2,451.285,355095
2023-08-30 13:10:00,451.29,451.3399,451.15,451.26,249895
2023-08-30 13:15:00,451.27,451.39,451.12,451.17,443034
2023-08-30 13:20:00,451.17,451.29,451.02,451.19,354606
2023-08-30 13:25:00,451.2,451.27,451.0001,451.0487,221572
2023-08-30 13:30:00,451.04,451.221,450.91,451.085,445022
2023-08-30 13:35:00,451.09,451.34,451.09,451.29,318151
2023-08-30 13:40:00,451.28,451.4,451.11,451.26,312119
2023-08-30 13:45:00,451.26,451.32,451.07,451.185,338009
2023-08-30 13:50:00,451.19,451.21,450.89,450.91,458821
2023-08-30 13:55:00,450.901,450.915,450.48,450.51,653866
2023-08-30 14:00:00,450.51,450.85,450.33,450.78,732163
2023-08-30 14:05:00,450.78,450.79,450.33,450.3399,657859
2023-08-30 14:10:00,450.35,450.46,450.085,450.33,705866
2023-08-30 14:15:00,450.32,450.7474,450.13,450.71,641525
2023-08-30 14:20:00,450.71,450.775,450.25,450.49,499849
2023-08-30 14:25:00,450.48,450.56,449.98,450.1187,457762
2023-08-30 14:30:00,450.1,450.42,450.08,450.21,497727
2023-08-30 14:35:00,450.215,450.515,450.2,450.47,382009
2023-08-30 14:40:00,450.47,450.8468,450.36,450.82,390752
2023-08-30 14:45:00,450.815,451.24,450.8,451.15,546189
2023-08-30 14:50:00,451.16,451.19,450.88,451.025,434696
2023-08-30 14:55:00,451.03,451.145,450.93,451.09,384660
2023-08-30 15:00:00,451.09,451.29,450.965,451.145,346017
2023-08-30 15:05:00,451.14,451.37,451.14,451.275,371535
2023-08-30 15:10:00,451.29,451.4,451.11,451.161,275842
2023-08-30 15:15:00,451.16,451.35,451.1,451.16,414951
2023-08-30 15:20:00,451.155,451.185,450.99,451.06,486797
2023-08-30 15:25:00,451.05,451.08,450.75,450.849,865293
2023-08-30 15:30:00,450.845,451.0,450.81,450.99,376018
2023-08-30 15:35:00,450.99,450.99,450.72,450.96,601824
2023-08-30 15:40:00,450.96,451.1181,450.81,450.87,742798
2023-08-30 15:45:00,450.86,450.9,450.72,450.74,1060451
2023-08-30 15:50:00,450.75,451.175,450.65,450.89,1394506
2023-08-30 15:55:00,450.89,450.897,450.53,450.845,1548643
2023-08-30 16:00:00,450.845,451.11,450.59,450.99,3772808
2023-08-31 09:30:00,451.65,451.825,451.61,451.82,354245
2023-08-31 09:35:00,451.82,452.2699,451.6688,451.98,1092721
2023-08-31 09:40:00,452.0,452.28,451.83,451.905,495825
2023-08-31 09:45:00,451.91,452.409,451.56,452.23,869109
2023-08-31 09:50:00,452.23,452.2977,451.39,451.741,680059
2023-08-31 09:55:00,451.75,452.4,451.71,452.24,544202
2023-08-31 10:00:00,452.23,452.55,452.19,452.37,451032
2023-08-31 10:05:00,452.33,452.5,451.98,452.0801,537383
2023-08-31 10:10:00,452.05,452.21,451.82,451.98,632224
2023-08-31 10:15:00,451.99,452.5399,451.87,452.42,584153
2023-08-31 10:20:00,452.44,452.59,452.26,452.47,430525
2023-08-31 10:25:00,452.48,452.68,452.2,452.31,608040
2023-08-31 10:30:00,452.32,452.71,452.29,452.62,466503
2023-08-31 10:35:00,452.62,452.82,452.51,452.82,536262
2023-08-31 10:40:00,452.83,452.83,452.56,452.625,400611
2023-08-31 10:45:00,452.62,452.75,452.215,452.36,548128
2023-08-31 10:50:00,452.3605,452.56,452.26,452.295,407335
2023-08-31 10:55:00,452.295,452.33,451.81,452.12,628698
2023-08-31 11:00:00,452.12,452.39,452.11,452.31,390477
2023-08-31 11:05:00,452.31,452.32,451.79,452.005,411378
2023-08-31 11:10:00,451.99,452.33,451.88,452.26,368290
2023-08-31 11:15:00,452.26,452.34,452.0301,452.11,347010
2023-08-31 11:20:00,452.13,452.1387,451.745,451.83,387490
2023-08-31 11:25:00,451.84,451.91,451.58,451.8899,411655
2023-08-31 11:30:00,451.89,452.14,451.82,452.03,420170
2023-08-31 11:35:00,452.03,452.12,451.45,451.63,473816
2023-08-31 11:40:00,451.63,451.87,451.5896,451.86,313312
2023-08-31 11:45:00,451.88,452.01,451.581,451.77,281508
2023-08-31 11:50:00,451.7788,451.915,451.695,451.835,347493
2023-08-31 11:55:00,451.825,452.02,451.71,451.83,430639
2023-08-31 12:00:00,451.81,451.915,451.685,451.81,254284
2023-08-31 12:05:00,451.8397,451.93,451.52,451.89,337543
2023-08-31 12:10:00,451.9,452.25,451.855,452.18,348447
2023-08-31 12:15:00,452.18,452.2,451.86,451.91,287018
2023-08-31 12:20:00,451.908,451.94,451.45,451.629,353127
2023-08-31 12:25:00,451.64,451.695,451.08,451.34,613174
2023-08-31 12:30:00,451.34,451.39,451.22,451.3299,385164
2023-08-31 12:35:00,451.3299,451.48,451.1,451.2,498375
2023-08-31 12:40:00,451.205,451.33,451.06,451.24,283778
2023-08-31 12:45:00,451.24,451.299,450.6,450.7425,731650
2023-08-31 12:50:00,450.745,450.82,450.36,450.7094,702546
2023-08-31 12:55:00,450.7013,450.935,450.46,450.93,665932
2023-08-31 13:00:00,450.93,451.0,450.78,450.845,354666
2023-08-31 13:05:00,450.8425,451.01,450.77,450.9866,325599
2023-08-31 13:10:00,450.98,451.38,450.98,451.3099,443448
2023-08-31 13:15:00,451.3,451.5,451.26,451.475,341254
2023-08-31 13:20:00,451.4688,451.59,451.4,451.44,269231
2023-08-31 13:25:00,451.44,451.7603,451.42,451.71,459549
2023-08-31 13:30:00,451.71,451.87,451.58,451.82,410940
2023-08-31 13:35:00,451.82,451.87,451.71,451.825,372768
2023-08-31 13:40:00,451.825,451.8368,451.582,451.725,345709
2023-08-31 13:45:00,451.71,451.75,451.56,451.62,349701
2023-08-31 13:50:00,451.61,451.655,451.3187,451.415,330447
2023-08-31 13:55:00,451.41,451.47,451.13,451.33,355530
2023-08-31 14:00:00,451.33,451.69,451.3001,451.66,381481
2023-08-31 14:05:00,451.66,451.81,451.5601,451.81,429647
2023-08-31 14:10:00,451.82,452.0,451.76,451.84,361333
2023-08-31 14:15:00,451.84,452.03,451.8,452.0,295859
2023-08-31 14:20:00,452.0,452.14,451.91,451.99,463687
2023-08-31 14:25:00,451.98,452.18,451.835,452.16,461780
2023-08-31 14:30:00,452.1501,452.19,451.85,451.885,315683
2023-08-31 14:35:00,451.885,452.0,451.59,451.595,499669
2023-08-31 14:40:00,451.61,451.7099,451.38,451.51,581856
2023-08-31 14:45:00,451.51,451.51,450.92,451.14,727613
2023-08-31 14:50:00,451.1399,451.2075,450.925,450.97,514458
2023-08-31 14:55:00,450.96,451.0301,450.791,450.86,562169
2023-08-31 15:00:00,450.86,451.11,450.7801,451.095,634080
2023-08-31 15:05:00,451.105,451.215,450.89,451.0193,604286
2023-08-31 15:10:00,451.02,451.355,450.915,451.315,488813
2023-08-31 15:15:00,451.32,451.36,451.125,451.16,400089
2023-08-31 15:20:00,451.165,451.44,451.115,451.43,471458
2023-08-31 15:25:00,451.43,451.5,451.05,451.105,664160
2023-08-31 15:30:00,451.105,451.365,451.035,451.365,803737
2023-08-31 15:35:00,451.37,451.43,451.0801,451.205,616060
2023-08-31 15:40:00,451.201,451.275,450.98,451.26,687971
2023-08-31 15:45:00,451.27,451.57,451.225,451.51,880381
2023-08-31 15:50:00,451.5,451.68,451.05,451.175,1421394
2023-08-31 15:55:00,451.17,451.315,450.61,450.82,3065198
2023-08-31 16:00:00,450.82,450.82,450.16,450.28,5228141
2023-09-01 09:30:00,453.17,453.24,452.89,453.23,692063
2023-09-01 09:35:00,453.23,453.67,452.69,452.71,1603787
2023-09-01 09:40:00,452.705,452.77,451.77,451.84,1177180
2023-09-01 09:45:00,451.855,452.36,451.62,451.79,852289
2023-09-01 09:50:00,451.78,451.99,451.15,451.2566,971658
2023-09-01 09:55:00,451.2501,451.9,451.2022,451.8999,793190
2023-09-01 10:00:00,451.87,452.37,451.32,451.415,1043761
2023-09-01 10:05:00,451.42,452.6,451.16,452.13,1206204
2023-09-01 10:10:00,452.13,452.835,451.98,452.82,942898
2023-09-01 10:15:00,452.83,453.04,452.67,452.77,1051751
2023-09-01 10:20:00,452.77,452.98,452.4915,452.64,573802
2023-09-01 10:25:00,452.64,452.89,452.3,452.33,702906
2023-09-01 10:30:00,452.34,452.74,452.01,452.212,707271
2023-09-01 10:35:00,452.22,452.385,451.8,451.98,707368
2023-09-01 10:40:00,451.98,452.41,451.84,451.87,518581
2023-09-01 10:45:00,451.88,452.14,451.76,451.83,407995
2023-09-01 10:50:00,451.82,451.83,451.3218,451.4536,523619
2023-09-01 10:55:00,451.45,451.68,451.045,451.07,526904
2023-09-01 11:00:00,451.07,451.1792,450.67,450.89,787094
2023-09-01 11:05:00,450.88,451.2285,450.83,450.97,463411
2023-09-01 11:10:00,450.95,451.15,450.7501,450.9568,444432
2023-09-01 11:15:00,450.94,450.98,450.69,450.83,382021
2023-09-01 11:20:00,450.83,451.21,450.73,451.13,340825
2023-09-01 11:25:00,451.12,451.25,450.98,451.18,404583
2023-09-01 11:30:00,451.18,451.18,450.66,450.7,368923
2023-09-01 11:35:00,450.7,450.9,450.53,450.775,551772
2023-09-01 11:40:00,450.75,450.78,450.49,450.4929,338557
2023-09-01 11:45:00,450.5,450.63,450.0,450.06,665155
2023-09-01 11:50:00,450.0602,450.26,449.69,449.82,723378
2023-09-01 11:55:00,449.8,450.0599,449.7616,449.86,491355
2023-09-01 12:00:00,449.85,450.02,449.81,449.945,405795
2023-09-01 12:05:00,449.94,449.94,449.68,449.84,379636
2023-09-01 12:10:00,449.83,450.22,449.81,450.16,437456
2023-09-01 12:15:00,450.13,450.34,450.13,450.2999,295979
2023-09-01 12:20:00,450.299,450.49,450.15,450.48,274747
2023-09-01 12:25:00,450.48,450.68,450.4,450.5995,286257
2023-09-01 12:30:00,450.59,450.79,450.545,450.74,443754
2023-09-01 12:35:00,450.74,450.8601,450.6,450.605,318564
2023-09-01 12:40:00,450.61,450.6101,450.28,450.395,339495
2023-09-01 12:45:00,450.39,450.39,450.1,450.17,362049
2023-09-01 12:50:00,450.16,450.7,450.12,450.69,318293
2023-09-01 12:55:00,450.69,451.0,450.66,450.9,393771
2023-09-01 13:00:00,450.9001,450.91,450.7,450.8594,303231
2023-09-01 13:05:00,450.85,450.87,450.51,450.655,348700
2023-09-01 13:10:00,450.6669,450.705,450.4501,450.49,164098
2023-09-01 13:15:00,450.49,450.71,450.48,450.71,175021
2023-09-01 13:20:00,450.7,450.82,450.5738,450.8099,240684
2023-09-01 13:25:00,450.8,450.895,450.39,450.39,283469
2023-09-01 13:30:00,450.405,450.57,450.31,450.4499,309582
2023-09-01 13:35:00,450.45,450.64,450.355,450.55,282697
2023-09-01 13:40:00,450.56,450.68,450.5308,450.575,210393
2023-09-01 13:45:00,450.5788,450.59,450.2322,450.27,186242
2023-09-01 13:50:00,450.26,450.39,450.18,450.3,191381
2023-09-01 13:55:00,450.31,450.58,450.2695,450.56,350750
2023-09-01 14:00:00,450.56,450.735,450.52,450.63,210558
2023-09-01 14:05:00,450.64,450.78,450.52,450.75,203442
2023-09-01 14:10:00,450.745,450.79,450.62,450.76,230565
2023-09-01 14:15:00,450.755,450.7901,450.58,450.59,241695
2023-09-01 14:20:00,450.589,450.6299,450.4511,450.5196,188937
2023-09-01 14:25:00,450.5,450.5,450.13,450.13,242563
2023-09-01 14:30:00,450.13,450.22,449.92,450.15,480805
2023-09-01 14:35:00,450.13,450.17,449.93,449.96,270284
2023-09-01 14:40:00,449.96,450.16,449.88,450.13,375946
2023-09-01 14:45:00,450.135,450.36,450.135,450.36,327053
2023-09-01 14:50:00,450.35,450.4,450.2,450.3,215079
2023-09-01 14:55:00,450.3088,450.47,450.26,450.375,238878
2023-09-01 15:00:00,450.365,450.6,450.3406,450.57,382796
2023-09-01 15:05:00,450.57,450.69,450.38,450.4,414218
2023-09-01 15:10:00,450.4,450.67,450.4,450.66,348453
2023-09-01 15:15:00,450.65,450.86,450.5,450.69,430845
2023-09-01 15:20:00,450.7,450.77,450.6,450.62,379795
2023-09-01 15:25:00,450.63,450.89,450.6,450.85,381223
2023-09-01 15:30:00,450.85,451.105,450.8,451.105,607926
2023-09-01 15:35:00,451.105,451.225,450.9701,450.98,607243
2023-09-01 15:40:00,450.985,451.12,450.805,451.0201,689186
2023-09-01 15:45:00,451.02,451.12,450.85,450.85,722419
2023-09-01 15:50:00,450.85,450.86,450.58,450.77,866738
2023-09-01 15:55:00,450.76,451.27,450.66,451.21,1421563
2023-09-01 16:00:00,451.215,451.3,450.87,451.21,3555448
2023-09-05 09:30:00,450.74,450.93,450.62,450.73,542073
2023-09-05 09:35:00,450.76,450.89,450.3,450.43,842709
2023-09-05 09:40:00,450.41,450.41,449.9525,450.2299,693637
2023-09-05 09:45:00,450.23,450.26,449.58,449.885,962599
2023-09-05 09:50:00,449.87,450.17,449.45,449.49,576480
2023-09-05 09:55:00,449.489,449.87,449.485,449.651,593566
2023-09-05 10:00:00,449.64,449.74,449.38,449.56,596388
2023-09-05 10:05:00,449.54,449.74,449.34,449.53,567733
2023-09-05 10:10:00,449.53,449.86,449.45,449.77,659733
2023-09-05 10:15:00,449.775,449.97,449.2709,449.35,564698
2023-09-05 10:20:00,449.33,449.85,449.17,449.79,612730
2023-09-05 10:25:00,449.8,450.3276,449.77,450.32,629207
2023-09-05 10:30:00,450.32,450.43,449.74,449.86,816332
2023-09-05 10:35:00,449.865,449.9084,449.385,449.49,624026
2023-09-05 10:40:00,449.49,449.7,449.23,449.605,668567
2023-09-05 10:45:00,449.605,449.8799,449.4,449.72,474033
2023-09-05 10:50:00,449.72,450.23,449.455,449.98,630933
2023-09-05 10:55:00,449.98,450.37,449.98,450.115,534222
2023-09-05 11:00:00,450.11,450.3299,450.03,450.315,433615
2023-09-05 11:05:00,450.33,450.78,450.325,450.72,720125
2023-09-05 11:10:00,450.73,451.06,450.7,450.8205,830624
2023-09-05 11:15:00,450.81,451.04,450.78,450.97,578426
2023-09-05 11:20:00,450.97,450.98,450.75,450.89,409306
2023-09-05 11:25:00,450.89,450.9,450.45,450.52,634482
2023-09-05 11:30:00,450.5123,450.55,450.2,450.2,549178
2023-09-05 11:35:00,450.205,450.41,450.17,450.21,431944
2023-09-05 11:40:00,450.21,450.3,449.87,450.12,430193
2023-09-05 11:45:00,450.11,450.16,449.9101,450.05,359614
2023-09-05 11:50:00,450.04,450.32,449.92,450.2999,414060
2023-09-05 11:55:00,450.29,450.29,449.99,450.1,296522
2023-09-05 12:00:00,450.12,450.449,450.025,450.41,492206
2023-09-05 12:05:00,450.41,450.49,450.2399,450.38,431071
2023-09-05 12:10:00,450.39,450.535,450.265,450.49,303037
2023-09-05 12:15:00,450.49,450.66,450.48,450.485,348286
2023-09-05 12:20:00,450.49,450.62,450.335,450.53,281123
2023-09-05 12:25:00,450.53,450.73,450.48,450.52,281048
2023-09-05 12:30:00,450.525,450.605,450.315,450.48,311987
2023-09-05 12:35:00,450.49,450.57,450.39,450.48,206505
2023-09-05 12:40:00,450.5,450.65,450.45,450.595,289309
2023-09-05 12:45:00,450.6,450.66,450.42,450.66,311977
2023-09-05 12:50:00,450.65,450.69,450.315,450.3694,273259
2023-09-05 12:55:00,450.36,450.485,450.34,450.39,189887
2023-09-05 13:00:00,450.39,450.43,450.16,450.29,385636
2023-09-05 13:05:00,450.28,450.28,449.99,450.01,291799
2023-09-05 13:10:00,450.0,450.06,449.725,449.73,487504
2023-09-05 13:15:00,449.73,449.93,449.665,449.755,521862
2023-09-05 13:20:00,449.76,449.914,449.62,449.64,400465
2023-09-05 13:25:00,449.6301,449.8672,449.6,449.75,400152
2023-09-05 13:30:00,449.745,449.77,449.49,449.53,356559
2023-09-05 13:35:00,449.55,449.78,449.53,449.69,622321
2023-09-05 13:40:00,449.69,449.885,449.67,449.805,435727
2023-09-05 13:45:00,449.805,449.99,449.74,449.93,463737
2023-09-05 13:50:00,449.925,449.985,449.77,449.95,227350
2023-09-05 13:55:00,449.95,450.07,449.88,449.9899,335558
2023-09-05 14:00:00,449.9882,450.09,449.83,450.0399,392679
2023-09-05 14:05:00,450.0399,450.07,449.86,449.8621,409845
2023-09-05 14:10:00,449.86,449.88,449.695,449.72,463937
2023-09-05 14:15:00,449.7135,450.0,449.7,449.8982,367490
2023-09-05 14:20:00,449.9,450.29,449.85,450.15,469277
2023-09-05 14:25:00,450.15,450.27,450.0859,450.179,304295
2023-09-05 14:30:00,450.175,450.475,450.17,450.3711,541810
2023-09-05 14:35:00,450.38,450.45,450.18,450.2,364342
2023-09-05 14:40:00,450.205,450.275,450.1,450.18,250392
2023-09-05 14:45:00,450.19,450.32,450.17,450.26,244533
2023-09-05 14:50:00,450.27,450.45,450.215,450.4199,372238
2023-09-05 14:55:00,450.41,450.57,450.35,450.4,349838
2023-09-05 15:00:00,450.4,450.64,450.38,450.43,362529
2023-09-05 15:05:00,450.43,450.43,450.195,450.25,411291
2023-09-05 15:10:00,450.245,450.275,450.055,450.06,446525
2023-09-05 15:15:00,450.06,450.07,449.705,449.8606,592143
2023-09-05 15:20:00,449.86,449.97,449.73,449.94,483300
2023-09-05 15:25:00,449.94,450.0,449.81,449.825,482143
2023-09-05 15:30:00,449.825,449.875,449.6399,449.85,495693
2023-09-05 15:35:00,449.84,449.98,449.815,449.94,530601
2023-09-05 15:40:00,449.95,450.3,449.93,450.2,715798
2023-09-05 15:45:00,450.2,450.38,450.195,450.265,725738
2023-09-05 15:50:00,450.26,450.3299,449.545,449.67,1218950
2023-09-05 15:55:00,449.66,449.74,449.38,449.435,1478307
2023-09-05 16:00:00,449.43,449.5,449.17,449.25,2274720
2023-09-06 09:30:00,448.4,448.49,448.02,448.05,420512
2023-09-06 09:35:00,448.065,448.2,447.53,447.6157,995207
2023-09-06 09:40:00,447.61,447.67,447.41,447.66,778885
2023-09-06 09:45:00,447.66,448.51,447.626,448.3301,999022
2023-09-06 09:50:00,448.34,448.37,447.71,447.938,673609
2023-09-06 09:55:00,447.96,448.31,447.855,447.94,633711
2023-09-06 10:00:00,447.96,448.1295,446.93,447.32,892134
2023-09-06 10:05:00,447.3,447.33,446.65,446.82,1440797
2023-09-06 10:10:00,446.84,447.105,446.51,446.91,900919
2023-09-06 10:15:00,446.9107,447.01,446.61,446.8,905082
2023-09-06 10:20:00,446.79,447.31,446.78,447.0,846033
2023-09-06 10:25:00,446.995,447.015,446.34,446.45,1029279
2023-09-06 10:30:00,446.46,446.56,446.0,446.33,1101798
2023-09-06 10:35:00,446.33,446.575,446.16,446.39,922813
2023-09-06 10:40:00,446.39,446.5,446.17,446.31,578477
2023-09-06 10:45:00,446.3,446.39,446.07,446.13,458216
2023-09-06 10:50:00,446.14,446.3,445.92,445.995,644923
2023-09-06 10:55:00,445.982,446.15,445.6,445.86,879889
2023-09-06 11:00:00,445.865,445.8899,445.57,445.5801,848314
2023-09-06 11:05:00,445.58,445.89,445.55,445.785,846861
2023-09-06 11:10:00,445.78,445.78,445.41,445.5,860280
2023-09-06 11:15:00,445.51,445.51,445.17,445.34,758071
2023-09-06 11:20:00,445.34,445.76,445.32,445.665,872081
2023-09-06 11:25:00,445.66,445.79,445.49,445.73,532385
2023-09-06 11:30:00,445.72,445.99,445.72,445.781,982987
2023-09-06 11:35:00,445.7817,445.81,445.5809,445.61,423010
2023-09-06 11:40:00,445.6199,445.97,445.61,445.87,494620
2023-09-06 11:45:00,445.87,446.01,445.69,445.875,486200
2023-09-06 11:50:00,445.875,445.88,445.6,445.6982,435911
2023-09-06 11:55:00,445.7,445.88,445.59,445.63,363330
2023-09-06 12:00:00,445.622,445.87,445.42,445.5,581285
2023-09-06 12:05:00,445.5,445.745,445.45,445.66,330241
2023-09-06 12:10:00,445.66,445.681,445.25,445.3,422898
2023-09-06 12:15:00,445.3,445.57,445.27,445.49,343316
2023-09-06 12:20:00,445.49,445.5,445.235,445.291,435417
2023-09-06 12:25:00,445.295,445.4499,445.2,445.37,450349
2023-09-06 12:30:00,445.37,445.4425,444.72,444.82,751345
2023-09-06 12:35:00,444.81,445.0,444.7,444.88,536412
2023-09-06 12:40:00,444.87,444.93,444.71,444.7237,411485
2023-09-06 12:45:00,444.73,444.8,444.33,444.43,788113
2023-09-06 12:50:00,444.421,444.52,444.26,444.435,712155
2023-09-06 12:55:00,444.435,444.46,444.01,444.06,735627
2023-09-06 13:00:00,444.0501,444.27,444.0501,444.1,495521
2023-09-06 13:05:00,444.09,444.18,443.81,444.14,553677
2023-09-06 13:10:00,444.145,444.52,444.12,444.459,707443
2023-09-06 13:15:00,444.46,445.0,444.46,444.97,832637
2023-09-06 13:20:00,444.96,445.19,444.855,444.92,579718
2023-09-06 13:25:00,444.91,445.07,444.86,444.87,465725
2023-09-06 13:30:00,444.87,445.1,444.78,445.02,425255
2023-09-06 13:35:00,445.02,445.05,444.8129,444.915,312656
2023-09-06 13:40:00,444.92,445.21,444.92,445.09,378598
2023-09-06 13:45:00,445.109,445.25,444.86,445.07,566549
2023-09-06 13:50:00,445.07,445.48,445.0401,445.37,461801
2023-09-06 13:55:00,445.375,445.44,445.11,445.255,574324
2023-09-06 14:00:00,445.25,445.57,445.21,445.295,559505
2023-09-06 14:05:00,445.3,445.57,445.16,445.24,545243
2023-09-06 14:10:00,445.24,445.61,445.23,445.4,424160
2023-09-06 14:15:00,445.415,445.58,445.305,445.37,428562
2023-09-06 14:20:00,445.3896,445.4869,445.2,445.39,379756
2023-09-06 14:25:00,445.4,445.56,445.315,445.5498,343549
2023-09-06 14:30:00,445.54,445.82,445.53,445.81,483009
2023-09-06 14:35:00,445.81,446.145,445.8,445.965,836716
2023-09-06 14:40:00,445.97,446.06,445.9,445.98,516335
2023-09-06 14:45:00,445.97,446.13,445.8701,446.0077,484314
2023-09-06 14:50:00,445.99,446.13,445.96,446.055,374837
2023-09-06 14:55:00,446.05,446.18,445.99,446.03,585245
2023-09-06 15:00:00,446.025,446.04,445.84,445.8838,524829
2023-09-06 15:05:00,445.88,445.88,445.3618,445.37,575245
2023-09-06 15:10:00,445.38,445.635,445.33,445.6292,584596
2023-09-06 15:15:00,445.63,445.95,445.565,445.9315,546154
2023-09-06 15:20:00,445.93,446.17,445.87,445.97,603606
2023-09-06 15:25:00,445.95,446.2,445.935,446.07,591737
2023-09-06 15:30:00,446.075,446.1095,445.73,445.965,666496
2023-09-06 15:35:00,445.9663,446.1799,445.77,446.11,633422
2023-09-06 15:40:00,446.1,446.175,446.0,446.105,504624
2023-09-06 15:45:00,446.11,446.19,445.97,446.14,667328
2023-09-06 15:50:00,446.14,446.155,445.84,446.06,1134378
2023-09-06 15:55:00,446.06,446.23,445.71,446.055,1992670
2023-09-06 16:00:00,446.059,446.4,446.04,446.19,3046256
2023-09-07 09:30:00,443.11,443.3201,442.94,443.285,562169
2023-09-07 09:35:00,443.285,443.82,442.805,443.82,1601633
2023-09-07 09:40:00,443.82,443.96,443.46,443.81,1032497
2023-09-07 09:45:00,443.8,444.4,443.76,443.84,1053544
2023-09-07 09:50:00,443.85,444.15,443.72,443.9501,696701
2023-09-07 09:55:00,443.96,444.005,443.17,443.36,931578
2023-09-07 10:00:00,443.35,443.5499,443.11,443.4299,728365
2023-09-07 10:05:00,443.425,443.57,442.86,442.92,809502
2023-09-07 10:10:00,442.91,443.74,442.87,443.73,695966
2023-09-07 10:15:00,443.74,443.85,443.212,443.4,665859
2023-09-07 10:20:00,443.39,443.61,443.13,443.585,476215
2023-09-07 10:25:00,443.58,443.66,443.12,443.2099,644605
2023-09-07 10:30:00,443.2,443.45,443.1,443.181,640392
2023-09-07 10:35:00,443.18,443.26,442.75,443.03,669764
2023-09-07 10:40:00,443.03,444.18,443.025,444.085,1087022
2023-09-07 10:45:00,444.09,444.66,443.97,444.58,1190343
2023-09-07 10:50:00,444.585,444.645,444.24,444.28,579925
2023-09-07 10:55:00,444.28,444.305,443.94,444.115,464657
2023-09-07 11:00:00,444.115,444.25,443.9,444.2,684153
2023-09-07 11:05:00,444.205,444.63,444.15,444.56,473672
2023-09-07 11:10:00,444.56,444.69,444.28,444.5525,545328
2023-09-07 11:15:00,444.56,444.65,444.28,444.639,508861
2023-09-07 11:20:00,444.62,444.72,444.26,444.58,398427
2023-09-07 11:25:00,444.54,444.55,444.15,444.2,422146
2023-09-07 11:30:00,444.2,444.43,444.11,444.21,479747
2023-09-07 11:35:00,444.215,445.01,444.21,444.94,769158
2023-09-07 11:40:00,444.95,445.0,444.62,444.6695,482426
2023-09-07 11:45:00,444.69,444.69,444.3161,444.36,324630
2023-09-07 11:50:00,444.38,444.465,444.19,444.1903,258159
2023-09-07 11:55:00,444.21,444.31,443.87,443.94,411444
2023-09-07 12:00:00,443.94,444.2,443.86,444.17,367211
2023-09-07 12:05:00,444.17,444.54,444.16,444.44,367132
2023-09-07 12:10:00,444.445,444.85,444.445,444.6365,460848
2023-09-07 12:15:00,444.64,444.841,444.6099,444.735,245983
2023-09-07 12:20:00,444.75,444.895,444.6,444.62,313298
2023-09-07 12:25:00,444.61,445.03,444.51,445.01,442215
2023-09-07 12:30:00,445.01,445.1801,445.005,445.16,339782
2023-09-07 12:35:00,445.171,445.24,444.9,444.94,360981
2023-09-07 12:40:00,444.94,445.079,444.81,444.85,259907
2023-09-07 12:45:00,444.84,444.98,444.6903,444.7575,211819
2023-09-07 12:50:00,444.75,444.96,444.58,444.6001,323539
2023-09-07 12:55:00,444.6,444.88,444.475,444.76,461279
2023-09-07 13:00:00,444.76,444.765,444.415,444.6,340113
2023-09-07 13:05:00,444.5997,444.86,444.59,444.69,325163
2023-09-07 13:10:00,444.6999,444.81,444.305,444.53,344463
2023-09-07 13:15:00,444.539,444.59,444.35,444.44,221368
2023-09-07 13:20:00,444.45,445.055,444.45,445.03,403249
2023-09-07 13:25:00,445.03,445.12,444.92,444.9899,284392
2023-09-07 13:30:00,444.99,445.148,444.8,445.06,329937
2023-09-07 13:35:00,445.07,445.19,444.78,444.891,392416
2023-09-07 13:40:00,444.89,444.89,444.71,444.7716,298800
2023-09-07 13:45:00,444.78,445.1,444.68,445.065,443490
2023-09-07 13:50:00,445.07,445.12,444.85,444.97,274006
2023-09-07 13:55:00,444.965,445.18,444.955,445.145,230549
2023-09-07 14:00:00,445.14,445.22,444.945,445.205,470013
2023-09-07 14:05:00,445.208,445.35,445.14,445.25,495885
2023-09-07 14:10:00,445.23,445.25,444.95,445.025,560981
2023-09-07 14:15:00,445.0288,445.14,444.85,444.99,431308
2023-09-07 14:20:00,444.995,445.05,444.73,444.75,407187
2023-09-07 14:25:00,444.74,444.85,444.63,444.6612,387161
2023-09-07 14:30:00,444.6706,444.69,444.36,444.56,549622
2023-09-07 14:35:00,444.5612,444.64,444.14,444.2405,587519
2023-09-07 14:40:00,444.245,444.35,444.1,444.24,444202
2023-09-07 14:45:00,444.25,444.61,444.25,444.585,443519
2023-09-07 14:50:00,444.57,444.73,444.44,444.63,457393
2023-09-07 14:55:00,444.63,444.96,444.585,444.9523,439385
2023-09-07 15:00:00,444.95,445.12,444.85,445.01,618140
2023-09-07 15:05:00,445.02,445.11,444.61,444.62,510302
2023-09-07 15:10:00,444.63,444.6512,444.27,444.6301,718358
2023-09-07 15:15:00,444.64,444.89,444.63,444.855,536732
2023-09-07 15:20:00,444.85,445.04,444.7836,444.915,483063
2023-09-07 15:25:00,444.915,444.99,444.68,444.68,617797
2023-09-07 15:30:00,444.695,445.08,444.64,444.9701,627413
2023-09-07 15:35:00,444.97,445.07,444.705,444.715,936580
2023-09-07 15:40:00,444.715,444.92,444.64,444.7,861638
2023-09-07 15:45:00,444.69,445.25,444.69,445.195,958852
2023-09-07 15:50:00,445.195,445.55,445.02,445.1884,1643044
2023-09-07 15:55:00,445.18,445.34,444.7,444.74,2460990
2023-09-07 16:00:00,444.73,445.12,444.565,444.84,4601900
2023-09-08 09:30:00,444.9,445.29,444.8,445.27,341473
2023-09-08 09:35:00,445.26,446.02,445.25,445.755,1076039
2023-09-08 09:40:00,445.755,446.03,445.595,445.9,821823
2023-09-08 09:45:00,445.885,446.1,445.75,445.83,671928
2023-09-08 09:50:00,445.83,446.1,445.59,446.06,542754
2023-09-08 09:55:00,446.06,446.1,445.48,445.668,611867
2023-09-08 10:00:00,445.66,446.14,445.3807,445.94,519182
2023-09-08 10:05:00,445.945,446.54,445.861,446.46,866449
2023-09-08 10:10:00,446.47,446.67,445.97,446.16,889117
2023-09-08 10:15:00,446.17,446.66,446.141,446.65,656407
2023-09-08 10:20:00,446.65,446.83,446.41,446.76,562103
2023-09-08 10:25:00,446.76,446.9,446.68,446.73,585516
2023-09-08 10:30:00,446.72,447.09,446.69,447.05,767676
2023-09-08 10:35:00,447.0462,447.11,446.44,446.74,938826
2023-09-08 10:40:00,446.74,446.76,446.42,446.44,545090
2023-09-08 10:45:00,446.455,446.47,446.14,446.375,492784
2023-09-08 10:50:00,446.38,446.62,446.11,446.61,498161
2023-09-08 10:55:00,446.6,446.685,446.14,446.51,457145
2023-09-08 11:00:00,446.51,446.62,445.77,445.975,700897
2023-09-08 11:05:00,445.97,446.4,445.935,446.24,521452
2023-09-08 11:10:00,446.25,446.305,445.8411,446.1,455307
2023-09-08 11:15:00,446.095,446.609,446.08,446.6,409846
2023-09-08 11:20:00,446.6012,446.67,446.3699,446.5999,445535
2023-09-08 11:25:00,446.59,446.64,446.44,446.55,306601
2023-09-08 11:30:00,446.555,446.72,446.5,446.63,329855
2023-09-08 11:35:00,446.63,446.899,446.5704,446.71,400721
2023-09-08 11:40:00,446.72,446.855,446.69,446.73,329948
2023-09-08 11:45:00,446.74,446.7462,446.42,446.445,467898
2023-09-08 11:50:00,446.44,446.55,446.32,446.365,332130
2023-09-08 11:55:00,446.369,446.5,446.23,446.4358,299286
2023-09-08 12:00:00,446.41,446.44,446.05,446.07,378779
2023-09-08 12:05:00,446.07,446.22,445.894,446.22,442230
2023-09-08 12:10:00,446.22,446.22,445.99,446.085,233485
2023-09-08 12:15:00,446.09,446.56,446.08,446.5232,291572
2023-09-08 12:20:00,446.53,446.7131,446.47,446.68,291213
2023-09-08 12:25:00,446.67,446.78,446.43,446.435,536170
2023-09-08 12:30:00,446.43,446.51,446.115,446.18,317768
2023-09-08 12:35:00,446.18,446.21,445.805,446.07,570202
2023-09-08 12:40:00,446.06,446.18,445.9096,446.155,336168
2023-09-08 12:45:00,446.14,446.39,446.035,446.075,330371
2023-09-08 12:50:00,446.07,446.07,445.58,445.69,472979
2023-09-08 12:55:00,445.69,445.9191,445.65,445.8671,334082
2023-09-08 13:00:00,445.86,446.11,445.84,445.88,271780
2023-09-08 13:05:00,445.88,445.93,445.65,445.78,327860
2023-09-08 13:10:00,445.78,445.88,445.57,445.605,380801
2023-09-08 13:15:00,445.601,445.91,445.52,445.86,524068
2023-09-08 13:20:00,445.85,446.19,445.84,446.1148,380758
2023-09-08 13:25:00,446.11,446.15,445.81,445.839,420635
2023-09-08 13:30:00,445.83,445.93,445.61,445.885,456609
2023-09-08 13:35:00,445.87,445.885,445.585,445.655,338644
2023-09-08 13:40:00,445.645,445.91,445.64,445.855,256293
2023-09-08 13:45:00,445.85,446.04,445.77,445.915,252030
2023-09-08 13:50:00,445.9108,445.97,445.81,445.8301,177883
2023-09-08 13:55:00,445.83,445.85,445.58,445.66,270844
2023-09-08 14:00:00,445.655,446.0,445.65,445.99,261005
2023-09-08 14:05:00,445.985,446.22,445.985,446.2,236533
2023-09-08 14:10:00,446.2,446.22,445.895,445.9,279809
2023-09-08 14:15:00,445.9,445.9175,445.1,445.13,1077967
2023-09-08 14:20:00,445.13,445.2885,445.07,445.22,429612
2023-09-08 14:25:00,445.215,445.43,445.12,445.285,459022
2023-09-08 14:30:00,445.27,445.4099,445.1192,445.3,397824
2023-09-08 14:35:00,445.277,445.39,445.06,445.385,468817
2023-09-08 14:40:00,445.39,445.495,444.95,445.22,723158
2023-09-08 14:45:00,445.22,445.41,445.21,445.34,347274
2023-09-08 14:50:00,445.34,445.34,445.05,445.135,259691
2023-09-08 14:55:00,445.12,445.25,444.91,445.0096,434144
2023-09-08 15:00:00,445.0,445.0964,444.79,444.83,349619
2023-09-08 15:05:00,444.8288,444.95,444.6,444.905,753740
2023-09-08 15:10:00,444.91,445.04,444.75,444.8,486167
2023-09-08 15:15:00,444.81,445.005,444.74,444.895,359762
2023-09-08 15:20:00,444.89,444.92,444.68,444.73,353574
2023-09-08 15:25:00,444.71,444.88,444.54,444.8101,660921
2023-09-08 15:30:00,444.815,444.86,444.53,444.76,618063
2023-09-08 15:35:00,444.76,445.035,444.73,444.98,473741
2023-09-08 15:40:00,444.98,444.98,444.69,444.95,654639
2023-09-08 15:45:00,444.945,445.0929,444.78,445.05,717584
2023-09-08 15:50:00,445.05,445.2,444.89,444.9601,1090282
2023-09-08 15:55:00,444.97,445.25,444.86,445.195,1276052
2023-09-08 16:00:00,445.2,445.61,445.17,445.51,3347830
2023-09-11 09:30:00,448.24,448.5,448.12,448.44,716292
2023-09-11 09:35:00,448.45,448.77,448.41,448.625,1185458
2023-09-11 09:40:00,448.63,448.77,447.74,447.78,1023088
2023-09-11 09:45:00,447.77,447.82,447.5573,447.59,777338
2023-09-11 09:50:00,447.59,447.6,447.175,447.2,870358
2023-09-11 09:55:00,447.2,447.5599,447.04,447.53,1241940
2023-09-11 10:00:00,447.52,447.575,446.92,447.115,879642
2023-09-11 10:05:00,447.11,447.36,446.93,446.94,648506
2023-09-11 10:10:00,446.94,447.23,446.92,447.23,598118
2023-09-11 10:15:00,447.23,447.27,446.71,446.98,967222
2023-09-11 10:20:00,446.99,447.22,446.81,447.17,455778
2023-09-11 10:25:00,447.175,447.62,447.165,447.61,966063
2023-09-11 10:30:00,447.61,447.86,447.495,447.525,921387
2023-09-11 10:35:00,447.525,447.545,447.045,447.1068,597596
2023-09-11 10:40:00,447.11,447.2601,446.94,447.22,480802
2023-09-11 10:45:00,447.22,447.45,447.16,447.3901,415203
2023-09-11 10:50:00,447.4,447.5,447.311,447.405,400012
2023-09-11 10:55:00,447.395,447.6001,447.12,447.28,529295
2023-09-11 11:00:00,447.26,447.34,446.74,446.801,593028
2023-09-11 11:05:00,446.82,446.85,446.4699,446.665,609969
2023-09-11 11:10:00,446.66,446.89,446.54,446.6996,377969
2023-09-11 11:15:00,446.7,446.83,446.5,446.68,353973
2023-09-11 11:20:00,446.68,446.96,446.68,446.87,339952
2023-09-11 11:25:00,446.85,447.3,446.82,447.235,624559
2023-09-11 11:30:00,447.24,447.49,447.05,447.0801,556194
2023-09-11 11:35:00,447.08,447.24,447.0,447.06,309029
2023-09-11 11:40:00,447.06,447.29,447.032,447.23,294212
2023-09-11 11:45:00,447.23,447.245,446.72,446.815,498421
2023-09-11 11:50:00,446.815,447.01,446.7395,446.87,324186
2023-09-11 11:55:00,446.865,447.02,446.77,446.97,414256
2023-09-11 12:00:00,446.961,447.025,446.79,446.9701,400212
2023-09-11 12:05:00,446.97,447.145,446.88,447.0,242120
2023-09-11 12:10:00,446.99,447.49,446.95,447.42,625896
2023-09-11 12:15:00,447.44,447.57,447.34,447.48,526552
2023-09-11 12:20:00,447.48,447.53,447.21,447.2601,654307
2023-09-11 12:25:00,447.26,447.35,447.16,447.2999,283522
2023-09-11 12:30:00,447.305,447.78,447.2801,447.565,730382
2023-09-11 12:35:00,447.565,447.7,447.45,447.495,360113
2023-09-11 12:40:00,447.4988,447.52,447.375,447.4192,288154
2023-09-11 12:45:00,447.4,447.55,447.37,447.48,260503
2023-09-11 12:50:00,447.481,447.6403,447.4412,447.57,320312
2023-09-11 12:55:00,447.57,447.74,447.39,447.6523,443835
2023-09-11 13:00:00,447.65,447.7499,447.6,447.6,245849
2023-09-11 13:05:00,447.59,447.84,447.5,447.805,381796
2023-09-11 13:10:00,447.805,447.87,447.585,447.8211,415410
2023-09-11 13:15:00,447.83,447.85,447.68,447.78,347200
2023-09-11 13:20:00,447.77,448.0,447.7235,447.975,416855
2023-09-11 13:25:00,447.98,448.1612,447.98,448.035,576075
2023-09-11 13:30:00,448.03,448.3,447.98,448.29,664846
2023-09-11 13:35:00,448.28,448.45,448.111,448.33,691329
2023-09-11 13:40:00,448.33,448.48,448.325,448.42,487352
2023-09-11 13:45:00,448.41,448.46,448.18,448.2401,466390
2023-09-11 13:50:00,448.24,448.35,448.1601,448.24,290355
2023-09-11 13:55:00,448.2369,448.39,448.215,448.35,335483
2023-09-11 14:00:00,448.34,448.4,448.185,448.315,417631
2023-09-11 14:05:00,448.315,448.38,448.1,448.1699,344084
2023-09-11 14:10:00,448.17,448.23,448.0,448.17,563301
2023-09-11 14:15:00,448.18,448.47,448.18,448.43,472713
2023-09-11 14:20:00,448.42,448.46,448.25,448.41,363725
2023-09-11 14:25:00,448.4,448.49,448.28,448.36,394941
2023-09-11 14:30:00,448.36,448.47,448.27,448.41,326083
2023-09-11 14:35:00,448.405,448.54,448.39,448.515,357779
2023-09-11 14:40:00,448.51,448.535,448.37,448.41,299849
2023-09-11 14:45:00,448.41,448.435,448.26,448.27,395404
2023-09-11 14:50:00,448.27,448.56,448.25,448.47,619519
2023-09-11 14:55:00,448.465,448.5402,448.38,448.47,281948
2023-09-11 15:00:00,448.47,448.47,448.31,448.41,268388
2023-09-11 15:05:00,448.41,448.48,448.32,448.45,208433
2023-09-11 15:10:00,448.46,448.54,448.45,448.51,410038
2023-09-11 15:15:00,448.505,448.53,448.25,448.28,394160
2023-09-11 15:20:00,448.28,448.4,448.17,448.335,328672
2023-09-11 15:25:00,448.34,448.7,448.335,448.601,711430
2023-09-11 15:30:00,448.605,448.67,448.48,448.615,766551
2023-09-11 15:35:00,448.62,448.64,448.44,448.51,545408
2023-09-11 15:40:00,448.505,448.58,448.44,448.55,511353
2023-09-11 15:45:00,448.54,448.59,448.3,448.3113,579995
2023-09-11 15:50:00,448.32,448.42,448.17,448.18,988299
2023-09-11 15:55:00,448.18,448.28,448.03,448.04,1272966
2023-09-11 16:00:00,448.03,448.55,448.02,448.48,2129470
2023-09-12 09:30:00,446.95,446.97,446.79,446.8,413711
2023-09-12 09:35:00,446.8,447.685,446.79,447.5201,954610
2023-09-12 09:40:00,447.52,447.75,447.33,447.75,848074
2023-09-12 09:45:00,447.75,447.82,447.3,447.455,773049
2023-09-12 09:50:00,447.45,447.64,447.135,447.24,567138
2023-09-12 09:55:00,447.245,447.59,447.2101,447.4899,576543
2023-09-12 10:00:00,447.49,447.7399,447.48,447.54,422062
2023-09-12 10:05:00,447.55,447.6674,447.2519,447.425,548417
2023-09-12 10:10:00,447.4299,447.46,447.07,447.26,489334
2023-09-12 10:15:00,447.24,447.58,447.08,447.41,567093
2023-09-12 10:20:00,447.4099,447.559,447.215,447.32,407786
2023-09-12 10:25:00,447.32,447.33,446.579,446.78,698721
2023-09-12 10:30:00,446.78,446.78,446.37,446.525,1296493
2023-09-12 10:35:00,446.52,446.945,446.5,446.8,858239
2023-09-12 10:40:00,446.805,446.91,446.54,446.6,414093
2023-09-12 10:45:00,446.6,446.87,446.47,446.83,486230
2023-09-12 10:50:00,446.83,446.92,446.52,446.55,280415
2023-09-12 10:55:00,446.56,446.62,446.3,446.515,526367
2023-09-12 11:00:00,446.51,446.57,446.18,446.4701,621374
2023-09-12 11:05:00,446.48,446.79,446.4,446.67,407354
2023-09-12 11:10:00,446.67,446.67,446.1,446.16,502082
2023-09-12 11:15:00,446.15,446.43,446.095,446.3,452593
2023-09-12 11:20:00,446.29,446.355,446.16,446.34,306003
2023-09-12 11:25:00,446.34,446.56,446.3,446.38,387148
2023-09-12 11:30:00,446.39,446.83,446.32,446.82,622025
2023-09-12 11:35:00,446.829,446.975,446.75,446.93,587380
2023-09-12 11:40:00,446.94,447.025,446.82,447.01,460183
2023-09-12 11:45:00,447.01,447.0101,446.84,446.8537,437502
2023-09-12 11:50:00,446.86,447.09,446.84,447.055,393727
2023-09-12 11:55:00,447.055,447.22,447.02,447.0399,475835
2023-09-12 12:00:00,447.035,447.2,446.9999,447.135,293363
2023-09-12 12:05:00,447.13,447.37,447.1,447.295,392709
2023-09-12 12:10:00,447.29,447.36,447.125,447.295,382519
2023-09-12 12:15:00,447.3,447.47,447.23,447.43,467983
2023-09-12 12:20:00,447.44,447.515,447.37,447.44,266665
2023-09-12 12:25:00,447.431,447.4671,447.23,447.39,305903
2023-09-12 12:30:00,447.39,447.4,447.1808,447.24,396691
2023-09-12 12:35:00,447.245,447.25,446.96,447.1397,443007
2023-09-12 12:40:00,447.135,447.24,446.985,447.22,172817
2023-09-12 12:45:00,447.22,447.46,447.22,447.43,220272
2023-09-12 12:50:00,447.425,447.54,447.325,447.48,221659
2023-09-12 12:55:00,447.48,447.49,447.19,447.205,242638
2023-09-12 13:00:00,447.2001,447.32,447.12,447.25,232745
2023-09-12 13:05:00,447.25,447.545,447.22,447.5001,274251
2023-09-12 13:10:00,447.5,447.56,447.28,447.4299,330993
2023-09-12 13:15:00,447.44,447.55,447.34,447.525,240103
2023-09-12 13:20:00,447.521,447.83,447.43,447.7527,464176
2023-09-12 13:25:00,447.75,448.53,447.74,448.3,1309487
2023-09-12 13:30:00,448.2737,448.405,448.18,448.3801,505439
2023-09-12 13:35:00,448.39,448.445,448.2608,448.41,444508
2023-09-12 13:40:00,448.41,448.41,448.04,448.13,487039
2023-09-12 13:45:00,448.12,448.14,447.4824,447.57,710528
2023-09-12 13:50:00,447.56,447.57,447.12,447.47,800145
2023-09-12 13:55:00,447.4634,447.535,447.03,447.16,578412
2023-09-12 14:00:00,447.15,447.17,446.78,446.87,569754
2023-09-12 14:05:00,446.86,447.0,446.78,446.8601,401108
2023-09-12 14:10:00,446.87,447.0,446.82,446.95,291835
2023-09-12 14:15:00,446.95,447.11,446.87,446.9399,352652
2023-09-12 14:20:00,446.94,447.09,446.63,446.76,539340
2023-09-12 14:25:00,446.78,446.9566,446.57,446.92,511632
2023-09-12 14:30:00,446.94,446.99,446.6,446.825,332609
2023-09-12 14:35:00,446.82,446.98,446.78,446.7894,438335
2023-09-12 14:40:00,446.78,446.87,446.62,446.688,393414
2023-09-12 14:45:00,446.68,446.74,446.51,446.605,305381
2023-09-12 14:50:00,446.61,446.785,446.01,446.01,625777
2023-09-12 14:55:00,446.01,446.21,445.94,446.08,722339
2023-09-12 15:00:00,446.07,446.27,445.775,445.89,723495
2023-09-12 15:05:00,445.89,446.08,445.76,445.81,588747
2023-09-12 15:10:00,445.82,445.99,445.755,445.95,568311
2023-09-12 15:15:00,445.955,445.965,445.595,445.6399,591814
2023-09-12 15:20:00,445.63,445.79,445.57,445.68,570295
2023-09-12 15:25:00,445.685,445.69,445.39,445.4901,694568
2023-09-12 15:30:00,445.49,445.75,445.46,445.74,708486
2023-09-12 15:35:00,445.73,445.905,445.6401,445.845,820779
2023-09-12 15:40:00,445.855,445.9,445.625,445.805,652985
2023-09-12 15:45:00,445.8,446.1,445.77,445.96,1177340
2023-09-12 15:50:00,445.96,446.1,445.73,446.01,1377505
2023-09-12 15:55:00,446.02,446.21,445.96,446.01,1709576
2023-09-12 16:00:00,446.01,446.17,445.8,445.97,3604280
2023-09-13 09:30:00,446.22,446.57,445.99,446.56,522118
2023-09-13 09:35:00,446.565,447.26,446.5123,447.03,1293559
2023-09-13 09:40:00,447.02,447.14,446.705,446.82,591324
2023-09-13 09:45:00,446.8005,447.055,446.41,446.75,674860
2023-09-13 09:50:00,446.74,446.985,446.43,446.45,576943
2023-09-13 09:55:00,446.45,446.56,446.135,446.26,646404
2023-09-13 10:00:00,446.27,447.01,446.22,446.715,704263
2023-09-13 10:05:00,446.7,446.86,445.81,445.95,686512
2023-09-13 10:10:00,445.94,445.99,445.6,445.695,914128
2023-09-13 10:15:00,445.695,445.81,445.21,445.35,833543
2023-09-13 10:20:00,445.34,445.46,445.0793,445.45,719094
2023-09-13 10:25:00,445.45,445.99,445.34,445.94,630387
2023-09-13 10:30:00,445.95,446.36,445.89,446.3475,635211
2023-09-13 10:35:00,446.35,446.52,446.22,446.34,500021
2023-09-13 10:40:00,446.335,447.075,446.335,446.94,752836
2023-09-13 10:45:00,446.95,447.08,446.66,446.71,774000
2023-09-13 10:50:00,446.72,446.85,446.55,446.81,370305
2023-09-13 10:55:00,446.8,447.1378,446.799,446.95,656134
2023-09-13 11:00:00,446.95,447.23,446.94,447.11,638521
2023-09-13 11:05:00,447.11,447.44,446.8901,447.4,742871
2023-09-13 11:10:00,447.41,447.41,447.1499,447.37,495271
2023-09-13 11:15:00,447.36,447.465,447.22,447.32,499501
2023-09-13 11:20:00,447.315,447.36,446.85,446.98,478188
2023-09-13 11:25:00,446.98,447.48,446.92,447.345,566228
2023-09-13 11:30:00,447.34,447.6,447.31,447.5521,581238
2023-09-13 11:35:00,447.56,447.57,447.32,447.39,587025
2023-09-13 11:40:00,447.39,447.45,447.16,447.23,263084
2023-09-13 11:45:00,447.24,447.4,447.03,447.31,286785
2023-09-13 11:50:00,447.31,447.56,446.99,446.99,376728
2023-09-13 11:55:00,446.99,447.0,446.525,446.765,553275
2023-09-13 12:00:00,446.77,447.31,446.735,447.16,406251
2023-09-13 12:05:00,447.16,447.23,446.94,447.175,282240
2023-09-13 12:10:00,447.175,447.33,446.97,446.98,294869
2023-09-13 12:15:00,446.98,447.12,446.72,446.795,287181
2023-09-13 12:20:00,446.79,447.34,446.76,447.3191,368585
2023-09-13 12:25:00,447.315,447.48,447.25,447.44,288130
2023-09-13 12:30:00,447.44,447.53,447.305,447.5,303137
2023-09-13 12:35:00,447.501,447.501,447.0501,447.37,354172
2023-09-13 12:40:00,447.36,447.36,446.78,446.85,365826
2023-09-13 12:45:00,446.85,447.09,446.8129,446.84,440854
2023-09-13 12:50:00,446.839,447.22,446.83,447.06,245659
2023-09-13 12:55:00,447.06,447.55,447.04,447.46,291518
2023-09-13 13:00:00,447.46,447.47,447.22,447.3127,306332
2023-09-13 13:05:00,447.33,447.5,447.1235,447.2,346753
2023-09-13 13:10:00,447.19,447.33,447.145,447.26,153668
2023-09-13 13:15:00,447.25,447.45,447.17,447.375,264050
2023-09-13 13:20:00,447.379,447.57,447.3,447.37,322304
2023-09-13 13:25:00,447.36,447.57,447.26,447.46,239866
2023-09-13 13:30:00,447.443,447.53,447.26,447.33,203029
2023-09-13 13:35:00,447.3298,447.62,447.13,447.5106,367330
2023-09-13 13:40:00,447.55,447.555,447.32,447.54,237609
2023-09-13 13:45:00,447.5499,447.71,447.465,447.58,452598
2023-09-13 13:50:00,447.57,447.61,447.365,447.42,328827
2023-09-13 13:55:00,447.42,447.53,447.345,447.37,182368
2023-09-13 14:00:00,447.37,447.51,447.3,447.49,256464
2023-09-13 14:05:00,447.495,447.5,446.93,447.06,407430
2023-09-13 14:10:00,447.06,447.285,447.0,447.255,416348
2023-09-13 14:15:00,447.26,447.32,446.96,446.965,263089
2023-09-13 14:20:00,446.97,447.045,446.85,446.87,361943
2023-09-13 14:25:00,446.865,447.1,446.79,447.01,352099
2023-09-13 14:30:00,447.01,447.15,446.935,446.98,287231
2023-09-13 14:35:00,446.96,447.01,446.755,446.91,370681
2023-09-13 14:40:00,446.91,447.115,446.885,447.065,283473
2023-09-13 14:45:00,447.065,447.155,446.715,446.81,399194
2023-09-13 14:50:00,446.82,446.97,446.455,446.49,531643
2023-09-13 14:55:00,446.47,446.48,445.53,445.61,1528208
2023-09-13 15:00:00,445.6,446.39,445.51,446.16,1126249
2023-09-13 15:05:00,446.14,446.14,445.52,445.72,729138
2023-09-13 15:10:00,445.73,445.74,445.43,445.54,803703
2023-09-13 15:15:00,445.54,445.72,445.32,445.47,1039032
2023-09-13 15:20:00,445.4503,445.835,445.44,445.79,687085
2023-09-13 15:25:00,445.8,445.93,445.57,445.88,652545
2023-09-13 15:30:00,445.89,446.18,445.75,446.16,615714
2023-09-13 15:35:00,446.15,446.33,446.08,446.125,937667
2023-09-13 15:40:00,446.13,446.45,446.12,446.42,682790
2023-09-13 15:45:00,446.415,446.49,446.14,446.23,969701
2023-09-13 15:50:00,446.23,446.435,446.09,446.39,1154171
2023-09-13 15:55:00,446.4,446.5599,446.19,446.5,1119678
2023-09-13 16:00:00,446.49,446.78,446.3,446.51,2845032
2023-09-14 09:30:00,449.07,449.31,448.675,448.69,575703
2023-09-14 09:35:00,448.68,449.04,448.42,448.79,1417097
2023-09-14 09:40:00,448.79,448.96,448.63,448.86,804333
2023-09-14 09:45:00,448.86,448.93,448.345,448.685,873029
2023-09-14 09:50:00,448.68,448.88,448.44,448.48,827221
2023-09-14 09:55:00,448.47,448.64,448.18,448.25,1092533
2023-09-14 10:00:00,448.2401,449.1,448.0696,448.79,1026149
2023-09-14 10:05:00,448.795,448.795,448.13,448.275,792705
2023-09-14 10:10:00,448.2701,448.48,447.81,447.93,937741
2023-09-14 10:15:00,447.93,448.36,447.885,448.25,598869
2023-09-14 10:20:00,448.24,448.255,447.715,447.92,598739
2023-09-14 10:25:00,447.92,448.445,447.81,448.22,676584
2023-09-14 10:30:00,448.24,448.67,448.18,448.61,622412
2023-09-14 10:35:00,448.615,448.84,448.54,448.67,869356
2023-09-14 10:40:00,448.67,449.075,448.65,449.01,733686
2023-09-14 10:45:00,449.01,449.44,448.91,449.3416,1057023
2023-09-14 10:50:00,449.36,449.53,449.26,449.37,834464
2023-09-14 10:55:00,449.385,449.6,449.38,449.53,867867
2023-09-14 11:00:00,449.53,449.69,449.46,449.58,614910
2023-09-14 11:05:00,449.5876,449.77,449.55,449.575,737587
2023-09-14 11:10:00,449.58,449.97,449.57,449.8816,795952
2023-09-14 11:15:00,449.88,450.03,449.67,449.72,948984
2023-09-14 11:20:00,449.73,449.8,449.61,449.632,492089
2023-09-14 11:25:00,449.63,449.73,449.49,449.5,499443
2023-09-14 11:30:00,449.51,449.67,449.46,449.64,372227
2023-09-14 11:35:00,449.645,449.6899,449.355,449.36,477626
2023-09-14 11:40:00,449.36,449.49,449.26,449.31,492508
2023-09-14 11:45:00,449.32,449.44,449.03,449.44,828256
2023-09-14 11:50:00,449.45,449.69,449.3159,449.675,499611
2023-09-14 11:55:00,449.67,449.86,449.66,449.78,553227
2023-09-14 12:00:00,449.79,449.98,449.77,449.865,575321
2023-09-14 12:05:00,449.88,449.91,449.77,449.9,346232
2023-09-14 12:10:00,449.91,449.91,449.74,449.89,382843
2023-09-14 12:15:00,449.89,450.49,449.78,450.4,810152
2023-09-14 12:20:00,450.4,450.49,450.11,450.18,609805
2023-09-14 12:25:00,450.1701,450.205,449.96,450.01,407970
2023-09-14 12:30:00,450.02,450.21,449.95,450.1899,383379
2023-09-14 12:35:00,450.185,450.36,449.98,450.0,365156
2023-09-14 12:40:00,450.0,450.215,449.97,450.2002,417877
2023-09-14 12:45:00,450.205,450.31,450.14,450.22,295047
2023-09-14 12:50:00,450.215,450.59,450.19,450.57,449450
2023-09-14 12:55:00,450.57,450.65,450.52,450.63,586105
2023-09-14 13:00:00,450.62,450.68,450.5169,450.52,397860
2023-09-14 13:05:00,450.515,450.605,450.3734,450.44,305520
2023-09-14 13:10:00,450.44,450.49,450.32,450.4,332135
2023-09-14 13:15:00,450.391,450.56,450.385,450.41,274753
2023-09-14 13:20:00,450.42,450.5201,450.31,450.5201,284570
2023-09-14 13:25:00,450.525,450.585,450.26,450.28,348686
2023-09-14 13:30:00,450.285,450.53,450.23,450.53,344441
2023-09-14 13:35:00,450.53,450.65,450.46,450.6,349570
2023-09-14 13:40:00,450.6,450.66,450.4517,450.52,487354
2023-09-14 13:45:00,450.52,450.555,450.37,450.435,428348
2023-09-14 13:50:00,450.435,450.44,450.24,450.29,297869
2023-09-14 13:55:00,450.29,450.43,450.1893,450.245,364504
2023-09-14 14:00:00,450.25,450.29,450.0796,450.13,400190
2023-09-14 14:05:00,450.14,450.3,450.06,450.2,262756
2023-09-14 14:10:00,450.1975,450.34,450.11,450.15,354582
2023-09-14 14:15:00,450.145,450.245,450.07,450.11,456367
2023-09-14 14:20:00,450.1,450.21,450.02,450.13,373988
2023-09-14 14:25:00,450.13,450.37,450.005,450.02,446346
2023-09-14 14:30:00,450.03,450.205,449.93,449.99,421929
2023-09-14 14:35:00,449.99,450.29,449.925,450.28,494669
2023-09-14 14:40:00,450.28,450.4,450.21,450.385,312127
2023-09-14 14:45:00,450.385,450.59,450.25,450.4866,406090
2023-09-14 14:50:00,450.49,450.609,450.425,450.51,326240
2023-09-14 14:55:00,450.5,450.6,450.43,450.565,242758
2023-09-14 15:00:00,450.57,450.625,450.45,450.6,318828
2023-09-14 15:05:00,450.58,451.02,450.575,450.98,824539
2023-09-14 15:10:00,450.98,451.08,450.86,450.89,773030
2023-09-14 15:15:00,450.8813,450.98,450.76,450.85,471671
2023-09-14 15:20:00,450.86,450.875,450.68,450.72,554147
2023-09-14 15:25:00,450.72,450.77,450.45,450.475,584643
2023-09-14 15:30:00,450.49,450.52,450.22,450.32,600668
2023-09-14 15:35:00,450.31,450.36,450.1129,450.355,866662
2023-09-14 15:40:00,450.35,450.49,450.285,450.365,763867
2023-09-14 15:45:00,450.365,450.54,450.365,450.4893,1189448
2023-09-14 15:50:00,450.49,450.65,450.29,450.36,1546711
2023-09-14 15:55:00,450.36,450.49,450.14,450.3,2704665
2023-09-14 16:00:00,450.3,450.58,450.18,450.39,4696281
2023-09-15 09:30:00,447.15,447.48,447.07,447.28,1022677
2023-09-15 09:35:00,447.28,447.33,446.8,447.2,1938335
2023-09-15 09:40:00,447.19,447.225,446.78,446.87,1306180
2023-09-15 09:45:00,446.87,447.0,446.4088,446.52,1389813
2023-09-15 09:50:00,446.52,446.67,446.185,446.35,979133
2023-09-15 09:55:00,446.335,446.66,446.215,446.32,996128
2023-09-15 10:00:00,446.31,446.93,446.0,446.7,1350149
2023-09-15 10:05:00,446.71,446.89,446.44,446.82,1168528
2023-09-15 10:10:00,446.825,446.935,446.16,446.33,1204772
2023-09-15 10:15:00,446.33,446.46,445.57,445.782,1444268
2023-09-15 10:20:00,445.78,446.17,445.775,446.06,918244
2023-09-15 10:25:00,446.07,446.42,445.96,446.08,1029362
2023-09-15 10:30:00,446.08,446.11,445.785,445.885,899368
2023-09-15 10:35:00,445.88,446.1763,445.67,445.9399,1025332
2023-09-15 10:40:00,445.94,446.2399,445.79,445.8,792473
2023-09-15 10:45:00,445.81,446.0,445.62,445.875,686362
2023-09-15 10:50:00,445.88,445.93,445.42,445.58,670087
2023-09-15 10:55:00,445.58,445.585,444.82,444.91,1452068
2023-09-15 11:00:00,444.89,444.93,444.4624,444.57,1245565
2023-09-15 11:05:00,444.56,444.61,444.28,444.5,992264
2023-09-15 11:10:00,444.5,444.91,444.33,444.855,1156089
2023-09-15 11:15:00,444.845,444.87,444.47,444.47,762877
2023-09-15 11:20:00,444.47,444.72,444.46,444.56,579547
2023-09-15 11:25:00,444.56,444.79,444.425,444.71,778108
2023-09-15 11:30:00,444.7,445.01,444.53,444.915,786678
2023-09-15 11:35:00,444.91,445.125,444.65,444.73,697150
2023-09-15 11:40:00,444.73,444.965,444.6,444.86,454540
2023-09-15 11:45:00,444.88,445.23,444.85,444.91,549321
2023-09-15 11:50:00,444.9,445.32,444.87,445.16,521433
2023-09-15 11:55:00,445.1588,445.18,444.9734,445.04,442720
2023-09-15 12:00:00,445.0301,445.2249,444.7,445.19,627272
2023-09-15 12:05:00,445.19,445.28,445.0,445.25,480457
2023-09-15 12:10:00,445.25,445.28,445.09,445.26,325668
2023-09-15 12:15:00,445.27,445.27,444.89,445.04,501720
2023-09-15 12:20:00,445.0401,445.22,444.92,445.18,393070
2023-09-15 12:25:00,445.17,445.26,444.99,445.12,425526
2023-09-15 12:30:00,445.11,445.175,444.83,445.0,361421
2023-09-15 12:35:00,445.0,445.2,444.95,445.0036,406951
2023-09-15 12:40:00,445.01,445.33,444.98,445.27,355320
2023-09-15 12:45:00,445.28,445.38,445.12,445.2,357863
2023-09-15 12:50:00,445.19,445.325,445.02,445.28,476186
2023-09-15 12:55:00,445.275,445.38,445.105,445.12,346406
2023-09-15 13:00:00,445.11,445.19,444.94,445.135,292181
2023-09-15 13:05:00,445.13,445.13,444.42,444.42,582459
2023-09-15 13:10:00,444.42,444.48,444.28,444.31,578927
2023-09-15 13:15:00,444.31,444.315,443.9432,444.01,798565
2023-09-15 13:20:00,444.01,444.08,443.68,443.6899,589931
2023-09-15 13:25:00,443.69,443.7291,443.34,443.55,852227
2023-09-15 13:30:00,443.545,443.56,443.05,443.08,814417
2023-09-15 13:35:00,443.07,443.6588,443.02,443.62,996942
2023-09-15 13:40:00,443.625,443.945,443.48,443.875,763750
2023-09-15 13:45:00,443.875,444.17,443.69,444.145,878542
2023-09-15 13:50:00,444.145,444.1795,443.85,443.88,658387
2023-09-15 13:55:00,443.88,444.12,443.84,443.945,498827
2023-09-15 14:00:00,443.945,444.01,443.77,443.775,455415
2023-09-15 14:05:00,443.775,443.84,443.565,443.705,952202
2023-09-15 14:10:00,443.71,443.83,443.41,443.695,1330243
2023-09-15 14:15:00,443.7312,443.74,443.3264,443.4,540994
2023-09-15 14:20:00,443.41,443.5812,443.28,443.4219,658942
2023-09-15 14:25:00,443.425,443.56,443.2624,443.27,591708
2023-09-15 14:30:00,443.2601,443.49,443.18,443.21,627343
2023-09-15 14:35:00,443.21,443.575,443.21,443.57,755923
2023-09-15 14:40:00,443.57,443.7799,443.43,443.625,751286
2023-09-15 14:45:00,443.63,443.76,443.54,443.73,367893
2023-09-15 14:50:00,443.73,443.879,443.58,443.82,443771
2023-09-15 14:55:00,443.825,443.86,443.35,443.6,612373
2023-09-15 15:00:00,443.6,443.91,443.6,443.725,507284
2023-09-15 15:05:00,443.725,443.725,443.395,443.41,465982
2023-09-15 15:10:00,443.41,443.55,443.27,443.475,555570
2023-09-15 15:15:00,443.4712,443.75,443.465,443.7,768403
2023-09-15 15:20:00,443.705,443.9,443.59,443.725,729466
2023-09-15 15:25:00,443.72,443.735,443.49,443.53,695689
2023-09-15 15:30:00,443.53,443.99,443.46,443.935,975065
2023-09-15 15:35:00,443.92,443.97,443.43,443.5,1029830
2023-09-15 15:40:00,443.495,443.67,443.09,443.22,1901955
2023-09-15 15:45:00,443.23,443.385,443.01,443.2106,1423860
2023-09-15 15:50:00,443.21,443.46,442.92,443.375,2369655
2023-09-15 15:55:00,443.375,443.52,443.125,443.17,3182827
2023-09-15 16:00:00,443.17,443.48,443.05,443.29,7375943
2023-09-18 09:30:00,443.05,443.24,442.76,443.15,411085
2023-09-18 09:35:00,443.15,443.545,442.78,443.47,900493
2023-09-18 09:40:00,443.465,443.76,443.27,443.32,807810
2023-09-18 09:45:00,443.35,443.36,442.6,442.73,843746
2023-09-18 09:50:00,442.74,442.97,442.56,442.97,728280
2023-09-18 09:55:00,442.98,443.3,442.78,442.88,544219
2023-09-18 10:00:00,442.9,443.11,442.74,443.1,380493
2023-09-18 10:05:00,443.1,443.32,442.915,443.129,535356
2023-09-18 10:10:00,443.13,443.39,442.7101,443.21,559374
2023-09-18 10:15:00,443.21,443.71,443.21,443.53,733254
2023-09-18 10:20:00,443.53,443.71,443.45,443.71,388831
2023-09-18 10:25:00,443.715,443.74,443.35,443.489,475702
2023-09-18 10:30:00,443.48,443.7,443.31,443.475,673073
2023-09-18 10:35:00,443.46,443.76,443.35,443.73,574940
2023-09-18 10:40:00,443.7297,443.82,443.055,443.19,608337
2023-09-18 10:45:00,443.18,443.57,443.03,443.54,556345
2023-09-18 10:50:00,443.53,443.65,443.38,443.55,314559
2023-09-18 10:55:00,443.57,443.63,443.26,443.63,454474
2023-09-18 11:00:00,443.62,443.86,443.59,443.64,426690
2023-09-18 11:05:00,443.63,443.84,443.55,443.605,345908
2023-09-18 11:10:00,443.6,443.72,443.43,443.48,408716
2023-09-18 11:15:00,443.48,443.527,443.27,443.435,280406
2023-09-18 11:20:00,443.44,443.91,443.44,443.83,431789
2023-09-18 11:25:00,443.83,443.9701,443.69,443.9006,390212
2023-09-18 11:30:00,443.905,444.1778,443.88,444.17,533239
2023-09-18 11:35:00,444.15,444.52,444.15,444.285,887968
2023-09-18 11:40:00,444.29,444.42,444.16,444.345,469840
2023-09-18 11:45:00,444.338,444.77,444.3,444.66,698902
2023-09-18 11:50:00,444.66,444.66,444.48,444.595,370894
2023-09-18 11:55:00,444.599,444.77,444.555,444.74,398303
2023-09-18 12:00:00,444.74,444.79,444.53,444.63,460257
2023-09-18 12:05:00,444.6366,444.71,444.56,444.56,270091
2023-09-18 12:10:00,444.56,444.57,444.32,444.36,429385
2023-09-18 12:15:00,444.35,444.43,444.28,444.42,409349
2023-09-18 12:20:00,444.415,444.67,444.38,444.59,362817
2023-09-18 12:25:00,444.59,444.63,444.47,444.57,219242
2023-09-18 12:30:00,444.56,444.94,444.56,444.85,519287
2023-09-18 12:35:00,444.86,444.97,444.7,444.89,548915
2023-09-18 12:40:00,444.89,444.9027,444.72,444.77,189537
2023-09-18 12:45:00,444.77,444.84,444.58,444.65,239312
2023-09-18 12:50:00,444.65,444.84,444.65,444.7993,301042
2023-09-18 12:55:00,444.8,444.82,444.53,444.585,243709
2023-09-18 13:00:00,444.59,444.64,444.44,444.63,259319
2023-09-18 13:05:00,444.64,444.74,444.5,444.51,226548
2023-09-18 13:10:00,444.509,444.555,444.3464,444.38,332336
2023-09-18 13:15:00,444.38,444.44,444.2,444.25,266670
2023-09-18 13:20:00,444.25,444.41,444.155,444.3888,343092
2023-09-18 13:25:00,444.39,444.6423,444.34,444.585,246980
2023-09-18 13:30:00,444.59,444.66,444.41,444.57,271279
2023-09-18 13:35:00,444.57,444.79,444.56,444.695,258028
2023-09-18 13:40:00,444.7,444.7299,444.51,444.5472,224980
2023-09-18 13:45:00,444.54,444.59,444.4,444.46,195733
2023-09-18 13:50:00,444.47,444.52,444.37,444.445,177071
2023-09-18 13:55:00,444.445,444.59,444.3,444.35,268968
2023-09-18 14:00:00,444.35,444.41,444.28,444.295,215359
2023-09-18 14:05:00,444.29,444.45,444.26,444.2807,315621
2023-09-18 14:10:00,444.28,444.45,444.21,444.25,245158
2023-09-18 14:15:00,444.24,444.49,444.24,444.48,221221
2023-09-18 14:20:00,444.48,444.52,444.24,444.27,232071
2023-09-18 14:25:00,444.27,444.36,444.11,444.1716,275506
2023-09-18 14:30:00,444.18,444.2299,444.01,444.05,523377
2023-09-18 14:35:00,444.05,444.295,444.04,444.27,313496
2023-09-18 14:40:00,444.255,444.34,444.04,444.045,347807
2023-09-18 14:45:00,444.05,444.21,444.05,444.0999,326315
2023-09-18 14:50:00,444.1,444.1983,443.78,443.799,358995
2023-09-18 14:55:00,443.7895,443.89,443.175,443.3005,1028105
2023-09-18 15:00:00,443.31,443.63,443.31,443.42,677028
2023-09-18 15:05:00,443.415,443.54,443.315,443.51,438255
2023-09-18 15:10:00,443.505,443.73,443.45,443.625,660423
2023-09-18 15:15:00,443.62,443.705,443.48,443.66,386065
2023-09-18 15:20:00,443.66,443.72,443.42,443.4299,439573
2023-09-18 15:25:00,443.43,443.53,443.23,443.325,533569
2023-09-18 15:30:00,443.323,443.55,443.32,443.399,472907
2023-09-18 15:35:00,443.4,443.48,443.185,443.265,639621
2023-09-18 15:40:00,443.26,443.33,443.18,443.22,920142
2023-09-18 15:45:00,443.22,443.46,443.175,443.21,766219
2023-09-18 15:50:00,443.2,443.49,443.18,443.4679,967061
2023-09-18 15:55:00,443.47,443.589,443.25,443.53,1284216
2023-09-18 16:00:00,443.525,443.73,443.455,443.64,2762487
2023-09-19 09:30:00,442.68,442.78,442.54,442.63,342349
2023-09-19 09:35:00,442.635,442.91,442.39,442.76,805346
2023-09-19 09:40:00,442.76,442.945,442.62,442.82,573272
2023-09-19 09:45:00,442.829,443.25,442.645,443.02,730914
2023-09-19 09:50:00,443.03,443.05,442.59,442.595,581002
2023-09-19 09:55:00,442.6,442.92,442.43,442.48,600363
2023-09-19 10:00:00,442.48,442.53,441.97,442.07,1143256
2023-09-19 10:05:00,442.07,442.07,441.375,441.45,1140641
2023-09-19 10:10:00,441.45,441.67,441.33,441.372,966663
2023-09-19 10:15:00,441.38,441.57,441.38,441.46,600050
2023-09-19 10:20:00,441.46,441.65,441.09,441.51,819208
2023-09-19 10:25:00,441.51,441.75,441.5,441.68,544052
2023-09-19 10:30:00,441.67,441.765,441.37,441.48,522040
2023-09-19 10:35:00,441.4805,441.5593,441.14,441.1605,557443
2023-09-19 10:40:00,441.17,441.32,440.55,440.575,959787
2023-09-19 10:45:00,440.56,441.12,440.54,441.045,628374
2023-09-19 10:50:00,441.05,441.0975,440.67,440.69,669848
2023-09-19 10:55:00,440.6989,440.8,440.55,440.62,714381
2023-09-19 11:00:00,440.625,440.76,440.51,440.74,550338
2023-09-19 11:05:00,440.7305,440.79,440.495,440.74,654679
2023-09-19 11:10:00,440.73,440.76,440.55,440.63,554360
2023-09-19 11:15:00,440.63,440.92,440.561,440.57,477339
2023-09-19 11:20:00,440.58,440.78,440.54,440.7,393572
2023-09-19 11:25:00,440.7,440.74,440.51,440.7,419254
2023-09-19 11:30:00,440.69,440.89,440.67,440.735,383747
2023-09-19 11:35:00,440.73,441.0199,440.7291,440.9694,428307
2023-09-19 11:40:00,440.965,441.04,440.84,440.93,374114
2023-09-19 11:45:00,440.9299,440.935,440.53,440.585,343655
2023-09-19 11:50:00,440.58,440.735,440.44,440.555,464930
2023-09-19 11:55:00,440.5599,440.76,440.44,440.635,264384
2023-09-19 12:00:00,440.63,440.94,440.615,440.72,363230
2023-09-19 12:05:00,440.72,440.8,440.41,440.4399,419225
2023-09-19 12:10:00,440.42,440.52,440.231,440.33,378956
2023-09-19 12:15:00,440.32,440.68,440.3,440.6308,414381
2023-09-19 12:20:00,440.63,440.82,440.57,440.685,526474
2023-09-19 12:25:00,440.7,440.72,440.5301,440.64,444361
2023-09-19 12:30:00,440.65,440.72,440.44,440.485,300650
2023-09-19 12:35:00,440.49,440.57,440.38,440.4,233187
2023-09-19 12:40:00,440.39,440.43,440.14,440.265,516862
2023-09-19 12:45:00,440.265,440.42,440.14,440.22,355920
2023-09-19 12:50:00,440.22,440.23,439.94,440.18,503744
2023-09-19 12:55:00,440.2,440.465,440.1,440.445,295072
2023-09-19 13:00:00,440.445,440.665,440.44,440.5301,365148
2023-09-19 13:05:00,440.53,440.84,440.53,440.82,331975
2023-09-19 13:10:00,440.82,440.9281,440.7,440.89,330538
2023-09-19 13:15:00,440.89,441.02,440.7995,441.0,309543
2023-09-19 13:20:00,441.0036,441.3,440.92,441.28,522610
2023-09-19 13:25:00,441.27,441.295,441.0999,441.14,288779
2023-09-19 13:30:00,441.135,441.36,440.95,441.35,571860
2023-09-19 13:35:00,441.35,441.49,441.29,441.42,371795
2023-09-19 13:40:00,441.42,441.66,441.3399,441.62,451745
2023-09-19 13:45:00,441.619,441.9701,441.43,441.9404,555825
2023-09-19 13:50:00,441.95,442.25,441.86,442.205,747237
2023-09-19 13:55:00,442.205,442.27,441.995,442.17,763640
2023-09-19 14:00:00,442.175,442.2256,442.02,442.11,684076
2023-09-19 14:05:00,442.1,442.45,442.09,442.28,542752
2023-09-19 14:10:00,442.285,442.39,442.19,442.27,446487
2023-09-19 14:15:00,442.28,442.34,441.97,442.055,602858
2023-09-19 14:20:00,442.055,442.29,441.98,442.215,482438
2023-09-19 14:25:00,442.22,442.24,442.0904,442.125,335546
2023-09-19 14:30:00,442.11,442.28,442.02,442.19,433912
2023-09-19 14:35:00,442.19,442.68,442.16,442.5908,737916
2023-09-19 14:40:00,442.6,443.29,442.575,443.09,1316727
2023-09-19 14:45:00,443.095,443.14,442.88,442.93,553605
2023-09-19 14:50:00,442.92,442.96,442.635,442.65,495808
2023-09-19 14:55:00,442.65,442.66,442.36,442.47,600543
2023-09-19 15:00:00,442.47,442.535,441.94,442.125,630969
2023-09-19 15:05:00,442.095,442.28,442.03,442.2,406409
2023-09-19 15:10:00,442.2,442.26,442.0406,442.17,257295
2023-09-19 15:15:00,442.165,442.165,441.88,442.13,591517
2023-09-19 15:20:00,442.1395,442.169,441.91,441.99,299377
2023-09-19 15:25:00,441.98,442.29,441.96,442.28,524283
2023-09-19 15:30:00,442.29,442.58,442.29,442.45,570068
2023-09-19 15:35:00,442.445,442.58,442.26,442.56,541123
2023-09-19 15:40:00,442.565,442.61,442.33,442.57,827061
2023-09-19 15:45:00,442.56,443.18,442.54,443.09,1278602
2023-09-19 15:50:00,443.1,443.16,442.88,442.921,1122512
2023-09-19 15:55:00,442.92,443.015,442.705,442.95,1043546
2023-09-19 16:00:00,442.945,442.965,442.49,442.75,2070503
2023-09-20 09:30:00,444.01,444.02,443.575,443.61,429832
2023-09-20 09:35:00,443.6,443.875,443.44,443.77,751562
2023-09-20 09:40:00,443.77,444.12,443.72,443.98,678501
2023-09-20 09:45:00,443.985,444.17,443.86,444.11,709180
2023-09-20 09:50:00,444.13,444.26,443.89,443.9,526586
2023-09-20 09:55:00,443.91,444.26,443.91,444.26,678940
2023-09-20 10:00:00,444.25,444.42,443.95,444.09,619953
2023-09-20 10:05:00,444.1,444.435,443.84,443.94,560827
2023-09-20 10:10:00,443.94,444.26,443.84,444.185,431854
2023-09-20 10:15:00,444.185,444.22,443.4407,443.6301,724362
2023-09-20 10:20:00,443.63,443.7,443.4,443.64,381362
2023-09-20 10:25:00,443.64,443.79,443.5,443.7701,350671
2023-09-20 10:30:00,443.77,443.86,443.55,443.725,332253
2023-09-20 10:35:00,443.74,443.99,443.62,443.83,444154
2023-09-20 10:40:00,443.835,443.93,443.63,443.73,262104
2023-09-20 10:45:00,443.73,443.905,443.58,443.89,237329
2023-09-20 10:50:00,443.885,443.885,443.54,443.63,337501
2023-09-20 10:55:00,443.63,443.83,443.54,443.82,279913
2023-09-20 11:00:00,443.81,443.8795,443.49,443.6104,414128
2023-09-20 11:05:00,443.61,443.785,443.435,443.495,329441
2023-09-20 11:10:00,443.5,443.9469,443.4906,443.86,316594
2023-09-20 11:15:00,443.86,443.945,443.705,443.7401,333596
2023-09-20 11:20:00,443.74,443.74,443.49,443.52,271292
2023-09-20 11:25:00,443.525,443.56,443.3225,443.415,286203
2023-09-20 11:30:00,443.412,443.46,443.23,443.3295,321015
2023-09-20 11:35:00,443.3201,443.51,443.27,443.505,595185
2023-09-20 11:40:00,443.5,443.5401,443.16,443.245,350904
2023-09-20 11:45:00,443.25,443.44,443.17,443.42,283601
2023-09-20 11:50:00,443.43,443.6,443.385,443.5,327447
2023-09-20 11:55:00,443.505,443.695,443.465,443.62,192223
2023-09-20 12:00:00,443.625,443.76,443.605,443.64,287141
2023-09-20 12:05:00,443.64,443.68,443.53,443.55,167302
2023-09-20 12:10:00,443.56,443.65,443.48,443.58,166358
2023-09-20 12:15:00,443.585,443.76,443.5549,443.72,192444
2023-09-20 12:20:00,443.71,443.75,443.6201,443.75,186749
2023-09-20 12:25:00,443.745,443.75,443.49,443.545,184277
2023-09-20 12:30:00,443.53,443.9,443.5201,443.85,267761
2023-09-20 12:35:00,443.84,443.8868,443.78,443.82,147655
2023-09-20 12:40:00,443.81,443.96,443.77,443.89,178681
2023-09-20 12:45:00,443.88,443.94,443.8,443.825,202031
2023-09-20 12:50:00,443.83,443.97,443.77,443.845,285438
2023-09-20 12:55:00,443.84,443.98,443.77,443.92,193472
2023-09-20 13:00:00,443.91,444.01,443.86,443.87,358591
2023-09-20 13:05:00,443.87,443.955,443.77,443.79,227852
2023-09-20 13:10:00,443.795,444.01,443.789,443.88,209352
2023-09-20 13:15:00,443.87,443.89,443.59,443.605,250456
2023-09-20 13:20:00,443.6,443.925,443.58,443.92,240775
2023-09-20 13:25:00,443.915,443.99,443.725,443.83,236366
2023-09-20 13:30:00,443.83,443.83,443.555,443.59,131737
2023-09-20 13:35:00,443.58,443.66,443.495,443.52,221695
2023-09-20 13:40:00,443.515,443.58,443.07,443.11,428677
2023-09-20 13:45:00,443.105,443.23,443.075,443.21,280660
2023-09-20 13:50:00,443.21,443.22,443.09,443.16,165531
2023-09-20 13:55:00,443.18,443.68,443.165,443.68,284043
2023-09-20 14:00:00,443.68,443.71,442.2,442.37,1034032
2023-09-20 14:05:00,442.35,442.4,441.53,441.88,2956044
2023-09-20 14:10:00,441.88,442.65,441.73,442.02,1203592
2023-09-20 14:15:00,442.01,442.55,441.92,442.11,947706
2023-09-20 14:20:00,442.1,442.6699,442.05,442.335,674337
2023-09-20 14:25:00,442.34,442.9301,442.19,442.915,700315
2023-09-20 14:30:00,442.92,442.95,442.22,442.3488,632989
2023-09-20 14:35:00,442.32,443.75,442.32,443.28,1837730
2023-09-20 14:40:00,443.28,443.72,442.78,442.84,1052553
2023-09-20 14:45:00,442.82,443.35,442.44,442.79,911015
2023-09-20 14:50:00,442.81,442.97,441.61,441.61,1505137
2023-09-20 14:55:00,441.61,442.36,441.47,442.205,1442757
2023-09-20 15:00:00,442.21,442.49,441.54,441.98,1009629
2023-09-20 15:05:00,441.9975,442.26,441.59,441.98,818820
2023-09-20 15:10:00,441.96,441.97,441.255,441.4429,1073746
2023-09-20 15:15:00,441.45,441.52,440.6,440.74,1240830
2023-09-20 15:20:00,440.74,440.98,440.24,440.55,1234323
2023-09-20 15:25:00,440.55,441.1064,440.295,440.9601,1141917
2023-09-20 15:30:00,440.97,440.97,440.49,440.5,898221
2023-09-20 15:35:00,440.51,440.57,439.44,439.65,1962098
2023-09-20 15:40:00,439.65,439.755,439.15,439.395,1655530
2023-09-20 15:45:00,439.395,439.53,439.12,439.12,1348995
2023-09-20 15:50:00,439.13,439.545,438.925,439.5086,2198126
2023-09-20 15:55:00,439.5,439.57,439.09,439.11,2380979
2023-09-20 16:00:00,439.11,439.185,438.43,438.58,4785683
2023-09-21 09:30:00,435.7,435.97,435.55,435.97,711564
2023-09-21 09:35:00,435.965,435.97,435.0,435.44,1867507
2023-09-21 09:40:00,435.44,435.64,434.74,434.96,1407562
2023-09-21 09:45:00,434.96,435.26,434.7,434.985,1023117
2023-09-21 09:50:00,434.985,435.2,434.635,434.7,952217
2023-09-21 09:55:00,434.7139,434.9,434.33,434.364,1363086
2023-09-21 10:00:00,434.36,434.5,434.07,434.1088,1123507
2023-09-21 10:05:00,434.11,434.29,434.01,434.24,1242495
2023-09-21 10:10:00,434.23,434.97,434.2,434.7373,1947301
2023-09-21 10:15:00,434.74,434.94,434.48,434.9,1101490
2023-09-21 10:20:00,434.9,435.56,434.89,435.4,1337607
2023-09-21 10:25:00,435.42,435.57,434.88,434.9112,1083649
2023-09-21 10:30:00,434.92,434.98,434.5601,434.62,993190
2023-09-21 10:35:00,434.63,434.85,434.44,434.7,972833
2023-09-21 10:40:00,434.69,435.37,434.69,435.2,872728
2023-09-21 10:45:00,435.2,435.44,434.7,434.73,704429
2023-09-21 10:50:00,434.73,434.85,434.43,434.44,529545
2023-09-21 10:55:00,434.44,434.6469,434.33,434.4,732375
2023-09-21 11:00:00,434.41,434.58,434.01,434.14,763767
2023-09-21 11:05:00,434.15,434.54,434.0901,434.45,641501
2023-09-21 11:10:00,434.44,434.57,434.1401,434.23,547925
2023-09-21 11:15:00,434.24,434.41,433.72,433.75,899436
2023-09-21 11:20:00,433.75,434.19,433.65,434.095,779192
2023-09-21 11:25:00,434.1,434.17,433.765,433.84,638751
2023-09-21 11:30:00,433.84,433.95,433.72,433.93,532778
2023-09-21 11:35:00,433.93,434.405,433.9,434.33,695164
2023-09-21 11:40:00,434.34,434.38,434.02,434.12,525863
2023-09-21 11:45:00,434.115,434.3595,433.88,434.3595,498393
2023-09-21 11:50:00,434.35,434.52,434.23,434.45,412006
2023-09-21 11:55:00,434.45,434.45,434.045,434.22,501751
2023-09-21 12:00:00,434.23,434.325,433.81,433.86,647842
2023-09-21 12:05:00,433.83,433.89,433.64,433.72,560476
2023-09-21 12:10:00,433.71,433.79,433.43,433.4799,591437
2023-09-21 12:15:00,433.48,433.755,433.47,433.51,428067
2023-09-21 12:20:00,433.51,433.84,433.43,433.75,445033
2023-09-21 12:25:00,433.74,433.83,433.52,433.68,498865
2023-09-21 12:30:00,433.675,433.86,433.52,433.7,499167
2023-09-21 12:35:00,433.695,434.17,433.69,433.94,683968
2023-09-21 12:40:00,433.94,434.065,433.595,433.71,457860
2023-09-21 12:45:00,433.715,433.96,433.5512,433.835,506002
2023-09-21 12:50:00,433.83,433.9567,433.8036,433.8527,412528
2023-09-21 12:55:00,433.875,434.105,433.63,433.665,453700
2023-09-21 13:00:00,433.68,433.755,433.49,433.518,375995
2023-09-21 13:05:00,433.51,433.9065,433.49,433.86,397754
2023-09-21 13:10:00,433.87,434.14,433.77,434.06,362145
2023-09-21 13:15:00,434.05,434.69,434.05,434.66,935856
2023-09-21 13:20:00,434.66,434.72,434.43,434.52,838534
2023-09-21 13:25:00,434.52,434.73,434.445,434.68,539935
2023-09-21 13:30:00,434.68,434.815,434.57,434.74,521576
2023-09-21 13:35:00,434.74,434.86,434.541,434.7,621658
2023-09-21 13:40:00,434.69,434.9,434.55,434.741,393487
2023-09-21 13:45:00,434.74,434.82,434.34,434.57,599157
2023-09-21 13:50:00,434.56,434.65,434.445,434.53,274615
2023-09-21 13:55:00,434.535,434.68,434.35,434.37,450060
2023-09-21 14:00:00,434.37,434.54,434.24,434.29,382696
2023-09-21 14:05:00,434.295,434.315,434.065,434.25,454685
2023-09-21 14:10:00,434.24,434.38,434.0,434.28,485689
2023-09-21 14:15:00,434.285,434.31,433.79,433.82,497798
2023-09-21 14:20:00,433.815,433.98,433.68,433.73,625573
2023-09-21 14:25:00,433.72,433.88,433.44,433.44,810118
2023-09-21 14:30:00,433.45,433.53,433.24,433.37,828896
2023-09-21 14:35:00,433.37,433.37,433.14,433.35,743144
2023-09-21 14:40:00,433.342,433.77,433.2,433.6,1106456
2023-09-21 14:45:00,433.6007,433.73,433.51,433.57,530623
2023-09-21 14:50:00,433.56,433.64,433.285,433.305,607689
2023-09-21 14:55:00,433.305,433.4,433.12,433.21,784952
2023-09-21 15:00:00,433.22,433.36,432.98,433.0195,814804
2023-09-21 15:05:00,433.02,433.39,432.925,433.0107,738504
2023-09-21 15:10:00,433.01,433.1687,432.87,432.935,995910
2023-09-21 15:15:00,432.935,432.95,432.595,432.6216,1170488
2023-09-21 15:20:00,432.63,432.66,432.36,432.61,1099217
2023-09-21 15:25:00,432.62,432.77,432.47,432.56,888323
2023-09-21 15:30:00,432.56,432.57,431.88,431.895,2201586
2023-09-21 15:35:00,431.89,432.28,431.765,432.18,1807554
2023-09-21 15:40:00,432.18,432.4,432.135,432.21,1547190
2023-09-21 15:45:00,432.22,432.375,431.89,432.315,2086336
2023-09-21 15:50:00,432.315,432.37,431.77,431.83,2102400
2023-09-21 15:55:00,431.83,432.03,431.65,431.69,3734191
2023-09-21 16:00:00,431.69,431.82,431.23,431.41,5912388
2023-09-22 09:30:00,432.46,432.54,432.135,432.14,470799
2023-09-22 09:35:00,432.13,432.64,432.02,432.1015,1454638
2023-09-22 09:40:00,432.11,432.46,431.96,432.0,1198289
2023-09-22 09:45:00,432.0,432.4,431.78,432.355,1310419
2023-09-22 09:50:00,432.355,432.51,432.025,432.2099,1037674
2023-09-22 09:55:00,432.22,432.22,431.67,431.895,998124
2023-09-22 10:00:00,431.89,432.48,431.79,432.22,967042
2023-09-22 10:05:00,432.21,432.9,432.17,432.89,774403
2023-09-22 10:10:00,432.89,433.1103,432.611,432.645,1035370
2023-09-22 10:15:00,432.645,432.685,431.99,432.23,1226090
2023-09-22 10:20:00,432.225,432.52,431.96,432.345,815878
2023-09-22 10:25:00,432.36,432.95,432.21,432.5882,870686
2023-09-22 10:30:00,432.59,433.06,432.36,433.01,883756
2023-09-22 10:35:00,433.01,433.46,432.995,433.36,1101363
2023-09-22 10:40:00,433.36,433.59,433.17,433.19,938018
2023-09-22 10:45:00,433.185,433.42,432.97,433.27,825454
2023-09-22 10:50:00,433.26,433.48,433.2,433.43,671517
2023-09-22 10:55:00,433.43,433.81,433.131,433.775,956018
2023-09-22 11:00:00,433.775,433.795,433.43,433.46,616690
2023-09-22 11:05:00,433.46,433.46,433.28,433.42,668445
2023-09-22 11:10:00,433.43,433.59,433.051,433.1,695915
2023-09-22 11:15:00,433.091,433.35,432.94,433.27,654296
2023-09-22 11:20:00,433.28,433.51,433.1283,433.4,508894
2023-09-22 11:25:00,433.41,433.51,433.2,433.5,418590
2023-09-22 11:30:00,433.5,433.9,433.499,433.88,779447
2023-09-22 11:35:00,433.88,433.9304,433.67,433.84,486401
2023-09-22 11:40:00,433.83,434.1,433.8,433.89,715101
2023-09-22 11:45:00,433.89,433.921,433.53,433.6499,541434
2023-09-22 11:50:00,433.645,433.71,433.41,433.56,327497
2023-09-22 11:55:00,433.565,433.61,433.15,433.32,441114
2023-09-22 12:00:00,433.31,433.34,432.77,432.8107,634663
2023-09-22 12:05:00,432.8,433.04,432.7,432.73,448040
2023-09-22 12:10:00,432.735,433.02,432.655,432.76,596806
2023-09-22 12:15:00,432.75,433.04,432.74,432.93,342909
2023-09-22 12:20:00,432.9323,433.43,432.9323,433.38,516165
2023-09-22 12:25:00,433.3783,433.5,433.21,433.255,406512
2023-09-22 12:30:00,433.259,433.33,433.115,433.15,404651
2023-09-22 12:35:00,433.15,433.5,433.13,433.4,433952
2023-09-22 12:40:00,433.4,433.76,433.39,433.63,391007
2023-09-22 12:45:00,433.64,433.7572,433.58,433.68,315037
2023-09-22 12:50:00,433.688,433.725,433.46,433.48,326401
2023-09-22 12:55:00,433.479,433.61,433.44,433.53,243345
2023-09-22 13:00:00,433.53,433.71,433.31,433.3501,330728
2023-09-22 13:05:00,433.345,433.44,433.19,433.27,311119
2023-09-22 13:10:00,433.28,433.455,432.94,433.03,414879
2023-09-22 13:15:00,433.02,433.28,432.9001,432.97,466007
2023-09-22 13:20:00,432.96,433.02,432.42,432.42,539325
2023-09-22 13:25:00,432.42,432.61,431.97,432.09,688097
2023-09-22 13:30:00,432.0823,432.21,431.96,432.03,809386
2023-09-22 13:35:00,432.03,432.19,431.76,432.09,883155
2023-09-22 13:40:00,432.09,432.135,431.34,431.54,1237635
2023-09-22 13:45:00,431.529,431.57,431.23,431.5299,794364
2023-09-22 13:50:00,431.52,431.57,431.21,431.5499,644880
2023-09-22 13:55:00,431.54,431.87,431.52,431.64,1217344
2023-09-22 14:00:00,431.65,431.945,431.591,431.7901,374481
2023-09-22 14:05:00,431.795,431.799,431.41,431.605,481188
2023-09-22 14:10:00,431.6,431.7,431.3,431.31,497657
2023-09-22 14:15:00,431.31,431.37,430.88,430.98,1240845
2023-09-22 14:20:00,430.97,431.015,430.55,430.99,899140
2023-09-22 14:25:00,430.985,431.45,430.86,431.36,725492
2023-09-22 14:30:00,431.355,431.42,430.93,430.9401,625587
2023-09-22 14:35:00,430.94,431.25,430.765,431.22,674700
2023-09-22 14:40:00,431.21,431.279,430.8,430.86,607257
2023-09-22 14:45:00,430.86,430.93,430.555,430.74,681967
2023-09-22 14:50:00,430.74,431.155,430.68,431.09,547492
2023-09-22 14:55:00,431.091,431.12,430.87,431.01,481668
2023-09-22 15:00:00,431.01,431.64,430.875,431.59,807552
2023-09-22 15:05:00,431.595,431.98,431.5,431.75,813210
2023-09-22 15:10:00,431.75,432.785,431.7,432.5799,1127472
2023-09-22 15:15:00,432.578,432.81,432.47,432.74,850982
2023-09-22 15:20:00,432.74,432.87,432.45,432.6,754360
2023-09-22 15:25:00,432.59,433.21,432.4509,432.8,913114
2023-09-22 15:30:00,432.7913,432.92,432.57,432.725,737234
2023-09-22 15:35:00,432.72,432.79,431.92,431.995,1230779
2023-09-22 15:40:00,432.0,432.1,431.79,431.798,899412
2023-09-22 15:45:00,431.79,431.85,430.9,431.18,2208657
2023-09-22 15:50:00,431.18,431.3,430.29,430.3,3725290
2023-09-22 15:55:00,430.3,430.8,429.99,430.5,4320572
2023-09-22 16:00:00,430.5,430.7,430.21,430.38,6194260
2023-09-25 09:30:00,429.16,429.415,429.11,429.29,586999
2023-09-25 09:35:00,429.3,429.41,428.72,429.18,1317365
2023-09-25 09:40:00,429.18,429.68,428.911,429.64,715386
2023-09-25 09:45:00,429.63,429.89,429.47,429.695,863384
2023-09-25 09:50:00,429.69,430.12,429.68,430.03,868848
2023-09-25 09:55:00,430.03,430.45,429.96,430.39,715285
2023-09-25 10:00:00,430.38,430.76,430.375,430.66,772386
2023-09-25 10:05:00,430.62,430.66,429.95,430.2,1035726
2023-09-25 10:10:00,430.205,430.3395,429.68,430.12,748264
2023-09-25 10:15:00,430.12,430.46,430.01,430.36,645564
2023-09-25 10:20:00,430.37,430.64,429.86,430.0,649271
2023-09-25 10:25:00,429.995,430.12,429.43,429.52,928504
2023-09-25 10:30:00,429.5,429.755,429.23,429.52,801793
2023-09-25 10:35:00,429.53,430.18,429.36,429.85,597303
2023-09-25 10:40:00,429.85,430.07,429.81,429.855,463092
2023-09-25 10:45:00,429.85,430.18,429.72,430.02,471748
2023-09-25 10:50:00,430.0076,430.21,429.68,429.73,543087
2023-09-25 10:55:00,429.73,429.8001,429.33,429.38,589314
2023-09-25 11:00:00,429.37,429.52,429.19,429.25,495505
2023-09-25 11:05:00,429.262,429.58,429.14,429.518,570635
2023-09-25 11:10:00,429.51,430.47,429.43,430.3986,708383
2023-09-25 11:15:00,430.39,430.66,430.255,430.66,655800
2023-09-25 11:20:00,430.669,431.47,430.5821,431.19,1482390
2023-09-25 11:25:00,431.199,431.48,431.15,431.3,705644
2023-09-25 11:30:00,431.305,431.42,430.93,431.075,736601
2023-09-25 11:35:00,431.08,431.21,430.88,431.095,482188
2023-09-25 11:40:00,431.09,431.225,430.91,430.985,384130
2023-09-25 11:45:00,430.98,431.69,430.87,431.57,829161
2023-09-25 11:50:00,431.57,431.66,431.285,431.435,431398
2023-09-25 11:55:00,431.435,431.57,431.34,431.35,445922
2023-09-25 12:00:00,431.36,431.42,431.09,431.195,290739
2023-09-25 12:05:00,431.19,431.39,431.04,431.21,365178
2023-09-25 12:10:00,431.21,431.405,431.09,431.34,332791
2023-09-25 12:15:00,431.33,431.52,431.27,431.5075,341342
2023-09-25 12:20:00,431.5077,431.8409,431.5077,431.805,446052
2023-09-25 12:25:00,431.8,432.02,431.71,431.93,437126
2023-09-25 12:30:00,431.928,431.96,431.78,431.91,380584
2023-09-25 12:35:00,431.88,431.91,431.61,431.6682,392785
2023-09-25 12:40:00,431.66,431.74,431.33,431.5,518957
2023-09-25 12:45:00,431.5,431.61,431.23,431.365,313914
2023-09-25 12:50:00,431.37,431.41,430.86,430.86,354155
2023-09-25 12:55:00,430.865,431.07,430.61,431.0,761516
2023-09-25 13:00:00,430.98,431.119,430.84,431.02,241848
2023-09-25 13:05:00,431.03,431.11,430.82,430.9701,346065
2023-09-25 13:10:00,430.97,431.58,430.95,431.545,356952
2023-09-25 13:15:00,431.545,431.85,431.545,431.65,450437
2023-09-25 13:20:00,431.64,431.77,431.43,431.6108,348413
2023-09-25 13:25:00,431.61,431.65,431.12,431.13,325815
2023-09-25 13:30:00,431.125,431.2,430.66,430.9,519881
2023-09-25 13:35:00,430.89,431.05,430.66,430.92,524896
2023-09-25 13:40:00,430.8999,431.28,430.8999,431.17,382941
2023-09-25 13:45:00,431.168,431.235,430.885,430.95,374897
2023-09-25 13:50:00,430.95,431.12,430.62,431.07,418430
2023-09-25 13:55:00,431.065,431.4,431.03,431.26,327412
2023-09-25 14:00:00,431.25,431.69,431.22,431.68,448547
2023-09-25 14:05:00,431.6782,431.73,431.49,431.69,430380
2023-09-25 14:10:00,431.699,431.699,431.25,431.3685,517300
2023-09-25 14:15:00,431.37,431.49,431.19,431.22,348374
2023-09-25 14:20:00,431.22,431.4,431.055,431.18,433824
2023-09-25 14:25:00,431.17,431.2185,430.85,430.99,454536
2023-09-25 14:30:00,430.99,431.24,430.84,430.85,426913
2023-09-25 14:35:00,430.86,431.47,430.84,431.46,388813
2023-09-25 14:40:00,431.46,431.6801,431.265,431.51,876786
2023-09-25 14:45:00,431.51,431.54,431.06,431.24,546258
2023-09-25 14:50:00,431.24,431.41,431.015,431.02,390914
2023-09-25 14:55:00,431.02,431.3,430.97,431.03,321211
2023-09-25 15:00:00,431.04,431.04,430.72,430.85,570536
2023-09-25 15:05:00,430.84,431.0,430.12,430.23,965661
2023-09-25 15:10:00,430.24,430.26,429.98,430.139,770986
2023-09-25 15:15:00,430.13,430.75,430.11,430.74,940494
2023-09-25 15:20:00,430.74,431.35,430.7301,431.27,1053969
2023-09-25 15:25:00,431.24,431.46,430.92,430.9233,871098
2023-09-25 15:30:00,430.92,431.15,430.6,431.0596,776858
2023-09-25 15:35:00,431.06,431.32,431.0,431.17,580688
2023-09-25 15:40:00,431.17,431.615,431.0501,431.44,721874
2023-09-25 15:45:00,431.435,431.49,431.135,431.38,775484
2023-09-25 15:50:00,431.38,431.84,431.225,431.84,1042821
2023-09-25 15:55:00,431.84,431.88,430.9888,431.7906,1353745
2023-09-25 16:00:00,431.7906,432.27,431.77,432.22,3177009
2023-09-26 09:30:00,429.09,429.46,429.06,429.35,620801
2023-09-26 09:35:00,429.36,429.625,429.01,429.35,1507547
2023-09-26 09:40:00,429.34,429.76,429.29,429.32,969036
2023-09-26 09:45:00,429.32,429.82,429.3,429.53,909691
2023-09-26 09:50:00,429.525,429.7653,428.67,428.7688,994629
2023-09-26 09:55:00,428.76,428.89,428.58,428.67,1305154
2023-09-26 10:00:00,428.682,428.94,428.53,428.84,882545
2023-09-26 10:05:00,428.809,428.92,428.11,428.615,1386781
2023-09-26 10:10:00,428.62,428.79,428.16,428.21,1068022
2023-09-26 10:15:00,428.21,428.35,427.34,427.3929,1616032
2023-09-26 10:20:00,427.39,427.43,426.9917,427.1899,1253760
2023-09-26 10:25:00,427.19,427.59,427.12,427.38,1365215
2023-09-26 10:30:00,427.3701,427.94,427.29,427.92,1337260
2023-09-26 10:35:00,427.928,428.06,427.575,427.6479,908086
2023-09-26 10:40:00,427.645,427.99,427.55,427.9677,634970
2023-09-26 10:45:00,427.97,428.71,427.835,428.66,1140818
2023-09-26 10:50:00,428.67,428.67,427.83,427.88,1085606
2023-09-26 10:55:00,427.8791,427.94,427.63,427.83,668282
2023-09-26 11:00:00,427.83,428.24,427.631,428.12,980447
2023-09-26 11:05:00,428.12,428.2,427.8,427.8,577725
2023-09-26 11:10:00,427.8,427.83,427.39,427.6026,791592
2023-09-26 11:15:00,427.61,427.6312,427.34,427.35,587665
2023-09-26 11:20:00,427.342,427.558,427.28,427.3501,594156
2023-09-26 11:25:00,427.34,427.49,427.135,427.19,449048
2023-09-26 11:30:00,427.1885,427.1885,426.69,426.86,870081
2023-09-26 11:35:00,426.85,427.2,426.63,427.135,1169866
2023-09-26 11:40:00,427.13,427.4,427.01,427.11,931471
2023-09-26 11:45:00,427.11,427.43,426.93,427.3,894086
2023-09-26 11:50:00,427.31,427.3299,426.85,426.97,657012
2023-09-26 11:55:00,426.9795,427.2799,426.84,426.87,545405
2023-09-26 12:00:00,426.86,427.24,426.8493,427.215,526982
2023-09-26 12:05:00,427.2104,427.311,426.87,427.01,520018
2023-09-26 12:10:00,427.005,427.51,426.98,427.46,640085
2023-09-26 12:15:00,427.47,427.7,427.381,427.47,535355
2023-09-26 12:20:00,427.47,427.72,427.23,427.29,483042
2023-09-26 12:25:00,427.3,427.77,427.28,427.65,428561
2023-09-26 12:30:00,427.65,427.7,427.49,427.535,640714
2023-09-26 12:35:00,427.52,427.79,427.43,427.76,625413
2023-09-26 12:40:00,427.76,427.7991,427.59,427.77,209133
2023-09-26 12:45:00,427.77,427.88,427.525,427.54,500199
2023-09-26 12:50:00,427.54,427.82,427.54,427.82,370946
2023-09-26 12:55:00,427.81,427.965,427.735,427.765,395058
2023-09-26 13:00:00,427.76,427.85,427.5,427.57,385750
2023-09-26 13:05:00,427.56,427.88,427.34,427.5401,508251
2023-09-26 13:10:00,427.545,427.88,427.06,427.86,811454
2023-09-26 13:15:00,427.85,427.98,427.79,427.92,429611
2023-09-26 13:20:00,427.92,427.925,427.41,427.52,499773
2023-09-26 13:25:00,427.52,427.545,427.21,427.2927,428676
2023-09-26 13:30:00,427.291,427.47,426.91,427.061,609859
2023-09-26 13:35:00,427.08,427.2,426.745,426.745,563821
2023-09-26 13:40:00,426.74,426.8196,426.195,426.22,1081086
2023-09-26 13:45:00,426.22,426.37,426.035,426.139,712322
2023-09-26 13:50:00,426.131,426.345,426.01,426.32,711416
2023-09-26 13:55:00,426.3199,426.68,426.23,426.43,903810
2023-09-26 14:00:00,426.42,426.78,426.4194,426.65,620637
2023-09-26 14:05:00,426.649,426.67,426.32,426.4914,679689
2023-09-26 14:10:00,426.49,426.515,426.21,426.27,520628
2023-09-26 14:15:00,426.262,426.28,425.91,425.99,1000618
2023-09-26 14:20:00,425.988,426.251,425.8,425.9,604156
2023-09-26 14:25:00,425.9,426.38,425.83,426.18,698649
2023-09-26 14:30:00,426.19,426.24,425.815,425.85,500205
2023-09-26 14:35:00,425.845,426.18,425.75,425.9,508662
2023-09-26 14:40:00,425.9,426.005,425.58,425.585,615049
2023-09-26 14:45:00,425.59,425.85,425.58,425.62,555825
2023-09-26 14:50:00,425.615,425.799,425.53,425.7699,719539
2023-09-26 14:55:00,425.77,425.77,425.47,425.74,805039
2023-09-26 15:00:00,425.75,425.83,425.54,425.655,704279
2023-09-26 15:05:00,425.6507,425.96,425.52,425.5842,764678
2023-09-26 15:10:00,425.58,426.04,425.56,425.91,940492
2023-09-26 15:15:00,425.915,426.03,425.64,425.71,960417
2023-09-26 15:20:00,425.71,425.76,425.24,425.3,1064043
2023-09-26 15:25:00,425.3,425.46,425.02,425.13,975207
2023-09-26 15:30:00,425.1299,425.41,425.08,425.305,879847
2023-09-26 15:35:00,425.31,425.48,425.08,425.17,1095625
2023-09-26 15:40:00,425.165,425.56,425.16,425.495,1015798
2023-09-26 15:45:00,425.5,425.92,425.47,425.7,1615537
2023-09-26 15:50:00,425.7091,425.825,425.22,425.595,1619440
2023-09-26 15:55:00,425.595,425.965,425.595,425.9101,2268191
2023-09-26 16:00:00,425.915,426.04,425.81,425.83,4478494
2023-09-27 09:30:00,427.09,427.35,426.95,427.295,782111
2023-09-27 09:35:00,427.29,427.67,427.12,427.14,909196
2023-09-27 09:40:00,427.14,427.17,426.72,426.75,907780
2023-09-27 09:45:00,426.75,427.645,426.64,427.185,848409
2023-09-27 09:50:00,427.18,427.3399,426.83,426.91,631993
2023-09-27 09:55:00,426.9,427.315,426.89,427.17,473951
2023-09-27 10:00:00,427.18,427.22,426.78,426.82,662741
2023-09-27 10:05:00,426.83,426.93,426.32,426.34,947167
2023-09-27 10:10:00,426.33,426.46,426.15,426.165,824810
2023-09-27 10:15:00,426.161,426.23,425.8501,426.03,1038067
2023-09-27 10:20:00,426.035,426.32,425.865,426.27,686976
2023-09-27 10:25:00,426.27,427.0,426.2,426.87,1676224
2023-09-27 10:30:00,426.87,427.03,426.57,426.6475,993208
2023-09-27 10:35:00,426.63,426.93,426.35,426.85,858782
2023-09-27 10:40:00,426.85,426.89,426.2499,426.3299,598108
2023-09-27 10:45:00,426.32,426.51,426.13,426.15,572741
2023-09-27 10:50:00,426.16,426.5,425.911,425.94,700179
2023-09-27 10:55:00,425.94,425.945,425.21,425.3991,1241974
2023-09-27 11:00:00,425.38,425.43,425.01,425.34,1046890
2023-09-27 11:05:00,425.335,425.6583,425.32,425.4682,734518
2023-09-27 11:10:00,425.44,426.02,425.31,425.91,860421
2023-09-27 11:15:00,425.905,426.06,425.69,425.72,718462
2023-09-27 11:20:00,425.7101,425.84,425.52,425.66,448205
2023-09-27 11:25:00,425.66,425.97,425.45,425.72,605457
2023-09-27 11:30:00,425.7094,426.05,425.61,426.02,630708
2023-09-27 11:35:00,426.03,426.12,425.77,425.95,604321
2023-09-27 11:40:00,425.955,425.96,425.37,425.4,606869
2023-09-27 11:45:00,425.395,425.55,424.9,424.99,842872
2023-09-27 11:50:00,424.985,425.1,424.59,424.84,1078560
2023-09-27 11:55:00,424.845,424.97,424.71,424.87,549357
2023-09-27 12:00:00,424.865,425.02,424.645,424.66,562052
2023-09-27 12:05:00,424.66,424.66,423.97,424.065,1215983
2023-09-27 12:10:00,424.07,424.35,424.0,424.09,845560
2023-09-27 12:15:00,424.09,424.265,423.805,424.0,755668
2023-09-27 12:20:00,423.99,424.0203,423.76,423.855,469707
2023-09-27 12:25:00,423.855,424.14,423.765,424.06,823927
2023-09-27 12:30:00,424.0595,424.48,423.8936,424.48,986199
2023-09-27 12:35:00,424.4799,424.66,424.24,424.56,731913
2023-09-27 12:40:00,424.54,424.54,424.13,424.229,625825
2023-09-27 12:45:00,424.23,424.82,424.23,424.77,733488
2023-09-27 12:50:00,424.775,424.88,424.565,424.6175,513422
2023-09-27 12:55:00,424.6,424.66,424.24,424.26,565965
2023-09-27 13:00:00,424.25,424.36,423.97,424.27,597718
2023-09-27 13:05:00,424.25,424.68,424.18,424.38,586882
2023-09-27 13:10:00,424.38,424.59,424.215,424.37,448035
2023-09-27 13:15:00,424.37,424.51,423.72,423.89,934346
2023-09-27 13:20:00,423.9,423.92,423.28,423.3,893182
2023-09-27 13:25:00,423.305,423.3899,423.11,423.125,778555
2023-09-27 13:30:00,423.125,423.125,422.74,422.92,907322
2023-09-27 13:35:00,422.93,423.12,422.82,422.8867,902092
2023-09-27 13:40:00,422.885,423.12,422.51,422.535,813053
2023-09-27 13:45:00,422.53,422.99,422.29,422.92,1126090
2023-09-27 13:50:00,422.93,422.995,422.72,422.9837,829959
2023-09-27 13:55:00,422.9801,423.27,422.895,423.1,978717
2023-09-27 14:00:00,423.1,423.335,423.01,423.07,518931
2023-09-27 14:05:00,423.08,423.33,423.07,423.27,682896
2023-09-27 14:10:00,423.2601,423.3199,422.66,422.7901,795876
2023-09-27 14:15:00,422.78,423.23,422.605,423.16,1019344
2023-09-27 14:20:00,423.15,423.345,422.96,423.04,664062
2023-09-27 14:25:00,423.03,423.48,423.02,423.3286,743602
2023-09-27 14:30:00,423.3281,424.75,423.3281,424.71,1383081
2023-09-27 14:35:00,424.71,425.57,424.7,425.54,1991664
2023-09-27 14:40:00,425.55,425.9,425.35,425.61,1265178
2023-09-27 14:45:00,425.609,426.33,425.5,426.225,1621987
2023-09-27 14:50:00,426.22,426.22,425.61,425.67,1200704
2023-09-27 14:55:00,425.66,426.14,425.53,425.955,1112583
2023-09-27 15:00:00,425.95,426.03,425.69,425.865,864532
2023-09-27 15:05:00,425.865,426.73,425.83,426.55,1386125
2023-09-27 15:10:00,426.535,427.34,426.535,427.29,1697510
2023-09-27 15:15:00,427.3,427.539,426.48,426.595,2232930
2023-09-27 15:20:00,426.61,426.705,426.31,426.57,1036593
2023-09-27 15:25:00,426.57,426.84,426.44,426.78,848621
2023-09-27 15:30:00,426.78,426.935,426.28,426.31,1074447
2023-09-27 15:35:00,426.31,426.61,426.23,426.26,838394
2023-09-27 15:40:00,426.265,426.3,425.47,425.5012,1444649
2023-09-27 15:45:00,425.5,425.5,424.855,425.055,1953173
2023-09-27 15:50:00,425.05,425.79,424.98,425.72,2242289
2023-09-27 15:55:00,425.73,425.98,425.32,425.75,2179193
2023-09-27 16:00:00,425.75,426.06,425.53,426.02,3118345
2023-09-28 09:30:00,425.48,425.64,425.06,425.219,490494
2023-09-28 09:35:00,425.21,426.24,425.14,426.015,1486997
2023-09-28 09:40:00,426.01,426.08,425.34,425.61,776385
2023-09-28 09:45:00,425.6,425.94,424.87,425.51,977205
2023-09-28 09:50:00,425.51,425.78,425.0404,425.5301,667386
2023-09-28 09:55:00,425.54,426.655,425.5,426.655,1104861
2023-09-28 10:00:00,426.64,427.21,426.33,427.21,1360051
2023-09-28 10:05:00,427.2,427.2599,426.77,426.771,836010
2023-09-28 10:10:00,426.78,427.17,426.535,427.03,888721
2023-09-28 10:15:00,427.029,427.18,426.72,426.78,714474
2023-09-28 10:20:00,426.77,427.1,425.95,427.0399,1288085
2023-09-28 10:25:00,427.025,427.05,426.35,426.43,476865
2023-09-28 10:30:00,426.44,426.79,425.77,425.8,938021
2023-09-28 10:35:00,425.805,426.18,425.32,426.0809,1284279
2023-09-28 10:40:00,426.07,426.51,425.995,426.33,624025
2023-09-28 10:45:00,426.33,427.14,426.065,426.96,790743
2023-09-28 10:50:00,426.95,427.4,426.92,427.25,789668
2023-09-28 10:55:00,427.24,427.46,427.08,427.45,947160
2023-09-28 11:00:00,427.45,427.56,427.07,427.21,881038
2023-09-28 11:05:00,427.21,427.4,427.01,427.28,838961
2023-09-28 11:10:00,427.29,427.74,426.97,427.62,955337
2023-09-28 11:15:00,427.6167,427.63,427.095,427.5,708134
2023-09-28 11:20:00,427.5,427.5,427.1,427.3123,678636
2023-09-28 11:25:00,427.31,428.15,427.19,428.15,1041715
2023-09-28 11:30:00,428.135,428.61,427.92,428.47,1402786
2023-09-28 11:35:00,428.47,428.875,428.39,428.76,1472424
2023-09-28 11:40:00,428.77,429.03,428.63,428.9501,922702
2023-09-28 11:45:00,428.955,429.32,428.91,429.2,1045028
2023-09-28 11:50:00,429.2,429.43,429.065,429.39,1063419
2023-09-28 11:55:00,429.395,429.615,429.31,429.35,1164645
2023-09-28 12:00:00,429.359,429.53,429.2,429.48,968194
2023-09-28 12:05:00,429.49,429.5304,429.085,429.19,924364
2023-09-28 12:10:00,429.19,429.28,428.99,429.09,771678
2023-09-28 12:15:00,429.09,429.325,429.0,429.29,613511
2023-09-28 12:20:00,429.3,429.6,429.22,429.3827,734183
2023-09-28 12:25:00,429.38,429.62,429.3273,429.4501,528128
2023-09-28 12:30:00,429.46,430.2499,429.45,430.14,1344909
2023-09-28 12:35:00,430.15,430.159,429.55,429.76,918057
2023-09-28 12:40:00,429.755,430.02,429.74,429.925,625281
2023-09-28 12:45:00,429.93,430.135,429.7701,429.8,453880
2023-09-28 12:50:00,429.79,429.81,429.2001,429.3884,743260
2023-09-28 12:55:00,429.395,429.435,428.57,428.61,1177331
2023-09-28 13:00:00,428.6,429.07,428.6,428.9211,667724
2023-09-28 13:05:00,428.94,429.23,428.29,428.47,798323
2023-09-28 13:10:00,428.48,429.2,428.33,428.93,609287
2023-09-28 13:15:00,428.9301,429.06,428.78,428.97,430699
2023-09-28 13:20:00,428.96,429.0,428.74,428.88,344653
2023-09-28 13:25:00,428.86,429.27,428.82,428.9,743852
2023-09-28 13:30:00,428.9,429.0,428.1,428.15,598559
2023-09-28 13:35:00,428.15,428.265,427.83,428.06,1009604
2023-09-28 13:40:00,428.05,428.34,427.81,427.88,976328
2023-09-28 13:45:00,427.87,428.07,427.66,427.78,559728
2023-09-28 13:50:00,427.77,428.4099,427.77,428.391,585274
2023-09-28 13:55:00,428.39,428.395,427.91,427.92,423330
2023-09-28 14:00:00,427.95,428.225,427.95,428.05,321941
2023-09-28 14:05:00,428.075,428.24,427.84,427.98,342139
2023-09-28 14:10:00,427.98,428.425,427.98,428.145,661262
2023-09-28 14:15:00,428.13,428.845,428.11,428.78,754168
2023-09-28 14:20:00,428.776,429.105,428.765,428.97,473141
2023-09-28 14:25:00,428.97,429.0,428.61,428.85,572107
2023-09-28 14:30:00,428.8501,429.045,428.7,428.775,375481
2023-09-28 14:35:00,428.775,428.85,427.79,427.82,733942
2023-09-28 14:40:00,427.82,428.06,427.47,427.85,1228187
2023-09-28 14:45:00,427.86,428.48,427.84,428.22,498573
2023-09-28 14:50:00,428.215,428.27,427.76,428.03,510751
2023-09-28 14:55:00,428.08,428.1,427.66,427.83,400957
2023-09-28 15:00:00,427.8391,428.52,427.76,428.3,536223
2023-09-28 15:05:00,428.3,428.73,428.241,428.63,593743
2023-09-28 15:10:00,428.64,428.84,428.32,428.6763,525452
2023-09-28 15:15:00,428.68,429.18,428.68,429.18,604001
2023-09-28 15:20:00,429.17,429.48,429.16,429.365,738280
2023-09-28 15:25:00,429.37,429.735,429.26,429.71,597439
2023-09-28 15:30:00,429.73,429.765,429.4,429.4425,667399
2023-09-28 15:35:00,429.45,429.46,428.9,428.93,920145
2023-09-28 15:40:00,428.945,428.97,427.975,428.33,1498012
2023-09-28 15:45:00,428.3301,428.5878,428.07,428.37,1109788
2023-09-28 15:50:00,428.38,428.679,427.97,428.435,1520145
2023-09-28 15:55:00,428.44,428.65,428.02,428.51,1671722
2023-09-28 16:00:00,428.515,428.69,428.25,428.53,3094887
2023-09-29 09:30:00,431.69,431.85,431.2,431.2,1050293
2023-09-29 09:35:00,431.21,431.48,430.94,431.1638,1520298
2023-09-29 09:40:00,431.165,431.38,430.77,430.85,1223982
2023-09-29 09:45:00,430.84,431.21,430.73,431.05,1143159
2023-09-29 09:50:00,431.04,431.215,430.57,430.7699,1349774
2023-09-29 09:55:00,430.76,431.3,430.73,431.1804,1148332
2023-09-29 10:00:00,431.19,431.76,431.08,431.69,1084789
2023-09-29 10:05:00,431.7,431.74,431.32,431.45,1071977
2023-09-29 10:10:00,431.445,431.46,430.95,431.2,1092042
2023-09-29 10:15:00,431.185,431.3,430.72,430.96,1008278
2023-09-29 10:20:00,430.965,431.005,430.6,430.91,733873
2023-09-29 10:25:00,430.92,430.94,430.04,430.085,1144144
2023-09-29 10:30:00,430.1,430.65,430.045,430.45,1202878
2023-09-29 10:35:00,430.46,430.86,430.4,430.585,825013
2023-09-29 10:40:00,430.585,430.79,430.48,430.64,652783
2023-09-29 10:45:00,430.678,431.09,430.4,431.05,544314
2023-09-29 10:50:00,431.04,431.12,430.835,430.97,466394
2023-09-29 10:55:00,430.95,431.3,430.655,430.92,771859
2023-09-29 11:00:00,430.9206,430.97,430.44,430.4805,593481
2023-09-29 11:05:00,430.485,430.69,429.93,430.07,717588
2023-09-29 11:10:00,430.06,430.43,429.94,430.39,851687
2023-09-29 11:15:00,430.38,430.57,430.165,430.22,674685
2023-09-29 11:20:00,430.21,430.68,430.2099,430.665,386767
2023-09-29 11:25:00,430.68,431.36,430.57,431.17,1043793
2023-09-29 11:30:00,431.175,431.1789,429.87,430.1401,1117622
2023-09-29 11:35:00,430.14,430.2095,429.5,429.625,844859
2023-09-29 11:40:00,429.64,429.7,429.1,429.45,907441
2023-09-29 11:45:00,429.45,429.7,429.09,429.25,1053896
2023-09-29 11:50:00,429.24,429.3413,429.02,429.19,421764
2023-09-29 11:55:00,429.18,429.32,428.635,429.0477,1014404
2023-09-29 12:00:00,429.065,429.38,429.055,429.2,680464
2023-09-29 12:05:00,429.1799,429.41,428.94,429.405,410281
2023-09-29 12:10:00,429.3975,429.67,429.33,429.57,586488
2023-09-29 12:15:00,429.58,429.68,428.72,428.75,889293
2023-09-29 12:20:00,428.74,429.44,428.66,429.4001,600937
2023-09-29 12:25:00,429.4,429.75,429.305,429.5699,719410
2023-09-29 12:30:00,429.56,429.66,429.3,429.49,293017
2023-09-29 12:35:00,429.485,429.595,429.1,429.42,589081
2023-09-29 12:40:00,429.4002,429.57,429.09,429.4,403863
2023-09-29 12:45:00,429.41,429.5,428.88,429.07,624083
2023-09-29 12:50:00,429.11,429.34,428.35,428.4201,869712
2023-09-29 12:55:00,428.43,428.49,427.89,428.02,931054
2023-09-29 13:00:00,428.015,428.28,427.83,427.86,848993
2023-09-29 13:05:00,427.86,427.93,427.14,427.14,1106871
2023-09-29 13:10:00,427.14,427.22,426.72,427.05,1219423
2023-09-29 13:15:00,427.03,427.16,426.6301,426.67,958839
2023-09-29 13:20:00,426.66,427.08,426.5,427.0693,844806
2023-09-29 13:25:00,427.07,427.25,426.81,427.1,745609
2023-09-29 13:30:00,427.09,427.59,427.08,427.5497,776157
2023-09-29 13:35:00,427.54,427.68,427.165,427.49,855080
2023-09-29 13:40:00,427.48,427.49,427.11,427.18,463295
2023-09-29 13:45:00,427.18,427.65,427.18,427.35,829706
2023-09-29 13:50:00,427.35,427.47,426.68,426.76,813952
2023-09-29 13:55:00,426.755,427.139,426.55,426.785,833527
2023-09-29 14:00:00,426.78,426.9799,426.145,426.215,919601
2023-09-29 14:05:00,426.21,426.74,426.01,426.38,1412239
2023-09-29 14:10:00,426.38,426.58,426.22,426.29,989660
2023-09-29 14:15:00,426.2995,426.6574,426.29,426.47,570961
2023-09-29 14:20:00,426.48,426.6652,426.15,426.56,729512
2023-09-29 14:25:00,426.56,427.03,426.269,426.95,990072
2023-09-29 14:30:00,426.96,427.12,426.16,426.3009,1269364
2023-09-29 14:35:00,426.305,426.55,425.91,426.52,1177401
2023-09-29 14:40:00,426.55,426.64,426.14,426.6394,849544
2023-09-29 14:45:00,426.63,427.32,426.58,427.155,842078
2023-09-29 14:50:00,427.15,427.2099,426.79,426.8,764516
2023-09-29 14:55:00,426.8,427.59,426.735,427.54,889924
2023-09-29 15:00:00,427.55,428.47,427.505,428.292,1694292
2023-09-29 15:05:00,428.2987,428.46,427.275,427.629,1600416
2023-09-29 15:10:00,427.63,428.01,427.335,427.525,1266398
2023-09-29 15:15:00,427.5299,428.29,427.39,427.96,1888302
2023-09-29 15:20:00,427.96,428.2,427.65,427.7299,1012429
2023-09-29 15:25:00,427.73,427.875,427.39,427.52,835013
2023-09-29 15:30:00,427.5,427.74,427.08,427.305,1090748
2023-09-29 15:35:00,427.325,427.51,426.88,427.115,1264589
2023-09-29 15:40:00,427.115,427.57,427.05,427.5,1161600
2023-09-29 15:45:00,427.49,427.54,426.935,427.26,1011192
2023-09-29 15:50:00,427.25,428.44,427.12,428.41,2162953
2023-09-29 15:55:00,428.43,428.875,426.92,427.065,4730672
2023-09-29 16:00:00,427.08,427.56,426.74,427.39,6815755
